ts,best_ask,best_bid,ask_price_0,ask_size_0,ask_price_1,ask_size_1,ask_price_2,ask_size_2,ask_price_3,ask_size_3,ask_price_4,ask_size_4,ask_price_5,ask_size_5,ask_price_6,ask_size_6,ask_price_7,ask_size_7,ask_price_8,ask_size_8,ask_price_9,ask_size_9,ask_price_10,ask_size_10,bid_price_0,bid_size_0,bid_price_1,bid_size_1,bid_price_2,bid_size_2,bid_price_3,bid_size_3,bid_price_4,bid_size_4,bid_price_5,bid_size_5,bid_price_6,bid_size_6,bid_price_7,bid_size_7,bid_price_8,bid_size_8,bid_price_9,bid_size_9,bid_price_10,bid_size_10,ask_depth_10,bid_depth_10
1773520173,,,,0,,0,,0,,0,,0,,0,,0,,0,,0,,0,,0,,0,,0,,0,,0,,0,,0,,0,,0,,0,,0,,0,0,0
1773520174,,,,0,,0,,0,,0,,0,,0,,0,,0,,0,,0,,0,,0,,0,,0,,0,,0,,0,,0,,0,,0,,0,,0,0,0
1773520175,14,12,14,1081,15,0,16,100,17,513,18,600,19,949,20,2000,21,1603,22,2300,23,0,24,0,12,18,11,500,10,500,9,0,8,0,7,0,6,116,5,543,4,1500,3,159,2,610,9146,3946
1773520176,14,12,14,1081,15,0,16,100,17,513,18,600,19,949,20,2000,21,1603,22,2300,23,0,24,0,12,18,11,500,10,500,9,0,8,0,7,0,6,116,5,543,4,1500,3,159,2,610,9146,3946
1773520177,14,12,14,1081,15,0,16,100,17,513,18,600,19,949,20,2000,21,1599,22,2300,23,0,24,0,12,18,11,500,10,500,9,0,8,0,7,0,6,50,5,543,4,1885,3,159,2,610,9142,4265
1773520178,14,12,14,1081,15,0,16,100,17,513,18,600,19,949,20,2000,21,1566,22,2300,23,0,24,0,12,18,11,500,10,500,9,0,8,0,7,0,6,50,5,543,4,1885,3,159,2,610,9109,4265
1773520179,14,12,14,1081,15,0,16,100,17,513,18,600,19,949,20,2000,21,1566,22,2300,23,0,24,0,12,18,11,500,10,500,9,0,8,0,7,0,6,50,5,543,4,1885,3,159,2,610,9109,4265
1773520180,14,11,14,1081,15,0,16,100,17,513,18,600,19,949,20,2000,21,1531,22,2300,23,0,24,0,11,500,10,518,9,0,8,0,7,0,6,50,5,543,4,1867,3,159,2,610,1,753,9074,5000
1773520181,14,11,14,1081,15,0,16,100,17,513,18,600,19,949,20,2000,21,1607,22,2300,23,0,24,0,11,500,10,518,9,0,8,0,7,0,6,50,5,543,4,1867,3,159,2,610,1,753,9150,5000
1773520182,14,11,14,1081,15,0,16,100,17,513,18,600,19,949,20,2000,21,1607,22,2300,23,0,24,0,11,500,10,518,9,0,8,0,7,0,6,50,5,543,4,1867,3,159,2,610,1,753,9150,5000
1773520183,14,11,14,1081,15,0,16,100,17,513,18,600,19,949,20,2000,21,1607,22,2300,23,0,24,0,11,500,10,518,9,0,8,0,7,0,6,50,5,543,4,1867,3,159,2,610,1,753,9150,5000
1773520184,14,11,14,1081,15,0,16,100,17,513,18,600,19,949,20,2000,21,1607,22,2300,23,0,24,0,11,500,10,518,9,0,8,0,7,0,6,50,5,543,4,1867,3,159,2,610,1,753,9150,5000
1773520185,14,11,14,1081,15,0,16,100,17,513,18,600,19,949,20,2000,21,1607,22,2300,23,0,24,0,11,500,10,518,9,0,8,0,7,0,6,50,5,543,4,1867,3,159,2,610,1,753,9150,5000
1773520186,14,11,14,1081,15,0,16,100,17,513,18,600,19,949,20,2000,21,1629,22,2300,23,0,24,0,11,500,10,518,9,0,8,0,7,0,6,50,5,543,4,1885,3,159,2,610,1,753,9172,5018
1773520187,14,11,14,1081,15,0,16,100,17,513,18,600,19,949,20,2000,21,1629,22,2300,23,0,24,0,11,500,10,518,9,0,8,0,7,0,6,50,5,543,4,1885,3,159,2,610,1,753,9172,5018
1773520188,14,11,14,1081,15,0,16,100,17,513,18,600,19,949,20,2000,21,1629,22,2300,23,0,24,0,11,500,10,518,9,0,8,0,7,0,6,50,5,543,4,1885,3,159,2,610,1,753,9172,5018
1773520189,14,11,14,1081,15,0,16,50,17,513,18,600,19,949,20,2000,21,1559,22,2300,23,0,24,0,11,500,10,500,9,0,8,0,7,0,6,35,5,543,4,1867,3,159,2,610,1,753,9052,4967
1773520190,14,11,14,1081,15,0,16,50,17,513,18,600,19,949,20,2000,21,1915,22,2300,23,0,24,1000,11,500,10,518,9,0,8,0,7,0,6,34,5,543,4,1906,3,159,2,610,1,753,10408,5023
1773520191,14,11,14,1081,15,0,16,50,17,513,18,600,19,949,20,2000,21,1915,22,2300,23,0,24,1000,11,500,10,518,9,0,8,0,7,0,6,34,5,543,4,1906,3,159,2,610,1,753,10408,5023
1773520192,14,11,14,1081,15,0,16,50,17,513,18,600,19,949,20,2000,21,1915,22,2300,23,0,24,1000,11,500,10,518,9,0,8,0,7,0,6,34,5,543,4,1906,3,159,2,610,1,753,10408,5023
1773520193,14,12,14,1081,15,0,16,50,17,513,18,600,19,949,20,2000,21,1915,22,2300,23,0,24,1000,12,1,11,500,10,518,9,0,8,0,7,0,6,34,5,543,4,1906,3,159,2,610,10408,4271
1773520194,14,12,14,1081,15,0,16,50,17,513,18,600,19,949,20,2000,21,1915,22,2300,23,0,24,1000,12,31,11,500,10,518,9,0,8,0,7,0,6,34,5,543,4,1906,3,159,2,610,10408,4301
1773520195,14,12,14,1081,15,0,16,50,17,513,18,600,19,949,20,2000,21,1927,22,2300,23,0,24,1000,12,31,11,500,10,518,9,0,8,0,7,0,6,33,5,543,4,1896,3,159,2,610,10420,4290
1773520196,14,12,14,1081,15,0,16,50,17,513,18,600,19,949,20,2000,21,1920,22,2300,23,0,24,1000,12,31,11,500,10,518,9,0,8,0,7,0,6,32,5,543,4,1895,3,159,2,610,10413,4288
1773520197,14,12,14,1081,15,0,16,50,17,513,18,600,19,949,20,2000,21,1920,22,2300,23,0,24,1000,12,31,11,500,10,518,9,0,8,0,7,0,6,32,5,543,4,1895,3,159,2,610,10413,4288
1773520198,14,12,14,1081,15,0,16,50,17,513,18,600,19,949,20,2000,21,1920,22,2300,23,0,24,1000,12,31,11,500,10,518,9,0,8,0,7,0,6,32,5,543,4,1872,3,159,2,610,10413,4265
1773520199,14,12,14,1081,15,0,16,50,17,513,18,600,19,949,20,2000,21,1920,22,2300,23,0,24,1000,12,31,11,500,10,518,9,0,8,0,7,0,6,32,5,543,4,1872,3,159,2,610,10413,4265
1773520200,14,12,14,1081,15,0,16,50,17,513,18,600,19,949,20,2000,21,1920,22,2300,23,0,24,1000,12,31,11,500,10,518,9,0,8,0,7,0,6,32,5,543,4,1867,3,159,2,610,10413,4260
1773520201,14,12,14,1581,15,0,16,50,17,513,18,600,19,949,20,2131,21,1531,22,2300,23,0,24,1000,12,31,11,500,10,618,9,0,8,0,7,0,6,32,5,543,4,1867,3,159,2,610,10655,4360
1773520202,14,12,14,1581,15,0,16,50,17,513,18,600,19,949,20,2131,21,1531,22,2300,23,0,24,1000,12,31,11,600,10,518,9,0,8,0,7,0,6,33,5,1055,4,1500,3,159,2,610,10655,4506
1773520203,14,12,14,1641,15,0,16,50,17,513,18,600,19,949,20,2173,21,1531,22,2300,23,0,24,1000,12,91,11,600,10,518,9,0,8,0,7,0,6,34,5,853,4,1500,3,159,2,610,10757,4365
1773520204,14,12,14,1641,15,0,16,50,17,513,18,600,19,949,20,2173,21,1531,22,2300,23,0,24,1000,12,91,11,600,10,518,9,0,8,0,7,0,6,35,5,1210,4,2500,3,159,2,610,10757,5723
1773520205,14,12,14,1641,15,0,16,50,17,513,18,600,19,1150,20,2000,21,1531,22,2300,23,0,24,1000,12,91,11,600,10,518,9,0,8,0,7,0,6,8,5,1185,4,2500,3,159,2,610,10785,5671
1773520206,14,12,14,1641,15,0,16,50,17,513,18,600,19,949,20,2201,21,1531,22,2300,23,0,24,1000,12,91,11,600,10,518,9,0,8,0,7,8,6,496,5,543,4,2500,3,159,2,610,10785,5525
1773520207,14,12,14,1405,15,0,16,50,17,513,18,600,19,949,20,2201,21,1531,22,2300,23,0,24,1000,12,91,11,627,10,500,9,0,8,0,7,7,6,496,5,543,4,2500,3,159,2,610,10549,5533
1773520208,14,12,14,1405,15,0,16,50,17,513,18,600,19,949,20,2201,21,1531,22,2300,23,0,24,1000,12,91,11,627,10,500,9,0,8,0,7,7,6,496,5,543,4,2500,3,159,2,610,10549,5533
1773520209,14,12,14,1405,15,0,16,50,17,513,18,600,19,949,20,2201,21,1531,22,2300,23,0,24,1000,12,91,11,627,10,500,9,0,8,0,7,7,6,496,5,543,4,2500,3,159,2,610,10549,5533
1773520210,14,12,14,1405,15,0,16,50,17,513,18,600,19,949,20,2201,21,1531,22,2300,23,0,24,1000,12,91,11,627,10,500,9,0,8,0,7,7,6,496,5,543,4,2500,3,159,2,610,10549,5533
1773520211,14,12,14,1341,15,0,16,50,17,513,18,600,19,949,20,2201,21,1531,22,2300,23,0,24,1000,12,91,11,627,10,500,9,0,8,0,7,7,6,496,5,543,4,2500,3,159,2,610,10485,5533
1773520212,14,12,14,1341,15,0,16,50,17,513,18,600,19,1075,20,2000,21,1531,22,2300,23,0,24,1000,12,91,11,627,10,500,9,0,8,0,7,7,6,392,5,543,4,2500,3,159,2,610,10410,5429
1773520213,14,12,14,1341,15,0,16,50,17,513,18,600,19,1075,20,2000,21,1531,22,2300,23,0,24,1000,12,91,11,627,10,500,9,0,8,0,7,7,6,392,5,543,4,2500,3,159,2,610,10410,5429
1773520214,14,12,14,1391,15,0,16,47,17,513,18,600,19,949,20,2181,21,1531,22,2300,23,0,24,1000,12,91,11,500,10,600,9,27,8,0,7,0,6,0,5,1179,4,1500,3,159,2,610,10512,4666
1773520215,14,12,14,1391,15,0,16,47,17,513,18,600,19,949,20,2181,21,1531,22,2300,23,0,24,1000,12,91,11,600,10,500,9,27,8,0,7,0,6,286,5,543,4,1500,3,159,2,610,10512,4316
1773520216,14,12,14,1391,15,0,16,47,17,513,18,600,19,949,20,2181,21,1531,22,2300,23,0,24,1000,12,91,11,500,10,500,9,27,8,0,7,0,6,105,5,543,4,1500,3,159,2,610,10512,4035
1773520217,14,12,14,1359,15,0,16,47,17,513,18,600,19,949,20,2181,21,1531,22,2300,23,0,24,1000,12,91,11,600,10,500,9,27,8,0,7,0,6,105,5,543,4,1500,3,159,2,610,10480,4135
1773520218,14,12,14,1359,15,0,16,47,17,513,18,600,19,949,20,2167,21,1531,22,2300,23,0,24,1000,12,91,11,500,10,600,9,27,8,0,7,0,6,62,5,543,4,1500,3,159,2,610,10466,4092
1773520219,14,12,14,1359,15,0,16,47,17,513,18,600,19,949,20,2167,21,1531,22,2300,23,0,24,1000,12,91,11,500,10,600,9,27,8,0,7,0,6,56,5,543,4,1500,3,159,2,610,10466,4086
1773520220,14,12,14,1359,15,0,16,47,17,513,18,600,19,949,20,2167,21,1531,22,2300,23,0,24,1000,12,91,11,500,10,500,9,27,8,0,7,0,6,0,5,829,4,1500,3,159,2,610,10466,4216
1773520221,14,12,14,1359,15,0,16,47,17,513,18,600,19,949,20,2167,21,1531,22,2300,23,0,24,1000,12,91,11,600,10,500,9,94,8,0,7,0,6,286,5,543,4,1500,3,159,2,610,10466,4383
ts,best_ask,best_bid,ask_price_0,ask_size_0,ask_price_1,ask_size_1,ask_price_2,ask_size_2,ask_price_3,ask_size_3,ask_price_4,ask_size_4,ask_price_5,ask_size_5,ask_price_6,ask_size_6,ask_price_7,ask_size_7,ask_price_8,ask_size_8,ask_price_9,ask_size_9,ask_price_10,ask_size_10,bid_price_0,bid_size_0,bid_price_1,bid_size_1,bid_price_2,bid_size_2,bid_price_3,bid_size_3,bid_price_4,bid_size_4,bid_price_5,bid_size_5,bid_price_6,bid_size_6,bid_price_7,bid_size_7,bid_price_8,bid_size_8,bid_price_9,bid_size_9,bid_price_10,bid_size_10,ask_depth_10,bid_depth_10
1773521000,,,,0,,0,,0,,0,,0,,0,,0,,0,,0,,0,,0,,0,,0,,0,,0,,0,,0,,0,,0,,0,,0,,0,0,0
1773521001,,,,0,,0,,0,,0,,0,,0,,0,,0,,0,,0,,0,,0,,0,,0,,0,,0,,0,,0,,0,,0,,0,,0,0,0
1773521002,3,2,3,1500,4,1532,5,143,6,106,7,1129,8,552,9,40000,10,10500,11,2300,12,1000,13,0,2,215,1,782,0,0,-1,0,-2,0,-3,0,-4,0,-5,0,-6,0,-7,0,-8,0,58762,997
1773521003,3,2,3,1500,4,1532,5,143,6,106,7,1129,8,552,9,40000,10,10500,11,2300,12,1000,13,0,2,215,1,782,0,0,-1,0,-2,0,-3,0,-4,0,-5,0,-6,0,-7,0,-8,0,58762,997
1773521004,3,2,3,1500,4,1579,5,84,6,59,7,1129,8,552,9,40000,10,10500,11,2300,12,1000,13,0,2,215,1,782,0,0,-1,0,-2,0,-3,0,-4,0,-5,0,-6,0,-7,0,-8,0,58703,997
1773521005,3,2,3,1500,4,1579,5,84,6,59,7,1129,8,544,9,40000,10,10500,11,2300,12,1000,13,0,2,215,1,782,0,0,-1,0,-2,0,-3,0,-4,0,-5,0,-6,0,-7,0,-8,0,58695,997
1773521006,3,2,3,1500,4,1579,5,84,6,59,7,1129,8,544,9,40000,10,10500,11,2300,12,1000,13,0,2,215,1,782,0,0,-1,0,-2,0,-3,0,-4,0,-5,0,-6,0,-7,0,-8,0,58695,997
1773521007,3,2,3,1500,4,1532,5,84,6,106,7,1129,8,544,9,40000,10,10500,11,2300,12,1000,13,0,2,215,1,782,0,0,-1,0,-2,0,-3,0,-4,0,-5,0,-6,0,-7,0,-8,0,58695,997
1773521008,3,2,3,1500,4,1532,5,84,6,106,7,1129,8,1173,9,40000,10,10500,11,2300,12,1000,13,0,2,215,1,782,0,0,-1,0,-2,0,-3,0,-4,0,-5,0,-6,0,-7,0,-8,0,59324,997
1773521009,3,2,3,1500,4,1579,5,25,6,59,7,1129,8,1173,9,40000,10,10500,11,2300,12,1000,13,0,2,215,1,782,0,0,-1,0,-2,0,-3,0,-4,0,-5,0,-6,0,-7,0,-8,0,59265,997
1773521010,3,2,3,1500,4,1532,5,25,6,106,7,1129,8,1173,9,40000,10,10500,11,2300,12,1000,13,0,2,215,1,782,0,0,-1,0,-2,0,-3,0,-4,0,-5,0,-6,0,-7,0,-8,0,59265,997
1773521011,3,2,3,1500,4,1532,5,84,6,106,7,1129,8,1172,9,40000,10,10500,11,2300,12,1000,13,0,2,215,1,782,0,0,-1,0,-2,0,-3,0,-4,0,-5,0,-6,0,-7,0,-8,0,59323,997
1773521012,3,2,3,1500,4,1532,5,84,6,106,7,1129,8,1172,9,40000,10,10500,11,2300,12,1000,13,0,2,215,1,782,0,0,-1,0,-2,0,-3,0,-4,0,-5,0,-6,0,-7,0,-8,0,59323,997
1773521013,3,2,3,1500,4,1532,5,84,6,106,7,1129,8,1172,9,40000,10,10500,11,2300,12,1000,13,0,2,215,1,782,0,0,-1,0,-2,0,-3,0,-4,0,-5,0,-6,0,-7,0,-8,0,59323,997
1773521014,3,2,3,1500,4,1532,5,84,6,106,7,1129,8,1172,9,40000,10,10500,11,2300,12,1000,13,0,2,215,1,782,0,0,-1,0,-2,0,-3,0,-4,0,-5,0,-6,0,-7,0,-8,0,59323,997
1773521015,3,2,3,1500,4,1532,5,84,6,106,7,1129,8,1172,9,40000,10,10500,11,2300,12,1000,13,0,2,215,1,782,0,0,-1,0,-2,0,-3,0,-4,0,-5,0,-6,0,-7,0,-8,0,59323,997
1773521016,3,2,3,1500,4,1532,5,84,6,106,7,1129,8,1172,9,40000,10,10500,11,2300,12,1000,13,0,2,215,1,782,0,0,-1,0,-2,0,-3,0,-4,0,-5,0,-6,0,-7,0,-8,0,59323,997
1773521017,3,2,3,1500,4,1532,5,84,6,106,7,1129,8,1172,9,40000,10,10500,11,2300,12,1000,13,0,2,215,1,782,0,0,-1,0,-2,0,-3,0,-4,0,-5,0,-6,0,-7,0,-8,0,59323,997
1773521018,3,2,3,1500,4,1532,5,84,6,106,7,1129,8,1172,9,40000,10,10500,11,2300,12,1000,13,0,2,215,1,782,0,0,-1,0,-2,0,-3,0,-4,0,-5,0,-6,0,-7,0,-8,0,59323,997
1773521019,3,2,3,1500,4,1579,5,143,6,59,7,1129,8,1172,9,40000,10,10500,11,2300,12,1000,13,0,2,215,1,782,0,0,-1,0,-2,0,-3,0,-4,0,-5,0,-6,0,-7,0,-8,0,59382,997
1773521020,3,2,3,1500,4,1579,5,84,6,59,7,1129,8,1172,9,40000,10,10500,11,2300,12,1000,13,0,2,215,1,782,0,0,-1,0,-2,0,-3,0,-4,0,-5,0,-6,0,-7,0,-8,0,59323,997
1773521021,3,2,3,1500,4,1579,5,84,6,59,7,1129,8,1172,9,40000,10,10500,11,2300,12,1000,13,0,2,215,1,782,0,0,-1,0,-2,0,-3,0,-4,0,-5,0,-6,0,-7,0,-8,0,59323,997
1773521022,3,2,3,1500,4,1579,5,84,6,59,7,1129,8,1172,9,40000,10,10500,11,2300,12,1000,13,0,2,215,1,782,0,0,-1,0,-2,0,-3,0,-4,0,-5,0,-6,0,-7,0,-8,0,59323,997
1773521023,3,2,3,1500,4,1579,5,84,6,59,7,1129,8,1172,9,40000,10,10500,11,2300,12,1000,13,0,2,215,1,782,0,0,-1,0,-2,0,-3,0,-4,0,-5,0,-6,0,-7,0,-8,0,59323,997
1773521024,3,2,3,1500,4,1579,5,84,6,59,7,1129,8,1172,9,40000,10,10500,11,2300,12,1000,13,0,2,215,1,782,0,0,-1,0,-2,0,-3,0,-4,0,-5,0,-6,0,-7,0,-8,0,59323,997
1773521025,3,2,3,1500,4,1579,5,84,6,59,7,1129,8,1172,9,40000,10,10500,11,2300,12,1000,13,0,2,215,1,782,0,0,-1,0,-2,0,-3,0,-4,0,-5,0,-6,0,-7,0,-8,0,59323,997
1773521026,3,2,3,1542,4,1579,5,84,6,59,7,591,8,1171,9,40000,10,10500,11,2300,12,1000,13,0,2,215,1,782,0,0,-1,0,-2,0,-3,0,-4,0,-5,0,-6,0,-7,0,-8,0,58826,997
1773521027,3,2,3,1542,4,1579,5,84,6,59,7,591,8,1171,9,40000,10,10500,11,2300,12,1000,13,0,2,215,1,782,0,0,-1,0,-2,0,-3,0,-4,0,-5,0,-6,0,-7,0,-8,0,58826,997
1773521028,3,2,3,1542,4,1532,5,142,6,106,7,591,8,1171,9,40000,10,10500,11,2300,12,1000,13,0,2,215,1,782,0,0,-1,0,-2,0,-3,0,-4,0,-5,0,-6,0,-7,0,-8,0,58884,997
1773521029,3,2,3,1542,4,1532,5,142,6,106,7,591,8,1171,9,40000,10,10500,11,2300,12,1000,13,0,2,215,1,782,0,0,-1,0,-2,0,-3,0,-4,0,-5,0,-6,0,-7,0,-8,0,58884,997
1773521030,3,2,3,1000,4,1574,5,142,6,106,7,591,8,1171,9,40000,10,10500,11,0,12,3300,13,0,2,215,1,1036,0,0,-1,0,-2,0,-3,0,-4,0,-5,0,-6,0,-7,0,-8,0,58384,1251
1773521031,3,2,3,1000,4,1574,5,142,6,106,7,591,8,1171,9,40000,10,10500,11,0,12,3300,13,0,2,215,1,1036,0,0,-1,0,-2,0,-3,0,-4,0,-5,0,-6,0,-7,0,-8,0,58384,1251
1773521032,4,2,4,1574,5,1084,6,106,7,591,8,1171,9,40000,10,9000,11,1500,12,3300,13,0,14,0,2,215,1,918,0,0,-1,0,-2,0,-3,0,-4,0,-5,0,-6,0,-7,0,-8,0,58326,1133
1773521033,4,3,4,1621,5,1316,6,59,7,1191,8,1771,9,40000,10,9000,11,1500,12,3300,13,0,14,0,3,58,2,273,1,918,0,0,-1,0,-2,0,-3,0,-4,0,-5,0,-6,0,-7,0,59758,1249
1773521034,4,3,4,1621,5,1316,6,59,7,1191,8,1771,9,40000,10,9000,11,1500,12,3300,13,0,14,0,3,58,2,273,1,918,0,0,-1,0,-2,0,-3,0,-4,0,-5,0,-6,0,-7,0,59758,1249
1773521035,4,3,4,1621,5,1316,6,59,7,1191,8,1771,9,40000,10,9000,11,1500,12,3300,13,0,14,0,3,58,2,273,1,918,0,0,-1,0,-2,0,-3,0,-4,0,-5,0,-6,0,-7,0,59758,1249
1773521036,4,3,4,1621,5,1316,6,59,7,1191,8,1771,9,40000,10,9000,11,1500,12,3300,13,0,14,0,3,58,2,273,1,918,0,0,-1,0,-2,0,-3,0,-4,0,-5,0,-6,0,-7,0,59758,1249
1773521037,4,3,4,1621,5,1316,6,59,7,1191,8,1771,9,40000,10,9000,11,1500,12,3300,13,0,14,0,3,58,2,273,1,918,0,0,-1,0,-2,0,-3,0,-4,0,-5,0,-6,0,-7,0,59758,1249
1773521038,4,3,4,1621,5,1316,6,59,7,1191,8,1771,9,40000,10,9000,11,1500,12,3300,13,0,14,0,3,58,2,273,1,663,0,0,-1,0,-2,0,-3,0,-4,0,-5,0,-6,0,-7,0,59758,994
1773521040,4,3,4,1621,5,1316,6,59,7,1191,8,1771,9,40000,10,9000,11,1500,12,3300,13,0,14,0,3,58,2,273,1,663,0,0,-1,0,-2,0,-3,0,-4,0,-5,0,-6,0,-7,0,59758,994
1773521041,4,3,4,1621,5,1316,6,59,7,1191,8,1771,9,40000,10,9000,11,1500,12,3300,13,0,14,0,3,58,2,273,1,663,0,0,-1,0,-2,0,-3,0,-4,0,-5,0,-6,0,-7,0,59758,994
1773521042,4,3,4,1621,5,1316,6,59,7,1191,8,1771,9,40000,10,9000,11,1500,12,3300,13,0,14,0,3,58,2,273,1,663,0,0,-1,0,-2,0,-3,0,-4,0,-5,0,-6,0,-7,0,59758,994
1773521043,4,3,4,1629,5,1316,6,59,7,1191,8,1771,9,40000,10,9000,11,1500,12,3300,13,0,14,0,3,58,2,273,1,663,0,0,-1,0,-2,0,-3,0,-4,0,-5,0,-6,0,-7,0,59766,994
1773521044,4,3,4,1629,5,1316,6,59,7,1191,8,1770,9,40000,10,9000,11,1500,12,3300,13,0,14,0,3,58,2,273,1,663,0,0,-1,0,-2,0,-3,0,-4,0,-5,0,-6,0,-7,0,59765,994
1773521045,4,3,4,1629,5,1316,6,59,7,1191,8,1770,9,40000,10,9000,11,1500,12,3300,13,0,14,0,3,58,2,273,1,663,0,0,-1,0,-2,0,-3,0,-4,0,-5,0,-6,0,-7,0,59765,994
1773521046,4,3,4,1579,5,1316,6,59,7,1191,8,1770,9,40000,10,9000,11,1500,12,3300,13,0,14,0,3,58,2,273,1,663,0,0,-1,0,-2,0,-3,0,-4,0,-5,0,-6,0,-7,0,59715,994
1773521047,4,3,4,1579,5,1316,6,59,7,1191,8,1770,9,40000,10,9000,11,1500,12,3300,13,0,14,0,3,58,2,273,1,663,0,0,-1,0,-2,0,-3,0,-4,0,-5,0,-6,0,-7,0,59715,994
1773521048,4,3,4,2079,5,1316,6,59,7,1191,8,1770,9,40000,10,9000,11,1500,12,3300,13,0,14,0,3,58,2,273,1,663,0,0,-1,0,-2,0,-3,0,-4,0,-5,0,-6,0,-7,0,60215,994
1773521049,4,3,4,2079,5,1316,6,59,7,1191,8,1770,9,40000,10,9000,11,1500,12,3300,13,0,14,0,3,58,2,273,1,663,0,0,-1,0,-2,0,-3,0,-4,0,-5,0,-6,0,-7,0,60215,994
1773521050,4,3,4,2079,5,1316,6,59,7,1191,8,1770,9,40000,10,9000,11,1500,12,3300,13,0,14,0,3,58,2,273,1,663,0,0,-1,0,-2,0,-3,0,-4,0,-5,0,-6,0,-7,0,60215,994
1773521051,4,3,4,2079,5,1316,6,59,7,1191,8,1770,9,40000,10,9000,11,1500,12,3300,13,0,14,0,3,58,2,273,1,663,0,0,-1,0,-2,0,-3,0,-4,0,-5,0,-6,0,-7,0,60215,994
1773521052,4,3,4,2079,5,1316,6,59,7,1191,8,1770,9,40000,10,9000,11,1500,12,3300,13,0,14,0,3,58,2,273,1,663,0,0,-1,0,-2,0,-3,0,-4,0,-5,0,-6,0,-7,0,60215,994
1773521053,4,3,4,2079,5,1316,6,59,7,1191,8,1770,9,40000,10,9000,11,1500,12,3300,13,0,14,0,3,58,2,273,1,663,0,0,-1,0,-2,0,-3,0,-4,0,-5,0,-6,0,-7,0,60215,994
1773521054,4,3,4,2079,5,1316,6,59,7,1191,8,1770,9,40000,10,9000,11,1500,12,3300,13,0,14,0,3,58,2,273,1,663,0,0,-1,0,-2,0,-3,0,-4,0,-5,0,-6,0,-7,0,60215,994
1773521055,4,3,4,2079,5,1316,6,59,7,1191,8,1770,9,40000,10,9000,11,1500,12,3300,13,0,14,0,3,58,2,273,1,663,0,0,-1,0,-2,0,-3,0,-4,0,-5,0,-6,0,-7,0,60215,994
1773521056,4,3,4,2079,5,1316,6,59,7,1191,8,1770,9,40000,10,9000,11,1500,12,3300,13,0,14,0,3,58,2,273,1,663,0,0,-1,0,-2,0,-3,0,-4,0,-5,0,-6,0,-7,0,60215,994
1773521057,4,3,4,2079,5,1316,6,59,7,1191,8,1770,9,40000,10,9000,11,1500,12,3300,13,0,14,0,3,58,2,273,1,663,0,0,-1,0,-2,0,-3,0,-4,0,-5,0,-6,0,-7,0,60215,994
1773521058,4,3,4,2079,5,1316,6,59,7,1191,8,1770,9,40000,10,9000,11,1500,12,3300,13,0,14,0,3,58,2,273,1,571,0,0,-1,0,-2,0,-3,0,-4,0,-5,0,-6,0,-7,0,60215,902
1773521059,4,3,4,2079,5,1316,6,59,7,1191,8,1770,9,40000,10,9000,11,1500,12,3300,13,0,14,0,3,58,2,273,1,571,0,0,-1,0,-2,0,-3,0,-4,0,-5,0,-6,0,-7,0,60215,902
1773521060,4,3,4,2079,5,1316,6,59,7,1191,8,2313,9,40000,10,9000,11,1500,12,3300,13,0,14,0,3,58,2,273,1,571,0,0,-1,0,-2,0,-3,0,-4,0,-5,0,-6,0,-7,0,60758,902
1773521061,4,3,4,2079,5,1316,6,59,7,1191,8,2313,9,40000,10,9000,11,1500,12,3300,13,0,14,0,3,58,2,273,1,560,0,0,-1,0,-2,0,-3,0,-4,0,-5,0,-6,0,-7,0,60758,891
1773521062,4,3,4,2079,5,1316,6,59,7,1191,8,2312,9,40000,10,9000,11,1500,12,3300,13,0,14,0,3,58,2,284,1,560,0,0,-1,0,-2,0,-3,0,-4,0,-5,0,-6,0,-7,0,60757,902
1773521063,4,3,4,2079,5,1316,6,59,7,1191,8,2312,9,40000,10,9000,11,1500,12,3300,13,0,14,0,3,58,2,284,1,560,0,0,-1,0,-2,0,-3,0,-4,0,-5,0,-6,0,-7,0,60757,902
1773521064,4,3,4,2200,5,1316,6,59,7,1191,8,2312,9,40000,10,9000,11,1500,12,3300,13,0,14,0,3,58,2,284,1,560,0,0,-1,0,-2,0,-3,0,-4,0,-5,0,-6,0,-7,0,60878,902
1773521065,4,3,4,2200,5,1316,6,59,7,1191,8,2312,9,40000,10,9000,11,1500,12,3300,13,0,14,0,3,58,2,284,1,560,0,0,-1,0,-2,0,-3,0,-4,0,-5,0,-6,0,-7,0,60878,902
1773521066,4,3,4,2200,5,1316,6,59,7,1191,8,2312,9,40000,10,9000,11,1500,12,3300,13,0,14,0,3,58,2,284,1,560,0,0,-1,0,-2,0,-3,0,-4,0,-5,0,-6,0,-7,0,60878,902
1773521067,4,3,4,2200,5,1316,6,59,7,1191,8,2312,9,40000,10,9000,11,1500,12,3300,13,0,14,0,3,58,2,284,1,560,0,0,-1,0,-2,0,-3,0,-4,0,-5,0,-6,0,-7,0,60878,902
1773521068,4,3,4,2200,5,1316,6,59,7,1191,8,2312,9,40000,10,9000,11,1500,12,3300,13,0,14,0,3,58,2,284,1,560,0,0,-1,0,-2,0,-3,0,-4,0,-5,0,-6,0,-7,0,60878,902
1773521069,4,3,4,1700,5,1316,6,59,7,1103,8,2400,9,40000,10,9000,11,1500,12,3300,13,0,14,0,3,58,2,284,1,560,0,0,-1,0,-2,0,-3,0,-4,0,-5,0,-6,0,-7,0,60378,902
1773521070,4,3,4,1700,5,1316,6,59,7,1103,8,2400,9,40000,10,9000,11,1500,12,3300,13,0,14,0,3,58,2,284,1,560,0,0,-1,0,-2,0,-3,0,-4,0,-5,0,-6,0,-7,0,60378,902
1773521071,4,3,4,1700,5,1316,6,59,7,1103,8,2399,9,40000,10,9000,11,1500,12,3300,13,0,14,0,3,58,2,284,1,560,0,0,-1,0,-2,0,-3,0,-4,0,-5,0,-6,0,-7,0,60377,902
1773521072,4,3,4,1700,5,1316,6,59,7,1103,8,2399,9,40000,10,9000,11,1500,12,3300,13,0,14,0,3,58,2,284,1,560,0,0,-1,0,-2,0,-3,0,-4,0,-5,0,-6,0,-7,0,60377,902
1773521073,4,3,4,1700,5,1316,6,59,7,1191,8,2311,9,40000,10,9000,11,1500,12,3300,13,0,14,0,3,58,2,284,1,560,0,0,-1,0,-2,0,-3,0,-4,0,-5,0,-6,0,-7,0,60377,902
1773521074,4,3,4,1700,5,1316,6,59,7,1191,8,2311,9,40000,10,9000,11,1500,12,3300,13,0,14,0,3,58,2,284,1,560,0,0,-1,0,-2,0,-3,0,-4,0,-5,0,-6,0,-7,0,60377,902
1773521075,4,3,4,1700,5,1316,6,59,7,1191,8,2311,9,40000,10,9000,11,1500,12,3300,13,0,14,0,3,58,2,284,1,560,0,0,-1,0,-2,0,-3,0,-4,0,-5,0,-6,0,-7,0,60377,902
1773521076,4,3,4,1579,5,1316,6,59,7,1191,8,2311,9,40000,10,9000,11,1500,12,3300,13,0,14,0,3,58,2,284,1,560,0,0,-1,0,-2,0,-3,0,-4,0,-5,0,-6,0,-7,0,60256,902
1773521077,4,3,4,1579,5,1316,6,59,7,1191,8,2311,9,40000,10,9000,11,1500,12,3300,13,0,14,0,3,58,2,284,1,560,0,0,-1,0,-2,0,-3,0,-4,0,-5,0,-6,0,-7,0,60256,902
1773521078,4,3,4,1579,5,1316,6,59,7,1191,8,2082,9,40000,10,9000,11,1500,12,3300,13,0,14,0,3,58,2,284,1,560,0,0,-1,0,-2,0,-3,0,-4,0,-5,0,-6,0,-7,0,60027,902
1773521079,4,3,4,1579,5,1316,6,59,7,1103,8,2170,9,40000,10,9000,11,1500,12,3300,13,0,14,0,3,58,2,284,1,560,0,0,-1,0,-2,0,-3,0,-4,0,-5,0,-6,0,-7,0,60027,902
ts,best_ask,best_bid,ask_price_0,ask_size_0,ask_price_1,ask_size_1,ask_price_2,ask_size_2,ask_price_3,ask_size_3,ask_price_4,ask_size_4,ask_price_5,ask_size_5,ask_price_6,ask_size_6,ask_price_7,ask_size_7,ask_price_8,ask_size_8,ask_price_9,ask_size_9,ask_price_10,ask_size_10,bid_price_0,bid_size_0,bid_price_1,bid_size_1,bid_price_2,bid_size_2,bid_price_3,bid_size_3,bid_price_4,bid_size_4,bid_price_5,bid_size_5,bid_price_6,bid_size_6,bid_price_7,bid_size_7,bid_price_8,bid_size_8,bid_price_9,bid_size_9,bid_price_10,bid_size_10,ask_depth_10,bid_depth_10
1773521156,,,,0,,0,,0,,0,,0,,0,,0,,0,,0,,0,,0,,0,,0,,0,,0,,0,,0,,0,,0,,0,,0,,0,0,0
1773521157,9,6,9,638,10,10291,11,1577,12,0,13,0,14,87,15,401,16,1500,17,0,18,2300,19,0,6,59,5,116,4,587,3,44,2,896,1,500,0,0,-1,0,-2,0,-3,0,-4,0,16794,2202
1773521158,9,8,9,638,10,10291,11,1577,12,0,13,0,14,87,15,401,16,1500,17,0,18,2300,19,0,8,250,7,250,6,0,5,59,4,587,3,44,2,896,1,500,0,0,-1,0,-2,0,16794,2586
1773521159,9,8,9,638,10,10291,11,1577,12,0,13,0,14,87,15,401,16,1500,17,0,18,2300,19,0,8,250,7,58,6,117,5,0,4,40587,3,44,2,30000,1,500,0,0,-1,0,-2,0,16794,71556
1773521160,9,8,9,638,10,10291,11,1577,12,0,13,0,14,87,15,467,16,1500,17,0,18,2300,19,0,8,250,7,58,6,117,5,0,4,40587,3,44,2,30000,1,500,0,0,-1,0,-2,0,16860,71556
1773521161,9,8,9,638,10,10291,11,1577,12,0,13,0,14,87,15,467,16,1500,17,0,18,2300,19,0,8,350,7,0,6,59,5,116,4,40587,3,30044,2,0,1,500,0,0,-1,0,-2,0,16860,71656
1773521162,9,8,9,755,10,10291,11,1577,12,0,13,0,14,87,15,467,16,1500,17,2300,18,0,19,0,8,350,7,0,6,59,5,116,4,40587,3,30044,2,0,1,500,0,0,-1,0,-2,0,16977,71656
1773521163,9,8,9,755,10,10291,11,1577,12,0,13,0,14,87,15,467,16,1500,17,2300,18,0,19,0,8,250,7,0,6,59,5,58,4,40587,3,30044,2,895,1,500,0,0,-1,0,-2,0,16977,72393
1773521164,9,8,9,755,10,10291,11,1577,12,0,13,0,14,87,15,406,16,1500,17,2300,18,0,19,0,8,250,7,458,6,117,5,0,4,40087,3,30044,2,0,1,500,0,0,-1,0,-2,0,16916,71456
1773521165,9,8,9,755,10,10291,11,1577,12,0,13,0,14,87,15,406,16,1500,17,2300,18,0,19,0,8,350,7,480,6,117,5,0,4,40087,3,30044,2,0,1,500,0,0,-1,0,-2,0,16916,71578
1773521166,9,8,9,755,10,10291,11,1577,12,0,13,0,14,87,15,406,16,1500,17,2300,18,0,19,0,8,350,7,458,6,117,5,0,4,40087,3,30044,2,0,1,500,0,0,-1,0,-2,0,16916,71556
1773521167,9,8,9,755,10,10291,11,1577,12,0,13,0,14,87,15,406,16,1500,17,2300,18,0,19,0,8,350,7,458,6,117,5,0,4,40087,3,30044,2,0,1,500,0,0,-1,0,-2,0,16916,71556
1773521168,9,8,9,755,10,10291,11,1577,12,0,13,0,14,87,15,406,16,1500,17,2300,18,0,19,0,8,350,7,458,6,117,5,0,4,40087,3,30044,2,0,1,500,0,0,-1,0,-2,0,16916,71556
1773521169,9,8,9,755,10,10291,11,1577,12,0,13,0,14,87,15,406,16,1500,17,2300,18,0,19,0,8,350,7,458,6,117,5,531,4,0,3,30044,2,87,1,500,0,0,-1,0,-2,0,16916,32087
1773521170,9,8,9,1255,10,10291,11,1577,12,0,13,0,14,87,15,206,16,1500,17,2300,18,0,19,0,8,350,7,458,6,117,5,531,4,0,3,30131,2,895,1,500,0,0,-1,0,-2,0,17216,32982
1773521171,9,8,9,1255,10,10291,11,1577,12,0,13,0,14,87,15,206,16,1500,17,2300,18,0,19,0,8,350,7,458,6,117,5,531,4,0,3,30131,2,895,1,500,0,0,-1,0,-2,0,17216,32982
1773521172,9,8,9,1255,10,10291,11,1577,12,0,13,0,14,87,15,206,16,1500,17,2300,18,0,19,0,8,350,7,458,6,117,5,531,4,0,3,30131,2,895,1,500,0,0,-1,0,-2,0,17216,32982
1773521173,9,8,9,1255,10,10291,11,1577,12,0,13,0,14,87,15,206,16,1500,17,2300,18,0,19,0,8,350,7,458,6,117,5,531,4,0,3,30131,2,895,1,500,0,0,-1,0,-2,0,17216,32982
1773521174,9,8,9,1255,10,10291,11,1577,12,0,13,0,14,87,15,206,16,1500,17,2300,18,0,19,0,8,350,7,458,6,117,5,531,4,0,3,30131,2,895,1,500,0,0,-1,0,-2,0,17216,32982
1773521175,9,8,9,1255,10,10291,11,1577,12,0,13,0,14,87,15,206,16,1500,17,2300,18,0,19,0,8,350,7,458,6,117,5,531,4,0,3,30131,2,895,1,500,0,0,-1,0,-2,0,17216,32982
1773521176,9,8,9,1255,10,10291,11,1577,12,0,13,0,14,87,15,206,16,1500,17,2300,18,0,19,0,8,350,7,458,6,117,5,531,4,0,3,30131,2,895,1,500,0,0,-1,0,-2,0,17216,32982
1773521177,9,8,9,1255,10,10291,11,1577,12,0,13,0,14,87,15,206,16,1500,17,2300,18,0,19,0,8,350,7,458,6,117,5,531,4,0,3,30131,2,895,1,500,0,0,-1,0,-2,0,17216,32982
1773521178,9,8,9,1255,10,10291,11,1577,12,0,13,0,14,87,15,206,16,1500,17,2300,18,0,19,0,8,350,7,458,6,117,5,531,4,0,3,30131,2,895,1,500,0,0,-1,0,-2,0,17216,32982
1773521179,9,8,9,1255,10,10291,11,1577,12,0,13,0,14,87,15,206,16,1500,17,2300,18,0,19,0,8,350,7,458,6,117,5,531,4,0,3,30131,2,895,1,500,0,0,-1,0,-2,0,17216,32982
1773521180,9,8,9,637,10,10001,11,1519,12,0,13,0,14,0,15,0,16,1758,17,0,18,2300,19,0,8,250,7,21,6,1,5,0,4,500,3,44,2,354,1,500,0,0,-1,0,-2,0,16215,1670
1773521181,9,8,9,1000,10,10166,11,1552,12,0,13,0,14,0,15,0,16,2107,17,2300,18,0,19,0,8,250,7,18,6,0,5,124,4,0,3,544,2,704,1,500,0,0,-1,0,-2,0,17125,2140
1773521182,9,8,9,1000,10,10166,11,1552,12,0,13,0,14,73,15,625,16,1500,17,2300,18,0,19,0,8,250,7,0,6,0,5,49,4,646,3,217,2,625,1,500,0,0,-1,0,-2,0,17216,2287
1773521183,9,8,9,637,10,10001,11,1519,12,0,13,0,14,0,15,189,16,1500,17,2300,18,0,19,0,8,410,7,0,6,36,5,1,4,500,3,30,2,894,1,500,0,0,-1,0,-2,0,16146,2371
1773521184,9,8,9,637,10,10001,11,1615,12,0,13,0,14,0,15,0,16,2037,17,0,18,2300,19,0,8,60,7,0,6,12,5,0,4,0,3,531,2,0,1,500,0,0,-1,0,-2,0,16590,1103
1773521185,9,8,9,1637,10,10265,11,639,12,0,13,0,14,0,15,353,16,1500,17,2300,18,0,19,0,8,60,7,0,6,362,5,0,4,24,3,79,2,500,1,30500,0,0,-1,0,-2,0,16694,31525
1773521186,8,7,8,882,9,1736,10,9024,11,519,12,0,13,70,14,249,15,0,16,3800,17,0,18,0,7,107,6,444,5,13,4,185,3,530,2,431,1,30500,0,0,-1,0,-2,0,-3,0,16280,32210
1773521187,8,7,8,929,9,1736,10,9024,11,519,12,0,13,70,14,249,15,1500,16,2300,17,0,18,0,7,107,6,444,5,12,4,1,3,609,2,862,1,30500,0,0,-1,0,-2,0,-3,0,16327,32535
1773521188,8,7,8,627,9,1786,10,10057,11,519,12,0,13,86,14,217,15,1500,16,2300,17,0,18,0,7,117,6,464,5,12,4,0,3,617,2,501,1,31125,0,0,-1,0,-2,0,-3,0,17092,32836
1773521189,8,7,8,627,9,1786,10,10057,11,519,12,0,13,86,14,419,15,2100,16,600,17,2300,18,0,7,117,6,364,5,12,4,0,3,617,2,939,1,30500,0,0,-1,0,-2,0,-3,0,18494,32549
1773521190,8,7,8,627,9,1786,10,10057,11,519,12,0,13,0,14,0,15,2100,16,600,17,2300,18,0,7,117,6,364,5,12,4,86,3,531,2,501,1,30500,0,0,-1,0,-2,0,-3,0,17989,32111
1773521191,8,7,8,627,9,1786,10,10057,11,519,12,0,13,0,14,86,15,2100,16,600,17,2300,18,0,7,117,6,364,5,12,4,87,3,530,2,501,1,30500,0,0,-1,0,-2,0,-3,0,18075,32111
1773521192,8,7,8,627,9,1786,10,10057,11,519,12,0,13,0,14,86,15,2100,16,600,17,2300,18,0,7,117,6,364,5,12,4,0,3,617,2,501,1,30500,0,0,-1,0,-2,0,-3,0,18075,32111
1773521193,8,7,8,627,9,1786,10,10057,11,519,12,0,13,0,14,86,15,2100,16,600,17,2300,18,0,7,117,6,364,5,12,4,0,3,617,2,501,1,30500,0,0,-1,0,-2,0,-3,0,18075,32111
1773521194,8,7,8,627,9,1786,10,10057,11,519,12,0,13,0,14,86,15,2100,16,600,17,2300,18,0,7,117,6,364,5,12,4,0,3,617,2,501,1,30500,0,0,-1,0,-2,0,-3,0,18075,32111
1773521195,8,7,8,627,9,1786,10,10057,11,519,12,0,13,575,14,0,15,2100,16,600,17,2300,18,0,7,117,6,364,5,12,4,0,3,617,2,501,1,30500,0,0,-1,0,-2,0,-3,0,18564,32111
1773521196,8,7,8,627,9,1786,10,10057,11,519,12,86,13,575,14,0,15,2100,16,600,17,2300,18,0,7,117,6,364,5,12,4,86,3,531,2,501,1,30500,0,0,-1,0,-2,0,-3,0,18650,32111
1773521197,8,7,8,627,9,1786,10,10057,11,519,12,86,13,575,14,0,15,2100,16,600,17,2300,18,0,7,117,6,364,5,12,4,86,3,531,2,501,1,30500,0,0,-1,0,-2,0,-3,0,18650,32111
1773521198,8,7,8,627,9,1786,10,10057,11,519,12,86,13,575,14,0,15,2100,16,600,17,2300,18,0,7,117,6,364,5,12,4,86,3,531,2,501,1,30500,0,0,-1,0,-2,0,-3,0,18650,32111
1773521199,8,7,8,627,9,1786,10,10057,11,519,12,86,13,575,14,0,15,2100,16,600,17,2300,18,0,7,117,6,364,5,12,4,86,3,531,2,501,1,30500,0,0,-1,0,-2,0,-3,0,18650,32111
1773521200,8,7,8,627,9,1786,10,10057,11,519,12,86,13,575,14,0,15,2100,16,600,17,2300,18,0,7,117,6,364,5,12,4,87,3,530,2,501,1,30500,0,0,-1,0,-2,0,-3,0,18650,32111
1773521201,8,7,8,627,9,1786,10,10057,11,519,12,86,13,575,14,0,15,2100,16,600,17,2300,18,0,7,117,6,364,5,12,4,87,3,530,2,501,1,30500,0,0,-1,0,-2,0,-3,0,18650,32111
1773521202,8,7,8,627,9,1786,10,10057,11,519,12,86,13,575,14,0,15,2100,16,600,17,2300,18,0,7,117,6,364,5,12,4,87,3,530,2,501,1,30500,0,0,-1,0,-2,0,-3,0,18650,32111
1773521203,8,7,8,627,9,1786,10,10057,11,519,12,86,13,575,14,0,15,2100,16,600,17,2300,18,0,7,117,6,364,5,12,4,87,3,530,2,501,1,30500,0,0,-1,0,-2,0,-3,0,18650,32111
1773521204,8,7,8,627,9,1786,10,10057,11,519,12,86,13,575,14,0,15,2100,16,600,17,2300,18,0,7,217,6,364,5,12,4,87,3,530,2,501,1,30500,0,0,-1,0,-2,0,-3,0,18650,32211
1773521205,8,7,8,627,9,1786,10,10057,11,519,12,86,13,575,14,0,15,2100,16,600,17,2300,18,0,7,217,6,364,5,12,4,87,3,530,2,501,1,30500,0,0,-1,0,-2,0,-3,0,18650,32211
1773521206,8,7,8,627,9,1786,10,10057,11,519,12,86,13,575,14,0,15,2100,16,600,17,2300,18,0,7,217,6,364,5,12,4,87,3,530,2,501,1,30500,0,0,-1,0,-2,0,-3,0,18650,32211
1773521207,8,7,8,627,9,1786,10,10057,11,519,12,86,13,575,14,0,15,2100,16,600,17,2300,18,0,7,217,6,364,5,12,4,87,3,530,2,501,1,30500,0,0,-1,0,-2,0,-3,0,18650,32211
1773521208,8,7,8,627,9,1786,10,10057,11,519,12,86,13,575,14,0,15,2100,16,1600,17,2300,18,0,7,217,6,364,5,12,4,87,3,530,2,501,1,30500,0,0,-1,0,-2,0,-3,0,19650,32211
1773521209,8,7,8,627,9,1786,10,10057,11,519,12,86,13,575,14,0,15,1500,16,0,17,2300,18,0,7,217,6,393,5,0,4,87,3,530,2,501,1,30500,0,0,-1,0,-2,0,-3,0,17450,32228
1773521210,8,7,8,627,9,1786,10,10057,11,519,12,86,13,575,14,0,15,1500,16,0,17,2300,18,0,7,217,6,393,5,0,4,87,3,530,2,501,1,30500,0,0,-1,0,-2,0,-3,0,17450,32228
1773521211,8,7,8,627,9,1786,10,10057,11,519,12,86,13,575,14,0,15,1500,16,0,17,2300,18,0,7,217,6,364,5,22,4,87,3,530,2,501,1,30500,0,0,-1,0,-2,0,-3,0,17450,32221
1773521212,8,7,8,627,9,1786,10,10057,11,519,12,86,13,575,14,0,15,1500,16,0,17,2300,18,0,7,217,6,364,5,22,4,87,3,530,2,501,1,30500,0,0,-1,0,-2,0,-3,0,17450,32221
1773521213,8,7,8,627,9,1786,10,10057,11,519,12,86,13,575,14,0,15,1500,16,0,17,2300,18,0,7,217,6,364,5,22,4,87,3,530,2,501,1,30500,0,0,-1,0,-2,0,-3,0,17450,32221
1773521214,8,7,8,627,9,1786,10,10057,11,519,12,0,13,0,14,0,15,1500,16,0,17,2300,18,0,7,160,6,250,5,22,4,1,3,530,2,501,1,30500,0,0,-1,0,-2,0,-3,0,16789,31964
1773521215,6,5,6,560,7,1764,8,1286,9,554,10,9086,11,20,12,0,13,1500,14,0,15,2300,16,0,5,117,4,364,3,34,2,87,1,500,0,0,-1,0,-2,0,-3,0,-4,0,-5,0,17070,1102
1773521216,6,5,6,60,7,2127,8,1307,9,554,10,49086,11,20,12,0,13,0,14,1500,15,2300,16,0,5,117,4,364,3,34,2,109,1,500,0,0,-1,0,-2,0,-3,0,-4,0,-5,0,56954,1124
1773521217,6,5,6,60,7,2127,8,1307,9,554,10,49086,11,20,12,0,13,0,14,1500,15,2300,16,0,5,117,4,364,3,34,2,109,1,500,0,0,-1,0,-2,0,-3,0,-4,0,-5,0,56954,1124
1773521218,6,5,6,60,7,2127,8,1307,9,554,10,49086,11,20,12,0,13,0,14,1500,15,2300,16,0,5,117,4,364,3,34,2,109,1,500,0,0,-1,0,-2,0,-3,0,-4,0,-5,0,56954,1124
1773521219,6,5,6,60,7,2127,8,1307,9,554,10,49086,11,20,12,0,13,0,14,1500,15,2300,16,0,5,117,4,364,3,34,2,109,1,500,0,0,-1,0,-2,0,-3,0,-4,0,-5,0,56954,1124
1773521220,6,5,6,60,7,2127,8,1307,9,554,10,49086,11,20,12,0,13,0,14,1500,15,2300,16,0,5,117,4,364,3,34,2,109,1,500,0,0,-1,0,-2,0,-3,0,-4,0,-5,0,56954,1124
1773521221,6,5,6,60,7,2127,8,1307,9,554,10,49086,11,20,12,0,13,0,14,1500,15,2300,16,0,5,117,4,364,3,34,2,109,1,500,0,0,-1,0,-2,0,-3,0,-4,0,-5,0,56954,1124
1773521222,6,5,6,60,7,2127,8,1307,9,554,10,49086,11,20,12,0,13,0,14,1500,15,2300,16,0,5,117,4,364,3,34,2,109,1,500,0,0,-1,0,-2,0,-3,0,-4,0,-5,0,56954,1124
1773521223,6,5,6,60,7,2127,8,1307,9,554,10,49086,11,20,12,0,13,0,14,1500,15,2300,16,0,5,117,4,364,3,34,2,109,1,500,0,0,-1,0,-2,0,-3,0,-4,0,-5,0,56954,1124
1773521224,6,5,6,60,7,2127,8,1307,9,554,10,49086,11,20,12,0,13,0,14,1500,15,2300,16,0,5,117,4,364,3,34,2,109,1,500,0,0,-1,0,-2,0,-3,0,-4,0,-5,0,56954,1124
1773521225,6,5,6,722,7,1627,8,1307,9,803,10,49086,11,20,12,0,13,1500,14,0,15,2300,16,0,5,117,4,364,3,34,2,109,1,500,0,0,-1,0,-2,0,-3,0,-4,0,-5,0,57365,1124
1773521226,6,5,6,2592,7,1308,8,57,9,746,10,49086,11,582,12,0,13,1500,14,0,15,2300,16,0,5,117,4,364,3,34,2,110,1,500,0,0,-1,0,-2,0,-3,0,-4,0,-5,0,58171,1125
1773521227,6,5,6,2592,7,1285,8,83,9,746,10,49642,11,20,12,0,13,1500,14,2300,15,0,16,0,5,117,4,364,3,34,2,114,1,500,0,0,-1,0,-2,0,-3,0,-4,0,-5,0,58168,1129
1773521228,6,5,6,965,7,1000,8,28,9,746,10,9556,11,20,12,0,13,1500,14,2300,15,0,16,0,5,60,4,250,3,34,2,29,1,500,0,0,-1,0,-2,0,-3,0,-4,0,-5,0,16115,873
1773521229,6,5,6,1965,7,1000,8,29,9,746,10,9556,11,20,12,0,13,1500,14,2300,15,0,16,0,5,60,4,250,3,34,2,30,1,500,0,0,-1,0,-2,0,-3,0,-4,0,-5,0,17116,874
1773521230,6,5,6,2405,7,1200,8,69,9,40746,10,9556,11,20,12,0,13,1500,14,2300,15,0,16,61,5,60,4,390,3,114,2,30,1,500,0,0,-1,0,-2,0,-3,0,-4,0,-5,0,57857,1094
1773521231,6,5,6,2405,7,1200,8,45,9,40746,10,9556,11,20,12,0,13,1500,14,2300,15,0,16,61,5,60,4,390,3,114,2,30,1,500,0,0,-1,0,-2,0,-3,0,-4,0,-5,0,57833,1094
1773521232,6,5,6,2405,7,1200,8,45,9,40746,10,9632,11,20,12,0,13,1500,14,2300,15,0,16,0,5,60,4,390,3,114,2,30,1,500,0,0,-1,0,-2,0,-3,0,-4,0,-5,0,57848,1094
1773521233,6,5,6,2405,7,1200,8,45,9,40827,10,9556,11,20,12,0,13,1500,14,2300,15,0,16,1000,5,60,4,390,3,114,2,30,1,581,0,0,-1,0,-2,0,-3,0,-4,0,-5,0,58853,1175
1773521234,6,4,6,2345,7,1200,8,45,9,40827,10,9556,11,20,12,0,13,1500,14,2300,15,0,16,1000,4,390,3,114,2,90,1,581,0,0,-1,0,-2,0,-3,0,-4,0,-5,0,-6,0,58793,1175
1773521235,6,4,6,2345,7,1200,8,45,9,40827,10,9556,11,20,12,0,13,1500,14,2300,15,0,16,1000,4,390,3,114,2,90,1,581,0,0,-1,0,-2,0,-3,0,-4,0,-5,0,-6,0,58793,1175
1773521236,6,4,6,2345,7,1200,8,45,9,40827,10,9556,11,20,12,0,13,1500,14,2300,15,0,16,1000,4,390,3,114,2,90,1,581,0,0,-1,0,-2,0,-3,0,-4,0,-5,0,-6,0,58793,1175
1773521237,6,4,6,2345,7,1200,8,45,9,40827,10,9556,11,20,12,0,13,1500,14,2300,15,0,16,1000,4,396,3,114,2,90,1,581,0,0,-1,0,-2,0,-3,0,-4,0,-5,0,-6,0,58793,1181
1773521238,6,4,6,2345,7,1200,8,45,9,40827,10,9556,11,20,12,0,13,1500,14,2300,15,0,16,1000,4,396,3,114,2,90,1,581,0,0,-1,0,-2,0,-3,0,-4,0,-5,0,-6,0,58793,1181
1773521239,6,4,6,2345,7,1200,8,45,9,40827,10,9556,11,20,12,0,13,1500,14,2300,15,0,16,1000,4,396,3,114,2,90,1,581,0,0,-1,0,-2,0,-3,0,-4,0,-5,0,-6,0,58793,1181
1773521240,6,4,6,2345,7,1200,8,41,9,40827,10,9556,11,20,12,0,13,1500,14,2300,15,0,16,1000,4,396,3,114,2,61,1,581,0,0,-1,0,-2,0,-3,0,-4,0,-5,0,-6,0,58789,1152
1773521241,6,4,6,2345,7,1200,8,41,9,40827,10,9556,11,20,12,0,13,1500,14,2300,15,0,16,1000,4,390,3,114,2,61,1,581,0,0,-1,0,-2,0,-3,0,-4,0,-5,0,-6,0,58789,1146
1773521242,6,4,6,2345,7,1200,8,41,9,40827,10,9556,11,20,12,0,13,1500,14,2300,15,0,16,1000,4,390,3,114,2,61,1,581,0,0,-1,0,-2,0,-3,0,-4,0,-5,0,-6,0,58789,1146
1773521243,5,4,5,399,6,2106,7,1040,8,0,9,40827,10,9556,11,20,12,0,13,1500,14,2300,15,0,4,390,3,110,2,65,1,581,0,0,-1,0,-2,0,-3,0,-4,0,-5,0,-6,0,57748,1146
1773521244,6,4,6,2448,7,1268,8,57,9,40827,10,9556,11,20,12,0,13,1500,14,2300,15,0,16,0,4,390,3,110,2,65,1,581,0,0,-1,0,-2,0,-3,0,-4,0,-5,0,-6,0,57976,1146
1773521245,6,4,6,2197,7,1268,8,57,9,827,10,9556,11,20,12,0,13,1500,14,2300,15,0,16,1000,4,390,3,70,2,65,1,500,0,0,-1,0,-2,0,-3,0,-4,0,-5,0,-6,0,18725,1025
1773521246,6,4,6,406,7,1000,8,0,9,497,10,9556,11,20,12,0,13,0,14,1500,15,2300,16,0,4,250,3,30,2,65,1,500,0,0,-1,0,-2,0,-3,0,-4,0,-5,0,-6,0,15279,845
1773521247,6,4,6,1406,7,1000,8,0,9,497,10,49710,11,48,12,0,13,0,14,1500,15,2300,16,0,4,350,3,30,2,65,1,514,0,0,-1,0,-2,0,-3,0,-4,0,-5,0,-6,0,56461,959
1773521248,6,5,6,1889,7,1220,8,45,9,497,10,49556,11,20,12,0,13,67,14,1500,15,2300,16,0,5,44,4,438,3,30,2,5,1,500,0,0,-1,0,-2,0,-3,0,-4,0,-5,0,57094,1017
1773521249,6,5,6,1889,7,1220,8,45,9,497,10,49633,11,20,12,0,13,0,14,1500,15,2300,16,0,5,44,4,438,3,30,2,5,1,577,0,0,-1,0,-2,0,-3,0,-4,0,-5,0,57104,1094
1773521250,6,5,6,1889,7,1220,8,45,9,770,10,49633,11,20,12,0,13,1500,14,2300,15,0,16,1000,5,44,4,438,3,30,2,5,1,577,0,0,-1,0,-2,0,-3,0,-4,0,-5,0,58377,1094
1773521251,6,5,6,1889,7,1220,8,45,9,770,10,49633,11,20,12,0,13,1500,14,2300,15,0,16,1000,5,44,4,438,3,30,2,5,1,577,0,0,-1,0,-2,0,-3,0,-4,0,-5,0,58377,1094
1773521252,6,5,6,1889,7,1220,8,45,9,770,10,49633,11,20,12,0,13,1500,14,2300,15,0,16,1000,5,44,4,438,3,30,2,5,1,577,0,0,-1,0,-2,0,-3,0,-4,0,-5,0,58377,1094
1773521253,6,5,6,1889,7,1220,8,45,9,770,10,49633,11,20,12,0,13,1500,14,2300,15,0,16,1000,5,44,4,438,3,30,2,5,1,577,0,0,-1,0,-2,0,-3,0,-4,0,-5,0,58377,1094
1773521254,6,5,6,1889,7,1220,8,45,9,770,10,49633,11,20,12,0,13,1500,14,2300,15,0,16,1000,5,44,4,438,3,30,2,5,1,577,0,0,-1,0,-2,0,-3,0,-4,0,-5,0,58377,1094
1773521255,6,5,6,1889,7,1220,8,45,9,770,10,49633,11,20,12,0,13,1500,14,2300,15,0,16,1000,5,25,4,438,3,30,2,5,1,577,0,0,-1,0,-2,0,-3,0,-4,0,-5,0,58377,1075
1773521256,6,5,6,1889,7,1220,8,45,9,770,10,49633,11,20,12,0,13,1500,14,2300,15,0,16,1000,5,25,4,438,3,30,2,5,1,577,0,0,-1,0,-2,0,-3,0,-4,0,-5,0,58377,1075
1773521257,6,5,6,1889,7,1220,8,45,9,770,10,49633,11,20,12,0,13,1500,14,2300,15,0,16,1000,5,25,4,438,3,30,2,5,1,577,0,0,-1,0,-2,0,-3,0,-4,0,-5,0,58377,1075
1773521258,6,5,6,1889,7,1220,8,45,9,770,10,49633,11,20,12,0,13,1500,14,2300,15,0,16,1000,5,25,4,438,3,30,2,5,1,577,0,0,-1,0,-2,0,-3,0,-4,0,-5,0,58377,1075
1773521259,6,5,6,1889,7,1220,8,45,9,770,10,49633,11,20,12,0,13,1500,14,2300,15,0,16,1000,5,25,4,438,3,30,2,5,1,577,0,0,-1,0,-2,0,-3,0,-4,0,-5,0,58377,1075
1773521260,6,5,6,1889,7,1220,8,45,9,770,10,49633,11,20,12,0,13,1500,14,2300,15,0,16,1000,5,25,4,438,3,30,2,5,1,577,0,0,-1,0,-2,0,-3,0,-4,0,-5,0,58377,1075
1773521261,6,5,6,2389,7,1220,8,45,9,770,10,49633,11,20,12,0,13,1500,14,2300,15,0,16,1000,5,25,4,438,3,30,2,5,1,577,0,0,-1,0,-2,0,-3,0,-4,0,-5,0,58877,1075
1773521262,6,5,6,2389,7,1220,8,45,9,770,10,49633,11,20,12,0,13,1500,14,2300,15,0,16,1000,5,25,4,438,3,30,2,5,1,577,0,0,-1,0,-2,0,-3,0,-4,0,-5,0,58877,1075
1773521263,6,5,6,2389,7,1220,8,45,9,770,10,49633,11,20,12,0,13,1500,14,2300,15,0,16,1000,5,25,4,438,3,30,2,5,1,577,0,0,-1,0,-2,0,-3,0,-4,0,-5,0,58877,1075
1773521264,6,5,6,2032,7,1285,8,58,9,855,10,49556,11,20,12,0,13,1500,14,2300,15,0,16,1000,5,57,4,464,3,30,2,5,1,1085,0,0,-1,0,-2,0,-3,0,-4,0,-5,0,58606,1641
1773521265,6,5,6,2032,7,1285,8,58,9,855,10,49556,11,20,12,0,13,1500,14,2300,15,0,16,1000,5,57,4,464,3,30,2,5,1,1085,0,0,-1,0,-2,0,-3,0,-4,0,-5,0,58606,1641
1773521266,6,5,6,1527,7,1285,8,58,9,855,10,49000,11,20,12,0,13,1500,14,2300,15,0,16,1000,5,57,4,464,3,30,2,5,1,585,0,0,-1,0,-2,0,-3,0,-4,0,-5,0,57545,1141
1773521267,7,5,7,1628,8,1285,9,827,10,9085,11,20,12,333,13,600,14,4400,15,0,16,0,17,3500,5,407,4,57,3,30,2,90,1,500,0,0,-1,0,-2,0,-3,0,-4,0,-5,0,21678,1084
1773521268,7,5,7,1628,8,1285,9,827,10,9085,11,20,12,333,13,600,14,4400,15,0,16,1000,17,0,5,407,4,57,3,30,2,90,1,500,0,0,-1,0,-2,0,-3,0,-4,0,-5,0,19178,1084
1773521269,7,5,7,1628,8,1285,9,827,10,9085,11,20,12,318,13,600,14,2100,15,2300,16,1000,17,0,5,407,4,57,3,30,2,90,1,500,0,0,-1,0,-2,0,-3,0,-4,0,-5,0,19163,1084
1773521270,7,5,7,1628,8,1285,9,827,10,9085,11,20,12,280,13,600,14,2100,15,2300,16,0,17,0,5,407,4,57,3,30,2,90,1,500,0,0,-1,0,-2,0,-3,0,-4,0,-5,0,18125,1084
1773521271,7,5,7,1628,8,1285,9,827,10,9085,11,20,12,280,13,600,14,2100,15,2300,16,0,17,0,5,407,4,57,3,30,2,90,1,500,0,0,-1,0,-2,0,-3,0,-4,0,-5,0,18125,1084
1773521272,7,5,7,1628,8,1285,9,827,10,9085,11,20,12,280,13,600,14,2100,15,2300,16,0,17,0,5,407,4,57,3,30,2,90,1,500,0,0,-1,0,-2,0,-3,0,-4,0,-5,0,18125,1084
1773521273,7,5,7,1628,8,1285,9,827,10,9085,11,20,12,280,13,600,14,2100,15,2300,16,0,17,0,5,407,4,57,3,30,2,90,1,500,0,0,-1,0,-2,0,-3,0,-4,0,-5,0,18125,1084
1773521274,7,5,7,1628,8,1285,9,827,10,9085,11,20,12,280,13,600,14,2100,15,2300,16,0,17,0,5,407,4,57,3,30,2,90,1,500,0,0,-1,0,-2,0,-3,0,-4,0,-5,0,18125,1084
1773521275,7,5,7,1628,8,1285,9,827,10,9085,11,20,12,280,13,600,14,2100,15,2300,16,0,17,0,5,407,4,57,3,30,2,86,1,500,0,0,-1,0,-2,0,-3,0,-4,0,-5,0,18125,1080
1773521276,7,5,7,1628,8,1285,9,827,10,9085,11,20,12,280,13,600,14,2100,15,2300,16,0,17,0,5,429,4,57,3,30,2,86,1,500,0,0,-1,0,-2,0,-3,0,-4,0,-5,0,18125,1102
1773521277,7,5,7,1628,8,1285,9,827,10,9085,11,20,12,280,13,600,14,2100,15,2300,16,0,17,0,5,429,4,57,3,30,2,86,1,500,0,0,-1,0,-2,0,-3,0,-4,0,-5,0,18125,1102
1773521278,7,5,7,1628,8,1285,9,827,10,9085,11,20,12,280,13,600,14,2100,15,2300,16,0,17,0,5,429,4,57,3,30,2,86,1,500,0,0,-1,0,-2,0,-3,0,-4,0,-5,0,18125,1102
1773521279,7,5,7,1844,8,1285,9,827,10,9085,11,20,12,280,13,600,14,2100,15,2300,16,0,17,0,5,429,4,57,3,30,2,86,1,500,0,0,-1,0,-2,0,-3,0,-4,0,-5,0,18341,1102
1773521280,7,5,7,2344,8,1285,9,827,10,9085,11,20,12,350,13,600,14,2100,15,2300,16,0,17,0,5,429,4,57,3,30,2,86,1,500,0,0,-1,0,-2,0,-3,0,-4,0,-5,0,18911,1102
1773521281,7,5,7,2344,8,1285,9,827,10,9085,11,20,12,350,13,600,14,2100,15,2300,16,0,17,0,5,429,4,57,3,30,2,86,1,500,0,0,-1,0,-2,0,-3,0,-4,0,-5,0,18911,1102
1773521282,7,5,7,2344,8,1285,9,827,10,9085,11,20,12,350,13,600,14,2100,15,2300,16,0,17,0,5,429,4,57,3,30,2,86,1,500,0,0,-1,0,-2,0,-3,0,-4,0,-5,0,18911,1102
1773521283,7,5,7,2344,8,1285,9,827,10,9085,11,20,12,353,13,600,14,2100,15,2300,16,0,17,0,5,429,4,57,3,30,2,86,1,500,0,0,-1,0,-2,0,-3,0,-4,0,-5,0,18914,1102
1773521284,7,5,7,2344,8,1285,9,827,10,9085,11,20,12,353,13,600,14,2100,15,2300,16,0,17,0,5,429,4,57,3,30,2,86,1,500,0,0,-1,0,-2,0,-3,0,-4,0,-5,0,18914,1102
1773521285,7,5,7,2344,8,1285,9,827,10,9085,11,20,12,380,13,600,14,2100,15,2300,16,0,17,0,5,429,4,57,3,30,2,86,1,500,0,0,-1,0,-2,0,-3,0,-4,0,-5,0,18941,1102
1773521286,7,5,7,2344,8,1285,9,827,10,9085,11,582,12,921,13,600,14,2100,15,2300,16,0,17,0,5,429,4,57,3,30,2,86,1,500,0,0,-1,0,-2,0,-3,0,-4,0,-5,0,20044,1102
1773521287,7,6,7,843,8,1286,9,1614,10,9085,11,582,12,568,13,895,14,2100,15,2300,16,0,17,0,6,467,5,79,4,0,3,31,2,585,1,31387,0,0,-1,0,-2,0,-3,0,-4,0,19273,32549
1773521288,7,6,7,843,8,1286,9,1614,10,9000,11,667,12,568,13,895,14,2100,15,2300,16,0,17,0,6,467,5,79,4,0,3,31,2,585,1,31387,0,0,-1,0,-2,0,-3,0,-4,0,19273,32549
1773521289,7,6,7,1065,8,1286,9,1614,10,9000,11,667,12,568,13,895,14,2100,15,2300,16,0,17,0,6,467,5,79,4,1,3,115,2,1014,1,31387,0,0,-1,0,-2,0,-3,0,-4,0,19495,33063
1773521290,7,6,7,1065,8,1286,9,1614,10,9000,11,667,12,568,13,991,14,2100,15,2300,16,0,17,0,6,467,5,79,4,1,3,115,2,514,1,31387,0,0,-1,0,-2,0,-3,0,-4,0,19591,32563
1773521291,7,6,7,1065,8,1286,9,1614,10,9000,11,667,12,568,13,991,14,2100,15,2300,16,0,17,0,6,467,5,79,4,1,3,115,2,514,1,31387,0,0,-1,0,-2,0,-3,0,-4,0,19591,32563
1773521292,7,6,7,1065,8,1286,9,1614,10,9000,11,667,12,568,13,991,14,2100,15,2300,16,0,17,0,6,467,5,79,4,1,3,115,2,514,1,31387,0,0,-1,0,-2,0,-3,0,-4,0,19591,32563
1773521293,7,6,7,1065,8,1286,9,1614,10,9000,11,667,12,568,13,1110,14,2100,15,2300,16,0,17,0,6,467,5,79,4,1,3,115,2,514,1,31387,0,0,-1,0,-2,0,-3,0,-4,0,19710,32563
1773521294,7,6,7,1065,8,1286,9,1614,10,9000,11,667,12,568,13,1110,14,2100,15,2300,16,0,17,0,6,467,5,79,4,1,3,115,2,514,1,31387,0,0,-1,0,-2,0,-3,0,-4,0,19710,32563
1773521295,7,6,7,1065,8,1286,9,1614,10,9000,11,667,12,568,13,1110,14,2100,15,2300,16,0,17,0,6,467,5,79,4,1,3,115,2,514,1,31387,0,0,-1,0,-2,0,-3,0,-4,0,19710,32563
1773521296,7,6,7,1065,8,1286,9,1614,10,9000,11,667,12,568,13,1110,14,2100,15,2300,16,0,17,0,6,467,5,79,4,1,3,115,2,514,1,31387,0,0,-1,0,-2,0,-3,0,-4,0,19710,32563
1773521297,7,6,7,1065,8,1286,9,1614,10,9000,11,667,12,568,13,1110,14,2100,15,2300,16,0,17,0,6,467,5,79,4,1,3,115,2,514,1,31387,0,0,-1,0,-2,0,-3,0,-4,0,19710,32563
1773521298,7,6,7,1065,8,1286,9,1614,10,9000,11,667,12,568,13,1110,14,2100,15,2300,16,0,17,0,6,467,5,79,4,1,3,115,2,514,1,31387,0,0,-1,0,-2,0,-3,0,-4,0,19710,32563
1773521299,7,6,7,1065,8,1286,9,1614,10,9000,11,667,12,568,13,1110,14,2100,15,2300,16,0,17,0,6,467,5,79,4,1,3,115,2,514,1,31387,0,0,-1,0,-2,0,-3,0,-4,0,19710,32563
1773521300,7,6,7,575,8,1628,9,1842,10,9057,11,20,12,85,13,1175,14,934,15,1500,16,2300,17,0,6,467,5,79,4,1,3,115,2,514,1,31386,0,0,-1,0,-2,0,-3,0,-4,0,19116,32562
1773521301,7,6,7,359,8,1628,9,1842,10,9057,11,20,12,85,13,1175,14,934,15,1500,16,2300,17,0,6,467,5,73,4,0,3,116,2,514,1,31386,0,0,-1,0,-2,0,-3,0,-4,0,18900,32556
1773521302,7,6,7,359,8,1628,9,1842,10,9057,11,20,12,85,13,1175,14,934,15,1500,16,2300,17,0,6,467,5,73,4,0,3,116,2,514,1,31386,0,0,-1,0,-2,0,-3,0,-4,0,18900,32556
1773521303,7,6,7,859,8,1628,9,1842,10,9057,11,20,12,85,13,1175,14,2636,15,0,16,2300,17,0,6,467,5,62,4,0,3,116,2,514,1,31120,0,0,-1,0,-2,0,-3,0,-4,0,19602,32279
1773521304,7,6,7,859,8,1628,9,1842,10,9057,11,20,12,85,13,575,14,2036,15,0,16,2300,17,0,6,513,5,62,4,0,3,116,2,514,1,31120,0,0,-1,0,-2,0,-3,0,-4,0,18402,32325
1773521305,7,6,7,859,8,1628,9,1842,10,9057,11,20,12,85,13,575,14,2036,15,2300,16,0,17,0,6,513,5,62,4,0,3,116,2,514,1,31120,0,0,-1,0,-2,0,-3,0,-4,0,18402,32325
1773521306,7,6,7,859,8,1628,9,1842,10,9057,11,20,12,85,13,575,14,1910,15,2300,16,0,17,0,6,513,5,225,4,0,3,116,2,514,1,31120,0,0,-1,0,-2,0,-3,0,-4,0,18276,32488
1773521307,7,6,7,859,8,1628,9,1842,10,9057,11,20,12,85,13,575,14,1910,15,2300,16,0,17,0,6,513,5,225,4,0,3,116,2,514,1,31120,0,0,-1,0,-2,0,-3,0,-4,0,18276,32488
1773521308,7,6,7,859,8,1628,9,1842,10,9057,11,20,12,85,13,575,14,1910,15,2300,16,0,17,0,6,513,5,225,4,0,3,116,2,514,1,31120,0,0,-1,0,-2,0,-3,0,-4,0,18276,32488
1773521309,7,6,7,859,8,1628,9,1842,10,9057,11,20,12,85,13,575,14,1910,15,2300,16,0,17,0,6,513,5,225,4,0,3,116,2,514,1,31120,0,0,-1,0,-2,0,-3,0,-4,0,18276,32488
1773521310,7,6,7,919,8,1628,9,1782,10,9057,11,20,12,85,13,575,14,1952,15,2300,16,0,17,0,6,467,5,97,4,1,3,115,2,514,1,31386,0,0,-1,0,-2,0,-3,0,-4,0,18318,32580
1773521311,7,6,7,1033,8,1286,9,1554,10,9000,11,20,12,85,13,575,14,1952,15,2300,16,0,17,0,6,467,5,97,4,1,3,115,2,514,1,31385,0,0,-1,0,-2,0,-3,0,-4,0,17805,32579
1773521312,7,6,7,1261,8,1286,9,1554,10,9000,11,20,12,85,13,575,14,1952,15,2300,16,0,17,0,6,467,5,97,4,1,3,115,2,514,1,31385,0,0,-1,0,-2,0,-3,0,-4,0,18033,32579
1773521313,7,6,7,1261,8,1286,9,1554,10,9000,11,20,12,85,13,575,14,1952,15,2300,16,0,17,0,6,486,5,97,4,1,3,115,2,514,1,31119,0,0,-1,0,-2,0,-3,0,-4,0,18033,32332
1773521314,7,6,7,1261,8,1286,9,1554,10,9000,11,20,12,85,13,575,14,1952,15,2300,16,0,17,0,6,486,5,97,4,1,3,115,2,514,1,31119,0,0,-1,0,-2,0,-3,0,-4,0,18033,32332
1773521315,7,6,7,1261,8,1286,9,1554,10,9000,11,20,12,85,13,575,14,1952,15,2300,16,0,17,0,6,486,5,97,4,1,3,115,2,514,1,31119,0,0,-1,0,-2,0,-3,0,-4,0,18033,32332
1773521316,7,6,7,1318,8,1286,9,1554,10,9000,11,20,12,85,13,575,14,1952,15,2300,16,0,17,0,6,486,5,97,4,1,3,115,2,514,1,31119,0,0,-1,0,-2,0,-3,0,-4,0,18090,32332
1773521317,7,6,7,1318,8,1286,9,1554,10,9000,11,20,12,85,13,575,14,1982,15,2300,16,0,17,0,6,486,5,97,4,1,3,115,2,514,1,31119,0,0,-1,0,-2,0,-3,0,-4,0,18120,32332
1773521318,7,6,7,1318,8,1286,9,1554,10,9000,11,20,12,85,13,575,14,1982,15,2300,16,0,17,0,6,486,5,97,4,1,3,115,2,514,1,31119,0,0,-1,0,-2,0,-3,0,-4,0,18120,32332
1773521319,7,6,7,1318,8,1286,9,1554,10,9000,11,20,12,85,13,575,14,1982,15,2300,16,0,17,0,6,486,5,97,4,1,3,115,2,514,1,31119,0,0,-1,0,-2,0,-3,0,-4,0,18120,32332
1773521320,7,6,7,1318,8,1286,9,1554,10,9000,11,20,12,85,13,575,14,1982,15,2300,16,0,17,0,6,486,5,97,4,1,3,115,2,514,1,31119,0,0,-1,0,-2,0,-3,0,-4,0,18120,32332
1773521321,7,6,7,1375,8,1286,9,1554,10,9000,11,20,12,85,13,575,14,1987,15,2300,16,0,17,0,6,467,5,97,4,1,3,115,2,514,1,31385,0,0,-1,0,-2,0,-3,0,-4,0,18182,32579
1773521322,7,6,7,1432,8,1286,9,1554,10,9000,11,20,12,85,13,575,14,1987,15,2300,16,0,17,0,6,567,5,97,4,1,3,115,2,514,1,31385,0,0,-1,0,-2,0,-3,0,-4,0,18239,32679
1773521323,7,6,7,1432,8,1286,9,1554,10,0,11,20,12,85,13,575,14,1987,15,2300,16,0,17,0,6,567,5,97,4,1,3,115,2,514,1,31119,0,0,-1,0,-2,0,-3,0,-4,0,9239,32413
1773521324,7,6,7,1432,8,1286,9,1554,10,0,11,20,12,85,13,575,14,1987,15,2300,16,0,17,0,6,567,5,97,4,1,3,115,2,514,1,31119,0,0,-1,0,-2,0,-3,0,-4,0,9239,32413
1773521325,7,6,7,1432,8,1286,9,1554,10,0,11,20,12,85,13,575,14,1987,15,2300,16,0,17,0,6,594,5,97,4,1,3,115,2,514,1,31119,0,0,-1,0,-2,0,-3,0,-4,0,9239,32440
1773521326,7,6,7,1432,8,1286,9,1554,10,0,11,20,12,85,13,575,14,1987,15,2300,16,0,17,0,6,567,5,97,4,1,3,115,2,514,1,31384,0,0,-1,0,-2,0,-3,0,-4,0,9239,32678
1773521327,7,6,7,1489,8,1286,9,1554,10,0,11,20,12,85,13,575,14,1987,15,2300,16,0,17,0,6,567,5,97,4,1,3,115,2,514,1,31384,0,0,-1,0,-2,0,-3,0,-4,0,9296,32678
1773521328,7,6,7,1546,8,1286,9,1554,10,0,11,20,12,85,13,1116,14,1500,15,2300,16,0,17,0,6,567,5,97,4,1,3,115,2,514,1,31384,0,0,-1,0,-2,0,-3,0,-4,0,9407,32678
1773521329,7,6,7,1546,8,1286,9,1554,10,0,11,20,12,85,13,1116,14,1500,15,2300,16,0,17,0,6,567,5,274,4,1,3,115,2,514,1,31384,0,0,-1,0,-2,0,-3,0,-4,0,9407,32855
1773521330,7,6,7,1546,8,1286,9,1554,10,0,11,20,12,85,13,1116,14,1500,15,2300,16,0,17,0,6,567,5,274,4,1,3,115,2,514,1,31384,0,0,-1,0,-2,0,-3,0,-4,0,9407,32855
1773521331,7,6,7,2324,8,1286,9,639,10,0,11,20,12,344,13,0,14,1500,15,2300,16,0,17,0,6,100,5,114,4,362,3,30,2,1,1,585,0,0,-1,0,-2,0,-3,0,-4,0,8413,1192
1773521332,7,6,7,2324,8,1286,9,639,10,0,11,20,12,344,13,0,14,1500,15,2300,16,0,17,0,6,100,5,114,4,362,3,30,2,1,1,585,0,0,-1,0,-2,0,-3,0,-4,0,8413,1192
1773521333,7,6,7,2324,8,1286,9,639,10,0,11,20,12,344,13,0,14,1500,15,2300,16,0,17,0,6,100,5,58,4,306,3,30,2,1,1,585,0,0,-1,0,-2,0,-3,0,-4,0,8413,1080
1773521334,7,6,7,2324,8,1286,9,639,10,0,11,20,12,344,13,258,14,1500,15,2300,16,0,17,0,6,100,5,114,4,362,3,30,2,1,1,585,0,0,-1,0,-2,0,-3,0,-4,0,8671,1192
1773521335,7,6,7,2324,8,1286,9,639,10,0,11,20,12,344,13,258,14,1500,15,2300,16,0,17,0,6,100,5,58,4,306,3,86,2,1,1,585,0,0,-1,0,-2,0,-3,0,-4,0,8671,1136
1773521336,6,4,6,2076,7,1483,8,57,9,582,10,0,11,234,12,0,13,258,14,1500,15,2300,16,0,4,388,3,86,2,1,1,585,0,0,-1,0,-2,0,-3,0,-4,0,-5,0,-6,0,8490,1060
1773521337,6,4,6,2240,7,1482,8,58,9,582,10,0,11,304,12,0,13,258,14,1500,15,2300,16,0,4,370,3,86,2,1,1,585,0,0,-1,0,-2,0,-3,0,-4,0,-5,0,-6,0,8724,1042
1773521338,6,4,6,2240,7,1482,8,58,9,582,10,0,11,317,12,0,13,1758,14,2300,15,0,16,1000,4,370,3,86,2,1,1,585,0,0,-1,0,-2,0,-3,0,-4,0,-5,0,-6,0,9737,1042
1773521339,6,4,6,2240,7,1482,8,58,9,582,10,0,11,317,12,0,13,1758,14,2300,15,0,16,1000,4,380,3,86,2,1,1,585,0,0,-1,0,-2,0,-3,0,-4,0,-5,0,-6,0,9737,1052
1773521340,6,4,6,2240,7,1482,8,58,9,582,10,0,11,317,12,0,13,1758,14,2300,15,0,16,1000,4,380,3,86,2,1,1,585,0,0,-1,0,-2,0,-3,0,-4,0,-5,0,-6,0,9737,1052
1773521341,6,4,6,2240,7,1482,8,58,9,582,10,0,11,317,12,0,13,1758,14,2300,15,0,16,1000,4,380,3,86,2,1,1,585,0,0,-1,0,-2,0,-3,0,-4,0,-5,0,-6,0,9737,1052
1773521342,6,4,6,2240,7,1482,8,58,9,582,10,0,11,317,12,0,13,1758,14,2300,15,0,16,1000,4,380,3,86,2,1,1,585,0,0,-1,0,-2,0,-3,0,-4,0,-5,0,-6,0,9737,1052
1773521343,6,4,6,2240,7,1482,8,58,9,582,10,0,11,317,12,0,13,1758,14,2300,15,0,16,1000,4,380,3,86,2,1,1,585,0,0,-1,0,-2,0,-3,0,-4,0,-5,0,-6,0,9737,1052
1773521344,6,4,6,2240,7,1482,8,58,9,582,10,0,11,317,12,0,13,1758,14,2300,15,0,16,1000,4,380,3,86,2,1,1,585,0,0,-1,0,-2,0,-3,0,-4,0,-5,0,-6,0,9737,1052
1773521345,6,4,6,2240,7,1482,8,58,9,582,10,3000,11,317,12,0,13,1758,14,2300,15,0,16,1000,4,380,3,86,2,1,1,585,0,0,-1,0,-2,0,-3,0,-4,0,-5,0,-6,0,12737,1052
1773521346,6,5,6,2268,7,1482,8,58,9,582,10,3556,11,317,12,0,13,1758,14,2300,15,0,16,1000,5,7,4,376,3,86,2,1,1,585,0,0,-1,0,-2,0,-3,0,-4,0,-5,0,13321,1055
1773521347,6,4,6,2076,7,1482,8,58,9,582,10,3556,11,317,12,0,13,1758,14,2300,15,0,16,1000,4,483,3,86,2,1,1,585,0,0,-1,0,-2,0,-3,0,-4,0,-5,0,-6,0,13129,1155
1773521348,6,4,6,2076,7,1482,8,58,9,582,10,3556,11,356,12,0,13,1758,14,2300,15,0,16,1000,4,473,3,86,2,1,1,585,0,0,-1,0,-2,0,-3,0,-4,0,-5,0,-6,0,13168,1145
1773521349,6,4,6,2076,7,1345,8,58,9,582,10,3556,11,356,12,0,13,1758,14,2300,15,0,16,1000,4,473,3,86,2,1,1,585,0,0,-1,0,-2,0,-3,0,-4,0,-5,0,-6,0,13031,1145
1773521350,6,4,6,2076,7,1345,8,58,9,582,10,3556,11,356,12,0,13,1758,14,2300,15,0,16,1000,4,473,3,86,2,1,1,585,0,0,-1,0,-2,0,-3,0,-4,0,-5,0,-6,0,13031,1145
1773521351,6,5,6,1076,7,1345,8,1658,9,1181,10,3556,11,20,12,345,13,1758,14,2300,15,0,16,0,5,250,4,216,3,93,2,1,1,584,0,0,-1,0,-2,0,-3,0,-4,0,-5,0,13239,1144
1773521352,6,5,6,576,7,1346,8,1657,9,1181,10,3556,11,20,12,345,13,1758,14,0,15,2300,16,0,5,350,4,60,3,94,2,112,1,584,0,0,-1,0,-2,0,-3,0,-4,0,-5,0,12739,1200
1773521353,6,5,6,576,7,1346,8,1657,9,1181,10,3556,11,20,12,345,13,1758,14,0,15,2300,16,0,5,350,4,60,3,94,2,112,1,584,0,0,-1,0,-2,0,-3,0,-4,0,-5,0,12739,1200
1773521354,6,5,6,183,7,1346,8,1657,9,1181,10,3000,11,214,12,0,13,258,14,1500,15,2300,16,0,5,406,4,172,3,38,2,0,1,584,0,0,-1,0,-2,0,-3,0,-4,0,-5,0,11639,1200
1773521355,6,5,6,183,7,1346,8,1657,9,1181,10,3000,11,214,12,0,13,258,14,1500,15,2300,16,0,5,406,4,172,3,37,2,1,1,584,0,0,-1,0,-2,0,-3,0,-4,0,-5,0,11639,1200
1773521356,6,5,6,183,7,1346,8,1657,9,1181,10,3000,11,214,12,0,13,258,14,1500,15,2300,16,1000,5,406,4,172,3,37,2,1,1,584,0,0,-1,0,-2,0,-3,0,-4,0,-5,0,12639,1200
1773521357,6,5,6,243,7,1286,8,1657,9,1181,10,3000,11,20,12,436,13,258,14,1500,15,2300,16,0,5,466,4,56,3,37,2,1,1,584,0,0,-1,0,-2,0,-3,0,-4,0,-5,0,11881,1144
1773521358,6,5,6,228,7,1286,8,1657,9,1181,10,3000,11,20,12,334,13,258,14,1500,15,2300,16,0,5,466,4,56,3,37,2,1,1,584,0,0,-1,0,-2,0,-3,0,-4,0,-5,0,11764,1144
1773521359,6,5,6,228,7,1286,8,1657,9,1181,10,3000,11,20,12,326,13,258,14,1500,15,2300,16,0,5,466,4,56,3,37,2,1,1,584,0,0,-1,0,-2,0,-3,0,-4,0,-5,0,11756,1144
1773521360,6,5,6,228,7,1286,8,1657,9,1181,10,3000,11,20,12,326,13,258,14,1500,15,2300,16,0,5,466,4,56,3,37,2,1,1,584,0,0,-1,0,-2,0,-3,0,-4,0,-5,0,11756,1144
1773521361,6,5,6,228,7,1286,8,1657,9,1181,10,3000,11,20,12,326,13,258,14,1500,15,2300,16,0,5,466,4,56,3,37,2,1,1,584,0,0,-1,0,-2,0,-3,0,-4,0,-5,0,11756,1144
1773521362,6,5,6,228,7,1286,8,1657,9,1181,10,3000,11,20,12,326,13,258,14,1500,15,2300,16,0,5,466,4,56,3,37,2,1,1,584,0,0,-1,0,-2,0,-3,0,-4,0,-5,0,11756,1144
1773521363,6,5,6,228,7,1286,8,1657,9,1181,10,3000,11,20,12,326,13,258,14,1500,15,2300,16,0,5,466,4,56,3,37,2,1,1,584,0,0,-1,0,-2,0,-3,0,-4,0,-5,0,11756,1144
1773521364,6,5,6,228,7,1286,8,1657,9,1181,10,3000,11,20,12,326,13,258,14,1500,15,2300,16,0,5,472,4,56,3,30,2,1,1,584,0,0,-1,0,-2,0,-3,0,-4,0,-5,0,11756,1143
1773521365,6,5,6,60,7,1896,8,1881,9,1153,10,3084,11,20,12,329,13,0,14,1500,15,2300,16,0,5,472,4,56,3,30,2,85,1,500,0,0,-1,0,-2,0,-3,0,-4,0,-5,0,12223,1143
1773521366,6,5,6,676,7,1560,8,1057,9,497,10,3084,11,620,12,1050,13,0,14,1500,15,2300,16,0,5,472,4,56,3,30,2,85,1,500,0,0,-1,0,-2,0,-3,0,-4,0,-5,0,12344,1143
1773521367,6,5,6,1176,7,1560,8,1057,9,497,10,3084,11,620,12,1120,13,0,14,1500,15,2300,16,0,5,472,4,56,3,30,2,85,1,500,0,0,-1,0,-2,0,-3,0,-4,0,-5,0,12914,1143
1773521368,6,5,6,1176,7,1560,8,1057,9,497,10,3084,11,620,12,1120,13,1500,14,0,15,2300,16,0,5,466,4,62,3,30,2,85,1,500,0,0,-1,0,-2,0,-3,0,-4,0,-5,0,12914,1143
1773521369,6,5,6,1176,7,1560,8,1057,9,497,10,3084,11,620,12,1120,13,1500,14,0,15,2300,16,0,5,466,4,62,3,30,2,85,1,500,0,0,-1,0,-2,0,-3,0,-4,0,-5,0,12914,1143
1773521370,6,5,6,1176,7,1560,8,1057,9,497,10,3084,11,620,12,1017,13,1500,14,0,15,2300,16,0,5,466,4,62,3,30,2,85,1,500,0,0,-1,0,-2,0,-3,0,-4,0,-5,0,12811,1143
1773521371,6,5,6,1176,7,1560,8,1057,9,497,10,3084,11,620,12,1017,13,1500,14,0,15,2300,16,0,5,466,4,62,3,30,2,85,1,500,0,0,-1,0,-2,0,-3,0,-4,0,-5,0,12811,1143
1773521372,6,5,6,1176,7,1560,8,1057,9,497,10,3084,11,620,12,1017,13,1500,14,0,15,2300,16,0,5,466,4,62,3,30,2,85,1,500,0,0,-1,0,-2,0,-3,0,-4,0,-5,0,12811,1143
1773521373,6,5,6,1176,7,1560,8,1057,9,497,10,3084,11,620,12,1017,13,1500,14,2300,15,0,16,0,5,466,4,62,3,30,2,85,1,500,0,0,-1,0,-2,0,-3,0,-4,0,-5,0,12811,1143
1773521374,6,5,6,608,7,1896,8,1281,9,553,10,3084,11,620,12,600,13,2278,14,2300,15,0,16,0,5,466,4,158,3,30,2,85,1,500,0,0,-1,0,-2,0,-3,0,-4,0,-5,0,13220,1239
1773521375,6,5,6,108,7,1896,8,1281,9,553,10,3084,11,620,12,600,13,778,14,1500,15,2300,16,0,5,466,4,160,3,30,2,85,1,500,0,0,-1,0,-2,0,-3,0,-4,0,-5,0,12720,1241
1773521376,6,5,6,60,7,1896,8,1281,9,553,10,3084,11,620,12,654,13,575,14,1500,15,2300,16,0,5,466,4,160,3,30,2,85,1,500,0,0,-1,0,-2,0,-3,0,-4,0,-5,0,12523,1241
1773521377,6,5,6,60,7,1896,8,1281,9,553,10,3084,11,620,12,654,13,575,14,1500,15,2300,16,0,5,466,4,160,3,30,2,85,1,500,0,0,-1,0,-2,0,-3,0,-4,0,-5,0,12523,1241
1773521378,6,5,6,60,7,1896,8,1281,9,553,10,3084,11,620,12,654,13,575,14,1500,15,2300,16,0,5,466,4,160,3,30,2,85,1,500,0,0,-1,0,-2,0,-3,0,-4,0,-5,0,12523,1241
1773521379,6,5,6,60,7,1896,8,1281,9,553,10,3084,11,620,12,600,13,708,14,1500,15,2300,16,0,5,466,4,160,3,30,2,85,1,500,0,0,-1,0,-2,0,-3,0,-4,0,-5,0,12602,1241
1773521380,6,5,6,60,7,1896,8,1281,9,553,10,3084,11,620,12,654,13,575,14,1500,15,2300,16,0,5,466,4,160,3,30,2,85,1,500,0,0,-1,0,-2,0,-3,0,-4,0,-5,0,12523,1241
1773521381,6,5,6,60,7,1896,8,1281,9,553,10,3084,11,620,12,868,13,575,14,1500,15,2300,16,0,5,466,4,160,3,30,2,85,1,500,0,0,-1,0,-2,0,-3,0,-4,0,-5,0,12737,1241
1773521382,6,5,6,60,7,1896,8,1281,9,553,10,3084,11,620,12,829,13,575,14,1500,15,2300,16,0,5,466,4,160,3,30,2,85,1,500,0,0,-1,0,-2,0,-3,0,-4,0,-5,0,12698,1241
1773521383,6,5,6,60,7,1896,8,1281,9,553,10,3084,11,620,12,600,13,668,14,1500,15,2300,16,0,5,466,4,160,3,30,2,85,1,500,0,0,-1,0,-2,0,-3,0,-4,0,-5,0,12562,1241
1773521384,6,5,6,60,7,1896,8,1281,9,553,10,3084,11,620,12,600,13,668,14,1500,15,2300,16,0,5,466,4,160,3,30,2,85,1,500,0,0,-1,0,-2,0,-3,0,-4,0,-5,0,12562,1241
1773521385,6,5,6,60,7,1896,8,1281,9,553,10,3084,11,620,12,868,13,575,14,1500,15,2300,16,0,5,466,4,160,3,30,2,85,1,500,0,0,-1,0,-2,0,-3,0,-4,0,-5,0,12737,1241
1773521386,6,5,6,4,7,1896,8,1281,9,553,10,3084,11,620,12,1436,13,0,14,1500,15,2300,16,0,5,522,4,19,3,30,2,585,1,696,0,0,-1,0,-2,0,-3,0,-4,0,-5,0,12674,1852
1773521387,7,6,7,621,8,1282,9,1553,10,3084,11,680,12,1168,13,305,14,1500,15,0,16,2300,17,0,6,462,5,56,4,19,3,31,2,584,1,31513,0,0,-1,0,-2,0,-3,0,-4,0,12493,32665
1773521388,7,6,7,621,8,1282,9,1553,10,3084,11,680,12,1168,13,305,14,1500,15,0,16,2300,17,0,6,462,5,56,4,19,3,31,2,584,1,31513,0,0,-1,0,-2,0,-3,0,-4,0,12493,32665
1773521389,7,6,7,621,8,1282,9,1553,10,3000,11,164,12,568,13,292,14,1500,15,0,16,2300,17,0,6,462,5,56,4,19,3,31,2,1097,1,31380,0,0,-1,0,-2,0,-3,0,-4,0,11280,33045
1773521390,7,6,7,1121,8,1282,9,1553,10,3000,11,164,12,568,13,406,14,1500,15,0,16,2300,17,0,6,462,5,56,4,19,3,31,2,1097,1,31380,0,0,-1,0,-2,0,-3,0,-4,0,11894,33045
1773521391,7,6,7,1121,8,1282,9,1553,10,3000,11,164,12,568,13,406,14,1500,15,0,16,2300,17,0,6,462,5,56,4,19,3,31,2,1097,1,31380,0,0,-1,0,-2,0,-3,0,-4,0,11894,33045
1773521392,7,6,7,1121,8,1282,9,1553,10,3000,11,164,12,568,13,406,14,1500,15,0,16,2300,17,0,6,462,5,56,4,19,3,31,2,1097,1,31380,0,0,-1,0,-2,0,-3,0,-4,0,11894,33045
1773521393,7,6,7,1229,8,1282,9,1553,10,3084,11,80,12,568,13,406,14,1500,15,0,16,2300,17,0,6,462,5,56,4,19,3,31,2,1097,1,31380,0,0,-1,0,-2,0,-3,0,-4,0,12002,33045
1773521394,7,6,7,1229,8,1282,9,1553,10,3084,11,80,12,568,13,406,14,1500,15,0,16,2300,17,0,6,462,5,56,4,19,3,31,2,1097,1,31380,0,0,-1,0,-2,0,-3,0,-4,0,12002,33045
1773521395,7,6,7,1229,8,1282,9,1553,10,3084,11,80,12,568,13,401,14,1500,15,0,16,2300,17,0,6,462,5,56,4,19,3,31,2,1097,1,31380,0,0,-1,0,-2,0,-3,0,-4,0,11997,33045
1773521396,7,6,7,1229,8,1282,9,1553,10,3084,11,80,12,568,13,401,14,1500,15,0,16,2300,17,0,6,462,5,71,4,0,3,31,2,1097,1,31380,0,0,-1,0,-2,0,-3,0,-4,0,11997,33041
1773521397,7,6,7,1229,8,1282,9,1553,10,3084,11,80,12,568,13,398,14,1500,15,2300,16,0,17,0,6,462,5,71,4,0,3,31,2,597,1,31380,0,0,-1,0,-2,0,-3,0,-4,0,11994,32541
1773521398,7,6,7,1229,8,1282,9,1553,10,3084,11,80,12,568,13,398,14,1500,15,2300,16,0,17,0,6,462,5,71,4,0,3,31,2,597,1,31380,0,0,-1,0,-2,0,-3,0,-4,0,11994,32541
1773521399,7,6,7,1229,8,1282,9,1553,10,3084,11,80,12,568,13,398,14,1500,15,2300,16,0,17,0,6,462,5,71,4,0,3,31,2,597,1,31380,0,0,-1,0,-2,0,-3,0,-4,0,11994,32541
1773521400,7,6,7,1229,8,1282,9,1553,10,3084,11,80,12,568,13,398,14,1500,15,2300,16,0,17,0,6,462,5,71,4,0,3,31,2,597,1,31380,0,0,-1,0,-2,0,-3,0,-4,0,11994,32541
1773521401,7,6,7,1229,8,1282,9,1553,10,3084,11,80,12,568,13,217,14,1500,15,2300,16,0,17,0,6,462,5,71,4,0,3,31,2,597,1,31379,0,0,-1,0,-2,0,-3,0,-4,0,11813,32540
1773521402,7,6,7,1229,8,1282,9,1553,10,3084,11,80,12,568,13,217,14,1500,15,2300,16,0,17,0,6,462,5,71,4,0,3,31,2,597,1,31379,0,0,-1,0,-2,0,-3,0,-4,0,11813,32540
1773521403,7,6,7,1229,8,1282,9,1553,10,3084,11,80,12,568,13,217,14,1500,15,2300,16,0,17,0,6,462,5,71,4,0,3,31,2,597,1,31379,0,0,-1,0,-2,0,-3,0,-4,0,11813,32540
1773521404,7,6,7,1229,8,1282,9,1553,10,3084,11,80,12,0,13,217,14,1500,15,2300,16,0,17,0,6,462,5,71,4,0,3,31,2,597,1,31379,0,0,-1,0,-2,0,-3,0,-4,0,11245,32540
1773521405,7,6,7,1229,8,1282,9,1553,10,3000,11,80,12,84,13,792,14,1500,15,2300,16,0,17,0,6,462,5,71,4,0,3,31,2,787,1,31379,0,0,-1,0,-2,0,-3,0,-4,0,11820,32730
1773521406,7,6,7,772,8,1001,9,1497,10,3000,11,80,12,0,13,575,14,1919,15,2300,16,0,17,0,6,410,5,15,4,0,3,31,2,703,1,1624,0,0,-1,0,-2,0,-3,0,-4,0,11144,2783
1773521407,7,6,7,910,8,1527,9,1687,10,3038,11,80,12,0,13,575,14,1945,15,2300,16,0,17,0,6,410,5,15,4,38,3,107,2,703,1,31624,0,0,-1,0,-2,0,-3,0,-4,0,12062,32897
1773521408,7,6,7,295,8,1109,9,1497,10,3000,11,80,12,0,13,575,14,69,15,4433,16,715,17,0,6,410,5,15,4,1,3,30,2,1013,1,1624,0,0,-1,0,-2,0,-3,0,-4,0,11773,3093
1773521409,7,6,7,295,8,1109,9,1497,10,3000,11,80,12,0,13,575,14,275,15,4433,16,715,17,0,6,410,5,15,4,1,3,30,2,1013,1,1624,0,0,-1,0,-2,0,-3,0,-4,0,11979,3093
1773521410,7,6,7,295,8,1571,9,1707,10,3042,11,80,12,0,13,575,14,369,15,2133,16,3015,17,0,6,452,5,57,4,1,3,30,2,513,1,31624,0,0,-1,0,-2,0,-3,0,-4,0,12787,32677
1773521411,7,6,7,573,8,1571,9,1707,10,3042,11,80,12,75,13,575,14,269,15,2133,16,3015,17,0,6,502,5,57,4,0,3,530,2,933,1,30745,0,0,-1,0,-2,0,-3,0,-4,0,13040,32767
1773521412,7,6,7,295,8,1571,9,1707,10,3042,11,80,12,75,13,575,14,269,15,2133,16,3015,17,0,6,502,5,57,4,0,3,610,2,858,1,30745,0,0,-1,0,-2,0,-3,0,-4,0,12762,32772
1773521413,7,6,7,295,8,1571,9,1707,10,3042,11,80,12,75,13,575,14,269,15,2133,16,3015,17,0,6,502,5,57,4,0,3,610,2,858,1,30745,0,0,-1,0,-2,0,-3,0,-4,0,12762,32772
1773521414,7,6,7,295,8,1571,9,1707,10,3042,11,80,12,75,13,575,14,269,15,2133,16,3015,17,0,6,502,5,57,4,0,3,610,2,858,1,30745,0,0,-1,0,-2,0,-3,0,-4,0,12762,32772
1773521415,7,6,7,295,8,1571,9,1707,10,3042,11,80,12,75,13,575,14,269,15,2133,16,3015,17,0,6,502,5,57,4,0,3,610,2,858,1,30745,0,0,-1,0,-2,0,-3,0,-4,0,12762,32772
1773521416,7,6,7,295,8,1571,9,1707,10,3042,11,80,12,75,13,575,14,269,15,2133,16,3015,17,0,6,502,5,57,4,0,3,610,2,858,1,30745,0,0,-1,0,-2,0,-3,0,-4,0,12762,32772
1773521417,7,6,7,295,8,1571,9,1707,10,3042,11,80,12,75,13,575,14,269,15,2133,16,3015,17,0,6,502,5,57,4,0,3,610,2,858,1,30745,0,0,-1,0,-2,0,-3,0,-4,0,12762,32772
1773521418,7,6,7,295,8,1571,9,1707,10,3042,11,80,12,75,13,575,14,269,15,2133,16,3015,17,0,6,502,5,57,4,0,3,610,2,858,1,30745,0,0,-1,0,-2,0,-3,0,-4,0,12762,32772
1773521419,7,6,7,295,8,1571,9,1707,10,3042,11,80,12,75,13,575,14,269,15,2133,16,3015,17,0,6,502,5,57,4,0,3,610,2,858,1,30745,0,0,-1,0,-2,0,-3,0,-4,0,12762,32772
1773521420,7,6,7,295,8,1571,9,1707,10,3042,11,80,12,75,13,575,14,269,15,2133,16,3015,17,0,6,502,5,157,4,0,3,610,2,858,1,30745,0,0,-1,0,-2,0,-3,0,-4,0,12762,32872
1773521421,7,6,7,295,8,1740,9,1707,10,42,11,80,12,0,13,84,14,850,15,2133,16,3015,17,0,6,502,5,331,4,1,3,610,2,857,1,30745,0,0,-1,0,-2,0,-3,0,-4,0,9946,33046
1773521422,7,6,7,330,8,1740,9,1707,10,42,11,80,12,0,13,84,14,850,15,2133,16,3015,17,0,6,502,5,220,4,1,3,610,2,906,1,30745,0,0,-1,0,-2,0,-3,0,-4,0,9981,32984
1773521423,7,6,7,330,8,2240,9,1707,10,42,11,80,12,0,13,84,14,850,15,2133,16,3015,17,0,6,502,5,220,4,1,3,610,2,906,1,30745,0,0,-1,0,-2,0,-3,0,-4,0,10481,32984
1773521424,7,6,7,330,8,2240,9,1707,10,42,11,80,12,0,13,84,14,920,15,2133,16,3015,17,0,6,502,5,220,4,1,3,610,2,906,1,30745,0,0,-1,0,-2,0,-3,0,-4,0,10551,32984
1773521425,7,6,7,295,8,2240,9,1707,10,42,11,80,12,0,13,84,14,920,15,2133,16,3015,17,0,6,502,5,220,4,1,3,610,2,906,1,30745,0,0,-1,0,-2,0,-3,0,-4,0,10516,32984
1773521426,7,6,7,295,8,2240,9,1707,10,42,11,80,12,0,13,84,14,920,15,1500,16,2300,17,0,6,502,5,222,4,1,3,610,2,906,1,30745,0,0,-1,0,-2,0,-3,0,-4,0,9168,32986
1773521427,7,6,7,295,8,2240,9,1707,10,42,11,80,12,0,13,84,14,920,15,1500,16,2300,17,0,6,502,5,222,4,1,3,610,2,906,1,30745,0,0,-1,0,-2,0,-3,0,-4,0,9168,32986
1773521428,7,6,7,295,8,2240,9,1707,10,42,11,164,12,266,13,0,14,581,15,1500,16,2300,17,0,6,452,5,222,4,1,3,110,2,472,1,31623,0,0,-1,0,-2,0,-3,0,-4,0,9095,32880
1773521429,7,6,7,295,8,2240,9,1707,10,42,11,164,12,266,13,0,14,581,15,1500,16,2300,17,0,6,452,5,222,4,1,3,110,2,472,1,31623,0,0,-1,0,-2,0,-3,0,-4,0,9095,32880
1773521430,7,6,7,295,8,2240,9,1707,10,42,11,164,12,266,13,0,14,581,15,1500,16,2300,17,0,6,452,5,222,4,1,3,110,2,472,1,31623,0,0,-1,0,-2,0,-3,0,-4,0,9095,32880
1773521431,7,6,7,295,8,2240,9,1707,10,42,11,164,12,266,13,0,14,581,15,1500,16,2300,17,0,6,452,5,222,4,1,3,110,2,472,1,31623,0,0,-1,0,-2,0,-3,0,-4,0,9095,32880
1773521432,7,6,7,295,8,2240,9,1707,10,42,11,164,12,266,13,0,14,581,15,1500,16,2300,17,0,6,452,5,222,4,1,3,110,2,472,1,31623,0,0,-1,0,-2,0,-3,0,-4,0,9095,32880
1773521433,7,6,7,295,8,2240,9,1707,10,42,11,164,12,266,13,0,14,581,15,1500,16,2300,17,0,6,452,5,222,4,1,3,110,2,472,1,31623,0,0,-1,0,-2,0,-3,0,-4,0,9095,32880
1773521434,7,6,7,295,8,2240,9,1707,10,42,11,164,12,266,13,0,14,581,15,1500,16,2300,17,0,6,452,5,222,4,1,3,110,2,472,1,31623,0,0,-1,0,-2,0,-3,0,-4,0,9095,32880
1773521435,7,6,7,295,8,2240,9,1707,10,42,11,164,12,342,13,0,14,581,15,1500,16,2300,17,0,6,452,5,222,4,1,3,110,2,472,1,31622,0,0,-1,0,-2,0,-3,0,-4,0,9171,32879
1773521436,7,6,7,295,8,2240,9,1707,10,42,11,164,12,342,13,0,14,581,15,1500,16,2300,17,0,6,452,5,222,4,1,3,110,2,472,1,31622,0,0,-1,0,-2,0,-3,0,-4,0,9171,32879
1773521437,7,6,7,295,8,2240,9,1707,10,42,11,164,12,342,13,0,14,581,15,1500,16,2300,17,0,6,452,5,222,4,1,3,110,2,472,1,31622,0,0,-1,0,-2,0,-3,0,-4,0,9171,32879
1773521438,7,6,7,295,8,2240,9,1707,10,42,11,164,12,910,13,0,14,0,15,1500,16,2300,17,0,6,452,5,222,4,1,3,110,2,472,1,31622,0,0,-1,0,-2,0,-3,0,-4,0,9158,32879
1773521439,7,6,7,295,8,2240,9,1707,10,42,11,164,12,910,13,0,14,0,15,1500,16,2300,17,0,6,452,5,222,4,1,3,110,2,472,1,31622,0,0,-1,0,-2,0,-3,0,-4,0,9158,32879
1773521440,7,6,7,911,8,2058,9,1553,10,0,11,164,12,949,13,0,14,0,15,1500,16,2300,17,0,6,310,5,180,4,57,3,30,2,584,1,1200,0,0,-1,0,-2,0,-3,0,-4,0,9435,2361
1773521441,7,6,7,911,8,2058,9,1553,10,0,11,164,12,949,13,0,14,0,15,1500,16,2300,17,0,6,310,5,180,4,56,3,31,2,584,1,1723,0,0,-1,0,-2,0,-3,0,-4,0,9435,2884
1773521442,7,6,7,911,8,2058,9,1553,10,0,11,164,12,949,13,0,14,0,15,1500,16,2300,17,0,6,310,5,180,4,56,3,31,2,584,1,1723,0,0,-1,0,-2,0,-3,0,-4,0,9435,2884
1773521443,7,6,7,911,8,2058,9,1553,10,0,11,164,12,381,13,575,14,0,15,1500,16,2300,17,0,6,310,5,180,4,56,3,31,2,584,1,1723,0,0,-1,0,-2,0,-3,0,-4,0,9442,2884
1773521444,7,6,7,911,8,2058,9,1553,10,0,11,164,12,381,13,575,14,0,15,1500,16,2300,17,0,6,310,5,180,4,56,3,31,2,774,1,31723,0,0,-1,0,-2,0,-3,0,-4,0,9442,33074
1773521445,7,6,7,911,8,2058,9,1553,10,0,11,164,12,381,13,575,14,0,15,1500,16,2300,17,0,6,310,5,180,4,56,3,31,2,774,1,31723,0,0,-1,0,-2,0,-3,0,-4,0,9442,33074
1773521446,7,6,7,295,8,1617,9,1777,10,56,11,164,12,266,13,1175,14,600,15,1500,16,2300,17,0,6,466,5,236,4,1,3,114,2,190,1,31899,0,0,-1,0,-2,0,-3,0,-4,0,9750,32906
1773521447,7,6,7,295,8,1617,9,1777,10,56,11,164,12,266,13,1175,14,715,15,1500,16,2300,17,0,6,466,5,236,4,0,3,115,2,500,1,31899,0,0,-1,0,-2,0,-3,0,-4,0,9865,33216
1773521448,7,6,7,295,8,1617,9,1777,10,56,11,164,12,266,13,1175,14,715,15,1500,16,2300,17,0,6,466,5,236,4,0,3,115,2,549,1,31899,0,0,-1,0,-2,0,-3,0,-4,0,9865,33265
1773521449,7,6,7,295,8,1617,9,1777,10,56,11,164,12,266,13,1175,14,715,15,1500,16,2300,17,0,6,466,5,236,4,0,3,115,2,549,1,31899,0,0,-1,0,-2,0,-3,0,-4,0,9865,33265
1773521450,7,6,7,295,8,1617,9,1777,10,56,11,164,12,266,13,1175,14,715,15,1500,16,2300,17,0,6,466,5,236,4,1,3,114,2,549,1,31899,0,0,-1,0,-2,0,-3,0,-4,0,9865,33265
1773521451,7,6,7,295,8,1617,9,1777,10,56,11,164,12,266,13,1175,14,715,15,1500,16,2300,17,0,6,466,5,236,4,1,3,114,2,549,1,31899,0,0,-1,0,-2,0,-3,0,-4,0,9865,33265
1773521452,7,6,7,295,8,1617,9,1777,10,56,11,164,12,266,13,1175,14,715,15,1500,16,2300,17,0,6,466,5,236,4,1,3,114,2,549,1,31899,0,0,-1,0,-2,0,-3,0,-4,0,9865,33265
1773521453,7,6,7,295,8,1617,9,1777,10,56,11,164,12,266,13,1175,14,715,15,1500,16,2300,17,0,6,466,5,236,4,1,3,114,2,549,1,31899,0,0,-1,0,-2,0,-3,0,-4,0,9865,33265
1773521454,7,6,7,295,8,1617,9,1777,10,56,11,164,12,266,13,1175,14,715,15,1500,16,2300,17,0,6,466,5,236,4,1,3,114,2,549,1,31899,0,0,-1,0,-2,0,-3,0,-4,0,9865,33265
1773521455,7,6,7,295,8,1617,9,1777,10,56,11,164,12,266,13,1175,14,715,15,1500,16,2300,17,0,6,466,5,236,4,1,3,114,2,549,1,31899,0,0,-1,0,-2,0,-3,0,-4,0,9865,33265
1773521456,7,6,7,548,8,1617,9,1777,10,56,11,164,12,266,13,1175,14,715,15,1500,16,2300,17,0,6,466,5,243,4,1,3,114,2,549,1,31899,0,0,-1,0,-2,0,-3,0,-4,0,10118,33272
1773521457,7,6,7,548,8,1617,9,1777,10,56,11,164,12,266,13,1175,14,715,15,1500,16,2300,17,0,6,466,5,243,4,1,3,114,2,549,1,31899,0,0,-1,0,-2,0,-3,0,-4,0,10118,33272
1773521458,7,6,7,548,8,1617,9,1777,10,56,11,164,12,266,13,1175,14,715,15,1500,16,2300,17,0,6,466,5,243,4,1,3,114,2,549,1,31899,0,0,-1,0,-2,0,-3,0,-4,0,10118,33272
1773521459,7,6,7,548,8,1617,9,1777,10,56,11,164,12,292,13,1175,14,715,15,1500,16,2300,17,0,6,466,5,243,4,1,3,114,2,549,1,31899,0,0,-1,0,-2,0,-3,0,-4,0,10144,33272
1773521460,7,6,7,522,8,1617,9,1777,10,56,11,164,12,292,13,1175,14,715,15,1500,16,2300,17,0,6,466,5,243,4,1,3,114,2,549,1,31899,0,0,-1,0,-2,0,-3,0,-4,0,10118,33272
1773521461,7,6,7,769,8,1617,9,1777,10,56,11,164,12,292,13,575,14,0,15,1500,16,2300,17,0,6,466,5,277,4,1,3,114,2,549,1,31898,0,0,-1,0,-2,0,-3,0,-4,0,9050,33305
1773521462,7,6,7,769,8,1617,9,1777,10,56,11,164,12,292,13,575,14,0,15,1500,16,2300,17,0,6,466,5,277,4,1,3,114,2,549,1,31898,0,0,-1,0,-2,0,-3,0,-4,0,9050,33305
1773521463,7,6,7,869,8,1617,9,1777,10,56,11,164,12,362,13,575,14,0,15,1500,16,2300,17,0,6,466,5,229,4,1,3,114,2,549,1,31898,0,0,-1,0,-2,0,-3,0,-4,0,9220,33257
1773521464,7,6,7,869,8,1617,9,1777,10,56,11,164,12,362,13,575,14,0,15,1500,16,2300,17,0,6,466,5,229,4,1,3,114,2,549,1,31898,0,0,-1,0,-2,0,-3,0,-4,0,9220,33257
1773521465,7,6,7,769,8,1617,9,1777,10,56,11,164,12,362,13,575,14,0,15,1500,16,2300,17,0,6,466,5,229,4,1,3,114,2,549,1,31898,0,0,-1,0,-2,0,-3,0,-4,0,9120,33257
1773521466,7,6,7,769,8,1617,9,1777,10,56,11,164,12,362,13,575,14,0,15,1500,16,2300,17,0,6,466,5,229,4,1,3,114,2,549,1,31898,0,0,-1,0,-2,0,-3,0,-4,0,9120,33257
1773521467,7,6,7,769,8,1617,9,1777,10,56,11,164,12,362,13,575,14,1500,15,0,16,2300,17,0,6,466,5,229,4,1,3,114,2,549,1,31898,0,0,-1,0,-2,0,-3,0,-4,0,9120,33257
1773521468,7,6,7,769,8,1617,9,1777,10,56,11,164,12,362,13,575,14,1500,15,2300,16,0,17,0,6,466,5,229,4,1,3,114,2,549,1,31898,0,0,-1,0,-2,0,-3,0,-4,0,9120,33257
1773521469,7,6,7,769,8,1617,9,1777,10,56,11,164,12,362,13,575,14,1500,15,2300,16,0,17,0,6,466,5,229,4,1,3,114,2,549,1,31898,0,0,-1,0,-2,0,-3,0,-4,0,9120,33257
1773521470,7,6,7,1085,8,1617,9,1777,10,56,11,164,12,379,13,575,14,1500,15,2300,16,0,17,0,6,466,5,229,4,1,3,114,2,549,1,31898,0,0,-1,0,-2,0,-3,0,-4,0,9453,33257
1773521471,7,6,7,1085,8,1617,9,1777,10,56,11,164,12,379,13,575,14,1500,15,2300,16,0,17,0,6,466,5,229,4,1,3,114,2,549,1,31898,0,0,-1,0,-2,0,-3,0,-4,0,9453,33257
1773521472,7,6,7,1085,8,1617,9,1777,10,56,11,164,12,379,13,575,14,1500,15,2300,16,0,17,0,6,466,5,225,4,1,3,114,2,549,1,31898,0,0,-1,0,-2,0,-3,0,-4,0,9453,33253
1773521473,7,6,7,1040,8,1617,9,1777,10,56,11,164,12,379,13,575,14,1500,15,2600,16,0,17,0,6,466,5,225,4,1,3,114,2,549,1,31898,0,0,-1,0,-2,0,-3,0,-4,0,9708,33253
1773521474,7,6,7,1040,8,1617,9,1777,10,56,11,164,12,336,13,575,14,1500,15,2600,16,0,17,0,6,466,5,225,4,1,3,114,2,549,1,31898,0,0,-1,0,-2,0,-3,0,-4,0,9665,33253
1773521475,7,6,7,1040,8,1617,9,1777,10,56,11,726,12,336,13,0,14,1500,15,2600,16,0,17,0,6,466,5,225,4,1,3,114,2,549,1,31898,0,0,-1,0,-2,0,-3,0,-4,0,9652,33253
1773521476,7,6,7,1656,8,1281,9,1553,10,0,11,726,12,375,13,0,14,1500,15,2600,16,0,17,0,6,466,5,225,4,1,3,114,2,549,1,31897,0,0,-1,0,-2,0,-3,0,-4,0,9691,33252
1773521477,7,6,7,1656,8,1281,9,1553,10,0,11,726,12,375,13,0,14,1500,15,2600,16,0,17,0,6,466,5,225,4,1,3,114,2,549,1,31897,0,0,-1,0,-2,0,-3,0,-4,0,9691,33252
1773521478,7,6,7,1656,8,1281,9,1553,10,0,11,164,12,375,13,575,14,1500,15,2600,16,0,17,0,6,466,5,225,4,1,3,114,2,549,1,31897,0,0,-1,0,-2,0,-3,0,-4,0,9704,33252
1773521479,7,6,7,1656,8,1281,9,1553,10,0,11,164,12,375,13,575,14,1500,15,2600,16,0,17,0,6,466,5,225,4,1,3,114,2,549,1,31897,0,0,-1,0,-2,0,-3,0,-4,0,9704,33252
1773521480,7,6,7,1656,8,1281,9,1553,10,0,11,164,12,375,13,575,14,1500,15,2600,16,0,17,0,6,466,5,225,4,1,3,114,2,549,1,31897,0,0,-1,0,-2,0,-3,0,-4,0,9704,33252
1773521481,7,6,7,1656,8,1281,9,1553,10,0,11,164,12,375,13,575,14,1500,15,2600,16,0,17,0,6,466,5,225,4,1,3,114,2,549,1,31897,0,0,-1,0,-2,0,-3,0,-4,0,9704,33252
1773521482,7,6,7,1656,8,1281,9,1553,10,0,11,164,12,375,13,575,14,1500,15,2600,16,0,17,0,6,466,5,225,4,1,3,114,2,549,1,31897,0,0,-1,0,-2,0,-3,0,-4,0,9704,33252
1773521483,7,6,7,1656,8,1281,9,1553,10,0,11,164,12,375,13,575,14,1500,15,2600,16,0,17,0,6,466,5,225,4,1,3,114,2,549,1,31897,0,0,-1,0,-2,0,-3,0,-4,0,9704,33252
1773521484,7,6,7,1656,8,1281,9,1553,10,0,11,164,12,375,13,575,14,1500,15,2600,16,0,17,0,6,466,5,225,4,1,3,114,2,549,1,31897,0,0,-1,0,-2,0,-3,0,-4,0,9704,33252
1773521485,7,6,7,1656,8,1281,9,1553,10,0,11,726,12,375,13,0,14,1500,15,2600,16,0,17,0,6,466,5,225,4,1,3,114,2,549,1,31897,0,0,-1,0,-2,0,-3,0,-4,0,9691,33252
1773521486,7,6,7,1654,8,1281,9,1553,10,0,11,726,12,375,13,0,14,1500,15,2600,16,0,17,0,6,466,5,270,4,1,3,114,2,549,1,31897,0,0,-1,0,-2,0,-3,0,-4,0,9689,33297
1773521487,7,6,7,1038,8,1001,9,1497,10,0,11,642,12,336,13,0,14,1500,15,2600,16,0,17,0,6,410,5,158,4,0,3,30,2,501,1,1897,0,0,-1,0,-2,0,-3,0,-4,0,8614,2996
1773521488,7,6,7,1038,8,1001,9,1497,10,0,11,642,12,336,13,0,14,1500,15,2600,16,0,17,0,6,410,5,158,4,0,3,30,2,501,1,1880,0,0,-1,0,-2,0,-3,0,-4,0,8614,2979
1773521489,7,6,7,918,8,1408,9,1682,10,37,11,642,12,336,13,0,14,1500,15,2600,16,0,17,0,6,410,5,195,4,37,3,30,2,501,1,31897,0,0,-1,0,-2,0,-3,0,-4,0,9123,33070
1773521490,7,6,7,1446,8,1186,9,1534,10,0,11,642,12,442,13,0,14,1500,15,2600,16,0,17,0,6,458,5,243,4,0,3,30,2,501,1,31970,0,0,-1,0,-2,0,-3,0,-4,0,9350,33202
1773521491,7,6,7,647,8,1001,9,1497,10,0,11,642,12,336,13,177,14,1500,15,2600,16,0,17,0,6,310,5,106,4,0,3,31,2,980,1,1373,0,0,-1,0,-2,0,-3,0,-4,0,8400,2800
1773521492,7,6,7,647,8,1001,9,1497,10,165,11,717,12,351,13,177,14,1500,15,2600,16,0,17,0,6,310,5,106,4,0,3,31,2,980,1,1197,0,0,-1,0,-2,0,-3,0,-4,0,8655,2624
1773521493,7,6,7,1120,8,1216,9,1540,10,0,11,642,12,431,13,177,14,1500,15,300,16,2300,17,0,6,310,5,149,4,43,3,31,2,980,1,1182,0,0,-1,0,-2,0,-3,0,-4,0,9226,2695
1773521494,7,6,7,1120,8,1216,9,1540,10,0,11,717,12,366,13,177,14,1500,15,300,16,2300,17,0,6,310,5,149,4,43,3,31,2,480,1,1669,0,0,-1,0,-2,0,-3,0,-4,0,9236,2682
1773521495,7,6,7,1120,8,1216,9,1540,10,0,11,717,12,366,13,177,14,1500,15,300,16,2300,17,0,6,310,5,149,4,43,3,31,2,480,1,1669,0,0,-1,0,-2,0,-3,0,-4,0,9236,2682
1773521496,7,6,7,1120,8,1216,9,1540,10,80,11,642,12,366,13,177,14,1500,15,300,16,2300,17,0,6,310,5,149,4,43,3,31,2,560,1,1594,0,0,-1,0,-2,0,-3,0,-4,0,9241,2687
1773521497,7,6,7,1120,8,1216,9,1540,10,80,11,642,12,366,13,177,14,1500,15,300,16,2300,17,0,6,310,5,149,4,43,3,31,2,560,1,1594,0,0,-1,0,-2,0,-3,0,-4,0,9241,2687
1773521498,7,6,7,1120,8,1216,9,1540,10,80,11,642,12,366,13,177,14,1500,15,300,16,2300,17,0,6,310,5,149,4,43,3,31,2,560,1,1594,0,0,-1,0,-2,0,-3,0,-4,0,9241,2687
1773521499,7,6,7,1120,8,1216,9,1540,10,80,11,642,12,366,13,177,14,1500,15,2600,16,0,17,0,6,310,5,149,4,43,3,31,2,560,1,1594,0,0,-1,0,-2,0,-3,0,-4,0,9241,2687
1773521500,7,6,7,1120,8,1216,9,1540,10,80,11,642,12,366,13,177,14,1500,15,2600,16,0,17,0,6,310,5,149,4,43,3,31,2,560,1,1594,0,0,-1,0,-2,0,-3,0,-4,0,9241,2687
1773521501,7,6,7,1120,8,1216,9,1540,10,80,11,642,12,366,13,177,14,1500,15,2600,16,0,17,0,6,310,5,149,4,43,3,31,2,560,1,1594,0,0,-1,0,-2,0,-3,0,-4,0,9241,2687
1773521502,7,6,7,1120,8,1216,9,1540,10,80,11,642,12,366,13,177,14,1500,15,2600,16,0,17,0,6,310,5,149,4,43,3,31,2,560,1,1594,0,0,-1,0,-2,0,-3,0,-4,0,9241,2687
1773521503,7,6,7,1120,8,1216,9,1600,10,80,11,582,12,366,13,177,14,1500,15,2600,16,0,17,0,6,102,5,149,4,43,3,31,2,580,1,1594,0,0,-1,0,-2,0,-3,0,-4,0,9241,2499
1773521504,7,6,7,1120,8,1216,9,1600,10,0,11,103,12,934,13,177,14,1500,15,2600,16,0,17,0,6,102,5,149,4,43,3,31,2,580,1,1594,0,0,-1,0,-2,0,-3,0,-4,0,9250,2499
1773521505,7,6,7,752,8,1276,9,1612,10,0,11,103,12,942,13,177,14,1500,15,300,16,2300,17,0,6,157,5,216,4,1,3,113,2,500,1,31373,0,0,-1,0,-2,0,-3,0,-4,0,8962,32360
1773521506,7,6,7,789,8,1276,9,1612,10,0,11,103,12,872,13,177,14,1500,15,300,16,2300,17,0,6,257,5,216,4,0,3,31,2,583,1,31372,0,0,-1,0,-2,0,-3,0,-4,0,8929,32459
1773521507,7,6,7,789,8,1276,9,1612,10,0,11,103,12,304,13,177,14,1500,15,2600,16,0,17,0,6,257,5,216,4,0,3,31,2,583,1,31372,0,0,-1,0,-2,0,-3,0,-4,0,8361,32459
1773521508,7,6,7,789,8,1276,9,1612,10,0,11,103,12,304,13,177,14,1500,15,2600,16,0,17,0,6,257,5,216,4,0,3,31,2,583,1,31372,0,0,-1,0,-2,0,-3,0,-4,0,8361,32459
1773521509,7,6,7,789,8,1276,9,1612,10,0,11,103,12,473,13,177,14,1500,15,2600,16,0,17,0,6,257,5,216,4,0,3,31,2,583,1,31372,0,0,-1,0,-2,0,-3,0,-4,0,8530,32459
1773521510,7,6,7,1789,8,1276,9,612,10,83,11,620,12,1073,13,177,14,1500,15,2600,16,0,17,0,6,55,5,566,4,0,3,31,2,583,1,1273,0,0,-1,0,-2,0,-3,0,-4,0,9730,2508
1773521511,7,6,7,1789,8,1276,9,612,10,83,11,620,12,1188,13,177,14,1500,15,2600,16,0,17,0,6,55,5,566,4,0,3,31,2,583,1,1599,0,0,-1,0,-2,0,-3,0,-4,0,9845,2834
1773521512,7,6,7,1789,8,1276,9,612,10,83,11,620,12,1188,13,177,14,1500,15,2600,16,0,17,0,6,55,5,566,4,0,3,31,2,583,1,1599,0,0,-1,0,-2,0,-3,0,-4,0,9845,2834
1773521513,7,6,7,1789,8,1276,9,612,10,83,11,620,12,1188,13,177,14,1500,15,2600,16,0,17,0,6,55,5,566,4,0,3,31,2,583,1,1599,0,0,-1,0,-2,0,-3,0,-4,0,9845,2834
1773521514,7,6,7,1752,8,1276,9,612,10,83,11,620,12,1188,13,177,14,1500,15,2600,16,0,17,0,6,55,5,566,4,0,3,31,2,583,1,1599,0,0,-1,0,-2,0,-3,0,-4,0,9808,2834
1773521515,6,5,6,1152,7,1752,8,1276,9,612,10,83,11,620,12,1188,13,177,14,1500,15,2600,16,0,5,566,4,0,3,31,2,583,1,1599,0,0,-1,0,-2,0,-3,0,-4,0,-5,0,10960,2779
1773521516,6,5,6,1152,7,1753,8,1335,9,552,10,83,11,620,12,1468,13,177,14,1500,15,2600,16,0,5,505,4,61,3,30,2,84,1,932,0,0,-1,0,-2,0,-3,0,-4,0,-5,0,11240,1612
1773521517,6,5,6,1152,7,1753,8,1335,9,552,10,83,11,620,12,1468,13,177,14,3800,15,300,16,1000,5,505,4,61,3,30,2,84,1,932,0,0,-1,0,-2,0,-3,0,-4,0,-5,0,12240,1612
1773521518,6,5,6,1152,7,1753,8,1335,9,552,10,83,11,620,12,1468,13,177,14,3800,15,300,16,1000,5,505,4,61,3,30,2,84,1,932,0,0,-1,0,-2,0,-3,0,-4,0,-5,0,12240,1612
1773521519,6,5,6,1152,7,1753,8,1335,9,552,10,83,11,620,12,1468,13,177,14,3800,15,300,16,1000,5,505,4,61,3,30,2,84,1,932,0,0,-1,0,-2,0,-3,0,-4,0,-5,0,12240,1612
1773521520,6,5,6,1152,7,1753,8,1335,9,552,10,83,11,620,12,1468,13,1677,14,2300,15,300,16,1000,5,505,4,61,3,30,2,84,1,932,0,0,-1,0,-2,0,-3,0,-4,0,-5,0,12240,1612
1773521521,6,5,6,1652,7,1753,8,1335,9,552,10,83,11,620,12,1538,13,1677,14,2300,15,300,16,1000,5,505,4,61,3,30,2,84,1,932,0,0,-1,0,-2,0,-3,0,-4,0,-5,0,12810,1612
1773521522,6,5,6,1652,7,1753,8,1335,9,552,10,83,11,620,12,1538,13,1677,14,2300,15,300,16,1000,5,505,4,61,3,30,2,84,1,932,0,0,-1,0,-2,0,-3,0,-4,0,-5,0,12810,1612
1773521523,6,5,6,1652,7,1753,8,1335,9,552,10,83,11,620,12,1538,13,1677,14,2300,15,300,16,1000,5,505,4,77,3,30,2,84,1,932,0,0,-1,0,-2,0,-3,0,-4,0,-5,0,12810,1628
1773521524,6,5,6,1652,7,1753,8,1335,9,552,10,83,11,620,12,1538,13,1677,14,2300,15,300,16,1000,5,505,4,62,3,30,2,84,1,932,0,0,-1,0,-2,0,-3,0,-4,0,-5,0,12810,1613
1773521525,6,5,6,1652,7,1753,8,1335,9,552,10,83,11,620,12,1538,13,1677,14,2300,15,300,16,1000,5,505,4,62,3,30,2,84,1,932,0,0,-1,0,-2,0,-3,0,-4,0,-5,0,12810,1613
1773521526,6,5,6,1652,7,1753,8,1335,9,552,10,83,11,620,12,1583,13,1677,14,2300,15,300,16,1000,5,505,4,62,3,35,2,84,1,932,0,0,-1,0,-2,0,-3,0,-4,0,-5,0,12855,1618
1773521527,6,5,6,1652,7,1753,8,1335,9,552,10,83,11,620,12,1583,13,1677,14,2300,15,300,16,1000,5,505,4,62,3,35,2,84,1,932,0,0,-1,0,-2,0,-3,0,-4,0,-5,0,12855,1618
1773521528,6,5,6,1652,7,1753,8,1335,9,552,10,83,11,1491,12,715,13,1677,14,2300,15,300,16,1000,5,505,4,62,3,35,2,84,1,932,0,0,-1,0,-2,0,-3,0,-4,0,-5,0,12858,1618
1773521529,6,5,6,1652,7,1753,8,1335,9,552,10,83,11,1491,12,715,13,1677,14,2300,15,300,16,1000,5,505,4,62,3,35,2,84,1,932,0,0,-1,0,-2,0,-3,0,-4,0,-5,0,12858,1618
1773521530,6,5,6,1652,7,1753,8,1335,9,552,10,83,11,1491,12,715,13,1677,14,2300,15,300,16,1000,5,505,4,62,3,35,2,84,1,932,0,0,-1,0,-2,0,-3,0,-4,0,-5,0,12858,1618
1773521531,6,5,6,1652,7,1753,8,1335,9,552,10,83,11,1491,12,715,13,1677,14,2300,15,300,16,1000,5,505,4,62,3,35,2,84,1,932,0,0,-1,0,-2,0,-3,0,-4,0,-5,0,12858,1618
1773521532,6,5,6,1652,7,1753,8,1335,9,552,10,83,11,1491,12,715,13,1677,14,2300,15,300,16,1000,5,505,4,62,3,35,2,84,1,932,0,0,-1,0,-2,0,-3,0,-4,0,-5,0,12858,1618
1773521533,6,5,6,1652,7,1753,8,1335,9,552,10,83,11,1491,12,715,13,1677,14,2300,15,300,16,1000,5,505,4,62,3,35,2,84,1,932,0,0,-1,0,-2,0,-3,0,-4,0,-5,0,12858,1618
1773521534,6,5,6,1652,7,1753,8,1335,9,552,10,83,11,1491,12,715,13,1677,14,2300,15,300,16,1000,5,505,4,62,3,35,2,84,1,932,0,0,-1,0,-2,0,-3,0,-4,0,-5,0,12858,1618
1773521535,6,5,6,1652,7,1753,8,1335,9,552,10,83,11,1491,12,715,13,1677,14,2300,15,300,16,1000,5,505,4,62,3,35,2,84,1,932,0,0,-1,0,-2,0,-3,0,-4,0,-5,0,12858,1618
1773521536,6,5,6,1652,7,1753,8,1335,9,552,10,83,11,1491,12,715,13,1677,14,2300,15,300,16,1000,5,505,4,62,3,35,2,84,1,932,0,0,-1,0,-2,0,-3,0,-4,0,-5,0,12858,1618
1773521537,6,5,6,1652,7,1753,8,1335,9,552,10,83,11,1491,12,715,13,1677,14,2300,15,300,16,1000,5,505,4,62,3,35,2,84,1,932,0,0,-1,0,-2,0,-3,0,-4,0,-5,0,12858,1618
1773521538,6,5,6,3652,7,1753,8,1335,9,552,10,83,11,1490,12,715,13,1677,14,2300,15,300,16,1000,5,505,4,62,3,35,2,84,1,932,0,0,-1,0,-2,0,-3,0,-4,0,-5,0,14857,1618
1773521539,6,5,6,3652,7,1753,8,1335,9,552,10,83,11,1490,12,715,13,1677,14,2300,15,300,16,1000,5,505,4,62,3,35,2,84,1,932,0,0,-1,0,-2,0,-3,0,-4,0,-5,0,14857,1618
1773521540,6,5,6,3652,7,1753,8,1335,9,552,10,83,11,1490,12,715,13,1677,14,2300,15,300,16,1000,5,505,4,62,3,35,2,84,1,932,0,0,-1,0,-2,0,-3,0,-4,0,-5,0,14857,1618
1773521541,6,5,6,3652,7,1753,8,1335,9,552,10,83,11,1490,12,715,13,1677,14,2300,15,300,16,1000,5,505,4,62,3,35,2,84,1,932,0,0,-1,0,-2,0,-3,0,-4,0,-5,0,14857,1618
1773521542,6,5,6,3782,7,1606,8,1335,9,552,10,83,11,2052,12,715,13,1677,14,2300,15,300,16,1000,5,505,4,62,3,35,2,84,1,932,0,0,-1,0,-2,0,-3,0,-4,0,-5,0,15402,1618
1773521543,6,5,6,3782,7,1606,8,1335,9,552,10,83,11,2052,12,715,13,1677,14,2300,15,300,16,1000,5,505,4,62,3,35,2,84,1,932,0,0,-1,0,-2,0,-3,0,-4,0,-5,0,15402,1618
1773521544,6,5,6,3782,7,1606,8,1335,9,552,10,83,11,2052,12,715,13,1677,14,2300,15,300,16,1000,5,505,4,62,3,35,2,84,1,932,0,0,-1,0,-2,0,-3,0,-4,0,-5,0,15402,1618
1773521545,6,5,6,4002,7,1276,8,1115,9,497,10,83,11,2052,12,715,13,1677,14,2300,15,300,16,1000,5,505,4,62,3,35,2,84,1,932,0,0,-1,0,-2,0,-3,0,-4,0,-5,0,15017,1618
1773521546,6,5,6,4057,7,1276,8,1115,9,497,10,83,11,2052,12,715,13,1677,14,2300,15,300,16,1000,5,505,4,62,3,35,2,84,1,932,0,0,-1,0,-2,0,-3,0,-4,0,-5,0,15072,1618
1773521547,6,5,6,3282,7,1001,8,1060,9,497,10,0,11,2052,12,715,13,1500,14,2300,15,300,16,1000,5,450,4,7,3,35,2,1,1,1000,0,0,-1,0,-2,0,-3,0,-4,0,-5,0,13707,1493
1773521548,6,5,6,3282,7,1408,8,1245,9,534,10,0,11,2052,12,715,13,1500,14,2300,15,300,16,1000,5,487,4,81,3,35,2,1,1,500,0,0,-1,0,-2,0,-3,0,-4,0,-5,0,14336,1104
1773521549,6,5,6,3282,7,1408,8,1245,9,534,10,0,11,2052,12,715,13,1500,14,2300,15,300,16,1000,5,487,4,81,3,35,2,1,1,500,0,0,-1,0,-2,0,-3,0,-4,0,-5,0,14336,1104
1773521550,5,4,5,398,6,2130,7,1408,8,1185,9,534,10,287,11,2124,12,715,13,1500,14,2300,15,300,4,758,3,131,2,76,1,572,0,0,-1,0,-2,0,-3,0,-4,0,-5,0,-6,0,12881,1537
1773521551,5,4,5,398,6,2702,7,1186,8,1037,9,497,10,365,11,2051,12,715,13,1500,14,2300,15,300,4,758,3,132,2,75,1,572,0,0,-1,0,-2,0,-3,0,-4,0,-5,0,-6,0,13051,1537
1773521552,5,4,5,398,6,2702,7,1186,8,1037,9,497,10,365,11,2051,12,715,13,1500,14,2300,15,300,4,758,3,132,2,156,1,500,0,0,-1,0,-2,0,-3,0,-4,0,-5,0,-6,0,13051,1546
1773521553,5,4,5,320,6,2702,7,1186,8,1037,9,497,10,365,11,2051,12,715,13,1500,14,2300,15,300,4,858,3,137,2,307,1,500,0,0,-1,0,-2,0,-3,0,-4,0,-5,0,-6,0,12973,1802
1773521554,5,4,5,320,6,2702,7,1186,8,1037,9,497,10,365,11,2051,12,715,13,1500,14,2300,15,300,4,858,3,137,2,307,1,500,0,0,-1,0,-2,0,-3,0,-4,0,-5,0,-6,0,12973,1802
1773521555,5,4,5,320,6,2702,7,1186,8,1037,9,497,10,365,11,2051,12,715,13,1500,14,2300,15,300,4,858,3,137,2,307,1,500,0,0,-1,0,-2,0,-3,0,-4,0,-5,0,-6,0,12973,1802
1773521556,5,4,5,320,6,2702,7,1186,8,1037,9,497,10,365,11,2051,12,715,13,1500,14,2300,15,300,4,858,3,137,2,307,1,500,0,0,-1,0,-2,0,-3,0,-4,0,-5,0,-6,0,12973,1802
1773521557,5,4,5,320,6,2702,7,1186,8,1037,9,497,10,365,11,2051,12,715,13,1500,14,2300,15,300,4,858,3,137,2,307,1,500,0,0,-1,0,-2,0,-3,0,-4,0,-5,0,-6,0,12973,1802
1773521558,5,4,5,320,6,2702,7,1186,8,1037,9,497,10,365,11,2051,12,715,13,1500,14,2300,15,300,4,858,3,137,2,307,1,500,0,0,-1,0,-2,0,-3,0,-4,0,-5,0,-6,0,12973,1802
1773521559,5,4,5,320,6,2702,7,1186,8,1037,9,497,10,365,11,2051,12,715,13,1500,14,2300,15,300,4,858,3,137,2,307,1,500,0,0,-1,0,-2,0,-3,0,-4,0,-5,0,-6,0,12973,1802
1773521560,5,4,5,320,6,2702,7,1186,8,1037,9,497,10,365,11,2051,12,715,13,1500,14,2300,15,300,4,858,3,137,2,307,1,500,0,0,-1,0,-2,0,-3,0,-4,0,-5,0,-6,0,12973,1802
1773521561,5,4,5,320,6,2702,7,1186,8,1037,9,497,10,365,11,2051,12,715,13,1500,14,2300,15,300,4,458,3,138,2,306,1,500,0,0,-1,0,-2,0,-3,0,-4,0,-5,0,-6,0,12973,1402
1773521562,5,4,5,433,6,3072,7,1186,8,1037,9,497,10,365,11,2051,12,715,13,1500,14,2300,15,300,4,458,3,138,2,306,1,500,0,0,-1,0,-2,0,-3,0,-4,0,-5,0,-6,0,13456,1402
1773521563,5,4,5,433,6,3072,7,1186,8,1037,9,497,10,365,11,2051,12,715,13,1500,14,2300,15,300,4,458,3,138,2,306,1,500,0,0,-1,0,-2,0,-3,0,-4,0,-5,0,-6,0,13456,1402
1773521564,5,4,5,433,6,3072,7,1186,8,1037,9,497,10,365,11,2051,12,715,13,1500,14,2300,15,300,4,458,3,138,2,306,1,500,0,0,-1,0,-2,0,-3,0,-4,0,-5,0,-6,0,13456,1402
1773521565,5,4,5,433,6,3072,7,1186,8,1037,9,497,10,365,11,2051,12,715,13,1500,14,2300,15,300,4,458,3,138,2,306,1,500,0,0,-1,0,-2,0,-3,0,-4,0,-5,0,-6,0,13456,1402
1773521566,5,4,5,433,6,3072,7,1186,8,1037,9,497,10,365,11,2051,12,715,13,1500,14,2300,15,300,4,458,3,138,2,306,1,500,0,0,-1,0,-2,0,-3,0,-4,0,-5,0,-6,0,13456,1402
1773521567,5,4,5,433,6,3072,7,1186,8,1037,9,497,10,365,11,2051,12,715,13,1500,14,2300,15,300,4,458,3,138,2,306,1,500,0,0,-1,0,-2,0,-3,0,-4,0,-5,0,-6,0,13456,1402
1773521568,5,4,5,181,6,3072,7,1186,8,1037,9,497,10,365,11,2050,12,715,13,1500,14,2300,15,300,4,458,3,315,2,82,1,500,0,0,-1,0,-2,0,-3,0,-4,0,-5,0,-6,0,13203,1355
1773521569,5,4,5,181,6,3072,7,1186,8,1037,9,497,10,365,11,2050,12,715,13,1500,14,2300,15,300,4,458,3,315,2,82,1,500,0,0,-1,0,-2,0,-3,0,-4,0,-5,0,-6,0,13203,1355
1773521570,5,4,5,181,6,3072,7,1186,8,1037,9,497,10,365,11,2050,12,715,13,1500,14,2300,15,300,4,458,3,315,2,82,1,500,0,0,-1,0,-2,0,-3,0,-4,0,-5,0,-6,0,13203,1355
1773521571,5,4,5,181,6,3072,7,1186,8,1037,9,497,10,365,11,2050,12,715,13,1500,14,2300,15,300,4,458,3,315,2,82,1,500,0,0,-1,0,-2,0,-3,0,-4,0,-5,0,-6,0,13203,1355
1773521572,5,4,5,181,6,3072,7,1186,8,1037,9,497,10,365,11,2050,12,715,13,1500,14,2300,15,300,4,458,3,315,2,82,1,500,0,0,-1,0,-2,0,-3,0,-4,0,-5,0,-6,0,13203,1355
1773521573,5,4,5,707,6,3072,7,1186,8,1037,9,497,10,365,11,2050,12,2215,13,0,14,2300,15,300,4,458,3,315,2,82,1,500,0,0,-1,0,-2,0,-3,0,-4,0,-5,0,-6,0,13729,1355
1773521574,5,4,5,707,6,3072,7,1186,8,1037,9,497,10,365,11,2050,12,2215,13,0,14,2300,15,300,4,458,3,315,2,82,1,500,0,0,-1,0,-2,0,-3,0,-4,0,-5,0,-6,0,13729,1355
1773521575,5,4,5,707,6,3073,7,1185,8,1037,9,497,10,365,11,2050,12,2215,13,0,14,2300,15,300,4,458,3,315,2,82,1,500,0,0,-1,0,-2,0,-3,0,-4,0,-5,0,-6,0,13729,1355
1773521576,5,4,5,707,6,3073,7,1185,8,1037,9,497,10,365,11,2050,12,2215,13,0,14,2300,15,300,4,458,3,315,2,82,1,500,0,0,-1,0,-2,0,-3,0,-4,0,-5,0,-6,0,13729,1355
1773521577,5,4,5,707,6,3073,7,1185,8,1037,9,497,10,365,11,2050,12,2215,13,0,14,2300,15,300,4,458,3,315,2,82,1,500,0,0,-1,0,-2,0,-3,0,-4,0,-5,0,-6,0,13729,1355
1773521578,5,4,5,707,6,3073,7,1185,8,1037,9,497,10,365,11,2050,12,2215,13,0,14,2300,15,300,4,458,3,315,2,82,1,500,0,0,-1,0,-2,0,-3,0,-4,0,-5,0,-6,0,13729,1355
1773521579,5,4,5,707,6,3073,7,1185,8,1037,9,497,10,365,11,2050,12,2215,13,0,14,2300,15,300,4,458,3,315,2,82,1,500,0,0,-1,0,-2,0,-3,0,-4,0,-5,0,-6,0,13729,1355
1773521580,5,4,5,677,6,3073,7,1185,8,1037,9,497,10,365,11,2050,12,2215,13,0,14,2300,15,300,4,458,3,315,2,82,1,500,0,0,-1,0,-2,0,-3,0,-4,0,-5,0,-6,0,13699,1355
1773521581,5,4,5,677,6,3073,7,1185,8,1037,9,497,10,365,11,2050,12,2215,13,0,14,2300,15,300,4,458,3,315,2,82,1,500,0,0,-1,0,-2,0,-3,0,-4,0,-5,0,-6,0,13699,1355
1773521582,5,4,5,564,6,3073,7,1185,8,1037,9,497,10,365,11,2049,12,2215,13,0,14,2300,15,300,4,362,3,315,2,82,1,500,0,0,-1,0,-2,0,-3,0,-4,0,-5,0,-6,0,13585,1259
1773521583,5,4,5,564,6,3073,7,1185,8,1037,9,497,10,365,11,2049,12,2215,13,0,14,2300,15,300,4,362,3,315,2,82,1,500,0,0,-1,0,-2,0,-3,0,-4,0,-5,0,-6,0,13585,1259
1773521584,5,4,5,564,6,3073,7,1185,8,1037,9,497,10,365,11,2049,12,2215,13,0,14,2300,15,300,4,362,3,315,2,82,1,500,0,0,-1,0,-2,0,-3,0,-4,0,-5,0,-6,0,13585,1259
1773521585,5,4,5,564,6,3073,7,1185,8,1037,9,497,10,365,11,2049,12,2215,13,0,14,2300,15,300,4,362,3,315,2,82,1,500,0,0,-1,0,-2,0,-3,0,-4,0,-5,0,-6,0,13585,1259
1773521586,5,4,5,564,6,3073,7,1185,8,1037,9,497,10,365,11,2049,12,2215,13,0,14,2300,15,300,4,362,3,315,2,82,1,500,0,0,-1,0,-2,0,-3,0,-4,0,-5,0,-6,0,13585,1259
1773521587,5,4,5,564,6,3073,7,1185,8,1037,9,497,10,365,11,2049,12,2215,13,0,14,2300,15,300,4,362,3,315,2,82,1,500,0,0,-1,0,-2,0,-3,0,-4,0,-5,0,-6,0,13585,1259
1773521588,5,4,5,564,6,3073,7,1185,8,1037,9,497,10,365,11,2049,12,2215,13,0,14,2300,15,300,4,362,3,83,2,82,1,500,0,0,-1,0,-2,0,-3,0,-4,0,-5,0,-6,0,13585,1027
1773521589,5,4,5,564,6,3073,7,1185,8,1037,9,497,10,365,11,2049,12,2215,13,0,14,2300,15,300,4,362,3,83,2,82,1,500,0,0,-1,0,-2,0,-3,0,-4,0,-5,0,-6,0,13585,1027
1773521590,6,5,6,3073,7,1185,8,1037,9,497,10,78,11,2049,12,715,13,1500,14,2300,15,300,16,1000,5,482,4,48,3,35,2,82,1,500,0,0,-1,0,-2,0,-3,0,-4,0,-5,0,13734,1147
1773521591,6,5,6,3072,7,1186,8,1037,9,497,10,78,11,2049,12,715,13,1500,14,2300,15,300,16,1000,5,482,4,48,3,35,2,82,1,500,0,0,-1,0,-2,0,-3,0,-4,0,-5,0,13734,1147
1773521592,6,5,6,3072,7,1186,8,1037,9,497,10,78,11,2049,12,715,13,1500,14,2300,15,300,16,1000,5,482,4,48,3,35,2,82,1,500,0,0,-1,0,-2,0,-3,0,-4,0,-5,0,13734,1147
1773521593,6,5,6,3072,7,1186,8,1037,9,497,10,78,11,2049,12,715,13,1500,14,2300,15,300,16,1000,5,482,4,48,3,35,2,82,1,500,0,0,-1,0,-2,0,-3,0,-4,0,-5,0,13734,1147
1773521594,6,5,6,3072,7,1186,8,1037,9,497,10,78,11,2049,12,715,13,1500,14,2300,15,300,16,1000,5,482,4,48,3,35,2,82,1,500,0,0,-1,0,-2,0,-3,0,-4,0,-5,0,13734,1147
1773521595,6,5,6,3072,7,1186,8,1037,9,497,10,78,11,2049,12,715,13,1500,14,2300,15,300,16,1000,5,482,4,48,3,35,2,82,1,500,0,0,-1,0,-2,0,-3,0,-4,0,-5,0,13734,1147
1773521596,6,5,6,3072,7,1186,8,1037,9,497,10,78,11,2049,12,715,13,1500,14,2300,15,300,16,1000,5,482,4,48,3,35,2,82,1,500,0,0,-1,0,-2,0,-3,0,-4,0,-5,0,13734,1147
1773521597,6,5,6,3072,7,1186,8,1037,9,497,10,78,11,2049,12,715,13,1500,14,2300,15,300,16,1000,5,482,4,48,3,35,2,82,1,500,0,0,-1,0,-2,0,-3,0,-4,0,-5,0,13734,1147
1773521598,6,5,6,3072,7,1186,8,1037,9,497,10,78,11,2049,12,715,13,1500,14,2300,15,300,16,1000,5,482,4,48,3,35,2,82,1,500,0,0,-1,0,-2,0,-3,0,-4,0,-5,0,13734,1147
1773521599,6,5,6,3072,7,1186,8,1037,9,497,10,367,11,2049,12,715,13,1500,14,2300,15,300,16,1000,5,482,4,48,3,35,2,82,1,500,0,0,-1,0,-2,0,-3,0,-4,0,-5,0,14023,1147
1773521600,6,5,6,3072,7,1186,8,1037,9,497,10,367,11,2049,12,715,13,1500,14,2300,15,300,16,1000,5,482,4,48,3,35,2,82,1,500,0,0,-1,0,-2,0,-3,0,-4,0,-5,0,14023,1147
1773521601,6,5,6,3132,7,1186,8,1037,9,497,10,367,11,2048,12,715,13,1500,14,2300,15,300,16,1000,5,330,4,48,3,35,2,82,1,1000,0,0,-1,0,-2,0,-3,0,-4,0,-5,0,14082,1495
1773521602,6,5,6,3132,7,1186,8,1037,9,497,10,367,11,2048,12,715,13,1500,14,2300,15,300,16,1000,5,330,4,48,3,35,2,82,1,1000,0,0,-1,0,-2,0,-3,0,-4,0,-5,0,14082,1495
1773521603,6,5,6,3101,7,1186,8,1037,9,497,10,367,11,2048,12,715,13,1500,14,2300,15,300,16,1000,5,330,4,48,3,35,2,82,1,1000,0,0,-1,0,-2,0,-3,0,-4,0,-5,0,14051,1495
1773521604,6,5,6,3101,7,1186,8,1037,9,497,10,367,11,2048,12,715,13,1500,14,2300,15,300,16,1000,5,330,4,48,3,35,2,82,1,1000,0,0,-1,0,-2,0,-3,0,-4,0,-5,0,14051,1495
1773521605,6,5,6,3101,7,1186,8,1037,9,497,10,367,11,2048,12,715,13,1500,14,2300,15,300,16,1000,5,330,4,48,3,35,2,82,1,1000,0,0,-1,0,-2,0,-3,0,-4,0,-5,0,14051,1495
1773521606,6,5,6,3101,7,1186,8,1037,9,497,10,367,11,2048,12,715,13,1500,14,2300,15,300,16,1000,5,330,4,48,3,35,2,82,1,1000,0,0,-1,0,-2,0,-3,0,-4,0,-5,0,14051,1495
1773521607,6,5,6,3101,7,1186,8,1037,9,497,10,367,11,2048,12,715,13,1500,14,2300,15,300,16,1000,5,330,4,48,3,35,2,82,1,1000,0,0,-1,0,-2,0,-3,0,-4,0,-5,0,14051,1495
1773521608,6,5,6,3101,7,1186,8,1037,9,497,10,367,11,2048,12,715,13,1500,14,2300,15,300,16,1000,5,330,4,48,3,35,2,82,1,1000,0,0,-1,0,-2,0,-3,0,-4,0,-5,0,14051,1495
1773521609,6,5,6,3101,7,1186,8,1037,9,497,10,367,11,2048,12,715,13,1500,14,2300,15,300,16,1000,5,330,4,48,3,35,2,82,1,1000,0,0,-1,0,-2,0,-3,0,-4,0,-5,0,14051,1495
1773521610,6,5,6,3101,7,1186,8,1037,9,497,10,367,11,2048,12,715,13,1500,14,2300,15,300,16,1000,5,330,4,48,3,35,2,82,1,1000,0,0,-1,0,-2,0,-3,0,-4,0,-5,0,14051,1495
1773521611,6,5,6,3101,7,1186,8,1037,9,497,10,367,11,2048,12,715,13,1500,14,2300,15,300,16,1000,5,330,4,48,3,35,2,82,1,1000,0,0,-1,0,-2,0,-3,0,-4,0,-5,0,14051,1495
1773521612,6,5,6,3101,7,1186,8,1037,9,497,10,367,11,2047,12,715,13,1500,14,2300,15,300,16,1000,5,330,4,48,3,35,2,82,1,1000,0,0,-1,0,-2,0,-3,0,-4,0,-5,0,14050,1495
1773521613,6,5,6,3101,7,1186,8,1037,9,497,10,367,11,2047,12,715,13,1500,14,2300,15,300,16,1000,5,330,4,48,3,35,2,82,1,1000,0,0,-1,0,-2,0,-3,0,-4,0,-5,0,14050,1495
1773521614,6,5,6,3101,7,1186,8,1037,9,497,10,367,11,2047,12,715,13,1500,14,2300,15,300,16,1000,5,330,4,48,3,35,2,82,1,1000,0,0,-1,0,-2,0,-3,0,-4,0,-5,0,14050,1495
1773521615,6,5,6,3101,7,1186,8,1037,9,497,10,367,11,2047,12,715,13,1500,14,2300,15,300,16,1000,5,330,4,48,3,35,2,82,1,1000,0,0,-1,0,-2,0,-3,0,-4,0,-5,0,14050,1495
1773521616,6,5,6,3101,7,1186,8,1037,9,497,10,367,11,2047,12,715,13,1500,14,2300,15,300,16,1000,5,330,4,48,3,35,2,82,1,1000,0,0,-1,0,-2,0,-3,0,-4,0,-5,0,14050,1495
1773521617,6,5,6,3101,7,1186,8,1037,9,497,10,367,11,2047,12,715,13,1500,14,2300,15,300,16,1000,5,336,4,48,3,35,2,82,1,1000,0,0,-1,0,-2,0,-3,0,-4,0,-5,0,14050,1501
1773521618,6,5,6,3101,7,1186,8,1037,9,497,10,367,11,2047,12,715,13,1500,14,2300,15,300,16,1000,5,336,4,48,3,35,2,82,1,1000,0,0,-1,0,-2,0,-3,0,-4,0,-5,0,14050,1501
1773521619,6,5,6,3101,7,1186,8,1037,9,497,10,367,11,2047,12,715,13,1500,14,2300,15,300,16,1000,5,336,4,48,3,35,2,82,1,1000,0,0,-1,0,-2,0,-3,0,-4,0,-5,0,14050,1501
1773521620,6,5,6,3101,7,1186,8,1037,9,497,10,367,11,2047,12,715,13,1500,14,2300,15,300,16,1000,5,336,4,48,3,35,2,82,1,1000,0,0,-1,0,-2,0,-3,0,-4,0,-5,0,14050,1501
1773521621,6,5,6,3101,7,1186,8,1037,9,497,10,367,11,2047,12,715,13,1500,14,2300,15,300,16,1000,5,336,4,48,3,35,2,82,1,1000,0,0,-1,0,-2,0,-3,0,-4,0,-5,0,14050,1501
1773521622,6,5,6,3101,7,1186,8,1037,9,497,10,367,11,2047,12,715,13,1500,14,2300,15,300,16,1000,5,336,4,48,3,35,2,82,1,1000,0,0,-1,0,-2,0,-3,0,-4,0,-5,0,14050,1501
1773521623,6,5,6,3101,7,1186,8,1037,9,497,10,367,11,2047,12,715,13,1500,14,2300,15,300,16,1000,5,336,4,48,3,35,2,82,1,1000,0,0,-1,0,-2,0,-3,0,-4,0,-5,0,14050,1501
1773521624,6,5,6,3101,7,1186,8,1037,9,497,10,367,11,2047,12,715,13,1500,14,2300,15,300,16,1000,5,336,4,48,3,35,2,82,1,1000,0,0,-1,0,-2,0,-3,0,-4,0,-5,0,14050,1501
1773521625,6,5,6,3101,7,1186,8,1037,9,497,10,4367,11,2047,12,715,13,1500,14,2300,15,300,16,1000,5,336,4,48,3,35,2,82,1,1000,0,0,-1,0,-2,0,-3,0,-4,0,-5,0,18050,1501
1773521626,6,5,6,3101,7,1186,8,1037,9,497,10,4367,11,2047,12,715,13,1500,14,2300,15,300,16,1000,5,336,4,48,3,35,2,82,1,1000,0,0,-1,0,-2,0,-3,0,-4,0,-5,0,18050,1501
1773521627,6,5,6,3101,7,1186,8,1037,9,497,10,4367,11,2047,12,715,13,1500,14,2300,15,300,16,1000,5,336,4,48,3,35,2,82,1,1000,0,0,-1,0,-2,0,-3,0,-4,0,-5,0,18050,1501
1773521628,6,5,6,3101,7,1186,8,1037,9,497,10,4367,11,2047,12,715,13,1500,14,2300,15,300,16,1000,5,336,4,48,3,35,2,82,1,1000,0,0,-1,0,-2,0,-3,0,-4,0,-5,0,18050,1501
1773521629,6,5,6,3101,7,1186,8,1037,9,497,10,4367,11,2047,12,715,13,1500,14,2300,15,300,16,1000,5,336,4,48,3,35,2,82,1,1000,0,0,-1,0,-2,0,-3,0,-4,0,-5,0,18050,1501
1773521630,6,5,6,3101,7,1186,8,1037,9,497,10,4367,11,2046,12,715,13,1500,14,2300,15,300,16,1000,5,336,4,48,3,35,2,82,1,500,0,0,-1,0,-2,0,-3,0,-4,0,-5,0,18049,1001
1773521631,6,5,6,3101,7,1186,8,1037,9,497,10,4367,11,2046,12,715,13,1500,14,2300,15,300,16,1000,5,336,4,48,3,35,2,82,1,500,0,0,-1,0,-2,0,-3,0,-4,0,-5,0,18049,1001
1773521632,6,5,6,3101,7,1186,8,1037,9,497,10,4367,11,2046,12,715,13,1500,14,2300,15,300,16,1000,5,336,4,48,3,35,2,82,1,500,0,0,-1,0,-2,0,-3,0,-4,0,-5,0,18049,1001
1773521633,6,5,6,3101,7,1186,8,1037,9,497,10,4367,11,2046,12,715,13,1500,14,2300,15,300,16,1000,5,336,4,48,3,35,2,82,1,500,0,0,-1,0,-2,0,-3,0,-4,0,-5,0,18049,1001
1773521634,6,5,6,3101,7,1186,8,1037,9,497,10,4367,11,2046,12,715,13,1500,14,2300,15,300,16,1000,5,336,4,48,3,35,2,82,1,500,0,0,-1,0,-2,0,-3,0,-4,0,-5,0,18049,1001
1773521635,6,5,6,3101,7,1186,8,1037,9,497,10,4367,11,2046,12,715,13,1500,14,2300,15,300,16,1000,5,336,4,48,3,35,2,82,1,500,0,0,-1,0,-2,0,-3,0,-4,0,-5,0,18049,1001
1773521636,6,5,6,3101,7,1186,8,1037,9,497,10,4367,11,2046,12,715,13,1500,14,2300,15,300,16,1000,5,336,4,48,3,35,2,82,1,500,0,0,-1,0,-2,0,-3,0,-4,0,-5,0,18049,1001
1773521637,6,5,6,3101,7,1186,8,1037,9,497,10,4367,11,2046,12,715,13,1500,14,2300,15,300,16,1000,5,336,4,48,3,35,2,82,1,500,0,0,-1,0,-2,0,-3,0,-4,0,-5,0,18049,1001
1773521638,6,5,6,3101,7,1186,8,1037,9,497,10,4367,11,2046,12,715,13,1500,14,2300,15,300,16,1000,5,336,4,48,3,35,2,82,1,500,0,0,-1,0,-2,0,-3,0,-4,0,-5,0,18049,1001
1773521639,6,5,6,3101,7,1186,8,1037,9,497,10,4367,11,2046,12,715,13,1500,14,2300,15,300,16,1000,5,336,4,48,3,35,2,82,1,500,0,0,-1,0,-2,0,-3,0,-4,0,-5,0,18049,1001
1773521640,6,5,6,3101,7,1186,8,1037,9,497,10,4367,11,2046,12,715,13,1500,14,2300,15,300,16,1000,5,336,4,48,3,35,2,82,1,500,0,0,-1,0,-2,0,-3,0,-4,0,-5,0,18049,1001
1773521641,6,5,6,3101,7,1186,8,1037,9,497,10,4367,11,2046,12,715,13,1500,14,2300,15,300,16,1000,5,336,4,48,3,35,2,82,1,500,0,0,-1,0,-2,0,-3,0,-4,0,-5,0,18049,1001
1773521642,6,5,6,3101,7,1186,8,1037,9,497,10,4367,11,2046,12,715,13,1500,14,2300,15,300,16,1000,5,336,4,48,3,35,2,82,1,500,0,0,-1,0,-2,0,-3,0,-4,0,-5,0,18049,1001
1773521643,6,5,6,3101,7,1186,8,1037,9,497,10,4367,11,2046,12,715,13,1500,14,2300,15,300,16,1000,5,336,4,48,3,35,2,82,1,500,0,0,-1,0,-2,0,-3,0,-4,0,-5,0,18049,1001
1773521644,6,5,6,3101,7,1186,8,1037,9,497,10,4078,11,2045,12,715,13,1500,14,2300,15,300,16,1000,5,338,4,48,3,35,2,82,1,500,0,0,-1,0,-2,0,-3,0,-4,0,-5,0,17759,1003
1773521645,6,5,6,3101,7,1186,8,1037,9,497,10,4078,11,2045,12,715,13,1500,14,2300,15,300,16,1000,5,338,4,48,3,35,2,82,1,500,0,0,-1,0,-2,0,-3,0,-4,0,-5,0,17759,1003
1773521646,6,5,6,3101,7,1186,8,1037,9,497,10,4078,11,2045,12,715,13,1500,14,2300,15,300,16,1000,5,330,4,48,3,35,2,82,1,1000,0,0,-1,0,-2,0,-3,0,-4,0,-5,0,17759,1495
1773521647,6,5,6,3101,7,1186,8,1037,9,497,10,4078,11,2045,12,715,13,1500,14,2300,15,300,16,1000,5,338,4,48,3,35,2,82,1,1000,0,0,-1,0,-2,0,-3,0,-4,0,-5,0,17759,1503
1773521648,6,5,6,3101,7,1186,8,1037,9,497,10,4078,11,2045,12,715,13,1500,14,2300,15,300,16,1000,5,338,4,48,3,35,2,82,1,1000,0,0,-1,0,-2,0,-3,0,-4,0,-5,0,17759,1503
1773521649,6,5,6,3101,7,1186,8,1037,9,497,10,4078,11,2045,12,715,13,1500,14,2300,15,300,16,1000,5,338,4,48,3,35,2,82,1,1000,0,0,-1,0,-2,0,-3,0,-4,0,-5,0,17759,1503
1773521650,6,5,6,3101,7,1186,8,1037,9,497,10,4078,11,2045,12,715,13,1500,14,2300,15,300,16,1000,5,338,4,48,3,35,2,82,1,1000,0,0,-1,0,-2,0,-3,0,-4,0,-5,0,17759,1503
1773521651,6,5,6,3101,7,1186,8,1037,9,497,10,4078,11,2045,12,715,13,1500,14,2300,15,300,16,1000,5,338,4,48,3,35,2,82,1,1000,0,0,-1,0,-2,0,-3,0,-4,0,-5,0,17759,1503
1773521652,6,5,6,3235,7,1186,8,1037,9,497,10,4078,11,2045,12,715,13,1500,14,2300,15,300,16,1000,5,352,4,48,3,35,2,82,1,500,0,0,-1,0,-2,0,-3,0,-4,0,-5,0,17893,1017
1773521653,6,5,6,3235,7,1186,8,1037,9,497,10,4078,11,2045,12,715,13,1500,14,2300,15,300,16,1000,5,352,4,48,3,35,2,82,1,500,0,0,-1,0,-2,0,-3,0,-4,0,-5,0,17893,1017
1773521654,6,5,6,3101,7,1186,8,1037,9,497,10,4078,11,2045,12,715,13,1500,14,2300,15,300,16,1000,5,352,4,48,3,35,2,82,1,500,0,0,-1,0,-2,0,-3,0,-4,0,-5,0,17759,1017
1773521655,6,5,6,3101,7,1186,8,1037,9,497,10,4078,11,2045,12,715,13,1500,14,2300,15,300,16,1000,5,352,4,48,3,35,2,82,1,500,0,0,-1,0,-2,0,-3,0,-4,0,-5,0,17759,1017
1773521656,6,5,6,3101,7,1186,8,1037,9,497,10,4078,11,2045,12,715,13,1500,14,2300,15,300,16,1000,5,352,4,48,3,35,2,82,1,500,0,0,-1,0,-2,0,-3,0,-4,0,-5,0,17759,1017
1773521657,6,5,6,3101,7,1186,8,1037,9,497,10,4078,11,2045,12,715,13,1500,14,2300,15,300,16,1000,5,352,4,48,3,35,2,82,1,500,0,0,-1,0,-2,0,-3,0,-4,0,-5,0,17759,1017
1773521658,6,5,6,3101,7,1186,8,1037,9,497,10,4078,11,2045,12,715,13,1500,14,2300,15,300,16,1000,5,352,4,48,3,35,2,82,1,500,0,0,-1,0,-2,0,-3,0,-4,0,-5,0,17759,1017
1773521659,6,5,6,3101,7,1186,8,1037,9,497,10,4078,11,2045,12,715,13,1500,14,2300,15,300,16,1000,5,352,4,48,3,35,2,82,1,500,0,0,-1,0,-2,0,-3,0,-4,0,-5,0,17759,1017
1773521660,6,5,6,3101,7,1186,8,1037,9,497,10,4078,11,2044,12,715,13,1500,14,2300,15,300,16,1000,5,352,4,48,3,35,2,82,1,500,0,0,-1,0,-2,0,-3,0,-4,0,-5,0,17758,1017
1773521661,6,5,6,3101,7,1186,8,1037,9,497,10,4078,11,2044,12,715,13,1500,14,2300,15,300,16,1000,5,352,4,48,3,35,2,82,1,500,0,0,-1,0,-2,0,-3,0,-4,0,-5,0,17758,1017
1773521662,6,5,6,3101,7,1186,8,1037,9,497,10,4078,11,2044,12,715,13,1500,14,2300,15,300,16,1000,5,352,4,48,3,35,2,82,1,500,0,0,-1,0,-2,0,-3,0,-4,0,-5,0,17758,1017
1773521663,6,5,6,3101,7,1186,8,1037,9,497,10,4078,11,2044,12,715,13,1500,14,2300,15,300,16,1000,5,352,4,48,3,35,2,82,1,500,0,0,-1,0,-2,0,-3,0,-4,0,-5,0,17758,1017
1773521664,6,5,6,3101,7,1186,8,1037,9,497,10,4078,11,2044,12,715,13,1500,14,2300,15,300,16,1000,5,352,4,48,3,35,2,82,1,500,0,0,-1,0,-2,0,-3,0,-4,0,-5,0,17758,1017
1773521665,6,5,6,3101,7,1186,8,1037,9,497,10,4078,11,2044,12,715,13,1500,14,2300,15,300,16,1000,5,352,4,48,3,35,2,82,1,500,0,0,-1,0,-2,0,-3,0,-4,0,-5,0,17758,1017
1773521666,6,5,6,3101,7,1186,8,1037,9,497,10,4078,11,2044,12,715,13,1500,14,2300,15,300,16,1000,5,352,4,48,3,35,2,82,1,500,0,0,-1,0,-2,0,-3,0,-4,0,-5,0,17758,1017
1773521667,6,5,6,3101,7,1186,8,1037,9,497,10,4078,11,2044,12,715,13,1500,14,2300,15,300,16,1000,5,352,4,48,3,35,2,82,1,500,0,0,-1,0,-2,0,-3,0,-4,0,-5,0,17758,1017
1773521668,6,5,6,3101,7,1186,8,1037,9,497,10,4078,11,2044,12,715,13,1500,14,2300,15,300,16,1000,5,352,4,48,3,35,2,82,1,500,0,0,-1,0,-2,0,-3,0,-4,0,-5,0,17758,1017
1773521669,6,5,6,3101,7,1186,8,1037,9,497,10,4078,11,2044,12,715,13,1500,14,2300,15,300,16,1000,5,352,4,48,3,35,2,82,1,500,0,0,-1,0,-2,0,-3,0,-4,0,-5,0,17758,1017
1773521670,6,5,6,3101,7,1186,8,1037,9,497,10,4078,11,2044,12,715,13,1500,14,2300,15,300,16,1000,5,352,4,48,3,35,2,82,1,500,0,0,-1,0,-2,0,-3,0,-4,0,-5,0,17758,1017
1773521671,6,5,6,3101,7,1186,8,1037,9,497,10,4078,11,2044,12,715,13,1500,14,2300,15,300,16,1000,5,352,4,48,3,35,2,82,1,500,0,0,-1,0,-2,0,-3,0,-4,0,-5,0,17758,1017
1773521672,6,5,6,3101,7,1186,8,1037,9,497,10,4078,11,2043,12,715,13,1500,14,2300,15,300,16,1000,5,352,4,48,3,35,2,82,1,500,0,0,-1,0,-2,0,-3,0,-4,0,-5,0,17757,1017
1773521673,6,5,6,3101,7,1186,8,1037,9,497,10,4078,11,2043,12,715,13,1500,14,2300,15,300,16,1000,5,352,4,48,3,35,2,82,1,500,0,0,-1,0,-2,0,-3,0,-4,0,-5,0,17757,1017
1773521674,6,5,6,3101,7,1186,8,1037,9,497,10,4078,11,2043,12,715,13,1500,14,2300,15,300,16,1000,5,352,4,48,3,35,2,82,1,500,0,0,-1,0,-2,0,-3,0,-4,0,-5,0,17757,1017
1773521675,6,5,6,3101,7,1186,8,1037,9,497,10,4078,11,2043,12,715,13,1500,14,2300,15,300,16,1000,5,352,4,48,3,35,2,82,1,500,0,0,-1,0,-2,0,-3,0,-4,0,-5,0,17757,1017
1773521676,6,5,6,3101,7,1186,8,1037,9,497,10,4078,11,2043,12,715,13,1500,14,2300,15,300,16,1000,5,352,4,48,3,35,2,82,1,500,0,0,-1,0,-2,0,-3,0,-4,0,-5,0,17757,1017
1773521677,6,5,6,3101,7,1186,8,1037,9,497,10,4078,11,2043,12,715,13,1500,14,2300,15,300,16,1000,5,330,4,48,3,35,2,82,1,1000,0,0,-1,0,-2,0,-3,0,-4,0,-5,0,17757,1495
1773521678,6,5,6,3101,7,1186,8,1037,9,497,10,4078,11,2043,12,715,13,1500,14,2300,15,300,16,1000,5,341,4,48,3,35,2,82,1,1000,0,0,-1,0,-2,0,-3,0,-4,0,-5,0,17757,1506
1773521679,6,5,6,3101,7,1186,8,1037,9,497,10,4078,11,2043,12,715,13,1500,14,2300,15,300,16,1000,5,341,4,48,3,35,2,82,1,1000,0,0,-1,0,-2,0,-3,0,-4,0,-5,0,17757,1506
1773521680,6,5,6,3101,7,1186,8,1037,9,497,10,4078,11,2043,12,715,13,1500,14,2300,15,300,16,1000,5,341,4,48,3,35,2,82,1,1000,0,0,-1,0,-2,0,-3,0,-4,0,-5,0,17757,1506
1773521681,6,5,6,3101,7,1186,8,1037,9,497,10,4078,11,2043,12,715,13,1500,14,2300,15,300,16,1000,5,341,4,48,3,35,2,82,1,500,0,0,-1,0,-2,0,-3,0,-4,0,-5,0,17757,1006
1773521682,6,5,6,3101,7,1186,8,1037,9,497,10,4078,11,2043,12,715,13,1500,14,2300,15,300,16,1000,5,341,4,48,3,35,2,82,1,500,0,0,-1,0,-2,0,-3,0,-4,0,-5,0,17757,1006
1773521683,6,5,6,3101,7,1186,8,1037,9,497,10,4078,11,2043,12,715,13,1500,14,2300,15,300,16,1000,5,341,4,48,3,35,2,82,1,500,0,0,-1,0,-2,0,-3,0,-4,0,-5,0,17757,1006
1773521684,6,5,6,3101,7,1186,8,1037,9,497,10,4078,11,2043,12,715,13,1500,14,2300,15,300,16,1000,5,341,4,48,3,35,2,82,1,500,0,0,-1,0,-2,0,-3,0,-4,0,-5,0,17757,1006
1773521685,6,5,6,3101,7,1186,8,1037,9,497,10,4078,11,2043,12,715,13,1500,14,2300,15,300,16,1000,5,341,4,48,3,35,2,82,1,500,0,0,-1,0,-2,0,-3,0,-4,0,-5,0,17757,1006
1773521686,6,5,6,3101,7,1186,8,1037,9,497,10,4078,11,2043,12,715,13,1500,14,2300,15,300,16,1000,5,341,4,48,3,35,2,82,1,500,0,0,-1,0,-2,0,-3,0,-4,0,-5,0,17757,1006
1773521687,6,5,6,3101,7,1186,8,1037,9,497,10,4078,11,2043,12,715,13,1500,14,2300,15,300,16,1000,5,341,4,48,3,35,2,82,1,500,0,0,-1,0,-2,0,-3,0,-4,0,-5,0,17757,1006
1773521688,6,5,6,3101,7,1186,8,1037,9,497,10,4078,11,2043,12,715,13,1500,14,2300,15,300,16,1000,5,341,4,48,3,35,2,82,1,500,0,0,-1,0,-2,0,-3,0,-4,0,-5,0,17757,1006
1773521689,6,5,6,3101,7,1186,8,1037,9,497,10,4078,11,2043,12,715,13,1500,14,2300,15,300,16,1000,5,341,4,48,3,35,2,82,1,500,0,0,-1,0,-2,0,-3,0,-4,0,-5,0,17757,1006
1773521690,6,5,6,3101,7,1186,8,1037,9,497,10,4078,11,2043,12,715,13,1500,14,2300,15,300,16,1000,5,341,4,48,3,35,2,82,1,500,0,0,-1,0,-2,0,-3,0,-4,0,-5,0,17757,1006
1773521691,6,5,6,3101,7,1186,8,1037,9,497,10,4078,11,2043,12,715,13,1500,14,2300,15,300,16,1000,5,341,4,48,3,35,2,82,1,500,0,0,-1,0,-2,0,-3,0,-4,0,-5,0,17757,1006
1773521692,6,5,6,3101,7,1186,8,1037,9,497,10,4078,11,2042,12,715,13,1500,14,2300,15,300,16,1000,5,345,4,48,3,35,2,82,1,500,0,0,-1,0,-2,0,-3,0,-4,0,-5,0,17756,1010
1773521693,6,5,6,3101,7,1186,8,1037,9,497,10,4078,11,2042,12,715,13,1500,14,2300,15,300,16,1000,5,345,4,48,3,35,2,82,1,500,0,0,-1,0,-2,0,-3,0,-4,0,-5,0,17756,1010
1773521694,6,5,6,3101,7,1186,8,1037,9,497,10,4078,11,2042,12,715,13,1500,14,2300,15,300,16,1000,5,345,4,48,3,35,2,82,1,500,0,0,-1,0,-2,0,-3,0,-4,0,-5,0,17756,1010
1773521695,6,5,6,3315,7,1186,8,1037,9,497,10,4078,11,2042,12,715,13,1500,14,2300,15,300,16,1000,5,345,4,48,3,35,2,82,1,500,0,0,-1,0,-2,0,-3,0,-4,0,-5,0,17970,1010
1773521696,6,5,6,3315,7,1186,8,1037,9,497,10,4078,11,2042,12,715,13,1500,14,2300,15,300,16,1000,5,345,4,48,3,35,2,82,1,500,0,0,-1,0,-2,0,-3,0,-4,0,-5,0,17970,1010
1773521697,6,5,6,3300,7,1186,8,1037,9,497,10,4078,11,2042,12,715,13,1500,14,2300,15,300,16,1000,5,345,4,48,3,35,2,82,1,500,0,0,-1,0,-2,0,-3,0,-4,0,-5,0,17955,1010
1773521698,6,5,6,3300,7,1186,8,1037,9,497,10,4078,11,2042,12,715,13,1500,14,2300,15,300,16,1000,5,345,4,48,3,35,2,82,1,500,0,0,-1,0,-2,0,-3,0,-4,0,-5,0,17955,1010
1773521699,6,5,6,3300,7,1186,8,1037,9,497,10,4078,11,2042,12,715,13,1500,14,2300,15,300,16,1000,5,345,4,48,3,35,2,82,1,500,0,0,-1,0,-2,0,-3,0,-4,0,-5,0,17955,1010
1773521700,6,5,6,3300,7,1186,8,1037,9,497,10,4078,11,2042,12,715,13,1500,14,2300,15,300,16,1000,5,345,4,48,3,35,2,82,1,500,0,0,-1,0,-2,0,-3,0,-4,0,-5,0,17955,1010
1773521701,6,5,6,3300,7,1186,8,1037,9,497,10,4078,11,2041,12,715,13,1500,14,2300,15,300,16,1000,5,345,4,48,3,35,2,82,1,500,0,0,-1,0,-2,0,-3,0,-4,0,-5,0,17954,1010
1773521702,6,5,6,3300,7,1186,8,1037,9,497,10,4078,11,2041,12,715,13,1500,14,2300,15,300,16,1000,5,345,4,48,3,35,2,82,1,500,0,0,-1,0,-2,0,-3,0,-4,0,-5,0,17954,1010
1773521703,6,5,6,3300,7,1186,8,1037,9,497,10,4078,11,2041,12,715,13,1500,14,2300,15,300,16,1000,5,345,4,48,3,35,2,82,1,500,0,0,-1,0,-2,0,-3,0,-4,0,-5,0,17954,1010
1773521704,6,5,6,3300,7,1186,8,1037,9,497,10,4078,11,2041,12,715,13,1500,14,2300,15,300,16,1000,5,345,4,48,3,35,2,82,1,500,0,0,-1,0,-2,0,-3,0,-4,0,-5,0,17954,1010
1773521705,6,5,6,3300,7,1186,8,1037,9,497,10,4078,11,2041,12,715,13,1500,14,2300,15,300,16,1000,5,345,4,48,3,35,2,82,1,500,0,0,-1,0,-2,0,-3,0,-4,0,-5,0,17954,1010
1773521706,6,5,6,3300,7,1186,8,1037,9,497,10,4078,11,2041,12,715,13,1500,14,2300,15,300,16,1000,5,345,4,48,3,35,2,82,1,500,0,0,-1,0,-2,0,-3,0,-4,0,-5,0,17954,1010
1773521707,6,5,6,3300,7,1186,8,1037,9,497,10,4078,11,2041,12,715,13,1500,14,2300,15,300,16,1000,5,345,4,48,3,35,2,82,1,500,0,0,-1,0,-2,0,-3,0,-4,0,-5,0,17954,1010
1773521708,6,5,6,3300,7,1186,8,1037,9,497,10,4078,11,2041,12,715,13,1500,14,2300,15,300,16,1000,5,345,4,48,3,35,2,82,1,500,0,0,-1,0,-2,0,-3,0,-4,0,-5,0,17954,1010
1773521709,6,5,6,3086,7,1186,8,1037,9,497,10,4078,11,2041,12,715,13,1500,14,2300,15,300,16,1000,5,345,4,48,3,35,2,82,1,500,0,0,-1,0,-2,0,-3,0,-4,0,-5,0,17740,1010
1773521710,6,5,6,3086,7,1186,8,1037,9,497,10,4078,11,2041,12,715,13,1500,14,2300,15,300,16,1000,5,345,4,48,3,35,2,82,1,500,0,0,-1,0,-2,0,-3,0,-4,0,-5,0,17740,1010
1773521711,6,5,6,3086,7,1186,8,1037,9,497,10,4078,11,2041,12,715,13,1500,14,2300,15,300,16,1000,5,420,4,48,3,35,2,82,1,1000,0,0,-1,0,-2,0,-3,0,-4,0,-5,0,17740,1585
1773521712,6,5,6,3086,7,1186,8,1037,9,497,10,4078,11,2041,12,715,13,1500,14,2300,15,300,16,1000,5,420,4,48,3,35,2,82,1,1000,0,0,-1,0,-2,0,-3,0,-4,0,-5,0,17740,1585
1773521713,6,5,6,3086,7,1186,8,1037,9,497,10,4078,11,2041,12,715,13,1500,14,2300,15,300,16,1000,5,420,4,48,3,35,2,82,1,1000,0,0,-1,0,-2,0,-3,0,-4,0,-5,0,17740,1585
1773521714,6,5,6,3086,7,1186,8,1037,9,497,10,4078,11,2041,12,715,13,1500,14,2300,15,300,16,1000,5,420,4,48,3,35,2,82,1,1000,0,0,-1,0,-2,0,-3,0,-4,0,-5,0,17740,1585
1773521715,6,5,6,3086,7,1186,8,1037,9,497,10,4078,11,2041,12,715,13,1500,14,2300,15,300,16,1000,5,420,4,48,3,35,2,82,1,500,0,0,-1,0,-2,0,-3,0,-4,0,-5,0,17740,1085
1773521716,6,5,6,3086,7,1186,8,1037,9,497,10,4078,11,2041,12,715,13,1500,14,2300,15,300,16,1000,5,420,4,48,3,35,2,82,1,500,0,0,-1,0,-2,0,-3,0,-4,0,-5,0,17740,1085
1773521717,6,5,6,3086,7,1186,8,1037,9,497,10,4078,11,2041,12,715,13,1500,14,2300,15,300,16,1000,5,420,4,48,3,35,2,82,1,500,0,0,-1,0,-2,0,-3,0,-4,0,-5,0,17740,1085
1773521718,6,5,6,3086,7,1186,8,1037,9,497,10,4078,11,2041,12,715,13,1500,14,2300,15,300,16,1000,5,420,4,48,3,35,2,82,1,500,0,0,-1,0,-2,0,-3,0,-4,0,-5,0,17740,1085
1773521719,6,5,6,3086,7,1186,8,1037,9,497,10,4078,11,2041,12,715,13,1500,14,2300,15,300,16,1000,5,420,4,48,3,35,2,82,1,500,0,0,-1,0,-2,0,-3,0,-4,0,-5,0,17740,1085
1773521720,6,5,6,3086,7,1186,8,1037,9,497,10,4078,11,2041,12,715,13,1500,14,2300,15,300,16,1000,5,420,4,48,3,35,2,82,1,500,0,0,-1,0,-2,0,-3,0,-4,0,-5,0,17740,1085
1773521721,6,5,6,3086,7,1186,8,1037,9,497,10,4078,11,2041,12,715,13,1500,14,2300,15,300,16,1000,5,420,4,48,3,35,2,82,1,500,0,0,-1,0,-2,0,-3,0,-4,0,-5,0,17740,1085
1773521722,6,5,6,3086,7,1186,8,1037,9,497,10,4078,11,2040,12,715,13,1500,14,2300,15,300,16,1000,5,420,4,48,3,35,2,82,1,500,0,0,-1,0,-2,0,-3,0,-4,0,-5,0,17739,1085
1773521723,6,5,6,3086,7,1186,8,1037,9,497,10,4078,11,2040,12,715,13,1500,14,2300,15,300,16,1000,5,420,4,48,3,35,2,82,1,500,0,0,-1,0,-2,0,-3,0,-4,0,-5,0,17739,1085
1773521724,6,5,6,3086,7,1186,8,1037,9,497,10,4078,11,2040,12,715,13,1500,14,2300,15,300,16,1000,5,420,4,48,3,35,2,82,1,500,0,0,-1,0,-2,0,-3,0,-4,0,-5,0,17739,1085
1773521725,6,5,6,3086,7,1186,8,1037,9,497,10,4078,11,2040,12,715,13,1500,14,2300,15,300,16,1000,5,420,4,48,3,35,2,82,1,500,0,0,-1,0,-2,0,-3,0,-4,0,-5,0,17739,1085
1773521726,6,5,6,3086,7,1186,8,1037,9,497,10,4078,11,2040,12,715,13,1500,14,2300,15,300,16,1000,5,420,4,48,3,35,2,82,1,500,0,0,-1,0,-2,0,-3,0,-4,0,-5,0,17739,1085
1773521727,6,5,6,3086,7,1186,8,1037,9,497,10,4078,11,2040,12,715,13,1500,14,2300,15,300,16,1000,5,420,4,48,3,35,2,82,1,500,0,0,-1,0,-2,0,-3,0,-4,0,-5,0,17739,1085
1773521728,6,5,6,3086,7,1186,8,1037,9,497,10,4078,11,2040,12,715,13,1500,14,2300,15,300,16,1000,5,420,4,48,3,35,2,82,1,500,0,0,-1,0,-2,0,-3,0,-4,0,-5,0,17739,1085
1773521729,6,5,6,3086,7,1186,8,1037,9,497,10,4078,11,2040,12,715,13,1500,14,2300,15,300,16,1000,5,420,4,48,3,35,2,82,1,500,0,0,-1,0,-2,0,-3,0,-4,0,-5,0,17739,1085
1773521730,6,5,6,3076,7,1186,8,1037,9,497,10,4078,11,2040,12,715,13,1500,14,2300,15,300,16,1000,5,420,4,48,3,35,2,82,1,500,0,0,-1,0,-2,0,-3,0,-4,0,-5,0,17729,1085
1773521731,6,5,6,3076,7,1186,8,1037,9,497,10,4078,11,2039,12,715,13,1500,14,2300,15,300,16,1000,5,420,4,48,3,35,2,82,1,500,0,0,-1,0,-2,0,-3,0,-4,0,-5,0,17728,1085
1773521732,6,5,6,3076,7,1186,8,1037,9,497,10,4078,11,2039,12,715,13,1500,14,2300,15,300,16,1000,5,420,4,48,3,35,2,82,1,500,0,0,-1,0,-2,0,-3,0,-4,0,-5,0,17728,1085
1773521733,6,5,6,3076,7,1186,8,1037,9,497,10,4078,11,2601,12,715,13,1500,14,2300,15,300,16,1000,5,420,4,48,3,35,2,82,1,500,0,0,-1,0,-2,0,-3,0,-4,0,-5,0,18290,1085
1773521734,6,5,6,3076,7,1186,8,1037,9,497,10,4078,11,2001,12,0,13,1500,14,2300,15,300,16,1000,5,420,4,48,3,35,2,82,1,500,0,0,-1,0,-2,0,-3,0,-4,0,-5,0,16975,1085
1773521735,6,5,6,3076,7,1186,8,1037,9,497,10,4078,11,2001,12,0,13,1500,14,2300,15,300,16,1000,5,420,4,48,3,35,2,82,1,500,0,0,-1,0,-2,0,-3,0,-4,0,-5,0,16975,1085
1773521736,6,5,6,3076,7,1186,8,1037,9,497,10,4078,11,2001,12,0,13,1500,14,2300,15,300,16,1000,5,420,4,48,3,35,2,82,1,500,0,0,-1,0,-2,0,-3,0,-4,0,-5,0,16975,1085
1773521737,6,5,6,3076,7,1186,8,1037,9,497,10,4078,11,1439,12,0,13,1500,14,2300,15,300,16,1000,5,420,4,48,3,35,2,82,1,500,0,0,-1,0,-2,0,-3,0,-4,0,-5,0,16413,1085
1773521738,6,5,6,3076,7,1186,8,1037,9,497,10,4078,11,1439,12,0,13,1500,14,2300,15,300,16,1000,5,420,4,48,3,35,2,82,1,500,0,0,-1,0,-2,0,-3,0,-4,0,-5,0,16413,1085
1773521739,6,5,6,3076,7,1186,8,1037,9,497,10,4078,11,1439,12,0,13,1500,14,2300,15,300,16,1000,5,420,4,48,3,35,2,82,1,500,0,0,-1,0,-2,0,-3,0,-4,0,-5,0,16413,1085
1773521740,6,5,6,3076,7,1186,8,1037,9,497,10,4078,11,1439,12,0,13,1500,14,2300,15,300,16,1000,5,420,4,48,3,35,2,82,1,500,0,0,-1,0,-2,0,-3,0,-4,0,-5,0,16413,1085
1773521741,6,5,6,3076,7,1186,8,1037,9,497,10,4078,11,1439,12,0,13,1500,14,2300,15,300,16,1000,5,420,4,48,3,35,2,82,1,500,0,0,-1,0,-2,0,-3,0,-4,0,-5,0,16413,1085
1773521742,6,5,6,3076,7,1186,8,1037,9,497,10,4078,11,1439,12,0,13,1500,14,2300,15,300,16,1000,5,420,4,48,3,35,2,82,1,500,0,0,-1,0,-2,0,-3,0,-4,0,-5,0,16413,1085
1773521743,6,5,6,3076,7,1186,8,1037,9,497,10,4078,11,1439,12,0,13,1500,14,2300,15,300,16,1000,5,420,4,48,3,35,2,82,1,500,0,0,-1,0,-2,0,-3,0,-4,0,-5,0,16413,1085
1773521744,6,5,6,3076,7,1186,8,1037,9,497,10,4078,11,1439,12,0,13,1500,14,2300,15,300,16,1000,5,420,4,48,3,35,2,82,1,500,0,0,-1,0,-2,0,-3,0,-4,0,-5,0,16413,1085
1773521745,6,5,6,3076,7,1186,8,1037,9,497,10,4078,11,1439,12,0,13,1500,14,2300,15,300,16,1000,5,420,4,48,3,35,2,82,1,500,0,0,-1,0,-2,0,-3,0,-4,0,-5,0,16413,1085
1773521746,6,5,6,3076,7,1186,8,1037,9,497,10,4078,11,1439,12,0,13,1500,14,2300,15,300,16,1000,5,420,4,48,3,35,2,82,1,500,0,0,-1,0,-2,0,-3,0,-4,0,-5,0,16413,1085
1773521747,6,5,6,3351,7,1186,8,1037,9,497,10,4078,11,1438,12,0,13,1500,14,2300,15,300,16,1000,5,343,4,48,3,35,2,82,1,500,0,0,-1,0,-2,0,-3,0,-4,0,-5,0,16687,1008
1773521748,6,5,6,3351,7,1186,8,1037,9,497,10,4078,11,1438,12,0,13,1500,14,2300,15,300,16,1000,5,343,4,48,3,35,2,82,1,500,0,0,-1,0,-2,0,-3,0,-4,0,-5,0,16687,1008
1773521749,6,5,6,3351,7,1186,8,1037,9,497,10,4078,11,1438,12,0,13,1500,14,2300,15,300,16,1000,5,343,4,48,3,35,2,82,1,500,0,0,-1,0,-2,0,-3,0,-4,0,-5,0,16687,1008
1773521750,6,5,6,3351,7,1186,8,1037,9,497,10,4078,11,1438,12,0,13,1500,14,2300,15,300,16,1000,5,343,4,48,3,35,2,1,1,1083,0,0,-1,0,-2,0,-3,0,-4,0,-5,0,16687,1510
1773521751,6,5,6,3351,7,1186,8,1037,9,497,10,4078,11,1438,12,0,13,1500,14,2300,15,300,16,1000,5,343,4,48,3,35,2,1,1,1083,0,0,-1,0,-2,0,-3,0,-4,0,-5,0,16687,1510
1773521752,6,5,6,3351,7,1186,8,1037,9,497,10,4078,11,1438,12,0,13,1500,14,2300,15,300,16,1000,5,343,4,48,3,35,2,1,1,1083,0,0,-1,0,-2,0,-3,0,-4,0,-5,0,16687,1510
1773521753,6,5,6,2779,7,1001,8,1000,9,497,10,4000,11,1438,12,0,13,1500,14,2300,15,300,16,1000,5,355,4,0,3,35,2,1,1,1000,0,0,-1,0,-2,0,-3,0,-4,0,-5,0,15815,1391
1773521754,6,5,6,2779,7,1001,8,1000,9,497,10,4000,11,1438,12,0,13,1500,14,2300,15,300,16,1000,5,105,4,0,3,35,2,1,1,1000,0,0,-1,0,-2,0,-3,0,-4,0,-5,0,15815,1141
1773521755,6,5,6,2779,7,1408,8,1185,9,534,10,4000,11,1438,12,0,13,1500,14,2300,15,300,16,1000,5,350,4,1,3,73,2,134,1,1000,0,0,-1,0,-2,0,-3,0,-4,0,-5,0,16444,1558
1773521756,6,5,6,902,7,1186,8,1037,9,497,10,4000,11,919,12,0,13,1500,14,2300,15,300,16,1000,5,398,4,49,3,35,2,61,1,500,0,0,-1,0,-2,0,-3,0,-4,0,-5,0,13641,1043
1773521757,6,5,6,374,7,1001,8,1000,9,497,10,4000,11,1413,12,600,13,0,14,1500,15,2600,16,1000,5,250,4,1,3,35,2,61,1,1000,0,0,-1,0,-2,0,-3,0,-4,0,-5,0,13985,1347
1773521758,6,5,6,374,7,1001,8,1209,9,592,10,4019,11,1413,12,600,13,0,14,1500,15,2600,16,1000,5,250,4,1,3,35,2,61,1,1019,0,0,-1,0,-2,0,-3,0,-4,0,-5,0,14308,1366
1773521759,6,5,6,858,7,1221,8,1044,9,497,10,4000,11,1510,12,715,13,0,14,1500,15,2600,16,1000,5,250,4,1,3,80,2,148,1,1000,0,0,-1,0,-2,0,-3,0,-4,0,-5,0,14945,1479
1773521760,6,5,6,858,7,1221,8,1044,9,497,10,4075,11,1444,12,715,13,1500,14,0,15,2600,16,1000,5,250,4,1,3,80,2,148,1,1000,0,0,-1,0,-2,0,-3,0,-4,0,-5,0,14954,1479
1773521761,6,5,6,858,7,1221,8,1044,9,576,10,4000,11,1444,12,715,13,1500,14,0,15,2600,16,1000,5,250,4,1,3,80,2,148,1,1000,0,0,-1,0,-2,0,-3,0,-4,0,-5,0,14958,1479
1773521762,6,5,6,858,7,1221,8,1044,9,576,10,4000,11,1444,12,715,13,0,14,0,15,1800,16,3300,5,250,4,1,3,80,2,148,1,1081,0,0,-1,0,-2,0,-3,0,-4,0,-5,0,14958,1560
1773521763,6,5,6,858,7,1221,8,1044,9,576,10,4000,11,1444,12,715,13,0,14,0,15,1800,16,3300,5,250,4,1,3,80,2,148,1,1081,0,0,-1,0,-2,0,-3,0,-4,0,-5,0,14958,1560
1773521764,6,5,6,858,7,1221,8,1044,9,576,10,4000,11,1444,12,715,13,0,14,0,15,1800,16,3300,5,250,4,1,3,80,2,148,1,1081,0,0,-1,0,-2,0,-3,0,-4,0,-5,0,14958,1560
1773521765,6,5,6,858,7,1221,8,1044,9,576,10,4000,11,1444,12,715,13,0,14,0,15,1800,16,3300,5,250,4,1,3,80,2,148,1,1081,0,0,-1,0,-2,0,-3,0,-4,0,-5,0,14958,1560
1773521766,6,5,6,858,7,1221,8,1044,9,576,10,4000,11,1444,12,715,13,0,14,0,15,1800,16,3300,5,250,4,1,3,80,2,148,1,581,0,0,-1,0,-2,0,-3,0,-4,0,-5,0,14958,1060
1773521767,6,5,6,405,7,1045,8,1000,9,576,10,4000,11,1444,12,715,13,0,14,0,15,1800,16,3300,5,250,4,21,3,101,2,171,1,1081,0,0,-1,0,-2,0,-3,0,-4,0,-5,0,14285,1624
1773521768,6,4,6,405,7,1045,8,1000,9,576,10,4000,11,1444,12,715,13,0,14,268,15,1800,16,3300,4,305,3,145,2,72,1,1081,0,0,-1,0,-2,0,-3,0,-4,0,-5,0,-6,0,14553,1603
1773521769,6,5,6,735,7,1265,8,1055,9,576,10,4000,11,1444,12,715,13,0,14,268,15,300,16,2500,5,250,4,455,3,145,2,72,1,1081,0,0,-1,0,-2,0,-3,0,-4,0,-5,0,12858,2003
1773521770,6,5,6,735,7,1265,8,1055,9,576,10,4000,11,844,12,0,13,0,14,268,15,300,16,2500,5,250,4,455,3,145,2,72,1,1081,0,0,-1,0,-2,0,-3,0,-4,0,-5,0,11543,2003
1773521771,6,5,6,735,7,1265,8,1055,9,576,10,4000,11,844,12,0,13,0,14,268,15,300,16,2500,5,250,4,455,3,145,2,72,1,1081,0,0,-1,0,-2,0,-3,0,-4,0,-5,0,11543,2003
1773521772,6,5,6,735,7,1265,8,1055,9,576,10,4000,11,844,12,0,13,0,14,268,15,300,16,2500,5,350,4,455,3,145,2,72,1,581,0,0,-1,0,-2,0,-3,0,-4,0,-5,0,11543,1603
1773521773,6,5,6,735,7,1265,8,1055,9,576,10,4000,11,844,12,0,13,0,14,268,15,300,16,2500,5,350,4,455,3,145,2,72,1,581,0,0,-1,0,-2,0,-3,0,-4,0,-5,0,11543,1603
1773521774,6,5,6,735,7,1265,8,1055,9,576,10,4000,11,844,12,0,13,0,14,268,15,1800,16,1000,5,350,4,455,3,145,2,72,1,581,0,0,-1,0,-2,0,-3,0,-4,0,-5,0,11543,1603
1773521775,5,4,5,1855,6,1259,7,1045,8,0,9,576,10,4855,11,20,12,0,13,0,14,268,15,1800,4,305,3,116,2,62,1,581,0,0,-1,0,-2,0,-3,0,-4,0,-5,0,-6,0,11678,1064
1773521776,4,3,4,665,5,2465,6,1083,7,572,8,1,9,0,10,4854,11,20,12,1000,13,1500,14,268,3,5,2,308,1,610,0,0,-1,0,-2,0,-3,0,-4,0,-5,0,-6,0,-7,0,12428,923
1773521777,4,3,4,220,5,2349,6,1083,7,572,8,1,9,0,10,4854,11,20,12,1000,13,0,14,1768,3,486,2,368,1,610,0,0,-1,0,-2,0,-3,0,-4,0,-5,0,-6,0,-7,0,11867,1464
1773521778,4,3,4,220,5,1275,6,1083,7,572,8,1,9,0,10,4213,11,20,12,0,13,0,14,1768,3,486,2,368,1,610,0,0,-1,0,-2,0,-3,0,-4,0,-5,0,-6,0,-7,0,9152,1464
1773521779,4,3,4,220,5,1275,6,1083,7,572,8,1,9,0,10,4213,11,20,12,0,13,0,14,1768,3,486,2,368,1,610,0,0,-1,0,-2,0,-3,0,-4,0,-5,0,-6,0,-7,0,9152,1464
1773521780,4,3,4,220,5,1275,6,1083,7,572,8,1,9,0,10,4213,11,20,12,0,13,0,14,1768,3,486,2,368,1,610,0,0,-1,0,-2,0,-3,0,-4,0,-5,0,-6,0,-7,0,9152,1464
1773521781,4,3,4,220,5,1275,6,1084,7,572,8,0,9,0,10,4213,11,20,12,0,13,0,14,1768,3,172,2,368,1,610,0,0,-1,0,-2,0,-3,0,-4,0,-5,0,-6,0,-7,0,9152,1150
1773521782,4,3,4,357,5,1275,6,1084,7,572,8,0,9,0,10,4213,11,20,12,0,13,0,14,1768,3,172,2,368,1,610,0,0,-1,0,-2,0,-3,0,-4,0,-5,0,-6,0,-7,0,9289,1150
1773521783,4,3,4,357,5,1275,6,1084,7,572,8,0,9,0,10,4213,11,20,12,0,13,0,14,1768,3,172,2,368,1,610,0,0,-1,0,-2,0,-3,0,-4,0,-5,0,-6,0,-7,0,9289,1150
1773521784,4,3,4,357,5,1275,6,1084,7,572,8,0,9,0,10,4213,11,20,12,0,13,0,14,1768,3,172,2,368,1,610,0,0,-1,0,-2,0,-3,0,-4,0,-5,0,-6,0,-7,0,9289,1150
1773521785,4,3,4,357,5,1275,6,1084,7,572,8,0,9,0,10,4213,11,20,12,0,13,0,14,1768,3,172,2,366,1,610,0,0,-1,0,-2,0,-3,0,-4,0,-5,0,-6,0,-7,0,9289,1148
1773521786,4,3,4,357,5,1275,6,1084,7,572,8,0,9,0,10,4213,11,20,12,0,13,0,14,1768,3,172,2,398,1,610,0,0,-1,0,-2,0,-3,0,-4,0,-5,0,-6,0,-7,0,9289,1180
1773521787,4,3,4,357,5,1275,6,1084,7,572,8,0,9,0,10,4213,11,20,12,0,13,0,14,1768,3,172,2,398,1,610,0,0,-1,0,-2,0,-3,0,-4,0,-5,0,-6,0,-7,0,9289,1180
1773521788,4,3,4,357,5,1275,6,1084,7,572,8,0,9,0,10,4213,11,20,12,0,13,0,14,1768,3,172,2,398,1,610,0,0,-1,0,-2,0,-3,0,-4,0,-5,0,-6,0,-7,0,9289,1180
1773521789,4,3,4,357,5,1275,6,1084,7,572,8,0,9,0,10,4213,11,20,12,0,13,0,14,1768,3,172,2,398,1,610,0,0,-1,0,-2,0,-3,0,-4,0,-5,0,-6,0,-7,0,9289,1180
1773521790,4,3,4,751,5,1275,6,1084,7,572,8,0,9,0,10,4213,11,20,12,0,13,0,14,1768,3,171,2,605,1,610,0,0,-1,0,-2,0,-3,0,-4,0,-5,0,-6,0,-7,0,9683,1386
1773521791,4,3,4,751,5,1275,6,1084,7,572,8,0,9,0,10,4213,11,20,12,0,13,0,14,1768,3,171,2,605,1,610,0,0,-1,0,-2,0,-3,0,-4,0,-5,0,-6,0,-7,0,9683,1386
1773521792,4,3,4,751,5,1275,6,1084,7,572,8,0,9,0,10,4213,11,20,12,0,13,1500,14,268,3,271,2,605,1,610,0,0,-1,0,-2,0,-3,0,-4,0,-5,0,-6,0,-7,0,9683,1486
1773521793,4,3,4,220,5,1275,6,1084,7,572,8,0,9,0,10,4213,11,20,12,0,13,0,14,1768,3,271,2,425,1,610,0,0,-1,0,-2,0,-3,0,-4,0,-5,0,-6,0,-7,0,9152,1306
1773521794,4,3,4,278,5,1275,6,1084,7,572,8,0,9,281,10,4213,11,20,12,0,13,0,14,1500,3,271,2,425,1,610,0,0,-1,0,-2,0,-3,0,-4,0,-5,0,-6,0,-7,0,9223,1306
1773521795,4,3,4,278,5,1275,6,1084,7,572,8,0,9,281,10,4213,11,20,12,0,13,0,14,1500,3,271,2,425,1,610,0,0,-1,0,-2,0,-3,0,-4,0,-5,0,-6,0,-7,0,9223,1306
1773521796,4,3,4,278,5,1275,6,1084,7,572,8,0,9,281,10,4213,11,20,12,0,13,0,14,1500,3,270,2,425,1,610,0,0,-1,0,-2,0,-3,0,-4,0,-5,0,-6,0,-7,0,9223,1305
1773521797,4,3,4,319,5,1275,6,1084,7,572,8,543,9,281,10,4213,11,20,12,0,13,0,14,1500,3,270,2,425,1,610,0,0,-1,0,-2,0,-3,0,-4,0,-5,0,-6,0,-7,0,9807,1305
1773521798,4,3,4,319,5,1275,6,1084,7,572,8,543,9,281,10,4213,11,20,12,0,13,0,14,1500,3,270,2,425,1,610,0,0,-1,0,-2,0,-3,0,-4,0,-5,0,-6,0,-7,0,9807,1305
1773521799,4,3,4,319,5,1325,6,1045,7,572,8,543,9,281,10,4213,11,20,12,0,13,0,14,1500,3,270,2,425,1,610,0,0,-1,0,-2,0,-3,0,-4,0,-5,0,-6,0,-7,0,9818,1305
1773521800,4,3,4,319,5,1325,6,1045,7,572,8,543,9,281,10,4213,11,20,12,0,13,0,14,1500,3,270,2,425,1,610,0,0,-1,0,-2,0,-3,0,-4,0,-5,0,-6,0,-7,0,9818,1305
1773521801,4,3,4,319,5,1325,6,1095,7,572,8,543,9,281,10,4213,11,20,12,0,13,0,14,1500,3,270,2,425,1,610,0,0,-1,0,-2,0,-3,0,-4,0,-5,0,-6,0,-7,0,9868,1305
1773521802,4,3,4,319,5,1326,6,1094,7,572,8,543,9,281,10,4213,11,20,12,0,13,0,14,1500,3,330,2,365,1,610,0,0,-1,0,-2,0,-3,0,-4,0,-5,0,-6,0,-7,0,9868,1305
1773521803,4,3,4,319,5,1326,6,1094,7,572,8,543,9,281,10,4213,11,20,12,0,13,0,14,1500,3,330,2,365,1,610,0,0,-1,0,-2,0,-3,0,-4,0,-5,0,-6,0,-7,0,9868,1305
1773521804,4,3,4,319,5,1326,6,1094,7,613,8,543,9,281,10,4213,11,20,12,0,13,0,14,1500,3,330,2,365,1,610,0,0,-1,0,-2,0,-3,0,-4,0,-5,0,-6,0,-7,0,9909,1305
1773521805,4,3,4,319,5,1326,6,1094,7,613,8,543,9,281,10,4213,11,20,12,0,13,0,14,1500,3,330,2,365,1,610,0,0,-1,0,-2,0,-3,0,-4,0,-5,0,-6,0,-7,0,9909,1305
1773521806,4,3,4,319,5,1326,6,1094,7,613,8,570,9,281,10,4213,11,20,12,0,13,0,14,1500,3,330,2,365,1,610,0,0,-1,0,-2,0,-3,0,-4,0,-5,0,-6,0,-7,0,9936,1305
1773521807,4,3,4,319,5,1326,6,1094,7,613,8,570,9,281,10,4213,11,20,12,0,13,0,14,1500,3,330,2,365,1,610,0,0,-1,0,-2,0,-3,0,-4,0,-5,0,-6,0,-7,0,9936,1305
1773521808,4,3,4,319,5,1326,6,1094,7,613,8,570,9,281,10,4213,11,20,12,0,13,0,14,1500,3,330,2,365,1,610,0,0,-1,0,-2,0,-3,0,-4,0,-5,0,-6,0,-7,0,9936,1305
1773521809,4,3,4,319,5,1326,6,1094,7,613,8,570,9,292,10,4213,11,20,12,0,13,0,14,1500,3,330,2,365,1,610,0,0,-1,0,-2,0,-3,0,-4,0,-5,0,-6,0,-7,0,9947,1305
1773521810,4,3,4,319,5,1326,6,1094,7,613,8,570,9,292,10,4213,11,20,12,0,13,0,14,1500,3,330,2,365,1,610,0,0,-1,0,-2,0,-3,0,-4,0,-5,0,-6,0,-7,0,9947,1305
1773521811,4,3,4,456,5,1326,6,1094,7,613,8,570,9,292,10,4212,11,20,12,0,13,0,14,1500,3,330,2,365,1,610,0,0,-1,0,-2,0,-3,0,-4,0,-5,0,-6,0,-7,0,10083,1305
1773521812,4,3,4,456,5,1326,6,1094,7,613,8,570,9,292,10,4436,11,20,12,0,13,0,14,1500,3,330,2,365,1,610,0,0,-1,0,-2,0,-3,0,-4,0,-5,0,-6,0,-7,0,10307,1305
1773521813,5,4,5,1649,6,1311,7,667,8,570,9,292,10,4212,11,20,12,0,13,0,14,1500,15,2600,4,45814,3,3,2,365,1,610,0,0,-1,0,-2,0,-3,0,-4,0,-5,0,-6,0,12821,46792
1773521814,6,5,6,1625,7,1311,8,624,9,864,10,4000,11,872,12,60,13,0,14,0,15,4100,16,1000,5,340,4,45808,3,111,2,60,1,582,0,0,-1,0,-2,0,-3,0,-4,0,-5,0,14456,46901
1773521815,6,5,6,2124,7,1311,8,82,9,864,10,4205,11,872,12,60,13,0,14,0,15,1800,16,3300,5,90,4,46058,3,111,2,60,1,582,0,0,-1,0,-2,0,-3,0,-4,0,-5,0,14618,46901
1773521816,6,5,6,2124,7,1311,8,82,9,643,10,4205,11,616,12,0,13,0,14,0,15,1800,16,3300,5,7,4,404,3,57,2,1,1,582,0,0,-1,0,-2,0,-3,0,-4,0,-5,0,14081,1051
1773521817,6,5,6,2124,7,1311,8,82,9,643,10,4205,11,616,12,0,13,0,14,0,15,1800,16,3300,5,7,4,404,3,57,2,1,1,582,0,0,-1,0,-2,0,-3,0,-4,0,-5,0,14081,1051
1773521818,6,5,6,2124,7,1311,8,82,9,643,10,4000,11,616,12,0,13,0,14,0,15,1800,16,3300,5,7,4,404,3,57,2,1,1,582,0,0,-1,0,-2,0,-3,0,-4,0,-5,0,13876,1051
1773521819,6,5,6,2124,7,1311,8,82,9,643,10,4000,11,616,12,0,13,0,14,0,15,1800,16,3300,5,7,4,404,3,57,2,1,1,582,0,0,-1,0,-2,0,-3,0,-4,0,-5,0,13876,1051
1773521820,6,5,6,2241,7,1311,8,82,9,643,10,4000,11,616,12,0,13,0,14,0,15,1800,16,3300,5,2,4,404,3,57,2,1,1,500,0,0,-1,0,-2,0,-3,0,-4,0,-5,0,13993,964
1773521821,6,5,6,2241,7,1311,8,82,9,643,10,4000,11,615,12,0,13,0,14,0,15,1800,16,3300,5,2,4,304,3,111,2,1,1,500,0,0,-1,0,-2,0,-3,0,-4,0,-5,0,13992,918
1773521822,6,5,6,2241,7,1311,8,82,9,643,10,4000,11,615,12,0,13,0,14,0,15,1800,16,3300,5,2,4,304,3,57,2,1,1,500,0,0,-1,0,-2,0,-3,0,-4,0,-5,0,13992,864
1773521823,6,5,6,2241,7,1312,8,163,9,561,10,4000,11,615,12,0,13,0,14,0,15,1800,16,3300,5,2,4,304,3,57,2,1,1,500,0,0,-1,0,-2,0,-3,0,-4,0,-5,0,13992,864
1773521824,6,5,6,2241,7,1312,8,163,9,561,10,4000,11,615,12,0,13,0,14,0,15,1800,16,3300,5,2,4,304,3,57,2,1,1,500,0,0,-1,0,-2,0,-3,0,-4,0,-5,0,13992,864
1773521825,6,5,6,2241,7,1311,8,82,9,643,10,4000,11,615,12,0,13,0,14,0,15,1800,16,3300,5,2,4,404,3,57,2,1,1,500,0,0,-1,0,-2,0,-3,0,-4,0,-5,0,13992,964
1773521826,6,5,6,2241,7,1311,8,82,9,643,10,4000,11,615,12,0,13,0,14,0,15,1800,16,3300,5,2,4,404,3,57,2,1,1,500,0,0,-1,0,-2,0,-3,0,-4,0,-5,0,13992,964
1773521827,6,5,6,2241,7,1311,8,82,9,643,10,4000,11,615,12,0,13,0,14,0,15,1800,16,3300,5,2,4,404,3,57,2,1,1,500,0,0,-1,0,-2,0,-3,0,-4,0,-5,0,13992,964
1773521828,6,5,6,1667,7,1041,8,28,9,561,10,4000,11,871,12,0,13,575,14,0,15,1800,16,3300,5,2,4,350,3,3,2,1,1,500,0,0,-1,0,-2,0,-3,0,-4,0,-5,0,13843,856
1773521829,6,5,6,1667,7,1041,8,28,9,715,10,4070,11,885,12,0,13,575,14,0,15,1800,16,3300,5,2,4,350,3,3,2,1,1,500,0,0,-1,0,-2,0,-3,0,-4,0,-5,0,14081,856
1773521830,5,4,5,647,6,1765,7,1084,8,28,9,561,10,4000,11,679,12,0,13,575,14,0,15,1800,4,405,3,46,2,1,1,500,0,0,-1,0,-2,0,-3,0,-4,0,-5,0,-6,0,11139,952
1773521831,5,4,5,434,6,266,7,1084,8,1027,9,561,10,4000,11,679,12,0,13,575,14,1762,15,300,4,405,3,46,2,1,1,500,0,0,-1,0,-2,0,-3,0,-4,0,-5,0,-6,0,10688,952
1773521832,5,4,5,176,6,188,7,1041,8,1027,9,561,10,4000,11,825,12,0,13,575,14,262,15,300,4,362,3,3,2,1,1,500,0,0,-1,0,-2,0,-3,0,-4,0,-5,0,-6,0,8955,866
1773521833,6,4,6,404,7,1041,8,1027,9,561,10,4000,11,702,12,0,13,575,14,262,15,300,16,2500,4,369,3,3,2,1,1,1000,0,0,-1,0,-2,0,-3,0,-4,0,-5,0,-6,0,11372,1373
1773521834,6,5,6,266,7,1394,8,1187,9,593,10,4000,11,618,12,0,13,575,14,262,15,300,16,2500,5,350,4,19,3,35,2,65,1,1000,0,0,-1,0,-2,0,-3,0,-4,0,-5,0,11695,1469
1773521835,6,5,6,772,7,1202,8,1059,9,561,10,4000,11,719,12,0,13,575,14,262,15,300,16,2500,5,396,4,53,3,3,2,1,1,1000,0,0,-1,0,-2,0,-3,0,-4,0,-5,0,11950,1453
1773521836,6,5,6,772,7,1202,8,1059,9,561,10,4076,11,650,12,0,13,575,14,262,15,300,16,2500,5,396,4,53,3,3,2,1,1,1076,0,0,-1,0,-2,0,-3,0,-4,0,-5,0,11957,1529
1773521837,6,5,6,266,7,1042,8,1027,9,561,10,4000,11,618,12,0,13,0,14,262,15,300,16,2500,5,250,4,107,3,3,2,1,1,500,0,0,-1,0,-2,0,-3,0,-4,0,-5,0,10576,861
1773521838,6,5,6,266,7,1042,8,1027,9,561,10,4205,11,618,12,0,13,0,14,262,15,300,16,2500,5,250,4,507,3,3,2,1,1,500,0,0,-1,0,-2,0,-3,0,-4,0,-5,0,10781,1261
1773521839,5,4,5,60,6,1326,7,1042,8,27,9,501,10,4205,11,618,12,0,13,0,14,262,15,300,4,757,3,3,2,1,1,500,0,0,-1,0,-2,0,-3,0,-4,0,-5,0,-6,0,8341,1261
1773521840,5,4,5,560,6,1266,7,1041,8,28,9,501,10,4205,11,614,12,0,13,0,14,262,15,300,4,757,3,3,2,1,1,500,0,0,-1,0,-2,0,-3,0,-4,0,-5,0,-6,0,8777,1261
1773521841,5,4,5,560,6,1575,7,1181,8,55,9,501,10,4000,11,614,12,0,13,0,14,1762,15,300,4,757,3,3,2,29,1,556,0,0,-1,0,-2,0,-3,0,-4,0,-5,0,-6,0,10548,1345
1773521842,5,4,5,1055,6,1407,7,1069,8,27,9,501,10,4068,11,614,12,0,13,0,14,1762,15,300,4,757,3,48,2,74,1,500,0,0,-1,0,-2,0,-3,0,-4,0,-5,0,-6,0,10803,1379
1773521843,5,4,5,1055,6,1407,7,1069,8,27,9,576,10,4000,11,614,12,0,13,0,14,1762,15,300,4,807,3,48,2,1,1,500,0,0,-1,0,-2,0,-3,0,-4,0,-5,0,-6,0,10810,1356
1773521844,5,4,5,995,6,1407,7,1639,8,27,9,560,10,4000,11,614,12,0,13,0,14,1762,15,2600,4,440,3,314,2,109,1,500,0,0,-1,0,-2,0,-3,0,-4,0,-5,0,-6,0,13604,1363
1773521845,5,4,5,2200,6,1191,7,639,8,27,9,765,10,4420,11,20,12,0,13,0,14,1762,15,2600,4,440,3,314,2,109,1,500,0,0,-1,0,-2,0,-3,0,-4,0,-5,0,-6,0,13624,1363
1773521846,5,4,5,2200,6,1191,7,639,8,27,9,765,10,4420,11,20,12,0,13,0,14,1762,15,2600,4,440,3,314,2,109,1,500,0,0,-1,0,-2,0,-3,0,-4,0,-5,0,-6,0,13624,1363
1773521847,5,4,5,2200,6,1191,7,639,8,27,9,765,10,4420,11,20,12,0,13,0,14,1762,15,2600,4,440,3,314,2,109,1,500,0,0,-1,0,-2,0,-3,0,-4,0,-5,0,-6,0,13624,1363
1773521848,5,4,5,2200,6,1191,7,639,8,27,9,560,10,4420,11,20,12,0,13,0,14,1762,15,2600,4,440,3,314,2,109,1,500,0,0,-1,0,-2,0,-3,0,-4,0,-5,0,-6,0,13419,1363
1773521849,5,4,5,2055,6,1191,7,639,8,27,9,560,10,4420,11,20,12,0,13,0,14,1762,15,2600,4,440,3,314,2,109,1,500,0,0,-1,0,-2,0,-3,0,-4,0,-5,0,-6,0,13274,1363
1773521850,5,4,5,2055,6,1191,7,639,8,27,9,560,10,4420,11,20,12,0,13,0,14,1762,15,2600,4,440,3,314,2,109,1,500,0,0,-1,0,-2,0,-3,0,-4,0,-5,0,-6,0,13274,1363
1773521851,5,4,5,2055,6,1191,7,639,8,27,9,560,10,4420,11,20,12,0,13,0,14,1762,15,2600,4,440,3,314,2,109,1,500,0,0,-1,0,-2,0,-3,0,-4,0,-5,0,-6,0,13274,1363
1773521852,5,4,5,1803,6,1191,7,639,8,27,9,560,10,4420,11,20,12,0,13,0,14,1762,15,2600,4,440,3,314,2,109,1,500,0,0,-1,0,-2,0,-3,0,-4,0,-5,0,-6,0,13022,1363
1773521853,5,4,5,868,6,1191,7,639,8,27,9,560,10,4420,11,20,12,0,13,0,14,1762,15,2600,4,440,3,64,2,359,1,500,0,0,-1,0,-2,0,-3,0,-4,0,-5,0,-6,0,12087,1363
1773521854,5,4,5,1476,6,1191,7,639,8,27,9,826,10,4594,11,20,12,0,13,0,14,1500,15,2600,4,440,3,314,2,109,1,500,0,0,-1,0,-2,0,-3,0,-4,0,-5,0,-6,0,12873,1363
1773521855,5,4,5,1476,6,1191,7,639,8,27,9,826,10,4594,11,20,12,0,13,0,14,1500,15,2600,4,440,3,314,2,109,1,500,0,0,-1,0,-2,0,-3,0,-4,0,-5,0,-6,0,12873,1363
1773521856,5,4,5,1476,6,1191,7,639,8,27,9,826,10,4594,11,20,12,0,13,0,14,1500,15,2600,4,440,3,314,2,109,1,500,0,0,-1,0,-2,0,-3,0,-4,0,-5,0,-6,0,12873,1363
1773521857,5,4,5,1476,6,1236,7,639,8,27,9,1106,10,4000,11,20,12,0,13,0,14,1500,15,2600,4,440,3,414,2,152,1,500,0,0,-1,0,-2,0,-3,0,-4,0,-5,0,-6,0,12604,1506
1773521858,5,4,5,1476,6,1236,7,639,8,27,9,1106,10,4000,11,20,12,0,13,0,14,1500,15,2600,4,440,3,414,2,152,1,500,0,0,-1,0,-2,0,-3,0,-4,0,-5,0,-6,0,12604,1506
1773521859,5,4,5,1476,6,1236,7,639,8,27,9,1106,10,4000,11,20,12,0,13,0,14,1500,15,2600,4,440,3,414,2,152,1,500,0,0,-1,0,-2,0,-3,0,-4,0,-5,0,-6,0,12604,1506
1773521860,5,4,5,1476,6,1236,7,639,8,27,9,1106,10,4000,11,20,12,0,13,0,14,1500,15,2600,4,440,3,456,2,195,1,500,0,0,-1,0,-2,0,-3,0,-4,0,-5,0,-6,0,12604,1591
1773521861,5,4,5,1568,6,1236,7,639,8,27,9,1106,10,4000,11,20,12,0,13,0,14,1500,15,2600,4,440,3,456,2,152,1,500,0,0,-1,0,-2,0,-3,0,-4,0,-5,0,-6,0,12696,1548
1773521862,5,4,5,1568,6,1236,7,639,8,27,9,1106,10,4000,11,20,12,0,13,0,14,1500,15,2600,4,440,3,456,2,152,1,500,0,0,-1,0,-2,0,-3,0,-4,0,-5,0,-6,0,12696,1548
1773521863,5,4,5,1568,6,1236,7,639,8,27,9,1106,10,4000,11,20,12,0,13,0,14,1500,15,2600,4,440,3,456,2,152,1,500,0,0,-1,0,-2,0,-3,0,-4,0,-5,0,-6,0,12696,1548
1773521864,5,4,5,1568,6,1236,7,639,8,27,9,1106,10,4000,11,20,12,0,13,0,14,1500,15,2600,4,440,3,456,2,152,1,500,0,0,-1,0,-2,0,-3,0,-4,0,-5,0,-6,0,12696,1548
1773521865,5,4,5,1568,6,1236,7,639,8,27,9,1106,10,4000,11,20,12,0,13,0,14,1500,15,2600,4,440,3,456,2,152,1,500,0,0,-1,0,-2,0,-3,0,-4,0,-5,0,-6,0,12696,1548
1773521866,5,4,5,1633,6,1236,7,639,8,27,9,1106,10,4000,11,20,12,0,13,0,14,1500,15,2600,4,440,3,456,2,152,1,500,0,0,-1,0,-2,0,-3,0,-4,0,-5,0,-6,0,12761,1548
1773521867,5,4,5,1633,6,1236,7,639,8,27,9,1106,10,4000,11,20,12,0,13,0,14,1500,15,2600,4,440,3,456,2,152,1,500,0,0,-1,0,-2,0,-3,0,-4,0,-5,0,-6,0,12761,1548
1773521868,5,4,5,1633,6,1236,7,639,8,570,9,557,10,4000,11,20,12,0,13,0,14,1500,15,2600,4,440,3,456,2,152,1,500,0,0,-1,0,-2,0,-3,0,-4,0,-5,0,-6,0,12755,1548
1773521869,5,4,5,1586,6,1096,7,738,8,570,9,519,10,4000,11,20,12,0,13,0,14,1500,15,2600,4,500,3,359,2,44,1,500,0,0,-1,0,-2,0,-3,0,-4,0,-5,0,-6,0,12629,1403
1773521870,5,4,5,1586,6,1096,7,738,8,570,9,477,10,4000,11,20,12,0,13,0,14,1500,15,2600,4,500,3,399,2,87,1,500,0,0,-1,0,-2,0,-3,0,-4,0,-5,0,-6,0,12587,1486
1773521871,5,4,5,2169,6,1361,7,871,8,570,9,514,10,4000,11,20,12,0,13,0,14,1500,15,2600,4,500,3,49,2,347,1,606,0,0,-1,0,-2,0,-3,0,-4,0,-5,0,-6,0,13605,1502
1773521872,5,4,5,2044,6,1315,7,663,8,570,9,514,10,4000,11,20,12,0,13,0,14,1500,15,2600,4,500,3,49,2,347,1,606,0,0,-1,0,-2,0,-3,0,-4,0,-5,0,-6,0,13226,1502
1773521873,5,4,5,2044,6,1315,7,663,8,570,9,514,10,4000,11,20,12,0,13,0,14,1500,15,2600,4,500,3,49,2,347,1,606,0,0,-1,0,-2,0,-3,0,-4,0,-5,0,-6,0,13226,1502
1773521874,5,4,5,2044,6,1315,7,663,8,570,9,514,10,4000,11,20,12,0,13,0,14,1500,15,2600,4,500,3,49,2,347,1,606,0,0,-1,0,-2,0,-3,0,-4,0,-5,0,-6,0,13226,1502
1773521875,5,4,5,2044,6,1315,7,663,8,570,9,514,10,4000,11,20,12,0,13,0,14,1500,15,2600,4,500,3,49,2,347,1,606,0,0,-1,0,-2,0,-3,0,-4,0,-5,0,-6,0,13226,1502
1773521876,5,4,5,2044,6,1315,7,663,8,570,9,514,10,4000,11,20,12,0,13,0,14,1500,15,2600,4,500,3,49,2,347,1,606,0,0,-1,0,-2,0,-3,0,-4,0,-5,0,-6,0,13226,1502
1773521877,5,4,5,2044,6,1315,7,663,8,570,9,514,10,4000,11,20,12,0,13,0,14,1500,15,2600,4,500,3,49,2,347,1,606,0,0,-1,0,-2,0,-3,0,-4,0,-5,0,-6,0,13226,1502
1773521878,5,4,5,2044,6,1315,7,663,8,570,9,514,10,4000,11,20,12,0,13,0,14,1500,15,2600,4,500,3,49,2,347,1,606,0,0,-1,0,-2,0,-3,0,-4,0,-5,0,-6,0,13226,1502
1773521879,5,4,5,2044,6,1315,7,663,8,570,9,514,10,4000,11,20,12,0,13,0,14,1500,15,2600,4,500,3,49,2,347,1,606,0,0,-1,0,-2,0,-3,0,-4,0,-5,0,-6,0,13226,1502
1773521880,5,4,5,2044,6,1315,7,663,8,570,9,514,10,4000,11,20,12,0,13,0,14,1500,15,2600,4,500,3,49,2,347,1,606,0,0,-1,0,-2,0,-3,0,-4,0,-5,0,-6,0,13226,1502
1773521881,5,4,5,2044,6,1315,7,663,8,570,9,514,10,4000,11,20,12,0,13,0,14,1500,15,2600,4,500,3,49,2,347,1,606,0,0,-1,0,-2,0,-3,0,-4,0,-5,0,-6,0,13226,1502
1773521882,5,4,5,2044,6,1315,7,663,8,570,9,514,10,4000,11,20,12,0,13,0,14,1500,15,2600,4,500,3,49,2,347,1,606,0,0,-1,0,-2,0,-3,0,-4,0,-5,0,-6,0,13226,1502
1773521883,5,4,5,2044,6,1315,7,663,8,570,9,934,10,4000,11,20,12,1000,13,0,14,1500,15,2600,4,500,3,49,2,347,1,606,0,0,-1,0,-2,0,-3,0,-4,0,-5,0,-6,0,14646,1502
1773521884,5,4,5,2044,6,1315,7,663,8,570,9,934,10,4000,11,20,12,1000,13,0,14,1500,15,2600,4,500,3,49,2,347,1,606,0,0,-1,0,-2,0,-3,0,-4,0,-5,0,-6,0,14646,1502
1773521885,5,4,5,2044,6,1315,7,663,8,570,9,934,10,4000,11,20,12,1000,13,0,14,1500,15,2600,4,500,3,49,2,347,1,606,0,0,-1,0,-2,0,-3,0,-4,0,-5,0,-6,0,14646,1502
1773521886,5,4,5,2044,6,1315,7,663,8,570,9,934,10,4000,11,20,12,1000,13,0,14,1500,15,2600,4,500,3,149,2,347,1,606,0,0,-1,0,-2,0,-3,0,-4,0,-5,0,-6,0,14646,1602
1773521887,5,4,5,2044,6,1315,7,1201,8,27,9,934,10,4000,11,20,12,1000,13,0,14,1500,15,2600,4,500,3,149,2,347,1,606,0,0,-1,0,-2,0,-3,0,-4,0,-5,0,-6,0,14641,1602
1773521888,5,4,5,2044,6,1315,7,1201,8,27,9,934,10,4000,11,20,12,1000,13,0,14,1500,15,2600,4,500,3,149,2,347,1,606,0,0,-1,0,-2,0,-3,0,-4,0,-5,0,-6,0,14641,1602
1773521889,5,4,5,2044,6,1315,7,1201,8,27,9,934,10,4000,11,20,12,1000,13,0,14,1500,15,2600,4,500,3,149,2,347,1,606,0,0,-1,0,-2,0,-3,0,-4,0,-5,0,-6,0,14641,1602
1773521890,5,4,5,2044,6,1315,7,1201,8,27,9,1013,10,4000,11,20,12,1000,13,0,14,1500,15,2600,4,210,3,3,2,403,1,666,0,0,-1,0,-2,0,-3,0,-4,0,-5,0,-6,0,14720,1282
1773521891,4,3,4,2092,5,1226,6,103,7,1148,8,27,9,869,10,4000,11,20,12,1000,13,1500,14,2300,3,140,2,346,1,723,0,0,-1,0,-2,0,-3,0,-4,0,-5,0,-6,0,-7,0,14285,1209
1773521892,4,3,4,2145,5,1226,6,103,7,1148,8,27,9,869,10,4000,11,20,12,1000,13,1500,14,2300,3,140,2,346,1,723,0,0,-1,0,-2,0,-3,0,-4,0,-5,0,-6,0,-7,0,14338,1209
1773521893,4,3,4,2145,5,1226,6,128,7,1148,8,27,9,869,10,4000,11,20,12,1000,13,1500,14,2300,3,140,2,346,1,723,0,0,-1,0,-2,0,-3,0,-4,0,-5,0,-6,0,-7,0,14363,1209
1773521894,3,2,3,9020,4,1313,5,968,6,75,7,1068,8,27,9,603,10,4000,11,20,12,1000,13,1500,2,487,1,617,0,0,-1,0,-2,0,-3,0,-4,0,-5,0,-6,0,-7,0,-8,0,19594,1104
1773521895,2,1,2,643,3,9642,4,1055,5,570,6,121,7,41,8,352,9,11,10,4000,11,1520,12,1000,1,997,0,0,-1,0,-2,0,-3,0,-4,0,-5,0,-6,0,-7,0,-8,0,-9,0,18955,997
1773521896,2,1,2,653,3,9642,4,1055,5,490,6,201,7,41,8,352,9,11,10,4000,11,1520,12,1000,1,997,0,0,-1,0,-2,0,-3,0,-4,0,-5,0,-6,0,-7,0,-8,0,-9,0,18965,997
1773521897,2,1,2,653,3,1765,4,1055,5,490,6,201,7,41,8,351,9,11,10,4000,11,1520,12,1000,1,997,0,0,-1,0,-2,0,-3,0,-4,0,-5,0,-6,0,-7,0,-8,0,-9,0,11087,997
1773521898,2,1,2,653,3,1765,4,1055,5,490,6,201,7,41,8,351,9,11,10,4000,11,1520,12,1000,1,997,0,0,-1,0,-2,0,-3,0,-4,0,-5,0,-6,0,-7,0,-8,0,-9,0,11087,997
1773521899,2,1,2,653,3,1765,4,1055,5,490,6,201,7,41,8,351,9,11,10,4000,11,1520,12,1000,1,747,0,0,-1,0,-2,0,-3,0,-4,0,-5,0,-6,0,-7,0,-8,0,-9,0,11087,747
1773521900,2,1,2,653,3,1765,4,1055,5,490,6,201,7,41,8,351,9,11,10,4000,11,1520,12,1000,1,747,0,0,-1,0,-2,0,-3,0,-4,0,-5,0,-6,0,-7,0,-8,0,-9,0,11087,747
1773521901,2,1,2,653,3,1765,4,1101,5,490,6,75,7,121,8,351,9,11,10,4000,11,1520,12,1000,1,747,0,0,-1,0,-2,0,-3,0,-4,0,-5,0,-6,0,-7,0,-8,0,-9,0,11087,747
1773521902,2,1,2,653,3,1765,4,1101,5,490,6,75,7,121,8,351,9,11,10,4000,11,1520,12,1000,1,747,0,0,-1,0,-2,0,-3,0,-4,0,-5,0,-6,0,-7,0,-8,0,-9,0,11087,747
1773521903,2,1,2,653,3,1765,4,1101,5,490,6,75,7,121,8,351,9,11,10,4000,11,1520,12,1000,1,747,0,0,-1,0,-2,0,-3,0,-4,0,-5,0,-6,0,-7,0,-8,0,-9,0,11087,747
1773521904,2,1,2,1653,3,1811,4,55,5,490,6,155,7,887,8,27,9,11,10,4000,11,1520,12,1000,1,747,0,0,-1,0,-2,0,-3,0,-4,0,-5,0,-6,0,-7,0,-8,0,-9,0,11609,747
1773521905,2,1,2,1653,3,1765,4,101,5,1016,6,155,7,887,8,27,9,11,10,4000,11,1520,12,1000,1,747,0,0,-1,0,-2,0,-3,0,-4,0,-5,0,-6,0,-7,0,-8,0,-9,0,12135,747
1773521906,2,1,2,1653,3,1765,4,101,5,1016,6,155,7,887,8,27,9,11,10,4000,11,1520,12,1000,1,747,0,0,-1,0,-2,0,-3,0,-4,0,-5,0,-6,0,-7,0,-8,0,-9,0,12135,747
1773521907,2,1,2,1607,3,1765,4,101,5,1096,6,75,7,887,8,27,9,11,10,4000,11,1520,12,3300,1,747,0,0,-1,0,-2,0,-3,0,-4,0,-5,0,-6,0,-7,0,-8,0,-9,0,14389,747
1773521908,2,1,2,1593,3,1765,4,101,5,1096,6,75,7,887,8,27,9,11,10,4000,11,1520,12,3300,1,807,0,0,-1,0,-2,0,-3,0,-4,0,-5,0,-6,0,-7,0,-8,0,-9,0,14375,807
1773521909,2,1,2,1593,3,1765,4,101,5,1096,6,75,7,887,8,27,9,11,10,4000,11,1520,12,3300,1,807,0,0,-1,0,-2,0,-3,0,-4,0,-5,0,-6,0,-7,0,-8,0,-9,0,14375,807
1773521910,2,1,2,1593,3,1765,4,101,5,1096,6,75,7,887,8,27,9,11,10,4000,11,1520,12,3300,1,807,0,0,-1,0,-2,0,-3,0,-4,0,-5,0,-6,0,-7,0,-8,0,-9,0,14375,807
1773521911,2,1,2,1593,3,1765,4,101,5,1096,6,75,7,887,8,27,9,11,10,4000,11,1520,12,3300,1,807,0,0,-1,0,-2,0,-3,0,-4,0,-5,0,-6,0,-7,0,-8,0,-9,0,14375,807
1773521912,2,1,2,1593,3,1765,4,101,5,1096,6,75,7,886,8,27,9,11,10,4000,11,1520,12,3300,1,807,0,0,-1,0,-2,0,-3,0,-4,0,-5,0,-6,0,-7,0,-8,0,-9,0,14374,807
1773521913,2,1,2,1593,3,1765,4,101,5,1096,6,75,7,886,8,27,9,11,10,4000,11,1520,12,3300,1,807,0,0,-1,0,-2,0,-3,0,-4,0,-5,0,-6,0,-7,0,-8,0,-9,0,14374,807
1773521914,2,1,2,1593,3,1765,4,101,5,1096,6,75,7,886,8,27,9,11,10,4000,11,1520,12,3300,1,807,0,0,-1,0,-2,0,-3,0,-4,0,-5,0,-6,0,-7,0,-8,0,-9,0,14374,807
1773521915,2,1,2,1593,3,1765,4,101,5,1096,6,75,7,886,8,27,9,11,10,4000,11,1520,12,3300,1,807,0,0,-1,0,-2,0,-3,0,-4,0,-5,0,-6,0,-7,0,-8,0,-9,0,14374,807
1773521916,2,1,2,1593,3,1765,4,101,5,1096,6,75,7,886,8,27,9,11,10,4000,11,1520,12,3300,1,807,0,0,-1,0,-2,0,-3,0,-4,0,-5,0,-6,0,-7,0,-8,0,-9,0,14374,807
1773521917,2,1,2,1593,3,1765,4,101,5,570,6,75,7,886,8,27,9,11,10,4000,11,1520,12,3300,1,807,0,0,-1,0,-2,0,-3,0,-4,0,-5,0,-6,0,-7,0,-8,0,-9,0,13848,807
1773521918,2,1,2,1593,3,1765,4,101,5,570,6,75,7,886,8,27,9,11,10,4000,11,1520,12,3300,1,1307,0,0,-1,0,-2,0,-3,0,-4,0,-5,0,-6,0,-7,0,-8,0,-9,0,13848,1307
1773521919,2,1,2,1593,3,1765,4,101,5,570,6,75,7,886,8,27,9,11,10,4000,11,1520,12,3300,1,1307,0,0,-1,0,-2,0,-3,0,-4,0,-5,0,-6,0,-7,0,-8,0,-9,0,13848,1307
1773521920,2,1,2,1593,3,1765,4,101,5,570,6,75,7,886,8,27,9,11,10,4000,11,1520,12,3300,1,1250,0,0,-1,0,-2,0,-3,0,-4,0,-5,0,-6,0,-7,0,-8,0,-9,0,13848,1250
1773521921,2,1,2,1593,3,1765,4,101,5,570,6,75,7,886,8,27,9,11,10,4000,11,1520,12,3300,1,1376,0,0,-1,0,-2,0,-3,0,-4,0,-5,0,-6,0,-7,0,-8,0,-9,0,13848,1376
1773521922,2,1,2,6593,3,1765,4,101,5,570,6,75,7,886,8,27,9,11,10,4000,11,1520,12,3300,1,1376,0,0,-1,0,-2,0,-3,0,-4,0,-5,0,-6,0,-7,0,-8,0,-9,0,18848,1376
1773521923,2,1,2,6593,3,1765,4,101,5,570,6,75,7,886,8,27,9,11,10,4000,11,1520,12,3300,1,1376,0,0,-1,0,-2,0,-3,0,-4,0,-5,0,-6,0,-7,0,-8,0,-9,0,18848,1376
1773521924,2,1,2,6593,3,1765,4,101,5,570,6,75,7,886,8,27,9,11,10,4000,11,1520,12,3300,1,1376,0,0,-1,0,-2,0,-3,0,-4,0,-5,0,-6,0,-7,0,-8,0,-9,0,18848,1376
1773521925,2,1,2,6593,3,1765,4,101,5,570,6,75,7,886,8,27,9,11,10,4000,11,1520,12,3300,1,1376,0,0,-1,0,-2,0,-3,0,-4,0,-5,0,-6,0,-7,0,-8,0,-9,0,18848,1376
1773521926,2,1,2,6547,3,1765,4,101,5,570,6,75,7,885,8,27,9,11,10,4000,11,1520,12,3300,1,1376,0,0,-1,0,-2,0,-3,0,-4,0,-5,0,-6,0,-7,0,-8,0,-9,0,18801,1376
1773521927,2,1,2,6547,3,1765,4,101,5,570,6,75,7,885,8,27,9,11,10,4000,11,1520,12,3300,1,1376,0,0,-1,0,-2,0,-3,0,-4,0,-5,0,-6,0,-7,0,-8,0,-9,0,18801,1376
1773521928,2,1,2,6547,3,1765,4,101,5,570,6,25,7,885,8,27,9,11,10,4000,11,1520,12,3300,1,1376,0,0,-1,0,-2,0,-3,0,-4,0,-5,0,-6,0,-7,0,-8,0,-9,0,18751,1376
1773521929,2,1,2,6547,3,1765,4,101,5,570,6,25,7,885,8,27,9,11,10,4000,11,1520,12,3300,1,1376,0,0,-1,0,-2,0,-3,0,-4,0,-5,0,-6,0,-7,0,-8,0,-9,0,18751,1376
1773521930,2,1,2,6547,3,1765,4,101,5,570,6,25,7,885,8,27,9,11,10,4000,11,1520,12,3300,1,1376,0,0,-1,0,-2,0,-3,0,-4,0,-5,0,-6,0,-7,0,-8,0,-9,0,18751,1376
1773521931,2,1,2,6547,3,1765,4,101,5,570,6,25,7,844,8,27,9,11,10,4000,11,1520,12,3300,1,1376,0,0,-1,0,-2,0,-3,0,-4,0,-5,0,-6,0,-7,0,-8,0,-9,0,18710,1376
1773521932,2,1,2,6547,3,1765,4,101,5,570,6,25,7,844,8,27,9,11,10,4000,11,1520,12,3300,1,1376,0,0,-1,0,-2,0,-3,0,-4,0,-5,0,-6,0,-7,0,-8,0,-9,0,18710,1376
1773521933,2,1,2,6547,3,1765,4,101,5,570,6,25,7,844,8,27,9,11,10,4000,11,1520,12,3300,1,1376,0,0,-1,0,-2,0,-3,0,-4,0,-5,0,-6,0,-7,0,-8,0,-9,0,18710,1376
1773521934,2,1,2,6547,3,1765,4,101,5,570,6,25,7,844,8,27,9,11,10,4000,11,1520,12,3300,1,1376,0,0,-1,0,-2,0,-3,0,-4,0,-5,0,-6,0,-7,0,-8,0,-9,0,18710,1376
1773521935,2,1,2,6547,3,1765,4,101,5,570,6,25,7,844,8,27,9,11,10,4000,11,1520,12,3300,1,1376,0,0,-1,0,-2,0,-3,0,-4,0,-5,0,-6,0,-7,0,-8,0,-9,0,18710,1376
1773521936,2,1,2,6547,3,1765,4,101,5,570,6,25,7,844,8,27,9,11,10,4000,11,1520,12,3300,1,1376,0,0,-1,0,-2,0,-3,0,-4,0,-5,0,-6,0,-7,0,-8,0,-9,0,18710,1376
1773521937,2,1,2,6547,3,1765,4,101,5,570,6,25,7,844,8,27,9,11,10,4000,11,1520,12,3300,1,1376,0,0,-1,0,-2,0,-3,0,-4,0,-5,0,-6,0,-7,0,-8,0,-9,0,18710,1376
1773521938,2,1,2,6547,3,1765,4,101,5,570,6,25,7,844,8,27,9,11,10,4000,11,1520,12,3300,1,1376,0,0,-1,0,-2,0,-3,0,-4,0,-5,0,-6,0,-7,0,-8,0,-9,0,18710,1376
1773521939,2,1,2,6547,3,1765,4,101,5,570,6,25,7,844,8,27,9,11,10,4000,11,1520,12,3300,1,1376,0,0,-1,0,-2,0,-3,0,-4,0,-5,0,-6,0,-7,0,-8,0,-9,0,18710,1376
1773521940,2,1,2,6547,3,1765,4,101,5,570,6,25,7,844,8,27,9,11,10,4000,11,1520,12,3300,1,1376,0,0,-1,0,-2,0,-3,0,-4,0,-5,0,-6,0,-7,0,-8,0,-9,0,18710,1376
1773521941,2,1,2,6547,3,1765,4,101,5,570,6,25,7,844,8,27,9,11,10,4000,11,1520,12,3300,1,1376,0,0,-1,0,-2,0,-3,0,-4,0,-5,0,-6,0,-7,0,-8,0,-9,0,18710,1376
1773521942,2,1,2,6547,3,1765,4,101,5,570,6,25,7,844,8,27,9,11,10,4000,11,1520,12,3300,1,1376,0,0,-1,0,-2,0,-3,0,-4,0,-5,0,-6,0,-7,0,-8,0,-9,0,18710,1376
1773521943,2,1,2,6547,3,1765,4,101,5,570,6,25,7,844,8,27,9,11,10,4000,11,1520,12,3300,1,1376,0,0,-1,0,-2,0,-3,0,-4,0,-5,0,-6,0,-7,0,-8,0,-9,0,18710,1376
1773521944,2,1,2,6547,3,1765,4,101,5,570,6,25,7,844,8,27,9,11,10,4000,11,1520,12,3300,1,1376,0,0,-1,0,-2,0,-3,0,-4,0,-5,0,-6,0,-7,0,-8,0,-9,0,18710,1376
1773521945,2,1,2,6547,3,1765,4,101,5,570,6,25,7,844,8,27,9,11,10,4000,11,1520,12,3300,1,1376,0,0,-1,0,-2,0,-3,0,-4,0,-5,0,-6,0,-7,0,-8,0,-9,0,18710,1376
1773521946,2,1,2,6547,3,1765,4,101,5,570,6,25,7,843,8,0,9,11,10,4000,11,1520,12,3300,1,1376,0,0,-1,0,-2,0,-3,0,-4,0,-5,0,-6,0,-7,0,-8,0,-9,0,18682,1376
1773521947,2,1,2,6547,3,1765,4,101,5,570,6,25,7,843,8,0,9,11,10,4000,11,1520,12,3300,1,1376,0,0,-1,0,-2,0,-3,0,-4,0,-5,0,-6,0,-7,0,-8,0,-9,0,18682,1376
1773521948,2,1,2,6547,3,1765,4,101,5,570,6,25,7,843,8,0,9,0,10,4000,11,1520,12,3300,1,1376,0,0,-1,0,-2,0,-3,0,-4,0,-5,0,-6,0,-7,0,-8,0,-9,0,18671,1376
1773521949,2,1,2,6547,3,1765,4,101,5,570,6,25,7,843,8,0,9,0,10,4000,11,1520,12,3300,1,1376,0,0,-1,0,-2,0,-3,0,-4,0,-5,0,-6,0,-7,0,-8,0,-9,0,18671,1376
1773521950,2,1,2,6547,3,1765,4,101,5,570,6,25,7,843,8,0,9,0,10,4000,11,1520,12,3300,1,1376,0,0,-1,0,-2,0,-3,0,-4,0,-5,0,-6,0,-7,0,-8,0,-9,0,18671,1376
1773521951,2,1,2,6547,3,1765,4,101,5,570,6,25,7,843,8,0,9,0,10,4000,11,1520,12,3300,1,1376,0,0,-1,0,-2,0,-3,0,-4,0,-5,0,-6,0,-7,0,-8,0,-9,0,18671,1376
1773521952,2,1,2,6547,3,1765,4,48,5,570,6,25,7,843,8,0,9,0,10,4000,11,1520,12,3300,1,1376,0,0,-1,0,-2,0,-3,0,-4,0,-5,0,-6,0,-7,0,-8,0,-9,0,18618,1376
1773521953,2,1,2,6547,3,1765,4,48,5,570,6,25,7,843,8,0,9,0,10,4000,11,1520,12,3300,1,1376,0,0,-1,0,-2,0,-3,0,-4,0,-5,0,-6,0,-7,0,-8,0,-9,0,18618,1376
1773521954,2,1,2,6547,3,1765,4,48,5,570,6,25,7,843,8,0,9,0,10,4000,11,1520,12,3300,1,1376,0,0,-1,0,-2,0,-3,0,-4,0,-5,0,-6,0,-7,0,-8,0,-9,0,18618,1376
1773521955,2,1,2,6547,3,1765,4,48,5,630,6,25,7,843,8,0,9,0,10,4000,11,1520,12,3300,1,1376,0,0,-1,0,-2,0,-3,0,-4,0,-5,0,-6,0,-7,0,-8,0,-9,0,18678,1376
1773521956,2,1,2,6547,3,1765,4,48,5,630,6,25,7,843,8,0,9,0,10,4000,11,1520,12,3300,1,1376,0,0,-1,0,-2,0,-3,0,-4,0,-5,0,-6,0,-7,0,-8,0,-9,0,18678,1376
1773521957,2,1,2,6547,3,1765,4,48,5,630,6,25,7,843,8,0,9,0,10,4000,11,1520,12,3300,1,1376,0,0,-1,0,-2,0,-3,0,-4,0,-5,0,-6,0,-7,0,-8,0,-9,0,18678,1376
1773521958,2,1,2,6547,3,1765,4,48,5,570,6,25,7,842,8,0,9,0,10,4000,11,1520,12,3300,1,1376,0,0,-1,0,-2,0,-3,0,-4,0,-5,0,-6,0,-7,0,-8,0,-9,0,18617,1376
1773521959,2,1,2,6547,3,1765,4,48,5,570,6,25,7,842,8,0,9,0,10,4000,11,1520,12,3300,1,1376,0,0,-1,0,-2,0,-3,0,-4,0,-5,0,-6,0,-7,0,-8,0,-9,0,18617,1376
1773521960,2,1,2,6547,3,1765,4,48,5,570,6,25,7,842,8,0,9,0,10,4000,11,1520,12,3300,1,1376,0,0,-1,0,-2,0,-3,0,-4,0,-5,0,-6,0,-7,0,-8,0,-9,0,18617,1376
1773521961,2,1,2,6547,3,1765,4,48,5,570,6,25,7,842,8,0,9,0,10,4000,11,1520,12,3300,1,1376,0,0,-1,0,-2,0,-3,0,-4,0,-5,0,-6,0,-7,0,-8,0,-9,0,18617,1376
1773521962,2,1,2,6547,3,1765,4,48,5,570,6,25,7,842,8,0,9,0,10,4000,11,1520,12,3300,1,1376,0,0,-1,0,-2,0,-3,0,-4,0,-5,0,-6,0,-7,0,-8,0,-9,0,18617,1376
1773521963,2,1,2,6547,3,1765,4,48,5,570,6,25,7,842,8,0,9,0,10,4000,11,1520,12,3300,1,1376,0,0,-1,0,-2,0,-3,0,-4,0,-5,0,-6,0,-7,0,-8,0,-9,0,18617,1376
1773521964,2,1,2,6547,3,1765,4,48,5,570,6,25,7,842,8,0,9,0,10,4000,11,1520,12,3300,1,1376,0,0,-1,0,-2,0,-3,0,-4,0,-5,0,-6,0,-7,0,-8,0,-9,0,18617,1376
1773521965,2,1,2,6547,3,1765,4,48,5,570,6,25,7,842,8,0,9,0,10,4000,11,1520,12,3300,1,1376,0,0,-1,0,-2,0,-3,0,-4,0,-5,0,-6,0,-7,0,-8,0,-9,0,18617,1376
1773521966,2,1,2,6547,3,1765,4,48,5,570,6,25,7,842,8,0,9,0,10,4000,11,1520,12,3300,1,1376,0,0,-1,0,-2,0,-3,0,-4,0,-5,0,-6,0,-7,0,-8,0,-9,0,18617,1376
1773521967,2,1,2,6547,3,1765,4,48,5,570,6,25,7,842,8,0,9,0,10,4000,11,1520,12,3300,1,1376,0,0,-1,0,-2,0,-3,0,-4,0,-5,0,-6,0,-7,0,-8,0,-9,0,18617,1376
1773521968,2,1,2,6547,3,1765,4,48,5,570,6,25,7,842,8,0,9,0,10,4000,11,1520,12,3300,1,1376,0,0,-1,0,-2,0,-3,0,-4,0,-5,0,-6,0,-7,0,-8,0,-9,0,18617,1376
1773521969,2,1,2,6547,3,1765,4,48,5,570,6,25,7,842,8,0,9,0,10,4000,11,1520,12,3300,1,1376,0,0,-1,0,-2,0,-3,0,-4,0,-5,0,-6,0,-7,0,-8,0,-9,0,18617,1376
1773521970,2,1,2,6547,3,1765,4,48,5,570,6,25,7,842,8,0,9,0,10,4000,11,1520,12,3300,1,1376,0,0,-1,0,-2,0,-3,0,-4,0,-5,0,-6,0,-7,0,-8,0,-9,0,18617,1376
1773521971,2,1,2,6547,3,1765,4,48,5,570,6,25,7,842,8,0,9,0,10,4000,11,1520,12,3300,1,1376,0,0,-1,0,-2,0,-3,0,-4,0,-5,0,-6,0,-7,0,-8,0,-9,0,18617,1376
1773521972,2,1,2,6547,3,1765,4,48,5,570,6,25,7,842,8,0,9,0,10,4000,11,1520,12,3300,1,1376,0,0,-1,0,-2,0,-3,0,-4,0,-5,0,-6,0,-7,0,-8,0,-9,0,18617,1376
1773521973,2,1,2,6547,3,1765,4,48,5,570,6,25,7,841,8,0,9,0,10,4000,11,1520,12,3300,1,1326,0,0,-1,0,-2,0,-3,0,-4,0,-5,0,-6,0,-7,0,-8,0,-9,0,18616,1326
1773521974,2,1,2,6547,3,1765,4,48,5,570,6,25,7,841,8,0,9,0,10,4000,11,1520,12,3300,1,1326,0,0,-1,0,-2,0,-3,0,-4,0,-5,0,-6,0,-7,0,-8,0,-9,0,18616,1326
1773521975,2,1,2,6547,3,1765,4,48,5,570,6,25,7,841,8,0,9,0,10,4000,11,1520,12,3300,1,1326,0,0,-1,0,-2,0,-3,0,-4,0,-5,0,-6,0,-7,0,-8,0,-9,0,18616,1326
1773521976,2,1,2,6547,3,1765,4,48,5,570,6,25,7,841,8,0,9,0,10,4000,11,1520,12,3300,1,1326,0,0,-1,0,-2,0,-3,0,-4,0,-5,0,-6,0,-7,0,-8,0,-9,0,18616,1326
1773521977,2,1,2,6547,3,1765,4,48,5,570,6,25,7,841,8,8,9,0,10,4000,11,1520,12,3300,1,1326,0,0,-1,0,-2,0,-3,0,-4,0,-5,0,-6,0,-7,0,-8,0,-9,0,18624,1326
1773521978,2,1,2,6547,3,1765,4,48,5,570,6,25,7,841,8,8,9,0,10,4000,11,1520,12,3300,1,1326,0,0,-1,0,-2,0,-3,0,-4,0,-5,0,-6,0,-7,0,-8,0,-9,0,18624,1326
1773521979,2,1,2,6547,3,1765,4,48,5,570,6,25,7,841,8,8,9,0,10,4000,11,1520,12,3300,1,1326,0,0,-1,0,-2,0,-3,0,-4,0,-5,0,-6,0,-7,0,-8,0,-9,0,18624,1326
1773521980,2,1,2,6547,3,1765,4,48,5,570,6,25,7,841,8,8,9,0,10,4000,11,1520,12,3300,1,1326,0,0,-1,0,-2,0,-3,0,-4,0,-5,0,-6,0,-7,0,-8,0,-9,0,18624,1326
1773521981,2,1,2,6547,3,1765,4,48,5,570,6,25,7,841,8,8,9,0,10,4000,11,1520,12,3300,1,1059,0,0,-1,0,-2,0,-3,0,-4,0,-5,0,-6,0,-7,0,-8,0,-9,0,18624,1059
1773521982,2,1,2,6547,3,1765,4,48,5,570,6,25,7,841,8,8,9,0,10,4000,11,1520,12,3300,1,1059,0,0,-1,0,-2,0,-3,0,-4,0,-5,0,-6,0,-7,0,-8,0,-9,0,18624,1059
1773521983,2,1,2,6547,3,1765,4,48,5,570,6,25,7,841,8,8,9,0,10,4000,11,1520,12,3300,1,1059,0,0,-1,0,-2,0,-3,0,-4,0,-5,0,-6,0,-7,0,-8,0,-9,0,18624,1059
1773521984,2,1,2,6547,3,1765,4,48,5,570,6,25,7,841,8,8,9,0,10,4000,11,1520,12,3300,1,1059,0,0,-1,0,-2,0,-3,0,-4,0,-5,0,-6,0,-7,0,-8,0,-9,0,18624,1059
1773521985,2,1,2,6547,3,1765,4,48,5,570,6,25,7,841,8,8,9,0,10,4000,11,1520,12,3300,1,1059,0,0,-1,0,-2,0,-3,0,-4,0,-5,0,-6,0,-7,0,-8,0,-9,0,18624,1059
1773521986,2,1,2,6547,3,1765,4,48,5,570,6,25,7,840,8,8,9,0,10,4000,11,1520,12,3300,1,1059,0,0,-1,0,-2,0,-3,0,-4,0,-5,0,-6,0,-7,0,-8,0,-9,0,18623,1059
1773521987,2,1,2,6547,3,1765,4,48,5,570,6,25,7,840,8,8,9,0,10,4000,11,1520,12,3300,1,1059,0,0,-1,0,-2,0,-3,0,-4,0,-5,0,-6,0,-7,0,-8,0,-9,0,18623,1059
1773521988,2,1,2,6547,3,1765,4,48,5,570,6,25,7,840,8,8,9,0,10,4000,11,1520,12,3300,1,1058,0,0,-1,0,-2,0,-3,0,-4,0,-5,0,-6,0,-7,0,-8,0,-9,0,18623,1058
1773521989,2,1,2,6547,3,1765,4,48,5,570,6,25,7,840,8,8,9,0,10,4000,11,1520,12,3300,1,1058,0,0,-1,0,-2,0,-3,0,-4,0,-5,0,-6,0,-7,0,-8,0,-9,0,18623,1058
1773521990,2,1,2,6547,3,1765,4,48,5,570,6,25,7,840,8,8,9,0,10,4000,11,1520,12,3300,1,1058,0,0,-1,0,-2,0,-3,0,-4,0,-5,0,-6,0,-7,0,-8,0,-9,0,18623,1058
1773521991,2,1,2,6547,3,1765,4,48,5,570,6,25,7,840,8,8,9,0,10,4000,11,1520,12,3300,1,1058,0,0,-1,0,-2,0,-3,0,-4,0,-5,0,-6,0,-7,0,-8,0,-9,0,18623,1058
1773521992,2,1,2,6547,3,1765,4,48,5,570,6,25,7,840,8,8,9,0,10,4000,11,1520,12,3300,1,1058,0,0,-1,0,-2,0,-3,0,-4,0,-5,0,-6,0,-7,0,-8,0,-9,0,18623,1058
1773521993,2,1,2,6547,3,1765,4,48,5,570,6,25,7,840,8,8,9,0,10,4000,11,1520,12,3300,1,1058,0,0,-1,0,-2,0,-3,0,-4,0,-5,0,-6,0,-7,0,-8,0,-9,0,18623,1058
1773521994,2,1,2,6821,3,1765,4,48,5,570,6,25,7,840,8,8,9,0,10,4000,11,1520,12,3300,1,1055,0,0,-1,0,-2,0,-3,0,-4,0,-5,0,-6,0,-7,0,-8,0,-9,0,18897,1055
1773521995,2,1,2,6821,3,1765,4,48,5,570,6,25,7,840,8,8,9,0,10,4000,11,1520,12,3300,1,1055,0,0,-1,0,-2,0,-3,0,-4,0,-5,0,-6,0,-7,0,-8,0,-9,0,18897,1055
1773521996,2,1,2,6821,3,1765,4,48,5,570,6,25,7,840,8,8,9,0,10,4000,11,1520,12,3300,1,1055,0,0,-1,0,-2,0,-3,0,-4,0,-5,0,-6,0,-7,0,-8,0,-9,0,18897,1055
1773521997,2,1,2,6821,3,1765,4,48,5,570,6,25,7,840,8,8,9,0,10,4000,11,1520,12,3300,1,1055,0,0,-1,0,-2,0,-3,0,-4,0,-5,0,-6,0,-7,0,-8,0,-9,0,18897,1055
1773521998,2,1,2,6821,3,1765,4,48,5,570,6,25,7,840,8,8,9,0,10,4000,11,1520,12,3300,1,1055,0,0,-1,0,-2,0,-3,0,-4,0,-5,0,-6,0,-7,0,-8,0,-9,0,18897,1055
1773521999,2,1,2,6821,3,1765,4,48,5,570,6,25,7,840,8,8,9,0,10,4000,11,1520,12,3300,1,1055,0,0,-1,0,-2,0,-3,0,-4,0,-5,0,-6,0,-7,0,-8,0,-9,0,18897,1055
1773522000,2,1,2,6821,3,1765,4,48,5,570,6,25,7,840,8,8,9,0,10,4000,11,1520,12,3300,1,1055,0,0,-1,0,-2,0,-3,0,-4,0,-5,0,-6,0,-7,0,-8,0,-9,0,18897,1055
1773522001,2,1,2,6547,3,1765,4,48,5,570,6,25,7,839,8,8,9,0,10,4000,11,1520,12,3300,1,1055,0,0,-1,0,-2,0,-3,0,-4,0,-5,0,-6,0,-7,0,-8,0,-9,0,18622,1055
1773522002,2,1,2,6547,3,1765,4,48,5,570,6,25,7,839,8,8,9,0,10,4000,11,1520,12,3300,1,1055,0,0,-1,0,-2,0,-3,0,-4,0,-5,0,-6,0,-7,0,-8,0,-9,0,18622,1055
1773522003,2,1,2,6547,3,1765,4,48,5,570,6,25,7,839,8,8,9,0,10,4000,11,1520,12,3300,1,1055,0,0,-1,0,-2,0,-3,0,-4,0,-5,0,-6,0,-7,0,-8,0,-9,0,18622,1055
1773522004,2,1,2,6547,3,1765,4,48,5,570,6,25,7,839,8,8,9,0,10,4000,11,1520,12,3300,1,1055,0,0,-1,0,-2,0,-3,0,-4,0,-5,0,-6,0,-7,0,-8,0,-9,0,18622,1055
1773522005,2,1,2,6547,3,1765,4,48,5,570,6,25,7,839,8,8,9,0,10,4000,11,1520,12,3300,1,1055,0,0,-1,0,-2,0,-3,0,-4,0,-5,0,-6,0,-7,0,-8,0,-9,0,18622,1055
1773522006,2,1,2,6547,3,1765,4,48,5,570,6,25,7,839,8,8,9,0,10,4000,11,1520,12,3300,1,1055,0,0,-1,0,-2,0,-3,0,-4,0,-5,0,-6,0,-7,0,-8,0,-9,0,18622,1055
1773522007,2,1,2,6547,3,1765,4,48,5,570,6,25,7,839,8,8,9,0,10,4000,11,1520,12,3300,1,1055,0,0,-1,0,-2,0,-3,0,-4,0,-5,0,-6,0,-7,0,-8,0,-9,0,18622,1055
1773522008,2,1,2,6550,3,1765,4,48,5,570,6,25,7,839,8,8,9,0,10,4000,11,1520,12,3300,1,1055,0,0,-1,0,-2,0,-3,0,-4,0,-5,0,-6,0,-7,0,-8,0,-9,0,18625,1055
1773522009,2,1,2,6550,3,1765,4,48,5,570,6,25,7,839,8,8,9,0,10,4000,11,1520,12,3300,1,1055,0,0,-1,0,-2,0,-3,0,-4,0,-5,0,-6,0,-7,0,-8,0,-9,0,18625,1055
1773522010,2,1,2,6550,3,1765,4,48,5,570,6,25,7,839,8,8,9,0,10,4000,11,1520,12,3300,1,1055,0,0,-1,0,-2,0,-3,0,-4,0,-5,0,-6,0,-7,0,-8,0,-9,0,18625,1055
1773522011,2,1,2,6550,3,1765,4,48,5,570,6,25,7,839,8,8,9,0,10,4000,11,1520,12,3300,1,1055,0,0,-1,0,-2,0,-3,0,-4,0,-5,0,-6,0,-7,0,-8,0,-9,0,18625,1055
1773522012,2,1,2,6550,3,1765,4,48,5,570,6,25,7,839,8,8,9,0,10,4000,11,1520,12,3300,1,1055,0,0,-1,0,-2,0,-3,0,-4,0,-5,0,-6,0,-7,0,-8,0,-9,0,18625,1055
1773522013,2,1,2,6550,3,1765,4,48,5,570,6,25,7,839,8,8,9,0,10,4000,11,1520,12,3300,1,1055,0,0,-1,0,-2,0,-3,0,-4,0,-5,0,-6,0,-7,0,-8,0,-9,0,18625,1055
1773522014,2,1,2,6550,3,1765,4,48,5,570,6,25,7,839,8,8,9,0,10,4000,11,1520,12,3300,1,1055,0,0,-1,0,-2,0,-3,0,-4,0,-5,0,-6,0,-7,0,-8,0,-9,0,18625,1055
1773522015,2,1,2,6550,3,1765,4,48,5,570,6,25,7,839,8,8,9,0,10,4000,11,1520,12,3300,1,1055,0,0,-1,0,-2,0,-3,0,-4,0,-5,0,-6,0,-7,0,-8,0,-9,0,18625,1055
1773522016,2,1,2,6550,3,1765,4,2,5,570,6,25,7,838,8,8,9,0,10,4000,11,1520,12,3300,1,1055,0,0,-1,0,-2,0,-3,0,-4,0,-5,0,-6,0,-7,0,-8,0,-9,0,18578,1055
1773522017,2,1,2,6550,3,1765,4,2,5,570,6,25,7,838,8,8,9,0,10,4000,11,1520,12,3300,1,1055,0,0,-1,0,-2,0,-3,0,-4,0,-5,0,-6,0,-7,0,-8,0,-9,0,18578,1055
1773522018,2,1,2,6550,3,1765,4,2,5,570,6,25,7,838,8,8,9,0,10,4000,11,1520,12,3300,1,1055,0,0,-1,0,-2,0,-3,0,-4,0,-5,0,-6,0,-7,0,-8,0,-9,0,18578,1055
1773522019,2,1,2,6550,3,1765,4,2,5,570,6,25,7,838,8,8,9,0,10,4000,11,1520,12,3300,1,1055,0,0,-1,0,-2,0,-3,0,-4,0,-5,0,-6,0,-7,0,-8,0,-9,0,18578,1055
1773522020,2,1,2,6550,3,1765,4,2,5,570,6,25,7,838,8,8,9,0,10,4000,11,1520,12,3300,1,1055,0,0,-1,0,-2,0,-3,0,-4,0,-5,0,-6,0,-7,0,-8,0,-9,0,18578,1055
1773522021,2,1,2,6550,3,1767,4,2,5,568,6,25,7,838,8,8,9,0,10,4000,11,1520,12,3300,1,1055,0,0,-1,0,-2,0,-3,0,-4,0,-5,0,-6,0,-7,0,-8,0,-9,0,18578,1055
1773522022,2,1,2,6550,3,1767,4,2,5,568,6,25,7,838,8,8,9,0,10,4000,11,1520,12,3300,1,1055,0,0,-1,0,-2,0,-3,0,-4,0,-5,0,-6,0,-7,0,-8,0,-9,0,18578,1055
1773522023,2,1,2,6550,3,1767,4,2,5,568,6,25,7,838,8,8,9,0,10,4000,11,1520,12,3300,1,1055,0,0,-1,0,-2,0,-3,0,-4,0,-5,0,-6,0,-7,0,-8,0,-9,0,18578,1055
1773522024,2,1,2,6550,3,1767,4,2,5,568,6,25,7,838,8,8,9,0,10,4000,11,1520,12,3300,1,1055,0,0,-1,0,-2,0,-3,0,-4,0,-5,0,-6,0,-7,0,-8,0,-9,0,18578,1055
1773522025,2,1,2,6550,3,1767,4,2,5,568,6,25,7,838,8,8,9,0,10,4000,11,1520,12,3300,1,1055,0,0,-1,0,-2,0,-3,0,-4,0,-5,0,-6,0,-7,0,-8,0,-9,0,18578,1055
1773522026,2,1,2,6550,3,1767,4,2,5,568,6,25,7,838,8,8,9,0,10,4000,11,1520,12,3300,1,1055,0,0,-1,0,-2,0,-3,0,-4,0,-5,0,-6,0,-7,0,-8,0,-9,0,18578,1055
1773522027,2,1,2,6550,3,1767,4,2,5,568,6,25,7,838,8,8,9,0,10,4000,11,1520,12,3300,1,1055,0,0,-1,0,-2,0,-3,0,-4,0,-5,0,-6,0,-7,0,-8,0,-9,0,18578,1055
1773522028,2,1,2,6550,3,1767,4,48,5,568,6,25,7,838,8,8,9,0,10,4000,11,1520,12,3300,1,1055,0,0,-1,0,-2,0,-3,0,-4,0,-5,0,-6,0,-7,0,-8,0,-9,0,18624,1055
1773522029,2,1,2,6550,3,1767,4,48,5,568,6,25,7,838,8,8,9,0,10,4000,11,1520,12,3300,1,1237,0,0,-1,0,-2,0,-3,0,-4,0,-5,0,-6,0,-7,0,-8,0,-9,0,18624,1237
1773522030,2,1,2,6550,3,1767,4,48,5,568,6,25,7,838,8,8,9,0,10,4000,11,1520,12,3300,1,1237,0,0,-1,0,-2,0,-3,0,-4,0,-5,0,-6,0,-7,0,-8,0,-9,0,18624,1237
1773522031,2,1,2,6550,3,1767,4,48,5,568,6,25,7,837,8,8,9,0,10,4000,11,1520,12,3300,1,1237,0,0,-1,0,-2,0,-3,0,-4,0,-5,0,-6,0,-7,0,-8,0,-9,0,18623,1237
1773522032,2,1,2,6550,3,1767,4,48,5,568,6,25,7,837,8,8,9,0,10,4000,11,1520,12,3300,1,1237,0,0,-1,0,-2,0,-3,0,-4,0,-5,0,-6,0,-7,0,-8,0,-9,0,18623,1237
1773522033,2,1,2,6550,3,1767,4,48,5,568,6,25,7,837,8,8,9,0,10,4000,11,1520,12,3300,1,1237,0,0,-1,0,-2,0,-3,0,-4,0,-5,0,-6,0,-7,0,-8,0,-9,0,18623,1237
1773522034,2,1,2,6550,3,1767,4,48,5,568,6,25,7,837,8,8,9,0,10,4000,11,1520,12,3300,1,1237,0,0,-1,0,-2,0,-3,0,-4,0,-5,0,-6,0,-7,0,-8,0,-9,0,18623,1237
1773522035,2,1,2,6550,3,1767,4,48,5,568,6,25,7,837,8,8,9,0,10,4000,11,1520,12,3300,1,1237,0,0,-1,0,-2,0,-3,0,-4,0,-5,0,-6,0,-7,0,-8,0,-9,0,18623,1237
1773522036,2,1,2,6550,3,1767,4,48,5,568,6,25,7,837,8,8,9,0,10,4000,11,1520,12,3300,1,1237,0,0,-1,0,-2,0,-3,0,-4,0,-5,0,-6,0,-7,0,-8,0,-9,0,18623,1237
1773522037,2,1,2,6550,3,1767,4,48,5,568,6,25,7,837,8,8,9,0,10,4000,11,1520,12,3300,1,1237,0,0,-1,0,-2,0,-3,0,-4,0,-5,0,-6,0,-7,0,-8,0,-9,0,18623,1237
1773522038,2,1,2,6550,3,1767,4,48,5,568,6,25,7,837,8,8,9,0,10,4000,11,1520,12,3300,1,1237,0,0,-1,0,-2,0,-3,0,-4,0,-5,0,-6,0,-7,0,-8,0,-9,0,18623,1237
1773522039,2,1,2,6550,3,1767,4,48,5,568,6,25,7,837,8,8,9,0,10,4000,11,1520,12,3300,1,1237,0,0,-1,0,-2,0,-3,0,-4,0,-5,0,-6,0,-7,0,-8,0,-9,0,18623,1237
1773522040,2,1,2,6550,3,1767,4,48,5,568,6,25,7,837,8,8,9,0,10,4000,11,1520,12,3300,1,1237,0,0,-1,0,-2,0,-3,0,-4,0,-5,0,-6,0,-7,0,-8,0,-9,0,18623,1237
1773522041,2,1,2,6550,3,1767,4,48,5,568,6,25,7,837,8,8,9,0,10,4000,11,1520,12,3300,1,1237,0,0,-1,0,-2,0,-3,0,-4,0,-5,0,-6,0,-7,0,-8,0,-9,0,18623,1237
1773522042,2,1,2,6550,3,1767,4,48,5,568,6,25,7,837,8,8,9,0,10,4000,11,1520,12,3300,1,1237,0,0,-1,0,-2,0,-3,0,-4,0,-5,0,-6,0,-7,0,-8,0,-9,0,18623,1237
1773522043,2,1,2,6550,3,1767,4,48,5,568,6,25,7,837,8,8,9,0,10,4000,11,1520,12,3300,1,1237,0,0,-1,0,-2,0,-3,0,-4,0,-5,0,-6,0,-7,0,-8,0,-9,0,18623,1237
1773522044,2,1,2,6550,3,1767,4,48,5,568,6,25,7,837,8,8,9,0,10,4000,11,1520,12,3300,1,1237,0,0,-1,0,-2,0,-3,0,-4,0,-5,0,-6,0,-7,0,-8,0,-9,0,18623,1237
1773522045,2,1,2,6550,3,1767,4,48,5,568,6,25,7,837,8,8,9,0,10,4000,11,1520,12,3300,1,1237,0,0,-1,0,-2,0,-3,0,-4,0,-5,0,-6,0,-7,0,-8,0,-9,0,18623,1237
1773522046,2,1,2,6550,3,1767,4,48,5,568,6,25,7,836,8,8,9,0,10,4000,11,1520,12,3300,1,1237,0,0,-1,0,-2,0,-3,0,-4,0,-5,0,-6,0,-7,0,-8,0,-9,0,18622,1237
1773522047,2,1,2,6550,3,1767,4,48,5,568,6,25,7,836,8,8,9,0,10,4000,11,1520,12,3300,1,1237,0,0,-1,0,-2,0,-3,0,-4,0,-5,0,-6,0,-7,0,-8,0,-9,0,18622,1237
1773522048,2,1,2,6550,3,1767,4,48,5,568,6,25,7,836,8,8,9,0,10,4000,11,1520,12,3300,1,1237,0,0,-1,0,-2,0,-3,0,-4,0,-5,0,-6,0,-7,0,-8,0,-9,0,18622,1237
1773522049,2,1,2,6550,3,1767,4,48,5,568,6,25,7,836,8,8,9,0,10,4000,11,1520,12,3300,1,1237,0,0,-1,0,-2,0,-3,0,-4,0,-5,0,-6,0,-7,0,-8,0,-9,0,18622,1237
1773522050,2,1,2,6550,3,1767,4,48,5,568,6,25,7,836,8,8,9,0,10,4000,11,1520,12,3300,1,1237,0,0,-1,0,-2,0,-3,0,-4,0,-5,0,-6,0,-7,0,-8,0,-9,0,18622,1237
1773522051,2,1,2,6550,3,1767,4,48,5,568,6,25,7,836,8,8,9,0,10,4000,11,1520,12,3300,1,1237,0,0,-1,0,-2,0,-3,0,-4,0,-5,0,-6,0,-7,0,-8,0,-9,0,18622,1237
1773522052,2,1,2,6550,3,1767,4,48,5,568,6,25,7,836,8,8,9,0,10,4000,11,1520,12,3300,1,1237,0,0,-1,0,-2,0,-3,0,-4,0,-5,0,-6,0,-7,0,-8,0,-9,0,18622,1237
1773522053,2,1,2,6550,3,1767,4,48,5,568,6,25,7,836,8,8,9,0,10,4000,11,1520,12,3300,1,1237,0,0,-1,0,-2,0,-3,0,-4,0,-5,0,-6,0,-7,0,-8,0,-9,0,18622,1237
1773522054,2,1,2,6550,3,1767,4,48,5,568,6,25,7,836,8,8,9,0,10,4000,11,1520,12,3300,1,1237,0,0,-1,0,-2,0,-3,0,-4,0,-5,0,-6,0,-7,0,-8,0,-9,0,18622,1237
1773522055,2,1,2,6550,3,1767,4,48,5,568,6,25,7,836,8,8,9,0,10,4000,11,1520,12,3300,1,1062,0,0,-1,0,-2,0,-3,0,-4,0,-5,0,-6,0,-7,0,-8,0,-9,0,18622,1062
1773522056,2,1,2,6550,3,1767,4,48,5,568,6,25,7,836,8,8,9,0,10,4000,11,1520,12,3300,1,1062,0,0,-1,0,-2,0,-3,0,-4,0,-5,0,-6,0,-7,0,-8,0,-9,0,18622,1062
1773522057,2,1,2,6550,3,1767,4,48,5,568,6,25,7,836,8,8,9,0,10,4000,11,1520,12,3300,1,1062,0,0,-1,0,-2,0,-3,0,-4,0,-5,0,-6,0,-7,0,-8,0,-9,0,18622,1062
1773522058,2,1,2,6550,3,1767,4,48,5,568,6,25,7,836,8,8,9,0,10,4000,11,1520,12,3300,1,1062,0,0,-1,0,-2,0,-3,0,-4,0,-5,0,-6,0,-7,0,-8,0,-9,0,18622,1062
1773522059,2,1,2,6550,3,1767,4,48,5,568,6,25,7,836,8,8,9,0,10,4000,11,1520,12,3300,1,1062,0,0,-1,0,-2,0,-3,0,-4,0,-5,0,-6,0,-7,0,-8,0,-9,0,18622,1062
1773522060,2,1,2,6550,3,1767,4,48,5,568,6,25,7,836,8,8,9,0,10,4000,11,1520,12,3300,1,1062,0,0,-1,0,-2,0,-3,0,-4,0,-5,0,-6,0,-7,0,-8,0,-9,0,18622,1062
1773522061,2,1,2,6550,3,1767,4,48,5,568,6,25,7,835,8,8,9,0,10,4000,11,1520,12,3300,1,1062,0,0,-1,0,-2,0,-3,0,-4,0,-5,0,-6,0,-7,0,-8,0,-9,0,18621,1062
1773522062,2,1,2,6550,3,1767,4,48,5,568,6,25,7,835,8,8,9,0,10,4000,11,1520,12,3300,1,1062,0,0,-1,0,-2,0,-3,0,-4,0,-5,0,-6,0,-7,0,-8,0,-9,0,18621,1062
1773522063,2,1,2,6550,3,1767,4,48,5,568,6,25,7,835,8,8,9,0,10,4000,11,1520,12,3300,1,1062,0,0,-1,0,-2,0,-3,0,-4,0,-5,0,-6,0,-7,0,-8,0,-9,0,18621,1062
