Sequence id,Time sec,Datetime,Yes px,No px,Side taken,Size
72,1773839207,2026-03-18T06:06:47,,,yes,
83,1773839217,2026-03-18T06:06:57,,,yes,
103,1773839246,2026-03-18T06:07:26,,,yes,
239,1773839430,2026-03-18T06:10:30,,,yes,
463,1773839661,2026-03-18T06:14:21,,,yes,
475,1773839673,2026-03-18T06:14:33,,,yes,
476,1773839673,2026-03-18T06:14:33,,,yes,
477,1773839673,2026-03-18T06:14:33,,,yes,
478,1773839673,2026-03-18T06:14:33,,,yes,
516,1773839716,2026-03-18T06:15:16,,,yes,
724,1773839905,2026-03-18T06:18:25,,,yes,
725,1773839906,2026-03-18T06:18:26,,,yes,
788,1773839980,2026-03-18T06:19:40,,,yes,
883,1773840085,2026-03-18T06:21:25,,,yes,
1020,1773840218,2026-03-18T06:23:38,,,yes,
1254,1773840490,2026-03-18T06:28:10,,,no,
1255,1773840490,2026-03-18T06:28:10,,,no,
1256,1773840490,2026-03-18T06:28:10,,,no,
1257,1773840490,2026-03-18T06:28:10,,,no,
1276,1773840518,2026-03-18T06:28:38,,,yes,
1359,1773840600,2026-03-18T06:30:00,,,yes,
1387,1773840628,2026-03-18T06:30:28,,,no,
1388,1773840628,2026-03-18T06:30:28,,,no,
1413,1773840666,2026-03-18T06:31:06,,,yes,
1602,1773840884,2026-03-18T06:34:44,,,yes,
1743,1773841003,2026-03-18T06:36:43,,,yes,
2081,1773841294,2026-03-18T06:41:34,,,yes,
2082,1773841294,2026-03-18T06:41:34,,,yes,
2203,1773841403,2026-03-18T06:43:23,,,yes,
2309,1773841511,2026-03-18T06:45:11,,,yes,
2389,1773841586,2026-03-18T06:46:26,,,yes,
2398,1773841595,2026-03-18T06:46:35,,,yes,
2556,1773841753,2026-03-18T06:49:13,,,yes,
2557,1773841753,2026-03-18T06:49:13,,,yes,
2558,1773841753,2026-03-18T06:49:13,,,yes,
2559,1773841753,2026-03-18T06:49:13,,,yes,
2560,1773841753,2026-03-18T06:49:13,,,yes,
2561,1773841753,2026-03-18T06:49:13,,,yes,
2562,1773841753,2026-03-18T06:49:13,,,yes,
2563,1773841753,2026-03-18T06:49:13,,,yes,
2567,1773841758,2026-03-18T06:49:18,,,yes,
2893,1773842013,2026-03-18T06:53:33,,,yes,
2996,1773842110,2026-03-18T06:55:10,,,yes,
2997,1773842110,2026-03-18T06:55:10,,,yes,
3293,1773842381,2026-03-18T06:59:41,,,yes,
3627,1773842645,2026-03-18T07:04:05,,,yes,
3633,1773842650,2026-03-18T07:04:10,,,yes,
3634,1773842650,2026-03-18T07:04:10,,,yes,
3635,1773842650,2026-03-18T07:04:10,,,yes,
3714,1773842704,2026-03-18T07:05:04,,,yes,
3768,1773842737,2026-03-18T07:05:37,,,yes,
3769,1773842737,2026-03-18T07:05:37,,,yes,
3770,1773842737,2026-03-18T07:05:37,,,yes,
3771,1773842737,2026-03-18T07:05:37,,,yes,
3772,1773842737,2026-03-18T07:05:37,,,yes,
3773,1773842737,2026-03-18T07:05:37,,,yes,
4093,1773842999,2026-03-18T07:09:59,,,yes,
4295,1773843175,2026-03-18T07:12:55,,,yes,
4296,1773843175,2026-03-18T07:12:55,,,yes,
4327,1773843197,2026-03-18T07:13:17,,,yes,
4911,1773843666,2026-03-18T07:21:06,,,yes,
4912,1773843666,2026-03-18T07:21:06,,,yes,
4934,1773843682,2026-03-18T07:21:22,,,yes,
5200,1773843906,2026-03-18T07:25:06,,,yes,
5201,1773843906,2026-03-18T07:25:06,,,yes,
5202,1773843906,2026-03-18T07:25:06,,,yes,
5203,1773843906,2026-03-18T07:25:06,,,yes,
5204,1773843906,2026-03-18T07:25:06,,,yes,
5205,1773843906,2026-03-18T07:25:06,,,yes,
5835,1773844392,2026-03-18T07:33:12,,,yes,
6088,1773844604,2026-03-18T07:36:44,,,yes,
6257,1773844708,2026-03-18T07:38:28,,,yes,
6482,1773844887,2026-03-18T07:41:27,,,yes,
6483,1773844887,2026-03-18T07:41:27,,,yes,
6657,1773845011,2026-03-18T07:43:31,,,yes,
6964,1773845211,2026-03-18T07:46:51,,,yes,
6970,1773845215,2026-03-18T07:46:55,,,yes,
6971,1773845215,2026-03-18T07:46:55,,,yes,
6972,1773845215,2026-03-18T07:46:55,,,yes,
7183,1773845378,2026-03-18T07:49:38,,,yes,
7978,1773845919,2026-03-18T07:58:39,,,yes,
8238,1773846103,2026-03-18T08:01:43,,,yes,
8425,1773846230,2026-03-18T08:03:50,,,yes,
8512,1773846294,2026-03-18T08:04:54,,,yes,
8680,1773846425,2026-03-18T08:07:05,,,yes,
8683,1773846428,2026-03-18T08:07:08,,,yes,
8745,1773846468,2026-03-18T08:07:48,,,yes,
8774,1773846488,2026-03-18T08:08:08,,,yes,
8896,1773846583,2026-03-18T08:09:43,,,yes,
8998,1773846653,2026-03-18T08:10:53,,,yes,
9050,1773846699,2026-03-18T08:11:39,,,yes,
9051,1773846699,2026-03-18T08:11:39,,,yes,
9109,1773846741,2026-03-18T08:12:21,,,yes,
9324,1773846865,2026-03-18T08:14:25,,,yes,
9578,1773847042,2026-03-18T08:17:22,,,yes,
9622,1773847077,2026-03-18T08:17:57,,,yes,
9686,1773847121,2026-03-18T08:18:41,,,yes,
9687,1773847121,2026-03-18T08:18:41,,,yes,
9688,1773847121,2026-03-18T08:18:41,,,yes,
9689,1773847121,2026-03-18T08:18:41,,,yes,
9690,1773847121,2026-03-18T08:18:41,,,yes,
9691,1773847121,2026-03-18T08:18:41,,,yes,
9705,1773847131,2026-03-18T08:18:51,,,yes,
9706,1773847131,2026-03-18T08:18:51,,,yes,
9707,1773847131,2026-03-18T08:18:51,,,yes,
10014,1773847338,2026-03-18T08:22:18,,,yes,
10094,1773847390,2026-03-18T08:23:10,,,no,
10179,1773847456,2026-03-18T08:24:16,,,yes,
10369,1773847564,2026-03-18T08:26:04,,,yes,
10486,1773847617,2026-03-18T08:26:57,,,yes,
10597,1773847675,2026-03-18T08:27:55,,,yes,
10794,1773847791,2026-03-18T08:29:51,,,yes,
10795,1773847791,2026-03-18T08:29:51,,,yes,
10796,1773847791,2026-03-18T08:29:51,,,yes,
10797,1773847791,2026-03-18T08:29:51,,,yes,
10798,1773847791,2026-03-18T08:29:51,,,yes,
10799,1773847792,2026-03-18T08:29:52,,,yes,
11222,1773848054,2026-03-18T08:34:14,,,yes,
11223,1773848054,2026-03-18T08:34:14,,,yes,
11224,1773848054,2026-03-18T08:34:14,,,yes,
11325,1773848118,2026-03-18T08:35:18,,,yes,
11374,1773848151,2026-03-18T08:35:51,,,yes,
11375,1773848151,2026-03-18T08:35:51,,,yes,
11376,1773848151,2026-03-18T08:35:51,,,yes,
11443,1773848199,2026-03-18T08:36:39,,,yes,
11444,1773848199,2026-03-18T08:36:39,,,yes,
11735,1773848396,2026-03-18T08:39:56,,,yes,
11794,1773848422,2026-03-18T08:40:22,,,yes,
11795,1773848422,2026-03-18T08:40:22,,,yes,
11814,1773848433,2026-03-18T08:40:33,,,yes,
11815,1773848433,2026-03-18T08:40:33,,,yes,
11835,1773848451,2026-03-18T08:40:51,,,yes,
11926,1773848501,2026-03-18T08:41:41,,,yes,
12142,1773848631,2026-03-18T08:43:51,,,yes,
12143,1773848631,2026-03-18T08:43:51,,,yes,
12213,1773848678,2026-03-18T08:44:38,,,yes,
12214,1773848678,2026-03-18T08:44:38,,,yes,
12215,1773848678,2026-03-18T08:44:38,,,yes,
12216,1773848678,2026-03-18T08:44:38,,,yes,
12217,1773848678,2026-03-18T08:44:38,,,yes,
12231,1773848690,2026-03-18T08:44:50,,,yes,
12294,1773848736,2026-03-18T08:45:36,,,yes,
12611,1773848927,2026-03-18T08:48:47,,,yes,
12612,1773848927,2026-03-18T08:48:47,,,yes,
13138,1773849228,2026-03-18T08:53:48,,,yes,
13404,1773849391,2026-03-18T08:56:31,,,yes,
13442,1773849407,2026-03-18T08:56:47,,,yes,
13791,1773849587,2026-03-18T08:59:47,,,yes,
13792,1773849587,2026-03-18T08:59:47,,,yes,
14007,1773849697,2026-03-18T09:01:37,,,yes,
14248,1773849843,2026-03-18T09:04:03,,,yes,
14318,1773849892,2026-03-18T09:04:52,,,no,
14319,1773849892,2026-03-18T09:04:52,,,no,
14340,1773849901,2026-03-18T09:05:01,,,yes,
14388,1773849934,2026-03-18T09:05:34,,,yes,
14677,1773850086,2026-03-18T09:08:06,,,yes,
14794,1773850149,2026-03-18T09:09:09,,,yes,
14831,1773850177,2026-03-18T09:09:37,,,yes,
15400,1773850468,2026-03-18T09:14:28,,,yes,
15524,1773850537,2026-03-18T09:15:37,,,yes,
15920,1773850764,2026-03-18T09:19:24,,,yes,
16044,1773850833,2026-03-18T09:20:33,,,yes,
16087,1773850858,2026-03-18T09:20:58,,,yes,
16093,1773850860,2026-03-18T09:21:00,,,yes,
16209,1773850915,2026-03-18T09:21:55,,,yes,
16861,1773851223,2026-03-18T09:27:03,,,yes,
16954,1773851274,2026-03-18T09:27:54,,,yes,
16975,1773851286,2026-03-18T09:28:06,,,yes,
16976,1773851287,2026-03-18T09:28:07,,,yes,
17005,1773851304,2026-03-18T09:28:24,,,yes,
17047,1773851331,2026-03-18T09:28:51,,,yes,
17154,1773851386,2026-03-18T09:29:46,,,yes,
17255,1773851434,2026-03-18T09:30:34,,,yes,
17279,1773851445,2026-03-18T09:30:45,,,yes,
17310,1773851461,2026-03-18T09:31:01,,,yes,
17522,1773851582,2026-03-18T09:33:02,,,yes,
17548,1773851595,2026-03-18T09:33:15,,,yes,
17571,1773851607,2026-03-18T09:33:27,,,yes,
17572,1773851607,2026-03-18T09:33:27,,,yes,
17625,1773851634,2026-03-18T09:33:54,,,yes,
17902,1773851775,2026-03-18T09:36:15,,,yes,
17955,1773851796,2026-03-18T09:36:36,,,yes,
17959,1773851798,2026-03-18T09:36:38,,,no,
17960,1773851798,2026-03-18T09:36:38,,,no,
17961,1773851798,2026-03-18T09:36:38,,,no,
17968,1773851802,2026-03-18T09:36:42,,,yes,
18014,1773851826,2026-03-18T09:37:06,,,yes,
18015,1773851826,2026-03-18T09:37:06,,,yes,
18116,1773851868,2026-03-18T09:37:48,,,yes,
18130,1773851874,2026-03-18T09:37:54,,,yes,
18356,1773851983,2026-03-18T09:39:43,,,yes,
18510,1773852061,2026-03-18T09:41:01,,,yes,
18575,1773852087,2026-03-18T09:41:27,,,yes,
18656,1773852126,2026-03-18T09:42:06,,,yes,
18988,1773852270,2026-03-18T09:44:30,,,yes,
19021,1773852284,2026-03-18T09:44:44,,,yes,
19043,1773852295,2026-03-18T09:44:55,,,yes,
19138,1773852344,2026-03-18T09:45:44,,,yes,
19144,1773852345,2026-03-18T09:45:45,,,yes,
19316,1773852419,2026-03-18T09:46:59,,,yes,
19325,1773852423,2026-03-18T09:47:03,,,yes,
19391,1773852448,2026-03-18T09:47:28,,,yes,
19394,1773852450,2026-03-18T09:47:30,,,yes,
19530,1773852504,2026-03-18T09:48:24,,,yes,
19678,1773852564,2026-03-18T09:49:24,,,yes,
19697,1773852572,2026-03-18T09:49:32,,,yes,
19828,1773852635,2026-03-18T09:50:35,,,yes,
19885,1773852662,2026-03-18T09:51:02,,,yes,
20003,1773852715,2026-03-18T09:51:55,,,yes,
20068,1773852739,2026-03-18T09:52:19,,,yes,
20069,1773852739,2026-03-18T09:52:19,,,yes,
20095,1773852748,2026-03-18T09:52:28,,,yes,
20131,1773852757,2026-03-18T09:52:37,,,yes,
20133,1773852758,2026-03-18T09:52:38,,,yes,
20197,1773852779,2026-03-18T09:52:59,,,yes,
20271,1773852813,2026-03-18T09:53:33,,,yes,
20424,1773852875,2026-03-18T09:54:35,,,yes,
20428,1773852875,2026-03-18T09:54:35,,,no,
20440,1773852881,2026-03-18T09:54:41,,,no,
20448,1773852883,2026-03-18T09:54:43,,,no,
20455,1773852886,2026-03-18T09:54:46,,,no,
20514,1773852910,2026-03-18T09:55:10,,,no,
20548,1773852925,2026-03-18T09:55:25,,,no,
20550,1773852925,2026-03-18T09:55:25,,,no,
20556,1773852928,2026-03-18T09:55:28,,,no,
20577,1773852939,2026-03-18T09:55:39,,,yes,
20589,1773852943,2026-03-18T09:55:43,,,yes,
20738,1773852999,2026-03-18T09:56:39,,,no,
20776,1773853012,2026-03-18T09:56:52,,,no,
20785,1773853014,2026-03-18T09:56:54,,,no,
20799,1773853021,2026-03-18T09:57:01,,,yes,
20865,1773853042,2026-03-18T09:57:22,,,no,
20911,1773853060,2026-03-18T09:57:40,,,no,
20919,1773853061,2026-03-18T09:57:41,,,yes,
21038,1773853111,2026-03-18T09:58:31,,,yes,
21074,1773853129,2026-03-18T09:58:49,,,no,
21138,1773853153,2026-03-18T09:59:13,,,no,
21142,1773853154,2026-03-18T09:59:14,,,no,
21144,1773853154,2026-03-18T09:59:14,,,no,
21145,1773853154,2026-03-18T09:59:14,,,no,
21211,1773853180,2026-03-18T09:59:40,,,yes,
21229,1773853186,2026-03-18T09:59:46,,,yes,
21267,1773853199,2026-03-18T09:59:59,,,yes,
21268,1773853199,2026-03-18T09:59:59,,,yes,
21392,1773853248,2026-03-18T10:00:48,,,yes,
21495,1773853281,2026-03-18T10:01:21,,,yes,
21553,1773853297,2026-03-18T10:01:37,,,yes,
21582,1773853304,2026-03-18T10:01:44,,,yes,
21601,1773853308,2026-03-18T10:01:48,,,yes,
21614,1773853315,2026-03-18T10:01:55,,,yes,
21622,1773853318,2026-03-18T10:01:58,,,yes,
21623,1773853318,2026-03-18T10:01:58,,,yes,
21624,1773853318,2026-03-18T10:01:58,,,yes,
21625,1773853318,2026-03-18T10:01:58,,,yes,
21626,1773853318,2026-03-18T10:01:58,,,yes,
21662,1773853336,2026-03-18T10:02:16,,,yes,
21720,1773853354,2026-03-18T10:02:34,,,yes,
21969,1773853437,2026-03-18T10:03:57,,,yes,
21977,1773853440,2026-03-18T10:04:00,,,yes,
21978,1773853440,2026-03-18T10:04:00,,,yes,
22106,1773853486,2026-03-18T10:04:46,,,yes,
22170,1773853509,2026-03-18T10:05:09,,,yes,
22174,1773853510,2026-03-18T10:05:10,,,yes,
22201,1773853520,2026-03-18T10:05:20,,,no,
22275,1773853544,2026-03-18T10:05:44,,,yes,
22276,1773853544,2026-03-18T10:05:44,,,yes,
22302,1773853553,2026-03-18T10:05:53,,,yes,
22356,1773853568,2026-03-18T10:06:08,,,yes,
22357,1773853568,2026-03-18T10:06:08,,,yes,
22358,1773853568,2026-03-18T10:06:08,,,yes,
22359,1773853568,2026-03-18T10:06:08,,,yes,
22374,1773853569,2026-03-18T10:06:09,,,yes,
22417,1773853579,2026-03-18T10:06:19,,,yes,
22418,1773853579,2026-03-18T10:06:19,,,yes,
22419,1773853579,2026-03-18T10:06:19,,,yes,
22420,1773853579,2026-03-18T10:06:19,,,yes,
22477,1773853597,2026-03-18T10:06:37,,,yes,
22478,1773853597,2026-03-18T10:06:37,,,yes,
22515,1773853606,2026-03-18T10:06:46,,,yes,
22530,1773853610,2026-03-18T10:06:50,,,yes,
22531,1773853610,2026-03-18T10:06:50,,,yes,
22532,1773853610,2026-03-18T10:06:50,,,yes,
22554,1773853614,2026-03-18T10:06:54,,,yes,
22555,1773853614,2026-03-18T10:06:54,,,yes,
22604,1773853624,2026-03-18T10:07:04,,,yes,
22628,1773853633,2026-03-18T10:07:13,,,yes,
22629,1773853633,2026-03-18T10:07:13,,,yes,
22630,1773853633,2026-03-18T10:07:13,,,yes,
22649,1773853638,2026-03-18T10:07:18,,,yes,
22650,1773853638,2026-03-18T10:07:18,,,yes,
22651,1773853638,2026-03-18T10:07:18,,,yes,
22655,1773853639,2026-03-18T10:07:19,,,yes,
22667,1773853644,2026-03-18T10:07:24,,,yes,
22668,1773853644,2026-03-18T10:07:24,,,yes,
22683,1773853649,2026-03-18T10:07:29,,,yes,
22684,1773853649,2026-03-18T10:07:29,,,yes,
22693,1773853651,2026-03-18T10:07:31,,,yes,
22703,1773853654,2026-03-18T10:07:34,,,yes,
22704,1773853654,2026-03-18T10:07:34,,,yes,
22706,1773853655,2026-03-18T10:07:35,,,yes,
22729,1773853660,2026-03-18T10:07:40,,,yes,
22735,1773853661,2026-03-18T10:07:41,,,yes,
22736,1773853661,2026-03-18T10:07:41,,,yes,
22741,1773853662,2026-03-18T10:07:42,,,yes,
22760,1773853669,2026-03-18T10:07:49,,,yes,
22761,1773853669,2026-03-18T10:07:49,,,yes,
22768,1773853671,2026-03-18T10:07:51,,,yes,
22769,1773853671,2026-03-18T10:07:51,,,yes,
22790,1773853675,2026-03-18T10:07:55,,,yes,
22793,1773853676,2026-03-18T10:07:56,,,yes,
22795,1773853676,2026-03-18T10:07:56,,,yes,
22807,1773853679,2026-03-18T10:07:59,,,yes,
22808,1773853679,2026-03-18T10:07:59,,,yes,
22809,1773853679,2026-03-18T10:07:59,,,yes,
22810,1773853679,2026-03-18T10:07:59,,,yes,
22821,1773853682,2026-03-18T10:08:02,,,yes,
22822,1773853682,2026-03-18T10:08:02,,,yes,
22823,1773853682,2026-03-18T10:08:02,,,yes,
22824,1773853682,2026-03-18T10:08:02,,,yes,
22834,1773853684,2026-03-18T10:08:04,,,yes,
22835,1773853684,2026-03-18T10:08:04,,,yes,
22836,1773853684,2026-03-18T10:08:04,,,yes,
22837,1773853684,2026-03-18T10:08:04,,,yes,
22838,1773853684,2026-03-18T10:08:04,,,yes,
22839,1773853684,2026-03-18T10:08:04,,,yes,
22855,1773853688,2026-03-18T10:08:08,,,yes,
22920,1773853709,2026-03-18T10:08:29,,,yes,
22930,1773853710,2026-03-18T10:08:30,,,yes,
22974,1773853728,2026-03-18T10:08:48,,,yes,
22989,1773853733,2026-03-18T10:08:53,,,yes,
22993,1773853735,2026-03-18T10:08:55,,,yes,
23030,1773853743,2026-03-18T10:09:03,,,yes,
23051,1773853752,2026-03-18T10:09:12,,,yes,
23075,1773853763,2026-03-18T10:09:23,,,yes,
23096,1773853768,2026-03-18T10:09:28,,,yes,
23128,1773853778,2026-03-18T10:09:38,,,yes,
23138,1773853781,2026-03-18T10:09:41,,,yes,
23159,1773853786,2026-03-18T10:09:46,,,yes,
23180,1773853792,2026-03-18T10:09:52,,,yes,
23181,1773853792,2026-03-18T10:09:52,,,yes,
23230,1773853807,2026-03-18T10:10:07,,,yes,
23231,1773853807,2026-03-18T10:10:07,,,yes,
23236,1773853809,2026-03-18T10:10:09,,,yes,
23253,1773853812,2026-03-18T10:10:12,,,yes,
23254,1773853812,2026-03-18T10:10:12,,,yes,
23255,1773853812,2026-03-18T10:10:12,,,yes,
23256,1773853812,2026-03-18T10:10:12,,,yes,
23257,1773853813,2026-03-18T10:10:13,,,yes,
23265,1773853815,2026-03-18T10:10:15,,,yes,
23266,1773853815,2026-03-18T10:10:15,,,yes,
23272,1773853817,2026-03-18T10:10:17,,,yes,
23273,1773853817,2026-03-18T10:10:17,,,yes,
23274,1773853817,2026-03-18T10:10:17,,,yes,
23277,1773853818,2026-03-18T10:10:18,,,yes,
23278,1773853818,2026-03-18T10:10:18,,,yes,
23289,1773853819,2026-03-18T10:10:19,,,yes,
23298,1773853822,2026-03-18T10:10:22,,,yes,
23299,1773853822,2026-03-18T10:10:22,,,yes,
23307,1773853823,2026-03-18T10:10:23,,,no,
23318,1773853827,2026-03-18T10:10:27,,,yes,
23323,1773853830,2026-03-18T10:10:30,,,yes,
23324,1773853830,2026-03-18T10:10:30,,,yes,
23325,1773853830,2026-03-18T10:10:30,,,yes,
23326,1773853830,2026-03-18T10:10:30,,,yes,
23327,1773853830,2026-03-18T10:10:30,,,yes,
23328,1773853830,2026-03-18T10:10:30,,,yes,
23338,1773853833,2026-03-18T10:10:33,,,yes,
23382,1773853843,2026-03-18T10:10:43,,,yes,
23384,1773853844,2026-03-18T10:10:44,,,yes,
23400,1773853849,2026-03-18T10:10:49,,,yes,
23415,1773853854,2026-03-18T10:10:54,,,yes,
23416,1773853854,2026-03-18T10:10:54,,,yes,
23446,1773853862,2026-03-18T10:11:02,,,yes,
23447,1773853862,2026-03-18T10:11:02,,,yes,
23448,1773853862,2026-03-18T10:11:02,,,yes,
23449,1773853862,2026-03-18T10:11:02,,,yes,
23450,1773853862,2026-03-18T10:11:02,,,yes,
23451,1773853862,2026-03-18T10:11:02,,,yes,
23452,1773853862,2026-03-18T10:11:02,,,yes,
23453,1773853862,2026-03-18T10:11:02,,,yes,
23454,1773853862,2026-03-18T10:11:02,,,yes,
23455,1773853862,2026-03-18T10:11:02,,,yes,
23456,1773853862,2026-03-18T10:11:02,,,yes,
23457,1773853862,2026-03-18T10:11:02,,,yes,
23465,1773853864,2026-03-18T10:11:04,,,yes,
23468,1773853867,2026-03-18T10:11:07,,,yes,
23489,1773853871,2026-03-18T10:11:11,,,yes,
23490,1773853871,2026-03-18T10:11:11,,,yes,
23522,1773853875,2026-03-18T10:11:15,,,yes,
23523,1773853875,2026-03-18T10:11:15,,,yes,
23524,1773853875,2026-03-18T10:11:15,,,yes,
23525,1773853875,2026-03-18T10:11:15,,,yes,
23526,1773853875,2026-03-18T10:11:15,,,yes,
23527,1773853875,2026-03-18T10:11:15,,,yes,
23528,1773853875,2026-03-18T10:11:15,,,yes,
23529,1773853875,2026-03-18T10:11:15,,,yes,
23598,1773853889,2026-03-18T10:11:29,,,yes,
23605,1773853890,2026-03-18T10:11:30,,,no,
23607,1773853890,2026-03-18T10:11:30,,,yes,
23623,1773853894,2026-03-18T10:11:34,,,yes,
23643,1773853899,2026-03-18T10:11:39,,,yes,
23644,1773853899,2026-03-18T10:11:39,,,yes,
23645,1773853899,2026-03-18T10:11:39,,,yes,
23657,1773853903,2026-03-18T10:11:43,,,yes,
23699,1773853915,2026-03-18T10:11:55,,,yes,
23700,1773853915,2026-03-18T10:11:55,,,yes,
23701,1773853915,2026-03-18T10:11:55,,,yes,
23757,1773853931,2026-03-18T10:12:11,,,yes,
23763,1773853933,2026-03-18T10:12:13,,,yes,
23816,1773853946,2026-03-18T10:12:26,,,no,
23862,1773853955,2026-03-18T10:12:35,,,yes,
23925,1773853975,2026-03-18T10:12:55,,,no,
23937,1773853982,2026-03-18T10:13:02,,,yes,
23939,1773853982,2026-03-18T10:13:02,,,yes,
23942,1773853982,2026-03-18T10:13:02,,,yes,
23979,1773853987,2026-03-18T10:13:07,,,yes,
23984,1773853989,2026-03-18T10:13:09,,,yes,
23996,1773853994,2026-03-18T10:13:14,,,yes,
23997,1773853994,2026-03-18T10:13:14,,,yes,
24008,1773853999,2026-03-18T10:13:19,,,yes,
24009,1773853999,2026-03-18T10:13:19,,,yes,
24053,1773854012,2026-03-18T10:13:32,,,yes,
24054,1773854012,2026-03-18T10:13:32,,,yes,
24055,1773854012,2026-03-18T10:13:32,,,yes,
24090,1773854022,2026-03-18T10:13:42,,,yes,
24091,1773854022,2026-03-18T10:13:42,,,yes,
24093,1773854023,2026-03-18T10:13:43,,,yes,
24117,1773854029,2026-03-18T10:13:49,,,yes,
24173,1773854044,2026-03-18T10:14:04,,,yes,
24197,1773854049,2026-03-18T10:14:09,,,no,
24255,1773854057,2026-03-18T10:14:17,,,yes,
24256,1773854057,2026-03-18T10:14:17,,,yes,
24267,1773854060,2026-03-18T10:14:20,,,yes,
24268,1773854060,2026-03-18T10:14:20,,,yes,
24294,1773854067,2026-03-18T10:14:27,,,yes,
24295,1773854067,2026-03-18T10:14:27,,,yes,
24296,1773854067,2026-03-18T10:14:27,,,yes,
24297,1773854067,2026-03-18T10:14:27,,,yes,
24321,1773854073,2026-03-18T10:14:33,,,yes,
24322,1773854073,2026-03-18T10:14:33,,,yes,
24323,1773854073,2026-03-18T10:14:33,,,yes,
24324,1773854073,2026-03-18T10:14:33,,,yes,
24345,1773854080,2026-03-18T10:14:40,,,yes,
24346,1773854080,2026-03-18T10:14:40,,,yes,
24347,1773854080,2026-03-18T10:14:40,,,yes,
24348,1773854080,2026-03-18T10:14:40,,,yes,
24359,1773854083,2026-03-18T10:14:43,,,yes,
24360,1773854083,2026-03-18T10:14:43,,,yes,
24371,1773854087,2026-03-18T10:14:47,,,yes,
24372,1773854087,2026-03-18T10:14:47,,,yes,
24373,1773854087,2026-03-18T10:14:47,,,yes,
24396,1773854092,2026-03-18T10:14:52,,,yes,
24512,1773854122,2026-03-18T10:15:22,,,yes,
24513,1773854122,2026-03-18T10:15:22,,,yes,
24520,1773854124,2026-03-18T10:15:24,,,yes,
24521,1773854124,2026-03-18T10:15:24,,,yes,
24522,1773854124,2026-03-18T10:15:24,,,yes,
24523,1773854124,2026-03-18T10:15:24,,,yes,
24559,1773854132,2026-03-18T10:15:32,,,yes,
24560,1773854132,2026-03-18T10:15:32,,,yes,
24601,1773854151,2026-03-18T10:15:51,,,yes,
24614,1773854156,2026-03-18T10:15:56,,,yes,
24615,1773854156,2026-03-18T10:15:56,,,yes,
24617,1773854157,2026-03-18T10:15:57,,,yes,
24618,1773854157,2026-03-18T10:15:57,,,yes,
24619,1773854157,2026-03-18T10:15:57,,,yes,
24620,1773854158,2026-03-18T10:15:58,,,yes,
24666,1773854172,2026-03-18T10:16:12,,,yes,
24725,1773854186,2026-03-18T10:16:26,,,yes,
24726,1773854186,2026-03-18T10:16:26,,,yes,
24729,1773854187,2026-03-18T10:16:27,,,no,
24746,1773854189,2026-03-18T10:16:29,,,yes,
24755,1773854190,2026-03-18T10:16:30,,,no,
24762,1773854191,2026-03-18T10:16:31,,,yes,
24763,1773854191,2026-03-18T10:16:31,,,yes,
24780,1773854196,2026-03-18T10:16:36,,,yes,
24817,1773854201,2026-03-18T10:16:41,,,yes,
24868,1773854218,2026-03-18T10:16:58,,,yes,
24869,1773854218,2026-03-18T10:16:58,,,yes,
24871,1773854218,2026-03-18T10:16:58,,,yes,
24873,1773854218,2026-03-18T10:16:58,,,no,
24882,1773854221,2026-03-18T10:17:01,,,no,
24900,1773854227,2026-03-18T10:17:07,,,yes,
24908,1773854228,2026-03-18T10:17:08,,,no,
24922,1773854232,2026-03-18T10:17:12,,,no,
24934,1773854234,2026-03-18T10:17:14,,,yes,
24952,1773854238,2026-03-18T10:17:18,,,yes,
24957,1773854239,2026-03-18T10:17:19,,,yes,
24958,1773854239,2026-03-18T10:17:19,,,yes,
25004,1773854251,2026-03-18T10:17:31,,,yes,
25043,1773854260,2026-03-18T10:17:40,,,no,
25047,1773854260,2026-03-18T10:17:40,,,yes,
25102,1773854272,2026-03-18T10:17:52,,,yes,
25103,1773854272,2026-03-18T10:17:52,,,yes,
25152,1773854284,2026-03-18T10:18:04,,,yes,
25153,1773854284,2026-03-18T10:18:04,,,yes,
25154,1773854284,2026-03-18T10:18:04,,,yes,
25155,1773854284,2026-03-18T10:18:04,,,yes,
25156,1773854284,2026-03-18T10:18:04,,,yes,
25157,1773854284,2026-03-18T10:18:04,,,yes,
25158,1773854284,2026-03-18T10:18:04,,,yes,
25159,1773854284,2026-03-18T10:18:04,,,yes,
25160,1773854284,2026-03-18T10:18:04,,,yes,
25161,1773854284,2026-03-18T10:18:04,,,yes,
25162,1773854284,2026-03-18T10:18:04,,,yes,
25257,1773854311,2026-03-18T10:18:31,,,yes,
25258,1773854311,2026-03-18T10:18:31,,,yes,
25259,1773854311,2026-03-18T10:18:31,,,yes,
25260,1773854311,2026-03-18T10:18:31,,,yes,
25261,1773854311,2026-03-18T10:18:31,,,yes,
25280,1773854317,2026-03-18T10:18:37,,,yes,
25281,1773854317,2026-03-18T10:18:37,,,yes,
25299,1773854320,2026-03-18T10:18:40,,,yes,
25300,1773854320,2026-03-18T10:18:40,,,yes,
25301,1773854320,2026-03-18T10:18:40,,,yes,
25302,1773854320,2026-03-18T10:18:40,,,yes,
25303,1773854320,2026-03-18T10:18:40,,,yes,
25323,1773854326,2026-03-18T10:18:46,,,no,
25324,1773854326,2026-03-18T10:18:46,,,no,
25325,1773854326,2026-03-18T10:18:46,,,no,
25330,1773854327,2026-03-18T10:18:47,,,yes,
25332,1773854327,2026-03-18T10:18:47,,,yes,
25333,1773854327,2026-03-18T10:18:47,,,yes,
25374,1773854339,2026-03-18T10:18:59,,,yes,
25375,1773854339,2026-03-18T10:18:59,,,yes,
25464,1773854356,2026-03-18T10:19:16,,,yes,
25668,1773854401,2026-03-18T10:20:01,,,yes,
25669,1773854401,2026-03-18T10:20:01,,,yes,
25670,1773854401,2026-03-18T10:20:01,,,yes,
25671,1773854401,2026-03-18T10:20:01,,,yes,
25682,1773854405,2026-03-18T10:20:05,,,yes,
25698,1773854409,2026-03-18T10:20:09,,,yes,
25710,1773854413,2026-03-18T10:20:13,,,yes,
25711,1773854413,2026-03-18T10:20:13,,,yes,
25720,1773854417,2026-03-18T10:20:17,,,yes,
25754,1773854427,2026-03-18T10:20:27,,,yes,
25769,1773854428,2026-03-18T10:20:28,,,yes,
25780,1773854432,2026-03-18T10:20:32,,,yes,
25781,1773854432,2026-03-18T10:20:32,,,yes,
25871,1773854450,2026-03-18T10:20:50,,,yes,
25911,1773854454,2026-03-18T10:20:54,,,yes,
25959,1773854465,2026-03-18T10:21:05,,,yes,
25960,1773854465,2026-03-18T10:21:05,,,yes,
25983,1773854465,2026-03-18T10:21:05,,,yes,
25984,1773854465,2026-03-18T10:21:05,,,yes,
25985,1773854465,2026-03-18T10:21:05,,,yes,
25990,1773854467,2026-03-18T10:21:07,,,yes,
26025,1773854476,2026-03-18T10:21:16,,,yes,
26039,1773854477,2026-03-18T10:21:17,,,yes,
26040,1773854477,2026-03-18T10:21:17,,,yes,
26045,1773854478,2026-03-18T10:21:18,,,yes,
26085,1773854487,2026-03-18T10:21:27,,,yes,
26086,1773854487,2026-03-18T10:21:27,,,yes,
26105,1773854493,2026-03-18T10:21:33,,,yes,
26115,1773854497,2026-03-18T10:21:37,,,yes,
26116,1773854497,2026-03-18T10:21:37,,,yes,
26157,1773854504,2026-03-18T10:21:44,,,yes,
26158,1773854504,2026-03-18T10:21:44,,,yes,
26176,1773854508,2026-03-18T10:21:48,,,yes,
26177,1773854508,2026-03-18T10:21:48,,,yes,
26223,1773854520,2026-03-18T10:22:00,,,yes,
26460,1773854568,2026-03-18T10:22:48,,,yes,
26461,1773854568,2026-03-18T10:22:48,,,yes,
26492,1773854578,2026-03-18T10:22:58,,,yes,
26519,1773854587,2026-03-18T10:23:07,,,yes,
26520,1773854587,2026-03-18T10:23:07,,,yes,
26536,1773854591,2026-03-18T10:23:11,,,yes,
26572,1773854604,2026-03-18T10:23:24,,,yes,
26620,1773854612,2026-03-18T10:23:32,,,yes,
26675,1773854626,2026-03-18T10:23:46,,,yes,
26714,1773854635,2026-03-18T10:23:55,,,yes,
26719,1773854638,2026-03-18T10:23:58,,,yes,
26720,1773854638,2026-03-18T10:23:58,,,yes,
26751,1773854651,2026-03-18T10:24:11,,,no,
26752,1773854651,2026-03-18T10:24:11,,,no,
26753,1773854651,2026-03-18T10:24:11,,,no,
26754,1773854651,2026-03-18T10:24:11,,,no,
26755,1773854651,2026-03-18T10:24:11,,,no,
26756,1773854651,2026-03-18T10:24:11,,,no,
26757,1773854651,2026-03-18T10:24:11,,,no,
26770,1773854653,2026-03-18T10:24:13,,,yes,
26771,1773854653,2026-03-18T10:24:13,,,yes,
26797,1773854659,2026-03-18T10:24:19,,,no,
26798,1773854659,2026-03-18T10:24:19,,,no,
26799,1773854659,2026-03-18T10:24:19,,,no,
26800,1773854660,2026-03-18T10:24:20,,,yes,
26801,1773854660,2026-03-18T10:24:20,,,yes,
26802,1773854660,2026-03-18T10:24:20,,,yes,
26803,1773854660,2026-03-18T10:24:20,,,yes,
26816,1773854663,2026-03-18T10:24:23,,,yes,
26817,1773854663,2026-03-18T10:24:23,,,yes,
26857,1773854671,2026-03-18T10:24:31,,,yes,
26878,1773854678,2026-03-18T10:24:38,,,yes,
26937,1773854690,2026-03-18T10:24:50,,,yes,
26978,1773854703,2026-03-18T10:25:03,,,yes,
26979,1773854703,2026-03-18T10:25:03,,,yes,
26980,1773854703,2026-03-18T10:25:03,,,yes,
26981,1773854703,2026-03-18T10:25:03,,,yes,
26987,1773854704,2026-03-18T10:25:04,,,yes,
26988,1773854704,2026-03-18T10:25:04,,,yes,
26989,1773854704,2026-03-18T10:25:04,,,yes,
26990,1773854704,2026-03-18T10:25:04,,,yes,
27001,1773854706,2026-03-18T10:25:06,,,yes,
27002,1773854706,2026-03-18T10:25:06,,,yes,
27087,1773854730,2026-03-18T10:25:30,,,yes,
27105,1773854733,2026-03-18T10:25:33,,,no,
27106,1773854733,2026-03-18T10:25:33,,,no,
27138,1773854742,2026-03-18T10:25:42,,,yes,
27142,1773854743,2026-03-18T10:25:43,,,yes,
27147,1773854744,2026-03-18T10:25:44,,,yes,
27148,1773854744,2026-03-18T10:25:44,,,yes,
27161,1773854747,2026-03-18T10:25:47,,,yes,
27164,1773854748,2026-03-18T10:25:48,,,no,
27165,1773854748,2026-03-18T10:25:48,,,no,
27166,1773854748,2026-03-18T10:25:48,,,no,
27196,1773854757,2026-03-18T10:25:57,,,yes,
27219,1773854763,2026-03-18T10:26:03,,,yes,
27220,1773854763,2026-03-18T10:26:03,,,yes,
27257,1773854774,2026-03-18T10:26:14,,,yes,
27258,1773854774,2026-03-18T10:26:14,,,yes,
27303,1773854785,2026-03-18T10:26:25,,,yes,
27304,1773854785,2026-03-18T10:26:25,,,yes,
27327,1773854790,2026-03-18T10:26:30,,,yes,
27328,1773854790,2026-03-18T10:26:30,,,yes,
27343,1773854794,2026-03-18T10:26:34,,,yes,
27357,1773854797,2026-03-18T10:26:37,,,no,
27358,1773854797,2026-03-18T10:26:37,,,no,
27359,1773854797,2026-03-18T10:26:37,,,no,
27360,1773854797,2026-03-18T10:26:37,,,no,
27361,1773854797,2026-03-18T10:26:37,,,no,
27366,1773854797,2026-03-18T10:26:37,,,yes,
27384,1773854802,2026-03-18T10:26:42,,,yes,
27394,1773854804,2026-03-18T10:26:44,,,yes,
27418,1773854811,2026-03-18T10:26:51,,,yes,
27452,1773854819,2026-03-18T10:26:59,,,yes,
27453,1773854819,2026-03-18T10:26:59,,,yes,
27479,1773854827,2026-03-18T10:27:07,,,yes,
27480,1773854827,2026-03-18T10:27:07,,,yes,
27481,1773854827,2026-03-18T10:27:07,,,yes,
27516,1773854834,2026-03-18T10:27:14,,,yes,
27517,1773854834,2026-03-18T10:27:14,,,yes,
27518,1773854834,2026-03-18T10:27:14,,,yes,
27553,1773854842,2026-03-18T10:27:22,,,yes,
27554,1773854842,2026-03-18T10:27:22,,,yes,
27562,1773854844,2026-03-18T10:27:24,,,yes,
27604,1773854851,2026-03-18T10:27:31,,,yes,
27605,1773854851,2026-03-18T10:27:31,,,yes,
27606,1773854851,2026-03-18T10:27:31,,,yes,
27635,1773854859,2026-03-18T10:27:39,,,yes,
27636,1773854859,2026-03-18T10:27:39,,,yes,
27667,1773854866,2026-03-18T10:27:46,,,yes,
27668,1773854866,2026-03-18T10:27:46,,,yes,
27669,1773854866,2026-03-18T10:27:46,,,yes,
27670,1773854866,2026-03-18T10:27:46,,,yes,
27671,1773854866,2026-03-18T10:27:46,,,yes,
27672,1773854866,2026-03-18T10:27:46,,,yes,
27673,1773854866,2026-03-18T10:27:46,,,yes,
27674,1773854866,2026-03-18T10:27:46,,,yes,
27698,1773854871,2026-03-18T10:27:51,,,no,
27699,1773854871,2026-03-18T10:27:51,,,no,
27827,1773854901,2026-03-18T10:28:21,,,yes,
27828,1773854901,2026-03-18T10:28:21,,,yes,
27871,1773854909,2026-03-18T10:28:29,,,yes,
27872,1773854909,2026-03-18T10:28:29,,,yes,
27947,1773854923,2026-03-18T10:28:43,,,yes,
27948,1773854923,2026-03-18T10:28:43,,,yes,
27949,1773854923,2026-03-18T10:28:43,,,yes,
27971,1773854928,2026-03-18T10:28:48,,,yes,
28022,1773854933,2026-03-18T10:28:53,,,yes,
28023,1773854933,2026-03-18T10:28:53,,,yes,
28024,1773854933,2026-03-18T10:28:53,,,yes,
28025,1773854933,2026-03-18T10:28:53,,,yes,
28026,1773854933,2026-03-18T10:28:53,,,yes,
28027,1773854933,2026-03-18T10:28:53,,,yes,
28028,1773854933,2026-03-18T10:28:53,,,yes,
28029,1773854933,2026-03-18T10:28:53,,,yes,
28030,1773854933,2026-03-18T10:28:53,,,yes,
28031,1773854933,2026-03-18T10:28:53,,,yes,
28032,1773854933,2026-03-18T10:28:53,,,yes,
28232,1773854985,2026-03-18T10:29:45,,,yes,
28233,1773854985,2026-03-18T10:29:45,,,yes,
28251,1773854989,2026-03-18T10:29:49,,,yes,
28252,1773854989,2026-03-18T10:29:49,,,yes,
28271,1773854994,2026-03-18T10:29:54,,,yes,
28272,1773854994,2026-03-18T10:29:54,,,yes,
28336,1773855011,2026-03-18T10:30:11,,,yes,
28337,1773855011,2026-03-18T10:30:11,,,yes,
28371,1773855024,2026-03-18T10:30:24,,,yes,
28372,1773855024,2026-03-18T10:30:24,,,yes,
28448,1773855042,2026-03-18T10:30:42,,,yes,
28459,1773855046,2026-03-18T10:30:46,,,yes,
28460,1773855046,2026-03-18T10:30:46,,,yes,
28461,1773855046,2026-03-18T10:30:46,,,yes,
28462,1773855046,2026-03-18T10:30:46,,,yes,
28501,1773855054,2026-03-18T10:30:54,,,yes,
28502,1773855054,2026-03-18T10:30:54,,,yes,
28649,1773855089,2026-03-18T10:31:29,,,yes,
28650,1773855089,2026-03-18T10:31:29,,,yes,
28694,1773855098,2026-03-18T10:31:38,,,yes,
28695,1773855098,2026-03-18T10:31:38,,,yes,
28701,1773855099,2026-03-18T10:31:39,,,no,
28736,1773855107,2026-03-18T10:31:47,,,yes,
28759,1773855114,2026-03-18T10:31:54,,,yes,
28778,1773855121,2026-03-18T10:32:01,,,yes,
28793,1773855124,2026-03-18T10:32:04,,,yes,
28794,1773855124,2026-03-18T10:32:04,,,yes,
28824,1773855131,2026-03-18T10:32:11,,,yes,
28847,1773855137,2026-03-18T10:32:17,,,yes,
28848,1773855137,2026-03-18T10:32:17,,,yes,
28892,1773855146,2026-03-18T10:32:26,,,yes,
28893,1773855146,2026-03-18T10:32:26,,,yes,
28904,1773855148,2026-03-18T10:32:28,,,yes,
28905,1773855148,2026-03-18T10:32:28,,,yes,
28906,1773855148,2026-03-18T10:32:28,,,yes,
28907,1773855148,2026-03-18T10:32:28,,,yes,
28923,1773855152,2026-03-18T10:32:32,,,yes,
29102,1773855194,2026-03-18T10:33:14,,,yes,
29116,1773855196,2026-03-18T10:33:16,,,yes,
29205,1773855217,2026-03-18T10:33:37,,,no,
29294,1773855241,2026-03-18T10:34:01,,,yes,
29302,1773855243,2026-03-18T10:34:03,,,yes,
29311,1773855244,2026-03-18T10:34:04,,,yes,
29325,1773855247,2026-03-18T10:34:07,,,no,
29338,1773855249,2026-03-18T10:34:09,,,no,
29427,1773855266,2026-03-18T10:34:26,,,yes,
29455,1773855276,2026-03-18T10:34:36,,,yes,
29487,1773855282,2026-03-18T10:34:42,,,no,
29497,1773855283,2026-03-18T10:34:43,,,yes,
29498,1773855283,2026-03-18T10:34:43,,,yes,
29499,1773855283,2026-03-18T10:34:43,,,yes,
29524,1773855288,2026-03-18T10:34:48,,,yes,
29565,1773855298,2026-03-18T10:34:58,,,yes,
29566,1773855298,2026-03-18T10:34:58,,,yes,
29567,1773855298,2026-03-18T10:34:58,,,yes,
29568,1773855298,2026-03-18T10:34:58,,,yes,
29571,1773855298,2026-03-18T10:34:58,,,yes,
29576,1773855300,2026-03-18T10:35:00,,,yes,
29577,1773855300,2026-03-18T10:35:00,,,yes,
29629,1773855312,2026-03-18T10:35:12,,,yes,
29740,1773855337,2026-03-18T10:35:37,,,yes,
29741,1773855337,2026-03-18T10:35:37,,,yes,
29742,1773855337,2026-03-18T10:35:37,,,yes,
29958,1773855387,2026-03-18T10:36:27,,,yes,
30102,1773855419,2026-03-18T10:36:59,,,yes,
30103,1773855419,2026-03-18T10:36:59,,,yes,
30127,1773855424,2026-03-18T10:37:04,,,yes,
30137,1773855425,2026-03-18T10:37:05,,,no,
30159,1773855429,2026-03-18T10:37:09,,,yes,
30274,1773855450,2026-03-18T10:37:30,,,yes,
30280,1773855451,2026-03-18T10:37:31,,,yes,
30313,1773855459,2026-03-18T10:37:39,,,yes,
30314,1773855459,2026-03-18T10:37:39,,,yes,
30396,1773855472,2026-03-18T10:37:52,,,yes,
30527,1773855488,2026-03-18T10:38:08,,,yes,
30535,1773855489,2026-03-18T10:38:09,,,no,
30541,1773855490,2026-03-18T10:38:10,,,no,
30582,1773855495,2026-03-18T10:38:15,,,no,
30629,1773855502,2026-03-18T10:38:22,,,yes,
30689,1773855507,2026-03-18T10:38:27,,,no,
30905,1773855536,2026-03-18T10:38:56,,,yes,
30915,1773855538,2026-03-18T10:38:58,,,yes,
30916,1773855538,2026-03-18T10:38:58,,,yes,
30979,1773855546,2026-03-18T10:39:06,,,yes,
30981,1773855546,2026-03-18T10:39:06,,,yes,
31002,1773855550,2026-03-18T10:39:10,,,yes,
31294,1773855589,2026-03-18T10:39:49,,,no,
31295,1773855589,2026-03-18T10:39:49,,,no,
31296,1773855589,2026-03-18T10:39:49,,,no,
31311,1773855590,2026-03-18T10:39:50,,,yes,
31647,1773855642,2026-03-18T10:40:42,,,yes,
31705,1773855653,2026-03-18T10:40:53,,,yes,
31751,1773855658,2026-03-18T10:40:58,,,yes,
31787,1773855664,2026-03-18T10:41:04,,,yes,
31874,1773855676,2026-03-18T10:41:16,,,yes,
31875,1773855676,2026-03-18T10:41:16,,,yes,
31876,1773855676,2026-03-18T10:41:16,,,yes,
31926,1773855683,2026-03-18T10:41:23,,,yes,
31927,1773855683,2026-03-18T10:41:23,,,yes,
31960,1773855688,2026-03-18T10:41:28,,,yes,
31961,1773855688,2026-03-18T10:41:28,,,yes,
32002,1773855692,2026-03-18T10:41:32,,,yes,
32003,1773855692,2026-03-18T10:41:32,,,yes,
32103,1773855709,2026-03-18T10:41:49,,,yes,
32104,1773855709,2026-03-18T10:41:49,,,yes,
32105,1773855709,2026-03-18T10:41:49,,,yes,
32132,1773855713,2026-03-18T10:41:53,,,yes,
32133,1773855713,2026-03-18T10:41:53,,,yes,
32134,1773855713,2026-03-18T10:41:53,,,yes,
32135,1773855713,2026-03-18T10:41:53,,,yes,
32281,1773855734,2026-03-18T10:42:14,,,yes,
32282,1773855734,2026-03-18T10:42:14,,,yes,
32319,1773855741,2026-03-18T10:42:21,,,yes,
32320,1773855741,2026-03-18T10:42:21,,,yes,
32344,1773855745,2026-03-18T10:42:25,,,yes,
32356,1773855747,2026-03-18T10:42:27,,,yes,
32425,1773855758,2026-03-18T10:42:38,,,yes,
32463,1773855765,2026-03-18T10:42:45,,,yes,
32554,1773855778,2026-03-18T10:42:58,,,yes,
32555,1773855778,2026-03-18T10:42:58,,,yes,
32556,1773855778,2026-03-18T10:42:58,,,yes,
32671,1773855795,2026-03-18T10:43:15,,,yes,
32672,1773855795,2026-03-18T10:43:15,,,yes,
32860,1773855823,2026-03-18T10:43:43,,,yes,
32861,1773855823,2026-03-18T10:43:43,,,yes,
32925,1773855832,2026-03-18T10:43:52,,,yes,
32959,1773855835,2026-03-18T10:43:55,,,yes,
32960,1773855835,2026-03-18T10:43:55,,,yes,
33004,1773855843,2026-03-18T10:44:03,,,yes,
33005,1773855843,2026-03-18T10:44:03,,,yes,
33006,1773855843,2026-03-18T10:44:03,,,yes,
33007,1773855843,2026-03-18T10:44:03,,,yes,
33008,1773855843,2026-03-18T10:44:03,,,yes,
33009,1773855843,2026-03-18T10:44:03,,,yes,
33051,1773855851,2026-03-18T10:44:11,,,yes,
33052,1773855851,2026-03-18T10:44:11,,,yes,
33053,1773855851,2026-03-18T10:44:11,,,yes,
33215,1773855870,2026-03-18T10:44:30,,,yes,
33216,1773855870,2026-03-18T10:44:30,,,yes,
33311,1773855885,2026-03-18T10:44:45,,,yes,
33312,1773855885,2026-03-18T10:44:45,,,yes,
33346,1773855891,2026-03-18T10:44:51,,,yes,
33347,1773855891,2026-03-18T10:44:51,,,yes,
33348,1773855891,2026-03-18T10:44:51,,,yes,
33369,1773855894,2026-03-18T10:44:54,,,yes,
33370,1773855894,2026-03-18T10:44:54,,,yes,
33371,1773855894,2026-03-18T10:44:54,,,yes,
33489,1773855913,2026-03-18T10:45:13,,,yes,
33490,1773855913,2026-03-18T10:45:13,,,yes,
33498,1773855914,2026-03-18T10:45:14,,,yes,
33499,1773855914,2026-03-18T10:45:14,,,yes,
33500,1773855914,2026-03-18T10:45:14,,,yes,
33619,1773855931,2026-03-18T10:45:31,,,yes,
33621,1773855931,2026-03-18T10:45:31,,,yes,
33704,1773855945,2026-03-18T10:45:45,,,yes,
33723,1773855948,2026-03-18T10:45:48,,,yes,
33757,1773855952,2026-03-18T10:45:52,,,yes,
33758,1773855952,2026-03-18T10:45:52,,,yes,
33790,1773855957,2026-03-18T10:45:57,,,yes,
33803,1773855959,2026-03-18T10:45:59,,,yes,
33881,1773855971,2026-03-18T10:46:11,,,yes,
33942,1773855978,2026-03-18T10:46:18,,,yes,
33979,1773855981,2026-03-18T10:46:21,,,yes,
34142,1773856001,2026-03-18T10:46:41,,,yes,
34349,1773856025,2026-03-18T10:47:05,,,yes,
34350,1773856025,2026-03-18T10:47:05,,,yes,
34351,1773856025,2026-03-18T10:47:05,,,yes,
34352,1773856025,2026-03-18T10:47:05,,,yes,
34353,1773856025,2026-03-18T10:47:05,,,yes,
34354,1773856025,2026-03-18T10:47:05,,,yes,
34355,1773856025,2026-03-18T10:47:05,,,yes,
34356,1773856025,2026-03-18T10:47:05,,,yes,
34478,1773856036,2026-03-18T10:47:16,,,yes,
34479,1773856036,2026-03-18T10:47:16,,,yes,
34648,1773856061,2026-03-18T10:47:41,,,yes,
34649,1773856061,2026-03-18T10:47:41,,,yes,
34650,1773856061,2026-03-18T10:47:41,,,yes,
34651,1773856061,2026-03-18T10:47:41,,,yes,
34702,1773856070,2026-03-18T10:47:50,,,yes,
34703,1773856070,2026-03-18T10:47:50,,,yes,
34704,1773856070,2026-03-18T10:47:50,,,yes,
34705,1773856070,2026-03-18T10:47:50,,,yes,
34801,1773856086,2026-03-18T10:48:06,,,yes,
34802,1773856086,2026-03-18T10:48:06,,,yes,
34821,1773856088,2026-03-18T10:48:08,,,no,
34822,1773856088,2026-03-18T10:48:08,,,no,
35119,1773856123,2026-03-18T10:48:43,,,yes,
35120,1773856123,2026-03-18T10:48:43,,,yes,
35121,1773856123,2026-03-18T10:48:43,,,yes,
35122,1773856123,2026-03-18T10:48:43,,,yes,
35227,1773856137,2026-03-18T10:48:57,,,yes,
35228,1773856137,2026-03-18T10:48:57,,,yes,
35229,1773856137,2026-03-18T10:48:57,,,yes,
35230,1773856137,2026-03-18T10:48:57,,,yes,
35231,1773856137,2026-03-18T10:48:57,,,yes,
35337,1773856151,2026-03-18T10:49:11,,,yes,
35338,1773856151,2026-03-18T10:49:11,,,yes,
35379,1773856159,2026-03-18T10:49:19,,,yes,
35380,1773856159,2026-03-18T10:49:19,,,yes,
35386,1773856160,2026-03-18T10:49:20,,,yes,
35387,1773856160,2026-03-18T10:49:20,,,yes,
35388,1773856160,2026-03-18T10:49:20,,,yes,
35415,1773856165,2026-03-18T10:49:25,,,no,
35539,1773856182,2026-03-18T10:49:42,,,no,
35540,1773856183,2026-03-18T10:49:43,,,yes,
35541,1773856183,2026-03-18T10:49:43,,,yes,
35542,1773856183,2026-03-18T10:49:43,,,yes,
35584,1773856190,2026-03-18T10:49:50,,,yes,
35585,1773856190,2026-03-18T10:49:50,,,yes,
35621,1773856194,2026-03-18T10:49:54,,,no,
35641,1773856195,2026-03-18T10:49:55,,,no,
35656,1773856199,2026-03-18T10:49:59,,,no,
35824,1773856224,2026-03-18T10:50:24,,,yes,
35840,1773856227,2026-03-18T10:50:27,,,yes,
35854,1773856228,2026-03-18T10:50:28,,,yes,
35855,1773856228,2026-03-18T10:50:28,,,yes,
35856,1773856228,2026-03-18T10:50:28,,,yes,
35857,1773856228,2026-03-18T10:50:28,,,yes,
35881,1773856232,2026-03-18T10:50:32,,,yes,
35882,1773856232,2026-03-18T10:50:32,,,yes,
35883,1773856232,2026-03-18T10:50:32,,,yes,
35884,1773856232,2026-03-18T10:50:32,,,yes,
35925,1773856239,2026-03-18T10:50:39,,,yes,
36096,1773856255,2026-03-18T10:50:55,,,yes,
36097,1773856255,2026-03-18T10:50:55,,,yes,
36098,1773856255,2026-03-18T10:50:55,,,yes,
36099,1773856255,2026-03-18T10:50:55,,,yes,
36114,1773856258,2026-03-18T10:50:58,,,yes,
36306,1773856282,2026-03-18T10:51:22,,,yes,
36307,1773856282,2026-03-18T10:51:22,,,yes,
36308,1773856282,2026-03-18T10:51:22,,,yes,
36337,1773856285,2026-03-18T10:51:25,,,no,
36350,1773856287,2026-03-18T10:51:27,,,yes,
36351,1773856287,2026-03-18T10:51:27,,,yes,
36352,1773856287,2026-03-18T10:51:27,,,yes,
36353,1773856287,2026-03-18T10:51:27,,,yes,
36381,1773856290,2026-03-18T10:51:30,,,yes,
36382,1773856290,2026-03-18T10:51:30,,,yes,
36383,1773856290,2026-03-18T10:51:30,,,yes,
36448,1773856299,2026-03-18T10:51:39,,,yes,
36449,1773856299,2026-03-18T10:51:39,,,yes,
36450,1773856299,2026-03-18T10:51:39,,,yes,
36501,1773856304,2026-03-18T10:51:44,,,no,
36508,1773856305,2026-03-18T10:51:45,,,yes,
36509,1773856305,2026-03-18T10:51:45,,,yes,
36510,1773856305,2026-03-18T10:51:45,,,yes,
36511,1773856305,2026-03-18T10:51:45,,,yes,
36512,1773856305,2026-03-18T10:51:45,,,yes,
36530,1773856307,2026-03-18T10:51:47,,,yes,
36531,1773856307,2026-03-18T10:51:47,,,yes,
36532,1773856307,2026-03-18T10:51:47,,,yes,
36598,1773856314,2026-03-18T10:51:54,,,yes,
36599,1773856314,2026-03-18T10:51:54,,,yes,
36600,1773856314,2026-03-18T10:51:54,,,yes,
36601,1773856314,2026-03-18T10:51:54,,,yes,
36602,1773856314,2026-03-18T10:51:54,,,yes,
36757,1773856330,2026-03-18T10:52:10,,,yes,
36822,1773856338,2026-03-18T10:52:18,,,yes,
36823,1773856338,2026-03-18T10:52:18,,,yes,
36824,1773856338,2026-03-18T10:52:18,,,yes,
36833,1773856339,2026-03-18T10:52:19,,,yes,
36873,1773856342,2026-03-18T10:52:22,,,yes,
36884,1773856344,2026-03-18T10:52:24,,,yes,
36903,1773856346,2026-03-18T10:52:26,,,yes,
36904,1773856346,2026-03-18T10:52:26,,,yes,
36905,1773856346,2026-03-18T10:52:26,,,yes,
36906,1773856346,2026-03-18T10:52:26,,,yes,
36907,1773856346,2026-03-18T10:52:26,,,yes,
36908,1773856346,2026-03-18T10:52:26,,,yes,
36909,1773856346,2026-03-18T10:52:26,,,yes,
36910,1773856346,2026-03-18T10:52:26,,,yes,
36935,1773856348,2026-03-18T10:52:28,,,yes,
36970,1773856353,2026-03-18T10:52:33,,,yes,
36973,1773856353,2026-03-18T10:52:33,,,no,
36985,1773856355,2026-03-18T10:52:35,,,yes,
36986,1773856355,2026-03-18T10:52:35,,,yes,
37098,1773856371,2026-03-18T10:52:51,,,yes,
37099,1773856371,2026-03-18T10:52:51,,,yes,
37194,1773856384,2026-03-18T10:53:04,,,no,
37472,1773856426,2026-03-18T10:53:46,,,yes,
37473,1773856426,2026-03-18T10:53:46,,,yes,
37475,1773856426,2026-03-18T10:53:46,,,yes,
37476,1773856426,2026-03-18T10:53:46,,,yes,
37486,1773856428,2026-03-18T10:53:48,,,yes,
37487,1773856428,2026-03-18T10:53:48,,,yes,
37613,1773856449,2026-03-18T10:54:09,,,yes,
37653,1773856454,2026-03-18T10:54:14,,,yes,
37654,1773856454,2026-03-18T10:54:14,,,yes,
37725,1773856467,2026-03-18T10:54:27,,,yes,
37815,1773856480,2026-03-18T10:54:40,,,yes,
37905,1773856494,2026-03-18T10:54:54,,,yes,
37928,1773856498,2026-03-18T10:54:58,,,yes,
37929,1773856498,2026-03-18T10:54:58,,,yes,
37931,1773856498,2026-03-18T10:54:58,,,yes,
38081,1773856521,2026-03-18T10:55:21,,,yes,
38082,1773856521,2026-03-18T10:55:21,,,yes,
38083,1773856521,2026-03-18T10:55:21,,,yes,
38084,1773856521,2026-03-18T10:55:21,,,yes,
38088,1773856522,2026-03-18T10:55:22,,,yes,
38144,1773856532,2026-03-18T10:55:32,,,yes,
38190,1773856541,2026-03-18T10:55:41,,,yes,
38191,1773856541,2026-03-18T10:55:41,,,yes,
38248,1773856546,2026-03-18T10:55:46,,,no,
38249,1773856546,2026-03-18T10:55:46,,,no,
38342,1773856563,2026-03-18T10:56:03,,,yes,
38343,1773856563,2026-03-18T10:56:03,,,yes,
38355,1773856568,2026-03-18T10:56:08,,,no,
38356,1773856568,2026-03-18T10:56:08,,,no,
38390,1773856571,2026-03-18T10:56:11,,,yes,
38391,1773856571,2026-03-18T10:56:11,,,yes,
38392,1773856571,2026-03-18T10:56:11,,,yes,
38393,1773856571,2026-03-18T10:56:11,,,yes,
38394,1773856571,2026-03-18T10:56:11,,,yes,
38429,1773856577,2026-03-18T10:56:17,,,yes,
38442,1773856579,2026-03-18T10:56:19,,,yes,
38514,1773856593,2026-03-18T10:56:33,,,yes,
38617,1773856612,2026-03-18T10:56:52,,,yes,
38618,1773856612,2026-03-18T10:56:52,,,yes,
38619,1773856612,2026-03-18T10:56:52,,,yes,
38620,1773856612,2026-03-18T10:56:52,,,yes,
38621,1773856612,2026-03-18T10:56:52,,,yes,
38622,1773856612,2026-03-18T10:56:52,,,yes,
38623,1773856612,2026-03-18T10:56:52,,,yes,
38665,1773856615,2026-03-18T10:56:55,,,yes,
38666,1773856615,2026-03-18T10:56:55,,,yes,
38667,1773856615,2026-03-18T10:56:55,,,yes,
38841,1773856639,2026-03-18T10:57:19,,,no,
38885,1773856647,2026-03-18T10:57:27,,,yes,
38886,1773856647,2026-03-18T10:57:27,,,yes,
38887,1773856647,2026-03-18T10:57:27,,,yes,
38894,1773856649,2026-03-18T10:57:29,,,no,
39019,1773856667,2026-03-18T10:57:47,,,yes,
39020,1773856667,2026-03-18T10:57:47,,,yes,
39021,1773856667,2026-03-18T10:57:47,,,yes,
39022,1773856667,2026-03-18T10:57:47,,,yes,
39028,1773856668,2026-03-18T10:57:48,,,yes,
39087,1773856678,2026-03-18T10:57:58,,,yes,
39088,1773856678,2026-03-18T10:57:58,,,yes,
39124,1773856685,2026-03-18T10:58:05,,,yes,
39125,1773856685,2026-03-18T10:58:05,,,yes,
39162,1773856692,2026-03-18T10:58:12,,,yes,
39167,1773856694,2026-03-18T10:58:14,,,yes,
39201,1773856700,2026-03-18T10:58:20,,,yes,
39205,1773856700,2026-03-18T10:58:20,,,yes,
39241,1773856706,2026-03-18T10:58:26,,,yes,
39242,1773856706,2026-03-18T10:58:26,,,yes,
39290,1773856714,2026-03-18T10:58:34,,,yes,
39301,1773856715,2026-03-18T10:58:35,,,yes,
39302,1773856715,2026-03-18T10:58:35,,,yes,
39350,1773856728,2026-03-18T10:58:48,,,yes,
39351,1773856728,2026-03-18T10:58:48,,,yes,
39419,1773856740,2026-03-18T10:59:00,,,yes,
39420,1773856740,2026-03-18T10:59:00,,,yes,
39429,1773856743,2026-03-18T10:59:03,,,yes,
39488,1773856754,2026-03-18T10:59:14,,,yes,
39509,1773856757,2026-03-18T10:59:17,,,yes,
39522,1773856759,2026-03-18T10:59:19,,,yes,
39523,1773856759,2026-03-18T10:59:19,,,yes,
39524,1773856759,2026-03-18T10:59:19,,,yes,
39525,1773856759,2026-03-18T10:59:19,,,yes,
39526,1773856759,2026-03-18T10:59:19,,,yes,
39527,1773856759,2026-03-18T10:59:19,,,yes,
39556,1773856765,2026-03-18T10:59:25,,,yes,
39557,1773856765,2026-03-18T10:59:25,,,yes,
39567,1773856767,2026-03-18T10:59:27,,,yes,
39584,1773856769,2026-03-18T10:59:29,,,yes,
39714,1773856784,2026-03-18T10:59:44,,,yes,
39731,1773856785,2026-03-18T10:59:45,,,yes,
39775,1773856790,2026-03-18T10:59:50,,,yes,
39776,1773856790,2026-03-18T10:59:50,,,yes,
39777,1773856790,2026-03-18T10:59:50,,,yes,
39779,1773856790,2026-03-18T10:59:50,,,yes,
39780,1773856790,2026-03-18T10:59:50,,,yes,
39915,1773856802,2026-03-18T11:00:02,,,no,
39916,1773856802,2026-03-18T11:00:02,,,no,
39981,1773856813,2026-03-18T11:00:13,,,yes,
39982,1773856813,2026-03-18T11:00:13,,,yes,
40027,1773856818,2026-03-18T11:00:18,,,yes,
40056,1773856821,2026-03-18T11:00:21,,,yes,
40098,1773856826,2026-03-18T11:00:26,,,yes,
40142,1773856832,2026-03-18T11:00:32,,,yes,
40143,1773856832,2026-03-18T11:00:32,,,yes,
40144,1773856832,2026-03-18T11:00:32,,,yes,
40221,1773856841,2026-03-18T11:00:41,,,yes,
40275,1773856846,2026-03-18T11:00:46,,,yes,
40276,1773856846,2026-03-18T11:00:46,,,yes,
40277,1773856846,2026-03-18T11:00:46,,,yes,
40304,1773856849,2026-03-18T11:00:49,,,yes,
40424,1773856858,2026-03-18T11:00:58,,,yes,
40425,1773856858,2026-03-18T11:00:58,,,yes,
40541,1773856871,2026-03-18T11:01:11,,,yes,
40542,1773856871,2026-03-18T11:01:11,,,yes,
40616,1773856878,2026-03-18T11:01:18,,,yes,
40617,1773856878,2026-03-18T11:01:18,,,yes,
40697,1773856885,2026-03-18T11:01:25,,,yes,
40698,1773856885,2026-03-18T11:01:25,,,yes,
40782,1773856893,2026-03-18T11:01:33,,,yes,
40838,1773856899,2026-03-18T11:01:39,,,yes,
40883,1773856905,2026-03-18T11:01:45,,,yes,
40945,1773856912,2026-03-18T11:01:52,,,yes,
40946,1773856912,2026-03-18T11:01:52,,,yes,
41078,1773856926,2026-03-18T11:02:06,,,yes,
41079,1773856926,2026-03-18T11:02:06,,,yes,
41104,1773856929,2026-03-18T11:02:09,,,no,
41105,1773856929,2026-03-18T11:02:09,,,no,
41106,1773856929,2026-03-18T11:02:09,,,no,
41107,1773856929,2026-03-18T11:02:09,,,no,
41108,1773856929,2026-03-18T11:02:09,,,no,
41109,1773856929,2026-03-18T11:02:09,,,no,
41110,1773856929,2026-03-18T11:02:09,,,no,
41164,1773856934,2026-03-18T11:02:14,,,no,
41165,1773856934,2026-03-18T11:02:14,,,no,
41166,1773856934,2026-03-18T11:02:14,,,no,
41167,1773856934,2026-03-18T11:02:14,,,no,
41171,1773856935,2026-03-18T11:02:15,,,yes,
41173,1773856935,2026-03-18T11:02:15,,,yes,
41377,1773856961,2026-03-18T11:02:41,,,yes,
41378,1773856961,2026-03-18T11:02:41,,,yes,
41453,1773856969,2026-03-18T11:02:49,,,yes,
41455,1773856970,2026-03-18T11:02:50,,,yes,
41495,1773856975,2026-03-18T11:02:55,,,no,
41496,1773856975,2026-03-18T11:02:55,,,no,
41529,1773856979,2026-03-18T11:02:59,,,yes,
41531,1773856979,2026-03-18T11:02:59,,,yes,
41583,1773856984,2026-03-18T11:03:04,,,yes,
41600,1773856986,2026-03-18T11:03:06,,,no,
41665,1773856995,2026-03-18T11:03:15,,,yes,
41708,1773857001,2026-03-18T11:03:21,,,yes,
41709,1773857001,2026-03-18T11:03:21,,,yes,
41710,1773857001,2026-03-18T11:03:21,,,yes,
41711,1773857001,2026-03-18T11:03:21,,,yes,
41888,1773857014,2026-03-18T11:03:34,,,no,
41992,1773857026,2026-03-18T11:03:46,,,yes,
41993,1773857026,2026-03-18T11:03:46,,,yes,
41994,1773857026,2026-03-18T11:03:46,,,yes,
42030,1773857029,2026-03-18T11:03:49,,,no,
42031,1773857029,2026-03-18T11:03:49,,,no,
42032,1773857029,2026-03-18T11:03:49,,,no,
42033,1773857029,2026-03-18T11:03:49,,,no,
42034,1773857029,2026-03-18T11:03:49,,,no,
42035,1773857029,2026-03-18T11:03:49,,,no,
42036,1773857029,2026-03-18T11:03:49,,,no,
42112,1773857037,2026-03-18T11:03:57,,,yes,
42145,1773857043,2026-03-18T11:04:03,,,yes,
42147,1773857043,2026-03-18T11:04:03,,,no,
42179,1773857048,2026-03-18T11:04:08,,,no,
42180,1773857048,2026-03-18T11:04:08,,,no,
42181,1773857048,2026-03-18T11:04:08,,,no,
42182,1773857048,2026-03-18T11:04:08,,,no,
42183,1773857048,2026-03-18T11:04:08,,,no,
42207,1773857053,2026-03-18T11:04:13,,,yes,
42208,1773857053,2026-03-18T11:04:13,,,yes,
42214,1773857053,2026-03-18T11:04:13,,,no,
42301,1773857063,2026-03-18T11:04:23,,,yes,
42342,1773857068,2026-03-18T11:04:28,,,yes,
42382,1773857073,2026-03-18T11:04:33,,,yes,
42383,1773857073,2026-03-18T11:04:33,,,yes,
42404,1773857076,2026-03-18T11:04:36,,,yes,
42413,1773857076,2026-03-18T11:04:36,,,yes,
42414,1773857076,2026-03-18T11:04:36,,,yes,
42415,1773857076,2026-03-18T11:04:36,,,yes,
42416,1773857076,2026-03-18T11:04:36,,,yes,
42451,1773857080,2026-03-18T11:04:40,,,yes,
42452,1773857080,2026-03-18T11:04:40,,,yes,
42460,1773857080,2026-03-18T11:04:40,,,yes,
42469,1773857082,2026-03-18T11:04:42,,,yes,
42470,1773857082,2026-03-18T11:04:42,,,yes,
42500,1773857086,2026-03-18T11:04:46,,,yes,
42501,1773857086,2026-03-18T11:04:46,,,yes,
42502,1773857086,2026-03-18T11:04:46,,,yes,
42503,1773857086,2026-03-18T11:04:46,,,yes,
42504,1773857086,2026-03-18T11:04:46,,,yes,
42505,1773857086,2026-03-18T11:04:46,,,yes,
42506,1773857086,2026-03-18T11:04:46,,,yes,
42573,1773857096,2026-03-18T11:04:56,,,yes,
42610,1773857101,2026-03-18T11:05:01,,,yes,
42698,1773857112,2026-03-18T11:05:12,,,yes,
42699,1773857112,2026-03-18T11:05:12,,,yes,
42700,1773857112,2026-03-18T11:05:12,,,yes,
42735,1773857116,2026-03-18T11:05:16,,,yes,
42736,1773857116,2026-03-18T11:05:16,,,yes,
42737,1773857116,2026-03-18T11:05:16,,,yes,
42756,1773857120,2026-03-18T11:05:20,,,yes,
42757,1773857120,2026-03-18T11:05:20,,,yes,
42797,1773857125,2026-03-18T11:05:25,,,yes,
42818,1773857128,2026-03-18T11:05:28,,,yes,
42821,1773857128,2026-03-18T11:05:28,,,yes,
42839,1773857130,2026-03-18T11:05:30,,,yes,
42840,1773857130,2026-03-18T11:05:30,,,yes,
42841,1773857130,2026-03-18T11:05:30,,,yes,
42842,1773857130,2026-03-18T11:05:30,,,yes,
42843,1773857130,2026-03-18T11:05:30,,,yes,
42875,1773857135,2026-03-18T11:05:35,,,yes,
42892,1773857138,2026-03-18T11:05:38,,,yes,
42934,1773857143,2026-03-18T11:05:43,,,yes,
42935,1773857143,2026-03-18T11:05:43,,,yes,
42936,1773857143,2026-03-18T11:05:43,,,yes,
42986,1773857152,2026-03-18T11:05:52,,,no,
43009,1773857155,2026-03-18T11:05:55,,,yes,
43036,1773857159,2026-03-18T11:05:59,,,yes,
43037,1773857159,2026-03-18T11:05:59,,,yes,
43038,1773857159,2026-03-18T11:05:59,,,yes,
43039,1773857159,2026-03-18T11:05:59,,,yes,
43040,1773857159,2026-03-18T11:05:59,,,yes,
43084,1773857166,2026-03-18T11:06:06,,,yes,
43085,1773857166,2026-03-18T11:06:06,,,yes,
43094,1773857168,2026-03-18T11:06:08,,,yes,
43095,1773857168,2026-03-18T11:06:08,,,yes,
43096,1773857168,2026-03-18T11:06:08,,,yes,
43097,1773857168,2026-03-18T11:06:08,,,yes,
43098,1773857168,2026-03-18T11:06:08,,,yes,
43099,1773857168,2026-03-18T11:06:08,,,yes,
43151,1773857179,2026-03-18T11:06:19,,,yes,
43152,1773857179,2026-03-18T11:06:19,,,yes,
43181,1773857183,2026-03-18T11:06:23,,,yes,
43193,1773857186,2026-03-18T11:06:26,,,yes,
43223,1773857189,2026-03-18T11:06:29,,,no,
43224,1773857189,2026-03-18T11:06:29,,,no,
43271,1773857198,2026-03-18T11:06:38,,,yes,
43272,1773857198,2026-03-18T11:06:38,,,yes,
43273,1773857198,2026-03-18T11:06:38,,,yes,
43274,1773857198,2026-03-18T11:06:38,,,yes,
43275,1773857198,2026-03-18T11:06:38,,,yes,
43276,1773857198,2026-03-18T11:06:38,,,yes,
43277,1773857198,2026-03-18T11:06:38,,,yes,
43280,1773857198,2026-03-18T11:06:38,,,no,
43294,1773857201,2026-03-18T11:06:41,,,yes,
43295,1773857201,2026-03-18T11:06:41,,,yes,
43296,1773857201,2026-03-18T11:06:41,,,yes,
43366,1773857213,2026-03-18T11:06:53,,,yes,
43367,1773857213,2026-03-18T11:06:53,,,yes,
43368,1773857213,2026-03-18T11:06:53,,,yes,
43388,1773857217,2026-03-18T11:06:57,,,no,
43444,1773857225,2026-03-18T11:07:05,,,yes,
43455,1773857227,2026-03-18T11:07:07,,,yes,
43456,1773857227,2026-03-18T11:07:07,,,yes,
43457,1773857227,2026-03-18T11:07:07,,,yes,
43458,1773857227,2026-03-18T11:07:07,,,yes,
43459,1773857227,2026-03-18T11:07:07,,,yes,
43482,1773857232,2026-03-18T11:07:12,,,yes,
43659,1773857259,2026-03-18T11:07:39,,,yes,
43660,1773857259,2026-03-18T11:07:39,,,yes,
43661,1773857259,2026-03-18T11:07:39,,,yes,
43710,1773857266,2026-03-18T11:07:46,,,yes,
43711,1773857266,2026-03-18T11:07:46,,,yes,
43729,1773857268,2026-03-18T11:07:48,,,yes,
43767,1773857276,2026-03-18T11:07:56,,,yes,
43768,1773857276,2026-03-18T11:07:56,,,yes,
43861,1773857293,2026-03-18T11:08:13,,,yes,
43862,1773857293,2026-03-18T11:08:13,,,yes,
43868,1773857294,2026-03-18T11:08:14,,,yes,
43869,1773857294,2026-03-18T11:08:14,,,yes,
43915,1773857300,2026-03-18T11:08:20,,,yes,
43955,1773857302,2026-03-18T11:08:22,,,yes,
43957,1773857303,2026-03-18T11:08:23,,,no,
43974,1773857307,2026-03-18T11:08:27,,,yes,
43975,1773857307,2026-03-18T11:08:27,,,yes,
44091,1773857325,2026-03-18T11:08:45,,,yes,
44092,1773857325,2026-03-18T11:08:45,,,yes,
44094,1773857326,2026-03-18T11:08:46,,,no,
44095,1773857326,2026-03-18T11:08:46,,,no,
44096,1773857326,2026-03-18T11:08:46,,,no,
44125,1773857331,2026-03-18T11:08:51,,,yes,
44126,1773857331,2026-03-18T11:08:51,,,yes,
44127,1773857331,2026-03-18T11:08:51,,,yes,
44128,1773857331,2026-03-18T11:08:51,,,yes,
44129,1773857331,2026-03-18T11:08:51,,,yes,
44130,1773857331,2026-03-18T11:08:51,,,yes,
44131,1773857331,2026-03-18T11:08:51,,,yes,
44132,1773857331,2026-03-18T11:08:51,,,yes,
44184,1773857339,2026-03-18T11:08:59,,,yes,
44284,1773857353,2026-03-18T11:09:13,,,yes,
44292,1773857354,2026-03-18T11:09:14,,,yes,
44335,1773857362,2026-03-18T11:09:22,,,yes,
44349,1773857363,2026-03-18T11:09:23,,,yes,
44350,1773857363,2026-03-18T11:09:23,,,yes,
44351,1773857363,2026-03-18T11:09:23,,,yes,
44404,1773857374,2026-03-18T11:09:34,,,yes,
44405,1773857374,2026-03-18T11:09:34,,,yes,
44455,1773857385,2026-03-18T11:09:45,,,yes,
44541,1773857403,2026-03-18T11:10:03,,,yes,
44542,1773857403,2026-03-18T11:10:03,,,yes,
44543,1773857403,2026-03-18T11:10:03,,,yes,
44544,1773857403,2026-03-18T11:10:03,,,yes,
44545,1773857403,2026-03-18T11:10:03,,,yes,
44557,1773857404,2026-03-18T11:10:04,,,yes,
44597,1773857412,2026-03-18T11:10:12,,,yes,
44598,1773857412,2026-03-18T11:10:12,,,yes,
44599,1773857412,2026-03-18T11:10:12,,,yes,
44612,1773857416,2026-03-18T11:10:16,,,yes,
44613,1773857416,2026-03-18T11:10:16,,,yes,
44636,1773857421,2026-03-18T11:10:21,,,yes,
44637,1773857421,2026-03-18T11:10:21,,,yes,
44638,1773857421,2026-03-18T11:10:21,,,yes,
44670,1773857427,2026-03-18T11:10:27,,,yes,
44742,1773857441,2026-03-18T11:10:41,,,yes,
44755,1773857444,2026-03-18T11:10:44,,,yes,
44764,1773857445,2026-03-18T11:10:45,,,yes,
44788,1773857449,2026-03-18T11:10:49,,,yes,
44789,1773857449,2026-03-18T11:10:49,,,yes,
44790,1773857449,2026-03-18T11:10:49,,,yes,
44791,1773857449,2026-03-18T11:10:49,,,yes,
44792,1773857449,2026-03-18T11:10:49,,,yes,
44793,1773857449,2026-03-18T11:10:49,,,yes,
44794,1773857449,2026-03-18T11:10:49,,,yes,
44795,1773857449,2026-03-18T11:10:49,,,yes,
44796,1773857449,2026-03-18T11:10:49,,,yes,
45063,1773857511,2026-03-18T11:11:51,,,yes,
45468,1773857581,2026-03-18T11:13:01,,,yes,
45630,1773857594,2026-03-18T11:13:14,,,yes,
45653,1773857597,2026-03-18T11:13:17,,,no,
45654,1773857597,2026-03-18T11:13:17,,,no,
45818,1773857622,2026-03-18T11:13:42,,,yes,
45819,1773857622,2026-03-18T11:13:42,,,yes,
45876,1773857629,2026-03-18T11:13:49,,,yes,
45877,1773857629,2026-03-18T11:13:49,,,yes,
45878,1773857629,2026-03-18T11:13:49,,,yes,
45879,1773857629,2026-03-18T11:13:49,,,yes,
45948,1773857634,2026-03-18T11:13:54,,,yes,
46001,1773857639,2026-03-18T11:13:59,,,yes,
46002,1773857639,2026-03-18T11:13:59,,,yes,
46003,1773857639,2026-03-18T11:13:59,,,yes,
46184,1773857656,2026-03-18T11:14:16,,,yes,
46185,1773857656,2026-03-18T11:14:16,,,yes,
46226,1773857659,2026-03-18T11:14:19,,,yes,
46227,1773857659,2026-03-18T11:14:19,,,yes,
46228,1773857659,2026-03-18T11:14:19,,,yes,
46405,1773857674,2026-03-18T11:14:34,,,yes,
46406,1773857674,2026-03-18T11:14:34,,,yes,
46447,1773857677,2026-03-18T11:14:37,,,yes,
46448,1773857677,2026-03-18T11:14:37,,,yes,
46524,1773857685,2026-03-18T11:14:45,,,yes,
46654,1773857694,2026-03-18T11:14:54,,,yes,
46700,1773857697,2026-03-18T11:14:57,,,yes,
46801,1773857706,2026-03-18T11:15:06,,,yes,
46943,1773857719,2026-03-18T11:15:19,,,yes,
46944,1773857719,2026-03-18T11:15:19,,,yes,
46945,1773857719,2026-03-18T11:15:19,,,yes,
46946,1773857719,2026-03-18T11:15:19,,,yes,
46947,1773857719,2026-03-18T11:15:19,,,yes,
46948,1773857719,2026-03-18T11:15:19,,,yes,
46949,1773857719,2026-03-18T11:15:19,,,yes,
46950,1773857719,2026-03-18T11:15:19,,,yes,
47077,1773857729,2026-03-18T11:15:29,,,yes,
47078,1773857729,2026-03-18T11:15:29,,,yes,
47079,1773857729,2026-03-18T11:15:29,,,yes,
47080,1773857729,2026-03-18T11:15:29,,,yes,
47126,1773857733,2026-03-18T11:15:33,,,yes,
47127,1773857733,2026-03-18T11:15:33,,,yes,
47162,1773857737,2026-03-18T11:15:37,,,yes,
47191,1773857739,2026-03-18T11:15:39,,,yes,
47213,1773857741,2026-03-18T11:15:41,,,yes,
47441,1773857763,2026-03-18T11:16:03,,,yes,
47442,1773857763,2026-03-18T11:16:03,,,yes,
47481,1773857766,2026-03-18T11:16:06,,,yes,
47482,1773857766,2026-03-18T11:16:06,,,yes,
47483,1773857766,2026-03-18T11:16:06,,,yes,
47533,1773857770,2026-03-18T11:16:10,,,yes,
47534,1773857770,2026-03-18T11:16:10,,,yes,
47714,1773857791,2026-03-18T11:16:31,,,yes,
47715,1773857791,2026-03-18T11:16:31,,,yes,
47775,1773857799,2026-03-18T11:16:39,,,yes,
47776,1773857799,2026-03-18T11:16:39,,,yes,
47793,1773857801,2026-03-18T11:16:41,,,yes,
47814,1773857804,2026-03-18T11:16:44,,,yes,
47903,1773857815,2026-03-18T11:16:55,,,yes,
47923,1773857817,2026-03-18T11:16:57,,,no,
47991,1773857826,2026-03-18T11:17:06,,,yes,
47992,1773857826,2026-03-18T11:17:06,,,yes,
47993,1773857826,2026-03-18T11:17:06,,,yes,
48023,1773857830,2026-03-18T11:17:10,,,yes,
48024,1773857830,2026-03-18T11:17:10,,,yes,
48098,1773857840,2026-03-18T11:17:20,,,yes,
48099,1773857840,2026-03-18T11:17:20,,,yes,
48486,1773857894,2026-03-18T11:18:14,,,yes,
48487,1773857894,2026-03-18T11:18:14,,,yes,
48488,1773857894,2026-03-18T11:18:14,,,yes,
48534,1773857898,2026-03-18T11:18:18,,,yes,
48538,1773857899,2026-03-18T11:18:19,,,no,
48544,1773857899,2026-03-18T11:18:19,,,yes,
48566,1773857903,2026-03-18T11:18:23,,,yes,
48567,1773857903,2026-03-18T11:18:23,,,yes,
48568,1773857903,2026-03-18T11:18:23,,,yes,
48569,1773857903,2026-03-18T11:18:23,,,yes,
48731,1773857928,2026-03-18T11:18:48,,,no,
48909,1773857957,2026-03-18T11:19:17,,,yes,
48910,1773857957,2026-03-18T11:19:17,,,yes,
48911,1773857957,2026-03-18T11:19:17,,,yes,
48941,1773857961,2026-03-18T11:19:21,,,yes,
48947,1773857962,2026-03-18T11:19:22,,,yes,
48948,1773857962,2026-03-18T11:19:22,,,yes,
48949,1773857962,2026-03-18T11:19:22,,,yes,
49079,1773857977,2026-03-18T11:19:37,,,yes,
49080,1773857977,2026-03-18T11:19:37,,,yes,
49159,1773857986,2026-03-18T11:19:46,,,yes,
49173,1773857987,2026-03-18T11:19:47,,,yes,
49174,1773857987,2026-03-18T11:19:47,,,yes,
49175,1773857987,2026-03-18T11:19:47,,,yes,
49176,1773857987,2026-03-18T11:19:47,,,yes,
49194,1773857991,2026-03-18T11:19:51,,,yes,
49195,1773857991,2026-03-18T11:19:51,,,yes,
49207,1773857992,2026-03-18T11:19:52,,,yes,
49272,1773858000,2026-03-18T11:20:00,,,yes,
49273,1773858000,2026-03-18T11:20:00,,,yes,
49280,1773858001,2026-03-18T11:20:01,,,yes,
49281,1773858001,2026-03-18T11:20:01,,,yes,
49282,1773858001,2026-03-18T11:20:01,,,yes,
49368,1773858010,2026-03-18T11:20:10,,,no,
49378,1773858011,2026-03-18T11:20:11,,,yes,
49379,1773858011,2026-03-18T11:20:11,,,yes,
49385,1773858012,2026-03-18T11:20:12,,,yes,
49393,1773858013,2026-03-18T11:20:13,,,no,
49394,1773858013,2026-03-18T11:20:13,,,no,
49395,1773858013,2026-03-18T11:20:13,,,no,
49437,1773858019,2026-03-18T11:20:19,,,yes,
49438,1773858019,2026-03-18T11:20:19,,,yes,
49439,1773858019,2026-03-18T11:20:19,,,yes,
49440,1773858019,2026-03-18T11:20:19,,,yes,
49441,1773858019,2026-03-18T11:20:19,,,yes,
49442,1773858019,2026-03-18T11:20:19,,,yes,
49443,1773858019,2026-03-18T11:20:19,,,yes,
49444,1773858019,2026-03-18T11:20:19,,,yes,
49445,1773858019,2026-03-18T11:20:19,,,yes,
49598,1773858039,2026-03-18T11:20:39,,,yes,
49599,1773858039,2026-03-18T11:20:39,,,yes,
49600,1773858039,2026-03-18T11:20:39,,,yes,
49601,1773858039,2026-03-18T11:20:39,,,yes,
49705,1773858050,2026-03-18T11:20:50,,,yes,
49756,1773858056,2026-03-18T11:20:56,,,no,
49757,1773858056,2026-03-18T11:20:56,,,no,
49811,1773858064,2026-03-18T11:21:04,,,yes,
49812,1773858064,2026-03-18T11:21:04,,,yes,
49813,1773858064,2026-03-18T11:21:04,,,yes,
49814,1773858064,2026-03-18T11:21:04,,,yes,
49815,1773858064,2026-03-18T11:21:04,,,yes,
49875,1773858071,2026-03-18T11:21:11,,,yes,
49876,1773858071,2026-03-18T11:21:11,,,yes,
49877,1773858071,2026-03-18T11:21:11,,,yes,
49918,1773858075,2026-03-18T11:21:15,,,yes,
49970,1773858080,2026-03-18T11:21:20,,,yes,
49971,1773858080,2026-03-18T11:21:20,,,yes,
49972,1773858080,2026-03-18T11:21:20,,,yes,
50006,1773858086,2026-03-18T11:21:26,,,yes,
50007,1773858086,2026-03-18T11:21:26,,,yes,
50008,1773858086,2026-03-18T11:21:26,,,yes,
50009,1773858086,2026-03-18T11:21:26,,,yes,
50246,1773858121,2026-03-18T11:22:01,,,no,
50296,1773858127,2026-03-18T11:22:07,,,no,
50297,1773858127,2026-03-18T11:22:07,,,no,
50380,1773858138,2026-03-18T11:22:18,,,no,
50440,1773858150,2026-03-18T11:22:30,,,yes,
50441,1773858150,2026-03-18T11:22:30,,,yes,
50483,1773858158,2026-03-18T11:22:38,,,yes,
50705,1773858190,2026-03-18T11:23:10,,,yes,
51031,1773858229,2026-03-18T11:23:49,,,yes,
51273,1773858253,2026-03-18T11:24:13,,,yes,
51274,1773858253,2026-03-18T11:24:13,,,yes,
51275,1773858253,2026-03-18T11:24:13,,,yes,
51276,1773858253,2026-03-18T11:24:13,,,yes,
51277,1773858253,2026-03-18T11:24:13,,,yes,
51278,1773858253,2026-03-18T11:24:13,,,yes,
51279,1773858253,2026-03-18T11:24:13,,,yes,
51280,1773858253,2026-03-18T11:24:13,,,yes,
51281,1773858253,2026-03-18T11:24:13,,,yes,
51282,1773858253,2026-03-18T11:24:13,,,yes,
51283,1773858253,2026-03-18T11:24:13,,,yes,
51526,1773858281,2026-03-18T11:24:41,,,yes,
51617,1773858291,2026-03-18T11:24:51,,,yes,
51618,1773858291,2026-03-18T11:24:51,,,yes,
51619,1773858291,2026-03-18T11:24:51,,,yes,
51703,1773858300,2026-03-18T11:25:00,,,no,
51950,1773858327,2026-03-18T11:25:27,,,yes,
51990,1773858331,2026-03-18T11:25:31,,,yes,
51991,1773858331,2026-03-18T11:25:31,,,yes,
51992,1773858331,2026-03-18T11:25:31,,,yes,
51993,1773858331,2026-03-18T11:25:31,,,yes,
52114,1773858341,2026-03-18T11:25:41,,,yes,
52115,1773858341,2026-03-18T11:25:41,,,yes,
52116,1773858341,2026-03-18T11:25:41,,,yes,
52153,1773858347,2026-03-18T11:25:47,,,yes,
52273,1773858360,2026-03-18T11:26:00,,,yes,
52274,1773858360,2026-03-18T11:26:00,,,yes,
52275,1773858360,2026-03-18T11:26:00,,,yes,
52276,1773858360,2026-03-18T11:26:00,,,yes,
52277,1773858360,2026-03-18T11:26:00,,,yes,
52278,1773858360,2026-03-18T11:26:00,,,yes,
52279,1773858360,2026-03-18T11:26:00,,,yes,
52405,1773858379,2026-03-18T11:26:19,,,yes,
52406,1773858379,2026-03-18T11:26:19,,,yes,
52407,1773858379,2026-03-18T11:26:19,,,yes,
52408,1773858379,2026-03-18T11:26:19,,,yes,
52485,1773858390,2026-03-18T11:26:30,,,yes,
52488,1773858391,2026-03-18T11:26:31,,,yes,
52545,1773858400,2026-03-18T11:26:40,,,yes,
52607,1773858410,2026-03-18T11:26:50,,,yes,
52608,1773858410,2026-03-18T11:26:50,,,yes,
52609,1773858410,2026-03-18T11:26:50,,,yes,
52610,1773858410,2026-03-18T11:26:50,,,yes,
52611,1773858410,2026-03-18T11:26:50,,,yes,
52612,1773858410,2026-03-18T11:26:50,,,yes,
52613,1773858410,2026-03-18T11:26:50,,,yes,
52614,1773858410,2026-03-18T11:26:50,,,yes,
52786,1773858438,2026-03-18T11:27:18,,,yes,
52787,1773858438,2026-03-18T11:27:18,,,yes,
52869,1773858452,2026-03-18T11:27:32,,,yes,
52914,1773858461,2026-03-18T11:27:41,,,no,
52915,1773858461,2026-03-18T11:27:41,,,no,
52916,1773858461,2026-03-18T11:27:41,,,no,
52917,1773858461,2026-03-18T11:27:41,,,no,
52918,1773858461,2026-03-18T11:27:41,,,no,
52919,1773858461,2026-03-18T11:27:41,,,no,
53027,1773858479,2026-03-18T11:27:59,,,yes,
53028,1773858479,2026-03-18T11:27:59,,,yes,
53308,1773858522,2026-03-18T11:28:42,,,yes,
53312,1773858523,2026-03-18T11:28:43,,,yes,
53313,1773858523,2026-03-18T11:28:43,,,yes,
53314,1773858523,2026-03-18T11:28:43,,,yes,
53315,1773858523,2026-03-18T11:28:43,,,yes,
53365,1773858531,2026-03-18T11:28:51,,,yes,
53366,1773858531,2026-03-18T11:28:51,,,yes,
53370,1773858531,2026-03-18T11:28:51,,,yes,
53471,1773858542,2026-03-18T11:29:02,,,yes,
53472,1773858542,2026-03-18T11:29:02,,,yes,
53473,1773858542,2026-03-18T11:29:02,,,yes,
53474,1773858543,2026-03-18T11:29:03,,,yes,
53475,1773858543,2026-03-18T11:29:03,,,yes,
53496,1773858545,2026-03-18T11:29:05,,,yes,
53497,1773858545,2026-03-18T11:29:05,,,yes,
53498,1773858545,2026-03-18T11:29:05,,,yes,
53499,1773858545,2026-03-18T11:29:05,,,yes,
53500,1773858545,2026-03-18T11:29:05,,,yes,
53557,1773858553,2026-03-18T11:29:13,,,yes,
53566,1773858553,2026-03-18T11:29:13,,,yes,
53592,1773858558,2026-03-18T11:29:18,,,yes,
53593,1773858558,2026-03-18T11:29:18,,,yes,
53794,1773858587,2026-03-18T11:29:47,,,yes,
53795,1773858587,2026-03-18T11:29:47,,,yes,
53796,1773858587,2026-03-18T11:29:47,,,yes,
53802,1773858588,2026-03-18T11:29:48,,,no,
53900,1773858602,2026-03-18T11:30:02,,,no,
53901,1773858602,2026-03-18T11:30:02,,,no,
53921,1773858605,2026-03-18T11:30:05,,,yes,
53946,1773858610,2026-03-18T11:30:10,,,yes,
54041,1773858625,2026-03-18T11:30:25,,,yes,
54063,1773858628,2026-03-18T11:30:28,,,no,
54064,1773858628,2026-03-18T11:30:28,,,no,
54100,1773858632,2026-03-18T11:30:32,,,yes,
54101,1773858632,2026-03-18T11:30:32,,,yes,
54130,1773858638,2026-03-18T11:30:38,,,yes,
54199,1773858644,2026-03-18T11:30:44,,,yes,
54200,1773858644,2026-03-18T11:30:44,,,yes,
54212,1773858646,2026-03-18T11:30:46,,,yes,
54230,1773858650,2026-03-18T11:30:50,,,yes,
54231,1773858650,2026-03-18T11:30:50,,,yes,
54232,1773858650,2026-03-18T11:30:50,,,yes,
54233,1773858650,2026-03-18T11:30:50,,,yes,
54234,1773858650,2026-03-18T11:30:50,,,yes,
54309,1773858663,2026-03-18T11:31:03,,,yes,
54310,1773858663,2026-03-18T11:31:03,,,yes,
54557,1773858697,2026-03-18T11:31:37,,,no,
54567,1773858698,2026-03-18T11:31:38,,,no,
54606,1773858704,2026-03-18T11:31:44,,,no,
54642,1773858710,2026-03-18T11:31:50,,,no,
54643,1773858710,2026-03-18T11:31:50,,,no,
54644,1773858710,2026-03-18T11:31:50,,,yes,
54665,1773858714,2026-03-18T11:31:54,,,no,
54701,1773858719,2026-03-18T11:31:59,,,yes,
54702,1773858719,2026-03-18T11:31:59,,,yes,
54703,1773858719,2026-03-18T11:31:59,,,yes,
54704,1773858719,2026-03-18T11:31:59,,,yes,
54882,1773858744,2026-03-18T11:32:24,,,yes,
54952,1773858753,2026-03-18T11:32:33,,,yes,
54953,1773858753,2026-03-18T11:32:33,,,yes,
54954,1773858753,2026-03-18T11:32:33,,,yes,
54955,1773858753,2026-03-18T11:32:33,,,yes,
55040,1773858761,2026-03-18T11:32:41,,,yes,
55041,1773858761,2026-03-18T11:32:41,,,yes,
55042,1773858761,2026-03-18T11:32:41,,,yes,
55043,1773858761,2026-03-18T11:32:41,,,yes,
55044,1773858761,2026-03-18T11:32:41,,,yes,
55045,1773858761,2026-03-18T11:32:41,,,yes,
55115,1773858772,2026-03-18T11:32:52,,,yes,
55238,1773858786,2026-03-18T11:33:06,,,yes,
55239,1773858786,2026-03-18T11:33:06,,,yes,
55312,1773858799,2026-03-18T11:33:19,,,yes,
55313,1773858799,2026-03-18T11:33:19,,,yes,
55314,1773858799,2026-03-18T11:33:19,,,yes,
55315,1773858799,2026-03-18T11:33:19,,,yes,
55344,1773858803,2026-03-18T11:33:23,,,yes,
55362,1773858805,2026-03-18T11:33:25,,,yes,
55378,1773858809,2026-03-18T11:33:29,,,yes,
55410,1773858814,2026-03-18T11:33:34,,,yes,
55430,1773858818,2026-03-18T11:33:38,,,no,
55509,1773858825,2026-03-18T11:33:45,,,yes,
55510,1773858825,2026-03-18T11:33:45,,,yes,
55511,1773858825,2026-03-18T11:33:45,,,yes,
55512,1773858825,2026-03-18T11:33:45,,,yes,
55589,1773858839,2026-03-18T11:33:59,,,yes,
55596,1773858839,2026-03-18T11:33:59,,,yes,
55597,1773858839,2026-03-18T11:33:59,,,yes,
55598,1773858839,2026-03-18T11:33:59,,,yes,
55599,1773858839,2026-03-18T11:33:59,,,yes,
55600,1773858839,2026-03-18T11:33:59,,,yes,
55601,1773858839,2026-03-18T11:33:59,,,yes,
55603,1773858839,2026-03-18T11:33:59,,,no,
55636,1773858842,2026-03-18T11:34:02,,,yes,
55658,1773858846,2026-03-18T11:34:06,,,yes,
55659,1773858846,2026-03-18T11:34:06,,,yes,
55660,1773858846,2026-03-18T11:34:06,,,yes,
55672,1773858849,2026-03-18T11:34:09,,,yes,
55782,1773858860,2026-03-18T11:34:20,,,yes,
55829,1773858867,2026-03-18T11:34:27,,,yes,
55830,1773858867,2026-03-18T11:34:27,,,yes,
55831,1773858867,2026-03-18T11:34:27,,,yes,
55832,1773858867,2026-03-18T11:34:27,,,yes,
55883,1773858873,2026-03-18T11:34:33,,,no,
55884,1773858873,2026-03-18T11:34:33,,,no,
56047,1773858887,2026-03-18T11:34:47,,,yes,
56048,1773858887,2026-03-18T11:34:47,,,yes,
56049,1773858887,2026-03-18T11:34:47,,,yes,
56074,1773858889,2026-03-18T11:34:49,,,yes,
56075,1773858889,2026-03-18T11:34:49,,,yes,
56196,1773858897,2026-03-18T11:34:57,,,no,
56318,1773858906,2026-03-18T11:35:06,,,yes,
56319,1773858906,2026-03-18T11:35:06,,,yes,
56359,1773858910,2026-03-18T11:35:10,,,yes,
56403,1773858914,2026-03-18T11:35:14,,,yes,
56404,1773858914,2026-03-18T11:35:14,,,yes,
56431,1773858917,2026-03-18T11:35:17,,,no,
56438,1773858917,2026-03-18T11:35:17,,,yes,
56439,1773858917,2026-03-18T11:35:17,,,yes,
56440,1773858917,2026-03-18T11:35:17,,,yes,
56441,1773858917,2026-03-18T11:35:17,,,yes,
56442,1773858917,2026-03-18T11:35:17,,,yes,
56443,1773858917,2026-03-18T11:35:17,,,yes,
56444,1773858917,2026-03-18T11:35:17,,,yes,
56445,1773858917,2026-03-18T11:35:17,,,yes,
56446,1773858917,2026-03-18T11:35:17,,,yes,
56555,1773858928,2026-03-18T11:35:28,,,yes,
56739,1773858941,2026-03-18T11:35:41,,,no,
56781,1773858945,2026-03-18T11:35:45,,,yes,
56782,1773858945,2026-03-18T11:35:45,,,yes,
56789,1773858946,2026-03-18T11:35:46,,,no,
56790,1773858946,2026-03-18T11:35:46,,,no,
56931,1773858958,2026-03-18T11:35:58,,,no,
56932,1773858958,2026-03-18T11:35:58,,,no,
57113,1773858976,2026-03-18T11:36:16,,,no,
57137,1773858978,2026-03-18T11:36:18,,,no,
57180,1773858983,2026-03-18T11:36:23,,,no,
57189,1773858984,2026-03-18T11:36:24,,,no,
57232,1773858987,2026-03-18T11:36:27,,,yes,
57371,1773859003,2026-03-18T11:36:43,,,yes,
57372,1773859003,2026-03-18T11:36:43,,,yes,
57657,1773859025,2026-03-18T11:37:05,,,yes,
57783,1773859036,2026-03-18T11:37:16,,,yes,
57871,1773859045,2026-03-18T11:37:25,,,no,
57872,1773859045,2026-03-18T11:37:25,,,no,
57924,1773859051,2026-03-18T11:37:31,,,yes,
57963,1773859055,2026-03-18T11:37:35,,,no,
57964,1773859055,2026-03-18T11:37:35,,,no,
57986,1773859058,2026-03-18T11:37:38,,,no,
58192,1773859081,2026-03-18T11:38:01,,,yes,
58193,1773859081,2026-03-18T11:38:01,,,yes,
58194,1773859081,2026-03-18T11:38:01,,,yes,
58195,1773859081,2026-03-18T11:38:01,,,yes,
58196,1773859081,2026-03-18T11:38:01,,,yes,
58197,1773859081,2026-03-18T11:38:01,,,yes,
58229,1773859084,2026-03-18T11:38:04,,,no,
58281,1773859091,2026-03-18T11:38:11,,,yes,
58297,1773859092,2026-03-18T11:38:12,,,yes,
58320,1773859095,2026-03-18T11:38:15,,,yes,
58321,1773859095,2026-03-18T11:38:15,,,yes,
58322,1773859095,2026-03-18T11:38:15,,,yes,
58327,1773859096,2026-03-18T11:38:16,,,yes,
58328,1773859096,2026-03-18T11:38:16,,,yes,
58394,1773859106,2026-03-18T11:38:26,,,yes,
58402,1773859107,2026-03-18T11:38:27,,,yes,
58403,1773859107,2026-03-18T11:38:27,,,yes,
58423,1773859111,2026-03-18T11:38:31,,,yes,
58482,1773859119,2026-03-18T11:38:39,,,yes,
58483,1773859119,2026-03-18T11:38:39,,,yes,
58617,1773859138,2026-03-18T11:38:58,,,yes,
58618,1773859138,2026-03-18T11:38:58,,,yes,
58619,1773859138,2026-03-18T11:38:58,,,yes,
58733,1773859150,2026-03-18T11:39:10,,,yes,
58734,1773859150,2026-03-18T11:39:10,,,yes,
58803,1773859158,2026-03-18T11:39:18,,,yes,
58804,1773859158,2026-03-18T11:39:18,,,yes,
58805,1773859158,2026-03-18T11:39:18,,,yes,
58806,1773859158,2026-03-18T11:39:18,,,yes,
58807,1773859158,2026-03-18T11:39:18,,,yes,
58808,1773859158,2026-03-18T11:39:18,,,yes,
58809,1773859158,2026-03-18T11:39:18,,,yes,
58876,1773859166,2026-03-18T11:39:26,,,yes,
58877,1773859166,2026-03-18T11:39:26,,,yes,
58996,1773859180,2026-03-18T11:39:40,,,yes,
59072,1773859188,2026-03-18T11:39:48,,,no,
59073,1773859188,2026-03-18T11:39:48,,,no,
59131,1773859192,2026-03-18T11:39:52,,,no,
59132,1773859192,2026-03-18T11:39:52,,,no,
59217,1773859200,2026-03-18T11:40:00,,,yes,
59218,1773859200,2026-03-18T11:40:00,,,yes,
59219,1773859200,2026-03-18T11:40:00,,,yes,
59283,1773859206,2026-03-18T11:40:06,,,yes,
59291,1773859207,2026-03-18T11:40:07,,,no,
59292,1773859207,2026-03-18T11:40:07,,,no,
59293,1773859207,2026-03-18T11:40:07,,,no,
59294,1773859207,2026-03-18T11:40:07,,,no,
59332,1773859210,2026-03-18T11:40:10,,,yes,
59333,1773859210,2026-03-18T11:40:10,,,yes,
59334,1773859210,2026-03-18T11:40:10,,,yes,
59372,1773859216,2026-03-18T11:40:16,,,yes,
59373,1773859216,2026-03-18T11:40:16,,,yes,
59383,1773859217,2026-03-18T11:40:17,,,yes,
59384,1773859217,2026-03-18T11:40:17,,,yes,
59419,1773859223,2026-03-18T11:40:23,,,no,
59420,1773859223,2026-03-18T11:40:23,,,no,
59421,1773859223,2026-03-18T11:40:23,,,no,
59479,1773859227,2026-03-18T11:40:27,,,yes,
59480,1773859227,2026-03-18T11:40:27,,,yes,
59547,1773859234,2026-03-18T11:40:34,,,yes,
59548,1773859234,2026-03-18T11:40:34,,,yes,
59669,1773859248,2026-03-18T11:40:48,,,yes,
59727,1773859257,2026-03-18T11:40:57,,,yes,
59728,1773859257,2026-03-18T11:40:57,,,yes,
59729,1773859257,2026-03-18T11:40:57,,,yes,
59803,1773859266,2026-03-18T11:41:06,,,yes,
59859,1773859274,2026-03-18T11:41:14,,,no,
59901,1773859282,2026-03-18T11:41:22,,,yes,
59902,1773859282,2026-03-18T11:41:22,,,yes,
59903,1773859282,2026-03-18T11:41:22,,,yes,
59904,1773859282,2026-03-18T11:41:22,,,yes,
59905,1773859282,2026-03-18T11:41:22,,,yes,
59906,1773859282,2026-03-18T11:41:22,,,yes,
59927,1773859284,2026-03-18T11:41:24,,,yes,
59928,1773859284,2026-03-18T11:41:24,,,yes,
59929,1773859284,2026-03-18T11:41:24,,,yes,
59930,1773859284,2026-03-18T11:41:24,,,yes,
59931,1773859284,2026-03-18T11:41:24,,,yes,
59932,1773859284,2026-03-18T11:41:24,,,yes,
59937,1773859284,2026-03-18T11:41:24,,,no,
59938,1773859284,2026-03-18T11:41:24,,,no,
59940,1773859284,2026-03-18T11:41:24,,,yes,
59980,1773859287,2026-03-18T11:41:27,,,yes,
59981,1773859287,2026-03-18T11:41:27,,,yes,
60018,1773859294,2026-03-18T11:41:34,,,yes,
60019,1773859294,2026-03-18T11:41:34,,,yes,
60022,1773859294,2026-03-18T11:41:34,,,yes,
60023,1773859294,2026-03-18T11:41:34,,,yes,
60061,1773859297,2026-03-18T11:41:37,,,no,
60062,1773859297,2026-03-18T11:41:37,,,no,
60063,1773859297,2026-03-18T11:41:37,,,no,
60088,1773859301,2026-03-18T11:41:41,,,yes,
60089,1773859301,2026-03-18T11:41:41,,,yes,
60090,1773859301,2026-03-18T11:41:41,,,yes,
60143,1773859307,2026-03-18T11:41:47,,,yes,
60144,1773859307,2026-03-18T11:41:47,,,yes,
60251,1773859321,2026-03-18T11:42:01,,,yes,
60252,1773859321,2026-03-18T11:42:01,,,yes,
60253,1773859321,2026-03-18T11:42:01,,,yes,
60282,1773859327,2026-03-18T11:42:07,,,yes,
60283,1773859327,2026-03-18T11:42:07,,,yes,
60374,1773859342,2026-03-18T11:42:22,,,yes,
60375,1773859342,2026-03-18T11:42:22,,,yes,
60376,1773859342,2026-03-18T11:42:22,,,yes,
60420,1773859350,2026-03-18T11:42:30,,,no,
60421,1773859350,2026-03-18T11:42:30,,,no,
60422,1773859350,2026-03-18T11:42:30,,,no,
60423,1773859350,2026-03-18T11:42:30,,,no,
60424,1773859350,2026-03-18T11:42:30,,,no,
60425,1773859350,2026-03-18T11:42:30,,,no,
60459,1773859357,2026-03-18T11:42:37,,,yes,
60460,1773859357,2026-03-18T11:42:37,,,yes,
60506,1773859363,2026-03-18T11:42:43,,,yes,
60507,1773859363,2026-03-18T11:42:43,,,yes,
60508,1773859363,2026-03-18T11:42:43,,,yes,
60571,1773859366,2026-03-18T11:42:46,,,yes,
60572,1773859366,2026-03-18T11:42:46,,,yes,
60573,1773859366,2026-03-18T11:42:46,,,yes,
60574,1773859366,2026-03-18T11:42:46,,,yes,
60590,1773859369,2026-03-18T11:42:49,,,yes,
60611,1773859373,2026-03-18T11:42:53,,,no,
60621,1773859375,2026-03-18T11:42:55,,,yes,
60622,1773859375,2026-03-18T11:42:55,,,yes,
60623,1773859375,2026-03-18T11:42:55,,,yes,
60636,1773859377,2026-03-18T11:42:57,,,yes,
60637,1773859377,2026-03-18T11:42:57,,,yes,
60655,1773859378,2026-03-18T11:42:58,,,yes,
60656,1773859378,2026-03-18T11:42:58,,,yes,
60686,1773859383,2026-03-18T11:43:03,,,yes,
60687,1773859383,2026-03-18T11:43:03,,,yes,
60688,1773859383,2026-03-18T11:43:03,,,yes,
60689,1773859383,2026-03-18T11:43:03,,,yes,
60744,1773859390,2026-03-18T11:43:10,,,yes,
60759,1773859392,2026-03-18T11:43:12,,,yes,
60846,1773859405,2026-03-18T11:43:25,,,yes,
60847,1773859405,2026-03-18T11:43:25,,,yes,
60848,1773859405,2026-03-18T11:43:25,,,yes,
60849,1773859405,2026-03-18T11:43:25,,,yes,
60896,1773859411,2026-03-18T11:43:31,,,yes,
60903,1773859412,2026-03-18T11:43:32,,,no,
60904,1773859412,2026-03-18T11:43:32,,,no,
60906,1773859412,2026-03-18T11:43:32,,,yes,
60907,1773859412,2026-03-18T11:43:32,,,yes,
60908,1773859412,2026-03-18T11:43:32,,,yes,
60909,1773859412,2026-03-18T11:43:32,,,yes,
60941,1773859418,2026-03-18T11:43:38,,,yes,
60942,1773859418,2026-03-18T11:43:38,,,yes,
60943,1773859418,2026-03-18T11:43:38,,,yes,
60944,1773859418,2026-03-18T11:43:38,,,yes,
60995,1773859425,2026-03-18T11:43:45,,,yes,
61001,1773859426,2026-03-18T11:43:46,,,yes,
61032,1773859431,2026-03-18T11:43:51,,,yes,
61033,1773859431,2026-03-18T11:43:51,,,yes,
61034,1773859431,2026-03-18T11:43:51,,,yes,
61036,1773859431,2026-03-18T11:43:51,,,yes,
61037,1773859431,2026-03-18T11:43:51,,,yes,
61047,1773859433,2026-03-18T11:43:53,,,yes,
61048,1773859433,2026-03-18T11:43:53,,,yes,
61049,1773859433,2026-03-18T11:43:53,,,yes,
61050,1773859433,2026-03-18T11:43:53,,,yes,
61090,1773859444,2026-03-18T11:44:04,,,yes,
61103,1773859446,2026-03-18T11:44:06,,,no,
61124,1773859451,2026-03-18T11:44:11,,,yes,
61125,1773859451,2026-03-18T11:44:11,,,yes,
61204,1773859460,2026-03-18T11:44:20,,,no,
61205,1773859460,2026-03-18T11:44:20,,,no,
61206,1773859460,2026-03-18T11:44:20,,,no,
61207,1773859460,2026-03-18T11:44:20,,,no,
61208,1773859460,2026-03-18T11:44:20,,,no,
61227,1773859463,2026-03-18T11:44:23,,,no,
61305,1773859476,2026-03-18T11:44:36,,,yes,
61306,1773859476,2026-03-18T11:44:36,,,yes,
61307,1773859476,2026-03-18T11:44:36,,,no,
61329,1773859478,2026-03-18T11:44:38,,,yes,
61366,1773859485,2026-03-18T11:44:45,,,yes,
61367,1773859485,2026-03-18T11:44:45,,,yes,
61390,1773859490,2026-03-18T11:44:50,,,yes,
61402,1773859490,2026-03-18T11:44:50,,,yes,
61403,1773859490,2026-03-18T11:44:50,,,yes,
61427,1773859495,2026-03-18T11:44:55,,,yes,
61428,1773859495,2026-03-18T11:44:55,,,yes,
61429,1773859495,2026-03-18T11:44:55,,,yes,
61430,1773859495,2026-03-18T11:44:55,,,yes,
61431,1773859495,2026-03-18T11:44:55,,,yes,
61432,1773859495,2026-03-18T11:44:55,,,yes,
61433,1773859495,2026-03-18T11:44:55,,,yes,
61445,1773859499,2026-03-18T11:44:59,,,yes,
61458,1773859502,2026-03-18T11:45:02,,,yes,
61461,1773859502,2026-03-18T11:45:02,,,no,
61462,1773859502,2026-03-18T11:45:02,,,no,
61496,1773859508,2026-03-18T11:45:08,,,no,
61508,1773859511,2026-03-18T11:45:11,,,yes,
61545,1773859518,2026-03-18T11:45:18,,,no,
61680,1773859543,2026-03-18T11:45:43,,,yes,
61701,1773859547,2026-03-18T11:45:47,,,yes,
61703,1773859548,2026-03-18T11:45:48,,,yes,
61704,1773859548,2026-03-18T11:45:48,,,yes,
61705,1773859548,2026-03-18T11:45:48,,,yes,
61706,1773859548,2026-03-18T11:45:48,,,yes,
61809,1773859568,2026-03-18T11:46:08,,,yes,
61891,1773859588,2026-03-18T11:46:28,,,yes,
61892,1773859588,2026-03-18T11:46:28,,,yes,
61893,1773859588,2026-03-18T11:46:28,,,yes,
61894,1773859588,2026-03-18T11:46:28,,,yes,
61926,1773859597,2026-03-18T11:46:37,,,yes,
61988,1773859609,2026-03-18T11:46:49,,,yes,
61989,1773859609,2026-03-18T11:46:49,,,yes,
62043,1773859616,2026-03-18T11:46:56,,,yes,
62044,1773859617,2026-03-18T11:46:57,,,yes,
62098,1773859628,2026-03-18T11:47:08,,,yes,
62099,1773859628,2026-03-18T11:47:08,,,yes,
62100,1773859628,2026-03-18T11:47:08,,,yes,
62101,1773859628,2026-03-18T11:47:08,,,yes,
62297,1773859660,2026-03-18T11:47:40,,,yes,
62298,1773859660,2026-03-18T11:47:40,,,yes,
62299,1773859660,2026-03-18T11:47:40,,,yes,
62351,1773859669,2026-03-18T11:47:49,,,yes,
62352,1773859669,2026-03-18T11:47:49,,,yes,
62353,1773859669,2026-03-18T11:47:49,,,yes,
62408,1773859678,2026-03-18T11:47:58,,,yes,
62409,1773859678,2026-03-18T11:47:58,,,yes,
62443,1773859684,2026-03-18T11:48:04,,,yes,
62492,1773859696,2026-03-18T11:48:16,,,yes,
62498,1773859697,2026-03-18T11:48:17,,,yes,
62499,1773859697,2026-03-18T11:48:17,,,yes,
62500,1773859697,2026-03-18T11:48:17,,,yes,
62601,1773859710,2026-03-18T11:48:30,,,yes,
62602,1773859710,2026-03-18T11:48:30,,,yes,
62608,1773859710,2026-03-18T11:48:30,,,no,
62609,1773859710,2026-03-18T11:48:30,,,yes,
62660,1773859722,2026-03-18T11:48:42,,,no,
62704,1773859731,2026-03-18T11:48:51,,,yes,
62719,1773859734,2026-03-18T11:48:54,,,yes,
62720,1773859734,2026-03-18T11:48:54,,,yes,
62725,1773859735,2026-03-18T11:48:55,,,yes,
62736,1773859739,2026-03-18T11:48:59,,,yes,
62737,1773859739,2026-03-18T11:48:59,,,yes,
62738,1773859739,2026-03-18T11:48:59,,,yes,
62739,1773859739,2026-03-18T11:48:59,,,yes,
62740,1773859739,2026-03-18T11:48:59,,,yes,
62752,1773859742,2026-03-18T11:49:02,,,no,
62790,1773859744,2026-03-18T11:49:04,,,yes,
62801,1773859747,2026-03-18T11:49:07,,,yes,
62816,1773859750,2026-03-18T11:49:10,,,yes,
62817,1773859750,2026-03-18T11:49:10,,,yes,
62818,1773859750,2026-03-18T11:49:10,,,yes,
62819,1773859750,2026-03-18T11:49:10,,,yes,
62843,1773859751,2026-03-18T11:49:11,,,yes,
62859,1773859753,2026-03-18T11:49:13,,,yes,
62860,1773859753,2026-03-18T11:49:13,,,yes,
62881,1773859755,2026-03-18T11:49:15,,,no,
62882,1773859755,2026-03-18T11:49:15,,,no,
62883,1773859755,2026-03-18T11:49:15,,,no,
62915,1773859759,2026-03-18T11:49:19,,,yes,
62916,1773859759,2026-03-18T11:49:19,,,yes,
62943,1773859764,2026-03-18T11:49:24,,,yes,
62944,1773859764,2026-03-18T11:49:24,,,yes,
62953,1773859765,2026-03-18T11:49:25,,,yes,
62957,1773859766,2026-03-18T11:49:26,,,yes,
62958,1773859766,2026-03-18T11:49:26,,,yes,
62959,1773859766,2026-03-18T11:49:26,,,yes,
62960,1773859766,2026-03-18T11:49:26,,,yes,
62961,1773859766,2026-03-18T11:49:26,,,yes,
62962,1773859766,2026-03-18T11:49:26,,,yes,
62963,1773859766,2026-03-18T11:49:26,,,yes,
62964,1773859766,2026-03-18T11:49:26,,,yes,
62965,1773859766,2026-03-18T11:49:26,,,yes,
62966,1773859766,2026-03-18T11:49:26,,,yes,
63142,1773859788,2026-03-18T11:49:48,,,yes,
63158,1773859790,2026-03-18T11:49:50,,,yes,
63159,1773859790,2026-03-18T11:49:50,,,yes,
63247,1773859805,2026-03-18T11:50:05,,,no,
63248,1773859805,2026-03-18T11:50:05,,,no,
63312,1773859816,2026-03-18T11:50:16,,,yes,
63370,1773859828,2026-03-18T11:50:28,,,yes,
63371,1773859828,2026-03-18T11:50:28,,,yes,
63372,1773859828,2026-03-18T11:50:28,,,yes,
63378,1773859830,2026-03-18T11:50:30,,,yes,
63379,1773859830,2026-03-18T11:50:30,,,yes,
63442,1773859838,2026-03-18T11:50:38,,,yes,
63443,1773859838,2026-03-18T11:50:38,,,yes,
63460,1773859839,2026-03-18T11:50:39,,,yes,
63531,1773859853,2026-03-18T11:50:53,,,yes,
63603,1773859862,2026-03-18T11:51:02,,,yes,
63604,1773859862,2026-03-18T11:51:02,,,yes,
63631,1773859867,2026-03-18T11:51:07,,,yes,
63632,1773859867,2026-03-18T11:51:07,,,yes,
63633,1773859867,2026-03-18T11:51:07,,,yes,
63634,1773859867,2026-03-18T11:51:07,,,yes,
63635,1773859867,2026-03-18T11:51:07,,,yes,
63636,1773859868,2026-03-18T11:51:08,,,yes,
63637,1773859868,2026-03-18T11:51:08,,,yes,
63638,1773859868,2026-03-18T11:51:08,,,yes,
63639,1773859868,2026-03-18T11:51:08,,,yes,
63640,1773859868,2026-03-18T11:51:08,,,yes,
63641,1773859868,2026-03-18T11:51:08,,,yes,
63812,1773859897,2026-03-18T11:51:37,,,yes,
63813,1773859897,2026-03-18T11:51:37,,,yes,
64248,1773859958,2026-03-18T11:52:38,,,yes,
64268,1773859961,2026-03-18T11:52:41,,,yes,
64351,1773859982,2026-03-18T11:53:02,,,yes,
64352,1773859982,2026-03-18T11:53:02,,,yes,
64366,1773859985,2026-03-18T11:53:05,,,yes,
64367,1773859985,2026-03-18T11:53:05,,,yes,
64368,1773859985,2026-03-18T11:53:05,,,yes,
64369,1773859985,2026-03-18T11:53:05,,,yes,
64370,1773859985,2026-03-18T11:53:05,,,yes,
64435,1773859997,2026-03-18T11:53:17,,,yes,
64436,1773859997,2026-03-18T11:53:17,,,yes,
64487,1773860007,2026-03-18T11:53:27,,,yes,
64488,1773860007,2026-03-18T11:53:27,,,yes,
64489,1773860007,2026-03-18T11:53:27,,,yes,
64516,1773860012,2026-03-18T11:53:32,,,yes,
64627,1773860028,2026-03-18T11:53:48,,,yes,
64641,1773860032,2026-03-18T11:53:52,,,yes,
64667,1773860036,2026-03-18T11:53:56,,,yes,
64727,1773860048,2026-03-18T11:54:08,,,yes,
64728,1773860048,2026-03-18T11:54:08,,,yes,
64729,1773860048,2026-03-18T11:54:08,,,yes,
64776,1773860057,2026-03-18T11:54:17,,,yes,
64841,1773860064,2026-03-18T11:54:24,,,yes,
64851,1773860065,2026-03-18T11:54:25,,,no,
64893,1773860068,2026-03-18T11:54:28,,,no,
65040,1773860090,2026-03-18T11:54:50,,,no,
65041,1773860090,2026-03-18T11:54:50,,,no,
65169,1773860105,2026-03-18T11:55:05,,,yes,
65228,1773860113,2026-03-18T11:55:13,,,yes,
65229,1773860113,2026-03-18T11:55:13,,,yes,
65259,1773860116,2026-03-18T11:55:16,,,yes,
65274,1773860119,2026-03-18T11:55:19,,,yes,
65280,1773860120,2026-03-18T11:55:20,,,yes,
65290,1773860120,2026-03-18T11:55:20,,,yes,
65291,1773860120,2026-03-18T11:55:20,,,yes,
65292,1773860120,2026-03-18T11:55:20,,,yes,
65293,1773860120,2026-03-18T11:55:20,,,yes,
65294,1773860120,2026-03-18T11:55:20,,,yes,
65295,1773860120,2026-03-18T11:55:20,,,yes,
65371,1773860132,2026-03-18T11:55:32,,,yes,
65415,1773860138,2026-03-18T11:55:38,,,yes,
65416,1773860138,2026-03-18T11:55:38,,,yes,
65417,1773860138,2026-03-18T11:55:38,,,yes,
65418,1773860138,2026-03-18T11:55:38,,,yes,
65458,1773860141,2026-03-18T11:55:41,,,yes,
65475,1773860142,2026-03-18T11:55:42,,,yes,
65486,1773860144,2026-03-18T11:55:44,,,no,
65487,1773860144,2026-03-18T11:55:44,,,no,
65488,1773860144,2026-03-18T11:55:44,,,no,
65553,1773860151,2026-03-18T11:55:51,,,yes,
65554,1773860151,2026-03-18T11:55:51,,,yes,
65556,1773860151,2026-03-18T11:55:51,,,no,
65583,1773860155,2026-03-18T11:55:55,,,no,
65584,1773860155,2026-03-18T11:55:55,,,no,
65610,1773860158,2026-03-18T11:55:58,,,no,
65653,1773860165,2026-03-18T11:56:05,,,yes,
65654,1773860165,2026-03-18T11:56:05,,,yes,
65681,1773860169,2026-03-18T11:56:09,,,yes,
65682,1773860169,2026-03-18T11:56:09,,,yes,
65708,1773860173,2026-03-18T11:56:13,,,yes,
65709,1773860173,2026-03-18T11:56:13,,,yes,
65749,1773860180,2026-03-18T11:56:20,,,no,
65757,1773860180,2026-03-18T11:56:20,,,yes,
65763,1773860181,2026-03-18T11:56:21,,,yes,
65764,1773860181,2026-03-18T11:56:21,,,yes,
65798,1773860187,2026-03-18T11:56:27,,,yes,
65799,1773860187,2026-03-18T11:56:27,,,yes,
65861,1773860192,2026-03-18T11:56:32,,,yes,
65862,1773860192,2026-03-18T11:56:32,,,yes,
65874,1773860193,2026-03-18T11:56:33,,,no,
65881,1773860194,2026-03-18T11:56:34,,,yes,
65882,1773860194,2026-03-18T11:56:34,,,yes,
66009,1773860209,2026-03-18T11:56:49,,,yes,
66010,1773860209,2026-03-18T11:56:49,,,yes,
66064,1773860216,2026-03-18T11:56:56,,,no,
66065,1773860216,2026-03-18T11:56:56,,,no,
66066,1773860216,2026-03-18T11:56:56,,,no,
66067,1773860216,2026-03-18T11:56:56,,,no,
66068,1773860216,2026-03-18T11:56:56,,,no,
66069,1773860216,2026-03-18T11:56:56,,,no,
66114,1773860220,2026-03-18T11:57:00,,,no,
66115,1773860220,2026-03-18T11:57:00,,,no,
66336,1773860241,2026-03-18T11:57:21,,,no,
66337,1773860241,2026-03-18T11:57:21,,,no,
66338,1773860241,2026-03-18T11:57:21,,,no,
66550,1773860271,2026-03-18T11:57:51,,,no,
66574,1773860274,2026-03-18T11:57:54,,,no,
66610,1773860280,2026-03-18T11:58:00,,,no,
66707,1773860297,2026-03-18T11:58:17,,,no,
66746,1773860303,2026-03-18T11:58:23,,,no,
66759,1773860304,2026-03-18T11:58:24,,,yes,
66777,1773860307,2026-03-18T11:58:27,,,yes,
66849,1773860319,2026-03-18T11:58:39,,,yes,
66850,1773860319,2026-03-18T11:58:39,,,yes,
66851,1773860319,2026-03-18T11:58:39,,,yes,
66852,1773860319,2026-03-18T11:58:39,,,yes,
66905,1773860324,2026-03-18T11:58:44,,,yes,
66906,1773860324,2026-03-18T11:58:44,,,yes,
66970,1773860335,2026-03-18T11:58:55,,,yes,
67040,1773860345,2026-03-18T11:59:05,,,yes,
67063,1773860348,2026-03-18T11:59:08,,,yes,
67064,1773860348,2026-03-18T11:59:08,,,yes,
67089,1773860352,2026-03-18T11:59:12,,,yes,
67216,1773860370,2026-03-18T11:59:30,,,yes,
67228,1773860372,2026-03-18T11:59:32,,,no,
67229,1773860372,2026-03-18T11:59:32,,,no,
67340,1773860386,2026-03-18T11:59:46,,,yes,
67341,1773860386,2026-03-18T11:59:46,,,yes,
67342,1773860386,2026-03-18T11:59:46,,,yes,
67343,1773860386,2026-03-18T11:59:46,,,yes,
67344,1773860386,2026-03-18T11:59:46,,,yes,
67353,1773860389,2026-03-18T11:59:49,,,yes,
67354,1773860389,2026-03-18T11:59:49,,,yes,
67355,1773860389,2026-03-18T11:59:49,,,yes,
67356,1773860389,2026-03-18T11:59:49,,,yes,
67360,1773860389,2026-03-18T11:59:49,,,no,
67361,1773860389,2026-03-18T11:59:49,,,no,
67447,1773860402,2026-03-18T12:00:02,,,yes,
67448,1773860402,2026-03-18T12:00:02,,,yes,
67449,1773860402,2026-03-18T12:00:02,,,yes,
67450,1773860402,2026-03-18T12:00:02,,,yes,
67451,1773860402,2026-03-18T12:00:02,,,yes,
67457,1773860403,2026-03-18T12:00:03,,,no,
67458,1773860403,2026-03-18T12:00:03,,,no,
67500,1773860409,2026-03-18T12:00:09,,,no,
67515,1773860410,2026-03-18T12:00:10,,,yes,
67516,1773860410,2026-03-18T12:00:10,,,yes,
67547,1773860416,2026-03-18T12:00:16,,,yes,
67548,1773860416,2026-03-18T12:00:16,,,yes,
67549,1773860416,2026-03-18T12:00:16,,,yes,
67550,1773860416,2026-03-18T12:00:16,,,yes,
67551,1773860416,2026-03-18T12:00:16,,,yes,
67552,1773860416,2026-03-18T12:00:16,,,yes,
67565,1773860418,2026-03-18T12:00:18,,,no,
67635,1773860429,2026-03-18T12:00:29,,,yes,
67636,1773860429,2026-03-18T12:00:29,,,yes,
67673,1773860432,2026-03-18T12:00:32,,,yes,
67674,1773860432,2026-03-18T12:00:32,,,yes,
67675,1773860432,2026-03-18T12:00:32,,,yes,
67676,1773860432,2026-03-18T12:00:32,,,yes,
67677,1773860432,2026-03-18T12:00:32,,,yes,
67683,1773860433,2026-03-18T12:00:33,,,no,
67697,1773860434,2026-03-18T12:00:34,,,no,
67715,1773860436,2026-03-18T12:00:36,,,yes,
67716,1773860436,2026-03-18T12:00:36,,,yes,
67717,1773860436,2026-03-18T12:00:36,,,yes,
67718,1773860436,2026-03-18T12:00:36,,,yes,
67771,1773860440,2026-03-18T12:00:40,,,yes,
67772,1773860440,2026-03-18T12:00:40,,,yes,
67792,1773860445,2026-03-18T12:00:45,,,yes,
67803,1773860446,2026-03-18T12:00:46,,,yes,
67831,1773860450,2026-03-18T12:00:50,,,yes,
67839,1773860451,2026-03-18T12:00:51,,,no,
67840,1773860451,2026-03-18T12:00:51,,,no,
67841,1773860451,2026-03-18T12:00:51,,,no,
67842,1773860451,2026-03-18T12:00:51,,,no,
67847,1773860453,2026-03-18T12:00:53,,,no,
67861,1773860454,2026-03-18T12:00:54,,,yes,
67862,1773860454,2026-03-18T12:00:54,,,yes,
67863,1773860454,2026-03-18T12:00:54,,,yes,
67866,1773860455,2026-03-18T12:00:55,,,yes,
67867,1773860455,2026-03-18T12:00:55,,,yes,
67877,1773860455,2026-03-18T12:00:55,,,yes,
67900,1773860459,2026-03-18T12:00:59,,,yes,
67916,1773860462,2026-03-18T12:01:02,,,yes,
67929,1773860464,2026-03-18T12:01:04,,,no,
67938,1773860465,2026-03-18T12:01:05,,,yes,
67939,1773860465,2026-03-18T12:01:05,,,yes,
67940,1773860465,2026-03-18T12:01:05,,,yes,
67941,1773860465,2026-03-18T12:01:05,,,yes,
67959,1773860468,2026-03-18T12:01:08,,,no,
67960,1773860468,2026-03-18T12:01:08,,,no,
67961,1773860468,2026-03-18T12:01:08,,,no,
67994,1773860473,2026-03-18T12:01:13,,,yes,
67995,1773860473,2026-03-18T12:01:13,,,yes,
67998,1773860474,2026-03-18T12:01:14,,,yes,
68002,1773860475,2026-03-18T12:01:15,,,yes,
68017,1773860475,2026-03-18T12:01:15,,,yes,
68018,1773860475,2026-03-18T12:01:15,,,yes,
68024,1773860476,2026-03-18T12:01:16,,,yes,
68025,1773860476,2026-03-18T12:01:16,,,yes,
68026,1773860476,2026-03-18T12:01:16,,,yes,
68027,1773860476,2026-03-18T12:01:16,,,yes,
68028,1773860476,2026-03-18T12:01:16,,,yes,
68029,1773860476,2026-03-18T12:01:16,,,yes,
68030,1773860476,2026-03-18T12:01:16,,,yes,
68031,1773860476,2026-03-18T12:01:16,,,yes,
68032,1773860476,2026-03-18T12:01:16,,,yes,
68033,1773860476,2026-03-18T12:01:16,,,yes,
68034,1773860476,2026-03-18T12:01:16,,,yes,
68035,1773860476,2026-03-18T12:01:16,,,yes,
68036,1773860476,2026-03-18T12:01:16,,,yes,
68037,1773860476,2026-03-18T12:01:16,,,yes,
68038,1773860476,2026-03-18T12:01:16,,,yes,
68039,1773860476,2026-03-18T12:01:16,,,yes,
68040,1773860476,2026-03-18T12:01:16,,,yes,
68041,1773860476,2026-03-18T12:01:16,,,yes,
68042,1773860476,2026-03-18T12:01:16,,,yes,
68066,1773860479,2026-03-18T12:01:19,,,yes,
68069,1773860480,2026-03-18T12:01:20,,,no,
68156,1773860484,2026-03-18T12:01:24,,,no,
68187,1773860486,2026-03-18T12:01:26,,,yes,
68188,1773860486,2026-03-18T12:01:26,,,yes,
68189,1773860486,2026-03-18T12:01:26,,,yes,
68190,1773860486,2026-03-18T12:01:26,,,yes,
68191,1773860486,2026-03-18T12:01:26,,,yes,
68284,1773860491,2026-03-18T12:01:31,,,no,
68291,1773860492,2026-03-18T12:01:32,,,no,
68310,1773860494,2026-03-18T12:01:34,,,yes,
68311,1773860494,2026-03-18T12:01:34,,,yes,
68312,1773860494,2026-03-18T12:01:34,,,yes,
68313,1773860494,2026-03-18T12:01:34,,,yes,
68314,1773860494,2026-03-18T12:01:34,,,yes,
68315,1773860494,2026-03-18T12:01:34,,,yes,
68322,1773860495,2026-03-18T12:01:35,,,no,
68368,1773860498,2026-03-18T12:01:38,,,no,
68383,1773860500,2026-03-18T12:01:40,,,yes,
68384,1773860500,2026-03-18T12:01:40,,,yes,
68400,1773860500,2026-03-18T12:01:40,,,yes,
68401,1773860500,2026-03-18T12:01:40,,,yes,
68402,1773860500,2026-03-18T12:01:40,,,yes,
68404,1773860500,2026-03-18T12:01:40,,,no,
68405,1773860500,2026-03-18T12:01:40,,,no,
68413,1773860501,2026-03-18T12:01:41,,,yes,
68434,1773860502,2026-03-18T12:01:42,,,no,
68444,1773860502,2026-03-18T12:01:42,,,yes,
68445,1773860502,2026-03-18T12:01:42,,,yes,
68446,1773860502,2026-03-18T12:01:42,,,yes,
68447,1773860502,2026-03-18T12:01:42,,,yes,
68472,1773860504,2026-03-18T12:01:44,,,no,
68479,1773860504,2026-03-18T12:01:44,,,yes,
68505,1773860505,2026-03-18T12:01:45,,,yes,
68506,1773860505,2026-03-18T12:01:45,,,yes,
68507,1773860505,2026-03-18T12:01:45,,,yes,
68508,1773860505,2026-03-18T12:01:45,,,yes,
68509,1773860505,2026-03-18T12:01:45,,,yes,
68510,1773860505,2026-03-18T12:01:45,,,yes,
68511,1773860505,2026-03-18T12:01:45,,,yes,
68512,1773860505,2026-03-18T12:01:45,,,yes,
68513,1773860505,2026-03-18T12:01:45,,,yes,
68522,1773860506,2026-03-18T12:01:46,,,yes,
68523,1773860506,2026-03-18T12:01:46,,,yes,
68524,1773860506,2026-03-18T12:01:46,,,yes,
68525,1773860506,2026-03-18T12:01:46,,,yes,
68526,1773860506,2026-03-18T12:01:46,,,yes,
68542,1773860507,2026-03-18T12:01:47,,,no,
68543,1773860507,2026-03-18T12:01:47,,,no,
68552,1773860508,2026-03-18T12:01:48,,,yes,
68581,1773860509,2026-03-18T12:01:49,,,yes,
68582,1773860509,2026-03-18T12:01:49,,,yes,
68587,1773860510,2026-03-18T12:01:50,,,no,
68594,1773860510,2026-03-18T12:01:50,,,no,
68604,1773860511,2026-03-18T12:01:51,,,no,
68615,1773860512,2026-03-18T12:01:52,,,no,
68622,1773860512,2026-03-18T12:01:52,,,no,
68623,1773860512,2026-03-18T12:01:52,,,no,
68628,1773860513,2026-03-18T12:01:53,,,yes,
68638,1773860514,2026-03-18T12:01:54,,,no,
68639,1773860514,2026-03-18T12:01:54,,,no,
68646,1773860514,2026-03-18T12:01:54,,,yes,
68672,1773860518,2026-03-18T12:01:58,,,no,
68686,1773860519,2026-03-18T12:01:59,,,no,
68714,1773860521,2026-03-18T12:02:01,,,no,
68720,1773860522,2026-03-18T12:02:02,,,no,
68768,1773860526,2026-03-18T12:02:06,,,no,
68769,1773860526,2026-03-18T12:02:06,,,no,
68771,1773860526,2026-03-18T12:02:06,,,no,
68773,1773860526,2026-03-18T12:02:06,,,no,
68793,1773860529,2026-03-18T12:02:09,,,no,
68794,1773860529,2026-03-18T12:02:09,,,no,
68795,1773860529,2026-03-18T12:02:09,,,no,
68815,1773860531,2026-03-18T12:02:11,,,no,
68816,1773860531,2026-03-18T12:02:11,,,no,
68836,1773860533,2026-03-18T12:02:13,,,no,
68837,1773860533,2026-03-18T12:02:13,,,no,
68838,1773860533,2026-03-18T12:02:13,,,no,
68848,1773860534,2026-03-18T12:02:14,,,no,
68849,1773860534,2026-03-18T12:02:14,,,no,
68850,1773860534,2026-03-18T12:02:14,,,no,
68904,1773860539,2026-03-18T12:02:19,,,no,
68973,1773860544,2026-03-18T12:02:24,,,no,
68989,1773860546,2026-03-18T12:02:26,,,no,
68990,1773860546,2026-03-18T12:02:26,,,no,
69033,1773860550,2026-03-18T12:02:30,,,no,
69077,1773860553,2026-03-18T12:02:33,,,yes,
69094,1773860555,2026-03-18T12:02:35,,,no,
69095,1773860555,2026-03-18T12:02:35,,,no,
69131,1773860558,2026-03-18T12:02:38,,,no,
69151,1773860560,2026-03-18T12:02:40,,,no,
69332,1773860575,2026-03-18T12:02:55,,,no,
69334,1773860575,2026-03-18T12:02:55,,,no,
69339,1773860575,2026-03-18T12:02:55,,,no,
69349,1773860576,2026-03-18T12:02:56,,,no,
69384,1773860578,2026-03-18T12:02:58,,,no,
69415,1773860580,2026-03-18T12:03:00,,,no,
69538,1773860591,2026-03-18T12:03:11,,,no,
69629,1773860598,2026-03-18T12:03:18,,,no,
69638,1773860599,2026-03-18T12:03:19,,,yes,
69639,1773860599,2026-03-18T12:03:19,,,yes,
69640,1773860599,2026-03-18T12:03:19,,,yes,
69649,1773860599,2026-03-18T12:03:19,,,no,
69675,1773860602,2026-03-18T12:03:22,,,no,
69697,1773860604,2026-03-18T12:03:24,,,no,
69698,1773860604,2026-03-18T12:03:24,,,no,
69772,1773860609,2026-03-18T12:03:29,,,yes,
69773,1773860609,2026-03-18T12:03:29,,,yes,
69785,1773860611,2026-03-18T12:03:31,,,yes,
69809,1773860612,2026-03-18T12:03:32,,,no,
69810,1773860612,2026-03-18T12:03:32,,,yes,
69811,1773860612,2026-03-18T12:03:32,,,yes,
69830,1773860615,2026-03-18T12:03:35,,,yes,
69908,1773860619,2026-03-18T12:03:39,,,yes,
69909,1773860619,2026-03-18T12:03:39,,,yes,
69921,1773860622,2026-03-18T12:03:42,,,no,
69922,1773860622,2026-03-18T12:03:42,,,no,
69923,1773860622,2026-03-18T12:03:42,,,no,
69944,1773860624,2026-03-18T12:03:44,,,yes,
70001,1773860626,2026-03-18T12:03:46,,,no,
70002,1773860626,2026-03-18T12:03:46,,,no,
70028,1773860629,2026-03-18T12:03:49,,,yes,
70029,1773860629,2026-03-18T12:03:49,,,yes,
70030,1773860629,2026-03-18T12:03:49,,,yes,
70031,1773860629,2026-03-18T12:03:49,,,yes,
70044,1773860629,2026-03-18T12:03:49,,,no,
70045,1773860629,2026-03-18T12:03:49,,,no,
70046,1773860629,2026-03-18T12:03:49,,,no,
70049,1773860630,2026-03-18T12:03:50,,,yes,
70050,1773860630,2026-03-18T12:03:50,,,yes,
70055,1773860631,2026-03-18T12:03:51,,,yes,
70056,1773860631,2026-03-18T12:03:51,,,yes,
70057,1773860631,2026-03-18T12:03:51,,,yes,
70058,1773860631,2026-03-18T12:03:51,,,yes,
70059,1773860631,2026-03-18T12:03:51,,,yes,
70060,1773860631,2026-03-18T12:03:51,,,yes,
70084,1773860632,2026-03-18T12:03:52,,,no,
70085,1773860632,2026-03-18T12:03:52,,,no,
70086,1773860632,2026-03-18T12:03:52,,,no,
70087,1773860632,2026-03-18T12:03:52,,,no,
70088,1773860632,2026-03-18T12:03:52,,,no,
70252,1773860645,2026-03-18T12:04:05,,,no,
70311,1773860652,2026-03-18T12:04:12,,,yes,
70312,1773860652,2026-03-18T12:04:12,,,yes,
70313,1773860652,2026-03-18T12:04:12,,,yes,
70356,1773860653,2026-03-18T12:04:13,,,yes,
70371,1773860655,2026-03-18T12:04:15,,,no,
70422,1773860660,2026-03-18T12:04:20,,,yes,
70423,1773860660,2026-03-18T12:04:20,,,yes,
70441,1773860661,2026-03-18T12:04:21,,,yes,
70656,1773860677,2026-03-18T12:04:37,,,no,
70657,1773860677,2026-03-18T12:04:37,,,no,
70658,1773860677,2026-03-18T12:04:37,,,no,
70659,1773860677,2026-03-18T12:04:37,,,no,
70660,1773860677,2026-03-18T12:04:37,,,no,
70696,1773860682,2026-03-18T12:04:42,,,yes,
70697,1773860682,2026-03-18T12:04:42,,,yes,
70702,1773860683,2026-03-18T12:04:43,,,yes,
70703,1773860683,2026-03-18T12:04:43,,,yes,
70704,1773860683,2026-03-18T12:04:43,,,yes,
70705,1773860683,2026-03-18T12:04:43,,,yes,
70706,1773860683,2026-03-18T12:04:43,,,yes,
70707,1773860683,2026-03-18T12:04:43,,,yes,
70831,1773860697,2026-03-18T12:04:57,,,no,
70832,1773860697,2026-03-18T12:04:57,,,no,
70833,1773860697,2026-03-18T12:04:57,,,no,
70834,1773860697,2026-03-18T12:04:57,,,no,
70835,1773860697,2026-03-18T12:04:57,,,no,
70836,1773860697,2026-03-18T12:04:57,,,no,
70978,1773860710,2026-03-18T12:05:10,,,yes,
70993,1773860712,2026-03-18T12:05:12,,,yes,
71034,1773860714,2026-03-18T12:05:14,,,yes,
71035,1773860714,2026-03-18T12:05:14,,,yes,
71036,1773860714,2026-03-18T12:05:14,,,yes,
71039,1773860714,2026-03-18T12:05:14,,,yes,
71126,1773860721,2026-03-18T12:05:21,,,yes,
71130,1773860721,2026-03-18T12:05:21,,,yes,
71131,1773860721,2026-03-18T12:05:21,,,yes,
71132,1773860721,2026-03-18T12:05:21,,,yes,
71292,1773860735,2026-03-18T12:05:35,,,yes,
71340,1773860739,2026-03-18T12:05:39,,,yes,
71341,1773860739,2026-03-18T12:05:39,,,yes,
71342,1773860739,2026-03-18T12:05:39,,,yes,
71354,1773860740,2026-03-18T12:05:40,,,yes,
71398,1773860742,2026-03-18T12:05:42,,,yes,
71399,1773860742,2026-03-18T12:05:42,,,yes,
71418,1773860743,2026-03-18T12:05:43,,,yes,
71525,1773860750,2026-03-18T12:05:50,,,yes,
71526,1773860750,2026-03-18T12:05:50,,,yes,
71527,1773860750,2026-03-18T12:05:50,,,yes,
71570,1773860755,2026-03-18T12:05:55,,,yes,
71571,1773860755,2026-03-18T12:05:55,,,yes,
71575,1773860756,2026-03-18T12:05:56,,,no,
71576,1773860756,2026-03-18T12:05:56,,,no,
71577,1773860756,2026-03-18T12:05:56,,,no,
71578,1773860756,2026-03-18T12:05:56,,,no,
71581,1773860757,2026-03-18T12:05:57,,,yes,
71582,1773860757,2026-03-18T12:05:57,,,yes,
71609,1773860760,2026-03-18T12:06:00,,,yes,
71610,1773860760,2026-03-18T12:06:00,,,yes,
71611,1773860760,2026-03-18T12:06:00,,,yes,
71626,1773860760,2026-03-18T12:06:00,,,yes,
71682,1773860766,2026-03-18T12:06:06,,,yes,
71722,1773860773,2026-03-18T12:06:13,,,yes,
71740,1773860777,2026-03-18T12:06:17,,,yes,
71772,1773860781,2026-03-18T12:06:21,,,no,
71773,1773860781,2026-03-18T12:06:21,,,no,
71774,1773860781,2026-03-18T12:06:21,,,no,
71775,1773860781,2026-03-18T12:06:21,,,no,
71776,1773860781,2026-03-18T12:06:21,,,no,
71777,1773860781,2026-03-18T12:06:21,,,no,
71778,1773860781,2026-03-18T12:06:21,,,no,
71779,1773860781,2026-03-18T12:06:21,,,no,
71806,1773860782,2026-03-18T12:06:22,,,yes,
71807,1773860782,2026-03-18T12:06:22,,,yes,
71858,1773860786,2026-03-18T12:06:26,,,yes,
71865,1773860787,2026-03-18T12:06:27,,,yes,
71866,1773860787,2026-03-18T12:06:27,,,yes,
71867,1773860787,2026-03-18T12:06:27,,,yes,
71868,1773860787,2026-03-18T12:06:27,,,yes,
71874,1773860788,2026-03-18T12:06:28,,,yes,
71885,1773860789,2026-03-18T12:06:29,,,yes,
71893,1773860790,2026-03-18T12:06:30,,,yes,
71926,1773860795,2026-03-18T12:06:35,,,yes,
71931,1773860795,2026-03-18T12:06:35,,,no,
71936,1773860796,2026-03-18T12:06:36,,,yes,
71937,1773860796,2026-03-18T12:06:36,,,yes,
71952,1773860798,2026-03-18T12:06:38,,,yes,
71953,1773860798,2026-03-18T12:06:38,,,yes,
71960,1773860799,2026-03-18T12:06:39,,,yes,
72011,1773860802,2026-03-18T12:06:42,,,yes,
72035,1773860803,2026-03-18T12:06:43,,,yes,
72042,1773860804,2026-03-18T12:06:44,,,yes,
72054,1773860806,2026-03-18T12:06:46,,,yes,
72055,1773860806,2026-03-18T12:06:46,,,yes,
72056,1773860806,2026-03-18T12:06:46,,,yes,
72057,1773860806,2026-03-18T12:06:46,,,yes,
72058,1773860806,2026-03-18T12:06:46,,,yes,
72060,1773860807,2026-03-18T12:06:47,,,no,
72080,1773860807,2026-03-18T12:06:47,,,no,
72081,1773860807,2026-03-18T12:06:47,,,no,
72086,1773860808,2026-03-18T12:06:48,,,yes,
72096,1773860810,2026-03-18T12:06:50,,,yes,
72097,1773860810,2026-03-18T12:06:50,,,yes,
72098,1773860810,2026-03-18T12:06:50,,,yes,
72099,1773860810,2026-03-18T12:06:50,,,yes,
72100,1773860810,2026-03-18T12:06:50,,,yes,
72112,1773860811,2026-03-18T12:06:51,,,no,
72126,1773860814,2026-03-18T12:06:54,,,yes,
72130,1773860815,2026-03-18T12:06:55,,,yes,
72167,1773860820,2026-03-18T12:07:00,,,yes,
72183,1773860821,2026-03-18T12:07:01,,,yes,
72199,1773860823,2026-03-18T12:07:03,,,yes,
72200,1773860823,2026-03-18T12:07:03,,,yes,
72201,1773860823,2026-03-18T12:07:03,,,yes,
72202,1773860823,2026-03-18T12:07:03,,,yes,
72203,1773860824,2026-03-18T12:07:04,,,yes,
72218,1773860826,2026-03-18T12:07:06,,,yes,
72219,1773860826,2026-03-18T12:07:06,,,yes,
72224,1773860826,2026-03-18T12:07:06,,,yes,
72225,1773860826,2026-03-18T12:07:06,,,yes,
72258,1773860830,2026-03-18T12:07:10,,,yes,
72259,1773860830,2026-03-18T12:07:10,,,yes,
72260,1773860830,2026-03-18T12:07:10,,,yes,
72261,1773860830,2026-03-18T12:07:10,,,yes,
72265,1773860830,2026-03-18T12:07:10,,,no,
72266,1773860830,2026-03-18T12:07:10,,,no,
72267,1773860830,2026-03-18T12:07:10,,,no,
72270,1773860831,2026-03-18T12:07:11,,,yes,
72271,1773860831,2026-03-18T12:07:11,,,yes,
72272,1773860831,2026-03-18T12:07:11,,,yes,
72273,1773860831,2026-03-18T12:07:11,,,yes,
72276,1773860831,2026-03-18T12:07:11,,,yes,
72287,1773860832,2026-03-18T12:07:12,,,yes,
72303,1773860834,2026-03-18T12:07:14,,,yes,
72309,1773860834,2026-03-18T12:07:14,,,yes,
72317,1773860835,2026-03-18T12:07:15,,,yes,
72318,1773860835,2026-03-18T12:07:15,,,yes,
72319,1773860835,2026-03-18T12:07:15,,,yes,
72320,1773860835,2026-03-18T12:07:15,,,yes,
72321,1773860835,2026-03-18T12:07:15,,,yes,
72322,1773860835,2026-03-18T12:07:15,,,yes,
72326,1773860836,2026-03-18T12:07:16,,,yes,
72334,1773860838,2026-03-18T12:07:18,,,no,
72366,1773860841,2026-03-18T12:07:21,,,yes,
72367,1773860841,2026-03-18T12:07:21,,,yes,
72376,1773860842,2026-03-18T12:07:22,,,yes,
72377,1773860842,2026-03-18T12:07:22,,,yes,
72382,1773860843,2026-03-18T12:07:23,,,yes,
72388,1773860844,2026-03-18T12:07:24,,,yes,
72389,1773860844,2026-03-18T12:07:24,,,yes,
72395,1773860845,2026-03-18T12:07:25,,,yes,
72404,1773860846,2026-03-18T12:07:26,,,no,
72410,1773860847,2026-03-18T12:07:27,,,no,
72417,1773860847,2026-03-18T12:07:27,,,yes,
72431,1773860848,2026-03-18T12:07:28,,,no,
72465,1773860853,2026-03-18T12:07:33,,,yes,
72480,1773860855,2026-03-18T12:07:35,,,yes,
72502,1773860857,2026-03-18T12:07:37,,,no,
72526,1773860862,2026-03-18T12:07:42,,,yes,
72549,1773860865,2026-03-18T12:07:45,,,no,
72596,1773860871,2026-03-18T12:07:51,,,yes,
72597,1773860871,2026-03-18T12:07:51,,,yes,
72623,1773860875,2026-03-18T12:07:55,,,no,
72652,1773860877,2026-03-18T12:07:57,,,no,
72653,1773860877,2026-03-18T12:07:57,,,no,
72654,1773860877,2026-03-18T12:07:57,,,no,
72655,1773860877,2026-03-18T12:07:57,,,no,
72656,1773860877,2026-03-18T12:07:57,,,no,
72657,1773860877,2026-03-18T12:07:57,,,no,
72658,1773860877,2026-03-18T12:07:57,,,no,
72663,1773860878,2026-03-18T12:07:58,,,yes,
72664,1773860878,2026-03-18T12:07:58,,,yes,
72665,1773860878,2026-03-18T12:07:58,,,yes,
72693,1773860880,2026-03-18T12:08:00,,,yes,
72694,1773860880,2026-03-18T12:08:00,,,yes,
72708,1773860882,2026-03-18T12:08:02,,,yes,
72709,1773860882,2026-03-18T12:08:02,,,yes,
72741,1773860886,2026-03-18T12:08:06,,,yes,
72755,1773860887,2026-03-18T12:08:07,,,yes,
72756,1773860887,2026-03-18T12:08:07,,,yes,
72763,1773860888,2026-03-18T12:08:08,,,no,
72764,1773860888,2026-03-18T12:08:08,,,no,
72765,1773860888,2026-03-18T12:08:08,,,no,
72766,1773860888,2026-03-18T12:08:08,,,no,
72767,1773860888,2026-03-18T12:08:08,,,no,
72768,1773860888,2026-03-18T12:08:08,,,no,
72771,1773860888,2026-03-18T12:08:08,,,yes,
72773,1773860888,2026-03-18T12:08:08,,,yes,
72776,1773860889,2026-03-18T12:08:09,,,yes,
72777,1773860889,2026-03-18T12:08:09,,,yes,
72789,1773860891,2026-03-18T12:08:11,,,no,
72806,1773860893,2026-03-18T12:08:13,,,yes,
72873,1773860902,2026-03-18T12:08:22,,,yes,
72874,1773860902,2026-03-18T12:08:22,,,yes,
72875,1773860902,2026-03-18T12:08:22,,,yes,
72890,1773860904,2026-03-18T12:08:24,,,yes,
72891,1773860904,2026-03-18T12:08:24,,,yes,
72893,1773860904,2026-03-18T12:08:24,,,yes,
72941,1773860911,2026-03-18T12:08:31,,,no,
72942,1773860911,2026-03-18T12:08:31,,,no,
72943,1773860911,2026-03-18T12:08:31,,,no,
72944,1773860911,2026-03-18T12:08:31,,,no,
72962,1773860914,2026-03-18T12:08:34,,,yes,
72974,1773860916,2026-03-18T12:08:36,,,no,
72975,1773860916,2026-03-18T12:08:36,,,no,
72979,1773860916,2026-03-18T12:08:36,,,no,
73074,1773860927,2026-03-18T12:08:47,,,no,
73078,1773860928,2026-03-18T12:08:48,,,yes,
73096,1773860930,2026-03-18T12:08:50,,,yes,
73122,1773860933,2026-03-18T12:08:53,,,yes,
73123,1773860933,2026-03-18T12:08:53,,,yes,
73124,1773860933,2026-03-18T12:08:53,,,yes,
73127,1773860933,2026-03-18T12:08:53,,,yes,
73164,1773860939,2026-03-18T12:08:59,,,yes,
73165,1773860939,2026-03-18T12:08:59,,,yes,
73166,1773860939,2026-03-18T12:08:59,,,yes,
73167,1773860939,2026-03-18T12:08:59,,,yes,
73203,1773860943,2026-03-18T12:09:03,,,no,
73205,1773860944,2026-03-18T12:09:04,,,yes,
73210,1773860944,2026-03-18T12:09:04,,,yes,
73219,1773860945,2026-03-18T12:09:05,,,yes,
73239,1773860948,2026-03-18T12:09:08,,,yes,
73240,1773860948,2026-03-18T12:09:08,,,yes,
73250,1773860950,2026-03-18T12:09:10,,,no,
73288,1773860957,2026-03-18T12:09:17,,,yes,
73289,1773860957,2026-03-18T12:09:17,,,yes,
73322,1773860960,2026-03-18T12:09:20,,,yes,
73345,1773860962,2026-03-18T12:09:22,,,yes,
73361,1773860967,2026-03-18T12:09:27,,,yes,
73380,1773860969,2026-03-18T12:09:29,,,yes,
73381,1773860969,2026-03-18T12:09:29,,,yes,
73382,1773860969,2026-03-18T12:09:29,,,yes,
73383,1773860969,2026-03-18T12:09:29,,,yes,
73386,1773860970,2026-03-18T12:09:30,,,yes,
73395,1773860971,2026-03-18T12:09:31,,,no,
73407,1773860972,2026-03-18T12:09:32,,,yes,
73426,1773860974,2026-03-18T12:09:34,,,yes,
73438,1773860977,2026-03-18T12:09:37,,,yes,
73439,1773860977,2026-03-18T12:09:37,,,yes,
73454,1773860979,2026-03-18T12:09:39,,,no,
73455,1773860979,2026-03-18T12:09:39,,,no,
73459,1773860980,2026-03-18T12:09:40,,,yes,
73460,1773860980,2026-03-18T12:09:40,,,yes,
73461,1773860980,2026-03-18T12:09:40,,,yes,
73466,1773860981,2026-03-18T12:09:41,,,yes,
73467,1773860981,2026-03-18T12:09:41,,,yes,
73481,1773860983,2026-03-18T12:09:43,,,yes,
73482,1773860983,2026-03-18T12:09:43,,,yes,
73483,1773860983,2026-03-18T12:09:43,,,yes,
73484,1773860983,2026-03-18T12:09:43,,,yes,
73485,1773860983,2026-03-18T12:09:43,,,yes,
73519,1773860989,2026-03-18T12:09:49,,,yes,
73520,1773860989,2026-03-18T12:09:49,,,yes,
73521,1773860989,2026-03-18T12:09:49,,,yes,
73525,1773860989,2026-03-18T12:09:49,,,yes,
73578,1773860995,2026-03-18T12:09:55,,,no,
73651,1773861005,2026-03-18T12:10:05,,,yes,
73652,1773861005,2026-03-18T12:10:05,,,yes,
73653,1773861005,2026-03-18T12:10:05,,,yes,
73654,1773861005,2026-03-18T12:10:05,,,yes,
73661,1773861006,2026-03-18T12:10:06,,,yes,
73663,1773861006,2026-03-18T12:10:06,,,yes,
73669,1773861007,2026-03-18T12:10:07,,,yes,
73673,1773861008,2026-03-18T12:10:08,,,yes,
73752,1773861021,2026-03-18T12:10:21,,,yes,
73753,1773861021,2026-03-18T12:10:21,,,yes,
73761,1773861022,2026-03-18T12:10:22,,,yes,
73768,1773861023,2026-03-18T12:10:23,,,yes,
73769,1773861023,2026-03-18T12:10:23,,,yes,
73770,1773861023,2026-03-18T12:10:23,,,yes,
73868,1773861036,2026-03-18T12:10:36,,,yes,
73869,1773861036,2026-03-18T12:10:36,,,yes,
73870,1773861036,2026-03-18T12:10:36,,,yes,
73871,1773861036,2026-03-18T12:10:36,,,yes,
73897,1773861042,2026-03-18T12:10:42,,,yes,
73923,1773861045,2026-03-18T12:10:45,,,yes,
73924,1773861045,2026-03-18T12:10:45,,,yes,
73925,1773861045,2026-03-18T12:10:45,,,yes,
74018,1773861055,2026-03-18T12:10:55,,,yes,
74027,1773861056,2026-03-18T12:10:56,,,yes,
74028,1773861056,2026-03-18T12:10:56,,,yes,
74075,1773861061,2026-03-18T12:11:01,,,yes,
74076,1773861061,2026-03-18T12:11:01,,,yes,
74077,1773861061,2026-03-18T12:11:01,,,yes,
74078,1773861061,2026-03-18T12:11:01,,,yes,
74079,1773861061,2026-03-18T12:11:01,,,yes,
74080,1773861061,2026-03-18T12:11:01,,,yes,
74095,1773861063,2026-03-18T12:11:03,,,no,
74096,1773861064,2026-03-18T12:11:04,,,no,
74114,1773861067,2026-03-18T12:11:07,,,yes,
74122,1773861068,2026-03-18T12:11:08,,,no,
74167,1773861075,2026-03-18T12:11:15,,,yes,
74168,1773861075,2026-03-18T12:11:15,,,yes,
74169,1773861075,2026-03-18T12:11:15,,,yes,
74170,1773861075,2026-03-18T12:11:15,,,yes,
74171,1773861075,2026-03-18T12:11:15,,,yes,
74172,1773861075,2026-03-18T12:11:15,,,yes,
74176,1773861076,2026-03-18T12:11:16,,,yes,
74202,1773861079,2026-03-18T12:11:19,,,yes,
74203,1773861079,2026-03-18T12:11:19,,,yes,
74216,1773861081,2026-03-18T12:11:21,,,yes,
74217,1773861081,2026-03-18T12:11:21,,,yes,
74220,1773861082,2026-03-18T12:11:22,,,yes,
74221,1773861082,2026-03-18T12:11:22,,,yes,
74231,1773861084,2026-03-18T12:11:24,,,yes,
74232,1773861084,2026-03-18T12:11:24,,,yes,
74237,1773861085,2026-03-18T12:11:25,,,yes,
74247,1773861086,2026-03-18T12:11:26,,,yes,
74273,1773861092,2026-03-18T12:11:32,,,yes,
74283,1773861094,2026-03-18T12:11:34,,,yes,
74284,1773861094,2026-03-18T12:11:34,,,yes,
74285,1773861094,2026-03-18T12:11:34,,,yes,
74286,1773861094,2026-03-18T12:11:34,,,yes,
74287,1773861094,2026-03-18T12:11:34,,,yes,
74336,1773861103,2026-03-18T12:11:43,,,yes,
74337,1773861103,2026-03-18T12:11:43,,,yes,
74384,1773861112,2026-03-18T12:11:52,,,yes,
74385,1773861112,2026-03-18T12:11:52,,,yes,
74401,1773861115,2026-03-18T12:11:55,,,yes,
74412,1773861116,2026-03-18T12:11:56,,,yes,
74436,1773861121,2026-03-18T12:12:01,,,yes,
74495,1773861129,2026-03-18T12:12:09,,,yes,
74496,1773861129,2026-03-18T12:12:09,,,yes,
74499,1773861129,2026-03-18T12:12:09,,,no,
74516,1773861133,2026-03-18T12:12:13,,,yes,
74517,1773861133,2026-03-18T12:12:13,,,yes,
74528,1773861135,2026-03-18T12:12:15,,,yes,
74529,1773861135,2026-03-18T12:12:15,,,yes,
74536,1773861136,2026-03-18T12:12:16,,,yes,
74577,1773861146,2026-03-18T12:12:26,,,yes,
74578,1773861146,2026-03-18T12:12:26,,,yes,
74579,1773861146,2026-03-18T12:12:26,,,yes,
74580,1773861146,2026-03-18T12:12:26,,,yes,
74581,1773861146,2026-03-18T12:12:26,,,yes,
74582,1773861146,2026-03-18T12:12:26,,,yes,
74619,1773861151,2026-03-18T12:12:31,,,no,
74620,1773861151,2026-03-18T12:12:31,,,no,
74621,1773861151,2026-03-18T12:12:31,,,no,
74622,1773861151,2026-03-18T12:12:31,,,no,
74623,1773861151,2026-03-18T12:12:31,,,no,
74628,1773861152,2026-03-18T12:12:32,,,no,
74639,1773861154,2026-03-18T12:12:34,,,yes,
74671,1773861160,2026-03-18T12:12:40,,,yes,
74672,1773861160,2026-03-18T12:12:40,,,yes,
74673,1773861160,2026-03-18T12:12:40,,,yes,
74700,1773861164,2026-03-18T12:12:44,,,yes,
74739,1773861172,2026-03-18T12:12:52,,,yes,
74740,1773861172,2026-03-18T12:12:52,,,yes,
74748,1773861175,2026-03-18T12:12:55,,,yes,
74750,1773861175,2026-03-18T12:12:55,,,yes,
74766,1773861177,2026-03-18T12:12:57,,,yes,
74809,1773861184,2026-03-18T12:13:04,,,yes,
74810,1773861184,2026-03-18T12:13:04,,,yes,
74811,1773861184,2026-03-18T12:13:04,,,yes,
74812,1773861184,2026-03-18T12:13:04,,,yes,
74813,1773861184,2026-03-18T12:13:04,,,yes,
74814,1773861184,2026-03-18T12:13:04,,,yes,
74815,1773861184,2026-03-18T12:13:04,,,yes,
74816,1773861184,2026-03-18T12:13:04,,,yes,
74817,1773861184,2026-03-18T12:13:04,,,yes,
74818,1773861184,2026-03-18T12:13:04,,,yes,
74862,1773861189,2026-03-18T12:13:09,,,yes,
74903,1773861192,2026-03-18T12:13:12,,,yes,
74904,1773861192,2026-03-18T12:13:12,,,yes,
74927,1773861197,2026-03-18T12:13:17,,,yes,
74965,1773861201,2026-03-18T12:13:21,,,no,
74966,1773861201,2026-03-18T12:13:21,,,no,
74978,1773861203,2026-03-18T12:13:23,,,yes,
74979,1773861203,2026-03-18T12:13:23,,,yes,
74985,1773861203,2026-03-18T12:13:23,,,yes,
74986,1773861203,2026-03-18T12:13:23,,,yes,
74987,1773861203,2026-03-18T12:13:23,,,yes,
74988,1773861203,2026-03-18T12:13:23,,,yes,
74989,1773861203,2026-03-18T12:13:23,,,yes,
74990,1773861203,2026-03-18T12:13:23,,,yes,
74991,1773861203,2026-03-18T12:13:23,,,yes,
74992,1773861203,2026-03-18T12:13:23,,,yes,
75012,1773861208,2026-03-18T12:13:28,,,yes,
75013,1773861208,2026-03-18T12:13:28,,,yes,
75025,1773861210,2026-03-18T12:13:30,,,yes,
75056,1773861214,2026-03-18T12:13:34,,,no,
75070,1773861217,2026-03-18T12:13:37,,,no,
75071,1773861217,2026-03-18T12:13:37,,,yes,
75072,1773861217,2026-03-18T12:13:37,,,yes,
75082,1773861219,2026-03-18T12:13:39,,,yes,
75083,1773861219,2026-03-18T12:13:39,,,yes,
75108,1773861224,2026-03-18T12:13:44,,,no,
75109,1773861224,2026-03-18T12:13:44,,,no,
75138,1773861229,2026-03-18T12:13:49,,,no,
75151,1773861233,2026-03-18T12:13:53,,,yes,
75152,1773861233,2026-03-18T12:13:53,,,yes,
75180,1773861237,2026-03-18T12:13:57,,,yes,
75181,1773861237,2026-03-18T12:13:57,,,yes,
75182,1773861237,2026-03-18T12:13:57,,,yes,
75183,1773861237,2026-03-18T12:13:57,,,yes,
75184,1773861237,2026-03-18T12:13:57,,,yes,
75218,1773861240,2026-03-18T12:14:00,,,no,
75219,1773861240,2026-03-18T12:14:00,,,no,
75221,1773861240,2026-03-18T12:14:00,,,yes,
75222,1773861240,2026-03-18T12:14:00,,,yes,
75223,1773861240,2026-03-18T12:14:00,,,yes,
75236,1773861242,2026-03-18T12:14:02,,,yes,
75237,1773861242,2026-03-18T12:14:02,,,yes,
75238,1773861242,2026-03-18T12:14:02,,,yes,
75251,1773861243,2026-03-18T12:14:03,,,no,
75259,1773861244,2026-03-18T12:14:04,,,yes,
75260,1773861244,2026-03-18T12:14:04,,,yes,
75261,1773861244,2026-03-18T12:14:04,,,yes,
75269,1773861245,2026-03-18T12:14:05,,,yes,
75270,1773861245,2026-03-18T12:14:05,,,yes,
75281,1773861247,2026-03-18T12:14:07,,,yes,
75282,1773861247,2026-03-18T12:14:07,,,yes,
75283,1773861247,2026-03-18T12:14:07,,,yes,
75284,1773861247,2026-03-18T12:14:07,,,yes,
75295,1773861250,2026-03-18T12:14:10,,,yes,
75313,1773861253,2026-03-18T12:14:13,,,yes,
75314,1773861253,2026-03-18T12:14:13,,,yes,
75315,1773861253,2026-03-18T12:14:13,,,yes,
75335,1773861256,2026-03-18T12:14:16,,,no,
75368,1773861261,2026-03-18T12:14:21,,,no,
75380,1773861264,2026-03-18T12:14:24,,,yes,
75395,1773861265,2026-03-18T12:14:25,,,yes,
75409,1773861268,2026-03-18T12:14:28,,,yes,
75499,1773861282,2026-03-18T12:14:42,,,no,
75500,1773861282,2026-03-18T12:14:42,,,no,
75591,1773861294,2026-03-18T12:14:54,,,yes,
75592,1773861294,2026-03-18T12:14:54,,,yes,
75644,1773861301,2026-03-18T12:15:01,,,no,
75645,1773861301,2026-03-18T12:15:01,,,no,
75646,1773861301,2026-03-18T12:15:01,,,no,
75647,1773861301,2026-03-18T12:15:01,,,no,
75648,1773861301,2026-03-18T12:15:01,,,no,
75649,1773861301,2026-03-18T12:15:01,,,no,
75650,1773861301,2026-03-18T12:15:01,,,no,
75651,1773861301,2026-03-18T12:15:01,,,no,
75673,1773861303,2026-03-18T12:15:03,,,no,
75674,1773861303,2026-03-18T12:15:03,,,no,
75675,1773861303,2026-03-18T12:15:03,,,no,
75735,1773861309,2026-03-18T12:15:09,,,no,
75763,1773861313,2026-03-18T12:15:13,,,yes,
75764,1773861313,2026-03-18T12:15:13,,,yes,
75790,1773861317,2026-03-18T12:15:17,,,no,
75791,1773861317,2026-03-18T12:15:17,,,no,
75792,1773861317,2026-03-18T12:15:17,,,no,
75793,1773861317,2026-03-18T12:15:17,,,no,
75822,1773861324,2026-03-18T12:15:24,,,yes,
75823,1773861324,2026-03-18T12:15:24,,,yes,
75864,1773861329,2026-03-18T12:15:29,,,no,
75866,1773861329,2026-03-18T12:15:29,,,no,
75867,1773861329,2026-03-18T12:15:29,,,no,
75868,1773861329,2026-03-18T12:15:29,,,no,
75869,1773861329,2026-03-18T12:15:29,,,no,
75870,1773861329,2026-03-18T12:15:29,,,no,
75871,1773861329,2026-03-18T12:15:29,,,no,
75872,1773861329,2026-03-18T12:15:29,,,no,
75873,1773861329,2026-03-18T12:15:29,,,no,
75876,1773861329,2026-03-18T12:15:29,,,no,
75897,1773861330,2026-03-18T12:15:30,,,no,
75898,1773861330,2026-03-18T12:15:30,,,no,
75899,1773861330,2026-03-18T12:15:30,,,no,
75900,1773861330,2026-03-18T12:15:30,,,no,
75901,1773861330,2026-03-18T12:15:30,,,no,
75902,1773861330,2026-03-18T12:15:30,,,no,
75903,1773861330,2026-03-18T12:15:30,,,no,
75904,1773861330,2026-03-18T12:15:30,,,no,
75916,1773861331,2026-03-18T12:15:31,,,yes,
75928,1773861333,2026-03-18T12:15:33,,,yes,
75929,1773861333,2026-03-18T12:15:33,,,yes,
76003,1773861346,2026-03-18T12:15:46,,,yes,
76004,1773861346,2026-03-18T12:15:46,,,yes,
76006,1773861346,2026-03-18T12:15:46,,,no,
76010,1773861347,2026-03-18T12:15:47,,,yes,
76041,1773861351,2026-03-18T12:15:51,,,yes,
76042,1773861351,2026-03-18T12:15:51,,,yes,
76046,1773861352,2026-03-18T12:15:52,,,no,
76047,1773861352,2026-03-18T12:15:52,,,no,
76049,1773861352,2026-03-18T12:15:52,,,no,
76059,1773861354,2026-03-18T12:15:54,,,yes,
76060,1773861354,2026-03-18T12:15:54,,,yes,
76061,1773861354,2026-03-18T12:15:54,,,yes,
76062,1773861354,2026-03-18T12:15:54,,,yes,
76063,1773861354,2026-03-18T12:15:54,,,yes,
76064,1773861354,2026-03-18T12:15:54,,,yes,
76065,1773861354,2026-03-18T12:15:54,,,yes,
76066,1773861354,2026-03-18T12:15:54,,,yes,
76067,1773861355,2026-03-18T12:15:55,,,yes,
76068,1773861355,2026-03-18T12:15:55,,,yes,
76071,1773861355,2026-03-18T12:15:55,,,yes,
76102,1773861358,2026-03-18T12:15:58,,,yes,
76139,1773861362,2026-03-18T12:16:02,,,no,
76142,1773861362,2026-03-18T12:16:02,,,no,
76143,1773861362,2026-03-18T12:16:02,,,no,
76144,1773861362,2026-03-18T12:16:02,,,no,
76150,1773861363,2026-03-18T12:16:03,,,yes,
76151,1773861363,2026-03-18T12:16:03,,,yes,
76152,1773861363,2026-03-18T12:16:03,,,yes,
76153,1773861363,2026-03-18T12:16:03,,,yes,
76189,1773861365,2026-03-18T12:16:05,,,no,
76190,1773861365,2026-03-18T12:16:05,,,no,
76215,1773861366,2026-03-18T12:16:06,,,no,
76232,1773861368,2026-03-18T12:16:08,,,yes,
76244,1773861370,2026-03-18T12:16:10,,,yes,
76245,1773861370,2026-03-18T12:16:10,,,yes,
76246,1773861370,2026-03-18T12:16:10,,,yes,
76247,1773861370,2026-03-18T12:16:10,,,yes,
76248,1773861370,2026-03-18T12:16:10,,,yes,
76249,1773861370,2026-03-18T12:16:10,,,yes,
76250,1773861370,2026-03-18T12:16:10,,,yes,
76251,1773861370,2026-03-18T12:16:10,,,yes,
76252,1773861370,2026-03-18T12:16:10,,,yes,
76255,1773861370,2026-03-18T12:16:10,,,yes,
76259,1773861371,2026-03-18T12:16:11,,,no,
76260,1773861371,2026-03-18T12:16:11,,,no,
76261,1773861371,2026-03-18T12:16:11,,,no,
76264,1773861371,2026-03-18T12:16:11,,,no,
76285,1773861375,2026-03-18T12:16:15,,,no,
76289,1773861376,2026-03-18T12:16:16,,,no,
76293,1773861377,2026-03-18T12:16:17,,,yes,
76294,1773861377,2026-03-18T12:16:17,,,yes,
76301,1773861378,2026-03-18T12:16:18,,,no,
76316,1773861380,2026-03-18T12:16:20,,,yes,
76317,1773861380,2026-03-18T12:16:20,,,yes,
76318,1773861380,2026-03-18T12:16:20,,,yes,
76319,1773861380,2026-03-18T12:16:20,,,yes,
76322,1773861380,2026-03-18T12:16:20,,,no,
76323,1773861380,2026-03-18T12:16:20,,,no,
76324,1773861380,2026-03-18T12:16:20,,,no,
76325,1773861380,2026-03-18T12:16:20,,,no,
76326,1773861380,2026-03-18T12:16:20,,,no,
76327,1773861380,2026-03-18T12:16:20,,,no,
76328,1773861380,2026-03-18T12:16:20,,,no,
76351,1773861382,2026-03-18T12:16:22,,,no,
76384,1773861384,2026-03-18T12:16:24,,,no,
76387,1773861384,2026-03-18T12:16:24,,,no,
76393,1773861386,2026-03-18T12:16:26,,,yes,
76394,1773861386,2026-03-18T12:16:26,,,yes,
76397,1773861386,2026-03-18T12:16:26,,,yes,
76398,1773861386,2026-03-18T12:16:26,,,yes,
76399,1773861386,2026-03-18T12:16:26,,,yes,
76400,1773861386,2026-03-18T12:16:26,,,yes,
76401,1773861386,2026-03-18T12:16:26,,,yes,
76402,1773861386,2026-03-18T12:16:26,,,yes,
76406,1773861387,2026-03-18T12:16:27,,,no,
76407,1773861387,2026-03-18T12:16:27,,,no,
76424,1773861389,2026-03-18T12:16:29,,,yes,
76429,1773861390,2026-03-18T12:16:30,,,yes,
76466,1773861393,2026-03-18T12:16:33,,,no,
76467,1773861393,2026-03-18T12:16:33,,,no,
76468,1773861393,2026-03-18T12:16:33,,,no,
76469,1773861393,2026-03-18T12:16:33,,,no,
76470,1773861393,2026-03-18T12:16:33,,,no,
76471,1773861393,2026-03-18T12:16:33,,,no,
76472,1773861393,2026-03-18T12:16:33,,,no,
76477,1773861394,2026-03-18T12:16:34,,,no,
76491,1773861398,2026-03-18T12:16:38,,,yes,
76492,1773861398,2026-03-18T12:16:38,,,yes,
76493,1773861398,2026-03-18T12:16:38,,,yes,
76494,1773861398,2026-03-18T12:16:38,,,yes,
76495,1773861398,2026-03-18T12:16:38,,,yes,
76496,1773861398,2026-03-18T12:16:38,,,yes,
76497,1773861398,2026-03-18T12:16:38,,,yes,
76498,1773861398,2026-03-18T12:16:38,,,yes,
76502,1773861399,2026-03-18T12:16:39,,,no,
76520,1773861400,2026-03-18T12:16:40,,,yes,
76521,1773861400,2026-03-18T12:16:40,,,yes,
76522,1773861400,2026-03-18T12:16:40,,,yes,
76523,1773861400,2026-03-18T12:16:40,,,yes,
76541,1773861404,2026-03-18T12:16:44,,,yes,
76544,1773861404,2026-03-18T12:16:44,,,yes,
76545,1773861405,2026-03-18T12:16:45,,,yes,
76561,1773861408,2026-03-18T12:16:48,,,no,
76562,1773861408,2026-03-18T12:16:48,,,no,
76563,1773861408,2026-03-18T12:16:48,,,no,
76564,1773861408,2026-03-18T12:16:48,,,no,
76565,1773861408,2026-03-18T12:16:48,,,no,
76566,1773861408,2026-03-18T12:16:48,,,no,
76567,1773861408,2026-03-18T12:16:48,,,no,
76598,1773861410,2026-03-18T12:16:50,,,no,
76600,1773861411,2026-03-18T12:16:51,,,yes,
76611,1773861413,2026-03-18T12:16:53,,,yes,
76612,1773861413,2026-03-18T12:16:53,,,yes,
76613,1773861413,2026-03-18T12:16:53,,,yes,
76614,1773861413,2026-03-18T12:16:53,,,yes,
76615,1773861413,2026-03-18T12:16:53,,,yes,
76616,1773861413,2026-03-18T12:16:53,,,yes,
76623,1773861414,2026-03-18T12:16:54,,,no,
76624,1773861414,2026-03-18T12:16:54,,,no,
76625,1773861414,2026-03-18T12:16:54,,,no,
76626,1773861414,2026-03-18T12:16:54,,,no,
76627,1773861414,2026-03-18T12:16:54,,,no,
76628,1773861414,2026-03-18T12:16:54,,,no,
76629,1773861414,2026-03-18T12:16:54,,,no,
76630,1773861414,2026-03-18T12:16:54,,,no,
76631,1773861414,2026-03-18T12:16:54,,,no,
76632,1773861414,2026-03-18T12:16:54,,,no,
76633,1773861414,2026-03-18T12:16:54,,,no,
76634,1773861414,2026-03-18T12:16:54,,,no,
76639,1773861415,2026-03-18T12:16:55,,,yes,
76647,1773861415,2026-03-18T12:16:55,,,yes,
76659,1773861417,2026-03-18T12:16:57,,,no,
76660,1773861417,2026-03-18T12:16:57,,,no,
76661,1773861417,2026-03-18T12:16:57,,,no,
76679,1773861418,2026-03-18T12:16:58,,,yes,
76680,1773861418,2026-03-18T12:16:58,,,yes,
76720,1773861425,2026-03-18T12:17:05,,,yes,
76721,1773861425,2026-03-18T12:17:05,,,yes,
76722,1773861425,2026-03-18T12:17:05,,,yes,
76770,1773861432,2026-03-18T12:17:12,,,yes,
76782,1773861432,2026-03-18T12:17:12,,,yes,
76807,1773861434,2026-03-18T12:17:14,,,yes,
76809,1773861434,2026-03-18T12:17:14,,,yes,
76810,1773861434,2026-03-18T12:17:14,,,yes,
76813,1773861435,2026-03-18T12:17:15,,,no,
76840,1773861437,2026-03-18T12:17:17,,,yes,
76841,1773861437,2026-03-18T12:17:17,,,yes,
76842,1773861438,2026-03-18T12:17:18,,,yes,
76843,1773861438,2026-03-18T12:17:18,,,yes,
76844,1773861438,2026-03-18T12:17:18,,,yes,
76845,1773861438,2026-03-18T12:17:18,,,yes,
76846,1773861438,2026-03-18T12:17:18,,,yes,
76847,1773861438,2026-03-18T12:17:18,,,yes,
76848,1773861438,2026-03-18T12:17:18,,,yes,
76876,1773861443,2026-03-18T12:17:23,,,yes,
76877,1773861443,2026-03-18T12:17:23,,,yes,
76878,1773861443,2026-03-18T12:17:23,,,yes,
76880,1773861443,2026-03-18T12:17:23,,,yes,
76906,1773861446,2026-03-18T12:17:26,,,yes,
76909,1773861446,2026-03-18T12:17:26,,,yes,
76911,1773861446,2026-03-18T12:17:26,,,yes,
76912,1773861446,2026-03-18T12:17:26,,,yes,
76913,1773861446,2026-03-18T12:17:26,,,yes,
76914,1773861446,2026-03-18T12:17:26,,,yes,
76915,1773861446,2026-03-18T12:17:26,,,yes,
76916,1773861446,2026-03-18T12:17:26,,,yes,
76952,1773861451,2026-03-18T12:17:31,,,yes,
76953,1773861451,2026-03-18T12:17:31,,,yes,
76954,1773861451,2026-03-18T12:17:31,,,yes,
76955,1773861451,2026-03-18T12:17:31,,,yes,
76956,1773861451,2026-03-18T12:17:31,,,yes,
76957,1773861451,2026-03-18T12:17:31,,,yes,
76984,1773861454,2026-03-18T12:17:34,,,no,
76993,1773861455,2026-03-18T12:17:35,,,no,
76994,1773861455,2026-03-18T12:17:35,,,no,
76995,1773861455,2026-03-18T12:17:35,,,no,
76996,1773861455,2026-03-18T12:17:35,,,no,
76997,1773861455,2026-03-18T12:17:35,,,no,
77000,1773861455,2026-03-18T12:17:35,,,yes,
77001,1773861455,2026-03-18T12:17:35,,,yes,
77065,1773861462,2026-03-18T12:17:42,,,no,
77066,1773861462,2026-03-18T12:17:42,,,no,
77067,1773861462,2026-03-18T12:17:42,,,no,
77068,1773861462,2026-03-18T12:17:42,,,no,
77069,1773861462,2026-03-18T12:17:42,,,no,
77070,1773861462,2026-03-18T12:17:42,,,no,
77071,1773861462,2026-03-18T12:17:42,,,no,
77072,1773861462,2026-03-18T12:17:42,,,no,
77073,1773861462,2026-03-18T12:17:42,,,no,
77074,1773861462,2026-03-18T12:17:42,,,no,
77075,1773861462,2026-03-18T12:17:42,,,no,
77080,1773861462,2026-03-18T12:17:42,,,yes,
77081,1773861462,2026-03-18T12:17:42,,,yes,
77097,1773861464,2026-03-18T12:17:44,,,yes,
77107,1773861465,2026-03-18T12:17:45,,,yes,
77112,1773861466,2026-03-18T12:17:46,,,yes,
77132,1773861467,2026-03-18T12:17:47,,,yes,
77133,1773861467,2026-03-18T12:17:47,,,yes,
77134,1773861467,2026-03-18T12:17:47,,,yes,
77135,1773861467,2026-03-18T12:17:47,,,yes,
77136,1773861467,2026-03-18T12:17:47,,,yes,
77141,1773861468,2026-03-18T12:17:48,,,no,
77161,1773861472,2026-03-18T12:17:52,,,no,
77169,1773861472,2026-03-18T12:17:52,,,yes,
77170,1773861472,2026-03-18T12:17:52,,,yes,
77171,1773861472,2026-03-18T12:17:52,,,yes,
77172,1773861472,2026-03-18T12:17:52,,,yes,
77173,1773861472,2026-03-18T12:17:52,,,yes,
77174,1773861472,2026-03-18T12:17:52,,,yes,
77175,1773861472,2026-03-18T12:17:52,,,yes,
77176,1773861473,2026-03-18T12:17:53,,,yes,
77177,1773861473,2026-03-18T12:17:53,,,yes,
77178,1773861473,2026-03-18T12:17:53,,,yes,
77193,1773861474,2026-03-18T12:17:54,,,no,
77194,1773861474,2026-03-18T12:17:54,,,no,
77195,1773861474,2026-03-18T12:17:54,,,no,
77206,1773861476,2026-03-18T12:17:56,,,no,
77213,1773861477,2026-03-18T12:17:57,,,yes,
77220,1773861478,2026-03-18T12:17:58,,,no,
77247,1773861481,2026-03-18T12:18:01,,,yes,
77248,1773861481,2026-03-18T12:18:01,,,yes,
77249,1773861481,2026-03-18T12:18:01,,,yes,
77250,1773861481,2026-03-18T12:18:01,,,yes,
77251,1773861481,2026-03-18T12:18:01,,,yes,
77252,1773861481,2026-03-18T12:18:01,,,yes,
77258,1773861482,2026-03-18T12:18:02,,,no,
77276,1773861483,2026-03-18T12:18:03,,,yes,
77307,1773861486,2026-03-18T12:18:06,,,yes,
77308,1773861486,2026-03-18T12:18:06,,,yes,
77309,1773861486,2026-03-18T12:18:06,,,yes,
77310,1773861486,2026-03-18T12:18:06,,,yes,
77311,1773861486,2026-03-18T12:18:06,,,yes,
77312,1773861486,2026-03-18T12:18:06,,,yes,
77313,1773861486,2026-03-18T12:18:06,,,no,
77314,1773861486,2026-03-18T12:18:06,,,no,
77315,1773861486,2026-03-18T12:18:06,,,no,
77324,1773861487,2026-03-18T12:18:07,,,yes,
77325,1773861487,2026-03-18T12:18:07,,,yes,
77326,1773861487,2026-03-18T12:18:07,,,yes,
77327,1773861487,2026-03-18T12:18:07,,,yes,
77328,1773861487,2026-03-18T12:18:07,,,yes,
77329,1773861487,2026-03-18T12:18:07,,,yes,
77330,1773861487,2026-03-18T12:18:07,,,yes,
77355,1773861490,2026-03-18T12:18:10,,,yes,
77361,1773861491,2026-03-18T12:18:11,,,yes,
77362,1773861491,2026-03-18T12:18:11,,,yes,
77364,1773861491,2026-03-18T12:18:11,,,yes,
77387,1773861494,2026-03-18T12:18:14,,,yes,
77432,1773861503,2026-03-18T12:18:23,,,no,
77433,1773861503,2026-03-18T12:18:23,,,no,
77459,1773861508,2026-03-18T12:18:28,,,yes,
77510,1773861517,2026-03-18T12:18:37,,,yes,
77511,1773861517,2026-03-18T12:18:37,,,yes,
77512,1773861517,2026-03-18T12:18:37,,,yes,
77529,1773861521,2026-03-18T12:18:41,,,yes,
77560,1773861525,2026-03-18T12:18:45,,,yes,
77565,1773861526,2026-03-18T12:18:46,,,yes,
77601,1773861531,2026-03-18T12:18:51,,,yes,
77602,1773861531,2026-03-18T12:18:51,,,yes,
77611,1773861532,2026-03-18T12:18:52,,,no,
77638,1773861535,2026-03-18T12:18:55,,,yes,
77649,1773861537,2026-03-18T12:18:57,,,yes,
77650,1773861537,2026-03-18T12:18:57,,,yes,
77651,1773861537,2026-03-18T12:18:57,,,yes,
77652,1773861537,2026-03-18T12:18:57,,,yes,
77653,1773861537,2026-03-18T12:18:57,,,yes,
77659,1773861538,2026-03-18T12:18:58,,,no,
77672,1773861540,2026-03-18T12:19:00,,,yes,
77673,1773861540,2026-03-18T12:19:00,,,yes,
77674,1773861540,2026-03-18T12:19:00,,,yes,
77726,1773861548,2026-03-18T12:19:08,,,yes,
77791,1773861555,2026-03-18T12:19:15,,,no,
77792,1773861555,2026-03-18T12:19:15,,,no,
77793,1773861555,2026-03-18T12:19:15,,,yes,
77824,1773861562,2026-03-18T12:19:22,,,yes,
77830,1773861562,2026-03-18T12:19:22,,,yes,
77831,1773861562,2026-03-18T12:19:22,,,yes,
77832,1773861562,2026-03-18T12:19:22,,,yes,
77855,1773861564,2026-03-18T12:19:24,,,yes,
77856,1773861564,2026-03-18T12:19:24,,,yes,
77857,1773861564,2026-03-18T12:19:24,,,yes,
77861,1773861564,2026-03-18T12:19:24,,,yes,
77862,1773861564,2026-03-18T12:19:24,,,yes,
77863,1773861564,2026-03-18T12:19:24,,,yes,
77864,1773861564,2026-03-18T12:19:24,,,yes,
77865,1773861564,2026-03-18T12:19:24,,,yes,
77882,1773861567,2026-03-18T12:19:27,,,yes,
77890,1773861568,2026-03-18T12:19:28,,,yes,
77891,1773861568,2026-03-18T12:19:28,,,yes,
77892,1773861568,2026-03-18T12:19:28,,,yes,
77893,1773861568,2026-03-18T12:19:28,,,yes,
77901,1773861570,2026-03-18T12:19:30,,,yes,
77907,1773861571,2026-03-18T12:19:31,,,yes,
77908,1773861571,2026-03-18T12:19:31,,,yes,
77909,1773861571,2026-03-18T12:19:31,,,yes,
77916,1773861571,2026-03-18T12:19:31,,,yes,
77917,1773861571,2026-03-18T12:19:31,,,yes,
77918,1773861571,2026-03-18T12:19:31,,,yes,
77919,1773861571,2026-03-18T12:19:31,,,yes,
77920,1773861571,2026-03-18T12:19:31,,,yes,
77933,1773861573,2026-03-18T12:19:33,,,yes,
77934,1773861573,2026-03-18T12:19:33,,,yes,
77935,1773861573,2026-03-18T12:19:33,,,yes,
77936,1773861573,2026-03-18T12:19:33,,,yes,
77937,1773861573,2026-03-18T12:19:33,,,yes,
77956,1773861577,2026-03-18T12:19:37,,,yes,
77957,1773861577,2026-03-18T12:19:37,,,yes,
77967,1773861578,2026-03-18T12:19:38,,,no,
77988,1773861580,2026-03-18T12:19:40,,,no,
77989,1773861580,2026-03-18T12:19:40,,,no,
78013,1773861584,2026-03-18T12:19:44,,,yes,
78014,1773861584,2026-03-18T12:19:44,,,yes,
78015,1773861584,2026-03-18T12:19:44,,,yes,
78016,1773861584,2026-03-18T12:19:44,,,yes,
78017,1773861584,2026-03-18T12:19:44,,,yes,
78018,1773861584,2026-03-18T12:19:44,,,yes,
78058,1773861588,2026-03-18T12:19:48,,,yes,
78070,1773861589,2026-03-18T12:19:49,,,yes,
78071,1773861589,2026-03-18T12:19:49,,,yes,
78072,1773861589,2026-03-18T12:19:49,,,yes,
78073,1773861589,2026-03-18T12:19:49,,,yes,
78074,1773861589,2026-03-18T12:19:49,,,yes,
78084,1773861590,2026-03-18T12:19:50,,,no,
78089,1773861592,2026-03-18T12:19:52,,,yes,
78093,1773861592,2026-03-18T12:19:52,,,no,
78094,1773861592,2026-03-18T12:19:52,,,no,
78121,1773861598,2026-03-18T12:19:58,,,yes,
78125,1773861599,2026-03-18T12:19:59,,,yes,
78126,1773861599,2026-03-18T12:19:59,,,yes,
78128,1773861600,2026-03-18T12:20:00,,,yes,
78150,1773861603,2026-03-18T12:20:03,,,yes,
78151,1773861603,2026-03-18T12:20:03,,,yes,
78152,1773861603,2026-03-18T12:20:03,,,yes,
78158,1773861603,2026-03-18T12:20:03,,,no,
78159,1773861603,2026-03-18T12:20:03,,,no,
78185,1773861609,2026-03-18T12:20:09,,,no,
78186,1773861609,2026-03-18T12:20:09,,,no,
78194,1773861610,2026-03-18T12:20:10,,,yes,
78195,1773861610,2026-03-18T12:20:10,,,yes,
78196,1773861610,2026-03-18T12:20:10,,,yes,
78197,1773861610,2026-03-18T12:20:10,,,yes,
78198,1773861610,2026-03-18T12:20:10,,,yes,
78210,1773861612,2026-03-18T12:20:12,,,no,
78211,1773861612,2026-03-18T12:20:12,,,no,
78212,1773861612,2026-03-18T12:20:12,,,no,
78231,1773861616,2026-03-18T12:20:16,,,yes,
78232,1773861616,2026-03-18T12:20:16,,,yes,
78233,1773861616,2026-03-18T12:20:16,,,yes,
78234,1773861616,2026-03-18T12:20:16,,,yes,
78282,1773861621,2026-03-18T12:20:21,,,no,
78283,1773861621,2026-03-18T12:20:21,,,no,
78284,1773861622,2026-03-18T12:20:22,,,yes,
78317,1773861625,2026-03-18T12:20:25,,,no,
78347,1773861630,2026-03-18T12:20:30,,,no,
78394,1773861636,2026-03-18T12:20:36,,,yes,
78403,1773861637,2026-03-18T12:20:37,,,yes,
78404,1773861637,2026-03-18T12:20:37,,,yes,
78405,1773861637,2026-03-18T12:20:37,,,yes,
78408,1773861638,2026-03-18T12:20:38,,,yes,
78416,1773861639,2026-03-18T12:20:39,,,yes,
78417,1773861639,2026-03-18T12:20:39,,,yes,
78418,1773861639,2026-03-18T12:20:39,,,yes,
78419,1773861639,2026-03-18T12:20:39,,,yes,
78420,1773861639,2026-03-18T12:20:39,,,yes,
78421,1773861639,2026-03-18T12:20:39,,,yes,
78422,1773861639,2026-03-18T12:20:39,,,yes,
78473,1773861648,2026-03-18T12:20:48,,,yes,
78474,1773861648,2026-03-18T12:20:48,,,yes,
78475,1773861648,2026-03-18T12:20:48,,,yes,
78476,1773861648,2026-03-18T12:20:48,,,yes,
78495,1773861651,2026-03-18T12:20:51,,,yes,
78496,1773861651,2026-03-18T12:20:51,,,yes,
78497,1773861651,2026-03-18T12:20:51,,,yes,
78498,1773861651,2026-03-18T12:20:51,,,yes,
78499,1773861651,2026-03-18T12:20:51,,,yes,
78500,1773861651,2026-03-18T12:20:51,,,yes,
78519,1773861654,2026-03-18T12:20:54,,,yes,
78532,1773861655,2026-03-18T12:20:55,,,no,
78560,1773861658,2026-03-18T12:20:58,,,yes,
78561,1773861658,2026-03-18T12:20:58,,,yes,
78562,1773861658,2026-03-18T12:20:58,,,yes,
78563,1773861658,2026-03-18T12:20:58,,,yes,
78564,1773861658,2026-03-18T12:20:58,,,yes,
78565,1773861658,2026-03-18T12:20:58,,,yes,
78570,1773861659,2026-03-18T12:20:59,,,no,
78593,1773861662,2026-03-18T12:21:02,,,yes,
78594,1773861662,2026-03-18T12:21:02,,,yes,
78628,1773861667,2026-03-18T12:21:07,,,yes,
78629,1773861667,2026-03-18T12:21:07,,,yes,
78630,1773861667,2026-03-18T12:21:07,,,yes,
78631,1773861667,2026-03-18T12:21:07,,,yes,
78632,1773861667,2026-03-18T12:21:07,,,yes,
78633,1773861667,2026-03-18T12:21:07,,,yes,
78634,1773861667,2026-03-18T12:21:07,,,yes,
78635,1773861667,2026-03-18T12:21:07,,,yes,
78636,1773861667,2026-03-18T12:21:07,,,yes,
78637,1773861667,2026-03-18T12:21:07,,,yes,
78638,1773861667,2026-03-18T12:21:07,,,yes,
78667,1773861672,2026-03-18T12:21:12,,,yes,
78671,1773861672,2026-03-18T12:21:12,,,no,
78672,1773861673,2026-03-18T12:21:13,,,yes,
78677,1773861673,2026-03-18T12:21:13,,,yes,
78705,1773861677,2026-03-18T12:21:17,,,yes,
78706,1773861677,2026-03-18T12:21:17,,,yes,
78719,1773861679,2026-03-18T12:21:19,,,yes,
78720,1773861679,2026-03-18T12:21:19,,,yes,
78721,1773861679,2026-03-18T12:21:19,,,yes,
78722,1773861679,2026-03-18T12:21:19,,,yes,
78723,1773861679,2026-03-18T12:21:19,,,yes,
78748,1773861682,2026-03-18T12:21:22,,,no,
78755,1773861683,2026-03-18T12:21:23,,,no,
78760,1773861684,2026-03-18T12:21:24,,,yes,
78761,1773861684,2026-03-18T12:21:24,,,yes,
78762,1773861684,2026-03-18T12:21:24,,,yes,
78763,1773861684,2026-03-18T12:21:24,,,yes,
78764,1773861684,2026-03-18T12:21:24,,,yes,
78765,1773861684,2026-03-18T12:21:24,,,yes,
78814,1773861693,2026-03-18T12:21:33,,,no,
78820,1773861694,2026-03-18T12:21:34,,,yes,
78821,1773861694,2026-03-18T12:21:34,,,yes,
78822,1773861694,2026-03-18T12:21:34,,,yes,
78827,1773861695,2026-03-18T12:21:35,,,yes,
78828,1773861695,2026-03-18T12:21:35,,,yes,
78841,1773861696,2026-03-18T12:21:36,,,yes,
78847,1773861699,2026-03-18T12:21:39,,,yes,
78848,1773861699,2026-03-18T12:21:39,,,yes,
78849,1773861699,2026-03-18T12:21:39,,,yes,
78850,1773861700,2026-03-18T12:21:40,,,yes,
78851,1773861700,2026-03-18T12:21:40,,,yes,
78852,1773861700,2026-03-18T12:21:40,,,yes,
78853,1773861700,2026-03-18T12:21:40,,,yes,
78861,1773861701,2026-03-18T12:21:41,,,no,
78876,1773861705,2026-03-18T12:21:45,,,yes,
78877,1773861705,2026-03-18T12:21:45,,,yes,
78878,1773861705,2026-03-18T12:21:45,,,yes,
78880,1773861706,2026-03-18T12:21:46,,,yes,
78902,1773861708,2026-03-18T12:21:48,,,yes,
78903,1773861708,2026-03-18T12:21:48,,,yes,
78905,1773861708,2026-03-18T12:21:48,,,yes,
78906,1773861708,2026-03-18T12:21:48,,,yes,
78907,1773861708,2026-03-18T12:21:48,,,yes,
78908,1773861708,2026-03-18T12:21:48,,,yes,
78909,1773861708,2026-03-18T12:21:48,,,yes,
78922,1773861710,2026-03-18T12:21:50,,,no,
78926,1773861710,2026-03-18T12:21:50,,,yes,
78927,1773861710,2026-03-18T12:21:50,,,yes,
78939,1773861712,2026-03-18T12:21:52,,,yes,
78958,1773861717,2026-03-18T12:21:57,,,yes,
78959,1773861717,2026-03-18T12:21:57,,,yes,
78960,1773861717,2026-03-18T12:21:57,,,yes,
78962,1773861717,2026-03-18T12:21:57,,,yes,
78963,1773861717,2026-03-18T12:21:57,,,yes,
78964,1773861717,2026-03-18T12:21:57,,,yes,
78965,1773861717,2026-03-18T12:21:57,,,yes,
78966,1773861717,2026-03-18T12:21:57,,,yes,
78967,1773861717,2026-03-18T12:21:57,,,yes,
78968,1773861717,2026-03-18T12:21:57,,,yes,
78969,1773861717,2026-03-18T12:21:57,,,yes,
78970,1773861717,2026-03-18T12:21:57,,,yes,
78971,1773861717,2026-03-18T12:21:57,,,yes,
78972,1773861717,2026-03-18T12:21:57,,,yes,
78973,1773861717,2026-03-18T12:21:57,,,yes,
78974,1773861717,2026-03-18T12:21:57,,,yes,
78975,1773861717,2026-03-18T12:21:57,,,yes,
78983,1773861720,2026-03-18T12:22:00,,,yes,
79034,1773861728,2026-03-18T12:22:08,,,yes,
79035,1773861728,2026-03-18T12:22:08,,,yes,
79036,1773861728,2026-03-18T12:22:08,,,yes,
79037,1773861728,2026-03-18T12:22:08,,,yes,
79038,1773861728,2026-03-18T12:22:08,,,yes,
79039,1773861728,2026-03-18T12:22:08,,,yes,
79040,1773861728,2026-03-18T12:22:08,,,yes,
79041,1773861728,2026-03-18T12:22:08,,,yes,
79069,1773861731,2026-03-18T12:22:11,,,yes,
79070,1773861731,2026-03-18T12:22:11,,,yes,
79071,1773861731,2026-03-18T12:22:11,,,yes,
79072,1773861731,2026-03-18T12:22:11,,,yes,
79073,1773861731,2026-03-18T12:22:11,,,yes,
79074,1773861731,2026-03-18T12:22:11,,,yes,
79075,1773861731,2026-03-18T12:22:11,,,yes,
79105,1773861735,2026-03-18T12:22:15,,,yes,
79130,1773861739,2026-03-18T12:22:19,,,yes,
79131,1773861739,2026-03-18T12:22:19,,,yes,
79132,1773861739,2026-03-18T12:22:19,,,yes,
79133,1773861739,2026-03-18T12:22:19,,,yes,
79134,1773861739,2026-03-18T12:22:19,,,yes,
79135,1773861739,2026-03-18T12:22:19,,,yes,
79138,1773861739,2026-03-18T12:22:19,,,yes,
79139,1773861739,2026-03-18T12:22:19,,,yes,
79156,1773861741,2026-03-18T12:22:21,,,no,
79170,1773861746,2026-03-18T12:22:26,,,yes,
79171,1773861746,2026-03-18T12:22:26,,,yes,
79172,1773861746,2026-03-18T12:22:26,,,yes,
79173,1773861746,2026-03-18T12:22:26,,,yes,
79174,1773861746,2026-03-18T12:22:26,,,yes,
79175,1773861746,2026-03-18T12:22:26,,,yes,
79176,1773861746,2026-03-18T12:22:26,,,yes,
79177,1773861746,2026-03-18T12:22:26,,,yes,
79178,1773861746,2026-03-18T12:22:26,,,yes,
79179,1773861746,2026-03-18T12:22:26,,,yes,
79180,1773861746,2026-03-18T12:22:26,,,yes,
79204,1773861749,2026-03-18T12:22:29,,,yes,
79205,1773861749,2026-03-18T12:22:29,,,yes,
79206,1773861749,2026-03-18T12:22:29,,,yes,
79226,1773861751,2026-03-18T12:22:31,,,yes,
79227,1773861751,2026-03-18T12:22:31,,,yes,
79266,1773861759,2026-03-18T12:22:39,,,yes,
79267,1773861759,2026-03-18T12:22:39,,,yes,
79268,1773861759,2026-03-18T12:22:39,,,yes,
79274,1773861759,2026-03-18T12:22:39,,,yes,
79275,1773861760,2026-03-18T12:22:40,,,yes,
79276,1773861760,2026-03-18T12:22:40,,,yes,
79290,1773861762,2026-03-18T12:22:42,,,yes,
79291,1773861762,2026-03-18T12:22:42,,,yes,
79318,1773861764,2026-03-18T12:22:44,,,yes,
79323,1773861765,2026-03-18T12:22:45,,,no,
79334,1773861766,2026-03-18T12:22:46,,,no,
79339,1773861767,2026-03-18T12:22:47,,,no,
79375,1773861774,2026-03-18T12:22:54,,,yes,
79376,1773861774,2026-03-18T12:22:54,,,yes,
79469,1773861792,2026-03-18T12:23:12,,,yes,
79470,1773861792,2026-03-18T12:23:12,,,yes,
79471,1773861792,2026-03-18T12:23:12,,,yes,
79472,1773861792,2026-03-18T12:23:12,,,yes,
79473,1773861792,2026-03-18T12:23:12,,,yes,
79482,1773861793,2026-03-18T12:23:13,,,yes,
79483,1773861793,2026-03-18T12:23:13,,,yes,
79484,1773861793,2026-03-18T12:23:13,,,yes,
79485,1773861793,2026-03-18T12:23:13,,,yes,
79486,1773861793,2026-03-18T12:23:13,,,yes,
79505,1773861796,2026-03-18T12:23:16,,,no,
79506,1773861796,2026-03-18T12:23:16,,,no,
79508,1773861796,2026-03-18T12:23:16,,,yes,
79516,1773861798,2026-03-18T12:23:18,,,yes,
79517,1773861798,2026-03-18T12:23:18,,,yes,
79518,1773861798,2026-03-18T12:23:18,,,no,
79538,1773861801,2026-03-18T12:23:21,,,no,
79544,1773861802,2026-03-18T12:23:22,,,no,
79545,1773861802,2026-03-18T12:23:22,,,no,
79546,1773861802,2026-03-18T12:23:22,,,no,
79547,1773861802,2026-03-18T12:23:22,,,no,
79548,1773861802,2026-03-18T12:23:22,,,no,
79549,1773861802,2026-03-18T12:23:22,,,no,
79550,1773861802,2026-03-18T12:23:22,,,no,
79551,1773861802,2026-03-18T12:23:22,,,no,
79552,1773861802,2026-03-18T12:23:22,,,no,
79553,1773861802,2026-03-18T12:23:22,,,no,
79554,1773861802,2026-03-18T12:23:22,,,no,
79555,1773861802,2026-03-18T12:23:22,,,no,
79556,1773861802,2026-03-18T12:23:22,,,no,
79557,1773861802,2026-03-18T12:23:22,,,no,
79558,1773861802,2026-03-18T12:23:22,,,yes,
79559,1773861802,2026-03-18T12:23:22,,,yes,
79567,1773861803,2026-03-18T12:23:23,,,no,
79577,1773861804,2026-03-18T12:23:24,,,no,
79578,1773861804,2026-03-18T12:23:24,,,yes,
79603,1773861807,2026-03-18T12:23:27,,,yes,
79610,1773861809,2026-03-18T12:23:29,,,yes,
79621,1773861812,2026-03-18T12:23:32,,,yes,
79635,1773861817,2026-03-18T12:23:37,,,no,
79636,1773861817,2026-03-18T12:23:37,,,no,
79652,1773861819,2026-03-18T12:23:39,,,yes,
79660,1773861820,2026-03-18T12:23:40,,,yes,
79661,1773861820,2026-03-18T12:23:40,,,yes,
79664,1773861820,2026-03-18T12:23:40,,,yes,
79665,1773861820,2026-03-18T12:23:40,,,yes,
79692,1773861823,2026-03-18T12:23:43,,,no,
79698,1773861824,2026-03-18T12:23:44,,,no,
79701,1773861825,2026-03-18T12:23:45,,,yes,
79702,1773861825,2026-03-18T12:23:45,,,yes,
79703,1773861825,2026-03-18T12:23:45,,,yes,
79704,1773861825,2026-03-18T12:23:45,,,yes,
79705,1773861825,2026-03-18T12:23:45,,,yes,
79706,1773861825,2026-03-18T12:23:45,,,yes,
79707,1773861825,2026-03-18T12:23:45,,,yes,
79708,1773861825,2026-03-18T12:23:45,,,yes,
79745,1773861826,2026-03-18T12:23:46,,,no,
79748,1773861826,2026-03-18T12:23:46,,,no,
79752,1773861827,2026-03-18T12:23:47,,,no,
79753,1773861827,2026-03-18T12:23:47,,,no,
79755,1773861827,2026-03-18T12:23:47,,,yes,
79759,1773861828,2026-03-18T12:23:48,,,yes,
79766,1773861829,2026-03-18T12:23:49,,,no,
79767,1773861829,2026-03-18T12:23:49,,,no,
79768,1773861829,2026-03-18T12:23:49,,,no,
79769,1773861829,2026-03-18T12:23:49,,,no,
79770,1773861829,2026-03-18T12:23:49,,,no,
79816,1773861836,2026-03-18T12:23:56,,,yes,
79818,1773861837,2026-03-18T12:23:57,,,yes,
79827,1773861840,2026-03-18T12:24:00,,,yes,
79829,1773861840,2026-03-18T12:24:00,,,yes,
79839,1773861840,2026-03-18T12:24:00,,,yes,
79841,1773861841,2026-03-18T12:24:01,,,yes,
79843,1773861841,2026-03-18T12:24:01,,,yes,
79848,1773861841,2026-03-18T12:24:01,,,yes,
79853,1773861842,2026-03-18T12:24:02,,,yes,
79867,1773861845,2026-03-18T12:24:05,,,yes,
79873,1773861846,2026-03-18T12:24:06,,,yes,
79875,1773861847,2026-03-18T12:24:07,,,yes,
79879,1773861847,2026-03-18T12:24:07,,,yes,
79891,1773861848,2026-03-18T12:24:08,,,yes,
79893,1773861849,2026-03-18T12:24:09,,,yes,
79894,1773861849,2026-03-18T12:24:09,,,yes,
79895,1773861849,2026-03-18T12:24:09,,,yes,
79900,1773861851,2026-03-18T12:24:11,,,yes,
79901,1773861851,2026-03-18T12:24:11,,,yes,
79916,1773861851,2026-03-18T12:24:11,,,yes,
79917,1773861851,2026-03-18T12:24:11,,,yes,
79925,1773861854,2026-03-18T12:24:14,,,yes,
79988,1773861865,2026-03-18T12:24:25,,,yes,
79989,1773861865,2026-03-18T12:24:25,,,yes,
80021,1773861869,2026-03-18T12:24:29,,,yes,
80030,1773861870,2026-03-18T12:24:30,,,yes,
80041,1773861872,2026-03-18T12:24:32,,,yes,
80042,1773861872,2026-03-18T12:24:32,,,yes,
80044,1773861872,2026-03-18T12:24:32,,,yes,
80045,1773861872,2026-03-18T12:24:32,,,yes,
80046,1773861872,2026-03-18T12:24:32,,,yes,
80077,1773861879,2026-03-18T12:24:39,,,no,
80078,1773861879,2026-03-18T12:24:39,,,no,
80079,1773861879,2026-03-18T12:24:39,,,no,
80080,1773861879,2026-03-18T12:24:39,,,no,
80124,1773861883,2026-03-18T12:24:43,,,yes,
80143,1773861888,2026-03-18T12:24:48,,,yes,
80144,1773861888,2026-03-18T12:24:48,,,yes,
80146,1773861889,2026-03-18T12:24:49,,,yes,
80154,1773861889,2026-03-18T12:24:49,,,yes,
80173,1773861894,2026-03-18T12:24:54,,,yes,
80192,1773861897,2026-03-18T12:24:57,,,yes,
80221,1773861901,2026-03-18T12:25:01,,,yes,
80222,1773861901,2026-03-18T12:25:01,,,yes,
80223,1773861901,2026-03-18T12:25:01,,,yes,
80227,1773861902,2026-03-18T12:25:02,,,no,
80239,1773861903,2026-03-18T12:25:03,,,yes,
80266,1773861908,2026-03-18T12:25:08,,,yes,
80267,1773861908,2026-03-18T12:25:08,,,yes,
80268,1773861908,2026-03-18T12:25:08,,,yes,
80269,1773861908,2026-03-18T12:25:08,,,yes,
80270,1773861909,2026-03-18T12:25:09,,,no,
80281,1773861911,2026-03-18T12:25:11,,,yes,
80282,1773861911,2026-03-18T12:25:11,,,yes,
80286,1773861911,2026-03-18T12:25:11,,,yes,
80352,1773861920,2026-03-18T12:25:20,,,yes,
80366,1773861924,2026-03-18T12:25:24,,,yes,
80370,1773861924,2026-03-18T12:25:24,,,yes,
80376,1773861925,2026-03-18T12:25:25,,,yes,
80390,1773861928,2026-03-18T12:25:28,,,yes,
80391,1773861928,2026-03-18T12:25:28,,,yes,
80425,1773861932,2026-03-18T12:25:32,,,yes,
80521,1773861945,2026-03-18T12:25:45,,,yes,
80545,1773861949,2026-03-18T12:25:49,,,yes,
80546,1773861949,2026-03-18T12:25:49,,,yes,
80664,1773861965,2026-03-18T12:26:05,,,yes,
