ts,price_yes,price_no,3sec_norm_OFI,3sec_yes_vol,3sec_no_vol,3sec_total_vol,3sec_note,5sec_norm_OFI,5sec_yes_vol,5sec_no_vol,5sec_total_vol,5sec_note,30sec_norm_OFI,30sec_yes_vol,30sec_no_vol,30sec_total_vol,30sec_note,1sec_yes_vol,1sec_no_vol,1sec_total_vol,60sec_yes_vol,60sec_no_vol,60sec_total_vol,ask_total_depth,bid_total_depth,depth_imbalance,ask_depth_change_3s,ask_depth_change_10s,ask_levels,bid_levels,best_ask,best_bid,spread
1775345399,47,51,0,493,0,493,low_activity,0,493,0,493,low_activity,1.0,5622,0,5622,ok_volume,400,0,400,6818,0,6818,171191,33031,-0.6765,0,0,30,18,49,47,2
1775345400,47,51,0,400,0,400,low_activity,0,493,0,493,low_activity,1.0,5622,0,5622,ok_volume,0,0,0,6818,0,6818,171191,33031,-0.6765,0,0,30,18,49,47,2
1775345401,47,51,0,400,0,400,low_activity,0,493,0,493,low_activity,1.0,5622,0,5622,ok_volume,0,0,0,6818,0,6818,171191,33031,-0.6765,0,0,30,18,49,47,2
1775345402,47,51,0,0,0,0,no_volume,0,400,0,400,low_activity,1.0,5622,0,5622,ok_volume,0,0,0,6818,0,6818,171191,33031,-0.6765,0,0,30,18,49,47,2
1775345403,47,51,0,0,0,0,no_volume,0,400,0,400,low_activity,1.0,5594,0,5594,ok_volume,0,0,0,6818,0,6818,171191,33031,-0.6765,0,0,30,18,49,47,2
1775345404,47,51,0,0,0,0,no_volume,0,0,0,0,no_volume,1.0,5594,0,5594,ok_volume,0,0,0,6818,0,6818,171191,33031,-0.6765,0,0,30,18,49,47,2
1775345405,47,51,0,0,0,0,no_volume,0,0,0,0,no_volume,1.0,5594,0,5594,ok_volume,0,0,0,6769,0,6769,171191,33031,-0.6765,0,0,30,18,49,47,2
1775345406,47,51,0,0,0,0,no_volume,0,0,0,0,no_volume,1.0,5594,0,5594,ok_volume,0,0,0,6769,0,6769,171130,32986,-0.6768,-61,-61,30,18,49,47,2
1775345407,47,51,0,0,0,0,no_volume,0,0,0,0,no_volume,1.0,5594,0,5594,ok_volume,0,0,0,6769,0,6769,171130,32986,-0.6768,-61,-61,30,18,49,47,2
1775345408,47,51,0,378,0,378,low_activity,0,378,0,378,low_activity,1.0,5972,0,5972,ok_volume,378,0,378,7147,0,7147,170752,32986,-0.6762,-439,-439,30,18,49,47,2
1775345409,47,51,0,378,0,378,low_activity,0,378,0,378,low_activity,1.0,5972,0,5972,ok_volume,0,0,0,7147,0,7147,170752,32986,-0.6762,-378,-439,30,18,49,47,2
1775345410,47,51,0,378,0,378,low_activity,0,378,0,378,low_activity,1.0,5972,0,5972,ok_volume,0,0,0,7147,0,7147,170752,32986,-0.6762,-378,-439,30,18,49,47,2
1775345411,47,51,0,0,0,0,no_volume,0,378,0,378,low_activity,1.0,5972,0,5972,ok_volume,0,0,0,7147,0,7147,170752,32986,-0.6762,0,-439,30,18,49,47,2
1775345412,47,51,0,0,0,0,no_volume,0,378,0,378,low_activity,1.0,1046,0,1046,ok_volume,0,0,0,7147,0,7147,170752,32986,-0.6762,0,-439,30,18,49,47,2
1775345413,47,51,0,0,0,0,no_volume,0,0,0,0,no_volume,1.0,1046,0,1046,ok_volume,0,0,0,7147,0,7147,170752,32986,-0.6762,0,-439,30,18,49,47,2
1775345414,47,51,0,0,0,0,no_volume,0,0,0,0,no_volume,1.0,1027,0,1027,ok_volume,0,0,0,7118,0,7118,170752,32986,-0.6762,0,-439,30,18,49,47,2
1775345415,47,51,0,0,0,0,no_volume,0,0,0,0,no_volume,1.0,1027,0,1027,ok_volume,0,0,0,7118,0,7118,170752,32986,-0.6762,0,-439,30,18,49,47,2
1775345416,47,51,0,110,0,110,low_activity,0,110,0,110,low_activity,1.0,1137,0,1137,ok_volume,110,0,110,7228,0,7228,170642,32986,-0.676,-110,-488,30,18,49,47,2
1775345417,47,51,0,110,0,110,low_activity,0,110,0,110,low_activity,1.0,1137,0,1137,ok_volume,0,0,0,7228,0,7228,170642,32986,-0.676,-110,-488,30,18,49,47,2
1775345418,47,51,0,110,0,110,low_activity,0,110,0,110,low_activity,1.0,1117,0,1117,ok_volume,0,0,0,6228,0,6228,170642,32986,-0.676,-110,-110,30,18,49,47,2
1775345419,47,51,0,0,0,0,no_volume,0,110,0,110,low_activity,1.0,1117,0,1117,ok_volume,0,0,0,6228,0,6228,170642,32986,-0.676,0,-110,30,18,49,47,2
1775345420,47,51,0,0,0,0,no_volume,0,110,0,110,low_activity,1.0,1117,0,1117,ok_volume,0,0,0,6228,0,6228,170642,32986,-0.676,0,-110,30,18,49,47,2
1775345421,47,51,0,0,0,0,no_volume,0,0,0,0,no_volume,1.0,1117,0,1117,ok_volume,0,0,0,6228,0,6228,170642,32986,-0.676,0,-110,30,18,49,47,2
1775345422,47,51,0,0,0,0,no_volume,0,0,0,0,no_volume,1.0,1117,0,1117,ok_volume,0,0,0,6228,0,6228,170642,32986,-0.676,0,-110,30,18,49,47,2
1775345423,47,51,0,0,0,0,no_volume,0,0,0,0,no_volume,1.0,1117,0,1117,ok_volume,0,0,0,6228,0,6228,170642,32986,-0.676,0,-110,30,18,49,47,2
1775345424,47,51,0,0,0,0,no_volume,0,0,0,0,no_volume,1.0,981,0,981,ok_volume,0,0,0,6121,0,6121,170642,32986,-0.676,0,-110,30,18,49,47,2
1775345425,47,51,0,0,0,0,no_volume,0,0,0,0,no_volume,1.0,981,0,981,ok_volume,0,0,0,6121,0,6121,170642,32986,-0.676,0,-110,30,18,49,47,2
1775345426,47,51,0,0,0,0,no_volume,0,0,0,0,no_volume,1.0,981,0,981,ok_volume,0,0,0,6121,0,6121,170342,32986,-0.6755,-300,-300,30,18,49,47,2
1775345427,47,51,0,0,0,0,no_volume,0,0,0,0,no_volume,0,888,0,888,low_activity,0,0,0,6121,0,6121,170342,32986,-0.6755,-300,-300,30,18,49,47,2
1775345428,47,51,0,0,0,0,no_volume,0,0,0,0,no_volume,0,888,0,888,low_activity,0,0,0,6121,0,6121,170342,32986,-0.6755,-300,-300,30,18,49,47,2
1775345429,47,51,0,0,0,0,no_volume,0,0,0,0,no_volume,0,488,0,488,low_activity,0,0,0,6121,0,6121,170342,32986,-0.6755,0,-300,30,18,49,47,2
1775345430,47,51,0,0,0,0,no_volume,0,0,0,0,no_volume,0,488,0,488,low_activity,0,0,0,6121,0,6121,170342,32986,-0.6755,0,-300,30,18,49,47,2
1775345431,47,51,0,0,0,0,no_volume,0,0,0,0,no_volume,0,488,0,488,low_activity,0,0,0,6121,0,6121,170342,32986,-0.6755,0,-300,30,18,49,47,2
1775345432,47,51,0,0,0,0,no_volume,0,0,0,0,no_volume,0,488,0,488,low_activity,0,0,0,6121,0,6121,170342,32986,-0.6755,0,-300,30,18,49,47,2
1775345433,47,51,0,0,0,0,no_volume,0,0,0,0,no_volume,0,488,0,488,low_activity,0,0,0,6093,0,6093,170342,32986,-0.6755,0,-300,30,18,49,47,2
1775345434,47,51,0,0,0,0,no_volume,0,0,0,0,no_volume,0,488,0,488,low_activity,0,0,0,6093,0,6093,170342,32986,-0.6755,0,-300,30,18,49,47,2
1775345435,47,51,0,0,0,0,no_volume,0,0,0,0,no_volume,0,488,0,488,low_activity,0,0,0,6093,0,6093,170342,32986,-0.6755,0,-300,30,18,49,47,2
1775345436,47,51,0,50,0,50,low_activity,0,50,0,50,low_activity,0,538,0,538,low_activity,50,0,50,6143,0,6143,170292,32986,-0.6755,-50,-50,30,18,49,47,2
1775345437,47,51,0,50,0,50,low_activity,0,50,0,50,low_activity,0,538,0,538,low_activity,0,0,0,6143,0,6143,170292,32986,-0.6755,-50,-50,30,18,49,47,2
1775345438,47,51,0,50,0,50,low_activity,0,50,0,50,low_activity,0,160,0,160,low_activity,0,0,0,6143,0,6143,170292,32986,-0.6755,-50,-50,30,18,49,47,2
1775345439,47,51,0,0,0,0,no_volume,0,50,0,50,low_activity,0,160,0,160,low_activity,0,0,0,6143,0,6143,170292,32986,-0.6755,0,-50,30,18,49,47,2
1775345440,47,51,0,0,0,0,no_volume,0,50,0,50,low_activity,0,160,0,160,low_activity,0,0,0,6143,0,6143,170292,32986,-0.6755,0,-50,30,18,49,47,2
1775345441,47,51,0,0,0,0,no_volume,0,0,0,0,no_volume,0,160,0,160,low_activity,0,0,0,6143,0,6143,170292,32986,-0.6755,0,-50,30,18,49,47,2
1775345442,47,51,0,0,0,0,no_volume,0,0,0,0,no_volume,0,160,0,160,low_activity,0,0,0,1217,0,1217,170292,32986,-0.6755,0,-50,30,18,49,47,2
1775345443,47,51,0,0,0,0,no_volume,0,0,0,0,no_volume,0,160,0,160,low_activity,0,0,0,1217,0,1217,170292,32986,-0.6755,0,-50,30,18,49,47,2
1775345444,47,51,0,0,0,0,no_volume,0,0,0,0,no_volume,0,160,0,160,low_activity,0,0,0,1198,0,1198,170292,32986,-0.6755,0,-50,30,18,49,47,2
1775345445,47,51,0,0,0,0,no_volume,0,0,0,0,no_volume,0,160,0,160,low_activity,0,0,0,1198,0,1198,170292,32986,-0.6755,0,-50,30,18,49,47,2
1775345446,47,51,0,0,33,33,low_activity,0,0,33,33,low_activity,0,50,33,83,low_activity,0,33,33,1198,33,1231,170292,32953,-0.6757,0,0,30,18,49,47,2
1775345447,47,51,0,0,33,33,low_activity,0,0,33,33,low_activity,0,50,33,83,low_activity,0,0,0,1195,33,1228,170292,32986,-0.6755,0,0,30,18,49,47,2
1775345448,47,51,0,0,33,33,low_activity,0,0,33,33,low_activity,0,50,33,83,low_activity,5,0,5,1180,33,1213,170287,32986,-0.6755,-5,-5,30,18,49,47,2
1775345449,47,51,0,0,0,0,low_activity,0,0,33,33,low_activity,0,50,33,83,low_activity,0,0,0,1180,33,1213,170287,32986,-0.6755,-5,-5,30,18,49,47,2
1775345450,47,51,0,0,0,0,low_activity,0,0,33,33,low_activity,0,50,33,83,low_activity,0,0,0,1180,33,1213,170287,32986,-0.6755,-5,-5,30,18,49,47,2
1775345451,47,51,0,0,0,0,no_volume,0,0,0,0,low_activity,0,50,33,83,low_activity,0,0,0,1172,33,1205,170287,32986,-0.6755,0,-5,30,18,49,47,2
1775345452,47,51,0,0,0,0,no_volume,0,0,0,0,low_activity,0,50,33,83,low_activity,0,0,0,1172,33,1205,170287,32986,-0.6755,0,-5,30,18,49,47,2
1775345453,47,51,0,0,0,0,no_volume,0,0,0,0,no_volume,0,50,33,83,low_activity,0,0,0,1172,33,1205,170287,32986,-0.6755,0,-5,30,18,49,47,2
1775345454,47,51,0,0,0,0,no_volume,0,0,0,0,no_volume,0,50,33,83,low_activity,0,0,0,1036,33,1069,170287,32986,-0.6755,0,-5,30,18,49,47,2
1775345455,47,51,0,16,0,16,low_activity,0,16,0,16,low_activity,0,66,33,99,low_activity,0,0,0,1052,33,1085,170271,32986,-0.6754,-16,-21,30,18,49,47,2
1775345456,47,51,0,16,0,16,low_activity,0,16,0,16,low_activity,0,66,33,99,low_activity,0,0,0,1052,33,1085,170271,32986,-0.6754,-16,-21,30,18,49,47,2
1775345457,47,51,0,0,0,0,no_volume,0,16,0,16,low_activity,0,66,33,99,low_activity,0,0,0,959,33,992,170271,32986,-0.6754,-16,-21,30,18,49,47,2
1775345458,47,51,0,28,0,28,low_activity,0,44,0,44,low_activity,0,94,33,127,low_activity,28,0,28,987,33,1020,170243,32986,-0.6754,-28,-44,30,18,49,47,2
1775345459,47,51,0,1951,0,1951,low_activity,0,1951,0,1951,low_activity,0.968,2017,33,2050,ok_volume,1923,0,1923,2510,33,2543,168320,32986,-0.6723,-1951,-1967,30,18,49,47,2
1775345460,47,51,0,1951,0,1951,low_activity,0,1951,0,1951,low_activity,0.968,2017,33,2050,ok_volume,0,0,0,2510,33,2543,168320,32986,-0.6723,-1951,-1967,30,18,49,47,2
1775345461,47,51,0,1923,0,1923,low_activity,0,1951,0,1951,low_activity,0.968,2017,33,2050,ok_volume,0,0,0,2510,33,2543,168320,32986,-0.6723,-1923,-1967,30,18,49,47,2
1775345462,47,51,0,0,0,0,no_volume,0,1951,0,1951,low_activity,0.968,2017,33,2050,ok_volume,0,0,0,2510,33,2543,168320,32986,-0.6723,0,-1967,30,18,49,47,2
1775345463,47,51,0,7843,0,7843,low_activity,0,9766,0,9766,low_activity,0.993,9860,33,9893,ok_volume,0,0,0,10353,33,10386,160477,32986,-0.659,-7843,-9810,30,18,49,47,2
1775345464,47,51,0,7843,0,7843,low_activity,0,7843,0,7843,low_activity,0.993,9860,33,9893,ok_volume,0,0,0,10353,33,10386,160477,32986,-0.659,-7843,-9810,30,18,49,47,2
1775345465,47,51,0,0,0,0,no_volume,0,7843,0,7843,low_activity,0.993,9860,33,9893,ok_volume,0,0,0,10353,33,10386,160477,32986,-0.659,-7843,-9794,30,18,49,47,2
1775345466,47,51,0,0,0,0,no_volume,0,7843,0,7843,low_activity,0.993,9810,33,9843,ok_volume,0,0,0,10353,33,10386,160477,32986,-0.659,0,-9794,30,18,49,47,2
1775345467,47,51,0,0,0,0,no_volume,0,0,0,0,no_volume,0.993,9810,33,9843,ok_volume,0,0,0,10353,33,10386,160477,32986,-0.659,0,-9794,30,18,49,47,2
1775345468,47,51,0,0,0,0,no_volume,0,0,0,0,no_volume,0.993,9810,33,9843,ok_volume,0,0,0,9975,33,10008,160477,32986,-0.659,0,-9766,30,18,49,47,2
1775345469,47,51,0,0,0,0,no_volume,0,0,0,0,no_volume,0.993,9810,33,9843,ok_volume,0,0,0,9975,33,10008,160477,32986,-0.659,0,-7843,30,18,49,47,2
1775345470,47,51,0,0,0,0,no_volume,0,0,0,0,no_volume,0.993,9810,33,9843,ok_volume,0,0,0,9975,33,10008,160477,32986,-0.659,0,-7843,30,18,49,47,2
1775345471,47,51,0,295,0,295,low_activity,0,295,0,295,low_activity,0.993,10105,33,10138,ok_volume,295,0,295,10270,33,10303,160182,32986,-0.6585,-295,-8138,30,18,49,47,2
1775345472,47,51,0,325,0,325,low_activity,0,325,0,325,low_activity,0.994,10135,33,10168,ok_volume,30,0,30,10300,33,10333,160152,32986,-0.6584,-325,-8168,30,18,49,47,2
1775345473,47,51,0,325,0,325,low_activity,0,325,0,325,low_activity,0.994,10135,33,10168,ok_volume,0,0,0,10300,33,10333,160152,32986,-0.6584,-325,-325,30,18,49,47,2
1775345474,47,51,0,30,0,30,low_activity,0,325,0,325,low_activity,0.994,10135,33,10168,ok_volume,0,0,0,10300,33,10333,160152,32986,-0.6584,-30,-325,30,18,49,47,2
1775345475,47,51,0,78,0,78,low_activity,0,403,0,403,low_activity,0.994,10213,33,10246,ok_volume,78,0,78,10378,33,10411,160074,32986,-0.6583,-78,-403,30,18,49,47,2
1775345476,47,51,0,78,0,78,low_activity,0,108,0,108,low_activity,1.0,10213,0,10213,ok_volume,0,0,0,10268,33,10301,160074,32986,-0.6583,-78,-403,30,18,49,47,2
1775345477,47,51,0,116,0,116,low_activity,0,116,0,116,low_activity,1.0,10251,0,10251,ok_volume,38,0,38,10306,33,10339,160036,32986,-0.6582,-116,-441,30,18,49,47,2
1775345478,47,51,0,38,0,38,low_activity,0,116,0,116,low_activity,1.0,10251,0,10251,ok_volume,0,0,0,10306,33,10339,160036,32986,-0.6582,-38,-441,30,18,49,47,2
1775345479,47,51,0,38,0,38,low_activity,0,116,0,116,low_activity,1.0,10251,0,10251,ok_volume,0,0,0,10306,33,10339,160036,32986,-0.6582,-38,-441,30,18,49,47,2
1775345480,47,51,0,10,0,10,low_activity,0,48,0,48,low_activity,1.0,10261,0,10261,ok_volume,10,0,10,10316,33,10349,160026,32986,-0.6582,-10,-451,30,18,49,47,2
1775345481,47,51,0,10,0,10,low_activity,0,48,0,48,low_activity,1.0,10261,0,10261,ok_volume,0,0,0,10316,33,10349,160026,32986,-0.6582,-10,-156,30,18,49,47,2
1775345482,47,51,0,10,0,10,low_activity,0,10,0,10,low_activity,1.0,10261,0,10261,ok_volume,0,0,0,10316,33,10349,160026,32986,-0.6582,-10,-126,30,18,49,47,2
1775345483,47,51,0,0,0,0,no_volume,0,10,0,10,low_activity,1.0,10261,0,10261,ok_volume,0,0,0,10316,33,10349,160026,32986,-0.6582,0,-126,30,18,49,47,2
1775345484,47,51,0,0,0,0,no_volume,0,10,0,10,low_activity,1.0,10245,0,10245,ok_volume,0,0,0,10316,33,10349,160026,32986,-0.6582,0,-126,30,18,49,47,2
1775345485,47,51,0,0,0,0,no_volume,0,0,0,0,no_volume,1.0,10245,0,10245,ok_volume,0,0,0,10316,33,10349,160026,32986,-0.6582,0,-48,30,18,49,47,2
1775345486,47,51,0,68,0,68,low_activity,0,68,0,68,low_activity,1.0,10313,0,10313,ok_volume,68,0,68,10384,33,10417,159958,32986,-0.6581,-68,-116,30,18,49,47,2
1775345487,47,51,0,79,0,79,low_activity,0,79,0,79,low_activity,1.0,10324,0,10324,ok_volume,11,0,11,10395,33,10428,159947,32986,-0.6581,-79,-89,30,18,49,47,2
1775345488,47,51,0,79,0,79,low_activity,0,79,0,79,low_activity,1.0,10296,0,10296,ok_volume,0,0,0,10395,33,10428,159947,32176,-0.665,-79,-89,30,18,49,47,2
1775345489,47,51,0,11,0,11,low_activity,0,79,0,79,low_activity,1.0,8373,0,8373,ok_volume,0,0,0,10395,33,10428,159947,32176,-0.665,-11,-89,30,18,49,47,2
1775345490,47,52,0,0,0,0,no_volume,0,79,0,79,low_activity,1.0,8373,0,8373,ok_volume,0,0,0,10395,33,10428,159967,32176,-0.6651,20,-59,31,18,48,47,1
1775345491,47,52,0,0,0,0,no_volume,0,11,0,11,low_activity,1.0,8373,0,8373,ok_volume,0,0,0,10395,33,10428,159997,32176,-0.6651,50,-29,31,18,48,47,1
1775345492,47,51,0,0,0,0,no_volume,0,0,0,0,no_volume,1.0,530,0,530,ok_volume,0,0,0,10395,33,10428,158947,32296,-0.6623,-1000,-1079,30,18,49,47,2
1775345493,47,51,0,0,0,0,no_volume,0,0,0,0,no_volume,1.0,530,0,530,ok_volume,0,0,0,10395,33,10428,159947,34236,-0.6474,-20,-79,30,17,49,47,2
1775345494,47,51,0,394,0,394,low_activity,0,394,0,394,low_activity,1.0,924,0,924,ok_volume,394,0,394,10789,33,10822,159553,34236,-0.6467,-444,-473,30,17,49,47,2
1775345495,47,51,0,394,0,394,low_activity,0,394,0,394,low_activity,1.0,924,0,924,ok_volume,0,0,0,10789,33,10822,159553,35046,-0.6398,606,-473,30,16,49,47,2
1775345496,47,51,0,423,0,423,low_activity,0,423,0,423,low_activity,1.0,953,0,953,ok_volume,29,0,29,10768,33,10801,159524,35046,-0.6398,-423,-434,30,16,49,47,2
1775345497,47,51,0,222,0,222,low_activity,0,616,0,616,low_activity,1.0,1146,0,1146,ok_volume,193,0,193,10961,33,10994,159331,35046,-0.6394,-222,-616,30,16,49,47,2
1775345498,47,51,0,222,0,222,low_activity,0,616,0,616,low_activity,1.0,1146,0,1146,ok_volume,0,0,0,10961,33,10994,159331,35046,-0.6394,-222,-616,30,16,49,47,2
1775345499,47,51,0,193,0,193,low_activity,0,222,0,222,low_activity,1.0,1146,0,1146,ok_volume,0,0,0,10961,33,10994,159331,35046,-0.6394,-193,-616,30,16,49,47,2
1775345500,47,51,0,0,0,0,no_volume,0,222,0,222,low_activity,1.0,1146,0,1146,ok_volume,0,0,0,10961,33,10994,159331,35046,-0.6394,0,-636,30,16,49,47,2
1775345501,47,51,0,0,0,0,no_volume,0,193,0,193,low_activity,1.0,851,0,851,ok_volume,0,0,0,10961,33,10994,159331,35046,-0.6394,0,-666,30,16,49,47,2
1775345502,47,51,0,225,0,225,low_activity,0,225,0,225,low_activity,1.0,1046,0,1046,ok_volume,0,0,0,11186,33,11219,164514,35046,-0.6488,5183,5567,30,16,49,47,2
1775345503,47,51,0,225,0,225,low_activity,0,225,0,225,low_activity,1.0,1046,0,1046,ok_volume,0,0,0,11186,33,11219,164514,35046,-0.6488,5183,4567,30,16,49,47,2
1775345504,47,51,0,0,0,0,no_volume,0,225,0,225,low_activity,1.0,1046,0,1046,ok_volume,0,0,0,11186,33,11219,164514,35046,-0.6488,5183,4961,30,16,49,47,2
1775345505,47,51,0,29,0,29,low_activity,0,254,0,254,low_activity,1.0,997,0,997,ok_volume,29,0,29,11215,33,11248,164485,35046,-0.6487,-29,4932,30,16,49,47,2
1775345506,47,51,0,29,0,29,low_activity,0,29,0,29,low_activity,1.0,997,0,997,ok_volume,0,0,0,11215,0,11215,164485,35046,-0.6487,-29,4961,30,16,49,47,2
1775345507,47,51,0,119,0,119,low_activity,0,119,0,119,low_activity,1.0,1049,0,1049,ok_volume,90,0,90,11305,0,11305,164395,35106,-0.6481,-119,5064,30,16,49,47,2
1775345508,47,51,0,90,0,90,low_activity,0,119,0,119,low_activity,1.0,1049,0,1049,ok_volume,0,0,0,11300,0,11300,164395,35106,-0.6481,-90,5064,30,16,49,47,2
1775345509,47,51,0,90,0,90,low_activity,0,119,0,119,low_activity,1.0,1049,0,1049,ok_volume,0,0,0,11300,0,11300,164395,35006,-0.6489,-90,5064,30,16,49,47,2
1775345510,47,51,0,0,0,0,no_volume,0,90,0,90,low_activity,1.0,1039,0,1039,ok_volume,0,0,0,11300,0,11300,164395,35106,-0.6481,0,5064,30,16,49,47,2
1775345511,47,51,0,0,0,0,no_volume,0,90,0,90,low_activity,1.0,1039,0,1039,ok_volume,0,0,0,11300,0,11300,164395,35106,-0.6481,0,5064,30,16,49,47,2
1775345512,47,51,0,16,0,16,low_activity,0,16,0,16,low_activity,1.0,1055,0,1055,ok_volume,16,0,16,11316,0,11316,164379,35106,-0.648,-16,-135,30,16,49,47,2
1775345513,47,51,0,132,0,132,low_activity,0,132,0,132,low_activity,1.0,1171,0,1171,ok_volume,116,0,116,11432,0,11432,164263,35106,-0.6478,-132,-251,30,16,49,47,2
1775345514,47,51,0,132,0,132,low_activity,0,132,0,132,low_activity,1.0,1171,0,1171,ok_volume,0,0,0,11416,0,11416,164263,35106,-0.6478,-132,-251,30,16,49,47,2
1775345515,47,51,0,116,0,116,low_activity,0,132,0,132,low_activity,1.0,1171,0,1171,ok_volume,0,0,0,11416,0,11416,164263,35106,-0.6478,-116,-222,30,16,49,47,2
1775345516,47,51,0,0,0,0,no_volume,0,132,0,132,low_activity,1.0,1103,0,1103,ok_volume,0,0,0,11416,0,11416,164263,35106,-0.6478,0,-222,30,16,49,47,2
1775345517,47,51,0,0,0,0,no_volume,0,116,0,116,low_activity,1.0,1092,0,1092,ok_volume,0,0,0,11416,0,11416,164263,35106,-0.6478,0,-132,30,16,49,47,2
1775345518,47,51,0,118,0,118,low_activity,0,118,0,118,low_activity,1.0,1210,0,1210,ok_volume,118,0,118,11506,0,11506,164145,35106,-0.6476,-118,-250,30,16,49,47,2
1775345519,47,51,0,118,0,118,low_activity,0,118,0,118,low_activity,1.0,1210,0,1210,ok_volume,0,0,0,9583,0,9583,164145,35106,-0.6476,-118,-250,30,16,49,47,2
1775345520,47,51,0,512,0,512,low_activity,0,512,0,512,low_activity,1.0,1604,0,1604,ok_volume,0,0,0,9977,0,9977,163751,35106,-0.6469,-512,-644,30,16,49,47,2
1775345521,47,52,0,443,0,443,low_activity,0,561,0,561,low_activity,1.0,1653,0,1653,ok_volume,49,0,49,10026,0,10026,163702,35106,-0.6468,-443,-693,31,16,48,47,1
1775345522,47,52,0,49,0,49,low_activity,0,561,0,561,low_activity,1.0,1653,0,1653,ok_volume,0,0,0,2183,0,2183,163702,35106,-0.6468,-443,-677,31,16,48,47,1
1775345523,47,52,0,49,0,49,low_activity,0,443,0,443,low_activity,1.0,1653,0,1653,ok_volume,0,0,0,2183,0,2183,163728,35106,-0.6469,-23,-535,31,16,48,47,1
1775345524,47,52,0,0,0,0,no_volume,0,49,0,49,low_activity,1.0,1259,0,1259,ok_volume,0,0,0,2183,0,2183,163728,35106,-0.6469,26,-535,31,16,48,47,1
1775345525,47,52,0,30,0,30,low_activity,0,79,0,79,low_activity,1.0,1289,0,1289,ok_volume,30,0,30,2213,0,2213,163698,35106,-0.6468,-4,-565,31,16,48,47,1
1775345526,47,51,0,230,0,230,low_activity,0,230,0,230,low_activity,1.0,1460,0,1460,ok_volume,200,0,200,2413,0,2413,162498,35106,-0.6447,-1230,-1765,30,16,49,47,2
1775345527,47,51,0,230,0,230,low_activity,0,230,0,230,low_activity,1.0,1267,0,1267,ok_volume,0,0,0,2413,0,2413,163498,35106,-0.6465,-230,-765,30,16,49,47,2
1775345528,47,51,0,200,0,200,low_activity,0,230,0,230,low_activity,1.0,1267,0,1267,ok_volume,0,0,0,2413,0,2413,163498,35106,-0.6465,-200,-647,30,16,49,47,2
1775345529,47,51,0,0,0,0,no_volume,0,230,0,230,low_activity,1.0,1267,0,1267,ok_volume,0,0,0,2413,0,2413,163498,35106,-0.6465,1000,-647,30,16,49,47,2
1775345530,47,51,0,29,0,29,low_activity,0,229,0,229,low_activity,1.0,1296,0,1296,ok_volume,29,0,29,2442,0,2442,163469,35106,-0.6464,-29,-282,30,16,49,47,2
1775345531,47,51,0,29,0,29,low_activity,0,29,0,29,low_activity,1.0,1071,0,1071,ok_volume,0,0,0,2147,0,2147,163469,35106,-0.6464,-29,-233,30,16,49,47,2
1775345532,47,51,0,29,0,29,low_activity,0,29,0,29,low_activity,1.0,1071,0,1071,ok_volume,0,0,0,2117,0,2117,163469,35106,-0.6464,-29,-233,30,16,49,47,2
1775345533,47,51,0,0,0,0,no_volume,0,29,0,29,low_activity,1.0,1071,0,1071,ok_volume,0,0,0,2117,0,2117,163469,35106,-0.6464,0,-259,30,16,49,47,2
1775345534,47,51,0,0,0,0,low_activity,0,29,0,29,low_activity,1.0,1071,0,1071,ok_volume,15,0,15,2132,0,2132,160259,35106,-0.6406,-3210,-3469,29,16,49,47,2
1775345535,47,51,0,0,0,0,low_activity,0,0,0,0,low_activity,1.0,1042,0,1042,ok_volume,0,0,0,2054,0,2054,160259,35106,-0.6406,-3210,-3439,29,16,49,47,2
1775345536,47,51,0,0,0,0,low_activity,0,0,0,0,low_activity,1.0,1042,0,1042,ok_volume,0,0,0,2054,0,2054,162259,35106,-0.6443,-1210,-239,30,16,49,47,2
1775345537,47,51,0,588,0,588,low_activity,0,588,0,588,low_activity,1.0,1540,0,1540,ok_volume,588,0,588,2604,0,2604,161671,35106,-0.6432,1412,-1827,30,16,49,47,2
1775345538,47,51,0,3356,0,3356,low_activity,0,3356,0,3356,low_activity,1.0,4308,0,4308,ok_volume,2768,0,2768,5372,0,5372,183903,35106,-0.6794,23644,20405,30,16,49,47,2
1775345539,47,51,1.0,3642,0,3642,ok_volume,1.0,3642,0,3642,ok_volume,1.0,4594,0,4594,ok_volume,286,0,286,5658,0,5658,175453,35106,-0.6665,13194,11955,29,16,49,47,2
1775345540,47,51,0,3054,0,3054,low_activity,1.0,3642,0,3642,ok_volume,1.0,4594,0,4594,ok_volume,0,0,0,5648,0,5648,177453,35106,-0.6697,15782,13984,30,16,49,47,2
1775345541,47,51,0,286,0,286,low_activity,1.0,3642,0,3642,ok_volume,1.0,4594,0,4594,ok_volume,0,0,0,5648,0,5648,177453,35106,-0.6697,-6450,13984,30,16,49,47,2
1775345542,47,51,0,282,0,282,low_activity,1.0,3336,0,3336,ok_volume,1.0,4860,0,4860,ok_volume,291,0,291,5939,0,5939,177162,35106,-0.6692,1709,13693,30,16,49,47,2
1775345543,47,51,0,520,0,520,low_activity,1.0,806,0,806,ok_volume,1.0,4982,0,4982,ok_volume,245,0,245,6184,0,6184,176917,35106,-0.6688,-536,13448,30,16,49,47,2
1775345544,47,51,0,520,0,520,low_activity,0,520,0,520,low_activity,1.0,4982,0,4982,ok_volume,0,0,0,6184,0,6184,161917,35106,-0.6436,-15536,1658,30,16,49,47,2
1775345545,47,51,0,238,0,238,low_activity,0,520,0,520,low_activity,1.0,4982,0,4982,ok_volume,0,0,0,6184,0,6184,161917,35106,-0.6436,-15245,1658,30,16,49,47,2
1775345546,47,51,0,0,0,0,no_volume,0,520,0,520,low_activity,1.0,4982,0,4982,ok_volume,0,0,0,6116,0,6116,161917,35106,-0.6436,-15000,-342,30,16,49,47,2
1775345547,47,51,0,0,0,0,no_volume,0,238,0,238,low_activity,1.0,4982,0,4982,ok_volume,0,0,0,6105,0,6105,161917,35106,-0.6436,0,246,30,16,49,47,2
1775345548,47,51,0,0,0,0,no_volume,0,0,0,0,no_volume,1.0,4864,0,4864,ok_volume,0,0,0,6105,0,6105,161917,35106,-0.6436,0,-21986,30,16,49,47,2
1775345549,47,51,0,197,0,197,low_activity,0,197,0,197,low_activity,1.0,4667,0,4667,ok_volume,197,0,197,6302,0,6302,161720,35106,-0.6433,-197,-13733,30,16,49,47,2
1775345550,47,51,0,256,0,256,low_activity,0,256,0,256,low_activity,1.0,4726,0,4726,ok_volume,59,0,59,6361,0,6361,161661,35106,-0.6432,-256,-15792,30,16,49,47,2
1775345551,47,51,0,276,0,276,low_activity,0,276,0,276,low_activity,1.0,4697,0,4697,ok_volume,20,0,20,6381,0,6381,161641,35106,-0.6431,-276,-15812,30,16,49,47,2
1775345552,47,51,0,112,0,112,low_activity,0,309,0,309,low_activity,1.0,4730,0,4730,ok_volume,33,0,33,6414,0,6414,161608,35106,-0.6431,-112,-15554,30,16,49,47,2
1775345553,47,51,0,53,0,53,low_activity,0,309,0,309,low_activity,1.0,4730,0,4730,ok_volume,0,0,0,6414,0,6414,161582,35106,-0.643,-79,-15335,30,16,49,47,2
1775345554,47,51,0,60,0,60,low_activity,0,139,0,139,low_activity,1.0,4757,0,4757,ok_volume,27,0,27,6047,0,6047,161555,35106,-0.643,-86,-362,30,16,49,47,2
1775345555,47,51,0,27,0,27,low_activity,0,80,0,80,low_activity,1.0,4727,0,4727,ok_volume,0,0,0,6047,0,6047,161555,35106,-0.643,-53,-362,30,16,49,47,2
1775345556,47,51,0,27,0,27,low_activity,0,60,0,60,low_activity,1.0,4527,0,4527,ok_volume,0,0,0,6018,0,6018,161555,35106,-0.643,-27,-362,30,16,49,47,2
1775345557,47,51,0,29,0,29,low_activity,0,56,0,56,low_activity,1.0,4556,0,4556,ok_volume,29,0,29,5854,0,5854,161526,35106,-0.6429,-29,-391,30,16,49,47,2
1775345558,47,51,0,345,0,345,low_activity,0,372,0,372,low_activity,1.0,4872,0,4872,ok_volume,316,0,316,6170,0,6170,161210,35106,-0.6424,-345,-707,30,16,49,47,2
1775345559,47,51,1.0,437,0,437,ok_volume,1.0,437,0,437,ok_volume,1.0,4964,0,4964,ok_volume,92,0,92,6262,0,6262,161118,35106,-0.6422,-437,-602,30,16,49,47,2
1775345560,47,51,1.0,580,0,580,ok_volume,1.0,609,0,609,ok_volume,1.0,5107,0,5107,ok_volume,172,0,172,6434,0,6434,160946,35106,-0.6419,-580,-715,30,16,49,47,2
1775345561,47,51,0,291,0,291,low_total_volume,1.0,636,0,636,ok_volume,1.0,5134,0,5134,ok_volume,27,0,27,6236,0,6236,160919,35106,-0.6418,-291,-722,30,16,49,47,2
1775345562,47,51,1.0,1393,0,1393,ok_volume,1.0,1801,0,1801,ok_volume,1.0,6328,0,6328,ok_volume,1194,0,1194,7430,0,7430,159725,35106,-0.6396,-1393,-1883,30,16,49,47,2
1775345563,47,51,0,1221,0,1221,low_activity,1.0,1485,0,1485,ok_volume,1.0,6328,0,6328,ok_volume,0,0,0,7430,0,7430,159725,35106,-0.6396,-1221,-1857,30,16,49,47,2
1775345564,47,51,0,1273,0,1273,low_activity,1.0,1472,0,1472,ok_volume,1.0,6407,0,6407,ok_volume,79,0,79,7509,0,7509,159646,35106,-0.6395,-1273,-1909,30,16,49,47,2
1775345565,47,51,0,108,0,108,low_activity,1.0,1329,0,1329,ok_volume,1.0,6436,0,6436,ok_volume,29,0,29,7509,0,7509,159617,35106,-0.6394,-108,-1938,30,16,49,47,2
1775345566,47,51,0,108,0,108,low_activity,1.0,1302,0,1302,ok_volume,1.0,6436,0,6436,ok_volume,0,0,0,7509,0,7509,159617,35106,-0.6394,-108,-1938,30,16,49,47,2
1775345567,47,51,0,39,0,39,low_activity,0,118,0,118,low_activity,1.0,5858,0,5858,ok_volume,10,0,10,7429,0,7429,159607,35106,-0.6394,-39,-1919,30,16,49,47,2
1775345568,47,51,0,49,0,49,low_activity,0,157,0,157,low_total_volume,1.0,3129,0,3129,ok_volume,46,0,46,7475,0,7475,159561,35106,-0.6393,-56,-1649,30,16,49,47,2
1775345569,47,51,0,88,0,88,low_activity,0,117,0,117,low_activity,1.0,2882,0,2882,ok_volume,0,0,0,7514,0,7514,159522,35106,-0.6393,-95,-1596,30,16,49,47,2
1775345570,47,51,0,127,0,127,low_activity,0,137,0,137,low_activity,1.0,2931,0,2931,ok_volume,49,0,49,7563,0,7563,159473,35106,-0.6392,-134,-1473,30,16,49,47,2
1775345571,47,51,0,78,0,78,low_activity,0,166,0,166,low_total_volume,1.0,2960,0,2960,ok_volume,29,0,29,7592,0,7592,159444,35106,-0.6391,-117,-1475,30,16,49,47,2
1775345572,47,51,0,107,0,107,low_activity,0,185,0,185,low_total_volume,1.0,2707,0,2707,ok_volume,29,0,29,7605,0,7605,159415,35106,-0.6391,-107,-310,30,16,49,47,2
1775345573,47,51,0,353,0,353,low_activity,1.0,402,0,402,ok_volume,1.0,2764,0,2764,ok_volume,295,0,295,7784,0,7784,159120,35106,-0.6385,-353,-605,30,16,49,47,2
1775345574,47,51,0,418,0,418,low_activity,1.0,496,0,496,ok_volume,1.0,2858,0,2858,ok_volume,94,0,94,7878,0,7878,159026,35106,-0.6383,-418,-620,30,16,49,47,2
1775345575,47,51,0,534,0,534,low_activity,1.0,592,0,592,ok_volume,1.0,3003,0,3003,ok_volume,145,0,145,8023,0,8023,158881,35106,-0.6381,-534,-736,30,16,49,47,2
1775345576,47,51,1.0,1028,0,1028,ok_volume,1.0,1352,0,1352,ok_volume,1.0,3792,0,3792,ok_volume,789,0,789,8812,0,8812,158092,35106,-0.6366,-1028,-1525,30,16,49,47,2
1775345577,48,51,1.0,1914,0,1914,ok_volume,1.0,2303,0,2303,ok_volume,1.0,4772,0,4772,ok_volume,980,0,980,9792,0,9792,157112,33071,-0.6522,-1914,-2495,30,17,49,48,1
1775345578,48,51,0,1769,0,1769,low_activity,1.0,2008,0,2008,ok_volume,1.0,4772,0,4772,ok_volume,1,0,1,9675,0,9675,157111,32871,-0.654,-1770,-2450,30,17,49,48,1
1775345579,48,51,0,980,0,980,low_activity,1.0,1914,0,1914,ok_volume,1.0,4575,0,4575,ok_volume,9,0,9,9290,0,9290,157102,32871,-0.6539,-990,-2420,30,17,49,48,1
1775345580,48,51,0,48,0,48,low_activity,1.0,1817,0,1817,ok_volume,1.0,4564,0,4564,ok_volume,48,0,48,9338,0,9338,157054,32871,-0.6539,-58,-2419,30,17,49,48,1
1775345581,48,51,0,48,0,48,low_activity,0,1028,0,1028,low_activity,1.0,4544,0,4544,ok_volume,5,0,5,9294,0,9294,157049,32871,-0.6538,-62,-2395,30,17,49,48,1
1775345582,48,51,0,86,0,86,low_activity,0,86,0,86,low_activity,1.0,4549,0,4549,ok_volume,40,0,40,9334,0,9334,157009,32871,-0.6538,-93,-2406,30,17,49,48,1
1775345583,48,51,0,187,0,187,low_activity,0,235,0,235,low_activity,1.0,4698,0,4698,ok_volume,149,0,149,9483,0,9483,156860,32879,-0.6534,-194,-2260,30,16,49,48,1
1775345584,48,51,0,285,0,285,low_activity,1.0,333,0,333,ok_volume,1.0,4769,0,4769,ok_volume,101,0,101,9584,0,9584,156759,32879,-0.6532,-290,-2267,30,16,49,48,1
1775345585,48,51,0,262,0,262,low_activity,0,300,0,300,low_activity,1.0,4784,0,4784,ok_volume,15,0,15,9569,0,9569,156744,32879,-0.6532,-265,-2137,30,16,49,48,1
1775345586,48,51,0,214,0,214,low_activity,1.0,401,0,401,ok_volume,1.0,4885,0,4885,ok_volume,103,0,103,9472,0,9472,156641,32879,-0.653,-219,-1451,30,16,49,48,1
1775345587,48,51,0,135,0,135,low_activity,1.0,382,0,382,ok_volume,1.0,4875,0,4875,ok_volume,19,0,19,9491,0,9491,156622,32879,-0.653,-137,-490,30,16,49,48,1
1775345588,48,51,0,161,0,161,low_activity,0,274,0,274,low_total_volume,1.0,4600,0,4600,ok_volume,46,0,46,9537,0,9537,156576,32879,-0.6529,-168,-535,30,16,49,48,1
1775345589,48,51,0,85,0,85,low_activity,0,201,0,201,low_total_volume,1.0,4533,0,4533,ok_volume,25,0,25,9562,0,9562,156551,32879,-0.6529,-90,-551,30,16,49,48,1
1775345590,48,51,0,66,0,66,low_activity,0,186,0,186,low_total_volume,1.0,4361,0,4361,ok_volume,0,0,0,9533,0,9533,156551,32879,-0.6529,-71,-503,30,16,49,48,1
1775345591,48,51,0,44,0,44,low_activity,0,104,0,104,low_activity,1.0,4353,0,4353,ok_volume,19,0,19,9552,0,9552,156532,32879,-0.6528,-44,-517,30,16,49,48,1
1775345592,48,51,0,50,0,50,low_activity,0,116,0,116,low_total_volume,1.0,3190,0,3190,ok_volume,31,0,31,9583,0,9583,156501,32879,-0.6528,-50,-508,30,16,49,48,1
1775345593,48,51,0,180,0,180,low_activity,0,205,0,205,low_total_volume,1.0,3320,0,3320,ok_volume,130,0,130,9713,0,9713,131371,32879,-0.5996,-25180,-25489,30,16,49,48,1
1775345594,48,51,0,161,0,161,low_activity,0,180,0,180,low_activity,1.0,3241,0,3241,ok_volume,0,0,0,9698,0,9698,131371,32879,-0.5996,-25161,-25388,30,16,49,48,1
1775345595,48,51,0,214,0,214,low_activity,0,264,0,264,low_total_volume,1.0,3296,0,3296,ok_volume,84,0,84,9782,0,9782,131287,32879,-0.5994,-25214,-25457,30,16,49,48,1
1775345596,48,51,0,84,0,84,low_activity,0,245,0,245,low_total_volume,1.0,3296,0,3296,ok_volume,0,0,0,9782,0,9782,131287,32879,-0.5994,-84,-25354,30,16,49,48,1
1775345597,48,51,0,126,0,126,low_activity,0,256,0,256,low_total_volume,1.0,3328,0,3328,ok_volume,51,0,51,9245,0,9245,112856,33879,-0.5382,-18515,-43766,30,16,49,48,1
1775345598,48,51,0,286,0,286,low_total_volume,1.0,370,0,370,ok_volume,1.0,3494,0,3494,ok_volume,244,0,244,6721,0,6721,112735,33939,-0.5372,-18552,-43841,30,16,49,48,1
1775345599,48,51,0,286,0,286,low_total_volume,1.0,370,0,370,ok_volume,1.0,3494,0,3494,ok_volume,0,0,0,6435,0,6435,102948,29439,-0.5553,-28339,-53603,30,16,49,48,1
1775345600,48,51,1.0,1022,0,1022,ok_volume,1.0,1064,0,1064,ok_volume,1.0,4223,0,4223,ok_volume,384,0,384,7213,0,7213,102170,29379,-0.5533,-10686,-54381,30,16,49,48,1
1775345601,48,51,0,846,0,846,low_activity,1.0,1132,0,1132,ok_volume,1.0,4262,0,4262,ok_volume,68,0,68,7281,0,7281,107122,29379,-0.5695,-5613,-49410,30,16,49,48,1
1775345602,48,51,1.0,2829,0,2829,ok_volume,1.0,3467,0,3467,ok_volume,1.0,6610,0,6610,ok_volume,2386,0,2386,9376,0,9376,104736,31379,-0.5389,1788,-51765,30,16,49,48,1
1775345603,48,51,1.0,2474,0,2474,ok_volume,1.0,3252,0,3252,ok_volume,1.0,6344,0,6344,ok_volume,38,0,38,9169,0,9169,104698,31379,-0.5388,2528,-26673,30,16,49,48,1
1775345604,48,51,1.0,2917,0,2917,ok_volume,1.0,3369,0,3369,ok_volume,1.0,6761,0,6761,ok_volume,511,0,511,9680,0,9680,104187,31379,-0.5371,-2935,-27184,30,16,49,48,1
1775345605,48,51,0,540,0,540,low_activity,1.0,2985,0,2985,ok_volume,1.0,6616,0,6616,ok_volume,0,0,0,9680,0,9680,104187,31379,-0.5371,-549,-27100,30,16,49,48,1
1775345606,48,51,0,511,0,511,low_activity,1.0,2917,0,2917,ok_volume,1.0,5827,0,5827,ok_volume,0,0,0,9680,0,9680,104187,31379,-0.5371,-511,-27100,30,16,49,48,1
1775345607,48,51,0,157,0,157,low_activity,1.0,697,0,697,ok_volume,1.0,5004,0,5004,ok_volume,157,0,157,9837,0,9837,104030,31439,-0.5358,-157,-8826,30,17,49,48,1
1775345608,48,51,0,157,0,157,low_activity,1.0,668,0,668,ok_volume,1.0,5004,0,5004,ok_volume,0,0,0,9837,0,9837,104030,31439,-0.5358,-157,-8705,30,17,49,48,1
1775345609,48,51,0,219,0,219,low_total_volume,0,219,0,219,low_total_volume,1.0,5066,0,5066,ok_volume,62,0,62,9702,0,9702,103968,31439,-0.5356,-219,1020,30,17,49,48,1
1775345610,48,51,0,456,0,456,low_activity,1.0,613,0,613,ok_volume,1.0,5412,0,5412,ok_volume,394,0,394,10037,0,10037,103574,31439,-0.5343,-456,1404,30,17,49,48,1
1775345611,48,51,1.0,575,0,575,ok_volume,1.0,732,0,732,ok_volume,1.0,5531,0,5531,ok_volume,119,0,119,10136,0,10136,103455,31439,-0.5339,-575,-3667,30,17,49,48,1
1775345612,48,51,1.0,631,0,631,ok_volume,1.0,693,0,693,ok_volume,1.0,5611,0,5611,ok_volume,118,0,118,10221,0,10221,103337,31439,-0.5335,-631,-1399,30,17,49,48,1
1775345613,48,51,0,297,0,297,low_total_volume,1.0,753,0,753,ok_volume,1.0,5522,0,5522,ok_volume,41,0,41,10281,0,10281,103277,31439,-0.5333,-297,-1421,30,17,49,48,1
1775345614,48,51,1.0,774,0,774,ok_volume,1.0,1287,0,1287,ok_volume,1.0,6020,0,6020,ok_volume,596,0,596,10850,0,10850,102681,31439,-0.5312,-774,-1506,30,17,49,48,1
1775345615,48,51,0,1055,0,1055,low_activity,1.0,1311,0,1311,ok_volume,1.0,6423,0,6423,ok_volume,418,0,418,11268,0,11268,102263,31439,-0.5297,-1074,-1924,30,17,49,48,1
1775345616,48,51,0,1014,0,1014,low_activity,1.0,1192,0,1192,ok_volume,1.0,6322,0,6322,ok_volume,9,0,9,11277,0,11277,102254,31439,-0.5297,-1023,-1933,30,17,49,48,1
1775345617,48,51,1.0,603,0,603,ok_volume,1.0,1240,0,1240,ok_volume,1.0,6488,0,6488,ok_volume,185,0,185,11433,0,11433,102069,31439,-0.529,-612,-1961,30,17,49,48,1
1775345618,48,51,0,204,0,204,low_activity,1.0,1218,0,1218,ok_volume,1.0,6466,0,6466,ok_volume,19,0,19,11136,0,11136,102050,31439,-0.529,-213,-1980,30,17,49,48,1
1775345619,48,51,0,204,0,204,low_activity,1.0,622,0,622,ok_volume,1.0,6441,0,6441,ok_volume,3,0,3,11047,0,11047,102047,31439,-0.529,-207,-1921,30,17,49,48,1
1775345620,48,51,0,38,0,38,low_activity,0,223,0,223,low_total_volume,1.0,6460,0,6460,ok_volume,28,0,28,10903,0,10903,102019,31439,-0.5289,-50,-1555,30,17,49,48,1
1775345621,48,51,0,158,0,158,low_activity,1.0,362,0,362,ok_volume,1.0,6580,0,6580,ok_volume,139,0,139,11015,0,11015,101880,31739,-0.5249,-170,-1575,30,17,49,48,1
1775345622,48,51,0,228,0,228,low_total_volume,0,247,0,247,low_total_volume,1.0,6619,0,6619,ok_volume,70,0,70,9891,0,9891,101810,31745,-0.5246,-237,-1527,30,17,49,48,1
1775345623,48,51,1.0,410,0,410,ok_volume,1.0,429,0,429,ok_volume,1.0,6690,0,6690,ok_volume,142,0,142,10092,0,10092,101609,31745,-0.5239,-410,-1668,30,17,49,48,1
1775345624,48,51,0,271,0,271,low_total_volume,1.0,429,0,429,ok_volume,1.0,6690,0,6690,ok_volume,9,0,9,10022,0,10022,119980,32078,-0.5781,18100,17299,30,17,49,48,1
1775345625,48,51,0,243,0,243,low_total_volume,1.0,511,0,511,ok_volume,1.0,6707,0,6707,ok_volume,110,0,110,10103,0,10103,119870,32078,-0.5778,18060,17607,30,17,49,48,1
1775345626,48,51,0,177,0,177,low_total_volume,1.0,448,0,448,ok_volume,1.0,6783,0,6783,ok_volume,76,0,76,10179,0,10179,119794,32078,-0.5776,18185,17540,30,17,49,48,1
1775345627,48,51,0,216,0,216,low_total_volume,1.0,358,0,358,ok_volume,1.0,6780,0,6780,ok_volume,39,0,39,10208,0,10208,119755,32078,-0.5775,-225,17686,30,17,49,48,1
1775345628,48,51,0,215,0,215,low_activity,1.0,316,0,316,ok_volume,1.0,6636,0,6636,ok_volume,100,0,100,10223,0,10223,119655,32078,-0.5772,-215,17605,30,17,49,48,1
1775345629,48,51,0,279,0,279,low_activity,1.0,456,0,456,ok_volume,1.0,6382,0,6382,ok_volume,140,0,140,10363,0,10363,119515,32078,-0.5768,-279,17468,30,17,49,48,1
1775345630,48,51,0,255,0,255,low_activity,1.0,370,0,370,ok_volume,1.0,6013,0,6013,ok_volume,15,0,15,10329,0,10329,119500,32078,-0.5767,-255,17481,30,17,49,48,1
1775345631,48,51,0,155,0,155,low_activity,0,294,0,294,low_total_volume,1.0,5945,0,5945,ok_volume,0,0,0,10300,0,10300,119500,32078,-0.5767,-155,17620,30,17,49,48,1
1775345632,48,51,0,225,0,225,low_activity,1.0,465,0,465,ok_volume,1.0,3778,0,3778,ok_volume,219,0,219,10490,0,10490,119281,32078,-0.5761,-234,17471,30,17,49,48,1
1775345633,48,51,0,324,0,324,low_activity,1.0,479,0,479,ok_volume,1.0,3863,0,3863,ok_volume,128,0,128,10323,0,10323,119153,31745,-0.5793,-347,17544,30,17,49,48,1
1775345634,48,51,0,392,0,392,low_activity,1.0,407,0,407,ok_volume,1.0,3420,0,3420,ok_volume,68,0,68,10297,0,10297,119085,31745,-0.5791,-415,-895,30,17,49,48,1
1775345635,48,51,0,182,0,182,low_activity,0,392,0,392,low_activity,1.0,3420,0,3420,ok_volume,14,0,14,10166,0,10166,119071,31745,-0.579,-210,-799,30,17,49,48,1
1775345636,48,51,0,109,0,109,low_activity,1.0,433,0,433,ok_volume,1.0,3461,0,3461,ok_volume,47,0,47,9424,0,9424,116411,31753,-0.5714,-2742,-3383,29,17,49,48,1
1775345637,48,51,0,41,0,41,low_activity,0,223,0,223,low_activity,1.0,3304,0,3304,ok_volume,12,0,12,8456,0,8456,118399,31753,-0.5771,-686,-1356,30,17,49,48,1
1775345638,48,51,0,99,0,99,low_activity,0,167,0,167,low_activity,1.0,3362,0,3362,ok_volume,58,0,58,8513,0,8513,118341,31753,-0.5769,-730,-1314,30,17,49,48,1
1775345639,48,51,0,274,0,274,low_activity,1.0,315,0,315,ok_volume,1.0,3516,0,3516,ok_volume,216,0,216,8720,0,8720,118125,31753,-0.5763,1714,-1390,30,17,49,48,1
1775345640,48,51,1.0,750,0,750,ok_volume,1.0,791,0,791,ok_volume,1.0,3598,0,3598,ok_volume,476,0,476,9148,0,9148,117649,31753,-0.5749,-750,-1851,30,17,49,48,1
1775345641,48,51,1.0,800,0,800,ok_volume,1.0,858,0,858,ok_volume,1.0,3587,0,3587,ok_volume,108,0,108,9251,0,9251,117541,31753,-0.5746,-800,-1959,30,17,49,48,1
1775345642,48,51,1.0,1762,0,1762,ok_volume,1.0,2036,0,2036,ok_volume,1.0,4628,0,4628,ok_volume,1187,0,1187,10398,0,10398,116354,31753,-0.5712,-1771,-2927,30,17,49,48,1
1775345643,48,51,1.0,1458,0,1458,ok_volume,1.0,2150,0,2150,ok_volume,1.0,4759,0,4759,ok_volume,172,0,172,10421,0,10421,116162,31753,-0.5707,-1487,-2991,30,17,49,48,1
1775345644,48,51,1.0,1451,0,1451,ok_volume,1.0,2035,0,2035,ok_volume,1.0,4264,0,4264,ok_volume,101,0,101,10421,0,10421,116061,31753,-0.5704,-1480,-3024,30,17,49,48,1
1775345645,48,51,1.0,618,0,618,ok_volume,1.0,1904,0,1904,ok_volume,1.0,4191,0,4191,ok_volume,87,0,87,10751,0,10751,115716,31753,-0.5694,-638,-3355,30,17,49,48,1
1775345646,48,51,1.0,495,0,495,ok_volume,1.0,1845,0,1845,ok_volume,1.0,4240,0,4240,ok_volume,54,0,54,10702,0,10702,115662,31753,-0.5692,-500,-749,30,17,49,48,1
1775345647,48,51,0,169,0,169,low_total_volume,1.0,700,0,700,ok_volume,1.0,4088,0,4088,ok_volume,33,0,33,10716,0,10716,115629,31753,-0.5691,-432,-2770,30,17,49,48,1
1775345648,48,51,1.0,327,0,327,ok_volume,1.0,773,0,773,ok_volume,1.0,4314,0,4314,ok_volume,245,0,245,10915,0,10915,115659,31753,-0.5692,-57,-2682,30,17,49,48,1
1775345649,48,51,1.0,480,0,480,ok_volume,1.0,616,0,616,ok_volume,1.0,4516,0,4516,ok_volume,202,0,202,11092,0,11092,115457,31753,-0.5686,-205,-2668,30,17,49,48,1
1775345650,48,51,1.0,466,0,466,ok_volume,1.0,548,0,548,ok_volume,1.0,4516,0,4516,ok_volume,26,0,26,11118,0,11118,115431,31753,-0.5685,-198,-2218,30,17,49,48,1
1775345651,48,51,0,260,0,260,low_activity,1.0,538,0,538,ok_volume,1.0,4416,0,4416,ok_volume,39,0,39,11138,0,11138,115392,31753,-0.5684,-267,-2149,30,17,49,48,1
1775345652,48,51,0,77,0,77,low_activity,1.0,524,0,524,ok_volume,1.0,4306,0,4306,ok_volume,21,0,21,11128,0,11128,115371,31753,-0.5684,-86,-983,30,17,49,48,1
1775345653,48,51,0,58,0,58,low_activity,0,279,0,279,low_total_volume,1.0,4164,0,4164,ok_volume,0,0,0,10998,0,10998,115371,31753,-0.5684,-60,-791,30,17,49,48,1
1775345654,48,51,0,805,0,805,low_activity,1.0,863,0,863,ok_volume,1.0,4950,0,4950,ok_volume,786,0,786,11784,0,11784,114585,31753,-0.566,-807,-1476,30,17,49,48,1
1775345655,48,51,1.0,1628,0,1628,ok_volume,1.0,1686,0,1686,ok_volume,1.0,5691,0,5691,ok_volume,842,0,842,12542,0,12542,111385,31753,-0.5563,-3986,-4331,29,17,49,48,1
1775345656,48,51,1.0,1978,0,1978,ok_volume,1.0,1997,0,1997,ok_volume,1.0,5965,0,5965,ok_volume,350,0,350,12892,0,12892,113035,31753,-0.5614,-2336,-2627,30,17,49,48,1
1775345657,48,51,1.0,1292,0,1292,ok_volume,1.0,2078,0,2078,ok_volume,1.0,6026,0,6026,ok_volume,100,0,100,12941,0,12941,112935,31753,-0.5611,-1650,-2694,30,17,49,48,1
1775345658,48,51,1.0,549,0,549,ok_volume,1.0,2177,0,2177,ok_volume,1.0,6025,0,6025,ok_volume,102,0,102,12799,0,12799,112833,31753,-0.5608,1448,-2826,30,17,49,48,1
1775345659,48,51,0,209,0,209,low_activity,1.0,1401,0,1401,ok_volume,1.0,5895,0,5895,ok_volume,10,0,10,12415,0,12415,112823,31753,-0.5607,-212,-2634,30,17,49,48,1
1775345660,48,51,0,207,0,207,low_activity,1.0,657,0,657,ok_volume,1.0,5978,0,5978,ok_volume,98,0,98,12129,0,12129,112725,31753,-0.5604,-210,-2706,30,17,49,48,1
1775345661,48,51,1.0,1215,0,1215,ok_volume,1.0,1414,0,1414,ok_volume,1.0,7085,0,7085,ok_volume,1107,0,1107,13168,0,13168,111618,31753,-0.5571,-1215,-3774,30,17,49,48,1
1775345662,48,51,1.0,1657,0,1657,ok_volume,1.0,1766,0,1766,ok_volume,1.0,7327,0,7327,ok_volume,455,0,455,11237,0,11237,111163,31753,-0.5556,-1660,-4208,30,17,49,48,1
1775345663,48,51,1.0,1755,0,1755,ok_volume,1.0,1863,0,1863,ok_volume,1.0,7409,0,7409,ok_volume,196,0,196,11395,0,11395,110967,31753,-0.555,-1758,-4404,30,17,49,48,1
1775345664,48,51,0,648,0,648,low_activity,1.0,1853,0,1853,ok_volume,1.0,7341,0,7341,ok_volume,5,0,5,10889,0,10889,110962,32086,-0.5514,-656,-3623,30,17,49,48,1
1775345665,49,50,0,801,0,801,low_activity,1.0,2360,0,2360,ok_volume,1.0,7946,0,7946,ok_volume,606,0,606,11495,0,11495,110348,30089,-0.5715,-815,-1037,29,18,50,49,1
1775345666,49,50,0,605,0,605,low_activity,1.0,1253,0,1253,ok_volume,1.0,7905,0,7905,ok_volume,0,0,0,11495,0,11495,110348,30089,-0.5715,-619,-2687,29,18,50,49,1
1775345667,49,50,0,605,0,605,low_activity,0,801,0,801,low_activity,1.0,7905,0,7905,ok_volume,0,0,0,11338,0,11338,110348,29756,-0.5752,-614,-2587,29,18,50,49,1
1775345668,49,50,0,20,0,20,low_activity,0,625,0,625,low_activity,1.0,7867,0,7867,ok_volume,20,0,20,11358,0,11358,110348,29756,-0.5752,0,-2485,29,18,50,49,1
1775345669,49,50,0,227,0,227,low_activity,1.0,832,0,832,ok_volume,1.0,7858,0,7858,ok_volume,207,0,207,11503,0,11503,110141,29756,-0.5746,-207,-2682,29,18,50,49,1
1775345670,49,50,0,333,0,333,low_activity,0,333,0,333,low_activity,1.0,7488,0,7488,ok_volume,106,0,106,11215,0,11215,110035,29756,-0.5743,-313,-2690,29,18,50,49,1
1775345671,49,50,1.0,428,0,428,ok_volume,1.0,448,0,448,ok_volume,1.0,7495,0,7495,ok_volume,115,0,115,11211,0,11211,109920,29756,-0.5739,-428,-1698,29,18,50,49,1
1775345672,49,50,0,221,0,221,low_activity,1.0,448,0,448,ok_volume,1.0,6317,0,6317,ok_volume,0,0,0,11074,0,11074,109770,29756,-0.5735,-371,-1393,29,18,50,49,1
1775345673,49,50,0,302,0,302,low_activity,1.0,615,0,615,ok_volume,1.0,6332,0,6332,ok_volume,187,0,187,11220,0,11220,109583,29756,-0.5729,-452,-1384,29,18,50,49,1
1775345674,49,50,0,244,0,244,low_activity,1.0,465,0,465,ok_volume,1.0,6030,0,6030,ok_volume,57,0,57,10681,0,10681,109526,29756,-0.5727,-394,-1436,29,18,50,49,1
1775345675,49,50,1.0,487,0,487,ok_volume,1.0,602,0,602,ok_volume,1.0,6186,0,6186,ok_volume,243,0,243,10506,0,10506,109283,29756,-0.572,-487,-1065,29,18,50,49,1
1775345676,49,50,1.0,486,0,486,ok_volume,1.0,673,0,673,ok_volume,1.0,6323,0,6323,ok_volume,193,0,193,10690,0,10690,109090,29756,-0.5714,-493,-1258,29,18,50,49,1
1775345677,49,50,0,429,0,429,low_activity,1.0,673,0,673,ok_volume,1.0,6290,0,6290,ok_volume,0,0,0,10505,0,10505,109090,29756,-0.5714,-436,-1258,29,18,50,49,1
1775345678,48,50,0.84,460,40,500,ok_volume,0.9,760,40,800,ok_volume,0.987,6319,40,6359,ok_volume,255,43,298,10760,43,10803,108816,31713,-0.5487,-467,-1532,29,17,50,48,2
1775345679,48,50,0.796,353,40,393,ok_volume,0.903,782,40,822,ok_volume,0.987,6196,40,6236,ok_volume,53,0,53,10845,43,10888,108728,31713,-0.5484,-362,-1413,29,17,50,48,2
1775345680,48,50,0.893,708,40,748,ok_volume,0.916,913,40,953,ok_volume,0.988,6551,40,6591,ok_volume,374,0,374,11191,43,11234,108354,31713,-0.5472,-736,-1681,29,17,50,48,2
1775345681,48,50,1.0,2224,0,2224,ok_volume,0.969,2533,40,2573,ok_volume,0.99,8318,40,8358,ok_volume,1806,0,1806,12858,43,12901,106548,31653,-0.5419,-2268,-3372,29,16,50,48,2
1775345682,48,50,1.0,2180,0,2180,ok_volume,0.969,2514,40,2554,ok_volume,0.99,8299,40,8339,ok_volume,0,0,0,12729,43,12772,108654,31986,-0.5451,-74,-1116,29,16,50,48,2
1775345683,49,50,1.0,2447,0,2447,ok_volume,1.0,2865,0,2865,ok_volume,0.991,8940,40,8980,ok_volume,641,0,641,13228,43,13271,108324,29746,-0.5691,-30,-1259,29,17,50,49,1
1775345684,49,50,0,830,0,830,low_activity,1.0,3010,0,3010,ok_volume,0.99,8343,40,8383,ok_volume,193,0,193,13412,43,13455,108131,29774,-0.5682,1583,-1395,29,17,50,49,1
1775345685,49,50,0,830,0,830,low_activity,1.0,2636,0,2636,ok_volume,0.989,7501,40,7541,ok_volume,0,0,0,13302,43,13345,89751,29336,-0.5073,-18903,-19532,29,16,50,49,1
1775345686,49,50,0,189,0,189,low_activity,0,830,0,830,low_activity,0.989,7151,40,7191,ok_volume,0,0,0,13226,43,13269,36308,29336,-0.1062,-72016,-72782,29,16,50,49,1
1775345687,49,50,0,0,0,0,no_volume,0,830,0,830,low_activity,0.989,7051,40,7091,ok_volume,0,0,0,13187,43,13230,36428,29336,-0.1078,-71703,-72662,30,16,50,49,1
1775345688,49,50,0,463,0,463,low_activity,0,652,0,652,low_activity,0.989,7415,40,7455,ok_volume,481,0,481,13568,43,13611,42624,29416,-0.1833,-47127,-66192,29,17,50,49,1
1775345689,49,50,1.0,663,0,663,ok_volume,1.0,663,0,663,ok_volume,0.99,7605,40,7645,ok_volume,203,0,203,13631,43,13674,42671,29516,-0.1822,6363,-66057,29,17,50,49,1
1775345690,49,50,1.0,730,0,730,ok_volume,1.0,730,0,730,ok_volume,0.989,7574,40,7614,ok_volume,70,0,70,13686,43,13729,42481,29557,-0.1794,6053,-65873,28,17,50,49,1
1775345691,49,50,1.0,2190,0,2190,ok_volume,1.0,2653,0,2653,ok_volume,0.991,8390,40,8430,ok_volume,1932,0,1932,15618,43,15661,40549,29594,-0.1562,-2075,-65999,28,17,50,49,1
1775345692,49,50,0,2956,0,2956,low_activity,1.0,3619,0,3619,ok_volume,0.991,8904,40,8944,ok_volume,966,0,966,16365,43,16408,39583,29594,-0.1444,-3088,-69071,28,17,50,49,1
1775345693,49,50,0,2962,0,2962,low_activity,1.0,3229,0,3229,ok_volume,0.991,8781,40,8821,ok_volume,73,0,73,16310,43,16353,34902,30616,-0.0654,-7579,-73422,28,17,50,49,1
1775345694,49,50,0,1077,0,1077,low_activity,1.0,3067,0,3067,ok_volume,0.991,8819,40,8859,ok_volume,38,0,38,16280,43,16323,32864,30616,-0.0354,-7685,-75267,28,17,50,49,1
1775345695,49,50,0,111,0,111,low_activity,1.0,3000,0,3000,ok_volume,0.99,8214,40,8254,ok_volume,0,0,0,16266,43,16309,36864,30616,-0.0926,-2719,-52887,29,17,50,49,1
1775345696,49,50,0,71,0,71,low_activity,1.0,1110,0,1110,ok_volume,0.99,8247,40,8287,ok_volume,33,7,40,16252,50,16302,25313,30629,0.095,-9589,-10995,28,17,50,49,1
1775345697,49,50,0,84,0,84,low_activity,0,195,0,195,low_total_volume,0.99,8298,40,8338,ok_volume,51,0,51,16291,50,16341,41487,30615,-0.1508,8623,5059,28,17,50,49,1
1775345698,49,49,0,200,0,200,low_activity,0,238,0,238,low_total_volume,0.991,8394,40,8434,ok_volume,116,0,116,16349,50,16399,40883,30647,-0.1431,4019,-1741,27,17,51,49,2
1775345699,49,49,0,195,0,195,low_activity,0,228,0,228,low_total_volume,0.99,8215,40,8255,ok_volume,28,0,28,16161,50,16211,44855,30647,-0.1882,19542,2184,29,17,51,49,2
1775345700,49,49,0,144,0,144,low_activity,0,228,0,228,low_total_volume,0.99,8109,40,8149,ok_volume,0,0,0,15685,50,15735,46855,30647,-0.2091,5368,4374,30,17,51,49,2
1775345701,49,49,0,54,0,54,low_activity,0,221,0,221,low_activity,0.99,8020,40,8060,ok_volume,26,0,26,15603,50,15653,46829,30652,-0.2088,5946,6280,30,17,51,49,2
1775345702,49,49,0,238,0,238,low_activity,1.0,382,0,382,ok_volume,0.99,8232,40,8272,ok_volume,212,0,212,14628,50,14678,46617,30652,-0.2066,1762,7034,30,17,51,49,2
1775345703,49,49,1.0,338,0,338,ok_volume,1.0,366,0,366,ok_volume,0.99,8145,40,8185,ok_volume,100,0,100,14556,50,14606,47430,30652,-0.2149,575,12528,30,17,51,49,2
1775345704,49,49,1.0,686,0,686,ok_volume,1.0,712,0,712,ok_volume,0.991,8462,40,8502,ok_volume,374,0,374,14571,50,14621,47056,30916,-0.207,227,14192,30,17,51,49,2
1775345705,49,49,1.0,708,0,708,ok_volume,1.0,946,0,946,ok_volume,0.991,8453,40,8493,ok_volume,243,0,243,14727,50,14777,46813,30952,-0.204,196,9949,30,17,51,49,2
1775345706,49,49,1.0,618,0,618,ok_volume,1.0,930,0,930,ok_volume,0.99,8277,40,8317,ok_volume,0,0,0,14683,50,14733,46803,30952,-0.2039,-627,21490,30,17,51,49,2
1775345707,49,49,0,262,0,262,low_total_volume,1.0,736,0,736,ok_volume,0.99,8276,40,8316,ok_volume,23,0,23,14673,50,14723,41769,29494,-0.1722,-5287,282,29,16,51,49,2
1775345708,49,49,0,239,0,239,low_total_volume,1.0,857,0,857,ok_volume,1.0,8207,0,8207,ok_volume,235,0,235,14663,50,14713,41534,29494,-0.1695,-5279,651,29,16,51,49,2
1775345709,50,49,0,298,0,298,low_total_volume,1.0,542,0,542,ok_volume,1.0,8222,0,8222,ok_volume,59,0,59,14520,50,14570,46141,29405,-0.2215,-662,1286,29,17,51,50,1
1775345710,50,49,1.0,341,0,341,ok_volume,1.0,359,0,359,ok_volume,1.0,7909,0,7909,ok_volume,62,0,62,14556,50,14606,46099,29425,-0.2208,4330,-756,29,17,51,50,1
1775345711,50,49,1.0,324,0,324,ok_volume,1.0,563,0,563,ok_volume,1.0,6307,0,6307,ok_volume,213,0,213,14730,50,14780,45886,29445,-0.2183,4352,-943,29,17,51,50,1
1775345712,50,49,0,293,0,293,low_activity,1.0,573,0,573,ok_volume,1.0,6335,0,6335,ok_volume,28,0,28,14737,50,14787,45858,45000,-0.0094,-283,-759,29,17,51,50,1
1775345713,50,49,0,444,0,444,low_activity,1.0,564,0,564,ok_volume,1.0,5906,0,5906,ok_volume,212,0,212,14949,50,14999,41126,44688,0.0415,-4973,-6304,28,17,51,50,1
1775345714,50,49,0,313,0,313,low_activity,1.0,578,0,578,ok_volume,1.0,5790,0,5790,ok_volume,73,0,73,14236,50,14286,43553,44688,0.0129,-2333,-3503,29,17,51,50,1
1775345715,50,49,0,492,0,492,low_activity,1.0,724,0,724,ok_volume,1.0,5997,0,5997,ok_volume,212,0,212,13606,50,13656,46519,44683,-0.0201,661,-294,29,17,51,50,1
1775345716,50,49,0,374,0,374,low_activity,1.0,614,0,614,ok_volume,1.0,6091,0,6091,ok_volume,94,0,94,13350,50,13400,46425,44684,-0.0191,5299,-378,29,18,51,50,1
1775345717,50,49,0,498,0,498,low_activity,1.0,783,0,783,ok_volume,1.0,6288,0,6288,ok_volume,197,0,197,13447,50,13497,46228,44684,-0.017,2675,4459,29,18,51,50,1
1775345718,50,49,1.0,490,0,490,ok_volume,1.0,770,0,770,ok_volume,1.0,6024,0,6024,ok_volume,128,0,128,13544,50,13594,46060,44714,-0.0148,-459,4526,29,18,51,50,1
1775345719,50,49,1.0,414,0,414,ok_volume,1.0,715,0,715,ok_volume,1.0,5842,0,5842,ok_volume,18,0,18,13552,50,13602,46053,44713,-0.0148,-372,-88,29,17,51,50,1
1775345720,50,49,1.0,314,0,314,ok_volume,1.0,676,0,676,ok_volume,1.0,5943,0,5943,ok_volume,168,0,168,13622,50,13672,45885,44713,-0.0129,-343,-214,29,17,51,50,1
1775345721,50,49,0,284,0,284,low_total_volume,1.0,680,0,680,ok_volume,1.0,4118,0,4118,ok_volume,98,0,98,12613,50,12663,45787,44713,-0.0119,-273,-99,29,17,51,50,1
1775345722,50,49,1.0,1262,0,1262,ok_volume,1.0,1408,0,1408,ok_volume,1.0,4148,0,4148,ok_volume,996,0,996,13154,50,13204,44791,44713,-0.0009,-1262,-1067,29,17,51,50,1
1775345723,50,49,0,1282,0,1282,low_activity,1.0,1468,0,1468,ok_volume,1.0,4263,0,4263,ok_volume,188,0,188,13146,50,13196,44603,44713,0.0012,-1282,3477,29,17,51,50,1
1775345724,50,49,1.0,1502,0,1502,ok_volume,1.0,1768,0,1768,ok_volume,1.0,4543,0,4543,ok_volume,322,0,322,13463,50,13513,44281,44713,0.0049,-1506,728,29,17,51,50,1
1775345725,50,49,1.0,553,0,553,ok_volume,1.0,1647,0,1647,ok_volume,1.0,4590,0,4590,ok_volume,47,0,47,12904,50,12954,44234,44713,0.0054,-557,-2285,29,17,51,50,1
1775345726,50,49,1.0,838,0,838,ok_volume,1.0,2022,0,2022,ok_volume,1.0,5030,0,5030,ok_volume,473,0,473,13377,50,13427,44038,44713,0.0076,-565,-2387,29,17,51,50,1
1775345727,50,49,1.0,829,0,829,ok_volume,1.0,1335,0,1335,ok_volume,1.0,5288,0,5288,ok_volume,309,0,309,13686,50,13736,43729,44716,0.0112,-552,-2499,29,17,51,50,1
1775345728,50,49,1.0,1009,0,1009,ok_volume,1.0,1374,0,1374,ok_volume,1.0,5399,0,5399,ok_volume,227,0,227,13893,50,13943,43502,44716,0.0138,-732,-2558,29,17,51,50,1
1775345729,50,49,1.0,648,0,648,ok_volume,1.0,1168,0,1168,ok_volume,1.0,5483,0,5483,ok_volume,124,0,124,13810,50,13860,43378,44716,0.0152,-660,-2675,29,17,51,50,1
1775345730,50,49,1.0,377,0,377,ok_volume,1.0,1159,0,1159,ok_volume,1.0,5521,0,5521,ok_volume,47,0,47,13751,50,13801,43331,44716,0.0157,-398,-2554,29,17,51,50,1
1775345731,50,49,0,150,0,150,low_activity,1.0,686,0,686,ok_volume,1.0,5495,0,5495,ok_volume,5,0,5,13641,50,13691,43326,44716,0.0158,-176,-2461,29,17,51,50,1
1775345732,50,49,0,38,0,38,low_activity,1.0,377,0,377,ok_volume,1.0,5283,0,5283,ok_volume,0,0,0,13641,50,13691,43326,44716,0.0158,-52,-1465,29,17,51,50,1
1775345733,50,49,0,0,0,0,low_activity,0,150,0,150,low_activity,1.0,5183,0,5183,ok_volume,0,0,0,13454,50,13504,43326,44716,0.0158,-5,-1277,29,17,51,50,1
1775345734,50,49,0,10,0,10,low_activity,0,48,0,48,low_activity,1.0,4819,0,4819,ok_volume,10,0,10,13407,50,13457,43316,44716,0.0159,-10,-965,29,17,51,50,1
1775345735,50,49,0,57,0,57,low_activity,0,57,0,57,low_activity,1.0,4622,0,4622,ok_volume,47,0,47,13211,50,13261,43269,44766,0.017,-57,-965,29,17,51,50,1
1775345736,50,49,0,292,0,292,low_activity,0,292,0,292,low_activity,1.0,4857,0,4857,ok_volume,235,0,235,13253,50,13303,43034,44766,0.0197,-292,-1004,29,17,51,50,1
1775345737,50,49,0,282,0,282,low_activity,0,292,0,292,low_activity,1.0,4839,0,4839,ok_volume,0,0,0,13234,50,13284,43004,44766,0.0201,-312,-725,29,17,51,50,1
1775345738,50,49,0,366,0,366,low_activity,1.0,423,0,423,ok_volume,1.0,4749,0,4749,ok_volume,131,0,131,13075,7,13082,42932,44766,0.0209,-337,-570,30,17,51,50,1
1775345739,50,49,0,149,0,149,low_activity,1.0,431,0,431,ok_volume,1.0,4708,0,4708,ok_volume,18,0,18,13040,7,13047,42914,44766,0.0211,-120,-464,30,17,51,50,1
1775345740,50,49,0,149,0,149,low_activity,0,384,0,384,low_activity,1.0,4647,0,4647,ok_volume,0,0,0,12666,7,12673,42914,44766,0.0211,-90,-417,30,17,51,50,1
1775345741,50,49,0,618,0,618,low_activity,0,749,0,749,low_activity,1.0,5043,0,5043,ok_volume,600,0,600,11460,7,11467,42314,44766,0.0282,-618,-1012,30,17,51,50,1
1775345742,50,49,0,600,0,600,low_activity,0,749,0,749,low_activity,1.0,5015,0,5015,ok_volume,0,0,0,11460,7,11467,42314,44766,0.0282,-600,-1012,30,17,51,50,1
1775345743,50,49,0,741,0,741,low_activity,1.0,759,0,759,ok_volume,1.0,4944,0,4944,ok_volume,141,0,141,10960,7,10967,42173,44766,0.0298,-741,-1153,30,17,51,50,1
1775345744,50,49,0,363,0,363,low_activity,1.0,963,0,963,ok_volume,1.0,5093,0,5093,ok_volume,222,0,222,10989,7,10996,46848,44766,-0.0227,4534,3532,30,17,51,50,1
1775345745,50,49,1.0,871,0,871,ok_volume,1.0,1471,0,1471,ok_volume,1.0,5394,0,5394,ok_volume,508,0,508,11497,7,11504,46340,44766,-0.0173,4026,3071,30,17,51,50,1
1775345746,50,49,0,750,0,750,low_activity,1.0,891,0,891,ok_volume,1.0,5320,0,5320,ok_volume,25,7,32,11522,14,11536,47125,44759,-0.0257,4952,4091,30,17,51,50,1
1775345747,50,49,1.0,687,0,687,ok_volume,1.0,1050,0,1050,ok_volume,1.0,5211,0,5211,ok_volume,18,0,18,11681,14,11695,42519,44759,0.0257,-4329,-485,30,17,51,50,1
1775345748,50,49,0,179,0,179,low_activity,1.0,909,0,909,ok_volume,1.0,5083,0,5083,ok_volume,6,0,6,11206,14,11220,47834,44759,-0.0332,1494,4902,30,17,51,50,1
1775345749,50,49,0,276,0,276,low_activity,1.0,945,0,945,ok_volume,1.0,5323,0,5323,ok_volume,258,0,258,11261,14,11275,47576,44759,-0.0305,451,4662,30,17,51,50,1
1775345750,50,49,0,258,0,258,low_activity,1.0,437,0,437,ok_volume,1.0,5155,0,5155,ok_volume,0,0,0,11191,14,11205,47576,44759,-0.0305,5057,4662,30,17,51,50,1
1775345751,50,49,0,342,0,342,low_activity,1.0,360,0,360,ok_volume,1.0,5141,0,5141,ok_volume,0,0,0,9343,14,9357,47492,44759,-0.0296,-342,5178,30,17,51,50,1
1775345752,50,49,0,215,0,215,low_activity,1.0,473,0,473,ok_volume,1.0,4276,0,4276,ok_volume,131,0,131,8508,14,8522,47283,44759,-0.0274,-293,4969,32,17,51,50,1
1775345753,50,49,0,168,0,168,low_activity,1.0,510,0,510,ok_volume,1.0,4125,0,4125,ok_volume,46,0,46,8481,14,8495,47618,44759,-0.0309,42,5445,33,17,51,50,1
1775345754,50,49,0,186,0,186,low_activity,0,270,0,270,low_total_volume,1.0,3825,0,3825,ok_volume,27,0,27,8470,14,8484,67591,44759,-0.2032,20099,20743,33,17,51,50,1
1775345755,50,49,0,102,0,102,low_activity,0,233,0,233,low_total_volume,1.0,3825,0,3825,ok_volume,47,0,47,8517,14,8531,67544,44759,-0.2029,20261,21204,33,17,51,50,1
1775345756,50,49,0,353,0,353,low_activity,1.0,521,0,521,ok_volume,1.0,3640,0,3640,ok_volume,0,0,0,8772,7,8779,66882,44759,-0.1982,19264,19757,33,17,51,50,1
1775345757,50,49,0,602,0,602,low_activity,1.0,657,0,657,ok_volume,1.0,3598,0,3598,ok_volume,267,0,267,8988,7,8995,66615,44759,-0.1962,-976,24096,33,17,51,50,1
1775345758,50,49,0,646,0,646,low_activity,1.0,999,0,999,ok_volume,1.0,3750,0,3750,ok_volume,379,0,379,9251,7,9258,66236,44759,-0.1935,-1308,18402,33,17,51,50,1
1775345759,50,49,1.0,915,0,915,ok_volume,1.0,1250,0,1250,ok_volume,1.0,3907,0,3907,ok_volume,259,0,259,9492,7,9499,65967,44759,-0.1915,-915,18391,33,17,51,50,1
1775345760,50,49,1.0,835,0,835,ok_volume,1.0,1102,0,1102,ok_volume,1.0,4056,0,4056,ok_volume,187,0,187,9679,7,9686,65780,44759,-0.1902,-835,18204,33,17,51,50,1
1775345761,50,49,1.0,566,0,566,ok_volume,1.0,1222,0,1222,ok_volume,1.0,4176,0,4176,ok_volume,120,0,120,9773,7,9780,65660,44759,-0.1893,-576,18168,33,17,51,50,1
1775345762,50,49,1.0,1110,0,1110,ok_volume,1.0,1758,0,1758,ok_volume,1.0,4979,0,4979,ok_volume,804,0,804,10365,7,10372,64856,44759,-0.1833,-1111,17573,33,17,51,50,1
1775345763,50,49,0,960,0,960,low_activity,1.0,1406,0,1406,ok_volume,1.0,5016,0,5016,ok_volume,37,0,37,10302,7,10309,64819,44759,-0.1831,-961,17201,33,17,51,50,1
1775345764,50,49,0,856,0,856,low_activity,1.0,1163,0,1163,ok_volume,1.0,5022,0,5022,ok_volume,25,0,25,9953,7,9960,64794,44759,-0.1829,-866,-2797,33,17,51,50,1
1775345765,50,49,0,53,0,53,low_activity,1.0,976,0,976,ok_volume,1.0,4975,0,4975,ok_volume,0,0,0,9700,7,9707,64794,44759,-0.1829,-62,-2750,33,17,51,50,1
1775345766,50,49,0,34,0,34,low_activity,1.0,874,0,874,ok_volume,1.0,4758,0,4758,ok_volume,18,0,18,9718,7,9725,64776,44732,-0.183,-43,-2106,33,17,51,50,1
1775345767,50,49,0,65,0,65,low_activity,0,118,0,118,low_activity,1.0,4805,0,4805,ok_volume,0,0,0,9742,7,9749,64702,44732,-0.1825,-92,-1913,32,17,51,50,1
1775345768,50,49,0,231,0,231,low_activity,0,247,0,247,low_total_volume,1.0,4840,0,4840,ok_volume,166,0,166,9673,7,9680,64536,44757,-0.181,-258,-1700,32,17,51,50,1
1775345769,50,49,1.0,576,0,576,ok_volume,1.0,641,0,641,ok_volume,1.0,5232,0,5232,ok_volume,410,0,410,10024,7,10031,64176,45057,-0.175,-600,-1791,32,17,51,50,1
1775345770,50,49,1.0,622,0,622,ok_volume,1.0,687,0,687,ok_volume,1.0,5278,0,5278,ok_volume,46,0,46,10008,7,10015,64130,45376,-0.1713,-572,-1650,32,17,51,50,1
1775345771,50,49,1.0,2398,0,2398,ok_volume,1.0,2564,0,2564,ok_volume,1.0,6620,0,6620,ok_volume,1942,0,1942,11737,7,11744,62188,45436,-0.1557,-2348,-3472,32,17,51,50,1
1775345772,50,49,1.0,2742,0,2742,ok_volume,1.0,3318,0,3318,ok_volume,1.0,7374,0,7374,ok_volume,754,0,754,12463,7,12470,61434,45057,-0.1538,-2742,-3422,32,17,51,50,1
1775345773,50,49,1.0,3314,0,3314,ok_volume,1.0,3770,0,3770,ok_volume,1.0,7851,0,7851,ok_volume,391,0,391,12869,7,12876,35886,45057,0.1133,-28244,-28933,32,17,51,50,1
1775345774,50,49,1.0,1390,0,1390,ok_volume,1.0,3378,0,3378,ok_volume,1.0,7647,0,7647,ok_volume,18,0,18,12814,7,12821,35868,45057,0.1135,-26320,-28926,32,17,51,50,1
1775345775,50,49,1.0,465,0,465,ok_volume,1.0,3388,0,3388,ok_volume,1.0,7195,0,7195,ok_volume,56,0,56,12658,7,12665,35812,45057,0.1143,-25622,-28982,32,17,51,50,1
1775345776,50,49,0,74,0,74,low_activity,1.0,1446,0,1446,ok_volume,1.0,7034,0,7034,ok_volume,9,0,9,12573,7,12580,35803,45084,0.1147,-83,-28973,32,17,51,50,1
1775345777,50,49,0,56,0,56,low_activity,1.0,465,0,465,ok_volume,1.0,7016,0,7016,ok_volume,0,0,0,12306,7,12313,35802,45084,0.1148,-66,-28900,32,17,51,50,1
1775345778,50,49,0,188,0,188,low_activity,0,262,0,262,low_activity,1.0,7204,0,7204,ok_volume,193,0,193,12371,7,12378,41047,45084,0.0469,5235,-23489,33,17,51,50,1
1775345779,50,49,0,977,0,977,low_activity,1.0,1033,0,1033,ok_volume,1.0,7735,0,7735,ok_volume,789,0,789,13142,7,13149,40197,45144,0.058,4394,-23979,33,17,51,50,1
1775345780,50,49,1.0,1005,0,1005,ok_volume,1.0,1005,0,1005,ok_volume,1.0,7679,0,7679,ok_volume,28,0,28,13002,7,13009,40169,45084,0.0577,4367,-23961,33,17,51,50,1
1775345781,50,49,0,817,0,817,low_activity,1.0,1005,0,1005,ok_volume,1.0,7679,0,7679,ok_volume,0,0,0,12904,7,12911,40169,45084,0.0577,-878,-22019,33,17,51,50,1
1775345782,50,49,1.0,8595,0,8595,ok_volume,1.0,9572,0,9572,ok_volume,1.0,16115,0,16115,ok_volume,8567,0,8567,20475,7,20482,32026,45084,0.1693,-8171,-29408,33,17,51,50,1
1775345783,51,48,1.0,8752,0,8752,ok_volume,1.0,9569,0,9569,ok_volume,1.0,16263,0,16263,ok_volume,185,0,185,20472,7,20479,24172,45134,0.3025,-15997,-11714,32,18,52,51,1
1775345784,51,48,1.0,8752,0,8752,ok_volume,1.0,8780,0,8780,ok_volume,1.0,16245,0,16245,ok_volume,0,0,0,20150,7,20157,21967,43930,0.3333,-18202,-13901,32,17,52,51,1
1775345785,51,48,0,185,0,185,low_activity,1.0,8752,0,8752,ok_volume,1.0,15910,0,15910,ok_volume,0,0,0,20103,7,20110,22336,43980,0.3264,-9690,-13476,32,17,52,51,1
1775345786,51,48,0,0,0,0,no_volume,1.0,8752,0,8752,ok_volume,1.0,15910,0,15910,ok_volume,0,0,0,19630,7,19637,22331,43980,0.3265,-1841,-13472,32,17,52,51,1
1775345787,51,48,0,166,0,166,low_activity,1.0,351,0,351,ok_volume,1.0,15809,0,15809,ok_volume,166,0,166,19487,7,19494,22265,43980,0.3278,298,-13537,32,17,52,51,1
1775345788,51,48,1.0,341,0,341,ok_volume,1.0,341,0,341,ok_volume,1.0,15595,0,15595,ok_volume,175,0,175,19435,7,19442,22579,43980,0.3215,243,-18468,32,17,52,51,1
1775345789,51,48,1.0,359,0,359,ok_volume,1.0,359,0,359,ok_volume,1.0,15354,0,15354,ok_volume,18,0,18,19329,7,19336,22284,43980,0.3274,-47,-17913,32,17,52,51,1
1775345790,52,47,1.0,1285,0,1285,ok_volume,1.0,1451,0,1451,ok_volume,1.0,16259,0,16259,ok_volume,1024,0,1024,20380,7,20387,18643,45712,0.4206,-3622,-21526,30,17,53,52,1
1775345791,52,47,-0.291,1110,2021,3131,ok_volume,-0.164,1451,2021,3472,ok_volume,0.777,16139,2021,18160,ok_volume,0,2021,2021,20375,2028,22403,17019,42999,0.4329,-5560,-23150,32,17,53,52,1
1775345792,52,47,-0.33,1018,2021,3039,ok_volume,-0.223,1285,2021,3306,ok_volume,0.767,15336,2021,17357,ok_volume,0,0,0,20375,2028,22403,17426,43779,0.4306,-4858,-14600,32,17,53,52,1
1775345793,52,47,-1.0,0,2021,2021,ok_volume,-0.291,1110,2021,3131,ok_volume,0.767,15299,2021,17320,ok_volume,0,0,0,20375,2028,22403,19676,43779,0.3798,1033,-4496,32,17,53,52,1
1775345794,52,47,0,60,0,60,low_activity,-0.304,1078,2021,3099,ok_volume,0.767,15343,2021,17364,ok_volume,65,0,65,20430,2028,22458,19562,44088,0.3853,2543,-2405,32,17,53,52,1
1775345795,52,47,0,238,0,238,low_total_volume,-0.789,238,2021,2259,ok_volume,0.77,15521,2021,17542,ok_volume,178,0,178,20561,2028,22589,19384,44103,0.3894,1958,-2952,32,17,53,52,1
1775345796,52,47,0,277,0,277,low_total_volume,0,277,0,277,low_total_volume,0.769,15495,2021,17516,ok_volume,39,0,39,20365,2028,22393,19628,44103,0.384,-48,-2703,32,17,53,52,1
1775345797,52,47,0,217,0,217,low_total_volume,0,277,0,277,low_total_volume,0.769,15495,2021,17516,ok_volume,1,0,1,20366,2028,22394,19627,44103,0.3841,65,-2638,32,17,53,52,1
1775345798,52,47,0,84,0,84,low_activity,1.0,322,0,322,ok_volume,0.768,15374,2021,17395,ok_volume,45,0,45,20280,2028,22308,19582,44103,0.385,198,-2997,32,17,53,52,1
1775345799,52,47,0,136,0,136,low_activity,1.0,353,0,353,ok_volume,0.763,15055,2021,17076,ok_volume,100,0,100,20362,2028,22390,19632,45581,0.3979,4,-2652,32,17,53,52,1
1775345800,52,47,0,170,0,170,low_activity,0,209,0,209,low_total_volume,0.763,15043,2021,17064,ok_volume,34,0,34,20396,2028,22424,19588,45581,0.3989,-39,945,32,17,53,52,1
1775345801,53,46,1.0,587,0,587,ok_volume,1.0,632,0,632,ok_volume,0.741,13563,2021,15584,ok_volume,462,0,462,20258,2028,22286,19855,45596,0.3933,273,2836,31,18,54,53,1
1775345802,52,47,0.287,496,275,771,ok_volume,0.394,632,275,907,ok_volume,0.691,12582,2296,14878,ok_volume,0,275,275,20258,2303,22561,65970,45596,-0.1826,46338,48544,31,17,53,52,1
1775345803,52,47,0.254,462,275,737,ok_volume,0.362,587,275,862,ok_volume,0.683,12191,2296,14487,ok_volume,0,0,0,20117,2303,22420,72725,45716,-0.228,53137,53049,31,18,53,52,1
1775345804,52,47,0,363,275,638,low_activity,0.515,859,275,1134,ok_volume,0.69,12536,2296,14832,ok_volume,202,0,202,20258,2303,22561,74562,45716,-0.2398,54707,55000,31,18,53,52,1
1775345805,52,47,1.0,754,0,754,ok_volume,0.631,1216,275,1491,ok_volume,0.697,12871,2296,15167,ok_volume,391,0,391,20141,2303,22444,74171,45416,-0.2405,8201,54787,31,18,53,52,1
1775345806,51,48,-0.101,638,781,1419,ok_volume,-0.139,799,1056,1855,ok_volume,0.615,12916,3077,15993,ok_volume,45,781,826,20020,3077,23097,74038,43635,-0.2584,1313,54410,32,17,52,51,1
1775345807,51,48,-0.195,526,781,1307,ok_volume,0.065,889,781,1670,ok_volume,0.617,13006,3077,16083,ok_volume,90,0,90,20092,3077,23169,79073,44910,-0.2755,4511,59446,32,17,52,51,1
1775345808,51,48,0.123,1001,781,1782,ok_volume,0.342,1594,781,2375,ok_volume,0.633,13684,3077,16761,ok_volume,376,0,376,20962,3077,24039,78928,44960,-0.2742,4757,59346,32,17,52,51,1
1775345809,51,48,1.0,1048,0,1048,ok_volume,0.31,1484,781,2265,ok_volume,0.617,12987,3077,16064,ok_volume,92,0,92,20796,3077,23873,78836,45010,-0.2731,4798,59204,32,17,52,51,1
1775345810,51,48,1.0,513,0,513,ok_volume,0.19,1148,781,1929,ok_volume,0.618,13014,3077,16091,ok_volume,55,0,55,20767,3077,23844,78781,45010,-0.2728,-292,59193,32,17,52,51,1
1775345811,51,48,0,147,0,147,low_activity,1.0,1103,0,1103,ok_volume,0.618,13014,3077,16091,ok_volume,0,0,0,20767,3077,23844,78945,45010,-0.2738,17,59090,32,17,52,51,1
1775345812,51,48,0,342,0,342,low_activity,1.0,800,0,800,ok_volume,0.212,4734,3077,7811,ok_volume,288,0,288,20924,3077,24001,78657,45010,-0.2721,-179,12687,32,17,52,51,1
1775345813,51,48,0,546,0,546,low_activity,1.0,693,0,693,ok_volume,0.22,4808,3077,7885,ok_volume,262,0,262,21140,3077,24217,78395,45010,-0.2705,-386,5670,32,17,52,51,1
1775345814,51,48,1.0,1070,0,1070,ok_volume,1.0,1125,0,1125,ok_volume,0.268,5332,3077,8409,ok_volume,524,0,524,21637,3077,24714,77719,44131,-0.2757,-1226,3157,31,17,52,51,1
1775345815,51,48,1.0,875,0,875,ok_volume,1.0,1162,0,1162,ok_volume,0.276,5424,3077,8501,ok_volume,92,0,92,21394,3077,24471,78527,44131,-0.2804,-130,4356,32,17,52,51,1
1775345816,51,48,1.0,772,0,772,ok_volume,1.0,1318,0,1318,ok_volume,0.289,5580,3077,8657,ok_volume,146,0,146,21550,3077,24627,78371,44131,-0.2795,-24,4333,32,17,52,51,1
1775345817,51,48,1.0,2099,0,2099,ok_volume,1.0,2882,0,2882,ok_volume,0.405,7265,3077,10342,ok_volume,1851,0,1851,23134,3077,26211,78135,44695,-0.2722,416,-938,32,17,52,51,1
1775345818,51,48,1.0,2033,0,2033,ok_volume,1.0,2659,0,2659,ok_volume,0.397,7126,3077,10203,ok_volume,36,0,36,22781,3077,25858,78099,44920,-0.2697,-428,-829,32,17,52,51,1
1775345819,51,48,0,1887,0,1887,low_activity,1.0,2135,0,2135,ok_volume,0.391,7034,3077,10111,ok_volume,0,0,0,22522,3077,25599,78099,44920,-0.2697,-272,-737,32,17,52,51,1
1775345820,51,48,0,36,0,36,low_activity,1.0,2033,0,2033,ok_volume,0.323,6016,3077,9093,ok_volume,0,0,0,22335,3077,25412,78099,44920,-0.2697,-36,-682,32,17,52,51,1
1775345821,50,49,0,54,94,148,low_activity,0.908,1941,94,2035,ok_volume,0.681,6070,1150,7220,ok_volume,54,94,148,22269,3171,25440,86229,46826,-0.2961,8130,7284,33,16,51,50,1
1775345822,50,49,0,181,94,275,low_total_volume,0.395,217,94,311,ok_volume,0.687,6197,1150,7347,ok_volume,130,0,130,21595,3171,24766,86099,46826,-0.2955,8000,7442,33,16,51,50,1
1775345823,50,49,0.751,661,94,755,ok_volume,0.751,661,94,755,ok_volume,0.706,6677,1150,7827,ok_volume,480,0,480,22038,3171,25209,85619,46926,-0.2919,7520,7224,33,16,51,50,1
1775345824,50,49,1.0,625,0,625,ok_volume,0.757,679,94,773,ok_volume,0.705,6635,1150,7785,ok_volume,18,0,18,22031,3171,25202,85601,46866,-0.2924,-628,7882,33,16,51,50,1
1775345825,50,49,1.0,540,0,540,ok_volume,0.769,721,94,815,ok_volume,0.699,6499,1150,7649,ok_volume,43,0,43,22074,3171,25245,90912,46851,-0.3198,4813,12385,33,16,51,50,1
1775345826,50,49,0,248,0,248,low_activity,1.0,855,0,855,ok_volume,0.705,6648,1150,7798,ok_volume,188,0,188,22197,3171,25368,90724,46851,-0.3189,5105,12353,33,16,51,50,1
1775345827,50,49,1.0,398,0,398,ok_volume,1.0,896,0,896,ok_volume,0.711,6816,1150,7966,ok_volume,168,0,168,22365,3171,25536,98069,46901,-0.353,12468,19934,33,16,51,50,1
1775345828,50,49,0,659,0,659,low_activity,1.0,719,0,719,ok_volume,0.72,7074,1150,8224,ok_volume,303,0,303,22502,3171,25673,99195,46901,-0.3579,8283,21096,33,16,51,50,1
1775345829,50,49,0.944,664,19,683,ok_volume,0.958,894,19,913,ok_volume,0.72,7176,1169,8345,ok_volume,193,19,212,22285,3190,25475,99002,46882,-0.3573,8278,20903,33,16,51,50,1
1775345830,50,49,0.926,496,19,515,ok_volume,0.956,852,19,871,ok_volume,0.719,7142,1169,8311,ok_volume,0,0,0,22239,3190,25429,99002,46882,-0.3573,933,20903,33,16,51,50,1
1775345831,50,49,0,240,19,259,low_total_volume,0.948,711,19,730,ok_volume,0.704,6727,1169,7896,ok_volume,47,0,47,20344,3190,23534,102955,47956,-0.3644,3760,16726,33,16,51,50,1
1775345832,50,49,0,609,0,609,low_activity,0.966,1105,19,1124,ok_volume,0.781,7289,894,8183,ok_volume,580,0,580,19943,3190,23133,102375,47956,-0.362,3373,16276,33,16,51,50,1
1775345833,50,49,1.0,750,0,750,ok_volume,0.96,943,19,962,ok_volume,0.781,7269,894,8163,ok_volume,141,0,141,19693,3190,22883,102234,47956,-0.3614,3232,16615,33,16,51,50,1
1775345834,50,49,1.0,976,0,976,ok_volume,1.0,1023,0,1023,ok_volume,0.783,7340,894,8234,ok_volume,275,0,275,19950,3190,23140,53153,47956,-0.0514,-49802,-32448,33,16,51,50,1
1775345835,50,49,1.0,586,0,586,ok_volume,1.0,1195,0,1195,ok_volume,0.777,7121,894,8015,ok_volume,172,0,172,20066,3190,23256,44142,47956,0.0414,-58233,-46770,33,16,51,50,1
1775345836,50,49,1.0,634,0,634,ok_volume,1.0,1337,0,1337,ok_volume,0.969,7265,113,7378,ok_volume,189,0,189,20245,3190,23435,52375,47956,-0.044,-49859,-38349,33,16,51,50,1
1775345837,50,49,1.0,556,0,556,ok_volume,1.0,970,0,970,ok_volume,0.968,6870,113,6983,ok_volume,195,0,195,20440,3190,23630,52180,47956,-0.0422,-973,-45889,33,16,51,50,1
1775345838,50,49,1.0,580,0,580,ok_volume,1.0,1025,0,1025,ok_volume,0.967,6700,113,6813,ok_volume,196,0,196,20443,3190,23633,51984,47953,-0.0403,7842,-47211,33,16,51,50,1
1775345839,50,49,1.0,391,0,391,ok_volume,1.0,752,0,752,ok_volume,0.966,6608,113,6721,ok_volume,0,0,0,19654,3190,22844,54684,47953,-0.0656,2309,-44318,34,16,51,50,1
1775345840,50,49,0,206,0,206,low_activity,1.0,590,0,590,ok_volume,0.966,6563,113,6676,ok_volume,10,0,10,19636,3190,22826,54674,47953,-0.0655,2494,-44328,34,16,51,50,1
1775345841,50,49,0,32,0,32,low_activity,1.0,423,0,423,ok_volume,0.966,6585,113,6698,ok_volume,46,0,46,19682,3190,22872,54628,47953,-0.0651,2644,-48327,34,16,51,50,1
1775345842,50,49,0,230,0,230,low_activity,1.0,426,0,426,ok_volume,0.966,6496,113,6609,ok_volume,198,0,198,11313,3190,14503,54430,47953,-0.0633,-254,-47945,34,16,51,50,1
1775345843,50,49,0,269,0,269,low_total_volume,0,279,0,279,low_total_volume,0.965,6286,113,6399,ok_volume,49,0,49,11177,3190,14367,54658,47953,-0.0653,-16,-47576,34,16,51,50,1
1775345844,50,49,1.0,624,0,624,ok_volume,1.0,656,0,656,ok_volume,0.964,6139,113,6252,ok_volume,386,0,386,11563,3190,14753,54272,47953,-0.0618,-356,1119,34,16,51,50,1
1775345845,50,49,1.0,647,0,647,ok_volume,1.0,867,0,867,ok_volume,0.965,6258,113,6371,ok_volume,224,0,224,11787,3190,14977,55228,47953,-0.0705,798,11086,34,16,51,50,1
1775345846,50,49,0,689,0,689,low_activity,1.0,936,0,936,ok_volume,0.964,6203,113,6316,ok_volume,112,0,112,11899,3190,15089,53333,47953,-0.0531,-1325,958,34,16,51,50,1
1775345847,50,49,1.0,456,0,456,ok_volume,1.0,882,0,882,ok_volume,0.951,4496,113,4609,ok_volume,144,0,144,11877,3190,15067,54972,47953,-0.0682,700,2792,34,16,51,50,1
1775345848,50,49,1.0,599,0,599,ok_volume,1.0,1197,0,1197,ok_volume,0.954,4824,113,4937,ok_volume,382,0,382,12084,3190,15274,54590,48053,-0.0637,-638,2606,34,16,51,50,1
1775345849,50,49,1.0,545,0,545,ok_volume,1.0,857,0,857,ok_volume,0.955,4861,113,4974,ok_volume,46,0,46,12038,3190,15228,54544,48053,-0.0633,1211,-140,34,16,51,50,1
1775345850,50,49,1.0,542,0,542,ok_volume,1.0,777,0,777,ok_volume,0.956,5002,113,5115,ok_volume,143,0,143,11157,3190,14347,54124,48053,-0.0594,-848,-550,34,16,51,50,1
1775345851,50,49,1.0,2674,0,2674,ok_volume,1.0,3182,0,3182,ok_volume,0.995,7444,19,7463,ok_volume,2510,0,2510,13667,1169,14836,51614,48053,-0.0357,-2976,-3014,34,16,51,50,1
1775345852,50,49,1.0,2749,0,2749,ok_volume,1.0,3150,0,3150,ok_volume,0.995,7429,19,7448,ok_volume,112,0,112,13779,1169,14948,51502,48053,-0.0346,-3042,-2928,34,16,51,50,1
1775345853,50,49,1.0,2948,0,2948,ok_volume,1.0,3126,0,3126,ok_volume,0.995,7289,19,7308,ok_volume,340,0,340,14119,1169,15288,51162,48053,-0.0313,-2962,-3496,34,16,51,50,1
1775345854,50,49,1.0,874,0,874,ok_volume,1.0,3511,0,3511,ok_volume,0.995,7693,19,7712,ok_volume,428,0,428,14482,1169,15651,50734,48053,-0.0271,-880,-3538,34,16,51,50,1
1775345855,50,49,1.0,886,0,886,ok_volume,1.0,3494,0,3494,ok_volume,0.995,7775,19,7794,ok_volume,133,0,133,14437,1169,15606,50601,48053,-0.0258,-901,-4627,34,16,51,50,1
1775345856,50,49,1.0,1367,0,1367,ok_volume,1.0,1819,0,1819,ok_volume,0.995,8408,19,8427,ok_volume,626,0,626,15219,1169,16388,49792,48053,-0.0178,-1370,-3541,34,16,51,50,1
1775345857,50,49,1.0,1056,0,1056,ok_volume,1.0,1818,0,1818,ok_volume,0.995,8351,19,8370,ok_volume,111,0,111,15329,1169,16498,47513,48053,0.0057,-3221,-7459,34,16,51,50,1
1775345858,50,49,1.0,871,0,871,ok_volume,1.0,1612,0,1612,ok_volume,0.995,8182,19,8201,ok_volume,134,0,134,15418,1169,16587,49150,48053,-0.0113,-1451,-5440,34,16,51,50,1
1775345859,50,49,0,273,0,273,low_total_volume,1.0,1218,0,1218,ok_volume,1.0,8017,0,8017,ok_volume,43,0,43,15361,1169,16530,49107,48053,-0.0108,-685,-5437,34,16,51,50,1
1775345860,50,49,0,238,0,238,low_total_volume,1.0,975,0,975,ok_volume,1.0,8093,0,8093,ok_volume,76,0,76,15403,1169,16572,49031,48054,-0.0101,1518,-5093,34,16,51,50,1
1775345861,50,49,1.0,420,0,420,ok_volume,1.0,665,0,665,ok_volume,1.0,8362,0,8362,ok_volume,306,0,306,15257,1169,16426,48715,48054,-0.0068,-435,-2899,34,16,51,50,1
1775345862,50,49,1.0,441,0,441,ok_volume,1.0,603,0,603,ok_volume,1.0,7849,0,7849,ok_volume,63,0,63,15320,894,16214,48652,48054,-0.0062,-455,-2850,34,16,51,50,1
1775345863,50,49,1.0,659,0,659,ok_volume,1.0,773,0,773,ok_volume,1.0,8012,0,8012,ok_volume,304,0,304,15463,894,16357,48348,48054,-0.003,-683,-2814,34,16,51,50,1
1775345864,50,49,1.0,827,0,827,ok_volume,1.0,1219,0,1219,ok_volume,1.0,8213,0,8213,ok_volume,487,0,487,15748,894,16642,43002,48054,0.0555,-5713,-7732,34,16,51,50,1
1775345865,50,49,1.0,1078,0,1078,ok_volume,1.0,1433,0,1433,ok_volume,1.0,8341,0,8341,ok_volume,303,0,303,15660,894,16554,42699,48054,0.059,-5953,-7902,34,16,51,50,1
1775345866,50,49,1.0,805,0,805,ok_volume,1.0,1158,0,1158,ok_volume,1.0,8183,0,8183,ok_volume,40,0,40,15655,113,15768,42659,48054,0.0595,-5689,-7133,34,16,51,50,1
1775345867,50,49,1.0,349,0,349,ok_volume,1.0,1127,0,1127,ok_volume,1.0,8006,0,8006,ok_volume,30,0,30,15095,113,15208,47762,48104,0.0036,4760,249,34,16,51,50,1
1775345868,50,49,1.0,1139,0,1139,ok_volume,1.0,1913,0,1913,ok_volume,1.0,8900,0,8900,ok_volume,1112,0,1112,15840,113,15953,46274,47215,0.0101,3575,-2876,34,16,51,50,1
1775345869,50,49,1.0,1370,0,1370,ok_volume,1.0,1701,0,1701,ok_volume,1.0,9162,0,9162,ok_volume,269,0,269,16017,113,16130,47800,47215,-0.0062,5141,-1307,34,16,51,50,1
1775345870,50,49,1.0,1661,0,1661,ok_volume,1.0,1710,0,1710,ok_volume,1.0,9461,0,9461,ok_volume,315,0,315,16280,113,16393,47482,47265,-0.0023,-280,-1549,34,16,51,50,1
1775345871,50,49,1.0,665,0,665,ok_volume,1.0,1773,0,1773,ok_volume,1.0,9533,0,9533,ok_volume,94,0,94,16374,113,16487,47388,47265,-0.0013,1114,-1327,34,16,51,50,1
1775345872,50,49,1.0,624,0,624,ok_volume,1.0,1976,0,1976,ok_volume,1.0,9556,0,9556,ok_volume,221,0,221,16307,113,16420,47167,47265,0.001,-633,-1485,34,16,51,50,1
1775345873,50,49,1.0,437,0,437,ok_volume,1.0,1008,0,1008,ok_volume,1.0,9629,0,9629,ok_volume,122,0,122,16167,113,16280,46995,47275,0.003,-487,-1353,34,16,51,50,1
1775345874,50,49,1.0,431,0,431,ok_volume,1.0,834,0,834,ok_volume,1.0,9340,0,9340,ok_volume,88,0,88,15740,113,15853,44483,47215,0.0298,-2905,1481,34,16,51,50,1
1775345875,50,49,1.0,304,0,304,ok_volume,1.0,619,0,619,ok_volume,1.0,9213,0,9213,ok_volume,94,0,94,15732,113,15845,46469,47215,0.008,-698,3770,34,16,51,50,1
1775345876,50,49,1.0,1207,0,1207,ok_volume,1.0,1550,0,1550,ok_volume,1.0,10147,0,10147,ok_volume,1037,0,1037,16623,113,16736,45432,47215,0.0192,-1563,2773,34,16,51,50,1
1775345877,50,49,1.0,1130,0,1130,ok_volume,1.0,1340,0,1340,ok_volume,1.0,10014,0,10014,ok_volume,16,0,16,14788,113,14901,41988,47215,0.0586,-2495,-5774,34,16,51,50,1
1775345878,50,49,1.0,1732,0,1732,ok_volume,1.0,1914,0,1914,ok_volume,1.0,10346,0,10346,ok_volume,696,0,696,15448,113,15561,41194,47215,0.0681,-5275,-5080,34,16,51,50,1
1775345879,50,49,1.0,1207,0,1207,ok_volume,1.0,2326,0,2326,ok_volume,1.0,10809,0,10809,ok_volume,500,0,500,15948,113,16061,42460,47215,0.053,-2972,-5340,34,16,51,50,1
1775345880,50,49,1.0,1856,0,1856,ok_volume,1.0,2892,0,2892,ok_volume,1.0,11328,0,11328,ok_volume,666,0,666,16614,113,16727,41365,47215,0.066,-623,-6117,34,16,51,50,1
1775345881,50,49,1.0,1188,0,1188,ok_volume,1.0,1895,0,1895,ok_volume,1.0,8860,0,8860,ok_volume,37,0,37,16597,19,16616,39574,47215,0.088,-1620,-7814,34,16,51,50,1
1775345882,50,49,1.0,1003,0,1003,ok_volume,1.0,2199,0,2199,ok_volume,1.0,9063,0,9063,ok_volume,316,0,316,16783,19,16802,88262,47165,-0.3035,45802,41095,33,16,51,50,1
1775345883,50,49,1.0,716,0,716,ok_volume,1.0,1876,0,1876,ok_volume,1.0,9096,0,9096,ok_volume,351,0,351,16676,19,16695,92615,47225,-0.3246,51250,45620,33,16,51,50,1
1775345884,50,49,1.0,1272,0,1272,ok_volume,1.0,1960,0,1960,ok_volume,1.0,9258,0,9258,ok_volume,584,0,584,17242,19,17261,92781,47165,-0.326,53207,48298,33,16,51,50,1
1775345885,50,49,1.0,1672,0,1672,ok_volume,1.0,2037,0,2037,ok_volume,1.0,9676,0,9676,ok_volume,737,0,737,17936,19,17955,92044,47165,-0.3224,3782,45575,33,16,51,50,1
1775345886,50,49,1.0,6633,0,6633,ok_volume,1.0,7321,0,7321,ok_volume,1.0,14362,0,14362,ok_volume,5312,0,5312,23060,19,23079,85689,47165,-0.29,-6926,40257,34,16,51,50,1
1775345887,50,49,1.0,6216,0,6216,ok_volume,1.0,7151,0,7151,ok_volume,1.0,14418,0,14418,ok_volume,167,0,167,23059,19,23078,85522,47165,-0.2891,-7259,43534,33,16,51,50,1
1775345888,50,49,1.0,5519,0,5519,ok_volume,1.0,6840,0,6840,ok_volume,1.0,14324,0,14324,ok_volume,40,0,40,22796,19,22815,87482,47165,-0.2994,-4562,46288,33,16,51,50,1
1775345889,50,49,1.0,696,0,696,ok_volume,1.0,6745,0,6745,ok_volume,1.0,14785,0,14785,ok_volume,452,0,452,23092,0,23092,86993,47165,-0.2969,1304,44533,33,16,51,50,1
1775345890,50,49,1.0,959,0,959,ok_volume,1.0,6438,0,6438,ok_volume,1.0,15129,0,15129,ok_volume,443,0,443,23535,0,23535,86260,47165,-0.293,738,44895,33,16,51,50,1
1775345891,50,49,1.0,1880,0,1880,ok_volume,1.0,2124,0,2124,ok_volume,1.0,15821,0,15821,ok_volume,138,0,138,24486,0,24486,86028,47165,-0.2918,-1454,46454,33,16,51,50,1
1775345892,50,49,1.0,2122,0,2122,ok_volume,1.0,2651,0,2651,ok_volume,1.0,16466,0,16466,ok_volume,694,0,694,24600,0,24600,88527,47160,-0.3049,1534,265,33,16,51,50,1
1775345893,50,49,1.0,832,0,832,ok_volume,1.0,2574,0,2574,ok_volume,1.0,16162,0,16162,ok_volume,0,0,0,24459,0,24459,88527,47160,-0.3049,2267,-4088,33,16,51,50,1
1775345894,50,49,1.0,943,0,943,ok_volume,1.0,2371,0,2371,ok_volume,1.0,15937,0,15937,ok_volume,249,2,251,24433,2,24435,88278,47158,-0.3036,2250,-4503,33,16,51,50,1
1775345895,50,49,0.903,391,20,411,ok_volume,0.968,1223,20,1243,ok_volume,0.997,15779,20,15799,ok_volume,142,20,162,24403,22,24425,88136,47138,-0.3031,-391,-3908,33,16,51,50,1
1775345896,50,49,0.939,635,20,655,ok_volume,0.97,1329,20,1349,ok_volume,0.998,15992,20,16012,ok_volume,253,0,253,24467,22,24489,88613,47138,-0.3055,86,2924,33,16,51,50,1
1775345897,50,49,0.95,777,20,797,ok_volume,0.962,1026,20,1046,ok_volume,0.998,16365,20,16385,ok_volume,400,0,400,24672,22,24694,88213,47138,-0.3035,-65,2691,33,16,51,50,1
1775345898,50,49,1.0,1593,0,1593,ok_volume,0.98,1984,20,2004,ok_volume,0.998,16233,20,16253,ok_volume,958,0,958,25434,22,25456,87023,47138,-0.2973,-1113,-459,33,16,51,50,1
1775345899,50,49,1.0,2304,0,2304,ok_volume,0.985,2690,20,2710,ok_volume,0.998,16926,20,16946,ok_volume,955,0,955,26389,22,26411,86068,47138,-0.2923,-2545,-925,33,16,51,50,1
1775345900,50,49,1.0,1972,0,1972,ok_volume,1.0,2607,0,2607,ok_volume,0.998,16676,20,16696,ok_volume,68,0,68,26447,22,26469,86000,47138,-0.2919,-2213,-260,33,16,51,50,1
1775345901,50,49,1.0,1014,0,1014,ok_volume,1.0,2363,0,2363,ok_volume,0.998,16582,20,16602,ok_volume,16,0,16,26417,22,26439,106381,47138,-0.3859,19358,20353,32,16,51,50,1
1775345902,50,49,0,95,0,95,low_activity,1.0,2008,0,2008,ok_volume,0.998,16397,20,16417,ok_volume,36,0,36,26255,22,26277,106345,47138,-0.3858,20277,17818,32,16,51,50,1
1775345903,50,49,0,105,0,105,low_activity,1.0,1119,0,1119,ok_volume,0.998,16344,20,16364,ok_volume,69,0,69,26275,22,26297,106276,47138,-0.3855,20276,17749,32,16,51,50,1
1775345904,50,49,0,123,0,123,low_total_volume,0,182,0,182,low_total_volume,0.998,16274,20,16294,ok_volume,18,0,18,25907,22,25929,106258,47138,-0.3854,-123,17980,32,16,51,50,1
1775345905,50,49,0,298,0,298,low_activity,1.0,334,0,334,ok_volume,0.998,16391,20,16411,ok_volume,211,0,211,25895,22,25917,106046,47138,-0.3846,-299,17910,32,16,51,50,1
1775345906,50,49,1.0,484,0,484,ok_volume,1.0,589,0,589,ok_volume,0.997,15621,20,15641,ok_volume,255,0,255,26038,22,26060,105791,47138,-0.3835,-485,17178,32,16,51,50,1
1775345907,50,49,1.0,682,0,682,ok_volume,1.0,769,0,769,ok_volume,0.997,15826,20,15846,ok_volume,216,0,216,26110,22,26132,105575,47138,-0.3827,-683,17362,32,16,51,50,1
1775345908,50,49,1.0,522,0,522,ok_volume,1.0,751,0,751,ok_volume,0.997,15181,20,15201,ok_volume,60,0,60,25788,22,25810,105515,47138,-0.3824,-531,18492,32,16,51,50,1
1775345909,50,49,1.0,308,0,308,ok_volume,1.0,774,0,774,ok_volume,0.997,14722,20,14742,ok_volume,50,0,50,25792,22,25814,105465,47138,-0.3822,-326,19397,32,16,51,50,1
1775345910,50,49,1.0,438,0,438,ok_volume,1.0,909,0,909,ok_volume,0.997,14408,20,14428,ok_volume,346,0,346,25995,22,26017,105396,47457,-0.3791,-179,19396,32,16,51,50,1
1775345911,50,49,1.0,604,0,604,ok_volume,1.0,871,0,871,ok_volume,0.997,14597,20,14617,ok_volume,217,0,217,23702,22,23724,105179,47457,-0.3782,-336,-1202,32,16,51,50,1
1775345912,50,49,1.0,608,0,608,ok_volume,1.0,700,0,700,ok_volume,0.997,14305,20,14325,ok_volume,45,0,45,23635,22,23657,105134,47457,-0.378,-331,-1211,32,16,51,50,1
1775345913,50,49,1.0,516,0,516,ok_volume,1.0,903,0,903,ok_volume,0.997,14208,20,14228,ok_volume,254,0,254,23549,22,23571,106586,47457,-0.3838,1190,310,32,16,51,50,1
1775345914,50,49,1.0,1363,0,1363,ok_volume,1.0,1926,0,1926,ok_volume,0.997,14688,20,14708,ok_volume,1073,0,1073,24194,22,24216,105013,47465,-0.3774,-166,-1245,32,16,51,50,1
1775345915,50,49,1.0,1430,0,1430,ok_volume,1.0,1692,0,1692,ok_volume,0.997,14063,20,14083,ok_volume,112,0,112,23978,22,24000,104901,47465,-0.377,-233,-1145,32,16,51,50,1
1775345916,50,49,1.0,1270,0,1270,ok_volume,1.0,1569,0,1569,ok_volume,0.995,8845,20,8865,ok_volume,94,0,94,23446,22,23468,104807,47465,-0.3766,-1779,-984,32,16,51,50,1
1775345917,50,49,1.0,316,0,316,ok_volume,1.0,1634,0,1634,ok_volume,0.995,8788,20,8808,ok_volume,111,0,111,23446,22,23468,104696,47465,-0.3761,-317,-879,32,16,51,50,1
1775345918,50,49,1.0,308,0,308,ok_volume,1.0,1484,0,1484,ok_volume,0.995,8815,20,8835,ok_volume,118,0,118,23430,22,23452,104578,47465,-0.3756,-323,-937,32,16,51,50,1
1775345919,50,49,1.0,416,0,416,ok_volume,1.0,622,0,622,ok_volume,0.995,8565,20,8585,ok_volume,202,0,202,23589,22,23611,104376,47465,-0.3748,-431,-1089,32,16,51,50,1
1775345920,50,49,0,306,0,306,low_activity,1.0,510,0,510,ok_volume,0.995,7275,20,7295,ok_volume,0,0,0,23503,22,23525,104376,47465,-0.3748,-320,-1020,32,16,51,50,1
1775345921,50,49,0,202,0,202,low_activity,1.0,416,0,416,ok_volume,0.994,7137,20,7157,ok_volume,0,0,0,23197,22,23219,104376,47465,-0.3748,-202,-803,32,16,51,50,1
1775345922,50,49,1.0,322,0,322,ok_volume,1.0,628,0,628,ok_volume,0.994,6765,20,6785,ok_volume,322,0,322,23456,22,23478,104054,47465,-0.3735,-322,-1080,32,16,51,50,1
1775345923,50,49,1.0,340,0,340,ok_volume,1.0,542,0,542,ok_volume,0.994,6783,20,6803,ok_volume,23,0,23,23175,22,23197,104031,47465,-0.3734,-345,-2555,32,16,51,50,1
1775345924,50,49,1.0,358,0,358,ok_volume,1.0,358,0,358,ok_volume,0.994,6552,20,6572,ok_volume,18,0,18,22706,22,22728,103736,47146,-0.3751,-640,-1277,32,16,51,50,1
1775345925,50,49,1.0,772,0,772,ok_volume,1.0,1094,0,1094,ok_volume,1.0,7146,0,7146,ok_volume,738,0,738,23141,22,23163,102998,47146,-0.372,-1056,-1903,32,16,51,50,1
1775345926,50,49,1.0,798,0,798,ok_volume,1.0,1138,0,1138,ok_volume,1.0,6946,0,6946,ok_volume,44,0,44,23163,22,23185,102936,47046,-0.3726,-1095,-1871,32,16,51,50,1
1775345927,50,49,1.0,780,0,780,ok_volume,1.0,816,0,816,ok_volume,1.0,6555,0,6555,ok_volume,0,0,0,23124,22,23146,102459,47046,-0.3706,-1277,-2237,32,16,51,50,1
1775345928,50,49,1.0,349,0,349,ok_volume,1.0,1121,0,1121,ok_volume,1.0,5920,0,5920,ok_volume,323,0,323,22335,22,22357,103989,47046,-0.377,991,-589,32,16,51,50,1
1775345929,50,49,1.0,370,0,370,ok_volume,1.0,1150,0,1150,ok_volume,1.0,5012,0,5012,ok_volume,36,0,36,22110,22,22132,103692,47246,-0.374,756,-684,32,16,51,50,1
1775345930,50,49,1.0,629,0,629,ok_volume,1.0,655,0,655,ok_volume,1.0,5212,0,5212,ok_volume,277,0,277,22072,22,22094,103695,47565,-0.3711,1236,-681,32,16,51,50,1
1775345931,50,49,1.0,542,0,542,ok_volume,1.0,876,0,876,ok_volume,1.0,5459,0,5459,ok_volume,247,0,247,22225,22,22247,103448,47565,-0.3701,-541,-928,32,16,51,50,1
1775345932,50,49,1.0,1319,0,1319,ok_volume,1.0,1689,0,1689,ok_volume,1.0,6236,0,6236,ok_volume,815,0,815,22819,22,22841,102633,47565,-0.3666,-1059,-1421,32,16,51,50,1
1775345933,50,49,1.0,1172,0,1172,ok_volume,1.0,1467,0,1467,ok_volume,1.0,6279,0,6279,ok_volume,115,0,115,22803,22,22825,102518,47565,-0.3662,-1177,-1513,32,16,51,50,1
1775345934,50,49,1.0,956,0,956,ok_volume,1.0,1462,0,1462,ok_volume,1.0,6292,0,6292,ok_volume,39,0,39,22754,22,22776,102479,47565,-0.366,-969,-1257,32,16,51,50,1
1775345935,50,49,1.0,804,0,804,ok_volume,1.0,1864,0,1864,ok_volume,1.0,6742,0,6742,ok_volume,661,0,661,23321,22,23343,101818,47565,-0.3632,-815,-1180,32,16,51,50,1
1775345936,50,49,0,739,0,739,low_activity,1.0,1664,0,1664,ok_volume,1.0,6534,0,6534,ok_volume,47,0,47,22331,22,22353,51891,47565,-0.0435,-50627,-51045,33,16,51,50,1
1775345937,50,49,1.0,4474,0,4474,ok_volume,1.0,4617,0,4617,ok_volume,1.0,10084,0,10084,ok_volume,3766,0,3766,26081,22,26103,45166,47565,0.0259,-57313,-57293,34,16,51,50,1
1775345938,50,49,1.0,3831,0,3831,ok_volume,1.0,4523,0,4523,ok_volume,1.0,10051,0,10051,ok_volume,21,0,21,25406,22,25428,45721,47246,0.0164,-56097,-58268,34,16,51,50,1
1775345939,50,49,1.0,4222,0,4222,ok_volume,1.0,4930,0,4930,ok_volume,1.0,10448,0,10448,ok_volume,66,0,66,25344,22,25366,47487,47314,-0.0018,-4404,-56205,34,16,51,50,1
1775345940,50,49,1.0,1697,0,1697,ok_volume,1.0,5510,0,5510,ok_volume,1.0,11343,0,11343,ok_volume,1243,0,1243,25921,22,25943,45826,47314,0.016,660,-57869,34,16,51,50,1
1775345941,50,49,1.0,1307,0,1307,ok_volume,1.0,5463,0,5463,ok_volume,1.0,11126,0,11126,ok_volume,5,0,5,25889,22,25911,43935,47314,0.037,-1786,-59513,34,16,51,50,1
1775345942,50,49,1.0,1349,0,1349,ok_volume,1.0,1805,0,1805,ok_volume,1.0,11189,0,11189,ok_volume,108,0,108,25659,22,25681,49182,47314,-0.0194,1695,-53451,34,16,51,50,1
1775345943,50,49,0,355,0,355,low_activity,1.0,1662,0,1662,ok_volume,1.0,11182,0,11182,ok_volume,247,0,247,25555,22,25577,50821,47314,-0.0357,4995,-51697,34,16,51,50,1
1775345944,50,49,1.0,410,0,410,ok_volume,1.0,1651,0,1651,ok_volume,1.0,10173,0,10173,ok_volume,59,0,59,25030,22,25052,50762,47314,-0.0352,6827,-51717,34,16,51,50,1
1775345945,50,49,1.0,1178,0,1178,ok_volume,1.0,1286,0,1286,ok_volume,1.0,10937,0,10937,ok_volume,876,0,876,25169,22,25191,42256,47314,0.0565,-6926,-59562,34,16,51,50,1
1775345946,50,49,1.0,1288,0,1288,ok_volume,1.0,1643,0,1643,ok_volume,1.0,11200,0,11200,ok_volume,357,0,357,20214,22,20236,45362,47314,0.0211,-5459,-6529,34,16,51,50,1
1775345947,50,49,1.0,1383,0,1383,ok_volume,1.0,1685,0,1685,ok_volume,1.0,11240,0,11240,ok_volume,159,0,159,20206,22,20228,45203,47314,0.0228,-5559,37,34,16,51,50,1
1775345948,50,49,1.0,657,0,657,ok_volume,1.0,1588,0,1588,ok_volume,1.0,11286,0,11286,ok_volume,159,0,159,20288,22,20310,45044,47314,0.0246,2788,-677,34,16,51,50,1
1775345949,50,49,0,300,0,300,low_activity,1.0,1533,0,1533,ok_volume,1.0,11084,0,11084,ok_volume,5,0,5,19841,22,19863,45039,47314,0.0246,-323,-2448,34,16,51,50,1
1775345950,50,49,1.0,1353,0,1353,ok_volume,1.0,1860,0,1860,ok_volume,1.0,12287,0,12287,ok_volume,1203,0,1203,19741,22,19763,43836,47314,0.0382,-1367,-1990,34,16,51,50,1
1775345951,50,49,0.936,1428,47,1475,ok_volume,0.947,1728,47,1775,ok_volume,0.993,12512,47,12559,ok_volume,234,47,281,19837,69,19906,43602,47267,0.0403,-1442,-333,34,16,51,50,1
1775345952,50,49,0.94,1522,47,1569,ok_volume,0.945,1672,47,1719,ok_volume,0.992,12284,47,12331,ok_volume,101,0,101,19244,69,19313,41146,47267,0.0692,-3893,-8036,34,16,51,50,1
1775345953,50,49,0.784,388,47,435,ok_volume,0.943,1591,47,1638,ok_volume,0.992,12335,47,12382,ok_volume,69,0,69,19313,69,19382,41925,47267,0.0599,-1911,-8896,34,16,51,50,1
1775345954,50,49,0,223,0,223,low_total_volume,0.945,1651,47,1698,ok_volume,0.992,12377,47,12424,ok_volume,81,0,81,19145,67,19212,43840,47267,0.0376,238,-6922,34,16,51,50,1
1775345955,50,49,1.0,774,0,774,ok_volume,0.918,1093,47,1140,ok_volume,0.992,12268,47,12315,ok_volume,645,0,645,19648,47,19695,43220,47267,0.0447,2074,964,34,16,51,50,1
1775345956,50,49,1.0,838,0,838,ok_volume,1.0,1001,0,1001,ok_volume,0.992,12375,47,12422,ok_volume,116,0,116,19537,47,19584,19485,45817,0.4032,-22440,-25877,35,16,51,50,1
1775345957,52,47,1.0,1952,0,1952,ok_volume,1.0,2081,0,2081,ok_volume,0.993,13549,47,13596,ok_volume,1174,3,1177,20311,50,20361,16397,44568,0.4621,-27443,-28806,31,19,53,52,1
1775345958,52,47,1.0,1299,0,1299,ok_volume,1.0,2030,0,2030,ok_volume,0.993,13233,47,13280,ok_volume,18,0,18,19371,50,19421,16104,42932,0.4544,-27116,-28940,31,18,53,52,1
1775345959,51,47,1.0,1192,0,1192,ok_volume,1.0,1970,0,1970,ok_volume,0.993,13197,47,13244,ok_volume,0,0,0,18416,50,18466,24653,45335,0.2955,5168,-20386,31,17,53,51,2
1775345960,51,47,0,1045,0,1045,low_activity,1.0,2326,0,2326,ok_volume,0.993,13965,47,14012,ok_volume,1027,0,1027,19375,50,19425,26801,46335,0.2671,10404,-17035,31,17,53,51,2
1775345961,52,47,1.0,1336,0,1336,ok_volume,1.0,2528,0,2528,ok_volume,0.993,14027,47,14074,ok_volume,309,0,309,19668,50,19718,28555,46310,0.2372,12451,-15047,31,18,53,52,1
1775345962,52,47,1.0,1478,0,1478,ok_volume,1.0,1496,0,1496,ok_volume,0.993,13356,47,13403,ok_volume,142,0,142,19774,50,19824,26852,46310,0.266,2199,-14294,31,18,53,52,1
1775345963,52,47,1.0,606,0,606,ok_volume,1.0,1633,0,1633,ok_volume,0.993,13399,47,13446,ok_volume,155,0,155,19860,50,19910,28458,46310,0.2388,1657,-13467,31,18,53,52,1
1775345964,52,47,1.0,430,0,430,ok_volume,1.0,1766,0,1766,ok_volume,0.993,13501,47,13548,ok_volume,142,0,142,19983,50,20033,28316,46310,0.2411,-239,-15524,31,18,53,52,1
1775345965,52,47,1.0,1290,0,1290,ok_volume,1.0,1741,0,1741,ok_volume,0.993,13842,47,13889,ok_volume,1002,0,1002,20774,50,20824,26806,46435,0.268,-46,-16414,31,18,53,52,1
1775345966,52,47,1.0,1189,0,1189,ok_volume,1.0,1486,0,1486,ok_volume,0.993,13849,47,13896,ok_volume,54,0,54,20573,50,20623,28367,46435,0.2415,-91,8882,31,18,53,52,1
1775345967,52,47,1.0,1569,0,1569,ok_volume,1.0,1857,0,1857,ok_volume,0.991,10596,47,10643,ok_volume,513,0,513,20870,50,20920,29354,46435,0.2254,1038,12957,31,18,53,52,1
1775345968,51,47,1.0,657,0,657,ok_volume,1.0,1792,0,1792,ok_volume,0.991,10296,47,10343,ok_volume,90,0,90,20900,50,20950,71364,45435,-0.222,44558,55260,31,17,53,51,2
1775345969,51,47,1.0,703,0,703,ok_volume,1.0,1759,0,1759,ok_volume,0.991,10330,47,10377,ok_volume,100,0,100,20950,50,21000,76475,46435,-0.2444,48108,51822,31,17,53,51,2
1775345970,51,47,0,467,0,467,low_activity,1.0,1034,0,1034,ok_volume,0.99,9366,47,9413,ok_volume,277,0,277,20881,50,20931,74571,46367,-0.2332,45217,47770,31,17,53,51,2
1775345971,51,47,0,377,0,377,low_activity,1.0,980,0,980,ok_volume,0.99,9366,47,9413,ok_volume,0,0,0,20664,50,20714,75303,46367,-0.2378,3939,46748,31,17,53,51,2
1775345972,51,47,1.0,401,0,401,ok_volume,1.0,591,0,591,ok_volume,0.99,9382,47,9429,ok_volume,128,0,128,20747,50,20797,75365,45599,-0.2461,-1110,48513,31,17,53,51,2
1775345973,51,47,1.0,544,0,544,ok_volume,1.0,921,0,921,ok_volume,0.99,9555,47,9602,ok_volume,429,0,429,20922,50,20972,74936,45599,-0.2434,365,46478,31,17,53,51,2
1775345974,51,47,1.0,572,0,572,ok_volume,1.0,849,0,849,ok_volume,0.99,9528,47,9575,ok_volume,28,0,28,19877,50,19927,74908,45599,-0.2432,-395,46592,31,17,53,51,2
1775345975,51,47,1.0,892,0,892,ok_volume,1.0,1016,0,1016,ok_volume,0.99,9096,47,9143,ok_volume,453,0,453,20218,50,20268,74335,45599,-0.2396,-1030,47529,30,17,53,51,2
1775345976,51,47,1.0,515,0,515,ok_volume,1.0,1059,0,1059,ok_volume,0.989,8782,47,8829,ok_volume,43,0,43,20167,50,20217,74292,45599,-0.2393,-644,45925,30,17,53,51,2
1775345977,51,47,1.0,1228,0,1228,ok_volume,1.0,1676,0,1676,ok_volume,0.99,9373,47,9420,ok_volume,741,0,741,20797,50,20847,73551,45599,-0.2346,-1357,44197,30,17,53,51,2
1775345978,51,47,1.0,829,0,829,ok_volume,1.0,1301,0,1301,ok_volume,0.99,9268,47,9315,ok_volume,45,0,45,20724,50,20774,73506,45599,-0.2343,-829,2142,30,17,53,51,2
1775345979,51,47,1.0,965,0,965,ok_volume,1.0,1452,0,1452,ok_volume,0.99,9447,47,9494,ok_volume,179,0,179,20701,50,20751,73327,45659,-0.2325,-965,-3148,30,17,53,51,2
1775345980,51,47,0,242,0,242,low_total_volume,1.0,1026,0,1026,ok_volume,0.989,8262,47,8309,ok_volume,18,0,18,20719,50,20769,73309,45659,-0.2324,-242,-1262,30,17,53,51,2
1775345981,51,47,1.0,904,0,904,ok_volume,1.0,1690,0,1690,ok_volume,1.0,8744,0,8744,ok_volume,707,0,707,21426,50,21476,72602,45659,-0.2278,-904,-2701,30,17,53,51,2
1775345982,51,48,1.0,1093,0,1093,ok_volume,1.0,1317,0,1317,ok_volume,1.0,9018,0,9018,ok_volume,383,0,383,21487,57,21544,71300,44849,-0.2277,-2027,-4065,31,17,52,51,1
1775345983,51,47,1.0,1120,0,1120,ok_volume,1.0,1317,0,1317,ok_volume,1.0,8994,0,8994,ok_volume,45,0,45,21509,57,21566,71255,44849,-0.2274,-2054,-3681,30,17,53,51,2
1775345984,51,47,1.0,813,0,813,ok_volume,1.0,1538,0,1538,ok_volume,1.0,9334,0,9334,ok_volume,400,0,400,21891,57,21948,71075,44849,-0.2262,-1527,-3833,30,17,53,51,2
1775345985,51,48,1.0,491,0,491,ok_volume,1.0,1566,0,1566,ok_volume,1.0,8709,0,8709,ok_volume,46,0,46,21181,57,21238,71069,45659,-0.2177,-231,-3266,31,17,52,51,1
1775345986,51,48,1.0,446,0,446,ok_volume,1.0,859,0,859,ok_volume,1.0,8602,0,8602,ok_volume,10,0,10,21147,57,21204,80596,45694,-0.2764,9341,6304,31,17,52,51,1
1775345987,51,48,0,46,0,46,low_activity,1.0,491,0,491,ok_volume,1.0,7428,0,7428,ok_volume,19,0,19,21166,57,21223,80577,45388,-0.2794,9502,7026,31,17,52,51,1
1775345988,51,48,0,2096,0,2096,low_activity,1.0,2542,0,2542,ok_volume,1.0,9506,0,9506,ok_volume,2101,0,2101,22942,57,22999,78467,45388,-0.2671,7398,4961,31,17,52,51,1
1775345989,51,48,0,2143,0,2143,low_activity,1.0,2189,0,2189,ok_volume,1.0,9553,0,9553,ok_volume,47,0,47,22953,57,23010,78420,45388,-0.2668,-2176,5093,31,17,52,51,1
1775345990,51,48,1.0,4914,0,4914,ok_volume,1.0,4914,0,4914,ok_volume,1.0,11297,0,11297,ok_volume,2771,0,2771,25447,57,25504,75649,45388,-0.25,-4928,2340,31,17,52,51,1
1775345991,51,48,0.958,2828,60,2888,ok_volume,0.976,4924,60,4984,ok_volume,0.989,10998,60,11058,ok_volume,18,60,78,25228,117,25345,75621,45328,-0.2505,-2846,3019,31,17,52,51,1
1775345992,51,48,0.966,3499,60,3559,ok_volume,0.979,5642,60,5702,ok_volume,0.99,11574,60,11634,ok_volume,718,0,718,25131,117,25248,74903,45328,-0.246,-3517,3603,31,17,52,51,1
1775345993,51,48,0,718,60,778,low_activity,0.967,3546,60,3606,ok_volume,0.99,11419,60,11479,ok_volume,9,0,9,25025,117,25142,74894,45328,-0.2459,-755,3639,31,17,52,51,1
1775345994,51,48,0,1027,0,1027,low_activity,0.969,3808,60,3868,ok_volume,0.99,11595,60,11655,ok_volume,318,0,318,25304,117,25421,74576,45328,-0.2439,-1045,3501,31,17,52,51,1
1775345995,51,48,0,320,0,320,low_activity,0.891,1038,60,1098,ok_volume,0.989,10604,60,10664,ok_volume,0,0,0,24654,117,24771,74565,45328,-0.2439,-338,3496,31,17,52,51,1
1775345996,51,48,0,2245,50,2295,low_activity,0.967,2963,50,3013,ok_volume,0.983,12475,110,12585,ok_volume,1929,50,1979,26536,167,26703,72636,45278,-0.232,-2258,-7960,31,17,52,51,1
1775345997,51,48,0.955,2168,50,2218,ok_volume,0.961,2488,50,2538,ok_volume,0.982,12205,110,12315,ok_volume,243,0,243,23013,167,23180,74393,45278,-0.2433,-183,-6184,31,17,52,51,1
1775345998,51,48,0.961,2537,50,2587,ok_volume,0.966,2857,50,2907,ok_volume,0.983,12484,110,12594,ok_volume,371,0,371,22998,167,23165,74015,45278,-0.2409,-550,-4452,31,17,52,51,1
1775345999,51,48,1.0,647,0,647,ok_volume,0.962,2572,50,2622,ok_volume,0.982,12419,110,12529,ok_volume,35,0,35,22967,167,23134,73977,45278,-0.2407,1341,-4443,31,17,52,51,1
1775346000,51,48,0,404,0,404,low_activity,0.962,2572,50,2622,ok_volume,0.982,12142,110,12252,ok_volume,9,0,9,21733,167,21900,69177,44379,-0.2184,-5216,-6472,31,17,52,51,1
1775346001,51,48,0,258,0,258,low_activity,1.0,870,0,870,ok_volume,0.982,12365,110,12475,ok_volume,223,0,223,21951,167,22118,68675,44104,-0.2179,-5340,-6946,30,17,52,51,1
1775346002,51,48,0,316,0,316,low_activity,1.0,720,0,720,ok_volume,0.982,12334,110,12444,ok_volume,94,0,94,21937,167,22104,68581,44089,-0.2174,-5396,-6322,30,17,52,51,1
1775346003,51,48,0,362,0,362,low_activity,1.0,397,0,397,ok_volume,0.982,11960,110,12070,ok_volume,46,0,46,21736,167,21903,68535,44089,-0.2171,-642,-6359,30,17,52,51,1
1775346004,51,48,0,150,0,150,low_activity,1.0,373,0,373,ok_volume,0.982,11943,110,12053,ok_volume,11,0,11,21688,167,21855,68524,44089,-0.217,-151,-6052,30,17,52,51,1
1775346005,51,48,0,210,0,210,low_activity,1.0,526,0,526,ok_volume,0.981,11652,110,11762,ok_volume,153,0,153,20965,167,21132,68371,44089,-0.2159,-210,-6194,30,17,52,51,1
1775346006,51,48,0,164,0,164,low_activity,1.0,303,0,303,ok_volume,0.981,11609,110,11719,ok_volume,0,0,0,20608,167,20775,68371,44089,-0.2159,-164,-4265,30,17,52,51,1
1775346007,51,48,0,236,0,236,low_activity,0,293,0,293,low_total_volume,0.98,10951,110,11061,ok_volume,83,0,83,20532,167,20699,68288,44089,-0.2153,-236,-6105,30,17,52,51,1
1775346008,51,48,0,205,0,205,low_activity,1.0,369,0,369,ok_volume,0.98,11028,110,11138,ok_volume,131,0,131,20504,167,20671,68157,44089,-0.2144,-214,-5858,30,17,52,51,1
1775346009,51,48,1.0,314,0,314,ok_volume,1.0,467,0,467,ok_volume,0.98,10958,110,11068,ok_volume,109,0,109,20608,167,20775,68048,43279,-0.2225,-323,-5929,30,17,52,51,1
1775346010,51,48,1.0,506,0,506,ok_volume,1.0,589,0,589,ok_volume,0.981,11215,110,11325,ok_volume,284,0,284,19689,167,19856,67764,43279,-0.2205,-524,-1413,30,17,52,51,1
1775346011,51,48,1.0,384,0,384,ok_volume,1.0,589,0,589,ok_volume,0.979,10508,110,10618,ok_volume,13,0,13,19468,120,19588,67751,43279,-0.2204,-406,-924,30,17,52,51,1
1775346012,51,48,0,435,0,435,low_activity,1.0,666,0,666,ok_volume,0.979,10300,110,10410,ok_volume,163,0,163,19530,120,19650,67588,43279,-0.2193,-460,-993,30,17,52,51,1
1775346013,51,48,0,2206,0,2206,low_activity,1.0,2590,0,2590,ok_volume,0.982,12301,110,12411,ok_volume,2046,0,2046,21507,120,21627,65542,44089,-0.1957,-2222,-2993,30,17,52,51,1
1775346014,51,47,0,2226,0,2226,low_activity,1.0,2501,0,2501,ok_volume,0.982,11921,110,12031,ok_volume,27,0,27,21473,120,21593,64695,44089,-0.1894,-3056,-3829,28,17,53,51,2
1775346015,51,47,0.991,2139,10,2149,ok_volume,0.991,2299,10,2309,ok_volume,0.98,11948,120,12068,ok_volume,73,10,83,20875,130,21005,65622,44029,-0.1969,-1966,-2749,29,17,53,51,2
1775346016,51,47,0,87,10,97,low_activity,0.991,2313,10,2323,ok_volume,0.98,11962,120,12082,ok_volume,23,0,23,20782,130,20912,65599,44029,-0.1968,57,-2772,29,17,53,51,2
1775346017,51,47,0,87,10,97,low_activity,0.991,2153,10,2163,ok_volume,0.98,11962,120,12082,ok_volume,0,0,0,19608,127,19735,65599,44029,-0.1968,904,-2689,29,17,53,51,2
1775346018,51,47,0,276,0,276,low_activity,0.944,349,10,359,ok_volume,0.977,10128,120,10248,ok_volume,271,0,271,19861,127,19988,65378,44029,-0.1951,-244,-2779,29,17,53,51,2
1775346019,51,47,0,469,0,469,low_activity,0.965,556,10,566,ok_volume,0.977,10288,120,10408,ok_volume,216,0,216,20077,127,20204,65362,44029,-0.195,-237,-2686,29,17,53,51,2
1775346020,51,47,1.0,496,0,496,ok_volume,1.0,510,0,510,ok_volume,0.969,7534,120,7654,ok_volume,27,0,27,19077,127,19204,65338,44029,-0.1948,-261,-2426,29,17,53,51,2
1775346021,51,47,0,289,0,289,low_total_volume,1.0,551,0,551,ok_volume,0.984,7589,60,7649,ok_volume,55,0,55,18823,127,18950,65283,44029,-0.1944,-95,-2468,29,17,53,51,2
1775346022,51,47,1.0,319,0,319,ok_volume,1.0,788,0,788,ok_volume,0.983,7108,60,7168,ok_volume,237,0,237,18918,127,19045,65046,44029,-0.1927,-316,-2542,29,17,53,51,2
1775346023,51,47,0,292,0,292,low_total_volume,1.0,526,0,526,ok_volume,0.983,7108,60,7168,ok_volume,0,0,0,18763,127,18890,65046,44485,-0.1877,-292,-496,29,17,53,51,2
1775346024,51,47,1.0,1236,0,1236,ok_volume,1.0,1318,0,1318,ok_volume,0.985,7787,60,7847,ok_volume,1016,0,1016,19637,127,19764,64030,44485,-0.1801,-1253,-665,29,17,53,51,2
1775346025,51,47,1.0,1570,0,1570,ok_volume,1.0,1862,0,1862,ok_volume,0.986,8358,60,8418,ok_volume,580,0,580,19215,127,19342,63450,44485,-0.1757,-1596,-2172,29,17,53,51,2
1775346026,51,47,1.0,2388,0,2388,ok_volume,1.0,2625,0,2625,ok_volume,0.997,7251,10,7261,ok_volume,620,0,620,19979,127,20106,64522,44485,-0.1838,-524,-1077,29,17,53,51,2
1775346027,51,47,1.0,1407,0,1407,ok_volume,1.0,2406,0,2406,ok_volume,0.997,7026,10,7036,ok_volume,27,0,27,19493,127,19620,64495,44485,-0.1836,465,-1104,29,17,53,51,2
1775346028,51,47,1.0,668,0,668,ok_volume,1.0,2436,0,2436,ok_volume,0.997,6687,10,6697,ok_volume,30,0,30,19433,127,19560,64465,44485,-0.1834,1015,-913,29,17,53,51,2
1775346029,51,47,0,48,0,48,low_activity,1.0,1437,0,1437,ok_volume,0.997,6652,10,6662,ok_volume,1,0,1,19334,127,19461,64464,44485,-0.1834,-58,-898,29,17,53,51,2
1775346030,51,47,0.932,1021,36,1057,ok_volume,0.958,1659,36,1695,ok_volume,0.988,7643,46,7689,ok_volume,994,36,1030,20056,163,20219,63465,44449,-0.1762,-1030,-1873,29,17,53,51,2
1775346031,51,47,0,991,36,1027,low_activity,0.933,1039,36,1075,ok_volume,0.988,7420,46,7466,ok_volume,3,0,3,20059,163,20222,63462,44449,-0.1762,-1003,-1821,29,17,53,51,2
1775346032,51,47,0.932,1027,36,1063,ok_volume,0.934,1057,36,1093,ok_volume,0.988,7363,46,7409,ok_volume,36,0,36,19967,163,20130,59426,28834,-0.3466,-5038,-5620,29,17,53,51,2
1775346033,51,47,0,209,0,209,low_activity,0.942,1200,36,1236,ok_volume,0.988,7490,46,7536,ok_volume,176,0,176,19714,163,19877,59250,28834,-0.3453,-4215,-5796,29,17,53,51,2
1775346034,52,47,0,296,0,296,low_total_volume,0.946,1287,36,1323,ok_volume,0.988,7566,46,7612,ok_volume,36,0,36,19773,163,19936,59163,28854,-0.3444,-4299,-4867,29,18,53,52,1
1775346035,52,47,1.0,690,0,690,ok_volume,1.0,726,0,726,ok_volume,0.988,7843,46,7889,ok_volume,166,0,166,19750,163,19913,58733,28854,-0.3411,-693,-4717,29,18,53,52,1
1775346036,52,47,1.0,659,0,659,ok_volume,1.0,919,0,919,ok_volume,0.989,8036,46,8082,ok_volume,202,0,202,19909,163,20072,58531,28854,-0.3396,-719,-5991,29,18,53,52,1
1775346037,52,47,1.0,571,0,571,ok_volume,1.0,1095,0,1095,ok_volume,0.989,8165,46,8211,ok_volume,212,0,212,19380,163,19543,58319,28854,-0.338,-844,-6176,29,18,53,52,1
1775346038,52,47,1.0,423,0,423,ok_volume,1.0,889,0,889,ok_volume,0.989,8061,46,8107,ok_volume,18,0,18,19353,163,19516,58301,28854,-0.3379,-432,-6164,29,18,53,52,1
1775346039,52,47,1.0,340,0,340,ok_volume,1.0,699,0,699,ok_volume,0.989,8062,46,8108,ok_volume,102,0,102,19306,163,19469,58169,28914,-0.3359,-362,-6295,29,18,53,52,1
1775346040,52,47,1.0,436,0,436,ok_volume,1.0,841,0,841,ok_volume,0.989,8095,46,8141,ok_volume,308,0,308,19596,163,19759,57861,28914,-0.3336,-458,-5604,29,18,53,52,1
1775346041,52,47,1.0,1562,0,1562,ok_volume,1.0,1817,0,1817,ok_volume,0.99,9264,46,9310,ok_volume,772,0,772,20058,156,20214,56692,28914,-0.3245,-1609,-6770,29,18,53,52,1
1775346042,52,47,1.0,2509,0,2509,ok_volume,1.0,2637,0,2637,ok_volume,0.991,10136,46,10182,ok_volume,850,0,850,20707,156,20863,55660,25715,-0.368,-2509,-3766,29,18,53,52,1
1775346043,52,47,1.0,2301,0,2301,ok_volume,1.0,3091,0,3091,ok_volume,0.989,8567,46,8613,ok_volume,497,0,497,21159,156,21315,55163,25715,-0.3641,-2698,-4087,29,18,53,52,1
1775346044,52,47,1.0,1552,0,1552,ok_volume,1.0,3211,0,3211,ok_volume,0.99,8772,46,8818,ok_volume,205,0,205,20964,156,21120,54958,25715,-0.3625,-1734,-4205,29,18,53,52,1
1775346045,52,47,1.0,1749,0,1749,ok_volume,1.0,3553,0,3553,ok_volume,0.993,9746,36,9782,ok_volume,1047,0,1047,21965,156,22121,53911,25715,-0.3541,-1749,-4822,29,18,53,52,1
1775346046,52,47,1.0,1961,0,1961,ok_volume,1.0,3308,0,3308,ok_volume,0.993,10441,36,10477,ok_volume,722,0,722,22677,156,22833,53189,25715,-0.3482,-1974,-5342,29,18,53,52,1
1775346047,52,47,1.0,2105,0,2105,ok_volume,1.0,2807,0,2807,ok_volume,0.993,10790,36,10826,ok_volume,372,0,372,23021,156,23177,50617,27215,-0.3007,-4341,-7702,29,18,53,52,1
1775346048,52,47,1.0,1241,0,1241,ok_volume,1.0,2493,0,2493,ok_volume,0.993,10711,36,10747,ok_volume,183,0,183,21103,156,21259,52934,27215,-0.3209,-977,-5367,29,18,53,52,1
1775346049,52,47,1.0,1042,0,1042,ok_volume,1.0,2798,0,2798,ok_volume,0.993,11014,36,11050,ok_volume,526,0,526,21582,156,21738,49908,27275,-0.2932,-3281,-8261,29,18,53,52,1
1775346050,52,47,1.0,857,0,857,ok_volume,1.0,1915,0,1915,ok_volume,0.994,11151,36,11187,ok_volume,185,0,185,18986,156,19142,49723,27275,-0.2915,-894,-8138,29,18,53,52,1
1775346051,52,47,1.0,1419,0,1419,ok_volume,1.0,1951,0,1951,ok_volume,0.994,11841,36,11877,ok_volume,754,0,754,19722,96,19818,48969,27215,-0.2855,-3965,-7723,29,18,53,52,1
1775346052,52,47,1.0,5203,0,5203,ok_volume,1.0,5896,0,5896,ok_volume,0.995,15898,36,15934,ok_volume,4294,0,4294,23298,96,23394,44675,27275,-0.2418,-5233,-10985,29,18,53,52,1
1775346053,52,47,1.0,5494,0,5494,ok_volume,1.0,6168,0,6168,ok_volume,0.996,16353,36,16389,ok_volume,455,0,455,23744,96,23840,44220,27215,-0.238,-5503,-10943,29,18,53,52,1
1775346054,52,47,1.0,4862,0,4862,ok_volume,1.0,5771,0,5771,ok_volume,0.995,15467,36,15503,ok_volume,113,0,113,23528,96,23624,46727,27215,-0.2639,-2242,-8231,29,18,53,52,1
1775346055,52,47,1.0,2538,0,2538,ok_volume,1.0,7577,0,7577,ok_volume,0.996,16668,36,16704,ok_volume,1970,0,1970,25498,96,25594,44757,27215,-0.2437,82,-9154,29,18,53,52,1
1775346056,51,48,0.988,3223,20,3243,ok_volume,0.995,7972,20,7992,ok_volume,0.994,17188,56,17244,ok_volume,284,20,304,24739,66,24805,45067,26119,-0.2662,847,-8122,29,17,52,51,1
1775346057,51,48,0.991,4270,20,4290,ok_volume,0.992,4838,20,4858,ok_volume,0.994,18330,56,18386,ok_volume,1161,0,1161,25650,66,25716,40906,27054,-0.2038,-5821,-9711,28,17,52,51,1
1775346058,51,48,0.974,1506,20,1526,ok_volume,0.991,4457,20,4477,ok_volume,0.994,18374,56,18430,ok_volume,74,0,74,25356,66,25422,21049,27054,0.1248,-23708,-31885,28,17,52,51,1
1775346059,51,48,1.0,1402,0,1402,ok_volume,0.991,4512,20,4532,ok_volume,0.994,18542,56,18598,ok_volume,85,0,85,25498,66,25564,16573,27054,0.2402,-28494,-33335,28,17,52,51,1
1775346060,51,48,1.0,390,0,390,ok_volume,0.978,1822,20,1842,ok_volume,0.998,17699,20,17719,ok_volume,178,0,178,25667,66,25733,16395,27179,0.2475,-24511,-33328,28,17,52,51,1
1775346061,51,47,1.0,376,0,376,ok_volume,1.0,1702,0,1702,ok_volume,0.998,17851,20,17871,ok_volume,95,0,95,25597,66,25663,15847,27179,0.2634,-5202,-33122,23,17,53,51,2
1775346062,52,47,1.0,391,0,391,ok_volume,1.0,633,0,633,ok_volume,0.998,17906,20,17926,ok_volume,91,0,91,25594,66,25660,19397,49231,0.4347,2824,-25278,26,18,53,52,1
1775346063,52,47,0.925,823,32,855,ok_volume,0.944,1105,32,1137,ok_volume,0.994,18320,52,18372,ok_volume,638,32,670,26186,98,26284,16019,49209,0.5088,-376,-28201,25,18,53,52,1
1775346064,52,47,0.974,2440,32,2472,ok_volume,0.977,2740,32,2772,ok_volume,0.995,19731,52,19783,ok_volume,1720,0,1720,27895,98,27993,15317,49234,0.5254,-530,-31410,24,18,53,52,1
1775346065,52,47,0.974,2454,32,2486,ok_volume,0.976,2639,32,2671,ok_volume,0.995,19670,52,19722,ok_volume,106,0,106,27848,98,27946,15662,49234,0.5173,-3735,-29095,24,18,53,52,1
1775346066,52,47,1.0,2102,0,2102,ok_volume,0.978,2831,32,2863,ok_volume,0.995,19763,52,19815,ok_volume,312,0,312,28160,98,28258,15850,49234,0.5129,-169,-29217,24,18,53,52,1
1775346067,52,47,1.0,733,0,733,ok_volume,0.979,3082,32,3114,ok_volume,0.995,19893,52,19945,ok_volume,347,0,347,28424,98,28522,15563,49249,0.5197,246,-25343,25,18,53,52,1
1775346068,52,47,1.0,836,0,836,ok_volume,1.0,2652,0,2652,ok_volume,0.995,20058,52,20110,ok_volume,208,0,208,28501,98,28599,15740,48439,0.5095,78,-5309,24,18,53,52,1
1775346069,52,47,1.0,743,0,743,ok_volume,1.0,1134,0,1134,ok_volume,0.995,20166,52,20218,ok_volume,193,0,193,28585,98,28683,15447,48439,0.5164,-403,-1126,23,18,53,52,1
1775346070,52,47,1.0,1037,0,1037,ok_volume,1.0,1665,0,1665,ok_volume,0.995,20097,52,20149,ok_volume,645,0,645,28946,98,29044,15021,46939,0.5151,-542,-1374,23,18,53,52,1
1775346071,52,47,1.0,1658,0,1658,ok_volume,1.0,2208,0,2208,ok_volume,0.995,19972,52,20024,ok_volume,831,0,831,29764,98,29862,35286,46949,0.1418,19546,19439,23,18,53,52,1
1775346072,52,47,1.0,1692,0,1692,ok_volume,1.0,2093,0,2093,ok_volume,0.995,19349,52,19401,ok_volume,227,0,227,29828,98,29926,36059,47779,0.1398,20612,16662,24,18,53,52,1
1775346073,52,47,1.0,1099,0,1099,ok_volume,1.0,1928,0,1928,ok_volume,0.995,18895,52,18947,ok_volume,10,0,10,27805,98,27903,36016,47879,0.1414,20995,19997,24,18,53,52,1
1775346074,52,47,1.0,352,0,352,ok_volume,1.0,1817,0,1817,ok_volume,0.994,18772,52,18824,ok_volume,82,0,82,27860,98,27958,37934,47879,0.1159,2648,22617,25,18,53,52,1
1775346075,52,47,1.0,527,0,527,ok_volume,1.0,1616,0,1616,ok_volume,0.994,18160,52,18212,ok_volume,447,0,447,28234,88,28322,37487,47879,0.1217,1428,21825,25,18,53,52,1
1775346076,52,47,1.0,4944,0,4944,ok_volume,1.0,5214,0,5214,ok_volume,0.995,21878,52,21930,ok_volume,4396,0,4396,32643,88,32731,33055,47879,0.1832,-2961,17205,25,18,53,52,1
1775346077,52,47,1.0,6241,0,6241,ok_volume,1.0,6333,0,6333,ok_volume,0.995,22908,52,22960,ok_volume,1379,0,1379,34022,88,34110,28176,53380,0.309,-9758,12613,23,19,53,52,1
1775346078,52,47,1.0,6029,0,6029,ok_volume,1.0,6582,0,6582,ok_volume,0.995,22984,52,23036,ok_volume,268,0,268,34019,88,34107,30408,53380,0.2742,-7079,14668,24,19,53,52,1
1775346079,52,47,1.0,3254,0,3254,ok_volume,1.0,8116,0,8116,ok_volume,0.996,24090,52,24142,ok_volume,1525,0,1525,35419,88,35507,29792,53260,0.2826,-3263,14345,25,18,53,52,1
1775346080,52,47,1.0,5287,0,5287,ok_volume,1.0,11057,0,11057,ok_volume,0.996,27338,52,27390,ok_volume,3412,0,3412,38813,88,38901,26371,53260,0.3377,-1805,11350,25,18,53,52,1
1775346081,52,47,1.0,5434,0,5434,ok_volume,1.0,7163,0,7163,ok_volume,0.996,27090,52,27142,ok_volume,504,0,504,39262,88,39350,25927,47759,0.2963,-4481,-9359,26,17,53,52,1
1775346082,52,47,1.0,4276,0,4276,ok_volume,1.0,6151,0,6151,ok_volume,0.996,23163,52,23215,ok_volume,373,0,373,39398,88,39486,25554,47759,0.3029,-4238,-10505,26,17,53,52,1
1775346083,52,47,1.0,1545,0,1545,ok_volume,1.0,6482,0,6482,ok_volume,0.996,23389,52,23441,ok_volume,681,0,681,40079,88,40167,24873,47759,0.3151,-1498,-11143,26,17,53,52,1
1775346084,52,47,1.0,1248,0,1248,ok_volume,1.0,5157,0,5157,ok_volume,0.996,23476,52,23528,ok_volume,211,0,211,39274,88,39362,24662,53260,0.367,-1265,-13272,26,18,53,52,1
1775346085,52,47,1.0,931,0,931,ok_volume,1.0,1795,0,1795,ok_volume,0.995,20688,52,20740,ok_volume,50,0,50,38546,88,38634,24612,47759,0.3198,-942,-12875,26,17,53,52,1
1775346086,52,47,1.0,482,0,482,ok_volume,1.0,1530,0,1530,ok_volume,0.997,20648,32,20680,ok_volume,232,0,232,38158,88,38246,24320,31204,0.124,-553,-8735,25,18,53,52,1
1775346087,51,48,0.845,836,70,906,ok_volume,0.922,1717,70,1787,ok_volume,0.99,20042,102,20144,ok_volume,554,70,624,38685,158,38843,23696,30296,0.1222,-966,-4480,24,17,52,51,1
1775346088,51,48,0.908,1455,70,1525,ok_volume,0.921,1705,70,1775,ok_volume,0.99,20545,102,20647,ok_volume,674,0,674,39329,158,39487,25022,26735,0.0331,410,-5386,24,16,52,51,1
1775346089,51,48,0.938,2186,70,2256,ok_volume,0.945,2468,70,2538,ok_volume,0.991,21432,102,21534,ok_volume,963,0,963,40286,158,40444,24059,33236,0.1602,-261,-5733,23,17,52,51,1
1775346090,51,48,1.0,1918,0,1918,ok_volume,0.95,2704,70,2774,ok_volume,0.991,21512,102,21614,ok_volume,293,0,293,39585,122,39707,25826,27735,0.0356,2130,-545,24,16,52,51,1
1775346091,51,48,1.0,2102,0,2102,ok_volume,0.959,3325,70,3395,ok_volume,0.991,22271,102,22373,ok_volume,772,0,772,40446,122,40568,25037,30486,0.0981,15,-890,25,17,52,51,1
1775346092,51,48,1.0,1999,0,1999,ok_volume,1.0,3631,0,3631,ok_volume,0.991,23040,102,23142,ok_volume,494,0,494,41276,122,41398,24171,24074,-0.002,112,-1383,25,16,52,51,1
1775346093,51,48,1.0,2177,0,2177,ok_volume,1.0,3518,0,3518,ok_volume,0.994,22958,70,23028,ok_volume,565,0,565,41614,122,41736,20493,29165,0.1746,-5333,-4380,26,17,52,51,1
1775346094,51,47,1.0,1100,0,1100,ok_volume,1.0,2611,0,2611,ok_volume,0.993,21303,70,21373,ok_volume,72,0,72,41386,122,41508,28900,23532,-0.1024,3863,4238,25,16,53,51,2
1775346095,51,47,0.51,675,219,894,ok_volume,0.826,2296,219,2515,ok_volume,0.973,21261,289,21550,ok_volume,81,219,300,41301,341,41642,22078,32897,0.1968,-2093,-2534,25,17,53,51,2
1775346096,51,47,0.613,912,219,1131,ok_volume,0.799,1956,219,2175,ok_volume,0.974,21768,289,22057,ok_volume,802,0,802,41901,341,42242,21776,27396,0.1143,1283,-2544,25,16,53,51,2
1775346097,52,47,0.664,1083,219,1302,ok_volume,0.771,1695,219,1914,ok_volume,0.974,21653,289,21942,ok_volume,192,0,192,41926,341,42267,20479,30917,0.2031,-8421,-3217,25,18,53,52,1
1775346098,52,47,1.0,3108,0,3108,ok_volume,0.873,3227,219,3446,ok_volume,0.976,23533,289,23822,ok_volume,2106,0,2106,43984,341,44325,20433,24960,0.0997,-1645,-4589,27,17,53,52,1
1775346099,52,47,1.0,2827,0,2827,ok_volume,0.889,3728,219,3947,ok_volume,0.976,23897,289,24186,ok_volume,525,0,525,44451,341,44792,19864,30461,0.2106,-1912,-4195,27,18,53,52,1
1775346100,52,47,1.0,2665,0,2665,ok_volume,1.0,3685,0,3685,ok_volume,0.975,23281,289,23570,ok_volume,20,0,20,43766,341,44107,19878,31020,0.2189,-601,-5948,27,17,53,52,1
1775346101,52,47,1.0,622,0,622,ok_volume,1.0,2936,0,2936,ok_volume,0.975,22541,289,22830,ok_volume,91,0,91,42903,341,43244,19787,36521,0.2972,-646,-5250,27,18,53,52,1
1775346102,52,47,1.0,495,0,495,ok_volume,1.0,3140,0,3140,ok_volume,0.975,22667,289,22956,ok_volume,386,0,386,42439,341,42780,19401,31020,0.2304,-463,-4770,27,17,53,52,1
1775346103,52,47,1.0,878,0,878,ok_volume,1.0,1411,0,1411,ok_volume,0.975,23060,289,23349,ok_volume,403,0,403,42345,341,42686,18998,36521,0.3156,-880,-1495,27,18,53,52,1
1775346104,52,47,1.0,1167,0,1167,ok_volume,1.0,1276,0,1276,ok_volume,0.976,23356,289,23645,ok_volume,387,0,387,42527,341,42868,18611,36521,0.3249,-1176,-10289,27,18,53,52,1
1775346105,52,47,1.0,1354,0,1354,ok_volume,1.0,1829,0,1829,ok_volume,0.976,23458,289,23747,ok_volume,573,0,573,42053,341,42394,18038,31020,0.2646,-1363,-4040,27,17,53,52,1
1775346106,52,47,1.0,2868,0,2868,ok_volume,1.0,3657,0,3657,ok_volume,0.973,20984,289,21273,ok_volume,1922,0,1922,43253,341,43594,12693,36521,0.4842,-6305,-9083,26,18,53,52,1
1775346107,52,47,1.0,2725,0,2725,ok_volume,1.0,3506,0,3506,ok_volume,0.971,19840,289,20129,ok_volume,240,0,240,43121,341,43462,17490,31000,0.2786,-1121,-2989,27,17,53,52,1
1775346108,52,47,1.0,2938,0,2938,ok_volume,1.0,3889,0,3889,ok_volume,0.972,20276,289,20565,ok_volume,792,0,792,43730,341,44071,39197,36521,-0.0353,21159,18764,28,18,53,52,1
1775346109,52,47,1.0,1382,0,1382,ok_volume,1.0,3872,0,3872,ok_volume,0.97,19112,289,19401,ok_volume,279,0,279,43574,341,43915,40827,31020,-0.1365,28134,20963,29,17,53,52,1
1775346110,52,47,1.0,1334,0,1334,ok_volume,1.0,3486,0,3486,ok_volume,0.964,15887,289,16176,ok_volume,187,0,187,43576,341,43917,45489,36526,-0.1093,27999,25611,29,18,53,52,1
1775346111,52,47,1.0,760,0,760,ok_volume,1.0,1872,0,1872,ok_volume,0.964,15693,289,15982,ok_volume,303,0,303,43125,341,43466,45186,31025,-0.1858,5989,25399,29,17,53,52,1
1775346112,52,47,1.0,1102,0,1102,ok_volume,1.0,2249,0,2249,ok_volume,0.964,15938,289,16227,ok_volume,612,0,612,39452,341,39793,46565,36526,-0.1208,5738,27164,29,18,53,52,1
1775346113,52,47,1.0,973,0,973,ok_volume,1.0,1430,0,1430,ok_volume,0.963,15315,289,15604,ok_volume,65,0,65,39062,341,39403,48500,36526,-0.1408,3011,29502,29,18,53,52,1
1775346114,52,47,1.0,749,0,749,ok_volume,1.0,1239,0,1239,ok_volume,0.963,15194,289,15483,ok_volume,79,0,79,39028,341,39369,45875,31062,-0.1925,689,27264,28,17,53,52,1
1775346115,52,47,1.0,428,0,428,ok_volume,1.0,1343,0,1343,ok_volume,0.963,15435,289,15724,ok_volume,258,0,258,36475,341,36816,46331,36563,-0.1178,-234,28293,27,18,53,52,1
1775346116,52,47,1.0,1178,0,1178,ok_volume,1.0,1848,0,1848,ok_volume,0.965,16011,289,16300,ok_volume,808,0,808,36999,321,37320,48523,31062,-0.2194,23,35830,29,17,53,52,1
1775346117,52,47,1.0,1286,0,1286,ok_volume,1.0,1468,0,1468,ok_volume,0.972,15689,219,15908,ok_volume,232,0,232,36067,321,36388,50291,36598,-0.1576,4416,32801,30,18,53,52,1
1775346118,52,47,1.0,2166,0,2166,ok_volume,1.0,2536,0,2536,ok_volume,0.973,16146,219,16365,ok_volume,899,0,899,37027,321,37348,43206,31347,-0.1591,-3125,4009,27,17,53,52,1
1775346119,52,47,1.0,1667,0,1667,ok_volume,1.0,2721,0,2721,ok_volume,0.972,15492,219,15711,ok_volume,291,0,291,37251,321,37572,45397,36848,-0.1039,-3126,4570,28,18,53,52,1
1775346120,52,47,1.0,2068,0,2068,ok_volume,1.0,3335,0,3335,ok_volume,0.973,15974,219,16193,ok_volume,787,0,787,37893,321,38214,41958,25347,-0.2468,-8333,-3531,27,17,53,52,1
1775346121,52,47,1.0,1567,0,1567,ok_volume,1.0,2943,0,2943,ok_volume,0.972,15257,219,15476,ok_volume,416,0,416,38214,321,38535,43909,30848,-0.1747,703,-1277,28,18,53,52,1
1775346122,52,47,1.0,1354,0,1354,ok_volume,1.0,2653,0,2653,ok_volume,0.971,14938,219,15157,ok_volume,169,0,169,38292,321,38613,45740,25347,-0.2869,343,-825,29,17,53,52,1
1775346123,52,47,1.0,3857,0,3857,ok_volume,1.0,5008,0,5008,ok_volume,0.975,17654,219,17873,ok_volume,3272,0,3272,40926,289,41215,38234,30848,-0.1069,-3724,-10266,27,18,53,52,1
1775346124,52,47,1.0,3894,0,3894,ok_volume,1.0,5079,0,5079,ok_volume,0.976,18051,219,18270,ok_volume,454,0,454,39660,289,39949,39780,25347,-0.2216,-4129,-6095,28,17,53,52,1
1775346125,52,47,1.0,4305,0,4305,ok_volume,1.0,4890,0,4890,ok_volume,1.0,18568,0,18568,ok_volume,586,0,586,40140,289,40429,41194,25097,-0.2428,-4546,-5137,29,17,53,52,1
1775346126,52,47,1.0,1668,0,1668,ok_volume,1.0,5109,0,5109,ok_volume,1.0,18365,0,18365,ok_volume,644,0,644,40472,289,40761,40550,25092,-0.2355,2316,-7973,29,17,53,52,1
1775346127,52,47,1.0,1913,0,1913,ok_volume,1.0,5638,0,5638,ok_volume,1.0,18881,0,18881,ok_volume,698,0,698,40823,289,41112,40229,30593,-0.1361,449,-10062,29,18,53,52,1
1775346128,52,47,1.0,1378,0,1378,ok_volume,1.0,2411,0,2411,ok_volume,1.0,16794,0,16794,ok_volume,45,0,45,40660,289,40949,40184,25092,-0.2312,-1010,-3022,29,17,53,52,1
1775346129,52,47,1.0,1166,0,1166,ok_volume,1.0,2381,0,2381,ok_volume,1.0,16704,0,16704,ok_volume,423,0,423,40890,289,41179,41761,30593,-0.1544,1211,-3636,29,18,53,52,1
1775346130,52,47,1.0,486,0,486,ok_volume,1.0,1819,0,1819,ok_volume,1.0,16702,0,16702,ok_volume,18,0,18,40263,289,40552,43743,25092,-0.271,3514,1785,29,17,53,52,1
1775346131,52,47,1.0,1242,0,1242,ok_volume,1.0,1985,0,1985,ok_volume,1.0,17414,0,17414,ok_volume,811,0,811,40252,289,40541,42923,30593,-0.1677,2739,-986,29,18,53,52,1
1775346132,52,47,1.0,1270,0,1270,ok_volume,1.0,1738,0,1738,ok_volume,1.0,17479,0,17479,ok_volume,460,0,460,40452,289,40741,42463,25142,-0.2562,702,-3277,29,17,53,52,1
1775346133,52,47,1.0,1835,0,1835,ok_volume,1.0,2276,0,2276,ok_volume,1.0,17659,0,17659,ok_volume,583,0,583,41025,289,41314,41880,25142,-0.2497,-1863,3646,29,17,53,52,1
1775346134,52,47,1.0,1444,0,1444,ok_volume,1.0,2263,0,2263,ok_volume,1.0,17691,0,17691,ok_volume,433,0,433,41376,289,41665,40999,30643,-0.1446,-1924,1219,28,18,53,52,1
1775346135,52,47,1.0,1230,0,1230,ok_volume,1.0,2482,0,2482,ok_volume,1.0,17355,0,17355,ok_volume,10,0,10,41130,289,41419,40762,25142,-0.237,-1701,-432,28,17,53,52,1
1775346136,52,47,1.0,1582,0,1582,ok_volume,1.0,2616,0,2616,ok_volume,1.0,16373,0,16373,ok_volume,944,0,944,37678,289,37967,39818,30643,-0.1302,-2062,-732,28,18,53,52,1
1775346137,52,47,1.0,2350,0,2350,ok_volume,1.0,3570,0,3570,ok_volume,1.0,17543,0,17543,ok_volume,1405,0,1405,37704,289,37993,38413,25142,-0.2088,-2586,-1816,28,17,53,52,1
1775346138,52,47,1.0,2947,0,2947,ok_volume,1.0,3594,0,3594,ok_volume,1.0,17273,0,17273,ok_volume,607,0,607,37952,289,38241,37806,30643,-0.1046,-2956,-2378,28,18,53,52,1
1775346139,52,47,1.0,2357,0,2357,ok_volume,1.0,3302,0,3302,ok_volume,1.0,17348,0,17348,ok_volume,354,0,354,36772,289,37061,37452,25014,-0.1991,-2366,-4309,28,17,53,52,1
1775346140,52,47,1.0,1638,0,1638,ok_volume,1.0,3978,0,3978,ok_volume,1.0,17847,0,17847,ok_volume,695,0,695,34055,289,34344,36757,30515,-0.0928,-1656,-6986,28,18,53,52,1
1775346141,52,47,1.0,1670,0,1670,ok_volume,1.0,3682,0,3682,ok_volume,1.0,18183,0,18183,ok_volume,239,0,239,34190,289,34479,36118,25014,-0.1816,-1688,-6805,28,17,53,52,1
1775346142,52,47,1.0,1507,0,1507,ok_volume,1.0,2459,0,2459,ok_volume,1.0,17753,0,17753,ok_volume,182,0,182,33999,289,34288,35936,30515,-0.0816,-1516,-6527,28,18,53,52,1
1775346143,52,47,1.0,529,0,529,ok_volume,1.0,1960,0,1960,ok_volume,1.0,17803,0,17803,ok_volume,113,0,113,33431,289,33720,35823,25014,-0.1777,-934,-6057,28,17,53,52,1
1775346144,52,47,1.0,331,0,331,ok_volume,1.0,1656,0,1656,ok_volume,1.0,17720,0,17720,ok_volume,54,0,54,33274,289,33563,26153,30515,0.077,-9965,-14846,26,18,53,52,1
1775346145,52,47,1.0,334,0,334,ok_volume,1.0,755,0,755,ok_volume,1.0,17659,0,17659,ok_volume,185,0,185,33409,289,33698,27968,25014,-0.0558,-7968,-12794,27,17,53,52,1
1775346146,52,47,1.0,425,0,425,ok_volume,1.0,715,0,715,ok_volume,1.0,17050,0,17050,ok_volume,140,0,140,33382,289,33671,27763,25014,-0.0521,-8060,-12055,27,17,53,52,1
1775346147,52,47,1.0,801,0,801,ok_volume,1.0,950,0,950,ok_volume,1.0,17008,0,17008,ok_volume,417,0,417,33245,219,33464,23394,30515,0.1321,-2759,-15019,24,18,53,52,1
1775346148,52,47,1.0,641,0,641,ok_volume,1.0,932,0,932,ok_volume,1.0,16181,0,16181,ok_volume,99,0,99,32670,219,32889,24028,25014,0.0201,-3940,-13778,24,17,53,52,1
1775346149,52,47,1.0,642,0,642,ok_volume,1.0,1026,0,1026,ok_volume,1.0,15934,0,15934,ok_volume,135,0,135,31842,219,32061,26855,30515,0.0638,-908,-10597,26,17,53,52,1
1775346150,52,47,1.0,980,0,980,ok_volume,1.0,1531,0,1531,ok_volume,1.0,15920,0,15920,ok_volume,755,0,755,32212,219,32431,23983,25014,0.021,589,-12774,25,16,53,52,1
1775346151,52,47,0.922,1103,45,1148,ok_volume,0.946,1610,45,1655,ok_volume,0.994,15717,45,15762,ok_volume,218,45,263,31286,264,31550,23765,30188,0.119,-263,-12353,25,17,53,52,1
1775346152,52,47,0.935,1350,45,1395,ok_volume,0.944,1575,45,1620,ok_volume,0.994,15930,45,15975,ok_volume,391,0,391,31183,264,31447,24331,24687,0.0073,-2524,-11605,26,16,53,52,1
1775346153,52,47,0.911,962,45,1007,ok_volume,0.953,1852,45,1897,ok_volume,0.993,13025,45,13070,ok_volume,367,0,367,30985,264,31249,22471,30188,0.1465,-1512,-13352,25,17,53,52,1
1775346154,52,47,1.0,853,0,853,ok_volume,0.952,1821,45,1866,ok_volume,0.993,12676,45,12721,ok_volume,122,0,122,31035,264,31299,21896,24687,0.0599,-1869,-4257,25,16,53,52,1
1775346155,52,47,1.0,1691,0,1691,ok_volume,0.961,2286,45,2331,ok_volume,0.993,13316,45,13361,ok_volume,1230,0,1230,32193,45,32238,23217,30188,0.1305,-1114,-4751,27,17,53,52,1
1775346156,52,47,1.0,1421,0,1421,ok_volume,1.0,2170,0,2170,ok_volume,0.993,12778,45,12823,ok_volume,106,0,106,31452,45,31497,19957,24687,0.1059,-2514,-7806,25,16,53,52,1
1775346157,52,47,0.977,1924,22,1946,ok_volume,0.982,2395,22,2417,ok_volume,0.989,12687,67,12754,ok_volume,616,22,638,31876,67,31943,22341,28846,0.1271,445,-1053,27,16,53,52,1
1775346158,52,47,0.971,1488,22,1510,ok_volume,0.984,2812,22,2834,ok_volume,0.99,13426,67,13493,ok_volume,784,0,784,30510,67,30577,21557,23345,0.0398,-1660,-2471,27,15,53,52,1
1775346159,52,47,0.974,1659,22,1681,ok_volume,0.985,2976,22,2998,ok_volume,0.99,13271,67,13338,ok_volume,282,0,282,30267,67,30334,21275,28906,0.1521,1318,-5580,27,17,53,52,1
1775346160,52,47,1.0,1502,0,1502,ok_volume,0.98,2206,22,2228,ok_volume,0.99,13703,67,13770,ok_volume,208,0,208,30709,67,30776,17780,24834,0.1655,-4561,-6203,24,17,53,52,1
1775346161,52,47,1.0,1022,0,1022,ok_volume,0.982,2413,22,2435,ok_volume,0.99,13206,67,13273,ok_volume,314,0,314,30932,67,30999,20466,30335,0.1943,-1091,-3299,26,18,53,52,1
1775346162,52,47,1.0,1326,0,1326,ok_volume,1.0,2620,0,2620,ok_volume,0.99,13569,67,13636,ok_volume,632,0,632,31362,67,31429,19650,29793,0.2051,-1625,-4681,26,18,53,52,1
1775346163,52,47,1.0,1732,0,1732,ok_volume,1.0,2450,0,2450,ok_volume,0.99,13600,67,13667,ok_volume,406,0,406,31586,67,31653,30211,24292,-0.1086,12431,7740,24,17,53,52,1
1775346164,52,47,1.0,1494,0,1494,ok_volume,1.0,2190,0,2190,ok_volume,0.99,13213,67,13280,ok_volume,250,0,250,31449,67,31516,32961,29783,-0.0507,12495,11065,26,18,53,52,1
1775346165,52,47,1.0,964,0,964,ok_volume,1.0,2303,0,2303,ok_volume,0.99,13524,67,13591,ok_volume,321,0,321,31197,67,31264,32640,29783,-0.0458,12990,9423,26,18,53,52,1
1775346166,52,47,1.0,1346,0,1346,ok_volume,1.0,2590,0,2590,ok_volume,0.99,13364,67,13431,ok_volume,412,0,412,30050,67,30117,29865,24282,-0.1031,-346,9908,25,17,53,52,1
1775346167,52,47,1.0,6300,0,6300,ok_volume,1.0,6943,0,6943,ok_volume,0.992,17163,67,17230,ok_volume,5204,0,5204,35014,67,35081,26601,29134,0.0454,-6360,4260,25,18,53,52,1
1775346168,52,47,1.0,5661,0,5661,ok_volume,1.0,6595,0,6595,ok_volume,0.992,16601,67,16668,ok_volume,66,0,66,34197,67,34264,26535,23633,-0.0578,-6105,4978,25,17,53,52,1
1775346169,52,47,1.0,5380,0,5380,ok_volume,1.0,6476,0,6476,ok_volume,0.992,16387,67,16454,ok_volume,135,0,135,34053,67,34120,28900,29134,0.004,-965,7625,25,18,53,52,1
1775346170,52,47,1.0,339,0,339,ok_volume,1.0,5955,0,5955,ok_volume,0.991,15464,67,15531,ok_volume,163,0,163,34029,67,34096,28737,23633,-0.0975,2136,10957,25,17,53,52,1
1775346171,52,47,1.0,414,0,414,ok_volume,1.0,5663,0,5663,ok_volume,0.991,15345,67,15412,ok_volume,120,0,120,33837,67,33904,28617,29134,0.009,2082,8151,25,18,53,52,1
1775346172,52,47,1.0,670,0,670,ok_volume,1.0,846,0,846,ok_volume,0.991,15550,67,15617,ok_volume,392,0,392,33617,67,33684,28225,23633,-0.0885,-675,8575,25,17,53,52,1
1775346173,52,47,1.0,2866,0,2866,ok_volume,1.0,3160,0,3160,ok_volume,0.993,17801,67,17868,ok_volume,2368,0,2368,35920,67,35987,24569,23633,-0.0194,-4168,-5642,23,17,53,52,1
1775346174,52,47,1.0,3659,0,3659,ok_volume,1.0,3942,0,3942,ok_volume,0.993,18673,67,18740,ok_volume,3,0,3,36712,67,36779,20641,29009,0.1685,-7976,-12320,23,18,53,52,1
1775346175,52,47,1.0,3317,0,3317,ok_volume,1.0,3824,0,3824,ok_volume,0.993,18468,67,18535,ok_volume,45,0,45,36499,67,36566,26828,23508,-0.066,-1397,-5812,25,18,53,52,1
1775346176,52,47,0,112,0,112,low_activity,1.0,3771,0,3771,ok_volume,0.993,18401,67,18468,ok_volume,67,0,67,35758,67,35825,26764,22900,-0.0778,2195,-3101,25,18,53,52,1
1775346177,52,47,0,130,0,130,low_activity,1.0,3402,0,3402,ok_volume,0.993,18002,67,18069,ok_volume,18,0,18,35317,67,35384,26746,28401,0.03,6105,145,25,19,53,52,1
1775346178,52,47,1.0,322,0,322,ok_volume,1.0,367,0,367,ok_volume,0.993,18149,67,18216,ok_volume,242,0,242,34642,67,34709,26504,22900,-0.0729,-324,-31,25,18,53,52,1
1775346179,52,47,1.0,355,0,355,ok_volume,1.0,467,0,467,ok_volume,0.993,18114,67,18181,ok_volume,109,0,109,34369,67,34436,23895,28526,0.0883,-2869,-5005,25,19,53,52,1
1775346180,52,47,1.0,1467,0,1467,ok_volume,1.0,1552,0,1552,ok_volume,0.993,18489,67,18556,ok_volume,1137,0,1137,34738,67,34805,22227,23375,0.0252,-4519,-6510,24,18,53,52,1
1775346181,52,47,1.0,1295,0,1295,ok_volume,1.0,1550,0,1550,ok_volume,0.998,18341,22,18363,ok_volume,73,0,73,34395,67,34462,24154,28876,0.089,-2350,-4463,25,19,53,52,1
1775346182,52,47,0.95,1490,38,1528,ok_volume,0.959,1837,38,1875,ok_volume,0.993,18264,60,18324,ok_volume,323,40,363,34551,107,34658,23769,23493,-0.0058,-126,-4456,25,19,53,52,1
1775346183,52,47,0.903,743,38,781,ok_volume,0.962,1973,38,2011,ok_volume,0.993,18270,60,18330,ok_volume,373,0,373,31652,107,31759,33396,28473,-0.0796,11169,8827,25,20,53,52,1
1775346184,52,47,0.936,1141,38,1179,ok_volume,0.968,2326,38,2364,ok_volume,0.994,18629,60,18689,ok_volume,489,0,489,31687,107,31794,33983,22972,-0.1933,9829,13342,25,19,53,52,1
1775346185,52,47,1.0,864,0,864,ok_volume,0.94,1234,38,1272,ok_volume,0.993,17437,60,17497,ok_volume,43,0,43,31144,107,31251,21656,23464,0.0401,-2113,-5172,25,18,53,52,1
1775346186,52,47,1.0,943,0,943,ok_volume,0.954,1621,38,1659,ok_volume,0.993,17792,60,17852,ok_volume,458,0,458,30958,107,31065,21198,17963,-0.0826,-12198,-5566,25,17,53,52,1
1775346187,52,47,1.0,660,0,660,ok_volume,1.0,1496,0,1496,ok_volume,0.996,17365,38,17403,ok_volume,180,0,180,30440,107,30547,21018,25464,0.0956,-12965,-5728,25,19,53,52,1
1775346188,52,47,1.0,663,0,663,ok_volume,1.0,1154,0,1154,ok_volume,0.995,16612,38,16650,ok_volume,31,0,31,30426,107,30533,21047,20490,-0.0134,-609,-5457,26,17,53,52,1
1775346189,52,47,1.0,1531,0,1531,ok_volume,1.0,2011,0,2011,ok_volume,0.996,17422,38,17460,ok_volume,416,0,416,31332,107,31439,19718,25991,0.1372,-1480,-4177,26,18,53,52,1
1775346190,52,47,1.0,1396,0,1396,ok_volume,1.0,2028,0,2028,ok_volume,0.996,17259,38,17297,ok_volume,54,0,54,31359,107,31466,19664,20490,0.0206,-1354,-2563,26,17,53,52,1
1775346191,52,47,1.0,715,0,715,ok_volume,1.0,1839,0,1839,ok_volume,0.996,17034,38,17072,ok_volume,279,0,279,30827,107,30934,19385,25931,0.1445,-1662,-4769,26,18,53,52,1
1775346192,52,47,1.0,570,0,570,ok_volume,1.0,1921,0,1921,ok_volume,0.995,16445,38,16483,ok_volume,262,0,262,30629,107,30736,19123,20430,0.033,-595,-4646,26,17,53,52,1
1775346193,52,47,1.0,841,0,841,ok_volume,1.0,1293,0,1293,ok_volume,0.995,16368,38,16406,ok_volume,280,0,280,30380,107,30487,18789,25931,0.1597,-875,-14607,26,17,53,52,1
1775346194,52,47,1.0,578,0,578,ok_volume,1.0,886,0,886,ok_volume,0.995,16118,38,16156,ok_volume,9,0,9,29729,107,29836,18780,20430,0.0421,-605,-15203,26,16,53,52,1
1775346195,52,47,1.0,2088,0,2088,ok_volume,1.0,2667,0,2667,ok_volume,0.996,17260,38,17298,ok_volume,1831,0,1831,31550,107,31657,16949,25931,0.2095,-2174,-4707,26,17,53,52,1
1775346196,52,47,0,1889,0,1889,low_activity,1.0,2467,0,2467,ok_volume,0.996,16911,38,16949,ok_volume,67,0,67,30673,107,30780,16882,20455,0.0957,-1907,-4316,26,16,53,52,1
1775346197,52,47,0,1917,0,1917,low_activity,1.0,2179,0,2179,ok_volume,0.994,11735,38,11773,ok_volume,36,0,36,29304,107,29411,16846,25782,0.2096,-1934,-4172,26,17,53,52,1
1775346198,52,47,0,205,0,205,low_total_volume,1.0,2031,0,2031,ok_volume,0.994,11804,38,11842,ok_volume,118,0,118,28815,107,28922,16728,25782,0.213,-221,-4319,26,17,53,52,1
1775346199,52,47,1.0,735,0,735,ok_volume,1.0,2624,0,2624,ok_volume,0.994,12266,38,12304,ok_volume,520,0,520,29054,107,29161,16135,20281,0.1139,-747,-3583,26,16,53,52,1
1775346200,52,47,1.0,1234,0,1234,ok_volume,1.0,1325,0,1325,ok_volume,0.994,12630,38,12668,ok_volume,527,0,527,28495,107,28602,15749,20281,0.1258,-1097,-3915,26,16,53,52,1
1775346201,52,47,1.0,1518,0,1518,ok_volume,1.0,1733,0,1733,ok_volume,0.994,12981,38,13019,ok_volume,471,0,471,28727,107,28834,15278,25782,0.2558,-1450,-4107,26,17,53,52,1
1775346202,52,47,1.0,1485,0,1485,ok_volume,1.0,2192,0,2192,ok_volume,0.994,13081,38,13119,ok_volume,487,0,487,29042,107,29149,14781,20341,0.1583,-1354,-4342,26,16,53,52,1
1775346203,52,47,1.0,1303,0,1303,ok_volume,1.0,2350,0,2350,ok_volume,0.993,10154,38,10192,ok_volume,361,0,361,29290,107,29397,9855,17468,0.2786,-5894,-8934,26,15,53,52,1
1775346204,52,47,1.0,860,0,860,ok_volume,1.0,1868,0,1868,ok_volume,0.993,10192,38,10230,ok_volume,57,0,57,29293,107,29400,15864,11967,-0.14,586,-2916,26,14,53,52,1
1775346205,52,47,1.0,399,0,399,ok_volume,1.0,1357,0,1357,ok_volume,0.993,10163,38,10201,ok_volume,17,0,17,29060,107,29167,15947,10098,-0.2246,1166,-1002,26,13,53,52,1
1775346206,52,47,0,98,0,98,low_total_volume,1.0,920,0,920,ok_volume,0.993,10140,38,10178,ok_volume,44,0,44,28964,107,29071,16323,15928,-0.0122,6468,-559,26,15,53,52,1
1775346207,52,47,0,212,0,212,low_total_volume,1.0,595,0,595,ok_volume,0.993,10274,38,10312,ok_volume,161,4,165,28708,111,28819,16202,10423,-0.2171,338,-644,26,14,53,52,1
1775346208,52,47,0,196,0,196,low_total_volume,0,250,0,250,low_total_volume,0.992,10037,38,10075,ok_volume,8,0,8,28617,111,28728,15717,8223,-0.313,-230,-1011,26,14,53,52,1
1775346209,52,46,0,205,0,205,low_total_volume,0,265,0,265,low_total_volume,0.992,9980,38,10018,ok_volume,61,0,61,28543,111,28654,15776,10223,-0.2136,-547,-359,25,15,54,52,2
1775346210,52,46,1.0,356,0,356,ok_volume,1.0,552,0,552,ok_volume,0.992,9163,38,9201,ok_volume,314,0,314,28102,111,28213,15912,10323,-0.213,-290,163,25,15,54,52,2
1775346211,52,46,1.0,536,0,536,ok_volume,1.0,688,0,688,ok_volume,0.992,9278,38,9316,ok_volume,180,0,180,28064,66,28130,14752,13784,-0.0339,-965,-526,25,14,54,52,2
1775346212,52,47,1.0,483,0,483,ok_volume,1.0,536,0,536,ok_volume,1.0,8973,0,8973,ok_volume,3,0,3,27676,66,27742,14769,7465,-0.3285,-1007,-12,26,14,53,52,1
1775346213,52,46,1.0,442,0,442,ok_volume,1.0,798,0,798,ok_volume,1.0,8862,0,8862,ok_volume,274,0,274,27583,66,27649,14080,14855,0.0268,-1832,4225,24,15,54,52,2
1775346214,52,46,1.0,376,0,376,ok_volume,1.0,859,0,859,ok_volume,1.0,8513,0,8513,ok_volume,122,0,122,27574,66,27640,13958,9613,-0.1843,-794,-1906,24,14,54,52,2
1775346215,52,46,1.0,376,0,376,ok_volume,1.0,556,0,556,ok_volume,1.0,8485,0,8485,ok_volume,0,0,0,26344,66,26410,14208,10113,-0.1684,-561,-1739,24,13,54,52,2
1775346216,52,46,0,240,0,240,low_total_volume,1.0,502,0,502,ok_volume,1.0,8159,0,8159,ok_volume,129,0,129,26371,66,26437,14191,10113,-0.1678,111,-2132,24,13,54,52,2
1775346217,52,46,0,126,0,126,low_total_volume,1.0,502,0,502,ok_volume,1.0,7979,0,7979,ok_volume,0,0,0,25755,44,25799,13941,15614,0.0566,-17,-2261,24,14,54,52,2
1775346218,53,46,0,230,0,230,low_total_volume,1.0,344,0,344,ok_volume,1.0,7139,0,7139,ok_volume,105,0,105,25076,44,25120,14291,15796,0.05,83,-1426,24,15,54,53,1
1775346219,53,45,1.0,475,0,475,ok_volume,1.0,601,0,601,ok_volume,1.0,7103,0,7103,ok_volume,371,0,371,24911,44,24955,19002,7117,-0.455,4811,3226,24,13,55,53,2
1775346220,53,46,1.0,677,0,677,ok_volume,1.0,803,0,803,ok_volume,1.0,7260,0,7260,ok_volume,38,0,38,24917,44,24961,19081,9583,-0.3314,5140,3169,25,14,54,53,1
1775346221,53,45,1.0,1426,0,1426,ok_volume,1.0,1530,0,1530,ok_volume,1.0,7850,0,7850,ok_volume,866,0,866,25285,44,25329,19152,15144,-0.1169,4861,4400,24,16,55,53,2
1775346222,53,45,1.0,939,0,939,ok_volume,1.0,1590,0,1590,ok_volume,1.0,7594,0,7594,ok_volume,61,0,61,24493,44,24537,18921,8009,-0.4052,-81,4152,24,14,55,53,2
1775346223,53,46,1.0,1084,0,1084,ok_volume,1.0,1657,0,1657,ok_volume,1.0,7503,0,7503,ok_volume,98,0,98,24265,44,24309,19962,15991,-0.1104,881,5882,26,16,54,53,1
1775346224,53,46,0,231,0,231,low_total_volume,1.0,1110,0,1110,ok_volume,1.0,7503,0,7503,ok_volume,0,0,0,24015,44,24059,20431,7990,-0.4377,1279,6473,26,15,54,53,1
1775346225,53,46,0,91,0,91,low_activity,1.0,1084,0,1084,ok_volume,1.0,5677,0,5677,ok_volume,9,0,9,23340,44,23384,20330,15491,-0.1351,1409,6122,26,17,54,53,1
1775346226,54,44,1.0,583,0,583,ok_volume,1.0,814,0,814,ok_volume,1.0,6197,0,6197,ok_volume,595,0,595,23523,44,23567,18105,8243,-0.3743,-1857,3914,23,16,56,54,2
1775346227,54,45,1.0,657,0,657,ok_volume,1.0,748,0,748,ok_volume,1.0,6243,0,6243,ok_volume,82,0,82,18401,44,18445,18430,13202,-0.1653,-2001,4489,24,17,55,54,1
1775346228,54,45,1.0,1297,0,1297,ok_volume,1.0,1297,0,1297,ok_volume,1.0,6696,0,6696,ok_volume,648,0,648,18983,44,19027,18262,10003,-0.2922,-2068,3971,24,19,55,54,1
1775346229,54,45,1.0,994,0,994,ok_volume,1.0,1577,0,1577,ok_volume,1.0,6456,0,6456,ok_volume,283,0,283,19131,44,19175,12443,15604,0.1127,-5662,-6559,21,20,55,54,1
1775346230,54,44,1.0,1057,0,1057,ok_volume,1.0,1714,0,1714,ok_volume,1.0,6066,0,6066,ok_volume,153,0,153,19121,44,19165,17951,10058,-0.2818,-479,-1130,23,19,56,54,2
1775346231,54,45,1.0,417,0,417,ok_volume,1.0,1131,0,1131,ok_volume,1.0,5585,0,5585,ok_volume,5,0,5,19006,44,19050,18543,15559,-0.0875,281,-609,25,20,55,54,1
1775346232,54,45,0,154,0,154,low_total_volume,1.0,1074,0,1074,ok_volume,1.0,5125,0,5125,ok_volume,33,0,33,18647,44,18691,19614,15624,-0.1132,7171,693,24,20,55,54,1
1775346233,54,45,1.0,491,0,491,ok_volume,1.0,908,0,908,ok_volume,1.0,5254,0,5254,ok_volume,477,0,477,15843,44,15887,18439,10623,-0.2689,488,-1523,23,19,55,54,1
1775346234,55,44,1.0,765,0,765,ok_volume,1.0,902,0,902,ok_volume,1.0,5490,0,5490,ok_volume,277,0,277,16125,44,16169,18374,13506,-0.1527,-169,-2057,23,20,56,55,1
1775346235,55,43,1.0,1135,0,1135,ok_volume,1.0,1152,0,1152,ok_volume,1.0,5861,0,5861,ok_volume,390,0,390,16470,44,16514,18021,7119,-0.4337,-1593,-2309,23,18,57,55,2
1775346236,55,44,0.811,661,69,730,ok_volume,0.887,1152,69,1221,ok_volume,0.977,5817,69,5886,ok_volume,0,74,74,16403,118,16521,18775,14361,-0.1332,336,670,24,20,56,55,1
1775346237,55,43,0.854,878,69,947,ok_volume,0.919,1626,69,1695,ok_volume,0.978,6156,69,6225,ok_volume,499,0,499,16884,118,17002,18004,8879,-0.3394,-370,-426,22,19,57,55,2
1775346238,55,44,0.754,491,69,560,ok_volume,0.887,1152,69,1221,ok_volume,0.978,6156,69,6225,ok_volume,8,0,8,16650,118,16768,18010,14590,-0.1049,-11,-252,23,20,56,55,1
1775346239,55,44,1.0,602,0,602,ok_volume,0.87,989,69,1058,ok_volume,0.978,6214,69,6283,ok_volume,111,0,111,16633,118,16751,17930,11089,-0.2357,-845,5487,24,19,56,55,1
1775346240,55,44,0,201,0,201,low_activity,0.819,692,69,761,ok_volume,0.977,6001,69,6070,ok_volume,101,0,101,15597,118,15715,17839,10964,-0.2387,-165,-112,22,19,56,55,1
1775346241,56,43,1.0,509,0,509,ok_volume,1.0,1000,0,1000,ok_volume,0.978,6129,69,6198,ok_volume,308,0,308,15830,118,15948,18028,13934,-0.1281,18,-515,22,21,57,56,1
1775346242,56,40,1.0,1829,0,1829,ok_volume,1.0,1940,0,1940,ok_volume,0.982,7560,69,7629,ok_volume,132,0,132,16958,78,17036,18754,9115,-0.3459,824,-860,23,19,60,56,4
1775346243,56,42,1.0,2009,0,2009,ok_volume,1.0,2210,0,2210,ok_volume,0.982,7568,69,7637,ok_volume,278,0,278,16863,78,16941,20722,10115,-0.344,2883,2283,26,19,58,56,2
1775346244,56,43,1.0,507,0,507,ok_volume,1.0,2224,0,2224,ok_volume,0.982,7579,69,7648,ok_volume,134,0,134,16508,78,16586,14391,15304,0.0307,-3637,-3983,25,19,57,56,1
1775346245,56,43,0.618,555,131,686,ok_volume,0.892,2294,131,2425,ok_volume,0.95,7739,200,7939,ok_volume,167,131,298,16632,209,16841,18711,8537,-0.3734,-43,690,24,17,57,56,1
1775346246,56,42,0.389,298,131,429,ok_volume,0.677,680,131,811,ok_volume,0.949,7626,200,7826,ok_volume,20,0,20,16194,209,16403,17958,15942,-0.0595,-2764,-817,22,18,58,56,2
1775346247,55,42,0.245,345,209,554,ok_volume,0.56,740,209,949,ok_volume,0.931,7798,278,8076,ok_volume,184,80,264,16198,289,16487,17854,16668,-0.0344,3463,-150,23,18,58,55,3
1775346248,55,41,0,207,78,285,low_total_volume,0.404,492,209,701,ok_volume,0.93,7716,278,7994,ok_volume,25,0,25,15279,289,15568,18292,10431,-0.2737,-419,282,24,16,59,55,4
1775346249,55,41,0,218,78,296,low_total_volume,0.303,391,209,600,ok_volume,0.926,7193,278,7471,ok_volume,24,0,24,14887,289,15176,18770,13453,-0.165,812,840,25,17,59,55,4
1775346250,56,41,0,140,0,140,low_total_volume,0.613,325,78,403,ok_volume,0.926,7261,278,7539,ok_volume,85,0,85,14934,289,15223,18206,7870,-0.3964,352,367,24,17,59,56,3
1775346251,56,41,0,211,0,211,low_total_volume,0.677,405,78,483,ok_volume,0.918,6501,278,6779,ok_volume,109,0,109,14764,289,15053,18405,15488,-0.0861,113,377,24,17,59,56,3
1775346252,56,41,1.0,380,0,380,ok_volume,1.0,439,0,439,ok_volume,0.919,6567,278,6845,ok_volume,195,0,195,14659,289,14948,16873,9345,-0.2871,-1897,-1881,23,16,59,56,3
1775346253,55,42,0.505,380,125,505,ok_volume,0.599,498,125,623,ok_volume,0.884,6557,403,6960,ok_volume,84,128,212,14463,417,14880,17524,16116,-0.0419,-682,-3198,25,17,58,55,3
1775346254,56,39,0.531,408,125,533,ok_volume,0.654,598,125,723,ok_volume,0.886,6694,403,7097,ok_volume,137,0,137,14591,417,15008,16913,9160,-0.2974,-1492,2522,23,16,61,56,5
1775346255,59,40,0.373,274,125,399,ok_volume,0.642,573,125,698,ok_volume,0.887,6750,403,7153,ok_volume,65,0,65,12825,417,13242,16820,13050,-0.1262,-53,-1891,24,19,60,59,1
1775346256,59,40,0,289,0,289,low_total_volume,0.635,560,125,685,ok_volume,0.879,6263,403,6666,ok_volume,96,0,96,12854,417,13271,17324,9850,-0.275,-200,-634,25,20,60,59,1
1775346257,59,40,0,152,0,152,low_total_volume,0.495,370,125,495,ok_volume,0.878,6189,403,6592,ok_volume,0,0,0,12818,417,13235,17880,13555,-0.1376,967,26,24,20,60,59,1
1775346258,59,39,1.0,339,0,339,ok_volume,1.0,532,0,532,ok_volume,0.87,5792,403,6195,ok_volume,262,0,262,12889,417,13306,11870,10554,-0.0587,-4950,-6422,24,19,61,59,2
1775346259,58,40,0.936,302,10,312,ok_volume,0.957,454,10,464,ok_volume,0.862,5571,413,5984,ok_volume,59,10,69,12419,427,12846,17764,13057,-0.1527,440,-1006,26,22,60,58,2
1775346260,58,38,0.944,349,10,359,ok_volume,0.956,445,10,455,ok_volume,0.86,5481,413,5894,ok_volume,48,0,48,11940,427,12367,13017,10221,-0.1203,-4863,-5189,22,21,62,58,4
1775346261,58,39,0,136,10,146,low_total_volume,0.949,379,10,389,ok_volume,0.861,5511,413,5924,ok_volume,30,0,30,11489,427,11916,14027,15443,0.048,2157,-4378,23,21,61,58,3
1775346262,58,40,0,77,0,77,low_total_volume,0.949,379,10,389,ok_volume,0.86,5494,413,5907,ok_volume,0,0,0,11002,427,11429,12946,11260,-0.0697,-4818,-3927,24,20,60,58,2
1775346263,58,38,1.0,680,0,680,ok_volume,0.975,786,10,796,ok_volume,0.864,5670,413,6083,ok_volume,155,0,155,11296,427,11723,11521,10078,-0.0668,-1496,-6003,22,19,62,58,4
1775346264,58,37,1.0,731,0,731,ok_volume,1.0,808,0,808,ok_volume,0.86,5477,413,5890,ok_volume,81,0,81,11320,427,11747,11770,10686,-0.0483,-2257,-5143,22,20,63,58,5
1775346265,58,38,1.0,511,0,511,ok_volume,1.0,1036,0,1036,ok_volume,0.857,5365,413,5778,ok_volume,286,5,291,11589,432,12021,12490,16367,0.1344,-456,-4330,22,19,62,58,4
1775346266,58,38,1.0,685,0,685,ok_volume,1.0,1335,0,1335,ok_volume,0.886,5694,344,6038,ok_volume,329,0,329,11874,432,12306,14107,10286,-0.1566,2586,-3217,22,19,62,58,4
1775346267,58,38,1.0,681,0,681,ok_volume,1.0,917,0,917,ok_volume,0.878,5280,344,5624,ok_volume,77,0,77,11790,428,12218,13709,10221,-0.1458,1939,-4171,22,17,62,58,4
1775346268,59,37,1.0,655,0,655,ok_volume,1.0,1011,0,1011,ok_volume,0.883,5529,344,5873,ok_volume,249,0,249,12031,428,12459,13795,16135,0.0782,1305,1925,22,21,63,59,4
1775346269,59,36,1.0,1114,0,1114,ok_volume,1.0,1718,0,1718,ok_volume,0.895,6206,344,6550,ok_volume,796,0,796,12766,428,13194,13018,11243,-0.0732,-1089,-4746,21,20,64,59,5
1775346270,60,38,1.0,1037,0,1037,ok_volume,1.0,1443,0,1443,ok_volume,0.893,6116,344,6460,ok_volume,0,0,0,12452,428,12880,12478,7968,-0.2206,-1231,-539,22,19,62,60,2
1775346271,60,38,1.0,819,0,819,ok_volume,1.0,1145,0,1145,ok_volume,0.859,4520,344,4864,ok_volume,31,0,31,12303,428,12731,19456,8293,-0.4023,5661,5429,22,19,62,60,2
1775346272,60,37,1.0,489,0,489,ok_volume,1.0,1526,0,1526,ok_volume,0.868,4866,344,5210,ok_volume,459,5,464,12759,433,13192,18593,13802,-0.1479,5575,5647,21,20,63,60,3
1775346273,59,36,1.0,702,0,702,ok_volume,1.0,1490,0,1490,ok_volume,0.866,4809,344,5153,ok_volume,213,9,222,12698,442,13140,18261,7515,-0.4169,5783,6740,22,18,64,59,5
1775346274,60,35,1.0,823,0,823,ok_volume,1.0,854,0,854,ok_volume,0.867,4836,344,5180,ok_volume,0,0,0,12728,442,13170,18355,7219,-0.4354,-1101,6585,21,18,65,60,5
1775346275,59,36,1.0,478,0,478,ok_volume,1.0,967,0,967,ok_volume,0.915,4789,213,5002,ok_volume,120,0,120,12844,442,13286,21101,12880,-0.2419,2508,8611,22,19,64,59,5
1775346276,59,35,1.0,306,0,306,ok_volume,1.0,1129,0,1129,ok_volume,0.918,4969,213,5182,ok_volume,193,0,193,12908,442,13350,20875,7671,-0.4626,2614,6768,19,18,65,59,6
1775346277,59,34,1.0,443,0,443,ok_volume,1.0,808,0,808,ok_volume,0.947,4934,135,5069,ok_volume,137,0,137,13045,442,13487,22223,14154,-0.2218,3868,8514,22,20,66,59,7
1775346278,60,35,1.0,330,0,330,ok_volume,1.0,443,0,443,ok_volume,0.947,4912,135,5047,ok_volume,7,0,7,12947,442,13389,22826,9338,-0.4194,1725,9031,23,17,65,60,5
1775346279,60,34,0,137,0,137,low_activity,1.0,443,0,443,ok_volume,0.946,4875,135,5010,ok_volume,10,0,10,12410,442,12852,22759,14714,-0.2147,1884,9741,23,19,66,60,6
1775346280,61,34,0,94,0,94,low_activity,1.0,424,0,424,ok_volume,0.946,4888,135,5023,ok_volume,102,0,102,12474,442,12916,22994,8986,-0.438,771,10516,22,19,66,61,5
1775346281,62,34,1.0,388,0,388,ok_volume,1.0,525,0,525,ok_volume,0.948,5073,135,5208,ok_volume,294,0,294,11902,442,12344,19740,14253,-0.1614,-3086,284,21,22,66,62,4
1775346282,62,34,1.0,417,0,417,ok_volume,1.0,417,0,417,ok_volume,0.947,4912,135,5047,ok_volume,37,0,37,11798,442,12240,15185,7922,-0.3143,-7574,-3408,21,20,66,62,4
1775346283,62,33,1.0,371,0,371,ok_volume,1.0,465,0,465,ok_volume,0.996,4879,10,4889,ok_volume,56,0,56,11756,442,12198,15966,13437,-0.086,-7028,-2295,22,19,67,62,5
1775346284,62,34,0,77,0,77,low_activity,1.0,465,0,465,ok_volume,0.996,4742,10,4752,ok_volume,7,0,7,11763,442,12205,12062,7845,-0.2118,-7678,-6293,22,18,66,62,4
1775346285,63,31,0,230,0,230,low_total_volume,1.0,553,0,553,ok_volume,0.996,4868,10,4878,ok_volume,184,0,184,11938,442,12380,12716,14365,0.0609,-2469,-8385,22,21,69,63,6
1775346286,64,32,1.0,1080,0,1080,ok_volume,1.0,1157,0,1157,ok_volume,0.996,5670,10,5680,ok_volume,902,0,902,12245,442,12687,13459,8290,-0.2377,-2507,-7416,22,20,68,64,4
1775346287,64,31,1.0,1101,0,1101,ok_volume,1.0,1149,0,1149,ok_volume,0.996,5691,10,5701,ok_volume,27,0,27,12190,442,12632,13100,13418,0.012,1038,-9123,22,21,69,64,5
1775346288,64,33,1.0,1623,0,1623,ok_volume,1.0,1805,0,1805,ok_volume,0.997,6152,10,6162,ok_volume,704,0,704,12246,442,12688,13911,7785,-0.2824,1195,-8915,24,19,67,64,3
1775346289,64,32,1.0,1037,0,1037,ok_volume,1.0,2117,0,2117,ok_volume,1.0,6405,0,6405,ok_volume,316,10,326,12279,452,12731,12994,7051,-0.2965,-465,-9765,23,20,68,64,4
1775346290,64,32,1.0,1390,0,1390,ok_volume,1.0,2309,0,2309,ok_volume,1.0,6732,0,6732,ok_volume,374,0,374,12500,452,12952,13173,7558,-0.2709,73,-9821,23,21,68,64,4
1775346291,65,28,1.0,4087,0,4087,ok_volume,1.0,4812,0,4812,ok_volume,1.0,10103,0,10103,ok_volume,3406,1,3407,15901,453,16354,10359,8429,-0.1027,-3552,-9381,17,22,72,65,7
1775346292,66,29,1.0,3775,0,3775,ok_volume,1.0,4791,0,4791,ok_volume,1.0,9608,0,9608,ok_volume,9,0,9,15877,453,16330,11989,8621,-0.1634,-1005,-3196,18,23,71,66,5
1775346293,66,28,1.0,3667,0,3667,ok_volume,1.0,4353,0,4353,ok_volume,1.0,9719,0,9719,ok_volume,282,0,282,15674,453,16127,11500,8740,-0.1364,-1673,-4466,17,22,72,66,6
1775346294,66,30,0,321,0,321,low_activity,1.0,4096,0,4096,ok_volume,1.0,9693,0,9693,ok_volume,55,0,55,15452,453,15905,12384,8964,-0.1602,2025,322,21,23,70,66,4
1775346295,66,29,1.0,381,0,381,ok_volume,1.0,3782,0,3782,ok_volume,1.0,9478,0,9478,ok_volume,70,0,70,15132,453,15585,11413,9203,-0.1072,-576,-1303,19,21,71,66,5
1775346296,67,29,0,127,0,127,low_activity,1.0,393,0,393,ok_volume,1.0,9161,0,9161,ok_volume,12,0,12,15144,379,15523,17456,8606,-0.3396,5956,3997,19,23,71,67,4
1775346297,67,26,0,149,0,149,low_total_volume,1.0,470,0,470,ok_volume,1.0,9161,0,9161,ok_volume,58,0,58,14730,379,15109,16611,13820,-0.0917,4227,3511,19,23,74,67,7
1775346298,67,28,0,89,0,89,low_total_volume,0,204,0,204,low_total_volume,1.0,8912,0,8912,ok_volume,0,0,0,14722,379,15101,18720,8916,-0.3548,7307,4809,19,23,72,67,5
1775346299,71,27,0,51,0,51,low_activity,0,149,0,149,low_total_volume,1.0,8124,0,8124,ok_volume,0,0,0,14611,379,14990,20720,15323,-0.1497,3264,7726,20,27,73,71,2
1775346300,71,27,0,125,0,125,low_activity,0,214,0,214,low_total_volume,1.0,8249,0,8249,ok_volume,125,0,125,14635,379,15014,20475,9942,-0.3463,3864,7302,19,24,73,71,2
1775346301,70,26,0,125,0,125,low_activity,0,176,0,176,low_total_volume,1.0,8218,0,8218,ok_volume,0,3,3,13008,382,13390,14600,15518,0.0305,-4120,4241,18,25,74,70,4
1775346302,71,26,0,125,17,142,low_activity,0,125,17,142,low_activity,0.996,7760,17,7777,ok_volume,0,17,17,12876,399,13275,15600,11251,-0.162,-5120,3611,18,25,74,71,3
1775346303,70,27,0,0,155,155,low_activity,0,125,155,280,low_total_volume,0.959,7395,155,7550,ok_volume,0,143,143,12598,542,13140,14791,7812,-0.3088,-5684,3291,19,23,73,70,3
1775346304,70,27,0,0,175,175,low_total_volume,-0.167,125,175,300,ok_volume,0.954,7395,175,7570,ok_volume,13,20,33,12477,562,13039,14869,12801,-0.0747,269,2485,19,24,73,70,3
1775346305,70,27,0,15,158,173,low_total_volume,0,15,175,190,low_total_volume,0.953,7297,175,7472,ok_volume,16,0,16,12326,431,12757,15138,8076,-0.3042,-462,3725,19,23,73,70,3
1775346306,70,27,0,15,20,35,low_activity,0,15,175,190,low_total_volume,0.952,7104,175,7279,ok_volume,7,0,7,12313,431,12744,15109,12955,-0.0768,318,-2347,19,23,73,70,3
1775346307,70,27,0.92,675,28,703,ok_volume,0.568,675,186,861,ok_volume,0.948,7627,203,7830,ok_volume,660,28,688,12789,379,13168,9065,8426,-0.0365,-5804,-7546,17,23,73,70,3
1775346308,71,27,0.905,959,48,1007,ok_volume,0.869,974,68,1042,ok_volume,0.945,7926,223,8149,ok_volume,299,20,319,13063,399,13462,10154,9485,-0.0341,-4984,-8566,18,25,73,71,2
1775346309,71,27,0.915,1083,48,1131,ok_volume,0.916,1098,48,1146,ok_volume,0.946,8050,223,8273,ok_volume,66,0,66,13154,399,13553,54972,13882,-0.5968,39863,34252,17,24,73,71,2
1775346310,71,27,0.92,482,20,502,ok_volume,0.919,1142,48,1190,ok_volume,0.946,8015,223,8238,ok_volume,63,2,65,13132,401,13533,55927,11649,-0.6552,46862,35452,17,25,73,71,2
1775346311,70,28,0,173,0,173,low_total_volume,0.923,1192,48,1240,ok_volume,0.944,7771,223,7994,ok_volume,52,1,53,13059,402,13461,56769,12462,-0.64,46615,42169,20,24,72,70,2
1775346312,71,26,0,138,18,156,low_total_volume,0.873,561,38,599,ok_volume,0.94,7771,241,8012,ok_volume,29,18,47,12893,420,13313,14279,11513,-0.1072,-40693,-1321,17,26,74,71,3
1775346313,71,27,0,144,18,162,low_total_volume,0,267,18,285,low_total_volume,0.94,7788,241,8029,ok_volume,65,2,67,12874,294,13168,15014,11154,-0.1475,-40913,223,17,24,73,71,2
1775346314,71,27,0,114,175,289,low_total_volume,0.121,223,175,398,ok_volume,0.903,7808,398,8206,ok_volume,20,157,177,12757,451,13208,15091,11849,-0.1203,-41678,222,17,24,73,71,2
1775346315,71,27,-0.581,105,396,501,ok_volume,-0.385,184,414,598,ok_volume,0.846,7646,637,8283,ok_volume,24,239,263,12716,690,13406,14738,14502,-0.0081,459,-400,17,24,73,71,2
1775346316,71,27,-0.264,252,433,685,ok_volume,-0.132,346,451,797,ok_volume,0.823,6960,674,7634,ok_volume,212,37,249,12832,727,13559,14550,8598,-0.2571,-464,-559,17,22,73,71,2
1775346317,70,27,-0.06,245,276,521,ok_volume,-0.135,330,433,763,ok_volume,0.823,6952,674,7626,ok_volume,13,0,13,12845,727,13572,14697,14450,-0.0085,-394,5632,18,22,73,70,3
1775346318,71,26,0.769,284,37,321,ok_volume,-0.144,324,433,757,ok_volume,0.807,6307,674,6981,ok_volume,79,0,79,12662,727,13389,15476,10751,-0.1802,738,5322,18,22,74,71,3
1775346319,71,26,1.0,743,0,743,ok_volume,0.559,975,276,1251,ok_volume,0.816,6666,674,7340,ok_volume,671,1,672,13274,718,13992,14853,16980,0.0668,303,-40119,16,24,74,71,3
1775346320,71,26,1.0,730,0,730,ok_volume,0.925,955,37,992,ok_volume,0.806,6292,674,6966,ok_volume,0,0,0,13226,718,13944,14587,9514,-0.2105,-110,-41340,16,23,74,71,3
1775346321,71,26,1.0,786,0,786,ok_volume,1.0,858,0,858,ok_volume,0.634,3006,674,3680,ok_volume,125,0,125,13321,718,14039,15371,17627,0.0684,-105,-41398,16,25,74,71,3
1775346322,70,26,-0.332,148,295,443,ok_volume,0.497,878,295,1173,ok_volume,0.516,3039,969,4008,ok_volume,42,295,337,12863,1013,13876,10149,8931,-0.0638,-4704,-4130,17,23,74,70,4
1775346323,71,26,0.095,357,295,652,ok_volume,0.554,1028,295,1323,ok_volume,0.509,2982,969,3951,ok_volume,215,0,215,12923,1013,13936,15485,14135,-0.0456,898,471,17,25,74,71,3
1775346324,72,26,0.298,573,310,883,ok_volume,0.379,688,310,998,ok_volume,0.536,3258,984,4242,ok_volume,331,15,346,13173,1028,14201,15551,8652,-0.285,180,460,17,25,74,72,2
1775346325,71,26,0.709,605,103,708,ok_volume,0.308,753,398,1151,ok_volume,0.505,3263,1072,4335,ok_volume,78,88,166,12965,1111,14076,16300,13430,-0.0965,6151,1562,17,23,74,71,3
1775346326,71,26,0.696,658,118,776,ok_volume,0.371,900,413,1313,ok_volume,0.525,3487,1087,4574,ok_volume,262,15,277,12898,1126,14024,16508,9391,-0.2748,1023,1958,16,23,74,71,3
1775346327,71,26,0.63,454,103,557,ok_volume,0.788,994,118,1112,ok_volume,0.532,3563,1087,4650,ok_volume,132,0,132,12953,1126,14079,17005,16880,-0.0037,1454,2308,16,23,74,71,3
1775346328,70,27,0.926,389,15,404,ok_volume,0.739,785,118,903,ok_volume,0.532,3563,1087,4650,ok_volume,0,0,0,12704,1126,13830,17336,9353,-0.2991,1036,1860,17,22,73,70,3
1775346329,70,27,1.0,326,0,326,ok_volume,0.728,653,103,756,ok_volume,0.552,3762,1087,4849,ok_volume,199,0,199,12107,1126,13233,17703,15348,-0.0713,1195,2850,17,22,73,70,3
1775346330,71,28,0,199,0,199,low_activity,0.95,588,15,603,ok_volume,0.54,3637,1087,4724,ok_volume,0,0,0,12107,1126,13233,17723,9736,-0.2909,718,3136,18,22,72,71,1
1775346331,71,28,0,199,0,199,low_activity,1.0,326,0,326,ok_volume,0.54,3637,1087,4724,ok_volume,0,0,0,12076,1126,13202,17375,15140,-0.0687,39,2004,19,25,72,71,1
1775346332,71,28,0,54,0,54,low_activity,0,253,0,253,low_total_volume,0.551,3691,1070,4761,ok_volume,61,0,61,11678,1121,12799,18416,13941,-0.1383,713,8267,19,25,72,71,1
1775346333,71,27,1.0,705,0,705,ok_volume,1.0,904,0,904,ok_volume,0.647,4342,932,5274,ok_volume,658,0,658,11971,1112,13083,17886,10069,-0.2796,163,2401,18,22,73,71,2
1775346334,71,28,0.735,772,118,890,ok_volume,0.735,772,118,890,ok_volume,0.621,4409,1030,5439,ok_volume,67,118,185,12038,1230,13268,18140,14609,-0.1078,765,2589,20,24,72,71,1
1775346335,68,29,-0.491,718,2105,2823,ok_volume,-0.463,772,2105,2877,ok_volume,0.186,4394,3017,7411,ok_volume,0,1989,1989,11918,3219,15137,18713,7009,-0.455,297,2413,23,22,71,68,3
1775346336,68,29,-0.938,67,2105,2172,ok_volume,-0.463,772,2105,2877,ok_volume,0.186,4394,3017,7411,ok_volume,0,0,0,11725,3219,14944,17270,7110,-0.4167,-616,762,21,23,71,68,3
1775346337,65,31,-0.929,73,1987,2060,ok_volume,-0.454,791,2105,2896,ok_volume,0.12,3807,2989,6796,ok_volume,79,0,79,11667,3219,14886,17311,12348,-0.1673,-829,306,22,23,69,65,4
1775346338,57,32,-0.926,73,1895,1968,ok_volume,-0.932,140,4000,4140,ok_volume,-0.17,3448,4864,8312,ok_volume,0,1895,1895,11660,5114,16774,17591,10978,-0.2315,-1122,255,25,17,68,57,11
1775346339,58,34,-0.912,87,1895,1982,ok_volume,-0.956,87,3882,3969,ok_volume,-0.177,3398,4864,8262,ok_volume,20,0,20,11670,5114,16784,13083,5243,-0.4278,-4187,-4620,26,18,66,58,8
1775346340,58,36,-0.928,71,1895,1966,ok_volume,-0.859,144,1895,2039,ok_volume,-0.178,3396,4864,8260,ok_volume,60,0,60,11628,5114,16742,17204,11441,-0.2012,-107,-519,27,20,64,58,6
1775346341,57,38,0,71,0,71,low_activity,-0.859,144,1895,2039,ok_volume,-0.185,3346,4864,8210,ok_volume,0,0,0,11334,5114,16448,17229,11122,-0.2154,-362,-146,29,19,62,57,5
1775346342,59,39,0,57,0,57,low_activity,-0.928,71,1895,1966,ok_volume,-0.187,3317,4846,8163,ok_volume,0,0,0,11297,5114,16411,12073,11208,-0.0372,-1010,-6343,27,16,61,59,2
1775346343,59,39,0,0,0,0,no_volume,0,71,0,71,low_activity,-0.197,3252,4846,8098,ok_volume,0,0,0,11241,5114,16355,19488,17709,-0.0478,2284,1602,28,18,61,59,2
1775346344,59,39,0,0,49,49,low_activity,0,57,49,106,low_activity,-0.189,3232,4738,7970,ok_volume,0,49,49,11234,5163,16397,12747,12206,-0.0217,-4482,-5393,27,17,61,59,2
1775346345,59,39,0,15,49,64,low_activity,0,15,49,64,low_activity,-0.165,3227,4499,7726,ok_volume,15,0,15,11065,5163,16228,17819,20207,0.0628,5746,-894,26,20,61,59,2
1775346346,59,39,0,85,49,134,low_total_volume,0,85,49,134,low_total_volume,-0.182,3085,4462,7547,ok_volume,70,0,70,10233,5163,15396,17746,14740,-0.0925,-1742,476,27,17,61,59,2
1775346347,60,39,0,124,0,124,low_total_volume,0,124,49,173,low_total_volume,-0.178,3111,4462,7573,ok_volume,39,0,39,10245,5163,15408,11855,10991,-0.0378,-892,-5456,26,18,61,60,1
1775346348,60,39,0,109,0,109,low_activity,0,124,49,173,low_total_volume,-0.188,3052,4462,7514,ok_volume,0,0,0,9541,5163,14704,16471,15869,-0.0186,-1348,-1120,25,20,61,60,1
1775346349,60,39,0,70,0,70,low_activity,0,155,0,155,low_total_volume,-0.298,2412,4462,6874,ok_volume,31,0,31,9256,5153,14409,10637,10368,-0.0128,-7109,-2446,24,19,61,60,1
1775346350,60,39,0,31,13,44,low_activity,0,140,13,153,low_total_volume,-0.3,2412,4475,6887,ok_volume,0,13,13,8882,5166,14048,16740,16916,0.0052,4885,-464,26,20,61,60,1
1775346351,60,37,0,52,13,65,low_activity,0,91,13,104,low_total_volume,-0.318,2318,4475,6793,ok_volume,30,0,30,5506,5165,10671,18581,11415,-0.2389,2110,1352,29,18,63,60,3
1775346352,60,36,0,321,13,334,low_activity,0.929,352,13,365,ok_volume,-0.236,2585,4180,6765,ok_volume,308,0,308,5805,5165,10970,10900,13915,0.1215,263,-1173,25,19,64,60,4
1775346353,61,37,0,344,0,344,low_activity,0.933,375,13,388,ok_volume,-0.271,2399,4180,6579,ok_volume,23,0,23,5546,5165,10711,19405,15200,-0.1215,2665,-83,27,21,63,61,2
1775346354,61,38,0,323,0,323,low_activity,0.927,344,13,357,ok_volume,-0.336,2068,4165,6233,ok_volume,0,0,0,5491,5165,10656,12003,11947,-0.0023,-6578,-744,26,18,62,61,1
1775346355,60,38,0,23,135,158,low_total_volume,0.436,344,135,479,ok_volume,-0.355,2003,4212,6215,ok_volume,0,135,135,5421,5300,10721,16481,14864,-0.0516,5581,-1338,26,19,62,60,2
1775346356,60,37,0.222,212,135,347,ok_volume,0.597,535,135,670,ok_volume,-0.365,1953,4197,6150,ok_volume,212,0,212,5594,5300,10894,17455,16828,-0.0183,-1950,-291,25,21,63,60,3
1775346357,59,38,0.299,250,135,385,ok_volume,0.338,273,135,408,ok_volume,-0.385,1864,4197,6061,ok_volume,45,0,45,5581,5300,10881,12016,11602,-0.0175,13,161,26,18,62,59,3
1775346358,57,39,0,265,0,265,low_total_volume,0.325,265,135,400,ok_volume,-0.382,1879,4197,6076,ok_volume,15,0,15,5596,5300,10896,17919,10704,-0.2521,1438,1448,28,20,61,57,4
1775346359,57,41,0,53,0,53,low_activity,0.325,265,135,400,ok_volume,-0.428,1680,4197,5877,ok_volume,0,0,0,5596,5300,10896,11833,9790,-0.0945,-5622,1196,29,20,59,57,2
1775346360,55,37,0.875,838,56,894,ok_volume,0.902,1088,56,1144,ok_volume,-0.259,2503,4253,6756,ok_volume,478,62,540,6295,5362,11657,14326,8748,-0.2417,2310,-2414,25,19,63,55,8
1775346361,56,36,0.892,977,56,1033,ok_volume,0.897,1030,56,1086,ok_volume,-0.231,2657,4253,6910,ok_volume,154,0,154,6449,5359,11808,12116,15058,0.1083,-5803,-6465,24,21,64,56,8
1775346362,57,37,0.908,1161,56,1217,ok_volume,0.929,1522,56,1578,ok_volume,-0.152,3133,4253,7386,ok_volume,530,0,530,6979,5342,12321,16730,13194,-0.1182,4897,5830,27,22,63,57,6
1775346363,61,38,1.0,684,0,684,ok_volume,0.928,1507,56,1563,ok_volume,-0.263,2482,4253,6735,ok_volume,0,0,0,6979,5199,12178,12624,8741,-0.1817,-1702,-6781,26,20,62,61,1
1775346364,58,38,0.949,576,15,591,ok_volume,0.889,1207,71,1278,ok_volume,-0.255,2461,4150,6611,ok_volume,46,15,61,7012,5194,12206,20361,13965,-0.1863,8245,8358,27,21,62,58,4
1775346365,59,40,0,46,15,61,low_activity,0.96,730,15,745,ok_volume,0.064,2461,2163,4624,ok_volume,0,0,0,6996,5194,12190,13103,7582,-0.2669,-3627,-3378,26,18,60,59,1
1775346366,57,40,0,46,15,61,low_activity,0.949,576,15,591,ok_volume,0.064,2461,2163,4624,ok_volume,0,0,0,6989,5194,12183,14618,6747,-0.3684,1994,-2837,27,19,60,57,3
1775346367,56,42,0,20,0,20,low_activity,0,66,15,81,low_activity,0.054,2408,2163,4571,ok_volume,20,0,20,6349,5166,11515,21678,13811,-0.2217,1317,9662,30,20,58,56,2
1775346368,56,42,0,39,0,39,low_activity,0,85,15,100,low_total_volume,0.801,2427,268,2695,ok_volume,19,0,19,6004,5146,11150,15759,10299,-0.2095,2656,-2160,31,18,58,56,2
1775346369,57,42,0,102,0,102,low_activity,0,102,0,102,low_activity,0.805,2476,268,2744,ok_volume,64,0,64,6002,5146,11148,19253,13280,-0.1836,4635,7420,31,21,58,57,1
1775346370,55,42,0,82,0,82,low_activity,0,102,0,102,low_activity,0.801,2419,268,2687,ok_volume,0,0,0,5939,5144,11083,21762,6262,-0.5531,84,7436,32,15,58,55,3
1775346371,56,42,1.0,456,0,456,ok_volume,1.0,495,0,495,ok_volume,0.826,2812,268,3080,ok_volume,393,0,393,6280,5143,11423,16307,13307,-0.1013,548,4191,30,18,58,56,2
1775346372,56,42,1.0,408,0,408,ok_volume,1.0,490,0,490,ok_volume,0.827,2827,268,3095,ok_volume,27,0,27,6278,5125,11403,21851,15307,-0.1761,2598,5121,31,18,58,56,2
1775346373,56,42,1.0,408,0,408,ok_volume,1.0,471,0,471,ok_volume,0.827,2827,268,3095,ok_volume,0,0,0,6213,5123,11336,16440,9736,-0.2561,-5322,3816,29,16,58,56,2
1775346374,56,42,1.0,1641,0,1641,ok_volume,1.0,2034,0,2034,ok_volume,0.906,4453,219,4672,ok_volume,1627,0,1627,7820,4966,12786,18726,15244,-0.1025,2419,-1635,31,18,58,56,2
1775346375,56,41,1.0,1637,0,1637,ok_volume,1.0,2045,0,2045,ok_volume,0.906,4449,219,4668,ok_volume,14,0,14,7810,4727,12537,13211,7125,-0.2993,-8640,108,28,17,59,56,3
1775346376,56,42,1.0,1637,0,1637,ok_volume,1.0,1652,0,1652,ok_volume,0.905,4379,219,4598,ok_volume,0,0,0,7598,4690,12288,18923,15208,-0.1088,2483,4305,31,19,58,56,2
1775346377,56,42,0,11,15,26,low_activity,0.982,1637,15,1652,ok_volume,0.898,4340,234,4574,ok_volume,0,0,0,7585,4705,12290,21162,15564,-0.1524,2436,-516,31,19,58,56,2
1775346378,55,43,0.914,334,15,349,ok_volume,0.985,1971,15,1986,ok_volume,0.905,4674,234,4908,ok_volume,334,0,334,7840,4705,12545,13983,10874,-0.1251,772,-1776,29,16,57,55,2
1775346379,55,42,0,334,0,334,low_activity,0.917,345,15,360,ok_volume,0.904,4643,234,4877,ok_volume,0,0,0,7169,4704,11873,13673,19171,0.1674,-5250,-5580,28,20,58,55,3
1775346380,55,43,0,334,0,334,low_activity,0.914,334,15,349,ok_volume,0.909,4643,221,4864,ok_volume,0,0,0,7169,4704,11873,18316,14783,-0.1067,-2846,-3446,31,19,57,55,2
1775346381,55,43,0,0,0,0,no_volume,0,334,0,334,low_activity,0.909,4622,221,4843,ok_volume,0,0,0,7044,4704,11748,13624,12010,-0.063,-359,-2683,29,19,57,55,2
1775346382,54,43,-0.746,247,1700,1947,ok_volume,-0.491,581,1700,2281,ok_volume,0.408,4569,1921,6490,ok_volume,16,1700,1716,7265,6109,13374,12519,7920,-0.225,-1154,-9332,28,17,57,54,3
1775346383,54,43,-0.729,267,1700,1967,ok_volume,-0.729,267,1700,1967,ok_volume,0.408,4566,1921,6487,ok_volume,20,0,20,7070,6109,13179,18770,13121,-0.1771,454,2330,31,19,57,54,3
1775346384,54,43,-0.956,38,1700,1738,ok_volume,-0.713,285,1700,1985,ok_volume,0.409,4584,1921,6505,ok_volume,18,0,18,6757,6094,12851,12125,7341,-0.2458,-1499,-6601,27,17,57,54,3
1775346385,54,42,0,38,0,38,low_activity,-0.713,285,1700,1985,ok_volume,0.439,4584,1786,6370,ok_volume,0,0,0,6679,6006,12685,18700,12369,-0.2038,6181,5489,30,21,58,54,4
1775346386,54,42,0,18,0,18,low_activity,-0.956,38,1700,1738,ok_volume,0.42,4372,1786,6158,ok_volume,3,0,3,6420,5991,12411,18647,12691,-0.1901,-123,-276,30,21,58,54,4
1775346387,53,42,0,167,76,243,low_total_volume,0,205,76,281,low_total_volume,0.415,4501,1862,6363,ok_volume,0,81,81,6455,6072,12527,12684,6746,-0.3056,559,-8478,27,17,58,53,5
1775346388,54,43,0,167,76,243,low_total_volume,0,185,76,261,low_total_volume,0.413,4486,1862,6348,ok_volume,0,0,0,6455,6072,12527,17889,13340,-0.1457,-811,3906,29,19,57,54,3
1775346389,54,43,0,27,76,103,low_total_volume,0,194,76,270,low_total_volume,0.382,4167,1862,6029,ok_volume,27,0,27,6283,6081,12364,11981,7355,-0.2392,-6666,-1692,26,17,57,54,3
1775346390,54,43,0,265,0,265,low_total_volume,0.701,432,76,508,ok_volume,0.37,3928,1806,5734,ok_volume,238,0,238,6521,6081,12602,12138,6823,-0.2803,-546,-6178,26,17,57,54,3
1775346391,53,39,1.0,1944,0,1944,ok_volume,0.925,1944,76,2020,ok_volume,0.502,5453,1806,7259,ok_volume,1679,0,1679,8200,6081,14281,16341,11720,-0.1647,-1548,2717,25,18,61,53,8
1775346392,54,42,1.0,1917,0,1917,ok_volume,1.0,1944,0,1944,ok_volume,0.463,4923,1806,6729,ok_volume,0,0,0,8148,6081,14229,10404,7493,-0.1627,-1577,-2115,24,17,58,54,4
1775346393,55,39,1.0,1760,0,1760,ok_volume,1.0,2025,0,2025,ok_volume,0.47,5004,1806,6810,ok_volume,96,0,96,7586,6081,13667,16692,13017,-0.1237,4554,-2078,25,20,61,55,6
1775346394,56,42,0,331,0,331,low_activity,1.0,2248,0,2248,ok_volume,0.488,5208,1791,6999,ok_volume,250,0,250,7769,5963,13732,10777,7160,-0.2017,-5564,-1348,25,19,58,56,2
1775346395,56,40,1.0,1031,0,1031,ok_volume,1.0,2710,0,2710,ok_volume,0.535,5908,1791,7699,ok_volume,700,0,700,8469,3974,12443,10107,13161,0.1313,-297,-8593,23,20,60,56,4
1775346396,56,41,1.0,982,0,982,ok_volume,1.0,1063,0,1063,ok_volume,0.537,5940,1791,7731,ok_volume,32,0,32,8501,3974,12475,15480,13171,-0.0806,-1212,-3167,28,20,59,56,3
1775346397,56,41,1.0,781,0,781,ok_volume,1.0,1112,0,1112,ok_volume,0.538,5969,1791,7760,ok_volume,49,0,49,8471,3974,12445,15471,7073,-0.3725,4694,2787,29,18,59,56,3
1775346398,57,41,0,81,0,81,low_activity,1.0,1031,0,1031,ok_volume,0.537,5950,1791,7741,ok_volume,0,0,0,8471,2079,10550,9919,12449,0.1131,-188,-7970,26,20,59,57,2
1775346399,57,41,0,294,0,294,low_total_volume,1.0,1026,0,1026,ok_volume,0.548,6132,1791,7923,ok_volume,245,0,245,8696,2079,10775,15744,12019,-0.1342,264,3763,27,19,59,57,2
1775346400,57,40,0,257,10,267,low_total_volume,0.943,338,10,348,ok_volume,0.547,6144,1801,7945,ok_volume,20,10,30,8656,2089,10745,10207,7726,-0.1383,-5264,-1931,24,19,60,57,3
1775346401,57,41,0.934,295,10,305,ok_volume,0.944,344,10,354,ok_volume,0.525,5789,1801,7590,ok_volume,0,0,0,8694,2089,10783,16010,12397,-0.1272,6091,-331,27,20,59,57,2
1775346402,57,41,0,50,10,60,low_activity,0.934,295,10,305,ok_volume,0.524,5774,1801,7575,ok_volume,0,0,0,8694,2089,10783,10359,6819,-0.2061,-5385,-45,26,18,59,57,2
1775346403,56,41,0,18,25,43,low_activity,0.799,313,35,348,ok_volume,0.521,5792,1826,7618,ok_volume,18,36,54,8720,2125,10845,10920,7523,-0.1842,713,-5772,26,17,59,56,3
1775346404,56,39,0,58,25,83,low_activity,0,108,35,143,low_total_volume,0.395,4206,1826,6032,ok_volume,40,0,40,8760,2076,10836,9687,7116,-0.153,-6323,-1090,25,17,61,56,5
1775346405,59,39,0,81,25,106,low_total_volume,0,81,25,106,low_total_volume,0.396,4218,1826,6044,ok_volume,23,7,30,8768,2083,10851,15677,12792,-0.1013,5318,5570,28,19,61,59,2
1775346406,59,39,0,63,0,63,low_activity,0,81,25,106,low_total_volume,0.399,4218,1811,6029,ok_volume,0,0,0,8698,2083,10781,10196,8054,-0.1174,-724,-5284,25,18,61,59,2
1775346407,59,39,0,23,0,23,low_activity,0,81,25,106,low_total_volume,0.399,4218,1811,6029,ok_volume,0,0,0,8659,2083,10742,10220,8232,-0.1077,533,-5251,26,19,61,59,2
1775346408,59,39,0,15,0,15,low_activity,0,78,0,78,low_activity,0.366,3899,1811,5710,ok_volume,15,0,15,8674,2083,10757,16317,13453,-0.0962,640,6398,27,21,61,59,2
1775346409,60,37,0,15,0,15,low_activity,0,38,0,38,low_activity,0.366,3899,1811,5710,ok_volume,3,0,3,8646,2083,10729,11240,7608,-0.1927,1044,-4504,27,20,63,60,3
1775346410,60,37,0,37,0,37,low_activity,0,37,0,37,low_activity,0.368,3921,1811,5732,ok_volume,22,0,22,8668,2070,10738,12651,13416,0.0293,2431,2444,26,22,63,60,3
1775346411,60,38,0,22,0,22,low_activity,0,37,0,37,low_activity,0.34,3674,1811,5485,ok_volume,0,0,0,8638,2070,10708,17560,13617,-0.1265,1243,1550,28,23,62,60,2
1775346412,60,34,1.0,753,0,753,ok_volume,1.0,768,0,768,ok_volume,0.951,4405,111,4516,ok_volume,734,0,734,9064,2070,11134,10843,7564,-0.1781,-397,484,24,23,66,60,6
1775346413,60,34,1.0,731,0,731,ok_volume,1.0,753,0,753,ok_volume,0.951,4385,111,4496,ok_volume,0,0,0,9041,2070,11111,18972,13143,-0.1815,6321,8052,25,24,66,60,6
1775346414,69,30,0.562,1826,512,2338,ok_volume,0.566,1848,512,2360,ok_volume,0.795,5462,623,6085,ok_volume,1095,512,1607,10136,2582,12718,16799,8583,-0.3237,-761,7112,22,22,70,69,1
1775346415,65,29,0.148,1095,812,1907,ok_volume,0.384,1826,812,2638,ok_volume,0.711,5462,923,6385,ok_volume,0,300,300,10136,2747,12883,10929,6834,-0.2305,86,-4748,21,24,71,65,6
1775346416,62,29,0.148,1095,812,1907,ok_volume,0.384,1826,812,2638,ok_volume,0.703,5295,923,6218,ok_volume,0,0,0,9924,2747,12671,16081,12143,-0.1395,-2891,5885,19,25,71,62,9
1775346417,62,36,0,0,300,300,low_activity,0.148,1095,812,1907,ok_volume,0.724,5295,847,6142,ok_volume,0,0,0,9879,2747,12626,10177,6329,-0.2331,-6622,-43,22,23,64,62,2
1775346418,64,33,0,0,0,0,low_activity,0.148,1095,812,1907,ok_volume,0.724,5295,847,6142,ok_volume,10,0,10,9874,2747,12621,14407,12451,-0.0728,3478,-1910,24,23,67,64,3
1775346419,64,30,0,0,0,0,low_activity,0,0,300,300,low_activity,0.723,5268,847,6115,ok_volume,6,0,6,9534,2747,12281,8431,12051,0.1767,-7650,-2809,20,23,70,64,6
1775346420,65,32,0,0,0,0,low_activity,0,0,0,0,low_activity,0.712,5030,847,5877,ok_volume,9,0,9,9065,2685,11750,17426,6773,-0.4402,7249,4775,24,24,68,65,3
1775346421,65,29,0,10,0,10,low_activity,0,10,0,10,low_activity,0.597,3361,847,4208,ok_volume,0,0,0,8921,2685,11606,19716,13674,-0.181,5309,2156,20,26,71,65,6
1775346422,67,31,0,10,0,10,low_activity,0,10,0,10,low_activity,0.597,3361,847,4208,ok_volume,0,0,0,8391,2685,11076,28402,7254,-0.5931,19971,17559,24,23,69,67,2
1775346423,65,32,0,0,0,0,low_activity,0,10,0,10,low_activity,0.59,3280,847,4127,ok_volume,0,3,3,8391,2688,11079,21699,6930,-0.5159,4273,2727,24,22,68,65,3
1775346424,65,31,0,122,98,220,low_activity,0,132,98,230,low_total_volume,0.539,3152,945,4097,ok_volume,122,98,220,8467,2771,11238,19993,12250,-0.2401,277,3194,22,22,69,65,4
1775346425,65,34,0.463,267,98,365,ok_volume,0.463,267,98,365,ok_volume,0.466,2597,945,3542,ok_volume,145,10,155,8612,2781,11393,18797,11418,-0.2442,-9605,7868,25,23,66,65,1
1775346426,65,34,0.494,289,98,387,ok_volume,0.494,289,98,387,ok_volume,0.465,2587,945,3532,ok_volume,22,0,22,8634,2781,11415,13359,5918,-0.386,-8340,-2722,24,22,66,65,1
1775346427,65,34,0,180,0,180,low_activity,0.51,302,98,400,ok_volume,0.459,2551,945,3496,ok_volume,13,0,13,8627,2781,11408,14327,6418,-0.3812,-5666,4150,25,23,66,65,1
1775346428,65,34,0,230,22,252,low_activity,0.611,497,120,617,ok_volume,0.479,2746,967,3713,ok_volume,0,22,22,8803,2803,11606,19203,12105,-0.2267,406,4796,25,25,66,65,1
1775346429,65,34,0,208,22,230,low_activity,0.889,375,22,397,ok_volume,0.442,2501,967,3468,ok_volume,0,0,0,8739,2803,11542,19743,7820,-0.4326,6384,11312,25,23,66,65,1
1775346430,62,36,0,51,1522,1573,low_activity,-0.688,281,1522,1803,ok_volume,0.009,2502,2457,4959,ok_volume,0,1508,1508,8790,4311,13101,15419,6032,-0.4376,1092,-2007,25,21,64,62,2
1775346431,62,36,-0.826,143,1500,1643,ok_volume,-0.625,351,1522,1873,ok_volume,0.027,2594,2457,5051,ok_volume,98,0,98,8495,4311,12806,18294,11865,-0.2132,-909,-1422,24,23,64,62,2
1775346432,62,35,-0.369,692,1500,2192,ok_volume,-0.344,743,1522,2265,ok_volume,0.13,3194,2457,5651,ok_volume,600,0,600,9068,4311,13379,12103,5864,-0.3472,-7640,-16299,23,21,65,62,3
1775346433,62,36,1.0,1009,0,1009,ok_volume,-0.172,1060,1500,2560,ok_volume,0.179,3493,2432,5925,ok_volume,317,0,317,9385,4311,13696,17282,11245,-0.2116,1863,-4417,25,22,64,62,2
1775346434,63,35,1.0,935,0,935,ok_volume,-0.187,1027,1500,2527,ok_volume,0.176,3471,2432,5903,ok_volume,18,4,22,7776,4315,12091,11905,5375,-0.3779,-6389,-8088,23,21,65,63,2
1775346435,63,35,1.0,369,0,369,ok_volume,1.0,1061,0,1061,ok_volume,0.178,3482,2432,5914,ok_volume,34,0,34,7796,4315,12111,18122,11727,-0.2142,6019,-675,25,21,65,63,2
1775346436,61,32,1.0,806,0,806,ok_volume,1.0,1723,0,1723,ok_volume,0.271,4236,2432,6668,ok_volume,754,0,754,8550,4300,12850,17225,6450,-0.4551,-57,3866,22,19,68,61,7
1775346437,61,35,1.0,788,0,788,ok_volume,1.0,1123,0,1123,ok_volume,0.271,4236,2432,6668,ok_volume,0,0,0,8550,4300,12850,12443,8138,-0.2092,538,-1884,22,21,65,61,4
1775346438,63,35,1.0,766,0,766,ok_volume,1.0,818,0,818,ok_volume,0.27,4233,2432,6665,ok_volume,12,0,12,8228,4300,12528,18944,13391,-0.1717,822,-259,25,24,65,63,2
1775346439,59,35,0,12,0,12,low_activity,1.0,800,0,800,ok_volume,0.27,4233,2432,6665,ok_volume,0,0,0,8228,4300,12528,18944,6497,-0.4892,1719,-799,24,20,65,59,6
1775346440,60,36,0,71,0,71,low_activity,1.0,825,0,825,ok_volume,0.274,4270,2432,6702,ok_volume,59,0,59,8287,4300,12587,13693,7781,-0.2753,1250,-1726,23,20,64,60,4
1775346441,60,34,0,252,0,252,low_total_volume,0,264,0,264,low_total_volume,0.295,4463,2432,6895,ok_volume,202,0,202,8242,4300,12542,19031,13121,-0.1838,87,737,23,23,66,60,6
1775346442,64,34,0,279,0,279,low_total_volume,0,291,0,291,low_total_volume,0.214,3759,2432,6191,ok_volume,27,0,27,8253,2600,10853,19498,13153,-0.1943,554,7395,25,25,66,64,2
1775346443,61,35,1.0,367,0,367,ok_volume,1.0,426,0,426,ok_volume,0.233,3906,2432,6338,ok_volume,147,9,156,8380,2609,10989,12605,7444,-0.2574,-1088,-4677,24,21,65,61,4
1775346444,63,35,0,174,0,174,low_activity,1.0,426,0,426,ok_volume,0.188,2811,1920,4731,ok_volume,2,0,2,8364,2609,10973,17124,16225,-0.027,-1907,5219,25,25,65,63,2
1775346445,63,34,0,164,0,164,low_activity,1.0,384,0,384,ok_volume,0.272,2828,1620,4448,ok_volume,24,0,24,8388,2609,10997,11163,8832,-0.1166,-8335,-6959,21,24,66,63,3
1775346446,64,32,0,17,0,17,low_activity,0,191,0,191,low_activity,0.272,2828,1620,4448,ok_volume,2,0,2,8220,2609,10829,11478,11678,0.0086,-1127,-5747,22,24,68,64,4
1775346447,63,32,0,17,0,17,low_activity,0,164,0,164,low_activity,0.272,2828,1620,4448,ok_volume,0,0,0,8220,2528,10748,17029,11895,-0.1775,-95,4586,23,25,68,63,5
1775346448,63,33,0,0,0,0,low_activity,0,17,0,17,low_activity,0.272,2828,1620,4448,ok_volume,0,0,0,8220,2519,10739,12325,6626,-0.3007,1162,-6619,23,22,67,63,4
1775346449,64,35,1.0,364,0,364,ok_volume,1.0,381,0,381,ok_volume,0.327,3192,1620,4812,ok_volume,364,0,364,8557,2519,11076,18585,13551,-0.1566,7107,-359,24,26,65,64,1
1775346450,64,34,1.0,479,0,479,ok_volume,1.0,479,0,479,ok_volume,0.341,3297,1620,4917,ok_volume,115,0,115,8434,2519,10953,18814,13136,-0.1777,1785,5121,23,26,66,64,2
1775346451,64,35,0.688,558,103,661,ok_volume,0.688,558,103,661,ok_volume,0.324,3376,1723,5099,ok_volume,84,0,84,6830,2624,9454,13167,6912,-0.3115,842,-5864,23,22,65,64,1
1775346452,64,35,0,194,103,297,low_total_volume,0.688,558,103,661,ok_volume,0.324,3376,1723,5099,ok_volume,0,0,0,6830,2624,9454,18801,12988,-0.1829,216,-697,24,25,65,64,1
1775346453,64,35,0,108,0,108,low_activity,0.701,587,103,690,ok_volume,0.328,3405,1723,5128,ok_volume,29,0,29,6763,2624,9387,18038,11925,-0.204,-776,5433,24,24,65,64,1
1775346454,64,35,0,29,0,29,low_activity,0.368,223,103,326,ok_volume,0.338,3283,1625,4908,ok_volume,2,0,2,6515,2624,9139,12568,6413,-0.3243,-599,-4556,23,21,65,64,1
1775346455,64,34,0,251,0,251,low_total_volume,1.0,330,0,330,ok_volume,0.348,3360,1625,4985,ok_volume,222,0,222,6037,2624,8661,12342,12077,-0.0109,-6459,1179,22,24,66,64,2
1775346456,64,35,1.0,369,0,369,ok_volume,1.0,398,0,398,ok_volume,0.364,3485,1625,5110,ok_volume,147,0,147,6152,2624,8776,17558,12652,-0.1624,-480,6080,22,25,65,64,1
1775346457,64,35,1.0,369,0,369,ok_volume,1.0,398,0,398,ok_volume,0.337,3277,1625,4902,ok_volume,0,0,0,6103,2624,8727,13111,8558,-0.2101,543,-3918,21,21,65,64,1
1775346458,64,35,0,177,0,177,low_activity,1.0,399,0,399,ok_volume,0.347,3307,1603,4910,ok_volume,30,0,30,6133,2624,8757,18547,14241,-0.1313,6205,6222,24,25,65,64,1
1775346459,64,34,0,204,0,204,low_activity,1.0,573,0,573,ok_volume,0.363,3430,1603,5033,ok_volume,151,0,151,6068,2624,8692,18873,12583,-0.2,1315,288,23,25,66,64,2
1775346460,64,35,-0.04,204,221,425,ok_volume,0.227,351,221,572,ok_volume,0.827,3430,324,3754,ok_volume,0,221,221,6010,2835,8845,12858,7307,-0.2753,-253,-5956,25,23,65,64,1
1775346461,64,35,0.234,372,231,603,ok_volume,0.297,426,231,657,ok_volume,0.828,3560,334,3894,ok_volume,222,10,232,6232,2845,9077,18376,14382,-0.1219,-171,5209,23,24,65,64,1
1775346462,64,35,-0.02,222,231,453,ok_volume,0.297,426,231,657,ok_volume,0.797,2960,334,3294,ok_volume,7,0,7,6231,2845,9076,14146,6622,-0.3623,-4727,-4655,23,20,65,64,1
1775346463,64,35,0,236,10,246,low_total_volume,0.251,386,231,617,ok_volume,0.777,2657,334,2991,ok_volume,14,0,14,6227,2809,9036,14075,12447,-0.0614,1217,-3963,25,22,65,64,1
1775346464,65,33,0,39,0,39,low_activity,0.061,261,231,492,ok_volume,0.777,2664,334,2998,ok_volume,21,0,21,6226,2809,9035,19453,12892,-0.2028,1077,6885,24,24,67,65,2
1775346465,66,33,0,39,0,39,low_activity,0,261,10,271,low_total_volume,0.775,2630,334,2964,ok_volume,0,0,0,6203,2802,9005,14464,7196,-0.3355,318,2122,23,22,67,66,1
1775346466,66,33,0,53,0,53,low_activity,0,78,0,78,low_total_volume,0.703,1915,334,2249,ok_volume,41,0,41,6244,2802,9046,20235,12171,-0.2488,6160,2677,26,24,67,66,1
1775346467,66,33,0,156,0,156,low_activity,0,195,0,195,low_total_volume,0.718,2032,334,2366,ok_volume,117,0,117,6361,2802,9163,14170,7470,-0.3096,-5283,1059,25,22,67,66,1
1775346468,66,33,0,156,0,156,low_activity,0,170,0,170,low_total_volume,0.716,2020,334,2354,ok_volume,5,0,5,6351,2802,9153,14448,13001,-0.0527,-16,-4099,25,24,67,66,1
1775346469,66,33,0,195,0,195,low_activity,0,234,0,234,low_total_volume,0.725,2098,334,2432,ok_volume,78,0,78,6426,2802,9228,20318,12301,-0.2458,83,1445,26,25,67,66,1
1775346470,66,33,0,78,0,78,low_activity,0,234,0,234,low_total_volume,0.718,2039,334,2373,ok_volume,0,0,0,6404,2802,9206,14521,9728,-0.1977,351,1663,25,24,67,66,1
1775346471,66,33,0,78,20,98,low_activity,0,195,20,215,low_total_volume,0.678,1846,354,2200,ok_volume,0,20,20,6404,2822,9226,21256,13719,-0.2155,6808,2880,26,26,67,66,1
1775346472,66,33,0,0,20,20,low_activity,0,78,20,98,low_activity,0.674,1819,354,2173,ok_volume,0,0,0,5670,2822,8492,19751,14529,-0.1523,-567,5605,26,26,67,66,1
1775346473,66,33,0,0,45,45,low_activity,0,78,45,123,low_activity,0.63,1672,379,2051,ok_volume,4,25,29,5674,2847,8521,14246,9903,-0.1798,-275,171,25,23,67,66,1
1775346474,65,33,0.701,318,56,374,ok_volume,0.614,318,76,394,ok_volume,0.658,1990,410,2400,ok_volume,330,31,361,4909,2366,7275,17278,14973,-0.0715,-3978,-2175,23,24,67,65,2
1775346475,65,33,0.701,318,56,374,ok_volume,0.614,318,76,394,ok_volume,0.656,1973,410,2383,ok_volume,0,0,0,4909,2066,6975,12073,9430,-0.1229,-7678,-2391,22,23,67,65,2
1775346476,65,33,0.822,318,31,349,ok_volume,0.701,318,56,374,ok_volume,0.656,1973,410,2383,ok_volume,0,0,0,4910,2066,6976,17561,14931,-0.0809,3315,-2674,22,25,67,65,2
1775346477,65,34,0,100,0,100,low_activity,0.764,418,56,474,ok_volume,0.67,2073,410,2483,ok_volume,100,0,100,5010,2066,7076,10617,8780,-0.0947,-6661,-3553,22,23,66,65,1
1775346478,65,34,0,100,0,100,low_activity,0.862,418,31,449,ok_volume,0.67,2073,410,2483,ok_volume,0,0,0,5000,2066,7066,19796,11166,-0.2787,7723,5348,24,24,66,65,1
1775346479,65,34,0,100,0,100,low_activity,0,100,0,100,low_activity,0.613,1709,410,2119,ok_volume,0,0,0,4994,2066,7060,17387,6841,-0.4353,-174,-2931,23,22,66,65,1
1775346480,65,34,0,0,0,0,low_activity,0,100,0,100,low_activity,0.677,1594,307,1901,ok_volume,7,0,7,4982,2066,7048,12520,12640,0.0048,1903,-2001,22,22,66,65,1
1775346481,65,34,0,0,0,0,low_activity,0,100,0,100,low_activity,0.663,1515,307,1822,ok_volume,0,0,0,4982,2066,7048,19961,19141,-0.021,165,-1295,23,25,66,65,1
1775346482,65,34,0,35,36,71,low_activity,0,35,36,71,low_activity,0.638,1550,343,1893,ok_volume,35,36,71,5017,2102,7119,12193,11660,-0.0223,-5194,-7558,21,21,66,65,1
1775346483,65,34,0.862,485,36,521,ok_volume,0.862,485,36,521,ok_volume,0.704,1971,343,2314,ok_volume,450,0,450,5467,2099,7566,17204,15347,-0.057,4684,2958,23,24,66,65,1
1775346484,65,34,0.874,815,55,870,ok_volume,0.874,815,55,870,ok_volume,0.728,2301,362,2663,ok_volume,330,0,330,5675,2020,7695,12238,11187,-0.0449,-7723,-5040,21,23,66,65,1
1775346485,65,34,0.848,780,64,844,ok_volume,0.781,815,100,915,ok_volume,0.673,2079,407,2486,ok_volume,0,47,47,5530,2057,7587,12683,15910,0.1129,490,610,22,24,66,65,1
1775346486,65,34,0.768,343,45,388,ok_volume,0.784,828,100,928,ok_volume,0.654,1945,407,2352,ok_volume,13,0,13,5521,2057,7578,18721,16913,-0.0507,1517,1160,24,24,66,65,1
1775346487,65,34,0,86,45,131,low_activity,0.862,866,64,930,ok_volume,0.664,2018,407,2425,ok_volume,73,0,73,5386,2057,7443,12262,11411,-0.0359,24,1645,22,22,66,65,1
1775346488,65,34,0,130,0,130,low_activity,0.822,460,45,505,ok_volume,0.663,2008,407,2415,ok_volume,0,9,9,5430,2044,7474,12368,11203,-0.0494,-315,-7428,23,22,66,65,1
1775346489,65,34,0,117,0,117,low_activity,0,130,45,175,low_total_volume,0.641,1858,407,2265,ok_volume,0,0,0,5379,2044,7423,17942,15765,-0.0646,-779,555,23,23,66,65,1
1775346490,64,34,0.171,188,133,321,ok_volume,0.41,318,133,451,ok_volume,0.73,2046,319,2365,ok_volume,174,133,307,5567,669,6236,12263,10570,-0.0741,1,-257,22,20,66,64,2
1775346491,64,34,0.171,188,133,321,ok_volume,0.393,305,133,438,ok_volume,0.71,1824,309,2133,ok_volume,1,7,8,5470,676,6146,13522,10563,-0.1229,1154,-6439,23,20,66,64,2
1775346492,64,34,0.091,174,145,319,ok_volume,0.129,188,145,333,ok_volume,0.701,1824,321,2145,ok_volume,0,17,17,4870,693,5563,12988,11546,-0.0588,-4954,795,23,20,66,64,2
1775346493,64,34,0,0,29,29,low_activity,0.074,188,162,350,ok_volume,0.684,1799,338,2137,ok_volume,0,26,26,4553,719,5272,15160,7552,-0.335,2897,-2044,23,21,66,64,2
1775346494,64,34,0,14,329,343,low_activity,-0.422,188,462,650,ok_volume,0.476,1799,638,2437,ok_volume,21,304,325,4556,1019,5575,15038,5316,-0.4776,1516,2800,22,21,66,64,2
1775346495,64,34,0.427,789,317,1106,ok_volume,0.411,789,329,1118,ok_volume,0.603,2574,638,3212,ok_volume,776,0,776,5298,1019,6317,10652,5534,-0.3162,-2336,-2031,21,21,66,64,2
1775346496,64,34,0.449,789,300,1089,ok_volume,0.411,789,329,1118,ok_volume,0.598,2535,638,3173,ok_volume,0,0,0,4544,1019,5563,11556,5674,-0.3414,-3604,-7165,20,20,66,64,2
1775346497,64,35,1.0,794,0,794,ok_volume,0.436,808,317,1125,ok_volume,0.585,2437,638,3075,ok_volume,19,7,26,4563,1026,5589,19862,7729,-0.4397,4824,7600,21,20,65,64,1
1775346498,64,35,0,44,0,44,low_activity,0.47,833,300,1133,ok_volume,0.588,2462,638,3100,ok_volume,25,0,25,4576,1026,5602,22078,6328,-0.5545,11426,9710,22,20,65,64,1
1775346499,64,35,0,58,45,103,low_activity,0.897,833,45,878,ok_volume,0.557,2398,683,3081,ok_volume,14,45,59,4590,1071,5661,22053,7378,-0.4986,10497,4111,22,20,65,64,1
1775346500,62,35,-0.814,39,380,419,ok_volume,-0.735,58,380,438,ok_volume,0.404,2398,1018,3416,ok_volume,0,335,335,4531,1406,5937,25892,5481,-0.6506,6030,13629,24,19,65,62,3
1775346501,62,36,0,14,380,394,low_activity,-0.735,58,380,438,ok_volume,0.412,2398,998,3396,ok_volume,0,0,0,4329,1406,5735,28830,5820,-0.6641,6752,15308,24,20,64,62,2
1775346502,58,37,-1.0,0,635,635,ok_volume,-0.892,39,680,719,ok_volume,0.298,2398,1298,3696,ok_volume,0,300,300,4302,1706,6008,34587,11673,-0.4953,12534,21599,26,21,63,58,5
1775346503,58,40,0,14,300,314,low_activity,-0.921,28,680,708,ok_volume,0.309,2412,1273,3685,ok_volume,14,0,14,4169,1697,5866,33429,12025,-0.4709,7537,18269,27,22,60,58,2
1775346504,57,39,-0.58,90,339,429,ok_volume,-0.764,90,674,764,ok_volume,0.258,2170,1281,3451,ok_volume,76,45,121,4243,1742,5985,27650,5987,-0.644,-1180,12612,25,20,61,57,4
1775346505,57,38,0.864,1000,73,1073,ok_volume,0.457,1000,373,1373,ok_volume,0.402,3080,1315,4395,ok_volume,912,34,946,5131,1776,6907,32771,13111,-0.4285,-1816,22119,27,21,62,57,5
1775346506,58,39,0.879,1130,73,1203,ok_volume,0.508,1144,373,1517,ok_volume,0.421,3224,1315,4539,ok_volume,144,0,144,5273,1776,7049,28296,7987,-0.5597,-5133,16740,26,19,61,58,3
1775346507,58,40,0.677,1189,229,1418,ok_volume,0.654,1279,268,1547,ok_volume,0.367,3259,1510,4769,ok_volume,144,195,339,5417,1971,7388,33388,14488,-0.3948,5738,13526,28,20,60,58,2
1775346508,59,38,0.276,344,195,539,ok_volume,0.665,1330,268,1598,ok_volume,0.375,3324,1510,4834,ok_volume,65,0,65,5482,1971,7453,33324,15103,-0.3763,553,11246,27,19,62,59,3
1775346509,61,38,-0.158,231,318,549,ok_volume,0.57,1285,352,1637,ok_volume,0.345,3355,1633,4988,ok_volume,31,123,154,5149,2094,7243,28400,9617,-0.4941,104,6347,25,21,62,61,1
1775346510,61,38,0,156,123,279,low_total_volume,0.155,435,318,753,ok_volume,0.353,3415,1633,5048,ok_volume,60,0,60,5094,1989,7083,33826,14152,-0.4101,438,7934,27,23,62,61,1
1775346511,61,38,0,145,123,268,low_total_volume,0.041,345,318,663,ok_volume,0.36,3469,1633,5102,ok_volume,54,0,54,5064,1989,7053,28201,8446,-0.5391,-5123,-629,26,21,62,61,1
1775346512,61,38,0,139,0,139,low_total_volume,0.313,235,123,358,ok_volume,0.368,3459,1597,5056,ok_volume,25,0,25,5089,1989,7078,33862,13682,-0.4244,5462,-725,27,22,62,61,1
1775346513,61,38,0,89,0,89,low_activity,0.188,180,123,303,ok_volume,0.313,3019,1578,4597,ok_volume,15,0,15,5075,1989,7064,28809,8271,-0.5539,-5017,-4620,26,20,62,61,1
1775346514,61,38,0,50,0,50,low_activity,0,164,0,164,low_total_volume,0.263,2704,1578,4282,ok_volume,15,0,15,5088,1989,7077,29044,8428,-0.5502,843,1394,27,18,62,61,1
1775346515,57,39,0,88,78,166,low_total_volume,0,167,78,245,low_total_volume,0.264,2767,1611,4378,ok_volume,63,94,157,4929,2083,7012,34120,13612,-0.4296,258,1349,29,20,61,57,4
1775346516,58,40,0,78,78,156,low_total_volume,0,113,78,191,low_total_volume,0.262,2754,1611,4365,ok_volume,0,0,0,4782,2083,6865,28177,6811,-0.6107,-632,-119,29,19,60,58,2
1775346517,58,40,0,63,89,152,low_total_volume,0,88,89,177,low_total_volume,0.238,2637,1622,4259,ok_volume,0,11,11,4782,2094,6876,36165,15701,-0.3946,7121,2777,28,22,60,58,2
1775346518,58,39,0,101,105,206,low_total_volume,-0.011,179,183,362,ok_volume,0.229,2738,1716,4454,ok_volume,109,94,203,4832,2188,7020,33746,20479,-0.2447,-374,422,26,21,61,58,3
1775346519,58,39,0,101,105,206,low_total_volume,-0.055,164,183,347,ok_volume,0.227,2724,1716,4440,ok_volume,8,0,8,4689,2188,6877,28337,17003,-0.25,160,-63,26,21,61,58,3
1775346520,59,39,0,101,94,195,low_activity,0,101,105,206,low_total_volume,0.234,2550,1583,4133,ok_volume,2,0,2,4691,1967,6658,34181,22564,-0.2047,-1984,355,26,22,61,59,2
1775346521,58,39,0,0,0,0,low_activity,0,101,105,206,low_total_volume,0.234,2550,1583,4133,ok_volume,0,12,12,4469,1969,6438,34492,17551,-0.3255,746,6291,26,20,61,58,3
1775346522,59,38,0,285,0,285,low_activity,0.608,386,94,480,ok_volume,0.287,2835,1571,4406,ok_volume,285,0,285,4747,1969,6716,28569,8456,-0.5432,232,-5293,25,18,62,59,3
1775346523,57,39,0,285,0,285,low_activity,0,285,0,285,low_activity,0.292,2835,1554,4389,ok_volume,0,0,0,4715,1969,6684,33866,12387,-0.4644,-315,5057,27,19,61,57,4
1775346524,58,40,0,301,0,301,low_activity,0,301,0,301,low_activity,0.387,2837,1254,4091,ok_volume,16,0,16,4710,1969,6679,28887,10131,-0.4807,-5605,-157,27,18,60,58,2
1775346525,58,39,0,16,0,16,low_activity,0,301,0,301,low_activity,0.244,2062,1254,3316,ok_volume,0,0,0,4710,1969,6679,29071,18413,-0.2245,502,-5049,25,21,61,58,3
1775346526,58,39,0,16,0,16,low_activity,0,301,0,301,low_activity,0.244,2062,1254,3316,ok_volume,0,0,0,4669,1969,6638,28845,13627,-0.3583,-5021,668,25,19,61,58,3
1775346527,58,39,0,11,0,11,low_activity,0,27,0,27,low_activity,0.242,2054,1254,3308,ok_volume,0,0,0,4570,1969,6539,29077,15991,-0.2904,190,-7088,26,21,61,58,3
1775346528,58,39,0,190,0,190,low_activity,0,206,0,206,low_activity,0.276,2208,1254,3462,ok_volume,179,0,179,4744,1969,6713,34408,10290,-0.5396,5337,662,26,19,61,58,3
1775346529,58,39,0,179,0,179,low_activity,0,190,0,190,low_activity,0.289,2194,1209,3403,ok_volume,0,0,0,4666,1969,6635,33781,12410,-0.4627,4936,5444,26,18,61,58,3
1775346530,55,39,0.547,601,176,777,ok_volume,0.553,612,176,788,ok_volume,0.427,2616,1050,3666,ok_volume,422,182,604,5088,2151,7239,33699,12436,-0.4609,4622,-482,26,17,61,55,6
1775346531,57,41,0.442,455,176,631,ok_volume,0.565,634,176,810,ok_volume,0.432,2649,1050,3699,ok_volume,39,0,39,5127,2131,7258,28254,7402,-0.5848,-6154,-6238,27,17,59,57,2
1775346532,57,41,0.455,470,176,646,ok_volume,0.573,649,176,825,ok_volume,0.561,2664,750,3414,ok_volume,15,0,15,5142,2131,7273,35865,12863,-0.472,2084,7296,28,20,59,57,2
1775346533,57,41,0,48,32,80,low_activity,0.386,470,208,678,ok_volume,0.544,2650,782,3432,ok_volume,0,36,36,5138,2142,7280,36285,7152,-0.6707,2586,2419,27,18,59,57,2
1775346534,57,41,0,15,32,47,low_activity,0.386,470,208,678,ok_volume,0.552,2574,743,3317,ok_volume,0,0,0,4808,2111,6919,30213,6990,-0.6242,1959,1326,28,17,59,57,2
1775346535,56,41,0,0,43,43,low_activity,0,48,43,91,low_total_volume,0.396,1664,720,2384,ok_volume,8,28,36,4823,2139,6962,35989,12602,-0.4813,124,6918,28,17,59,56,3
1775346536,56,41,0,80,11,91,low_activity,0,95,43,138,low_total_volume,0.379,1600,720,2320,ok_volume,80,0,80,4903,2139,7042,30381,7767,-0.5928,-5904,1536,29,15,59,56,3
1775346537,56,41,0,231,11,242,low_total_volume,0,231,43,274,low_total_volume,0.51,1616,525,2141,ok_volume,151,0,151,4954,2139,7093,35798,14152,-0.4334,5585,6721,28,18,59,56,3
1775346538,56,41,1.0,330,0,330,ok_volume,0.935,330,11,341,ok_volume,0.517,1650,525,2175,ok_volume,98,0,98,5062,2139,7201,30379,9179,-0.5359,-5610,-4029,26,16,59,56,3
1775346539,56,41,0,250,0,250,low_total_volume,0.935,330,11,341,ok_volume,0.602,1619,402,2021,ok_volume,0,0,0,5062,2139,7201,35998,14580,-0.4235,5617,2217,26,18,59,56,3
1775346540,56,42,0,89,0,89,low_activity,1.0,330,0,330,ok_volume,0.59,1559,402,1961,ok_volume,9,0,9,5064,2139,7203,27583,6685,-0.6098,-8215,-6116,27,15,58,56,2
1775346541,56,42,0,0,0,0,low_activity,0,250,0,250,low_total_volume,0.578,1505,402,1907,ok_volume,0,0,0,5064,2139,7203,32692,13085,-0.4283,2313,4438,27,17,58,56,2
1775346542,56,41,0,655,0,655,low_activity,1.0,744,0,744,ok_volume,0.683,2135,402,2537,ok_volume,659,0,659,5688,2103,7791,27223,8881,-0.508,-8775,-8642,25,18,59,56,3
1775346543,56,39,0.665,906,182,1088,ok_volume,0.665,906,182,1088,ok_volume,0.605,2376,584,2960,ok_volume,251,182,433,5489,2266,7755,25990,15787,-0.2442,-1593,-10295,24,20,61,56,5
1775346544,56,42,0.665,906,182,1088,ok_volume,0.665,906,182,1088,ok_volume,0.603,2361,584,2945,ok_volume,0,2,2,5159,2268,7427,32514,13946,-0.3997,-178,2301,28,19,58,56,2
1775346545,55,42,-0.047,251,276,527,ok_volume,0.533,906,276,1182,ok_volume,0.586,2298,600,2898,ok_volume,0,96,96,5159,2317,7476,30434,8129,-0.5784,3211,-5555,25,16,58,55,3
1775346546,56,42,0,0,94,94,low_activity,0.533,906,276,1182,ok_volume,0.586,2298,600,2898,ok_volume,0,0,0,5146,2317,7463,30534,12822,-0.4085,4544,153,25,18,58,56,2
1775346547,56,43,0,55,94,149,low_total_volume,0.052,306,276,582,ok_volume,0.6,2353,589,2942,ok_volume,63,0,63,5092,2317,7409,34187,13146,-0.4445,1673,-1611,27,18,57,56,1
1775346548,57,42,0,95,39,134,low_total_volume,0,95,133,228,low_total_volume,0.622,2292,534,2826,ok_volume,45,39,84,5137,2347,7484,28231,7749,-0.5693,-2203,-2148,27,17,58,57,1
1775346549,56,42,0.849,479,39,518,ok_volume,0.565,479,133,612,ok_volume,0.667,2676,534,3210,ok_volume,225,0,225,5515,2347,7862,30698,7829,-0.5936,164,-5300,26,17,58,56,2
1775346550,56,42,0.832,424,39,463,ok_volume,0.849,479,39,518,ok_volume,0.667,2676,534,3210,ok_volume,0,0,0,5341,2214,7555,28536,10378,-0.4666,-5651,953,29,17,58,56,2
1775346551,55,44,0,217,77,294,low_activity,0.61,479,116,595,ok_volume,0.628,2676,611,3287,ok_volume,0,77,77,5348,2284,7632,36457,12733,-0.4823,8226,3765,27,19,56,55,1
1775346552,55,44,0,25,77,102,low_activity,0.589,449,116,565,ok_volume,0.596,2416,611,3027,ok_volume,41,0,41,5389,2267,7656,30153,7893,-0.5851,-545,2930,28,17,56,55,1
1775346553,55,44,0,25,77,102,low_activity,0.517,242,77,319,ok_volume,0.596,2416,611,3027,ok_volume,0,0,0,5389,2241,7630,35985,13498,-0.4544,7449,9995,27,19,56,55,1
1775346554,55,44,0,159,0,159,low_activity,0,159,77,236,low_total_volume,0.611,2534,611,3145,ok_volume,137,0,137,5505,1937,7442,30444,7819,-0.5913,-6013,-2070,27,18,56,55,1
1775346555,55,44,0,144,0,144,low_activity,0,169,77,246,low_total_volume,0.613,2544,611,3155,ok_volume,24,0,24,4753,1937,6690,35956,13007,-0.4687,5803,5522,27,18,56,55,1
1775346556,55,44,-0.07,174,200,374,ok_volume,-0.003,199,200,399,ok_volume,0.519,2563,811,3374,ok_volume,41,200,241,4794,2137,6931,30414,7696,-0.5961,-5571,-120,27,16,56,55,1
1775346557,55,43,0,55,200,255,low_total_volume,-0.028,189,200,389,ok_volume,0.521,2578,811,3389,ok_volume,15,0,15,4790,2130,6920,35195,12778,-0.4673,4751,1008,24,18,57,55,2
1775346558,55,44,0,45,200,245,low_activity,-0.028,189,200,389,ok_volume,0.495,2399,811,3210,ok_volume,0,0,0,4765,2130,6895,33337,12536,-0.4534,-2619,5106,28,18,56,55,1
1775346559,55,44,0,15,0,15,low_activity,0,55,200,255,low_total_volume,0.495,2399,811,3210,ok_volume,0,0,0,4751,2085,6836,30313,7339,-0.6102,-101,-385,29,18,56,55,1
1775346560,55,44,0,0,0,0,low_activity,0,45,200,245,low_activity,0.514,1977,635,2612,ok_volume,6,0,6,4757,1750,6507,30357,13103,-0.397,-4838,1821,29,20,56,55,1
1775346561,55,43,0,235,0,235,low_activity,0,250,0,250,low_total_volume,0.549,2179,635,2814,ok_volume,89,0,89,4992,1750,6742,34932,12756,-0.465,1595,-1525,26,19,57,55,2
1775346562,55,43,-0.164,286,398,684,ok_volume,-0.164,286,398,684,ok_volume,0.364,2215,1033,3248,ok_volume,60,398,458,5052,1848,6900,31065,13451,-0.3957,752,912,27,17,57,55,2
1775346563,56,43,0,140,398,538,low_activity,-0.164,286,398,684,ok_volume,0.377,2215,1001,3216,ok_volume,0,0,0,5038,1848,6886,41788,17491,-0.4099,11431,5803,28,20,57,56,1
1775346564,56,43,0,103,398,501,low_activity,-0.082,338,398,736,ok_volume,0.387,2267,1001,3268,ok_volume,52,0,52,5014,1803,6817,39584,14972,-0.4511,4652,9140,27,17,57,56,1
1775346565,55,43,0,52,0,52,low_activity,-0.349,192,398,590,ok_volume,0.392,2267,990,3257,ok_volume,8,0,8,4110,1769,5879,35983,12336,-0.4894,4918,27,28,17,57,55,2
1775346566,55,43,0,69,56,125,low_activity,-0.582,120,454,574,ok_volume,0.356,2204,1046,3250,ok_volume,17,56,73,3983,1825,5808,38535,18038,-0.3623,-3253,8121,26,19,57,55,2
1775346567,55,44,-0.855,59,753,812,ok_volume,-0.743,111,753,864,ok_volume,0.089,2085,1743,3828,ok_volume,42,697,739,3881,2327,6208,33470,12648,-0.4515,-6114,-1725,28,17,56,55,1
1775346568,55,44,-0.78,93,753,846,ok_volume,-0.677,145,753,898,ok_volume,0.076,2030,1743,3773,ok_volume,35,0,35,3851,2327,6178,20970,17923,-0.0783,-15013,-12367,27,19,56,55,1
1775346569,55,44,-0.803,76,697,773,ok_volume,-0.78,93,753,846,ok_volume,0.076,2030,1743,3773,ok_volume,0,0,0,3820,2204,6024,15139,11795,-0.1242,-23396,-15174,27,17,56,55,1
1775346570,55,43,0,244,0,244,low_total_volume,-0.426,303,753,1056,ok_volume,0.125,2240,1743,3983,ok_volume,210,0,210,3970,2204,6174,14541,12195,-0.0877,-18929,-15816,27,16,57,55,2
1775346571,55,43,0,210,0,210,low_activity,-0.418,286,697,983,ok_volume,0.125,2240,1743,3983,ok_volume,0,2,2,3916,2206,6122,19639,11930,-0.2442,-1331,-15293,27,15,57,55,2
1775346572,55,43,0.034,210,196,406,ok_volume,0.109,244,196,440,ok_volume,-0.1,1585,1939,3524,ok_volume,0,196,196,3891,2402,6293,14124,11234,-0.114,-1015,-16941,25,15,57,55,2
1775346573,55,43,0,0,196,196,low_activity,0.034,210,196,406,ok_volume,-0.137,1334,1757,3091,ok_volume,0,0,0,3876,2402,6278,20538,12280,-0.2516,5997,-21250,26,19,57,55,2
1775346574,55,43,0,167,196,363,low_activity,0.316,377,196,573,ok_volume,-0.079,1501,1757,3258,ok_volume,133,8,141,4028,2410,6438,14946,6594,-0.3877,-4693,-24638,25,17,57,55,2
1775346575,55,43,1.0,442,0,442,ok_volume,0.386,442,196,638,ok_volume,0.033,1776,1663,3439,ok_volume,275,0,275,4240,2316,6556,13510,6146,-0.3746,-614,-22473,25,16,57,55,2
1775346576,55,43,1.0,408,0,408,ok_volume,0.386,442,196,638,ok_volume,0.033,1776,1663,3439,ok_volume,13,0,13,4253,2316,6569,20235,12737,-0.2274,-303,-18300,27,20,57,55,2
1775346577,55,43,0.677,275,53,328,ok_volume,0.786,442,53,495,ok_volume,0.001,1721,1716,3437,ok_volume,6,53,59,4259,2358,6617,14988,5885,-0.4361,42,-18482,26,17,57,55,2
1775346578,55,43,0,0,53,53,low_activity,0.77,408,53,461,ok_volume,-0.051,1514,1677,3191,ok_volume,0,0,0,4150,2264,6414,14767,6083,-0.4165,1257,-6203,26,16,57,55,2
1775346579,57,41,0.878,818,53,871,ok_volume,0.908,1093,53,1146,ok_volume,0.116,2115,1677,3792,ok_volume,818,0,818,4960,2264,7224,19981,18976,-0.0258,-254,4842,26,20,59,57,2
1775346580,57,41,1.0,818,0,818,ok_volume,0.878,818,53,871,ok_volume,0.116,2115,1677,3792,ok_volume,0,0,0,4958,2264,7222,14657,14602,-0.0019,-331,116,25,19,59,57,2
1775346581,57,41,1.0,868,0,868,ok_volume,0.885,868,53,921,ok_volume,0.15,2165,1600,3765,ok_volume,50,0,50,5008,2252,7260,20668,18242,-0.0623,5901,1029,26,20,59,57,2
1775346582,57,41,0,112,0,112,low_activity,1.0,930,0,930,ok_volume,0.158,2202,1600,3802,ok_volume,62,0,62,4785,2252,7037,15013,12739,-0.0819,-4968,889,25,16,59,57,2
1775346583,57,41,0,220,0,220,low_activity,1.0,1038,0,1038,ok_volume,0.182,2310,1600,3910,ok_volume,108,0,108,4893,2252,7145,20771,18164,-0.067,6114,233,27,18,59,57,2
1775346584,57,41,1.0,547,0,547,ok_volume,1.0,597,0,597,ok_volume,0.229,2553,1600,4153,ok_volume,343,0,343,5254,2252,7506,14576,12290,-0.0851,-6092,-370,26,17,59,57,2
1775346585,57,41,1.0,608,0,608,ok_volume,1.0,720,0,720,ok_volume,0.25,2666,1600,4266,ok_volume,0,0,0,5377,2252,7629,19539,18128,-0.0375,4526,6029,26,19,59,57,2
1775346586,55,42,1.0,491,0,491,ok_volume,1.0,695,0,695,ok_volume,0.311,2661,1400,4061,ok_volume,25,0,25,5384,2252,7636,14293,6515,-0.3738,-6478,-5942,24,15,58,55,3
1775346587,55,42,0,41,0,41,low_activity,1.0,649,0,649,ok_volume,0.311,2662,1400,4062,ok_volume,16,0,16,5400,2252,7652,20025,12849,-0.2183,5449,5037,25,19,58,55,3
1775346588,55,42,0,41,0,41,low_activity,1.0,507,0,507,ok_volume,0.311,2662,1400,4062,ok_volume,0,0,0,5221,2252,7473,15106,7750,-0.3218,-4433,339,25,15,58,55,3
1775346589,55,42,0,16,0,16,low_activity,0,41,0,41,low_activity,0.311,2662,1400,4062,ok_volume,0,0,0,5221,2252,7473,15279,14115,-0.0396,986,-4702,25,16,58,55,3
1775346590,55,42,0,377,0,377,low_activity,1.0,418,0,418,ok_volume,0.348,2893,1400,4293,ok_volume,377,0,377,5176,2070,7246,19200,19116,-0.0022,-825,4543,26,18,58,55,3
1775346591,55,41,0,377,0,377,low_activity,1.0,393,0,393,ok_volume,0.334,2804,1400,4204,ok_volume,0,0,0,5137,2070,7207,19521,15615,-0.1112,4415,-1147,25,17,59,55,4
1775346592,56,42,1.0,409,0,409,ok_volume,1.0,409,0,409,ok_volume,0.471,2785,1002,3787,ok_volume,32,0,32,5154,2070,7224,14337,12969,-0.0501,-942,-676,28,15,58,56,2
1775346593,56,42,0,32,0,32,low_activity,1.0,409,0,409,ok_volume,0.471,2785,1002,3787,ok_volume,0,0,0,5154,2034,7188,13619,13099,-0.0195,-5581,-7152,25,15,58,56,2
1775346594,56,43,0,55,0,55,low_activity,1.0,432,0,432,ok_volume,0.467,2756,1002,3758,ok_volume,23,0,23,5169,2034,7203,15049,14869,-0.006,-4472,473,25,17,57,56,1
1775346595,56,42,0.923,323,13,336,ok_volume,0.929,355,13,368,ok_volume,0.501,3056,1015,4071,ok_volume,200,13,213,5461,2019,7480,20257,16123,-0.1136,5920,718,25,19,58,56,2
1775346596,56,42,0.935,389,13,402,ok_volume,0.94,421,13,434,ok_volume,0.528,3105,959,4064,ok_volume,66,0,66,5447,2019,7466,15290,10713,-0.176,1671,997,24,17,58,56,2
1775346597,56,42,0,282,13,295,low_total_volume,0.938,405,13,418,ok_volume,0.843,3079,262,3341,ok_volume,16,0,16,5302,2019,7321,15297,10713,-0.1762,248,-4728,25,17,58,56,2
1775346598,56,42,0,181,0,181,low_total_volume,0.95,504,13,517,ok_volume,0.846,3144,262,3406,ok_volume,21,0,21,5308,2019,7327,20071,18813,-0.0324,-186,4965,27,19,58,56,2
1775346599,56,42,0,115,0,115,low_activity,0.934,381,13,394,ok_volume,0.846,3144,262,3406,ok_volume,5,0,5,5313,2019,7332,15761,14023,-0.0584,471,482,24,18,58,56,2
1775346600,56,42,0,16,0,16,low_activity,0,181,0,181,low_total_volume,0.836,2934,262,3196,ok_volume,0,0,0,5304,2019,7323,21075,19524,-0.0382,5778,1875,25,20,58,56,2
1775346601,56,42,0,0,19,19,low_activity,0,115,19,134,low_activity,0.825,2934,281,3215,ok_volume,0,19,19,5304,2038,7342,17523,10660,-0.2435,-2548,-1998,24,16,58,56,2
1775346602,56,41,0,100,39,139,low_activity,0,116,39,155,low_activity,0.933,3034,105,3139,ok_volume,100,20,120,4745,2058,6803,21587,16942,-0.1206,5826,7250,26,18,59,56,3
1775346603,56,41,0,100,39,139,low_activity,0,100,39,139,low_activity,0.932,3000,105,3105,ok_volume,0,0,0,4494,1876,6370,15385,10964,-0.1678,-5690,1766,23,16,59,56,3
1775346604,56,42,0,258,20,278,low_activity,0,258,39,297,low_activity,0.933,3025,105,3130,ok_volume,171,0,171,4665,1874,6539,15662,11262,-0.1634,-1861,613,26,16,58,56,2
1775346605,56,42,0,158,0,158,low_activity,0,258,39,297,low_activity,0.926,2750,105,2855,ok_volume,0,0,0,4665,1778,6443,23938,19376,-0.1053,2351,3681,28,20,58,56,2
1775346606,56,42,1.0,622,0,622,ok_volume,0.946,722,20,742,ok_volume,0.937,3214,105,3319,ok_volume,464,0,464,5129,1778,6907,14898,14025,-0.0302,-487,-392,27,18,58,56,2
1775346607,57,42,1.0,604,0,604,ok_volume,1.0,762,0,762,ok_volume,0.969,3354,52,3406,ok_volume,140,0,140,5206,1778,6984,14400,12234,-0.0813,-1262,-897,27,18,58,57,1
1775346608,56,43,1.0,604,0,604,ok_volume,1.0,762,0,762,ok_volume,0.969,3354,52,3406,ok_volume,3,0,3,4997,1739,6736,21406,17443,-0.102,-2532,1335,28,19,57,56,1
1775346609,56,43,0,140,0,140,low_activity,1.0,604,0,604,ok_volume,0.96,2536,52,2588,ok_volume,0,0,0,4772,1739,6511,15924,11635,-0.1556,1026,163,25,17,57,56,1
1775346610,56,43,0,0,0,0,low_activity,1.0,604,0,604,ok_volume,0.96,2536,52,2588,ok_volume,20,0,20,4784,1739,6523,22625,11849,-0.3126,8225,1550,26,20,57,56,1
1775346611,56,43,0,38,0,38,low_activity,0,178,0,178,low_activity,0.96,2524,52,2576,ok_volume,38,0,38,4822,1662,6484,17818,7324,-0.4174,-3588,295,25,19,57,56,1
1775346612,56,43,0,38,0,38,low_activity,0,38,0,38,low_activity,0.959,2462,52,2514,ok_volume,0,0,0,4781,1662,6443,23202,12265,-0.3084,7278,1615,26,21,57,56,1
1775346613,55,44,0,143,67,210,low_total_volume,0,143,67,210,low_total_volume,0.906,2425,119,2544,ok_volume,115,67,182,4896,1729,6625,18045,6664,-0.4606,-4580,2660,25,18,56,55,1
1775346614,55,44,0,105,67,172,low_activity,0,143,67,210,low_total_volume,0.885,1959,119,2078,ok_volume,0,0,0,4759,1729,6488,16097,11948,-0.1479,-1721,435,25,20,56,55,1
1775346615,56,43,0.784,554,67,621,ok_volume,0.797,592,67,659,ok_volume,0.906,2408,119,2527,ok_volume,334,0,334,5184,1729,6913,22395,14369,-0.2183,-807,-1543,27,22,57,56,1
1775346616,56,42,0,449,0,449,low_activity,0.784,554,67,621,ok_volume,0.905,2383,119,2502,ok_volume,0,0,0,5143,1529,6672,17890,8755,-0.3428,-155,2992,24,19,58,56,2
1775346617,55,42,0,334,0,334,low_activity,0.784,554,67,621,ok_volume,0.904,2367,119,2486,ok_volume,0,0,0,5128,1529,6657,29456,13585,-0.3687,13359,15056,24,19,58,55,3
1775346618,55,43,0,516,0,516,low_activity,1.0,965,0,965,ok_volume,0.921,2883,119,3002,ok_volume,516,0,516,5644,1529,7173,26037,6159,-0.6174,3642,4631,24,17,57,55,2
1775346619,56,43,0,516,0,516,low_activity,1.0,850,0,850,ok_volume,0.921,2883,119,3002,ok_volume,0,0,0,5644,1529,7173,20800,12842,-0.2365,2910,4876,25,21,57,56,1
1775346620,56,43,1.0,539,0,539,ok_volume,1.0,539,0,539,ok_volume,0.91,2529,119,2648,ok_volume,23,0,23,5515,1529,7044,18697,12437,-0.2011,-10759,-3928,27,21,57,56,1
1775346621,56,41,0,39,37,76,low_activity,0.875,555,37,592,ok_volume,0.884,2545,156,2701,ok_volume,0,38,38,5442,1567,7009,15033,6323,-0.4078,-11004,-2785,25,19,59,56,3
1775346622,56,42,0,39,37,76,low_activity,0.875,555,37,592,ok_volume,0.883,2513,156,2669,ok_volume,0,0,0,5382,1169,6551,20606,12142,-0.2585,-194,-2596,26,21,58,56,2
1775346623,56,42,0,0,37,37,low_activity,0,39,37,76,low_activity,0.883,2513,156,2669,ok_volume,0,0,0,5382,1169,6551,19080,12239,-0.2184,383,1035,26,20,58,56,2
1775346624,57,41,0,24,0,24,low_activity,0,63,37,100,low_activity,0.879,2414,156,2570,ok_volume,24,0,24,5354,1169,6523,15293,6999,-0.3721,260,-804,26,19,59,57,2
1775346625,57,41,0,24,0,24,low_activity,0,24,37,61,low_activity,0.879,2214,143,2357,ok_volume,0,0,0,5346,1169,6515,20846,12700,-0.2428,240,-1549,27,21,59,57,2
1775346626,56,42,0,45,0,45,low_activity,0,45,0,45,low_activity,0.876,2169,143,2312,ok_volume,21,0,21,5350,1113,6463,13423,5980,-0.3836,-5657,-4467,26,18,58,56,2
1775346627,56,42,0,198,0,198,low_total_volume,0,222,0,222,low_total_volume,0.88,2247,143,2390,ok_volume,177,0,177,5485,416,5901,18886,13102,-0.1808,3593,-10570,27,21,58,56,2
1775346628,56,41,1.0,402,0,402,ok_volume,1.0,426,0,426,ok_volume,0.889,2435,143,2578,ok_volume,204,0,204,5654,416,6070,12862,7450,-0.2664,-7984,-13175,25,19,59,56,3
1775346629,56,43,0.814,381,39,420,ok_volume,0.823,402,39,441,ok_volume,0.861,2435,182,2617,ok_volume,5,39,44,5659,455,6114,19863,12772,-0.2173,6440,-937,27,21,57,56,1
1775346630,56,42,0.457,220,82,302,ok_volume,0.672,418,82,500,ok_volume,0.832,2451,225,2676,ok_volume,19,43,62,5468,498,5966,14463,6640,-0.3707,-4423,-4234,25,19,58,56,2
1775346631,56,42,0,16,82,98,low_activity,0.658,397,82,479,ok_volume,0.845,2451,206,2657,ok_volume,0,0,0,5468,496,5964,19418,12562,-0.2144,6556,4385,27,21,58,56,2
1775346632,56,42,0,248,43,291,low_total_volume,0.693,452,82,534,ok_volume,0.866,2583,186,2769,ok_volume,240,0,240,5708,300,6008,20446,7302,-0.4737,583,-160,28,20,58,56,2
1775346633,56,43,0,232,0,232,low_activity,0.503,248,82,330,ok_volume,0.866,2583,186,2769,ok_volume,0,0,0,5674,300,5974,15850,7930,-0.3331,1387,-3230,28,20,57,56,1
1775346634,55,42,0,282,14,296,low_total_volume,0.679,298,57,355,ok_volume,0.85,2475,200,2675,ok_volume,53,14,67,5594,306,5900,22210,13000,-0.2616,2792,6917,27,21,58,55,3
1775346635,55,43,0,217,14,231,low_total_volume,0.94,449,14,463,ok_volume,0.859,2642,200,2842,ok_volume,167,0,167,5486,306,5792,19722,8132,-0.4161,-724,-1124,27,19,57,55,2
1775346636,55,43,0.98,1370,14,1384,ok_volume,0.983,1602,14,1616,ok_volume,0.887,3331,200,3531,ok_volume,1159,0,1159,6632,306,6938,16160,8364,-0.3179,310,2737,27,19,57,55,2
1775346637,55,43,1.0,1320,0,1320,ok_volume,0.98,1370,14,1384,ok_volume,0.882,3191,200,3391,ok_volume,0,0,0,6626,253,6879,21442,14865,-0.1811,-768,2556,26,22,57,55,2
1775346638,55,43,0.781,1253,154,1407,ok_volume,0.795,1470,168,1638,ok_volume,0.806,3291,354,3645,ok_volume,101,159,260,6727,412,7139,20762,8999,-0.3952,1040,7900,27,20,57,55,2
1775346639,55,43,0.031,164,154,318,ok_volume,0.812,1484,154,1638,ok_volume,0.809,3355,354,3709,ok_volume,64,0,64,5973,412,6385,15650,8049,-0.3207,-510,-4213,26,20,57,55,2
1775346640,55,43,0.247,255,154,409,ok_volume,0.803,1408,154,1562,ok_volume,0.814,3446,354,3800,ok_volume,93,0,93,6066,412,6478,14919,8840,-0.2559,-6523,456,26,20,57,55,2
1775346641,54,43,0,155,0,155,low_activity,0.247,255,154,409,ok_volume,0.812,3408,354,3762,ok_volume,0,0,0,6016,412,6428,20853,13262,-0.2225,91,1435,27,21,57,54,3
1775346642,54,44,0,91,0,91,low_activity,0.247,255,154,409,ok_volume,0.812,3408,354,3762,ok_volume,1,0,1,5955,412,6367,15758,8625,-0.2925,108,-4688,27,18,56,54,2
1775346643,54,44,0,0,40,40,low_activity,0,155,40,195,low_total_volume,0.82,3303,327,3630,ok_volume,0,40,40,5813,452,6265,15758,7049,-0.3819,839,-92,29,17,56,54,2
1775346644,55,44,0,16,40,56,low_activity,0,107,40,147,low_total_volume,0.815,3204,327,3531,ok_volume,16,0,16,5363,452,5815,22178,13019,-0.2602,1325,-32,30,21,56,55,1
1775346645,55,44,0,96,40,136,low_total_volume,0,96,40,136,low_total_volume,0.8,2950,327,3277,ok_volume,80,0,80,5443,452,5895,16365,11112,-0.1912,607,-3357,29,20,56,55,1
1775346646,55,44,0,96,0,96,low_activity,0,96,40,136,low_total_volume,0.8,2950,327,3277,ok_volume,0,0,0,5418,452,5870,16137,7502,-0.3653,379,-23,26,21,56,55,1
1775346647,55,44,0,80,0,80,low_activity,0,96,40,136,low_total_volume,0.8,2950,327,3277,ok_volume,0,0,0,5402,452,5854,22102,15763,-0.1674,-76,660,29,22,56,55,1
1775346648,55,44,0,86,0,86,low_activity,0,182,0,182,low_activity,0.77,2520,327,2847,ok_volume,86,0,86,5488,452,5940,16737,7882,-0.3597,372,-4025,29,18,56,55,1
1775346649,56,42,1.0,718,0,718,ok_volume,1.0,798,0,798,ok_volume,0.812,3152,327,3479,ok_volume,632,0,632,6120,452,6572,21000,13287,-0.225,4863,5350,28,24,58,56,2
1775346650,57,40,1.0,1149,0,1149,ok_volume,1.0,1149,0,1149,ok_volume,0.831,3544,327,3871,ok_volume,431,0,431,6174,452,6626,20083,13271,-0.2042,-2019,5164,24,22,60,57,3
1775346651,58,41,1.0,1063,0,1063,ok_volume,1.0,1149,0,1149,ok_volume,0.849,3544,290,3834,ok_volume,0,0,0,6174,452,6626,16529,7805,-0.3585,-208,-4324,25,22,59,58,1
1775346652,56,42,0.223,447,284,731,ok_volume,0.608,1165,284,1449,ok_volume,0.722,3560,574,4134,ok_volume,16,291,307,6158,743,6901,20600,13417,-0.2112,-400,4842,27,21,58,56,2
1775346653,58,41,-0.639,96,436,532,ok_volume,0.453,1159,436,1595,ok_volume,0.667,3640,726,4366,ok_volume,80,152,232,6238,895,7133,20931,13080,-0.2308,848,5173,27,22,59,58,1
1775346654,58,40,-0.647,96,448,544,ok_volume,0.081,527,448,975,ok_volume,0.661,3616,738,4354,ok_volume,0,19,19,6115,914,7029,16372,6192,-0.4512,-157,-5806,25,21,60,58,2
1775346655,58,40,0,80,164,244,low_total_volume,-0.647,96,448,544,ok_volume,0.661,3616,738,4354,ok_volume,0,0,0,5915,901,6816,22587,13934,-0.2369,1987,6222,26,23,60,58,2
1775346656,58,40,0,21,12,33,low_activity,-0.586,117,448,565,ok_volume,0.661,3616,738,4354,ok_volume,24,0,24,5873,901,6774,23702,11435,-0.3491,2771,7565,27,20,60,58,2
1775346657,58,40,0,70,0,70,low_activity,-0.045,150,164,314,ok_volume,0.651,3488,738,4226,ok_volume,49,0,49,5823,901,6724,18202,10935,-0.2494,1830,-3900,26,22,60,58,2
1775346658,58,40,0,70,80,150,low_total_volume,0,70,92,162,low_total_volume,0.601,3284,818,4102,ok_volume,0,80,80,5802,981,6783,23702,13461,-0.2756,1115,6965,27,23,60,58,2
1775346659,59,38,0,49,80,129,low_total_volume,0,70,80,150,low_total_volume,0.617,3284,779,4063,ok_volume,0,0,0,5797,981,6778,17671,10595,-0.2503,-6031,-3329,24,22,62,59,3
1775346660,59,39,0,0,80,80,low_activity,0,70,80,150,low_total_volume,0.632,3268,736,4004,ok_volume,0,0,0,5797,981,6778,24119,15791,-0.2087,5917,4036,26,24,61,59,2
1775346661,59,39,0,0,20,20,low_activity,0,49,100,149,low_total_volume,0.624,3268,756,4024,ok_volume,0,27,27,5797,989,6786,19279,11743,-0.2429,-4423,2750,26,23,61,59,2
1775346662,60,39,0,39,20,59,low_activity,0,39,100,139,low_total_volume,0.605,3075,756,3831,ok_volume,39,0,39,5736,969,6705,24741,16381,-0.2033,7070,4141,27,26,61,60,1
1775346663,60,39,0,98,20,118,low_activity,0,98,20,118,low_activity,0.611,3134,756,3890,ok_volume,59,0,59,5795,969,6764,16158,8380,-0.317,-7961,-4773,25,23,61,60,1
1775346664,59,39,0,177,0,177,low_activity,0,177,20,197,low_total_volume,0.62,3163,742,3905,ok_volume,79,0,79,5703,969,6672,16143,7149,-0.3861,-3136,-229,23,22,61,59,2
1775346665,59,39,0,138,0,138,low_activity,0,177,20,197,low_total_volume,0.603,2996,742,3738,ok_volume,0,0,0,5703,969,6672,23272,16060,-0.1834,-1469,685,26,23,61,59,2
1775346666,60,39,-0.517,79,248,327,ok_volume,-0.167,177,248,425,ok_volume,0.301,1843,990,2833,ok_volume,0,248,248,5239,1217,6456,16292,10354,-0.2228,134,-7410,26,21,61,60,1
1775346667,60,38,-0.503,82,248,330,ok_volume,-0.06,220,248,468,ok_volume,0.321,1925,990,2915,ok_volume,94,0,94,5193,1217,6410,17917,6688,-0.4564,1774,-285,26,21,62,60,2
1775346668,60,38,-0.503,82,248,330,ok_volume,-0.213,161,248,409,ok_volume,0.372,1825,836,2661,ok_volume,5,0,5,5195,1217,6412,23785,14337,-0.2478,513,83,27,24,62,60,2
1775346669,59,39,0,82,0,82,low_activity,-0.503,82,248,330,ok_volume,0.356,1761,836,2597,ok_volume,0,0,0,5195,1217,6412,17242,7525,-0.3923,950,-429,27,23,61,59,2
1775346670,59,39,0,25,0,25,low_activity,-0.397,107,248,355,ok_volume,0.339,1695,836,2531,ok_volume,25,0,25,5200,1217,6417,16569,8871,-0.3026,-1348,-7550,27,23,61,59,2
1775346671,59,38,0,230,0,230,low_total_volume,1.0,312,0,312,ok_volume,0.389,1900,836,2736,ok_volume,158,0,158,5368,1217,6585,21041,15268,-0.159,-2744,1762,24,24,62,59,3
1775346672,60,39,0,230,0,230,low_total_volume,0,230,0,230,low_total_volume,0.389,1900,836,2736,ok_volume,0,0,0,5368,1217,6585,16166,7917,-0.3425,-1076,-8575,25,22,61,60,1
1775346673,61,38,0,188,20,208,low_total_volume,0,261,20,281,low_total_volume,0.406,1931,816,2747,ok_volume,33,20,53,5290,1170,6460,22010,13338,-0.2453,5441,5852,26,24,62,61,1
1775346674,59,37,0.922,492,20,512,ok_volume,0.946,722,20,742,ok_volume,0.489,2376,816,3192,ok_volume,461,0,461,5636,1170,6806,16783,8582,-0.3233,-4258,640,23,21,63,59,4
1775346675,60,37,0.922,492,20,512,ok_volume,0.94,649,20,669,ok_volume,0.476,2296,816,3112,ok_volume,0,0,0,5302,1170,6472,23014,13943,-0.2454,6848,-258,26,22,63,60,3
1775346676,60,38,1.0,461,0,461,ok_volume,0.922,492,20,512,ok_volume,0.476,2296,816,3112,ok_volume,0,0,0,5302,1170,6472,16640,8921,-0.302,-5370,348,26,22,62,60,2
1775346677,60,38,0,0,15,15,low_activity,0.867,492,35,527,ok_volume,0.469,2296,831,3127,ok_volume,0,15,15,5302,1185,6487,16860,14907,-0.0615,77,-1057,26,25,62,60,2
1775346678,60,38,0,0,15,15,low_activity,0.937,461,15,476,ok_volume,0.453,2210,831,3041,ok_volume,1,0,1,4787,1185,5972,22380,15227,-0.1902,-634,-1405,25,23,62,60,2
1775346679,60,37,0,0,15,15,low_activity,0,0,15,15,low_activity,0.31,1578,831,2409,ok_volume,4,0,4,4791,1185,5976,17173,10326,-0.249,533,-69,24,23,63,60,3
1775346680,62,37,0,0,0,0,low_activity,0,0,15,15,low_activity,0.16,1147,831,1978,ok_volume,7,0,7,4759,1185,5944,15932,13561,-0.0804,-928,-637,24,26,63,62,1
1775346681,65,34,1.0,1800,0,1800,ok_volume,0.983,1800,15,1815,ok_volume,0.56,2947,831,3778,ok_volume,1808,0,1808,6567,1147,7714,19404,17536,-0.0506,-2976,-1637,25,25,66,65,1
1775346682,65,34,1.0,1800,0,1800,ok_volume,1.0,1800,0,1800,ok_volume,0.685,2931,547,3478,ok_volume,0,0,0,6567,1147,7714,17198,13141,-0.1337,25,1032,24,25,66,65,1
1775346683,65,34,0.899,1800,96,1896,ok_volume,0.899,1800,96,1896,ok_volume,0.706,2851,491,3342,ok_volume,0,96,96,6567,1243,7810,23788,19131,-0.1085,7856,1778,26,25,66,65,1
1775346684,65,32,-0.908,100,2066,2166,ok_volume,-0.042,1900,2066,3966,ok_volume,0.093,2951,2449,5400,ok_volume,100,1970,2070,6643,3213,9856,17646,11199,-0.2235,-1758,863,25,25,68,65,3
1775346685,65,32,-0.908,100,2066,2166,ok_volume,-0.042,1900,2066,3966,ok_volume,0.093,2951,2449,5400,ok_volume,0,0,0,6643,3213,9856,18392,10434,-0.2761,1194,-4622,24,24,68,65,3
1775346686,65,32,-0.903,100,1970,2070,ok_volume,-0.908,100,2066,2166,ok_volume,0.089,2930,2449,5379,ok_volume,0,0,0,6622,3213,9835,23893,15944,-0.1995,105,7253,25,27,68,65,3
1775346687,65,32,0,0,0,0,no_volume,-0.908,100,2066,2166,ok_volume,0.081,2881,2449,5330,ok_volume,0,0,0,6445,3213,9658,24479,15718,-0.218,6833,7619,26,25,68,65,3
1775346688,66,32,0,0,0,0,no_volume,-0.903,100,1970,2070,ok_volume,0.098,2881,2369,5250,ok_volume,0,0,0,6241,3213,9454,24096,16146,-0.1976,5704,1716,24,27,68,66,2
1775346689,66,33,0,138,24,162,low_total_volume,0,138,24,162,low_total_volume,0.116,3019,2393,5412,ok_volume,138,34,172,6374,3208,9582,19233,12453,-0.214,-4660,2060,24,23,67,66,1
1775346690,66,33,0,214,24,238,low_total_volume,0,214,24,238,low_total_volume,0.128,3095,2393,5488,ok_volume,83,0,83,6438,3165,9603,20053,12930,-0.216,-4426,4121,25,23,67,66,1
1775346691,65,34,0.466,228,83,311,ok_volume,0.466,228,83,311,ok_volume,0.122,3109,2432,5541,ok_volume,14,59,73,6452,3224,9676,25867,14353,-0.2863,1771,6463,27,26,66,65,1
1775346692,66,33,0,104,59,163,low_total_volume,0.489,242,83,325,ok_volume,0.118,3084,2432,5516,ok_volume,22,0,22,6234,3224,9458,20344,8557,-0.4078,1111,3146,25,25,67,66,1
1775346693,66,33,0,28,59,87,low_activity,0.489,242,83,325,ok_volume,0.109,3025,2432,5457,ok_volume,0,0,0,6234,3224,9458,26415,17058,-0.2152,6362,2627,26,28,67,66,1
1775346694,66,33,0,14,60,74,low_activity,0,104,119,223,low_total_volume,0.083,2946,2492,5438,ok_volume,0,0,0,6181,3279,9460,21824,12048,-0.2886,-4043,4178,25,26,67,66,1
1775346695,66,33,0,0,60,60,low_activity,0,28,119,147,low_total_volume,0.083,2946,2492,5438,ok_volume,0,0,0,6014,3279,9293,21864,10328,-0.3583,1520,3472,25,27,67,66,1
1775346696,66,33,0,0,0,0,no_volume,0,14,60,74,low_activity,0.135,2946,2244,5190,ok_volume,0,0,0,4855,3279,8134,27365,16892,-0.2366,950,3472,26,27,67,66,1
1775346697,66,33,0,40,0,40,low_activity,0,40,60,100,low_activity,0.128,2904,2244,5148,ok_volume,40,0,40,4895,3279,8174,22242,10916,-0.3416,418,-2237,25,24,67,66,1
1775346698,66,33,1.0,515,0,515,ok_volume,1.0,515,0,515,ok_volume,0.202,3379,2244,5623,ok_volume,480,0,480,5274,3120,8394,27540,16798,-0.2423,5676,3444,27,27,67,66,1
1775346699,66,33,1.0,593,0,593,ok_volume,1.0,593,0,593,ok_volume,0.213,3457,2244,5701,ok_volume,86,0,86,5296,3120,8416,20603,11409,-0.2872,-6762,1370,25,25,67,66,1
1775346700,65,32,0.343,823,403,1226,ok_volume,0.363,863,403,1266,ok_volume,0.16,3654,2647,6301,ok_volume,270,403,673,5473,3523,8996,24891,13313,-0.3031,2649,4838,24,25,68,65,3
1775346701,65,34,-0.073,348,403,751,ok_volume,0.363,863,403,1266,ok_volume,0.138,3497,2647,6144,ok_volume,0,0,0,5473,3523,8996,25490,13481,-0.3082,-2050,-377,25,24,66,65,1
1775346702,65,34,-0.198,270,403,673,ok_volume,0.343,823,403,1226,ok_volume,0.138,3497,2647,6144,ok_volume,0,0,0,5472,3523,8995,21240,21274,0.0008,637,896,26,25,66,65,1
1775346703,65,34,0,40,0,40,low_activity,-0.019,388,403,791,ok_volume,0.143,3506,2627,6133,ok_volume,40,0,40,5512,3483,8995,26503,19262,-0.1582,1612,88,27,25,66,65,1
1775346704,65,33,1.0,308,0,308,ok_volume,0.178,578,403,981,ok_volume,0.115,3313,2627,5940,ok_volume,268,0,268,5764,3483,9247,20273,12570,-0.2345,-5217,-1551,24,25,67,65,2
1775346705,65,32,1.0,308,0,308,ok_volume,1.0,308,0,308,ok_volume,0.115,3313,2627,5940,ok_volume,0,0,0,5684,3483,9167,24333,19328,-0.1146,3093,2469,24,26,68,65,3
1775346706,66,33,0,268,0,268,low_total_volume,1.0,308,0,308,ok_volume,0.115,3313,2627,5940,ok_volume,0,0,0,5684,3483,9167,24025,19408,-0.1063,-2478,-3340,25,27,67,66,1
1775346707,66,32,1.0,1663,0,1663,ok_volume,1.0,1971,0,1971,ok_volume,0.312,4976,2612,7588,ok_volume,1666,0,1666,7350,3483,10833,16674,13216,-0.1157,-3599,-5568,22,23,68,66,2
1775346708,67,32,1.0,1663,0,1663,ok_volume,1.0,1931,0,1931,ok_volume,0.312,4976,2612,7588,ok_volume,6,0,6,7270,3483,10753,23544,20418,-0.0711,-789,-3996,24,27,68,67,1
1775346709,67,32,1.0,1663,0,1663,ok_volume,1.0,1663,0,1663,ok_volume,0.312,4976,2612,7588,ok_volume,0,0,0,6638,3483,10121,16183,18102,0.056,-7842,-4420,24,25,68,67,1
1775346710,67,31,0,94,0,94,low_activity,1.0,1757,0,1757,ok_volume,0.32,5070,2612,7682,ok_volume,94,0,94,6301,3483,9784,15193,24660,0.2375,-1481,-9698,21,26,69,67,2
1775346711,67,31,0,122,0,122,low_activity,1.0,1785,0,1785,ok_volume,0.116,3298,2612,5910,ok_volume,28,9,37,6329,3492,9821,20536,26231,0.1218,-3008,-4954,23,26,69,67,2
1775346712,68,30,-0.839,122,1389,1511,ok_volume,-0.839,122,1389,1511,ok_volume,-0.096,3298,4001,7299,ok_volume,0,1389,1389,6313,4590,10903,14963,20589,0.1582,-1220,-6277,20,26,70,68,2
1775346713,68,30,-0.96,28,1389,1417,ok_volume,-0.839,122,1389,1511,ok_volume,-0.084,3298,3905,7203,ok_volume,7,0,7,6240,4438,10678,15246,26390,0.2677,53,-11257,22,30,70,68,2
1775346714,67,32,-0.575,410,1521,1931,ok_volume,-0.482,532,1521,2053,ok_volume,0.272,3608,2067,5675,ok_volume,410,132,542,6650,4551,11201,17781,17371,-0.0117,-2755,-2492,23,25,68,67,1
1775346715,68,31,0.657,637,132,769,ok_volume,-0.392,665,1521,2186,ok_volume,0.3,3835,2067,5902,ok_volume,212,0,212,6877,4551,11428,15052,21502,0.1765,89,-9281,21,26,69,68,1
1775346716,68,31,0.666,658,132,790,ok_volume,-0.396,658,1521,2179,ok_volume,0.302,3856,2067,5923,ok_volume,21,1,22,6874,4552,11426,21146,21176,0.0007,5900,-2879,22,26,69,68,1
1775346717,68,31,1.0,520,0,520,ok_volume,0.755,945,132,1077,ok_volume,0.334,4143,2067,6210,ok_volume,294,0,294,7119,4552,11671,14938,15436,0.0164,-2843,-1736,22,25,69,68,1
1775346718,68,31,1.0,382,0,382,ok_volume,0.771,1019,132,1151,ok_volume,0.342,4217,2067,6284,ok_volume,2,0,2,7195,4472,11667,22284,21231,-0.0242,7232,-1260,25,27,69,68,1
1775346719,68,31,1.0,361,0,361,ok_volume,1.0,594,0,594,ok_volume,0.333,4079,2043,6122,ok_volume,0,0,0,7195,4472,11667,17699,11027,-0.2323,-3447,1516,24,26,69,68,1
1775346720,69,30,0,0,60,60,low_activity,0.729,382,60,442,ok_volume,0.311,4003,2103,6106,ok_volume,0,62,62,7195,4534,11729,22382,15527,-0.1808,7444,7189,24,27,70,69,1
1775346721,70,28,0.955,2582,60,2642,ok_volume,0.96,2943,60,3003,ok_volume,0.525,6571,2044,8615,ok_volume,2591,0,2591,9786,4507,14293,13284,11276,-0.0818,-9000,-7252,22,26,72,70,2
1775346722,71,28,0.955,2582,60,2642,ok_volume,0.955,2582,60,2642,ok_volume,0.525,6557,2044,8601,ok_volume,0,2,2,9747,4509,14256,14261,17460,0.1008,-3438,-702,22,28,72,71,1
1775346723,71,28,1.0,2690,0,2690,ok_volume,0.956,2690,60,2750,ok_volume,0.541,6665,1984,8649,ok_volume,108,0,108,9796,4509,14305,12801,12234,-0.0226,-9581,-2445,22,27,72,71,1
1775346724,71,27,-0.568,336,1220,1556,ok_volume,0.39,2918,1280,4198,ok_volume,0.365,6893,3204,10097,ok_volume,238,1220,1458,9955,5729,15684,14098,17370,0.104,814,-3683,21,29,73,71,2
1775346725,73,26,-0.536,369,1220,1589,ok_volume,0.415,2951,1220,4171,ok_volume,0.367,6926,3204,10130,ok_volume,34,0,34,9989,5729,15718,12383,10290,-0.0923,-1878,-2669,18,28,74,73,1
1775346726,73,26,-0.648,261,1220,1481,ok_volume,-0.536,369,1220,1589,ok_volume,0.367,6926,3204,10130,ok_volume,0,0,0,9989,5481,15470,13087,11090,-0.0826,286,-8059,19,28,74,73,1
1775346727,73,26,0,33,0,33,low_activity,-0.536,369,1220,1589,ok_volume,0.365,6886,3204,10090,ok_volume,0,0,0,9895,5481,15376,14221,11243,-0.1169,123,-717,20,28,74,73,1
1775346728,73,26,0,14,10,24,low_activity,-0.635,275,1230,1505,ok_volume,0.333,6425,3214,9639,ok_volume,22,10,32,9912,5491,15403,13472,17732,0.1365,1089,-8812,20,31,74,73,1
1775346729,73,26,0,14,10,24,low_activity,0,47,10,57,low_activity,0.328,6347,3214,9561,ok_volume,0,5,5,9912,5496,15408,14842,12446,-0.0878,1755,-2857,22,29,74,73,1
1775346730,73,26,0,14,10,24,low_activity,0,14,10,24,low_activity,0.367,6077,2811,8888,ok_volume,0,0,0,9839,5496,15335,14754,18653,0.1167,533,-7628,20,31,74,73,1
1775346731,73,26,0,0,93,93,low_activity,0,14,103,117,low_total_volume,0.353,6077,2904,8981,ok_volume,0,93,93,9681,5589,15270,14082,10643,-0.1391,610,798,20,28,74,73,1
1775346732,73,25,0,131,138,269,low_total_volume,0,145,148,293,low_total_volume,0.356,6208,2949,9157,ok_volume,131,17,148,9808,5635,15443,18632,15658,-0.0867,3790,4371,19,29,75,73,2
1775346733,73,25,0,131,138,269,low_total_volume,0,131,138,269,low_total_volume,0.353,6168,2949,9117,ok_volume,0,0,0,9775,5615,15390,13374,10053,-0.1418,-1380,573,19,28,75,73,2
1775346734,73,25,0.968,971,16,987,ok_volume,0.751,971,138,1109,ok_volume,0.391,6740,2949,9689,ok_volume,840,0,840,10154,5615,15769,13026,10290,-0.1173,-1056,-1072,19,28,75,73,2
1775346735,74,25,0,840,0,840,low_activity,0.751,971,138,1109,ok_volume,0.391,6740,2949,9689,ok_volume,0,0,0,10154,5615,15769,12282,15683,0.1216,-6350,-101,18,30,75,74,1
1775346736,74,25,0,904,0,904,low_activity,0.97,1035,16,1051,ok_volume,0.395,6804,2949,9753,ok_volume,64,0,64,10218,5615,15833,12468,10151,-0.1024,-906,-619,18,28,75,74,1
1775346737,74,25,0,119,0,119,low_activity,0,959,0,959,low_activity,0.276,5196,2949,8145,ok_volume,55,0,55,10273,5600,15873,12698,15836,0.11,-328,-1523,18,29,75,74,1
1775346738,74,25,0,227,0,227,low_activity,1.0,1067,0,1067,ok_volume,0.285,5304,2949,8253,ok_volume,108,0,108,10380,5600,15980,12970,10307,-0.1144,688,-502,18,29,75,74,1
1775346739,74,25,0,369,0,369,low_activity,1.0,433,0,433,ok_volume,0.303,5510,2949,8459,ok_volume,206,0,206,10583,5600,16183,13143,15416,0.0796,675,-1699,19,31,75,74,1
1775346740,74,25,0,562,0,562,low_activity,1.0,681,0,681,ok_volume,0.315,5664,2949,8613,ok_volume,253,0,253,10829,5600,16429,11683,9452,-0.1056,-1015,-3071,20,28,75,74,1
1775346741,74,25,0.826,473,45,518,ok_volume,0.868,636,45,681,ok_volume,0.308,5655,2994,8649,ok_volume,19,54,73,9040,5654,14694,11804,15408,0.1324,-1166,-2278,18,31,75,74,1
1775346742,74,25,0.394,267,116,383,ok_volume,0.667,581,116,697,ok_volume,0.543,5655,1676,7331,ok_volume,0,71,71,9040,5725,14765,11579,12931,0.0552,-1564,-7053,19,28,75,74,1
1775346743,74,25,0,19,116,135,low_activity,0.606,473,116,589,ok_volume,0.543,5655,1676,7331,ok_volume,5,0,5,9045,5629,14674,12832,14533,0.0622,1149,-542,19,29,75,74,1
1775346744,71,28,-0.306,778,1465,2243,ok_volume,-0.182,1045,1510,2555,ok_volume,0.343,6008,2938,8946,ok_volume,778,1394,2172,9723,5053,14776,12725,6780,-0.3048,921,-301,22,22,72,71,1
1775346745,72,27,-0.277,790,1394,2184,ok_volume,-0.302,809,1510,2319,ok_volume,0.328,5808,2938,8746,ok_volume,13,0,13,9736,5053,14789,12116,12946,0.0331,537,-166,20,25,73,72,1
1775346746,73,26,-0.283,832,1488,2320,ok_volume,-0.304,832,1559,2391,ok_volume,0.316,5829,3032,8861,ok_volume,37,94,131,9783,5147,14930,18650,14178,-0.1362,5818,6182,21,28,74,73,1
1775346747,72,26,0,100,94,194,low_total_volume,-0.258,878,1488,2366,ok_volume,0.29,5514,3032,8546,ok_volume,46,0,46,9829,5147,14976,19756,15965,-0.1061,7031,7058,20,29,74,72,2
1775346748,72,26,0,93,94,187,low_total_volume,-0.25,893,1488,2381,ok_volume,0.292,5529,3032,8561,ok_volume,15,0,15,9844,5147,14991,19191,7426,-0.442,7075,6221,20,25,74,72,2
1775346749,73,26,0,61,0,61,low_activity,0,115,94,209,low_total_volume,0.292,5529,3032,8561,ok_volume,0,0,0,9706,5115,14821,21541,15495,-0.1632,2891,8398,21,30,74,73,1
1775346750,73,26,0,91,0,91,low_activity,0,169,94,263,low_total_volume,0.307,5605,2972,8577,ok_volume,76,0,76,9699,5115,14814,21835,10387,-0.3553,2079,10152,21,27,74,73,1
1775346751,73,26,0,76,46,122,low_activity,0,137,46,183,low_total_volume,0.001,3023,3018,6041,ok_volume,0,0,0,9685,5105,14790,22673,13571,-0.2511,3482,10869,22,28,74,73,1
1775346752,72,26,0,76,46,122,low_activity,0,91,46,137,low_total_volume,0.001,3023,3018,6041,ok_volume,0,0,0,9663,5105,14768,22645,8146,-0.4709,1104,11066,22,25,74,72,2
1775346753,72,24,1.0,4008,0,4008,ok_volume,0.978,4084,46,4130,ok_volume,0.393,6923,3018,9941,ok_volume,4016,0,4016,13679,5036,18715,14776,7686,-0.3156,-7059,1944,19,25,76,72,4
1775346754,74,25,1.0,4008,0,4008,ok_volume,0.978,4084,46,4130,ok_volume,0.577,6695,1798,8493,ok_volume,0,1,1,13679,5037,18716,16265,12702,-0.123,-6408,3540,21,28,75,74,1
1775346755,74,24,1.0,4046,0,4046,ok_volume,1.0,4046,0,4046,ok_volume,0.577,6700,1798,8498,ok_volume,38,0,38,13717,5037,18754,16746,10312,-0.2378,-5899,4630,21,26,76,74,2
1775346756,75,23,0,38,0,38,low_activity,1.0,4046,0,4046,ok_volume,0.577,6700,1798,8498,ok_volume,20,0,20,13737,5037,18774,16496,11412,-0.1822,1720,-2154,20,24,77,75,2
1775346757,75,23,0,38,20,58,low_activity,0.99,4046,20,4066,ok_volume,0.573,6700,1818,8518,ok_volume,0,21,21,13697,5058,18755,17496,18092,0.0167,1231,-2260,20,28,77,75,2
1775346758,76,23,0,0,20,20,low_activity,0,38,20,58,low_activity,0.574,6686,1808,8494,ok_volume,0,0,0,13217,5058,18275,11993,12324,0.0136,-4753,-7198,18,27,77,76,1
1775346759,76,23,0,0,20,20,low_activity,0,38,20,58,low_activity,0.574,6686,1808,8494,ok_volume,0,0,0,13131,5059,18190,12385,18163,0.1891,-4111,-9156,18,26,77,76,1
1775346760,76,22,0,39,0,39,low_activity,0,39,20,59,low_activity,0.576,6725,1808,8533,ok_volume,40,0,40,12901,4656,17557,17611,12912,-0.1539,115,-4224,17,26,78,76,2
1775346761,76,22,0,39,18,57,low_activity,0,39,38,77,low_activity,0.596,6725,1704,8429,ok_volume,0,18,18,12901,4674,17575,18016,20285,0.0592,6023,-4657,17,26,78,76,2
1775346762,77,22,0,110,18,128,low_activity,0,110,18,128,low_activity,0.596,6665,1688,8353,ok_volume,71,0,71,12972,4674,17646,17695,14102,-0.113,5310,-4950,17,26,78,77,1
1775346763,75,22,-0.597,154,611,765,ok_volume,-0.52,193,611,804,ok_volume,0.495,6748,2281,9029,ok_volume,83,593,676,13015,5267,18282,17672,16861,-0.0235,61,2896,17,26,78,75,3
1775346764,76,22,-0.745,154,1056,1210,ok_volume,-0.695,193,1074,1267,ok_volume,0.366,5908,2744,8652,ok_volume,0,463,463,12747,5730,18477,17612,11417,-0.2134,-404,1347,17,25,78,76,2
1775346765,76,22,-0.871,95,1376,1471,ok_volume,-0.787,166,1394,1560,ok_volume,0.318,5920,3064,8984,ok_volume,12,320,332,12759,6050,18809,17691,11246,-0.2227,-4,945,17,25,78,76,2
1775346766,76,23,-0.97,12,783,795,ok_volume,-0.785,166,1376,1542,ok_volume,0.313,5856,3064,8920,ok_volume,0,0,0,12759,6050,18809,17709,17219,-0.014,37,1213,19,27,77,76,1
1775346767,76,23,-0.72,52,320,372,ok_volume,-0.821,135,1376,1511,ok_volume,0.312,5841,3064,8905,ok_volume,45,0,45,11138,6050,17188,16195,8017,-0.3378,-1417,-1301,18,26,77,76,1
1775346768,76,23,-0.765,40,300,340,ok_volume,-0.908,52,1083,1135,ok_volume,0.26,5733,3364,9097,ok_volume,0,300,300,11132,6350,17482,17235,12861,-0.1453,-456,5242,18,26,77,76,1
1775346769,75,23,-0.792,40,345,385,ok_volume,-0.855,52,665,717,ok_volume,0.237,5527,3409,8936,ok_volume,0,0,0,11132,6395,17527,17934,6728,-0.4544,225,5549,18,24,77,75,2
1775346770,75,23,-0.946,10,359,369,ok_volume,-0.756,50,359,409,ok_volume,0.214,5289,3423,8712,ok_volume,12,0,12,11050,6415,17465,18472,16136,-0.0675,2277,861,20,28,77,75,2
1775346771,75,23,0,10,14,24,low_activity,-0.756,50,359,409,ok_volume,0.219,5270,3378,8648,ok_volume,0,0,0,11022,6406,17428,12922,8575,-0.2022,-4313,-5094,19,25,77,75,2
1775346772,75,23,0,35,0,35,low_activity,-0.822,35,359,394,ok_volume,0.231,5295,3307,8602,ok_volume,25,0,25,11047,5017,16064,12407,13995,0.0601,-5527,-5288,19,26,77,75,2
1775346773,75,23,-0.97,25,1645,1670,ok_volume,-0.959,35,1659,1694,ok_volume,0.033,5295,4952,10247,ok_volume,6,1645,1651,11046,6662,17708,24817,8264,-0.5004,6345,7145,20,26,77,75,2
1775346774,75,23,-0.97,25,1645,1670,ok_volume,-0.958,35,1645,1680,ok_volume,0.119,4517,3558,8075,ok_volume,0,9,9,10621,6539,17160,25229,8151,-0.5116,12307,7617,20,26,77,75,2
1775346775,75,23,-0.372,842,1841,2683,ok_volume,-0.36,867,1841,2708,ok_volume,0.174,5337,3754,9091,ok_volume,843,196,1039,11252,6735,17987,24669,8739,-0.4768,12262,6978,20,27,77,75,2
1775346776,76,23,0.622,842,196,1038,ok_volume,-0.36,867,1841,2708,ok_volume,0.183,5305,3660,8965,ok_volume,0,0,0,11231,6734,17965,31606,14008,-0.3858,6789,13897,20,30,77,76,1
1775346777,75,23,0.593,842,215,1057,ok_volume,-0.377,842,1860,2702,ok_volume,0.177,5259,3679,8938,ok_volume,0,19,19,10863,6753,17616,31793,13941,-0.3903,6564,15598,20,29,77,75,2
1775346778,75,23,0,31,19,50,low_activity,0.605,873,215,1088,ok_volume,0.178,5275,3679,8954,ok_volume,31,0,31,10892,6753,17645,31183,8960,-0.5536,6514,13948,20,27,77,75,2
1775346779,75,24,0,31,58,89,low_activity,0.549,873,254,1127,ok_volume,0.173,5275,3718,8993,ok_volume,0,39,39,10892,6792,17684,31888,14222,-0.3831,282,13954,21,30,76,75,1
1775346780,75,24,0,31,39,70,low_activity,0,31,58,89,low_activity,0.172,5199,3672,8871,ok_volume,0,0,0,10892,6730,17622,31244,14069,-0.379,-549,12772,20,30,76,75,1
1775346781,73,24,0,0,220,220,low_total_volume,0,31,239,270,low_total_volume,0.149,5199,3853,9052,ok_volume,0,189,189,8301,6919,15220,31858,12254,-0.4444,675,18936,20,26,76,73,3
1775346782,74,24,0.849,2219,181,2400,ok_volume,0.822,2250,220,2470,ok_volume,0.316,7418,3853,11271,ok_volume,2220,0,2220,10521,6917,17438,30979,12267,-0.4327,-909,18572,21,26,76,74,2
1775346783,74,24,0.849,2219,181,2400,ok_volume,0.82,2219,220,2439,ok_volume,-0.061,3410,3853,7263,ok_volume,0,0,0,10413,6917,17330,31259,6900,-0.6384,15,6442,21,25,76,74,2
1775346784,74,24,0.981,2247,21,2268,ok_volume,0.835,2247,202,2449,ok_volume,-0.06,3438,3874,7312,ok_volume,28,23,51,10203,5720,15923,32530,7465,-0.6267,672,7301,22,26,76,74,2
1775346785,75,24,0,28,130,158,low_total_volume,0.757,2247,311,2558,ok_volume,-0.079,3400,3983,7383,ok_volume,0,109,109,10169,5829,15998,34330,13107,-0.4474,3351,9661,22,30,76,75,1
1775346786,73,24,0,28,140,168,low_total_volume,0.883,2247,140,2387,ok_volume,-0.08,3400,3993,7393,ok_volume,0,10,10,10169,5839,16008,33999,12883,-0.4504,2740,2393,22,28,76,73,3
1775346787,74,24,0,0,119,119,low_activity,0,28,140,168,low_total_volume,-0.078,3400,3973,7373,ok_volume,0,0,0,10169,5839,16008,34654,6991,-0.6643,2124,2861,22,27,76,74,2
1775346788,71,27,0,0,10,10,low_activity,0,28,140,168,low_total_volume,-0.078,3400,3973,7373,ok_volume,0,0,0,10147,5829,15976,33259,11662,-0.4808,-1071,2076,24,26,73,71,2
1775346789,69,30,1.0,642,0,642,ok_volume,0.687,642,119,761,ok_volume,0.009,4042,3973,8015,ok_volume,0,0,0,10792,5824,16616,32981,6018,-0.6914,-1018,1093,25,20,70,69,1
1775346790,69,29,1.0,1287,0,1287,ok_volume,0.985,1287,10,1297,ok_volume,0.078,4648,3973,8621,ok_volume,645,0,645,11437,5824,17261,33820,11861,-0.4807,-834,2576,25,27,71,69,2
1775346791,70,29,0.872,645,44,689,ok_volume,0.934,1287,44,1331,ok_volume,0.075,4648,3999,8647,ok_volume,0,44,44,11437,5746,17183,34396,5775,-0.7125,1137,2538,23,23,71,70,1
1775346792,70,29,0.699,733,130,863,ok_volume,0.827,1375,130,1505,ok_volume,0.066,4665,4085,8750,ok_volume,94,50,144,11400,5815,17215,34847,11847,-0.4926,1866,3868,23,26,71,70,1
1775346793,70,29,0.347,295,143,438,ok_volume,0.736,940,143,1083,ok_volume,0.155,4789,3505,8294,ok_volume,207,13,220,11607,5828,17435,34049,6200,-0.6919,229,2790,24,23,71,70,1
1775346794,69,29,0.343,315,154,469,ok_volume,0.608,960,234,1194,ok_volume,0.211,4809,3133,7942,ok_volume,29,91,120,10796,5919,16715,29080,12791,-0.389,-5316,-3450,24,26,71,69,2
1775346795,71,28,0.489,341,117,458,ok_volume,0.269,429,247,676,ok_volume,0.269,4911,2826,7737,ok_volume,116,13,129,10912,5932,16844,28350,7302,-0.5904,-6497,-5980,24,23,72,71,1
1775346796,72,27,0.789,882,104,986,ok_volume,0.751,1177,167,1344,ok_volume,0.334,5659,2826,8485,ok_volume,748,0,748,11596,5932,17528,33116,7397,-0.6348,-933,-883,24,24,73,72,1
1775346797,72,24,0.909,2170,104,2274,ok_volume,0.84,2397,208,2605,ok_volume,0.407,6927,2917,9844,ok_volume,1308,94,1402,12849,6026,18875,26160,12122,-0.3667,-2920,-8494,20,25,76,72,4
1775346798,71,26,0.851,2056,166,2222,ok_volume,0.78,2190,270,2460,ok_volume,0.447,6927,2647,9574,ok_volume,0,88,88,12740,6114,18854,33004,5943,-0.6948,4654,-255,22,23,74,71,3
1775346799,71,27,0.763,1308,176,1484,ok_volume,0.84,2170,189,2359,ok_volume,0.448,6927,2643,9570,ok_volume,0,10,10,12534,6124,18658,34024,12364,-0.4669,908,1043,22,27,73,71,2
1775346800,72,27,0,0,85,85,low_activity,0.842,2056,176,2232,ok_volume,0.447,6917,2643,9560,ok_volume,0,0,0,12281,6124,18405,34165,6816,-0.6674,8005,345,23,25,73,72,1
1775346801,71,27,0,209,10,219,low_total_volume,0.792,1517,176,1693,ok_volume,0.459,7126,2643,9769,ok_volume,209,0,209,12471,6070,18541,29492,7504,-0.5943,-3512,-4904,23,26,73,71,2
1775346802,72,27,0,209,49,258,low_total_volume,0.219,209,134,343,ok_volume,0.45,7101,2692,9793,ok_volume,0,58,58,12471,6057,18528,29913,12355,-0.4154,-4111,-4934,23,26,73,72,1
1775346803,71,27,0.017,209,202,411,ok_volume,-0.007,209,212,421,ok_volume,0.711,7101,1200,8301,ok_volume,11,153,164,12477,6210,18687,35361,6809,-0.6771,1196,1312,23,24,73,71,2
1775346804,71,27,0,0,202,202,low_activity,0.017,209,202,411,ok_volume,0.711,7101,1200,8301,ok_volume,0,0,0,11699,4816,16515,29122,13177,-0.377,-370,42,22,27,73,71,2
1775346805,71,27,0,21,192,213,low_total_volume,-0.023,230,241,471,ok_volume,0.715,6280,1043,7323,ok_volume,21,47,68,11697,4863,16560,34056,8117,-0.6151,4143,5706,22,25,73,71,2
1775346806,71,27,0,244,39,283,low_total_volume,0.006,244,241,485,ok_volume,0.724,6503,1043,7546,ok_volume,223,0,223,11883,4769,16652,27550,13117,-0.3549,-7811,-5566,23,26,73,71,2
1775346807,74,25,0.957,1775,39,1814,ok_volume,0.805,1775,192,1967,ok_volume,0.774,8034,1024,9058,ok_volume,1531,1,1532,13368,4770,18138,32575,7411,-0.6293,3453,6415,22,26,75,74,1
1775346808,75,23,1.0,1754,0,1754,ok_volume,0.957,1775,39,1814,ok_volume,0.773,8003,1024,9027,ok_volume,7,0,7,13360,4768,18128,28178,14045,-0.3347,-5878,-4826,21,30,77,75,2
1775346809,74,24,1.0,1531,0,1531,ok_volume,0.957,1775,39,1814,ok_volume,0.781,8003,985,8988,ok_volume,0,1,1,13360,4769,18129,32961,14045,-0.4024,5411,-1063,21,29,76,74,2
1775346810,74,24,0,0,120,120,low_activity,0.872,1754,120,1874,ok_volume,0.757,8003,1105,9108,ok_volume,0,120,120,13284,4842,18126,35198,8724,-0.6028,2623,1033,21,26,76,74,2
1775346811,74,24,0.363,257,120,377,ok_volume,0.874,1788,120,1908,ok_volume,0.799,8260,924,9184,ok_volume,257,0,257,13541,4842,18383,29723,17236,-0.2659,1545,231,21,31,76,74,2
1775346812,74,24,0.034,257,240,497,ok_volume,0.034,257,240,497,ok_volume,0.705,6041,1044,7085,ok_volume,0,120,120,13541,4962,18503,29583,12243,-0.4146,-3378,-330,21,28,76,74,2
1775346813,74,24,-0.194,257,381,638,ok_volume,-0.322,257,501,758,ok_volume,0.645,6041,1305,7346,ok_volume,0,261,261,9525,5223,14748,29425,14155,-0.3504,-5773,-5936,21,29,76,74,2
1775346814,74,25,0,20,381,401,low_activity,-0.288,277,501,778,ok_volume,0.649,6033,1284,7317,ok_volume,20,0,20,9545,5222,14767,29013,6891,-0.6161,-710,-109,22,24,75,74,1
1775346815,74,25,0,20,261,281,low_activity,-0.158,277,381,658,ok_volume,0.674,6033,1175,7208,ok_volume,0,0,0,9507,5222,14729,29874,7564,-0.5959,291,-4182,21,25,75,74,1
1775346816,74,25,0,20,0,20,low_activity,0,20,381,401,low_activity,0.676,6033,1165,7198,ok_volume,0,0,0,9487,5222,14709,29774,13037,-0.391,349,2224,21,28,75,74,1
1775346817,74,25,0,0,0,0,no_volume,0,20,261,281,low_activity,0.676,6033,1165,7198,ok_volume,0,0,0,9487,5201,14688,29774,9816,-0.5041,761,-2801,21,26,75,74,1
1775346818,72,27,0,0,287,287,low_total_volume,-0.87,20,287,307,ok_volume,0.576,5391,1452,6843,ok_volume,0,287,287,9487,5487,14974,35398,14204,-0.4273,5524,7220,23,27,73,72,1
1775346819,72,27,0,0,287,287,low_total_volume,0,0,287,287,low_total_volume,0.576,5391,1452,6843,ok_volume,2,0,2,9489,5487,14976,30185,10488,-0.4843,411,-2776,22,26,73,72,1
1775346820,72,27,0,0,287,287,low_total_volume,0,0,287,287,low_total_volume,0.531,4746,1452,6198,ok_volume,0,0,0,9449,5487,14936,35711,16309,-0.373,5937,513,22,27,73,72,1
1775346821,71,27,0,0,29,29,low_activity,-1.0,0,316,316,ok_volume,0.544,4746,1401,6147,ok_volume,0,29,29,9449,5498,14947,29777,9556,-0.5141,-5621,54,23,24,73,71,2
1775346822,70,27,0,63,154,217,low_total_volume,-0.75,63,441,504,ok_volume,0.524,4721,1476,6197,ok_volume,66,125,191,9444,5623,15067,34782,14639,-0.4076,4597,5199,22,25,73,70,3
1775346823,70,28,0,63,154,217,low_total_volume,0,63,154,217,low_total_volume,0.51,4514,1463,5977,ok_volume,0,0,0,9361,5030,14391,35006,10246,-0.5472,-705,5581,23,25,72,70,2
1775346824,71,28,0,63,125,188,low_activity,0,63,154,217,low_total_volume,0.532,4494,1372,5866,ok_volume,0,0,0,9361,4567,13928,28842,9734,-0.4953,-935,-171,23,25,72,71,1
1775346825,69,28,0,0,132,132,low_activity,-0.639,63,286,349,ok_volume,0.492,4380,1491,5871,ok_volume,0,132,132,9349,4379,13728,34403,13086,-0.4489,-379,4529,24,26,72,69,3
1775346826,70,28,0.427,374,150,524,ok_volume,0.228,437,275,712,ok_volume,0.453,4006,1509,5515,ok_volume,377,18,395,9726,4397,14123,29569,8657,-0.5471,-5437,-205,24,25,72,70,2
1775346827,70,28,0.489,437,150,587,ok_volume,0.489,437,150,587,ok_volume,0.321,2761,1418,4179,ok_volume,63,0,63,9744,4397,14141,35067,14368,-0.4187,6225,5293,24,27,72,70,2
1775346828,70,28,0.924,457,18,475,ok_volume,0.506,457,150,607,ok_volume,0.349,2781,1343,4124,ok_volume,20,5,25,9764,4057,13821,34862,14081,-0.4246,459,-536,24,27,72,70,2
1775346829,71,28,0,83,0,83,low_activity,0.506,457,150,607,ok_volume,0.352,2781,1333,4114,ok_volume,0,0,0,9764,4037,13801,34862,14158,-0.4224,5293,4677,24,28,72,71,1
1775346830,71,28,0,20,12,32,low_activity,0.877,457,30,487,ok_volume,0.348,2781,1345,4126,ok_volume,0,19,19,9752,4056,13808,34659,9738,-0.5613,-408,-1052,24,25,72,71,1
1775346831,71,28,0,0,245,245,low_total_volume,-0.494,83,245,328,ok_volume,0.24,2572,1578,4150,ok_volume,0,233,233,9752,4289,14041,28830,8745,-0.5345,-6032,-947,24,25,72,71,1
1775346832,71,28,-0.537,110,365,475,ok_volume,-0.475,130,365,495,ok_volume,0.239,2682,1649,4331,ok_volume,110,123,233,9837,4412,14249,34444,14039,-0.4209,-418,-338,24,28,72,71,1
1775346833,71,28,0.547,1206,353,1559,ok_volume,0.535,1206,365,1571,ok_volume,0.433,3778,1496,5274,ok_volume,1098,0,1098,10929,2767,13696,26860,8512,-0.5187,-7799,-8146,24,25,72,71,1
1775346834,71,27,0.819,1206,120,1326,ok_volume,0.535,1206,365,1571,ok_volume,0.433,3778,1496,5274,ok_volume,0,0,0,10929,2758,13687,32721,15413,-0.3596,3891,3879,23,27,73,71,2
1775346835,72,26,1.0,1096,0,1096,ok_volume,0.547,1206,353,1559,ok_volume,0.441,3757,1457,5214,ok_volume,0,0,0,10086,2562,12648,28285,8430,-0.5408,-6159,-6118,22,26,74,72,2
1775346836,69,27,-0.904,151,3011,3162,ok_volume,-0.395,1357,3131,4488,ok_volume,-0.096,3685,4468,8153,ok_volume,151,3011,3162,10237,5573,15810,35024,11515,-0.5051,8164,5455,23,22,73,69,4
1775346837,70,29,-0.885,184,3011,3195,ok_volume,-0.403,1280,3011,4291,ok_volume,-0.343,2187,4468,6655,ok_volume,33,0,33,10270,5554,15824,28493,6666,-0.6208,-4228,-6574,25,23,71,70,1
1775346838,70,29,-0.885,184,3011,3195,ok_volume,-0.885,184,3011,3195,ok_volume,-0.343,2187,4468,6655,ok_volume,0,0,0,10239,5554,15793,33990,13007,-0.4465,5705,-872,25,27,71,70,1
1775346839,70,29,0,143,0,143,low_activity,-0.822,294,3011,3305,ok_volume,-0.321,2297,4468,6765,ok_volume,110,0,110,10349,5515,15864,28359,5972,-0.6521,-6665,-6503,25,23,71,70,1
1775346840,70,29,0,110,0,110,low_activity,-0.822,294,3011,3305,ok_volume,-0.309,2297,4348,6645,ok_volume,4,0,4,10353,5515,15868,28430,12148,-0.4013,-63,-6229,25,27,71,70,1
1775346841,70,29,0,138,0,138,low_activity,0,171,0,171,low_activity,-0.355,2068,4348,6416,ok_volume,34,0,34,10387,5326,15713,28216,6304,-0.6348,-5774,-614,24,23,71,70,1
1775346842,69,30,0,28,89,117,low_activity,0,138,89,227,low_total_volume,-0.352,2068,4317,6385,ok_volume,6,89,95,8173,5415,13588,33795,11517,-0.4917,5436,-649,26,26,70,69,1
1775346843,67,30,0,28,125,153,low_total_volume,0,138,125,263,low_total_volume,-0.329,2068,4092,6160,ok_volume,0,41,41,8173,5456,13629,34114,6252,-0.6902,5684,7254,24,21,70,67,3
1775346844,67,31,0,12,125,137,low_total_volume,0,40,125,165,low_total_volume,-0.33,2060,4092,6152,ok_volume,12,0,12,8157,5433,13590,29059,5643,-0.6748,843,-3662,25,21,69,67,2
1775346845,69,30,0,22,36,58,low_activity,0,50,125,175,low_total_volume,-0.328,2070,4092,6162,ok_volume,11,0,11,8168,5324,13492,33131,12688,-0.4462,-664,4846,24,24,70,69,1
1775346846,69,30,0,22,0,22,low_activity,0,22,125,147,low_total_volume,-0.328,2070,4092,6162,ok_volume,0,0,0,8168,5314,13482,34258,6083,-0.6984,144,-766,24,22,70,69,1
1775346847,66,30,0,63,82,145,low_activity,0,75,118,193,low_total_volume,-0.326,2123,4174,6297,ok_volume,53,82,135,8221,5396,13617,28303,5563,-0.6715,-756,-190,24,22,70,66,4
1775346848,70,29,0.856,1053,82,1135,ok_volume,0.858,1075,82,1157,ok_volume,-0.109,3123,3887,7010,ok_volume,1004,0,1004,8580,5396,13976,32918,11957,-0.4671,-213,-1072,25,27,71,70,1
1775346849,68,30,-0.19,1053,1547,2600,ok_volume,-0.185,1063,1547,2610,ok_volume,-0.263,3123,5352,8475,ok_volume,0,1465,1465,8580,6861,15441,27197,5750,-0.651,-7061,-1162,24,23,70,68,2
1775346850,69,30,-0.189,1000,1465,2465,ok_volume,-0.19,1053,1547,2600,ok_volume,-0.263,3123,5352,8475,ok_volume,0,0,0,7935,6861,14796,33789,11432,-0.4944,5486,5359,25,25,70,69,1
1775346851,70,29,-0.973,20,1475,1495,ok_volume,-0.184,1073,1557,2630,ok_volume,-0.258,3143,5333,8476,ok_volume,20,10,30,7955,6791,14746,28278,7309,-0.5892,-4640,62,25,23,71,70,1
1775346852,70,29,0,20,10,30,low_activity,-0.182,1020,1475,2495,ok_volume,-0.257,3080,5208,8288,ok_volume,0,5,5,7861,6746,14607,35262,12641,-0.4722,8065,1467,25,27,71,70,1
1775346853,67,29,-0.893,20,354,374,ok_volume,-0.978,20,1819,1839,ok_volume,-0.286,3080,5552,8632,ok_volume,0,353,353,7654,7086,14740,29630,8078,-0.5715,-4159,-4484,24,23,71,67,4
1775346854,73,26,0.695,1913,344,2257,ok_volume,0.69,1933,354,2287,ok_volume,-0.053,4993,5552,10545,ok_volume,1920,0,1920,9545,6995,16540,27152,12433,-0.3718,-1126,-1907,22,27,74,73,1
1775346855,70,27,0.364,1913,892,2805,ok_volume,0.364,1933,902,2835,ok_volume,-0.089,4993,5968,10961,ok_volume,0,548,548,9429,7530,16959,28338,6621,-0.6212,-6924,-4793,23,25,73,70,3
1775346856,70,27,0.566,1976,548,2524,ok_volume,0.378,1976,892,2868,ok_volume,-0.119,4682,5950,10632,ok_volume,63,0,63,8744,7530,16274,33764,13671,-0.4236,4134,-494,23,25,73,70,3
1775346857,70,27,-0.794,63,548,611,ok_volume,0.378,1976,892,2868,ok_volume,-0.126,4619,5950,10569,ok_volume,0,0,0,7436,7436,14872,28621,8987,-0.5221,1469,318,23,23,73,70,3
1775346858,72,27,0,63,45,108,low_activity,0.538,1976,593,2569,ok_volume,-0.132,4599,5995,10594,ok_volume,5,45,50,7441,7393,14834,29098,14198,-0.3441,760,-3820,23,25,73,72,1
1775346859,71,27,0,0,45,45,low_activity,-0.808,63,593,656,ok_volume,-0.132,4599,5995,10594,ok_volume,0,0,0,7441,7383,14824,18823,8812,-0.3623,-14941,-8374,22,24,73,71,2
1775346860,70,26,-0.818,162,1615,1777,ok_volume,-0.755,225,1615,1840,ok_volume,-0.227,4761,7553,12314,ok_volume,162,1570,1732,7603,8953,16556,18085,15110,-0.0896,-10536,-15704,22,27,74,70,4
1775346861,72,26,-0.477,569,1606,2175,ok_volume,-0.487,569,1651,2220,ok_volume,-0.175,5168,7356,12524,ok_volume,407,36,443,7801,8989,16790,12535,13894,0.0514,-16563,-15743,22,29,74,72,2
1775346862,72,26,-0.477,569,1606,2175,ok_volume,-0.487,569,1651,2220,ok_volume,-0.177,5058,7236,12294,ok_volume,0,0,0,7801,8931,16732,18175,8384,-0.3687,-648,-17087,21,26,74,72,2
1775346863,72,26,0.858,472,36,508,ok_volume,-0.434,634,1606,2240,ok_volume,-0.285,4027,7236,11263,ok_volume,65,0,65,7855,8778,16633,17856,14323,-0.1098,-229,-11774,21,27,74,72,2
1775346864,72,26,0,91,0,91,low_activity,-0.417,660,1606,2266,ok_volume,-0.282,4053,7236,11289,ok_volume,26,0,26,7881,8778,16659,17596,13727,-0.1235,5061,-9556,22,26,74,72,2
1775346865,74,25,0,102,0,102,low_activity,0.868,509,36,545,ok_volume,-0.281,4064,7236,11300,ok_volume,37,4,41,7897,8735,16632,18047,17791,-0.0071,-128,-10291,21,29,75,74,1
1775346866,74,25,-0.943,37,1255,1292,ok_volume,-0.85,102,1255,1357,ok_volume,-0.167,3913,5480,9393,ok_volume,0,1255,1255,7674,9990,17664,18047,17190,-0.0243,191,-15717,21,26,75,74,1
1775346867,74,25,-0.985,11,1455,1466,ok_volume,-0.869,102,1455,1557,ok_volume,-0.188,3880,5680,9560,ok_volume,0,200,200,6143,10189,16332,18333,17753,-0.0161,737,-10288,22,27,75,74,1
1775346868,74,25,-0.835,131,1455,1586,ok_volume,-0.793,168,1455,1623,ok_volume,-0.172,4011,5680,9691,ok_volume,131,0,131,6267,10189,16456,18952,23234,0.1015,905,-10146,22,28,75,74,1
1775346869,74,25,-0.419,131,320,451,ok_volume,-0.835,142,1575,1717,ok_volume,-0.196,3901,5800,9701,ok_volume,0,121,121,6267,10307,16574,17976,16779,-0.0344,-71,-847,21,25,75,74,1
1775346870,74,25,0,131,120,251,low_total_volume,-0.846,131,1575,1706,ok_volume,-0.196,3901,5800,9701,ok_volume,0,0,0,6267,10187,16454,17916,22280,0.1086,-417,-169,21,27,75,74,1
1775346871,74,25,0,0,194,194,low_activity,-0.501,131,394,525,ok_volume,-0.205,3873,5874,9747,ok_volume,0,74,74,6010,10261,16271,17916,16334,-0.0462,-1036,5381,21,25,75,74,1
1775346872,76,23,0.041,520,479,999,ok_volume,0.042,651,599,1250,ok_volume,-0.17,4393,6190,10583,ok_volume,527,378,905,6537,10546,17083,16448,17363,0.0271,-1528,-1727,19,27,77,76,1
1775346873,76,23,0.041,520,479,999,ok_volume,-0.071,520,599,1119,ok_volume,-0.167,4393,6154,10547,ok_volume,0,0,0,6537,10285,16822,17862,22804,0.1215,-54,6,20,28,77,76,1
1775346874,76,23,0.158,520,378,898,ok_volume,0.041,520,479,999,ok_volume,-0.168,4381,6154,10535,ok_volume,0,0,0,6517,10285,16802,18612,22514,0.0949,696,1016,20,29,77,76,1
1775346875,76,23,0,0,0,0,no_volume,0.041,520,479,999,ok_volume,-0.169,4371,6154,10525,ok_volume,0,0,0,6517,10285,16802,18612,17013,-0.0449,2164,565,20,26,77,76,1
1775346876,76,22,1.0,2365,0,2365,ok_volume,0.768,2885,378,3263,ok_volume,0.045,6736,6154,12890,ok_volume,2370,0,2370,8887,10285,19172,16516,17285,0.0228,-1346,-1531,20,27,78,76,2
1775346877,76,22,1.0,2365,0,2365,ok_volume,1.0,2365,0,2365,ok_volume,0.048,6683,6072,12755,ok_volume,0,0,0,8887,10285,19172,16804,22816,0.1517,-1808,-1529,21,29,78,76,2
1775346878,77,22,1.0,2428,0,2428,ok_volume,1.0,2428,0,2428,ok_volume,-0.028,5746,6072,11818,ok_volume,63,0,63,8950,9998,18948,11774,42778,0.5683,-6838,-7178,19,30,78,77,1
1775346879,76,22,0,63,20,83,low_activity,0.984,2428,20,2448,ok_volume,0.108,5746,4627,10373,ok_volume,0,20,20,8948,10018,18966,11327,39946,0.5582,-5189,-6649,19,26,78,76,2
1775346880,77,22,-0.498,313,933,1246,ok_volume,0.483,2678,933,3611,ok_volume,0.04,5996,5540,11536,ok_volume,250,913,1163,9198,10931,20129,11662,33824,0.4872,-5142,-6254,19,25,78,77,1
1775346881,76,21,-0.458,347,933,1280,ok_volume,-0.389,410,933,1343,ok_volume,0.047,6073,5530,11603,ok_volume,97,0,97,9295,10902,20197,12031,40373,0.5408,257,-5885,17,29,79,76,3
1775346882,76,22,-0.513,347,1078,1425,ok_volume,-0.456,410,1098,1508,ok_volume,0.032,6073,5695,11768,ok_volume,0,165,165,9229,10942,20171,11632,38369,0.5347,305,-4816,19,28,78,76,2
1775346883,76,22,0,97,165,262,low_total_volume,-0.52,347,1098,1445,ok_volume,0.063,6073,5351,11424,ok_volume,0,0,0,9229,10942,20171,11140,33538,0.5013,-522,-6722,19,25,78,76,2
1775346884,76,21,0,0,165,165,low_total_volume,-0.513,347,1078,1425,ok_volume,-0.125,4160,5351,9511,ok_volume,9,0,9,9238,10942,20180,12296,39537,0.5256,265,-6316,18,28,79,76,3
1775346885,78,21,0,0,0,0,low_activity,0,97,165,262,low_total_volume,-0.072,4160,4803,8963,ok_volume,0,3,3,9238,10813,20051,11796,38786,0.5336,164,-6816,17,28,79,78,1
1775346886,77,22,-1.0,0,1342,1342,ok_volume,-1.0,0,1507,1507,ok_volume,-0.2,4097,6145,10242,ok_volume,0,1342,1342,8861,12137,20998,17212,48249,0.4741,6072,696,19,30,78,77,1
1775346887,78,21,-0.965,24,1342,1366,ok_volume,-0.965,24,1342,1366,ok_volume,-0.197,4121,6145,10266,ok_volume,25,4,29,8823,12141,20964,17443,44741,0.439,5147,639,18,29,79,78,1
1775346888,77,22,-0.932,53,1516,1569,ok_volume,-0.932,53,1516,1569,ok_volume,-0.204,4150,6274,10424,ok_volume,29,182,211,8832,12318,21150,17434,50150,0.4841,5638,5660,20,30,78,77,1
1775346889,77,22,0,53,174,227,low_total_volume,-0.932,53,1516,1569,ok_volume,-0.204,4150,6274,10424,ok_volume,0,0,0,8832,12318,21150,16962,44701,0.4498,-250,5635,20,28,78,77,1
1775346890,77,22,0,29,174,203,low_activity,-0.932,53,1516,1569,ok_volume,-0.082,3988,4704,8692,ok_volume,0,0,0,8832,12299,21131,16962,46972,0.4694,-481,5300,20,31,78,77,1
1775346891,77,22,0,0,0,0,low_activity,0,53,174,227,low_total_volume,-0.132,3581,4668,8249,ok_volume,5,0,5,8837,12066,20903,16957,37837,0.3811,-477,4926,20,28,78,77,1
1775346892,77,22,0,0,0,0,low_activity,0,29,174,203,low_activity,-0.132,3581,4668,8249,ok_volume,0,0,0,8727,11943,20670,17207,43044,0.4288,245,5575,20,29,78,77,1
1775346893,77,22,0,0,0,0,low_activity,0,0,0,0,low_activity,-0.141,3516,4668,8184,ok_volume,0,0,0,7629,11943,19572,17207,37543,0.3714,245,6067,20,26,78,77,1
1775346894,77,22,0,0,0,0,no_volume,0,0,0,0,low_activity,-0.144,3490,4668,8158,ok_volume,0,0,0,7629,11943,19572,17185,37493,0.3714,228,4889,20,26,78,77,1
1775346895,77,22,0,41,12,53,low_activity,0,41,12,53,low_activity,-0.141,3520,4680,8200,ok_volume,41,19,60,7670,11962,19632,16709,43079,0.4411,-498,4913,21,30,78,77,1
1775346896,77,22,0,41,148,189,low_total_volume,0,41,148,189,low_total_volume,-0.006,3520,3561,7081,ok_volume,0,136,136,7519,9087,16606,17209,39562,0.3937,2,-3,21,28,78,77,1
1775346897,77,22,-0.694,121,670,791,ok_volume,-0.694,121,670,791,ok_volume,-0.038,3600,3883,7483,ok_volume,89,522,611,7575,9609,17184,17395,42234,0.4166,210,-48,19,30,78,77,1
1775346898,77,22,-0.817,80,796,876,ok_volume,-0.74,121,808,929,ok_volume,-0.074,3469,4021,7490,ok_volume,0,142,142,7575,9751,17326,11932,36741,0.5097,-4777,-5502,19,27,78,77,1
1775346899,77,22,-0.784,80,660,740,ok_volume,-0.74,121,808,929,ok_volume,-0.059,3469,3901,7370,ok_volume,0,0,0,7465,9751,17216,17442,42242,0.4155,233,480,19,30,78,77,1
1775346900,77,22,0,0,318,318,low_activity,-0.848,80,976,1056,ok_volume,-0.081,3469,4081,7550,ok_volume,0,180,180,7461,9931,17392,11501,33775,0.492,-5894,-5461,19,26,78,77,1
1775346901,77,22,0,0,180,180,low_activity,-0.826,80,840,920,ok_volume,-0.069,3469,3980,7449,ok_volume,0,0,0,7435,9931,17366,12402,39357,0.5208,470,-4555,19,30,78,77,1
1775346902,77,22,0,0,180,180,low_activity,0,0,318,318,low_activity,-0.1,2949,3602,6551,ok_volume,0,0,0,7429,9842,17271,11527,34375,0.4978,-5915,-5680,19,26,78,77,1
1775346903,77,22,0,31,0,31,low_activity,0,31,180,211,low_activity,-0.095,2980,3602,6582,ok_volume,31,0,31,7460,9801,17261,11023,39804,0.5663,-478,-6184,19,29,78,77,1
1775346904,76,21,0.115,300,238,538,ok_volume,-0.164,300,418,718,ok_volume,-0.083,3249,3840,7089,ok_volume,278,245,523,7726,10046,17772,9808,33200,0.5439,-2594,-7377,18,25,79,76,3
1775346905,77,22,0.095,312,258,570,ok_volume,0.095,312,258,570,ok_volume,-0.084,3261,3860,7121,ok_volume,12,20,32,7727,10066,17793,15184,40054,0.4502,3657,-1525,20,28,78,77,1
1775346906,78,21,0.095,312,258,570,ok_volume,0.141,343,258,601,ok_volume,-0.613,927,3860,4787,ok_volume,34,0,34,7761,10066,17827,16783,39612,0.4048,5760,-426,18,27,79,78,1
1775346907,78,21,0,43,195,238,low_total_volume,-0.116,343,433,776,ok_volume,-0.626,927,4035,4962,ok_volume,0,173,173,7708,10175,17883,18536,42681,0.3944,8728,1141,18,30,79,78,1
1775346908,78,21,-0.165,256,357,613,ok_volume,-0.068,537,615,1152,ok_volume,-0.59,1089,4217,5306,ok_volume,257,188,445,6961,10363,17324,17945,38243,0.3613,2761,6013,18,27,79,78,1
1775346909,78,21,-0.202,225,339,564,ok_volume,-0.169,268,377,645,ok_volume,-0.588,1089,4197,5286,ok_volume,0,0,0,6961,8898,15859,17558,45497,0.4431,775,116,18,30,79,78,1
1775346910,79,20,-0.022,635,664,1299,ok_volume,-0.115,666,839,1505,ok_volume,-0.502,1249,3766,5015,ok_volume,410,503,913,7371,9401,16772,15389,37892,0.4223,-3147,3888,19,27,80,79,1
1775346911,78,20,-0.312,410,782,1192,ok_volume,-0.277,635,1121,1756,ok_volume,-0.558,1152,4066,5218,ok_volume,0,302,302,7351,9693,17044,15544,42896,0.468,-2401,3142,18,29,80,78,2
1775346912,79,20,-0.431,410,1032,1442,ok_volume,-0.313,635,1214,1849,ok_volume,-0.566,1152,4151,5303,ok_volume,0,250,250,7351,9938,17289,15352,36555,0.4085,-2206,3825,18,28,80,79,1
1775346913,79,20,-1.0,0,665,665,ok_volume,-0.473,410,1147,1557,ok_volume,-0.575,1152,4266,5418,ok_volume,0,115,115,7351,9700,17051,15403,43302,0.4752,14,4380,18,31,80,79,1
1775346914,79,20,-1.0,0,473,473,ok_volume,-0.508,410,1255,1665,ok_volume,-0.583,1152,4374,5526,ok_volume,0,117,117,5431,9817,15248,16339,37803,0.3964,795,6531,18,28,80,79,1
1775346915,77,20,-1.0,0,536,536,ok_volume,-1.0,0,1086,1086,ok_volume,-0.605,1152,4687,5839,ok_volume,0,321,321,5431,9590,15021,15687,42209,0.4581,335,503,18,27,80,77,3
1775346916,77,20,-1.0,0,716,716,ok_volume,-1.0,0,1081,1081,ok_volume,-0.519,1152,3640,4792,ok_volume,0,295,295,5368,9885,15253,15850,39297,0.4252,447,-933,18,26,80,77,3
1775346917,79,20,-1.0,0,608,608,ok_volume,-1.0,0,831,831,ok_volume,-0.527,1128,3640,4768,ok_volume,0,1,1,5368,9886,15254,16103,45112,0.4739,-236,-2433,17,31,80,79,1
1775346918,79,20,-1.0,0,395,395,ok_volume,-1.0,0,816,816,ok_volume,-0.529,1099,3566,4665,ok_volume,0,114,114,5363,9955,15318,16728,39141,0.4012,1041,-1217,17,28,80,79,1
1775346919,79,20,0,0,195,195,low_total_volume,-1.0,0,803,803,ok_volume,-0.538,1099,3661,4760,ok_volume,0,101,101,5363,10056,15419,17005,36695,0.3667,1155,-553,18,28,80,79,1
1775346920,77,22,-0.774,61,479,540,ok_volume,-0.854,61,774,835,ok_volume,-0.546,1160,3945,5105,ok_volume,61,296,357,5262,8782,14044,14834,44190,0.4974,-1269,-555,19,29,78,77,1
1775346921,77,22,-0.623,88,379,467,ok_volume,-0.69,88,479,567,ok_volume,-0.537,1187,3945,5132,ok_volume,36,0,36,4891,8746,13637,11041,44085,0.5994,-5687,-4503,18,28,78,77,1
1775346922,77,22,-0.759,88,643,731,ok_volume,-0.81,88,838,926,ok_volume,-0.568,1187,4304,5491,ok_volume,0,359,359,4891,9105,13996,17379,38430,0.3772,374,2027,18,25,78,77,1
1775346923,79,20,0,225,359,584,low_activity,-0.441,286,738,1024,ok_volume,-0.513,1385,4304,5689,ok_volume,198,0,198,5024,9105,14129,16745,38376,0.3924,1911,1342,18,29,80,79,1
1775346924,79,20,-0.58,198,744,942,ok_volume,-0.565,286,1028,1314,ok_volume,-0.544,1385,4689,6074,ok_volume,0,397,397,4998,9502,14500,11368,40409,0.5609,327,-4971,17,29,80,79,1
1775346925,79,20,-0.415,198,479,677,ok_volume,-0.577,225,838,1063,ok_volume,-0.56,1344,4771,6115,ok_volume,0,100,100,4961,9598,14559,14958,40892,0.4644,-2421,-729,18,29,80,79,1
1775346926,78,21,-0.94,18,587,605,ok_volume,-0.628,216,946,1162,ok_volume,-0.554,1362,4743,6105,ok_volume,18,108,126,4979,8451,13430,16111,38362,0.4085,-634,261,18,26,79,78,1
1775346927,78,21,0,43,202,245,low_total_volume,-0.418,241,587,828,ok_volume,-0.527,1307,4221,5528,ok_volume,26,0,26,5005,8251,13256,16585,43863,0.4513,5217,482,18,29,79,78,1
1775346928,78,21,0,166,108,274,low_total_volume,-0.559,166,587,753,ok_volume,-0.481,1430,4083,5513,ok_volume,123,0,123,4997,8251,13248,17292,38894,0.3845,2334,564,18,26,79,78,1
1775346929,78,21,0,148,0,148,low_activity,-0.098,166,202,368,ok_volume,-0.481,1430,4083,5513,ok_volume,0,0,0,4997,8130,13127,19542,44395,0.3887,3431,2537,19,29,79,78,1
1775346930,78,21,0,123,58,181,low_activity,0.0,166,166,332,ok_volume,-0.469,1430,3961,5391,ok_volume,0,63,63,4997,8193,13190,19542,36244,0.2994,2957,4708,19,25,79,78,1
1775346931,78,21,0,0,58,58,low_activity,0,148,58,206,low_activity,-0.469,1430,3961,5391,ok_volume,0,7,7,4997,8099,13096,19842,38637,0.3214,2550,8801,19,25,79,78,1
1775346932,78,21,0,0,58,58,low_activity,0,123,58,181,low_activity,-0.469,1430,3961,5391,ok_volume,0,0,0,4470,7721,12191,19959,45875,0.3937,417,2580,19,29,79,78,1
1775346933,78,21,0,37,339,376,low_activity,0,37,397,434,low_activity,-0.499,1436,4300,5736,ok_volume,37,339,376,4507,8060,12567,19995,37829,0.3084,453,3250,19,26,79,78,1
1775346934,78,21,0,57,339,396,low_activity,0,57,397,454,low_activity,-0.548,1187,4062,5249,ok_volume,20,0,20,4527,8060,12587,20266,41330,0.342,424,8898,19,28,79,78,1
1775346935,78,21,0,57,339,396,low_activity,0,57,339,396,low_activity,-0.55,1175,4042,5217,ok_volume,1,0,1,4528,8060,12588,20278,35779,0.2765,319,5320,19,25,79,78,1
1775346936,77,21,-0.883,44,707,751,ok_volume,-0.856,81,1046,1127,ok_volume,-0.604,1168,4731,5899,ok_volume,24,678,702,2182,8775,10957,20252,17131,-0.0835,257,4141,19,27,79,77,2
1775346937,77,21,0.293,1293,707,2000,ok_volume,0.127,1350,1046,2396,ok_volume,-0.305,2437,4574,7011,ok_volume,1254,0,1254,3460,8775,12235,18501,8174,-0.3871,-1765,1916,19,26,79,77,2
1775346938,77,21,0.312,1293,678,1971,ok_volume,0.3,1313,707,2020,ok_volume,-0.33,2212,4392,6604,ok_volume,0,0,0,3397,8775,12172,23955,14348,-0.2508,3677,6663,19,29,79,77,2
1775346939,77,22,1.0,1519,0,1519,ok_volume,0.378,1567,707,2274,ok_volume,-0.277,2486,4392,6878,ok_volume,275,0,275,3672,8755,12427,17703,14628,-0.0951,-2549,-1839,20,29,78,77,1
1775346940,77,22,-0.004,274,276,550,ok_volume,0.243,1567,954,2521,ok_volume,-0.337,2076,4186,6262,ok_volume,0,290,290,3422,8132,11554,18542,8714,-0.3606,41,-1000,20,26,78,77,1
1775346941,77,22,-0.004,274,276,550,ok_volume,0.692,1519,276,1795,ok_volume,-0.304,2076,3886,5962,ok_volume,0,0,0,3325,8132,11457,13209,13160,-0.0019,-10746,-6633,18,28,78,77,1
1775346942,77,22,-0.693,50,276,326,ok_volume,0.08,324,276,600,ok_volume,-0.262,2126,3636,5762,ok_volume,55,0,55,3380,7967,11347,11701,12893,0.0485,-6002,-8258,19,27,78,77,1
1775346943,77,22,0.878,400,26,426,ok_volume,0.381,674,302,976,ok_volume,-0.178,2476,3547,6023,ok_volume,350,26,376,3730,7993,11723,12680,8164,-0.2167,-5862,-7315,18,27,78,77,1
1775346944,77,22,0.569,400,110,510,ok_volume,0.018,400,386,786,ok_volume,-0.175,2476,3523,5999,ok_volume,1,84,85,3722,8077,11799,11946,13490,0.0607,-1263,-8320,18,29,78,77,1
1775346945,78,21,0.314,412,215,627,ok_volume,0.365,462,215,677,ok_volume,-0.133,2538,3315,5853,ok_volume,63,105,168,3785,8179,11964,12109,8140,-0.196,408,-8169,19,28,79,78,1
1775346946,78,21,0,62,189,251,low_total_volume,0.365,462,215,677,ok_volume,-0.087,2538,3020,5558,ok_volume,0,5,5,3785,6842,10627,12456,13497,0.0401,-224,-7796,20,29,79,78,1
1775346947,78,21,0,62,105,167,low_total_volume,0.314,412,215,627,ok_volume,-0.087,2538,3020,5558,ok_volume,0,0,0,3760,6838,10598,11620,7982,-0.1856,-326,-6881,20,25,79,78,1
1775346948,78,21,0,0,0,0,low_activity,0,62,189,251,low_total_volume,-0.07,2538,2920,5458,ok_volume,0,0,0,3731,6656,10387,12184,14727,0.0945,75,-11771,19,29,79,78,1
1775346949,78,21,0,0,73,73,low_activity,0,62,178,240,low_total_volume,-0.066,2538,2898,5436,ok_volume,0,73,73,3731,6729,10460,12490,8558,-0.1868,34,-5213,19,27,79,78,1
1775346950,78,21,0,0,133,133,low_activity,0,0,133,133,low_activity,-0.038,2477,2674,5151,ok_volume,0,62,62,3731,6791,10522,17783,7904,-0.3846,6163,-759,19,25,79,78,1
1775346951,77,22,-1.0,0,711,711,ok_volume,-1.0,0,711,711,ok_volume,-0.141,2450,3252,5702,ok_volume,0,584,584,3726,7375,11101,12391,13232,0.0328,207,-818,19,26,78,77,1
1775346952,61,30,-1.0,0,4106,4106,ok_volume,-1.0,0,4179,4179,ok_volume,-0.444,2450,6361,8811,ok_volume,0,3473,3473,3726,10848,14574,12508,9293,-0.1475,18,807,24,17,70,61,9
1775346953,68,31,-1.0,0,4046,4046,ok_volume,-1.0,0,4179,4179,ok_volume,-0.477,2252,6361,8613,ok_volume,0,0,0,3726,10848,14574,20789,4202,-0.6637,3006,8109,26,17,69,68,1
1775346954,63,35,-1.0,0,4010,4010,ok_volume,-1.0,0,4648,4648,ok_volume,-0.486,2252,6518,8770,ok_volume,0,542,542,3726,11390,15116,13148,9631,-0.1544,757,1202,28,18,65,63,2
1775346955,23,58,-0.973,44,3159,3203,ok_volume,-0.988,44,7205,7249,ok_volume,-0.595,2296,9041,11337,ok_volume,44,2643,2687,3729,14014,17743,20696,2540,-0.7814,8188,8587,33,6,42,23,19
1775346956,31,60,-0.973,44,3159,3203,ok_volume,-0.987,44,6627,6671,ok_volume,-0.594,2278,8933,11211,ok_volume,9,0,9,3738,13878,17616,22844,8010,-0.4808,2055,10388,30,11,40,31,9
1775346957,34,63,-0.924,117,2951,3068,ok_volume,-0.935,117,3493,3610,ok_volume,-0.599,2326,9267,11593,ok_volume,66,334,400,3730,13690,17420,24390,8222,-0.4958,11242,12770,31,15,37,34,3
1775346958,34,65,-0.594,85,334,419,ok_volume,-0.929,129,3493,3622,ok_volume,-0.614,2215,9267,11482,ok_volume,12,0,12,3742,13548,17290,26622,2370,-0.8365,5926,14438,29,9,35,34,1
1775346959,33,65,-0.686,70,376,446,ok_volume,-0.917,129,2993,3122,ok_volume,-0.616,2215,9309,11524,ok_volume,6,45,51,3748,13593,17341,16229,8094,-0.3345,-6615,3739,25,14,35,33,2
1775346960,31,67,0,156,96,252,low_total_volume,-0.305,229,430,659,ok_volume,-0.596,2359,9305,11664,ok_volume,148,50,198,3888,13481,17369,21279,2644,-0.779,-3111,3496,30,12,33,31,2
1775346961,19,69,0,144,96,240,low_total_volume,-0.335,214,430,644,ok_volume,-0.596,2359,9305,11664,ok_volume,0,0,0,3888,13481,17369,13331,2712,-0.6619,-13291,940,27,8,31,19,12
1775346962,18,69,0.744,300,44,344,ok_volume,0.529,312,96,408,ok_volume,-0.574,2515,9305,11820,ok_volume,163,0,163,4051,13481,17532,18261,4020,-0.6392,2032,5753,27,11,31,18,13
1775346963,20,71,0,246,0,246,low_total_volume,0.605,390,96,486,ok_volume,-0.555,2568,8966,11534,ok_volume,100,0,100,4120,13481,17601,18185,15584,-0.077,-3094,-2604,30,9,29,20,9
1775346964,24,74,0,280,0,280,low_total_volume,0.812,424,44,468,ok_volume,-0.553,2582,8966,11548,ok_volume,59,0,59,3901,13236,17137,12397,16100,0.1299,-934,-751,31,12,26,24,2
1775346965,24,75,0,223,0,223,low_total_volume,1.0,379,0,379,ok_volume,-0.538,2681,8937,11618,ok_volume,99,0,99,3988,13216,17204,18389,21440,0.0766,128,-2307,30,13,25,24,1
1775346966,24,75,0,233,0,233,low_total_volume,1.0,479,0,479,ok_volume,-0.503,2733,8259,10992,ok_volume,100,0,100,4054,13198,17252,12714,8716,-0.1866,-5471,-10130,29,16,25,24,1
1775346967,24,75,0,237,0,237,low_total_volume,1.0,361,0,361,ok_volume,-0.688,1526,8259,9785,ok_volume,49,0,49,4103,13025,17128,17609,8855,-0.3308,5212,-6781,30,16,25,24,1
1775346968,3,81,-0.172,2269,3211,5480,ok_volume,-0.144,2402,3211,5613,ok_volume,-0.516,3657,11470,15127,ok_volume,2139,3220,5359,5985,16057,22042,9984,5527,-0.2873,-8405,-16638,27,3,19,3,16
1775346969,13,82,-0.184,2213,3211,5424,ok_volume,-0.142,2412,3211,5623,ok_volume,-0.54,3427,11470,14897,ok_volume,50,0,50,6035,16057,22092,17855,6473,-0.4679,5141,1626,34,6,18,13,5
1775346970,11,84,-0.181,2229,3211,5440,ok_volume,-0.151,2367,3211,5578,ok_volume,-0.526,3481,11194,14675,ok_volume,57,0,57,5682,15554,21236,9365,793,-0.8439,-8244,-11914,30,5,16,11,5
1775346971,8,85,0,98,0,98,low_activity,-0.172,2267,3211,5478,ok_volume,-0.526,3481,11194,14675,ok_volume,11,0,11,5693,15252,20945,11012,1877,-0.7087,1028,-2319,33,6,15,8,7
1775346972,10,89,-0.529,85,276,361,ok_volume,-0.214,2260,3487,5747,ok_volume,-0.536,3462,11470,14932,ok_volume,31,279,310,5724,15281,21005,11254,527,-0.9105,-6601,-7007,29,4,11,10,1
1775346973,5,89,-0.697,55,308,363,ok_volume,-0.336,153,308,461,ok_volume,-0.571,3136,11476,14612,ok_volume,24,47,71,5748,15213,20961,11449,900,-0.8542,2084,-6736,30,4,11,5,6
1775346974,2,93,-0.189,210,308,518,ok_volume,-0.077,264,308,572,ok_volume,-0.552,3291,11392,14683,ok_volume,155,0,155,5903,15096,20999,12754,1052,-0.8476,1742,357,35,2,7,2,5
1775346975,5,94,0.844,378,32,410,ok_volume,0.141,409,308,717,ok_volume,-0.534,3428,11287,14715,ok_volume,199,0,199,6102,14775,20877,11946,1128,-0.8274,692,-6443,34,5,6,5,1
1775346976,4,95,1.0,434,0,434,ok_volume,0.227,489,308,797,ok_volume,-0.526,3508,11287,14795,ok_volume,60,0,60,6182,14480,20662,11825,491,-0.9203,376,-889,31,3,5,4,1
1775346977,4,93,1.0,541,0,541,ok_volume,0.915,720,32,752,ok_volume,-0.499,3770,11287,15057,ok_volume,275,0,275,6457,14479,20936,11345,517,-0.9128,-1409,-6264,27,4,7,4,3
1775346978,5,94,0.924,509,20,529,ok_volume,0.956,883,20,903,ok_volume,-0.482,3957,11307,15264,ok_volume,154,20,174,6644,14392,21036,11214,836,-0.8612,-732,1230,28,5,6,5,1
1775346979,5,93,0.315,557,290,847,ok_volume,0.485,836,290,1126,ok_volume,-0.478,4065,11504,15569,ok_volume,114,270,384,6758,14561,21319,12205,882,-0.8652,380,-5650,27,5,7,5,2
1775346980,5,93,-0.051,262,290,552,ok_volume,0.361,617,290,907,ok_volume,-0.476,4065,11444,15509,ok_volume,0,0,0,6697,14265,20962,12203,1657,-0.7609,858,2838,27,5,7,5,2
1775346981,5,94,0.044,295,270,565,ok_volume,0.439,744,290,1034,ok_volume,-0.437,4252,10866,15118,ok_volume,189,0,189,6850,14265,21115,11457,1667,-0.746,243,445,28,3,6,5,1
1775346982,5,93,1.0,679,0,679,ok_volume,0.529,941,290,1231,ok_volume,-0.219,4744,7398,12142,ok_volume,165,0,165,7348,13906,21254,10151,1383,-0.7602,-2054,-1103,26,5,7,5,2
1775346983,7,92,1.0,679,0,679,ok_volume,0.489,787,270,1057,ok_volume,-0.219,4744,7398,12142,ok_volume,0,0,0,7150,13906,21056,11064,1852,-0.7132,-1139,-385,28,6,8,7,1
1775346984,6,93,0,159,0,159,low_total_volume,1.0,679,0,679,ok_volume,-0.182,4744,6856,11600,ok_volume,0,0,0,7150,13509,20659,11469,1956,-0.7086,12,-1285,29,6,7,6,1
1775346985,7,90,0,178,46,224,low_total_volume,0.898,857,46,903,ok_volume,0.065,4878,4285,9163,ok_volume,178,52,230,7328,13461,20789,11139,1677,-0.7383,988,-807,25,7,10,7,3
1775346986,8,90,-0.198,178,266,444,ok_volume,0.118,337,266,603,ok_volume,0.038,4863,4505,9368,ok_volume,0,228,228,7310,13581,20891,11556,1478,-0.7732,492,-269,26,5,10,8,2
1775346987,8,89,-0.147,198,266,464,ok_volume,-0.147,198,266,464,ok_volume,0.073,4825,4171,8996,ok_volume,20,0,20,7304,13581,20885,12286,1976,-0.7229,817,941,25,6,11,8,3
1775346988,8,90,0,20,220,240,low_activity,-0.147,198,266,464,ok_volume,0.071,4813,4171,8984,ok_volume,0,0,0,7181,13581,20762,12436,2956,-0.6159,1297,1222,27,6,10,8,2
1775346989,8,90,0,53,12,65,low_activity,-0.092,231,278,509,ok_volume,0.08,4846,4131,8977,ok_volume,40,20,60,7221,13601,20822,13032,2582,-0.6693,1476,827,27,6,10,8,2
1775346990,8,90,0.753,965,136,1101,ok_volume,0.469,985,356,1341,ok_volume,0.145,5634,4211,9845,ok_volume,941,125,1066,8162,13663,21825,10211,1589,-0.7307,-2075,-1992,25,5,10,8,2
1775346991,9,90,0.753,965,136,1101,ok_volume,0.757,985,136,1121,ok_volume,0.145,5634,4211,9845,ok_volume,0,0,0,8162,13656,21818,11005,3281,-0.5407,-1431,-452,25,6,10,9,1
1775346992,9,90,0.795,1085,124,1209,ok_volume,0.783,1118,136,1254,ok_volume,0.144,5631,4211,9842,ok_volume,176,0,176,8338,13656,21994,11759,3400,-0.5514,-1273,1608,28,7,10,9,1
1775346993,9,90,0.965,782,14,796,ok_volume,0.842,1747,150,1897,ok_volume,0.187,6170,4225,10395,ok_volume,651,14,665,8979,13331,22310,12276,3916,-0.5163,2065,1212,27,7,10,9,1
1775346994,10,88,0.964,2643,49,2692,ok_volume,0.908,3575,173,3748,ok_volume,0.305,7997,4260,12257,ok_volume,1866,35,1901,10825,13366,24191,9691,3164,-0.5077,-1314,-1778,26,6,12,10,2
1775346995,10,88,0.927,2476,94,2570,ok_volume,0.931,2643,94,2737,ok_volume,0.294,7898,4305,12203,ok_volume,0,45,45,10824,13374,24198,11136,3784,-0.4928,-623,-3,27,7,12,10,2
1775346996,10,89,0.94,2607,80,2687,ok_volume,0.946,3389,94,3483,ok_volume,0.33,8544,4305,12849,ok_volume,746,0,746,11522,12696,24218,10978,3510,-0.5155,-1298,-578,27,8,11,10,1
1775346997,11,88,0.894,802,45,847,ok_volume,0.944,3278,94,3372,ok_volume,0.331,8562,4305,12867,ok_volume,56,0,56,10324,12696,23020,11361,3457,-0.5334,1670,-925,26,7,12,11,1
1775346998,11,88,0.65,935,198,1133,ok_volume,0.819,2796,278,3074,ok_volume,0.671,6564,1292,7856,ok_volume,133,200,333,10457,12896,23353,10905,3078,-0.5598,-231,-1531,28,7,12,11,1
1775346999,12,87,-0.24,345,563,908,ok_volume,0.284,1091,608,1699,ok_volume,0.602,6676,1657,8333,ok_volume,157,368,525,10339,13264,23603,11327,11760,0.0188,349,-1705,27,8,13,12,1
1775347000,11,88,-0.183,495,717,1212,ok_volume,0.288,1297,717,2014,ok_volume,0.581,6828,1811,8639,ok_volume,206,154,360,10545,13128,23673,13636,11842,-0.0704,2275,3425,26,8,12,11,1
1775347001,11,88,0.482,1568,548,2116,ok_volume,0.404,1757,746,2503,ok_volume,0.627,8034,1840,9874,ok_volume,1206,29,1235,11751,13157,24908,13623,11589,-0.0807,2718,2618,31,8,12,11,1
1775347002,12,86,0.847,3537,292,3829,ok_volume,0.635,3826,855,4681,ok_volume,0.716,10128,1673,11801,ok_volume,2125,110,2235,13821,13267,27088,11520,11453,-0.0029,193,-239,29,8,14,12,2
1775347003,13,86,0.879,3368,216,3584,ok_volume,0.671,3730,735,4465,ok_volume,0.71,10141,1719,11860,ok_volume,45,78,123,13516,13319,26835,12054,12957,0.0361,-1582,-222,29,10,14,13,1
1775347004,13,86,0.819,2418,240,2658,ok_volume,0.801,3830,423,4253,ok_volume,0.705,10242,1772,12014,ok_volume,256,53,309,13771,13288,27059,12068,13649,0.0615,-1555,2377,29,10,14,13,1
1775347005,14,85,0.326,380,193,573,ok_volume,0.836,3711,331,4042,ok_volume,0.693,10110,1834,11944,ok_volume,31,62,93,13801,13245,27046,11739,12718,0.04,219,603,28,11,15,14,1
1775347006,14,85,0.47,372,134,506,ok_volume,0.775,2534,321,2855,ok_volume,0.689,10079,1853,11932,ok_volume,0,21,21,13830,13261,27091,12430,13827,0.0532,376,1452,29,11,15,14,1
1775347007,14,85,-0.488,83,241,324,ok_volume,0.081,438,372,810,ok_volume,0.66,9813,2013,11826,ok_volume,29,167,196,13859,13428,27287,12688,13556,0.0331,620,1327,30,11,15,14,1
1775347008,14,84,-0.543,71,240,311,ok_volume,0.11,443,355,798,ok_volume,0.651,9701,2054,11755,ok_volume,44,61,105,13903,13489,27392,11186,13119,0.0795,-553,281,29,11,16,14,2
1775347009,14,84,-0.386,98,221,319,ok_volume,-0.33,152,302,454,ok_volume,0.687,9620,1784,11404,ok_volume,27,0,27,13930,13416,27346,11508,13474,0.0787,-922,181,30,10,16,14,2
1775347010,15,84,0,90,88,178,low_total_volume,-0.383,119,267,386,ok_volume,0.684,9641,1811,11452,ok_volume,21,27,48,13951,13381,27332,11459,6001,-0.3126,-1229,-2177,31,10,16,15,1
1775347011,16,82,0,196,27,223,low_total_volume,0.037,267,248,515,ok_volume,0.673,9269,1811,11080,ok_volume,160,0,160,14111,12797,26908,10593,5190,-0.3423,-593,-3030,30,11,18,16,2
1775347012,16,82,0,169,71,240,low_total_volume,0.286,238,132,370,ok_volume,0.662,9110,1855,10965,ok_volume,0,58,58,14111,9382,23493,11830,6135,-0.317,322,310,28,11,18,16,2
1775347013,16,81,0.676,408,79,487,ok_volume,0.623,456,106,562,ok_volume,0.664,9370,1890,11260,ok_volume,262,37,299,14373,9419,23792,12264,6193,-0.3289,805,210,28,12,19,16,3
1775347014,17,82,-0.102,312,383,695,ok_volume,0.08,481,410,891,ok_volume,0.622,9422,2194,11616,ok_volume,52,311,363,14425,9188,23613,12043,10190,-0.0833,1450,-25,27,12,18,17,1
1775347015,18,81,0.024,419,399,818,ok_volume,0.123,567,443,1010,ok_volume,0.618,9351,2208,11559,ok_volume,107,81,188,14488,6626,21114,11565,11077,-0.0216,-265,-174,26,12,19,18,1
1775347016,18,81,-0.37,173,376,549,ok_volume,-0.025,433,455,888,ok_volume,0.648,9365,2000,11365,ok_volume,18,16,34,14482,6642,21124,11965,11221,-0.0321,-299,-465,29,12,19,18,1
1775347017,18,80,0,121,132,253,low_total_volume,-0.042,433,471,904,ok_volume,0.639,9345,2060,11405,ok_volume,0,60,60,14416,6368,20784,12059,11106,-0.0411,16,-629,30,11,20,18,2
1775347018,19,80,-0.929,14,381,395,ok_volume,-0.623,173,745,918,ok_volume,0.596,9345,2369,11714,ok_volume,0,309,309,14404,6677,21081,10971,10775,-0.009,-594,-215,27,12,20,19,1
1775347019,17,82,-0.22,291,455,746,ok_volume,-0.122,412,527,939,ok_volume,0.594,9603,2443,12046,ok_volume,291,91,382,14689,6705,21394,11694,10247,-0.0659,-271,186,24,10,18,17,1
1775347020,17,82,0.231,660,412,1072,ok_volume,0.164,674,484,1158,ok_volume,0.589,9040,2336,11376,ok_volume,376,17,393,14917,6672,21589,11414,10753,-0.0298,-645,-45,26,10,18,17,1
1775347021,17,82,0.263,868,507,1375,ok_volume,-0.005,868,876,1744,ok_volume,0.543,9248,2740,11988,ok_volume,208,404,612,15125,7076,22201,11071,10267,-0.0377,100,478,27,10,18,17,1
1775347022,22,77,0.341,1539,756,2295,ok_volume,0.228,1830,1151,2981,ok_volume,0.531,10043,3075,13118,ok_volume,3,335,338,15927,7411,23338,11496,16433,0.1768,-198,-334,28,12,23,22,1
1775347023,21,76,0.142,1170,879,2049,ok_volume,0.302,1830,982,2812,ok_volume,0.493,9428,3201,12629,ok_volume,14,146,160,15841,7557,23398,11067,11527,0.0204,-347,-1197,29,13,24,21,3
1775347024,21,75,0.041,584,538,1122,ok_volume,0.378,2123,959,3082,ok_volume,0.433,8151,3229,11380,ok_volume,598,72,670,16380,7629,24009,10888,12170,0.0556,-183,-1155,28,12,25,21,4
1775347025,22,75,0.277,584,331,915,ok_volume,0.242,1754,1070,2824,ok_volume,0.422,8151,3312,11463,ok_volume,11,128,139,16292,7757,24049,11286,13485,0.0888,-210,-279,28,14,25,22,3
1775347026,24,75,-0.164,584,813,1397,ok_volume,-0.376,584,1288,1872,ok_volume,0.306,7405,3934,11339,ok_volume,7,634,641,16199,8391,24590,11394,15620,0.1564,327,-571,28,16,25,24,1
1775347027,23,76,-0.937,50,1538,1588,ok_volume,-0.466,634,1741,2375,ok_volume,0.221,7399,4722,12121,ok_volume,55,791,846,16205,9182,25387,11808,15071,0.1214,920,-251,28,15,24,23,1
1775347028,24,74,-0.867,165,2308,2473,ok_volume,-0.539,749,2499,3248,ok_volume,0.153,7381,5422,12803,ok_volume,101,902,1003,14182,6864,21046,11868,4187,-0.4784,582,897,27,12,26,24,2
1775347029,23,76,-0.836,180,2021,2201,ok_volume,-0.878,180,2771,2951,ok_volume,0.146,7240,5392,12632,ok_volume,22,338,360,14154,7202,21356,12309,4643,-0.4522,915,615,31,12,24,23,1
1775347030,24,75,-0.121,1361,1734,3095,ok_volume,-0.376,1426,3144,4570,ok_volume,0.181,8280,5739,14019,ok_volume,1014,506,1520,15346,7708,23054,11810,2820,-0.6145,2,396,27,14,25,24,1
1775347031,24,75,0.186,1261,866,2127,ok_volume,-0.283,1426,2552,3978,ok_volume,0.104,7074,5740,12814,ok_volume,0,39,39,15335,7747,23082,13190,5403,-0.4188,1322,2119,28,13,25,24,1
1775347032,22,75,-0.113,1115,1399,2514,ok_volume,-0.285,1465,2632,4097,ok_volume,-0.125,5053,6499,11552,ok_volume,104,869,973,15408,8337,23745,11966,4954,-0.4144,-343,470,28,11,25,22,3
1775347033,22,76,-0.574,243,898,1141,ok_volume,-0.071,1504,1734,3238,ok_volume,-0.109,5155,6421,11576,ok_volume,150,0,150,15534,8290,23824,11383,4378,-0.4445,-427,316,28,12,24,22,2
1775347034,20,78,-0.514,279,868,1147,ok_volume,-0.041,1290,1399,2689,ok_volume,-0.133,4873,6368,11241,ok_volume,47,6,53,15426,8296,23722,11710,4919,-0.4084,-1480,822,31,11,22,20,2
1775347035,21,77,0.964,652,12,664,ok_volume,-0.092,756,910,1666,ok_volume,-0.088,5296,6318,11614,ok_volume,483,12,495,15690,8314,24004,11857,5085,-0.3997,-109,571,31,11,23,21,2
1775347036,19,77,0.567,550,152,702,ok_volume,-0.125,793,1020,1813,ok_volume,-0.094,5333,6439,11772,ok_volume,39,147,186,15672,8461,24133,11014,3829,-0.4841,-369,-380,28,9,23,19,4
1775347037,19,75,0.586,2254,589,2843,ok_volume,0.61,2429,589,3018,ok_volume,0.024,7044,6716,13760,ok_volume,1712,435,2147,17115,8905,26020,9868,4114,-0.4115,-1842,-1940,26,9,25,19,6
1775347038,20,79,0.424,1796,726,2522,ok_volume,0.516,2309,738,3047,ok_volume,0.016,7021,6804,13825,ok_volume,19,119,138,16980,9034,26014,12404,3185,-0.5914,547,536,29,11,21,20,1
1775347039,21,78,0.471,1766,635,2401,ok_volume,0.486,2319,803,3122,ok_volume,0.012,7040,6869,13909,ok_volume,52,50,102,16918,8834,25752,12527,3433,-0.5698,1513,218,27,12,22,21,1
1775347040,19,78,-0.721,149,921,1070,ok_volume,0.115,1926,1528,3454,ok_volume,-0.032,7103,7579,14682,ok_volume,91,743,834,17012,9577,26589,13544,6234,-0.3696,3676,1734,28,11,22,19,3
1775347041,20,78,0.108,1202,967,2169,ok_volume,0.305,2922,1557,4479,ok_volume,0.017,8027,7764,15791,ok_volume,1079,186,1265,17569,9763,27332,13146,6752,-0.3213,742,-44,29,13,22,20,2
1775347042,22,77,0.126,1189,922,2111,ok_volume,0.063,1254,1106,2360,ok_volume,0.022,8060,7720,15780,ok_volume,39,0,39,17443,9770,27213,13794,9307,-0.1942,1267,1828,27,14,23,22,1
1775347043,20,76,0.268,1105,638,1743,ok_volume,-0.07,1235,1420,2655,ok_volume,-0.021,7800,8138,15938,ok_volume,0,453,453,17443,10223,27666,14965,10266,-0.1862,1421,3582,27,12,24,20,4
1775347044,22,76,-0.109,742,923,1665,ok_volume,0.014,1898,1845,3743,ok_volume,0.009,8457,8304,16761,ok_volume,712,470,1182,18155,10693,28848,13669,11114,-0.1031,523,1959,27,13,24,22,2
1775347045,22,76,-0.114,798,1003,1801,ok_volume,0.231,1903,1188,3091,ok_volume,0.007,8439,8324,16763,ok_volume,90,80,170,18067,10721,28788,14986,11227,-0.1434,1192,3129,28,14,24,22,2
1775347046,22,76,0.064,904,796,1700,ok_volume,-0.143,937,1249,2186,ok_volume,-0.002,8531,8558,17089,ok_volume,109,246,355,18176,10739,28915,14627,11201,-0.1326,-338,3613,29,14,24,22,2
1775347047,23,75,-0.087,435,518,953,ok_volume,-0.115,1144,1441,2585,ok_volume,0.005,8771,8690,17461,ok_volume,40,208,248,18396,10947,29343,13944,17581,0.1154,275,4076,27,14,25,23,2
1775347048,23,75,0.558,1646,467,2113,ok_volume,0.412,2444,1017,3461,ok_volume,0.09,10071,8410,18481,ok_volume,1307,37,1344,19703,10984,30687,15126,17472,0.072,140,2722,27,13,25,23,2
1775347049,23,75,0.454,1340,503,1843,ok_volume,0.353,1735,829,2564,ok_volume,0.064,9780,8606,18386,ok_volume,3,295,298,19666,11259,30925,13275,17687,0.1425,-1352,748,26,13,25,23,2
1775347050,22,76,0.619,1557,367,1924,ok_volume,0.405,1903,805,2708,ok_volume,0.056,9668,8645,18313,ok_volume,264,65,329,18989,11199,30188,12216,17451,0.1765,-1728,-1328,27,12,24,22,2
1775347051,22,75,-0.184,351,509,860,ok_volume,0.397,1691,730,2421,ok_volume,0.011,8592,8412,17004,ok_volume,84,174,258,19084,11373,30457,14657,17070,0.0761,-469,1511,26,11,25,22,3
1775347052,22,75,-0.037,693,747,1440,ok_volume,0.306,1993,1058,3051,ok_volume,0.019,8934,8597,17531,ok_volume,345,528,873,19226,11901,31127,14471,16839,0.0756,1196,677,27,11,25,22,3
1775347053,22,74,0.581,2819,746,3565,ok_volume,0.48,3087,1084,4171,ok_volume,0.142,11328,8512,19840,ok_volume,2398,55,2453,20973,11942,32915,12535,16915,0.1487,319,-2430,25,11,26,22,4
1775347054,22,74,0.19,2736,1864,4600,ok_volume,0.192,3087,2091,5178,ok_volume,0.049,10744,9738,20482,ok_volume,0,1290,1290,19107,13197,32304,13063,17583,0.1475,-1594,-606,25,11,26,22,4
1775347055,23,75,0.183,2465,1702,4167,ok_volume,0.094,2890,2393,5283,ok_volume,0.041,10815,9968,20783,ok_volume,71,358,429,19178,13510,32688,13259,16916,0.1212,-1212,-1727,25,12,25,23,2
1775347056,25,74,-0.494,558,1647,2205,ok_volume,0.194,3294,2222,5516,ok_volume,0.095,11302,9346,20648,ok_volume,505,0,505,18937,13510,32447,13741,17150,0.1104,1206,-886,26,14,26,25,1
1775347057,24,75,0.15,714,528,1242,ok_volume,0.248,3108,1872,4980,ok_volume,0.132,11393,8728,20121,ok_volume,156,171,327,19037,13681,32718,13541,16409,0.0958,478,-403,26,13,25,24,1
1775347058,25,74,0.553,661,190,851,ok_volume,-0.43,732,1837,2569,ok_volume,0.181,11311,7850,19161,ok_volume,18,20,38,18922,13501,32423,14513,17515,0.0937,1254,-613,26,13,26,25,1
1775347059,25,73,0.863,2773,204,2977,ok_volume,0.711,3331,562,3893,ok_volume,0.289,13660,7529,21189,ok_volume,2603,16,2619,21368,13149,34517,12165,18416,0.2044,-1576,-1110,28,13,27,25,2
1775347060,25,73,0.84,2652,230,2882,ok_volume,0.783,3295,400,3695,ok_volume,0.274,12684,7224,19908,ok_volume,35,178,213,21197,13191,34388,12784,18095,0.172,-757,568,28,13,27,25,2
1775347061,24,75,0.624,4306,996,5302,ok_volume,0.581,4480,1186,5666,ok_volume,0.285,14356,7980,22336,ok_volume,1682,786,2468,21673,13948,35621,10730,18134,0.2565,-3783,-3927,30,11,25,24,1
1775347062,24,75,0.212,2069,1346,3415,ok_volume,0.54,4686,1398,6084,ok_volume,0.322,14614,7494,22108,ok_volume,362,400,762,19910,14238,34148,11067,11133,0.003,-1098,-3404,29,11,25,24,1
1775347063,24,74,0.29,2121,1168,3289,ok_volume,0.551,4755,1378,6133,ok_volume,0.32,14562,7494,22056,ok_volume,82,9,91,19964,14169,34133,10923,11919,0.0436,-1861,-1612,29,11,26,24,2
1775347064,24,73,-0.136,449,590,1039,ok_volume,0.162,2156,1554,3710,ok_volume,0.307,14526,7702,22228,ok_volume,6,213,219,19652,14329,33981,10815,10716,-0.0046,85,-2248,29,12,27,24,3
1775347065,25,74,-0.585,106,405,511,ok_volume,0.157,2157,1573,3730,ok_volume,0.282,14085,7887,21972,ok_volume,36,197,233,19628,14464,34092,11152,10838,-0.0143,85,-2107,30,12,26,25,1
1775347066,25,73,-0.722,129,799,928,ok_volume,-0.343,578,1181,1759,ok_volume,0.269,14102,8125,22227,ok_volume,105,407,512,19733,14850,34583,11717,11004,-0.0314,794,-2024,29,12,27,25,2
1775347067,24,74,-0.692,163,895,1058,ok_volume,-0.651,233,1103,1336,ok_volume,0.218,12435,7978,20413,ok_volume,34,257,291,19738,14991,34729,11954,7401,-0.2352,1139,-1587,29,13,26,24,2
1775347068,24,73,-0.444,269,698,967,ok_volume,-0.567,305,1103,1408,ok_volume,0.231,12558,7839,20397,ok_volume,142,9,151,19836,14939,34775,12010,5329,-0.3853,858,-2503,26,10,27,24,3
1775347069,25,74,-0.389,176,400,576,ok_volume,-0.547,305,1042,1347,ok_volume,0.223,12512,7941,20453,ok_volume,1,147,148,19810,15086,34896,12090,5019,-0.4133,373,-75,27,11,26,25,1
1775347070,24,74,0,142,147,289,low_total_volume,-0.517,269,845,1114,ok_volume,0.266,12428,7204,19632,ok_volume,0,5,5,19789,15064,34853,11889,5774,-0.3462,-65,-895,25,11,26,24,2
1775347071,24,74,-0.634,114,509,623,ok_volume,-0.449,290,762,1052,ok_volume,0.217,11470,7381,18851,ok_volume,121,362,483,19750,15426,35176,13043,4441,-0.492,1033,2313,26,11,26,24,2
1775347072,24,75,-0.543,114,385,499,ok_volume,-0.35,256,532,788,ok_volume,0.214,11437,7404,18841,ok_volume,0,23,23,19750,15391,35141,12244,6302,-0.3204,154,1177,27,11,25,24,1
1775347073,23,75,-0.535,166,548,714,ok_volume,-0.614,166,695,861,ok_volume,0.235,11489,7114,18603,ok_volume,52,173,225,19540,15527,35067,12791,4654,-0.4664,902,1868,27,9,25,23,2
1775347074,24,75,0.199,440,294,734,ok_volume,-0.084,554,656,1210,ok_volume,0.246,11168,6752,17920,ok_volume,388,60,448,19876,15339,35215,13707,4156,-0.5347,664,2892,28,10,25,24,1
1775347075,23,75,0.572,1058,288,1346,ok_volume,0.27,1172,673,1845,ok_volume,0.272,11697,6689,18386,ok_volume,625,26,651,20394,15284,35678,13605,4276,-0.5217,1361,2453,26,10,25,23,2
1775347076,22,76,-0.176,1479,2111,3590,ok_volume,-0.212,1531,2357,3888,ok_volume,0.166,11864,8489,20353,ok_volume,473,2046,2519,20849,17314,38163,12534,2743,-0.6409,-257,817,27,5,24,22,2
1775347077,20,76,-0.058,1838,2063,3901,ok_volume,-0.012,2278,2334,4612,ok_volume,0.205,12571,8297,20868,ok_volume,747,0,747,21596,17254,38850,11588,2291,-0.6699,-2119,-366,26,7,24,20,4
1775347078,14,79,-0.294,1287,2360,3647,ok_volume,-0.028,2293,2425,4718,ok_volume,0.138,11338,8582,19920,ok_volume,67,314,381,21663,17267,38930,11809,2618,-0.6371,-1796,-201,30,6,21,14,7
1775347079,5,81,0.428,842,337,1179,ok_volume,-0.108,1933,2400,4333,ok_volume,0.155,11366,8323,19689,ok_volume,28,23,51,21400,17199,38599,11864,2451,-0.6576,-670,-226,32,4,19,5,14
1775347080,12,82,0.158,463,337,800,ok_volume,-0.172,1683,2383,4066,ok_volume,0.162,11466,8267,19733,ok_volume,376,0,376,21400,17182,38582,10526,1314,-0.778,-1062,-1363,29,6,18,12,6
1775347081,16,82,0.556,396,113,509,ok_volume,0.478,1210,427,1637,ok_volume,0.163,11383,8186,19569,ok_volume,17,90,107,20247,16868,37115,12686,2695,-0.6496,877,-357,30,7,18,16,2
1775347082,5,82,-0.161,454,628,1082,ok_volume,-0.275,549,965,1514,ok_volume,0.151,11127,8204,19331,ok_volume,93,538,631,20337,17071,37408,13309,2884,-0.6438,1445,1065,29,4,18,5,13
1775347083,11,85,-0.345,306,628,934,ok_volume,0.038,702,651,1353,ok_volume,0.047,8953,8149,17102,ok_volume,84,0,84,20548,16925,37473,10699,1253,-0.7903,173,-2092,27,5,15,11,4
1775347084,11,87,-0.182,392,567,959,ok_volume,0.073,760,657,1417,ok_volume,0.135,9039,6889,15928,ok_volume,86,29,115,20036,16882,36918,15184,2696,-0.6984,2498,1477,29,8,13,11,2
1775347085,12,87,0.83,313,29,342,ok_volume,-0.099,539,657,1196,ok_volume,0.165,9115,6531,15646,ok_volume,152,0,152,20177,16754,36931,13571,7962,-0.2605,262,-34,27,8,13,12,1
1775347086,12,87,-0.065,408,465,873,ok_volume,-0.168,714,1003,1717,ok_volume,0.116,8803,6967,15770,ok_volume,175,436,611,20345,16556,36901,15549,8686,-0.2832,4850,3015,29,9,13,12,1
1775347087,13,86,-0.207,322,490,812,ok_volume,-0.031,488,519,1007,ok_volume,0.116,8647,6851,15498,ok_volume,0,54,54,20275,15819,36094,16395,8297,-0.328,1211,4807,28,7,14,13,1
1775347088,13,86,-0.754,188,1343,1531,ok_volume,-0.53,421,1372,1793,ok_volume,0.059,8642,7684,16326,ok_volume,19,868,887,20193,15785,35978,16228,7984,-0.3405,2657,4419,29,8,14,13,1
1775347089,13,86,-0.011,888,907,1795,ok_volume,-0.052,1210,1343,2553,ok_volume,-0.05,6918,7652,14570,ok_volume,881,9,890,20817,15456,36273,15677,10160,-0.2135,128,3813,29,9,14,13,1
1775347090,14,85,0.44,2194,853,3047,ok_volume,0.276,2369,1343,3712,ok_volume,0.046,8189,7474,15663,ok_volume,1306,0,1306,21109,14950,36059,14218,24427,0.2642,-2177,3692,28,8,15,14,1
1775347091,15,84,0.601,6554,1634,8188,ok_volume,0.442,6567,2541,9108,ok_volume,0.134,10890,8322,19212,ok_volume,4373,1634,6007,25482,16545,42027,10805,23364,0.3676,-5423,-1881,28,8,16,15,1
1775347092,15,84,0.499,5679,1900,7579,ok_volume,0.409,6567,2753,9320,ok_volume,0.123,10511,8206,18717,ok_volume,0,266,266,25378,15942,41320,11064,23501,0.3598,-4613,-2245,29,9,16,15,1
1775347093,15,84,0.393,4400,1916,6316,ok_volume,0.549,6581,1916,8497,ok_volume,0.12,10468,8222,18690,ok_volume,38,16,54,25266,15958,41224,12628,24443,0.3187,-1590,1929,29,9,16,15,1
1775347094,15,84,-0.02,271,282,553,ok_volume,0.513,5950,1916,7866,ok_volume,0.144,10712,8014,18726,ok_volume,250,0,250,25469,15946,41415,12504,26043,0.3512,1699,-2680,30,9,16,15,1
1775347095,15,84,-0.206,549,834,1383,ok_volume,0.286,4922,2734,7656,ok_volume,0.118,10954,8635,19589,ok_volume,287,823,1110,25270,16757,42027,12069,25354,0.355,1005,-1502,32,9,16,15,1
1775347096,15,84,-0.412,522,1254,1776,ok_volume,-0.473,549,1536,2085,ok_volume,0.115,10861,8626,19487,ok_volume,0,436,436,25192,17030,42222,11966,24619,0.3459,-662,-3583,28,9,16,15,1
1775347097,16,83,-0.197,841,1254,2095,ok_volume,-0.066,1112,1270,2382,ok_volume,0.153,11390,8373,19763,ok_volume,573,0,573,24053,16565,40618,11773,24679,0.3541,-731,-4622,27,10,17,16,1
1775347098,16,83,-0.062,563,637,1200,ok_volume,-0.146,1085,1455,2540,ok_volume,0.135,11248,8574,19822,ok_volume,6,211,217,24040,16637,40677,12494,24783,0.3297,425,-3734,25,10,17,16,1
1775347099,18,80,0.635,2616,584,3200,ok_volume,0.223,2894,1838,4732,ok_volume,0.203,13301,8810,22111,ok_volume,2053,383,2436,26038,16970,43008,10339,28606,0.469,-1627,-5338,28,9,20,18,2
1775347100,19,79,0.444,2053,791,2844,ok_volume,0.361,2616,1227,3843,ok_volume,0.192,13301,9017,22318,ok_volume,0,207,207,25947,16434,42381,10115,28944,0.4821,-1658,-4103,27,9,21,19,2
1775347101,21,78,0.521,2053,647,2700,ok_volume,0.51,2616,848,3464,ok_volume,0.204,13187,8712,21899,ok_volume,0,57,57,24868,16298,41166,10811,28420,0.4489,-1683,6,28,10,22,21,1
1775347102,20,78,-0.798,41,364,405,ok_volume,0.377,2094,948,3042,ok_volume,0.202,13228,8789,22017,ok_volume,49,109,158,24878,16407,41285,10274,27708,0.459,-65,-790,29,11,22,20,2
1775347103,20,78,0,106,188,294,low_total_volume,0.47,2159,778,2937,ok_volume,0.213,13241,8597,21838,ok_volume,65,31,96,24943,15985,40928,10730,27392,0.4371,615,-1898,28,10,22,20,2
1775347104,19,79,-0.569,206,751,957,ok_volume,-0.663,206,1015,1221,ok_volume,0.171,12953,9169,22122,ok_volume,100,620,720,24331,16135,40466,12087,23190,0.3147,1276,-417,29,9,21,19,2
1775347105,19,79,-0.596,165,651,816,ok_volume,-0.594,206,808,1014,ok_volume,0.148,12335,9152,21487,ok_volume,0,0,0,24241,16055,40296,13206,28025,0.3594,2932,1137,30,9,21,19,2
1775347106,19,79,-0.642,143,657,800,ok_volume,-0.52,249,788,1037,ok_volume,0.25,11905,7143,19048,ok_volume,43,37,80,23975,15846,39821,12570,8829,-0.1748,1840,604,29,9,21,19,2
1775347107,19,79,0.655,355,74,429,ok_volume,-0.165,520,725,1245,ok_volume,0.23,11470,7180,18650,ok_volume,200,37,237,24247,15675,39922,12010,8767,-0.1561,-77,237,28,9,21,19,2
1775347108,20,79,0.162,377,272,649,ok_volume,-0.303,477,892,1369,ok_volume,0.236,11425,7064,18489,ok_volume,22,198,220,22962,15836,38798,12865,11686,-0.048,-341,371,30,9,21,20,1
1775347109,20,79,0.09,521,435,956,ok_volume,0.178,676,472,1148,ok_volume,0.235,11696,7241,18937,ok_volume,309,200,509,23268,15741,39009,12304,13090,0.031,-266,1965,29,10,21,20,1
1775347110,20,78,-0.235,321,518,839,ok_volume,0.066,676,592,1268,ok_volume,0.212,11328,7361,18689,ok_volume,19,120,139,23012,15796,38808,13136,13634,0.0186,1126,3021,28,11,22,20,2
1775347111,21,78,0.863,4335,320,4655,ok_volume,0.783,4557,555,5112,ok_volume,0.358,15364,7271,22635,ok_volume,4036,0,4036,26964,15622,42586,10039,13609,0.151,-2826,-772,25,11,22,21,1
1775347112,21,78,0.856,4036,313,4349,ok_volume,0.719,4357,711,5068,ok_volume,0.372,15138,6926,22064,ok_volume,4,114,118,26623,15293,41916,10891,13786,0.1173,-1413,617,31,10,22,21,1
1775347113,21,78,0.89,4036,234,4270,ok_volume,0.773,4335,554,4889,ok_volume,0.367,15058,6967,22025,ok_volume,0,62,62,24225,15300,39525,11197,11031,-0.0075,-1939,467,27,9,22,21,1
1775347114,20,78,0.63,735,167,902,ok_volume,0.855,4771,372,5143,ok_volume,0.386,15707,6956,22663,ok_volume,737,18,755,24962,14028,38990,9721,8066,-0.093,-318,-2366,26,7,22,20,2
1775347115,20,77,0.596,735,186,921,ok_volume,0.853,4771,379,5150,ok_volume,0.374,15560,7083,22643,ok_volume,0,127,127,24891,13797,38688,10206,8528,-0.0896,-685,-3000,28,7,23,20,3
1775347116,21,77,0.279,735,414,1149,ok_volume,0.133,735,563,1298,ok_volume,0.38,15385,6916,22301,ok_volume,4,301,305,24390,14098,38488,10278,4497,-0.3913,-919,-2292,30,9,23,21,2
1775347117,21,77,-1.0,0,432,432,ok_volume,0.199,735,491,1226,ok_volume,0.381,15385,6898,22283,ok_volume,0,36,36,24234,13963,38197,10925,4590,-0.4083,1204,-1085,31,8,23,21,2
1775347118,18,77,-0.965,41,2304,2345,ok_volume,-0.519,776,2449,3225,ok_volume,0.314,15413,8044,23457,ok_volume,41,2000,2041,24257,15943,40200,9907,1880,-0.681,-299,-2958,29,4,23,18,5
1775347119,19,79,-0.894,120,2144,2264,ok_volume,-0.91,120,2540,2660,ok_volume,0.284,14617,8153,22770,ok_volume,91,109,200,21745,16018,37763,10808,5527,-0.3233,530,-1496,29,5,21,19,2
1775347120,20,79,-0.679,470,2459,2929,ok_volume,-0.709,470,2764,3234,ok_volume,0.233,13661,8504,22165,ok_volume,103,364,467,22063,16204,38267,12372,11815,-0.023,1447,-764,26,8,21,20,1
1775347121,20,79,-0.197,429,640,1069,ok_volume,-0.701,470,2675,3145,ok_volume,0.137,9288,7050,16338,ok_volume,1,191,192,20382,15609,35991,14810,13203,-0.0574,4903,4771,28,8,21,20,1
1775347122,18,79,-0.776,100,794,894,ok_volume,-0.721,470,2902,3372,ok_volume,0.137,9288,7047,16335,ok_volume,0,269,269,20003,15478,35481,14939,13317,-0.0574,4131,4048,28,6,21,18,3
1775347123,20,79,-1.0,0,443,443,ok_volume,-0.356,429,903,1332,ok_volume,0.137,9261,7031,16292,ok_volume,4,0,4,19925,15469,35394,14135,17717,0.1125,1763,2938,27,10,21,20,1
1775347124,20,79,-1.0,0,1057,1057,ok_volume,-0.882,100,1588,1688,ok_volume,0.071,9017,7825,16842,ok_volume,0,801,801,19919,16057,35976,13758,15878,0.0715,-1052,4037,28,9,21,20,1
1775347125,20,79,-1.0,0,892,892,ok_volume,-1.0,0,1335,1335,ok_volume,0.103,8739,7105,15844,ok_volume,9,98,107,19892,15958,35850,14144,15821,0.056,-795,3938,29,9,21,20,1
1775347126,19,79,-1.0,0,2151,2151,ok_volume,-1.0,0,2414,2414,ok_volume,0.049,8739,7928,16667,ok_volume,0,1261,1261,19787,16761,36548,13747,15400,0.0567,-388,3469,29,9,21,19,2
1775347127,20,79,-0.975,20,1598,1618,ok_volume,-0.983,20,2392,2412,ok_volume,0.002,8196,8169,16365,ok_volume,22,241,263,19775,16745,36520,14217,15478,0.0425,459,3292,30,9,21,20,1
1775347128,19,79,-0.983,20,2273,2293,ok_volume,-0.987,20,3165,3185,ok_volume,-0.032,8196,8741,16937,ok_volume,0,773,773,19633,17509,37142,12685,14108,0.0531,-1459,2778,28,7,21,19,2
1775347129,20,79,-0.961,20,1014,1034,ok_volume,-0.983,20,2371,2391,ok_volume,-0.153,6143,8358,14501,ok_volume,0,5,5,19632,17367,36999,13275,15608,0.0808,-472,2467,27,9,21,20,1
1775347130,20,79,0.151,1299,959,2258,ok_volume,-0.302,1319,2459,3778,ok_volume,-0.057,7442,8337,15779,ok_volume,1299,150,1449,20931,17548,38479,11673,15213,0.1317,-2544,-699,28,9,21,20,1
1775347131,21,78,0.698,1299,231,1530,ok_volume,0.029,1319,1245,2564,ok_volume,-0.056,7442,8325,15767,ok_volume,0,51,51,20810,17237,38047,13398,15253,0.0647,713,-1412,24,8,22,21,1
1775347132,20,79,-0.246,1299,2145,3444,ok_volume,-0.389,1299,2954,4253,ok_volume,-0.158,7401,10175,17576,ok_volume,0,1950,1950,20810,19164,39974,13326,13856,0.0195,51,-1613,27,7,21,20,1
1775347133,19,80,-0.98,21,2094,2115,ok_volume,-0.267,1320,2280,3600,ok_volume,-0.164,7357,10243,17600,ok_volume,21,104,125,20779,19032,39811,14088,14092,0.0001,2415,-47,28,7,20,19,1
1775347134,18,80,-0.97,33,2184,2217,ok_volume,-0.282,1332,2379,3711,ok_volume,-0.146,7269,9758,17027,ok_volume,16,149,165,20407,19121,39528,14804,14940,0.0046,1406,1046,28,8,20,18,2
1775347135,19,80,0.304,1369,730,2099,ok_volume,-0.331,1369,2725,4094,ok_volume,-0.087,8605,10254,18859,ok_volume,1336,496,1832,21118,19591,40709,15059,14845,-0.0072,1733,915,30,10,20,19,1
1775347136,19,80,0.348,1415,684,2099,ok_volume,-0.311,1436,2733,4169,ok_volume,-0.093,8517,10270,18787,ok_volume,82,53,135,20727,17598,38325,15040,12974,-0.0737,952,1293,28,10,20,19,1
1775347137,18,80,0.425,1486,600,2086,ok_volume,0.291,1519,834,2353,ok_volume,-0.101,8400,10284,18684,ok_volume,43,51,94,20070,17641,37711,14689,13570,-0.0396,-115,472,27,8,20,18,2
1775347138,18,80,0.18,331,230,561,ok_volume,0.322,1679,861,2540,ok_volume,-0.088,8559,10212,18771,ok_volume,181,126,307,20184,17453,37637,15438,13298,-0.0745,379,2753,27,9,20,18,2
1775347139,18,80,-0.221,217,340,557,ok_volume,0.304,1667,889,2556,ok_volume,-0.104,8260,10175,18435,ok_volume,0,167,167,20156,17597,37753,15538,13131,-0.084,498,2263,28,9,20,18,2
1775347140,17,81,-0.52,181,573,754,ok_volume,-0.343,331,677,1008,ok_volume,-0.112,8260,10339,18599,ok_volume,0,285,285,19780,17882,37662,15074,13046,-0.0721,385,3401,30,8,19,17,2
1775347141,18,81,-1.0,0,447,447,ok_volume,-0.484,217,624,841,ok_volume,-0.416,4224,10254,14478,ok_volume,0,0,0,19763,17792,37555,14557,12067,-0.0935,-881,1159,28,8,19,18,1
1775347142,17,82,-0.741,45,303,348,ok_volume,-0.447,226,592,818,ok_volume,-0.408,4269,10165,14434,ok_volume,49,19,68,19578,17273,36851,14981,12144,-0.1046,-557,1655,29,9,18,17,1
1775347143,17,82,0.956,847,19,866,ok_volume,0.29,847,466,1313,ok_volume,-0.333,5071,10124,15195,ok_volume,778,0,778,20296,17273,37569,18165,11154,-0.2391,3091,4077,30,10,18,17,1
1775347144,18,81,0.983,2226,19,2245,ok_volume,0.76,2226,303,2529,ok_volume,-0.278,5715,10106,15821,ok_volume,1380,1,1381,21590,17245,38835,17992,12201,-0.1918,3435,3188,28,9,19,18,1
1775347145,18,81,0.326,2157,1096,3253,ok_volume,0.333,2226,1115,3341,ok_volume,-0.319,5715,11075,16790,ok_volume,0,1096,1096,21438,18348,39786,13386,13126,-0.0098,-1595,-1673,28,9,19,18,1
1775347146,18,81,0.051,1379,1244,2623,ok_volume,0.276,2226,1263,3489,ok_volume,-0.314,5715,10954,16669,ok_volume,0,158,158,21263,18070,39333,19387,12468,-0.2172,1222,4347,29,8,19,18,1
1775347147,18,81,-0.985,10,1364,1374,ok_volume,0.227,2167,1364,3531,ok_volume,-0.317,5725,11038,16763,ok_volume,25,120,145,21288,18136,39424,13887,12848,-0.0389,-4105,-802,27,9,19,18,1
1775347148,16,82,-0.697,105,587,692,ok_volume,-0.063,1484,1683,3167,ok_volume,-0.236,5779,9358,15137,ok_volume,95,319,414,21364,17587,38951,19387,13037,-0.1958,6001,3949,29,8,18,16,2
1775347149,16,81,-0.047,454,499,953,ok_volume,-0.587,454,1743,2197,ok_volume,-0.232,5799,9309,15108,ok_volume,349,63,412,20832,17644,38476,13697,12347,-0.0518,-5690,-1841,28,8,19,16,3
1775347150,15,81,-0.089,493,589,1082,ok_volume,-0.26,503,857,1360,ok_volume,-0.229,5748,9168,14916,ok_volume,60,215,275,19586,17859,37445,19397,12384,-0.2207,5510,4323,30,7,19,15,4
1775347151,16,83,-0.217,408,634,1042,ok_volume,-0.353,513,1073,1586,ok_volume,-0.238,5758,9352,15110,ok_volume,10,364,374,15223,16589,31812,15675,12485,-0.1133,-3712,1118,29,7,17,16,1
1775347152,16,83,-0.512,334,1035,1369,ok_volume,-0.29,778,1414,2192,ok_volume,-0.226,6033,9550,15583,ok_volume,275,461,736,15498,16784,32282,18829,11850,-0.2275,5132,3848,31,7,17,16,1
1775347153,16,83,0.305,1616,860,2476,ok_volume,0.281,2014,1130,3144,ok_volume,-0.131,7364,9585,16949,ok_volume,1337,35,1372,16797,16803,33600,14020,12333,-0.064,-5377,-4145,30,8,17,16,1
1775347154,16,83,0.533,1627,496,2123,ok_volume,0.224,1686,1070,2756,ok_volume,-0.087,7385,8791,16176,ok_volume,21,7,28,16568,16810,33378,20738,12214,-0.2587,5063,2746,31,8,17,16,1
1775347155,16,83,0.948,1696,45,1741,ok_volume,0.39,1981,870,2851,ok_volume,-0.059,7729,8703,16432,ok_volume,349,10,359,16630,15997,32627,20791,11752,-0.2778,1962,7405,32,8,17,16,1
1775347156,16,83,0.503,396,131,527,ok_volume,0.523,2002,627,2629,ok_volume,0.013,7760,7565,15325,ok_volume,42,131,173,16672,15692,32364,15716,12289,-0.1224,1696,-3671,31,10,17,16,1
1775347157,14,83,0.288,1197,662,1859,ok_volume,0.571,2549,697,3246,ok_volume,0.043,8562,7855,16417,ok_volume,822,532,1354,16921,16224,33145,19986,11689,-0.2619,-752,6099,31,7,17,14,3
1775347158,12,84,0.139,942,712,1654,ok_volume,0.288,1307,722,2029,ok_volume,0.096,8651,7142,15793,ok_volume,89,69,158,17004,16082,33086,14503,11055,-0.1349,-6288,-4884,31,6,16,12,4
1775347159,13,84,0.174,982,691,1673,ok_volume,0.246,1357,822,2179,ok_volume,0.095,8722,7206,15928,ok_volume,73,100,173,15024,15799,30823,19300,11979,-0.2341,3584,5603,34,8,16,13,3
1775347160,14,85,-0.085,248,294,542,ok_volume,0.076,1101,946,2047,ok_volume,0.022,7511,7190,14701,ok_volume,88,134,222,15112,15726,30838,18879,10457,-0.2871,-1107,-518,33,5,15,14,1
1775347161,11,85,-0.058,326,366,692,ok_volume,0.128,1237,957,2194,ok_volume,0.027,7678,7277,14955,ok_volume,174,132,306,15286,15801,31087,15122,10676,-0.1723,619,-553,32,7,15,11,4
1775347162,5,87,-0.021,255,266,521,ok_volume,-0.013,415,426,841,ok_volume,0.181,7678,5327,13005,ok_volume,8,0,8,15245,15692,30937,18678,10204,-0.2934,-622,-151,32,4,13,5,8
1775347163,7,90,0.047,1094,996,2090,ok_volume,0.009,1253,1230,2483,ok_volume,0.17,8584,6092,14676,ok_volume,927,864,1791,16107,16525,32632,20145,10251,-0.3255,1266,6125,36,6,10,7,3
1775347164,6,93,-0.162,1101,1526,2627,ok_volume,-0.139,1356,1792,3148,ok_volume,0.138,8746,6619,15365,ok_volume,181,662,843,16188,16567,32755,15454,22197,0.1791,332,-5284,37,6,7,6,1
1775347165,7,91,0.217,2497,1606,4103,ok_volume,0.21,2664,1738,4402,ok_volume,0.173,8806,6203,15009,ok_volume,1396,0,1396,17584,16647,34231,22696,23279,0.0127,4018,1905,35,7,9,7,2
1775347166,7,90,0.329,1570,793,2363,ok_volume,0.202,2497,1657,4154,ok_volume,0.167,8692,6201,14893,ok_volume,0,51,51,17429,16661,34090,20601,15557,-0.1395,456,4885,34,7,10,7,3
1775347167,7,90,0.889,1478,87,1565,ok_volume,0.207,2579,1693,4272,ok_volume,0.171,8738,6186,14924,ok_volume,84,45,129,17313,16669,33982,21036,15545,-0.1501,5582,1050,33,6,10,7,3
1775347168,8,90,-0.438,115,294,409,ok_volume,0.239,1685,1036,2721,ok_volume,0.156,8590,6267,14857,ok_volume,33,207,240,17324,16678,34002,20960,16258,-0.1263,-1736,6457,31,7,10,8,2
1775347169,8,90,-0.102,198,243,441,ok_volume,0.689,1594,294,1888,ok_volume,0.174,8673,6104,14777,ok_volume,88,0,88,17103,16478,33581,16709,18314,0.0458,-3892,-2591,29,6,10,8,2
1775347170,9,90,0.525,757,236,993,ok_volume,0.444,839,323,1162,ok_volume,0.229,9314,5849,15163,ok_volume,649,34,683,17733,16392,34125,21836,21913,0.0018,800,2957,31,8,10,9,1
1775347171,10,89,0.796,2360,268,2628,ok_volume,0.658,2475,511,2986,ok_volume,0.285,10950,6088,17038,ok_volume,1636,239,1875,15333,16546,31879,12801,19883,0.2167,-8159,-2321,31,8,11,10,1
1775347172,10,89,0.648,2382,509,2891,ok_volume,0.554,2498,716,3214,ok_volume,0.27,10986,6310,17296,ok_volume,113,243,356,15442,16675,32117,14162,17501,0.1055,-2547,-4516,30,8,11,10,1
1775347173,11,88,0.543,1774,525,2299,ok_volume,0.637,2498,554,3052,ok_volume,0.234,10241,6355,16596,ok_volume,33,45,78,15475,16658,32133,18726,19773,0.0272,-3110,-1419,33,9,12,11,1
1775347174,11,88,-0.542,138,465,603,ok_volume,0.534,2415,733,3148,ok_volume,0.151,8862,6534,15396,ok_volume,0,179,179,14738,16819,31557,13635,19733,0.1827,834,-1819,31,9,12,11,1
1775347175,11,88,-0.31,128,243,371,ok_volume,0.442,1869,723,2592,ok_volume,0.243,8957,5457,14414,ok_volume,104,20,124,14842,16712,31554,19068,19553,0.0126,4906,-3628,31,9,12,11,1
1775347176,11,88,0.137,261,198,459,ok_volume,-0.096,399,484,883,ok_volume,0.264,9123,5309,14432,ok_volume,166,0,166,15004,16411,31415,14081,19193,0.1536,-4645,-6520,31,9,12,11,1
1775347177,11,88,0.881,300,19,319,ok_volume,0.156,333,243,576,ok_volume,0.276,9152,5189,14341,ok_volume,49,0,49,15053,16375,31428,19389,17055,-0.064,5754,-1647,31,8,12,11,1
1775347178,11,88,0,205,54,259,low_total_volume,0.087,300,252,552,ok_volume,0.296,9057,4924,13981,ok_volume,0,54,54,15012,14429,29441,14774,17594,0.0871,-4294,-6186,31,9,12,11,1
1775347179,11,88,0,187,73,260,low_total_volume,0.659,448,92,540,ok_volume,0.289,8856,4883,13739,ok_volume,148,24,172,14826,14344,29170,20120,17026,-0.0833,6039,3411,32,10,12,11,1
1775347180,10,87,0.52,842,266,1108,ok_volume,0.595,1047,266,1313,ok_volume,0.323,9501,4866,14367,ok_volume,708,202,910,15431,14182,29613,12435,17837,0.1784,-6954,-9401,26,9,13,10,3
1775347181,13,86,0.582,1477,390,1867,ok_volume,0.547,1516,444,1960,ok_volume,0.368,10126,4680,14806,ok_volume,636,186,822,16066,14177,30243,16123,17682,0.0461,1349,3322,30,10,14,13,1
1775347182,11,86,0.004,1329,1319,2648,ok_volume,0.03,1477,1392,2869,ok_volume,0.312,9851,5167,15018,ok_volume,0,960,960,16066,14868,30934,13172,17282,0.135,-6948,-990,29,8,14,11,3
1775347183,13,86,-0.279,635,1126,1761,ok_volume,0.049,1477,1338,2815,ok_volume,0.248,8520,5132,13652,ok_volume,7,0,7,16069,14868,30937,18850,18160,-0.0186,6415,124,30,9,14,13,1
1775347184,13,86,-1.0,0,1285,1285,ok_volume,-0.11,1329,1656,2985,ok_volume,0.217,8499,5469,13968,ok_volume,6,337,343,16075,14404,30479,13678,17969,0.1356,-2445,43,29,9,14,13,1
1775347185,13,86,-0.942,13,437,450,ok_volume,-0.414,648,1563,2211,ok_volume,0.19,8168,5559,13727,ok_volume,19,100,119,16085,14406,30491,19139,18529,-0.0162,5967,71,30,8,14,13,1
1775347186,13,86,-0.194,308,456,764,ok_volume,-0.64,308,1404,1712,ok_volume,0.214,8432,5457,13889,ok_volume,295,21,316,16380,13166,29546,13378,18736,0.1668,-5472,-703,30,10,14,13,1
1775347187,13,85,-0.176,319,455,774,ok_volume,-0.426,319,792,1111,ok_volume,0.183,7621,5262,12883,ok_volume,19,354,373,16377,13279,29656,13303,18732,0.1695,-375,-6086,29,10,15,13,2
1775347188,12,84,-0.385,577,1300,1877,ok_volume,-0.493,590,1737,2327,ok_volume,0.119,7803,6147,13950,ok_volume,271,952,1223,16648,13458,30106,17876,18778,0.0246,-1263,3102,29,8,16,12,4
1775347189,13,85,-0.644,282,1304,1586,ok_volume,-0.414,590,1423,2013,ok_volume,0.12,7732,6070,13802,ok_volume,0,32,32,16648,13449,30097,18850,17383,-0.0405,5472,-1270,30,8,15,13,2
1775347190,15,83,-0.301,920,1711,2631,ok_volume,-0.255,1226,2066,3292,ok_volume,0.108,8293,6679,14972,ok_volume,649,762,1411,15998,14061,30059,12867,7152,-0.2855,-436,432,28,10,17,15,2
1775347191,15,83,-0.083,649,766,1415,ok_volume,-0.375,931,2047,2978,ok_volume,0.108,8126,6547,14673,ok_volume,6,0,6,16004,14010,30014,13139,7561,-0.2695,-4737,-2984,28,10,17,15,2
1775347192,15,83,-0.151,649,880,1529,ok_volume,-0.335,920,1848,2768,ok_volume,0.097,8126,6684,14810,ok_volume,0,142,142,16004,12202,28206,13712,6606,-0.3497,-5138,540,29,10,17,15,2
1775347193,15,83,-1.0,0,610,610,ok_volume,-0.359,649,1376,2025,ok_volume,0.067,7199,6293,13492,ok_volume,0,491,491,15983,12589,28572,19027,6939,-0.4655,6160,177,30,9,17,15,2
1775347194,15,83,-0.934,22,643,665,ok_volume,-0.348,671,1386,2057,ok_volume,0.116,7047,5584,12631,ok_volume,22,36,58,15989,12476,28465,12258,6669,-0.2953,-881,-1420,28,10,17,15,2
1775347195,15,84,-0.681,234,1234,1468,ok_volume,-0.708,234,1371,1605,ok_volume,-0.037,5863,6312,12175,ok_volume,220,728,948,14873,12708,27581,18898,7188,-0.4489,5186,-241,31,10,16,15,1
1775347196,15,84,-0.543,286,967,1253,ok_volume,-0.693,286,1577,1863,ok_volume,-0.045,5915,6467,12382,ok_volume,64,206,270,14808,12861,27669,13509,9259,-0.1867,-5518,131,30,9,16,15,1
1775347197,15,83,-0.583,288,1094,1382,ok_volume,-0.675,310,1600,1910,ok_volume,-0.059,5857,6591,12448,ok_volume,42,170,212,14807,12980,27787,18827,9159,-0.3455,6569,5524,30,9,17,15,2
1775347198,15,84,-0.172,371,525,896,ok_volume,-0.36,605,1286,1891,ok_volume,-0.033,6119,6543,12662,ok_volume,297,109,406,14923,13018,27941,12331,9115,-0.15,-6567,-5545,29,9,16,15,1
1775347199,15,83,0.215,891,576,1467,ok_volume,-0.133,1155,1510,2665,ok_volume,-0.014,6608,6800,13408,ok_volume,577,263,840,15500,13114,28614,12855,9021,-0.1753,-654,-5995,28,9,17,15,2
1775347200,16,82,0.383,3314,1478,4792,ok_volume,0.282,3390,1899,5289,ok_volume,0.032,8414,7888,16302,ok_volume,2449,1126,3575,17949,13955,31904,15137,9061,-0.2511,-3690,2270,31,11,18,16,2
1775347201,16,83,0.36,3176,1494,4670,ok_volume,0.317,3495,1813,5308,ok_volume,-0.057,6935,7769,14704,ok_volume,134,116,250,18106,14090,32196,10473,8646,-0.0956,-1858,-2666,29,10,17,16,1
1775347202,16,82,0.244,2701,1641,4342,ok_volume,0.281,3568,2002,5570,ok_volume,-0.068,6927,7932,14859,ok_volume,107,404,511,18140,14475,32615,15024,7862,-0.3129,2169,1312,29,9,18,16,2
1775347203,16,82,-0.435,231,586,817,ok_volume,0.246,3273,1979,5252,ok_volume,-0.072,6894,7968,14862,ok_volume,1,85,86,17363,14560,31923,15178,7472,-0.3402,41,-3849,29,9,18,16,2
1775347204,16,82,-0.704,97,558,655,ok_volume,0.202,2701,1795,4496,ok_volume,-0.066,6894,7862,14756,ok_volume,5,73,78,15988,14625,30613,12447,7234,-0.2649,1974,189,28,9,18,16,2
1775347205,15,82,-1.0,0,481,481,ok_volume,-0.62,231,986,1217,ok_volume,-0.092,6799,8170,14969,ok_volume,0,327,327,15988,13856,29844,17243,7250,-0.408,2219,-1655,29,8,18,15,3
1775347206,16,83,-1.0,0,400,400,ok_volume,-0.802,97,885,982,ok_volume,-0.104,6633,8170,14803,ok_volume,0,0,0,15988,13698,29686,12476,8016,-0.2176,-2702,-1033,28,9,17,16,1
1775347207,15,83,-0.846,39,468,507,ok_volume,-0.882,39,622,661,ok_volume,-0.112,6633,8311,14944,ok_volume,39,141,180,16002,13719,29721,17435,7708,-0.3869,4988,-1392,29,7,17,15,2
1775347208,16,83,-0.753,292,2071,2363,ok_volume,-0.789,292,2471,2763,ok_volume,-0.193,6886,10187,17073,ok_volume,273,1930,2203,16180,15327,31507,17202,5635,-0.5065,-41,4871,29,7,17,16,1
1775347209,15,84,-0.679,423,2210,2633,ok_volume,-0.714,423,2537,2960,ok_volume,-0.2,6869,10307,17176,ok_volume,131,139,270,15962,15403,31365,12304,7752,-0.227,-172,-551,31,8,16,15,1
1775347210,15,84,-0.702,384,2197,2581,ok_volume,-0.694,423,2338,2761,ok_volume,-0.248,6175,10242,16417,ok_volume,0,94,94,15902,15316,31218,17575,11234,-0.2201,140,2438,31,7,16,15,1
1775347211,15,83,0.371,1322,606,1928,ok_volume,-0.248,1614,2677,4291,ok_volume,-0.214,6731,10403,17134,ok_volume,1191,339,1530,17083,15291,32374,12076,11200,-0.0376,-5126,1603,28,9,17,15,2
1775347212,15,84,0.292,1201,658,1859,ok_volume,-0.271,1585,2761,4346,ok_volume,-0.179,6741,9680,16421,ok_volume,10,228,238,16818,15058,31876,15864,11966,-0.1401,3560,840,28,10,16,15,1
1775347213,15,84,0.361,1201,564,1765,ok_volume,0.232,1332,831,2163,ok_volume,-0.179,6741,9680,16421,ok_volume,5,0,5,15486,15023,30509,10634,10096,-0.026,-6941,-4544,28,8,16,15,1
1775347214,14,84,-0.799,57,511,568,ok_volume,0.139,1248,944,2192,ok_volume,-0.173,6788,9629,16417,ok_volume,47,254,301,15512,15303,30815,25479,11550,-0.3762,13403,13032,29,10,16,14,2
1775347215,14,84,-0.882,47,753,800,ok_volume,-0.027,1248,1317,2565,ok_volume,-0.192,6775,9996,16771,ok_volume,0,467,467,15163,15760,30923,18484,10257,-0.2862,2620,1241,27,9,16,14,2
1775347216,13,84,-0.305,636,1193,1829,ok_volume,-0.384,646,1450,2096,ok_volume,-0.193,7069,10449,17518,ok_volume,589,472,1061,15710,16101,31811,23843,11155,-0.3625,13209,11367,29,8,16,13,3
1775347217,14,84,0.061,1062,939,2001,ok_volume,-0.05,1109,1225,2334,ok_volume,-0.146,7531,10113,17644,ok_volume,473,0,473,15361,15569,30930,19653,12830,-0.21,-5826,2218,29,8,16,14,2
1775347218,14,84,0.362,1290,604,1894,ok_volume,0.005,1337,1325,2662,ok_volume,-0.108,7488,9300,16788,ok_volume,233,132,365,15505,15632,31137,25016,14628,-0.262,6532,7814,31,9,16,14,2
1775347219,14,84,0.818,1318,132,1450,ok_volume,0.281,1907,1071,2978,ok_volume,-0.067,8105,9277,17382,ok_volume,622,0,622,16054,15532,31586,18675,12203,-0.2096,-5168,6371,27,8,16,14,2
1775347220,15,84,0.689,928,171,1099,ok_volume,0.512,1990,643,2633,ok_volume,-0.064,7539,8573,16112,ok_volume,94,39,133,16060,15437,31497,24633,16265,-0.2046,4980,7058,29,9,16,15,1
1775347221,16,83,0.982,9246,83,9329,ok_volume,0.958,9947,215,10162,ok_volume,0.302,16085,8617,24702,ok_volume,8554,44,8598,24440,15349,39789,11502,15439,0.1461,-13514,-574,27,11,17,16,1
1775347222,16,83,0.962,8629,165,8794,ok_volume,0.939,9474,297,9771,ok_volume,0.305,16085,8562,24647,ok_volume,0,82,82,24432,15431,39863,17368,16264,-0.0328,-1307,1504,28,10,17,16,1
1775347223,16,83,0.841,8546,738,9284,ok_volume,0.845,9246,777,10023,ok_volume,0.298,16085,8701,24786,ok_volume,0,612,612,23505,15179,38684,17730,15169,-0.0778,-6903,7096,29,10,17,16,1
1775347224,16,83,-0.61,277,1145,1422,ok_volume,0.758,8906,1228,10134,ok_volume,0.284,16340,9119,25459,ok_volume,277,458,735,23601,14895,38496,12107,15328,0.1174,605,-13372,28,9,17,16,1
1775347225,16,83,-0.372,547,1194,1741,ok_volume,0.746,9093,1320,10413,ok_volume,0.316,16398,8522,24920,ok_volume,275,119,394,22480,15053,37533,12648,14796,0.0783,-4720,-5836,27,8,17,16,1
1775347226,16,83,-0.16,573,792,1365,ok_volume,-0.443,573,1486,2059,ok_volume,0.315,16372,8526,24898,ok_volume,26,212,238,22506,15214,37720,18682,15978,-0.078,952,-5161,28,9,17,16,1
1775347227,15,83,-0.205,396,600,996,ok_volume,-0.433,673,1702,2375,ok_volume,0.313,16448,8609,25057,ok_volume,108,285,393,22530,15474,38004,12870,13673,0.0303,763,-6783,27,7,17,15,2
1775347228,16,83,0.432,1643,651,2294,ok_volume,0.28,2190,1233,3423,ok_volume,0.343,17670,8648,26318,ok_volume,1524,143,1667,24021,15410,39431,17257,22190,0.1251,4609,-7759,28,9,17,16,1
1775347229,15,82,0.435,1617,636,2253,ok_volume,0.333,1913,958,2871,ok_volume,0.33,17098,8606,25704,ok_volume,0,215,215,23933,15625,39558,13130,24085,0.2944,-5552,-5545,30,8,18,15,3
1775347230,16,83,0.399,1517,652,2169,ok_volume,0.172,1643,1160,2803,ok_volume,0.307,14628,7764,22392,ok_volume,0,303,303,23284,15894,39178,17461,28902,0.2468,4591,-7172,30,10,17,16,1
1775347231,16,83,-0.676,110,569,679,ok_volume,0.271,1727,990,2717,ok_volume,0.308,14604,7723,22327,ok_volume,111,60,171,21759,15715,37474,12153,28629,0.404,-5104,651,27,9,17,16,1
1775347232,16,83,-0.304,189,354,543,ok_volume,0.411,1706,712,2418,ok_volume,0.332,14586,7319,21905,ok_volume,89,0,89,21735,15472,37207,17530,29487,0.2543,4400,162,28,8,17,16,1
1775347233,16,82,0.749,1191,171,1362,ok_volume,0.273,1191,680,1871,ok_volume,0.359,15588,7349,22937,ok_volume,1002,131,1133,22704,15558,38262,11372,33901,0.4976,-6089,-6358,26,9,18,16,2
1775347234,17,82,0.674,2103,409,2512,ok_volume,0.487,2213,763,2976,ok_volume,0.374,16610,7574,24184,ok_volume,1027,305,1332,23731,15684,39415,15420,33534,0.37,3267,3313,27,9,18,17,1
1775347235,17,81,0.462,2459,904,3363,ok_volume,0.466,2648,964,3612,ok_volume,0.375,17045,7742,24787,ok_volume,435,500,935,24062,16164,40226,15964,32316,0.3387,-1566,3316,25,10,19,17,2
1775347236,17,79,0.52,2514,793,3307,ok_volume,0.598,3595,904,4499,ok_volume,0.401,18102,7742,25844,ok_volume,1057,0,1057,24953,16164,41117,15352,32278,0.3554,3980,-3330,28,9,21,17,4
1775347237,19,79,0.479,1492,526,2018,ok_volume,0.58,3516,935,4451,ok_volume,0.406,18063,7632,25695,ok_volume,0,31,31,24904,16195,41099,15938,33509,0.3554,518,3068,29,11,21,19,2
1775347238,19,79,0.76,1057,144,1201,ok_volume,0.457,2514,937,3451,ok_volume,0.508,17810,5815,23625,ok_volume,0,113,113,24897,16254,41151,10226,35464,0.5524,-5738,-7031,27,11,21,19,2
1775347239,21,77,0,0,263,263,low_total_volume,0.326,1492,758,2250,ok_volume,0.508,17679,5761,23440,ok_volume,0,119,119,24749,16349,41098,9429,37770,0.6005,-5923,-3701,25,14,23,21,2
1775347240,22,76,-1.0,0,326,326,ok_volume,0.495,1057,357,1414,ok_volume,0.508,17679,5761,23440,ok_volume,0,94,94,24041,16241,40282,9408,36040,0.586,-6530,-8053,26,13,24,22,2
1775347241,23,74,-1.0,0,4631,4631,ok_volume,-1.0,0,4775,4775,ok_volume,0.253,16488,9840,26328,ok_volume,0,4425,4425,23405,20480,43885,14006,35711,0.4366,3780,1853,27,15,26,23,3
1775347242,24,74,-1.0,0,4512,4512,ok_volume,-1.0,0,4744,4744,ok_volume,0.263,16478,9615,26093,ok_volume,0,0,0,23405,19520,42925,14230,35589,0.4287,4801,-3300,28,14,26,24,2
1775347243,25,74,-1.0,0,4430,4430,ok_volume,-1.0,0,4643,4643,ok_volume,0.264,16478,9595,26073,ok_volume,1,12,13,23399,19532,42931,8904,41163,0.6443,-504,-2468,27,15,26,25,1
1775347244,25,73,0,31,12,43,low_activity,-0.986,31,4524,4555,ok_volume,0.276,16462,9341,25803,ok_volume,35,5,40,23428,19200,42628,15024,41178,0.4654,1018,-396,31,18,27,25,2
1775347245,26,72,0,47,25,72,low_activity,-0.979,47,4443,4490,ok_volume,0.299,16478,8887,25365,ok_volume,16,13,29,23425,19113,42538,14769,34214,0.397,539,-1195,28,16,28,26,2
1775347246,26,71,0.407,467,197,664,ok_volume,0.382,467,209,676,ok_volume,0.31,16309,8599,24908,ok_volume,420,197,617,23550,19289,42839,9437,38314,0.6047,533,-5915,26,18,29,26,3
1775347247,27,70,0.378,436,197,633,ok_volume,0.382,467,209,676,ok_volume,0.296,15836,8599,24435,ok_volume,6,0,6,23537,18935,42472,15182,35797,0.4044,158,-756,28,15,30,27,3
1775347248,27,72,0.019,420,404,824,ok_volume,0.057,467,417,884,ok_volume,0.285,15608,8687,24295,ok_volume,0,227,227,23272,18210,41482,8700,37265,0.6215,-6069,-1526,26,15,28,27,1
1775347249,27,70,-0.603,76,307,383,ok_volume,0.008,512,504,1016,ok_volume,0.264,15067,8774,23841,ok_volume,85,106,191,23357,18284,41641,14823,36004,0.4167,5386,5394,28,16,30,27,3
1775347250,27,72,-0.715,124,747,871,ok_volume,-0.262,544,931,1475,ok_volume,0.242,15032,9175,24207,ok_volume,48,440,488,22756,17962,40718,10335,38454,0.5763,-4847,927,29,18,28,27,1
1775347251,27,71,-0.198,493,737,1230,ok_volume,-0.32,493,957,1450,ok_volume,-0.153,6855,9341,16196,ok_volume,379,217,596,23129,18179,41308,9435,35965,0.5844,735,-4571,27,17,29,27,2
1775347252,27,70,-0.016,629,650,1279,ok_volume,-0.152,705,957,1662,ok_volume,-0.134,7067,9259,16326,ok_volume,218,0,218,23347,18037,41384,13879,33212,0.4105,-944,-351,25,17,30,27,3
1775347253,27,71,0.402,600,256,856,ok_volume,-0.039,724,783,1507,ok_volume,-0.102,7086,8693,15779,ok_volume,19,57,76,23366,17603,40969,14288,16189,0.0624,3953,5384,29,17,29,27,2
1775347254,26,71,0.287,408,226,634,ok_volume,-0.03,825,876,1701,ok_volume,-0.091,6986,8383,15369,ok_volume,178,186,364,23522,17753,41275,10246,15119,0.1921,811,-4778,27,15,29,26,3
1775347255,28,71,-0.274,252,442,694,ok_volume,0.122,833,652,1485,ok_volume,-0.114,6772,8507,15279,ok_volume,64,216,280,23366,17241,40607,16454,15500,-0.0299,2575,1685,29,16,29,28,1
1775347256,27,71,0.323,774,396,1170,ok_volume,0.389,1005,442,1447,ok_volume,-0.064,7287,8277,15564,ok_volume,548,16,564,23850,17052,40902,9420,15103,0.2317,-4868,-17,26,17,29,27,2
1775347257,25,73,-0.777,757,6042,6799,ok_volume,-0.736,953,6268,7221,ok_volume,-0.306,7347,13825,21172,ok_volume,0,5755,5755,23968,22654,46622,10582,11550,0.0437,336,-4600,28,12,27,25,2
1775347258,26,73,-0.76,793,5826,6619,ok_volume,-0.717,1026,6222,7248,ok_volume,-0.396,5922,13682,19604,ok_volume,94,0,94,23765,22545,46310,16892,12077,-0.1662,438,8192,28,14,27,26,1
1775347259,24,74,-0.798,648,5764,6412,ok_volume,-0.623,1405,6052,7457,ok_volume,-0.351,6478,13477,19955,ok_volume,556,10,566,23744,22292,46036,11916,7924,-0.2012,2496,-2907,26,8,26,24,2
1775347260,24,75,0.498,701,235,936,ok_volume,-0.624,1402,6061,7463,ok_volume,-0.345,6531,13408,19939,ok_volume,81,244,325,21353,21391,42744,16548,14426,-0.0685,5966,6213,26,12,25,24,1
1775347261,24,75,0.318,628,325,953,ok_volume,-0.788,720,6079,6799,ok_volume,-0.352,6440,13438,19878,ok_volume,23,98,121,21248,21373,42621,12325,14869,0.0936,-4567,2890,25,13,25,24,1
1775347262,24,75,-0.458,127,342,469,ok_volume,0.375,775,352,1127,ok_volume,-0.355,6416,13465,19881,ok_volume,55,28,83,21196,20997,42193,19710,15021,-0.135,7794,5831,29,12,25,24,1
1775347263,24,74,0.409,477,200,677,ok_volume,0.428,1086,435,1521,ok_volume,-0.396,5817,13437,19254,ok_volume,412,63,475,21607,21020,42627,14231,15790,0.0519,-2317,-57,28,12,26,24,2
1775347264,19,74,-0.641,492,2247,2739,ok_volume,-0.639,564,2562,3126,ok_volume,-0.52,4829,15276,20105,ok_volume,34,2139,2173,21636,23086,44722,20215,15277,-0.1391,7890,9969,29,9,26,19,7
1775347265,23,76,-0.622,512,2200,2712,ok_volume,-0.602,586,2362,2948,ok_volume,-0.536,4469,14806,19275,ok_volume,75,25,100,21711,22784,44495,12906,13207,0.0115,-6804,-3548,28,10,24,23,1
1775347266,23,76,-0.757,302,2188,2490,ok_volume,-0.503,760,2298,3058,ok_volume,-0.609,3605,14832,18437,ok_volume,32,26,58,21921,22810,44731,18601,14331,-0.1297,4370,9181,29,11,24,23,1
1775347267,23,76,-0.395,412,950,1362,ok_volume,-0.573,849,3125,3974,ok_volume,-0.614,3749,15700,19449,ok_volume,144,819,963,22026,23572,45598,15754,17195,0.0437,-4461,5172,30,13,24,23,1
1775347268,23,76,-0.592,249,973,1222,ok_volume,-0.708,536,3135,3671,ok_volume,-0.606,3839,15635,19474,ok_volume,90,48,138,21843,21690,43533,21168,17447,-0.0964,8262,4276,32,15,24,23,1
1775347269,23,76,-0.401,778,1820,2598,ok_volume,-0.303,1046,1955,3001,ok_volume,-0.58,4383,16473,20856,ok_volume,545,963,1508,22257,22480,44737,15415,17163,0.0537,-3186,3499,29,14,24,23,1
1775347270,23,75,-0.099,833,1017,1850,ok_volume,-0.324,992,1942,2934,ok_volume,-0.563,4582,16391,20973,ok_volume,205,12,217,22462,22398,44860,20846,17189,-0.0961,5092,4298,30,14,25,23,2
1775347271,22,77,-0.143,762,1017,1779,ok_volume,-0.307,996,1880,2876,ok_volume,-0.446,4601,12021,16622,ok_volume,19,48,67,21290,22107,43397,17696,19077,0.0376,-3472,5371,31,15,23,22,1
1775347272,22,77,0.309,218,115,333,ok_volume,-0.136,852,1120,1972,ok_volume,-0.448,4601,12076,16677,ok_volume,1,67,68,21281,21946,43227,16978,19060,0.0578,1563,-2732,31,13,23,22,1
1775347273,22,77,0.198,447,299,746,ok_volume,-0.032,1190,1268,2458,ok_volume,-0.418,5029,12260,17289,ok_volume,428,196,624,21704,22109,43813,20230,19201,-0.0261,-616,5999,30,12,23,22,1
1775347274,22,77,0.153,487,358,845,ok_volume,0.256,705,418,1123,ok_volume,-0.42,5057,12367,17424,ok_volume,67,66,133,21724,21963,43687,14662,19654,0.1455,-3034,-5553,29,12,23,22,1
1775347275,22,77,-0.144,528,705,1233,ok_volume,-0.193,547,808,1355,ok_volume,-0.43,5082,12756,17838,ok_volume,41,402,443,21765,21898,43663,14352,13771,-0.0207,-2626,1446,30,12,23,22,1
1775347276,23,76,-0.594,327,1284,1611,ok_volume,-0.352,755,1577,2332,ok_volume,-0.465,4889,13389,18278,ok_volume,227,817,1044,21403,22243,43646,12587,13344,0.0292,-7643,-6014,30,13,24,23,1
1775347277,23,75,-0.167,1529,2144,3673,ok_volume,-0.097,2016,2447,4463,ok_volume,-0.399,6150,14314,20464,ok_volume,1261,925,2186,22191,23168,45359,11007,13941,0.1176,-3655,-4747,29,12,25,23,2
1775347278,22,75,-0.139,1548,2048,3596,ok_volume,-0.208,1648,2515,4163,ok_volume,-0.397,6210,14400,20610,ok_volume,65,326,391,22023,23362,45385,12062,14088,0.0775,-2290,-9106,28,12,25,22,3
1775347279,23,75,-0.367,1541,3326,4867,ok_volume,-0.431,1809,4545,6354,ok_volume,-0.442,6354,16408,22762,ok_volume,220,2095,2315,21621,25457,47078,14891,12558,-0.085,2304,-524,30,13,25,23,2
1775347280,22,75,-0.875,297,4439,4736,ok_volume,-0.552,1785,6181,7966,ok_volume,-0.48,6323,18006,24329,ok_volume,23,2050,2073,21550,27468,49018,15368,13884,-0.0507,4361,-5478,30,13,25,22,3
1775347281,22,76,-0.541,1319,4428,5747,ok_volume,-0.364,2640,5659,8299,ok_volume,-0.44,7036,18091,25127,ok_volume,1082,295,1377,14078,27719,41797,12160,11882,-0.0116,98,-5536,31,11,24,22,2
1775347282,23,75,-0.482,1137,3254,4391,ok_volume,-0.599,1417,5655,7072,ok_volume,-0.47,6862,19012,25874,ok_volume,38,926,964,14116,28563,42679,11394,17431,0.2094,-3497,-5584,30,13,25,23,2
1775347283,22,75,-0.043,1158,1262,2420,ok_volume,-0.589,1395,5395,6790,ok_volume,-0.469,6881,19012,25893,ok_volume,38,48,86,14154,27999,42153,11851,22828,0.3165,-3517,-8379,28,13,25,22,3
1775347284,24,74,-0.864,76,1038,1114,ok_volume,-0.483,1175,3371,4546,ok_volume,-0.476,6704,18903,25607,ok_volume,12,74,86,13889,27576,41465,12317,22621,0.2949,157,-2345,27,14,26,24,2
1775347285,25,74,-0.125,137,176,313,ok_volume,-0.051,1257,1392,2649,ok_volume,-0.471,6747,18746,25493,ok_volume,83,65,148,13715,27522,41237,12759,22953,0.2855,1365,-1593,27,14,26,25,1
1775347286,25,73,0.617,549,130,679,ok_volume,-0.274,625,1097,1722,ok_volume,-0.484,6496,18674,25170,ok_volume,455,0,455,14144,27290,41434,11714,23607,0.3367,-137,-873,28,15,27,25,2
1775347287,26,72,0.951,2878,72,2950,ok_volume,0.879,2934,189,3123,ok_volume,-0.188,8843,12933,21776,ok_volume,2349,19,2368,16385,27024,43409,10467,24401,0.3996,-1850,-540,30,17,28,26,2
1775347288,27,71,0.991,2797,13,2810,ok_volume,0.906,2896,143,3039,ok_volume,-0.193,8751,12933,21684,ok_volume,0,2,2,14861,26884,41745,10343,23498,0.3887,-2416,-1719,28,17,29,27,2
1775347289,27,71,0.754,2376,333,2709,ok_volume,0.762,2907,392,3299,ok_volume,-0.234,8224,13243,21467,ok_volume,36,333,369,14897,27002,41899,10102,22645,0.383,-1612,-4789,29,16,29,27,2
1775347290,26,70,-0.853,29,366,395,ok_volume,0.763,2826,379,3205,ok_volume,-0.23,8171,13064,21235,ok_volume,0,52,52,14897,26755,41652,10996,18845,0.263,529,-4372,29,13,30,26,4
1775347291,27,72,-0.867,29,408,437,ok_volume,0.699,2376,421,2797,ok_volume,-0.23,8152,13016,21168,ok_volume,0,43,43,14786,26738,41524,10094,18376,0.2909,-249,-2066,28,14,28,27,1
1775347292,27,72,0,10,281,291,low_total_volume,-0.878,39,601,640,ok_volume,-0.237,8107,13137,21244,ok_volume,16,193,209,14713,26931,41644,9681,18112,0.3033,-421,-1713,26,12,28,27,1
1775347293,28,69,-0.047,650,714,1364,ok_volume,-0.228,679,1080,1759,ok_volume,-0.239,8344,13578,21922,ok_volume,0,486,486,14351,27286,41637,10827,17953,0.2476,-169,-1024,29,15,31,28,3
1775347294,30,68,0.005,679,672,1351,ok_volume,-0.056,679,760,1439,ok_volume,-0.157,8339,11441,19780,ok_volume,36,18,54,13360,26999,40359,10110,18142,0.2843,16,-2207,27,16,32,30,2
1775347295,29,68,-0.881,71,1119,1190,ok_volume,-0.305,721,1354,2075,ok_volume,-0.195,8128,12056,20184,ok_volume,42,641,683,12967,27140,40107,10601,17700,0.2508,920,-2158,28,14,32,29,3
1775347296,30,68,-0.773,85,663,748,ok_volume,-0.29,735,1335,2070,ok_volume,-0.191,8127,11969,20096,ok_volume,14,36,50,11924,27176,39100,10615,12085,0.0648,-212,-1099,29,15,32,30,2
1775347297,29,67,-0.738,100,663,763,ok_volume,-0.797,129,1142,1271,ok_volume,-0.163,8027,11154,19181,ok_volume,44,0,44,11968,27145,39113,11014,12107,0.0473,904,547,28,14,33,29,4
1775347298,30,68,-0.902,58,1120,1178,ok_volume,-0.863,129,1760,1889,ok_volume,-0.212,7937,12203,20140,ok_volume,5,1106,1111,11973,28138,40111,10541,11541,0.0453,-60,198,28,15,32,30,2
1775347299,29,68,-0.931,44,1238,1282,ok_volume,-0.9,100,1901,2001,ok_volume,-0.213,7393,11387,18780,ok_volume,0,150,150,11973,28169,40142,11974,12528,0.0226,1359,1872,29,14,32,29,3
1775347300,31,67,-0.094,1025,1238,2263,ok_volume,-0.076,1083,1261,2344,ok_volume,-0.161,8219,11375,19594,ok_volume,1030,0,1030,13003,28075,41078,10817,11187,0.0168,-197,-179,27,15,33,31,2
1775347301,30,67,0.669,1025,203,1228,ok_volume,-0.098,1069,1300,2369,ok_volume,-0.163,8200,11389,19589,ok_volume,0,71,71,13003,23721,36724,10143,11987,0.0833,-398,49,25,14,33,30,3
1775347302,31,68,0.899,1160,62,1222,ok_volume,-0.057,1160,1300,2460,ok_volume,-0.152,8335,11334,19669,ok_volume,135,0,135,13138,23721,36859,10990,12544,0.066,-984,1309,28,14,32,31,1
1775347303,30,68,-0.495,166,492,658,ok_volume,0.306,1191,633,1824,ok_volume,-0.184,7938,11526,19464,ok_volume,44,432,476,13181,24141,37322,11540,12179,0.0269,723,713,27,14,32,30,2
1775347304,29,68,-0.448,201,527,728,ok_volume,0.351,1226,589,1815,ok_volume,-0.187,7914,11558,19472,ok_volume,35,105,140,13181,24241,37422,11536,11899,0.0155,1393,1426,28,14,32,29,3
1775347305,29,67,0.435,1478,582,2060,ok_volume,0.429,1613,644,2257,ok_volume,-0.094,9285,11211,20496,ok_volume,1412,62,1474,14577,24299,38876,10980,12356,0.059,-10,379,26,13,33,29,4
1775347306,31,66,0.796,1447,164,1611,ok_volume,0.462,1613,594,2207,ok_volume,-0.069,9058,10406,19464,ok_volume,0,12,12,14157,24114,38271,9597,10324,0.0365,-1943,-1018,24,12,34,31,3
1775347307,30,66,0.74,1412,211,1623,ok_volume,0.334,1478,738,2216,ok_volume,-0.105,7797,9625,17422,ok_volume,0,144,144,14145,24258,38403,10601,10766,0.0077,-935,-413,25,12,34,30,4
1775347308,31,68,0,0,201,201,low_total_volume,0.608,1447,353,1800,ok_volume,-0.095,7737,9364,17101,ok_volume,0,46,46,14145,24077,38222,13900,10966,-0.118,2920,3359,27,14,32,31,1
1775347309,30,68,-0.882,62,988,1050,ok_volume,0.166,1474,1055,2529,ok_volume,-0.031,7579,8068,15647,ok_volume,62,807,869,14122,24778,38900,14064,11275,-0.1101,4467,2090,25,14,32,30,2
1775347310,30,69,-0.879,62,967,1029,ok_volume,-0.895,62,1123,1185,ok_volume,0.103,7562,6153,13715,ok_volume,8,123,131,14082,24461,38543,14077,11578,-0.0974,3476,3260,26,13,31,30,1
1775347311,30,68,-0.623,261,1122,1383,ok_volume,-0.668,261,1311,1572,ok_volume,0.049,6679,6058,12737,ok_volume,199,200,399,13902,24444,38346,12655,12703,0.0019,-1245,2512,24,13,32,30,2
1775347312,28,71,-0.169,358,504,862,ok_volume,-0.525,420,1348,1768,ok_volume,0.122,6800,5318,12118,ok_volume,159,113,272,13843,24625,38468,15651,10782,-0.1842,1587,4661,25,13,29,28,1
1775347313,27,71,0.052,453,408,861,ok_volume,-0.442,515,1330,1845,ok_volume,0.128,6857,5299,12156,ok_volume,95,27,122,13919,24595,38514,20855,10593,-0.3263,6778,9315,25,12,29,27,2
1775347314,27,72,0.427,349,140,489,ok_volume,0.016,548,531,1079,ok_volume,0.14,6934,5228,12162,ok_volume,107,0,107,13848,24409,38257,22187,12173,-0.2914,9532,10651,25,13,28,27,1
1775347315,26,72,0.513,261,84,345,ok_volume,0.142,619,465,1084,ok_volume,0.14,6924,5226,12150,ok_volume,6,61,67,13869,24253,38122,12259,3093,-0.5971,-3392,1279,25,8,28,26,2
1775347316,25,73,0.402,265,113,378,ok_volume,0.345,519,253,772,ok_volume,0.109,6573,5282,11855,ok_volume,99,56,155,13260,24221,37481,13832,2791,-0.6642,-7023,4235,25,7,27,25,2
1775347317,25,74,-0.17,132,186,318,ok_volume,0.297,393,213,606,ok_volume,-0.113,4259,5342,9601,ok_volume,34,73,107,13294,18539,31833,14298,2936,-0.6593,-7889,3697,28,7,26,25,1
1775347318,22,73,-0.309,208,394,602,ok_volume,-0.093,374,451,825,ok_volume,-0.128,4335,5607,9942,ok_volume,92,272,364,13292,18811,32103,14715,2677,-0.6922,2456,815,27,7,27,22,5
1775347319,24,75,-0.512,109,338,447,ok_volume,-0.369,208,451,659,ok_volume,-0.102,4306,5287,9593,ok_volume,2,0,2,12738,18801,31539,13615,2698,-0.6692,-217,-449,29,9,25,24,1
1775347320,24,75,-0.554,76,265,341,ok_volume,-0.309,208,394,602,ok_volume,-0.098,4306,5241,9547,ok_volume,0,0,0,12651,18557,31208,12748,2877,-0.6317,-1550,-1329,29,10,25,24,1
1775347321,24,74,0.796,1038,118,1156,ok_volume,0.431,1147,456,1603,ok_volume,0.003,5344,5317,10661,ok_volume,1023,119,1142,13674,18578,32252,9989,3065,-0.5304,-4726,-2666,27,10,26,24,2
1775347322,24,74,0.746,1222,178,1400,ok_volume,0.491,1298,443,1741,ok_volume,-0.03,4878,5184,10062,ok_volume,191,72,263,13810,18577,32387,11689,2394,-0.66,-1926,-3962,28,7,26,24,2
1775347323,24,75,0.701,1217,214,1431,ok_volume,0.706,1240,214,1454,ok_volume,0.016,4896,4741,9637,ok_volume,21,36,57,13419,18550,31969,10474,3695,-0.4784,-2274,-10381,25,10,25,24,1
1775347324,23,75,-0.114,218,274,492,ok_volume,0.524,1256,392,1648,ok_volume,-0.004,4883,4919,9802,ok_volume,24,181,205,13409,16592,30001,10821,3064,-0.5587,832,-11366,28,8,25,23,2
1775347325,24,75,-0.376,97,214,311,ok_volume,0.536,1296,392,1688,ok_volume,0.068,4904,4279,9183,ok_volume,63,0,63,13219,16567,29786,11905,4342,-0.4655,216,-354,27,10,25,24,1
1775347326,22,74,-0.876,79,1199,1278,ok_volume,-0.643,281,1295,1576,ok_volume,-0.038,4890,5277,10167,ok_volume,0,1035,1035,13187,17492,30679,10347,4109,-0.4315,-127,-3485,25,8,26,22,4
1775347327,23,75,-0.087,874,1040,1914,ok_volume,-0.16,908,1254,2162,ok_volume,0.033,5657,5296,10953,ok_volume,811,19,830,13854,16692,30546,10061,5109,-0.3264,-760,-4237,29,11,25,23,2
1775347328,22,76,-0.124,811,1040,1851,ok_volume,-0.156,890,1218,2108,ok_volume,0.148,5657,4199,9856,ok_volume,0,0,0,13764,16644,30408,11440,3377,-0.5442,-465,-3275,28,9,24,22,2
1775347329,20,76,-0.278,824,1460,2284,ok_volume,-0.473,887,2481,3368,ok_volume,0.015,5670,5499,11169,ok_volume,33,1428,1461,13252,17128,30380,14538,3767,-0.5884,4191,923,29,8,24,20,4
1775347330,19,76,-0.841,131,1518,1649,ok_volume,-0.462,942,2558,3500,ok_volume,-0.079,4763,5576,10339,ok_volume,137,91,228,13184,17207,30391,13801,3092,-0.6339,3740,1053,27,7,24,19,5
1775347331,22,77,-0.828,141,1499,1640,ok_volume,-0.235,952,1537,2489,ok_volume,-0.072,4773,5514,10287,ok_volume,19,0,19,13184,17159,30343,16556,2885,-0.7032,5116,6567,30,10,23,22,1
1775347332,18,78,-0.397,251,581,832,ok_volume,-0.769,264,2022,2286,ok_volume,-0.117,4761,6018,10779,ok_volume,123,360,483,13306,17602,30908,11887,2641,-0.6364,-2651,198,29,7,22,18,4
1775347333,19,80,0.507,1634,534,2168,ok_volume,-0.071,1765,2033,3798,ok_volume,0.052,6231,5618,11849,ok_volume,1509,30,1539,14387,17394,31781,10194,2870,-0.5606,-3607,-280,29,9,20,19,1
1775347334,19,80,0.501,1892,629,2521,ok_volume,0.408,2020,850,2870,ok_volume,0.058,6464,5760,12224,ok_volume,268,239,507,14588,17567,32155,10644,2434,-0.6278,-5912,-177,30,6,20,19,1
1775347335,14,80,0.547,1854,543,2397,ok_volume,0.31,1987,1047,3034,ok_volume,-0.076,5137,5979,11116,ok_volume,85,281,366,14632,17446,32078,11089,2219,-0.6665,-798,-816,29,5,20,14,6
1775347336,12,82,-0.027,486,513,999,ok_volume,0.401,2110,903,3013,ok_volume,-0.062,5270,5967,11237,ok_volume,145,0,145,14550,16629,31179,11345,2502,-0.6386,1151,998,32,6,18,12,6
1775347337,11,83,-0.304,218,408,626,ok_volume,0.492,1987,677,2664,ok_volume,-0.061,5270,5957,11227,ok_volume,0,134,134,13289,15838,29127,12188,1910,-0.729,1544,2127,31,6,17,11,6
1775347338,12,82,-0.533,133,436,569,ok_volume,-0.323,486,949,1435,ok_volume,-0.082,5270,6214,11484,ok_volume,19,283,302,13243,15814,29057,11734,1455,-0.7794,645,294,29,4,18,12,6
1775347339,6,82,-1.0,0,467,467,ok_volume,-0.545,218,741,959,ok_volume,-0.022,5208,5446,10654,ok_volume,0,31,31,13023,13750,26773,9792,1939,-0.6694,-1553,-4746,29,4,18,6,12
1775347340,5,85,-1.0,0,506,506,ok_volume,-0.664,133,659,792,ok_volume,-0.029,5208,5515,10723,ok_volume,11,192,203,13011,11892,24903,10413,643,-0.8837,-1775,-3388,28,4,15,5,10
1775347341,4,84,0.597,1125,284,1409,ok_volume,0.22,1125,720,1845,ok_volume,0.072,6134,5308,11442,ok_volume,1131,64,1195,13060,11661,24721,10914,886,-0.8498,-820,-5642,29,4,16,4,12
1775347342,,98,-0.306,1135,2135,3270,ok_volume,-0.367,1135,2449,3584,ok_volume,-0.084,5985,7077,13062,ok_volume,10,1882,1892,13032,12617,25649,17202,0,-1.0,7410,5315,30,0,2,,
1775347343,,99,-0.256,1151,1943,3094,ok_volume,-0.306,1151,2166,3317,ok_volume,-0.088,5906,7050,12956,ok_volume,18,0,18,13012,12569,25581,46940,0,-1.0,36527,36746,28,0,1,,
1775347344,,99,-0.944,54,1882,1936,ok_volume,-0.288,1179,2135,3314,ok_volume,-0.1,5768,7050,12818,ok_volume,28,0,28,13010,12495,25505,141003,0,-1.0,130089,130359,29,0,1,,
1775347345,,99,0,44,0,44,low_activity,-0.245,1179,1943,3122,ok_volume,-0.096,5768,6993,12761,ok_volume,0,0,0,12927,12430,25357,152846,0,-1.0,135644,141757,30,0,1,,
1775347346,,99,0,510,0,510,low_activity,-0.557,536,1882,2418,ok_volume,-0.06,6151,6937,13088,ok_volume,482,0,482,12954,12430,25384,157267,0,-1.0,110327,145922,30,0,1,,
1775347347,,99,0,835,0,835,low_activity,1.0,879,0,879,ok_volume,-0.029,6471,6864,13335,ok_volume,353,0,353,10958,12410,23368,156559,0,-1.0,15556,144371,28,0,1,,
1775347348,,99,0,835,0,835,low_activity,1.0,863,0,863,ok_volume,-0.016,6395,6599,12994,ok_volume,0,0,0,10958,12408,23366,143989,0,-1.0,-8857,132255,24,0,1,,
1775347349,,99,0,399,0,399,low_activity,1.0,881,0,881,ok_volume,-0.012,6441,6599,13040,ok_volume,46,0,46,10968,12071,23039,144443,0,-1.0,-12824,134651,25,0,1,,
1775347350,,99,0,233,0,233,low_activity,1.0,1068,0,1068,ok_volume,0.0,6605,6599,13204,ok_volume,187,0,187,11155,12019,23174,211422,0,-1.0,54863,201009,25,0,1,,
1775347351,,99,0,326,0,326,low_activity,1.0,679,0,679,ok_volume,-0.066,5683,6481,12164,ok_volume,93,0,93,11248,11976,23224,211329,0,-1.0,67340,200415,25,0,1,,
1775347352,,99,0,303,0,303,low_activity,0,349,0,349,low_activity,-0.075,5522,6421,11943,ok_volume,23,0,23,10615,11783,22398,206616,0,-1.0,62173,189414,26,0,1,,
1775347353,,99,0,116,0,116,low_activity,0,349,0,349,low_activity,-0.074,5504,6385,11889,ok_volume,0,0,0,10615,11297,21912,209616,0,-1.0,-1806,162676,27,0,1,,
1775347354,,99,0,23,0,23,low_activity,0,303,0,303,low_activity,-0.061,5488,6207,11695,ok_volume,0,0,0,10579,11279,21858,211306,0,-1.0,-23,70303,27,0,1,,
1775347355,,99,0,14,0,14,low_activity,0,130,0,130,low_activity,-0.066,5439,6207,11646,ok_volume,14,0,14,10551,10638,21189,213392,0,-1.0,6776,60546,27,0,1,,
1775347356,,99,0,949,0,949,low_activity,0,972,0,972,low_activity,0.103,6374,5186,11560,ok_volume,935,0,935,11472,10602,22074,212457,0,-1.0,2841,55190,27,0,1,,
1775347357,,99,0,1128,0,1128,low_activity,0,1128,0,1128,low_activity,0.053,5742,5167,10909,ok_volume,179,0,179,11607,10602,22209,212278,0,-1.0,972,55719,27,0,1,,
1775347358,,99,0,1114,0,1114,low_activity,0,1128,0,1128,low_activity,0.055,5742,5148,10890,ok_volume,0,0,0,11602,9496,21098,362278,0,-1.0,148886,218289,27,0,1,,
1775347359,,99,0,179,0,179,low_activity,0,1128,0,1128,low_activity,0.212,5729,3726,9455,ok_volume,0,0,0,11602,9346,20948,362278,0,-1.0,149821,217835,27,0,1,,
1775347360,,99,1.0,1308,0,1308,ok_volume,1.0,2422,0,2422,ok_volume,0.309,6919,3649,10568,ok_volume,1308,0,1308,11880,9346,21226,360970,0,-1.0,148692,149548,27,0,1,,
1775347361,,99,1.0,1308,0,1308,ok_volume,1.0,1487,0,1487,ok_volume,0.327,6909,3505,10414,ok_volume,0,0,0,11880,9275,21155,360970,0,-1.0,-1308,149641,27,0,1,,
1775347362,,99,1.0,2336,0,2336,ok_volume,1.0,2336,0,2336,ok_volume,0.426,7814,3145,10959,ok_volume,1028,0,1028,12773,9275,22048,360230,0,-1.0,-2048,153614,27,0,1,,
1775347363,,99,0,1028,0,1028,low_activity,1.0,2336,0,2336,ok_volume,0.339,6313,3115,9428,ok_volume,0,0,0,12729,8843,21572,360230,0,-1.0,-740,150614,27,0,1,,
1775347364,,99,0,1167,0,1167,low_activity,1.0,2475,0,2475,ok_volume,0.365,6184,2876,9060,ok_volume,139,0,139,12833,8729,21562,359803,0,-1.0,-1167,148497,27,0,1,,
1775347365,,99,0,606,0,606,low_activity,1.0,1634,0,1634,ok_volume,0.432,6566,2602,9168,ok_volume,467,0,467,11888,8667,20555,359336,0,-1.0,-894,145944,27,0,1,,
1775347366,,99,0,606,0,606,low_activity,1.0,1634,0,1634,ok_volume,0.424,6433,2602,9035,ok_volume,0,0,0,11888,8655,20543,359336,0,-1.0,-894,146879,27,0,1,,
1775347367,,99,0,467,0,467,low_activity,0,606,0,606,low_activity,0.449,6433,2449,8882,ok_volume,0,0,0,11888,8511,20399,359336,0,-1.0,-467,147058,27,0,1,,
1775347368,,99,0,0,0,0,no_volume,0,606,0,606,low_activity,0.496,6433,2166,8599,ok_volume,0,0,0,11888,8465,20353,359336,0,-1.0,0,-2942,27,0,1,,
1775347369,,99,0,0,0,0,no_volume,0,467,0,467,low_activity,0.502,6433,2135,8568,ok_volume,0,0,0,11826,7658,19484,359613,0,-1.0,277,-2665,27,0,1,,
1775347370,,99,0,93,0,93,low_activity,0,93,0,93,low_activity,0.541,6526,1943,8469,ok_volume,93,0,93,11911,7535,19446,359520,0,-1.0,184,-1450,27,0,1,,
1775347371,,99,0,159,0,159,low_activity,0,159,0,159,low_activity,0.488,5467,1882,7349,ok_volume,66,0,66,11778,7267,19045,359177,0,-1.0,-159,-1793,27,0,1,,
1775347372,,99,0,346,0,346,low_activity,0,346,0,346,low_activity,1.0,5644,0,5644,ok_volume,192,0,192,11811,7154,18965,358985,0,-1.0,-628,-1245,27,0,1,,
1775347373,,99,0,720,0,720,low_activity,0,813,0,813,low_activity,1.0,6095,0,6095,ok_volume,467,0,467,12183,7127,19310,358518,0,-1.0,-1002,-1712,27,0,1,,
1775347374,,99,0,788,0,788,low_activity,1.0,947,0,947,ok_volume,1.0,6201,0,6201,ok_volume,134,0,134,12131,7127,19258,358384,0,-1.0,-793,-1419,27,0,1,,
1775347375,,99,0,934,0,934,low_activity,1.0,1187,0,1187,ok_volume,1.0,6534,0,6534,ok_volume,333,0,333,12458,7066,19524,358051,0,-1.0,-934,-1285,27,0,1,,
1775347376,,99,0,467,0,467,low_activity,1.0,1121,0,1121,ok_volume,1.0,6052,0,6052,ok_volume,0,0,0,12359,7010,19369,358051,0,-1.0,-467,-1285,27,0,1,,
1775347377,,99,0,333,0,333,low_activity,0,934,0,934,low_activity,1.0,5699,0,5699,ok_volume,0,0,0,12325,6937,19262,358051,0,-1.0,-333,-1285,27,0,1,,
1775347378,,99,0,0,0,0,no_volume,0,467,0,467,low_activity,1.0,5699,0,5699,ok_volume,0,0,0,12233,6665,18898,358051,0,-1.0,0,-1285,27,0,1,,
1775347379,,99,0,46,0,46,low_activity,0,379,0,379,low_activity,1.0,5699,0,5699,ok_volume,46,0,46,12277,6665,18942,358331,0,-1.0,280,-1282,27,0,1,,
1775347380,,99,0,2383,0,2383,low_activity,0,2383,0,2383,low_activity,1.0,7849,0,7849,ok_volume,2337,0,2337,14591,6665,21256,355994,0,-1.0,-2057,-3526,27,0,1,,
1775347381,,99,0,2383,0,2383,low_activity,0,2383,0,2383,low_activity,1.0,7756,0,7756,ok_volume,0,0,0,13568,6546,20114,355668,0,-1.0,-2383,-3509,27,0,1,,
1775347382,,99,0,2337,0,2337,low_activity,0,2383,0,2383,low_activity,1.0,7733,0,7733,ok_volume,0,0,0,13377,6474,19851,355668,0,-1.0,-2663,-3317,27,0,1,,
1775347383,,99,0,0,0,0,no_volume,0,2383,0,2383,low_activity,1.0,7733,0,7733,ok_volume,0,0,0,13356,6438,19794,355668,0,-1.0,-326,-2850,27,0,1,,
1775347384,,99,0,0,0,0,no_volume,0,2337,0,2337,low_activity,1.0,7733,0,7733,ok_volume,0,0,0,13332,6257,19589,355668,0,-1.0,0,-2716,27,0,1,,
1775347385,,99,0,429,0,429,low_activity,0,429,0,429,low_activity,1.0,8148,0,8148,ok_volume,429,0,429,13698,6257,19955,355252,0,-1.0,-416,-2799,27,0,1,,
1775347386,,99,0,429,0,429,low_activity,0,429,0,429,low_activity,1.0,7213,0,7213,ok_volume,0,0,0,13698,5222,18920,355252,0,-1.0,-416,-2799,27,0,1,,
1775347387,,99,0,429,0,429,low_activity,0,429,0,429,low_activity,1.0,7034,0,7034,ok_volume,0,0,0,12887,5203,18090,355540,0,-1.0,-128,-2511,27,0,1,,
1775347388,,99,0,0,0,0,no_volume,0,429,0,429,low_activity,1.0,7034,0,7034,ok_volume,0,0,0,12887,5184,18071,355540,0,-1.0,288,-2511,27,0,1,,
1775347389,,99,0,0,0,0,no_volume,0,429,0,429,low_activity,1.0,7034,0,7034,ok_volume,0,0,0,12854,3756,16610,355252,0,-1.0,0,-3079,27,0,1,,
1775347390,,99,0,0,0,0,no_volume,0,0,0,0,no_volume,1.0,5726,0,5726,ok_volume,0,0,0,12717,3665,16382,355252,0,-1.0,-288,-742,27,0,1,,
1775347391,,99,0,0,0,0,no_volume,0,0,0,0,no_volume,1.0,5726,0,5726,ok_volume,0,0,0,12698,3515,16213,355442,0,-1.0,-98,-226,28,0,1,,
1775347392,,99,0,1607,0,1607,low_activity,0,1607,0,1607,low_activity,1.0,6305,0,6305,ok_volume,1607,0,1607,14182,3155,17337,353835,0,-1.0,-1417,-1833,28,0,1,,
1775347393,,99,0,1607,0,1607,low_activity,0,1607,0,1607,low_activity,1.0,6305,0,6305,ok_volume,0,0,0,12673,3125,15798,353835,0,-1.0,-1417,-1833,28,0,1,,
1775347394,,99,0,1607,0,1607,low_activity,0,1607,0,1607,low_activity,1.0,6166,0,6166,ok_volume,0,0,0,12405,2886,15291,353835,0,-1.0,-1607,-1833,28,0,1,,
1775347395,,99,0,0,0,0,no_volume,0,1607,0,1607,low_activity,1.0,5699,0,5699,ok_volume,0,0,0,12320,2605,14925,353835,0,-1.0,0,-1417,28,0,1,,
1775347396,,99,0,159,0,159,low_activity,0,1766,0,1766,low_activity,1.0,5858,0,5858,ok_volume,159,0,159,12334,2605,14939,353676,0,-1.0,-159,-1576,28,0,1,,
1775347397,,99,0,159,0,159,low_activity,0,159,0,159,low_activity,1.0,5858,0,5858,ok_volume,0,0,0,12334,2452,14786,353962,0,-1.0,127,-1578,28,0,1,,
1775347398,,99,0,159,0,159,low_activity,0,159,0,159,low_activity,1.0,5858,0,5858,ok_volume,0,0,0,12315,2169,14484,353676,0,-1.0,-159,-1864,28,0,1,,
1775347399,,99,0,0,0,0,no_volume,0,159,0,159,low_activity,1.0,5858,0,5858,ok_volume,0,0,0,12315,2138,14453,353676,0,-1.0,0,-1576,28,0,1,,
1775347400,,99,0,0,0,0,no_volume,0,159,0,159,low_activity,1.0,5765,0,5765,ok_volume,0,0,0,12304,1946,14250,353676,0,-1.0,-286,-1576,28,0,1,,
1775347401,,99,0,0,0,0,no_volume,0,0,0,0,no_volume,1.0,5699,0,5699,ok_volume,0,0,0,11173,1882,13055,353486,0,-1.0,-190,-1956,27,0,1,,
1775347402,,99,0,0,0,0,no_volume,0,0,0,0,no_volume,1.0,5512,0,5512,ok_volume,0,0,0,11163,0,11163,353501,0,-1.0,-175,-334,28,0,1,,
1775347403,,99,0,0,0,0,no_volume,0,0,0,0,no_volume,1.0,5045,0,5045,ok_volume,0,0,0,11145,0,11145,353501,0,-1.0,-175,-334,28,0,1,,
1775347404,,99,0,0,0,0,no_volume,0,0,0,0,no_volume,1.0,4911,0,4911,ok_volume,0,0,0,11117,0,11117,353501,0,-1.0,15,-334,28,0,1,,
1775347405,,99,0,0,0,0,no_volume,0,0,0,0,no_volume,1.0,4578,0,4578,ok_volume,0,0,0,11117,0,11117,353501,0,-1.0,0,-334,28,0,1,,
1775347406,,99,0,0,0,0,no_volume,0,0,0,0,no_volume,1.0,4578,0,4578,ok_volume,0,0,0,10635,0,10635,353501,0,-1.0,0,-175,28,0,1,,
1775347407,,99,0,0,0,0,no_volume,0,0,0,0,no_volume,1.0,4578,0,4578,ok_volume,0,0,0,10282,0,10282,353501,0,-1.0,0,-461,28,0,1,,
1775347408,,99,0,0,0,0,no_volume,0,0,0,0,no_volume,1.0,4578,0,4578,ok_volume,0,0,0,10282,0,10282,353501,0,-1.0,0,-175,28,0,1,,
1775347409,,99,0,69,0,69,low_activity,0,69,0,69,low_activity,1.0,4601,0,4601,ok_volume,69,0,69,10305,0,10305,353432,0,-1.0,-69,-244,28,0,1,,
1775347410,,99,0,69,0,69,low_activity,0,69,0,69,low_activity,1.0,2264,0,2264,ok_volume,0,0,0,10118,0,10118,353432,0,-1.0,-69,-244,28,0,1,,
1775347411,,99,0,69,0,69,low_activity,0,69,0,69,low_activity,1.0,2264,0,2264,ok_volume,0,0,0,10025,0,10025,353432,0,-1.0,-69,-54,28,0,1,,
1775347412,,99,0,0,0,0,no_volume,0,69,0,69,low_activity,1.0,2264,0,2264,ok_volume,0,0,0,10002,0,10002,353432,0,-1.0,0,-69,28,0,1,,
1775347413,,99,0,0,0,0,no_volume,0,69,0,69,low_activity,1.0,2264,0,2264,ok_volume,0,0,0,10002,0,10002,353432,0,-1.0,0,-69,28,0,1,,
1775347414,,99,0,0,0,0,no_volume,0,0,0,0,no_volume,1.0,2264,0,2264,ok_volume,0,0,0,10002,0,10002,353432,0,-1.0,0,-69,28,0,1,,
1775347415,,99,0,0,0,0,no_volume,0,0,0,0,no_volume,1.0,1835,0,1835,ok_volume,0,0,0,9988,0,9988,353432,0,-1.0,0,-69,28,0,1,,
1775347416,,99,0,280,0,280,low_activity,0,280,0,280,low_activity,1.0,2115,0,2115,ok_volume,0,0,0,9333,0,9333,353152,0,-1.0,-280,-349,28,0,1,,
1775347417,,99,0,373,0,373,low_activity,0,373,0,373,low_activity,1.0,2208,0,2208,ok_volume,0,0,0,9247,0,9247,353059,0,-1.0,-373,-442,28,0,1,,
1775347418,,99,0,93,0,93,low_activity,0,373,0,373,low_activity,1.0,2208,0,2208,ok_volume,0,0,0,9247,0,9247,353059,0,-1.0,-373,-442,28,0,1,,
1775347419,,99,0,0,0,0,no_volume,0,373,0,373,low_activity,1.0,2208,0,2208,ok_volume,0,0,0,9247,0,9247,353059,0,-1.0,-93,-373,28,0,1,,
1775347420,,99,0,0,0,0,no_volume,0,93,0,93,low_activity,1.0,2208,0,2208,ok_volume,0,0,0,7939,0,7939,353059,0,-1.0,0,-373,28,0,1,,
1775347421,,99,0,0,0,0,no_volume,0,0,0,0,no_volume,1.0,2208,0,2208,ok_volume,0,0,0,7939,0,7939,353059,0,-1.0,0,-373,28,0,1,,
1775347422,,99,0,0,0,0,no_volume,0,0,0,0,no_volume,1.0,601,0,601,ok_volume,0,0,0,6911,0,6911,353059,0,-1.0,0,-373,28,0,1,,
1775347423,,99,0,0,0,0,no_volume,0,0,0,0,no_volume,1.0,601,0,601,ok_volume,0,0,0,6911,0,6911,345059,0,-1.0,-8000,-8373,25,0,1,,
1775347424,,99,0,0,0,0,no_volume,0,0,0,0,no_volume,1.0,601,0,601,ok_volume,0,0,0,6772,0,6772,345559,0,-1.0,-7500,-7873,26,0,1,,
1775347425,,99,0,0,0,0,no_volume,0,0,0,0,no_volume,1.0,601,0,601,ok_volume,0,0,0,6305,0,6305,346059,0,-1.0,-7000,-7373,26,0,1,,
1775347426,,99,0,0,0,0,no_volume,0,0,0,0,no_volume,0,442,0,442,low_activity,0,0,0,6305,0,6305,346067,0,-1.0,1008,-7085,27,0,1,,
1775347427,,99,0,0,0,0,no_volume,0,0,0,0,no_volume,0,442,0,442,low_activity,0,0,0,6305,0,6305,346067,0,-1.0,508,-6992,27,0,1,,
1775347428,,99,0,0,0,0,no_volume,0,0,0,0,no_volume,0,442,0,442,low_activity,0,0,0,6305,0,6305,346067,0,-1.0,8,-6992,27,0,1,,
1775347429,,99,0,935,0,935,low_activity,0,935,0,935,low_activity,1.0,1377,0,1377,ok_volume,935,0,935,7240,0,7240,345532,0,-1.0,-535,-7527,28,0,1,,
1775347430,,99,0,935,0,935,low_activity,0,935,0,935,low_activity,1.0,1377,0,1377,ok_volume,0,0,0,7147,0,7147,345225,0,-1.0,-842,-7834,27,0,1,,
1775347431,,99,0,935,0,935,low_activity,0,935,0,935,low_activity,1.0,1377,0,1377,ok_volume,0,0,0,7081,0,7081,345225,0,-1.0,-842,-7834,27,0,1,,
1775347432,,99,0,0,0,0,no_volume,0,935,0,935,low_activity,1.0,1377,0,1377,ok_volume,0,0,0,6889,0,6889,345225,0,-1.0,-307,-7834,27,0,1,,
1775347433,,99,0,0,0,0,no_volume,0,935,0,935,low_activity,1.0,1377,0,1377,ok_volume,0,0,0,6422,0,6422,345225,0,-1.0,0,166,27,0,1,,
1775347434,,99,0,0,0,0,no_volume,0,0,0,0,no_volume,1.0,1377,0,1377,ok_volume,0,0,0,6288,0,6288,344636,0,-1.0,-589,-923,26,0,1,,
1775347435,,99,0,46,0,46,low_activity,0,46,0,46,low_activity,1.0,1423,0,1423,ok_volume,46,0,46,6001,0,6001,344590,0,-1.0,-635,-1469,26,0,1,,
1775347436,,99,0,46,0,46,low_activity,0,46,0,46,low_activity,1.0,1423,0,1423,ok_volume,0,0,0,6001,0,6001,344279,0,-1.0,-946,-1788,26,0,1,,
1775347437,,99,0,46,0,46,low_activity,0,46,0,46,low_activity,1.0,1423,0,1423,ok_volume,0,0,0,6001,0,6001,344279,0,-1.0,-357,-1788,26,0,1,,
1775347438,,99,0,0,0,0,no_volume,0,46,0,46,low_activity,1.0,1423,0,1423,ok_volume,0,0,0,6001,0,6001,344279,0,-1.0,-311,-1788,26,0,1,,
1775347439,,99,0,0,0,0,no_volume,0,46,0,46,low_activity,0,1354,0,1354,low_activity,0,0,0,5955,0,5955,344279,0,-1.0,0,-1253,26,0,1,,
1775347440,,99,0,47,0,47,low_activity,0,47,0,47,low_activity,1.0,1401,0,1401,ok_volume,47,0,47,3665,0,3665,345179,0,-1.0,900,-46,26,0,1,,
1775347441,,99,0,140,0,140,low_activity,0,140,0,140,low_activity,1.0,1494,0,1494,ok_volume,93,0,93,3758,0,3758,345086,0,-1.0,807,-139,26,0,1,,
1775347442,,99,0,140,0,140,low_activity,0,140,0,140,low_activity,1.0,1494,0,1494,ok_volume,0,0,0,3758,0,3758,345086,0,-1.0,807,-139,26,0,1,,
1775347443,,99,0,186,0,186,low_activity,0,233,0,233,low_activity,1.0,1587,0,1587,ok_volume,93,0,93,3851,0,3851,345266,0,-1.0,87,41,26,0,1,,
1775347444,,99,0,93,0,93,low_activity,0,233,0,233,low_activity,1.0,1587,0,1587,ok_volume,0,0,0,3851,0,3851,345266,0,-1.0,180,630,26,0,1,,
1775347445,,99,0,93,0,93,low_activity,0,186,0,186,low_activity,1.0,1307,0,1307,ok_volume,0,0,0,3422,0,3422,344993,0,-1.0,-93,403,26,0,1,,
1775347446,,99,0,2805,0,2805,low_activity,0,2898,0,2898,low_activity,1.0,4019,0,4019,ok_volume,2805,0,2805,6227,0,6227,342188,0,-1.0,-3078,-2091,26,0,1,,
1775347447,,99,0,2805,0,2805,low_activity,0,2898,0,2898,low_activity,1.0,4019,0,4019,ok_volume,0,0,0,6227,0,6227,342188,0,-1.0,-3078,-2091,26,0,1,,
1775347448,,99,0,2805,0,2805,low_activity,0,2805,0,2805,low_activity,1.0,4019,0,4019,ok_volume,0,0,0,6227,0,6227,342188,0,-1.0,-2805,-2091,26,0,1,,
1775347449,,99,0,0,0,0,no_volume,0,2805,0,2805,low_activity,1.0,4019,0,4019,ok_volume,0,0,0,6227,0,6227,342188,0,-1.0,0,-2091,26,0,1,,
1775347450,,99,0,0,0,0,no_volume,0,2805,0,2805,low_activity,1.0,4019,0,4019,ok_volume,0,0,0,6227,0,6227,342188,0,-1.0,0,-2991,26,0,1,,
1775347451,,99,0,935,0,935,low_activity,0,935,0,935,low_activity,1.0,4954,0,4954,ok_volume,935,0,935,7162,0,7162,341523,0,-1.0,-665,-3563,26,0,1,,
1775347452,,99,0,935,0,935,low_activity,0,935,0,935,low_activity,1.0,4954,0,4954,ok_volume,0,0,0,5555,0,5555,341523,0,-1.0,-665,-3563,26,0,1,,
1775347453,,99,0,935,0,935,low_activity,0,935,0,935,low_activity,1.0,4954,0,4954,ok_volume,0,0,0,5555,0,5555,341253,0,-1.0,-935,-4013,26,0,1,,
1775347454,,99,0,300,0,300,low_activity,0,1235,0,1235,low_activity,1.0,5254,0,5254,ok_volume,300,0,300,5855,0,5855,340953,0,-1.0,-570,-4313,26,0,1,,
1775347455,,99,0,300,0,300,low_activity,0,1235,0,1235,low_activity,1.0,5254,0,5254,ok_volume,0,0,0,5855,0,5855,340953,0,-1.0,-570,-4040,26,0,1,,
1775347456,,99,0,402,0,402,low_activity,0,402,0,402,low_activity,1.0,5356,0,5356,ok_volume,102,0,102,5798,0,5798,340851,0,-1.0,-402,-1337,26,0,1,,
1775347457,,99,0,102,0,102,low_activity,0,402,0,402,low_activity,1.0,5356,0,5356,ok_volume,0,0,0,5798,0,5798,340851,0,-1.0,-102,-1337,26,0,1,,
1775347458,,99,0,102,0,102,low_activity,0,402,0,402,low_activity,1.0,5356,0,5356,ok_volume,0,0,0,5798,0,5798,341126,0,-1.0,173,-1062,26,0,1,,
1775347459,,99,0,0,0,0,no_volume,0,102,0,102,low_activity,1.0,4421,0,4421,ok_volume,0,0,0,5798,0,5798,341126,0,-1.0,275,-1062,26,0,1,,
1775347460,,99,0,0,0,0,no_volume,0,102,0,102,low_activity,1.0,4421,0,4421,ok_volume,0,0,0,5798,0,5798,340851,0,-1.0,0,-1337,26,0,1,,
1775347461,,99,0,0,0,0,no_volume,0,0,0,0,no_volume,1.0,4421,0,4421,ok_volume,0,0,0,5798,0,5798,340851,0,-1.0,-275,-672,26,0,1,,
1775347462,,99,0,0,0,0,no_volume,0,0,0,0,no_volume,1.0,4421,0,4421,ok_volume,0,0,0,5798,0,5798,340851,0,-1.0,-275,-672,26,0,1,,
1775347463,,99,0,0,0,0,no_volume,0,0,0,0,no_volume,1.0,4421,0,4421,ok_volume,0,0,0,5798,0,5798,341138,0,-1.0,287,-115,26,0,1,,
1775347464,,99,0,0,0,0,no_volume,0,0,0,0,no_volume,1.0,4421,0,4421,ok_volume,0,0,0,5798,0,5798,341138,0,-1.0,287,185,26,0,1,,
1775347465,,99,0,0,0,0,no_volume,0,0,0,0,no_volume,1.0,4375,0,4375,ok_volume,0,0,0,5798,0,5798,340854,0,-1.0,3,-99,26,0,1,,
1775347466,,99,0,0,0,0,no_volume,0,0,0,0,no_volume,1.0,4375,0,4375,ok_volume,0,0,0,5798,0,5798,340854,0,-1.0,-284,3,26,0,1,,
1775347467,,99,0,0,0,0,no_volume,0,0,0,0,no_volume,1.0,4375,0,4375,ok_volume,0,0,0,5798,0,5798,340854,0,-1.0,-284,3,26,0,1,,
1775347468,,99,0,0,0,0,no_volume,0,0,0,0,no_volume,1.0,4375,0,4375,ok_volume,0,0,0,5798,0,5798,340854,0,-1.0,0,-272,26,0,1,,
1775347469,,99,0,0,0,0,no_volume,0,0,0,0,no_volume,1.0,4375,0,4375,ok_volume,0,0,0,5729,0,5729,340854,0,-1.0,0,-272,26,0,1,,
1775347470,,99,0,0,0,0,no_volume,0,0,0,0,no_volume,1.0,4328,0,4328,ok_volume,0,0,0,5729,0,5729,340854,0,-1.0,0,3,26,0,1,,
1775347471,,99,0,0,0,0,no_volume,0,0,0,0,no_volume,1.0,4235,0,4235,ok_volume,0,0,0,5729,0,5729,340854,0,-1.0,0,3,26,0,1,,
1775347472,,99,0,0,0,0,no_volume,0,0,0,0,no_volume,1.0,4235,0,4235,ok_volume,0,0,0,5729,0,5729,340854,0,-1.0,0,3,26,0,1,,
1775347473,,99,0,0,0,0,no_volume,0,0,0,0,no_volume,1.0,4142,0,4142,ok_volume,0,0,0,5729,0,5729,340854,0,-1.0,0,-284,26,0,1,,
1775347474,,99,0,0,0,0,no_volume,0,0,0,0,no_volume,1.0,4142,0,4142,ok_volume,0,0,0,5729,0,5729,340854,0,-1.0,0,-284,26,0,1,,
1775347475,,99,0,0,0,0,no_volume,0,0,0,0,no_volume,1.0,4142,0,4142,ok_volume,0,0,0,5449,0,5449,340854,0,-1.0,0,0,26,0,1,,
1775347476,,99,0,187,0,187,low_activity,0,187,0,187,low_activity,0,1524,0,1524,low_activity,187,0,187,5543,0,5543,340667,0,-1.0,-187,-187,26,0,1,,
1775347477,,99,0,187,0,187,low_activity,0,187,0,187,low_activity,0,1524,0,1524,low_activity,0,0,0,5543,0,5543,340667,0,-1.0,-187,-187,26,0,1,,
1775347478,,99,0,187,0,187,low_activity,0,187,0,187,low_activity,0,1524,0,1524,low_activity,0,0,0,5543,0,5543,340667,0,-1.0,-187,-187,26,0,1,,
1775347479,,99,0,0,0,0,no_volume,0,187,0,187,low_activity,0,1524,0,1524,low_activity,0,0,0,5543,0,5543,340667,0,-1.0,0,-187,26,0,1,,
1775347480,,99,0,0,0,0,no_volume,0,187,0,187,low_activity,0,1524,0,1524,low_activity,0,0,0,5543,0,5543,340667,0,-1.0,0,-187,26,0,1,,
1775347481,,99,0,0,0,0,no_volume,0,0,0,0,no_volume,0,589,0,589,low_activity,0,0,0,5543,0,5543,340667,0,-1.0,0,-187,26,0,1,,
1775347482,,99,0,0,0,0,no_volume,0,0,0,0,no_volume,0,589,0,589,low_activity,0,0,0,5543,0,5543,340667,0,-1.0,0,-187,26,0,1,,
1775347483,,99,0,0,0,0,no_volume,0,0,0,0,no_volume,0,589,0,589,low_activity,0,0,0,5543,0,5543,342067,0,-1.0,1400,1213,26,0,1,,
1775347484,,99,0,0,0,0,no_volume,0,0,0,0,no_volume,0,289,0,289,low_activity,0,0,0,5543,0,5543,342067,0,-1.0,1400,1213,26,0,1,,
1775347485,,99,0,143,0,143,low_activity,0,143,0,143,low_activity,0,432,0,432,low_activity,143,0,143,5686,0,5686,341924,0,-1.0,1257,1070,26,0,1,,
1775347486,,99,0,143,0,143,low_activity,0,143,0,143,low_activity,0,330,0,330,low_activity,0,0,0,5686,0,5686,341924,0,-1.0,-143,1257,26,0,1,,
1775347487,,99,0,143,0,143,low_activity,0,143,0,143,low_activity,0,330,0,330,low_activity,0,0,0,5686,0,5686,341924,0,-1.0,-143,1257,26,0,1,,
1775347488,,99,0,0,0,0,no_volume,0,143,0,143,low_activity,0,330,0,330,low_activity,0,0,0,5686,0,5686,341924,0,-1.0,0,1257,26,0,1,,
1775347489,,99,0,0,0,0,no_volume,0,143,0,143,low_activity,0,330,0,330,low_activity,0,0,0,4751,0,4751,341924,0,-1.0,0,1257,26,0,1,,
1775347490,,99,0,0,0,0,no_volume,0,0,0,0,no_volume,0,330,0,330,low_activity,0,0,0,4751,0,4751,341924,0,-1.0,0,1257,26,0,1,,
1775347491,,99,0,0,0,0,no_volume,0,0,0,0,no_volume,0,330,0,330,low_activity,0,0,0,4751,0,4751,341924,0,-1.0,0,1257,26,0,1,,
1775347492,,99,0,0,0,0,no_volume,0,0,0,0,no_volume,0,330,0,330,low_activity,0,0,0,4751,0,4751,341924,0,-1.0,0,1257,26,0,1,,
1775347493,,99,0,0,0,0,no_volume,0,0,0,0,no_volume,0,330,0,330,low_activity,0,0,0,4751,0,4751,341924,0,-1.0,0,-143,26,0,1,,
1775347494,,99,0,0,0,0,no_volume,0,0,0,0,no_volume,0,330,0,330,low_activity,0,0,0,4751,0,4751,341924,0,-1.0,0,-143,26,0,1,,
1775347495,,99,0,0,0,0,no_volume,0,0,0,0,no_volume,0,330,0,330,low_activity,0,0,0,4705,0,4705,341924,0,-1.0,0,0,26,0,1,,
1775347496,,99,0,0,0,0,no_volume,0,0,0,0,no_volume,0,330,0,330,low_activity,0,0,0,4705,0,4705,341924,0,-1.0,0,0,26,0,1,,
1775347497,,99,0,467,0,467,low_activity,0,467,0,467,low_activity,0,797,0,797,low_activity,467,0,467,5172,0,5172,341457,0,-1.0,-467,-467,26,0,1,,
1775347498,,99,0,467,0,467,low_activity,0,467,0,467,low_activity,0,797,0,797,low_activity,0,0,0,5172,0,5172,341457,0,-1.0,-467,-467,26,0,1,,
1775347499,,99,0,467,0,467,low_activity,0,467,0,467,low_activity,0,797,0,797,low_activity,0,0,0,5172,0,5172,341457,0,-1.0,-467,-467,26,0,1,,
1775347500,,99,0,187,0,187,low_activity,0,654,0,654,low_activity,1.0,984,0,984,ok_volume,187,0,187,5312,0,5312,341270,0,-1.0,-187,-654,26,0,1,,
1775347501,,99,0,187,0,187,low_activity,0,654,0,654,low_activity,1.0,984,0,984,ok_volume,0,0,0,5219,0,5219,341270,0,-1.0,-187,-654,26,0,1,,
1775347502,,99,0,187,0,187,low_activity,0,187,0,187,low_activity,1.0,984,0,984,ok_volume,0,0,0,5219,0,5219,341270,0,-1.0,-187,-654,26,0,1,,
1775347503,,99,0,0,0,0,no_volume,0,187,0,187,low_activity,1.0,984,0,984,ok_volume,0,0,0,5126,0,5126,341270,0,-1.0,0,-654,26,0,1,,
1775347504,,99,0,0,0,0,no_volume,0,187,0,187,low_activity,1.0,984,0,984,ok_volume,0,0,0,5126,0,5126,341270,0,-1.0,0,-654,26,0,1,,
1775347505,,99,0,0,0,0,no_volume,0,0,0,0,no_volume,1.0,984,0,984,ok_volume,0,0,0,5126,0,5126,341270,0,-1.0,0,-654,26,0,1,,
1775347506,,99,0,0,0,0,no_volume,0,0,0,0,no_volume,0,797,0,797,low_activity,0,0,0,2321,0,2321,341320,0,-1.0,50,-604,26,0,1,,
1775347507,,99,0,65,0,65,low_activity,0,65,0,65,low_activity,1.0,862,0,862,ok_volume,65,0,65,2386,0,2386,341255,0,-1.0,-15,-202,26,0,1,,
1775347508,,99,0,65,0,65,low_activity,0,65,0,65,low_activity,1.0,862,0,862,ok_volume,0,0,0,2386,0,2386,341255,0,-1.0,-15,-202,26,0,1,,
1775347509,,99,0,65,0,65,low_activity,0,65,0,65,low_activity,1.0,862,0,862,ok_volume,0,0,0,2386,0,2386,341255,0,-1.0,-65,-202,26,0,1,,
1775347510,,99,0,0,0,0,no_volume,0,65,0,65,low_activity,1.0,862,0,862,ok_volume,0,0,0,2386,0,2386,341255,0,-1.0,0,-15,26,0,1,,
1775347511,,99,0,0,0,0,no_volume,0,65,0,65,low_activity,1.0,862,0,862,ok_volume,0,0,0,1451,0,1451,341255,0,-1.0,0,-15,26,0,1,,
1775347512,,99,0,0,0,0,no_volume,0,0,0,0,no_volume,1.0,862,0,862,ok_volume,0,0,0,1451,0,1451,341255,0,-1.0,0,-15,26,0,1,,
1775347513,,99,0,0,0,0,no_volume,0,0,0,0,no_volume,1.0,862,0,862,ok_volume,0,0,0,1451,0,1451,341755,0,-1.0,500,485,27,0,1,,
1775347514,,99,0,0,0,0,no_volume,0,0,0,0,no_volume,1.0,862,0,862,ok_volume,0,0,0,1151,0,1151,342105,0,-1.0,850,835,27,0,1,,
1775347515,,99,0,0,0,0,no_volume,0,0,0,0,no_volume,0,719,0,719,low_activity,0,0,0,1151,0,1151,342386,0,-1.0,1131,1116,28,0,1,,
1775347516,,99,0,0,0,0,no_volume,0,0,0,0,no_volume,0,719,0,719,low_activity,0,0,0,1049,0,1049,342386,0,-1.0,631,1066,28,0,1,,
1775347517,,99,0,0,0,0,no_volume,0,0,0,0,no_volume,0,719,0,719,low_activity,0,0,0,1049,0,1049,342105,0,-1.0,0,850,27,0,1,,
1775347518,,99,0,0,0,0,no_volume,0,0,0,0,no_volume,0,719,0,719,low_activity,0,0,0,1049,0,1049,342105,0,-1.0,-281,850,27,0,1,,
1775347519,,99,0,0,0,0,no_volume,0,0,0,0,no_volume,0,719,0,719,low_activity,0,0,0,1049,0,1049,342105,0,-1.0,-281,850,27,0,1,,
1775347520,,99,0,0,0,0,no_volume,0,0,0,0,no_volume,0,719,0,719,low_activity,0,0,0,1049,0,1049,342105,0,-1.0,0,850,27,0,1,,
1775347521,,99,0,0,0,0,no_volume,0,0,0,0,no_volume,0,719,0,719,low_activity,0,0,0,1049,0,1049,339157,0,-1.0,-2948,-2098,27,0,1,,
1775347522,,99,0,0,0,0,no_volume,0,0,0,0,no_volume,0,719,0,719,low_activity,0,0,0,1049,0,1049,338657,0,-1.0,-3448,-2598,26,0,1,,
1775347523,,99,0,20,0,20,low_activity,0,20,0,20,low_activity,1.0,739,0,739,ok_volume,20,0,20,1069,0,1069,338637,0,-1.0,-3468,-3118,26,0,1,,
1775347524,,99,0,20,0,20,low_activity,0,20,0,20,low_activity,1.0,739,0,739,ok_volume,0,0,0,1069,0,1069,339137,0,-1.0,-20,-2968,27,0,1,,
1775347525,,99,0,20,0,20,low_activity,0,20,0,20,low_activity,1.0,739,0,739,ok_volume,0,0,0,1069,0,1069,339137,0,-1.0,480,-3249,27,0,1,,
1775347526,,99,0,0,0,0,no_volume,0,20,0,20,low_activity,1.0,739,0,739,ok_volume,0,0,0,1069,0,1069,339447,0,-1.0,810,-2939,28,0,1,,
1775347527,,99,0,0,0,0,no_volume,0,20,0,20,low_activity,0,272,0,272,low_activity,0,0,0,1069,0,1069,339137,0,-1.0,0,-2968,27,0,1,,
1775347528,,99,0,0,0,0,no_volume,0,0,0,0,no_volume,0,272,0,272,low_activity,0,0,0,1069,0,1069,339137,0,-1.0,0,-2968,27,0,1,,
1775347529,,99,0,0,0,0,no_volume,0,0,0,0,no_volume,0,272,0,272,low_activity,0,0,0,1069,0,1069,339137,0,-1.0,-310,-2968,27,0,1,,
1775347530,,99,0,0,0,0,no_volume,0,0,0,0,no_volume,0,85,0,85,low_activity,0,0,0,1069,0,1069,339137,0,-1.0,0,-2968,27,0,1,,
1775347531,,99,0,0,0,0,no_volume,0,0,0,0,no_volume,0,85,0,85,low_activity,0,0,0,1069,0,1069,339137,0,-1.0,0,-20,27,0,1,,
1775347532,,99,0,0,0,0,no_volume,0,0,0,0,no_volume,0,85,0,85,low_activity,0,0,0,1069,0,1069,338637,0,-1.0,-500,-20,26,0,1,,
1775347533,,99,0,0,0,0,no_volume,0,0,0,0,no_volume,0,85,0,85,low_activity,0,0,0,1069,0,1069,338637,0,-1.0,-500,0,26,0,1,,
1775347534,,99,0,0,0,0,no_volume,0,0,0,0,no_volume,0,85,0,85,low_activity,0,0,0,1069,0,1069,339448,0,-1.0,311,311,28,0,1,,
1775347535,,99,0,0,0,0,no_volume,0,0,0,0,no_volume,0,85,0,85,low_activity,0,0,0,1069,0,1069,339448,0,-1.0,811,311,28,0,1,,
1775347536,,99,0,0,0,0,no_volume,0,0,0,0,no_volume,0,85,0,85,low_activity,0,0,0,882,0,882,339137,0,-1.0,500,-310,27,0,1,,
1775347537,,99,0,0,0,0,no_volume,0,0,0,0,no_volume,0,20,0,20,low_activity,0,0,0,882,0,882,339137,0,-1.0,-311,0,27,0,1,,
1775347538,,99,0,0,0,0,no_volume,0,0,0,0,no_volume,0,20,0,20,low_activity,0,0,0,882,0,882,339137,0,-1.0,-311,0,27,0,1,,
1775347539,,99,0,0,0,0,no_volume,0,0,0,0,no_volume,0,20,0,20,low_activity,0,0,0,882,0,882,339137,0,-1.0,0,0,27,0,1,,
1775347540,,99,0,0,0,0,no_volume,0,0,0,0,no_volume,0,20,0,20,low_activity,0,0,0,882,0,882,339137,0,-1.0,0,0,27,0,1,,
1775347541,,99,0,0,0,0,no_volume,0,0,0,0,no_volume,0,20,0,20,low_activity,0,0,0,882,0,882,338637,0,-1.0,-500,-500,27,0,1,,
1775347542,,99,0,0,0,0,no_volume,0,0,0,0,no_volume,0,20,0,20,low_activity,0,0,0,882,0,882,338637,0,-1.0,-500,0,27,0,1,,
1775347543,,99,0,0,0,0,no_volume,0,0,0,0,no_volume,0,20,0,20,low_activity,0,0,0,882,0,882,339637,0,-1.0,500,1000,27,0,1,,
1775347544,,99,0,0,0,0,no_volume,0,0,0,0,no_volume,0,20,0,20,low_activity,0,0,0,882,0,882,339928,0,-1.0,1291,480,28,0,1,,
1775347545,,99,0,0,0,0,no_volume,0,0,0,0,no_volume,0,20,0,20,low_activity,0,0,0,739,0,739,339428,0,-1.0,791,-20,27,0,1,,
1775347546,,99,0,0,0,0,no_volume,0,0,0,0,no_volume,0,20,0,20,low_activity,0,0,0,739,0,739,339637,0,-1.0,0,500,27,0,1,,
1775347547,,99,0,0,0,0,no_volume,0,0,0,0,no_volume,0,20,0,20,low_activity,0,0,0,739,0,739,339637,0,-1.0,-291,500,27,0,1,,
1775347548,,99,0,0,0,0,no_volume,0,0,0,0,no_volume,0,20,0,20,low_activity,0,0,0,739,0,739,339637,0,-1.0,209,500,27,0,1,,
1775347549,,99,0,0,0,0,no_volume,0,0,0,0,no_volume,0,20,0,20,low_activity,0,0,0,739,0,739,339637,0,-1.0,0,500,27,0,1,,
1775347550,,99,0,0,0,0,no_volume,0,0,0,0,no_volume,0,20,0,20,low_activity,0,0,0,739,0,739,339637,0,-1.0,0,500,27,0,1,,
1775347551,,99,0,0,0,0,no_volume,0,0,0,0,no_volume,0,20,0,20,low_activity,0,0,0,739,0,739,339637,0,-1.0,0,1000,27,0,1,,
1775347552,,99,0,0,0,0,no_volume,0,0,0,0,no_volume,0,20,0,20,low_activity,0,0,0,739,0,739,339421,0,-1.0,-216,784,28,0,1,,
1775347553,,99,0,0,0,0,no_volume,0,0,0,0,no_volume,0,0,0,0,no_volume,0,0,0,739,0,739,338921,0,-1.0,-716,-716,27,0,1,,
1775347554,,99,0,0,0,0,no_volume,0,0,0,0,no_volume,0,0,0,0,no_volume,0,0,0,739,0,739,339137,0,-1.0,-500,-791,26,0,1,,
1775347555,,99,0,0,0,0,no_volume,0,0,0,0,no_volume,0,0,0,0,no_volume,0,0,0,739,0,739,339637,0,-1.0,216,209,27,0,1,,
1775347556,,99,0,0,0,0,no_volume,0,0,0,0,no_volume,0,0,0,0,no_volume,0,0,0,739,0,739,339637,0,-1.0,716,0,27,0,1,,
1775347557,,99,0,0,0,0,no_volume,0,0,0,0,no_volume,0,0,0,0,no_volume,0,0,0,272,0,272,339637,0,-1.0,500,0,27,0,1,,
1775347558,,99,0,0,0,0,no_volume,0,0,0,0,no_volume,0,0,0,0,no_volume,0,0,0,272,0,272,339637,0,-1.0,0,0,27,0,1,,
1775347559,,99,0,0,0,0,no_volume,0,0,0,0,no_volume,0,0,0,0,no_volume,0,0,0,272,0,272,339637,0,-1.0,0,0,27,0,1,,
1775347560,,99,0,0,0,0,no_volume,0,0,0,0,no_volume,0,0,0,0,no_volume,0,0,0,85,0,85,339637,0,-1.0,0,0,27,0,1,,
1775347561,,99,0,0,0,0,no_volume,0,0,0,0,no_volume,0,0,0,0,no_volume,0,0,0,85,0,85,339637,0,-1.0,0,0,27,0,1,,
1775347562,,99,0,0,0,0,no_volume,0,0,0,0,no_volume,0,0,0,0,no_volume,0,0,0,85,0,85,339963,0,-1.0,326,542,28,0,1,,
1775347563,,99,0,0,0,0,no_volume,0,0,0,0,no_volume,0,0,0,0,no_volume,0,0,0,85,0,85,339963,0,-1.0,326,1042,28,0,1,,
1775347564,,99,0,1870,0,1870,low_activity,0,1870,0,1870,low_activity,0,1870,0,1870,low_activity,1870,0,1870,1955,0,1955,336767,0,-1.0,-2870,-2370,26,0,1,,
1775347565,,99,0,2536,0,2536,low_activity,0,2536,0,2536,low_activity,0,2536,0,2536,low_activity,666,0,666,2621,0,2621,336601,0,-1.0,-3362,-3036,26,0,1,,
1775347566,,99,0,2536,0,2536,low_activity,0,2536,0,2536,low_activity,0,2536,0,2536,low_activity,0,0,0,2621,0,2621,335660,0,-1.0,-4303,-3977,26,0,1,,
1775347567,,99,0,666,0,666,low_activity,0,2536,0,2536,low_activity,0,2536,0,2536,low_activity,0,0,0,2556,0,2556,335776,0,-1.0,-991,-3861,26,0,1,,
1775347568,,99,0,0,0,0,no_volume,0,2536,0,2536,low_activity,0,2536,0,2536,low_activity,0,0,0,2556,0,2556,336334,0,-1.0,-267,-3303,26,0,1,,
1775347569,,99,0,0,0,0,no_volume,0,666,0,666,low_activity,0,2536,0,2536,low_activity,0,0,0,2556,0,2556,335892,0,-1.0,232,-3745,26,0,1,,
1775347570,,99,0,0,0,0,no_volume,0,0,0,0,no_volume,0,2536,0,2536,low_activity,0,0,0,2556,0,2556,336688,0,-1.0,912,-2949,27,0,1,,
1775347571,,99,0,0,0,0,no_volume,0,0,0,0,no_volume,0,2536,0,2536,low_activity,0,0,0,2556,0,2556,336188,0,-1.0,-146,-3449,27,0,1,,
1775347572,,99,0,0,0,0,no_volume,0,0,0,0,no_volume,0,2536,0,2536,low_activity,0,0,0,2556,0,2556,336892,0,-1.0,1000,-3071,26,0,1,,
1775347573,,99,0,0,0,0,no_volume,0,0,0,0,no_volume,0,2536,0,2536,low_activity,0,0,0,2556,0,2556,337392,0,-1.0,704,-2571,27,0,1,,
1775347574,,99,0,0,0,0,no_volume,0,0,0,0,no_volume,0,2536,0,2536,low_activity,0,0,0,2556,0,2556,336392,0,-1.0,204,-375,26,0,1,,
1775347575,,99,0,0,0,0,no_volume,0,0,0,0,no_volume,0,2536,0,2536,low_activity,0,0,0,2556,0,2556,336892,0,-1.0,0,291,26,0,1,,
1775347576,,99,0,0,0,0,no_volume,0,0,0,0,no_volume,0,2536,0,2536,low_activity,0,0,0,2556,0,2556,337392,0,-1.0,0,1732,27,0,1,,
1775347577,,99,0,0,0,0,no_volume,0,0,0,0,no_volume,0,2536,0,2536,low_activity,0,0,0,2556,0,2556,337392,0,-1.0,1000,1616,27,0,1,,
1775347578,,99,0,93,0,93,low_activity,0,93,0,93,low_activity,0,2629,0,2629,low_activity,93,0,93,2649,0,2649,336598,0,-1.0,-294,264,27,0,1,,
1775347579,,99,0,93,0,93,low_activity,0,93,0,93,low_activity,0,2629,0,2629,low_activity,0,0,0,2649,0,2649,336098,0,-1.0,-1294,206,27,0,1,,
1775347580,,99,0,93,0,93,low_activity,0,93,0,93,low_activity,0,2629,0,2629,low_activity,0,0,0,2649,0,2649,336799,0,-1.0,-593,111,26,0,1,,
1775347581,,99,0,0,0,0,no_volume,0,93,0,93,low_activity,0,2629,0,2629,low_activity,0,0,0,2649,0,2649,336800,0,-1.0,202,612,27,0,1,,
1775347582,,99,0,0,0,0,no_volume,0,93,0,93,low_activity,0,2629,0,2629,low_activity,0,0,0,2649,0,2649,335800,0,-1.0,-298,-1092,27,0,1,,
1775347583,,99,0,0,0,0,no_volume,0,0,0,0,no_volume,0,2629,0,2629,low_activity,0,0,0,2629,0,2629,336800,0,-1.0,1,-592,27,0,1,,
1775347584,,99,0,0,0,0,no_volume,0,0,0,0,no_volume,0,2629,0,2629,low_activity,0,0,0,2629,0,2629,335801,0,-1.0,-999,-591,27,0,1,,
1775347585,,99,0,0,0,0,no_volume,0,0,0,0,no_volume,0,2629,0,2629,low_activity,0,0,0,2629,0,2629,336301,0,-1.0,501,-591,27,0,1,,
1775347586,,99,0,0,0,0,no_volume,0,0,0,0,no_volume,0,2629,0,2629,low_activity,0,0,0,2629,0,2629,335801,0,-1.0,-999,-1591,27,0,1,,
1775347587,,99,0,0,0,0,no_volume,0,0,0,0,no_volume,0,2629,0,2629,low_activity,0,0,0,2629,0,2629,335801,0,-1.0,0,-1591,27,0,1,,
1775347588,,99,0,0,0,0,no_volume,0,0,0,0,no_volume,0,2629,0,2629,low_activity,0,0,0,2629,0,2629,336801,0,-1.0,500,203,27,0,1,,
1775347589,,99,0,0,0,0,no_volume,0,0,0,0,no_volume,0,2629,0,2629,low_activity,0,0,0,2629,0,2629,337301,0,-1.0,1500,1203,28,0,1,,
1775347590,,99,0,0,0,0,no_volume,0,0,0,0,no_volume,0,2629,0,2629,low_activity,0,0,0,2629,0,2629,335801,0,-1.0,0,-998,27,0,1,,
1775347591,,99,0,0,0,0,no_volume,0,0,0,0,no_volume,0,2629,0,2629,low_activity,0,0,0,2629,0,2629,337301,0,-1.0,500,501,28,0,1,,
1775347592,,99,0,0,0,0,no_volume,0,0,0,0,no_volume,0,2629,0,2629,low_activity,0,0,0,2629,0,2629,336301,0,-1.0,-1000,501,28,0,1,,
1775347593,,99,0,0,0,0,no_volume,0,0,0,0,no_volume,0,2629,0,2629,low_activity,0,0,0,2629,0,2629,336801,0,-1.0,1000,1,27,0,1,,
1775347594,,99,0,0,0,0,no_volume,0,0,0,0,no_volume,0,759,0,759,low_activity,0,0,0,2629,0,2629,336301,0,-1.0,-1000,500,27,0,1,,
1775347595,,99,0,0,0,0,no_volume,0,0,0,0,no_volume,0,93,0,93,low_activity,0,0,0,2629,0,2629,337301,0,-1.0,1000,1000,28,0,1,,
1775347596,,99,0,0,0,0,no_volume,0,0,0,0,no_volume,0,93,0,93,low_activity,0,0,0,2629,0,2629,337298,0,-1.0,497,1497,28,0,1,,
1775347597,,99,0,0,0,0,no_volume,0,0,0,0,no_volume,0,93,0,93,low_activity,0,0,0,2629,0,2629,337298,0,-1.0,997,1497,28,0,1,,
1775347598,,99,0,0,0,0,no_volume,0,0,0,0,no_volume,0,93,0,93,low_activity,0,0,0,2629,0,2629,336798,0,-1.0,-503,-3,27,0,1,,
1775347599,,99,0,0,0,0,no_volume,0,0,0,0,no_volume,0,93,0,93,low_activity,0,0,0,2629,0,2629,335798,0,-1.0,-1500,-1503,27,0,1,,
1775347600,,99,0,0,0,0,no_volume,0,0,0,0,no_volume,0,93,0,93,low_activity,0,0,0,2629,0,2629,335798,0,-1.0,-1500,-3,27,0,1,,
1775347601,,99,0,0,0,0,no_volume,0,0,0,0,no_volume,0,93,0,93,low_activity,0,0,0,2629,0,2629,336798,0,-1.0,0,-503,27,0,1,,
1775347602,,99,0,0,0,0,no_volume,0,0,0,0,no_volume,0,93,0,93,low_activity,0,0,0,2629,0,2629,337298,0,-1.0,1500,997,28,0,1,,
1775347603,,99,0,0,0,0,no_volume,0,0,0,0,no_volume,0,93,0,93,low_activity,0,0,0,2629,0,2629,336798,0,-1.0,1000,-3,28,0,1,,
1775347604,,99,0,0,0,0,no_volume,0,0,0,0,no_volume,0,93,0,93,low_activity,0,0,0,2629,0,2629,335799,0,-1.0,-999,-502,28,0,1,,
1775347605,,99,0,0,0,0,no_volume,0,0,0,0,no_volume,0,93,0,93,low_activity,0,0,0,2629,0,2629,336299,0,-1.0,-999,-1002,28,0,1,,
1775347606,,99,0,0,0,0,no_volume,0,0,0,0,no_volume,0,93,0,93,low_activity,0,0,0,2629,0,2629,335799,0,-1.0,-999,-1499,28,0,1,,
1775347607,,99,0,0,0,0,no_volume,0,0,0,0,no_volume,0,93,0,93,low_activity,0,0,0,2629,0,2629,335799,0,-1.0,0,-1499,28,0,1,,
1775347608,,99,0,0,0,0,no_volume,0,0,0,0,no_volume,0,0,0,0,no_volume,0,0,0,2629,0,2629,335799,0,-1.0,-500,-999,28,0,1,,
1775347609,,99,0,0,0,0,no_volume,0,0,0,0,no_volume,0,0,0,0,no_volume,0,0,0,2629,0,2629,335799,0,-1.0,0,1,28,0,1,,
1775347610,,99,0,0,0,0,no_volume,0,0,0,0,no_volume,0,0,0,0,no_volume,0,0,0,2629,0,2629,335799,0,-1.0,0,1,28,0,1,,
1775347611,,99,0,0,0,0,no_volume,0,0,0,0,no_volume,0,0,0,0,no_volume,0,0,0,2629,0,2629,335799,0,-1.0,0,-999,28,0,1,,
1775347612,,99,0,0,0,0,no_volume,0,0,0,0,no_volume,0,0,0,0,no_volume,0,0,0,2629,0,2629,335799,0,-1.0,0,-1499,28,0,1,,
1775347613,,99,0,0,0,0,no_volume,0,0,0,0,no_volume,0,0,0,0,no_volume,0,0,0,2629,0,2629,335799,0,-1.0,0,-999,28,0,1,,
1775347614,,99,0,0,0,0,no_volume,0,0,0,0,no_volume,0,0,0,0,no_volume,0,0,0,2629,0,2629,335799,0,-1.0,0,0,28,0,1,,
1775347615,,99,0,0,0,0,no_volume,0,0,0,0,no_volume,0,0,0,0,no_volume,0,0,0,2629,0,2629,335799,0,-1.0,0,-500,28,0,1,,
1775347616,,99,0,0,0,0,no_volume,0,0,0,0,no_volume,0,0,0,0,no_volume,0,0,0,2629,0,2629,337299,0,-1.0,1500,1500,29,0,1,,
1775347617,,99,0,0,0,0,no_volume,0,0,0,0,no_volume,0,0,0,0,no_volume,0,0,0,2629,0,2629,337299,0,-1.0,1500,1500,29,0,1,,
1775347618,,99,0,0,0,0,no_volume,0,0,0,0,no_volume,0,0,0,0,no_volume,0,0,0,2629,0,2629,335799,0,-1.0,0,0,28,0,1,,
1775347619,,99,0,0,0,0,no_volume,0,0,0,0,no_volume,0,0,0,0,no_volume,0,0,0,2629,0,2629,335799,0,-1.0,-1500,0,28,0,1,,
1775347620,,99,0,0,0,0,no_volume,0,0,0,0,no_volume,0,0,0,0,no_volume,0,0,0,2629,0,2629,335799,0,-1.0,-1500,0,28,0,1,,
1775347621,,99,0,0,0,0,no_volume,0,0,0,0,no_volume,0,0,0,0,no_volume,0,0,0,2629,0,2629,335799,0,-1.0,0,0,28,0,1,,
1775347622,,99,0,467,0,467,low_activity,0,467,0,467,low_activity,0,467,0,467,low_activity,467,0,467,3096,0,3096,335332,0,-1.0,-467,-467,28,0,1,,
1775347623,,99,0,467,0,467,low_activity,0,467,0,467,low_activity,0,467,0,467,low_activity,0,0,0,3096,0,3096,335332,0,-1.0,-467,-467,28,0,1,,
1775347624,,99,0,467,0,467,low_activity,0,467,0,467,low_activity,0,467,0,467,low_activity,0,0,0,1226,0,1226,335332,0,-1.0,-467,-467,28,0,1,,
1775347625,,99,0,0,0,0,no_volume,0,467,0,467,low_activity,0,467,0,467,low_activity,0,0,0,560,0,560,336332,0,-1.0,1000,533,28,0,1,,
1775347626,,99,0,0,0,0,no_volume,0,467,0,467,low_activity,0,467,0,467,low_activity,0,0,0,560,0,560,336832,0,-1.0,1500,-467,29,0,1,,
1775347627,,99,0,0,0,0,no_volume,0,0,0,0,no_volume,0,467,0,467,low_activity,0,0,0,560,0,560,336832,0,-1.0,1500,-467,29,0,1,,
1775347628,,99,0,0,0,0,no_volume,0,0,0,0,no_volume,0,467,0,467,low_activity,0,0,0,560,0,560,336832,0,-1.0,500,1033,29,0,1,,
1775347629,,99,0,0,0,0,no_volume,0,0,0,0,no_volume,0,467,0,467,low_activity,0,0,0,560,0,560,336832,0,-1.0,0,1033,29,0,1,,
1775347630,,99,0,0,0,0,no_volume,0,0,0,0,no_volume,0,467,0,467,low_activity,0,0,0,560,0,560,335332,0,-1.0,-1500,-467,28,0,1,,
1775347631,,99,0,0,0,0,no_volume,0,0,0,0,no_volume,0,467,0,467,low_activity,0,0,0,560,0,560,336332,0,-1.0,-500,533,28,0,1,,
1775347632,,99,0,0,0,0,no_volume,0,0,0,0,no_volume,0,467,0,467,low_activity,0,0,0,560,0,560,336832,0,-1.0,0,1500,29,0,1,,
1775347633,,99,0,0,0,0,no_volume,0,0,0,0,no_volume,0,467,0,467,low_activity,0,0,0,560,0,560,335332,0,-1.0,0,0,28,0,1,,
1775347634,,99,0,93,0,93,low_activity,0,93,0,93,low_activity,0,560,0,560,low_activity,93,0,93,653,0,653,335239,0,-1.0,-1093,-93,28,0,1,,
1775347635,,99,0,93,0,93,low_activity,0,93,0,93,low_activity,0,560,0,560,low_activity,0,0,0,653,0,653,335239,0,-1.0,-1593,-1093,28,0,1,,
1775347636,,99,0,93,0,93,low_activity,0,93,0,93,low_activity,0,560,0,560,low_activity,0,0,0,653,0,653,335239,0,-1.0,-93,-1593,28,0,1,,
1775347637,,99,0,0,0,0,no_volume,0,93,0,93,low_activity,0,560,0,560,low_activity,0,0,0,653,0,653,335239,0,-1.0,0,-1593,28,0,1,,
1775347638,,99,0,0,0,0,no_volume,0,93,0,93,low_activity,0,560,0,560,low_activity,0,0,0,560,0,560,335739,0,-1.0,500,-1093,29,0,1,,
1775347639,,99,0,0,0,0,no_volume,0,0,0,0,no_volume,0,560,0,560,low_activity,0,0,0,560,0,560,336739,0,-1.0,1500,-93,29,0,1,,
1775347640,,99,0,0,0,0,no_volume,0,0,0,0,no_volume,0,560,0,560,low_activity,0,0,0,560,0,560,336739,0,-1.0,1500,1407,29,0,1,,
1775347641,,99,0,0,0,0,no_volume,0,0,0,0,no_volume,0,560,0,560,low_activity,0,0,0,560,0,560,335739,0,-1.0,0,-593,28,0,1,,
1775347642,,99,0,0,0,0,no_volume,0,0,0,0,no_volume,0,560,0,560,low_activity,0,0,0,560,0,560,336239,0,-1.0,-500,-593,28,0,1,,
1775347643,,99,0,0,0,0,no_volume,0,0,0,0,no_volume,0,560,0,560,low_activity,0,0,0,560,0,560,335739,0,-1.0,-1000,407,28,0,1,,
1775347644,,99,0,0,0,0,no_volume,0,0,0,0,no_volume,0,560,0,560,low_activity,0,0,0,560,0,560,335239,0,-1.0,-500,0,28,0,1,,
1775347645,,99,0,0,0,0,no_volume,0,0,0,0,no_volume,0,560,0,560,low_activity,0,0,0,560,0,560,336739,0,-1.0,500,1500,29,0,1,,
1775347646,,99,0,0,0,0,no_volume,0,0,0,0,no_volume,0,560,0,560,low_activity,0,0,0,560,0,560,336739,0,-1.0,1000,1500,29,0,1,,
1775347647,,99,0,0,0,0,no_volume,0,0,0,0,no_volume,0,560,0,560,low_activity,0,0,0,560,0,560,335239,0,-1.0,0,0,28,0,1,,
1775347648,,99,0,0,0,0,no_volume,0,0,0,0,no_volume,0,560,0,560,low_activity,0,0,0,560,0,560,336739,0,-1.0,0,1000,29,0,1,,
1775347649,,99,0,0,0,0,no_volume,0,0,0,0,no_volume,0,560,0,560,low_activity,0,0,0,560,0,560,336739,0,-1.0,0,0,29,0,1,,
1775347650,,99,0,11,0,11,low_activity,0,11,0,11,low_activity,0,571,0,571,low_activity,11,0,11,571,0,571,335228,0,-1.0,-11,-1511,28,0,1,,
1775347651,,99,0,11,0,11,low_activity,0,11,0,11,low_activity,0,571,0,571,low_activity,0,0,0,571,0,571,335228,0,-1.0,-1511,-511,28,0,1,,
1775347652,,99,0,11,0,11,low_activity,0,11,0,11,low_activity,0,104,0,104,low_activity,0,0,0,571,0,571,335728,0,-1.0,-1011,-511,28,0,1,,
1775347653,,99,0,0,0,0,no_volume,0,11,0,11,low_activity,0,104,0,104,low_activity,0,0,0,571,0,571,335243,0,-1.0,15,-496,28,0,1,,
1775347654,,99,0,0,0,0,no_volume,0,11,0,11,low_activity,0,104,0,104,low_activity,0,0,0,571,0,571,335243,0,-1.0,15,4,28,0,1,,
1775347655,,99,0,0,0,0,no_volume,0,0,0,0,no_volume,0,104,0,104,low_activity,0,0,0,571,0,571,335243,0,-1.0,-485,-1496,28,0,1,,
1775347656,,99,0,0,0,0,no_volume,0,0,0,0,no_volume,0,104,0,104,low_activity,0,0,0,571,0,571,335243,0,-1.0,0,-1496,28,0,1,,
1775347657,,99,0,0,0,0,no_volume,0,0,0,0,no_volume,0,104,0,104,low_activity,0,0,0,571,0,571,336743,0,-1.0,1500,1504,29,0,1,,
1775347658,,99,0,0,0,0,no_volume,0,0,0,0,no_volume,0,104,0,104,low_activity,0,0,0,571,0,571,336743,0,-1.0,1500,4,29,0,1,,
1775347659,,99,0,0,0,0,no_volume,0,0,0,0,no_volume,0,104,0,104,low_activity,0,0,0,571,0,571,336743,0,-1.0,1500,4,29,0,1,,
1775347660,,99,0,0,0,0,no_volume,0,0,0,0,no_volume,0,104,0,104,low_activity,0,0,0,571,0,571,336743,0,-1.0,0,1515,29,0,1,,
1775347661,,99,0,0,0,0,no_volume,0,0,0,0,no_volume,0,104,0,104,low_activity,0,0,0,571,0,571,336743,0,-1.0,0,1515,29,0,1,,
1775347662,,99,0,62,0,62,low_activity,0,62,0,62,low_activity,0,166,0,166,low_activity,62,0,62,633,0,633,336181,0,-1.0,-562,453,28,0,1,,
1775347663,,99,0,62,0,62,low_activity,0,62,0,62,low_activity,0,166,0,166,low_activity,0,0,0,633,0,633,335181,0,-1.0,-1562,-62,28,0,1,,
1775347664,,99,0,62,0,62,low_activity,0,62,0,62,low_activity,0,73,0,73,low_activity,0,0,0,633,0,633,335181,0,-1.0,-1562,-62,28,0,1,,
1775347665,,99,0,0,0,0,no_volume,0,62,0,62,low_activity,0,73,0,73,low_activity,0,0,0,633,0,633,336181,0,-1.0,0,938,28,0,1,,
1775347666,,99,0,0,0,0,no_volume,0,62,0,62,low_activity,0,73,0,73,low_activity,0,0,0,633,0,633,336681,0,-1.0,1500,1438,29,0,1,,
1775347667,,99,0,0,0,0,no_volume,0,0,0,0,no_volume,0,73,0,73,low_activity,0,0,0,633,0,633,336681,0,-1.0,1500,-62,29,0,1,,
1775347668,,99,0,935,0,935,low_activity,0,935,0,935,low_activity,0,1008,0,1008,low_activity,935,0,935,1568,0,1568,334746,0,-1.0,-1435,-1997,28,0,1,,
1775347669,,99,0,935,0,935,low_activity,0,935,0,935,low_activity,0,1008,0,1008,low_activity,0,0,0,1568,0,1568,334246,0,-1.0,-2435,-2497,28,0,1,,
1775347670,,99,0,935,0,935,low_activity,0,935,0,935,low_activity,0,1008,0,1008,low_activity,0,0,0,1568,0,1568,334246,0,-1.0,-2435,-2497,28,0,1,,
1775347671,,99,0,67,0,67,low_activity,0,1002,0,1002,low_activity,0,1075,0,1075,low_activity,0,0,0,1635,0,1635,334179,0,-1.0,-567,-2564,28,0,1,,
1775347672,,99,0,67,0,67,low_activity,0,1002,0,1002,low_activity,0,1075,0,1075,low_activity,0,0,0,1635,0,1635,334529,0,-1.0,283,-1652,28,0,1,,
1775347673,,99,0,0,0,0,no_volume,0,67,0,67,low_activity,0,1075,0,1075,low_activity,0,0,0,1635,0,1635,335179,0,-1.0,933,-2,28,0,1,,
1775347674,,99,0,0,0,0,no_volume,0,67,0,67,low_activity,0,1075,0,1075,low_activity,0,0,0,1635,0,1635,334179,0,-1.0,0,-1002,28,0,1,,
1775347675,,99,0,0,0,0,no_volume,0,0,0,0,no_volume,0,1075,0,1075,low_activity,0,0,0,1635,0,1635,334179,0,-1.0,-350,-2002,28,0,1,,
1775347676,,99,0,0,0,0,no_volume,0,0,0,0,no_volume,0,1075,0,1075,low_activity,0,0,0,1635,0,1635,334179,0,-1.0,-1000,-2502,28,0,1,,
1775347677,,99,0,0,0,0,no_volume,0,0,0,0,no_volume,0,1075,0,1075,low_activity,0,0,0,1635,0,1635,334179,0,-1.0,0,-2502,28,0,1,,
1775347678,,99,0,0,0,0,no_volume,0,0,0,0,no_volume,0,1075,0,1075,low_activity,0,0,0,1635,0,1635,334179,0,-1.0,0,-567,28,0,1,,
1775347679,,99,0,0,0,0,no_volume,0,0,0,0,no_volume,0,1075,0,1075,low_activity,0,0,0,1635,0,1635,335192,0,-1.0,1013,946,29,0,1,,
1775347680,,99,0,0,0,0,no_volume,0,0,0,0,no_volume,0,1064,0,1064,low_activity,0,0,0,1635,0,1635,335692,0,-1.0,1513,1446,29,0,1,,
1775347681,,99,0,0,0,0,no_volume,0,0,0,0,no_volume,0,1064,0,1064,low_activity,0,0,0,1635,0,1635,335692,0,-1.0,1513,1513,29,0,1,,
1775347682,,99,0,0,0,0,no_volume,0,0,0,0,no_volume,0,1064,0,1064,low_activity,0,0,0,1168,0,1168,335692,0,-1.0,500,1163,29,0,1,,
1775347683,,99,0,0,0,0,no_volume,0,0,0,0,no_volume,0,1064,0,1064,low_activity,0,0,0,1168,0,1168,334192,0,-1.0,-1500,-987,28,0,1,,
1775347684,,99,0,0,0,0,no_volume,0,0,0,0,no_volume,0,1064,0,1064,low_activity,0,0,0,1168,0,1168,334192,0,-1.0,-1500,13,28,0,1,,
1775347685,,99,0,0,0,0,no_volume,0,0,0,0,no_volume,0,1064,0,1064,low_activity,0,0,0,1168,0,1168,334192,0,-1.0,-1500,13,28,0,1,,
1775347686,,99,0,0,0,0,no_volume,0,0,0,0,no_volume,0,1064,0,1064,low_activity,0,0,0,1168,0,1168,334192,0,-1.0,0,13,28,0,1,,
1775347687,,99,0,4675,0,4675,low_activity,0,4675,0,4675,low_activity,1.0,5739,0,5739,ok_volume,4675,0,4675,5843,0,5843,329517,0,-1.0,-4675,-4662,28,0,1,,
1775347688,,99,0,4675,0,4675,low_activity,0,4675,0,4675,low_activity,1.0,5739,0,5739,ok_volume,0,0,0,5843,0,5843,329517,0,-1.0,-4675,-4662,28,0,1,,
1775347689,,99,0,4675,0,4675,low_activity,0,4675,0,4675,low_activity,1.0,5739,0,5739,ok_volume,0,0,0,5843,0,5843,330517,0,-1.0,-3675,-4675,28,0,1,,
1775347690,,99,0,0,0,0,no_volume,0,4675,0,4675,low_activity,1.0,5739,0,5739,ok_volume,0,0,0,5843,0,5843,331017,0,-1.0,1500,-4675,29,0,1,,
1775347691,,99,0,0,0,0,no_volume,0,4675,0,4675,low_activity,1.0,5739,0,5739,ok_volume,0,0,0,5843,0,5843,331017,0,-1.0,1500,-4675,29,0,1,,
1775347692,,99,0,0,0,0,no_volume,0,0,0,0,no_volume,0,5677,0,5677,low_activity,0,0,0,5843,0,5843,331017,0,-1.0,500,-4675,29,0,1,,
1775347693,,99,0,0,0,0,no_volume,0,0,0,0,no_volume,0,5677,0,5677,low_activity,0,0,0,5843,0,5843,330017,0,-1.0,-1000,-4175,28,0,1,,
1775347694,,99,0,0,0,0,no_volume,0,0,0,0,no_volume,0,5677,0,5677,low_activity,0,0,0,5750,0,5750,329517,0,-1.0,-1500,-4675,28,0,1,,
1775347695,,99,0,0,0,0,no_volume,0,0,0,0,no_volume,0,5677,0,5677,low_activity,0,0,0,5750,0,5750,329517,0,-1.0,-1500,-4675,28,0,1,,
1775347696,,99,0,0,0,0,no_volume,0,0,0,0,no_volume,0,5677,0,5677,low_activity,0,0,0,5750,0,5750,331017,0,-1.0,1000,-3175,29,0,1,,
1775347697,,99,0,0,0,0,no_volume,0,0,0,0,no_volume,0,5677,0,5677,low_activity,0,0,0,5750,0,5750,331017,0,-1.0,1500,1500,29,0,1,,
1775347698,,99,0,0,0,0,no_volume,0,0,0,0,no_volume,0,4742,0,4742,low_activity,0,0,0,5750,0,5750,331017,0,-1.0,1500,1500,29,0,1,,
1775347699,,99,0,0,0,0,no_volume,0,0,0,0,no_volume,0,4742,0,4742,low_activity,0,0,0,5750,0,5750,331017,0,-1.0,0,500,29,0,1,,
1775347700,,99,0,0,0,0,no_volume,0,0,0,0,no_volume,0,4675,0,4675,low_activity,0,0,0,5750,0,5750,331017,0,-1.0,0,0,29,0,1,,
1775347701,,99,0,0,0,0,no_volume,0,0,0,0,no_volume,0,4675,0,4675,low_activity,0,0,0,5750,0,5750,331017,0,-1.0,0,0,29,0,1,,
1775347702,,99,0,0,0,0,no_volume,0,0,0,0,no_volume,0,4675,0,4675,low_activity,0,0,0,5750,0,5750,331004,0,-1.0,-13,-13,29,0,1,,
1775347703,,99,0,0,0,0,no_volume,0,0,0,0,no_volume,0,4675,0,4675,low_activity,0,0,0,5750,0,5750,330504,0,-1.0,-513,487,29,0,1,,
1775347704,,99,0,0,0,0,no_volume,0,0,0,0,no_volume,0,4675,0,4675,low_activity,0,0,0,5750,0,5750,331004,0,-1.0,-13,1487,29,0,1,,
1775347705,,99,0,0,0,0,no_volume,0,0,0,0,no_volume,0,4675,0,4675,low_activity,0,0,0,5750,0,5750,331004,0,-1.0,0,1487,29,0,1,,
1775347706,,99,0,0,0,0,no_volume,0,0,0,0,no_volume,0,4675,0,4675,low_activity,0,0,0,5750,0,5750,331004,0,-1.0,500,-13,29,0,1,,
1775347707,,99,0,0,0,0,no_volume,0,0,0,0,no_volume,0,4675,0,4675,low_activity,0,0,0,5750,0,5750,331004,0,-1.0,0,-13,29,0,1,,
1775347708,,99,0,0,0,0,no_volume,0,0,0,0,no_volume,0,4675,0,4675,low_activity,0,0,0,5750,0,5750,330004,0,-1.0,-1000,-1013,28,0,1,,
1775347709,,99,0,0,0,0,no_volume,0,0,0,0,no_volume,0,4675,0,4675,low_activity,0,0,0,5750,0,5750,330004,0,-1.0,-1000,-1013,28,0,1,,
1775347710,,99,0,0,0,0,no_volume,0,0,0,0,no_volume,0,4675,0,4675,low_activity,0,0,0,5739,0,5739,330504,0,-1.0,-500,-513,28,0,1,,
1775347711,,99,0,0,0,0,no_volume,0,0,0,0,no_volume,0,4675,0,4675,low_activity,0,0,0,5739,0,5739,331004,0,-1.0,1000,-13,29,0,1,,
1775347712,,99,0,0,0,0,no_volume,0,0,0,0,no_volume,0,4675,0,4675,low_activity,0,0,0,5739,0,5739,331004,0,-1.0,1000,0,29,0,1,,
1775347713,,99,0,0,0,0,no_volume,0,0,0,0,no_volume,0,4675,0,4675,low_activity,0,0,0,5739,0,5739,330004,0,-1.0,-500,-500,28,0,1,,
1775347714,,99,0,0,0,0,no_volume,0,0,0,0,no_volume,0,4675,0,4675,low_activity,0,0,0,5739,0,5739,331004,0,-1.0,0,0,29,0,1,,
1775347715,,99,0,0,0,0,no_volume,0,0,0,0,no_volume,0,4675,0,4675,low_activity,0,0,0,5739,0,5739,331004,0,-1.0,0,0,29,0,1,,
1775347716,,99,0,0,0,0,no_volume,0,0,0,0,no_volume,0,4675,0,4675,low_activity,0,0,0,5739,0,5739,331004,0,-1.0,1000,0,29,0,1,,
1775347717,,99,0,0,0,0,no_volume,0,0,0,0,no_volume,0,0,0,0,no_volume,0,0,0,5739,0,5739,331004,0,-1.0,0,0,29,0,1,,
1775347718,,99,0,0,0,0,no_volume,0,0,0,0,no_volume,0,0,0,0,no_volume,0,0,0,5739,0,5739,331004,0,-1.0,0,1000,29,0,1,,
1775347719,,99,0,0,0,0,no_volume,0,0,0,0,no_volume,0,0,0,0,no_volume,0,0,0,5739,0,5739,331004,0,-1.0,0,1000,29,0,1,,
1775347720,,99,0,0,0,0,no_volume,0,0,0,0,no_volume,0,0,0,0,no_volume,0,0,0,5739,0,5739,331004,0,-1.0,0,500,29,0,1,,
1775347721,,99,0,0,0,0,no_volume,0,0,0,0,no_volume,0,0,0,0,no_volume,0,0,0,5739,0,5739,331004,0,-1.0,0,0,29,0,1,,
1775347722,,99,0,0,0,0,no_volume,0,0,0,0,no_volume,0,0,0,0,no_volume,0,0,0,5677,0,5677,331004,0,-1.0,0,0,29,0,1,,
1775347723,,99,0,0,0,0,no_volume,0,0,0,0,no_volume,0,0,0,0,no_volume,0,0,0,5677,0,5677,330004,0,-1.0,-1000,0,28,0,1,,
1775347724,,99,0,0,0,0,no_volume,0,0,0,0,no_volume,0,0,0,0,no_volume,0,0,0,5677,0,5677,329504,0,-1.0,-1500,-1500,28,0,1,,
1775347725,,99,0,0,0,0,no_volume,0,0,0,0,no_volume,0,0,0,0,no_volume,0,0,0,5677,0,5677,329504,0,-1.0,-1500,-1500,28,0,1,,
1775347726,,99,0,0,0,0,no_volume,0,0,0,0,no_volume,0,0,0,0,no_volume,0,0,0,5677,0,5677,330504,0,-1.0,500,-500,28,0,1,,
1775347727,,99,0,0,0,0,no_volume,0,0,0,0,no_volume,0,0,0,0,no_volume,0,0,0,5677,0,5677,331004,0,-1.0,1500,0,29,0,1,,
1775347728,,99,0,0,0,0,no_volume,0,0,0,0,no_volume,0,0,0,0,no_volume,0,0,0,4742,0,4742,331004,0,-1.0,1500,0,29,0,1,,
1775347729,,99,0,0,0,0,no_volume,0,0,0,0,no_volume,0,0,0,0,no_volume,0,0,0,4742,0,4742,331004,0,-1.0,500,0,29,0,1,,
1775347730,,99,0,0,0,0,no_volume,0,0,0,0,no_volume,0,0,0,0,no_volume,0,0,0,4675,0,4675,331004,0,-1.0,0,0,29,0,1,,
1775347731,,99,0,0,0,0,no_volume,0,0,0,0,no_volume,0,0,0,0,no_volume,0,0,0,4675,0,4675,331004,0,-1.0,0,0,29,0,1,,
1775347732,,99,0,0,0,0,no_volume,0,0,0,0,no_volume,0,0,0,0,no_volume,0,0,0,4675,0,4675,331004,0,-1.0,0,0,29,0,1,,
1775347733,,99,0,0,0,0,no_volume,0,0,0,0,no_volume,0,0,0,0,no_volume,0,0,0,4675,0,4675,329504,0,-1.0,-1500,-500,28,0,1,,
1775347734,,99,0,0,0,0,no_volume,0,0,0,0,no_volume,0,0,0,0,no_volume,0,0,0,4675,0,4675,331004,0,-1.0,0,1500,29,0,1,,
1775347735,,99,0,0,0,0,no_volume,0,0,0,0,no_volume,0,0,0,0,no_volume,0,0,0,4675,0,4675,331004,0,-1.0,0,1500,29,0,1,,
1775347736,,99,0,0,0,0,no_volume,0,0,0,0,no_volume,0,0,0,0,no_volume,0,0,0,4675,0,4675,331004,0,-1.0,1500,500,29,0,1,,
1775347737,,99,0,0,0,0,no_volume,0,0,0,0,no_volume,0,0,0,0,no_volume,0,0,0,4675,0,4675,331004,0,-1.0,0,0,29,0,1,,
1775347738,,99,0,0,0,0,no_volume,0,0,0,0,no_volume,0,0,0,0,no_volume,0,0,0,4675,0,4675,331004,0,-1.0,0,0,29,0,1,,
1775347739,,99,0,0,0,0,no_volume,0,0,0,0,no_volume,0,0,0,0,no_volume,0,0,0,4675,0,4675,331004,0,-1.0,0,0,29,0,1,,
1775347740,,99,0,0,0,0,no_volume,0,0,0,0,no_volume,0,0,0,0,no_volume,0,0,0,4675,0,4675,331004,0,-1.0,0,0,29,0,1,,
1775347741,,99,0,0,0,0,no_volume,0,0,0,0,no_volume,0,0,0,0,no_volume,0,0,0,4675,0,4675,331004,0,-1.0,0,0,29,0,1,,
1775347742,,99,0,0,0,0,no_volume,0,0,0,0,no_volume,0,0,0,0,no_volume,0,0,0,4675,0,4675,331004,0,-1.0,0,0,29,0,1,,
1775347743,,99,0,0,0,0,no_volume,0,0,0,0,no_volume,0,0,0,0,no_volume,0,0,0,4675,0,4675,329504,0,-1.0,-1500,0,28,0,1,,
1775347744,,99,0,0,0,0,no_volume,0,0,0,0,no_volume,0,0,0,0,no_volume,0,0,0,4675,0,4675,331004,0,-1.0,0,0,29,0,1,,
1775347745,,99,0,0,0,0,no_volume,0,0,0,0,no_volume,0,0,0,0,no_volume,0,0,0,4675,0,4675,331004,0,-1.0,0,0,29,0,1,,
1775347746,,99,0,0,0,0,no_volume,0,0,0,0,no_volume,0,0,0,0,no_volume,0,0,0,4675,0,4675,331004,0,-1.0,1500,0,29,0,1,,
1775347747,,99,0,0,0,0,no_volume,0,0,0,0,no_volume,0,0,0,0,no_volume,0,0,0,0,0,0,331004,0,-1.0,0,0,29,0,1,,
1775347748,,99,0,0,0,0,no_volume,0,0,0,0,no_volume,0,0,0,0,no_volume,0,0,0,0,0,0,331004,0,-1.0,0,0,29,0,1,,
1775347749,,99,0,0,0,0,no_volume,0,0,0,0,no_volume,0,0,0,0,no_volume,0,0,0,0,0,0,331004,0,-1.0,0,0,29,0,1,,
1775347750,,99,0,0,0,0,no_volume,0,0,0,0,no_volume,0,0,0,0,no_volume,0,0,0,0,0,0,331004,0,-1.0,0,0,29,0,1,,
1775347751,,99,0,0,0,0,no_volume,0,0,0,0,no_volume,0,0,0,0,no_volume,0,0,0,0,0,0,331004,0,-1.0,0,0,29,0,1,,
1775347752,,99,0,200,0,200,low_activity,0,200,0,200,low_activity,0,200,0,200,low_activity,200,0,200,200,0,200,330304,0,-1.0,-700,-700,28,0,1,,
1775347753,,99,0,200,0,200,low_activity,0,200,0,200,low_activity,0,200,0,200,low_activity,0,0,0,200,0,200,329804,0,-1.0,-1200,300,28,0,1,,
1775347754,,99,0,200,0,200,low_activity,0,200,0,200,low_activity,0,200,0,200,low_activity,0,0,0,200,0,200,329304,0,-1.0,-1700,-1700,28,0,1,,
1775347755,,99,0,0,0,0,no_volume,0,200,0,200,low_activity,0,200,0,200,low_activity,0,0,0,200,0,200,330304,0,-1.0,0,-700,28,0,1,,
1775347756,,99,0,0,0,0,no_volume,0,200,0,200,low_activity,0,200,0,200,low_activity,0,0,0,200,0,200,329304,0,-1.0,-500,-1700,28,0,1,,
1775347757,,99,0,0,0,0,no_volume,0,0,0,0,no_volume,0,200,0,200,low_activity,0,0,0,200,0,200,330304,0,-1.0,1000,-700,28,0,1,,
1775347758,,99,0,0,0,0,no_volume,0,0,0,0,no_volume,0,200,0,200,low_activity,0,0,0,200,0,200,330804,0,-1.0,500,-200,29,0,1,,
1775347759,,99,0,0,0,0,no_volume,0,0,0,0,no_volume,0,200,0,200,low_activity,0,0,0,200,0,200,330804,0,-1.0,1500,-200,29,0,1,,
1775347760,,99,0,0,0,0,no_volume,0,0,0,0,no_volume,0,200,0,200,low_activity,0,0,0,200,0,200,330804,0,-1.0,500,-200,29,0,1,,
1775347761,,99,0,0,0,0,no_volume,0,0,0,0,no_volume,0,200,0,200,low_activity,0,0,0,200,0,200,330804,0,-1.0,0,-200,29,0,1,,
1775347762,,99,0,0,0,0,no_volume,0,0,0,0,no_volume,0,200,0,200,low_activity,0,0,0,200,0,200,330804,0,-1.0,0,500,29,0,1,,
1775347763,,99,0,0,0,0,no_volume,0,0,0,0,no_volume,0,200,0,200,low_activity,0,0,0,200,0,200,330654,0,-1.0,-150,850,28,0,1,,
1775347764,,99,0,0,0,0,no_volume,0,0,0,0,no_volume,0,200,0,200,low_activity,0,0,0,200,0,200,329304,0,-1.0,-1500,0,28,0,1,,
1775347765,,99,0,0,0,0,no_volume,0,0,0,0,no_volume,0,200,0,200,low_activity,0,0,0,200,0,200,330804,0,-1.0,0,500,29,0,1,,
1775347766,,99,0,0,0,0,no_volume,0,0,0,0,no_volume,0,200,0,200,low_activity,0,0,0,200,0,200,329304,0,-1.0,-1350,0,28,0,1,,
1775347767,,99,0,0,0,0,no_volume,0,0,0,0,no_volume,0,200,0,200,low_activity,0,0,0,200,0,200,329323,0,-1.0,19,-981,28,0,1,,
1775347768,,99,0,0,0,0,no_volume,0,0,0,0,no_volume,0,200,0,200,low_activity,0,0,0,200,0,200,329323,0,-1.0,-1481,-1481,28,0,1,,
1775347769,,99,0,0,0,0,no_volume,0,0,0,0,no_volume,0,200,0,200,low_activity,0,0,0,200,0,200,329323,0,-1.0,19,-1481,28,0,1,,
1775347770,,99,0,0,0,0,no_volume,0,0,0,0,no_volume,0,200,0,200,low_activity,0,0,0,200,0,200,330323,0,-1.0,1000,-481,28,0,1,,
1775347771,,99,0,0,0,0,no_volume,0,0,0,0,no_volume,0,200,0,200,low_activity,0,0,0,200,0,200,330823,0,-1.0,1500,19,29,0,1,,
1775347772,,99,0,0,0,0,no_volume,0,0,0,0,no_volume,0,200,0,200,low_activity,0,0,0,200,0,200,330823,0,-1.0,1500,19,29,0,1,,
1775347773,,99,0,0,0,0,no_volume,0,0,0,0,no_volume,0,200,0,200,low_activity,0,0,0,200,0,200,329823,0,-1.0,-500,-831,28,0,1,,
1775347774,,99,0,0,0,0,no_volume,0,0,0,0,no_volume,0,200,0,200,low_activity,0,0,0,200,0,200,329323,0,-1.0,-1500,19,28,0,1,,
1775347775,,99,0,0,0,0,no_volume,0,0,0,0,no_volume,0,200,0,200,low_activity,0,0,0,200,0,200,330323,0,-1.0,-500,-481,28,0,1,,
1775347776,,99,0,0,0,0,no_volume,0,0,0,0,no_volume,0,200,0,200,low_activity,0,0,0,200,0,200,330823,0,-1.0,1000,1519,29,0,1,,
1775347777,,99,0,0,0,0,no_volume,0,0,0,0,no_volume,0,200,0,200,low_activity,0,0,0,200,0,200,330823,0,-1.0,1500,1500,29,0,1,,
1775347778,,99,0,0,0,0,no_volume,0,0,0,0,no_volume,0,200,0,200,low_activity,0,0,0,200,0,200,330823,0,-1.0,500,1500,29,0,1,,
1775347779,,99,0,0,0,0,no_volume,0,0,0,0,no_volume,0,200,0,200,low_activity,0,0,0,200,0,200,330823,0,-1.0,0,1500,29,0,1,,
1775347780,,99,0,0,0,0,no_volume,0,0,0,0,no_volume,0,200,0,200,low_activity,0,0,0,200,0,200,330823,0,-1.0,0,500,29,0,1,,
1775347781,,99,0,0,0,0,no_volume,0,0,0,0,no_volume,0,200,0,200,low_activity,0,0,0,200,0,200,330823,0,-1.0,0,0,29,0,1,,
1775347782,,99,0,0,0,0,no_volume,0,0,0,0,no_volume,0,0,0,0,no_volume,0,0,0,200,0,200,330823,0,-1.0,0,0,29,0,1,,
1775347783,,99,0,0,0,0,no_volume,0,0,0,0,no_volume,0,0,0,0,no_volume,0,0,0,200,0,200,330323,0,-1.0,-500,500,29,0,1,,
1775347784,,99,0,0,0,0,no_volume,0,0,0,0,no_volume,0,0,0,0,no_volume,0,0,0,200,0,200,329323,0,-1.0,-1500,0,28,0,1,,
1775347785,,99,0,0,0,0,no_volume,0,0,0,0,no_volume,0,0,0,0,no_volume,0,0,0,200,0,200,330323,0,-1.0,-500,0,28,0,1,,
1775347786,,99,0,0,0,0,no_volume,0,0,0,0,no_volume,0,0,0,0,no_volume,0,0,0,200,0,200,330823,0,-1.0,500,0,29,0,1,,
1775347787,,99,0,0,0,0,no_volume,0,0,0,0,no_volume,0,0,0,0,no_volume,0,0,0,200,0,200,330823,0,-1.0,1500,0,29,0,1,,
1775347788,,99,0,0,0,0,no_volume,0,0,0,0,no_volume,0,0,0,0,no_volume,0,0,0,200,0,200,330823,0,-1.0,500,0,29,0,1,,
1775347789,,99,0,0,0,0,no_volume,0,0,0,0,no_volume,0,0,0,0,no_volume,0,0,0,200,0,200,330823,0,-1.0,0,0,29,0,1,,
1775347790,,99,0,0,0,0,no_volume,0,0,0,0,no_volume,0,0,0,0,no_volume,0,0,0,200,0,200,330823,0,-1.0,0,0,29,0,1,,
1775347791,,99,0,0,0,0,no_volume,0,0,0,0,no_volume,0,0,0,0,no_volume,0,0,0,200,0,200,330823,0,-1.0,0,0,29,0,1,,
1775347792,,99,0,0,0,0,no_volume,0,0,0,0,no_volume,0,0,0,0,no_volume,0,0,0,200,0,200,330823,0,-1.0,0,0,29,0,1,,
1775347793,,99,0,0,0,0,no_volume,0,0,0,0,no_volume,0,0,0,0,no_volume,0,0,0,200,0,200,329823,0,-1.0,-1000,-500,28,0,1,,
1775347794,,99,0,0,0,0,no_volume,0,0,0,0,no_volume,0,0,0,0,no_volume,0,0,0,200,0,200,330323,0,-1.0,-500,1000,28,0,1,,
1775347795,,99,0,0,0,0,no_volume,0,0,0,0,no_volume,0,0,0,0,no_volume,0,0,0,200,0,200,329823,0,-1.0,-1000,-500,28,0,1,,
1775347796,,99,0,0,0,0,no_volume,0,0,0,0,no_volume,0,0,0,0,no_volume,0,0,0,200,0,200,330823,0,-1.0,1000,0,29,0,1,,
1775347797,,99,0,0,0,0,no_volume,0,0,0,0,no_volume,0,0,0,0,no_volume,0,0,0,200,0,200,330823,0,-1.0,500,0,29,0,1,,
1775347798,,99,0,0,0,0,no_volume,0,0,0,0,no_volume,0,0,0,0,no_volume,0,0,0,200,0,200,330823,0,-1.0,1000,0,29,0,1,,
1775347799,,99,0,0,0,0,no_volume,0,0,0,0,no_volume,0,0,0,0,no_volume,0,0,0,200,0,200,330823,0,-1.0,0,0,29,0,1,,
1775347800,,99,0,0,0,0,no_volume,0,0,0,0,no_volume,0,0,0,0,no_volume,0,0,0,200,0,200,330823,0,-1.0,0,0,29,0,1,,
1775347801,,99,0,0,0,0,no_volume,0,0,0,0,no_volume,0,0,0,0,no_volume,0,0,0,200,0,200,330823,0,-1.0,0,0,29,0,1,,
1775347802,,99,0,0,0,0,no_volume,0,0,0,0,no_volume,0,0,0,0,no_volume,0,0,0,200,0,200,330823,0,-1.0,0,0,29,0,1,,
1775347803,,99,0,0,0,0,no_volume,0,0,0,0,no_volume,0,0,0,0,no_volume,0,0,0,200,0,200,331173,0,-1.0,350,1350,29,0,1,,
1775347804,,99,0,0,0,0,no_volume,0,0,0,0,no_volume,0,0,0,0,no_volume,0,0,0,200,0,200,330323,0,-1.0,-500,0,28,0,1,,
1775347805,,99,0,0,0,0,no_volume,0,0,0,0,no_volume,0,0,0,0,no_volume,0,0,0,200,0,200,329823,0,-1.0,-1000,0,28,0,1,,
1775347806,,99,0,0,0,0,no_volume,0,0,0,0,no_volume,0,0,0,0,no_volume,0,0,0,200,0,200,330823,0,-1.0,-350,0,29,0,1,,
1775347807,,99,0,0,0,0,no_volume,0,0,0,0,no_volume,0,0,0,0,no_volume,0,0,0,200,0,200,330823,0,-1.0,500,0,29,0,1,,
1775347808,,99,0,0,0,0,no_volume,0,0,0,0,no_volume,0,0,0,0,no_volume,0,0,0,200,0,200,330823,0,-1.0,1000,0,29,0,1,,
1775347809,,99,0,0,0,0,no_volume,0,0,0,0,no_volume,0,0,0,0,no_volume,0,0,0,200,0,200,330823,0,-1.0,0,0,29,0,1,,
1775347810,,99,0,0,0,0,no_volume,0,0,0,0,no_volume,0,0,0,0,no_volume,0,0,0,200,0,200,330823,0,-1.0,0,0,29,0,1,,
1775347811,,99,0,0,0,0,no_volume,0,0,0,0,no_volume,0,0,0,0,no_volume,0,0,0,200,0,200,330823,0,-1.0,0,0,29,0,1,,
1775347812,,99,0,0,0,0,no_volume,0,0,0,0,no_volume,0,0,0,0,no_volume,0,0,0,0,0,0,330823,0,-1.0,0,0,29,0,1,,
1775347813,,99,0,0,0,0,no_volume,0,0,0,0,no_volume,0,0,0,0,no_volume,0,0,0,0,0,0,330323,0,-1.0,-500,-850,29,0,1,,
1775347814,,99,0,0,0,0,no_volume,0,0,0,0,no_volume,0,0,0,0,no_volume,0,0,0,0,0,0,329823,0,-1.0,-1000,-500,28,0,1,,
1775347815,,99,0,0,0,0,no_volume,0,0,0,0,no_volume,0,0,0,0,no_volume,0,0,0,0,0,0,330323,0,-1.0,-500,500,28,0,1,,
1775347816,,99,0,0,0,0,no_volume,0,0,0,0,no_volume,0,0,0,0,no_volume,0,0,0,0,0,0,330323,0,-1.0,0,-500,28,0,1,,
1775347817,,99,0,0,0,0,no_volume,0,0,0,0,no_volume,0,0,0,0,no_volume,0,0,0,0,0,0,330823,0,-1.0,1000,0,29,0,1,,
1775347818,,99,0,0,0,0,no_volume,0,0,0,0,no_volume,0,0,0,0,no_volume,0,0,0,0,0,0,330823,0,-1.0,500,0,29,0,1,,
1775347819,,99,0,0,0,0,no_volume,0,0,0,0,no_volume,0,0,0,0,no_volume,0,0,0,0,0,0,330823,0,-1.0,500,0,29,0,1,,
1775347820,,99,0,0,0,0,no_volume,0,0,0,0,no_volume,0,0,0,0,no_volume,0,0,0,0,0,0,330823,0,-1.0,0,0,29,0,1,,
1775347821,,99,0,0,0,0,no_volume,0,0,0,0,no_volume,0,0,0,0,no_volume,0,0,0,0,0,0,330823,0,-1.0,0,0,29,0,1,,
1775347822,,99,0,0,0,0,no_volume,0,0,0,0,no_volume,0,0,0,0,no_volume,0,0,0,0,0,0,330823,0,-1.0,0,0,29,0,1,,
1775347823,,99,0,0,0,0,no_volume,0,0,0,0,no_volume,0,0,0,0,no_volume,0,0,0,0,0,0,329823,0,-1.0,-1000,-500,28,0,1,,
1775347824,,99,0,0,0,0,no_volume,0,0,0,0,no_volume,0,0,0,0,no_volume,0,0,0,0,0,0,329323,0,-1.0,-1500,-500,28,0,1,,
1775347825,,99,0,0,0,0,no_volume,0,0,0,0,no_volume,0,0,0,0,no_volume,0,0,0,0,0,0,329323,0,-1.0,-1500,-1000,28,0,1,,
1775347826,,99,0,0,0,0,no_volume,0,0,0,0,no_volume,0,0,0,0,no_volume,0,0,0,0,0,0,329823,0,-1.0,0,-500,29,0,1,,
1775347827,,99,0,0,0,0,no_volume,0,0,0,0,no_volume,0,0,0,0,no_volume,0,0,0,0,0,0,330323,0,-1.0,1000,-500,28,0,1,,
1775347828,,99,0,0,0,0,no_volume,0,0,0,0,no_volume,0,0,0,0,no_volume,0,0,0,0,0,0,329823,0,-1.0,500,-1000,28,0,1,,
1775347829,,99,0,0,0,0,no_volume,0,0,0,0,no_volume,0,0,0,0,no_volume,0,0,0,0,0,0,330823,0,-1.0,1000,0,29,0,1,,
1775347830,,99,0,166,0,166,low_activity,0,166,0,166,low_activity,0,166,0,166,low_activity,166,0,166,166,0,166,330157,0,-1.0,-166,-666,28,0,1,,
1775347831,,99,0,166,0,166,low_activity,0,166,0,166,low_activity,0,166,0,166,low_activity,0,0,0,166,0,166,330657,0,-1.0,834,-166,29,0,1,,
1775347832,,99,0,166,0,166,low_activity,0,166,0,166,low_activity,0,166,0,166,low_activity,0,0,0,166,0,166,330657,0,-1.0,-166,-166,29,0,1,,
1775347833,,99,0,0,0,0,no_volume,0,166,0,166,low_activity,0,166,0,166,low_activity,0,0,0,166,0,166,329157,0,-1.0,-1000,-666,28,0,1,,
1775347834,,99,0,0,0,0,no_volume,0,166,0,166,low_activity,0,166,0,166,low_activity,0,0,0,166,0,166,330157,0,-1.0,-500,834,28,0,1,,
1775347835,,99,0,0,0,0,no_volume,0,0,0,0,no_volume,0,166,0,166,low_activity,0,0,0,166,0,166,329157,0,-1.0,-1500,-166,28,0,1,,
1775347836,,99,0,0,0,0,no_volume,0,0,0,0,no_volume,0,166,0,166,low_activity,0,0,0,166,0,166,329157,0,-1.0,0,-666,28,0,1,,
1775347837,,99,0,0,0,0,no_volume,0,0,0,0,no_volume,0,166,0,166,low_activity,0,0,0,166,0,166,329157,0,-1.0,-1000,-1166,28,0,1,,
1775347838,,99,0,0,0,0,no_volume,0,0,0,0,no_volume,0,166,0,166,low_activity,0,0,0,166,0,166,329157,0,-1.0,0,-666,28,0,1,,
1775347839,,99,0,46,0,46,low_activity,0,46,0,46,low_activity,0,212,0,212,low_activity,46,0,46,212,0,212,329111,0,-1.0,-46,-1712,28,0,1,,
1775347840,,99,0,46,0,46,low_activity,0,46,0,46,low_activity,0,212,0,212,low_activity,0,0,0,212,0,212,329111,0,-1.0,-46,-1046,28,0,1,,
1775347841,,99,0,46,0,46,low_activity,0,46,0,46,low_activity,0,212,0,212,low_activity,0,0,0,212,0,212,329111,0,-1.0,-46,-1546,28,0,1,,
1775347842,,99,0,0,0,0,no_volume,0,46,0,46,low_activity,0,212,0,212,low_activity,0,0,0,212,0,212,330111,0,-1.0,1000,-546,28,0,1,,
1775347843,,99,0,0,0,0,no_volume,0,46,0,46,low_activity,0,212,0,212,low_activity,0,0,0,212,0,212,329611,0,-1.0,500,454,28,0,1,,
1775347844,,99,0,0,0,0,no_volume,0,0,0,0,no_volume,0,212,0,212,low_activity,0,0,0,212,0,212,329611,0,-1.0,500,-546,28,0,1,,
1775347845,,99,0,0,0,0,no_volume,0,0,0,0,no_volume,0,212,0,212,low_activity,0,0,0,212,0,212,329111,0,-1.0,-1000,-46,28,0,1,,
1775347846,,99,0,0,0,0,no_volume,0,0,0,0,no_volume,0,212,0,212,low_activity,0,0,0,212,0,212,330111,0,-1.0,500,954,28,0,1,,
1775347847,,99,0,0,0,0,no_volume,0,0,0,0,no_volume,0,212,0,212,low_activity,0,0,0,212,0,212,330611,0,-1.0,1000,1454,29,0,1,,
1775347848,,99,0,0,0,0,no_volume,0,0,0,0,no_volume,0,212,0,212,low_activity,0,0,0,212,0,212,330611,0,-1.0,1500,1454,29,0,1,,
1775347849,,99,0,0,0,0,no_volume,0,0,0,0,no_volume,0,212,0,212,low_activity,0,0,0,212,0,212,330611,0,-1.0,500,1500,29,0,1,,
1775347850,,99,0,0,0,0,no_volume,0,0,0,0,no_volume,0,212,0,212,low_activity,0,0,0,212,0,212,330611,0,-1.0,0,1500,29,0,1,,
1775347851,,99,0,0,0,0,no_volume,0,0,0,0,no_volume,0,212,0,212,low_activity,0,0,0,212,0,212,330611,0,-1.0,0,1500,29,0,1,,
1775347852,,99,0,0,0,0,no_volume,0,0,0,0,no_volume,0,212,0,212,low_activity,0,0,0,212,0,212,330611,0,-1.0,0,500,29,0,1,,
1775347853,,99,0,0,0,0,no_volume,0,0,0,0,no_volume,0,212,0,212,low_activity,0,0,0,212,0,212,330611,0,-1.0,0,1000,29,0,1,,
1775347854,,99,0,0,0,0,no_volume,0,0,0,0,no_volume,0,212,0,212,low_activity,0,0,0,212,0,212,329611,0,-1.0,-1000,0,28,0,1,,
1775347855,,99,0,0,0,0,no_volume,0,0,0,0,no_volume,0,212,0,212,low_activity,0,0,0,212,0,212,329611,0,-1.0,-1000,500,28,0,1,,
1775347856,,99,0,0,0,0,no_volume,0,0,0,0,no_volume,0,212,0,212,low_activity,0,0,0,212,0,212,330611,0,-1.0,0,500,29,0,1,,
1775347857,,99,0,0,0,0,no_volume,0,0,0,0,no_volume,0,212,0,212,low_activity,0,0,0,212,0,212,330611,0,-1.0,1000,0,29,0,1,,
1775347858,,99,0,0,0,0,no_volume,0,0,0,0,no_volume,0,212,0,212,low_activity,0,0,0,212,0,212,330611,0,-1.0,1000,0,29,0,1,,
1775347859,,99,0,0,0,0,no_volume,0,0,0,0,no_volume,0,212,0,212,low_activity,0,0,0,212,0,212,330611,0,-1.0,0,0,29,0,1,,
1775347860,,99,0,0,0,0,no_volume,0,0,0,0,no_volume,0,46,0,46,low_activity,0,0,0,212,0,212,330611,0,-1.0,0,0,29,0,1,,
1775347861,,99,0,0,0,0,no_volume,0,0,0,0,no_volume,0,46,0,46,low_activity,0,0,0,212,0,212,330611,0,-1.0,0,0,29,0,1,,
1775347862,,99,0,0,0,0,no_volume,0,0,0,0,no_volume,0,46,0,46,low_activity,0,0,0,212,0,212,330611,0,-1.0,0,0,29,0,1,,
1775347863,,99,0,0,0,0,no_volume,0,0,0,0,no_volume,0,46,0,46,low_activity,0,0,0,212,0,212,330611,0,-1.0,0,0,29,0,1,,
1775347864,,99,0,0,0,0,no_volume,0,0,0,0,no_volume,0,46,0,46,low_activity,0,0,0,212,0,212,329111,0,-1.0,-1500,-500,28,0,1,,
1775347865,,99,0,0,0,0,no_volume,0,0,0,0,no_volume,0,46,0,46,low_activity,0,0,0,212,0,212,329111,0,-1.0,-1500,-500,28,0,1,,
1775347866,,99,0,0,0,0,no_volume,0,0,0,0,no_volume,0,46,0,46,low_activity,0,0,0,212,0,212,330111,0,-1.0,-500,-500,28,0,1,,
1775347867,,99,0,0,0,0,no_volume,0,0,0,0,no_volume,0,46,0,46,low_activity,0,0,0,212,0,212,330611,0,-1.0,1500,0,29,0,1,,
1775347868,,99,0,0,0,0,no_volume,0,0,0,0,no_volume,0,46,0,46,low_activity,0,0,0,212,0,212,330611,0,-1.0,1500,0,29,0,1,,
1775347869,,99,0,0,0,0,no_volume,0,0,0,0,no_volume,0,0,0,0,no_volume,0,0,0,212,0,212,330611,0,-1.0,500,0,29,0,1,,
1775347870,,99,0,0,0,0,no_volume,0,0,0,0,no_volume,0,0,0,0,no_volume,0,0,0,212,0,212,330611,0,-1.0,0,0,29,0,1,,
1775347871,,99,0,0,0,0,no_volume,0,0,0,0,no_volume,0,0,0,0,no_volume,0,0,0,212,0,212,330611,0,-1.0,0,0,29,0,1,,
1775347872,,99,0,0,0,0,no_volume,0,0,0,0,no_volume,0,0,0,0,no_volume,0,0,0,212,0,212,330611,0,-1.0,0,0,29,0,1,,
1775347873,,99,0,0,0,0,no_volume,0,0,0,0,no_volume,0,0,0,0,no_volume,0,0,0,212,0,212,330611,0,-1.0,0,0,29,0,1,,
1775347874,,99,0,935,0,935,low_activity,0,935,0,935,low_activity,0,935,0,935,low_activity,935,0,935,1147,0,1147,328676,0,-1.0,-1935,-435,28,0,1,,
1775347875,,99,0,935,0,935,low_activity,0,935,0,935,low_activity,0,935,0,935,low_activity,0,0,0,1147,0,1147,328176,0,-1.0,-2435,-935,28,0,1,,
1775347876,,99,0,935,0,935,low_activity,0,935,0,935,low_activity,0,935,0,935,low_activity,0,0,0,1147,0,1147,329176,0,-1.0,-1435,-935,28,0,1,,
1775347877,,99,0,0,0,0,no_volume,0,935,0,935,low_activity,0,935,0,935,low_activity,0,0,0,1147,0,1147,328176,0,-1.0,-500,-2435,28,0,1,,
1775347878,,99,0,0,0,0,no_volume,0,935,0,935,low_activity,0,935,0,935,low_activity,0,0,0,1147,0,1147,329676,0,-1.0,1500,-935,29,0,1,,
1775347879,,99,0,0,0,0,no_volume,0,0,0,0,no_volume,0,935,0,935,low_activity,0,0,0,1147,0,1147,329676,0,-1.0,500,-935,29,0,1,,
1775347880,,99,0,0,0,0,no_volume,0,0,0,0,no_volume,0,935,0,935,low_activity,0,0,0,1147,0,1147,329676,0,-1.0,1500,-935,29,0,1,,
1775347881,,99,0,0,0,0,no_volume,0,0,0,0,no_volume,0,935,0,935,low_activity,0,0,0,1147,0,1147,329676,0,-1.0,0,-935,29,0,1,,
1775347882,,99,0,0,0,0,no_volume,0,0,0,0,no_volume,0,935,0,935,low_activity,0,0,0,1147,0,1147,329676,0,-1.0,0,-935,29,0,1,,
1775347883,,99,0,0,0,0,no_volume,0,0,0,0,no_volume,0,935,0,935,low_activity,0,0,0,1147,0,1147,329526,0,-1.0,-150,-1085,29,0,1,,
1775347884,,99,0,0,0,0,no_volume,0,0,0,0,no_volume,0,935,0,935,low_activity,0,0,0,1147,0,1147,329176,0,-1.0,-500,500,28,0,1,,
1775347885,,99,0,0,0,0,no_volume,0,0,0,0,no_volume,0,935,0,935,low_activity,0,0,0,1147,0,1147,328176,0,-1.0,-1500,0,28,0,1,,
1775347886,,99,0,0,0,0,no_volume,0,0,0,0,no_volume,0,935,0,935,low_activity,0,0,0,1147,0,1147,328176,0,-1.0,-1350,-1000,28,0,1,,
1775347887,,99,0,0,0,0,no_volume,0,0,0,0,no_volume,0,935,0,935,low_activity,0,0,0,1147,0,1147,329176,0,-1.0,0,1000,29,0,1,,
1775347888,,99,0,0,0,0,no_volume,0,0,0,0,no_volume,0,935,0,935,low_activity,0,0,0,1147,0,1147,328176,0,-1.0,0,-1500,28,0,1,,
1775347889,,99,0,0,0,0,no_volume,0,0,0,0,no_volume,0,935,0,935,low_activity,0,0,0,1147,0,1147,328176,0,-1.0,0,-1500,28,0,1,,
1775347890,,99,0,0,0,0,no_volume,0,0,0,0,no_volume,0,935,0,935,low_activity,0,0,0,981,0,981,328176,0,-1.0,-1000,-1500,28,0,1,,
1775347891,,99,0,0,0,0,no_volume,0,0,0,0,no_volume,0,935,0,935,low_activity,0,0,0,981,0,981,328176,0,-1.0,0,-1500,28,0,1,,
1775347892,,99,0,0,0,0,no_volume,0,0,0,0,no_volume,0,935,0,935,low_activity,0,0,0,981,0,981,328676,0,-1.0,500,-1000,28,0,1,,
1775347893,,99,0,0,0,0,no_volume,0,0,0,0,no_volume,0,935,0,935,low_activity,0,0,0,981,0,981,328676,0,-1.0,500,-850,28,0,1,,
1775347894,,99,0,0,0,0,no_volume,0,0,0,0,no_volume,0,935,0,935,low_activity,0,0,0,981,0,981,328176,0,-1.0,0,-1000,28,0,1,,
1775347895,,99,0,0,0,0,no_volume,0,0,0,0,no_volume,0,935,0,935,low_activity,0,0,0,981,0,981,328176,0,-1.0,-500,0,28,0,1,,
1775347896,,99,0,0,0,0,no_volume,0,0,0,0,no_volume,0,935,0,935,low_activity,0,0,0,981,0,981,329176,0,-1.0,500,1000,28,0,1,,
1775347897,,99,0,0,0,0,no_volume,0,0,0,0,no_volume,0,935,0,935,low_activity,0,0,0,981,0,981,328176,0,-1.0,0,-1000,28,0,1,,
1775347898,,99,0,0,0,0,no_volume,0,0,0,0,no_volume,0,935,0,935,low_activity,0,0,0,981,0,981,329676,0,-1.0,1500,1500,29,0,1,,
1775347899,,99,0,0,0,0,no_volume,0,0,0,0,no_volume,0,935,0,935,low_activity,0,0,0,935,0,935,329676,0,-1.0,500,1500,29,0,1,,
1775347900,,99,0,0,0,0,no_volume,0,0,0,0,no_volume,0,935,0,935,low_activity,0,0,0,935,0,935,329676,0,-1.0,1500,1500,29,0,1,,
1775347901,,99,0,0,0,0,no_volume,0,0,0,0,no_volume,0,935,0,935,low_activity,0,0,0,935,0,935,329676,0,-1.0,0,1500,29,0,1,,
1775347902,,99,0,0,0,0,no_volume,0,0,0,0,no_volume,0,935,0,935,low_activity,0,0,0,935,0,935,329676,0,-1.0,0,1000,29,0,1,,
1775347903,,99,0,0,0,0,no_volume,0,0,0,0,no_volume,0,935,0,935,low_activity,0,0,0,935,0,935,329676,0,-1.0,0,1000,29,0,1,,
1775347904,,99,0,0,0,0,no_volume,0,0,0,0,no_volume,0,0,0,0,no_volume,0,0,0,935,0,935,328676,0,-1.0,-1000,500,28,0,1,,
1775347905,,99,0,0,0,0,no_volume,0,0,0,0,no_volume,0,0,0,0,no_volume,0,0,0,935,0,935,328176,0,-1.0,-1500,0,28,0,1,,
1775347906,,99,0,0,0,0,no_volume,0,0,0,0,no_volume,0,0,0,0,no_volume,0,0,0,935,0,935,328176,0,-1.0,-1500,-1000,28,0,1,,
1775347907,,99,0,935,0,935,low_activity,0,935,0,935,low_activity,0,935,0,935,low_activity,935,0,935,1870,0,1870,327741,0,-1.0,-935,-435,28,0,1,,
1775347908,,99,0,935,0,935,low_activity,0,935,0,935,low_activity,0,935,0,935,low_activity,0,0,0,1870,0,1870,328741,0,-1.0,565,-935,29,0,1,,
1775347909,,99,0,1101,0,1101,low_activity,0,1101,0,1101,low_activity,0,1101,0,1101,low_activity,166,0,166,2036,0,2036,328075,0,-1.0,-101,-1601,28,0,1,,
1775347910,,99,0,166,0,166,low_activity,0,1101,0,1101,low_activity,0,1101,0,1101,low_activity,0,0,0,2036,0,2036,327575,0,-1.0,-166,-2101,28,0,1,,
1775347911,,99,0,166,0,166,low_activity,0,1101,0,1101,low_activity,0,1101,0,1101,low_activity,0,0,0,2036,0,2036,327075,0,-1.0,-1666,-2601,28,0,1,,
1775347912,,99,0,0,0,0,no_volume,0,166,0,166,low_activity,0,1101,0,1101,low_activity,0,0,0,2036,0,2036,328075,0,-1.0,0,-1601,28,0,1,,
1775347913,,99,0,0,0,0,no_volume,0,166,0,166,low_activity,0,1101,0,1101,low_activity,0,0,0,2036,0,2036,327575,0,-1.0,0,-2101,28,0,1,,
1775347914,,99,0,0,0,0,no_volume,0,0,0,0,no_volume,0,1101,0,1101,low_activity,0,0,0,2036,0,2036,327075,0,-1.0,0,-1601,28,0,1,,
1775347915,,99,0,0,0,0,no_volume,0,0,0,0,no_volume,0,1101,0,1101,low_activity,0,0,0,2036,0,2036,328575,0,-1.0,500,399,29,0,1,,
1775347916,,99,0,0,0,0,no_volume,0,0,0,0,no_volume,0,1101,0,1101,low_activity,0,0,0,2036,0,2036,328575,0,-1.0,1000,399,29,0,1,,
1775347917,,99,0,0,0,0,no_volume,0,0,0,0,no_volume,0,1101,0,1101,low_activity,0,0,0,2036,0,2036,328575,0,-1.0,1500,834,29,0,1,,
1775347918,,99,0,0,0,0,no_volume,0,0,0,0,no_volume,0,1101,0,1101,low_activity,0,0,0,2036,0,2036,328575,0,-1.0,0,-166,29,0,1,,
1775347919,,99,0,0,0,0,no_volume,0,0,0,0,no_volume,0,1101,0,1101,low_activity,0,0,0,2036,0,2036,328575,0,-1.0,0,500,29,0,1,,
1775347920,,99,0,0,0,0,no_volume,0,0,0,0,no_volume,0,1101,0,1101,low_activity,0,0,0,2036,0,2036,328575,0,-1.0,0,1000,29,0,1,,
1775347921,,99,0,0,0,0,no_volume,0,0,0,0,no_volume,0,1101,0,1101,low_activity,0,0,0,2036,0,2036,328575,0,-1.0,0,1500,29,0,1,,
1775347922,,99,0,0,0,0,no_volume,0,0,0,0,no_volume,0,1101,0,1101,low_activity,0,0,0,2036,0,2036,328575,0,-1.0,0,500,29,0,1,,
1775347923,,99,0,0,0,0,no_volume,0,0,0,0,no_volume,0,1101,0,1101,low_activity,0,0,0,2036,0,2036,328075,0,-1.0,-500,500,28,0,1,,
1775347924,,99,0,0,0,0,no_volume,0,0,0,0,no_volume,0,1101,0,1101,low_activity,0,0,0,2036,0,2036,328069,0,-1.0,-506,994,28,0,1,,
1775347925,,99,0,0,0,0,no_volume,0,0,0,0,no_volume,0,1101,0,1101,low_activity,0,0,0,2036,0,2036,328569,0,-1.0,-6,-6,29,0,1,,
1775347926,,99,0,0,0,0,no_volume,0,0,0,0,no_volume,0,1101,0,1101,low_activity,0,0,0,2036,0,2036,328569,0,-1.0,494,-6,29,0,1,,
1775347927,,99,0,0,0,0,no_volume,0,0,0,0,no_volume,0,1101,0,1101,low_activity,0,0,0,2036,0,2036,328569,0,-1.0,500,-6,29,0,1,,
1775347928,,99,0,0,0,0,no_volume,0,0,0,0,no_volume,0,1101,0,1101,low_activity,0,0,0,2036,0,2036,328569,0,-1.0,0,-6,29,0,1,,
1775347929,,99,0,0,0,0,no_volume,0,0,0,0,no_volume,0,1101,0,1101,low_activity,0,0,0,2036,0,2036,328569,0,-1.0,0,-6,29,0,1,,
1775347930,,99,0,0,0,0,no_volume,0,0,0,0,no_volume,0,1101,0,1101,low_activity,0,0,0,2036,0,2036,328569,0,-1.0,0,-6,29,0,1,,
1775347931,,99,0,0,0,0,no_volume,0,0,0,0,no_volume,0,1101,0,1101,low_activity,0,0,0,2036,0,2036,328569,0,-1.0,0,-6,29,0,1,,
1775347932,,99,0,0,0,0,no_volume,0,0,0,0,no_volume,0,1101,0,1101,low_activity,0,0,0,2036,0,2036,328569,0,-1.0,0,-6,29,0,1,,
1775347933,,99,0,0,0,0,no_volume,0,0,0,0,no_volume,0,1101,0,1101,low_activity,0,0,0,2036,0,2036,327569,0,-1.0,-1000,-506,28,0,1,,
1775347934,,99,0,0,0,0,no_volume,0,0,0,0,no_volume,0,1101,0,1101,low_activity,0,0,0,1101,0,1101,328069,0,-1.0,-500,0,28,0,1,,
1775347935,,99,0,0,0,0,no_volume,0,0,0,0,no_volume,0,1101,0,1101,low_activity,0,0,0,1101,0,1101,327569,0,-1.0,-1000,-1000,28,0,1,,
1775347936,,99,0,0,0,0,no_volume,0,0,0,0,no_volume,0,1101,0,1101,low_activity,0,0,0,1101,0,1101,327569,0,-1.0,0,-1000,29,0,1,,
1775347937,,99,0,0,0,0,no_volume,0,0,0,0,no_volume,0,166,0,166,low_activity,0,0,0,1101,0,1101,328069,0,-1.0,0,-500,29,0,1,,
1775347938,,99,0,0,0,0,no_volume,0,0,0,0,no_volume,0,166,0,166,low_activity,0,0,0,1101,0,1101,328569,0,-1.0,1000,0,29,0,1,,
1775347939,,99,0,0,0,0,no_volume,0,0,0,0,no_volume,0,0,0,0,no_volume,0,0,0,1101,0,1101,328569,0,-1.0,1000,0,29,0,1,,
1775347940,,99,0,0,0,0,no_volume,0,0,0,0,no_volume,0,0,0,0,no_volume,0,0,0,1101,0,1101,328069,0,-1.0,0,-500,28,0,1,,
1775347941,,99,0,0,0,0,no_volume,0,0,0,0,no_volume,0,0,0,0,no_volume,0,0,0,1101,0,1101,327069,0,-1.0,-1500,-1500,28,0,1,,
1775347942,,99,0,0,0,0,no_volume,0,0,0,0,no_volume,0,0,0,0,no_volume,0,0,0,1101,0,1101,328492,0,-1.0,-77,-77,29,0,1,,
1775347943,,99,0,0,0,0,no_volume,0,0,0,0,no_volume,0,0,0,0,no_volume,0,0,0,1101,0,1101,328342,0,-1.0,273,773,29,0,1,,
1775347944,,99,0,0,0,0,no_volume,0,0,0,0,no_volume,0,0,0,0,no_volume,0,0,0,1101,0,1101,328168,0,-1.0,1099,99,29,0,1,,
1775347945,,99,0,0,0,0,no_volume,0,0,0,0,no_volume,0,0,0,0,no_volume,0,0,0,1101,0,1101,328168,0,-1.0,-324,599,29,0,1,,
1775347946,,99,0,0,0,0,no_volume,0,0,0,0,no_volume,0,0,0,0,no_volume,0,0,0,1101,0,1101,328168,0,-1.0,-174,599,29,0,1,,
1775347947,,99,0,0,0,0,no_volume,0,0,0,0,no_volume,0,0,0,0,no_volume,0,0,0,1101,0,1101,328168,0,-1.0,0,99,29,0,1,,
1775347948,,99,0,0,0,0,no_volume,0,0,0,0,no_volume,0,0,0,0,no_volume,0,0,0,1101,0,1101,328168,0,-1.0,0,-401,29,0,1,,
1775347949,,99,0,0,0,0,no_volume,0,0,0,0,no_volume,0,0,0,0,no_volume,0,0,0,1101,0,1101,328168,0,-1.0,0,-401,29,0,1,,
1775347950,,99,0,0,0,0,no_volume,0,0,0,0,no_volume,0,0,0,0,no_volume,0,0,0,1101,0,1101,328470,0,-1.0,302,401,29,0,1,,
1775347951,,99,0,0,0,0,no_volume,0,0,0,0,no_volume,0,0,0,0,no_volume,0,0,0,1101,0,1101,328470,0,-1.0,302,1401,29,0,1,,
1775347952,,99,0,0,0,0,no_volume,0,0,0,0,no_volume,0,0,0,0,no_volume,0,0,0,1101,0,1101,327668,0,-1.0,-500,-824,28,0,1,,
1775347953,,99,0,166,0,166,low_activity,0,166,0,166,low_activity,0,166,0,166,low_activity,166,0,166,1267,0,1267,327002,0,-1.0,-1468,-1340,28,0,1,,
1775347954,,99,0,166,0,166,low_activity,0,166,0,166,low_activity,0,166,0,166,low_activity,0,0,0,1267,0,1267,326502,0,-1.0,-1968,-1666,28,0,1,,
1775347955,,99,0,166,0,166,low_activity,0,166,0,166,low_activity,0,166,0,166,low_activity,0,0,0,1267,0,1267,327002,0,-1.0,-666,-1166,28,0,1,,
1775347956,,99,0,0,0,0,no_volume,0,166,0,166,low_activity,0,166,0,166,low_activity,0,0,0,1267,0,1267,328002,0,-1.0,1000,-166,29,0,1,,
1775347957,,99,0,0,0,0,no_volume,0,166,0,166,low_activity,0,166,0,166,low_activity,0,0,0,1267,0,1267,328328,0,-1.0,1826,160,29,0,1,,
1775347958,,99,0,0,0,0,no_volume,0,0,0,0,no_volume,0,166,0,166,low_activity,0,0,0,1267,0,1267,328328,0,-1.0,1326,160,29,0,1,,
1775347959,,99,0,0,0,0,no_volume,0,0,0,0,no_volume,0,166,0,166,low_activity,0,0,0,1267,0,1267,328002,0,-1.0,0,-166,29,0,1,,
1775347960,,99,0,0,0,0,no_volume,0,0,0,0,no_volume,0,166,0,166,low_activity,0,0,0,1267,0,1267,328002,0,-1.0,-326,-468,29,0,1,,
1775347961,,99,0,0,0,0,no_volume,0,0,0,0,no_volume,0,166,0,166,low_activity,0,0,0,1267,0,1267,328002,0,-1.0,-326,-468,29,0,1,,
1775347962,,99,0,0,0,0,no_volume,0,0,0,0,no_volume,0,166,0,166,low_activity,0,0,0,1267,0,1267,326652,0,-1.0,-1350,-1016,28,0,1,,
1775347963,,99,0,0,0,0,no_volume,0,0,0,0,no_volume,0,166,0,166,low_activity,0,0,0,1267,0,1267,327002,0,-1.0,-1000,0,28,0,1,,
1775347964,,99,0,0,0,0,no_volume,0,0,0,0,no_volume,0,166,0,166,low_activity,0,0,0,1267,0,1267,327805,0,-1.0,-197,1303,28,0,1,,
1775347965,,99,0,0,0,0,no_volume,0,0,0,0,no_volume,0,166,0,166,low_activity,0,0,0,1267,0,1267,328305,0,-1.0,1653,1303,29,0,1,,
1775347966,,99,0,0,0,0,no_volume,0,0,0,0,no_volume,0,166,0,166,low_activity,0,0,0,1267,0,1267,328002,0,-1.0,1000,0,29,0,1,,
1775347967,,99,0,0,0,0,no_volume,0,0,0,0,no_volume,0,166,0,166,low_activity,0,0,0,332,0,332,327002,0,-1.0,-803,-1326,29,0,1,,
1775347968,,99,0,0,0,0,no_volume,0,0,0,0,no_volume,0,166,0,166,low_activity,0,0,0,332,0,332,327002,0,-1.0,-1303,-1326,29,0,1,,
1775347969,,99,0,0,0,0,no_volume,0,0,0,0,no_volume,0,166,0,166,low_activity,0,0,0,166,0,166,328002,0,-1.0,0,0,29,0,1,,
1775347970,,99,0,0,0,0,no_volume,0,0,0,0,no_volume,0,166,0,166,low_activity,0,0,0,166,0,166,328008,0,-1.0,1006,6,29,0,1,,
1775347971,,99,0,0,0,0,no_volume,0,0,0,0,no_volume,0,166,0,166,low_activity,0,0,0,166,0,166,328008,0,-1.0,1006,6,29,0,1,,
1775347972,,99,0,0,0,0,no_volume,0,0,0,0,no_volume,0,166,0,166,low_activity,0,0,0,166,0,166,328301,0,-1.0,299,1649,29,0,1,,
1775347973,,99,0,0,0,0,no_volume,0,0,0,0,no_volume,0,166,0,166,low_activity,0,0,0,166,0,166,327451,0,-1.0,-557,449,28,0,1,,
1775347974,,99,0,0,0,0,no_volume,0,0,0,0,no_volume,0,166,0,166,low_activity,0,0,0,166,0,166,327008,0,-1.0,-1000,-797,28,0,1,,
1775347975,,99,0,0,0,0,no_volume,0,0,0,0,no_volume,0,166,0,166,low_activity,0,0,0,166,0,166,328008,0,-1.0,-293,-297,29,0,1,,
1775347976,,99,0,0,0,0,no_volume,0,0,0,0,no_volume,0,166,0,166,low_activity,0,0,0,166,0,166,328008,0,-1.0,557,6,29,0,1,,
1775347977,,99,0,0,0,0,no_volume,0,0,0,0,no_volume,0,166,0,166,low_activity,0,0,0,166,0,166,327008,0,-1.0,0,6,29,0,1,,
1775347978,,99,0,93,0,93,low_activity,0,93,0,93,low_activity,0,259,0,259,low_activity,93,0,93,259,0,259,326415,0,-1.0,-1593,-587,28,0,1,,
1775347979,,99,0,93,0,93,low_activity,0,93,0,93,low_activity,0,259,0,259,low_activity,0,0,0,259,0,259,327415,0,-1.0,-593,-587,28,0,1,,
1775347980,,99,0,93,0,93,low_activity,0,93,0,93,low_activity,0,259,0,259,low_activity,0,0,0,259,0,259,327915,0,-1.0,907,-93,29,0,1,,
1775347981,,99,0,0,0,0,no_volume,0,93,0,93,low_activity,0,259,0,259,low_activity,0,0,0,259,0,259,327915,0,-1.0,1500,-93,29,0,1,,
1775347982,,99,0,0,0,0,no_volume,0,93,0,93,low_activity,0,259,0,259,low_activity,0,0,0,259,0,259,327915,0,-1.0,500,-386,29,0,1,,
1775347983,,99,0,0,0,0,no_volume,0,0,0,0,no_volume,0,93,0,93,low_activity,0,0,0,259,0,259,327915,0,-1.0,0,464,29,0,1,,
1775347984,,99,0,0,0,0,no_volume,0,0,0,0,no_volume,0,93,0,93,low_activity,0,0,0,259,0,259,326915,0,-1.0,-1000,-93,28,0,1,,
1775347985,,99,0,0,0,0,no_volume,0,0,0,0,no_volume,0,93,0,93,low_activity,0,0,0,259,0,259,326415,0,-1.0,-1500,-1593,28,0,1,,
1775347986,,99,0,0,0,0,no_volume,0,0,0,0,no_volume,0,93,0,93,low_activity,0,0,0,259,0,259,327915,0,-1.0,0,-93,29,0,1,,
1775347987,,99,0,0,0,0,no_volume,0,0,0,0,no_volume,0,93,0,93,low_activity,0,0,0,259,0,259,327915,0,-1.0,1000,907,29,0,1,,
1775347988,,99,0,0,0,0,no_volume,0,0,0,0,no_volume,0,93,0,93,low_activity,0,0,0,259,0,259,327415,0,-1.0,1000,1000,28,0,1,,
1775347989,,99,0,0,0,0,no_volume,0,0,0,0,no_volume,0,93,0,93,low_activity,0,0,0,259,0,259,327415,0,-1.0,-500,0,28,0,1,,
1775347990,,99,0,0,0,0,no_volume,0,0,0,0,no_volume,0,93,0,93,low_activity,0,0,0,259,0,259,327915,0,-1.0,0,0,29,0,1,,
1775347991,,99,0,0,0,0,no_volume,0,0,0,0,no_volume,0,93,0,93,low_activity,0,0,0,259,0,259,327915,0,-1.0,500,0,29,0,1,,
1775347992,,99,0,0,0,0,no_volume,0,0,0,0,no_volume,0,93,0,93,low_activity,0,0,0,259,0,259,327915,0,-1.0,500,0,29,0,1,,
1775347993,,99,0,0,0,0,no_volume,0,0,0,0,no_volume,0,93,0,93,low_activity,0,0,0,259,0,259,326915,0,-1.0,-1000,-1000,28,0,1,,
1775347994,,99,0,0,0,0,no_volume,0,0,0,0,no_volume,0,93,0,93,low_activity,0,0,0,259,0,259,326915,0,-1.0,-1000,0,28,0,1,,
1775347995,,99,0,0,0,0,no_volume,0,0,0,0,no_volume,0,93,0,93,low_activity,0,0,0,259,0,259,327915,0,-1.0,0,1500,29,0,1,,
1775347996,,99,0,0,0,0,no_volume,0,0,0,0,no_volume,0,93,0,93,low_activity,0,0,0,259,0,259,327415,0,-1.0,500,-500,28,0,1,,
1775347997,,99,0,0,0,0,no_volume,0,0,0,0,no_volume,0,93,0,93,low_activity,0,0,0,259,0,259,327415,0,-1.0,500,-500,28,0,1,,
1775347998,,99,0,0,0,0,no_volume,0,0,0,0,no_volume,0,93,0,93,low_activity,0,0,0,259,0,259,327915,0,-1.0,0,500,29,0,1,,
1775347999,,99,0,0,0,0,no_volume,0,0,0,0,no_volume,0,93,0,93,low_activity,0,0,0,259,0,259,327915,0,-1.0,500,500,29,0,1,,
1775348000,,99,0,0,0,0,no_volume,0,0,0,0,no_volume,0,93,0,93,low_activity,0,0,0,259,0,259,327915,0,-1.0,500,0,29,0,1,,
1775348001,,99,0,0,0,0,no_volume,0,0,0,0,no_volume,0,93,0,93,low_activity,0,0,0,259,0,259,327915,0,-1.0,0,0,29,0,1,,
1775348002,,99,0,0,0,0,no_volume,0,0,0,0,no_volume,0,93,0,93,low_activity,0,0,0,259,0,259,327915,0,-1.0,0,0,29,0,1,,
1775348003,,99,0,0,0,0,no_volume,0,0,0,0,no_volume,0,93,0,93,low_activity,0,0,0,259,0,259,326915,0,-1.0,-1000,0,28,0,1,,
1775348004,,99,0,0,0,0,no_volume,0,0,0,0,no_volume,0,93,0,93,low_activity,0,0,0,259,0,259,326415,0,-1.0,-1500,-500,28,0,1,,
1775348005,,99,0,0,0,0,no_volume,0,0,0,0,no_volume,0,93,0,93,low_activity,0,0,0,259,0,259,327415,0,-1.0,-500,-500,28,0,1,,
1775348006,,99,0,0,0,0,no_volume,0,0,0,0,no_volume,0,93,0,93,low_activity,0,0,0,259,0,259,327415,0,-1.0,500,0,28,0,1,,
1775348007,,99,0,0,0,0,no_volume,0,0,0,0,no_volume,0,93,0,93,low_activity,0,0,0,259,0,259,327415,0,-1.0,1000,0,28,0,1,,
1775348008,,99,0,0,0,0,no_volume,0,0,0,0,no_volume,0,0,0,0,no_volume,0,0,0,259,0,259,327415,0,-1.0,0,-500,28,0,1,,
1775348009,,99,0,0,0,0,no_volume,0,0,0,0,no_volume,0,0,0,0,no_volume,0,0,0,259,0,259,327415,0,-1.0,0,-500,28,0,1,,
1775348010,,99,0,0,0,0,no_volume,0,0,0,0,no_volume,0,0,0,0,no_volume,0,0,0,259,0,259,327415,0,-1.0,0,-500,28,0,1,,
1775348011,,99,0,0,0,0,no_volume,0,0,0,0,no_volume,0,0,0,0,no_volume,0,0,0,259,0,259,327415,0,-1.0,0,-500,28,0,1,,
1775348012,,99,0,0,0,0,no_volume,0,0,0,0,no_volume,0,0,0,0,no_volume,0,0,0,259,0,259,327415,0,-1.0,0,-500,28,0,1,,
1775348013,,99,0,0,0,0,no_volume,0,0,0,0,no_volume,0,0,0,0,no_volume,0,0,0,93,0,93,326415,0,-1.0,-1000,-500,28,0,1,,
1775348014,,99,0,0,0,0,no_volume,0,0,0,0,no_volume,0,0,0,0,no_volume,0,0,0,93,0,93,327415,0,-1.0,0,1000,28,0,1,,
1775348015,,99,0,0,0,0,no_volume,0,0,0,0,no_volume,0,0,0,0,no_volume,0,0,0,93,0,93,326415,0,-1.0,-1000,-1000,28,0,1,,
1775348016,,99,0,0,0,0,no_volume,0,0,0,0,no_volume,0,0,0,0,no_volume,0,0,0,93,0,93,326915,0,-1.0,500,-500,28,0,1,,
1775348017,,99,0,0,0,0,no_volume,0,0,0,0,no_volume,0,0,0,0,no_volume,0,0,0,93,0,93,327415,0,-1.0,0,0,29,0,1,,
1775348018,,99,0,0,0,0,no_volume,0,0,0,0,no_volume,0,0,0,0,no_volume,0,0,0,93,0,93,326915,0,-1.0,500,-500,28,0,1,,
1775348019,,99,0,0,0,0,no_volume,0,0,0,0,no_volume,0,0,0,0,no_volume,0,0,0,93,0,93,326415,0,-1.0,-500,-1000,28,0,1,,
1775348020,,99,0,0,0,0,no_volume,0,0,0,0,no_volume,0,0,0,0,no_volume,0,0,0,93,0,93,327915,0,-1.0,500,500,29,0,1,,
1775348021,,99,0,0,0,0,no_volume,0,0,0,0,no_volume,0,0,0,0,no_volume,0,0,0,93,0,93,327915,0,-1.0,1000,500,29,0,1,,
1775348022,,99,0,0,0,0,no_volume,0,0,0,0,no_volume,0,0,0,0,no_volume,0,0,0,93,0,93,327915,0,-1.0,1500,500,29,0,1,,
1775348023,,99,0,0,0,0,no_volume,0,0,0,0,no_volume,0,0,0,0,no_volume,0,0,0,93,0,93,327065,0,-1.0,-850,650,29,0,1,,
1775348024,,99,0,0,0,0,no_volume,0,0,0,0,no_volume,0,0,0,0,no_volume,0,0,0,93,0,93,326415,0,-1.0,-1500,-1000,28,0,1,,
1775348025,,99,0,0,0,0,no_volume,0,0,0,0,no_volume,0,0,0,0,no_volume,0,0,0,93,0,93,326415,0,-1.0,-1500,0,28,0,1,,
1775348026,,99,0,0,0,0,no_volume,0,0,0,0,no_volume,0,0,0,0,no_volume,0,0,0,93,0,93,326415,0,-1.0,-650,-500,28,0,1,,
1775348027,,99,0,0,0,0,no_volume,0,0,0,0,no_volume,0,0,0,0,no_volume,0,0,0,93,0,93,327415,0,-1.0,1000,0,28,0,1,,
1775348028,,99,0,0,0,0,no_volume,0,0,0,0,no_volume,0,0,0,0,no_volume,0,0,0,93,0,93,327915,0,-1.0,1500,1000,29,0,1,,
1775348029,,99,0,0,0,0,no_volume,0,0,0,0,no_volume,0,0,0,0,no_volume,0,0,0,93,0,93,327915,0,-1.0,1500,1500,29,0,1,,
1775348030,,99,0,0,0,0,no_volume,0,0,0,0,no_volume,0,0,0,0,no_volume,0,0,0,93,0,93,327915,0,-1.0,500,0,29,0,1,,
1775348031,,99,0,0,0,0,no_volume,0,0,0,0,no_volume,0,0,0,0,no_volume,0,0,0,93,0,93,327915,0,-1.0,0,0,29,0,1,,
1775348032,,99,0,0,0,0,no_volume,0,0,0,0,no_volume,0,0,0,0,no_volume,0,0,0,93,0,93,327915,0,-1.0,0,0,29,0,1,,
1775348033,,99,0,0,0,0,no_volume,0,0,0,0,no_volume,0,0,0,0,no_volume,0,0,0,93,0,93,326935,0,-1.0,-980,-130,28,0,1,,
1775348034,,99,0,0,0,0,no_volume,0,0,0,0,no_volume,0,0,0,0,no_volume,0,0,0,93,0,93,326935,0,-1.0,-980,520,28,0,1,,
1775348035,,99,0,0,0,0,no_volume,0,0,0,0,no_volume,0,0,0,0,no_volume,0,0,0,93,0,93,327435,0,-1.0,-480,1020,29,0,1,,
1775348036,,99,0,0,0,0,no_volume,0,0,0,0,no_volume,0,0,0,0,no_volume,0,0,0,93,0,93,327435,0,-1.0,500,1020,29,0,1,,
1775348037,,99,0,0,0,0,no_volume,0,0,0,0,no_volume,0,0,0,0,no_volume,0,0,0,93,0,93,327435,0,-1.0,500,20,28,0,1,,
1775348038,,99,0,0,0,0,no_volume,0,0,0,0,no_volume,0,0,0,0,no_volume,0,0,0,0,0,0,327435,0,-1.0,0,-480,28,0,1,,
1775348039,,99,0,0,0,0,no_volume,0,0,0,0,no_volume,0,0,0,0,no_volume,0,0,0,0,0,0,327435,0,-1.0,0,-480,28,0,1,,
1775348040,,99,0,0,0,0,no_volume,0,0,0,0,no_volume,0,0,0,0,no_volume,0,0,0,0,0,0,327435,0,-1.0,0,-480,28,0,1,,
1775348041,,99,0,0,0,0,no_volume,0,0,0,0,no_volume,0,0,0,0,no_volume,0,0,0,0,0,0,327435,0,-1.0,0,-480,28,0,1,,
1775348042,,99,0,0,0,0,no_volume,0,0,0,0,no_volume,0,0,0,0,no_volume,0,0,0,0,0,0,327435,0,-1.0,0,-480,28,0,1,,
1775348043,,99,0,0,0,0,no_volume,0,0,0,0,no_volume,0,0,0,0,no_volume,0,0,0,0,0,0,327085,0,-1.0,-350,150,28,0,1,,
1775348044,,99,0,0,0,0,no_volume,0,0,0,0,no_volume,0,0,0,0,no_volume,0,0,0,0,0,0,327935,0,-1.0,500,1000,29,0,1,,
1775348045,,99,0,0,0,0,no_volume,0,0,0,0,no_volume,0,0,0,0,no_volume,0,0,0,0,0,0,326435,0,-1.0,-1000,-1000,28,0,1,,
1775348046,,99,0,0,0,0,no_volume,0,0,0,0,no_volume,0,0,0,0,no_volume,0,0,0,0,0,0,327435,0,-1.0,350,0,28,0,1,,
1775348047,,99,0,0,0,0,no_volume,0,0,0,0,no_volume,0,0,0,0,no_volume,0,0,0,0,0,0,326435,0,-1.0,-1500,-1000,28,0,1,,
1775348048,,99,0,0,0,0,no_volume,0,0,0,0,no_volume,0,0,0,0,no_volume,0,0,0,0,0,0,326435,0,-1.0,0,-1000,28,0,1,,
1775348049,,99,0,0,0,0,no_volume,0,0,0,0,no_volume,0,0,0,0,no_volume,0,0,0,0,0,0,326435,0,-1.0,-1000,-1000,28,0,1,,
1775348050,,99,0,0,0,0,no_volume,0,0,0,0,no_volume,0,0,0,0,no_volume,0,0,0,0,0,0,326435,0,-1.0,0,-1000,28,0,1,,
1775348051,,99,0,0,0,0,no_volume,0,0,0,0,no_volume,0,0,0,0,no_volume,0,0,0,0,0,0,327935,0,-1.0,1500,500,29,0,1,,
1775348052,,99,0,0,0,0,no_volume,0,0,0,0,no_volume,0,0,0,0,no_volume,0,0,0,0,0,0,327415,0,-1.0,980,-20,28,0,1,,
1775348053,,99,0,0,0,0,no_volume,0,0,0,0,no_volume,0,0,0,0,no_volume,0,0,0,0,0,0,327765,0,-1.0,1330,680,28,0,1,,
1775348054,,99,0,0,0,0,no_volume,0,0,0,0,no_volume,0,0,0,0,no_volume,0,0,0,0,0,0,327415,0,-1.0,-520,-520,28,0,1,,
1775348055,,99,0,0,0,0,no_volume,0,0,0,0,no_volume,0,0,0,0,no_volume,0,0,0,0,0,0,326415,0,-1.0,-1000,-20,28,0,1,,
1775348056,,99,0,0,0,0,no_volume,0,0,0,0,no_volume,0,0,0,0,no_volume,0,0,0,0,0,0,326415,0,-1.0,-1350,-1020,28,0,1,,
1775348057,,99,0,0,0,0,no_volume,0,0,0,0,no_volume,0,0,0,0,no_volume,0,0,0,0,0,0,326415,0,-1.0,-1000,-20,28,0,1,,
1775348058,,99,0,0,0,0,no_volume,0,0,0,0,no_volume,0,0,0,0,no_volume,0,0,0,0,0,0,326415,0,-1.0,0,-20,28,0,1,,
1775348059,,99,0,0,0,0,no_volume,0,0,0,0,no_volume,0,0,0,0,no_volume,0,0,0,0,0,0,326415,0,-1.0,0,-20,28,0,1,,
1775348060,,99,0,0,0,0,no_volume,0,0,0,0,no_volume,0,0,0,0,no_volume,0,0,0,0,0,0,327415,0,-1.0,1000,980,28,0,1,,
1775348061,,99,0,0,0,0,no_volume,0,0,0,0,no_volume,0,0,0,0,no_volume,0,0,0,0,0,0,326415,0,-1.0,0,-1520,28,0,1,,
1775348062,,99,0,0,0,0,no_volume,0,0,0,0,no_volume,0,0,0,0,no_volume,0,0,0,0,0,0,326415,0,-1.0,0,-1000,28,0,1,,
1775348063,,99,0,0,0,0,no_volume,0,0,0,0,no_volume,0,0,0,0,no_volume,0,0,0,0,0,0,326415,0,-1.0,-1000,-1350,28,0,1,,
1775348064,,99,0,0,0,0,no_volume,0,0,0,0,no_volume,0,0,0,0,no_volume,0,0,0,0,0,0,326415,0,-1.0,0,-1000,28,0,1,,
1775348065,,99,0,0,0,0,no_volume,0,0,0,0,no_volume,0,0,0,0,no_volume,0,0,0,0,0,0,327415,0,-1.0,1000,1000,29,0,1,,
1775348066,,99,0,0,0,0,no_volume,0,0,0,0,no_volume,0,0,0,0,no_volume,0,0,0,0,0,0,327915,0,-1.0,1500,1500,29,0,1,,
1775348067,,99,0,0,0,0,no_volume,0,0,0,0,no_volume,0,0,0,0,no_volume,0,0,0,0,0,0,327915,0,-1.0,1500,1500,29,0,1,,
1775348068,,99,0,3927,0,3927,low_activity,0,3927,0,3927,low_activity,0,3927,0,3927,low_activity,3927,0,3927,3927,0,3927,323488,0,-1.0,-3927,-2927,29,0,1,,
1775348069,,99,0,3927,0,3927,low_activity,0,3927,0,3927,low_activity,0,3927,0,3927,low_activity,0,0,0,3927,0,3927,323988,0,-1.0,-3927,-2427,29,0,1,,
1775348070,,99,0,3927,0,3927,low_activity,0,3927,0,3927,low_activity,0,3927,0,3927,low_activity,0,0,0,3927,0,3927,323988,0,-1.0,-3927,-3427,29,0,1,,
1775348071,,99,0,0,0,0,no_volume,0,3927,0,3927,low_activity,0,3927,0,3927,low_activity,0,0,0,3927,0,3927,323988,0,-1.0,500,-2427,29,0,1,,
1775348072,,99,0,0,0,0,no_volume,0,3927,0,3927,low_activity,0,3927,0,3927,low_activity,0,0,0,3927,0,3927,323988,0,-1.0,0,-2427,29,0,1,,
1775348073,,99,0,0,0,0,no_volume,0,0,0,0,no_volume,0,3927,0,3927,low_activity,0,0,0,3927,0,3927,323988,0,-1.0,0,-2427,29,0,1,,
1775348074,,99,0,0,0,0,no_volume,0,0,0,0,no_volume,0,3927,0,3927,low_activity,0,0,0,3927,0,3927,322988,0,-1.0,-1000,-3427,28,0,1,,
1775348075,,99,0,0,0,0,no_volume,0,0,0,0,no_volume,0,3927,0,3927,low_activity,0,0,0,3927,0,3927,322988,0,-1.0,-1000,-4427,28,0,1,,
1775348076,,99,0,0,0,0,no_volume,0,0,0,0,no_volume,0,3927,0,3927,low_activity,0,0,0,3927,0,3927,323988,0,-1.0,0,-3927,29,0,1,,
1775348077,,99,0,0,0,0,no_volume,0,0,0,0,no_volume,0,3927,0,3927,low_activity,0,0,0,3927,0,3927,323988,0,-1.0,1000,-3927,29,0,1,,
1775348078,,99,0,0,0,0,no_volume,0,0,0,0,no_volume,0,3927,0,3927,low_activity,0,0,0,3927,0,3927,323988,0,-1.0,1000,500,29,0,1,,
1775348079,,99,0,0,0,0,no_volume,0,0,0,0,no_volume,0,3927,0,3927,low_activity,0,0,0,3927,0,3927,323988,0,-1.0,0,0,29,0,1,,
1775348080,,99,0,0,0,0,no_volume,0,0,0,0,no_volume,0,3927,0,3927,low_activity,0,0,0,3927,0,3927,323988,0,-1.0,0,0,29,0,1,,
1775348081,,99,0,0,0,0,no_volume,0,0,0,0,no_volume,0,3927,0,3927,low_activity,0,0,0,3927,0,3927,323988,0,-1.0,0,0,29,0,1,,
1775348082,,99,0,0,0,0,no_volume,0,0,0,0,no_volume,0,3927,0,3927,low_activity,0,0,0,3927,0,3927,323988,0,-1.0,0,0,29,0,1,,
1775348083,,99,0,0,0,0,no_volume,0,0,0,0,no_volume,0,3927,0,3927,low_activity,0,0,0,3927,0,3927,324338,0,-1.0,350,350,29,0,1,,
1775348084,,99,0,0,0,0,no_volume,0,0,0,0,no_volume,0,3927,0,3927,low_activity,0,0,0,3927,0,3927,323488,0,-1.0,-500,500,28,0,1,,
1775348085,,99,0,0,0,0,no_volume,0,0,0,0,no_volume,0,3927,0,3927,low_activity,0,0,0,3927,0,3927,323488,0,-1.0,-500,500,28,0,1,,
1775348086,,99,0,0,0,0,no_volume,0,0,0,0,no_volume,0,3927,0,3927,low_activity,0,0,0,3927,0,3927,323988,0,-1.0,-350,0,29,0,1,,
1775348087,,99,0,0,0,0,no_volume,0,0,0,0,no_volume,0,3927,0,3927,low_activity,0,0,0,3927,0,3927,323988,0,-1.0,500,0,29,0,1,,
1775348088,,99,0,0,0,0,no_volume,0,0,0,0,no_volume,0,3927,0,3927,low_activity,0,0,0,3927,0,3927,323988,0,-1.0,500,0,29,0,1,,
1775348089,,99,0,0,0,0,no_volume,0,0,0,0,no_volume,0,3927,0,3927,low_activity,0,0,0,3927,0,3927,323988,0,-1.0,0,0,29,0,1,,
1775348090,,99,0,0,0,0,no_volume,0,0,0,0,no_volume,0,3927,0,3927,low_activity,0,0,0,3927,0,3927,323988,0,-1.0,0,0,29,0,1,,
1775348091,,99,0,0,0,0,no_volume,0,0,0,0,no_volume,0,3927,0,3927,low_activity,0,0,0,3927,0,3927,323988,0,-1.0,0,0,29,0,1,,
1775348092,,99,0,0,0,0,no_volume,0,0,0,0,no_volume,0,3927,0,3927,low_activity,0,0,0,3927,0,3927,323988,0,-1.0,0,0,29,0,1,,
1775348093,,99,0,0,0,0,no_volume,0,0,0,0,no_volume,0,3927,0,3927,low_activity,0,0,0,3927,0,3927,323988,0,-1.0,0,-350,29,0,1,,
1775348094,,99,0,0,0,0,no_volume,0,0,0,0,no_volume,0,3927,0,3927,low_activity,0,0,0,3927,0,3927,323488,0,-1.0,-500,0,28,0,1,,
1775348095,,99,0,18,0,18,low_activity,0,18,0,18,low_activity,0,3945,0,3945,low_activity,18,0,18,3945,0,3945,322470,0,-1.0,-1518,-1018,28,0,1,,
1775348096,,99,0,18,0,18,low_activity,0,18,0,18,low_activity,0,3945,0,3945,low_activity,0,0,0,3945,0,3945,323470,0,-1.0,-518,-518,28,0,1,,
1775348097,,99,0,18,0,18,low_activity,0,18,0,18,low_activity,0,3945,0,3945,low_activity,0,0,0,3945,0,3945,323970,0,-1.0,482,-18,29,0,1,,
1775348098,,99,0,0,0,0,no_volume,0,18,0,18,low_activity,0,18,0,18,low_activity,0,0,0,3945,0,3945,323970,0,-1.0,1500,-18,29,0,1,,
1775348099,,99,0,0,0,0,no_volume,0,18,0,18,low_activity,0,18,0,18,low_activity,0,0,0,3945,0,3945,323970,0,-1.0,500,-18,29,0,1,,
1775348100,,99,0,0,0,0,no_volume,0,0,0,0,no_volume,0,18,0,18,low_activity,0,0,0,3945,0,3945,323970,0,-1.0,0,-18,29,0,1,,
1775348101,,99,0,0,0,0,no_volume,0,0,0,0,no_volume,0,18,0,18,low_activity,0,0,0,3945,0,3945,323970,0,-1.0,0,-18,29,0,1,,
1775348102,,99,0,0,0,0,no_volume,0,0,0,0,no_volume,0,18,0,18,low_activity,0,0,0,3945,0,3945,323970,0,-1.0,0,-18,29,0,1,,
1775348103,,99,0,0,0,0,no_volume,0,0,0,0,no_volume,0,18,0,18,low_activity,0,0,0,3945,0,3945,323970,0,-1.0,0,-18,29,0,1,,
1775348104,,99,0,0,0,0,no_volume,0,0,0,0,no_volume,0,18,0,18,low_activity,0,0,0,3945,0,3945,322970,0,-1.0,-1000,-518,28,0,1,,
1775348105,,99,0,0,0,0,no_volume,0,0,0,0,no_volume,0,18,0,18,low_activity,0,0,0,3945,0,3945,322970,0,-1.0,-1000,500,28,0,1,,
1775348106,,99,0,0,0,0,no_volume,0,0,0,0,no_volume,0,18,0,18,low_activity,0,0,0,3945,0,3945,322470,0,-1.0,-1500,-1000,28,0,1,,
1775348107,,99,0,0,0,0,no_volume,0,0,0,0,no_volume,0,18,0,18,low_activity,0,0,0,3945,0,3945,322470,0,-1.0,-500,-1500,28,0,1,,
1775348108,,99,0,0,0,0,no_volume,0,0,0,0,no_volume,0,18,0,18,low_activity,0,0,0,3945,0,3945,323970,0,-1.0,1000,0,29,0,1,,
1775348109,,99,0,0,0,0,no_volume,0,0,0,0,no_volume,0,18,0,18,low_activity,0,0,0,3945,0,3945,323970,0,-1.0,1500,0,29,0,1,,
1775348110,,99,0,0,0,0,no_volume,0,0,0,0,no_volume,0,18,0,18,low_activity,0,0,0,3945,0,3945,323970,0,-1.0,1500,0,29,0,1,,
1775348111,,99,0,0,0,0,no_volume,0,0,0,0,no_volume,0,18,0,18,low_activity,0,0,0,3945,0,3945,323943,0,-1.0,-27,-27,28,0,1,,
1775348112,,99,0,0,0,0,no_volume,0,0,0,0,no_volume,0,18,0,18,low_activity,0,0,0,3945,0,3945,323970,0,-1.0,0,0,29,0,1,,
1775348113,,99,0,0,0,0,no_volume,0,0,0,0,no_volume,0,18,0,18,low_activity,0,0,0,3945,0,3945,323470,0,-1.0,-500,-500,29,0,1,,
1775348114,,99,0,0,0,0,no_volume,0,0,0,0,no_volume,0,18,0,18,low_activity,0,0,0,3945,0,3945,323470,0,-1.0,-473,500,28,0,1,,
1775348115,,99,0,0,0,0,no_volume,0,0,0,0,no_volume,0,18,0,18,low_activity,0,0,0,3945,0,3945,322470,0,-1.0,-1500,-500,28,0,1,,
1775348116,,99,0,0,0,0,no_volume,0,0,0,0,no_volume,0,18,0,18,low_activity,0,0,0,3945,0,3945,323970,0,-1.0,500,1500,29,0,1,,
1775348117,,99,0,0,0,0,no_volume,0,0,0,0,no_volume,0,18,0,18,low_activity,0,0,0,3945,0,3945,323970,0,-1.0,500,1500,29,0,1,,
1775348118,,99,0,0,0,0,no_volume,0,0,0,0,no_volume,0,18,0,18,low_activity,0,0,0,3945,0,3945,323970,0,-1.0,1500,0,29,0,1,,
1775348119,,99,0,0,0,0,no_volume,0,0,0,0,no_volume,0,18,0,18,low_activity,0,0,0,3945,0,3945,323970,0,-1.0,0,0,29,0,1,,
1775348120,,99,0,0,0,0,no_volume,0,0,0,0,no_volume,0,18,0,18,low_activity,0,0,0,3945,0,3945,323970,0,-1.0,0,0,29,0,1,,
1775348121,,99,0,0,0,0,no_volume,0,0,0,0,no_volume,0,18,0,18,low_activity,0,0,0,3945,0,3945,323970,0,-1.0,0,27,29,0,1,,
1775348122,,99,0,0,0,0,no_volume,0,0,0,0,no_volume,0,18,0,18,low_activity,0,0,0,3945,0,3945,323970,0,-1.0,0,0,29,0,1,,
1775348123,,99,0,0,0,0,no_volume,0,0,0,0,no_volume,0,18,0,18,low_activity,0,0,0,3945,0,3945,323970,0,-1.0,0,500,29,0,1,,
1775348124,,99,0,0,0,0,no_volume,0,0,0,0,no_volume,0,18,0,18,low_activity,0,0,0,3945,0,3945,323470,0,-1.0,-500,0,28,0,1,,
1775348125,,99,0,0,0,0,no_volume,0,0,0,0,no_volume,0,0,0,0,no_volume,0,0,0,3945,0,3945,323970,0,-1.0,0,1500,29,0,1,,
1775348126,,99,0,0,0,0,no_volume,0,0,0,0,no_volume,0,0,0,0,no_volume,0,0,0,3945,0,3945,322470,0,-1.0,-1500,-1500,28,0,1,,
1775348127,,99,0,0,0,0,no_volume,0,0,0,0,no_volume,0,0,0,0,no_volume,0,0,0,3945,0,3945,322470,0,-1.0,-1000,-1500,28,0,1,,
1775348128,,99,0,0,0,0,no_volume,0,0,0,0,no_volume,0,0,0,0,no_volume,0,0,0,18,0,18,322470,0,-1.0,-1500,-1500,28,0,1,,
1775348129,,99,0,0,0,0,no_volume,0,0,0,0,no_volume,0,0,0,0,no_volume,0,0,0,18,0,18,323470,0,-1.0,1000,-500,28,0,1,,
1775348130,,99,0,0,0,0,no_volume,0,0,0,0,no_volume,0,0,0,0,no_volume,0,0,0,18,0,18,323970,0,-1.0,1500,0,29,0,1,,
1775348131,,99,0,0,0,0,no_volume,0,0,0,0,no_volume,0,0,0,0,no_volume,0,0,0,18,0,18,323970,0,-1.0,1500,0,29,0,1,,
1775348132,,99,0,0,0,0,no_volume,0,0,0,0,no_volume,0,0,0,0,no_volume,0,0,0,18,0,18,323970,0,-1.0,500,0,29,0,1,,
1775348133,,99,0,0,0,0,no_volume,0,0,0,0,no_volume,0,0,0,0,no_volume,0,0,0,18,0,18,322970,0,-1.0,-1000,-1000,28,0,1,,
1775348134,,99,0,0,0,0,no_volume,0,0,0,0,no_volume,0,0,0,0,no_volume,0,0,0,18,0,18,323470,0,-1.0,-500,0,28,0,1,,
1775348135,,99,0,0,0,0,no_volume,0,0,0,0,no_volume,0,0,0,0,no_volume,0,0,0,18,0,18,323970,0,-1.0,0,0,29,0,1,,
1775348136,,99,0,0,0,0,no_volume,0,0,0,0,no_volume,0,0,0,0,no_volume,0,0,0,18,0,18,323970,0,-1.0,1000,1500,29,0,1,,
1775348137,,99,0,0,0,0,no_volume,0,0,0,0,no_volume,0,0,0,0,no_volume,0,0,0,18,0,18,323970,0,-1.0,500,1500,29,0,1,,
1775348138,,99,0,0,0,0,no_volume,0,0,0,0,no_volume,0,0,0,0,no_volume,0,0,0,18,0,18,323970,0,-1.0,0,1500,29,0,1,,
1775348139,,99,0,0,0,0,no_volume,0,0,0,0,no_volume,0,0,0,0,no_volume,0,0,0,18,0,18,323970,0,-1.0,0,500,29,0,1,,
1775348140,,99,0,0,0,0,no_volume,0,0,0,0,no_volume,0,0,0,0,no_volume,0,0,0,18,0,18,323970,0,-1.0,0,0,29,0,1,,
1775348141,,99,0,0,0,0,no_volume,0,0,0,0,no_volume,0,0,0,0,no_volume,0,0,0,18,0,18,323970,0,-1.0,0,0,29,0,1,,
1775348142,,99,0,0,0,0,no_volume,0,0,0,0,no_volume,0,0,0,0,no_volume,0,0,0,18,0,18,323970,0,-1.0,0,0,29,0,1,,
1775348143,,99,0,0,0,0,no_volume,0,0,0,0,no_volume,0,0,0,0,no_volume,0,0,0,18,0,18,322970,0,-1.0,-1000,0,28,0,1,,
1775348144,,99,0,0,0,0,no_volume,0,0,0,0,no_volume,0,0,0,0,no_volume,0,0,0,18,0,18,322470,0,-1.0,-1500,-1000,28,0,1,,
1775348145,,99,0,0,0,0,no_volume,0,0,0,0,no_volume,0,0,0,0,no_volume,0,0,0,18,0,18,322470,0,-1.0,-1500,-1500,28,0,1,,
1775348146,,99,0,0,0,0,no_volume,0,0,0,0,no_volume,0,0,0,0,no_volume,0,0,0,18,0,18,322470,0,-1.0,-500,-1500,28,0,1,,
1775348147,,99,0,0,0,0,no_volume,0,0,0,0,no_volume,0,0,0,0,no_volume,0,0,0,18,0,18,323470,0,-1.0,1000,-500,28,0,1,,
1775348148,,99,0,0,0,0,no_volume,0,0,0,0,no_volume,0,0,0,0,no_volume,0,0,0,18,0,18,323970,0,-1.0,1500,0,29,0,1,,
1775348149,,99,0,0,0,0,no_volume,0,0,0,0,no_volume,0,0,0,0,no_volume,0,0,0,18,0,18,323970,0,-1.0,1500,0,29,0,1,,
1775348150,,99,0,0,0,0,no_volume,0,0,0,0,no_volume,0,0,0,0,no_volume,0,0,0,18,0,18,323970,0,-1.0,500,0,29,0,1,,
1775348151,,99,0,0,0,0,no_volume,0,0,0,0,no_volume,0,0,0,0,no_volume,0,0,0,18,0,18,323970,0,-1.0,0,0,29,0,1,,
1775348152,,99,0,0,0,0,no_volume,0,0,0,0,no_volume,0,0,0,0,no_volume,0,0,0,18,0,18,323970,0,-1.0,0,0,29,0,1,,
1775348153,,99,0,0,0,0,no_volume,0,0,0,0,no_volume,0,0,0,0,no_volume,0,0,0,18,0,18,323470,0,-1.0,-500,500,29,0,1,,
1775348154,,99,0,0,0,0,no_volume,0,0,0,0,no_volume,0,0,0,0,no_volume,0,0,0,18,0,18,322470,0,-1.0,-1500,0,28,0,1,,
1775348155,,99,0,0,0,0,no_volume,0,0,0,0,no_volume,0,0,0,0,no_volume,0,0,0,0,0,0,322470,0,-1.0,-1500,0,28,0,1,,
1775348156,,99,0,280,0,280,low_activity,0,280,0,280,low_activity,0,280,0,280,low_activity,280,0,280,280,0,280,323190,0,-1.0,-280,720,28,0,1,,
1775348157,,99,0,280,0,280,low_activity,0,280,0,280,low_activity,0,280,0,280,low_activity,0,0,0,280,0,280,322690,0,-1.0,220,-780,29,0,1,,
1775348158,,99,0,280,0,280,low_activity,0,280,0,280,low_activity,0,280,0,280,low_activity,0,0,0,280,0,280,322690,0,-1.0,220,-1280,29,0,1,,
1775348159,,99,0,0,0,0,no_volume,0,280,0,280,low_activity,0,280,0,280,low_activity,0,0,0,280,0,280,322190,0,-1.0,-1000,-1780,28,0,1,,
1775348160,,99,0,0,0,0,no_volume,0,280,0,280,low_activity,0,280,0,280,low_activity,0,0,0,280,0,280,322190,0,-1.0,-500,-1780,28,0,1,,
1775348161,,99,0,0,0,0,no_volume,0,0,0,0,no_volume,0,280,0,280,low_activity,0,0,0,280,0,280,322190,0,-1.0,-500,-1780,28,0,1,,
1775348162,,99,0,0,0,0,no_volume,0,0,0,0,no_volume,0,280,0,280,low_activity,0,0,0,280,0,280,322190,0,-1.0,0,-1780,28,0,1,,
1775348163,,99,0,0,0,0,no_volume,0,0,0,0,no_volume,0,280,0,280,low_activity,0,0,0,280,0,280,322190,0,-1.0,0,-1280,28,0,1,,
1775348164,,99,0,0,0,0,no_volume,0,0,0,0,no_volume,0,280,0,280,low_activity,0,0,0,280,0,280,321840,0,-1.0,-350,-630,28,0,1,,
1775348165,,99,0,0,0,0,no_volume,0,0,0,0,no_volume,0,280,0,280,low_activity,0,0,0,280,0,280,321840,0,-1.0,-350,-630,28,0,1,,
1775348166,,99,0,0,0,0,no_volume,0,0,0,0,no_volume,0,280,0,280,low_activity,0,0,0,280,0,280,321840,0,-1.0,-350,-1350,28,0,1,,
1775348167,,99,0,0,0,0,no_volume,0,0,0,0,no_volume,0,280,0,280,low_activity,0,0,0,280,0,280,321840,0,-1.0,0,-850,28,0,1,,
1775348168,,,0,0,0,0,no_volume,0,0,0,0,no_volume,0,280,0,280,low_activity,0,0,0,280,0,280,0,0,0,-321840,-322690,0,0,,,
