Already up to date.
[main d493f5d] Auto-sync: 2026-03-14 14:01:09
 615 files changed, 4128801 insertions(+)
 create mode 100644 KXLALIGAGAME/depth/DEPTH_KXLALIGAGAME-26MAR14RMAELC-ELC.csv
 create mode 100644 KXLALIGAGAME/depth/DEPTH_KXLALIGAGAME-26MAR14RMAELC-RMA.csv
 create mode 100644 KXLALIGAGAME/depth/DEPTH_KXLALIGAGAME-26MAR14RMAELC-TIE.csv
 create mode 100644 KXLALIGAGAME/prices/KXLALIGAGAME-26MAR14RMAELC-ELC.csv
 create mode 100644 KXLALIGAGAME/prices/KXLALIGAGAME-26MAR14RMAELC-RMA.csv
 create mode 100644 KXLALIGAGAME/prices/KXLALIGAGAME-26MAR14RMAELC-TIE.csv
 create mode 100644 KXLALIGAGAME/trades/TRADES_KXLALIGAGAME-26MAR14RMAELC-ELC.csv
 create mode 100644 KXLALIGAGAME/trades/TRADES_KXLALIGAGAME-26MAR14RMAELC-RMA.csv
 create mode 100644 KXLALIGAGAME/trades/TRADES_KXLALIGAGAME-26MAR14RMAELC-TIE.csv
 create mode 100644 KXMLBSTGAME/depth/DEPTH_KXMLBSTGAME-26MAR141605AZSF-AZ.csv
 create mode 100644 KXMLBSTGAME/depth/DEPTH_KXMLBSTGAME-26MAR141605AZSF-SF.csv
 create mode 100644 KXMLBSTGAME/depth/DEPTH_KXMLBSTGAME-26MAR141605KCATH-ATH.csv
 create mode 100644 KXMLBSTGAME/depth/DEPTH_KXMLBSTGAME-26MAR141605KCATH-KC.csv
 create mode 100644 KXMLBSTGAME/depth/DEPTH_KXMLBSTGAME-26MAR141605LADCWS-CWS.csv
 create mode 100644 KXMLBSTGAME/depth/DEPTH_KXMLBSTGAME-26MAR141605LADCWS-LAD.csv
 create mode 100644 KXMLBSTGAME/depth/DEPTH_KXMLBSTGAME-26MAR141605SDTEX-SD.csv
 create mode 100644 KXMLBSTGAME/depth/DEPTH_KXMLBSTGAME-26MAR141605SDTEX-TEX.csv
 create mode 100644 KXMLBSTGAME/depth/DEPTH_KXMLBSTGAME-26MAR141605TEXCIN-CIN.csv
 create mode 100644 KXMLBSTGAME/depth/DEPTH_KXMLBSTGAME-26MAR141605TEXCIN-TEX.csv
 create mode 100644 KXMLBSTGAME/depth/DEPTH_KXMLBSTGAME-26MAR141610CHCCOL-CHC.csv
 create mode 100644 KXMLBSTGAME/depth/DEPTH_KXMLBSTGAME-26MAR141610CHCCOL-COL.csv
 create mode 100644 KXMLBSTGAME/depth/DEPTH_KXMLBSTGAME-26MAR141610CLESD-CLE.csv
 create mode 100644 KXMLBSTGAME/depth/DEPTH_KXMLBSTGAME-26MAR141610CLESD-SD.csv
 create mode 100644 KXMLBSTGAME/depth/DEPTH_KXMLBSTGAME-26MAR141610COLMIL-COL.csv
 create mode 100644 KXMLBSTGAME/depth/DEPTH_KXMLBSTGAME-26MAR141610COLMIL-MIL.csv
 create mode 100644 KXMLBSTGAME/depth/DEPTH_KXMLBSTGAME-26MAR141610SEALAA-LAA.csv
 create mode 100644 KXMLBSTGAME/depth/DEPTH_KXMLBSTGAME-26MAR141610SEALAA-SEA.csv
 create mode 100644 KXMLBSTGAME/prices/KXMLBSTGAME-26MAR141605AZSF-AZ.csv
 create mode 100644 KXMLBSTGAME/prices/KXMLBSTGAME-26MAR141605AZSF-SF.csv
 create mode 100644 KXMLBSTGAME/prices/KXMLBSTGAME-26MAR141605KCATH-ATH.csv
 create mode 100644 KXMLBSTGAME/prices/KXMLBSTGAME-26MAR141605KCATH-KC.csv
 create mode 100644 KXMLBSTGAME/prices/KXMLBSTGAME-26MAR141605LADCWS-CWS.csv
 create mode 100644 KXMLBSTGAME/prices/KXMLBSTGAME-26MAR141605LADCWS-LAD.csv
 create mode 100644 KXMLBSTGAME/prices/KXMLBSTGAME-26MAR141605SDTEX-SD.csv
 create mode 100644 KXMLBSTGAME/prices/KXMLBSTGAME-26MAR141605SDTEX-TEX.csv
 create mode 100644 KXMLBSTGAME/prices/KXMLBSTGAME-26MAR141605TEXCIN-CIN.csv
 create mode 100644 KXMLBSTGAME/prices/KXMLBSTGAME-26MAR141605TEXCIN-TEX.csv
 create mode 100644 KXMLBSTGAME/prices/KXMLBSTGAME-26MAR141610CHCCOL-CHC.csv
 create mode 100644 KXMLBSTGAME/prices/KXMLBSTGAME-26MAR141610CHCCOL-COL.csv
 create mode 100644 KXMLBSTGAME/prices/KXMLBSTGAME-26MAR141610CLESD-CLE.csv
 create mode 100644 KXMLBSTGAME/prices/KXMLBSTGAME-26MAR141610CLESD-SD.csv
 create mode 100644 KXMLBSTGAME/prices/KXMLBSTGAME-26MAR141610COLMIL-COL.csv
 create mode 100644 KXMLBSTGAME/prices/KXMLBSTGAME-26MAR141610COLMIL-MIL.csv
 create mode 100644 KXMLBSTGAME/prices/KXMLBSTGAME-26MAR141610SEALAA-LAA.csv
 create mode 100644 KXMLBSTGAME/prices/KXMLBSTGAME-26MAR141610SEALAA-SEA.csv
 create mode 100644 KXMLBSTGAME/trades/TRADES_KXMLBSTGAME-26MAR141605AZSF-AZ.csv
 create mode 100644 KXMLBSTGAME/trades/TRADES_KXMLBSTGAME-26MAR141605AZSF-SF.csv
 create mode 100644 KXMLBSTGAME/trades/TRADES_KXMLBSTGAME-26MAR141605KCATH-ATH.csv
 create mode 100644 KXMLBSTGAME/trades/TRADES_KXMLBSTGAME-26MAR141605KCATH-KC.csv
 create mode 100644 KXMLBSTGAME/trades/TRADES_KXMLBSTGAME-26MAR141605LADCWS-CWS.csv
 create mode 100644 KXMLBSTGAME/trades/TRADES_KXMLBSTGAME-26MAR141605LADCWS-LAD.csv
 create mode 100644 KXMLBSTGAME/trades/TRADES_KXMLBSTGAME-26MAR141605SDTEX-SD.csv
 create mode 100644 KXMLBSTGAME/trades/TRADES_KXMLBSTGAME-26MAR141605SDTEX-TEX.csv
 create mode 100644 KXMLBSTGAME/trades/TRADES_KXMLBSTGAME-26MAR141605TEXCIN-CIN.csv
 create mode 100644 KXMLBSTGAME/trades/TRADES_KXMLBSTGAME-26MAR141605TEXCIN-TEX.csv
 create mode 100644 KXMLBSTGAME/trades/TRADES_KXMLBSTGAME-26MAR141610CHCCOL-CHC.csv
 create mode 100644 KXMLBSTGAME/trades/TRADES_KXMLBSTGAME-26MAR141610CHCCOL-COL.csv
 create mode 100644 KXMLBSTGAME/trades/TRADES_KXMLBSTGAME-26MAR141610CLESD-CLE.csv
 create mode 100644 KXMLBSTGAME/trades/TRADES_KXMLBSTGAME-26MAR141610CLESD-SD.csv
 create mode 100644 KXMLBSTGAME/trades/TRADES_KXMLBSTGAME-26MAR141610COLMIL-COL.csv
 create mode 100644 KXMLBSTGAME/trades/TRADES_KXMLBSTGAME-26MAR141610COLMIL-MIL.csv
 create mode 100644 KXMLBSTGAME/trades/TRADES_KXMLBSTGAME-26MAR141610SEALAA-LAA.csv
 create mode 100644 KXMLBSTGAME/trades/TRADES_KXMLBSTGAME-26MAR141610SEALAA-SEA.csv
 create mode 100644 KXMLSGAME/depth/DEPTH_KXMLSGAME-26MAR14ATLPHI-ATL.csv
 create mode 100644 KXMLSGAME/depth/DEPTH_KXMLSGAME-26MAR14ATLPHI-PHI.csv
 create mode 100644 KXMLSGAME/depth/DEPTH_KXMLSGAME-26MAR14ATLPHI-TIE.csv
 create mode 100644 KXMLSGAME/prices/KXMLSGAME-26MAR14ATLPHI-ATL.csv
 create mode 100644 KXMLSGAME/prices/KXMLSGAME-26MAR14ATLPHI-PHI.csv
 create mode 100644 KXMLSGAME/prices/KXMLSGAME-26MAR14ATLPHI-TIE.csv
 create mode 100644 KXMLSGAME/trades/TRADES_KXMLSGAME-26MAR14ATLPHI-ATL.csv
 create mode 100644 KXMLSGAME/trades/TRADES_KXMLSGAME-26MAR14ATLPHI-PHI.csv
 create mode 100644 KXMLSGAME/trades/TRADES_KXMLSGAME-26MAR14ATLPHI-TIE.csv
 create mode 100644 KXNBAGAME/depth/DEPTH_KXNBAGAME-26MAR14CHASAS-CHA.csv
 create mode 100644 KXNBAGAME/depth/DEPTH_KXNBAGAME-26MAR14CHASAS-SAS.csv
 create mode 100644 KXNBAGAME/depth/DEPTH_KXNBAGAME-26MAR14MILATL-ATL.csv
 create mode 100644 KXNBAGAME/depth/DEPTH_KXNBAGAME-26MAR14MILATL-MIL.csv
 create mode 100644 KXNBAGAME/prices/KXNBAGAME-26MAR14CHASAS-CHA.csv
 create mode 100644 KXNBAGAME/prices/KXNBAGAME-26MAR14CHASAS-SAS.csv
 create mode 100644 KXNBAGAME/prices/KXNBAGAME-26MAR14MILATL-ATL.csv
 create mode 100644 KXNBAGAME/prices/KXNBAGAME-26MAR14MILATL-MIL.csv
 create mode 100644 KXNBAGAME/trades/TRADES_KXNBAGAME-26MAR14CHASAS-CHA.csv
 create mode 100644 KXNBAGAME/trades/TRADES_KXNBAGAME-26MAR14CHASAS-SAS.csv
 create mode 100644 KXNBAGAME/trades/TRADES_KXNBAGAME-26MAR14MILATL-ATL.csv
 create mode 100644 KXNBAGAME/trades/TRADES_KXNBAGAME-26MAR14MILATL-MIL.csv
 create mode 100644 KXNCAAMBGAME/depth/DEPTH_KXNCAAMBGAME-26MAR14CHARUSF-CHAR.csv
 create mode 100644 KXNCAAMBGAME/depth/DEPTH_KXNCAAMBGAME-26MAR14CHARUSF-USF.csv
 create mode 100644 KXNCAAMBGAME/depth/DEPTH_KXNCAAMBGAME-26MAR14JOESVCU-JOES.csv
 create mode 100644 KXNCAAMBGAME/depth/DEPTH_KXNCAAMBGAME-26MAR14JOESVCU-VCU.csv
 create mode 100644 KXNCAAMBGAME/depth/DEPTH_KXNCAAMBGAME-26MAR14MISSARK-ARK.csv
 create mode 100644 KXNCAAMBGAME/depth/DEPTH_KXNCAAMBGAME-26MAR14MISSARK-MISS.csv
 create mode 100644 KXNCAAMBGAME/depth/DEPTH_KXNCAAMBGAME-26MAR14PURUCLA-PUR.csv
 create mode 100644 KXNCAAMBGAME/depth/DEPTH_KXNCAAMBGAME-26MAR14PURUCLA-UCLA.csv
 create mode 100644 KXNCAAMBGAME/depth/DEPTH_KXNCAAMBGAME-26MAR14TLSAWICH-TLSA.csv
 create mode 100644 KXNCAAMBGAME/depth/DEPTH_KXNCAAMBGAME-26MAR14TLSAWICH-WICH.csv
 create mode 100644 KXNCAAMBGAME/prices/KXNCAAMBGAME-26MAR14CHARUSF-CHAR.csv
 create mode 100644 KXNCAAMBGAME/prices/KXNCAAMBGAME-26MAR14CHARUSF-USF.csv
 create mode 100644 KXNCAAMBGAME/prices/KXNCAAMBGAME-26MAR14JOESVCU-JOES.csv
 create mode 100644 KXNCAAMBGAME/prices/KXNCAAMBGAME-26MAR14JOESVCU-VCU.csv
 create mode 100644 KXNCAAMBGAME/prices/KXNCAAMBGAME-26MAR14MISSARK-ARK.csv
 create mode 100644 KXNCAAMBGAME/prices/KXNCAAMBGAME-26MAR14MISSARK-MISS.csv
 create mode 100644 KXNCAAMBGAME/prices/KXNCAAMBGAME-26MAR14PURUCLA-PUR.csv
 create mode 100644 KXNCAAMBGAME/prices/KXNCAAMBGAME-26MAR14PURUCLA-UCLA.csv
 create mode 100644 KXNCAAMBGAME/prices/KXNCAAMBGAME-26MAR14TLSAWICH-TLSA.csv
 create mode 100644 KXNCAAMBGAME/prices/KXNCAAMBGAME-26MAR14TLSAWICH-WICH.csv
 create mode 100644 KXNCAAMBGAME/trades/TRADES_KXNCAAMBGAME-26MAR14CHARUSF-CHAR.csv
 create mode 100644 KXNCAAMBGAME/trades/TRADES_KXNCAAMBGAME-26MAR14CHARUSF-USF.csv
 create mode 100644 KXNCAAMBGAME/trades/TRADES_KXNCAAMBGAME-26MAR14JOESVCU-JOES.csv
 create mode 100644 KXNCAAMBGAME/trades/TRADES_KXNCAAMBGAME-26MAR14JOESVCU-VCU.csv
 create mode 100644 KXNCAAMBGAME/trades/TRADES_KXNCAAMBGAME-26MAR14MISSARK-ARK.csv
 create mode 100644 KXNCAAMBGAME/trades/TRADES_KXNCAAMBGAME-26MAR14MISSARK-MISS.csv
 create mode 100644 KXNCAAMBGAME/trades/TRADES_KXNCAAMBGAME-26MAR14PURUCLA-PUR.csv
 create mode 100644 KXNCAAMBGAME/trades/TRADES_KXNCAAMBGAME-26MAR14PURUCLA-UCLA.csv
 create mode 100644 KXNCAAMBGAME/trades/TRADES_KXNCAAMBGAME-26MAR14TLSAWICH-TLSA.csv
 create mode 100644 KXNCAAMBGAME/trades/TRADES_KXNCAAMBGAME-26MAR14TLSAWICH-WICH.csv
 create mode 100644 KXNCAAWBGAME/depth/DEPTH_KXNCAAWBGAME-26MAR14ACCBU-AC.csv
 create mode 100644 KXNCAAWBGAME/depth/DEPTH_KXNCAAWBGAME-26MAR14ACCBU-CBU.csv
 create mode 100644 KXNCAAWBGAME/depth/DEPTH_KXNCAAWBGAME-26MAR14EVANILST-EVAN.csv
 create mode 100644 KXNCAAWBGAME/depth/DEPTH_KXNCAAWBGAME-26MAR14EVANILST-ILST.csv
 create mode 100644 KXNCAAWBGAME/depth/DEPTH_KXNCAAWBGAME-26MAR14HARVPRIN-HARV.csv
 create mode 100644 KXNCAAWBGAME/depth/DEPTH_KXNCAAWBGAME-26MAR14HARVPRIN-PRIN.csv
 create mode 100644 KXNCAAWBGAME/depth/DEPTH_KXNCAAWBGAME-26MAR14HOFDREX-DREX.csv
 create mode 100644 KXNCAAWBGAME/depth/DEPTH_KXNCAAWBGAME-26MAR14HOFDREX-HOF.csv
 create mode 100644 KXNCAAWBGAME/depth/DEPTH_KXNCAAWBGAME-26MAR14MOSULT-LT.csv
 create mode 100644 KXNCAAWBGAME/depth/DEPTH_KXNCAAWBGAME-26MAR14MOSULT-MOSU.csv
 create mode 100644 KXNCAAWBGAME/depth/DEPTH_KXNCAAWBGAME-26MAR14NORFHOW-HOW.csv
 create mode 100644 KXNCAAWBGAME/depth/DEPTH_KXNCAAWBGAME-26MAR14NORFHOW-NORF.csv
 create mode 100644 KXNCAAWBGAME/prices/KXNCAAWBGAME-26MAR14ACCBU-AC.csv
 create mode 100644 KXNCAAWBGAME/prices/KXNCAAWBGAME-26MAR14ACCBU-CBU.csv
 create mode 100644 KXNCAAWBGAME/prices/KXNCAAWBGAME-26MAR14EVANILST-EVAN.csv
 create mode 100644 KXNCAAWBGAME/prices/KXNCAAWBGAME-26MAR14EVANILST-ILST.csv
 create mode 100644 KXNCAAWBGAME/prices/KXNCAAWBGAME-26MAR14HARVPRIN-HARV.csv
 create mode 100644 KXNCAAWBGAME/prices/KXNCAAWBGAME-26MAR14HARVPRIN-PRIN.csv
 create mode 100644 KXNCAAWBGAME/prices/KXNCAAWBGAME-26MAR14HOFDREX-DREX.csv
 create mode 100644 KXNCAAWBGAME/prices/KXNCAAWBGAME-26MAR14HOFDREX-HOF.csv
 create mode 100644 KXNCAAWBGAME/prices/KXNCAAWBGAME-26MAR14MOSULT-LT.csv
 create mode 100644 KXNCAAWBGAME/prices/KXNCAAWBGAME-26MAR14MOSULT-MOSU.csv
 create mode 100644 KXNCAAWBGAME/prices/KXNCAAWBGAME-26MAR14NORFHOW-HOW.csv
 create mode 100644 KXNCAAWBGAME/prices/KXNCAAWBGAME-26MAR14NORFHOW-NORF.csv
 create mode 100644 KXNCAAWBGAME/trades/TRADES_KXNCAAWBGAME-26MAR14ACCBU-AC.csv
 create mode 100644 KXNCAAWBGAME/trades/TRADES_KXNCAAWBGAME-26MAR14ACCBU-CBU.csv
 create mode 100644 KXNCAAWBGAME/trades/TRADES_KXNCAAWBGAME-26MAR14EVANILST-EVAN.csv
 create mode 100644 KXNCAAWBGAME/trades/TRADES_KXNCAAWBGAME-26MAR14EVANILST-ILST.csv
 create mode 100644 KXNCAAWBGAME/trades/TRADES_KXNCAAWBGAME-26MAR14HARVPRIN-HARV.csv
 create mode 100644 KXNCAAWBGAME/trades/TRADES_KXNCAAWBGAME-26MAR14HARVPRIN-PRIN.csv
 create mode 100644 KXNCAAWBGAME/trades/TRADES_KXNCAAWBGAME-26MAR14HOFDREX-DREX.csv
 create mode 100644 KXNCAAWBGAME/trades/TRADES_KXNCAAWBGAME-26MAR14HOFDREX-HOF.csv
 create mode 100644 KXNCAAWBGAME/trades/TRADES_KXNCAAWBGAME-26MAR14MOSULT-LT.csv
 create mode 100644 KXNCAAWBGAME/trades/TRADES_KXNCAAWBGAME-26MAR14MOSULT-MOSU.csv
 create mode 100644 KXNCAAWBGAME/trades/TRADES_KXNCAAWBGAME-26MAR14NORFHOW-HOW.csv
 create mode 100644 KXNCAAWBGAME/trades/TRADES_KXNCAAWBGAME-26MAR14NORFHOW-NORF.csv
 create mode 100644 NBA/data/prices/KXNBAGAME-26FEB27BKNBOS-BKN.csv
 create mode 100644 NBA/data/prices/KXNBAGAME-26FEB27BKNBOS-BOS.csv
 create mode 100644 NBA/data/prices/KXNBAGAME-26FEB27CLEDET-CLE.csv
 create mode 100644 NBA/data/prices/KXNBAGAME-26FEB27CLEDET-DET.csv
 create mode 100644 NBA/data/prices/KXNBAGAME-26FEB27DENOKC-DEN.csv
 create mode 100644 NBA/data/prices/KXNBAGAME-26FEB27DENOKC-OKC.csv
 create mode 100644 NBA/data/prices/KXNBAGAME-26FEB27MEMDAL-DAL.csv
 create mode 100644 NBA/data/prices/KXNBAGAME-26FEB27MEMDAL-MEM.csv
 create mode 100644 NBA/data/prices/KXNBAGAME-26FEB27NYKMIL-MIL.csv
 create mode 100644 NBA/data/prices/KXNBAGAME-26FEB27NYKMIL-NYK.csv
 create mode 100644 NBA/data/prices/KXNBAGAME-26FEB28HOUMIA-HOU.csv
 create mode 100644 NBA/data/prices/KXNBAGAME-26FEB28HOUMIA-MIA.csv
 create mode 100644 NBA/data/prices/KXNBAGAME-26FEB28LALGSW-GSW.csv
 create mode 100644 NBA/data/prices/KXNBAGAME-26FEB28LALGSW-LAL.csv
 create mode 100644 NBA/data/prices/KXNBAGAME-26FEB28NOPUTA-NOP.csv
 create mode 100644 NBA/data/prices/KXNBAGAME-26FEB28NOPUTA-UTA.csv
 create mode 100644 NBA/data/prices/KXNBAGAME-26FEB28PORCHA-CHA.csv
 create mode 100644 NBA/data/prices/KXNBAGAME-26FEB28PORCHA-POR.csv
 create mode 100644 NBA/data/prices/KXNBAGAME-26FEB28TORWAS-TOR.csv
 create mode 100644 NBA/data/prices/KXNBAGAME-26FEB28TORWAS-WAS.csv
 create mode 100644 NBA/data/prices/KXNBAGAME-26MAR01CLEBKN-BKN.csv
 create mode 100644 NBA/data/prices/KXNBAGAME-26MAR01CLEBKN-CLE.csv
 create mode 100644 NBA/data/prices/KXNBAGAME-26MAR01DETORL-DET.csv
 create mode 100644 NBA/data/prices/KXNBAGAME-26MAR01DETORL-ORL.csv
 create mode 100644 NBA/data/prices/KXNBAGAME-26MAR01MEMIND-IND.csv
 create mode 100644 NBA/data/prices/KXNBAGAME-26MAR01MEMIND-MEM.csv
 create mode 100644 NBA/data/prices/KXNBAGAME-26MAR01MILCHI-CHI.csv
 create mode 100644 NBA/data/prices/KXNBAGAME-26MAR01MILCHI-MIL.csv
 create mode 100644 NBA/data/prices/KXNBAGAME-26MAR01MINDEN-DEN.csv
 create mode 100644 NBA/data/prices/KXNBAGAME-26MAR01MINDEN-MIN.csv
 create mode 100644 NBA/data/prices/KXNBAGAME-26MAR01NOPLAC-LAC.csv
 create mode 100644 NBA/data/prices/KXNBAGAME-26MAR01NOPLAC-NOP.csv
 create mode 100644 NBA/data/prices/KXNBAGAME-26MAR01OKCDAL-DAL.csv
 create mode 100644 NBA/data/prices/KXNBAGAME-26MAR01OKCDAL-OKC.csv
 create mode 100644 NBA/data/prices/KXNBAGAME-26MAR01PHIBOS-BOS.csv
 create mode 100644 NBA/data/prices/KXNBAGAME-26MAR01PHIBOS-PHI.csv
 create mode 100644 NBA/data/prices/KXNBAGAME-26MAR01PORATL-ATL.csv
 create mode 100644 NBA/data/prices/KXNBAGAME-26MAR01PORATL-POR.csv
 create mode 100644 NBA/data/prices/KXNBAGAME-26MAR01SACLAL-LAL.csv
 create mode 100644 NBA/data/prices/KXNBAGAME-26MAR01SACLAL-SAC.csv
 create mode 100644 NBA/data/prices/KXNBAGAME-26MAR01SASNYK-NYK.csv
 create mode 100644 NBA/data/prices/KXNBAGAME-26MAR01SASNYK-SAS.csv
 create mode 100644 NBA/data/prices/KXNBAGAME-26MAR02BOSMIL-BOS.csv
 create mode 100644 NBA/data/prices/KXNBAGAME-26MAR02BOSMIL-MIL.csv
 create mode 100644 NBA/data/prices/KXNBAGAME-26MAR02DENUTA-DEN.csv
 create mode 100644 NBA/data/prices/KXNBAGAME-26MAR02DENUTA-UTA.csv
 create mode 100644 NBA/data/prices/KXNBAGAME-26MAR02HOUWAS-HOU.csv
 create mode 100644 NBA/data/prices/KXNBAGAME-26MAR02HOUWAS-WAS.csv
 create mode 100644 NBA/data/prices/KXNBAGAME-26MAR02LACGSW-GSW.csv
 create mode 100644 NBA/data/prices/KXNBAGAME-26MAR02LACGSW-LAC.csv
 create mode 100644 NBA/data/prices/KXNBAGAME-26MAR03BKNMIA-BKN.csv
 create mode 100644 NBA/data/prices/KXNBAGAME-26MAR03BKNMIA-MIA.csv
 create mode 100644 NBA/data/prices/KXNBAGAME-26MAR03DALCHA-CHA.csv
 create mode 100644 NBA/data/prices/KXNBAGAME-26MAR03DALCHA-DAL.csv
 create mode 100644 NBA/data/prices/KXNBAGAME-26MAR03DETCLE-CLE.csv
 create mode 100644 NBA/data/prices/KXNBAGAME-26MAR03DETCLE-DET.csv
 create mode 100644 NBA/data/prices/KXNBAGAME-26MAR03MEMMIN-MEM.csv
 create mode 100644 NBA/data/prices/KXNBAGAME-26MAR03MEMMIN-MIN.csv
 create mode 100644 NBA/data/prices/KXNBAGAME-26MAR03NOPLAL-LAL.csv
 create mode 100644 NBA/data/prices/KXNBAGAME-26MAR03NOPLAL-NOP.csv
 create mode 100644 NBA/data/prices/KXNBAGAME-26MAR03NYKTOR-NYK.csv
 create mode 100644 NBA/data/prices/KXNBAGAME-26MAR03NYKTOR-TOR.csv
 create mode 100644 NBA/data/prices/KXNBAGAME-26MAR03OKCCHI-CHI.csv
 create mode 100644 NBA/data/prices/KXNBAGAME-26MAR03OKCCHI-OKC.csv
 create mode 100644 NBA/data/prices/KXNBAGAME-26MAR03PHXSAC-PHX.csv
 create mode 100644 NBA/data/prices/KXNBAGAME-26MAR03PHXSAC-SAC.csv
 create mode 100644 NBA/data/prices/KXNBAGAME-26MAR03SASPHI-PHI.csv
 create mode 100644 NBA/data/prices/KXNBAGAME-26MAR03SASPHI-SAS.csv
 create mode 100644 NBA/data/prices/KXNBAGAME-26MAR03WASORL-ORL.csv
 create mode 100644 NBA/data/prices/KXNBAGAME-26MAR03WASORL-WAS.csv
 create mode 100644 NBA/data/prices/KXNBAGAME-26MAR04ATLMIL-ATL.csv
 create mode 100644 NBA/data/prices/KXNBAGAME-26MAR04ATLMIL-MIL.csv
 create mode 100644 NBA/data/prices/KXNBAGAME-26MAR04CHABOS-BOS.csv
 create mode 100644 NBA/data/prices/KXNBAGAME-26MAR04CHABOS-CHA.csv
 create mode 100644 NBA/data/prices/KXNBAGAME-26MAR04INDLAC-IND.csv
 create mode 100644 NBA/data/prices/KXNBAGAME-26MAR04INDLAC-LAC.csv
 create mode 100644 NBA/data/prices/KXNBAGAME-26MAR04OKCNYK-NYK.csv
 create mode 100644 NBA/data/prices/KXNBAGAME-26MAR04OKCNYK-OKC.csv
 create mode 100644 NBA/data/prices/KXNBAGAME-26MAR04PORMEM-MEM.csv
 create mode 100644 NBA/data/prices/KXNBAGAME-26MAR04PORMEM-POR.csv
 create mode 100644 NBA/data/prices/KXNBAGAME-26MAR04UTAPHI-PHI.csv
 create mode 100644 NBA/data/prices/KXNBAGAME-26MAR04UTAPHI-UTA.csv
 create mode 100644 NBA/data/prices/KXNBAGAME-26MAR05BKNMIA-BKN.csv
 create mode 100644 NBA/data/prices/KXNBAGAME-26MAR05BKNMIA-MIA.csv
 create mode 100644 NBA/data/prices/KXNBAGAME-26MAR05CHIPHX-CHI.csv
 create mode 100644 NBA/data/prices/KXNBAGAME-26MAR05CHIPHX-PHX.csv
 create mode 100644 NBA/data/prices/KXNBAGAME-26MAR05DALORL-DAL.csv
 create mode 100644 NBA/data/prices/KXNBAGAME-26MAR05DALORL-ORL.csv
 create mode 100644 NBA/data/prices/KXNBAGAME-26MAR05DETSAS-DET.csv
 create mode 100644 NBA/data/prices/KXNBAGAME-26MAR05DETSAS-SAS.csv
 create mode 100644 NBA/data/prices/KXNBAGAME-26MAR05GSWHOU-GSW.csv
 create mode 100644 NBA/data/prices/KXNBAGAME-26MAR05GSWHOU-HOU.csv
 create mode 100644 NBA/data/prices/KXNBAGAME-26MAR05LALDEN-DEN.csv
 create mode 100644 NBA/data/prices/KXNBAGAME-26MAR05LALDEN-LAL.csv
 create mode 100644 NBA/data/prices/KXNBAGAME-26MAR05NOPSAC-NOP.csv
 create mode 100644 NBA/data/prices/KXNBAGAME-26MAR05NOPSAC-SAC.csv
 create mode 100644 NBA/data/prices/KXNBAGAME-26MAR05TORMIN-MIN.csv
 create mode 100644 NBA/data/prices/KXNBAGAME-26MAR05TORMIN-TOR.csv
 create mode 100644 NBA/data/prices/KXNBAGAME-26MAR05UTAWAS-UTA.csv
 create mode 100644 NBA/data/prices/KXNBAGAME-26MAR05UTAWAS-WAS.csv
 create mode 100644 NBA/data/prices/KXNBAGAME-26MAR06DALBOS-BOS.csv
 create mode 100644 NBA/data/prices/KXNBAGAME-26MAR06DALBOS-DAL.csv
 create mode 100644 NBA/data/prices/KXNBAGAME-26MAR06INDLAL-IND.csv
 create mode 100644 NBA/data/prices/KXNBAGAME-26MAR06INDLAL-LAL.csv
 create mode 100644 NBA/data/prices/KXNBAGAME-26MAR06LACSAS-LAC.csv
 create mode 100644 NBA/data/prices/KXNBAGAME-26MAR06LACSAS-SAS.csv
 create mode 100644 NBA/data/prices/KXNBAGAME-26MAR06MIACHA-CHA.csv
 create mode 100644 NBA/data/prices/KXNBAGAME-26MAR06MIACHA-MIA.csv
 create mode 100644 NBA/data/prices/KXNBAGAME-26MAR06NOPPHX-NOP.csv
 create mode 100644 NBA/data/prices/KXNBAGAME-26MAR06NOPPHX-PHX.csv
 create mode 100644 NBA/data/prices/KXNBAGAME-26MAR06NYKDEN-DEN.csv
 create mode 100644 NBA/data/prices/KXNBAGAME-26MAR06NYKDEN-NYK.csv
 create mode 100644 NBA/data/prices/KXNBAGAME-26MAR06PORHOU-HOU.csv
 create mode 100644 NBA/data/prices/KXNBAGAME-26MAR06PORHOU-POR.csv
 create mode 100644 NBA/data/prices/KXNBAGAME-26MAR07BKNDET-BKN.csv
 create mode 100644 NBA/data/prices/KXNBAGAME-26MAR07BKNDET-DET.csv
 create mode 100644 NBA/data/prices/KXNBAGAME-26MAR07GSWOKC-GSW.csv
 create mode 100644 NBA/data/prices/KXNBAGAME-26MAR07GSWOKC-OKC.csv
 create mode 100644 NBA/data/prices/KXNBAGAME-26MAR07LACMEM-LAC.csv
 create mode 100644 NBA/data/prices/KXNBAGAME-26MAR07LACMEM-MEM.csv
 create mode 100644 NBA/data/prices/KXNBAGAME-26MAR07ORLMIN-MIN.csv
 create mode 100644 NBA/data/prices/KXNBAGAME-26MAR07ORLMIN-ORL.csv
 create mode 100644 NBA/data/prices/KXNBAGAME-26MAR07PHIATL-ATL.csv
 create mode 100644 NBA/data/prices/KXNBAGAME-26MAR07PHIATL-PHI.csv
 create mode 100644 NBA/data/prices/KXNBAGAME-26MAR07UTAMIL-MIL.csv
 create mode 100644 NBA/data/prices/KXNBAGAME-26MAR07UTAMIL-UTA.csv
 create mode 100644 NBA/data/prices/KXNBAGAME-26MAR08BOSCLE-BOS.csv
 create mode 100644 NBA/data/prices/KXNBAGAME-26MAR08BOSCLE-CLE.csv
 create mode 100644 NBA/data/prices/KXNBAGAME-26MAR08CHAPHX-CHA.csv
 create mode 100644 NBA/data/prices/KXNBAGAME-26MAR08CHAPHX-PHX.csv
 create mode 100644 NBA/data/prices/KXNBAGAME-26MAR08CHISAC-CHI.csv
 create mode 100644 NBA/data/prices/KXNBAGAME-26MAR08CHISAC-SAC.csv
 create mode 100644 NBA/data/prices/KXNBAGAME-26MAR08DALTOR-DAL.csv
 create mode 100644 NBA/data/prices/KXNBAGAME-26MAR08DALTOR-TOR.csv
 create mode 100644 NBA/data/prices/KXNBAGAME-26MAR08DETMIA-DET.csv
 create mode 100644 NBA/data/prices/KXNBAGAME-26MAR08DETMIA-MIA.csv
 create mode 100644 NBA/data/prices/KXNBAGAME-26MAR08HOUSAS-HOU.csv
 create mode 100644 NBA/data/prices/KXNBAGAME-26MAR08HOUSAS-SAS.csv
 create mode 100644 NBA/data/prices/KXNBAGAME-26MAR08INDPOR-IND.csv
 create mode 100644 NBA/data/prices/KXNBAGAME-26MAR08INDPOR-POR.csv
 create mode 100644 NBA/data/prices/KXNBAGAME-26MAR08NYKLAL-LAL.csv
 create mode 100644 NBA/data/prices/KXNBAGAME-26MAR08NYKLAL-NYK.csv
 create mode 100644 NBA/data/prices/KXNBAGAME-26MAR08ORLMIL-MIL.csv
 create mode 100644 NBA/data/prices/KXNBAGAME-26MAR08ORLMIL-ORL.csv
 create mode 100644 NBA/data/prices/KXNBAGAME-26MAR08WASNOP-NOP.csv
 create mode 100644 NBA/data/prices/KXNBAGAME-26MAR08WASNOP-WAS.csv
 create mode 100644 NBA/data/prices/KXNBAGAME-26MAR09DENOKC-DEN.csv
 create mode 100644 NBA/data/prices/KXNBAGAME-26MAR09DENOKC-OKC.csv
 create mode 100644 NBA/data/prices/KXNBAGAME-26MAR09GSWUTA-GSW.csv
 create mode 100644 NBA/data/prices/KXNBAGAME-26MAR09GSWUTA-UTA.csv
 create mode 100644 NBA/data/prices/KXNBAGAME-26MAR09MEMBKN-BKN.csv
 create mode 100644 NBA/data/prices/KXNBAGAME-26MAR09MEMBKN-MEM.csv
 create mode 100644 NBA/data/prices/KXNBAGAME-26MAR09NYKLAC-LAC.csv
 create mode 100644 NBA/data/prices/KXNBAGAME-26MAR09NYKLAC-NYK.csv
 create mode 100644 NBA/data/prices/KXNBAGAME-26MAR09PHICLE-CLE.csv
 create mode 100644 NBA/data/prices/KXNBAGAME-26MAR09PHICLE-PHI.csv
 create mode 100644 NBA/data/prices/KXNBAGAME-26MAR10BOSSAS-BOS.csv
 create mode 100644 NBA/data/prices/KXNBAGAME-26MAR10BOSSAS-SAS.csv
 create mode 100644 NBA/data/prices/KXNBAGAME-26MAR10CHAPOR-CHA.csv
 create mode 100644 NBA/data/prices/KXNBAGAME-26MAR10CHAPOR-POR.csv
 create mode 100644 NBA/data/prices/KXNBAGAME-26MAR10CHIGSW-CHI.csv
 create mode 100644 NBA/data/prices/KXNBAGAME-26MAR10CHIGSW-GSW.csv
 create mode 100644 NBA/data/prices/KXNBAGAME-26MAR10DALATL-ATL.csv
 create mode 100644 NBA/data/prices/KXNBAGAME-26MAR10DALATL-DAL.csv
 create mode 100644 NBA/data/prices/KXNBAGAME-26MAR10DETBKN-BKN.csv
 create mode 100644 NBA/data/prices/KXNBAGAME-26MAR10DETBKN-DET.csv
 create mode 100644 NBA/data/prices/KXNBAGAME-26MAR10INDSAC-IND.csv
 create mode 100644 NBA/data/prices/KXNBAGAME-26MAR10INDSAC-SAC.csv
 create mode 100644 NBA/data/prices/KXNBAGAME-26MAR10MEMPHI-MEM.csv
 create mode 100644 NBA/data/prices/KXNBAGAME-26MAR10MEMPHI-PHI.csv
 create mode 100644 NBA/data/prices/KXNBAGAME-26MAR10MINLAL-LAL.csv
 create mode 100644 NBA/data/prices/KXNBAGAME-26MAR10MINLAL-MIN.csv
 create mode 100644 NBA/data/prices/KXNBAGAME-26MAR10PHXMIL-MIL.csv
 create mode 100644 NBA/data/prices/KXNBAGAME-26MAR10PHXMIL-PHX.csv
 create mode 100644 NBA/data/prices/KXNBAGAME-26MAR10TORHOU-HOU.csv
 create mode 100644 NBA/data/prices/KXNBAGAME-26MAR10TORHOU-TOR.csv
 create mode 100644 NBA/data/prices/KXNBAGAME-26MAR10WASMIA-MIA.csv
 create mode 100644 NBA/data/prices/KXNBAGAME-26MAR10WASMIA-WAS.csv
 create mode 100644 NBA/data/prices/KXNBAGAME-26MAR11CLEORL-CLE.csv
 create mode 100644 NBA/data/prices/KXNBAGAME-26MAR11CLEORL-ORL.csv
 create mode 100644 NBA/data/prices/KXNBAGAME-26MAR11HOUDEN-DEN.csv
 create mode 100644 NBA/data/prices/KXNBAGAME-26MAR11HOUDEN-HOU.csv
 create mode 100644 NBA/data/prices/KXNBAGAME-26MAR11MINLAC-LAC.csv
 create mode 100644 NBA/data/prices/KXNBAGAME-26MAR11MINLAC-MIN.csv
 create mode 100644 NBA/data/prices/KXNBAGAME-26MAR11NYKUTA-NYK.csv
 create mode 100644 NBA/data/prices/KXNBAGAME-26MAR11NYKUTA-UTA.csv
 create mode 100644 NBA/data/prices/KXNBAGAME-26MAR11TORNOP-NOP.csv
 create mode 100644 NBA/data/prices/KXNBAGAME-26MAR11TORNOP-TOR.csv
 create mode 100644 NBA/data/prices/KXNBAGAME-26MAR12BKNATL-ATL.csv
 create mode 100644 NBA/data/prices/KXNBAGAME-26MAR12BKNATL-BKN.csv
 create mode 100644 NBA/data/prices/KXNBAGAME-26MAR12BOSOKC-BOS.csv
 create mode 100644 NBA/data/prices/KXNBAGAME-26MAR12BOSOKC-OKC.csv
 create mode 100644 NBA/data/prices/KXNBAGAME-26MAR12CHILAL-CHI.csv
 create mode 100644 NBA/data/prices/KXNBAGAME-26MAR12CHILAL-LAL.csv
 create mode 100644 NBA/data/prices/KXNBAGAME-26MAR12DALMEM-DAL.csv
 create mode 100644 NBA/data/prices/KXNBAGAME-26MAR12DALMEM-MEM.csv
 create mode 100644 NBA/data/prices/KXNBAGAME-26MAR12DENSAS-DEN.csv
 create mode 100644 NBA/data/prices/KXNBAGAME-26MAR12DENSAS-SAS.csv
 create mode 100644 NBA/data/prices/KXNBAGAME-26MAR12MILMIA-MIA.csv
 create mode 100644 NBA/data/prices/KXNBAGAME-26MAR12MILMIA-MIL.csv
 create mode 100644 NBA/data/prices/KXNBAGAME-26MAR12PHIDET-DET.csv
 create mode 100644 NBA/data/prices/KXNBAGAME-26MAR12PHIDET-PHI.csv
 create mode 100644 NBA/data/prices/KXNBAGAME-26MAR12PHXIND-IND.csv
 create mode 100644 NBA/data/prices/KXNBAGAME-26MAR12PHXIND-PHX.csv
 create mode 100644 NBA/data/prices/KXNBAGAME-26MAR12WASORL-ORL.csv
 create mode 100644 NBA/data/prices/KXNBAGAME-26MAR12WASORL-WAS.csv
 create mode 100644 NBA/data/prices/KXNBAGAME-26MAR13CHILAC-CHI.csv
 create mode 100644 NBA/data/prices/KXNBAGAME-26MAR13CHILAC-LAC.csv
 create mode 100644 NBA/data/prices/KXNBAGAME-26MAR13CLEDAL-CLE.csv
 create mode 100644 NBA/data/prices/KXNBAGAME-26MAR13CLEDAL-DAL.csv
 create mode 100644 NBA/data/prices/KXNBAGAME-26MAR13MEMDET-DET.csv
 create mode 100644 NBA/data/prices/KXNBAGAME-26MAR13MEMDET-MEM.csv
 create mode 100644 NBA/data/prices/KXNBAGAME-26MAR13MINGSW-GSW.csv
 create mode 100644 NBA/data/prices/KXNBAGAME-26MAR13MINGSW-MIN.csv
 create mode 100644 NBA/data/prices/KXNBAGAME-26MAR13NOPHOU-HOU.csv
 create mode 100644 NBA/data/prices/KXNBAGAME-26MAR13NOPHOU-NOP.csv
 create mode 100644 NBA/data/prices/KXNBAGAME-26MAR13NYKIND-IND.csv
 create mode 100644 NBA/data/prices/KXNBAGAME-26MAR13NYKIND-NYK.csv
 create mode 100644 NBA/data/prices/KXNBAGAME-26MAR13PHXTOR-PHX.csv
 create mode 100644 NBA/data/prices/KXNBAGAME-26MAR13PHXTOR-TOR.csv
 create mode 100644 NBA/data/prices/KXNBAGAME-26MAR13UTAPOR-POR.csv
 create mode 100644 NBA/data/prices/KXNBAGAME-26MAR13UTAPOR-UTA.csv
 create mode 100644 NBA/data/prices/KXNBAGAME-26MAR14BKNPHI-BKN.csv
 create mode 100644 NBA/data/prices/KXNBAGAME-26MAR14BKNPHI-PHI.csv
 create mode 100644 NBA/data/prices/KXNBAGAME-26MAR14CHASAS-CHA.csv
 create mode 100644 NBA/data/prices/KXNBAGAME-26MAR14CHASAS-SAS.csv
 create mode 100644 NBA/data/prices/KXNBAGAME-26MAR14MILATL-ATL.csv
 create mode 100644 NBA/data/prices/KXNBAGAME-26MAR14MILATL-MIL.csv
 create mode 100644 NBA/data/trades/TRADES_KXNBAGAME-26FEB27BKNBOS-BKN.csv
 create mode 100644 NBA/data/trades/TRADES_KXNBAGAME-26FEB27BKNBOS-BOS.csv
 create mode 100644 NBA/data/trades/TRADES_KXNBAGAME-26FEB27CLEDET-CLE.csv
 create mode 100644 NBA/data/trades/TRADES_KXNBAGAME-26FEB27CLEDET-DET.csv
 create mode 100644 NBA/data/trades/TRADES_KXNBAGAME-26FEB27DENOKC-DEN.csv
 create mode 100644 NBA/data/trades/TRADES_KXNBAGAME-26FEB27DENOKC-OKC.csv
 create mode 100644 NBA/data/trades/TRADES_KXNBAGAME-26FEB27MEMDAL-DAL.csv
 create mode 100644 NBA/data/trades/TRADES_KXNBAGAME-26FEB27MEMDAL-MEM.csv
 create mode 100644 NBA/data/trades/TRADES_KXNBAGAME-26FEB27NYKMIL-MIL.csv
 create mode 100644 NBA/data/trades/TRADES_KXNBAGAME-26FEB27NYKMIL-NYK.csv
 create mode 100644 NBA/data/trades/TRADES_KXNBAGAME-26FEB28HOUMIA-HOU.csv
 create mode 100644 NBA/data/trades/TRADES_KXNBAGAME-26FEB28HOUMIA-MIA.csv
 create mode 100644 NBA/data/trades/TRADES_KXNBAGAME-26FEB28LALGSW-GSW.csv
 create mode 100644 NBA/data/trades/TRADES_KXNBAGAME-26FEB28LALGSW-LAL.csv
 create mode 100644 NBA/data/trades/TRADES_KXNBAGAME-26FEB28NOPUTA-NOP.csv
 create mode 100644 NBA/data/trades/TRADES_KXNBAGAME-26FEB28NOPUTA-UTA.csv
 create mode 100644 NBA/data/trades/TRADES_KXNBAGAME-26FEB28PORCHA-CHA.csv
 create mode 100644 NBA/data/trades/TRADES_KXNBAGAME-26FEB28PORCHA-POR.csv
 create mode 100644 NBA/data/trades/TRADES_KXNBAGAME-26FEB28TORWAS-TOR.csv
 create mode 100644 NBA/data/trades/TRADES_KXNBAGAME-26FEB28TORWAS-WAS.csv
 create mode 100644 NBA/data/trades/TRADES_KXNBAGAME-26MAR01CLEBKN-BKN.csv
 create mode 100644 NBA/data/trades/TRADES_KXNBAGAME-26MAR01CLEBKN-CLE.csv
 create mode 100644 NBA/data/trades/TRADES_KXNBAGAME-26MAR01DETORL-DET.csv
 create mode 100644 NBA/data/trades/TRADES_KXNBAGAME-26MAR01DETORL-ORL.csv
 create mode 100644 NBA/data/trades/TRADES_KXNBAGAME-26MAR01MEMIND-IND.csv
 create mode 100644 NBA/data/trades/TRADES_KXNBAGAME-26MAR01MEMIND-MEM.csv
 create mode 100644 NBA/data/trades/TRADES_KXNBAGAME-26MAR01MILCHI-CHI.csv
 create mode 100644 NBA/data/trades/TRADES_KXNBAGAME-26MAR01MILCHI-MIL.csv
 create mode 100644 NBA/data/trades/TRADES_KXNBAGAME-26MAR01MINDEN-DEN.csv
 create mode 100644 NBA/data/trades/TRADES_KXNBAGAME-26MAR01MINDEN-MIN.csv
 create mode 100644 NBA/data/trades/TRADES_KXNBAGAME-26MAR01NOPLAC-LAC.csv
 create mode 100644 NBA/data/trades/TRADES_KXNBAGAME-26MAR01NOPLAC-NOP.csv
 create mode 100644 NBA/data/trades/TRADES_KXNBAGAME-26MAR01OKCDAL-DAL.csv
 create mode 100644 NBA/data/trades/TRADES_KXNBAGAME-26MAR01OKCDAL-OKC.csv
 create mode 100644 NBA/data/trades/TRADES_KXNBAGAME-26MAR01PHIBOS-BOS.csv
 create mode 100644 NBA/data/trades/TRADES_KXNBAGAME-26MAR01PHIBOS-PHI.csv
 create mode 100644 NBA/data/trades/TRADES_KXNBAGAME-26MAR01PORATL-ATL.csv
 create mode 100644 NBA/data/trades/TRADES_KXNBAGAME-26MAR01PORATL-POR.csv
 create mode 100644 NBA/data/trades/TRADES_KXNBAGAME-26MAR01SACLAL-LAL.csv
 create mode 100644 NBA/data/trades/TRADES_KXNBAGAME-26MAR01SACLAL-SAC.csv
 create mode 100644 NBA/data/trades/TRADES_KXNBAGAME-26MAR01SASNYK-NYK.csv
 create mode 100644 NBA/data/trades/TRADES_KXNBAGAME-26MAR01SASNYK-SAS.csv
 create mode 100644 NBA/data/trades/TRADES_KXNBAGAME-26MAR02BOSMIL-BOS.csv
 create mode 100644 NBA/data/trades/TRADES_KXNBAGAME-26MAR02BOSMIL-MIL.csv
 create mode 100644 NBA/data/trades/TRADES_KXNBAGAME-26MAR02DENUTA-DEN.csv
 create mode 100644 NBA/data/trades/TRADES_KXNBAGAME-26MAR02DENUTA-UTA.csv
 create mode 100644 NBA/data/trades/TRADES_KXNBAGAME-26MAR02HOUWAS-HOU.csv
 create mode 100644 NBA/data/trades/TRADES_KXNBAGAME-26MAR02HOUWAS-WAS.csv
 create mode 100644 NBA/data/trades/TRADES_KXNBAGAME-26MAR02LACGSW-GSW.csv
 create mode 100644 NBA/data/trades/TRADES_KXNBAGAME-26MAR02LACGSW-LAC.csv
 create mode 100644 NBA/data/trades/TRADES_KXNBAGAME-26MAR03BKNMIA-BKN.csv
 create mode 100644 NBA/data/trades/TRADES_KXNBAGAME-26MAR03BKNMIA-MIA.csv
 create mode 100644 NBA/data/trades/TRADES_KXNBAGAME-26MAR03DALCHA-CHA.csv
 create mode 100644 NBA/data/trades/TRADES_KXNBAGAME-26MAR03DALCHA-DAL.csv
 create mode 100644 NBA/data/trades/TRADES_KXNBAGAME-26MAR03DETCLE-CLE.csv
 create mode 100644 NBA/data/trades/TRADES_KXNBAGAME-26MAR03DETCLE-DET.csv
 create mode 100644 NBA/data/trades/TRADES_KXNBAGAME-26MAR03MEMMIN-MEM.csv
 create mode 100644 NBA/data/trades/TRADES_KXNBAGAME-26MAR03MEMMIN-MIN.csv
 create mode 100644 NBA/data/trades/TRADES_KXNBAGAME-26MAR03NOPLAL-LAL.csv
 create mode 100644 NBA/data/trades/TRADES_KXNBAGAME-26MAR03NOPLAL-NOP.csv
 create mode 100644 NBA/data/trades/TRADES_KXNBAGAME-26MAR03NYKTOR-NYK.csv
 create mode 100644 NBA/data/trades/TRADES_KXNBAGAME-26MAR03NYKTOR-TOR.csv
 create mode 100644 NBA/data/trades/TRADES_KXNBAGAME-26MAR03OKCCHI-CHI.csv
 create mode 100644 NBA/data/trades/TRADES_KXNBAGAME-26MAR03OKCCHI-OKC.csv
 create mode 100644 NBA/data/trades/TRADES_KXNBAGAME-26MAR03PHXSAC-PHX.csv
 create mode 100644 NBA/data/trades/TRADES_KXNBAGAME-26MAR03PHXSAC-SAC.csv
 create mode 100644 NBA/data/trades/TRADES_KXNBAGAME-26MAR03SASPHI-PHI.csv
 create mode 100644 NBA/data/trades/TRADES_KXNBAGAME-26MAR03SASPHI-SAS.csv
 create mode 100644 NBA/data/trades/TRADES_KXNBAGAME-26MAR03WASORL-ORL.csv
 create mode 100644 NBA/data/trades/TRADES_KXNBAGAME-26MAR03WASORL-WAS.csv
 create mode 100644 NBA/data/trades/TRADES_KXNBAGAME-26MAR04ATLMIL-ATL.csv
 create mode 100644 NBA/data/trades/TRADES_KXNBAGAME-26MAR04ATLMIL-MIL.csv
 create mode 100644 NBA/data/trades/TRADES_KXNBAGAME-26MAR04CHABOS-BOS.csv
 create mode 100644 NBA/data/trades/TRADES_KXNBAGAME-26MAR04CHABOS-CHA.csv
 create mode 100644 NBA/data/trades/TRADES_KXNBAGAME-26MAR04INDLAC-IND.csv
 create mode 100644 NBA/data/trades/TRADES_KXNBAGAME-26MAR04INDLAC-LAC.csv
 create mode 100644 NBA/data/trades/TRADES_KXNBAGAME-26MAR04OKCNYK-NYK.csv
 create mode 100644 NBA/data/trades/TRADES_KXNBAGAME-26MAR04OKCNYK-OKC.csv
 create mode 100644 NBA/data/trades/TRADES_KXNBAGAME-26MAR04PORMEM-MEM.csv
 create mode 100644 NBA/data/trades/TRADES_KXNBAGAME-26MAR04PORMEM-POR.csv
 create mode 100644 NBA/data/trades/TRADES_KXNBAGAME-26MAR04UTAPHI-PHI.csv
 create mode 100644 NBA/data/trades/TRADES_KXNBAGAME-26MAR04UTAPHI-UTA.csv
 create mode 100644 NBA/data/trades/TRADES_KXNBAGAME-26MAR05BKNMIA-BKN.csv
 create mode 100644 NBA/data/trades/TRADES_KXNBAGAME-26MAR05BKNMIA-MIA.csv
 create mode 100644 NBA/data/trades/TRADES_KXNBAGAME-26MAR05CHIPHX-CHI.csv
 create mode 100644 NBA/data/trades/TRADES_KXNBAGAME-26MAR05CHIPHX-PHX.csv
 create mode 100644 NBA/data/trades/TRADES_KXNBAGAME-26MAR05DALORL-DAL.csv
 create mode 100644 NBA/data/trades/TRADES_KXNBAGAME-26MAR05DALORL-ORL.csv
 create mode 100644 NBA/data/trades/TRADES_KXNBAGAME-26MAR05DETSAS-DET.csv
 create mode 100644 NBA/data/trades/TRADES_KXNBAGAME-26MAR05DETSAS-SAS.csv
 create mode 100644 NBA/data/trades/TRADES_KXNBAGAME-26MAR05GSWHOU-GSW.csv
 create mode 100644 NBA/data/trades/TRADES_KXNBAGAME-26MAR05GSWHOU-HOU.csv
 create mode 100644 NBA/data/trades/TRADES_KXNBAGAME-26MAR05LALDEN-DEN.csv
 create mode 100644 NBA/data/trades/TRADES_KXNBAGAME-26MAR05LALDEN-LAL.csv
 create mode 100644 NBA/data/trades/TRADES_KXNBAGAME-26MAR05NOPSAC-NOP.csv
 create mode 100644 NBA/data/trades/TRADES_KXNBAGAME-26MAR05NOPSAC-SAC.csv
 create mode 100644 NBA/data/trades/TRADES_KXNBAGAME-26MAR05TORMIN-MIN.csv
 create mode 100644 NBA/data/trades/TRADES_KXNBAGAME-26MAR05TORMIN-TOR.csv
 create mode 100644 NBA/data/trades/TRADES_KXNBAGAME-26MAR05UTAWAS-UTA.csv
 create mode 100644 NBA/data/trades/TRADES_KXNBAGAME-26MAR05UTAWAS-WAS.csv
 create mode 100644 NBA/data/trades/TRADES_KXNBAGAME-26MAR06DALBOS-BOS.csv
 create mode 100644 NBA/data/trades/TRADES_KXNBAGAME-26MAR06DALBOS-DAL.csv
 create mode 100644 NBA/data/trades/TRADES_KXNBAGAME-26MAR06INDLAL-IND.csv
 create mode 100644 NBA/data/trades/TRADES_KXNBAGAME-26MAR06INDLAL-LAL.csv
 create mode 100644 NBA/data/trades/TRADES_KXNBAGAME-26MAR06LACSAS-LAC.csv
 create mode 100644 NBA/data/trades/TRADES_KXNBAGAME-26MAR06LACSAS-SAS.csv
 create mode 100644 NBA/data/trades/TRADES_KXNBAGAME-26MAR06MIACHA-CHA.csv
 create mode 100644 NBA/data/trades/TRADES_KXNBAGAME-26MAR06MIACHA-MIA.csv
 create mode 100644 NBA/data/trades/TRADES_KXNBAGAME-26MAR06NOPPHX-NOP.csv
 create mode 100644 NBA/data/trades/TRADES_KXNBAGAME-26MAR06NOPPHX-PHX.csv
 create mode 100644 NBA/data/trades/TRADES_KXNBAGAME-26MAR06NYKDEN-DEN.csv
 create mode 100644 NBA/data/trades/TRADES_KXNBAGAME-26MAR06NYKDEN-NYK.csv
 create mode 100644 NBA/data/trades/TRADES_KXNBAGAME-26MAR06PORHOU-HOU.csv
 create mode 100644 NBA/data/trades/TRADES_KXNBAGAME-26MAR06PORHOU-POR.csv
 create mode 100644 NBA/data/trades/TRADES_KXNBAGAME-26MAR07BKNDET-BKN.csv
 create mode 100644 NBA/data/trades/TRADES_KXNBAGAME-26MAR07BKNDET-DET.csv
 create mode 100644 NBA/data/trades/TRADES_KXNBAGAME-26MAR07GSWOKC-GSW.csv
 create mode 100644 NBA/data/trades/TRADES_KXNBAGAME-26MAR07GSWOKC-OKC.csv
 create mode 100644 NBA/data/trades/TRADES_KXNBAGAME-26MAR07LACMEM-LAC.csv
 create mode 100644 NBA/data/trades/TRADES_KXNBAGAME-26MAR07LACMEM-MEM.csv
 create mode 100644 NBA/data/trades/TRADES_KXNBAGAME-26MAR07ORLMIN-MIN.csv
 create mode 100644 NBA/data/trades/TRADES_KXNBAGAME-26MAR07ORLMIN-ORL.csv
 create mode 100644 NBA/data/trades/TRADES_KXNBAGAME-26MAR07PHIATL-ATL.csv
 create mode 100644 NBA/data/trades/TRADES_KXNBAGAME-26MAR07PHIATL-PHI.csv
 create mode 100644 NBA/data/trades/TRADES_KXNBAGAME-26MAR07UTAMIL-MIL.csv
 create mode 100644 NBA/data/trades/TRADES_KXNBAGAME-26MAR07UTAMIL-UTA.csv
 create mode 100644 NBA/data/trades/TRADES_KXNBAGAME-26MAR08BOSCLE-BOS.csv
 create mode 100644 NBA/data/trades/TRADES_KXNBAGAME-26MAR08BOSCLE-CLE.csv
 create mode 100644 NBA/data/trades/TRADES_KXNBAGAME-26MAR08CHAPHX-CHA.csv
 create mode 100644 NBA/data/trades/TRADES_KXNBAGAME-26MAR08CHAPHX-PHX.csv
 create mode 100644 NBA/data/trades/TRADES_KXNBAGAME-26MAR08CHISAC-CHI.csv
 create mode 100644 NBA/data/trades/TRADES_KXNBAGAME-26MAR08CHISAC-SAC.csv
 create mode 100644 NBA/data/trades/TRADES_KXNBAGAME-26MAR08DALTOR-DAL.csv
 create mode 100644 NBA/data/trades/TRADES_KXNBAGAME-26MAR08DALTOR-TOR.csv
 create mode 100644 NBA/data/trades/TRADES_KXNBAGAME-26MAR08DETMIA-DET.csv
 create mode 100644 NBA/data/trades/TRADES_KXNBAGAME-26MAR08DETMIA-MIA.csv
 create mode 100644 NBA/data/trades/TRADES_KXNBAGAME-26MAR08HOUSAS-HOU.csv
 create mode 100644 NBA/data/trades/TRADES_KXNBAGAME-26MAR08HOUSAS-SAS.csv
 create mode 100644 NBA/data/trades/TRADES_KXNBAGAME-26MAR08INDPOR-IND.csv
 create mode 100644 NBA/data/trades/TRADES_KXNBAGAME-26MAR08INDPOR-POR.csv
 create mode 100644 NBA/data/trades/TRADES_KXNBAGAME-26MAR08NYKLAL-LAL.csv
 create mode 100644 NBA/data/trades/TRADES_KXNBAGAME-26MAR08NYKLAL-NYK.csv
 create mode 100644 NBA/data/trades/TRADES_KXNBAGAME-26MAR08ORLMIL-MIL.csv
 create mode 100644 NBA/data/trades/TRADES_KXNBAGAME-26MAR08ORLMIL-ORL.csv
 create mode 100644 NBA/data/trades/TRADES_KXNBAGAME-26MAR08WASNOP-NOP.csv
 create mode 100644 NBA/data/trades/TRADES_KXNBAGAME-26MAR08WASNOP-WAS.csv
 create mode 100644 NBA/data/trades/TRADES_KXNBAGAME-26MAR09DENOKC-DEN.csv
 create mode 100644 NBA/data/trades/TRADES_KXNBAGAME-26MAR09DENOKC-OKC.csv
 create mode 100644 NBA/data/trades/TRADES_KXNBAGAME-26MAR09GSWUTA-GSW.csv
 create mode 100644 NBA/data/trades/TRADES_KXNBAGAME-26MAR09GSWUTA-UTA.csv
 create mode 100644 NBA/data/trades/TRADES_KXNBAGAME-26MAR09MEMBKN-BKN.csv
 create mode 100644 NBA/data/trades/TRADES_KXNBAGAME-26MAR09MEMBKN-MEM.csv
 create mode 100644 NBA/data/trades/TRADES_KXNBAGAME-26MAR09NYKLAC-LAC.csv
 create mode 100644 NBA/data/trades/TRADES_KXNBAGAME-26MAR09NYKLAC-NYK.csv
 create mode 100644 NBA/data/trades/TRADES_KXNBAGAME-26MAR09PHICLE-CLE.csv
 create mode 100644 NBA/data/trades/TRADES_KXNBAGAME-26MAR09PHICLE-PHI.csv
 create mode 100644 NBA/data/trades/TRADES_KXNBAGAME-26MAR10BOSSAS-BOS.csv
 create mode 100644 NBA/data/trades/TRADES_KXNBAGAME-26MAR10BOSSAS-SAS.csv
 create mode 100644 NBA/data/trades/TRADES_KXNBAGAME-26MAR10CHAPOR-CHA.csv
 create mode 100644 NBA/data/trades/TRADES_KXNBAGAME-26MAR10CHAPOR-POR.csv
 create mode 100644 NBA/data/trades/TRADES_KXNBAGAME-26MAR10CHIGSW-CHI.csv
 create mode 100644 NBA/data/trades/TRADES_KXNBAGAME-26MAR10CHIGSW-GSW.csv
 create mode 100644 NBA/data/trades/TRADES_KXNBAGAME-26MAR10DALATL-ATL.csv
 create mode 100644 NBA/data/trades/TRADES_KXNBAGAME-26MAR10DALATL-DAL.csv
 create mode 100644 NBA/data/trades/TRADES_KXNBAGAME-26MAR10DETBKN-BKN.csv
 create mode 100644 NBA/data/trades/TRADES_KXNBAGAME-26MAR10DETBKN-DET.csv
 create mode 100644 NBA/data/trades/TRADES_KXNBAGAME-26MAR10INDSAC-IND.csv
 create mode 100644 NBA/data/trades/TRADES_KXNBAGAME-26MAR10INDSAC-SAC.csv
 create mode 100644 NBA/data/trades/TRADES_KXNBAGAME-26MAR10MEMPHI-MEM.csv
 create mode 100644 NBA/data/trades/TRADES_KXNBAGAME-26MAR10MEMPHI-PHI.csv
 create mode 100644 NBA/data/trades/TRADES_KXNBAGAME-26MAR10MINLAL-LAL.csv
 create mode 100644 NBA/data/trades/TRADES_KXNBAGAME-26MAR10MINLAL-MIN.csv
 create mode 100644 NBA/data/trades/TRADES_KXNBAGAME-26MAR10PHXMIL-MIL.csv
 create mode 100644 NBA/data/trades/TRADES_KXNBAGAME-26MAR10PHXMIL-PHX.csv
 create mode 100644 NBA/data/trades/TRADES_KXNBAGAME-26MAR10TORHOU-HOU.csv
 create mode 100644 NBA/data/trades/TRADES_KXNBAGAME-26MAR10TORHOU-TOR.csv
 create mode 100644 NBA/data/trades/TRADES_KXNBAGAME-26MAR10WASMIA-MIA.csv
 create mode 100644 NBA/data/trades/TRADES_KXNBAGAME-26MAR10WASMIA-WAS.csv
 create mode 100644 NBA/data/trades/TRADES_KXNBAGAME-26MAR11CLEORL-CLE.csv
 create mode 100644 NBA/data/trades/TRADES_KXNBAGAME-26MAR11CLEORL-ORL.csv
 create mode 100644 NBA/data/trades/TRADES_KXNBAGAME-26MAR11HOUDEN-DEN.csv
 create mode 100644 NBA/data/trades/TRADES_KXNBAGAME-26MAR11HOUDEN-HOU.csv
 create mode 100644 NBA/data/trades/TRADES_KXNBAGAME-26MAR11MINLAC-LAC.csv
 create mode 100644 NBA/data/trades/TRADES_KXNBAGAME-26MAR11MINLAC-MIN.csv
 create mode 100644 NBA/data/trades/TRADES_KXNBAGAME-26MAR11NYKUTA-NYK.csv
 create mode 100644 NBA/data/trades/TRADES_KXNBAGAME-26MAR11NYKUTA-UTA.csv
 create mode 100644 NBA/data/trades/TRADES_KXNBAGAME-26MAR11TORNOP-NOP.csv
 create mode 100644 NBA/data/trades/TRADES_KXNBAGAME-26MAR11TORNOP-TOR.csv
 create mode 100644 NBA/data/trades/TRADES_KXNBAGAME-26MAR12BKNATL-ATL.csv
 create mode 100644 NBA/data/trades/TRADES_KXNBAGAME-26MAR12BKNATL-BKN.csv
 create mode 100644 NBA/data/trades/TRADES_KXNBAGAME-26MAR12BOSOKC-BOS.csv
 create mode 100644 NBA/data/trades/TRADES_KXNBAGAME-26MAR12BOSOKC-OKC.csv
 create mode 100644 NBA/data/trades/TRADES_KXNBAGAME-26MAR12CHILAL-CHI.csv
 create mode 100644 NBA/data/trades/TRADES_KXNBAGAME-26MAR12CHILAL-LAL.csv
 create mode 100644 NBA/data/trades/TRADES_KXNBAGAME-26MAR12DALMEM-DAL.csv
 create mode 100644 NBA/data/trades/TRADES_KXNBAGAME-26MAR12DALMEM-MEM.csv
 create mode 100644 NBA/data/trades/TRADES_KXNBAGAME-26MAR12DENSAS-DEN.csv
 create mode 100644 NBA/data/trades/TRADES_KXNBAGAME-26MAR12DENSAS-SAS.csv
 create mode 100644 NBA/data/trades/TRADES_KXNBAGAME-26MAR12MILMIA-MIA.csv
 create mode 100644 NBA/data/trades/TRADES_KXNBAGAME-26MAR12MILMIA-MIL.csv
 create mode 100644 NBA/data/trades/TRADES_KXNBAGAME-26MAR12PHIDET-DET.csv
 create mode 100644 NBA/data/trades/TRADES_KXNBAGAME-26MAR12PHIDET-PHI.csv
 create mode 100644 NBA/data/trades/TRADES_KXNBAGAME-26MAR12PHXIND-IND.csv
 create mode 100644 NBA/data/trades/TRADES_KXNBAGAME-26MAR12PHXIND-PHX.csv
 create mode 100644 NBA/data/trades/TRADES_KXNBAGAME-26MAR12WASORL-ORL.csv
 create mode 100644 NBA/data/trades/TRADES_KXNBAGAME-26MAR12WASORL-WAS.csv
 create mode 100644 NBA/data/trades/TRADES_KXNBAGAME-26MAR13CHILAC-CHI.csv
 create mode 100644 NBA/data/trades/TRADES_KXNBAGAME-26MAR13CHILAC-LAC.csv
 create mode 100644 NBA/data/trades/TRADES_KXNBAGAME-26MAR13CLEDAL-CLE.csv
 create mode 100644 NBA/data/trades/TRADES_KXNBAGAME-26MAR13CLEDAL-DAL.csv
 create mode 100644 NBA/data/trades/TRADES_KXNBAGAME-26MAR13MEMDET-DET.csv
 create mode 100644 NBA/data/trades/TRADES_KXNBAGAME-26MAR13MEMDET-MEM.csv
 create mode 100644 NBA/data/trades/TRADES_KXNBAGAME-26MAR13MINGSW-GSW.csv
 create mode 100644 NBA/data/trades/TRADES_KXNBAGAME-26MAR13MINGSW-MIN.csv
 create mode 100644 NBA/data/trades/TRADES_KXNBAGAME-26MAR13NOPHOU-HOU.csv
 create mode 100644 NBA/data/trades/TRADES_KXNBAGAME-26MAR13NOPHOU-NOP.csv
 create mode 100644 NBA/data/trades/TRADES_KXNBAGAME-26MAR13NYKIND-IND.csv
 create mode 100644 NBA/data/trades/TRADES_KXNBAGAME-26MAR13NYKIND-NYK.csv
 create mode 100644 NBA/data/trades/TRADES_KXNBAGAME-26MAR13PHXTOR-PHX.csv
 create mode 100644 NBA/data/trades/TRADES_KXNBAGAME-26MAR13PHXTOR-TOR.csv
 create mode 100644 NBA/data/trades/TRADES_KXNBAGAME-26MAR13UTAPOR-POR.csv
 create mode 100644 NBA/data/trades/TRADES_KXNBAGAME-26MAR13UTAPOR-UTA.csv
 create mode 100644 NBA/data/trades/TRADES_KXNBAGAME-26MAR14BKNPHI-BKN.csv
 create mode 100644 NBA/data/trades/TRADES_KXNBAGAME-26MAR14BKNPHI-PHI.csv
 create mode 100644 NBA/data/trades/TRADES_KXNBAGAME-26MAR14CHASAS-CHA.csv
 create mode 100644 NBA/data/trades/TRADES_KXNBAGAME-26MAR14CHASAS-SAS.csv
 create mode 100644 NBA/data/trades/TRADES_KXNBAGAME-26MAR14MILATL-ATL.csv
 create mode 100644 NBA/data/trades/TRADES_KXNBAGAME-26MAR14MILATL-MIL.csv
 rename {NBA/runtime => runtime}/RUNTIME_INFO.txt (100%)
 create mode 100644 runtime/com.michael.git_sync_0600AM.plist
 create mode 100644 runtime/com.michael.scheduler_V2_0605AM.plist
 create mode 100644 runtime/logs/git_sync.err
 create mode 100644 runtime/logs/git_sync.out
 create mode 100644 runtime/logs/scheduler_markets_V2.err
 create mode 100644 runtime/logs/scheduler_markets_V2.out
Already up to date.
[main 6e33224] Auto-sync: 2026-03-15 06:00:10
 362 files changed, 2213848 insertions(+), 1 deletion(-)
 create mode 100644 KXLALIGAGAME/depth/DEPTH_KXLALIGAGAME-26MAR15MALESP-ESP.csv
 create mode 100644 KXLALIGAGAME/depth/DEPTH_KXLALIGAGAME-26MAR15MALESP-MAL.csv
 create mode 100644 KXLALIGAGAME/depth/DEPTH_KXLALIGAGAME-26MAR15MALESP-TIE.csv
 create mode 100644 KXLALIGAGAME/prices/KXLALIGAGAME-26MAR15MALESP-ESP.csv
 create mode 100644 KXLALIGAGAME/prices/KXLALIGAGAME-26MAR15MALESP-MAL.csv
 create mode 100644 KXLALIGAGAME/prices/KXLALIGAGAME-26MAR15MALESP-TIE.csv
 create mode 100644 KXLALIGAGAME/trades/TRADES_KXLALIGAGAME-26MAR15MALESP-ESP.csv
 create mode 100644 KXLALIGAGAME/trades/TRADES_KXLALIGAGAME-26MAR15MALESP-MAL.csv
 create mode 100644 KXLALIGAGAME/trades/TRADES_KXLALIGAGAME-26MAR15MALESP-TIE.csv
 create mode 100644 KXLIGAMXGAME/depth/DEPTH_KXLIGAMXGAME-26MAR14ASLPAC-ASL.csv
 create mode 100644 KXLIGAMXGAME/depth/DEPTH_KXLIGAMXGAME-26MAR14ASLPAC-PAC.csv
 create mode 100644 KXLIGAMXGAME/depth/DEPTH_KXLIGAMXGAME-26MAR14ASLPAC-TIE.csv
 create mode 100644 KXLIGAMXGAME/depth/DEPTH_KXLIGAMXGAME-26MAR14CDGSLA-CDG.csv
 create mode 100644 KXLIGAMXGAME/depth/DEPTH_KXLIGAMXGAME-26MAR14CDGSLA-SLA.csv
 create mode 100644 KXLIGAMXGAME/depth/DEPTH_KXLIGAMXGAME-26MAR14CDGSLA-TIE.csv
 create mode 100644 KXLIGAMXGAME/depth/DEPTH_KXLIGAMXGAME-26MAR14LEOTIJ-LEO.csv
 create mode 100644 KXLIGAMXGAME/depth/DEPTH_KXLIGAMXGAME-26MAR14LEOTIJ-TIE.csv
 create mode 100644 KXLIGAMXGAME/depth/DEPTH_KXLIGAMXGAME-26MAR14LEOTIJ-TIJ.csv
 create mode 100644 KXLIGAMXGAME/depth/DEPTH_KXLIGAMXGAME-26MAR14PUMCRA-CRA.csv
 create mode 100644 KXLIGAMXGAME/depth/DEPTH_KXLIGAMXGAME-26MAR14PUMCRA-PUM.csv
 create mode 100644 KXLIGAMXGAME/depth/DEPTH_KXLIGAMXGAME-26MAR14PUMCRA-TIE.csv
 create mode 100644 KXLIGAMXGAME/depth/DEPTH_KXLIGAMXGAME-26MAR14TOLATL-ATL.csv
 create mode 100644 KXLIGAMXGAME/depth/DEPTH_KXLIGAMXGAME-26MAR14TOLATL-TIE.csv
 create mode 100644 KXLIGAMXGAME/depth/DEPTH_KXLIGAMXGAME-26MAR14TOLATL-TOL.csv
 create mode 100644 KXLIGAMXGAME/prices/KXLIGAMXGAME-26MAR14ASLPAC-ASL.csv
 create mode 100644 KXLIGAMXGAME/prices/KXLIGAMXGAME-26MAR14ASLPAC-PAC.csv
 create mode 100644 KXLIGAMXGAME/prices/KXLIGAMXGAME-26MAR14ASLPAC-TIE.csv
 create mode 100644 KXLIGAMXGAME/prices/KXLIGAMXGAME-26MAR14CDGSLA-CDG.csv
 create mode 100644 KXLIGAMXGAME/prices/KXLIGAMXGAME-26MAR14CDGSLA-SLA.csv
 create mode 100644 KXLIGAMXGAME/prices/KXLIGAMXGAME-26MAR14CDGSLA-TIE.csv
 create mode 100644 KXLIGAMXGAME/prices/KXLIGAMXGAME-26MAR14LEOTIJ-LEO.csv
 create mode 100644 KXLIGAMXGAME/prices/KXLIGAMXGAME-26MAR14LEOTIJ-TIE.csv
 create mode 100644 KXLIGAMXGAME/prices/KXLIGAMXGAME-26MAR14LEOTIJ-TIJ.csv
 create mode 100644 KXLIGAMXGAME/prices/KXLIGAMXGAME-26MAR14PUMCRA-CRA.csv
 create mode 100644 KXLIGAMXGAME/prices/KXLIGAMXGAME-26MAR14PUMCRA-PUM.csv
 create mode 100644 KXLIGAMXGAME/prices/KXLIGAMXGAME-26MAR14PUMCRA-TIE.csv
 create mode 100644 KXLIGAMXGAME/prices/KXLIGAMXGAME-26MAR14TOLATL-ATL.csv
 create mode 100644 KXLIGAMXGAME/prices/KXLIGAMXGAME-26MAR14TOLATL-TIE.csv
 create mode 100644 KXLIGAMXGAME/prices/KXLIGAMXGAME-26MAR14TOLATL-TOL.csv
 create mode 100644 KXLIGAMXGAME/trades/TRADES_KXLIGAMXGAME-26MAR14ASLPAC-ASL.csv
 create mode 100644 KXLIGAMXGAME/trades/TRADES_KXLIGAMXGAME-26MAR14ASLPAC-PAC.csv
 create mode 100644 KXLIGAMXGAME/trades/TRADES_KXLIGAMXGAME-26MAR14ASLPAC-TIE.csv
 create mode 100644 KXLIGAMXGAME/trades/TRADES_KXLIGAMXGAME-26MAR14CDGSLA-CDG.csv
 create mode 100644 KXLIGAMXGAME/trades/TRADES_KXLIGAMXGAME-26MAR14CDGSLA-SLA.csv
 create mode 100644 KXLIGAMXGAME/trades/TRADES_KXLIGAMXGAME-26MAR14CDGSLA-TIE.csv
 create mode 100644 KXLIGAMXGAME/trades/TRADES_KXLIGAMXGAME-26MAR14LEOTIJ-LEO.csv
 create mode 100644 KXLIGAMXGAME/trades/TRADES_KXLIGAMXGAME-26MAR14LEOTIJ-TIE.csv
 create mode 100644 KXLIGAMXGAME/trades/TRADES_KXLIGAMXGAME-26MAR14LEOTIJ-TIJ.csv
 create mode 100644 KXLIGAMXGAME/trades/TRADES_KXLIGAMXGAME-26MAR14PUMCRA-CRA.csv
 create mode 100644 KXLIGAMXGAME/trades/TRADES_KXLIGAMXGAME-26MAR14PUMCRA-PUM.csv
 create mode 100644 KXLIGAMXGAME/trades/TRADES_KXLIGAMXGAME-26MAR14PUMCRA-TIE.csv
 create mode 100644 KXLIGAMXGAME/trades/TRADES_KXLIGAMXGAME-26MAR14TOLATL-ATL.csv
 create mode 100644 KXLIGAMXGAME/trades/TRADES_KXLIGAMXGAME-26MAR14TOLATL-TIE.csv
 create mode 100644 KXLIGAMXGAME/trades/TRADES_KXLIGAMXGAME-26MAR14TOLATL-TOL.csv
 create mode 100644 KXMLBSTGAME/depth/DEPTH_KXMLBSTGAME-26MAR141805BOSATL-ATL.csv
 create mode 100644 KXMLBSTGAME/depth/DEPTH_KXMLBSTGAME-26MAR141805BOSATL-BOS.csv
 create mode 100644 KXMLBSTGAME/depth/DEPTH_KXMLBSTGAME-26MAR141805NYMHOU-HOU.csv
 create mode 100644 KXMLBSTGAME/depth/DEPTH_KXMLBSTGAME-26MAR141805NYMHOU-NYM.csv
 create mode 100644 KXMLBSTGAME/prices/KXMLBSTGAME-26MAR141805BOSATL-ATL.csv
 create mode 100644 KXMLBSTGAME/prices/KXMLBSTGAME-26MAR141805BOSATL-BOS.csv
 create mode 100644 KXMLBSTGAME/prices/KXMLBSTGAME-26MAR141805NYMHOU-HOU.csv
 create mode 100644 KXMLBSTGAME/prices/KXMLBSTGAME-26MAR141805NYMHOU-NYM.csv
 create mode 100644 KXMLBSTGAME/trades/TRADES_KXMLBSTGAME-26MAR141805BOSATL-ATL.csv
 create mode 100644 KXMLBSTGAME/trades/TRADES_KXMLBSTGAME-26MAR141805BOSATL-BOS.csv
 create mode 100644 KXMLBSTGAME/trades/TRADES_KXMLBSTGAME-26MAR141805NYMHOU-HOU.csv
 create mode 100644 KXMLBSTGAME/trades/TRADES_KXMLBSTGAME-26MAR141805NYMHOU-NYM.csv
 create mode 100644 KXMLSGAME/depth/DEPTH_KXMLSGAME-26MAR14CHIDCU-CHI.csv
 create mode 100644 KXMLSGAME/depth/DEPTH_KXMLSGAME-26MAR14CHIDCU-DCU.csv
 create mode 100644 KXMLSGAME/depth/DEPTH_KXMLSGAME-26MAR14CHIDCU-TIE.csv
 create mode 100644 KXMLSGAME/depth/DEPTH_KXMLSGAME-26MAR14CLBNSH-CLB.csv
 create mode 100644 KXMLSGAME/depth/DEPTH_KXMLSGAME-26MAR14CLBNSH-NSH.csv
 create mode 100644 KXMLSGAME/depth/DEPTH_KXMLSGAME-26MAR14CLBNSH-TIE.csv
 create mode 100644 KXMLSGAME/depth/DEPTH_KXMLSGAME-26MAR14CLTMIA-CLT.csv
 create mode 100644 KXMLSGAME/depth/DEPTH_KXMLSGAME-26MAR14CLTMIA-MIA.csv
 create mode 100644 KXMLSGAME/depth/DEPTH_KXMLSGAME-26MAR14CLTMIA-TIE.csv
 create mode 100644 KXMLSGAME/depth/DEPTH_KXMLSGAME-26MAR14DALSD-DAL.csv
 create mode 100644 KXMLSGAME/depth/DEPTH_KXMLSGAME-26MAR14DALSD-SD.csv
 create mode 100644 KXMLSGAME/depth/DEPTH_KXMLSGAME-26MAR14DALSD-TIE.csv
 create mode 100644 KXMLSGAME/depth/DEPTH_KXMLSGAME-26MAR14HOUPOR-HOU.csv
 create mode 100644 KXMLSGAME/depth/DEPTH_KXMLSGAME-26MAR14HOUPOR-POR.csv
 create mode 100644 KXMLSGAME/depth/DEPTH_KXMLSGAME-26MAR14HOUPOR-TIE.csv
 create mode 100644 KXMLSGAME/depth/DEPTH_KXMLSGAME-26MAR14LAFCSTL-LAFC.csv
 create mode 100644 KXMLSGAME/depth/DEPTH_KXMLSGAME-26MAR14LAFCSTL-STL.csv
 create mode 100644 KXMLSGAME/depth/DEPTH_KXMLSGAME-26MAR14LAFCSTL-TIE.csv
 create mode 100644 KXMLSGAME/depth/DEPTH_KXMLSGAME-26MAR14LAGSKC-LAG.csv
 create mode 100644 KXMLSGAME/depth/DEPTH_KXMLSGAME-26MAR14LAGSKC-SKC.csv
 create mode 100644 KXMLSGAME/depth/DEPTH_KXMLSGAME-26MAR14LAGSKC-TIE.csv
 create mode 100644 KXMLSGAME/depth/DEPTH_KXMLSGAME-26MAR14NYCCOL-COL.csv
 create mode 100644 KXMLSGAME/depth/DEPTH_KXMLSGAME-26MAR14NYCCOL-NYC.csv
 create mode 100644 KXMLSGAME/depth/DEPTH_KXMLSGAME-26MAR14NYCCOL-TIE.csv
 create mode 100644 KXMLSGAME/depth/DEPTH_KXMLSGAME-26MAR14ORLMTL-MTL.csv
 create mode 100644 KXMLSGAME/depth/DEPTH_KXMLSGAME-26MAR14ORLMTL-ORL.csv
 create mode 100644 KXMLSGAME/depth/DEPTH_KXMLSGAME-26MAR14ORLMTL-TIE.csv
 create mode 100644 KXMLSGAME/depth/DEPTH_KXMLSGAME-26MAR14RSLATX-ATX.csv
 create mode 100644 KXMLSGAME/depth/DEPTH_KXMLSGAME-26MAR14RSLATX-RSL.csv
 create mode 100644 KXMLSGAME/depth/DEPTH_KXMLSGAME-26MAR14RSLATX-TIE.csv
 create mode 100644 KXMLSGAME/prices/KXMLSGAME-26MAR14CHIDCU-CHI.csv
 create mode 100644 KXMLSGAME/prices/KXMLSGAME-26MAR14CHIDCU-DCU.csv
 create mode 100644 KXMLSGAME/prices/KXMLSGAME-26MAR14CHIDCU-TIE.csv
 create mode 100644 KXMLSGAME/prices/KXMLSGAME-26MAR14CLBNSH-CLB.csv
 create mode 100644 KXMLSGAME/prices/KXMLSGAME-26MAR14CLBNSH-NSH.csv
 create mode 100644 KXMLSGAME/prices/KXMLSGAME-26MAR14CLBNSH-TIE.csv
 create mode 100644 KXMLSGAME/prices/KXMLSGAME-26MAR14CLTMIA-CLT.csv
 create mode 100644 KXMLSGAME/prices/KXMLSGAME-26MAR14CLTMIA-MIA.csv
 create mode 100644 KXMLSGAME/prices/KXMLSGAME-26MAR14CLTMIA-TIE.csv
 create mode 100644 KXMLSGAME/prices/KXMLSGAME-26MAR14DALSD-DAL.csv
 create mode 100644 KXMLSGAME/prices/KXMLSGAME-26MAR14DALSD-SD.csv
 create mode 100644 KXMLSGAME/prices/KXMLSGAME-26MAR14DALSD-TIE.csv
 create mode 100644 KXMLSGAME/prices/KXMLSGAME-26MAR14HOUPOR-HOU.csv
 create mode 100644 KXMLSGAME/prices/KXMLSGAME-26MAR14HOUPOR-POR.csv
 create mode 100644 KXMLSGAME/prices/KXMLSGAME-26MAR14HOUPOR-TIE.csv
 create mode 100644 KXMLSGAME/prices/KXMLSGAME-26MAR14LAFCSTL-LAFC.csv
 create mode 100644 KXMLSGAME/prices/KXMLSGAME-26MAR14LAFCSTL-STL.csv
 create mode 100644 KXMLSGAME/prices/KXMLSGAME-26MAR14LAFCSTL-TIE.csv
 create mode 100644 KXMLSGAME/prices/KXMLSGAME-26MAR14LAGSKC-LAG.csv
 create mode 100644 KXMLSGAME/prices/KXMLSGAME-26MAR14LAGSKC-SKC.csv
 create mode 100644 KXMLSGAME/prices/KXMLSGAME-26MAR14LAGSKC-TIE.csv
 create mode 100644 KXMLSGAME/prices/KXMLSGAME-26MAR14NYCCOL-COL.csv
 create mode 100644 KXMLSGAME/prices/KXMLSGAME-26MAR14NYCCOL-NYC.csv
 create mode 100644 KXMLSGAME/prices/KXMLSGAME-26MAR14NYCCOL-TIE.csv
 create mode 100644 KXMLSGAME/prices/KXMLSGAME-26MAR14ORLMTL-MTL.csv
 create mode 100644 KXMLSGAME/prices/KXMLSGAME-26MAR14ORLMTL-ORL.csv
 create mode 100644 KXMLSGAME/prices/KXMLSGAME-26MAR14ORLMTL-TIE.csv
 create mode 100644 KXMLSGAME/prices/KXMLSGAME-26MAR14RSLATX-ATX.csv
 create mode 100644 KXMLSGAME/prices/KXMLSGAME-26MAR14RSLATX-RSL.csv
 create mode 100644 KXMLSGAME/prices/KXMLSGAME-26MAR14RSLATX-TIE.csv
 create mode 100644 KXMLSGAME/trades/TRADES_KXMLSGAME-26MAR14CHIDCU-CHI.csv
 create mode 100644 KXMLSGAME/trades/TRADES_KXMLSGAME-26MAR14CHIDCU-DCU.csv
 create mode 100644 KXMLSGAME/trades/TRADES_KXMLSGAME-26MAR14CHIDCU-TIE.csv
 create mode 100644 KXMLSGAME/trades/TRADES_KXMLSGAME-26MAR14CLBNSH-CLB.csv
 create mode 100644 KXMLSGAME/trades/TRADES_KXMLSGAME-26MAR14CLBNSH-NSH.csv
 create mode 100644 KXMLSGAME/trades/TRADES_KXMLSGAME-26MAR14CLBNSH-TIE.csv
 create mode 100644 KXMLSGAME/trades/TRADES_KXMLSGAME-26MAR14CLTMIA-CLT.csv
 create mode 100644 KXMLSGAME/trades/TRADES_KXMLSGAME-26MAR14CLTMIA-MIA.csv
 create mode 100644 KXMLSGAME/trades/TRADES_KXMLSGAME-26MAR14CLTMIA-TIE.csv
 create mode 100644 KXMLSGAME/trades/TRADES_KXMLSGAME-26MAR14DALSD-DAL.csv
 create mode 100644 KXMLSGAME/trades/TRADES_KXMLSGAME-26MAR14DALSD-SD.csv
 create mode 100644 KXMLSGAME/trades/TRADES_KXMLSGAME-26MAR14DALSD-TIE.csv
 create mode 100644 KXMLSGAME/trades/TRADES_KXMLSGAME-26MAR14HOUPOR-HOU.csv
 create mode 100644 KXMLSGAME/trades/TRADES_KXMLSGAME-26MAR14HOUPOR-POR.csv
 create mode 100644 KXMLSGAME/trades/TRADES_KXMLSGAME-26MAR14HOUPOR-TIE.csv
 create mode 100644 KXMLSGAME/trades/TRADES_KXMLSGAME-26MAR14LAFCSTL-LAFC.csv
 create mode 100644 KXMLSGAME/trades/TRADES_KXMLSGAME-26MAR14LAFCSTL-STL.csv
 create mode 100644 KXMLSGAME/trades/TRADES_KXMLSGAME-26MAR14LAFCSTL-TIE.csv
 create mode 100644 KXMLSGAME/trades/TRADES_KXMLSGAME-26MAR14LAGSKC-LAG.csv
 create mode 100644 KXMLSGAME/trades/TRADES_KXMLSGAME-26MAR14LAGSKC-SKC.csv
 create mode 100644 KXMLSGAME/trades/TRADES_KXMLSGAME-26MAR14LAGSKC-TIE.csv
 create mode 100644 KXMLSGAME/trades/TRADES_KXMLSGAME-26MAR14NYCCOL-COL.csv
 create mode 100644 KXMLSGAME/trades/TRADES_KXMLSGAME-26MAR14NYCCOL-NYC.csv
 create mode 100644 KXMLSGAME/trades/TRADES_KXMLSGAME-26MAR14NYCCOL-TIE.csv
 create mode 100644 KXMLSGAME/trades/TRADES_KXMLSGAME-26MAR14ORLMTL-MTL.csv
 create mode 100644 KXMLSGAME/trades/TRADES_KXMLSGAME-26MAR14ORLMTL-ORL.csv
 create mode 100644 KXMLSGAME/trades/TRADES_KXMLSGAME-26MAR14ORLMTL-TIE.csv
 create mode 100644 KXMLSGAME/trades/TRADES_KXMLSGAME-26MAR14RSLATX-ATX.csv
 create mode 100644 KXMLSGAME/trades/TRADES_KXMLSGAME-26MAR14RSLATX-RSL.csv
 create mode 100644 KXMLSGAME/trades/TRADES_KXMLSGAME-26MAR14RSLATX-TIE.csv
 create mode 100644 KXNBAGAME/depth/DEPTH_KXNBAGAME-26MAR14DENLAL-DEN.csv
 create mode 100644 KXNBAGAME/depth/DEPTH_KXNBAGAME-26MAR14DENLAL-LAL.csv
 create mode 100644 KXNBAGAME/depth/DEPTH_KXNBAGAME-26MAR14ORLMIA-MIA.csv
 create mode 100644 KXNBAGAME/depth/DEPTH_KXNBAGAME-26MAR14ORLMIA-ORL.csv
 create mode 100644 KXNBAGAME/depth/DEPTH_KXNBAGAME-26MAR14SACLAC-LAC.csv
 create mode 100644 KXNBAGAME/depth/DEPTH_KXNBAGAME-26MAR14SACLAC-SAC.csv
 create mode 100644 KXNBAGAME/depth/DEPTH_KXNBAGAME-26MAR14WASBOS-BOS.csv
 create mode 100644 KXNBAGAME/depth/DEPTH_KXNBAGAME-26MAR14WASBOS-WAS.csv
 create mode 100644 KXNBAGAME/prices/KXNBAGAME-26MAR14DENLAL-DEN.csv
 create mode 100644 KXNBAGAME/prices/KXNBAGAME-26MAR14DENLAL-LAL.csv
 create mode 100644 KXNBAGAME/prices/KXNBAGAME-26MAR14ORLMIA-MIA.csv
 create mode 100644 KXNBAGAME/prices/KXNBAGAME-26MAR14ORLMIA-ORL.csv
 create mode 100644 KXNBAGAME/prices/KXNBAGAME-26MAR14SACLAC-LAC.csv
 create mode 100644 KXNBAGAME/prices/KXNBAGAME-26MAR14SACLAC-SAC.csv
 create mode 100644 KXNBAGAME/prices/KXNBAGAME-26MAR14WASBOS-BOS.csv
 create mode 100644 KXNBAGAME/prices/KXNBAGAME-26MAR14WASBOS-WAS.csv
 create mode 100644 KXNBAGAME/trades/TRADES_KXNBAGAME-26MAR14DENLAL-DEN.csv
 create mode 100644 KXNBAGAME/trades/TRADES_KXNBAGAME-26MAR14DENLAL-LAL.csv
 create mode 100644 KXNBAGAME/trades/TRADES_KXNBAGAME-26MAR14ORLMIA-MIA.csv
 create mode 100644 KXNBAGAME/trades/TRADES_KXNBAGAME-26MAR14ORLMIA-ORL.csv
 create mode 100644 KXNBAGAME/trades/TRADES_KXNBAGAME-26MAR14SACLAC-LAC.csv
 create mode 100644 KXNBAGAME/trades/TRADES_KXNBAGAME-26MAR14SACLAC-SAC.csv
 create mode 100644 KXNBAGAME/trades/TRADES_KXNBAGAME-26MAR14WASBOS-BOS.csv
 create mode 100644 KXNBAGAME/trades/TRADES_KXNBAGAME-26MAR14WASBOS-WAS.csv
 create mode 100644 KXNCAAWBGAME/depth/DEPTH_KXNCAAWBGAME-26MAR14HAWUCSD-HAW.csv
 create mode 100644 KXNCAAWBGAME/depth/DEPTH_KXNCAAWBGAME-26MAR14HAWUCSD-UCSD.csv
 create mode 100644 KXNCAAWBGAME/depth/DEPTH_KXNCAAWBGAME-26MAR14UTSARICE-RICE.csv
 create mode 100644 KXNCAAWBGAME/depth/DEPTH_KXNCAAWBGAME-26MAR14UTSARICE-UTSA.csv
 create mode 100644 KXNCAAWBGAME/prices/KXNCAAWBGAME-26MAR14HAWUCSD-HAW.csv
 create mode 100644 KXNCAAWBGAME/prices/KXNCAAWBGAME-26MAR14HAWUCSD-UCSD.csv
 create mode 100644 KXNCAAWBGAME/prices/KXNCAAWBGAME-26MAR14UTSARICE-RICE.csv
 create mode 100644 KXNCAAWBGAME/prices/KXNCAAWBGAME-26MAR14UTSARICE-UTSA.csv
 create mode 100644 KXNCAAWBGAME/trades/TRADES_KXNCAAWBGAME-26MAR14HAWUCSD-HAW.csv
 create mode 100644 KXNCAAWBGAME/trades/TRADES_KXNCAAWBGAME-26MAR14HAWUCSD-UCSD.csv
 create mode 100644 KXNCAAWBGAME/trades/TRADES_KXNCAAWBGAME-26MAR14UTSARICE-RICE.csv
 create mode 100644 KXNCAAWBGAME/trades/TRADES_KXNCAAWBGAME-26MAR14UTSARICE-UTSA.csv
 create mode 100644 NBA/data/prices/KXNBAGAME-26MAR14DENLAL-DEN.csv
 create mode 100644 NBA/data/prices/KXNBAGAME-26MAR14DENLAL-LAL.csv
 create mode 100644 NBA/data/prices/KXNBAGAME-26MAR14ORLMIA-MIA.csv
 create mode 100644 NBA/data/prices/KXNBAGAME-26MAR14ORLMIA-ORL.csv
 create mode 100644 NBA/data/prices/KXNBAGAME-26MAR14SACLAC-LAC.csv
 create mode 100644 NBA/data/prices/KXNBAGAME-26MAR14SACLAC-SAC.csv
 create mode 100644 NBA/data/prices/KXNBAGAME-26MAR14WASBOS-BOS.csv
 create mode 100644 NBA/data/prices/KXNBAGAME-26MAR14WASBOS-WAS.csv
 create mode 100644 NBA/data/trades/TRADES_KXNBAGAME-26MAR14DENLAL-DEN.csv
 create mode 100644 NBA/data/trades/TRADES_KXNBAGAME-26MAR14DENLAL-LAL.csv
 create mode 100644 NBA/data/trades/TRADES_KXNBAGAME-26MAR14ORLMIA-MIA.csv
 create mode 100644 NBA/data/trades/TRADES_KXNBAGAME-26MAR14ORLMIA-ORL.csv
 create mode 100644 NBA/data/trades/TRADES_KXNBAGAME-26MAR14SACLAC-LAC.csv
 create mode 100644 NBA/data/trades/TRADES_KXNBAGAME-26MAR14SACLAC-SAC.csv
 create mode 100644 NBA/data/trades/TRADES_KXNBAGAME-26MAR14WASBOS-BOS.csv
 create mode 100644 NBA/data/trades/TRADES_KXNBAGAME-26MAR14WASBOS-WAS.csv
Already up to date.
[main 574ed25] Auto-sync: 2026-03-16 06:00:08
 161 files changed, 895439 insertions(+)
 create mode 100644 KXBUNDESLIGAGAME/depth/DEPTH_KXBUNDESLIGAGAME-26MAR15SCFUNI-SCF.csv
 create mode 100644 KXBUNDESLIGAGAME/depth/DEPTH_KXBUNDESLIGAGAME-26MAR15SCFUNI-TIE.csv
 create mode 100644 KXBUNDESLIGAGAME/depth/DEPTH_KXBUNDESLIGAGAME-26MAR15SCFUNI-UNI.csv
 create mode 100644 KXBUNDESLIGAGAME/depth/DEPTH_KXBUNDESLIGAGAME-26MAR15SVWM05-M05.csv
 create mode 100644 KXBUNDESLIGAGAME/depth/DEPTH_KXBUNDESLIGAGAME-26MAR15SVWM05-SVW.csv
 create mode 100644 KXBUNDESLIGAGAME/depth/DEPTH_KXBUNDESLIGAGAME-26MAR15SVWM05-TIE.csv
 create mode 100644 KXBUNDESLIGAGAME/prices/KXBUNDESLIGAGAME-26MAR15SCFUNI-SCF.csv
 create mode 100644 KXBUNDESLIGAGAME/prices/KXBUNDESLIGAGAME-26MAR15SCFUNI-TIE.csv
 create mode 100644 KXBUNDESLIGAGAME/prices/KXBUNDESLIGAGAME-26MAR15SCFUNI-UNI.csv
 create mode 100644 KXBUNDESLIGAGAME/prices/KXBUNDESLIGAGAME-26MAR15SVWM05-M05.csv
 create mode 100644 KXBUNDESLIGAGAME/prices/KXBUNDESLIGAGAME-26MAR15SVWM05-SVW.csv
 create mode 100644 KXBUNDESLIGAGAME/prices/KXBUNDESLIGAGAME-26MAR15SVWM05-TIE.csv
 create mode 100644 KXBUNDESLIGAGAME/trades/TRADES_KXBUNDESLIGAGAME-26MAR15SCFUNI-SCF.csv
 create mode 100644 KXBUNDESLIGAGAME/trades/TRADES_KXBUNDESLIGAGAME-26MAR15SCFUNI-TIE.csv
 create mode 100644 KXBUNDESLIGAGAME/trades/TRADES_KXBUNDESLIGAGAME-26MAR15SCFUNI-UNI.csv
 create mode 100644 KXBUNDESLIGAGAME/trades/TRADES_KXBUNDESLIGAGAME-26MAR15SVWM05-M05.csv
 create mode 100644 KXBUNDESLIGAGAME/trades/TRADES_KXBUNDESLIGAGAME-26MAR15SVWM05-SVW.csv
 create mode 100644 KXBUNDESLIGAGAME/trades/TRADES_KXBUNDESLIGAGAME-26MAR15SVWM05-TIE.csv
 create mode 100644 KXEPLGAME/depth/DEPTH_KXEPLGAME-26MAR15LFCTOT-LFC.csv
 create mode 100644 KXEPLGAME/depth/DEPTH_KXEPLGAME-26MAR15LFCTOT-TIE.csv
 create mode 100644 KXEPLGAME/depth/DEPTH_KXEPLGAME-26MAR15LFCTOT-TOT.csv
 create mode 100644 KXEPLGAME/depth/DEPTH_KXEPLGAME-26MAR15MUNAVL-AVL.csv
 create mode 100644 KXEPLGAME/depth/DEPTH_KXEPLGAME-26MAR15MUNAVL-MUN.csv
 create mode 100644 KXEPLGAME/depth/DEPTH_KXEPLGAME-26MAR15MUNAVL-TIE.csv
 create mode 100644 KXEPLGAME/depth/DEPTH_KXEPLGAME-26MAR15NFOFUL-FUL.csv
 create mode 100644 KXEPLGAME/depth/DEPTH_KXEPLGAME-26MAR15NFOFUL-NFO.csv
 create mode 100644 KXEPLGAME/depth/DEPTH_KXEPLGAME-26MAR15NFOFUL-TIE.csv
 create mode 100644 KXEPLGAME/prices/KXEPLGAME-26MAR15LFCTOT-LFC.csv
 create mode 100644 KXEPLGAME/prices/KXEPLGAME-26MAR15LFCTOT-TIE.csv
 create mode 100644 KXEPLGAME/prices/KXEPLGAME-26MAR15LFCTOT-TOT.csv
 create mode 100644 KXEPLGAME/prices/KXEPLGAME-26MAR15MUNAVL-AVL.csv
 create mode 100644 KXEPLGAME/prices/KXEPLGAME-26MAR15MUNAVL-MUN.csv
 create mode 100644 KXEPLGAME/prices/KXEPLGAME-26MAR15MUNAVL-TIE.csv
 create mode 100644 KXEPLGAME/prices/KXEPLGAME-26MAR15NFOFUL-FUL.csv
 create mode 100644 KXEPLGAME/prices/KXEPLGAME-26MAR15NFOFUL-NFO.csv
 create mode 100644 KXEPLGAME/prices/KXEPLGAME-26MAR15NFOFUL-TIE.csv
 create mode 100644 KXEPLGAME/trades/TRADES_KXEPLGAME-26MAR15LFCTOT-LFC.csv
 create mode 100644 KXEPLGAME/trades/TRADES_KXEPLGAME-26MAR15LFCTOT-TIE.csv
 create mode 100644 KXEPLGAME/trades/TRADES_KXEPLGAME-26MAR15LFCTOT-TOT.csv
 create mode 100644 KXEPLGAME/trades/TRADES_KXEPLGAME-26MAR15MUNAVL-AVL.csv
 create mode 100644 KXEPLGAME/trades/TRADES_KXEPLGAME-26MAR15MUNAVL-MUN.csv
 create mode 100644 KXEPLGAME/trades/TRADES_KXEPLGAME-26MAR15MUNAVL-TIE.csv
 create mode 100644 KXEPLGAME/trades/TRADES_KXEPLGAME-26MAR15NFOFUL-FUL.csv
 create mode 100644 KXEPLGAME/trades/TRADES_KXEPLGAME-26MAR15NFOFUL-NFO.csv
 create mode 100644 KXEPLGAME/trades/TRADES_KXEPLGAME-26MAR15NFOFUL-TIE.csv
 create mode 100644 KXLALIGAGAME/depth/DEPTH_KXLALIGAGAME-26MAR15BARSEV-BAR.csv
 create mode 100644 KXLALIGAGAME/depth/DEPTH_KXLALIGAGAME-26MAR15BARSEV-SEV.csv
 create mode 100644 KXLALIGAGAME/depth/DEPTH_KXLALIGAGAME-26MAR15BARSEV-TIE.csv
 create mode 100644 KXLALIGAGAME/depth/DEPTH_KXLALIGAGAME-26MAR15RBBRCC-RBB.csv
 create mode 100644 KXLALIGAGAME/depth/DEPTH_KXLALIGAGAME-26MAR15RBBRCC-RCC.csv
 create mode 100644 KXLALIGAGAME/depth/DEPTH_KXLALIGAGAME-26MAR15RBBRCC-TIE.csv
 create mode 100644 KXLALIGAGAME/prices/KXLALIGAGAME-26MAR15BARSEV-BAR.csv
 create mode 100644 KXLALIGAGAME/prices/KXLALIGAGAME-26MAR15BARSEV-SEV.csv
 create mode 100644 KXLALIGAGAME/prices/KXLALIGAGAME-26MAR15BARSEV-TIE.csv
 create mode 100644 KXLALIGAGAME/prices/KXLALIGAGAME-26MAR15RBBRCC-RBB.csv
 create mode 100644 KXLALIGAGAME/prices/KXLALIGAGAME-26MAR15RBBRCC-RCC.csv
 create mode 100644 KXLALIGAGAME/prices/KXLALIGAGAME-26MAR15RBBRCC-TIE.csv
 create mode 100644 KXLALIGAGAME/trades/TRADES_KXLALIGAGAME-26MAR15BARSEV-BAR.csv
 create mode 100644 KXLALIGAGAME/trades/TRADES_KXLALIGAGAME-26MAR15BARSEV-SEV.csv
 create mode 100644 KXLALIGAGAME/trades/TRADES_KXLALIGAGAME-26MAR15BARSEV-TIE.csv
 create mode 100644 KXLALIGAGAME/trades/TRADES_KXLALIGAGAME-26MAR15RBBRCC-RBB.csv
 create mode 100644 KXLALIGAGAME/trades/TRADES_KXLALIGAGAME-26MAR15RBBRCC-RCC.csv
 create mode 100644 KXLALIGAGAME/trades/TRADES_KXLALIGAGAME-26MAR15RBBRCC-TIE.csv
 create mode 100644 KXMLBSTGAME/depth/DEPTH_KXMLBSTGAME-26MAR151305ATLPHI-ATL.csv
 create mode 100644 KXMLBSTGAME/depth/DEPTH_KXMLBSTGAME-26MAR151305ATLPHI-PHI.csv
 create mode 100644 KXMLBSTGAME/depth/DEPTH_KXMLBSTGAME-26MAR151305DETNYY-DET.csv
 create mode 100644 KXMLBSTGAME/depth/DEPTH_KXMLBSTGAME-26MAR151305DETNYY-NYY.csv
 create mode 100644 KXMLBSTGAME/depth/DEPTH_KXMLBSTGAME-26MAR151305MIAHOU-HOU.csv
 create mode 100644 KXMLBSTGAME/depth/DEPTH_KXMLBSTGAME-26MAR151305MIAHOU-MIA.csv
 create mode 100644 KXMLBSTGAME/depth/DEPTH_KXMLBSTGAME-26MAR151305MINBOS-BOS.csv
 create mode 100644 KXMLBSTGAME/depth/DEPTH_KXMLBSTGAME-26MAR151305MINBOS-MIN.csv
 create mode 100644 KXMLBSTGAME/depth/DEPTH_KXMLBSTGAME-26MAR151305PITTB-PIT.csv
 create mode 100644 KXMLBSTGAME/depth/DEPTH_KXMLBSTGAME-26MAR151305PITTB-TB.csv
 create mode 100644 KXMLBSTGAME/depth/DEPTH_KXMLBSTGAME-26MAR151305WSHSTL-STL.csv
 create mode 100644 KXMLBSTGAME/depth/DEPTH_KXMLBSTGAME-26MAR151305WSHSTL-WSH.csv
 create mode 100644 KXMLBSTGAME/depth/DEPTH_KXMLBSTGAME-26MAR151310TORNYM-NYM.csv
 create mode 100644 KXMLBSTGAME/depth/DEPTH_KXMLBSTGAME-26MAR151310TORNYM-TOR.csv
 create mode 100644 KXMLBSTGAME/prices/KXMLBSTGAME-26MAR151305ATLPHI-ATL.csv
 create mode 100644 KXMLBSTGAME/prices/KXMLBSTGAME-26MAR151305ATLPHI-PHI.csv
 create mode 100644 KXMLBSTGAME/prices/KXMLBSTGAME-26MAR151305DETNYY-DET.csv
 create mode 100644 KXMLBSTGAME/prices/KXMLBSTGAME-26MAR151305DETNYY-NYY.csv
 create mode 100644 KXMLBSTGAME/prices/KXMLBSTGAME-26MAR151305MIAHOU-HOU.csv
 create mode 100644 KXMLBSTGAME/prices/KXMLBSTGAME-26MAR151305MIAHOU-MIA.csv
 create mode 100644 KXMLBSTGAME/prices/KXMLBSTGAME-26MAR151305MINBOS-BOS.csv
 create mode 100644 KXMLBSTGAME/prices/KXMLBSTGAME-26MAR151305MINBOS-MIN.csv
 create mode 100644 KXMLBSTGAME/prices/KXMLBSTGAME-26MAR151305PITTB-PIT.csv
 create mode 100644 KXMLBSTGAME/prices/KXMLBSTGAME-26MAR151305PITTB-TB.csv
 create mode 100644 KXMLBSTGAME/prices/KXMLBSTGAME-26MAR151305WSHSTL-STL.csv
 create mode 100644 KXMLBSTGAME/prices/KXMLBSTGAME-26MAR151305WSHSTL-WSH.csv
 create mode 100644 KXMLBSTGAME/prices/KXMLBSTGAME-26MAR151310TORNYM-NYM.csv
 create mode 100644 KXMLBSTGAME/prices/KXMLBSTGAME-26MAR151310TORNYM-TOR.csv
 create mode 100644 KXMLBSTGAME/trades/TRADES_KXMLBSTGAME-26MAR151305ATLPHI-ATL.csv
 create mode 100644 KXMLBSTGAME/trades/TRADES_KXMLBSTGAME-26MAR151305ATLPHI-PHI.csv
 create mode 100644 KXMLBSTGAME/trades/TRADES_KXMLBSTGAME-26MAR151305DETNYY-DET.csv
 create mode 100644 KXMLBSTGAME/trades/TRADES_KXMLBSTGAME-26MAR151305DETNYY-NYY.csv
 create mode 100644 KXMLBSTGAME/trades/TRADES_KXMLBSTGAME-26MAR151305MIAHOU-HOU.csv
 create mode 100644 KXMLBSTGAME/trades/TRADES_KXMLBSTGAME-26MAR151305MIAHOU-MIA.csv
 create mode 100644 KXMLBSTGAME/trades/TRADES_KXMLBSTGAME-26MAR151305MINBOS-BOS.csv
 create mode 100644 KXMLBSTGAME/trades/TRADES_KXMLBSTGAME-26MAR151305MINBOS-MIN.csv
 create mode 100644 KXMLBSTGAME/trades/TRADES_KXMLBSTGAME-26MAR151305PITTB-PIT.csv
 create mode 100644 KXMLBSTGAME/trades/TRADES_KXMLBSTGAME-26MAR151305PITTB-TB.csv
 create mode 100644 KXMLBSTGAME/trades/TRADES_KXMLBSTGAME-26MAR151305WSHSTL-STL.csv
 create mode 100644 KXMLBSTGAME/trades/TRADES_KXMLBSTGAME-26MAR151305WSHSTL-WSH.csv
 create mode 100644 KXMLBSTGAME/trades/TRADES_KXMLBSTGAME-26MAR151310TORNYM-NYM.csv
 create mode 100644 KXMLBSTGAME/trades/TRADES_KXMLBSTGAME-26MAR151310TORNYM-TOR.csv
 create mode 100644 KXNBAGAME/depth/DEPTH_KXNBAGAME-26MAR15MINOKC-MIN.csv
 create mode 100644 KXNBAGAME/depth/DEPTH_KXNBAGAME-26MAR15MINOKC-OKC.csv
 create mode 100644 KXNBAGAME/prices/KXNBAGAME-26MAR15MINOKC-MIN.csv
 create mode 100644 KXNBAGAME/prices/KXNBAGAME-26MAR15MINOKC-OKC.csv
 create mode 100644 KXNBAGAME/trades/TRADES_KXNBAGAME-26MAR15MINOKC-MIN.csv
 create mode 100644 KXNBAGAME/trades/TRADES_KXNBAGAME-26MAR15MINOKC-OKC.csv
 create mode 100644 KXNCAAWBGAME/depth/DEPTH_KXNCAAWBGAME-26MAR15LEHHC-HC.csv
 create mode 100644 KXNCAAWBGAME/depth/DEPTH_KXNCAAWBGAME-26MAR15LEHHC-LEH.csv
 create mode 100644 KXNCAAWBGAME/depth/DEPTH_KXNCAAWBGAME-26MAR15LIUFDU-FDU.csv
 create mode 100644 KXNCAAWBGAME/depth/DEPTH_KXNCAAWBGAME-26MAR15LIUFDU-LIU.csv
 create mode 100644 KXNCAAWBGAME/prices/KXNCAAWBGAME-26MAR15LEHHC-HC.csv
 create mode 100644 KXNCAAWBGAME/prices/KXNCAAWBGAME-26MAR15LEHHC-LEH.csv
 create mode 100644 KXNCAAWBGAME/prices/KXNCAAWBGAME-26MAR15LIUFDU-FDU.csv
 create mode 100644 KXNCAAWBGAME/prices/KXNCAAWBGAME-26MAR15LIUFDU-LIU.csv
 create mode 100644 KXNCAAWBGAME/trades/TRADES_KXNCAAWBGAME-26MAR15LEHHC-HC.csv
 create mode 100644 KXNCAAWBGAME/trades/TRADES_KXNCAAWBGAME-26MAR15LEHHC-LEH.csv
 create mode 100644 KXNCAAWBGAME/trades/TRADES_KXNCAAWBGAME-26MAR15LIUFDU-FDU.csv
 create mode 100644 KXNCAAWBGAME/trades/TRADES_KXNCAAWBGAME-26MAR15LIUFDU-LIU.csv
 create mode 100644 NBA/data/prices/KXNBAGAME-26MAR15DALCLE-CLE.csv
 create mode 100644 NBA/data/prices/KXNBAGAME-26MAR15DALCLE-DAL.csv
 create mode 100644 NBA/data/prices/KXNBAGAME-26MAR15DETTOR-DET.csv
 create mode 100644 NBA/data/prices/KXNBAGAME-26MAR15DETTOR-TOR.csv
 create mode 100644 NBA/data/prices/KXNBAGAME-26MAR15GSWNYK-GSW.csv
 create mode 100644 NBA/data/prices/KXNBAGAME-26MAR15GSWNYK-NYK.csv
 create mode 100644 NBA/data/prices/KXNBAGAME-26MAR15INDMIL-IND.csv
 create mode 100644 NBA/data/prices/KXNBAGAME-26MAR15INDMIL-MIL.csv
 create mode 100644 NBA/data/prices/KXNBAGAME-26MAR15MINOKC-MIN.csv
 create mode 100644 NBA/data/prices/KXNBAGAME-26MAR15MINOKC-OKC.csv
 create mode 100644 NBA/data/prices/KXNBAGAME-26MAR15PORPHI-PHI.csv
 create mode 100644 NBA/data/prices/KXNBAGAME-26MAR15PORPHI-POR.csv
 create mode 100644 NBA/data/prices/KXNBAGAME-26MAR15UTASAC-SAC.csv
 create mode 100644 NBA/data/prices/KXNBAGAME-26MAR15UTASAC-UTA.csv
 create mode 100644 NBA/data/trades/TRADES_KXNBAGAME-26MAR15DALCLE-CLE.csv
 create mode 100644 NBA/data/trades/TRADES_KXNBAGAME-26MAR15DALCLE-DAL.csv
 create mode 100644 NBA/data/trades/TRADES_KXNBAGAME-26MAR15DETTOR-DET.csv
 create mode 100644 NBA/data/trades/TRADES_KXNBAGAME-26MAR15DETTOR-TOR.csv
 create mode 100644 NBA/data/trades/TRADES_KXNBAGAME-26MAR15GSWNYK-GSW.csv
 create mode 100644 NBA/data/trades/TRADES_KXNBAGAME-26MAR15GSWNYK-NYK.csv
 create mode 100644 NBA/data/trades/TRADES_KXNBAGAME-26MAR15INDMIL-IND.csv
 create mode 100644 NBA/data/trades/TRADES_KXNBAGAME-26MAR15INDMIL-MIL.csv
 create mode 100644 NBA/data/trades/TRADES_KXNBAGAME-26MAR15MINOKC-MIN.csv
 create mode 100644 NBA/data/trades/TRADES_KXNBAGAME-26MAR15MINOKC-OKC.csv
 create mode 100644 NBA/data/trades/TRADES_KXNBAGAME-26MAR15PORPHI-PHI.csv
 create mode 100644 NBA/data/trades/TRADES_KXNBAGAME-26MAR15PORPHI-POR.csv
 create mode 100644 NBA/data/trades/TRADES_KXNBAGAME-26MAR15UTASAC-SAC.csv
 create mode 100644 NBA/data/trades/TRADES_KXNBAGAME-26MAR15UTASAC-UTA.csv
Already up to date.
[main 562ffe5] Auto-sync: 2026-03-17 06:00:06
 173 files changed, 1505008 insertions(+)
 create mode 100644 KXEPLGAME/depth/DEPTH_KXEPLGAME-26MAR16BREWOL-BRE.csv
 create mode 100644 KXEPLGAME/depth/DEPTH_KXEPLGAME-26MAR16BREWOL-TIE.csv
 create mode 100644 KXEPLGAME/depth/DEPTH_KXEPLGAME-26MAR16BREWOL-WOL.csv
 create mode 100644 KXEPLGAME/prices/KXEPLGAME-26MAR16BREWOL-BRE.csv
 create mode 100644 KXEPLGAME/prices/KXEPLGAME-26MAR16BREWOL-TIE.csv
 create mode 100644 KXEPLGAME/prices/KXEPLGAME-26MAR16BREWOL-WOL.csv
 create mode 100644 KXEPLGAME/trades/TRADES_KXEPLGAME-26MAR16BREWOL-BRE.csv
 create mode 100644 KXEPLGAME/trades/TRADES_KXEPLGAME-26MAR16BREWOL-TIE.csv
 create mode 100644 KXEPLGAME/trades/TRADES_KXEPLGAME-26MAR16BREWOL-WOL.csv
 create mode 100644 KXLALIGAGAME/depth/DEPTH_KXLALIGAGAME-26MAR16RVCLEV-LEV.csv
 create mode 100644 KXLALIGAGAME/depth/DEPTH_KXLALIGAGAME-26MAR16RVCLEV-RVC.csv
 create mode 100644 KXLALIGAGAME/depth/DEPTH_KXLALIGAGAME-26MAR16RVCLEV-TIE.csv
 create mode 100644 KXLALIGAGAME/prices/KXLALIGAGAME-26MAR16RVCLEV-LEV.csv
 create mode 100644 KXLALIGAGAME/prices/KXLALIGAGAME-26MAR16RVCLEV-RVC.csv
 create mode 100644 KXLALIGAGAME/prices/KXLALIGAGAME-26MAR16RVCLEV-TIE.csv
 create mode 100644 KXLALIGAGAME/trades/TRADES_KXLALIGAGAME-26MAR16RVCLEV-LEV.csv
 create mode 100644 KXLALIGAGAME/trades/TRADES_KXLALIGAGAME-26MAR16RVCLEV-RVC.csv
 create mode 100644 KXLALIGAGAME/trades/TRADES_KXLALIGAGAME-26MAR16RVCLEV-TIE.csv
 create mode 100644 KXMLBSTGAME/depth/DEPTH_KXMLBSTGAME-26MAR161305PHIDET-DET.csv
 create mode 100644 KXMLBSTGAME/depth/DEPTH_KXMLBSTGAME-26MAR161305PHIDET-PHI.csv
 create mode 100644 KXMLBSTGAME/depth/DEPTH_KXMLBSTGAME-26MAR161305PITMIN-MIN.csv
 create mode 100644 KXMLBSTGAME/depth/DEPTH_KXMLBSTGAME-26MAR161305PITMIN-PIT.csv
 create mode 100644 KXMLBSTGAME/depth/DEPTH_KXMLBSTGAME-26MAR161305TBATL-ATL.csv
 create mode 100644 KXMLBSTGAME/depth/DEPTH_KXMLBSTGAME-26MAR161305TBATL-TB.csv
 create mode 100644 KXMLBSTGAME/depth/DEPTH_KXMLBSTGAME-26MAR161310TORMIA-MIA.csv
 create mode 100644 KXMLBSTGAME/depth/DEPTH_KXMLBSTGAME-26MAR161310TORMIA-TOR.csv
 create mode 100644 KXMLBSTGAME/depth/DEPTH_KXMLBSTGAME-26MAR161605LAAATH-ATH.csv
 create mode 100644 KXMLBSTGAME/depth/DEPTH_KXMLBSTGAME-26MAR161605LAAATH-LAA.csv
 create mode 100644 KXMLBSTGAME/depth/DEPTH_KXMLBSTGAME-26MAR161605MILLAD-LAD.csv
 create mode 100644 KXMLBSTGAME/depth/DEPTH_KXMLBSTGAME-26MAR161605MILLAD-MIL.csv
 create mode 100644 KXMLBSTGAME/depth/DEPTH_KXMLBSTGAME-26MAR161610CINAZ-AZ.csv
 create mode 100644 KXMLBSTGAME/depth/DEPTH_KXMLBSTGAME-26MAR161610CINAZ-CIN.csv
 create mode 100644 KXMLBSTGAME/depth/DEPTH_KXMLBSTGAME-26MAR161610SFSD-SD.csv
 create mode 100644 KXMLBSTGAME/depth/DEPTH_KXMLBSTGAME-26MAR161610SFSD-SF.csv
 create mode 100644 KXMLBSTGAME/depth/DEPTH_KXMLBSTGAME-26MAR161805BOSBAL-BAL.csv
 create mode 100644 KXMLBSTGAME/depth/DEPTH_KXMLBSTGAME-26MAR161805BOSBAL-BOS.csv
 create mode 100644 KXMLBSTGAME/depth/DEPTH_KXMLBSTGAME-26MAR161810WSHNYM-NYM.csv
 create mode 100644 KXMLBSTGAME/depth/DEPTH_KXMLBSTGAME-26MAR161810WSHNYM-WSH.csv
 create mode 100644 KXMLBSTGAME/depth/DEPTH_KXMLBSTGAME-26MAR162005CWSTEX-CWS.csv
 create mode 100644 KXMLBSTGAME/depth/DEPTH_KXMLBSTGAME-26MAR162005CWSTEX-TEX.csv
 create mode 100644 KXMLBSTGAME/depth/DEPTH_KXMLBSTGAME-26MAR162105CHCCLE-CHC.csv
 create mode 100644 KXMLBSTGAME/depth/DEPTH_KXMLBSTGAME-26MAR162105CHCCLE-CLE.csv
 create mode 100644 KXMLBSTGAME/prices/KXMLBSTGAME-26MAR161305PHIDET-DET.csv
 create mode 100644 KXMLBSTGAME/prices/KXMLBSTGAME-26MAR161305PHIDET-PHI.csv
 create mode 100644 KXMLBSTGAME/prices/KXMLBSTGAME-26MAR161305PITMIN-MIN.csv
 create mode 100644 KXMLBSTGAME/prices/KXMLBSTGAME-26MAR161305PITMIN-PIT.csv
 create mode 100644 KXMLBSTGAME/prices/KXMLBSTGAME-26MAR161305TBATL-ATL.csv
 create mode 100644 KXMLBSTGAME/prices/KXMLBSTGAME-26MAR161305TBATL-TB.csv
 create mode 100644 KXMLBSTGAME/prices/KXMLBSTGAME-26MAR161310TORMIA-MIA.csv
 create mode 100644 KXMLBSTGAME/prices/KXMLBSTGAME-26MAR161310TORMIA-TOR.csv
 create mode 100644 KXMLBSTGAME/prices/KXMLBSTGAME-26MAR161605LAAATH-ATH.csv
 create mode 100644 KXMLBSTGAME/prices/KXMLBSTGAME-26MAR161605LAAATH-LAA.csv
 create mode 100644 KXMLBSTGAME/prices/KXMLBSTGAME-26MAR161605MILLAD-LAD.csv
 create mode 100644 KXMLBSTGAME/prices/KXMLBSTGAME-26MAR161605MILLAD-MIL.csv
 create mode 100644 KXMLBSTGAME/prices/KXMLBSTGAME-26MAR161610CINAZ-AZ.csv
 create mode 100644 KXMLBSTGAME/prices/KXMLBSTGAME-26MAR161610CINAZ-CIN.csv
 create mode 100644 KXMLBSTGAME/prices/KXMLBSTGAME-26MAR161610SFSD-SD.csv
 create mode 100644 KXMLBSTGAME/prices/KXMLBSTGAME-26MAR161610SFSD-SF.csv
 create mode 100644 KXMLBSTGAME/prices/KXMLBSTGAME-26MAR161805BOSBAL-BAL.csv
 create mode 100644 KXMLBSTGAME/prices/KXMLBSTGAME-26MAR161805BOSBAL-BOS.csv
 create mode 100644 KXMLBSTGAME/prices/KXMLBSTGAME-26MAR161810WSHNYM-NYM.csv
 create mode 100644 KXMLBSTGAME/prices/KXMLBSTGAME-26MAR161810WSHNYM-WSH.csv
 create mode 100644 KXMLBSTGAME/prices/KXMLBSTGAME-26MAR162005CWSTEX-CWS.csv
 create mode 100644 KXMLBSTGAME/prices/KXMLBSTGAME-26MAR162005CWSTEX-TEX.csv
 create mode 100644 KXMLBSTGAME/prices/KXMLBSTGAME-26MAR162105CHCCLE-CHC.csv
 create mode 100644 KXMLBSTGAME/prices/KXMLBSTGAME-26MAR162105CHCCLE-CLE.csv
 create mode 100644 KXMLBSTGAME/trades/TRADES_KXMLBSTGAME-26MAR161305PHIDET-DET.csv
 create mode 100644 KXMLBSTGAME/trades/TRADES_KXMLBSTGAME-26MAR161305PHIDET-PHI.csv
 create mode 100644 KXMLBSTGAME/trades/TRADES_KXMLBSTGAME-26MAR161305PITMIN-MIN.csv
 create mode 100644 KXMLBSTGAME/trades/TRADES_KXMLBSTGAME-26MAR161305PITMIN-PIT.csv
 create mode 100644 KXMLBSTGAME/trades/TRADES_KXMLBSTGAME-26MAR161305TBATL-ATL.csv
 create mode 100644 KXMLBSTGAME/trades/TRADES_KXMLBSTGAME-26MAR161305TBATL-TB.csv
 create mode 100644 KXMLBSTGAME/trades/TRADES_KXMLBSTGAME-26MAR161310TORMIA-MIA.csv
 create mode 100644 KXMLBSTGAME/trades/TRADES_KXMLBSTGAME-26MAR161310TORMIA-TOR.csv
 create mode 100644 KXMLBSTGAME/trades/TRADES_KXMLBSTGAME-26MAR161605LAAATH-ATH.csv
 create mode 100644 KXMLBSTGAME/trades/TRADES_KXMLBSTGAME-26MAR161605LAAATH-LAA.csv
 create mode 100644 KXMLBSTGAME/trades/TRADES_KXMLBSTGAME-26MAR161605MILLAD-LAD.csv
 create mode 100644 KXMLBSTGAME/trades/TRADES_KXMLBSTGAME-26MAR161605MILLAD-MIL.csv
 create mode 100644 KXMLBSTGAME/trades/TRADES_KXMLBSTGAME-26MAR161610CINAZ-AZ.csv
 create mode 100644 KXMLBSTGAME/trades/TRADES_KXMLBSTGAME-26MAR161610CINAZ-CIN.csv
 create mode 100644 KXMLBSTGAME/trades/TRADES_KXMLBSTGAME-26MAR161610SFSD-SD.csv
 create mode 100644 KXMLBSTGAME/trades/TRADES_KXMLBSTGAME-26MAR161610SFSD-SF.csv
 create mode 100644 KXMLBSTGAME/trades/TRADES_KXMLBSTGAME-26MAR161805BOSBAL-BAL.csv
 create mode 100644 KXMLBSTGAME/trades/TRADES_KXMLBSTGAME-26MAR161805BOSBAL-BOS.csv
 create mode 100644 KXMLBSTGAME/trades/TRADES_KXMLBSTGAME-26MAR161810WSHNYM-NYM.csv
 create mode 100644 KXMLBSTGAME/trades/TRADES_KXMLBSTGAME-26MAR161810WSHNYM-WSH.csv
 create mode 100644 KXMLBSTGAME/trades/TRADES_KXMLBSTGAME-26MAR162005CWSTEX-CWS.csv
 create mode 100644 KXMLBSTGAME/trades/TRADES_KXMLBSTGAME-26MAR162005CWSTEX-TEX.csv
 create mode 100644 KXMLBSTGAME/trades/TRADES_KXMLBSTGAME-26MAR162105CHCCLE-CHC.csv
 create mode 100644 KXMLBSTGAME/trades/TRADES_KXMLBSTGAME-26MAR162105CHCCLE-CLE.csv
 create mode 100644 KXNBAGAME/depth/DEPTH_KXNBAGAME-26MAR16DALNOP-DAL.csv
 create mode 100644 KXNBAGAME/depth/DEPTH_KXNBAGAME-26MAR16DALNOP-NOP.csv
 create mode 100644 KXNBAGAME/depth/DEPTH_KXNBAGAME-26MAR16GSWWAS-GSW.csv
 create mode 100644 KXNBAGAME/depth/DEPTH_KXNBAGAME-26MAR16GSWWAS-WAS.csv
 create mode 100644 KXNBAGAME/depth/DEPTH_KXNBAGAME-26MAR16LALHOU-HOU.csv
 create mode 100644 KXNBAGAME/depth/DEPTH_KXNBAGAME-26MAR16LALHOU-LAL.csv
 create mode 100644 KXNBAGAME/depth/DEPTH_KXNBAGAME-26MAR16MEMCHI-CHI.csv
 create mode 100644 KXNBAGAME/depth/DEPTH_KXNBAGAME-26MAR16MEMCHI-MEM.csv
 create mode 100644 KXNBAGAME/depth/DEPTH_KXNBAGAME-26MAR16ORLATL-ATL.csv
 create mode 100644 KXNBAGAME/depth/DEPTH_KXNBAGAME-26MAR16ORLATL-ORL.csv
 create mode 100644 KXNBAGAME/depth/DEPTH_KXNBAGAME-26MAR16PHXBOS-BOS.csv
 create mode 100644 KXNBAGAME/depth/DEPTH_KXNBAGAME-26MAR16PHXBOS-PHX.csv
 create mode 100644 KXNBAGAME/depth/DEPTH_KXNBAGAME-26MAR16PORBKN-BKN.csv
 create mode 100644 KXNBAGAME/depth/DEPTH_KXNBAGAME-26MAR16PORBKN-POR.csv
 create mode 100644 KXNBAGAME/depth/DEPTH_KXNBAGAME-26MAR16SASLAC-LAC.csv
 create mode 100644 KXNBAGAME/depth/DEPTH_KXNBAGAME-26MAR16SASLAC-SAS.csv
 create mode 100644 KXNBAGAME/prices/KXNBAGAME-26MAR16DALNOP-DAL.csv
 create mode 100644 KXNBAGAME/prices/KXNBAGAME-26MAR16DALNOP-NOP.csv
 create mode 100644 KXNBAGAME/prices/KXNBAGAME-26MAR16GSWWAS-GSW.csv
 create mode 100644 KXNBAGAME/prices/KXNBAGAME-26MAR16GSWWAS-WAS.csv
 create mode 100644 KXNBAGAME/prices/KXNBAGAME-26MAR16LALHOU-HOU.csv
 create mode 100644 KXNBAGAME/prices/KXNBAGAME-26MAR16LALHOU-LAL.csv
 create mode 100644 KXNBAGAME/prices/KXNBAGAME-26MAR16MEMCHI-CHI.csv
 create mode 100644 KXNBAGAME/prices/KXNBAGAME-26MAR16MEMCHI-MEM.csv
 create mode 100644 KXNBAGAME/prices/KXNBAGAME-26MAR16ORLATL-ATL.csv
 create mode 100644 KXNBAGAME/prices/KXNBAGAME-26MAR16ORLATL-ORL.csv
 create mode 100644 KXNBAGAME/prices/KXNBAGAME-26MAR16PHXBOS-BOS.csv
 create mode 100644 KXNBAGAME/prices/KXNBAGAME-26MAR16PHXBOS-PHX.csv
 create mode 100644 KXNBAGAME/prices/KXNBAGAME-26MAR16PORBKN-BKN.csv
 create mode 100644 KXNBAGAME/prices/KXNBAGAME-26MAR16PORBKN-POR.csv
 create mode 100644 KXNBAGAME/prices/KXNBAGAME-26MAR16SASLAC-LAC.csv
 create mode 100644 KXNBAGAME/prices/KXNBAGAME-26MAR16SASLAC-SAS.csv
 create mode 100644 KXNBAGAME/trades/TRADES_KXNBAGAME-26MAR16DALNOP-DAL.csv
 create mode 100644 KXNBAGAME/trades/TRADES_KXNBAGAME-26MAR16DALNOP-NOP.csv
 create mode 100644 KXNBAGAME/trades/TRADES_KXNBAGAME-26MAR16GSWWAS-GSW.csv
 create mode 100644 KXNBAGAME/trades/TRADES_KXNBAGAME-26MAR16GSWWAS-WAS.csv
 create mode 100644 KXNBAGAME/trades/TRADES_KXNBAGAME-26MAR16LALHOU-HOU.csv
 create mode 100644 KXNBAGAME/trades/TRADES_KXNBAGAME-26MAR16LALHOU-LAL.csv
 create mode 100644 KXNBAGAME/trades/TRADES_KXNBAGAME-26MAR16MEMCHI-CHI.csv
 create mode 100644 KXNBAGAME/trades/TRADES_KXNBAGAME-26MAR16MEMCHI-MEM.csv
 create mode 100644 KXNBAGAME/trades/TRADES_KXNBAGAME-26MAR16ORLATL-ATL.csv
 create mode 100644 KXNBAGAME/trades/TRADES_KXNBAGAME-26MAR16ORLATL-ORL.csv
 create mode 100644 KXNBAGAME/trades/TRADES_KXNBAGAME-26MAR16PHXBOS-BOS.csv
 create mode 100644 KXNBAGAME/trades/TRADES_KXNBAGAME-26MAR16PHXBOS-PHX.csv
 create mode 100644 KXNBAGAME/trades/TRADES_KXNBAGAME-26MAR16PORBKN-BKN.csv
 create mode 100644 KXNBAGAME/trades/TRADES_KXNBAGAME-26MAR16PORBKN-POR.csv
 create mode 100644 KXNBAGAME/trades/TRADES_KXNBAGAME-26MAR16SASLAC-LAC.csv
 create mode 100644 KXNBAGAME/trades/TRADES_KXNBAGAME-26MAR16SASLAC-SAS.csv
 create mode 100644 NBA/data/prices/KXNBAGAME-26MAR16DALNOP-DAL.csv
 create mode 100644 NBA/data/prices/KXNBAGAME-26MAR16DALNOP-NOP.csv
 create mode 100644 NBA/data/prices/KXNBAGAME-26MAR16GSWWAS-GSW.csv
 create mode 100644 NBA/data/prices/KXNBAGAME-26MAR16GSWWAS-WAS.csv
 create mode 100644 NBA/data/prices/KXNBAGAME-26MAR16LALHOU-HOU.csv
 create mode 100644 NBA/data/prices/KXNBAGAME-26MAR16LALHOU-LAL.csv
 create mode 100644 NBA/data/prices/KXNBAGAME-26MAR16MEMCHI-CHI.csv
 create mode 100644 NBA/data/prices/KXNBAGAME-26MAR16MEMCHI-MEM.csv
 create mode 100644 NBA/data/prices/KXNBAGAME-26MAR16ORLATL-ATL.csv
 create mode 100644 NBA/data/prices/KXNBAGAME-26MAR16ORLATL-ORL.csv
 create mode 100644 NBA/data/prices/KXNBAGAME-26MAR16PHXBOS-BOS.csv
 create mode 100644 NBA/data/prices/KXNBAGAME-26MAR16PHXBOS-PHX.csv
 create mode 100644 NBA/data/prices/KXNBAGAME-26MAR16PORBKN-BKN.csv
 create mode 100644 NBA/data/prices/KXNBAGAME-26MAR16PORBKN-POR.csv
 create mode 100644 NBA/data/prices/KXNBAGAME-26MAR16SASLAC-LAC.csv
 create mode 100644 NBA/data/prices/KXNBAGAME-26MAR16SASLAC-SAS.csv
 create mode 100644 NBA/data/trades/TRADES_KXNBAGAME-26MAR16DALNOP-DAL.csv
 create mode 100644 NBA/data/trades/TRADES_KXNBAGAME-26MAR16DALNOP-NOP.csv
 create mode 100644 NBA/data/trades/TRADES_KXNBAGAME-26MAR16GSWWAS-GSW.csv
 create mode 100644 NBA/data/trades/TRADES_KXNBAGAME-26MAR16GSWWAS-WAS.csv
 create mode 100644 NBA/data/trades/TRADES_KXNBAGAME-26MAR16LALHOU-HOU.csv
 create mode 100644 NBA/data/trades/TRADES_KXNBAGAME-26MAR16LALHOU-LAL.csv
 create mode 100644 NBA/data/trades/TRADES_KXNBAGAME-26MAR16MEMCHI-CHI.csv
 create mode 100644 NBA/data/trades/TRADES_KXNBAGAME-26MAR16MEMCHI-MEM.csv
 create mode 100644 NBA/data/trades/TRADES_KXNBAGAME-26MAR16ORLATL-ATL.csv
 create mode 100644 NBA/data/trades/TRADES_KXNBAGAME-26MAR16ORLATL-ORL.csv
 create mode 100644 NBA/data/trades/TRADES_KXNBAGAME-26MAR16PHXBOS-BOS.csv
 create mode 100644 NBA/data/trades/TRADES_KXNBAGAME-26MAR16PHXBOS-PHX.csv
 create mode 100644 NBA/data/trades/TRADES_KXNBAGAME-26MAR16PORBKN-BKN.csv
 create mode 100644 NBA/data/trades/TRADES_KXNBAGAME-26MAR16PORBKN-POR.csv
 create mode 100644 NBA/data/trades/TRADES_KXNBAGAME-26MAR16SASLAC-LAC.csv
 create mode 100644 NBA/data/trades/TRADES_KXNBAGAME-26MAR16SASLAC-SAS.csv
Already up to date.
[main 2d58d71] Auto-sync: 2026-03-18 06:00:05
 42 files changed, 436648 insertions(+), 222031 deletions(-)
 create mode 100644 NBA/data/prices/KXNBAGAME-26MAR17CLEMIL-CLE.csv
 create mode 100644 NBA/data/prices/KXNBAGAME-26MAR17CLEMIL-MIL.csv
 create mode 100644 NBA/data/prices/KXNBAGAME-26MAR17DETWAS-DET.csv
 create mode 100644 NBA/data/prices/KXNBAGAME-26MAR17DETWAS-WAS.csv
 create mode 100644 NBA/data/prices/KXNBAGAME-26MAR17INDNYK-IND.csv
 create mode 100644 NBA/data/prices/KXNBAGAME-26MAR17INDNYK-NYK.csv
 create mode 100644 NBA/data/prices/KXNBAGAME-26MAR17MIACHA-CHA.csv
 create mode 100644 NBA/data/prices/KXNBAGAME-26MAR17MIACHA-MIA.csv
 create mode 100644 NBA/data/prices/KXNBAGAME-26MAR17OKCORL-OKC.csv
 create mode 100644 NBA/data/prices/KXNBAGAME-26MAR17OKCORL-ORL.csv
 create mode 100644 NBA/data/prices/KXNBAGAME-26MAR17PHIDEN-DEN.csv
 create mode 100644 NBA/data/prices/KXNBAGAME-26MAR17PHIDEN-PHI.csv
 create mode 100644 NBA/data/prices/KXNBAGAME-26MAR17PHXMIN-MIN.csv
 create mode 100644 NBA/data/prices/KXNBAGAME-26MAR17PHXMIN-PHX.csv
 create mode 100644 NBA/data/prices/KXNBAGAME-26MAR17SASSAC-SAC.csv
 create mode 100644 NBA/data/prices/KXNBAGAME-26MAR17SASSAC-SAS.csv
 create mode 100644 NBA/data/trades/TRADES_KXNBAGAME-26MAR17CLEMIL-CLE.csv
 create mode 100644 NBA/data/trades/TRADES_KXNBAGAME-26MAR17CLEMIL-MIL.csv
 create mode 100644 NBA/data/trades/TRADES_KXNBAGAME-26MAR17DETWAS-DET.csv
 create mode 100644 NBA/data/trades/TRADES_KXNBAGAME-26MAR17DETWAS-WAS.csv
 create mode 100644 NBA/data/trades/TRADES_KXNBAGAME-26MAR17INDNYK-IND.csv
 create mode 100644 NBA/data/trades/TRADES_KXNBAGAME-26MAR17INDNYK-NYK.csv
 create mode 100644 NBA/data/trades/TRADES_KXNBAGAME-26MAR17MIACHA-CHA.csv
 create mode 100644 NBA/data/trades/TRADES_KXNBAGAME-26MAR17MIACHA-MIA.csv
 create mode 100644 NBA/data/trades/TRADES_KXNBAGAME-26MAR17OKCORL-OKC.csv
 create mode 100644 NBA/data/trades/TRADES_KXNBAGAME-26MAR17OKCORL-ORL.csv
 create mode 100644 NBA/data/trades/TRADES_KXNBAGAME-26MAR17PHIDEN-DEN.csv
 create mode 100644 NBA/data/trades/TRADES_KXNBAGAME-26MAR17PHIDEN-PHI.csv
 create mode 100644 NBA/data/trades/TRADES_KXNBAGAME-26MAR17PHXMIN-MIN.csv
 create mode 100644 NBA/data/trades/TRADES_KXNBAGAME-26MAR17PHXMIN-PHX.csv
 create mode 100644 NBA/data/trades/TRADES_KXNBAGAME-26MAR17SASSAC-SAC.csv
 create mode 100644 NBA/data/trades/TRADES_KXNBAGAME-26MAR17SASSAC-SAS.csv
Already up to date.
[main b0bb250] Auto-sync: 2026-03-19 06:00:09
 288 files changed, 2888399 insertions(+)
 create mode 100644 KXLIGAMXGAME/depth/DEPTH_KXLIGAMXGAME-26MAR18CDGLEO-CDG.csv
 create mode 100644 KXLIGAMXGAME/depth/DEPTH_KXLIGAMXGAME-26MAR18CDGLEO-LEO.csv
 create mode 100644 KXLIGAMXGAME/depth/DEPTH_KXLIGAMXGAME-26MAR18CDGLEO-TIE.csv
 create mode 100644 KXLIGAMXGAME/prices/KXLIGAMXGAME-26MAR18CDGLEO-CDG.csv
 create mode 100644 KXLIGAMXGAME/prices/KXLIGAMXGAME-26MAR18CDGLEO-LEO.csv
 create mode 100644 KXLIGAMXGAME/prices/KXLIGAMXGAME-26MAR18CDGLEO-TIE.csv
 create mode 100644 KXLIGAMXGAME/trades/TRADES_KXLIGAMXGAME-26MAR18CDGLEO-CDG.csv
 create mode 100644 KXLIGAMXGAME/trades/TRADES_KXLIGAMXGAME-26MAR18CDGLEO-LEO.csv
 create mode 100644 KXLIGAMXGAME/trades/TRADES_KXLIGAMXGAME-26MAR18CDGLEO-TIE.csv
 create mode 100644 KXMLBSTGAME/depth/DEPTH_KXMLBSTGAME-26MAR181305BOSNYY-BOS.csv
 create mode 100644 KXMLBSTGAME/depth/DEPTH_KXMLBSTGAME-26MAR181305BOSNYY-NYY.csv
 create mode 100644 KXMLBSTGAME/depth/DEPTH_KXMLBSTGAME-26MAR181305HOUSTL-HOU.csv
 create mode 100644 KXMLBSTGAME/depth/DEPTH_KXMLBSTGAME-26MAR181305HOUSTL-STL.csv
 create mode 100644 KXMLBSTGAME/depth/DEPTH_KXMLBSTGAME-26MAR181305PHIATL-ATL.csv
 create mode 100644 KXMLBSTGAME/depth/DEPTH_KXMLBSTGAME-26MAR181305PHIATL-PHI.csv
 create mode 100644 KXMLBSTGAME/depth/DEPTH_KXMLBSTGAME-26MAR181307BALTOR-BAL.csv
 create mode 100644 KXMLBSTGAME/depth/DEPTH_KXMLBSTGAME-26MAR181307BALTOR-TOR.csv
 create mode 100644 KXMLBSTGAME/depth/DEPTH_KXMLBSTGAME-26MAR181605COLCIN-CIN.csv
 create mode 100644 KXMLBSTGAME/depth/DEPTH_KXMLBSTGAME-26MAR181605COLCIN-COL.csv
 create mode 100644 KXMLBSTGAME/depth/DEPTH_KXMLBSTGAME-26MAR181605SFLAD-LAD.csv
 create mode 100644 KXMLBSTGAME/depth/DEPTH_KXMLBSTGAME-26MAR181605SFLAD-SF.csv
 create mode 100644 KXMLBSTGAME/depth/DEPTH_KXMLBSTGAME-26MAR181610CHCAZ-AZ.csv
 create mode 100644 KXMLBSTGAME/depth/DEPTH_KXMLBSTGAME-26MAR181610CHCAZ-CHC.csv
 create mode 100644 KXMLBSTGAME/depth/DEPTH_KXMLBSTGAME-26MAR181610CINLAA-CIN.csv
 create mode 100644 KXMLBSTGAME/depth/DEPTH_KXMLBSTGAME-26MAR181610CINLAA-LAA.csv
 create mode 100644 KXMLBSTGAME/depth/DEPTH_KXMLBSTGAME-26MAR181610LAAMIL-LAA.csv
 create mode 100644 KXMLBSTGAME/depth/DEPTH_KXMLBSTGAME-26MAR181610LAAMIL-MIL.csv
 create mode 100644 KXMLBSTGAME/depth/DEPTH_KXMLBSTGAME-26MAR181610MILSEA-MIL.csv
 create mode 100644 KXMLBSTGAME/depth/DEPTH_KXMLBSTGAME-26MAR181610MILSEA-SEA.csv
 create mode 100644 KXMLBSTGAME/depth/DEPTH_KXMLBSTGAME-26MAR181805DETPIT-DET.csv
 create mode 100644 KXMLBSTGAME/depth/DEPTH_KXMLBSTGAME-26MAR181805DETPIT-PIT.csv
 create mode 100644 KXMLBSTGAME/depth/DEPTH_KXMLBSTGAME-26MAR181805MIAWSH-MIA.csv
 create mode 100644 KXMLBSTGAME/depth/DEPTH_KXMLBSTGAME-26MAR181805MIAWSH-WSH.csv
 create mode 100644 KXMLBSTGAME/depth/DEPTH_KXMLBSTGAME-26MAR182105KCTEX-KC.csv
 create mode 100644 KXMLBSTGAME/depth/DEPTH_KXMLBSTGAME-26MAR182105KCTEX-TEX.csv
 create mode 100644 KXMLBSTGAME/prices/KXMLBSTGAME-26MAR181305BOSNYY-BOS.csv
 create mode 100644 KXMLBSTGAME/prices/KXMLBSTGAME-26MAR181305BOSNYY-NYY.csv
 create mode 100644 KXMLBSTGAME/prices/KXMLBSTGAME-26MAR181305HOUSTL-HOU.csv
 create mode 100644 KXMLBSTGAME/prices/KXMLBSTGAME-26MAR181305HOUSTL-STL.csv
 create mode 100644 KXMLBSTGAME/prices/KXMLBSTGAME-26MAR181305PHIATL-ATL.csv
 create mode 100644 KXMLBSTGAME/prices/KXMLBSTGAME-26MAR181305PHIATL-PHI.csv
 create mode 100644 KXMLBSTGAME/prices/KXMLBSTGAME-26MAR181307BALTOR-BAL.csv
 create mode 100644 KXMLBSTGAME/prices/KXMLBSTGAME-26MAR181307BALTOR-TOR.csv
 create mode 100644 KXMLBSTGAME/prices/KXMLBSTGAME-26MAR181605COLCIN-CIN.csv
 create mode 100644 KXMLBSTGAME/prices/KXMLBSTGAME-26MAR181605COLCIN-COL.csv
 create mode 100644 KXMLBSTGAME/prices/KXMLBSTGAME-26MAR181605SFLAD-LAD.csv
 create mode 100644 KXMLBSTGAME/prices/KXMLBSTGAME-26MAR181605SFLAD-SF.csv
 create mode 100644 KXMLBSTGAME/prices/KXMLBSTGAME-26MAR181610CHCAZ-AZ.csv
 create mode 100644 KXMLBSTGAME/prices/KXMLBSTGAME-26MAR181610CHCAZ-CHC.csv
 create mode 100644 KXMLBSTGAME/prices/KXMLBSTGAME-26MAR181610CINLAA-CIN.csv
 create mode 100644 KXMLBSTGAME/prices/KXMLBSTGAME-26MAR181610CINLAA-LAA.csv
 create mode 100644 KXMLBSTGAME/prices/KXMLBSTGAME-26MAR181610LAAMIL-LAA.csv
 create mode 100644 KXMLBSTGAME/prices/KXMLBSTGAME-26MAR181610LAAMIL-MIL.csv
 create mode 100644 KXMLBSTGAME/prices/KXMLBSTGAME-26MAR181610MILSEA-MIL.csv
 create mode 100644 KXMLBSTGAME/prices/KXMLBSTGAME-26MAR181610MILSEA-SEA.csv
 create mode 100644 KXMLBSTGAME/prices/KXMLBSTGAME-26MAR181805DETPIT-DET.csv
 create mode 100644 KXMLBSTGAME/prices/KXMLBSTGAME-26MAR181805DETPIT-PIT.csv
 create mode 100644 KXMLBSTGAME/prices/KXMLBSTGAME-26MAR181805MIAWSH-MIA.csv
 create mode 100644 KXMLBSTGAME/prices/KXMLBSTGAME-26MAR181805MIAWSH-WSH.csv
 create mode 100644 KXMLBSTGAME/prices/KXMLBSTGAME-26MAR182105KCTEX-KC.csv
 create mode 100644 KXMLBSTGAME/prices/KXMLBSTGAME-26MAR182105KCTEX-TEX.csv
 create mode 100644 KXMLBSTGAME/trades/TRADES_KXMLBSTGAME-26MAR181305BOSNYY-BOS.csv
 create mode 100644 KXMLBSTGAME/trades/TRADES_KXMLBSTGAME-26MAR181305BOSNYY-NYY.csv
 create mode 100644 KXMLBSTGAME/trades/TRADES_KXMLBSTGAME-26MAR181305HOUSTL-HOU.csv
 create mode 100644 KXMLBSTGAME/trades/TRADES_KXMLBSTGAME-26MAR181305HOUSTL-STL.csv
 create mode 100644 KXMLBSTGAME/trades/TRADES_KXMLBSTGAME-26MAR181305PHIATL-ATL.csv
 create mode 100644 KXMLBSTGAME/trades/TRADES_KXMLBSTGAME-26MAR181305PHIATL-PHI.csv
 create mode 100644 KXMLBSTGAME/trades/TRADES_KXMLBSTGAME-26MAR181307BALTOR-BAL.csv
 create mode 100644 KXMLBSTGAME/trades/TRADES_KXMLBSTGAME-26MAR181307BALTOR-TOR.csv
 create mode 100644 KXMLBSTGAME/trades/TRADES_KXMLBSTGAME-26MAR181605COLCIN-CIN.csv
 create mode 100644 KXMLBSTGAME/trades/TRADES_KXMLBSTGAME-26MAR181605COLCIN-COL.csv
 create mode 100644 KXMLBSTGAME/trades/TRADES_KXMLBSTGAME-26MAR181605SFLAD-LAD.csv
 create mode 100644 KXMLBSTGAME/trades/TRADES_KXMLBSTGAME-26MAR181605SFLAD-SF.csv
 create mode 100644 KXMLBSTGAME/trades/TRADES_KXMLBSTGAME-26MAR181610CHCAZ-AZ.csv
 create mode 100644 KXMLBSTGAME/trades/TRADES_KXMLBSTGAME-26MAR181610CHCAZ-CHC.csv
 create mode 100644 KXMLBSTGAME/trades/TRADES_KXMLBSTGAME-26MAR181610CINLAA-CIN.csv
 create mode 100644 KXMLBSTGAME/trades/TRADES_KXMLBSTGAME-26MAR181610CINLAA-LAA.csv
 create mode 100644 KXMLBSTGAME/trades/TRADES_KXMLBSTGAME-26MAR181610LAAMIL-LAA.csv
 create mode 100644 KXMLBSTGAME/trades/TRADES_KXMLBSTGAME-26MAR181610LAAMIL-MIL.csv
 create mode 100644 KXMLBSTGAME/trades/TRADES_KXMLBSTGAME-26MAR181610MILSEA-MIL.csv
 create mode 100644 KXMLBSTGAME/trades/TRADES_KXMLBSTGAME-26MAR181610MILSEA-SEA.csv
 create mode 100644 KXMLBSTGAME/trades/TRADES_KXMLBSTGAME-26MAR181805DETPIT-DET.csv
 create mode 100644 KXMLBSTGAME/trades/TRADES_KXMLBSTGAME-26MAR181805DETPIT-PIT.csv
 create mode 100644 KXMLBSTGAME/trades/TRADES_KXMLBSTGAME-26MAR181805MIAWSH-MIA.csv
 create mode 100644 KXMLBSTGAME/trades/TRADES_KXMLBSTGAME-26MAR181805MIAWSH-WSH.csv
 create mode 100644 KXMLBSTGAME/trades/TRADES_KXMLBSTGAME-26MAR182105KCTEX-KC.csv
 create mode 100644 KXMLBSTGAME/trades/TRADES_KXMLBSTGAME-26MAR182105KCTEX-TEX.csv
 create mode 100644 KXNBAGAME/depth/DEPTH_KXNBAGAME-26MAR18ATLDAL-ATL.csv
 create mode 100644 KXNBAGAME/depth/DEPTH_KXNBAGAME-26MAR18ATLDAL-DAL.csv
 create mode 100644 KXNBAGAME/depth/DEPTH_KXNBAGAME-26MAR18DENMEM-DEN.csv
 create mode 100644 KXNBAGAME/depth/DEPTH_KXNBAGAME-26MAR18DENMEM-MEM.csv
 create mode 100644 KXNBAGAME/depth/DEPTH_KXNBAGAME-26MAR18GSWBOS-BOS.csv
 create mode 100644 KXNBAGAME/depth/DEPTH_KXNBAGAME-26MAR18GSWBOS-GSW.csv
 create mode 100644 KXNBAGAME/depth/DEPTH_KXNBAGAME-26MAR18LACNOP-LAC.csv
 create mode 100644 KXNBAGAME/depth/DEPTH_KXNBAGAME-26MAR18LACNOP-NOP.csv
 create mode 100644 KXNBAGAME/depth/DEPTH_KXNBAGAME-26MAR18LALHOU-HOU.csv
 create mode 100644 KXNBAGAME/depth/DEPTH_KXNBAGAME-26MAR18LALHOU-LAL.csv
 create mode 100644 KXNBAGAME/depth/DEPTH_KXNBAGAME-26MAR18OKCBKN-BKN.csv
 create mode 100644 KXNBAGAME/depth/DEPTH_KXNBAGAME-26MAR18OKCBKN-OKC.csv
 create mode 100644 KXNBAGAME/depth/DEPTH_KXNBAGAME-26MAR18PORIND-IND.csv
 create mode 100644 KXNBAGAME/depth/DEPTH_KXNBAGAME-26MAR18PORIND-POR.csv
 create mode 100644 KXNBAGAME/depth/DEPTH_KXNBAGAME-26MAR18TORCHI-CHI.csv
 create mode 100644 KXNBAGAME/depth/DEPTH_KXNBAGAME-26MAR18TORCHI-TOR.csv
 create mode 100644 KXNBAGAME/depth/DEPTH_KXNBAGAME-26MAR18UTAMIN-MIN.csv
 create mode 100644 KXNBAGAME/depth/DEPTH_KXNBAGAME-26MAR18UTAMIN-UTA.csv
 create mode 100644 KXNBAGAME/prices/KXNBAGAME-26MAR18ATLDAL-ATL.csv
 create mode 100644 KXNBAGAME/prices/KXNBAGAME-26MAR18ATLDAL-DAL.csv
 create mode 100644 KXNBAGAME/prices/KXNBAGAME-26MAR18DENMEM-DEN.csv
 create mode 100644 KXNBAGAME/prices/KXNBAGAME-26MAR18DENMEM-MEM.csv
 create mode 100644 KXNBAGAME/prices/KXNBAGAME-26MAR18GSWBOS-BOS.csv
 create mode 100644 KXNBAGAME/prices/KXNBAGAME-26MAR18GSWBOS-GSW.csv
 create mode 100644 KXNBAGAME/prices/KXNBAGAME-26MAR18LACNOP-LAC.csv
 create mode 100644 KXNBAGAME/prices/KXNBAGAME-26MAR18LACNOP-NOP.csv
 create mode 100644 KXNBAGAME/prices/KXNBAGAME-26MAR18LALHOU-HOU.csv
 create mode 100644 KXNBAGAME/prices/KXNBAGAME-26MAR18LALHOU-LAL.csv
 create mode 100644 KXNBAGAME/prices/KXNBAGAME-26MAR18OKCBKN-BKN.csv
 create mode 100644 KXNBAGAME/prices/KXNBAGAME-26MAR18OKCBKN-OKC.csv
 create mode 100644 KXNBAGAME/prices/KXNBAGAME-26MAR18PORIND-IND.csv
 create mode 100644 KXNBAGAME/prices/KXNBAGAME-26MAR18PORIND-POR.csv
 create mode 100644 KXNBAGAME/prices/KXNBAGAME-26MAR18TORCHI-CHI.csv
 create mode 100644 KXNBAGAME/prices/KXNBAGAME-26MAR18TORCHI-TOR.csv
 create mode 100644 KXNBAGAME/prices/KXNBAGAME-26MAR18UTAMIN-MIN.csv
 create mode 100644 KXNBAGAME/prices/KXNBAGAME-26MAR18UTAMIN-UTA.csv
 create mode 100644 KXNBAGAME/trades/TRADES_KXNBAGAME-26MAR18ATLDAL-ATL.csv
 create mode 100644 KXNBAGAME/trades/TRADES_KXNBAGAME-26MAR18ATLDAL-DAL.csv
 create mode 100644 KXNBAGAME/trades/TRADES_KXNBAGAME-26MAR18DENMEM-DEN.csv
 create mode 100644 KXNBAGAME/trades/TRADES_KXNBAGAME-26MAR18DENMEM-MEM.csv
 create mode 100644 KXNBAGAME/trades/TRADES_KXNBAGAME-26MAR18GSWBOS-BOS.csv
 create mode 100644 KXNBAGAME/trades/TRADES_KXNBAGAME-26MAR18GSWBOS-GSW.csv
 create mode 100644 KXNBAGAME/trades/TRADES_KXNBAGAME-26MAR18LACNOP-LAC.csv
 create mode 100644 KXNBAGAME/trades/TRADES_KXNBAGAME-26MAR18LACNOP-NOP.csv
 create mode 100644 KXNBAGAME/trades/TRADES_KXNBAGAME-26MAR18LALHOU-HOU.csv
 create mode 100644 KXNBAGAME/trades/TRADES_KXNBAGAME-26MAR18LALHOU-LAL.csv
 create mode 100644 KXNBAGAME/trades/TRADES_KXNBAGAME-26MAR18OKCBKN-BKN.csv
 create mode 100644 KXNBAGAME/trades/TRADES_KXNBAGAME-26MAR18OKCBKN-OKC.csv
 create mode 100644 KXNBAGAME/trades/TRADES_KXNBAGAME-26MAR18PORIND-IND.csv
 create mode 100644 KXNBAGAME/trades/TRADES_KXNBAGAME-26MAR18PORIND-POR.csv
 create mode 100644 KXNBAGAME/trades/TRADES_KXNBAGAME-26MAR18TORCHI-CHI.csv
 create mode 100644 KXNBAGAME/trades/TRADES_KXNBAGAME-26MAR18TORCHI-TOR.csv
 create mode 100644 KXNBAGAME/trades/TRADES_KXNBAGAME-26MAR18UTAMIN-MIN.csv
 create mode 100644 KXNBAGAME/trades/TRADES_KXNBAGAME-26MAR18UTAMIN-UTA.csv
 create mode 100644 KXNCAAMBGAME/depth/DEPTH_KXNCAAMBGAME-26MAR18DAYBRAD-BRAD.csv
 create mode 100644 KXNCAAMBGAME/depth/DEPTH_KXNCAAMBGAME-26MAR18DAYBRAD-DAY.csv
 create mode 100644 KXNCAAMBGAME/depth/DEPTH_KXNCAAMBGAME-26MAR18GWUVU-GW.csv
 create mode 100644 KXNCAAMBGAME/depth/DEPTH_KXNCAAMBGAME-26MAR18GWUVU-UVU.csv
 create mode 100644 KXNCAAMBGAME/depth/DEPTH_KXNCAAMBGAME-26MAR18JOESCSU-CSU.csv
 create mode 100644 KXNCAAMBGAME/depth/DEPTH_KXNCAAMBGAME-26MAR18JOESCSU-JOES.csv
 create mode 100644 KXNCAAMBGAME/depth/DEPTH_KXNCAAMBGAME-26MAR18KENTILST-ILST.csv
 create mode 100644 KXNCAAMBGAME/depth/DEPTH_KXNCAAMBGAME-26MAR18KENTILST-KENT.csv
 create mode 100644 KXNCAAMBGAME/depth/DEPTH_KXNCAAMBGAME-26MAR18MOHSMU-MOH.csv
 create mode 100644 KXNCAAMBGAME/depth/DEPTH_KXNCAAMBGAME-26MAR18MOHSMU-SMU.csv
 create mode 100644 KXNCAAMBGAME/depth/DEPTH_KXNCAAMBGAME-26MAR18MURRNEV-MURR.csv
 create mode 100644 KXNCAAMBGAME/depth/DEPTH_KXNCAAMBGAME-26MAR18MURRNEV-NEV.csv
 create mode 100644 KXNCAAMBGAME/depth/DEPTH_KXNCAAMBGAME-26MAR18NAVYWAKE-NAVY.csv
 create mode 100644 KXNCAAMBGAME/depth/DEPTH_KXNCAAMBGAME-26MAR18NAVYWAKE-WAKE.csv
 create mode 100644 KXNCAAMBGAME/depth/DEPTH_KXNCAAMBGAME-26MAR18PVLEH-LEH.csv
 create mode 100644 KXNCAAMBGAME/depth/DEPTH_KXNCAAMBGAME-26MAR18PVLEH-PV.csv
 create mode 100644 KXNCAAMBGAME/depth/DEPTH_KXNCAAMBGAME-26MAR18SHSUUNM-SHSU.csv
 create mode 100644 KXNCAAMBGAME/depth/DEPTH_KXNCAAMBGAME-26MAR18SHSUUNM-UNM.csv
 create mode 100644 KXNCAAMBGAME/depth/DEPTH_KXNCAAMBGAME-26MAR18UICCAL-CAL.csv
 create mode 100644 KXNCAAMBGAME/depth/DEPTH_KXNCAAMBGAME-26MAR18UICCAL-UIC.csv
 create mode 100644 KXNCAAMBGAME/prices/KXNCAAMBGAME-26MAR18DAYBRAD-BRAD.csv
 create mode 100644 KXNCAAMBGAME/prices/KXNCAAMBGAME-26MAR18DAYBRAD-DAY.csv
 create mode 100644 KXNCAAMBGAME/prices/KXNCAAMBGAME-26MAR18GWUVU-GW.csv
 create mode 100644 KXNCAAMBGAME/prices/KXNCAAMBGAME-26MAR18GWUVU-UVU.csv
 create mode 100644 KXNCAAMBGAME/prices/KXNCAAMBGAME-26MAR18JOESCSU-CSU.csv
 create mode 100644 KXNCAAMBGAME/prices/KXNCAAMBGAME-26MAR18JOESCSU-JOES.csv
 create mode 100644 KXNCAAMBGAME/prices/KXNCAAMBGAME-26MAR18KENTILST-ILST.csv
 create mode 100644 KXNCAAMBGAME/prices/KXNCAAMBGAME-26MAR18KENTILST-KENT.csv
 create mode 100644 KXNCAAMBGAME/prices/KXNCAAMBGAME-26MAR18MOHSMU-MOH.csv
 create mode 100644 KXNCAAMBGAME/prices/KXNCAAMBGAME-26MAR18MOHSMU-SMU.csv
 create mode 100644 KXNCAAMBGAME/prices/KXNCAAMBGAME-26MAR18MURRNEV-MURR.csv
 create mode 100644 KXNCAAMBGAME/prices/KXNCAAMBGAME-26MAR18MURRNEV-NEV.csv
 create mode 100644 KXNCAAMBGAME/prices/KXNCAAMBGAME-26MAR18NAVYWAKE-NAVY.csv
 create mode 100644 KXNCAAMBGAME/prices/KXNCAAMBGAME-26MAR18NAVYWAKE-WAKE.csv
 create mode 100644 KXNCAAMBGAME/prices/KXNCAAMBGAME-26MAR18PVLEH-LEH.csv
 create mode 100644 KXNCAAMBGAME/prices/KXNCAAMBGAME-26MAR18PVLEH-PV.csv
 create mode 100644 KXNCAAMBGAME/prices/KXNCAAMBGAME-26MAR18SHSUUNM-SHSU.csv
 create mode 100644 KXNCAAMBGAME/prices/KXNCAAMBGAME-26MAR18SHSUUNM-UNM.csv
 create mode 100644 KXNCAAMBGAME/prices/KXNCAAMBGAME-26MAR18UICCAL-CAL.csv
 create mode 100644 KXNCAAMBGAME/prices/KXNCAAMBGAME-26MAR18UICCAL-UIC.csv
 create mode 100644 KXNCAAMBGAME/trades/TRADES_KXNCAAMBGAME-26MAR18DAYBRAD-BRAD.csv
 create mode 100644 KXNCAAMBGAME/trades/TRADES_KXNCAAMBGAME-26MAR18DAYBRAD-DAY.csv
 create mode 100644 KXNCAAMBGAME/trades/TRADES_KXNCAAMBGAME-26MAR18GWUVU-GW.csv
 create mode 100644 KXNCAAMBGAME/trades/TRADES_KXNCAAMBGAME-26MAR18GWUVU-UVU.csv
 create mode 100644 KXNCAAMBGAME/trades/TRADES_KXNCAAMBGAME-26MAR18JOESCSU-CSU.csv
 create mode 100644 KXNCAAMBGAME/trades/TRADES_KXNCAAMBGAME-26MAR18JOESCSU-JOES.csv
 create mode 100644 KXNCAAMBGAME/trades/TRADES_KXNCAAMBGAME-26MAR18KENTILST-ILST.csv
 create mode 100644 KXNCAAMBGAME/trades/TRADES_KXNCAAMBGAME-26MAR18KENTILST-KENT.csv
 create mode 100644 KXNCAAMBGAME/trades/TRADES_KXNCAAMBGAME-26MAR18MOHSMU-MOH.csv
 create mode 100644 KXNCAAMBGAME/trades/TRADES_KXNCAAMBGAME-26MAR18MOHSMU-SMU.csv
 create mode 100644 KXNCAAMBGAME/trades/TRADES_KXNCAAMBGAME-26MAR18MURRNEV-MURR.csv
 create mode 100644 KXNCAAMBGAME/trades/TRADES_KXNCAAMBGAME-26MAR18MURRNEV-NEV.csv
 create mode 100644 KXNCAAMBGAME/trades/TRADES_KXNCAAMBGAME-26MAR18NAVYWAKE-NAVY.csv
 create mode 100644 KXNCAAMBGAME/trades/TRADES_KXNCAAMBGAME-26MAR18NAVYWAKE-WAKE.csv
 create mode 100644 KXNCAAMBGAME/trades/TRADES_KXNCAAMBGAME-26MAR18PVLEH-LEH.csv
 create mode 100644 KXNCAAMBGAME/trades/TRADES_KXNCAAMBGAME-26MAR18PVLEH-PV.csv
 create mode 100644 KXNCAAMBGAME/trades/TRADES_KXNCAAMBGAME-26MAR18SHSUUNM-SHSU.csv
 create mode 100644 KXNCAAMBGAME/trades/TRADES_KXNCAAMBGAME-26MAR18SHSUUNM-UNM.csv
 create mode 100644 KXNCAAMBGAME/trades/TRADES_KXNCAAMBGAME-26MAR18UICCAL-CAL.csv
 create mode 100644 KXNCAAMBGAME/trades/TRADES_KXNCAAMBGAME-26MAR18UICCAL-UIC.csv
 create mode 100644 KXNCAAWBGAME/depth/DEPTH_KXNCAAWBGAME-26MAR18NEBRICH-NEB.csv
 create mode 100644 KXNCAAWBGAME/depth/DEPTH_KXNCAAWBGAME-26MAR18NEBRICH-RICH.csv
 create mode 100644 KXNCAAWBGAME/depth/DEPTH_KXNCAAWBGAME-26MAR18SFAMOSU-MOSU.csv
 create mode 100644 KXNCAAWBGAME/depth/DEPTH_KXNCAAWBGAME-26MAR18SFAMOSU-SFA.csv
 create mode 100644 KXNCAAWBGAME/prices/KXNCAAWBGAME-26MAR18NEBRICH-NEB.csv
 create mode 100644 KXNCAAWBGAME/prices/KXNCAAWBGAME-26MAR18NEBRICH-RICH.csv
 create mode 100644 KXNCAAWBGAME/prices/KXNCAAWBGAME-26MAR18SFAMOSU-MOSU.csv
 create mode 100644 KXNCAAWBGAME/prices/KXNCAAWBGAME-26MAR18SFAMOSU-SFA.csv
 create mode 100644 KXNCAAWBGAME/trades/TRADES_KXNCAAWBGAME-26MAR18NEBRICH-NEB.csv
 create mode 100644 KXNCAAWBGAME/trades/TRADES_KXNCAAWBGAME-26MAR18NEBRICH-RICH.csv
 create mode 100644 KXNCAAWBGAME/trades/TRADES_KXNCAAWBGAME-26MAR18SFAMOSU-MOSU.csv
 create mode 100644 KXNCAAWBGAME/trades/TRADES_KXNCAAWBGAME-26MAR18SFAMOSU-SFA.csv
 create mode 100644 KXUCLGAME/depth/DEPTH_KXUCLGAME-26MAR18BARNEW-BAR.csv
 create mode 100644 KXUCLGAME/depth/DEPTH_KXUCLGAME-26MAR18BARNEW-NEW.csv
 create mode 100644 KXUCLGAME/depth/DEPTH_KXUCLGAME-26MAR18BARNEW-TIE.csv
 create mode 100644 KXUCLGAME/depth/DEPTH_KXUCLGAME-26MAR18BMUATA-ATA.csv
 create mode 100644 KXUCLGAME/depth/DEPTH_KXUCLGAME-26MAR18BMUATA-BMU.csv
 create mode 100644 KXUCLGAME/depth/DEPTH_KXUCLGAME-26MAR18BMUATA-TIE.csv
 create mode 100644 KXUCLGAME/depth/DEPTH_KXUCLGAME-26MAR18LFCGAL-GAL.csv
 create mode 100644 KXUCLGAME/depth/DEPTH_KXUCLGAME-26MAR18LFCGAL-LFC.csv
 create mode 100644 KXUCLGAME/depth/DEPTH_KXUCLGAME-26MAR18LFCGAL-TIE.csv
 create mode 100644 KXUCLGAME/depth/DEPTH_KXUCLGAME-26MAR18TOTATM-ATM.csv
 create mode 100644 KXUCLGAME/depth/DEPTH_KXUCLGAME-26MAR18TOTATM-TIE.csv
 create mode 100644 KXUCLGAME/depth/DEPTH_KXUCLGAME-26MAR18TOTATM-TOT.csv
 create mode 100644 KXUCLGAME/prices/KXUCLGAME-26MAR18BARNEW-BAR.csv
 create mode 100644 KXUCLGAME/prices/KXUCLGAME-26MAR18BARNEW-NEW.csv
 create mode 100644 KXUCLGAME/prices/KXUCLGAME-26MAR18BARNEW-TIE.csv
 create mode 100644 KXUCLGAME/prices/KXUCLGAME-26MAR18BMUATA-ATA.csv
 create mode 100644 KXUCLGAME/prices/KXUCLGAME-26MAR18BMUATA-BMU.csv
 create mode 100644 KXUCLGAME/prices/KXUCLGAME-26MAR18BMUATA-TIE.csv
 create mode 100644 KXUCLGAME/prices/KXUCLGAME-26MAR18LFCGAL-GAL.csv
 create mode 100644 KXUCLGAME/prices/KXUCLGAME-26MAR18LFCGAL-LFC.csv
 create mode 100644 KXUCLGAME/prices/KXUCLGAME-26MAR18LFCGAL-TIE.csv
 create mode 100644 KXUCLGAME/prices/KXUCLGAME-26MAR18TOTATM-ATM.csv
 create mode 100644 KXUCLGAME/prices/KXUCLGAME-26MAR18TOTATM-TIE.csv
 create mode 100644 KXUCLGAME/prices/KXUCLGAME-26MAR18TOTATM-TOT.csv
 create mode 100644 KXUCLGAME/trades/TRADES_KXUCLGAME-26MAR18BARNEW-BAR.csv
 create mode 100644 KXUCLGAME/trades/TRADES_KXUCLGAME-26MAR18BARNEW-NEW.csv
 create mode 100644 KXUCLGAME/trades/TRADES_KXUCLGAME-26MAR18BARNEW-TIE.csv
 create mode 100644 KXUCLGAME/trades/TRADES_KXUCLGAME-26MAR18BMUATA-ATA.csv
 create mode 100644 KXUCLGAME/trades/TRADES_KXUCLGAME-26MAR18BMUATA-BMU.csv
 create mode 100644 KXUCLGAME/trades/TRADES_KXUCLGAME-26MAR18BMUATA-TIE.csv
 create mode 100644 KXUCLGAME/trades/TRADES_KXUCLGAME-26MAR18LFCGAL-GAL.csv
 create mode 100644 KXUCLGAME/trades/TRADES_KXUCLGAME-26MAR18LFCGAL-LFC.csv
 create mode 100644 KXUCLGAME/trades/TRADES_KXUCLGAME-26MAR18LFCGAL-TIE.csv
 create mode 100644 KXUCLGAME/trades/TRADES_KXUCLGAME-26MAR18TOTATM-ATM.csv
 create mode 100644 KXUCLGAME/trades/TRADES_KXUCLGAME-26MAR18TOTATM-TIE.csv
 create mode 100644 KXUCLGAME/trades/TRADES_KXUCLGAME-26MAR18TOTATM-TOT.csv
 create mode 100644 NBA/data/prices/KXNBAGAME-26MAR18ATLDAL-ATL.csv
 create mode 100644 NBA/data/prices/KXNBAGAME-26MAR18ATLDAL-DAL.csv
 create mode 100644 NBA/data/prices/KXNBAGAME-26MAR18DENMEM-DEN.csv
 create mode 100644 NBA/data/prices/KXNBAGAME-26MAR18DENMEM-MEM.csv
 create mode 100644 NBA/data/prices/KXNBAGAME-26MAR18GSWBOS-BOS.csv
 create mode 100644 NBA/data/prices/KXNBAGAME-26MAR18GSWBOS-GSW.csv
 create mode 100644 NBA/data/prices/KXNBAGAME-26MAR18LACNOP-LAC.csv
 create mode 100644 NBA/data/prices/KXNBAGAME-26MAR18LACNOP-NOP.csv
 create mode 100644 NBA/data/prices/KXNBAGAME-26MAR18LALHOU-HOU.csv
 create mode 100644 NBA/data/prices/KXNBAGAME-26MAR18LALHOU-LAL.csv
 create mode 100644 NBA/data/prices/KXNBAGAME-26MAR18OKCBKN-BKN.csv
 create mode 100644 NBA/data/prices/KXNBAGAME-26MAR18OKCBKN-OKC.csv
 create mode 100644 NBA/data/prices/KXNBAGAME-26MAR18PORIND-IND.csv
 create mode 100644 NBA/data/prices/KXNBAGAME-26MAR18PORIND-POR.csv
 create mode 100644 NBA/data/prices/KXNBAGAME-26MAR18TORCHI-CHI.csv
 create mode 100644 NBA/data/prices/KXNBAGAME-26MAR18TORCHI-TOR.csv
 create mode 100644 NBA/data/prices/KXNBAGAME-26MAR18UTAMIN-MIN.csv
 create mode 100644 NBA/data/prices/KXNBAGAME-26MAR18UTAMIN-UTA.csv
 create mode 100644 NBA/data/trades/TRADES_KXNBAGAME-26MAR18ATLDAL-ATL.csv
 create mode 100644 NBA/data/trades/TRADES_KXNBAGAME-26MAR18ATLDAL-DAL.csv
 create mode 100644 NBA/data/trades/TRADES_KXNBAGAME-26MAR18DENMEM-DEN.csv
 create mode 100644 NBA/data/trades/TRADES_KXNBAGAME-26MAR18DENMEM-MEM.csv
 create mode 100644 NBA/data/trades/TRADES_KXNBAGAME-26MAR18GSWBOS-BOS.csv
 create mode 100644 NBA/data/trades/TRADES_KXNBAGAME-26MAR18GSWBOS-GSW.csv
 create mode 100644 NBA/data/trades/TRADES_KXNBAGAME-26MAR18LACNOP-LAC.csv
 create mode 100644 NBA/data/trades/TRADES_KXNBAGAME-26MAR18LACNOP-NOP.csv
 create mode 100644 NBA/data/trades/TRADES_KXNBAGAME-26MAR18LALHOU-HOU.csv
 create mode 100644 NBA/data/trades/TRADES_KXNBAGAME-26MAR18LALHOU-LAL.csv
 create mode 100644 NBA/data/trades/TRADES_KXNBAGAME-26MAR18OKCBKN-BKN.csv
 create mode 100644 NBA/data/trades/TRADES_KXNBAGAME-26MAR18OKCBKN-OKC.csv
 create mode 100644 NBA/data/trades/TRADES_KXNBAGAME-26MAR18PORIND-IND.csv
 create mode 100644 NBA/data/trades/TRADES_KXNBAGAME-26MAR18PORIND-POR.csv
 create mode 100644 NBA/data/trades/TRADES_KXNBAGAME-26MAR18TORCHI-CHI.csv
 create mode 100644 NBA/data/trades/TRADES_KXNBAGAME-26MAR18TORCHI-TOR.csv
 create mode 100644 NBA/data/trades/TRADES_KXNBAGAME-26MAR18UTAMIN-MIN.csv
 create mode 100644 NBA/data/trades/TRADES_KXNBAGAME-26MAR18UTAMIN-UTA.csv
Already up to date.
[main f30d2ec] Auto-sync: 2026-03-20 06:00:06
 40 files changed, 406216 insertions(+), 221934 deletions(-)
 create mode 100644 NBA/data/prices/KXNBAGAME-26MAR19CLECHI-CHI.csv
 create mode 100644 NBA/data/prices/KXNBAGAME-26MAR19CLECHI-CLE.csv
 create mode 100644 NBA/data/prices/KXNBAGAME-26MAR19DETWAS-DET.csv
 create mode 100644 NBA/data/prices/KXNBAGAME-26MAR19DETWAS-WAS.csv
 create mode 100644 NBA/data/prices/KXNBAGAME-26MAR19LACNOP-LAC.csv
 create mode 100644 NBA/data/prices/KXNBAGAME-26MAR19LACNOP-NOP.csv
 create mode 100644 NBA/data/prices/KXNBAGAME-26MAR19LALMIA-LAL.csv
 create mode 100644 NBA/data/prices/KXNBAGAME-26MAR19LALMIA-MIA.csv
 create mode 100644 NBA/data/prices/KXNBAGAME-26MAR19MILUTA-MIL.csv
 create mode 100644 NBA/data/prices/KXNBAGAME-26MAR19MILUTA-UTA.csv
 create mode 100644 NBA/data/prices/KXNBAGAME-26MAR19ORLCHA-CHA.csv
 create mode 100644 NBA/data/prices/KXNBAGAME-26MAR19ORLCHA-ORL.csv
 create mode 100644 NBA/data/prices/KXNBAGAME-26MAR19PHISAC-PHI.csv
 create mode 100644 NBA/data/prices/KXNBAGAME-26MAR19PHISAC-SAC.csv
 create mode 100644 NBA/data/prices/KXNBAGAME-26MAR19PHXSAS-PHX.csv
 create mode 100644 NBA/data/prices/KXNBAGAME-26MAR19PHXSAS-SAS.csv
 create mode 100644 NBA/data/trades/TRADES_KXNBAGAME-26MAR19CLECHI-CHI.csv
 create mode 100644 NBA/data/trades/TRADES_KXNBAGAME-26MAR19CLECHI-CLE.csv
 create mode 100644 NBA/data/trades/TRADES_KXNBAGAME-26MAR19DETWAS-DET.csv
 create mode 100644 NBA/data/trades/TRADES_KXNBAGAME-26MAR19DETWAS-WAS.csv
 create mode 100644 NBA/data/trades/TRADES_KXNBAGAME-26MAR19LACNOP-LAC.csv
 create mode 100644 NBA/data/trades/TRADES_KXNBAGAME-26MAR19LACNOP-NOP.csv
 create mode 100644 NBA/data/trades/TRADES_KXNBAGAME-26MAR19LALMIA-LAL.csv
 create mode 100644 NBA/data/trades/TRADES_KXNBAGAME-26MAR19LALMIA-MIA.csv
 create mode 100644 NBA/data/trades/TRADES_KXNBAGAME-26MAR19MILUTA-MIL.csv
 create mode 100644 NBA/data/trades/TRADES_KXNBAGAME-26MAR19MILUTA-UTA.csv
 create mode 100644 NBA/data/trades/TRADES_KXNBAGAME-26MAR19ORLCHA-CHA.csv
 create mode 100644 NBA/data/trades/TRADES_KXNBAGAME-26MAR19ORLCHA-ORL.csv
 create mode 100644 NBA/data/trades/TRADES_KXNBAGAME-26MAR19PHISAC-PHI.csv
 create mode 100644 NBA/data/trades/TRADES_KXNBAGAME-26MAR19PHISAC-SAC.csv
 create mode 100644 NBA/data/trades/TRADES_KXNBAGAME-26MAR19PHXSAS-PHX.csv
 create mode 100644 NBA/data/trades/TRADES_KXNBAGAME-26MAR19PHXSAS-SAS.csv
Already up to date.
[main bec92ed] Auto-sync: 2026-03-21 06:00:09
 469 files changed, 5680394 insertions(+)
 create mode 100644 KXBUNDESLIGAGAME/depth/DEPTH_KXBUNDESLIGAGAME-26MAR20RBLTSG-RBL.csv
 create mode 100644 KXBUNDESLIGAGAME/depth/DEPTH_KXBUNDESLIGAGAME-26MAR20RBLTSG-TIE.csv
 create mode 100644 KXBUNDESLIGAGAME/depth/DEPTH_KXBUNDESLIGAGAME-26MAR20RBLTSG-TSG.csv
 create mode 100644 KXBUNDESLIGAGAME/prices/KXBUNDESLIGAGAME-26MAR20RBLTSG-RBL.csv
 create mode 100644 KXBUNDESLIGAGAME/prices/KXBUNDESLIGAGAME-26MAR20RBLTSG-TIE.csv
 create mode 100644 KXBUNDESLIGAGAME/prices/KXBUNDESLIGAGAME-26MAR20RBLTSG-TSG.csv
 create mode 100644 KXBUNDESLIGAGAME/trades/TRADES_KXBUNDESLIGAGAME-26MAR20RBLTSG-RBL.csv
 create mode 100644 KXBUNDESLIGAGAME/trades/TRADES_KXBUNDESLIGAGAME-26MAR20RBLTSG-TIE.csv
 create mode 100644 KXBUNDESLIGAGAME/trades/TRADES_KXBUNDESLIGAGAME-26MAR20RBLTSG-TSG.csv
 create mode 100644 KXEFLCHAMPIONSHIPGAME/depth/DEPTH_KXEFLCHAMPIONSHIPGAME-26MAR20PNESTK-PNE.csv
 create mode 100644 KXEFLCHAMPIONSHIPGAME/depth/DEPTH_KXEFLCHAMPIONSHIPGAME-26MAR20PNESTK-STK.csv
 create mode 100644 KXEFLCHAMPIONSHIPGAME/depth/DEPTH_KXEFLCHAMPIONSHIPGAME-26MAR20PNESTK-TIE.csv
 create mode 100644 KXEFLCHAMPIONSHIPGAME/prices/KXEFLCHAMPIONSHIPGAME-26MAR20PNESTK-PNE.csv
 create mode 100644 KXEFLCHAMPIONSHIPGAME/prices/KXEFLCHAMPIONSHIPGAME-26MAR20PNESTK-STK.csv
 create mode 100644 KXEFLCHAMPIONSHIPGAME/prices/KXEFLCHAMPIONSHIPGAME-26MAR20PNESTK-TIE.csv
 create mode 100644 KXEFLCHAMPIONSHIPGAME/trades/TRADES_KXEFLCHAMPIONSHIPGAME-26MAR20PNESTK-PNE.csv
 create mode 100644 KXEFLCHAMPIONSHIPGAME/trades/TRADES_KXEFLCHAMPIONSHIPGAME-26MAR20PNESTK-STK.csv
 create mode 100644 KXEFLCHAMPIONSHIPGAME/trades/TRADES_KXEFLCHAMPIONSHIPGAME-26MAR20PNESTK-TIE.csv
 create mode 100644 KXEPLGAME/depth/DEPTH_KXEPLGAME-26MAR20BOUMUN-BOU.csv
 create mode 100644 KXEPLGAME/depth/DEPTH_KXEPLGAME-26MAR20BOUMUN-MUN.csv
 create mode 100644 KXEPLGAME/depth/DEPTH_KXEPLGAME-26MAR20BOUMUN-TIE.csv
 create mode 100644 KXEPLGAME/prices/KXEPLGAME-26MAR20BOUMUN-BOU.csv
 create mode 100644 KXEPLGAME/prices/KXEPLGAME-26MAR20BOUMUN-MUN.csv
 create mode 100644 KXEPLGAME/prices/KXEPLGAME-26MAR20BOUMUN-TIE.csv
 create mode 100644 KXEPLGAME/trades/TRADES_KXEPLGAME-26MAR20BOUMUN-BOU.csv
 create mode 100644 KXEPLGAME/trades/TRADES_KXEPLGAME-26MAR20BOUMUN-MUN.csv
 create mode 100644 KXEPLGAME/trades/TRADES_KXEPLGAME-26MAR20BOUMUN-TIE.csv
 create mode 100644 KXLALIGAGAME/depth/DEPTH_KXLALIGAGAME-26MAR20VILRSO-RSO.csv
 create mode 100644 KXLALIGAGAME/depth/DEPTH_KXLALIGAGAME-26MAR20VILRSO-TIE.csv
 create mode 100644 KXLALIGAGAME/depth/DEPTH_KXLALIGAGAME-26MAR20VILRSO-VIL.csv
 create mode 100644 KXLALIGAGAME/prices/KXLALIGAGAME-26MAR20VILRSO-RSO.csv
 create mode 100644 KXLALIGAGAME/prices/KXLALIGAGAME-26MAR20VILRSO-TIE.csv
 create mode 100644 KXLALIGAGAME/prices/KXLALIGAGAME-26MAR20VILRSO-VIL.csv
 create mode 100644 KXLALIGAGAME/trades/TRADES_KXLALIGAGAME-26MAR20VILRSO-RSO.csv
 create mode 100644 KXLALIGAGAME/trades/TRADES_KXLALIGAGAME-26MAR20VILRSO-TIE.csv
 create mode 100644 KXLALIGAGAME/trades/TRADES_KXLALIGAGAME-26MAR20VILRSO-VIL.csv
 create mode 100644 KXLIGAMXGAME/depth/DEPTH_KXLIGAMXGAME-26MAR20MAZCRA-CRA.csv
 create mode 100644 KXLIGAMXGAME/depth/DEPTH_KXLIGAMXGAME-26MAR20MAZCRA-MAZ.csv
 create mode 100644 KXLIGAMXGAME/depth/DEPTH_KXLIGAMXGAME-26MAR20MAZCRA-TIE.csv
 create mode 100644 KXLIGAMXGAME/depth/DEPTH_KXLIGAMXGAME-26MAR20NCXTIJ-NCX.csv
 create mode 100644 KXLIGAMXGAME/depth/DEPTH_KXLIGAMXGAME-26MAR20NCXTIJ-TIE.csv
 create mode 100644 KXLIGAMXGAME/depth/DEPTH_KXLIGAMXGAME-26MAR20NCXTIJ-TIJ.csv
 create mode 100644 KXLIGAMXGAME/prices/KXLIGAMXGAME-26MAR20MAZCRA-CRA.csv
 create mode 100644 KXLIGAMXGAME/prices/KXLIGAMXGAME-26MAR20MAZCRA-MAZ.csv
 create mode 100644 KXLIGAMXGAME/prices/KXLIGAMXGAME-26MAR20MAZCRA-TIE.csv
 create mode 100644 KXLIGAMXGAME/prices/KXLIGAMXGAME-26MAR20NCXTIJ-NCX.csv
 create mode 100644 KXLIGAMXGAME/prices/KXLIGAMXGAME-26MAR20NCXTIJ-TIE.csv
 create mode 100644 KXLIGAMXGAME/prices/KXLIGAMXGAME-26MAR20NCXTIJ-TIJ.csv
 create mode 100644 KXLIGAMXGAME/trades/TRADES_KXLIGAMXGAME-26MAR20MAZCRA-CRA.csv
 create mode 100644 KXLIGAMXGAME/trades/TRADES_KXLIGAMXGAME-26MAR20MAZCRA-MAZ.csv
 create mode 100644 KXLIGAMXGAME/trades/TRADES_KXLIGAMXGAME-26MAR20MAZCRA-TIE.csv
 create mode 100644 KXLIGAMXGAME/trades/TRADES_KXLIGAMXGAME-26MAR20NCXTIJ-NCX.csv
 create mode 100644 KXLIGAMXGAME/trades/TRADES_KXLIGAMXGAME-26MAR20NCXTIJ-TIE.csv
 create mode 100644 KXLIGAMXGAME/trades/TRADES_KXLIGAMXGAME-26MAR20NCXTIJ-TIJ.csv
 create mode 100644 KXLIGUE1GAME/depth/DEPTH_KXLIGUE1GAME-26MAR20RCLANG-ANG.csv
 create mode 100644 KXLIGUE1GAME/depth/DEPTH_KXLIGUE1GAME-26MAR20RCLANG-RCL.csv
 create mode 100644 KXLIGUE1GAME/depth/DEPTH_KXLIGUE1GAME-26MAR20RCLANG-TIE.csv
 create mode 100644 KXLIGUE1GAME/prices/KXLIGUE1GAME-26MAR20RCLANG-ANG.csv
 create mode 100644 KXLIGUE1GAME/prices/KXLIGUE1GAME-26MAR20RCLANG-RCL.csv
 create mode 100644 KXLIGUE1GAME/prices/KXLIGUE1GAME-26MAR20RCLANG-TIE.csv
 create mode 100644 KXLIGUE1GAME/trades/TRADES_KXLIGUE1GAME-26MAR20RCLANG-ANG.csv
 create mode 100644 KXLIGUE1GAME/trades/TRADES_KXLIGUE1GAME-26MAR20RCLANG-RCL.csv
 create mode 100644 KXLIGUE1GAME/trades/TRADES_KXLIGUE1GAME-26MAR20RCLANG-TIE.csv
 create mode 100644 KXMLBSTGAME/depth/DEPTH_KXMLBSTGAME-26MAR201305BOSTB-BOS.csv
 create mode 100644 KXMLBSTGAME/depth/DEPTH_KXMLBSTGAME-26MAR201305BOSTB-TB.csv
 create mode 100644 KXMLBSTGAME/depth/DEPTH_KXMLBSTGAME-26MAR201305DETPHI-DET.csv
 create mode 100644 KXMLBSTGAME/depth/DEPTH_KXMLBSTGAME-26MAR201305DETPHI-PHI.csv
 create mode 100644 KXMLBSTGAME/depth/DEPTH_KXMLBSTGAME-26MAR201305TORMIN-MIN.csv
 create mode 100644 KXMLBSTGAME/depth/DEPTH_KXMLBSTGAME-26MAR201305TORMIN-TOR.csv
 create mode 100644 KXMLBSTGAME/depth/DEPTH_KXMLBSTGAME-26MAR201310STLNYM-NYM.csv
 create mode 100644 KXMLBSTGAME/depth/DEPTH_KXMLBSTGAME-26MAR201310STLNYM-STL.csv
 create mode 100644 KXMLBSTGAME/depth/DEPTH_KXMLBSTGAME-26MAR201510CWSLAA-CWS.csv
 create mode 100644 KXMLBSTGAME/depth/DEPTH_KXMLBSTGAME-26MAR201510CWSLAA-LAA.csv
 create mode 100644 KXMLBSTGAME/depth/DEPTH_KXMLBSTGAME-26MAR201805MIAHOU-HOU.csv
 create mode 100644 KXMLBSTGAME/depth/DEPTH_KXMLBSTGAME-26MAR201805MIAHOU-MIA.csv
 create mode 100644 KXMLBSTGAME/depth/DEPTH_KXMLBSTGAME-26MAR201805PITATL-ATL.csv
 create mode 100644 KXMLBSTGAME/depth/DEPTH_KXMLBSTGAME-26MAR201805PITATL-PIT.csv
 create mode 100644 KXMLBSTGAME/depth/DEPTH_KXMLBSTGAME-26MAR201835BALNYY-BAL.csv
 create mode 100644 KXMLBSTGAME/depth/DEPTH_KXMLBSTGAME-26MAR201835BALNYY-NYY.csv
 create mode 100644 KXMLBSTGAME/depth/DEPTH_KXMLBSTGAME-26MAR201910WSHMIA-MIA.csv
 create mode 100644 KXMLBSTGAME/depth/DEPTH_KXMLBSTGAME-26MAR201910WSHMIA-WSH.csv
 create mode 100644 KXMLBSTGAME/depth/DEPTH_KXMLBSTGAME-26MAR202005KCSF-KC.csv
 create mode 100644 KXMLBSTGAME/depth/DEPTH_KXMLBSTGAME-26MAR202005KCSF-SF.csv
 create mode 100644 KXMLBSTGAME/depth/DEPTH_KXMLBSTGAME-26MAR202105CINCHC-CHC.csv
 create mode 100644 KXMLBSTGAME/depth/DEPTH_KXMLBSTGAME-26MAR202105CINCHC-CIN.csv
 create mode 100644 KXMLBSTGAME/depth/DEPTH_KXMLBSTGAME-26MAR202105SDLAD-LAD.csv
 create mode 100644 KXMLBSTGAME/depth/DEPTH_KXMLBSTGAME-26MAR202105SDLAD-SD.csv
 create mode 100644 KXMLBSTGAME/depth/DEPTH_KXMLBSTGAME-26MAR202105SEACLE-CLE.csv
 create mode 100644 KXMLBSTGAME/depth/DEPTH_KXMLBSTGAME-26MAR202105SEACLE-SEA.csv
 create mode 100644 KXMLBSTGAME/depth/DEPTH_KXMLBSTGAME-26MAR202105SFTEXG2-SF.csv
 create mode 100644 KXMLBSTGAME/depth/DEPTH_KXMLBSTGAME-26MAR202105SFTEXG2-TEX.csv
 create mode 100644 KXMLBSTGAME/depth/DEPTH_KXMLBSTGAME-26MAR202110CHCATH-ATH.csv
 create mode 100644 KXMLBSTGAME/depth/DEPTH_KXMLBSTGAME-26MAR202110CHCATH-CHC.csv
 create mode 100644 KXMLBSTGAME/depth/DEPTH_KXMLBSTGAME-26MAR202110COLSD-COL.csv
 create mode 100644 KXMLBSTGAME/depth/DEPTH_KXMLBSTGAME-26MAR202110COLSD-SD.csv
 create mode 100644 KXMLBSTGAME/depth/DEPTH_KXMLBSTGAME-26MAR202110MILAZ-AZ.csv
 create mode 100644 KXMLBSTGAME/depth/DEPTH_KXMLBSTGAME-26MAR202110MILAZ-MIL.csv
 create mode 100644 KXMLBSTGAME/prices/KXMLBSTGAME-26MAR201305BOSTB-BOS.csv
 create mode 100644 KXMLBSTGAME/prices/KXMLBSTGAME-26MAR201305BOSTB-TB.csv
 create mode 100644 KXMLBSTGAME/prices/KXMLBSTGAME-26MAR201305DETPHI-DET.csv
 create mode 100644 KXMLBSTGAME/prices/KXMLBSTGAME-26MAR201305DETPHI-PHI.csv
 create mode 100644 KXMLBSTGAME/prices/KXMLBSTGAME-26MAR201305TORMIN-MIN.csv
 create mode 100644 KXMLBSTGAME/prices/KXMLBSTGAME-26MAR201305TORMIN-TOR.csv
 create mode 100644 KXMLBSTGAME/prices/KXMLBSTGAME-26MAR201310STLNYM-NYM.csv
 create mode 100644 KXMLBSTGAME/prices/KXMLBSTGAME-26MAR201310STLNYM-STL.csv
 create mode 100644 KXMLBSTGAME/prices/KXMLBSTGAME-26MAR201510CWSLAA-CWS.csv
 create mode 100644 KXMLBSTGAME/prices/KXMLBSTGAME-26MAR201510CWSLAA-LAA.csv
 create mode 100644 KXMLBSTGAME/prices/KXMLBSTGAME-26MAR201805MIAHOU-HOU.csv
 create mode 100644 KXMLBSTGAME/prices/KXMLBSTGAME-26MAR201805MIAHOU-MIA.csv
 create mode 100644 KXMLBSTGAME/prices/KXMLBSTGAME-26MAR201805PITATL-ATL.csv
 create mode 100644 KXMLBSTGAME/prices/KXMLBSTGAME-26MAR201805PITATL-PIT.csv
 create mode 100644 KXMLBSTGAME/prices/KXMLBSTGAME-26MAR201835BALNYY-BAL.csv
 create mode 100644 KXMLBSTGAME/prices/KXMLBSTGAME-26MAR201835BALNYY-NYY.csv
 create mode 100644 KXMLBSTGAME/prices/KXMLBSTGAME-26MAR201910WSHMIA-MIA.csv
 create mode 100644 KXMLBSTGAME/prices/KXMLBSTGAME-26MAR201910WSHMIA-WSH.csv
 create mode 100644 KXMLBSTGAME/prices/KXMLBSTGAME-26MAR202005KCSF-KC.csv
 create mode 100644 KXMLBSTGAME/prices/KXMLBSTGAME-26MAR202005KCSF-SF.csv
 create mode 100644 KXMLBSTGAME/prices/KXMLBSTGAME-26MAR202105CINCHC-CHC.csv
 create mode 100644 KXMLBSTGAME/prices/KXMLBSTGAME-26MAR202105CINCHC-CIN.csv
 create mode 100644 KXMLBSTGAME/prices/KXMLBSTGAME-26MAR202105SDLAD-LAD.csv
 create mode 100644 KXMLBSTGAME/prices/KXMLBSTGAME-26MAR202105SDLAD-SD.csv
 create mode 100644 KXMLBSTGAME/prices/KXMLBSTGAME-26MAR202105SEACLE-CLE.csv
 create mode 100644 KXMLBSTGAME/prices/KXMLBSTGAME-26MAR202105SEACLE-SEA.csv
 create mode 100644 KXMLBSTGAME/prices/KXMLBSTGAME-26MAR202105SFTEXG2-SF.csv
 create mode 100644 KXMLBSTGAME/prices/KXMLBSTGAME-26MAR202105SFTEXG2-TEX.csv
 create mode 100644 KXMLBSTGAME/prices/KXMLBSTGAME-26MAR202110CHCATH-ATH.csv
 create mode 100644 KXMLBSTGAME/prices/KXMLBSTGAME-26MAR202110CHCATH-CHC.csv
 create mode 100644 KXMLBSTGAME/prices/KXMLBSTGAME-26MAR202110COLSD-COL.csv
 create mode 100644 KXMLBSTGAME/prices/KXMLBSTGAME-26MAR202110COLSD-SD.csv
 create mode 100644 KXMLBSTGAME/prices/KXMLBSTGAME-26MAR202110MILAZ-AZ.csv
 create mode 100644 KXMLBSTGAME/prices/KXMLBSTGAME-26MAR202110MILAZ-MIL.csv
 create mode 100644 KXMLBSTGAME/trades/TRADES_KXMLBSTGAME-26MAR201305BOSTB-BOS.csv
 create mode 100644 KXMLBSTGAME/trades/TRADES_KXMLBSTGAME-26MAR201305BOSTB-TB.csv
 create mode 100644 KXMLBSTGAME/trades/TRADES_KXMLBSTGAME-26MAR201305DETPHI-DET.csv
 create mode 100644 KXMLBSTGAME/trades/TRADES_KXMLBSTGAME-26MAR201305DETPHI-PHI.csv
 create mode 100644 KXMLBSTGAME/trades/TRADES_KXMLBSTGAME-26MAR201305TORMIN-MIN.csv
 create mode 100644 KXMLBSTGAME/trades/TRADES_KXMLBSTGAME-26MAR201305TORMIN-TOR.csv
 create mode 100644 KXMLBSTGAME/trades/TRADES_KXMLBSTGAME-26MAR201310STLNYM-NYM.csv
 create mode 100644 KXMLBSTGAME/trades/TRADES_KXMLBSTGAME-26MAR201310STLNYM-STL.csv
 create mode 100644 KXMLBSTGAME/trades/TRADES_KXMLBSTGAME-26MAR201510CWSLAA-CWS.csv
 create mode 100644 KXMLBSTGAME/trades/TRADES_KXMLBSTGAME-26MAR201510CWSLAA-LAA.csv
 create mode 100644 KXMLBSTGAME/trades/TRADES_KXMLBSTGAME-26MAR201805MIAHOU-HOU.csv
 create mode 100644 KXMLBSTGAME/trades/TRADES_KXMLBSTGAME-26MAR201805MIAHOU-MIA.csv
 create mode 100644 KXMLBSTGAME/trades/TRADES_KXMLBSTGAME-26MAR201805PITATL-ATL.csv
 create mode 100644 KXMLBSTGAME/trades/TRADES_KXMLBSTGAME-26MAR201805PITATL-PIT.csv
 create mode 100644 KXMLBSTGAME/trades/TRADES_KXMLBSTGAME-26MAR201835BALNYY-BAL.csv
 create mode 100644 KXMLBSTGAME/trades/TRADES_KXMLBSTGAME-26MAR201835BALNYY-NYY.csv
 create mode 100644 KXMLBSTGAME/trades/TRADES_KXMLBSTGAME-26MAR201910WSHMIA-MIA.csv
 create mode 100644 KXMLBSTGAME/trades/TRADES_KXMLBSTGAME-26MAR201910WSHMIA-WSH.csv
 create mode 100644 KXMLBSTGAME/trades/TRADES_KXMLBSTGAME-26MAR202005KCSF-KC.csv
 create mode 100644 KXMLBSTGAME/trades/TRADES_KXMLBSTGAME-26MAR202005KCSF-SF.csv
 create mode 100644 KXMLBSTGAME/trades/TRADES_KXMLBSTGAME-26MAR202105CINCHC-CHC.csv
 create mode 100644 KXMLBSTGAME/trades/TRADES_KXMLBSTGAME-26MAR202105CINCHC-CIN.csv
 create mode 100644 KXMLBSTGAME/trades/TRADES_KXMLBSTGAME-26MAR202105SDLAD-LAD.csv
 create mode 100644 KXMLBSTGAME/trades/TRADES_KXMLBSTGAME-26MAR202105SDLAD-SD.csv
 create mode 100644 KXMLBSTGAME/trades/TRADES_KXMLBSTGAME-26MAR202105SEACLE-CLE.csv
 create mode 100644 KXMLBSTGAME/trades/TRADES_KXMLBSTGAME-26MAR202105SEACLE-SEA.csv
 create mode 100644 KXMLBSTGAME/trades/TRADES_KXMLBSTGAME-26MAR202105SFTEXG2-SF.csv
 create mode 100644 KXMLBSTGAME/trades/TRADES_KXMLBSTGAME-26MAR202105SFTEXG2-TEX.csv
 create mode 100644 KXMLBSTGAME/trades/TRADES_KXMLBSTGAME-26MAR202110CHCATH-ATH.csv
 create mode 100644 KXMLBSTGAME/trades/TRADES_KXMLBSTGAME-26MAR202110CHCATH-CHC.csv
 create mode 100644 KXMLBSTGAME/trades/TRADES_KXMLBSTGAME-26MAR202110COLSD-COL.csv
 create mode 100644 KXMLBSTGAME/trades/TRADES_KXMLBSTGAME-26MAR202110COLSD-SD.csv
 create mode 100644 KXMLBSTGAME/trades/TRADES_KXMLBSTGAME-26MAR202110MILAZ-AZ.csv
 create mode 100644 KXMLBSTGAME/trades/TRADES_KXMLBSTGAME-26MAR202110MILAZ-MIL.csv
 create mode 100644 KXNBAGAME/depth/DEPTH_KXNBAGAME-26MAR20ATLHOU-ATL.csv
 create mode 100644 KXNBAGAME/depth/DEPTH_KXNBAGAME-26MAR20ATLHOU-HOU.csv
 create mode 100644 KXNBAGAME/depth/DEPTH_KXNBAGAME-26MAR20BOSMEM-BOS.csv
 create mode 100644 KXNBAGAME/depth/DEPTH_KXNBAGAME-26MAR20BOSMEM-MEM.csv
 create mode 100644 KXNBAGAME/depth/DEPTH_KXNBAGAME-26MAR20GSWDET-DET.csv
 create mode 100644 KXNBAGAME/depth/DEPTH_KXNBAGAME-26MAR20GSWDET-GSW.csv
 create mode 100644 KXNBAGAME/depth/DEPTH_KXNBAGAME-26MAR20NYKBKN-BKN.csv
 create mode 100644 KXNBAGAME/depth/DEPTH_KXNBAGAME-26MAR20NYKBKN-NYK.csv
 create mode 100644 KXNBAGAME/depth/DEPTH_KXNBAGAME-26MAR20PORMIN-MIN.csv
 create mode 100644 KXNBAGAME/depth/DEPTH_KXNBAGAME-26MAR20PORMIN-POR.csv
 create mode 100644 KXNBAGAME/depth/DEPTH_KXNBAGAME-26MAR20TORDEN-DEN.csv
 create mode 100644 KXNBAGAME/depth/DEPTH_KXNBAGAME-26MAR20TORDEN-TOR.csv
 create mode 100644 KXNBAGAME/prices/KXNBAGAME-26MAR20ATLHOU-ATL.csv
 create mode 100644 KXNBAGAME/prices/KXNBAGAME-26MAR20ATLHOU-HOU.csv
 create mode 100644 KXNBAGAME/prices/KXNBAGAME-26MAR20BOSMEM-BOS.csv
 create mode 100644 KXNBAGAME/prices/KXNBAGAME-26MAR20BOSMEM-MEM.csv
 create mode 100644 KXNBAGAME/prices/KXNBAGAME-26MAR20GSWDET-DET.csv
 create mode 100644 KXNBAGAME/prices/KXNBAGAME-26MAR20GSWDET-GSW.csv
 create mode 100644 KXNBAGAME/prices/KXNBAGAME-26MAR20NYKBKN-BKN.csv
 create mode 100644 KXNBAGAME/prices/KXNBAGAME-26MAR20NYKBKN-NYK.csv
 create mode 100644 KXNBAGAME/prices/KXNBAGAME-26MAR20PORMIN-MIN.csv
 create mode 100644 KXNBAGAME/prices/KXNBAGAME-26MAR20PORMIN-POR.csv
 create mode 100644 KXNBAGAME/prices/KXNBAGAME-26MAR20TORDEN-DEN.csv
 create mode 100644 KXNBAGAME/prices/KXNBAGAME-26MAR20TORDEN-TOR.csv
 create mode 100644 KXNBAGAME/trades/TRADES_KXNBAGAME-26MAR20ATLHOU-ATL.csv
 create mode 100644 KXNBAGAME/trades/TRADES_KXNBAGAME-26MAR20ATLHOU-HOU.csv
 create mode 100644 KXNBAGAME/trades/TRADES_KXNBAGAME-26MAR20BOSMEM-BOS.csv
 create mode 100644 KXNBAGAME/trades/TRADES_KXNBAGAME-26MAR20BOSMEM-MEM.csv
 create mode 100644 KXNBAGAME/trades/TRADES_KXNBAGAME-26MAR20GSWDET-DET.csv
 create mode 100644 KXNBAGAME/trades/TRADES_KXNBAGAME-26MAR20GSWDET-GSW.csv
 create mode 100644 KXNBAGAME/trades/TRADES_KXNBAGAME-26MAR20NYKBKN-BKN.csv
 create mode 100644 KXNBAGAME/trades/TRADES_KXNBAGAME-26MAR20NYKBKN-NYK.csv
 create mode 100644 KXNBAGAME/trades/TRADES_KXNBAGAME-26MAR20PORMIN-MIN.csv
 create mode 100644 KXNBAGAME/trades/TRADES_KXNBAGAME-26MAR20PORMIN-POR.csv
 create mode 100644 KXNBAGAME/trades/TRADES_KXNBAGAME-26MAR20TORDEN-DEN.csv
 create mode 100644 KXNBAGAME/trades/TRADES_KXNBAGAME-26MAR20TORDEN-TOR.csv
 create mode 100644 KXNCAAMBGAME/depth/DEPTH_KXNCAAMBGAME-26MAR20AKRTTU-AKR.csv
 create mode 100644 KXNCAAMBGAME/depth/DEPTH_KXNCAAMBGAME-26MAR20AKRTTU-TTU.csv
 create mode 100644 KXNCAAMBGAME/depth/DEPTH_KXNCAAMBGAME-26MAR20CBUKU-CBU.csv
 create mode 100644 KXNCAAMBGAME/depth/DEPTH_KXNCAAMBGAME-26MAR20CBUKU-KU.csv
 create mode 100644 KXNCAAMBGAME/depth/DEPTH_KXNCAAMBGAME-26MAR20FURCONN-CONN.csv
 create mode 100644 KXNCAAMBGAME/depth/DEPTH_KXNCAAMBGAME-26MAR20FURCONN-FUR.csv
 create mode 100644 KXNCAAMBGAME/depth/DEPTH_KXNCAAMBGAME-26MAR20HOFALA-ALA.csv
 create mode 100644 KXNCAAMBGAME/depth/DEPTH_KXNCAAMBGAME-26MAR20HOFALA-HOF.csv
 create mode 100644 KXNCAAMBGAME/depth/DEPTH_KXNCAAMBGAME-26MAR20IOWACLEM-CLEM.csv
 create mode 100644 KXNCAAMBGAME/depth/DEPTH_KXNCAAMBGAME-26MAR20IOWACLEM-IOWA.csv
 create mode 100644 KXNCAAMBGAME/depth/DEPTH_KXNCAAMBGAME-26MAR20LIUARIZ-ARIZ.csv
 create mode 100644 KXNCAAMBGAME/depth/DEPTH_KXNCAAMBGAME-26MAR20LIUARIZ-LIU.csv
 create mode 100644 KXNCAAMBGAME/depth/DEPTH_KXNCAAMBGAME-26MAR20MIZZMIA-MIA.csv
 create mode 100644 KXNCAAMBGAME/depth/DEPTH_KXNCAAMBGAME-26MAR20MIZZMIA-MIZZ.csv
 create mode 100644 KXNCAAMBGAME/depth/DEPTH_KXNCAAMBGAME-26MAR20MOHTENN-MOH.csv
 create mode 100644 KXNCAAMBGAME/depth/DEPTH_KXNCAAMBGAME-26MAR20MOHTENN-TENN.csv
 create mode 100644 KXNCAAMBGAME/depth/DEPTH_KXNCAAMBGAME-26MAR20PVFLA-FLA.csv
 create mode 100644 KXNCAAMBGAME/depth/DEPTH_KXNCAAMBGAME-26MAR20PVFLA-PV.csv
 create mode 100644 KXNCAAMBGAME/depth/DEPTH_KXNCAAMBGAME-26MAR20QUCPUR-PUR.csv
 create mode 100644 KXNCAAMBGAME/depth/DEPTH_KXNCAAMBGAME-26MAR20QUCPUR-QUC.csv
 create mode 100644 KXNCAAMBGAME/depth/DEPTH_KXNCAAMBGAME-26MAR20SCUUK-SCU.csv
 create mode 100644 KXNCAAMBGAME/depth/DEPTH_KXNCAAMBGAME-26MAR20SCUUK-UK.csv
 create mode 100644 KXNCAAMBGAME/depth/DEPTH_KXNCAAMBGAME-26MAR20TNSTISU-ISU.csv
 create mode 100644 KXNCAAMBGAME/depth/DEPTH_KXNCAAMBGAME-26MAR20TNSTISU-TNST.csv
 create mode 100644 KXNCAAMBGAME/depth/DEPTH_KXNCAAMBGAME-26MAR20UCFUCLA-UCF.csv
 create mode 100644 KXNCAAMBGAME/depth/DEPTH_KXNCAAMBGAME-26MAR20UCFUCLA-UCLA.csv
 create mode 100644 KXNCAAMBGAME/depth/DEPTH_KXNCAAMBGAME-26MAR20UNISJU-SJU.csv
 create mode 100644 KXNCAAMBGAME/depth/DEPTH_KXNCAAMBGAME-26MAR20UNISJU-UNI.csv
 create mode 100644 KXNCAAMBGAME/depth/DEPTH_KXNCAAMBGAME-26MAR20USUVILL-USU.csv
 create mode 100644 KXNCAAMBGAME/depth/DEPTH_KXNCAAMBGAME-26MAR20USUVILL-VILL.csv
 create mode 100644 KXNCAAMBGAME/depth/DEPTH_KXNCAAMBGAME-26MAR20WRSTUVA-UVA.csv
 create mode 100644 KXNCAAMBGAME/depth/DEPTH_KXNCAAMBGAME-26MAR20WRSTUVA-WRST.csv
 create mode 100644 KXNCAAMBGAME/prices/KXNCAAMBGAME-26MAR20AKRTTU-AKR.csv
 create mode 100644 KXNCAAMBGAME/prices/KXNCAAMBGAME-26MAR20AKRTTU-TTU.csv
 create mode 100644 KXNCAAMBGAME/prices/KXNCAAMBGAME-26MAR20CBUKU-CBU.csv
 create mode 100644 KXNCAAMBGAME/prices/KXNCAAMBGAME-26MAR20CBUKU-KU.csv
 create mode 100644 KXNCAAMBGAME/prices/KXNCAAMBGAME-26MAR20FURCONN-CONN.csv
 create mode 100644 KXNCAAMBGAME/prices/KXNCAAMBGAME-26MAR20FURCONN-FUR.csv
 create mode 100644 KXNCAAMBGAME/prices/KXNCAAMBGAME-26MAR20HOFALA-ALA.csv
 create mode 100644 KXNCAAMBGAME/prices/KXNCAAMBGAME-26MAR20HOFALA-HOF.csv
 create mode 100644 KXNCAAMBGAME/prices/KXNCAAMBGAME-26MAR20IOWACLEM-CLEM.csv
 create mode 100644 KXNCAAMBGAME/prices/KXNCAAMBGAME-26MAR20IOWACLEM-IOWA.csv
 create mode 100644 KXNCAAMBGAME/prices/KXNCAAMBGAME-26MAR20LIUARIZ-ARIZ.csv
 create mode 100644 KXNCAAMBGAME/prices/KXNCAAMBGAME-26MAR20LIUARIZ-LIU.csv
 create mode 100644 KXNCAAMBGAME/prices/KXNCAAMBGAME-26MAR20MIZZMIA-MIA.csv
 create mode 100644 KXNCAAMBGAME/prices/KXNCAAMBGAME-26MAR20MIZZMIA-MIZZ.csv
 create mode 100644 KXNCAAMBGAME/prices/KXNCAAMBGAME-26MAR20MOHTENN-MOH.csv
 create mode 100644 KXNCAAMBGAME/prices/KXNCAAMBGAME-26MAR20MOHTENN-TENN.csv
 create mode 100644 KXNCAAMBGAME/prices/KXNCAAMBGAME-26MAR20PVFLA-FLA.csv
 create mode 100644 KXNCAAMBGAME/prices/KXNCAAMBGAME-26MAR20PVFLA-PV.csv
 create mode 100644 KXNCAAMBGAME/prices/KXNCAAMBGAME-26MAR20QUCPUR-PUR.csv
 create mode 100644 KXNCAAMBGAME/prices/KXNCAAMBGAME-26MAR20QUCPUR-QUC.csv
 create mode 100644 KXNCAAMBGAME/prices/KXNCAAMBGAME-26MAR20SCUUK-SCU.csv
 create mode 100644 KXNCAAMBGAME/prices/KXNCAAMBGAME-26MAR20SCUUK-UK.csv
 create mode 100644 KXNCAAMBGAME/prices/KXNCAAMBGAME-26MAR20TNSTISU-ISU.csv
 create mode 100644 KXNCAAMBGAME/prices/KXNCAAMBGAME-26MAR20TNSTISU-TNST.csv
 create mode 100644 KXNCAAMBGAME/prices/KXNCAAMBGAME-26MAR20UCFUCLA-UCF.csv
 create mode 100644 KXNCAAMBGAME/prices/KXNCAAMBGAME-26MAR20UCFUCLA-UCLA.csv
 create mode 100644 KXNCAAMBGAME/prices/KXNCAAMBGAME-26MAR20UNISJU-SJU.csv
 create mode 100644 KXNCAAMBGAME/prices/KXNCAAMBGAME-26MAR20UNISJU-UNI.csv
 create mode 100644 KXNCAAMBGAME/prices/KXNCAAMBGAME-26MAR20USUVILL-USU.csv
 create mode 100644 KXNCAAMBGAME/prices/KXNCAAMBGAME-26MAR20USUVILL-VILL.csv
 create mode 100644 KXNCAAMBGAME/prices/KXNCAAMBGAME-26MAR20WRSTUVA-UVA.csv
 create mode 100644 KXNCAAMBGAME/prices/KXNCAAMBGAME-26MAR20WRSTUVA-WRST.csv
 create mode 100644 KXNCAAMBGAME/trades/TRADES_KXNCAAMBGAME-26MAR20AKRTTU-AKR.csv
 create mode 100644 KXNCAAMBGAME/trades/TRADES_KXNCAAMBGAME-26MAR20AKRTTU-TTU.csv
 create mode 100644 KXNCAAMBGAME/trades/TRADES_KXNCAAMBGAME-26MAR20CBUKU-CBU.csv
 create mode 100644 KXNCAAMBGAME/trades/TRADES_KXNCAAMBGAME-26MAR20CBUKU-KU.csv
 create mode 100644 KXNCAAMBGAME/trades/TRADES_KXNCAAMBGAME-26MAR20FURCONN-CONN.csv
 create mode 100644 KXNCAAMBGAME/trades/TRADES_KXNCAAMBGAME-26MAR20FURCONN-FUR.csv
 create mode 100644 KXNCAAMBGAME/trades/TRADES_KXNCAAMBGAME-26MAR20HOFALA-ALA.csv
 create mode 100644 KXNCAAMBGAME/trades/TRADES_KXNCAAMBGAME-26MAR20HOFALA-HOF.csv
 create mode 100644 KXNCAAMBGAME/trades/TRADES_KXNCAAMBGAME-26MAR20IOWACLEM-CLEM.csv
 create mode 100644 KXNCAAMBGAME/trades/TRADES_KXNCAAMBGAME-26MAR20IOWACLEM-IOWA.csv
 create mode 100644 KXNCAAMBGAME/trades/TRADES_KXNCAAMBGAME-26MAR20LIUARIZ-ARIZ.csv
 create mode 100644 KXNCAAMBGAME/trades/TRADES_KXNCAAMBGAME-26MAR20LIUARIZ-LIU.csv
 create mode 100644 KXNCAAMBGAME/trades/TRADES_KXNCAAMBGAME-26MAR20MIZZMIA-MIA.csv
 create mode 100644 KXNCAAMBGAME/trades/TRADES_KXNCAAMBGAME-26MAR20MIZZMIA-MIZZ.csv
 create mode 100644 KXNCAAMBGAME/trades/TRADES_KXNCAAMBGAME-26MAR20MOHTENN-MOH.csv
 create mode 100644 KXNCAAMBGAME/trades/TRADES_KXNCAAMBGAME-26MAR20MOHTENN-TENN.csv
 create mode 100644 KXNCAAMBGAME/trades/TRADES_KXNCAAMBGAME-26MAR20PVFLA-FLA.csv
 create mode 100644 KXNCAAMBGAME/trades/TRADES_KXNCAAMBGAME-26MAR20PVFLA-PV.csv
 create mode 100644 KXNCAAMBGAME/trades/TRADES_KXNCAAMBGAME-26MAR20QUCPUR-PUR.csv
 create mode 100644 KXNCAAMBGAME/trades/TRADES_KXNCAAMBGAME-26MAR20QUCPUR-QUC.csv
 create mode 100644 KXNCAAMBGAME/trades/TRADES_KXNCAAMBGAME-26MAR20SCUUK-SCU.csv
 create mode 100644 KXNCAAMBGAME/trades/TRADES_KXNCAAMBGAME-26MAR20SCUUK-UK.csv
 create mode 100644 KXNCAAMBGAME/trades/TRADES_KXNCAAMBGAME-26MAR20TNSTISU-ISU.csv
 create mode 100644 KXNCAAMBGAME/trades/TRADES_KXNCAAMBGAME-26MAR20TNSTISU-TNST.csv
 create mode 100644 KXNCAAMBGAME/trades/TRADES_KXNCAAMBGAME-26MAR20UCFUCLA-UCF.csv
 create mode 100644 KXNCAAMBGAME/trades/TRADES_KXNCAAMBGAME-26MAR20UCFUCLA-UCLA.csv
 create mode 100644 KXNCAAMBGAME/trades/TRADES_KXNCAAMBGAME-26MAR20UNISJU-SJU.csv
 create mode 100644 KXNCAAMBGAME/trades/TRADES_KXNCAAMBGAME-26MAR20UNISJU-UNI.csv
 create mode 100644 KXNCAAMBGAME/trades/TRADES_KXNCAAMBGAME-26MAR20USUVILL-USU.csv
 create mode 100644 KXNCAAMBGAME/trades/TRADES_KXNCAAMBGAME-26MAR20USUVILL-VILL.csv
 create mode 100644 KXNCAAMBGAME/trades/TRADES_KXNCAAMBGAME-26MAR20WRSTUVA-UVA.csv
 create mode 100644 KXNCAAMBGAME/trades/TRADES_KXNCAAMBGAME-26MAR20WRSTUVA-WRST.csv
 create mode 100644 KXNCAAWBGAME/depth/DEPTH_KXNCAAWBGAME-26MAR20COFCDUKE-COFC.csv
 create mode 100644 KXNCAAWBGAME/depth/DEPTH_KXNCAAWBGAME-26MAR20COFCDUKE-DUKE.csv
 create mode 100644 KXNCAAWBGAME/depth/DEPTH_KXNCAAWBGAME-26MAR20CSUMSU-CSU.csv
 create mode 100644 KXNCAAWBGAME/depth/DEPTH_KXNCAAWBGAME-26MAR20CSUMSU-MSU.csv
 create mode 100644 KXNCAAWBGAME/depth/DEPTH_KXNCAAWBGAME-26MAR20GBMINN-GB.csv
 create mode 100644 KXNCAAWBGAME/depth/DEPTH_KXNCAAWBGAME-26MAR20GBMINN-MINN.csv
 create mode 100644 KXNCAAWBGAME/depth/DEPTH_KXNCAAWBGAME-26MAR20GONZMISS-GONZ.csv
 create mode 100644 KXNCAAWBGAME/depth/DEPTH_KXNCAAWBGAME-26MAR20GONZMISS-MISS.csv
 create mode 100644 KXNCAAWBGAME/depth/DEPTH_KXNCAAWBGAME-26MAR20HCMICH-HC.csv
 create mode 100644 KXNCAAWBGAME/depth/DEPTH_KXNCAAWBGAME-26MAR20HCMICH-MICH.csv
 create mode 100644 KXNCAAWBGAME/depth/DEPTH_KXNCAAWBGAME-26MAR20IDHOOKLA-IDHO.csv
 create mode 100644 KXNCAAWBGAME/depth/DEPTH_KXNCAAWBGAME-26MAR20IDHOOKLA-OKLA.csv
 create mode 100644 KXNCAAWBGAME/depth/DEPTH_KXNCAAWBGAME-26MAR20JACLSU-JAC.csv
 create mode 100644 KXNCAAWBGAME/depth/DEPTH_KXNCAAWBGAME-26MAR20JACLSU-LSU.csv
 create mode 100644 KXNCAAWBGAME/depth/DEPTH_KXNCAAWBGAME-26MAR20MORERAD-MORE.csv
 create mode 100644 KXNCAAWBGAME/depth/DEPTH_KXNCAAWBGAME-26MAR20MORERAD-RAD.csv
 create mode 100644 KXNCAAWBGAME/depth/DEPTH_KXNCAAWBGAME-26MAR20MURRMD-MD.csv
 create mode 100644 KXNCAAWBGAME/depth/DEPTH_KXNCAAWBGAME-26MAR20MURRMD-MURR.csv
 create mode 100644 KXNCAAWBGAME/depth/DEPTH_KXNCAAWBGAME-26MAR20SDSTWASH-SDST.csv
 create mode 100644 KXNCAAWBGAME/depth/DEPTH_KXNCAAWBGAME-26MAR20SDSTWASH-WASH.csv
 create mode 100644 KXNCAAWBGAME/depth/DEPTH_KXNCAAWBGAME-26MAR20STETFIU-FIU.csv
 create mode 100644 KXNCAAWBGAME/depth/DEPTH_KXNCAAWBGAME-26MAR20STETFIU-STET.csv
 create mode 100644 KXNCAAWBGAME/depth/DEPTH_KXNCAAWBGAME-26MAR20TENNNCST-NCST.csv
 create mode 100644 KXNCAAWBGAME/depth/DEPTH_KXNCAAWBGAME-26MAR20TENNNCST-TENN.csv
 create mode 100644 KXNCAAWBGAME/depth/DEPTH_KXNCAAWBGAME-26MAR20UCSDTCU-TCU.csv
 create mode 100644 KXNCAAWBGAME/depth/DEPTH_KXNCAAWBGAME-26MAR20UCSDTCU-UCSD.csv
 create mode 100644 KXNCAAWBGAME/depth/DEPTH_KXNCAAWBGAME-26MAR20VILLTTU-TTU.csv
 create mode 100644 KXNCAAWBGAME/depth/DEPTH_KXNCAAWBGAME-26MAR20VILLTTU-VILL.csv
 create mode 100644 KXNCAAWBGAME/depth/DEPTH_KXNCAAWBGAME-26MAR20VTORE-ORE.csv
 create mode 100644 KXNCAAWBGAME/depth/DEPTH_KXNCAAWBGAME-26MAR20VTORE-VT.csv
 create mode 100644 KXNCAAWBGAME/depth/DEPTH_KXNCAAWBGAME-26MAR20WIUUNC-UNC.csv
 create mode 100644 KXNCAAWBGAME/depth/DEPTH_KXNCAAWBGAME-26MAR20WIUUNC-WIU.csv
 create mode 100644 KXNCAAWBGAME/prices/KXNCAAWBGAME-26MAR20COFCDUKE-COFC.csv
 create mode 100644 KXNCAAWBGAME/prices/KXNCAAWBGAME-26MAR20COFCDUKE-DUKE.csv
 create mode 100644 KXNCAAWBGAME/prices/KXNCAAWBGAME-26MAR20CSUMSU-CSU.csv
 create mode 100644 KXNCAAWBGAME/prices/KXNCAAWBGAME-26MAR20CSUMSU-MSU.csv
 create mode 100644 KXNCAAWBGAME/prices/KXNCAAWBGAME-26MAR20GBMINN-GB.csv
 create mode 100644 KXNCAAWBGAME/prices/KXNCAAWBGAME-26MAR20GBMINN-MINN.csv
 create mode 100644 KXNCAAWBGAME/prices/KXNCAAWBGAME-26MAR20GONZMISS-GONZ.csv
 create mode 100644 KXNCAAWBGAME/prices/KXNCAAWBGAME-26MAR20GONZMISS-MISS.csv
 create mode 100644 KXNCAAWBGAME/prices/KXNCAAWBGAME-26MAR20HCMICH-HC.csv
 create mode 100644 KXNCAAWBGAME/prices/KXNCAAWBGAME-26MAR20HCMICH-MICH.csv
 create mode 100644 KXNCAAWBGAME/prices/KXNCAAWBGAME-26MAR20IDHOOKLA-IDHO.csv
 create mode 100644 KXNCAAWBGAME/prices/KXNCAAWBGAME-26MAR20IDHOOKLA-OKLA.csv
 create mode 100644 KXNCAAWBGAME/prices/KXNCAAWBGAME-26MAR20JACLSU-JAC.csv
 create mode 100644 KXNCAAWBGAME/prices/KXNCAAWBGAME-26MAR20JACLSU-LSU.csv
 create mode 100644 KXNCAAWBGAME/prices/KXNCAAWBGAME-26MAR20MORERAD-MORE.csv
 create mode 100644 KXNCAAWBGAME/prices/KXNCAAWBGAME-26MAR20MORERAD-RAD.csv
 create mode 100644 KXNCAAWBGAME/prices/KXNCAAWBGAME-26MAR20MURRMD-MD.csv
 create mode 100644 KXNCAAWBGAME/prices/KXNCAAWBGAME-26MAR20MURRMD-MURR.csv
 create mode 100644 KXNCAAWBGAME/prices/KXNCAAWBGAME-26MAR20SDSTWASH-SDST.csv
 create mode 100644 KXNCAAWBGAME/prices/KXNCAAWBGAME-26MAR20SDSTWASH-WASH.csv
 create mode 100644 KXNCAAWBGAME/prices/KXNCAAWBGAME-26MAR20STETFIU-FIU.csv
 create mode 100644 KXNCAAWBGAME/prices/KXNCAAWBGAME-26MAR20STETFIU-STET.csv
 create mode 100644 KXNCAAWBGAME/prices/KXNCAAWBGAME-26MAR20TENNNCST-NCST.csv
 create mode 100644 KXNCAAWBGAME/prices/KXNCAAWBGAME-26MAR20TENNNCST-TENN.csv
 create mode 100644 KXNCAAWBGAME/prices/KXNCAAWBGAME-26MAR20UCSDTCU-TCU.csv
 create mode 100644 KXNCAAWBGAME/prices/KXNCAAWBGAME-26MAR20UCSDTCU-UCSD.csv
 create mode 100644 KXNCAAWBGAME/prices/KXNCAAWBGAME-26MAR20VILLTTU-TTU.csv
 create mode 100644 KXNCAAWBGAME/prices/KXNCAAWBGAME-26MAR20VILLTTU-VILL.csv
 create mode 100644 KXNCAAWBGAME/prices/KXNCAAWBGAME-26MAR20VTORE-ORE.csv
 create mode 100644 KXNCAAWBGAME/prices/KXNCAAWBGAME-26MAR20VTORE-VT.csv
 create mode 100644 KXNCAAWBGAME/prices/KXNCAAWBGAME-26MAR20WIUUNC-UNC.csv
 create mode 100644 KXNCAAWBGAME/prices/KXNCAAWBGAME-26MAR20WIUUNC-WIU.csv
 create mode 100644 KXNCAAWBGAME/trades/TRADES_KXNCAAWBGAME-26MAR20COFCDUKE-COFC.csv
 create mode 100644 KXNCAAWBGAME/trades/TRADES_KXNCAAWBGAME-26MAR20COFCDUKE-DUKE.csv
 create mode 100644 KXNCAAWBGAME/trades/TRADES_KXNCAAWBGAME-26MAR20CSUMSU-CSU.csv
 create mode 100644 KXNCAAWBGAME/trades/TRADES_KXNCAAWBGAME-26MAR20CSUMSU-MSU.csv
 create mode 100644 KXNCAAWBGAME/trades/TRADES_KXNCAAWBGAME-26MAR20GBMINN-GB.csv
 create mode 100644 KXNCAAWBGAME/trades/TRADES_KXNCAAWBGAME-26MAR20GBMINN-MINN.csv
 create mode 100644 KXNCAAWBGAME/trades/TRADES_KXNCAAWBGAME-26MAR20GONZMISS-GONZ.csv
 create mode 100644 KXNCAAWBGAME/trades/TRADES_KXNCAAWBGAME-26MAR20GONZMISS-MISS.csv
 create mode 100644 KXNCAAWBGAME/trades/TRADES_KXNCAAWBGAME-26MAR20HCMICH-HC.csv
 create mode 100644 KXNCAAWBGAME/trades/TRADES_KXNCAAWBGAME-26MAR20HCMICH-MICH.csv
 create mode 100644 KXNCAAWBGAME/trades/TRADES_KXNCAAWBGAME-26MAR20IDHOOKLA-IDHO.csv
 create mode 100644 KXNCAAWBGAME/trades/TRADES_KXNCAAWBGAME-26MAR20IDHOOKLA-OKLA.csv
 create mode 100644 KXNCAAWBGAME/trades/TRADES_KXNCAAWBGAME-26MAR20JACLSU-JAC.csv
 create mode 100644 KXNCAAWBGAME/trades/TRADES_KXNCAAWBGAME-26MAR20JACLSU-LSU.csv
 create mode 100644 KXNCAAWBGAME/trades/TRADES_KXNCAAWBGAME-26MAR20MORERAD-MORE.csv
 create mode 100644 KXNCAAWBGAME/trades/TRADES_KXNCAAWBGAME-26MAR20MORERAD-RAD.csv
 create mode 100644 KXNCAAWBGAME/trades/TRADES_KXNCAAWBGAME-26MAR20MURRMD-MD.csv
 create mode 100644 KXNCAAWBGAME/trades/TRADES_KXNCAAWBGAME-26MAR20MURRMD-MURR.csv
 create mode 100644 KXNCAAWBGAME/trades/TRADES_KXNCAAWBGAME-26MAR20SDSTWASH-SDST.csv
 create mode 100644 KXNCAAWBGAME/trades/TRADES_KXNCAAWBGAME-26MAR20SDSTWASH-WASH.csv
 create mode 100644 KXNCAAWBGAME/trades/TRADES_KXNCAAWBGAME-26MAR20STETFIU-FIU.csv
 create mode 100644 KXNCAAWBGAME/trades/TRADES_KXNCAAWBGAME-26MAR20STETFIU-STET.csv
 create mode 100644 KXNCAAWBGAME/trades/TRADES_KXNCAAWBGAME-26MAR20TENNNCST-NCST.csv
 create mode 100644 KXNCAAWBGAME/trades/TRADES_KXNCAAWBGAME-26MAR20TENNNCST-TENN.csv
 create mode 100644 KXNCAAWBGAME/trades/TRADES_KXNCAAWBGAME-26MAR20UCSDTCU-TCU.csv
 create mode 100644 KXNCAAWBGAME/trades/TRADES_KXNCAAWBGAME-26MAR20UCSDTCU-UCSD.csv
 create mode 100644 KXNCAAWBGAME/trades/TRADES_KXNCAAWBGAME-26MAR20VILLTTU-TTU.csv
 create mode 100644 KXNCAAWBGAME/trades/TRADES_KXNCAAWBGAME-26MAR20VILLTTU-VILL.csv
 create mode 100644 KXNCAAWBGAME/trades/TRADES_KXNCAAWBGAME-26MAR20VTORE-ORE.csv
 create mode 100644 KXNCAAWBGAME/trades/TRADES_KXNCAAWBGAME-26MAR20VTORE-VT.csv
 create mode 100644 KXNCAAWBGAME/trades/TRADES_KXNCAAWBGAME-26MAR20WIUUNC-UNC.csv
 create mode 100644 KXNCAAWBGAME/trades/TRADES_KXNCAAWBGAME-26MAR20WIUUNC-WIU.csv
 create mode 100644 KXNHLGAME/depth/DEPTH_KXNHLGAME-26MAR20ANAUTA-ANA.csv
 create mode 100644 KXNHLGAME/depth/DEPTH_KXNHLGAME-26MAR20ANAUTA-UTA.csv
 create mode 100644 KXNHLGAME/depth/DEPTH_KXNHLGAME-26MAR20CARTOR-CAR.csv
 create mode 100644 KXNHLGAME/depth/DEPTH_KXNHLGAME-26MAR20CARTOR-TOR.csv
 create mode 100644 KXNHLGAME/depth/DEPTH_KXNHLGAME-26MAR20COLCHI-CHI.csv
 create mode 100644 KXNHLGAME/depth/DEPTH_KXNHLGAME-26MAR20COLCHI-COL.csv
 create mode 100644 KXNHLGAME/depth/DEPTH_KXNHLGAME-26MAR20FLACGY-CGY.csv
 create mode 100644 KXNHLGAME/depth/DEPTH_KXNHLGAME-26MAR20FLACGY-FLA.csv
 create mode 100644 KXNHLGAME/depth/DEPTH_KXNHLGAME-26MAR20NJWSH-NJ.csv
 create mode 100644 KXNHLGAME/depth/DEPTH_KXNHLGAME-26MAR20NJWSH-WSH.csv
 create mode 100644 KXNHLGAME/prices/KXNHLGAME-26MAR20ANAUTA-ANA.csv
 create mode 100644 KXNHLGAME/prices/KXNHLGAME-26MAR20ANAUTA-UTA.csv
 create mode 100644 KXNHLGAME/prices/KXNHLGAME-26MAR20CARTOR-CAR.csv
 create mode 100644 KXNHLGAME/prices/KXNHLGAME-26MAR20CARTOR-TOR.csv
 create mode 100644 KXNHLGAME/prices/KXNHLGAME-26MAR20COLCHI-CHI.csv
 create mode 100644 KXNHLGAME/prices/KXNHLGAME-26MAR20COLCHI-COL.csv
 create mode 100644 KXNHLGAME/prices/KXNHLGAME-26MAR20FLACGY-CGY.csv
 create mode 100644 KXNHLGAME/prices/KXNHLGAME-26MAR20FLACGY-FLA.csv
 create mode 100644 KXNHLGAME/prices/KXNHLGAME-26MAR20NJWSH-NJ.csv
 create mode 100644 KXNHLGAME/prices/KXNHLGAME-26MAR20NJWSH-WSH.csv
 create mode 100644 KXNHLGAME/trades/TRADES_KXNHLGAME-26MAR20ANAUTA-ANA.csv
 create mode 100644 KXNHLGAME/trades/TRADES_KXNHLGAME-26MAR20ANAUTA-UTA.csv
 create mode 100644 KXNHLGAME/trades/TRADES_KXNHLGAME-26MAR20CARTOR-CAR.csv
 create mode 100644 KXNHLGAME/trades/TRADES_KXNHLGAME-26MAR20CARTOR-TOR.csv
 create mode 100644 KXNHLGAME/trades/TRADES_KXNHLGAME-26MAR20COLCHI-CHI.csv
 create mode 100644 KXNHLGAME/trades/TRADES_KXNHLGAME-26MAR20COLCHI-COL.csv
 create mode 100644 KXNHLGAME/trades/TRADES_KXNHLGAME-26MAR20FLACGY-CGY.csv
 create mode 100644 KXNHLGAME/trades/TRADES_KXNHLGAME-26MAR20FLACGY-FLA.csv
 create mode 100644 KXNHLGAME/trades/TRADES_KXNHLGAME-26MAR20NJWSH-NJ.csv
 create mode 100644 KXNHLGAME/trades/TRADES_KXNHLGAME-26MAR20NJWSH-WSH.csv
 create mode 100644 KXSERIEAGAME/depth/DEPTH_KXSERIEAGAME-26MAR20CAGNAP-CAG.csv
 create mode 100644 KXSERIEAGAME/depth/DEPTH_KXSERIEAGAME-26MAR20CAGNAP-NAP.csv
 create mode 100644 KXSERIEAGAME/depth/DEPTH_KXSERIEAGAME-26MAR20CAGNAP-TIE.csv
 create mode 100644 KXSERIEAGAME/depth/DEPTH_KXSERIEAGAME-26MAR20GENUDI-GEN.csv
 create mode 100644 KXSERIEAGAME/depth/DEPTH_KXSERIEAGAME-26MAR20GENUDI-TIE.csv
 create mode 100644 KXSERIEAGAME/depth/DEPTH_KXSERIEAGAME-26MAR20GENUDI-UDI.csv
 create mode 100644 KXSERIEAGAME/prices/KXSERIEAGAME-26MAR20CAGNAP-CAG.csv
 create mode 100644 KXSERIEAGAME/prices/KXSERIEAGAME-26MAR20CAGNAP-NAP.csv
 create mode 100644 KXSERIEAGAME/prices/KXSERIEAGAME-26MAR20CAGNAP-TIE.csv
 create mode 100644 KXSERIEAGAME/prices/KXSERIEAGAME-26MAR20GENUDI-GEN.csv
 create mode 100644 KXSERIEAGAME/prices/KXSERIEAGAME-26MAR20GENUDI-TIE.csv
 create mode 100644 KXSERIEAGAME/prices/KXSERIEAGAME-26MAR20GENUDI-UDI.csv
 create mode 100644 KXSERIEAGAME/trades/TRADES_KXSERIEAGAME-26MAR20CAGNAP-CAG.csv
 create mode 100644 KXSERIEAGAME/trades/TRADES_KXSERIEAGAME-26MAR20CAGNAP-NAP.csv
 create mode 100644 KXSERIEAGAME/trades/TRADES_KXSERIEAGAME-26MAR20CAGNAP-TIE.csv
 create mode 100644 KXSERIEAGAME/trades/TRADES_KXSERIEAGAME-26MAR20GENUDI-GEN.csv
 create mode 100644 KXSERIEAGAME/trades/TRADES_KXSERIEAGAME-26MAR20GENUDI-TIE.csv
 create mode 100644 KXSERIEAGAME/trades/TRADES_KXSERIEAGAME-26MAR20GENUDI-UDI.csv
 create mode 100644 NBA/data/prices/KXNBAGAME-26MAR20ATLHOU-ATL.csv
 create mode 100644 NBA/data/prices/KXNBAGAME-26MAR20ATLHOU-HOU.csv
 create mode 100644 NBA/data/prices/KXNBAGAME-26MAR20BOSMEM-BOS.csv
 create mode 100644 NBA/data/prices/KXNBAGAME-26MAR20BOSMEM-MEM.csv
 create mode 100644 NBA/data/prices/KXNBAGAME-26MAR20GSWDET-DET.csv
 create mode 100644 NBA/data/prices/KXNBAGAME-26MAR20GSWDET-GSW.csv
 create mode 100644 NBA/data/prices/KXNBAGAME-26MAR20NYKBKN-BKN.csv
 create mode 100644 NBA/data/prices/KXNBAGAME-26MAR20NYKBKN-NYK.csv
 create mode 100644 NBA/data/prices/KXNBAGAME-26MAR20PORMIN-MIN.csv
 create mode 100644 NBA/data/prices/KXNBAGAME-26MAR20PORMIN-POR.csv
 create mode 100644 NBA/data/prices/KXNBAGAME-26MAR20TORDEN-DEN.csv
 create mode 100644 NBA/data/prices/KXNBAGAME-26MAR20TORDEN-TOR.csv
 create mode 100644 NBA/data/trades/TRADES_KXNBAGAME-26MAR20ATLHOU-ATL.csv
 create mode 100644 NBA/data/trades/TRADES_KXNBAGAME-26MAR20ATLHOU-HOU.csv
 create mode 100644 NBA/data/trades/TRADES_KXNBAGAME-26MAR20BOSMEM-BOS.csv
 create mode 100644 NBA/data/trades/TRADES_KXNBAGAME-26MAR20BOSMEM-MEM.csv
 create mode 100644 NBA/data/trades/TRADES_KXNBAGAME-26MAR20GSWDET-DET.csv
 create mode 100644 NBA/data/trades/TRADES_KXNBAGAME-26MAR20GSWDET-GSW.csv
 create mode 100644 NBA/data/trades/TRADES_KXNBAGAME-26MAR20NYKBKN-BKN.csv
 create mode 100644 NBA/data/trades/TRADES_KXNBAGAME-26MAR20NYKBKN-NYK.csv
 create mode 100644 NBA/data/trades/TRADES_KXNBAGAME-26MAR20PORMIN-MIN.csv
 create mode 100644 NBA/data/trades/TRADES_KXNBAGAME-26MAR20PORMIN-POR.csv
 create mode 100644 NBA/data/trades/TRADES_KXNBAGAME-26MAR20TORDEN-DEN.csv
 create mode 100644 NBA/data/trades/TRADES_KXNBAGAME-26MAR20TORDEN-TOR.csv
Already up to date.
[main 5b5adec] Auto-sync: 2026-03-22 06:00:07
 345 files changed, 929034 insertions(+)
 create mode 100644 KXBUNDESLIGAGAME/depth/DEPTH_KXBUNDESLIGAGAME-26MAR21BMUUNI-BMU.csv
 create mode 100644 KXBUNDESLIGAGAME/depth/DEPTH_KXBUNDESLIGAGAME-26MAR21BMUUNI-TIE.csv
 create mode 100644 KXBUNDESLIGAGAME/depth/DEPTH_KXBUNDESLIGAGAME-26MAR21BMUUNI-UNI.csv
 create mode 100644 KXBUNDESLIGAGAME/depth/DEPTH_KXBUNDESLIGAGAME-26MAR21FCHLEV-FCH.csv
 create mode 100644 KXBUNDESLIGAGAME/depth/DEPTH_KXBUNDESLIGAGAME-26MAR21FCHLEV-LEV.csv
 create mode 100644 KXBUNDESLIGAGAME/depth/DEPTH_KXBUNDESLIGAGAME-26MAR21FCHLEV-TIE.csv
 create mode 100644 KXBUNDESLIGAGAME/depth/DEPTH_KXBUNDESLIGAGAME-26MAR21KOEBMG-BMG.csv
 create mode 100644 KXBUNDESLIGAGAME/depth/DEPTH_KXBUNDESLIGAGAME-26MAR21KOEBMG-KOE.csv
 create mode 100644 KXBUNDESLIGAGAME/depth/DEPTH_KXBUNDESLIGAGAME-26MAR21KOEBMG-TIE.csv
 create mode 100644 KXBUNDESLIGAGAME/depth/DEPTH_KXBUNDESLIGAGAME-26MAR21WOBSVW-SVW.csv
 create mode 100644 KXBUNDESLIGAGAME/depth/DEPTH_KXBUNDESLIGAGAME-26MAR21WOBSVW-TIE.csv
 create mode 100644 KXBUNDESLIGAGAME/depth/DEPTH_KXBUNDESLIGAGAME-26MAR21WOBSVW-WOB.csv
 create mode 100644 KXBUNDESLIGAGAME/prices/KXBUNDESLIGAGAME-26MAR21BMUUNI-BMU.csv
 create mode 100644 KXBUNDESLIGAGAME/prices/KXBUNDESLIGAGAME-26MAR21BMUUNI-TIE.csv
 create mode 100644 KXBUNDESLIGAGAME/prices/KXBUNDESLIGAGAME-26MAR21BMUUNI-UNI.csv
 create mode 100644 KXBUNDESLIGAGAME/prices/KXBUNDESLIGAGAME-26MAR21FCHLEV-FCH.csv
 create mode 100644 KXBUNDESLIGAGAME/prices/KXBUNDESLIGAGAME-26MAR21FCHLEV-LEV.csv
 create mode 100644 KXBUNDESLIGAGAME/prices/KXBUNDESLIGAGAME-26MAR21FCHLEV-TIE.csv
 create mode 100644 KXBUNDESLIGAGAME/prices/KXBUNDESLIGAGAME-26MAR21KOEBMG-BMG.csv
 create mode 100644 KXBUNDESLIGAGAME/prices/KXBUNDESLIGAGAME-26MAR21KOEBMG-KOE.csv
 create mode 100644 KXBUNDESLIGAGAME/prices/KXBUNDESLIGAGAME-26MAR21KOEBMG-TIE.csv
 create mode 100644 KXBUNDESLIGAGAME/prices/KXBUNDESLIGAGAME-26MAR21WOBSVW-SVW.csv
 create mode 100644 KXBUNDESLIGAGAME/prices/KXBUNDESLIGAGAME-26MAR21WOBSVW-TIE.csv
 create mode 100644 KXBUNDESLIGAGAME/prices/KXBUNDESLIGAGAME-26MAR21WOBSVW-WOB.csv
 create mode 100644 KXBUNDESLIGAGAME/trades/TRADES_KXBUNDESLIGAGAME-26MAR21BMUUNI-BMU.csv
 create mode 100644 KXBUNDESLIGAGAME/trades/TRADES_KXBUNDESLIGAGAME-26MAR21BMUUNI-TIE.csv
 create mode 100644 KXBUNDESLIGAGAME/trades/TRADES_KXBUNDESLIGAGAME-26MAR21BMUUNI-UNI.csv
 create mode 100644 KXBUNDESLIGAGAME/trades/TRADES_KXBUNDESLIGAGAME-26MAR21FCHLEV-FCH.csv
 create mode 100644 KXBUNDESLIGAGAME/trades/TRADES_KXBUNDESLIGAGAME-26MAR21FCHLEV-LEV.csv
 create mode 100644 KXBUNDESLIGAGAME/trades/TRADES_KXBUNDESLIGAGAME-26MAR21FCHLEV-TIE.csv
 create mode 100644 KXBUNDESLIGAGAME/trades/TRADES_KXBUNDESLIGAGAME-26MAR21KOEBMG-BMG.csv
 create mode 100644 KXBUNDESLIGAGAME/trades/TRADES_KXBUNDESLIGAGAME-26MAR21KOEBMG-KOE.csv
 create mode 100644 KXBUNDESLIGAGAME/trades/TRADES_KXBUNDESLIGAGAME-26MAR21KOEBMG-TIE.csv
 create mode 100644 KXBUNDESLIGAGAME/trades/TRADES_KXBUNDESLIGAGAME-26MAR21WOBSVW-SVW.csv
 create mode 100644 KXBUNDESLIGAGAME/trades/TRADES_KXBUNDESLIGAGAME-26MAR21WOBSVW-TIE.csv
 create mode 100644 KXBUNDESLIGAGAME/trades/TRADES_KXBUNDESLIGAGAME-26MAR21WOBSVW-WOB.csv
 create mode 100644 KXEFLCHAMPIONSHIPGAME/depth/DEPTH_KXEFLCHAMPIONSHIPGAME-26MAR21BLAMID-BLA.csv
 create mode 100644 KXEFLCHAMPIONSHIPGAME/depth/DEPTH_KXEFLCHAMPIONSHIPGAME-26MAR21BLAMID-MID.csv
 create mode 100644 KXEFLCHAMPIONSHIPGAME/depth/DEPTH_KXEFLCHAMPIONSHIPGAME-26MAR21BLAMID-TIE.csv
 create mode 100644 KXEFLCHAMPIONSHIPGAME/depth/DEPTH_KXEFLCHAMPIONSHIPGAME-26MAR21BRCWBA-BRC.csv
 create mode 100644 KXEFLCHAMPIONSHIPGAME/depth/DEPTH_KXEFLCHAMPIONSHIPGAME-26MAR21BRCWBA-TIE.csv
 create mode 100644 KXEFLCHAMPIONSHIPGAME/depth/DEPTH_KXEFLCHAMPIONSHIPGAME-26MAR21BRCWBA-WBA.csv
 create mode 100644 KXEFLCHAMPIONSHIPGAME/depth/DEPTH_KXEFLCHAMPIONSHIPGAME-26MAR21CHANOR-CHA.csv
 create mode 100644 KXEFLCHAMPIONSHIPGAME/depth/DEPTH_KXEFLCHAMPIONSHIPGAME-26MAR21CHANOR-NOR.csv
 create mode 100644 KXEFLCHAMPIONSHIPGAME/depth/DEPTH_KXEFLCHAMPIONSHIPGAME-26MAR21CHANOR-TIE.csv
 create mode 100644 KXEFLCHAMPIONSHIPGAME/depth/DEPTH_KXEFLCHAMPIONSHIPGAME-26MAR21DERBC-BC.csv
 create mode 100644 KXEFLCHAMPIONSHIPGAME/depth/DEPTH_KXEFLCHAMPIONSHIPGAME-26MAR21DERBC-DER.csv
 create mode 100644 KXEFLCHAMPIONSHIPGAME/depth/DEPTH_KXEFLCHAMPIONSHIPGAME-26MAR21DERBC-TIE.csv
 create mode 100644 KXEFLCHAMPIONSHIPGAME/depth/DEPTH_KXEFLCHAMPIONSHIPGAME-26MAR21HULSHW-HUL.csv
 create mode 100644 KXEFLCHAMPIONSHIPGAME/depth/DEPTH_KXEFLCHAMPIONSHIPGAME-26MAR21HULSHW-SHW.csv
 create mode 100644 KXEFLCHAMPIONSHIPGAME/depth/DEPTH_KXEFLCHAMPIONSHIPGAME-26MAR21HULSHW-TIE.csv
 create mode 100644 KXEFLCHAMPIONSHIPGAME/depth/DEPTH_KXEFLCHAMPIONSHIPGAME-26MAR21IPSMIL-IPS.csv
 create mode 100644 KXEFLCHAMPIONSHIPGAME/depth/DEPTH_KXEFLCHAMPIONSHIPGAME-26MAR21IPSMIL-MIL.csv
 create mode 100644 KXEFLCHAMPIONSHIPGAME/depth/DEPTH_KXEFLCHAMPIONSHIPGAME-26MAR21IPSMIL-TIE.csv
 create mode 100644 KXEFLCHAMPIONSHIPGAME/depth/DEPTH_KXEFLCHAMPIONSHIPGAME-26MAR21QPRPOR-POR.csv
 create mode 100644 KXEFLCHAMPIONSHIPGAME/depth/DEPTH_KXEFLCHAMPIONSHIPGAME-26MAR21QPRPOR-QPR.csv
 create mode 100644 KXEFLCHAMPIONSHIPGAME/depth/DEPTH_KXEFLCHAMPIONSHIPGAME-26MAR21QPRPOR-TIE.csv
 create mode 100644 KXEFLCHAMPIONSHIPGAME/depth/DEPTH_KXEFLCHAMPIONSHIPGAME-26MAR21SHUWRE-SHU.csv
 create mode 100644 KXEFLCHAMPIONSHIPGAME/depth/DEPTH_KXEFLCHAMPIONSHIPGAME-26MAR21SHUWRE-TIE.csv
 create mode 100644 KXEFLCHAMPIONSHIPGAME/depth/DEPTH_KXEFLCHAMPIONSHIPGAME-26MAR21SHUWRE-WRE.csv
 create mode 100644 KXEFLCHAMPIONSHIPGAME/depth/DEPTH_KXEFLCHAMPIONSHIPGAME-26MAR21SOUOXU-OXU.csv
 create mode 100644 KXEFLCHAMPIONSHIPGAME/depth/DEPTH_KXEFLCHAMPIONSHIPGAME-26MAR21SOUOXU-SOU.csv
 create mode 100644 KXEFLCHAMPIONSHIPGAME/depth/DEPTH_KXEFLCHAMPIONSHIPGAME-26MAR21SOUOXU-TIE.csv
 create mode 100644 KXEFLCHAMPIONSHIPGAME/depth/DEPTH_KXEFLCHAMPIONSHIPGAME-26MAR21WATLEI-LEI.csv
 create mode 100644 KXEFLCHAMPIONSHIPGAME/depth/DEPTH_KXEFLCHAMPIONSHIPGAME-26MAR21WATLEI-TIE.csv
 create mode 100644 KXEFLCHAMPIONSHIPGAME/depth/DEPTH_KXEFLCHAMPIONSHIPGAME-26MAR21WATLEI-WAT.csv
 create mode 100644 KXEFLCHAMPIONSHIPGAME/prices/KXEFLCHAMPIONSHIPGAME-26MAR21BLAMID-BLA.csv
 create mode 100644 KXEFLCHAMPIONSHIPGAME/prices/KXEFLCHAMPIONSHIPGAME-26MAR21BLAMID-MID.csv
 create mode 100644 KXEFLCHAMPIONSHIPGAME/prices/KXEFLCHAMPIONSHIPGAME-26MAR21BLAMID-TIE.csv
 create mode 100644 KXEFLCHAMPIONSHIPGAME/prices/KXEFLCHAMPIONSHIPGAME-26MAR21BRCWBA-BRC.csv
 create mode 100644 KXEFLCHAMPIONSHIPGAME/prices/KXEFLCHAMPIONSHIPGAME-26MAR21BRCWBA-TIE.csv
 create mode 100644 KXEFLCHAMPIONSHIPGAME/prices/KXEFLCHAMPIONSHIPGAME-26MAR21BRCWBA-WBA.csv
 create mode 100644 KXEFLCHAMPIONSHIPGAME/prices/KXEFLCHAMPIONSHIPGAME-26MAR21CHANOR-CHA.csv
 create mode 100644 KXEFLCHAMPIONSHIPGAME/prices/KXEFLCHAMPIONSHIPGAME-26MAR21CHANOR-NOR.csv
 create mode 100644 KXEFLCHAMPIONSHIPGAME/prices/KXEFLCHAMPIONSHIPGAME-26MAR21CHANOR-TIE.csv
 create mode 100644 KXEFLCHAMPIONSHIPGAME/prices/KXEFLCHAMPIONSHIPGAME-26MAR21DERBC-BC.csv
 create mode 100644 KXEFLCHAMPIONSHIPGAME/prices/KXEFLCHAMPIONSHIPGAME-26MAR21DERBC-DER.csv
 create mode 100644 KXEFLCHAMPIONSHIPGAME/prices/KXEFLCHAMPIONSHIPGAME-26MAR21DERBC-TIE.csv
 create mode 100644 KXEFLCHAMPIONSHIPGAME/prices/KXEFLCHAMPIONSHIPGAME-26MAR21HULSHW-HUL.csv
 create mode 100644 KXEFLCHAMPIONSHIPGAME/prices/KXEFLCHAMPIONSHIPGAME-26MAR21HULSHW-SHW.csv
 create mode 100644 KXEFLCHAMPIONSHIPGAME/prices/KXEFLCHAMPIONSHIPGAME-26MAR21HULSHW-TIE.csv
 create mode 100644 KXEFLCHAMPIONSHIPGAME/prices/KXEFLCHAMPIONSHIPGAME-26MAR21IPSMIL-IPS.csv
 create mode 100644 KXEFLCHAMPIONSHIPGAME/prices/KXEFLCHAMPIONSHIPGAME-26MAR21IPSMIL-MIL.csv
 create mode 100644 KXEFLCHAMPIONSHIPGAME/prices/KXEFLCHAMPIONSHIPGAME-26MAR21IPSMIL-TIE.csv
 create mode 100644 KXEFLCHAMPIONSHIPGAME/prices/KXEFLCHAMPIONSHIPGAME-26MAR21QPRPOR-POR.csv
 create mode 100644 KXEFLCHAMPIONSHIPGAME/prices/KXEFLCHAMPIONSHIPGAME-26MAR21QPRPOR-QPR.csv
 create mode 100644 KXEFLCHAMPIONSHIPGAME/prices/KXEFLCHAMPIONSHIPGAME-26MAR21QPRPOR-TIE.csv
 create mode 100644 KXEFLCHAMPIONSHIPGAME/prices/KXEFLCHAMPIONSHIPGAME-26MAR21SHUWRE-SHU.csv
 create mode 100644 KXEFLCHAMPIONSHIPGAME/prices/KXEFLCHAMPIONSHIPGAME-26MAR21SHUWRE-TIE.csv
 create mode 100644 KXEFLCHAMPIONSHIPGAME/prices/KXEFLCHAMPIONSHIPGAME-26MAR21SHUWRE-WRE.csv
 create mode 100644 KXEFLCHAMPIONSHIPGAME/prices/KXEFLCHAMPIONSHIPGAME-26MAR21SOUOXU-OXU.csv
 create mode 100644 KXEFLCHAMPIONSHIPGAME/prices/KXEFLCHAMPIONSHIPGAME-26MAR21SOUOXU-SOU.csv
 create mode 100644 KXEFLCHAMPIONSHIPGAME/prices/KXEFLCHAMPIONSHIPGAME-26MAR21SOUOXU-TIE.csv
 create mode 100644 KXEFLCHAMPIONSHIPGAME/prices/KXEFLCHAMPIONSHIPGAME-26MAR21WATLEI-LEI.csv
 create mode 100644 KXEFLCHAMPIONSHIPGAME/prices/KXEFLCHAMPIONSHIPGAME-26MAR21WATLEI-TIE.csv
 create mode 100644 KXEFLCHAMPIONSHIPGAME/prices/KXEFLCHAMPIONSHIPGAME-26MAR21WATLEI-WAT.csv
 create mode 100644 KXEFLCHAMPIONSHIPGAME/trades/TRADES_KXEFLCHAMPIONSHIPGAME-26MAR21BLAMID-BLA.csv
 create mode 100644 KXEFLCHAMPIONSHIPGAME/trades/TRADES_KXEFLCHAMPIONSHIPGAME-26MAR21BLAMID-MID.csv
 create mode 100644 KXEFLCHAMPIONSHIPGAME/trades/TRADES_KXEFLCHAMPIONSHIPGAME-26MAR21BLAMID-TIE.csv
 create mode 100644 KXEFLCHAMPIONSHIPGAME/trades/TRADES_KXEFLCHAMPIONSHIPGAME-26MAR21BRCWBA-BRC.csv
 create mode 100644 KXEFLCHAMPIONSHIPGAME/trades/TRADES_KXEFLCHAMPIONSHIPGAME-26MAR21BRCWBA-TIE.csv
 create mode 100644 KXEFLCHAMPIONSHIPGAME/trades/TRADES_KXEFLCHAMPIONSHIPGAME-26MAR21BRCWBA-WBA.csv
 create mode 100644 KXEFLCHAMPIONSHIPGAME/trades/TRADES_KXEFLCHAMPIONSHIPGAME-26MAR21CHANOR-CHA.csv
 create mode 100644 KXEFLCHAMPIONSHIPGAME/trades/TRADES_KXEFLCHAMPIONSHIPGAME-26MAR21CHANOR-NOR.csv
 create mode 100644 KXEFLCHAMPIONSHIPGAME/trades/TRADES_KXEFLCHAMPIONSHIPGAME-26MAR21CHANOR-TIE.csv
 create mode 100644 KXEFLCHAMPIONSHIPGAME/trades/TRADES_KXEFLCHAMPIONSHIPGAME-26MAR21DERBC-BC.csv
 create mode 100644 KXEFLCHAMPIONSHIPGAME/trades/TRADES_KXEFLCHAMPIONSHIPGAME-26MAR21DERBC-DER.csv
 create mode 100644 KXEFLCHAMPIONSHIPGAME/trades/TRADES_KXEFLCHAMPIONSHIPGAME-26MAR21DERBC-TIE.csv
 create mode 100644 KXEFLCHAMPIONSHIPGAME/trades/TRADES_KXEFLCHAMPIONSHIPGAME-26MAR21HULSHW-HUL.csv
 create mode 100644 KXEFLCHAMPIONSHIPGAME/trades/TRADES_KXEFLCHAMPIONSHIPGAME-26MAR21HULSHW-SHW.csv
 create mode 100644 KXEFLCHAMPIONSHIPGAME/trades/TRADES_KXEFLCHAMPIONSHIPGAME-26MAR21HULSHW-TIE.csv
 create mode 100644 KXEFLCHAMPIONSHIPGAME/trades/TRADES_KXEFLCHAMPIONSHIPGAME-26MAR21IPSMIL-IPS.csv
 create mode 100644 KXEFLCHAMPIONSHIPGAME/trades/TRADES_KXEFLCHAMPIONSHIPGAME-26MAR21IPSMIL-MIL.csv
 create mode 100644 KXEFLCHAMPIONSHIPGAME/trades/TRADES_KXEFLCHAMPIONSHIPGAME-26MAR21IPSMIL-TIE.csv
 create mode 100644 KXEFLCHAMPIONSHIPGAME/trades/TRADES_KXEFLCHAMPIONSHIPGAME-26MAR21QPRPOR-POR.csv
 create mode 100644 KXEFLCHAMPIONSHIPGAME/trades/TRADES_KXEFLCHAMPIONSHIPGAME-26MAR21QPRPOR-QPR.csv
 create mode 100644 KXEFLCHAMPIONSHIPGAME/trades/TRADES_KXEFLCHAMPIONSHIPGAME-26MAR21QPRPOR-TIE.csv
 create mode 100644 KXEFLCHAMPIONSHIPGAME/trades/TRADES_KXEFLCHAMPIONSHIPGAME-26MAR21SHUWRE-SHU.csv
 create mode 100644 KXEFLCHAMPIONSHIPGAME/trades/TRADES_KXEFLCHAMPIONSHIPGAME-26MAR21SHUWRE-TIE.csv
 create mode 100644 KXEFLCHAMPIONSHIPGAME/trades/TRADES_KXEFLCHAMPIONSHIPGAME-26MAR21SHUWRE-WRE.csv
 create mode 100644 KXEFLCHAMPIONSHIPGAME/trades/TRADES_KXEFLCHAMPIONSHIPGAME-26MAR21SOUOXU-OXU.csv
 create mode 100644 KXEFLCHAMPIONSHIPGAME/trades/TRADES_KXEFLCHAMPIONSHIPGAME-26MAR21SOUOXU-SOU.csv
 create mode 100644 KXEFLCHAMPIONSHIPGAME/trades/TRADES_KXEFLCHAMPIONSHIPGAME-26MAR21SOUOXU-TIE.csv
 create mode 100644 KXEFLCHAMPIONSHIPGAME/trades/TRADES_KXEFLCHAMPIONSHIPGAME-26MAR21WATLEI-LEI.csv
 create mode 100644 KXEFLCHAMPIONSHIPGAME/trades/TRADES_KXEFLCHAMPIONSHIPGAME-26MAR21WATLEI-TIE.csv
 create mode 100644 KXEFLCHAMPIONSHIPGAME/trades/TRADES_KXEFLCHAMPIONSHIPGAME-26MAR21WATLEI-WAT.csv
 create mode 100644 KXEPLGAME/depth/DEPTH_KXEPLGAME-26MAR21BRILFC-BRI.csv
 create mode 100644 KXEPLGAME/depth/DEPTH_KXEPLGAME-26MAR21BRILFC-LFC.csv
 create mode 100644 KXEPLGAME/depth/DEPTH_KXEPLGAME-26MAR21BRILFC-TIE.csv
 create mode 100644 KXEPLGAME/depth/DEPTH_KXEPLGAME-26MAR21FULBUR-BUR.csv
 create mode 100644 KXEPLGAME/depth/DEPTH_KXEPLGAME-26MAR21FULBUR-FUL.csv
 create mode 100644 KXEPLGAME/depth/DEPTH_KXEPLGAME-26MAR21FULBUR-TIE.csv
 create mode 100644 KXEPLGAME/prices/KXEPLGAME-26MAR21BRILFC-BRI.csv
 create mode 100644 KXEPLGAME/prices/KXEPLGAME-26MAR21BRILFC-LFC.csv
 create mode 100644 KXEPLGAME/prices/KXEPLGAME-26MAR21BRILFC-TIE.csv
 create mode 100644 KXEPLGAME/prices/KXEPLGAME-26MAR21FULBUR-BUR.csv
 create mode 100644 KXEPLGAME/prices/KXEPLGAME-26MAR21FULBUR-FUL.csv
 create mode 100644 KXEPLGAME/prices/KXEPLGAME-26MAR21FULBUR-TIE.csv
 create mode 100644 KXEPLGAME/trades/TRADES_KXEPLGAME-26MAR21BRILFC-BRI.csv
 create mode 100644 KXEPLGAME/trades/TRADES_KXEPLGAME-26MAR21BRILFC-LFC.csv
 create mode 100644 KXEPLGAME/trades/TRADES_KXEPLGAME-26MAR21BRILFC-TIE.csv
 create mode 100644 KXEPLGAME/trades/TRADES_KXEPLGAME-26MAR21FULBUR-BUR.csv
 create mode 100644 KXEPLGAME/trades/TRADES_KXEPLGAME-26MAR21FULBUR-FUL.csv
 create mode 100644 KXEPLGAME/trades/TRADES_KXEPLGAME-26MAR21FULBUR-TIE.csv
 create mode 100644 KXLALIGAGAME/depth/DEPTH_KXLALIGAGAME-26MAR21ELCMAL-ELC.csv
 create mode 100644 KXLALIGAGAME/depth/DEPTH_KXLALIGAGAME-26MAR21ELCMAL-MAL.csv
 create mode 100644 KXLALIGAGAME/depth/DEPTH_KXLALIGAGAME-26MAR21ELCMAL-TIE.csv
 create mode 100644 KXLALIGAGAME/depth/DEPTH_KXLALIGAGAME-26MAR21ESPGET-ESP.csv
 create mode 100644 KXLALIGAGAME/depth/DEPTH_KXLALIGAGAME-26MAR21ESPGET-GET.csv
 create mode 100644 KXLALIGAGAME/depth/DEPTH_KXLALIGAGAME-26MAR21ESPGET-TIE.csv
 create mode 100644 KXLALIGAGAME/prices/KXLALIGAGAME-26MAR21ELCMAL-ELC.csv
 create mode 100644 KXLALIGAGAME/prices/KXLALIGAGAME-26MAR21ELCMAL-MAL.csv
 create mode 100644 KXLALIGAGAME/prices/KXLALIGAGAME-26MAR21ELCMAL-TIE.csv
 create mode 100644 KXLALIGAGAME/prices/KXLALIGAGAME-26MAR21ESPGET-ESP.csv
 create mode 100644 KXLALIGAGAME/prices/KXLALIGAGAME-26MAR21ESPGET-GET.csv
 create mode 100644 KXLALIGAGAME/prices/KXLALIGAGAME-26MAR21ESPGET-TIE.csv
 create mode 100644 KXLALIGAGAME/trades/TRADES_KXLALIGAGAME-26MAR21ELCMAL-ELC.csv
 create mode 100644 KXLALIGAGAME/trades/TRADES_KXLALIGAGAME-26MAR21ELCMAL-MAL.csv
 create mode 100644 KXLALIGAGAME/trades/TRADES_KXLALIGAGAME-26MAR21ELCMAL-TIE.csv
 create mode 100644 KXLALIGAGAME/trades/TRADES_KXLALIGAGAME-26MAR21ESPGET-ESP.csv
 create mode 100644 KXLALIGAGAME/trades/TRADES_KXLALIGAGAME-26MAR21ESPGET-GET.csv
 create mode 100644 KXLALIGAGAME/trades/TRADES_KXLALIGAGAME-26MAR21ESPGET-TIE.csv
 create mode 100644 KXLIGUE1GAME/depth/DEPTH_KXLIGUE1GAME-26MAR21TFCFCL-FCL.csv
 create mode 100644 KXLIGUE1GAME/depth/DEPTH_KXLIGUE1GAME-26MAR21TFCFCL-TFC.csv
 create mode 100644 KXLIGUE1GAME/depth/DEPTH_KXLIGUE1GAME-26MAR21TFCFCL-TIE.csv
 create mode 100644 KXLIGUE1GAME/prices/KXLIGUE1GAME-26MAR21TFCFCL-FCL.csv
 create mode 100644 KXLIGUE1GAME/prices/KXLIGUE1GAME-26MAR21TFCFCL-TFC.csv
 create mode 100644 KXLIGUE1GAME/prices/KXLIGUE1GAME-26MAR21TFCFCL-TIE.csv
 create mode 100644 KXLIGUE1GAME/trades/TRADES_KXLIGUE1GAME-26MAR21TFCFCL-FCL.csv
 create mode 100644 KXLIGUE1GAME/trades/TRADES_KXLIGUE1GAME-26MAR21TFCFCL-TFC.csv
 create mode 100644 KXLIGUE1GAME/trades/TRADES_KXLIGUE1GAME-26MAR21TFCFCL-TIE.csv
 create mode 100644 KXNCAAMBGAME/depth/DEPTH_KXNCAAMBGAME-26MAR21GWUNM-GW.csv
 create mode 100644 KXNCAAMBGAME/depth/DEPTH_KXNCAAMBGAME-26MAR21GWUNM-UNM.csv
 create mode 100644 KXNCAAMBGAME/depth/DEPTH_KXNCAAMBGAME-26MAR21HPARK-ARK.csv
 create mode 100644 KXNCAAMBGAME/depth/DEPTH_KXNCAAMBGAME-26MAR21ILSTWAKE-WAKE.csv
 create mode 100644 KXNCAAMBGAME/depth/DEPTH_KXNCAAMBGAME-26MAR21JOESCAL-CAL.csv
 create mode 100644 KXNCAAMBGAME/depth/DEPTH_KXNCAAMBGAME-26MAR21JOESCAL-JOES.csv
 create mode 100644 KXNCAAMBGAME/depth/DEPTH_KXNCAAMBGAME-26MAR21LIBNEV-LIB.csv
 create mode 100644 KXNCAAMBGAME/depth/DEPTH_KXNCAAMBGAME-26MAR21LOUMSU-LOU.csv
 create mode 100644 KXNCAAMBGAME/depth/DEPTH_KXNCAAMBGAME-26MAR21LOUMSU-MSU.csv
 create mode 100644 KXNCAAMBGAME/depth/DEPTH_KXNCAAMBGAME-26MAR21SEAAUB-AUB.csv
 create mode 100644 KXNCAAMBGAME/depth/DEPTH_KXNCAAMBGAME-26MAR21SEAAUB-SEA.csv
 create mode 100644 KXNCAAMBGAME/depth/DEPTH_KXNCAAMBGAME-26MAR21SLUMICH-MICH.csv
 create mode 100644 KXNCAAMBGAME/depth/DEPTH_KXNCAAMBGAME-26MAR21SLUMICH-SLU.csv
 create mode 100644 KXNCAAMBGAME/depth/DEPTH_KXNCAAMBGAME-26MAR21TCUDUKE-DUKE.csv
 create mode 100644 KXNCAAMBGAME/depth/DEPTH_KXNCAAMBGAME-26MAR21UNCWDAY-UNCW.csv
 create mode 100644 KXNCAAMBGAME/depth/DEPTH_KXNCAAMBGAME-26MAR21VANNEB-VAN.csv
 create mode 100644 KXNCAAMBGAME/depth/DEPTH_KXNCAAMBGAME-26MAR21WICHOKST-OKST.csv
 create mode 100644 KXNCAAMBGAME/prices/KXNCAAMBGAME-26MAR21GWUNM-GW.csv
 create mode 100644 KXNCAAMBGAME/prices/KXNCAAMBGAME-26MAR21GWUNM-UNM.csv
 create mode 100644 KXNCAAMBGAME/prices/KXNCAAMBGAME-26MAR21HPARK-ARK.csv
 create mode 100644 KXNCAAMBGAME/prices/KXNCAAMBGAME-26MAR21ILSTWAKE-WAKE.csv
 create mode 100644 KXNCAAMBGAME/prices/KXNCAAMBGAME-26MAR21JOESCAL-CAL.csv
 create mode 100644 KXNCAAMBGAME/prices/KXNCAAMBGAME-26MAR21JOESCAL-JOES.csv
 create mode 100644 KXNCAAMBGAME/prices/KXNCAAMBGAME-26MAR21LIBNEV-LIB.csv
 create mode 100644 KXNCAAMBGAME/prices/KXNCAAMBGAME-26MAR21LOUMSU-LOU.csv
 create mode 100644 KXNCAAMBGAME/prices/KXNCAAMBGAME-26MAR21LOUMSU-MSU.csv
 create mode 100644 KXNCAAMBGAME/prices/KXNCAAMBGAME-26MAR21SEAAUB-AUB.csv
 create mode 100644 KXNCAAMBGAME/prices/KXNCAAMBGAME-26MAR21SEAAUB-SEA.csv
 create mode 100644 KXNCAAMBGAME/prices/KXNCAAMBGAME-26MAR21SLUMICH-MICH.csv
 create mode 100644 KXNCAAMBGAME/prices/KXNCAAMBGAME-26MAR21SLUMICH-SLU.csv
 create mode 100644 KXNCAAMBGAME/prices/KXNCAAMBGAME-26MAR21TCUDUKE-DUKE.csv
 create mode 100644 KXNCAAMBGAME/prices/KXNCAAMBGAME-26MAR21UNCWDAY-UNCW.csv
 create mode 100644 KXNCAAMBGAME/prices/KXNCAAMBGAME-26MAR21VANNEB-VAN.csv
 create mode 100644 KXNCAAMBGAME/prices/KXNCAAMBGAME-26MAR21WICHOKST-OKST.csv
 create mode 100644 KXNCAAMBGAME/trades/TRADES_KXNCAAMBGAME-26MAR21GWUNM-GW.csv
 create mode 100644 KXNCAAMBGAME/trades/TRADES_KXNCAAMBGAME-26MAR21GWUNM-UNM.csv
 create mode 100644 KXNCAAMBGAME/trades/TRADES_KXNCAAMBGAME-26MAR21HPARK-ARK.csv
 create mode 100644 KXNCAAMBGAME/trades/TRADES_KXNCAAMBGAME-26MAR21ILSTWAKE-WAKE.csv
 create mode 100644 KXNCAAMBGAME/trades/TRADES_KXNCAAMBGAME-26MAR21JOESCAL-CAL.csv
 create mode 100644 KXNCAAMBGAME/trades/TRADES_KXNCAAMBGAME-26MAR21JOESCAL-JOES.csv
 create mode 100644 KXNCAAMBGAME/trades/TRADES_KXNCAAMBGAME-26MAR21LIBNEV-LIB.csv
 create mode 100644 KXNCAAMBGAME/trades/TRADES_KXNCAAMBGAME-26MAR21LOUMSU-LOU.csv
 create mode 100644 KXNCAAMBGAME/trades/TRADES_KXNCAAMBGAME-26MAR21LOUMSU-MSU.csv
 create mode 100644 KXNCAAMBGAME/trades/TRADES_KXNCAAMBGAME-26MAR21SEAAUB-AUB.csv
 create mode 100644 KXNCAAMBGAME/trades/TRADES_KXNCAAMBGAME-26MAR21SEAAUB-SEA.csv
 create mode 100644 KXNCAAMBGAME/trades/TRADES_KXNCAAMBGAME-26MAR21SLUMICH-MICH.csv
 create mode 100644 KXNCAAMBGAME/trades/TRADES_KXNCAAMBGAME-26MAR21SLUMICH-SLU.csv
 create mode 100644 KXNCAAMBGAME/trades/TRADES_KXNCAAMBGAME-26MAR21TCUDUKE-DUKE.csv
 create mode 100644 KXNCAAMBGAME/trades/TRADES_KXNCAAMBGAME-26MAR21UNCWDAY-UNCW.csv
 create mode 100644 KXNCAAMBGAME/trades/TRADES_KXNCAAMBGAME-26MAR21VANNEB-VAN.csv
 create mode 100644 KXNCAAMBGAME/trades/TRADES_KXNCAAMBGAME-26MAR21WICHOKST-OKST.csv
 create mode 100644 KXNCAAWBGAME/depth/DEPTH_KXNCAAWBGAME-26MAR21CBUUCLA-UCLA.csv
 create mode 100644 KXNCAAWBGAME/depth/DEPTH_KXNCAAWBGAME-26MAR21COLOILL-ILL.csv
 create mode 100644 KXNCAAWBGAME/depth/DEPTH_KXNCAAWBGAME-26MAR21FAIRND-FAIR.csv
 create mode 100644 KXNCAAWBGAME/depth/DEPTH_KXNCAAWBGAME-26MAR21FAIRND-ND.csv
 create mode 100644 KXNCAAWBGAME/depth/DEPTH_KXNCAAWBGAME-26MAR21FDUIOWA-IOWA.csv
 create mode 100644 KXNCAAWBGAME/depth/DEPTH_KXNCAAWBGAME-26MAR21HOWOSU-HOW.csv
 create mode 100644 KXNCAAWBGAME/depth/DEPTH_KXNCAAWBGAME-26MAR21HOWOSU-OSU.csv
 create mode 100644 KXNCAAWBGAME/depth/DEPTH_KXNCAAWBGAME-26MAR21HPVAN-HP.csv
 create mode 100644 KXNCAAWBGAME/depth/DEPTH_KXNCAAWBGAME-26MAR21HPVAN-VAN.csv
 create mode 100644 KXNCAAWBGAME/depth/DEPTH_KXNCAAWBGAME-26MAR21JMUUK-UK.csv
 create mode 100644 KXNCAAWBGAME/depth/DEPTH_KXNCAAWBGAME-26MAR21MOHWVU-MOH.csv
 create mode 100644 KXNCAAWBGAME/depth/DEPTH_KXNCAAWBGAME-26MAR21SOUSCAR-SOU.csv
 create mode 100644 KXNCAAWBGAME/depth/DEPTH_KXNCAAWBGAME-26MAR21SYRISU-ISU.csv
 create mode 100644 KXNCAAWBGAME/depth/DEPTH_KXNCAAWBGAME-26MAR21SYRISU-SYR.csv
 create mode 100644 KXNCAAWBGAME/depth/DEPTH_KXNCAAWBGAME-26MAR21URIALA-URI.csv
 create mode 100644 KXNCAAWBGAME/depth/DEPTH_KXNCAAWBGAME-26MAR21USCCLEM-CLEM.csv
 create mode 100644 KXNCAAWBGAME/depth/DEPTH_KXNCAAWBGAME-26MAR21USCCLEM-USC.csv
 create mode 100644 KXNCAAWBGAME/depth/DEPTH_KXNCAAWBGAME-26MAR21UTSACONN-CONN.csv
 create mode 100644 KXNCAAWBGAME/depth/DEPTH_KXNCAAWBGAME-26MAR21UTSACONN-UTSA.csv
 create mode 100644 KXNCAAWBGAME/depth/DEPTH_KXNCAAWBGAME-26MAR21UVMLOU-LOU.csv
 create mode 100644 KXNCAAWBGAME/depth/DEPTH_KXNCAAWBGAME-26MAR21UVMLOU-UVM.csv
 create mode 100644 KXNCAAWBGAME/prices/KXNCAAWBGAME-26MAR21CBUUCLA-UCLA.csv
 create mode 100644 KXNCAAWBGAME/prices/KXNCAAWBGAME-26MAR21COLOILL-ILL.csv
 create mode 100644 KXNCAAWBGAME/prices/KXNCAAWBGAME-26MAR21FAIRND-FAIR.csv
 create mode 100644 KXNCAAWBGAME/prices/KXNCAAWBGAME-26MAR21FAIRND-ND.csv
 create mode 100644 KXNCAAWBGAME/prices/KXNCAAWBGAME-26MAR21FDUIOWA-IOWA.csv
 create mode 100644 KXNCAAWBGAME/prices/KXNCAAWBGAME-26MAR21HOWOSU-HOW.csv
 create mode 100644 KXNCAAWBGAME/prices/KXNCAAWBGAME-26MAR21HOWOSU-OSU.csv
 create mode 100644 KXNCAAWBGAME/prices/KXNCAAWBGAME-26MAR21HPVAN-HP.csv
 create mode 100644 KXNCAAWBGAME/prices/KXNCAAWBGAME-26MAR21HPVAN-VAN.csv
 create mode 100644 KXNCAAWBGAME/prices/KXNCAAWBGAME-26MAR21JMUUK-UK.csv
 create mode 100644 KXNCAAWBGAME/prices/KXNCAAWBGAME-26MAR21MOHWVU-MOH.csv
 create mode 100644 KXNCAAWBGAME/prices/KXNCAAWBGAME-26MAR21SOUSCAR-SOU.csv
 create mode 100644 KXNCAAWBGAME/prices/KXNCAAWBGAME-26MAR21SYRISU-ISU.csv
 create mode 100644 KXNCAAWBGAME/prices/KXNCAAWBGAME-26MAR21SYRISU-SYR.csv
 create mode 100644 KXNCAAWBGAME/prices/KXNCAAWBGAME-26MAR21URIALA-URI.csv
 create mode 100644 KXNCAAWBGAME/prices/KXNCAAWBGAME-26MAR21USCCLEM-CLEM.csv
 create mode 100644 KXNCAAWBGAME/prices/KXNCAAWBGAME-26MAR21USCCLEM-USC.csv
 create mode 100644 KXNCAAWBGAME/prices/KXNCAAWBGAME-26MAR21UTSACONN-CONN.csv
 create mode 100644 KXNCAAWBGAME/prices/KXNCAAWBGAME-26MAR21UTSACONN-UTSA.csv
 create mode 100644 KXNCAAWBGAME/prices/KXNCAAWBGAME-26MAR21UVMLOU-LOU.csv
 create mode 100644 KXNCAAWBGAME/prices/KXNCAAWBGAME-26MAR21UVMLOU-UVM.csv
 create mode 100644 KXNCAAWBGAME/trades/TRADES_KXNCAAWBGAME-26MAR21CBUUCLA-UCLA.csv
 create mode 100644 KXNCAAWBGAME/trades/TRADES_KXNCAAWBGAME-26MAR21COLOILL-ILL.csv
 create mode 100644 KXNCAAWBGAME/trades/TRADES_KXNCAAWBGAME-26MAR21FAIRND-FAIR.csv
 create mode 100644 KXNCAAWBGAME/trades/TRADES_KXNCAAWBGAME-26MAR21FAIRND-ND.csv
 create mode 100644 KXNCAAWBGAME/trades/TRADES_KXNCAAWBGAME-26MAR21FDUIOWA-IOWA.csv
 create mode 100644 KXNCAAWBGAME/trades/TRADES_KXNCAAWBGAME-26MAR21HOWOSU-HOW.csv
 create mode 100644 KXNCAAWBGAME/trades/TRADES_KXNCAAWBGAME-26MAR21HOWOSU-OSU.csv
 create mode 100644 KXNCAAWBGAME/trades/TRADES_KXNCAAWBGAME-26MAR21HPVAN-HP.csv
 create mode 100644 KXNCAAWBGAME/trades/TRADES_KXNCAAWBGAME-26MAR21HPVAN-VAN.csv
 create mode 100644 KXNCAAWBGAME/trades/TRADES_KXNCAAWBGAME-26MAR21JMUUK-UK.csv
 create mode 100644 KXNCAAWBGAME/trades/TRADES_KXNCAAWBGAME-26MAR21MOHWVU-MOH.csv
 create mode 100644 KXNCAAWBGAME/trades/TRADES_KXNCAAWBGAME-26MAR21SOUSCAR-SOU.csv
 create mode 100644 KXNCAAWBGAME/trades/TRADES_KXNCAAWBGAME-26MAR21SYRISU-ISU.csv
 create mode 100644 KXNCAAWBGAME/trades/TRADES_KXNCAAWBGAME-26MAR21SYRISU-SYR.csv
 create mode 100644 KXNCAAWBGAME/trades/TRADES_KXNCAAWBGAME-26MAR21URIALA-URI.csv
 create mode 100644 KXNCAAWBGAME/trades/TRADES_KXNCAAWBGAME-26MAR21USCCLEM-CLEM.csv
 create mode 100644 KXNCAAWBGAME/trades/TRADES_KXNCAAWBGAME-26MAR21USCCLEM-USC.csv
 create mode 100644 KXNCAAWBGAME/trades/TRADES_KXNCAAWBGAME-26MAR21UTSACONN-CONN.csv
 create mode 100644 KXNCAAWBGAME/trades/TRADES_KXNCAAWBGAME-26MAR21UTSACONN-UTSA.csv
 create mode 100644 KXNCAAWBGAME/trades/TRADES_KXNCAAWBGAME-26MAR21UVMLOU-LOU.csv
 create mode 100644 KXNCAAWBGAME/trades/TRADES_KXNCAAWBGAME-26MAR21UVMLOU-UVM.csv
 create mode 100644 KXNHLGAME/depth/DEPTH_KXNHLGAME-26MAR21WPGPIT-PIT.csv
 create mode 100644 KXNHLGAME/depth/DEPTH_KXNHLGAME-26MAR21WPGPIT-WPG.csv
 create mode 100644 KXNHLGAME/prices/KXNHLGAME-26MAR21WPGPIT-PIT.csv
 create mode 100644 KXNHLGAME/prices/KXNHLGAME-26MAR21WPGPIT-WPG.csv
 create mode 100644 KXNHLGAME/trades/TRADES_KXNHLGAME-26MAR21WPGPIT-PIT.csv
 create mode 100644 KXNHLGAME/trades/TRADES_KXNHLGAME-26MAR21WPGPIT-WPG.csv
 create mode 100644 KXSERIEAGAME/depth/DEPTH_KXSERIEAGAME-26MAR21PARCRE-CRE.csv
 create mode 100644 KXSERIEAGAME/depth/DEPTH_KXSERIEAGAME-26MAR21PARCRE-PAR.csv
 create mode 100644 KXSERIEAGAME/depth/DEPTH_KXSERIEAGAME-26MAR21PARCRE-TIE.csv
 create mode 100644 KXSERIEAGAME/prices/KXSERIEAGAME-26MAR21PARCRE-CRE.csv
 create mode 100644 KXSERIEAGAME/prices/KXSERIEAGAME-26MAR21PARCRE-PAR.csv
 create mode 100644 KXSERIEAGAME/prices/KXSERIEAGAME-26MAR21PARCRE-TIE.csv
 create mode 100644 KXSERIEAGAME/trades/TRADES_KXSERIEAGAME-26MAR21PARCRE-CRE.csv
 create mode 100644 KXSERIEAGAME/trades/TRADES_KXSERIEAGAME-26MAR21PARCRE-PAR.csv
 create mode 100644 KXSERIEAGAME/trades/TRADES_KXSERIEAGAME-26MAR21PARCRE-TIE.csv
 create mode 100644 NBA/data/prices/KXNBAGAME-26MAR21CLENOP-CLE.csv
 create mode 100644 NBA/data/prices/KXNBAGAME-26MAR21CLENOP-NOP.csv
 create mode 100644 NBA/data/prices/KXNBAGAME-26MAR21GSWATL-ATL.csv
 create mode 100644 NBA/data/prices/KXNBAGAME-26MAR21GSWATL-GSW.csv
 create mode 100644 NBA/data/prices/KXNBAGAME-26MAR21INDSAS-IND.csv
 create mode 100644 NBA/data/prices/KXNBAGAME-26MAR21INDSAS-SAS.csv
 create mode 100644 NBA/data/prices/KXNBAGAME-26MAR21LACDAL-DAL.csv
 create mode 100644 NBA/data/prices/KXNBAGAME-26MAR21LACDAL-LAC.csv
 create mode 100644 NBA/data/prices/KXNBAGAME-26MAR21LALORL-LAL.csv
 create mode 100644 NBA/data/prices/KXNBAGAME-26MAR21LALORL-ORL.csv
 create mode 100644 NBA/data/prices/KXNBAGAME-26MAR21MEMCHA-CHA.csv
 create mode 100644 NBA/data/prices/KXNBAGAME-26MAR21MEMCHA-MEM.csv
 create mode 100644 NBA/data/prices/KXNBAGAME-26MAR21MIAHOU-HOU.csv
 create mode 100644 NBA/data/prices/KXNBAGAME-26MAR21MIAHOU-MIA.csv
 create mode 100644 NBA/data/prices/KXNBAGAME-26MAR21MILPHX-MIL.csv
 create mode 100644 NBA/data/prices/KXNBAGAME-26MAR21MILPHX-PHX.csv
 create mode 100644 NBA/data/prices/KXNBAGAME-26MAR21OKCWAS-OKC.csv
 create mode 100644 NBA/data/prices/KXNBAGAME-26MAR21OKCWAS-WAS.csv
 create mode 100644 NBA/data/prices/KXNBAGAME-26MAR21PHIUTA-PHI.csv
 create mode 100644 NBA/data/prices/KXNBAGAME-26MAR21PHIUTA-UTA.csv
 create mode 100644 NBA/data/trades/TRADES_KXNBAGAME-26MAR21CLENOP-CLE.csv
 create mode 100644 NBA/data/trades/TRADES_KXNBAGAME-26MAR21CLENOP-NOP.csv
 create mode 100644 NBA/data/trades/TRADES_KXNBAGAME-26MAR21GSWATL-ATL.csv
 create mode 100644 NBA/data/trades/TRADES_KXNBAGAME-26MAR21GSWATL-GSW.csv
 create mode 100644 NBA/data/trades/TRADES_KXNBAGAME-26MAR21INDSAS-IND.csv
 create mode 100644 NBA/data/trades/TRADES_KXNBAGAME-26MAR21INDSAS-SAS.csv
 create mode 100644 NBA/data/trades/TRADES_KXNBAGAME-26MAR21LACDAL-DAL.csv
 create mode 100644 NBA/data/trades/TRADES_KXNBAGAME-26MAR21LACDAL-LAC.csv
 create mode 100644 NBA/data/trades/TRADES_KXNBAGAME-26MAR21LALORL-LAL.csv
 create mode 100644 NBA/data/trades/TRADES_KXNBAGAME-26MAR21LALORL-ORL.csv
 create mode 100644 NBA/data/trades/TRADES_KXNBAGAME-26MAR21MEMCHA-CHA.csv
 create mode 100644 NBA/data/trades/TRADES_KXNBAGAME-26MAR21MEMCHA-MEM.csv
 create mode 100644 NBA/data/trades/TRADES_KXNBAGAME-26MAR21MIAHOU-HOU.csv
 create mode 100644 NBA/data/trades/TRADES_KXNBAGAME-26MAR21MIAHOU-MIA.csv
 create mode 100644 NBA/data/trades/TRADES_KXNBAGAME-26MAR21MILPHX-MIL.csv
 create mode 100644 NBA/data/trades/TRADES_KXNBAGAME-26MAR21MILPHX-PHX.csv
 create mode 100644 NBA/data/trades/TRADES_KXNBAGAME-26MAR21OKCWAS-OKC.csv
 create mode 100644 NBA/data/trades/TRADES_KXNBAGAME-26MAR21OKCWAS-WAS.csv
 create mode 100644 NBA/data/trades/TRADES_KXNBAGAME-26MAR21PHIUTA-PHI.csv
 create mode 100644 NBA/data/trades/TRADES_KXNBAGAME-26MAR21PHIUTA-UTA.csv
Already up to date.
