  KXNCAAMBGAME-26MAR14MISSARK-MISS: collection starts at 2026-03-14 12:00:00 (tipoff ts=1773515700)
  KXNCAAMBGAME-26MAR14MISSARK-ARK: collection starts at 2026-03-14 12:00:00 (tipoff ts=1773515700)
  KXNCAAMBGAME-26MAR14PURUCLA-UCLA: collection starts at 2026-03-14 12:00:00 (tipoff ts=1773515700)
  KXNCAAMBGAME-26MAR14PURUCLA-PUR: collection starts at 2026-03-14 12:00:00 (tipoff ts=1773515700)
  KXNCAAMBGAME-26MAR14JOESVCU-VCU: collection starts at 2026-03-14 12:00:00 (tipoff ts=1773515700)
  KXNCAAMBGAME-26MAR14JOESVCU-JOES: collection starts at 2026-03-14 12:00:00 (tipoff ts=1773515700)
  KXNCAAMBGAME-26MAR14TLSAWICH-WICH: collection starts at 2026-03-14 14:00:00 (tipoff ts=1773522900)
  KXNCAAMBGAME-26MAR14TLSAWICH-TLSA: collection starts at 2026-03-14 14:00:00 (tipoff ts=1773522900)
  KXNCAAMBGAME-26MAR14CHARUSF-USF: collection starts at 2026-03-14 11:30:00 (tipoff ts=1773513900)
  KXNCAAMBGAME-26MAR14CHARUSF-CHAR: collection starts at 2026-03-14 11:30:00 (tipoff ts=1773513900)
  KXNCAAWBGAME-26MAR14UTSARICE-UTSA: collection starts at 2026-03-14 18:00:00 (tipoff ts=1773537300)
  KXNCAAWBGAME-26MAR14UTSARICE-RICE: collection starts at 2026-03-14 18:00:00 (tipoff ts=1773537300)
  KXNCAAWBGAME-26MAR14EVANILST-ILST: collection starts at 2026-03-14 13:30:00 (tipoff ts=1773521100)
  KXNCAAWBGAME-26MAR14EVANILST-EVAN: collection starts at 2026-03-14 13:30:00 (tipoff ts=1773521100)
  KXNCAAWBGAME-26MAR14MOSULT-MOSU: collection starts at 2026-03-14 14:00:00 (tipoff ts=1773522900)
  KXNCAAWBGAME-26MAR14MOSULT-LT: collection starts at 2026-03-14 14:00:00 (tipoff ts=1773522900)
  KXNCAAWBGAME-26MAR14HARVPRIN-PRIN: collection starts at 2026-03-14 14:00:00 (tipoff ts=1773522900)
  KXNCAAWBGAME-26MAR14HARVPRIN-HARV: collection starts at 2026-03-14 14:00:00 (tipoff ts=1773522900)
  KXNCAAWBGAME-26MAR14HOFDREX-HOF: collection starts at 2026-03-14 13:00:00 (tipoff ts=1773519300)
  KXNCAAWBGAME-26MAR14HOFDREX-DREX: collection starts at 2026-03-14 13:00:00 (tipoff ts=1773519300)
  KXNCAAWBGAME-26MAR14HAWUCSD-UCSD: collection starts at 2026-03-14 14:30:00 (tipoff ts=1773524700)
  KXNCAAWBGAME-26MAR14HAWUCSD-HAW: collection starts at 2026-03-14 14:30:00 (tipoff ts=1773524700)
  KXNCAAWBGAME-26MAR14ACCBU-CBU: collection starts at 2026-03-14 12:00:00 (tipoff ts=1773515700)
  KXNCAAWBGAME-26MAR14ACCBU-AC: collection starts at 2026-03-14 12:00:00 (tipoff ts=1773515700)
  KXNCAAWBGAME-26MAR14NORFHOW-NORF: collection starts at 2026-03-14 12:30:00 (tipoff ts=1773517500)
  KXNCAAWBGAME-26MAR14NORFHOW-HOW: collection starts at 2026-03-14 12:30:00 (tipoff ts=1773517500)
  KXNCAAWBGAME-26MAR15LEHHC-LEH: collection starts at 2026-03-15 08:30:00 (tipoff ts=1773589500)
  KXNCAAWBGAME-26MAR15LEHHC-HC: collection starts at 2026-03-15 08:30:00 (tipoff ts=1773589500)
  KXNCAAWBGAME-26MAR15LIUFDU-LIU: collection starts at 2026-03-15 08:30:00 (tipoff ts=1773589500)
  KXNCAAWBGAME-26MAR15LIUFDU-FDU: collection starts at 2026-03-15 08:30:00 (tipoff ts=1773589500)
  KXNBAGAME-26MAR15MINOKC-OKC: collection starts at 2026-03-15 09:30:00 (tipoff ts=1773593100)
  KXNBAGAME-26MAR15MINOKC-MIN: collection starts at 2026-03-15 09:30:00 (tipoff ts=1773593100)
  KXNBAGAME-26MAR14SACLAC-SAC: collection starts at 2026-03-14 19:00:00 (tipoff ts=1773540900)
  KXNBAGAME-26MAR14SACLAC-LAC: collection starts at 2026-03-14 19:00:00 (tipoff ts=1773540900)
  KXNBAGAME-26MAR14ORLMIA-ORL: collection starts at 2026-03-14 16:30:00 (tipoff ts=1773531900)
  KXNBAGAME-26MAR14ORLMIA-MIA: collection starts at 2026-03-14 16:30:00 (tipoff ts=1773531900)
  KXNBAGAME-26MAR14DENLAL-LAL: collection starts at 2026-03-14 17:00:00 (tipoff ts=1773533700)
  KXNBAGAME-26MAR14DENLAL-DEN: collection starts at 2026-03-14 17:00:00 (tipoff ts=1773533700)
  KXNBAGAME-26MAR14WASBOS-WAS: collection starts at 2026-03-14 14:30:00 (tipoff ts=1773524700)
  KXNBAGAME-26MAR14WASBOS-BOS: collection starts at 2026-03-14 14:30:00 (tipoff ts=1773524700)
  KXNBAGAME-26MAR14CHASAS-SAS: collection starts at 2026-03-14 12:00:00 (tipoff ts=1773515700)
  KXNBAGAME-26MAR14CHASAS-CHA: collection starts at 2026-03-14 12:00:00 (tipoff ts=1773515700)
  KXNBAGAME-26MAR14MILATL-MIL: collection starts at 2026-03-14 11:30:00 (tipoff ts=1773513900)
  KXNBAGAME-26MAR14MILATL-ATL: collection starts at 2026-03-14 11:30:00 (tipoff ts=1773513900)
  KXEPLGAME-26MAR15LFCTOT-TOT: collection starts at 2026-03-15 09:00:00 (tipoff ts=1773591300)
  KXEPLGAME-26MAR15LFCTOT-TIE: collection starts at 2026-03-15 09:00:00 (tipoff ts=1773591300)
  KXEPLGAME-26MAR15LFCTOT-LFC: collection starts at 2026-03-15 09:00:00 (tipoff ts=1773591300)
  KXEPLGAME-26MAR15MUNAVL-TIE: collection starts at 2026-03-15 06:30:00 (tipoff ts=1773582300)
  KXEPLGAME-26MAR15MUNAVL-MUN: collection starts at 2026-03-15 06:30:00 (tipoff ts=1773582300)
  KXEPLGAME-26MAR15MUNAVL-AVL: collection starts at 2026-03-15 06:30:00 (tipoff ts=1773582300)
  KXEPLGAME-26MAR15NFOFUL-TIE: collection starts at 2026-03-15 06:30:00 (tipoff ts=1773582300)
  KXEPLGAME-26MAR15NFOFUL-NFO: collection starts at 2026-03-15 06:30:00 (tipoff ts=1773582300)
  KXEPLGAME-26MAR15NFOFUL-FUL: collection starts at 2026-03-15 06:30:00 (tipoff ts=1773582300)
  KXLALIGAGAME-26MAR15MALESP-TIE: collection starts at 2026-03-15 05:30:00 (tipoff ts=1773578700)
  KXLALIGAGAME-26MAR15MALESP-MAL: collection starts at 2026-03-15 05:30:00 (tipoff ts=1773578700)
  KXLALIGAGAME-26MAR15MALESP-ESP: collection starts at 2026-03-15 05:30:00 (tipoff ts=1773578700)
  KXLALIGAGAME-26MAR15BARSEV-TIE: collection starts at 2026-03-15 07:45:00 (tipoff ts=1773586800)
  KXLALIGAGAME-26MAR15BARSEV-SEV: collection starts at 2026-03-15 07:45:00 (tipoff ts=1773586800)
  KXLALIGAGAME-26MAR15BARSEV-BAR: collection starts at 2026-03-15 07:45:00 (tipoff ts=1773586800)
  KXLALIGAGAME-26MAR15RBBRCC-TIE: collection starts at 2026-03-15 10:00:00 (tipoff ts=1773594900)
  KXLALIGAGAME-26MAR15RBBRCC-RCC: collection starts at 2026-03-15 10:00:00 (tipoff ts=1773594900)
  KXLALIGAGAME-26MAR15RBBRCC-RBB: collection starts at 2026-03-15 10:00:00 (tipoff ts=1773594900)
  KXLALIGAGAME-26MAR14RMAELC-TIE: collection starts at 2026-03-14 12:30:00 (tipoff ts=1773517500)
  KXLALIGAGAME-26MAR14RMAELC-RMA: collection starts at 2026-03-14 12:30:00 (tipoff ts=1773517500)
  KXLALIGAGAME-26MAR14RMAELC-ELC: collection starts at 2026-03-14 12:30:00 (tipoff ts=1773517500)
  KXBUNDESLIGAGAME-26MAR15SCFUNI-UNI: collection starts at 2026-03-15 09:00:00 (tipoff ts=1773591300)
  KXBUNDESLIGAGAME-26MAR15SCFUNI-TIE: collection starts at 2026-03-15 09:00:00 (tipoff ts=1773591300)
  KXBUNDESLIGAGAME-26MAR15SCFUNI-SCF: collection starts at 2026-03-15 09:00:00 (tipoff ts=1773591300)
  KXBUNDESLIGAGAME-26MAR15SVWM05-TIE: collection starts at 2026-03-15 07:00:00 (tipoff ts=1773584100)
  KXBUNDESLIGAGAME-26MAR15SVWM05-SVW: collection starts at 2026-03-15 07:00:00 (tipoff ts=1773584100)
  KXBUNDESLIGAGAME-26MAR15SVWM05-M05: collection starts at 2026-03-15 07:00:00 (tipoff ts=1773584100)
  KXMLSGAME-26MAR14RSLATX-TIE: collection starts at 2026-03-14 18:00:00 (tipoff ts=1773537300)
  KXMLSGAME-26MAR14RSLATX-RSL: collection starts at 2026-03-14 18:00:00 (tipoff ts=1773537300)
  KXMLSGAME-26MAR14RSLATX-ATX: collection starts at 2026-03-14 18:00:00 (tipoff ts=1773537300)
  KXMLSGAME-26MAR14HOUPOR-TIE: collection starts at 2026-03-14 17:00:00 (tipoff ts=1773533700)
  KXMLSGAME-26MAR14HOUPOR-POR: collection starts at 2026-03-14 17:00:00 (tipoff ts=1773533700)
  KXMLSGAME-26MAR14HOUPOR-HOU: collection starts at 2026-03-14 17:00:00 (tipoff ts=1773533700)
  KXMLSGAME-26MAR14CHIDCU-TIE: collection starts at 2026-03-14 17:00:00 (tipoff ts=1773533700)
  KXMLSGAME-26MAR14CHIDCU-DCU: collection starts at 2026-03-14 17:00:00 (tipoff ts=1773533700)
  KXMLSGAME-26MAR14CHIDCU-CHI: collection starts at 2026-03-14 17:00:00 (tipoff ts=1773533700)
  KXMLSGAME-26MAR14LAFCSTL-TIE: collection starts at 2026-03-14 19:00:00 (tipoff ts=1773540900)
  KXMLSGAME-26MAR14LAFCSTL-STL: collection starts at 2026-03-14 19:00:00 (tipoff ts=1773540900)
  KXMLSGAME-26MAR14LAFCSTL-LAFC: collection starts at 2026-03-14 19:00:00 (tipoff ts=1773540900)
  KXMLSGAME-26MAR14DALSD-TIE: collection starts at 2026-03-14 17:00:00 (tipoff ts=1773533700)
  KXMLSGAME-26MAR14DALSD-SD: collection starts at 2026-03-14 17:00:00 (tipoff ts=1773533700)
  KXMLSGAME-26MAR14DALSD-DAL: collection starts at 2026-03-14 17:00:00 (tipoff ts=1773533700)
  KXMLSGAME-26MAR14LAGSKC-TIE: collection starts at 2026-03-14 18:00:00 (tipoff ts=1773537300)
  KXMLSGAME-26MAR14LAGSKC-SKC: collection starts at 2026-03-14 18:00:00 (tipoff ts=1773537300)
  KXMLSGAME-26MAR14LAGSKC-LAG: collection starts at 2026-03-14 18:00:00 (tipoff ts=1773537300)
  KXMLSGAME-26MAR14ATLPHI-TIE: collection starts at 2026-03-14 11:45:00 (tipoff ts=1773514800)
  KXMLSGAME-26MAR14ATLPHI-PHI: collection starts at 2026-03-14 11:45:00 (tipoff ts=1773514800)
  KXMLSGAME-26MAR14ATLPHI-ATL: collection starts at 2026-03-14 11:45:00 (tipoff ts=1773514800)
  KXMLSGAME-26MAR14NYCCOL-TIE: collection starts at 2026-03-14 16:00:00 (tipoff ts=1773530100)
  KXMLSGAME-26MAR14NYCCOL-NYC: collection starts at 2026-03-14 16:00:00 (tipoff ts=1773530100)
  KXMLSGAME-26MAR14NYCCOL-COL: collection starts at 2026-03-14 16:00:00 (tipoff ts=1773530100)
  KXMLSGAME-26MAR14CLTMIA-TIE: collection starts at 2026-03-14 16:00:00 (tipoff ts=1773530100)
  KXMLSGAME-26MAR14CLTMIA-MIA: collection starts at 2026-03-14 16:00:00 (tipoff ts=1773530100)
  KXMLSGAME-26MAR14CLTMIA-CLT: collection starts at 2026-03-14 16:00:00 (tipoff ts=1773530100)
  KXMLSGAME-26MAR14ORLMTL-TIE: collection starts at 2026-03-14 16:00:00 (tipoff ts=1773530100)
  KXMLSGAME-26MAR14ORLMTL-ORL: collection starts at 2026-03-14 16:00:00 (tipoff ts=1773530100)
  KXMLSGAME-26MAR14ORLMTL-MTL: collection starts at 2026-03-14 16:00:00 (tipoff ts=1773530100)
  KXMLSGAME-26MAR14CLBNSH-TIE: collection starts at 2026-03-14 14:45:00 (tipoff ts=1773525600)
  KXMLSGAME-26MAR14CLBNSH-NSH: collection starts at 2026-03-14 14:45:00 (tipoff ts=1773525600)
  KXMLSGAME-26MAR14CLBNSH-CLB: collection starts at 2026-03-14 14:45:00 (tipoff ts=1773525600)
  KXLIGAMXGAME-26MAR14PUMCRA-TIE: collection starts at 2026-03-14 19:40:00 (tipoff ts=1773543300)
  KXLIGAMXGAME-26MAR14PUMCRA-PUM: collection starts at 2026-03-14 19:40:00 (tipoff ts=1773543300)
  KXLIGAMXGAME-26MAR14PUMCRA-CRA: collection starts at 2026-03-14 19:40:00 (tipoff ts=1773543300)
  KXLIGAMXGAME-26MAR14TOLATL-TOL: collection starts at 2026-03-14 17:30:00 (tipoff ts=1773535500)
  KXLIGAMXGAME-26MAR14TOLATL-TIE: collection starts at 2026-03-14 17:30:00 (tipoff ts=1773535500)
  KXLIGAMXGAME-26MAR14TOLATL-ATL: collection starts at 2026-03-14 17:30:00 (tipoff ts=1773535500)
  KXLIGAMXGAME-26MAR14LEOTIJ-TIJ: collection starts at 2026-03-14 17:30:00 (tipoff ts=1773535500)
  KXLIGAMXGAME-26MAR14LEOTIJ-TIE: collection starts at 2026-03-14 17:30:00 (tipoff ts=1773535500)
  KXLIGAMXGAME-26MAR14LEOTIJ-LEO: collection starts at 2026-03-14 17:30:00 (tipoff ts=1773535500)
  KXLIGAMXGAME-26MAR14ASLPAC-TIE: collection starts at 2026-03-14 15:30:00 (tipoff ts=1773528300)
  KXLIGAMXGAME-26MAR14ASLPAC-PAC: collection starts at 2026-03-14 15:30:00 (tipoff ts=1773528300)
  KXLIGAMXGAME-26MAR14ASLPAC-ASL: collection starts at 2026-03-14 15:30:00 (tipoff ts=1773528300)
  KXLIGAMXGAME-26MAR14CDGSLA-TIE: collection starts at 2026-03-14 15:37:00 (tipoff ts=1773528720)
  KXLIGAMXGAME-26MAR14CDGSLA-SLA: collection starts at 2026-03-14 15:37:00 (tipoff ts=1773528720)
  KXLIGAMXGAME-26MAR14CDGSLA-CDG: collection starts at 2026-03-14 15:37:00 (tipoff ts=1773528720)
  KXMLBSTGAME-26MAR151305MIAHOU-MIA: collection starts at 2026-03-15 09:35:00 (tipoff ts=1773593400)
  KXMLBSTGAME-26MAR151305MIAHOU-HOU: collection starts at 2026-03-15 09:35:00 (tipoff ts=1773593400)
  KXMLBSTGAME-26MAR151305PITTB-TB: collection starts at 2026-03-15 09:35:00 (tipoff ts=1773593400)
  KXMLBSTGAME-26MAR151305PITTB-PIT: collection starts at 2026-03-15 09:35:00 (tipoff ts=1773593400)
  KXMLBSTGAME-26MAR151305MINBOS-MIN: collection starts at 2026-03-15 09:35:00 (tipoff ts=1773593400)
  KXMLBSTGAME-26MAR151305MINBOS-BOS: collection starts at 2026-03-15 09:35:00 (tipoff ts=1773593400)
  KXMLBSTGAME-26MAR151305ATLPHI-PHI: collection starts at 2026-03-15 09:35:00 (tipoff ts=1773593400)
  KXMLBSTGAME-26MAR151305ATLPHI-ATL: collection starts at 2026-03-15 09:35:00 (tipoff ts=1773593400)
  KXMLBSTGAME-26MAR151305WSHSTL-WSH: collection starts at 2026-03-15 09:35:00 (tipoff ts=1773593400)
  KXMLBSTGAME-26MAR151305WSHSTL-STL: collection starts at 2026-03-15 09:35:00 (tipoff ts=1773593400)
  KXMLBSTGAME-26MAR151310TORNYM-TOR: collection starts at 2026-03-15 09:40:00 (tipoff ts=1773593700)
  KXMLBSTGAME-26MAR151310TORNYM-NYM: collection starts at 2026-03-15 09:40:00 (tipoff ts=1773593700)
  KXMLBSTGAME-26MAR151305DETNYY-NYY: collection starts at 2026-03-15 09:35:00 (tipoff ts=1773593400)
  KXMLBSTGAME-26MAR151305DETNYY-DET: collection starts at 2026-03-15 09:35:00 (tipoff ts=1773593400)
  KXMLBSTGAME-26MAR141605LADCWS-LAD: collection starts at 2026-03-14 12:35:00 (tipoff ts=1773517800)
  KXMLBSTGAME-26MAR141605LADCWS-CWS: collection starts at 2026-03-14 12:35:00 (tipoff ts=1773517800)
  KXMLBSTGAME-26MAR141605AZSF-SF: collection starts at 2026-03-14 12:35:00 (tipoff ts=1773517800)
  KXMLBSTGAME-26MAR141605AZSF-AZ: collection starts at 2026-03-14 12:35:00 (tipoff ts=1773517800)
  KXMLBSTGAME-26MAR141610COLMIL-MIL: collection starts at 2026-03-14 12:40:00 (tipoff ts=1773518100)
  KXMLBSTGAME-26MAR141610COLMIL-COL: collection starts at 2026-03-14 12:40:00 (tipoff ts=1773518100)
  KXMLBSTGAME-26MAR141805NYMHOU-NYM: collection starts at 2026-03-14 14:35:00 (tipoff ts=1773525000)
  KXMLBSTGAME-26MAR141805NYMHOU-HOU: collection starts at 2026-03-14 14:35:00 (tipoff ts=1773525000)
  KXMLBSTGAME-26MAR141610CLESD-SD: collection starts at 2026-03-14 12:40:00 (tipoff ts=1773518100)
  KXMLBSTGAME-26MAR141610CLESD-CLE: collection starts at 2026-03-14 12:40:00 (tipoff ts=1773518100)
  KXMLBSTGAME-26MAR141605SDTEX-TEX: collection starts at 2026-03-14 12:35:00 (tipoff ts=1773517800)
  KXMLBSTGAME-26MAR141605SDTEX-SD: collection starts at 2026-03-14 12:35:00 (tipoff ts=1773517800)
  KXMLBSTGAME-26MAR141605KCATH-KC: collection starts at 2026-03-14 12:35:00 (tipoff ts=1773517800)
  KXMLBSTGAME-26MAR141605KCATH-ATH: collection starts at 2026-03-14 12:35:00 (tipoff ts=1773517800)
  KXMLBSTGAME-26MAR141805BOSATL-BOS: collection starts at 2026-03-14 14:35:00 (tipoff ts=1773525000)
  KXMLBSTGAME-26MAR141805BOSATL-ATL: collection starts at 2026-03-14 14:35:00 (tipoff ts=1773525000)
  KXMLBSTGAME-26MAR141610SEALAA-SEA: collection starts at 2026-03-14 12:40:00 (tipoff ts=1773518100)
  KXMLBSTGAME-26MAR141610SEALAA-LAA: collection starts at 2026-03-14 12:40:00 (tipoff ts=1773518100)
  KXMLBSTGAME-26MAR141610CHCCOL-COL: collection starts at 2026-03-14 12:40:00 (tipoff ts=1773518100)
  KXMLBSTGAME-26MAR141610CHCCOL-CHC: collection starts at 2026-03-14 12:40:00 (tipoff ts=1773518100)
  KXMLBSTGAME-26MAR141605TEXCIN-TEX: collection starts at 2026-03-14 12:35:00 (tipoff ts=1773517800)
  KXMLBSTGAME-26MAR141605TEXCIN-CIN: collection starts at 2026-03-14 12:35:00 (tipoff ts=1773517800)
Starting new_data_aggregator for 155 ticker(s).
[WS] Connecting to wss://api.elections.kalshi.com/trade-api/ws/v2 for tickers: ['KXNCAAMBGAME-26MAR14MISSARK-MISS', 'KXNCAAMBGAME-26MAR14MISSARK-ARK', 'KXNCAAMBGAME-26MAR14PURUCLA-UCLA', 'KXNCAAMBGAME-26MAR14PURUCLA-PUR', 'KXNCAAMBGAME-26MAR14JOESVCU-VCU', 'KXNCAAMBGAME-26MAR14JOESVCU-JOES', 'KXNCAAMBGAME-26MAR14TLSAWICH-WICH', 'KXNCAAMBGAME-26MAR14TLSAWICH-TLSA', 'KXNCAAMBGAME-26MAR14CHARUSF-USF', 'KXNCAAMBGAME-26MAR14CHARUSF-CHAR', 'KXNCAAWBGAME-26MAR14UTSARICE-UTSA', 'KXNCAAWBGAME-26MAR14UTSARICE-RICE', 'KXNCAAWBGAME-26MAR14EVANILST-ILST', 'KXNCAAWBGAME-26MAR14EVANILST-EVAN', 'KXNCAAWBGAME-26MAR14MOSULT-MOSU', 'KXNCAAWBGAME-26MAR14MOSULT-LT', 'KXNCAAWBGAME-26MAR14HARVPRIN-PRIN', 'KXNCAAWBGAME-26MAR14HARVPRIN-HARV', 'KXNCAAWBGAME-26MAR14HOFDREX-HOF', 'KXNCAAWBGAME-26MAR14HOFDREX-DREX', 'KXNCAAWBGAME-26MAR14HAWUCSD-UCSD', 'KXNCAAWBGAME-26MAR14HAWUCSD-HAW', 'KXNCAAWBGAME-26MAR14ACCBU-CBU', 'KXNCAAWBGAME-26MAR14ACCBU-AC', 'KXNCAAWBGAME-26MAR14NORFHOW-NORF', 'KXNCAAWBGAME-26MAR14NORFHOW-HOW', 'KXNCAAWBGAME-26MAR15LEHHC-LEH', 'KXNCAAWBGAME-26MAR15LEHHC-HC', 'KXNCAAWBGAME-26MAR15LIUFDU-LIU', 'KXNCAAWBGAME-26MAR15LIUFDU-FDU', 'KXNBAGAME-26MAR15MINOKC-OKC', 'KXNBAGAME-26MAR15MINOKC-MIN', 'KXNBAGAME-26MAR14SACLAC-SAC', 'KXNBAGAME-26MAR14SACLAC-LAC', 'KXNBAGAME-26MAR14ORLMIA-ORL', 'KXNBAGAME-26MAR14ORLMIA-MIA', 'KXNBAGAME-26MAR14DENLAL-LAL', 'KXNBAGAME-26MAR14DENLAL-DEN', 'KXNBAGAME-26MAR14WASBOS-WAS', 'KXNBAGAME-26MAR14WASBOS-BOS', 'KXNBAGAME-26MAR14CHASAS-SAS', 'KXNBAGAME-26MAR14CHASAS-CHA', 'KXNBAGAME-26MAR14MILATL-MIL', 'KXNBAGAME-26MAR14MILATL-ATL', 'KXEPLGAME-26MAR15LFCTOT-TOT', 'KXEPLGAME-26MAR15LFCTOT-TIE', 'KXEPLGAME-26MAR15LFCTOT-LFC', 'KXEPLGAME-26MAR15MUNAVL-TIE', 'KXEPLGAME-26MAR15MUNAVL-MUN', 'KXEPLGAME-26MAR15MUNAVL-AVL', 'KXEPLGAME-26MAR15NFOFUL-TIE', 'KXEPLGAME-26MAR15NFOFUL-NFO', 'KXEPLGAME-26MAR15NFOFUL-FUL', 'KXLALIGAGAME-26MAR15MALESP-TIE', 'KXLALIGAGAME-26MAR15MALESP-MAL', 'KXLALIGAGAME-26MAR15MALESP-ESP', 'KXLALIGAGAME-26MAR15BARSEV-TIE', 'KXLALIGAGAME-26MAR15BARSEV-SEV', 'KXLALIGAGAME-26MAR15BARSEV-BAR', 'KXLALIGAGAME-26MAR15RBBRCC-TIE', 'KXLALIGAGAME-26MAR15RBBRCC-RCC', 'KXLALIGAGAME-26MAR15RBBRCC-RBB', 'KXLALIGAGAME-26MAR14RMAELC-TIE', 'KXLALIGAGAME-26MAR14RMAELC-RMA', 'KXLALIGAGAME-26MAR14RMAELC-ELC', 'KXBUNDESLIGAGAME-26MAR15SCFUNI-UNI', 'KXBUNDESLIGAGAME-26MAR15SCFUNI-TIE', 'KXBUNDESLIGAGAME-26MAR15SCFUNI-SCF', 'KXBUNDESLIGAGAME-26MAR15SVWM05-TIE', 'KXBUNDESLIGAGAME-26MAR15SVWM05-SVW', 'KXBUNDESLIGAGAME-26MAR15SVWM05-M05', 'KXMLSGAME-26MAR14RSLATX-TIE', 'KXMLSGAME-26MAR14RSLATX-RSL', 'KXMLSGAME-26MAR14RSLATX-ATX', 'KXMLSGAME-26MAR14HOUPOR-TIE', 'KXMLSGAME-26MAR14HOUPOR-POR', 'KXMLSGAME-26MAR14HOUPOR-HOU', 'KXMLSGAME-26MAR14CHIDCU-TIE', 'KXMLSGAME-26MAR14CHIDCU-DCU', 'KXMLSGAME-26MAR14CHIDCU-CHI', 'KXMLSGAME-26MAR14LAFCSTL-TIE', 'KXMLSGAME-26MAR14LAFCSTL-STL', 'KXMLSGAME-26MAR14LAFCSTL-LAFC', 'KXMLSGAME-26MAR14DALSD-TIE', 'KXMLSGAME-26MAR14DALSD-SD', 'KXMLSGAME-26MAR14DALSD-DAL', 'KXMLSGAME-26MAR14LAGSKC-TIE', 'KXMLSGAME-26MAR14LAGSKC-SKC', 'KXMLSGAME-26MAR14LAGSKC-LAG', 'KXMLSGAME-26MAR14ATLPHI-TIE', 'KXMLSGAME-26MAR14ATLPHI-PHI', 'KXMLSGAME-26MAR14ATLPHI-ATL', 'KXMLSGAME-26MAR14NYCCOL-TIE', 'KXMLSGAME-26MAR14NYCCOL-NYC', 'KXMLSGAME-26MAR14NYCCOL-COL', 'KXMLSGAME-26MAR14CLTMIA-TIE', 'KXMLSGAME-26MAR14CLTMIA-MIA', 'KXMLSGAME-26MAR14CLTMIA-CLT', 'KXMLSGAME-26MAR14ORLMTL-TIE', 'KXMLSGAME-26MAR14ORLMTL-ORL', 'KXMLSGAME-26MAR14ORLMTL-MTL', 'KXMLSGAME-26MAR14CLBNSH-TIE', 'KXMLSGAME-26MAR14CLBNSH-NSH', 'KXMLSGAME-26MAR14CLBNSH-CLB', 'KXLIGAMXGAME-26MAR14PUMCRA-TIE', 'KXLIGAMXGAME-26MAR14PUMCRA-PUM', 'KXLIGAMXGAME-26MAR14PUMCRA-CRA', 'KXLIGAMXGAME-26MAR14TOLATL-TOL', 'KXLIGAMXGAME-26MAR14TOLATL-TIE', 'KXLIGAMXGAME-26MAR14TOLATL-ATL', 'KXLIGAMXGAME-26MAR14LEOTIJ-TIJ', 'KXLIGAMXGAME-26MAR14LEOTIJ-TIE', 'KXLIGAMXGAME-26MAR14LEOTIJ-LEO', 'KXLIGAMXGAME-26MAR14ASLPAC-TIE', 'KXLIGAMXGAME-26MAR14ASLPAC-PAC', 'KXLIGAMXGAME-26MAR14ASLPAC-ASL', 'KXLIGAMXGAME-26MAR14CDGSLA-TIE', 'KXLIGAMXGAME-26MAR14CDGSLA-SLA', 'KXLIGAMXGAME-26MAR14CDGSLA-CDG', 'KXMLBSTGAME-26MAR151305MIAHOU-MIA', 'KXMLBSTGAME-26MAR151305MIAHOU-HOU', 'KXMLBSTGAME-26MAR151305PITTB-TB', 'KXMLBSTGAME-26MAR151305PITTB-PIT', 'KXMLBSTGAME-26MAR151305MINBOS-MIN', 'KXMLBSTGAME-26MAR151305MINBOS-BOS', 'KXMLBSTGAME-26MAR151305ATLPHI-PHI', 'KXMLBSTGAME-26MAR151305ATLPHI-ATL', 'KXMLBSTGAME-26MAR151305WSHSTL-WSH', 'KXMLBSTGAME-26MAR151305WSHSTL-STL', 'KXMLBSTGAME-26MAR151310TORNYM-TOR', 'KXMLBSTGAME-26MAR151310TORNYM-NYM', 'KXMLBSTGAME-26MAR151305DETNYY-NYY', 'KXMLBSTGAME-26MAR151305DETNYY-DET', 'KXMLBSTGAME-26MAR141605LADCWS-LAD', 'KXMLBSTGAME-26MAR141605LADCWS-CWS', 'KXMLBSTGAME-26MAR141605AZSF-SF', 'KXMLBSTGAME-26MAR141605AZSF-AZ', 'KXMLBSTGAME-26MAR141610COLMIL-MIL', 'KXMLBSTGAME-26MAR141610COLMIL-COL', 'KXMLBSTGAME-26MAR141805NYMHOU-NYM', 'KXMLBSTGAME-26MAR141805NYMHOU-HOU', 'KXMLBSTGAME-26MAR141610CLESD-SD', 'KXMLBSTGAME-26MAR141610CLESD-CLE', 'KXMLBSTGAME-26MAR141605SDTEX-TEX', 'KXMLBSTGAME-26MAR141605SDTEX-SD', 'KXMLBSTGAME-26MAR141605KCATH-KC', 'KXMLBSTGAME-26MAR141605KCATH-ATH', 'KXMLBSTGAME-26MAR141805BOSATL-BOS', 'KXMLBSTGAME-26MAR141805BOSATL-ATL', 'KXMLBSTGAME-26MAR141610SEALAA-SEA', 'KXMLBSTGAME-26MAR141610SEALAA-LAA', 'KXMLBSTGAME-26MAR141610CHCCOL-COL', 'KXMLBSTGAME-26MAR141610CHCCOL-CHC', 'KXMLBSTGAME-26MAR141605TEXCIN-TEX', 'KXMLBSTGAME-26MAR141605TEXCIN-CIN']
[KXNCAAMBGAME-26MAR14MISSARK-MISS] Collection starting now.
[KXNCAAMBGAME-26MAR14MISSARK-ARK] Collection starting now.
[KXNCAAMBGAME-26MAR14PURUCLA-UCLA] Collection starting now.
[KXNCAAMBGAME-26MAR14PURUCLA-PUR] Collection starting now.
[KXNCAAMBGAME-26MAR14JOESVCU-VCU] Collection starting now.
[KXNCAAMBGAME-26MAR14JOESVCU-JOES] Collection starting now.
[KXNCAAMBGAME-26MAR14TLSAWICH-WICH] Waiting 14.1 min — collection opens at 14:00:00 (15 min before tipoff)
[KXNCAAMBGAME-26MAR14TLSAWICH-TLSA] Waiting 14.1 min — collection opens at 14:00:00 (15 min before tipoff)
[KXNCAAMBGAME-26MAR14CHARUSF-USF] Collection starting now.
[KXNCAAMBGAME-26MAR14CHARUSF-CHAR] Collection starting now.
[KXNCAAWBGAME-26MAR14UTSARICE-UTSA] Waiting 254.1 min — collection opens at 18:00:00 (15 min before tipoff)
[KXNCAAWBGAME-26MAR14UTSARICE-RICE] Waiting 254.1 min — collection opens at 18:00:00 (15 min before tipoff)
[KXNCAAWBGAME-26MAR14EVANILST-ILST] Collection starting now.
[KXNCAAWBGAME-26MAR14EVANILST-EVAN] Collection starting now.
[KXNCAAWBGAME-26MAR14MOSULT-MOSU] Waiting 14.1 min — collection opens at 14:00:00 (15 min before tipoff)
[KXNCAAWBGAME-26MAR14MOSULT-LT] Waiting 14.1 min — collection opens at 14:00:00 (15 min before tipoff)
[KXNCAAWBGAME-26MAR14HARVPRIN-PRIN] Waiting 14.1 min — collection opens at 14:00:00 (15 min before tipoff)
[KXNCAAWBGAME-26MAR14HARVPRIN-HARV] Waiting 14.1 min — collection opens at 14:00:00 (15 min before tipoff)
[KXNCAAWBGAME-26MAR14HOFDREX-HOF] Collection starting now.
[KXNCAAWBGAME-26MAR14HOFDREX-DREX] Collection starting now.
[KXNCAAWBGAME-26MAR14HAWUCSD-UCSD] Waiting 44.1 min — collection opens at 14:30:00 (15 min before tipoff)
[KXNCAAWBGAME-26MAR14HAWUCSD-HAW] Waiting 44.1 min — collection opens at 14:30:00 (15 min before tipoff)
[KXNCAAWBGAME-26MAR14ACCBU-CBU] Collection starting now.
[KXNCAAWBGAME-26MAR14ACCBU-AC] Collection starting now.
[KXNCAAWBGAME-26MAR14NORFHOW-NORF] Collection starting now.
[KXNCAAWBGAME-26MAR14NORFHOW-HOW] Collection starting now.
[KXNCAAWBGAME-26MAR15LEHHC-LEH] Waiting 1124.1 min — collection opens at 08:30:00 (15 min before tipoff)
[KXNCAAWBGAME-26MAR15LEHHC-HC] Waiting 1124.1 min — collection opens at 08:30:00 (15 min before tipoff)
[KXNCAAWBGAME-26MAR15LIUFDU-LIU] Waiting 1124.1 min — collection opens at 08:30:00 (15 min before tipoff)
[KXNCAAWBGAME-26MAR15LIUFDU-FDU] Waiting 1124.1 min — collection opens at 08:30:00 (15 min before tipoff)
[KXNBAGAME-26MAR15MINOKC-OKC] Waiting 1184.1 min — collection opens at 09:30:00 (15 min before tipoff)
[KXNBAGAME-26MAR15MINOKC-MIN] Waiting 1184.1 min — collection opens at 09:30:00 (15 min before tipoff)
[KXNBAGAME-26MAR14SACLAC-SAC] Waiting 314.1 min — collection opens at 19:00:00 (15 min before tipoff)
[KXNBAGAME-26MAR14SACLAC-LAC] Waiting 314.1 min — collection opens at 19:00:00 (15 min before tipoff)
[KXNBAGAME-26MAR14ORLMIA-ORL] Waiting 164.1 min — collection opens at 16:30:00 (15 min before tipoff)
[KXNBAGAME-26MAR14ORLMIA-MIA] Waiting 164.1 min — collection opens at 16:30:00 (15 min before tipoff)
[KXNBAGAME-26MAR14DENLAL-LAL] Waiting 194.1 min — collection opens at 17:00:00 (15 min before tipoff)
[KXNBAGAME-26MAR14DENLAL-DEN] Waiting 194.1 min — collection opens at 17:00:00 (15 min before tipoff)
[KXNBAGAME-26MAR14WASBOS-WAS] Waiting 44.1 min — collection opens at 14:30:00 (15 min before tipoff)
[KXNBAGAME-26MAR14WASBOS-BOS] Waiting 44.1 min — collection opens at 14:30:00 (15 min before tipoff)
[KXNBAGAME-26MAR14CHASAS-SAS] Collection starting now.
[KXNBAGAME-26MAR14CHASAS-CHA] Collection starting now.
[KXNBAGAME-26MAR14MILATL-MIL] Collection starting now.
[KXNBAGAME-26MAR14MILATL-ATL] Collection starting now.
[KXEPLGAME-26MAR15LFCTOT-TOT] Waiting 1154.1 min — collection opens at 09:00:00 (15 min before tipoff)
[KXEPLGAME-26MAR15LFCTOT-TIE] Waiting 1154.1 min — collection opens at 09:00:00 (15 min before tipoff)
[KXEPLGAME-26MAR15LFCTOT-LFC] Waiting 1154.1 min — collection opens at 09:00:00 (15 min before tipoff)
[KXEPLGAME-26MAR15MUNAVL-TIE] Waiting 1004.1 min — collection opens at 06:30:00 (15 min before tipoff)
[KXEPLGAME-26MAR15MUNAVL-MUN] Waiting 1004.1 min — collection opens at 06:30:00 (15 min before tipoff)
[KXEPLGAME-26MAR15MUNAVL-AVL] Waiting 1004.1 min — collection opens at 06:30:00 (15 min before tipoff)
[KXEPLGAME-26MAR15NFOFUL-TIE] Waiting 1004.1 min — collection opens at 06:30:00 (15 min before tipoff)
[KXEPLGAME-26MAR15NFOFUL-NFO] Waiting 1004.1 min — collection opens at 06:30:00 (15 min before tipoff)
[KXEPLGAME-26MAR15NFOFUL-FUL] Waiting 1004.1 min — collection opens at 06:30:00 (15 min before tipoff)
[KXLALIGAGAME-26MAR15MALESP-TIE] Waiting 944.1 min — collection opens at 05:30:00 (15 min before tipoff)
[KXLALIGAGAME-26MAR15MALESP-MAL] Waiting 944.1 min — collection opens at 05:30:00 (15 min before tipoff)
[KXLALIGAGAME-26MAR15MALESP-ESP] Waiting 944.1 min — collection opens at 05:30:00 (15 min before tipoff)
[KXLALIGAGAME-26MAR15BARSEV-TIE] Waiting 1079.1 min — collection opens at 07:45:00 (15 min before tipoff)
[KXLALIGAGAME-26MAR15BARSEV-SEV] Waiting 1079.1 min — collection opens at 07:45:00 (15 min before tipoff)
[KXLALIGAGAME-26MAR15BARSEV-BAR] Waiting 1079.1 min — collection opens at 07:45:00 (15 min before tipoff)
[KXLALIGAGAME-26MAR15RBBRCC-TIE] Waiting 1214.1 min — collection opens at 10:00:00 (15 min before tipoff)
[KXLALIGAGAME-26MAR15RBBRCC-RCC] Waiting 1214.1 min — collection opens at 10:00:00 (15 min before tipoff)
[KXLALIGAGAME-26MAR15RBBRCC-RBB] Waiting 1214.1 min — collection opens at 10:00:00 (15 min before tipoff)
[KXLALIGAGAME-26MAR14RMAELC-TIE] Collection starting now.
[KXLALIGAGAME-26MAR14RMAELC-RMA] Collection starting now.
[KXLALIGAGAME-26MAR14RMAELC-ELC] Collection starting now.
[KXBUNDESLIGAGAME-26MAR15SCFUNI-UNI] Waiting 1154.1 min — collection opens at 09:00:00 (15 min before tipoff)
[KXBUNDESLIGAGAME-26MAR15SCFUNI-TIE] Waiting 1154.1 min — collection opens at 09:00:00 (15 min before tipoff)
[KXBUNDESLIGAGAME-26MAR15SCFUNI-SCF] Waiting 1154.1 min — collection opens at 09:00:00 (15 min before tipoff)
[KXBUNDESLIGAGAME-26MAR15SVWM05-TIE] Waiting 1034.1 min — collection opens at 07:00:00 (15 min before tipoff)
[KXBUNDESLIGAGAME-26MAR15SVWM05-SVW] Waiting 1034.1 min — collection opens at 07:00:00 (15 min before tipoff)
[KXBUNDESLIGAGAME-26MAR15SVWM05-M05] Waiting 1034.1 min — collection opens at 07:00:00 (15 min before tipoff)
[KXMLSGAME-26MAR14RSLATX-TIE] Waiting 254.1 min — collection opens at 18:00:00 (15 min before tipoff)
[KXMLSGAME-26MAR14RSLATX-RSL] Waiting 254.1 min — collection opens at 18:00:00 (15 min before tipoff)
[KXMLSGAME-26MAR14RSLATX-ATX] Waiting 254.1 min — collection opens at 18:00:00 (15 min before tipoff)
[KXMLSGAME-26MAR14HOUPOR-TIE] Waiting 194.1 min — collection opens at 17:00:00 (15 min before tipoff)
[KXMLSGAME-26MAR14HOUPOR-POR] Waiting 194.1 min — collection opens at 17:00:00 (15 min before tipoff)
[KXMLSGAME-26MAR14HOUPOR-HOU] Waiting 194.1 min — collection opens at 17:00:00 (15 min before tipoff)
[KXMLSGAME-26MAR14CHIDCU-TIE] Waiting 194.1 min — collection opens at 17:00:00 (15 min before tipoff)
[KXMLSGAME-26MAR14CHIDCU-DCU] Waiting 194.1 min — collection opens at 17:00:00 (15 min before tipoff)
[KXMLSGAME-26MAR14CHIDCU-CHI] Waiting 194.1 min — collection opens at 17:00:00 (15 min before tipoff)
[KXMLSGAME-26MAR14LAFCSTL-TIE] Waiting 314.1 min — collection opens at 19:00:00 (15 min before tipoff)
[KXMLSGAME-26MAR14LAFCSTL-STL] Waiting 314.1 min — collection opens at 19:00:00 (15 min before tipoff)
[KXMLSGAME-26MAR14LAFCSTL-LAFC] Waiting 314.1 min — collection opens at 19:00:00 (15 min before tipoff)
[KXMLSGAME-26MAR14DALSD-TIE] Waiting 194.1 min — collection opens at 17:00:00 (15 min before tipoff)
[KXMLSGAME-26MAR14DALSD-SD] Waiting 194.1 min — collection opens at 17:00:00 (15 min before tipoff)
[KXMLSGAME-26MAR14DALSD-DAL] Waiting 194.1 min — collection opens at 17:00:00 (15 min before tipoff)
[KXMLSGAME-26MAR14LAGSKC-TIE] Waiting 254.1 min — collection opens at 18:00:00 (15 min before tipoff)
[KXMLSGAME-26MAR14LAGSKC-SKC] Waiting 254.1 min — collection opens at 18:00:00 (15 min before tipoff)
[KXMLSGAME-26MAR14LAGSKC-LAG] Waiting 254.1 min — collection opens at 18:00:00 (15 min before tipoff)
[KXMLSGAME-26MAR14ATLPHI-TIE] Collection starting now.
[KXMLSGAME-26MAR14ATLPHI-PHI] Collection starting now.
[KXMLSGAME-26MAR14ATLPHI-ATL] Collection starting now.
[KXMLSGAME-26MAR14NYCCOL-TIE] Waiting 134.1 min — collection opens at 16:00:00 (15 min before tipoff)
[KXMLSGAME-26MAR14NYCCOL-NYC] Waiting 134.1 min — collection opens at 16:00:00 (15 min before tipoff)
[KXMLSGAME-26MAR14NYCCOL-COL] Waiting 134.1 min — collection opens at 16:00:00 (15 min before tipoff)
[KXMLSGAME-26MAR14CLTMIA-TIE] Waiting 134.1 min — collection opens at 16:00:00 (15 min before tipoff)
[KXMLSGAME-26MAR14CLTMIA-MIA] Waiting 134.1 min — collection opens at 16:00:00 (15 min before tipoff)
[KXMLSGAME-26MAR14CLTMIA-CLT] Waiting 134.1 min — collection opens at 16:00:00 (15 min before tipoff)
[KXMLSGAME-26MAR14ORLMTL-TIE] Waiting 134.1 min — collection opens at 16:00:00 (15 min before tipoff)
[KXMLSGAME-26MAR14ORLMTL-ORL] Waiting 134.1 min — collection opens at 16:00:00 (15 min before tipoff)
[KXMLSGAME-26MAR14ORLMTL-MTL] Waiting 134.1 min — collection opens at 16:00:00 (15 min before tipoff)
[KXMLSGAME-26MAR14CLBNSH-TIE] Waiting 59.1 min — collection opens at 14:45:00 (15 min before tipoff)
[KXMLSGAME-26MAR14CLBNSH-NSH] Waiting 59.1 min — collection opens at 14:45:00 (15 min before tipoff)
[KXMLSGAME-26MAR14CLBNSH-CLB] Waiting 59.1 min — collection opens at 14:45:00 (15 min before tipoff)
[KXLIGAMXGAME-26MAR14PUMCRA-TIE] Waiting 354.1 min — collection opens at 19:40:00 (15 min before tipoff)
[KXLIGAMXGAME-26MAR14PUMCRA-PUM] Waiting 354.1 min — collection opens at 19:40:00 (15 min before tipoff)
[KXLIGAMXGAME-26MAR14PUMCRA-CRA] Waiting 354.1 min — collection opens at 19:40:00 (15 min before tipoff)
[KXLIGAMXGAME-26MAR14TOLATL-TOL] Waiting 224.1 min — collection opens at 17:30:00 (15 min before tipoff)
[KXLIGAMXGAME-26MAR14TOLATL-TIE] Waiting 224.1 min — collection opens at 17:30:00 (15 min before tipoff)
[KXLIGAMXGAME-26MAR14TOLATL-ATL] Waiting 224.1 min — collection opens at 17:30:00 (15 min before tipoff)
[KXLIGAMXGAME-26MAR14LEOTIJ-TIJ] Waiting 224.1 min — collection opens at 17:30:00 (15 min before tipoff)
[KXLIGAMXGAME-26MAR14LEOTIJ-TIE] Waiting 224.1 min — collection opens at 17:30:00 (15 min before tipoff)
[KXLIGAMXGAME-26MAR14LEOTIJ-LEO] Waiting 224.1 min — collection opens at 17:30:00 (15 min before tipoff)
[KXLIGAMXGAME-26MAR14ASLPAC-TIE] Waiting 104.1 min — collection opens at 15:30:00 (15 min before tipoff)
[KXLIGAMXGAME-26MAR14ASLPAC-PAC] Waiting 104.1 min — collection opens at 15:30:00 (15 min before tipoff)
[KXLIGAMXGAME-26MAR14ASLPAC-ASL] Waiting 104.1 min — collection opens at 15:30:00 (15 min before tipoff)
[KXLIGAMXGAME-26MAR14CDGSLA-TIE] Waiting 111.1 min — collection opens at 15:37:00 (15 min before tipoff)
[KXLIGAMXGAME-26MAR14CDGSLA-SLA] Waiting 111.1 min — collection opens at 15:37:00 (15 min before tipoff)
[KXLIGAMXGAME-26MAR14CDGSLA-CDG] Waiting 111.1 min — collection opens at 15:37:00 (15 min before tipoff)
[KXMLBSTGAME-26MAR151305MIAHOU-MIA] Waiting 1189.1 min — collection opens at 09:35:00 (15 min before tipoff)
[KXMLBSTGAME-26MAR151305MIAHOU-HOU] Waiting 1189.1 min — collection opens at 09:35:00 (15 min before tipoff)
[KXMLBSTGAME-26MAR151305PITTB-TB] Waiting 1189.1 min — collection opens at 09:35:00 (15 min before tipoff)
[KXMLBSTGAME-26MAR151305PITTB-PIT] Waiting 1189.1 min — collection opens at 09:35:00 (15 min before tipoff)
[KXMLBSTGAME-26MAR151305MINBOS-MIN] Waiting 1189.1 min — collection opens at 09:35:00 (15 min before tipoff)
[KXMLBSTGAME-26MAR151305MINBOS-BOS] Waiting 1189.1 min — collection opens at 09:35:00 (15 min before tipoff)
[KXMLBSTGAME-26MAR151305ATLPHI-PHI] Waiting 1189.1 min — collection opens at 09:35:00 (15 min before tipoff)
[KXMLBSTGAME-26MAR151305ATLPHI-ATL] Waiting 1189.1 min — collection opens at 09:35:00 (15 min before tipoff)
[KXMLBSTGAME-26MAR151305WSHSTL-WSH] Waiting 1189.1 min — collection opens at 09:35:00 (15 min before tipoff)
[KXMLBSTGAME-26MAR151305WSHSTL-STL] Waiting 1189.1 min — collection opens at 09:35:00 (15 min before tipoff)
[KXMLBSTGAME-26MAR151310TORNYM-TOR] Waiting 1194.1 min — collection opens at 09:40:00 (15 min before tipoff)
[KXMLBSTGAME-26MAR151310TORNYM-NYM] Waiting 1194.1 min — collection opens at 09:40:00 (15 min before tipoff)
[KXMLBSTGAME-26MAR151305DETNYY-NYY] Waiting 1189.1 min — collection opens at 09:35:00 (15 min before tipoff)
[KXMLBSTGAME-26MAR151305DETNYY-DET] Waiting 1189.1 min — collection opens at 09:35:00 (15 min before tipoff)
[KXMLBSTGAME-26MAR141605LADCWS-LAD] Collection starting now.
[KXMLBSTGAME-26MAR141605LADCWS-CWS] Collection starting now.
[KXMLBSTGAME-26MAR141605AZSF-SF] Collection starting now.
[KXMLBSTGAME-26MAR141605AZSF-AZ] Collection starting now.
[KXMLBSTGAME-26MAR141610COLMIL-MIL] Collection starting now.
[KXMLBSTGAME-26MAR141610COLMIL-COL] Collection starting now.
[KXMLBSTGAME-26MAR141805NYMHOU-NYM] Waiting 49.1 min — collection opens at 14:35:00 (15 min before tipoff)
[KXMLBSTGAME-26MAR141805NYMHOU-HOU] Waiting 49.1 min — collection opens at 14:35:00 (15 min before tipoff)
[KXMLBSTGAME-26MAR141610CLESD-SD] Collection starting now.
[KXMLBSTGAME-26MAR141610CLESD-CLE] Collection starting now.
[KXMLBSTGAME-26MAR141605SDTEX-TEX] Collection starting now.
[KXMLBSTGAME-26MAR141605SDTEX-SD] Collection starting now.
[KXMLBSTGAME-26MAR141605KCATH-KC] Collection starting now.
[KXMLBSTGAME-26MAR141605KCATH-ATH] Collection starting now.
[KXMLBSTGAME-26MAR141805BOSATL-BOS] Waiting 49.1 min — collection opens at 14:35:00 (15 min before tipoff)
[KXMLBSTGAME-26MAR141805BOSATL-ATL] Waiting 49.1 min — collection opens at 14:35:00 (15 min before tipoff)
[KXMLBSTGAME-26MAR141610SEALAA-SEA] Collection starting now.
[KXMLBSTGAME-26MAR141610SEALAA-LAA] Collection starting now.
[KXMLBSTGAME-26MAR141610CHCCOL-COL] Collection starting now.
[KXMLBSTGAME-26MAR141610CHCCOL-CHC] Collection starting now.
[KXMLBSTGAME-26MAR141605TEXCIN-TEX] Collection starting now.
[KXMLBSTGAME-26MAR141605TEXCIN-CIN] Collection starting now.
[WS] Subscribed to trade + orderbook_delta for ['KXNCAAMBGAME-26MAR14MISSARK-MISS', 'KXNCAAMBGAME-26MAR14MISSARK-ARK', 'KXNCAAMBGAME-26MAR14PURUCLA-UCLA', 'KXNCAAMBGAME-26MAR14PURUCLA-PUR', 'KXNCAAMBGAME-26MAR14JOESVCU-VCU', 'KXNCAAMBGAME-26MAR14JOESVCU-JOES', 'KXNCAAMBGAME-26MAR14TLSAWICH-WICH', 'KXNCAAMBGAME-26MAR14TLSAWICH-TLSA', 'KXNCAAMBGAME-26MAR14CHARUSF-USF', 'KXNCAAMBGAME-26MAR14CHARUSF-CHAR', 'KXNCAAWBGAME-26MAR14UTSARICE-UTSA', 'KXNCAAWBGAME-26MAR14UTSARICE-RICE', 'KXNCAAWBGAME-26MAR14EVANILST-ILST', 'KXNCAAWBGAME-26MAR14EVANILST-EVAN', 'KXNCAAWBGAME-26MAR14MOSULT-MOSU', 'KXNCAAWBGAME-26MAR14MOSULT-LT', 'KXNCAAWBGAME-26MAR14HARVPRIN-PRIN', 'KXNCAAWBGAME-26MAR14HARVPRIN-HARV', 'KXNCAAWBGAME-26MAR14HOFDREX-HOF', 'KXNCAAWBGAME-26MAR14HOFDREX-DREX', 'KXNCAAWBGAME-26MAR14HAWUCSD-UCSD', 'KXNCAAWBGAME-26MAR14HAWUCSD-HAW', 'KXNCAAWBGAME-26MAR14ACCBU-CBU', 'KXNCAAWBGAME-26MAR14ACCBU-AC', 'KXNCAAWBGAME-26MAR14NORFHOW-NORF', 'KXNCAAWBGAME-26MAR14NORFHOW-HOW', 'KXNCAAWBGAME-26MAR15LEHHC-LEH', 'KXNCAAWBGAME-26MAR15LEHHC-HC', 'KXNCAAWBGAME-26MAR15LIUFDU-LIU', 'KXNCAAWBGAME-26MAR15LIUFDU-FDU', 'KXNBAGAME-26MAR15MINOKC-OKC', 'KXNBAGAME-26MAR15MINOKC-MIN', 'KXNBAGAME-26MAR14SACLAC-SAC', 'KXNBAGAME-26MAR14SACLAC-LAC', 'KXNBAGAME-26MAR14ORLMIA-ORL', 'KXNBAGAME-26MAR14ORLMIA-MIA', 'KXNBAGAME-26MAR14DENLAL-LAL', 'KXNBAGAME-26MAR14DENLAL-DEN', 'KXNBAGAME-26MAR14WASBOS-WAS', 'KXNBAGAME-26MAR14WASBOS-BOS', 'KXNBAGAME-26MAR14CHASAS-SAS', 'KXNBAGAME-26MAR14CHASAS-CHA', 'KXNBAGAME-26MAR14MILATL-MIL', 'KXNBAGAME-26MAR14MILATL-ATL', 'KXEPLGAME-26MAR15LFCTOT-TOT', 'KXEPLGAME-26MAR15LFCTOT-TIE', 'KXEPLGAME-26MAR15LFCTOT-LFC', 'KXEPLGAME-26MAR15MUNAVL-TIE', 'KXEPLGAME-26MAR15MUNAVL-MUN', 'KXEPLGAME-26MAR15MUNAVL-AVL', 'KXEPLGAME-26MAR15NFOFUL-TIE', 'KXEPLGAME-26MAR15NFOFUL-NFO', 'KXEPLGAME-26MAR15NFOFUL-FUL', 'KXLALIGAGAME-26MAR15MALESP-TIE', 'KXLALIGAGAME-26MAR15MALESP-MAL', 'KXLALIGAGAME-26MAR15MALESP-ESP', 'KXLALIGAGAME-26MAR15BARSEV-TIE', 'KXLALIGAGAME-26MAR15BARSEV-SEV', 'KXLALIGAGAME-26MAR15BARSEV-BAR', 'KXLALIGAGAME-26MAR15RBBRCC-TIE', 'KXLALIGAGAME-26MAR15RBBRCC-RCC', 'KXLALIGAGAME-26MAR15RBBRCC-RBB', 'KXLALIGAGAME-26MAR14RMAELC-TIE', 'KXLALIGAGAME-26MAR14RMAELC-RMA', 'KXLALIGAGAME-26MAR14RMAELC-ELC', 'KXBUNDESLIGAGAME-26MAR15SCFUNI-UNI', 'KXBUNDESLIGAGAME-26MAR15SCFUNI-TIE', 'KXBUNDESLIGAGAME-26MAR15SCFUNI-SCF', 'KXBUNDESLIGAGAME-26MAR15SVWM05-TIE', 'KXBUNDESLIGAGAME-26MAR15SVWM05-SVW', 'KXBUNDESLIGAGAME-26MAR15SVWM05-M05', 'KXMLSGAME-26MAR14RSLATX-TIE', 'KXMLSGAME-26MAR14RSLATX-RSL', 'KXMLSGAME-26MAR14RSLATX-ATX', 'KXMLSGAME-26MAR14HOUPOR-TIE', 'KXMLSGAME-26MAR14HOUPOR-POR', 'KXMLSGAME-26MAR14HOUPOR-HOU', 'KXMLSGAME-26MAR14CHIDCU-TIE', 'KXMLSGAME-26MAR14CHIDCU-DCU', 'KXMLSGAME-26MAR14CHIDCU-CHI', 'KXMLSGAME-26MAR14LAFCSTL-TIE', 'KXMLSGAME-26MAR14LAFCSTL-STL', 'KXMLSGAME-26MAR14LAFCSTL-LAFC', 'KXMLSGAME-26MAR14DALSD-TIE', 'KXMLSGAME-26MAR14DALSD-SD', 'KXMLSGAME-26MAR14DALSD-DAL', 'KXMLSGAME-26MAR14LAGSKC-TIE', 'KXMLSGAME-26MAR14LAGSKC-SKC', 'KXMLSGAME-26MAR14LAGSKC-LAG', 'KXMLSGAME-26MAR14ATLPHI-TIE', 'KXMLSGAME-26MAR14ATLPHI-PHI', 'KXMLSGAME-26MAR14ATLPHI-ATL', 'KXMLSGAME-26MAR14NYCCOL-TIE', 'KXMLSGAME-26MAR14NYCCOL-NYC', 'KXMLSGAME-26MAR14NYCCOL-COL', 'KXMLSGAME-26MAR14CLTMIA-TIE', 'KXMLSGAME-26MAR14CLTMIA-MIA', 'KXMLSGAME-26MAR14CLTMIA-CLT', 'KXMLSGAME-26MAR14ORLMTL-TIE', 'KXMLSGAME-26MAR14ORLMTL-ORL', 'KXMLSGAME-26MAR14ORLMTL-MTL', 'KXMLSGAME-26MAR14CLBNSH-TIE', 'KXMLSGAME-26MAR14CLBNSH-NSH', 'KXMLSGAME-26MAR14CLBNSH-CLB', 'KXLIGAMXGAME-26MAR14PUMCRA-TIE', 'KXLIGAMXGAME-26MAR14PUMCRA-PUM', 'KXLIGAMXGAME-26MAR14PUMCRA-CRA', 'KXLIGAMXGAME-26MAR14TOLATL-TOL', 'KXLIGAMXGAME-26MAR14TOLATL-TIE', 'KXLIGAMXGAME-26MAR14TOLATL-ATL', 'KXLIGAMXGAME-26MAR14LEOTIJ-TIJ', 'KXLIGAMXGAME-26MAR14LEOTIJ-TIE', 'KXLIGAMXGAME-26MAR14LEOTIJ-LEO', 'KXLIGAMXGAME-26MAR14ASLPAC-TIE', 'KXLIGAMXGAME-26MAR14ASLPAC-PAC', 'KXLIGAMXGAME-26MAR14ASLPAC-ASL', 'KXLIGAMXGAME-26MAR14CDGSLA-TIE', 'KXLIGAMXGAME-26MAR14CDGSLA-SLA', 'KXLIGAMXGAME-26MAR14CDGSLA-CDG', 'KXMLBSTGAME-26MAR151305MIAHOU-MIA', 'KXMLBSTGAME-26MAR151305MIAHOU-HOU', 'KXMLBSTGAME-26MAR151305PITTB-TB', 'KXMLBSTGAME-26MAR151305PITTB-PIT', 'KXMLBSTGAME-26MAR151305MINBOS-MIN', 'KXMLBSTGAME-26MAR151305MINBOS-BOS', 'KXMLBSTGAME-26MAR151305ATLPHI-PHI', 'KXMLBSTGAME-26MAR151305ATLPHI-ATL', 'KXMLBSTGAME-26MAR151305WSHSTL-WSH', 'KXMLBSTGAME-26MAR151305WSHSTL-STL', 'KXMLBSTGAME-26MAR151310TORNYM-TOR', 'KXMLBSTGAME-26MAR151310TORNYM-NYM', 'KXMLBSTGAME-26MAR151305DETNYY-NYY', 'KXMLBSTGAME-26MAR151305DETNYY-DET', 'KXMLBSTGAME-26MAR141605LADCWS-LAD', 'KXMLBSTGAME-26MAR141605LADCWS-CWS', 'KXMLBSTGAME-26MAR141605AZSF-SF', 'KXMLBSTGAME-26MAR141605AZSF-AZ', 'KXMLBSTGAME-26MAR141610COLMIL-MIL', 'KXMLBSTGAME-26MAR141610COLMIL-COL', 'KXMLBSTGAME-26MAR141805NYMHOU-NYM', 'KXMLBSTGAME-26MAR141805NYMHOU-HOU', 'KXMLBSTGAME-26MAR141610CLESD-SD', 'KXMLBSTGAME-26MAR141610CLESD-CLE', 'KXMLBSTGAME-26MAR141605SDTEX-TEX', 'KXMLBSTGAME-26MAR141605SDTEX-SD', 'KXMLBSTGAME-26MAR141605KCATH-KC', 'KXMLBSTGAME-26MAR141605KCATH-ATH', 'KXMLBSTGAME-26MAR141805BOSATL-BOS', 'KXMLBSTGAME-26MAR141805BOSATL-ATL', 'KXMLBSTGAME-26MAR141610SEALAA-SEA', 'KXMLBSTGAME-26MAR141610SEALAA-LAA', 'KXMLBSTGAME-26MAR141610CHCCOL-COL', 'KXMLBSTGAME-26MAR141610CHCCOL-CHC', 'KXMLBSTGAME-26MAR141605TEXCIN-TEX', 'KXMLBSTGAME-26MAR141605TEXCIN-CIN']
[KXBUNDESLIGAGAME-26MAR15SCFUNI-SCF] Snapshot applied — 19 bid levels, 42 ask levels
[KXBUNDESLIGAGAME-26MAR15SCFUNI-TIE] Snapshot applied — 11 bid levels, 41 ask levels
[KXBUNDESLIGAGAME-26MAR15SCFUNI-UNI] Snapshot applied — 12 bid levels, 46 ask levels
[KXBUNDESLIGAGAME-26MAR15SVWM05-M05] Snapshot applied — 10 bid levels, 43 ask levels
[KXBUNDESLIGAGAME-26MAR15SVWM05-SVW] Snapshot applied — 19 bid levels, 42 ask levels
[KXBUNDESLIGAGAME-26MAR15SVWM05-TIE] Snapshot applied — 10 bid levels, 42 ask levels
[KXEPLGAME-26MAR15LFCTOT-LFC] Snapshot applied — 26 bid levels, 24 ask levels
[KXEPLGAME-26MAR15LFCTOT-TIE] Snapshot applied — 9 bid levels, 52 ask levels
[KXEPLGAME-26MAR15LFCTOT-TOT] Snapshot applied — 9 bid levels, 53 ask levels
[KXEPLGAME-26MAR15MUNAVL-AVL] Snapshot applied — 10 bid levels, 48 ask levels
[KXEPLGAME-26MAR15MUNAVL-MUN] Snapshot applied — 19 bid levels, 39 ask levels
[KXEPLGAME-26MAR15MUNAVL-TIE] Snapshot applied — 13 bid levels, 49 ask levels
[KXEPLGAME-26MAR15NFOFUL-FUL] Snapshot applied — 14 bid levels, 47 ask levels
[KXEPLGAME-26MAR15NFOFUL-NFO] Snapshot applied — 21 bid levels, 46 ask levels
[KXEPLGAME-26MAR15NFOFUL-TIE] Snapshot applied — 12 bid levels, 45 ask levels
[KXLALIGAGAME-26MAR14RMAELC-ELC] Snapshot applied — 2 bid levels, 46 ask levels
[KXLALIGAGAME-26MAR14RMAELC-RMA] Snapshot applied — 24 bid levels, 12 ask levels
[KXLALIGAGAME-26MAR14RMAELC-TIE] Snapshot applied — 9 bid levels, 40 ask levels
[KXLALIGAGAME-26MAR15BARSEV-BAR] Snapshot applied — 18 bid levels, 24 ask levels
[KXLALIGAGAME-26MAR15BARSEV-SEV] Snapshot applied — 9 bid levels, 47 ask levels
[KXLALIGAGAME-26MAR15BARSEV-TIE] Snapshot applied — 13 bid levels, 45 ask levels
[KXLALIGAGAME-26MAR15MALESP-ESP] Snapshot applied — 10 bid levels, 45 ask levels
[KXLALIGAGAME-26MAR15MALESP-MAL] Snapshot applied — 18 bid levels, 41 ask levels
[KXLALIGAGAME-26MAR15MALESP-TIE] Snapshot applied — 8 bid levels, 42 ask levels
[KXLALIGAGAME-26MAR15RBBRCC-RBB] Snapshot applied — 19 bid levels, 42 ask levels
[KXLALIGAGAME-26MAR15RBBRCC-RCC] Snapshot applied — 11 bid levels, 44 ask levels
[KXLALIGAGAME-26MAR15RBBRCC-TIE] Snapshot applied — 11 bid levels, 42 ask levels
[KXLIGAMXGAME-26MAR14ASLPAC-ASL] Snapshot applied — 13 bid levels, 39 ask levels
[KXLIGAMXGAME-26MAR14ASLPAC-PAC] Snapshot applied — 14 bid levels, 35 ask levels
[KXLIGAMXGAME-26MAR14ASLPAC-TIE] Snapshot applied — 13 bid levels, 38 ask levels
[KXLIGAMXGAME-26MAR14CDGSLA-CDG] Snapshot applied — 13 bid levels, 22 ask levels
[KXLIGAMXGAME-26MAR14CDGSLA-SLA] Snapshot applied — 9 bid levels, 40 ask levels
[KXLIGAMXGAME-26MAR14CDGSLA-TIE] Snapshot applied — 14 bid levels, 37 ask levels
[KXLIGAMXGAME-26MAR14LEOTIJ-LEO] Snapshot applied — 21 bid levels, 36 ask levels
[KXLIGAMXGAME-26MAR14LEOTIJ-TIE] Snapshot applied — 14 bid levels, 44 ask levels
[KXLIGAMXGAME-26MAR14LEOTIJ-TIJ] Snapshot applied — 14 bid levels, 44 ask levels
[KXLIGAMXGAME-26MAR14PUMCRA-CRA] Snapshot applied — 19 bid levels, 39 ask levels
[KXLIGAMXGAME-26MAR14PUMCRA-PUM] Snapshot applied — 15 bid levels, 43 ask levels
[KXLIGAMXGAME-26MAR14PUMCRA-TIE] Snapshot applied — 14 bid levels, 43 ask levels
[KXLIGAMXGAME-26MAR14TOLATL-ATL] Snapshot applied — 11 bid levels, 46 ask levels
[KXLIGAMXGAME-26MAR14TOLATL-TIE] Snapshot applied — 11 bid levels, 43 ask levels
[KXLIGAMXGAME-26MAR14TOLATL-TOL] Snapshot applied — 14 bid levels, 28 ask levels
[KXMLBSTGAME-26MAR141605AZSF-AZ] Snapshot applied — 13 bid levels, 45 ask levels
[KXMLBSTGAME-26MAR141605AZSF-SF] Snapshot applied — 18 bid levels, 26 ask levels
[KXMLBSTGAME-26MAR141605KCATH-ATH] Snapshot applied — 16 bid levels, 20 ask levels
[KXMLBSTGAME-26MAR141605KCATH-KC] Snapshot applied — 11 bid levels, 46 ask levels
[KXMLBSTGAME-26MAR141605LADCWS-CWS] Snapshot applied — 16 bid levels, 34 ask levels
[KXMLBSTGAME-26MAR141605LADCWS-LAD] Snapshot applied — 17 bid levels, 40 ask levels
[KXMLBSTGAME-26MAR141605SDTEX-SD] Snapshot applied — 8 bid levels, 45 ask levels
[KXMLBSTGAME-26MAR141605SDTEX-TEX] Snapshot applied — 13 bid levels, 12 ask levels
[KXMLBSTGAME-26MAR141605TEXCIN-CIN] Snapshot applied — 14 bid levels, 43 ask levels
[KXMLBSTGAME-26MAR141605TEXCIN-TEX] Snapshot applied — 20 bid levels, 27 ask levels
[KXMLBSTGAME-26MAR141610CHCCOL-CHC] Snapshot applied — 13 bid levels, 40 ask levels
[KXMLBSTGAME-26MAR141610CHCCOL-COL] Snapshot applied — 16 bid levels, 36 ask levels
[KXMLBSTGAME-26MAR141610CLESD-CLE] Snapshot applied — 13 bid levels, 38 ask levels
[KXMLBSTGAME-26MAR141610CLESD-SD] Snapshot applied — 13 bid levels, 31 ask levels
[KXMLBSTGAME-26MAR141610COLMIL-COL] Snapshot applied — 13 bid levels, 31 ask levels
[KXMLBSTGAME-26MAR141610COLMIL-MIL] Snapshot applied — 18 bid levels, 36 ask levels
[KXMLBSTGAME-26MAR141610SEALAA-LAA] Snapshot applied — 20 bid levels, 21 ask levels
[KXMLBSTGAME-26MAR141610SEALAA-SEA] Snapshot applied — 10 bid levels, 46 ask levels
[KXMLBSTGAME-26MAR141805BOSATL-ATL] Snapshot applied — 17 bid levels, 39 ask levels
[KXMLBSTGAME-26MAR141805BOSATL-BOS] Snapshot applied — 15 bid levels, 43 ask levels
[KXMLBSTGAME-26MAR141805NYMHOU-HOU] Snapshot applied — 15 bid levels, 41 ask levels
[KXMLBSTGAME-26MAR141805NYMHOU-NYM] Snapshot applied — 15 bid levels, 43 ask levels
[KXMLBSTGAME-26MAR151305ATLPHI-ATL] Snapshot applied — 7 bid levels, 32 ask levels
[KXMLBSTGAME-26MAR151305ATLPHI-PHI] Snapshot applied — 5 bid levels, 31 ask levels
[KXMLBSTGAME-26MAR151305DETNYY-DET] Snapshot applied — 4 bid levels, 32 ask levels
[KXMLBSTGAME-26MAR151305DETNYY-NYY] Snapshot applied — 4 bid levels, 31 ask levels
[KXMLBSTGAME-26MAR151305MIAHOU-HOU] Snapshot applied — 4 bid levels, 33 ask levels
[KXMLBSTGAME-26MAR151305MIAHOU-MIA] Snapshot applied — 4 bid levels, 30 ask levels
[KXMLBSTGAME-26MAR151305MINBOS-BOS] Snapshot applied — 4 bid levels, 34 ask levels
[KXMLBSTGAME-26MAR151305MINBOS-MIN] Snapshot applied — 4 bid levels, 33 ask levels
[KXMLBSTGAME-26MAR151305PITTB-PIT] Snapshot applied — 6 bid levels, 32 ask levels
[KXMLBSTGAME-26MAR151305PITTB-TB] Snapshot applied — 6 bid levels, 34 ask levels
[KXMLBSTGAME-26MAR151305WSHSTL-STL] Snapshot applied — 5 bid levels, 31 ask levels
[KXMLBSTGAME-26MAR151305WSHSTL-WSH] Snapshot applied — 4 bid levels, 32 ask levels
[KXMLBSTGAME-26MAR151310TORNYM-NYM] Snapshot applied — 4 bid levels, 32 ask levels
[KXMLBSTGAME-26MAR151310TORNYM-TOR] Snapshot applied — 4 bid levels, 31 ask levels
[KXMLSGAME-26MAR14ATLPHI-ATL] Snapshot applied — 19 bid levels, 9 ask levels
[KXMLSGAME-26MAR14ATLPHI-PHI] Snapshot applied — 2 bid levels, 47 ask levels
[KXMLSGAME-26MAR14ATLPHI-TIE] Snapshot applied — 7 bid levels, 43 ask levels
[KXMLSGAME-26MAR14CHIDCU-CHI] Snapshot applied — 18 bid levels, 33 ask levels
[KXMLSGAME-26MAR14CHIDCU-DCU] Snapshot applied — 10 bid levels, 50 ask levels
[KXMLSGAME-26MAR14CHIDCU-TIE] Snapshot applied — 13 bid levels, 46 ask levels
[KXMLSGAME-26MAR14CLBNSH-CLB] Snapshot applied — 16 bid levels, 37 ask levels
[KXMLSGAME-26MAR14CLBNSH-NSH] Snapshot applied — 15 bid levels, 38 ask levels
[KXMLSGAME-26MAR14CLBNSH-TIE] Snapshot applied — 16 bid levels, 41 ask levels
[KXMLSGAME-26MAR14CLTMIA-CLT] Snapshot applied — 13 bid levels, 39 ask levels
[KXMLSGAME-26MAR14CLTMIA-MIA] Snapshot applied — 14 bid levels, 37 ask levels
[KXMLSGAME-26MAR14CLTMIA-TIE] Snapshot applied — 14 bid levels, 40 ask levels
[KXMLSGAME-26MAR14DALSD-DAL] Snapshot applied — 14 bid levels, 45 ask levels
[KXMLSGAME-26MAR14DALSD-SD] Snapshot applied — 17 bid levels, 41 ask levels
[KXMLSGAME-26MAR14DALSD-TIE] Snapshot applied — 17 bid levels, 45 ask levels
[KXMLSGAME-26MAR14HOUPOR-HOU] Snapshot applied — 18 bid levels, 35 ask levels
[KXMLSGAME-26MAR14HOUPOR-POR] Snapshot applied — 12 bid levels, 48 ask levels
[KXMLSGAME-26MAR14HOUPOR-TIE] Snapshot applied — 14 bid levels, 46 ask levels
[KXMLSGAME-26MAR14LAFCSTL-LAFC] Snapshot applied — 18 bid levels, 28 ask levels
[KXMLSGAME-26MAR14LAFCSTL-STL] Snapshot applied — 10 bid levels, 46 ask levels
[KXMLSGAME-26MAR14LAFCSTL-TIE] Snapshot applied — 10 bid levels, 48 ask levels
[KXMLSGAME-26MAR14LAGSKC-LAG] Snapshot applied — 16 bid levels, 33 ask levels
[KXMLSGAME-26MAR14LAGSKC-SKC] Snapshot applied — 12 bid levels, 49 ask levels
[KXMLSGAME-26MAR14LAGSKC-TIE] Snapshot applied — 12 bid levels, 46 ask levels
[KXMLSGAME-26MAR14NYCCOL-COL] Snapshot applied — 12 bid levels, 44 ask levels
[KXMLSGAME-26MAR14NYCCOL-NYC] Snapshot applied — 14 bid levels, 36 ask levels
[KXMLSGAME-26MAR14NYCCOL-TIE] Snapshot applied — 15 bid levels, 46 ask levels
[KXMLSGAME-26MAR14ORLMTL-MTL] Snapshot applied — 14 bid levels, 51 ask levels
[KXMLSGAME-26MAR14ORLMTL-ORL] Snapshot applied — 19 bid levels, 36 ask levels
[KXMLSGAME-26MAR14ORLMTL-TIE] Snapshot applied — 14 bid levels, 48 ask levels
[KXMLSGAME-26MAR14RSLATX-ATX] Snapshot applied — 12 bid levels, 49 ask levels
[KXMLSGAME-26MAR14RSLATX-RSL] Snapshot applied — 19 bid levels, 35 ask levels
[KXMLSGAME-26MAR14RSLATX-TIE] Snapshot applied — 14 bid levels, 46 ask levels
[KXNBAGAME-26MAR14CHASAS-CHA] Snapshot applied — 11 bid levels, 87 ask levels
[KXNBAGAME-26MAR14CHASAS-SAS] Snapshot applied — 86 bid levels, 11 ask levels
[KXNBAGAME-26MAR14DENLAL-DEN] Snapshot applied — 55 bid levels, 42 ask levels
[KXNBAGAME-26MAR14DENLAL-LAL] Snapshot applied — 41 bid levels, 56 ask levels
[KXNBAGAME-26MAR14MILATL-ATL] Snapshot applied — 91 bid levels, 4 ask levels
[KXNBAGAME-26MAR14MILATL-MIL] Snapshot applied — 4 bid levels, 91 ask levels
[KXNBAGAME-26MAR14ORLMIA-MIA] Snapshot applied — 60 bid levels, 37 ask levels
[KXNBAGAME-26MAR14ORLMIA-ORL] Snapshot applied — 36 bid levels, 60 ask levels
[KXNBAGAME-26MAR14SACLAC-LAC] Snapshot applied — 83 bid levels, 12 ask levels
[KXNBAGAME-26MAR14SACLAC-SAC] Snapshot applied — 11 bid levels, 84 ask levels
[KXNBAGAME-26MAR14WASBOS-BOS] Snapshot applied — 91 bid levels, 4 ask levels
[KXNBAGAME-26MAR14WASBOS-WAS] Snapshot applied — 4 bid levels, 93 ask levels
[KXNBAGAME-26MAR15MINOKC-MIN] Snapshot applied — 26 bid levels, 52 ask levels
[KXNBAGAME-26MAR15MINOKC-OKC] Snapshot applied — 50 bid levels, 25 ask levels
[KXNCAAMBGAME-26MAR14CHARUSF-CHAR] Snapshot applied — 2 bid levels, 95 ask levels
[KXNCAAMBGAME-26MAR14CHARUSF-USF] Snapshot applied — 93 bid levels, 2 ask levels
[KXNCAAMBGAME-26MAR14JOESVCU-JOES] Snapshot applied — 0 bid levels, 93 ask levels
[KXNCAAMBGAME-26MAR14JOESVCU-VCU] Snapshot applied — 91 bid levels, 0 ask levels
[KXNCAAMBGAME-26MAR14MISSARK-ARK] Snapshot applied — 72 bid levels, 23 ask levels
[KXNCAAMBGAME-26MAR14MISSARK-MISS] Snapshot applied — 22 bid levels, 72 ask levels
[KXNCAAMBGAME-26MAR14PURUCLA-PUR] Snapshot applied — 91 bid levels, 6 ask levels
[KXNCAAMBGAME-26MAR14PURUCLA-UCLA] Snapshot applied — 6 bid levels, 92 ask levels
[KXNCAAMBGAME-26MAR14TLSAWICH-TLSA] Snapshot applied — 48 bid levels, 41 ask levels
[KXNCAAMBGAME-26MAR14TLSAWICH-WICH] Snapshot applied — 48 bid levels, 43 ask levels
[KXNCAAWBGAME-26MAR14ACCBU-AC] Snapshot applied — 7 bid levels, 47 ask levels
[KXNCAAWBGAME-26MAR14ACCBU-CBU] Snapshot applied — 26 bid levels, 8 ask levels
[KXNCAAWBGAME-26MAR14EVANILST-EVAN] Snapshot applied — 14 bid levels, 50 ask levels
[KXNCAAWBGAME-26MAR14EVANILST-ILST] Snapshot applied — 27 bid levels, 16 ask levels
[KXNCAAWBGAME-26MAR14HARVPRIN-HARV] Snapshot applied — 27 bid levels, 54 ask levels
[KXNCAAWBGAME-26MAR14HARVPRIN-PRIN] Snapshot applied — 50 bid levels, 31 ask levels
[KXNCAAWBGAME-26MAR14HAWUCSD-HAW] Snapshot applied — 21 bid levels, 41 ask levels
[KXNCAAWBGAME-26MAR14HAWUCSD-UCSD] Snapshot applied — 22 bid levels, 41 ask levels
[KXNCAAWBGAME-26MAR14HOFDREX-DREX] Snapshot applied — 30 bid levels, 25 ask levels
[KXNCAAWBGAME-26MAR14HOFDREX-HOF] Snapshot applied — 22 bid levels, 50 ask levels
[KXNCAAWBGAME-26MAR14MOSULT-LT] Snapshot applied — 29 bid levels, 27 ask levels
[KXNCAAWBGAME-26MAR14MOSULT-MOSU] Snapshot applied — 15 bid levels, 54 ask levels
[KXNCAAWBGAME-26MAR14NORFHOW-HOW] Snapshot applied — 28 bid levels, 33 ask levels
[KXNCAAWBGAME-26MAR14NORFHOW-NORF] Snapshot applied — 22 bid levels, 46 ask levels
[KXNCAAWBGAME-26MAR14UTSARICE-RICE] Snapshot applied — 25 bid levels, 21 ask levels
[KXNCAAWBGAME-26MAR14UTSARICE-UTSA] Snapshot applied — 15 bid levels, 54 ask levels
[KXNCAAWBGAME-26MAR15LEHHC-HC] Snapshot applied — 17 bid levels, 26 ask levels
[KXNCAAWBGAME-26MAR15LEHHC-LEH] Snapshot applied — 9 bid levels, 39 ask levels
[KXNCAAWBGAME-26MAR15LIUFDU-FDU] Snapshot applied — 21 bid levels, 8 ask levels
[KXNCAAWBGAME-26MAR15LIUFDU-LIU] Snapshot applied — 7 bid levels, 40 ask levels
[KXNCAAWBGAME-26MAR14HARVPRIN-HARV] Collection starting now.
[KXNCAAWBGAME-26MAR14MOSULT-LT] Collection starting now.
[KXNCAAWBGAME-26MAR14HARVPRIN-PRIN] Collection starting now.
[KXNCAAMBGAME-26MAR14TLSAWICH-TLSA] Collection starting now.
[KXNCAAWBGAME-26MAR14MOSULT-MOSU] Collection starting now.
[KXNCAAMBGAME-26MAR14TLSAWICH-WICH] Collection starting now.
[KXNBAGAME-26MAR14WASBOS-BOS] Collection starting now.
[KXNBAGAME-26MAR14WASBOS-WAS] Collection starting now.
[KXNCAAWBGAME-26MAR14HAWUCSD-HAW] Collection starting now.
[KXNCAAWBGAME-26MAR14HAWUCSD-UCSD] Collection starting now.
[KXMLSGAME-26MAR14ATLPHI-TIE] Snapshot applied — 0 bid levels, 0 ask levels
[KXMLSGAME-26MAR14ATLPHI-PHI] Snapshot applied — 0 bid levels, 0 ask levels
[KXMLSGAME-26MAR14ATLPHI-ATL] Snapshot applied — 0 bid levels, 0 ask levels
[KXMLSGAME-26MAR14ATLPHI-TIE] Exiting: order book is empty (market closed/settled).
[KXMLSGAME-26MAR14ATLPHI-TIE] Ticker task complete.
[KXMLSGAME-26MAR14ATLPHI-PHI] Exiting: order book is empty (market closed/settled).
[KXMLSGAME-26MAR14ATLPHI-PHI] Ticker task complete.
[KXMLSGAME-26MAR14ATLPHI-ATL] Exiting: order book is empty (market closed/settled).
[KXMLSGAME-26MAR14ATLPHI-ATL] Ticker task complete.
[KXNCAAWBGAME-26MAR14ACCBU-CBU] Snapshot applied — 0 bid levels, 0 ask levels
[KXNCAAWBGAME-26MAR14ACCBU-AC] Snapshot applied — 0 bid levels, 0 ask levels
[KXNCAAWBGAME-26MAR14ACCBU-CBU] Exiting: order book is empty (market closed/settled).
[KXNCAAWBGAME-26MAR14ACCBU-CBU] Ticker task complete.
[KXNCAAWBGAME-26MAR14ACCBU-AC] Exiting: order book is empty (market closed/settled).
[KXNCAAWBGAME-26MAR14ACCBU-AC] Ticker task complete.
[KXNBAGAME-26MAR14MILATL-ATL] Snapshot applied — 0 bid levels, 0 ask levels
[KXNBAGAME-26MAR14MILATL-MIL] Snapshot applied — 0 bid levels, 0 ask levels
[KXNBAGAME-26MAR14MILATL-MIL] Exiting: order book is empty (market closed/settled).
[KXNBAGAME-26MAR14MILATL-MIL] Ticker task complete.
[KXNBAGAME-26MAR14MILATL-ATL] Exiting: order book is empty (market closed/settled).
[KXNBAGAME-26MAR14MILATL-ATL] Ticker task complete.
[KXMLBSTGAME-26MAR141805BOSATL-ATL] Collection starting now.
[KXMLBSTGAME-26MAR141805NYMHOU-HOU] Collection starting now.
[KXMLBSTGAME-26MAR141805BOSATL-BOS] Collection starting now.
[KXMLBSTGAME-26MAR141805NYMHOU-NYM] Collection starting now.
[KXMLSGAME-26MAR14CLBNSH-CLB] Collection starting now.
[KXMLSGAME-26MAR14CLBNSH-TIE] Collection starting now.
[KXMLSGAME-26MAR14CLBNSH-NSH] Collection starting now.
[KXNCAAMBGAME-26MAR14CHARUSF-CHAR] Snapshot applied — 0 bid levels, 0 ask levels
[KXNCAAMBGAME-26MAR14CHARUSF-USF] Snapshot applied — 0 bid levels, 0 ask levels
[KXNCAAMBGAME-26MAR14CHARUSF-USF] Exiting: order book is empty (market closed/settled).
[KXNCAAMBGAME-26MAR14CHARUSF-USF] Ticker task complete.
[KXNCAAMBGAME-26MAR14CHARUSF-CHAR] Exiting: order book is empty (market closed/settled).
[KXNCAAMBGAME-26MAR14CHARUSF-CHAR] Ticker task complete.
[KXNCAAMBGAME-26MAR14PURUCLA-PUR] Snapshot applied — 0 bid levels, 0 ask levels
[KXNCAAMBGAME-26MAR14PURUCLA-UCLA] Snapshot applied — 0 bid levels, 0 ask levels
[KXNCAAMBGAME-26MAR14PURUCLA-UCLA] Exiting: order book is empty (market closed/settled).
[KXNCAAMBGAME-26MAR14PURUCLA-UCLA] Ticker task complete.
[KXNCAAMBGAME-26MAR14PURUCLA-PUR] Exiting: order book is empty (market closed/settled).
[KXNCAAMBGAME-26MAR14PURUCLA-PUR] Ticker task complete.
[KXLALIGAGAME-26MAR14RMAELC-RMA] Snapshot applied — 0 bid levels, 0 ask levels
[KXLALIGAGAME-26MAR14RMAELC-ELC] Snapshot applied — 0 bid levels, 0 ask levels
[KXLALIGAGAME-26MAR14RMAELC-TIE] Snapshot applied — 0 bid levels, 0 ask levels
[KXLALIGAGAME-26MAR14RMAELC-ELC] Exiting: order book is empty (market closed/settled).
[KXLALIGAGAME-26MAR14RMAELC-ELC] Ticker task complete.
[KXLALIGAGAME-26MAR14RMAELC-RMA] Exiting: order book is empty (market closed/settled).
[KXLALIGAGAME-26MAR14RMAELC-RMA] Ticker task complete.
[KXLALIGAGAME-26MAR14RMAELC-TIE] Exiting: order book is empty (market closed/settled).
[KXLALIGAGAME-26MAR14RMAELC-TIE] Ticker task complete.
[KXNCAAMBGAME-26MAR14JOESVCU-JOES] Snapshot applied — 0 bid levels, 0 ask levels
[KXNCAAMBGAME-26MAR14JOESVCU-VCU] Snapshot applied — 0 bid levels, 0 ask levels
[KXNCAAMBGAME-26MAR14JOESVCU-JOES] Exiting: order book is empty (market closed/settled).
[KXNCAAMBGAME-26MAR14JOESVCU-JOES] Ticker task complete.
[KXNCAAMBGAME-26MAR14JOESVCU-VCU] Exiting: order book is empty (market closed/settled).
[KXNCAAMBGAME-26MAR14JOESVCU-VCU] Ticker task complete.
[KXNBAGAME-26MAR14CHASAS-SAS] Snapshot applied — 0 bid levels, 0 ask levels
[KXNBAGAME-26MAR14CHASAS-CHA] Snapshot applied — 0 bid levels, 0 ask levels
[KXNBAGAME-26MAR14CHASAS-CHA] Exiting: order book is empty (market closed/settled).
[KXNBAGAME-26MAR14CHASAS-CHA] Ticker task complete.
[KXNBAGAME-26MAR14CHASAS-SAS] Exiting: order book is empty (market closed/settled).
[KXNBAGAME-26MAR14CHASAS-SAS] Ticker task complete.
[KXLIGAMXGAME-26MAR14ASLPAC-PAC] Collection starting now.
[KXLIGAMXGAME-26MAR14ASLPAC-TIE] Collection starting now.
[KXLIGAMXGAME-26MAR14ASLPAC-ASL] Collection starting now.
[KXNCAAMBGAME-26MAR14MISSARK-MISS] Snapshot applied — 0 bid levels, 0 ask levels
[KXNCAAMBGAME-26MAR14MISSARK-ARK] Snapshot applied — 0 bid levels, 0 ask levels
[KXNCAAMBGAME-26MAR14MISSARK-MISS] Exiting: order book is empty (market closed/settled).
[KXNCAAMBGAME-26MAR14MISSARK-MISS] Ticker task complete.
[KXNCAAMBGAME-26MAR14MISSARK-ARK] Exiting: order book is empty (market closed/settled).
[KXNCAAMBGAME-26MAR14MISSARK-ARK] Ticker task complete.
[KXMLBSTGAME-26MAR141610CHCCOL-COL] Snapshot applied — 0 bid levels, 0 ask levels
[KXMLBSTGAME-26MAR141610CHCCOL-CHC] Snapshot applied — 0 bid levels, 0 ask levels
[KXMLBSTGAME-26MAR141610CHCCOL-COL] Exiting: order book is empty (market closed/settled).
[KXMLBSTGAME-26MAR141610CHCCOL-COL] Ticker task complete.
[KXMLBSTGAME-26MAR141610CHCCOL-CHC] Exiting: order book is empty (market closed/settled).
[KXMLBSTGAME-26MAR141610CHCCOL-CHC] Ticker task complete.
[KXLIGAMXGAME-26MAR14CDGSLA-CDG] Collection starting now.
[KXLIGAMXGAME-26MAR14CDGSLA-TIE] Collection starting now.
[KXLIGAMXGAME-26MAR14CDGSLA-SLA] Collection starting now.
[KXMLBSTGAME-26MAR141605KCATH-KC] Snapshot applied — 0 bid levels, 0 ask levels
[KXMLBSTGAME-26MAR141605KCATH-ATH] Snapshot applied — 0 bid levels, 0 ask levels
[KXMLBSTGAME-26MAR141605KCATH-ATH] Exiting: order book is empty (market closed/settled).
[KXMLBSTGAME-26MAR141605KCATH-ATH] Ticker task complete.
[KXMLBSTGAME-26MAR141605KCATH-KC] Exiting: order book is empty (market closed/settled).
[KXMLBSTGAME-26MAR141605KCATH-KC] Ticker task complete.
[KXMLBSTGAME-26MAR141605TEXCIN-TEX] Snapshot applied — 0 bid levels, 0 ask levels
[KXMLBSTGAME-26MAR141605TEXCIN-CIN] Snapshot applied — 0 bid levels, 0 ask levels
[KXMLBSTGAME-26MAR141605TEXCIN-CIN] Exiting: order book is empty (market closed/settled).
[KXMLBSTGAME-26MAR141605TEXCIN-CIN] Ticker task complete.
[KXMLBSTGAME-26MAR141605TEXCIN-TEX] Exiting: order book is empty (market closed/settled).
[KXMLBSTGAME-26MAR141605TEXCIN-TEX] Ticker task complete.
[KXMLBSTGAME-26MAR141610COLMIL-MIL] Snapshot applied — 0 bid levels, 0 ask levels
[KXMLBSTGAME-26MAR141610COLMIL-COL] Snapshot applied — 0 bid levels, 0 ask levels
[KXMLBSTGAME-26MAR141610COLMIL-COL] Exiting: order book is empty (market closed/settled).
[KXMLBSTGAME-26MAR141610COLMIL-COL] Ticker task complete.
[KXMLBSTGAME-26MAR141610COLMIL-MIL] Exiting: order book is empty (market closed/settled).
[KXMLBSTGAME-26MAR141610COLMIL-MIL] Ticker task complete.
[KXMLSGAME-26MAR14CLTMIA-CLT] Collection starting now.
[KXMLSGAME-26MAR14ORLMTL-MTL] Collection starting now.
[KXMLSGAME-26MAR14NYCCOL-NYC] Collection starting now.
[KXMLSGAME-26MAR14CLTMIA-MIA] Collection starting now.
[KXMLSGAME-26MAR14ORLMTL-TIE] Collection starting now.
[KXMLSGAME-26MAR14ORLMTL-ORL] Collection starting now.
[KXMLSGAME-26MAR14CLTMIA-TIE] Collection starting now.
[KXMLSGAME-26MAR14NYCCOL-COL] Collection starting now.
[KXMLSGAME-26MAR14NYCCOL-TIE] Collection starting now.
[KXMLBSTGAME-26MAR141610CLESD-SD] Snapshot applied — 0 bid levels, 0 ask levels
[KXMLBSTGAME-26MAR141610CLESD-CLE] Snapshot applied — 0 bid levels, 0 ask levels
[KXMLBSTGAME-26MAR141610CLESD-CLE] Exiting: order book is empty (market closed/settled).
[KXMLBSTGAME-26MAR141610CLESD-CLE] Ticker task complete.
[KXMLBSTGAME-26MAR141610CLESD-SD] Exiting: order book is empty (market closed/settled).
[KXMLBSTGAME-26MAR141610CLESD-SD] Ticker task complete.
[KXMLBSTGAME-26MAR141605AZSF-AZ] Snapshot applied — 0 bid levels, 0 ask levels
[KXMLBSTGAME-26MAR141605AZSF-SF] Snapshot applied — 0 bid levels, 0 ask levels
[KXMLBSTGAME-26MAR141605AZSF-SF] Exiting: order book is empty (market closed/settled).
[KXMLBSTGAME-26MAR141605AZSF-SF] Ticker task complete.
[KXMLBSTGAME-26MAR141605AZSF-AZ] Exiting: order book is empty (market closed/settled).
[KXMLBSTGAME-26MAR141605AZSF-AZ] Ticker task complete.
[KXNCAAWBGAME-26MAR14HOFDREX-DREX] Snapshot applied — 0 bid levels, 0 ask levels
[KXNCAAWBGAME-26MAR14HOFDREX-HOF] Snapshot applied — 0 bid levels, 0 ask levels
[KXNCAAWBGAME-26MAR14HOFDREX-DREX] Exiting: order book is empty (market closed/settled).
[KXNCAAWBGAME-26MAR14HOFDREX-DREX] Ticker task complete.
[KXNCAAWBGAME-26MAR14HOFDREX-HOF] Exiting: order book is empty (market closed/settled).
[KXNCAAWBGAME-26MAR14HOFDREX-HOF] Ticker task complete.
[KXMLBSTGAME-26MAR141605SDTEX-SD] Snapshot applied — 0 bid levels, 0 ask levels
[KXMLBSTGAME-26MAR141605SDTEX-TEX] Snapshot applied — 0 bid levels, 0 ask levels
[KXMLBSTGAME-26MAR141610SEALAA-SEA] Snapshot applied — 0 bid levels, 0 ask levels
[KXMLBSTGAME-26MAR141610SEALAA-LAA] Snapshot applied — 0 bid levels, 0 ask levels
[KXMLBSTGAME-26MAR141605SDTEX-TEX] Exiting: order book is empty (market closed/settled).
[KXMLBSTGAME-26MAR141605SDTEX-TEX] Ticker task complete.
[KXMLBSTGAME-26MAR141610SEALAA-SEA] Exiting: order book is empty (market closed/settled).
[KXMLBSTGAME-26MAR141610SEALAA-SEA] Ticker task complete.
[KXMLBSTGAME-26MAR141605SDTEX-SD] Exiting: order book is empty (market closed/settled).
[KXMLBSTGAME-26MAR141605SDTEX-SD] Ticker task complete.
[KXMLBSTGAME-26MAR141610SEALAA-LAA] Exiting: order book is empty (market closed/settled).
[KXMLBSTGAME-26MAR141610SEALAA-LAA] Ticker task complete.
[KXMLBSTGAME-26MAR141605LADCWS-LAD] Snapshot applied — 0 bid levels, 0 ask levels
[KXMLBSTGAME-26MAR141605LADCWS-CWS] Snapshot applied — 0 bid levels, 0 ask levels
[KXMLBSTGAME-26MAR141605LADCWS-CWS] Exiting: order book is empty (market closed/settled).
[KXMLBSTGAME-26MAR141605LADCWS-CWS] Ticker task complete.
[KXMLBSTGAME-26MAR141605LADCWS-LAD] Exiting: order book is empty (market closed/settled).
[KXMLBSTGAME-26MAR141605LADCWS-LAD] Ticker task complete.
[KXNBAGAME-26MAR14ORLMIA-MIA] Collection starting now.
[KXNBAGAME-26MAR14ORLMIA-ORL] Collection starting now.
[KXNCAAWBGAME-26MAR14HAWUCSD-HAW] Snapshot applied — 0 bid levels, 0 ask levels
[KXNCAAWBGAME-26MAR14HAWUCSD-UCSD] Snapshot applied — 0 bid levels, 0 ask levels
[KXNCAAWBGAME-26MAR14HARVPRIN-PRIN] Snapshot applied — 0 bid levels, 0 ask levels
[KXNCAAWBGAME-26MAR14HARVPRIN-HARV] Snapshot applied — 0 bid levels, 0 ask levels
[KXNCAAWBGAME-26MAR14HAWUCSD-UCSD] Exiting: order book is empty (market closed/settled).
[KXNCAAWBGAME-26MAR14HAWUCSD-UCSD] Ticker task complete.
[KXNCAAWBGAME-26MAR14HAWUCSD-HAW] Exiting: order book is empty (market closed/settled).
[KXNCAAWBGAME-26MAR14HAWUCSD-HAW] Ticker task complete.
[KXNCAAWBGAME-26MAR14HARVPRIN-PRIN] Exiting: order book is empty (market closed/settled).
[KXNCAAWBGAME-26MAR14HARVPRIN-PRIN] Ticker task complete.
[KXNCAAWBGAME-26MAR14HARVPRIN-HARV] Exiting: order book is empty (market closed/settled).
[KXNCAAWBGAME-26MAR14HARVPRIN-HARV] Ticker task complete.
[KXNCAAMBGAME-26MAR14TLSAWICH-WICH] Snapshot applied — 0 bid levels, 0 ask levels
[KXNCAAMBGAME-26MAR14TLSAWICH-TLSA] Snapshot applied — 0 bid levels, 0 ask levels
[KXNCAAMBGAME-26MAR14TLSAWICH-TLSA] Exiting: order book is empty (market closed/settled).
[KXNCAAMBGAME-26MAR14TLSAWICH-TLSA] Ticker task complete.
[KXNCAAMBGAME-26MAR14TLSAWICH-WICH] Exiting: order book is empty (market closed/settled).
[KXNCAAMBGAME-26MAR14TLSAWICH-WICH] Ticker task complete.
[KXMLSGAME-26MAR14HOUPOR-POR] Collection starting now.
[KXMLSGAME-26MAR14HOUPOR-HOU] Collection starting now.
[KXMLSGAME-26MAR14CHIDCU-TIE] Collection starting now.
[KXMLSGAME-26MAR14DALSD-TIE] Collection starting now.
[KXMLSGAME-26MAR14CHIDCU-CHI] Collection starting now.
[KXMLSGAME-26MAR14DALSD-SD] Collection starting now.
[KXMLSGAME-26MAR14HOUPOR-TIE] Collection starting now.
[KXNBAGAME-26MAR14DENLAL-LAL] Collection starting now.
[KXNBAGAME-26MAR14DENLAL-DEN] Collection starting now.
[KXMLSGAME-26MAR14DALSD-DAL] Collection starting now.
[KXMLSGAME-26MAR14CHIDCU-DCU] Collection starting now.
[KXNCAAWBGAME-26MAR14EVANILST-EVAN] Snapshot applied — 0 bid levels, 0 ask levels
[KXNCAAWBGAME-26MAR14EVANILST-ILST] Snapshot applied — 0 bid levels, 0 ask levels
[KXNCAAWBGAME-26MAR14EVANILST-ILST] Exiting: order book is empty (market closed/settled).
[KXNCAAWBGAME-26MAR14EVANILST-ILST] Ticker task complete.
[KXNCAAWBGAME-26MAR14EVANILST-EVAN] Exiting: order book is empty (market closed/settled).
[KXNCAAWBGAME-26MAR14EVANILST-EVAN] Ticker task complete.
[KXNCAAWBGAME-26MAR14NORFHOW-NORF] Snapshot applied — 0 bid levels, 0 ask levels
[KXNCAAWBGAME-26MAR14NORFHOW-HOW] Snapshot applied — 0 bid levels, 0 ask levels
[KXNCAAWBGAME-26MAR14NORFHOW-NORF] Exiting: order book is empty (market closed/settled).
[KXNCAAWBGAME-26MAR14NORFHOW-NORF] Ticker task complete.
[KXNCAAWBGAME-26MAR14NORFHOW-HOW] Exiting: order book is empty (market closed/settled).
[KXNCAAWBGAME-26MAR14NORFHOW-HOW] Ticker task complete.
[KXNCAAWBGAME-26MAR14MOSULT-LT] Snapshot applied — 0 bid levels, 0 ask levels
[KXNCAAWBGAME-26MAR14MOSULT-MOSU] Snapshot applied — 0 bid levels, 0 ask levels
[KXNCAAWBGAME-26MAR14MOSULT-LT] Exiting: order book is empty (market closed/settled).
[KXNCAAWBGAME-26MAR14MOSULT-LT] Ticker task complete.
[KXNCAAWBGAME-26MAR14MOSULT-MOSU] Exiting: order book is empty (market closed/settled).
[KXNCAAWBGAME-26MAR14MOSULT-MOSU] Ticker task complete.
[KXNBAGAME-26MAR14WASBOS-BOS] Snapshot applied — 0 bid levels, 0 ask levels
[KXNBAGAME-26MAR14WASBOS-WAS] Snapshot applied — 0 bid levels, 0 ask levels
[KXNBAGAME-26MAR14WASBOS-BOS] Exiting: order book is empty (market closed/settled).
[KXNBAGAME-26MAR14WASBOS-BOS] Ticker task complete.
[KXNBAGAME-26MAR14WASBOS-WAS] Exiting: order book is empty (market closed/settled).
[KXNBAGAME-26MAR14WASBOS-WAS] Ticker task complete.
[KXLIGAMXGAME-26MAR14TOLATL-TIE] Collection starting now.
[KXLIGAMXGAME-26MAR14TOLATL-ATL] Collection starting now.
[KXLIGAMXGAME-26MAR14TOLATL-TOL] Collection starting now.
[KXLIGAMXGAME-26MAR14LEOTIJ-TIE] Collection starting now.
[KXLIGAMXGAME-26MAR14LEOTIJ-TIJ] Collection starting now.
[KXLIGAMXGAME-26MAR14LEOTIJ-LEO] Collection starting now.
[KXMLSGAME-26MAR14CLBNSH-NSH] Snapshot applied — 0 bid levels, 0 ask levels
[KXMLSGAME-26MAR14CLBNSH-TIE] Snapshot applied — 0 bid levels, 0 ask levels
[KXMLSGAME-26MAR14CLBNSH-CLB] Snapshot applied — 0 bid levels, 0 ask levels
[KXMLSGAME-26MAR14CLBNSH-NSH] Exiting: order book is empty (market closed/settled).
[KXMLSGAME-26MAR14CLBNSH-NSH] Ticker task complete.
[KXMLSGAME-26MAR14CLBNSH-TIE] Exiting: order book is empty (market closed/settled).
[KXMLSGAME-26MAR14CLBNSH-TIE] Ticker task complete.
[KXMLSGAME-26MAR14CLBNSH-CLB] Exiting: order book is empty (market closed/settled).
[KXMLSGAME-26MAR14CLBNSH-CLB] Ticker task complete.
[KXMLBSTGAME-26MAR141805NYMHOU-NYM] Snapshot applied — 0 bid levels, 0 ask levels
[KXMLBSTGAME-26MAR141805NYMHOU-HOU] Snapshot applied — 0 bid levels, 0 ask levels
[KXMLBSTGAME-26MAR141805NYMHOU-NYM] Exiting: order book is empty (market closed/settled).
[KXMLBSTGAME-26MAR141805NYMHOU-NYM] Ticker task complete.
[KXMLBSTGAME-26MAR141805NYMHOU-HOU] Exiting: order book is empty (market closed/settled).
[KXMLBSTGAME-26MAR141805NYMHOU-HOU] Ticker task complete.
[KXMLBSTGAME-26MAR141805BOSATL-ATL] Snapshot applied — 0 bid levels, 0 ask levels
[KXMLBSTGAME-26MAR141805BOSATL-BOS] Snapshot applied — 0 bid levels, 0 ask levels
[KXMLBSTGAME-26MAR141805BOSATL-BOS] Exiting: order book is empty (market closed/settled).
[KXMLBSTGAME-26MAR141805BOSATL-BOS] Ticker task complete.
[KXMLBSTGAME-26MAR141805BOSATL-ATL] Exiting: order book is empty (market closed/settled).
[KXMLBSTGAME-26MAR141805BOSATL-ATL] Ticker task complete.
[KXMLSGAME-26MAR14RSLATX-TIE] Collection starting now.
[KXMLSGAME-26MAR14LAGSKC-LAG] Collection starting now.
[KXMLSGAME-26MAR14RSLATX-RSL] Collection starting now.
[KXMLSGAME-26MAR14LAGSKC-TIE] Collection starting now.
[KXMLSGAME-26MAR14RSLATX-ATX] Collection starting now.
[KXNCAAWBGAME-26MAR14UTSARICE-RICE] Collection starting now.
[KXMLSGAME-26MAR14LAGSKC-SKC] Collection starting now.
[KXNCAAWBGAME-26MAR14UTSARICE-UTSA] Collection starting now.
[KXLIGAMXGAME-26MAR14ASLPAC-PAC] Snapshot applied — 0 bid levels, 0 ask levels
[KXLIGAMXGAME-26MAR14ASLPAC-TIE] Snapshot applied — 0 bid levels, 0 ask levels
[KXLIGAMXGAME-26MAR14ASLPAC-ASL] Snapshot applied — 0 bid levels, 0 ask levels
[KXLIGAMXGAME-26MAR14ASLPAC-PAC] Exiting: order book is empty (market closed/settled).
[KXLIGAMXGAME-26MAR14ASLPAC-PAC] Ticker task complete.
[KXLIGAMXGAME-26MAR14ASLPAC-ASL] Exiting: order book is empty (market closed/settled).
[KXLIGAMXGAME-26MAR14ASLPAC-ASL] Ticker task complete.
[KXLIGAMXGAME-26MAR14ASLPAC-TIE] Exiting: order book is empty (market closed/settled).
[KXLIGAMXGAME-26MAR14ASLPAC-TIE] Ticker task complete.
[KXLIGAMXGAME-26MAR14CDGSLA-SLA] Snapshot applied — 0 bid levels, 0 ask levels
[KXLIGAMXGAME-26MAR14CDGSLA-TIE] Snapshot applied — 0 bid levels, 0 ask levels
[KXLIGAMXGAME-26MAR14CDGSLA-CDG] Snapshot applied — 0 bid levels, 0 ask levels
[KXLIGAMXGAME-26MAR14CDGSLA-SLA] Exiting: order book is empty (market closed/settled).
[KXLIGAMXGAME-26MAR14CDGSLA-SLA] Ticker task complete.
[KXLIGAMXGAME-26MAR14CDGSLA-TIE] Exiting: order book is empty (market closed/settled).
[KXLIGAMXGAME-26MAR14CDGSLA-TIE] Ticker task complete.
[KXLIGAMXGAME-26MAR14CDGSLA-CDG] Exiting: order book is empty (market closed/settled).
[KXLIGAMXGAME-26MAR14CDGSLA-CDG] Ticker task complete.
[KXMLSGAME-26MAR14CLTMIA-TIE] Snapshot applied — 0 bid levels, 0 ask levels
[KXMLSGAME-26MAR14CLTMIA-CLT] Snapshot applied — 0 bid levels, 0 ask levels
[KXMLSGAME-26MAR14CLTMIA-MIA] Snapshot applied — 0 bid levels, 0 ask levels
[KXMLSGAME-26MAR14ORLMTL-ORL] Snapshot applied — 0 bid levels, 0 ask levels
[KXMLSGAME-26MAR14ORLMTL-MTL] Snapshot applied — 0 bid levels, 0 ask levels
[KXMLSGAME-26MAR14ORLMTL-TIE] Snapshot applied — 0 bid levels, 0 ask levels
[KXMLSGAME-26MAR14NYCCOL-TIE] Snapshot applied — 0 bid levels, 0 ask levels
[KXMLSGAME-26MAR14NYCCOL-COL] Snapshot applied — 0 bid levels, 0 ask levels
[KXMLSGAME-26MAR14NYCCOL-NYC] Snapshot applied — 0 bid levels, 0 ask levels
[KXMLSGAME-26MAR14NYCCOL-TIE] Exiting: order book is empty (market closed/settled).
[KXMLSGAME-26MAR14NYCCOL-TIE] Ticker task complete.
[KXMLSGAME-26MAR14ORLMTL-TIE] Exiting: order book is empty (market closed/settled).
[KXMLSGAME-26MAR14ORLMTL-TIE] Ticker task complete.
[KXMLSGAME-26MAR14NYCCOL-COL] Exiting: order book is empty (market closed/settled).
[KXMLSGAME-26MAR14NYCCOL-COL] Ticker task complete.
[KXMLSGAME-26MAR14NYCCOL-NYC] Exiting: order book is empty (market closed/settled).
[KXMLSGAME-26MAR14NYCCOL-NYC] Ticker task complete.
[KXMLSGAME-26MAR14CLTMIA-CLT] Exiting: order book is empty (market closed/settled).
[KXMLSGAME-26MAR14CLTMIA-CLT] Ticker task complete.
[KXMLSGAME-26MAR14CLTMIA-TIE] Exiting: order book is empty (market closed/settled).
[KXMLSGAME-26MAR14CLTMIA-TIE] Ticker task complete.
[KXMLSGAME-26MAR14ORLMTL-ORL] Exiting: order book is empty (market closed/settled).
[KXMLSGAME-26MAR14ORLMTL-ORL] Ticker task complete.
[KXMLSGAME-26MAR14CLTMIA-MIA] Exiting: order book is empty (market closed/settled).
[KXMLSGAME-26MAR14CLTMIA-MIA] Ticker task complete.
[KXMLSGAME-26MAR14ORLMTL-MTL] Exiting: order book is empty (market closed/settled).
[KXMLSGAME-26MAR14ORLMTL-MTL] Ticker task complete.
[KXMLSGAME-26MAR14LAFCSTL-LAFC] Collection starting now.
[KXMLSGAME-26MAR14LAFCSTL-TIE] Collection starting now.
[KXNBAGAME-26MAR14SACLAC-LAC] Collection starting now.
[KXMLSGAME-26MAR14LAFCSTL-STL] Collection starting now.
[KXNBAGAME-26MAR14SACLAC-SAC] Collection starting now.
[KXLIGAMXGAME-26MAR14PUMCRA-PUM] Collection starting now.
[KXLIGAMXGAME-26MAR14PUMCRA-CRA] Collection starting now.
[KXLIGAMXGAME-26MAR14PUMCRA-TIE] Collection starting now.
[KXNBAGAME-26MAR14ORLMIA-ORL] Snapshot applied — 0 bid levels, 0 ask levels
[KXNBAGAME-26MAR14ORLMIA-MIA] Snapshot applied — 0 bid levels, 0 ask levels
[KXNBAGAME-26MAR14ORLMIA-ORL] Exiting: order book is empty (market closed/settled).
[KXNBAGAME-26MAR14ORLMIA-ORL] Ticker task complete.
[KXNBAGAME-26MAR14ORLMIA-MIA] Exiting: order book is empty (market closed/settled).
[KXNBAGAME-26MAR14ORLMIA-MIA] Ticker task complete.
[KXMLSGAME-26MAR14DALSD-DAL] Snapshot applied — 0 bid levels, 0 ask levels
[KXMLSGAME-26MAR14DALSD-TIE] Snapshot applied — 0 bid levels, 0 ask levels
[KXMLSGAME-26MAR14DALSD-SD] Snapshot applied — 0 bid levels, 0 ask levels
[KXMLSGAME-26MAR14DALSD-SD] Exiting: order book is empty (market closed/settled).
[KXMLSGAME-26MAR14DALSD-SD] Ticker task complete.
[KXMLSGAME-26MAR14DALSD-DAL] Exiting: order book is empty (market closed/settled).
[KXMLSGAME-26MAR14DALSD-DAL] Ticker task complete.
[KXMLSGAME-26MAR14DALSD-TIE] Exiting: order book is empty (market closed/settled).
[KXMLSGAME-26MAR14DALSD-TIE] Ticker task complete.
[KXMLSGAME-26MAR14CHIDCU-DCU] Snapshot applied — 0 bid levels, 0 ask levels
[KXMLSGAME-26MAR14CHIDCU-CHI] Snapshot applied — 0 bid levels, 0 ask levels
[KXMLSGAME-26MAR14CHIDCU-TIE] Snapshot applied — 0 bid levels, 0 ask levels
[KXMLSGAME-26MAR14HOUPOR-HOU] Snapshot applied — 0 bid levels, 0 ask levels
[KXMLSGAME-26MAR14HOUPOR-POR] Snapshot applied — 0 bid levels, 0 ask levels
[KXMLSGAME-26MAR14HOUPOR-TIE] Snapshot applied — 0 bid levels, 0 ask levels
[KXMLSGAME-26MAR14CHIDCU-TIE] Exiting: order book is empty (market closed/settled).
[KXMLSGAME-26MAR14CHIDCU-TIE] Ticker task complete.
[KXMLSGAME-26MAR14HOUPOR-TIE] Exiting: order book is empty (market closed/settled).
[KXMLSGAME-26MAR14HOUPOR-TIE] Ticker task complete.
[KXMLSGAME-26MAR14HOUPOR-POR] Exiting: order book is empty (market closed/settled).
[KXMLSGAME-26MAR14HOUPOR-POR] Ticker task complete.
[KXMLSGAME-26MAR14CHIDCU-CHI] Exiting: order book is empty (market closed/settled).
[KXMLSGAME-26MAR14CHIDCU-CHI] Ticker task complete.
[KXMLSGAME-26MAR14HOUPOR-HOU] Exiting: order book is empty (market closed/settled).
[KXMLSGAME-26MAR14HOUPOR-HOU] Ticker task complete.
[KXMLSGAME-26MAR14CHIDCU-DCU] Exiting: order book is empty (market closed/settled).
[KXMLSGAME-26MAR14CHIDCU-DCU] Ticker task complete.
[KXLIGAMXGAME-26MAR14TOLATL-TOL] Snapshot applied — 0 bid levels, 0 ask levels
[KXLIGAMXGAME-26MAR14TOLATL-TIE] Snapshot applied — 0 bid levels, 0 ask levels
[KXLIGAMXGAME-26MAR14TOLATL-ATL] Snapshot applied — 0 bid levels, 0 ask levels
[KXLIGAMXGAME-26MAR14LEOTIJ-TIE] Snapshot applied — 0 bid levels, 0 ask levels
[KXLIGAMXGAME-26MAR14LEOTIJ-TIJ] Snapshot applied — 0 bid levels, 0 ask levels
[KXLIGAMXGAME-26MAR14LEOTIJ-LEO] Snapshot applied — 0 bid levels, 0 ask levels
[KXLIGAMXGAME-26MAR14TOLATL-ATL] Exiting: order book is empty (market closed/settled).
[KXLIGAMXGAME-26MAR14TOLATL-ATL] Ticker task complete.
[KXLIGAMXGAME-26MAR14TOLATL-TOL] Exiting: order book is empty (market closed/settled).
[KXLIGAMXGAME-26MAR14TOLATL-TOL] Ticker task complete.
[KXLIGAMXGAME-26MAR14LEOTIJ-LEO] Exiting: order book is empty (market closed/settled).
[KXLIGAMXGAME-26MAR14LEOTIJ-LEO] Ticker task complete.
[KXLIGAMXGAME-26MAR14LEOTIJ-TIJ] Exiting: order book is empty (market closed/settled).
[KXLIGAMXGAME-26MAR14LEOTIJ-TIJ] Ticker task complete.
[KXLIGAMXGAME-26MAR14LEOTIJ-TIE] Exiting: order book is empty (market closed/settled).
[KXLIGAMXGAME-26MAR14LEOTIJ-TIE] Ticker task complete.
[KXLIGAMXGAME-26MAR14TOLATL-TIE] Exiting: order book is empty (market closed/settled).
[KXLIGAMXGAME-26MAR14TOLATL-TIE] Ticker task complete.
[KXNBAGAME-26MAR14DENLAL-LAL] Snapshot applied — 0 bid levels, 0 ask levels
[KXNBAGAME-26MAR14DENLAL-DEN] Snapshot applied — 0 bid levels, 0 ask levels
[KXNBAGAME-26MAR14DENLAL-LAL] Exiting: order book is empty (market closed/settled).
[KXNBAGAME-26MAR14DENLAL-LAL] Ticker task complete.
[KXNBAGAME-26MAR14DENLAL-DEN] Exiting: order book is empty (market closed/settled).
[KXNBAGAME-26MAR14DENLAL-DEN] Ticker task complete.
[KXMLSGAME-26MAR14RSLATX-ATX] Snapshot applied — 0 bid levels, 0 ask levels
[KXMLSGAME-26MAR14RSLATX-RSL] Snapshot applied — 0 bid levels, 0 ask levels
[KXMLSGAME-26MAR14RSLATX-TIE] Snapshot applied — 0 bid levels, 0 ask levels
[KXMLSGAME-26MAR14LAGSKC-TIE] Snapshot applied — 0 bid levels, 0 ask levels
[KXMLSGAME-26MAR14LAGSKC-SKC] Snapshot applied — 0 bid levels, 0 ask levels
[KXMLSGAME-26MAR14LAGSKC-LAG] Snapshot applied — 0 bid levels, 0 ask levels
[KXMLSGAME-26MAR14LAGSKC-TIE] Exiting: order book is empty (market closed/settled).
[KXMLSGAME-26MAR14LAGSKC-TIE] Ticker task complete.
[KXMLSGAME-26MAR14RSLATX-RSL] Exiting: order book is empty (market closed/settled).
[KXMLSGAME-26MAR14RSLATX-RSL] Ticker task complete.
[KXMLSGAME-26MAR14RSLATX-ATX] Exiting: order book is empty (market closed/settled).
[KXMLSGAME-26MAR14RSLATX-ATX] Ticker task complete.
[KXMLSGAME-26MAR14RSLATX-TIE] Exiting: order book is empty (market closed/settled).
[KXMLSGAME-26MAR14RSLATX-TIE] Ticker task complete.
[KXMLSGAME-26MAR14LAGSKC-LAG] Exiting: order book is empty (market closed/settled).
[KXMLSGAME-26MAR14LAGSKC-LAG] Ticker task complete.
[KXMLSGAME-26MAR14LAGSKC-SKC] Exiting: order book is empty (market closed/settled).
[KXMLSGAME-26MAR14LAGSKC-SKC] Ticker task complete.
[KXNCAAWBGAME-26MAR14UTSARICE-RICE] Snapshot applied — 0 bid levels, 0 ask levels
[KXNCAAWBGAME-26MAR14UTSARICE-UTSA] Snapshot applied — 0 bid levels, 0 ask levels
[KXNCAAWBGAME-26MAR14UTSARICE-RICE] Exiting: order book is empty (market closed/settled).
[KXNCAAWBGAME-26MAR14UTSARICE-RICE] Ticker task complete.
[KXNCAAWBGAME-26MAR14UTSARICE-UTSA] Exiting: order book is empty (market closed/settled).
[KXNCAAWBGAME-26MAR14UTSARICE-UTSA] Ticker task complete.
[KXMLSGAME-26MAR14LAFCSTL-STL] Snapshot applied — 0 bid levels, 0 ask levels
[KXMLSGAME-26MAR14LAFCSTL-TIE] Snapshot applied — 0 bid levels, 0 ask levels
[KXMLSGAME-26MAR14LAFCSTL-LAFC] Snapshot applied — 0 bid levels, 0 ask levels
[KXMLSGAME-26MAR14LAFCSTL-STL] Exiting: order book is empty (market closed/settled).
[KXMLSGAME-26MAR14LAFCSTL-STL] Ticker task complete.
[KXMLSGAME-26MAR14LAFCSTL-LAFC] Exiting: order book is empty (market closed/settled).
[KXMLSGAME-26MAR14LAFCSTL-LAFC] Ticker task complete.
[KXMLSGAME-26MAR14LAFCSTL-TIE] Exiting: order book is empty (market closed/settled).
[KXMLSGAME-26MAR14LAFCSTL-TIE] Ticker task complete.
[KXNBAGAME-26MAR14SACLAC-SAC] Snapshot applied — 0 bid levels, 0 ask levels
[KXNBAGAME-26MAR14SACLAC-LAC] Snapshot applied — 0 bid levels, 0 ask levels
[KXNBAGAME-26MAR14SACLAC-LAC] Exiting: order book is empty (market closed/settled).
[KXNBAGAME-26MAR14SACLAC-LAC] Ticker task complete.
[KXNBAGAME-26MAR14SACLAC-SAC] Exiting: order book is empty (market closed/settled).
[KXNBAGAME-26MAR14SACLAC-SAC] Ticker task complete.
[KXLIGAMXGAME-26MAR14PUMCRA-PUM] Snapshot applied — 0 bid levels, 0 ask levels
[KXLIGAMXGAME-26MAR14PUMCRA-TIE] Snapshot applied — 0 bid levels, 0 ask levels
[KXLIGAMXGAME-26MAR14PUMCRA-CRA] Snapshot applied — 0 bid levels, 0 ask levels
[KXLIGAMXGAME-26MAR14PUMCRA-CRA] Exiting: order book is empty (market closed/settled).
[KXLIGAMXGAME-26MAR14PUMCRA-CRA] Ticker task complete.
[KXLIGAMXGAME-26MAR14PUMCRA-PUM] Exiting: order book is empty (market closed/settled).
[KXLIGAMXGAME-26MAR14PUMCRA-PUM] Ticker task complete.
[KXLIGAMXGAME-26MAR14PUMCRA-TIE] Exiting: order book is empty (market closed/settled).
[KXLIGAMXGAME-26MAR14PUMCRA-TIE] Ticker task complete.
[WS] Connection issue: no close frame received or sent. Reconnecting in 5 seconds...
[WS] Connecting to wss://api.elections.kalshi.com/trade-api/ws/v2 for tickers: ['KXNCAAMBGAME-26MAR14MISSARK-MISS', 'KXNCAAMBGAME-26MAR14MISSARK-ARK', 'KXNCAAMBGAME-26MAR14PURUCLA-UCLA', 'KXNCAAMBGAME-26MAR14PURUCLA-PUR', 'KXNCAAMBGAME-26MAR14JOESVCU-VCU', 'KXNCAAMBGAME-26MAR14JOESVCU-JOES', 'KXNCAAMBGAME-26MAR14TLSAWICH-WICH', 'KXNCAAMBGAME-26MAR14TLSAWICH-TLSA', 'KXNCAAMBGAME-26MAR14CHARUSF-USF', 'KXNCAAMBGAME-26MAR14CHARUSF-CHAR', 'KXNCAAWBGAME-26MAR14UTSARICE-UTSA', 'KXNCAAWBGAME-26MAR14UTSARICE-RICE', 'KXNCAAWBGAME-26MAR14EVANILST-ILST', 'KXNCAAWBGAME-26MAR14EVANILST-EVAN', 'KXNCAAWBGAME-26MAR14MOSULT-MOSU', 'KXNCAAWBGAME-26MAR14MOSULT-LT', 'KXNCAAWBGAME-26MAR14HARVPRIN-PRIN', 'KXNCAAWBGAME-26MAR14HARVPRIN-HARV', 'KXNCAAWBGAME-26MAR14HOFDREX-HOF', 'KXNCAAWBGAME-26MAR14HOFDREX-DREX', 'KXNCAAWBGAME-26MAR14HAWUCSD-UCSD', 'KXNCAAWBGAME-26MAR14HAWUCSD-HAW', 'KXNCAAWBGAME-26MAR14ACCBU-CBU', 'KXNCAAWBGAME-26MAR14ACCBU-AC', 'KXNCAAWBGAME-26MAR14NORFHOW-NORF', 'KXNCAAWBGAME-26MAR14NORFHOW-HOW', 'KXNCAAWBGAME-26MAR15LEHHC-LEH', 'KXNCAAWBGAME-26MAR15LEHHC-HC', 'KXNCAAWBGAME-26MAR15LIUFDU-LIU', 'KXNCAAWBGAME-26MAR15LIUFDU-FDU', 'KXNBAGAME-26MAR15MINOKC-OKC', 'KXNBAGAME-26MAR15MINOKC-MIN', 'KXNBAGAME-26MAR14SACLAC-SAC', 'KXNBAGAME-26MAR14SACLAC-LAC', 'KXNBAGAME-26MAR14ORLMIA-ORL', 'KXNBAGAME-26MAR14ORLMIA-MIA', 'KXNBAGAME-26MAR14DENLAL-LAL', 'KXNBAGAME-26MAR14DENLAL-DEN', 'KXNBAGAME-26MAR14WASBOS-WAS', 'KXNBAGAME-26MAR14WASBOS-BOS', 'KXNBAGAME-26MAR14CHASAS-SAS', 'KXNBAGAME-26MAR14CHASAS-CHA', 'KXNBAGAME-26MAR14MILATL-MIL', 'KXNBAGAME-26MAR14MILATL-ATL', 'KXEPLGAME-26MAR15LFCTOT-TOT', 'KXEPLGAME-26MAR15LFCTOT-TIE', 'KXEPLGAME-26MAR15LFCTOT-LFC', 'KXEPLGAME-26MAR15MUNAVL-TIE', 'KXEPLGAME-26MAR15MUNAVL-MUN', 'KXEPLGAME-26MAR15MUNAVL-AVL', 'KXEPLGAME-26MAR15NFOFUL-TIE', 'KXEPLGAME-26MAR15NFOFUL-NFO', 'KXEPLGAME-26MAR15NFOFUL-FUL', 'KXLALIGAGAME-26MAR15MALESP-TIE', 'KXLALIGAGAME-26MAR15MALESP-MAL', 'KXLALIGAGAME-26MAR15MALESP-ESP', 'KXLALIGAGAME-26MAR15BARSEV-TIE', 'KXLALIGAGAME-26MAR15BARSEV-SEV', 'KXLALIGAGAME-26MAR15BARSEV-BAR', 'KXLALIGAGAME-26MAR15RBBRCC-TIE', 'KXLALIGAGAME-26MAR15RBBRCC-RCC', 'KXLALIGAGAME-26MAR15RBBRCC-RBB', 'KXLALIGAGAME-26MAR14RMAELC-TIE', 'KXLALIGAGAME-26MAR14RMAELC-RMA', 'KXLALIGAGAME-26MAR14RMAELC-ELC', 'KXBUNDESLIGAGAME-26MAR15SCFUNI-UNI', 'KXBUNDESLIGAGAME-26MAR15SCFUNI-TIE', 'KXBUNDESLIGAGAME-26MAR15SCFUNI-SCF', 'KXBUNDESLIGAGAME-26MAR15SVWM05-TIE', 'KXBUNDESLIGAGAME-26MAR15SVWM05-SVW', 'KXBUNDESLIGAGAME-26MAR15SVWM05-M05', 'KXMLSGAME-26MAR14RSLATX-TIE', 'KXMLSGAME-26MAR14RSLATX-RSL', 'KXMLSGAME-26MAR14RSLATX-ATX', 'KXMLSGAME-26MAR14HOUPOR-TIE', 'KXMLSGAME-26MAR14HOUPOR-POR', 'KXMLSGAME-26MAR14HOUPOR-HOU', 'KXMLSGAME-26MAR14CHIDCU-TIE', 'KXMLSGAME-26MAR14CHIDCU-DCU', 'KXMLSGAME-26MAR14CHIDCU-CHI', 'KXMLSGAME-26MAR14LAFCSTL-TIE', 'KXMLSGAME-26MAR14LAFCSTL-STL', 'KXMLSGAME-26MAR14LAFCSTL-LAFC', 'KXMLSGAME-26MAR14DALSD-TIE', 'KXMLSGAME-26MAR14DALSD-SD', 'KXMLSGAME-26MAR14DALSD-DAL', 'KXMLSGAME-26MAR14LAGSKC-TIE', 'KXMLSGAME-26MAR14LAGSKC-SKC', 'KXMLSGAME-26MAR14LAGSKC-LAG', 'KXMLSGAME-26MAR14ATLPHI-TIE', 'KXMLSGAME-26MAR14ATLPHI-PHI', 'KXMLSGAME-26MAR14ATLPHI-ATL', 'KXMLSGAME-26MAR14NYCCOL-TIE', 'KXMLSGAME-26MAR14NYCCOL-NYC', 'KXMLSGAME-26MAR14NYCCOL-COL', 'KXMLSGAME-26MAR14CLTMIA-TIE', 'KXMLSGAME-26MAR14CLTMIA-MIA', 'KXMLSGAME-26MAR14CLTMIA-CLT', 'KXMLSGAME-26MAR14ORLMTL-TIE', 'KXMLSGAME-26MAR14ORLMTL-ORL', 'KXMLSGAME-26MAR14ORLMTL-MTL', 'KXMLSGAME-26MAR14CLBNSH-TIE', 'KXMLSGAME-26MAR14CLBNSH-NSH', 'KXMLSGAME-26MAR14CLBNSH-CLB', 'KXLIGAMXGAME-26MAR14PUMCRA-TIE', 'KXLIGAMXGAME-26MAR14PUMCRA-PUM', 'KXLIGAMXGAME-26MAR14PUMCRA-CRA', 'KXLIGAMXGAME-26MAR14TOLATL-TOL', 'KXLIGAMXGAME-26MAR14TOLATL-TIE', 'KXLIGAMXGAME-26MAR14TOLATL-ATL', 'KXLIGAMXGAME-26MAR14LEOTIJ-TIJ', 'KXLIGAMXGAME-26MAR14LEOTIJ-TIE', 'KXLIGAMXGAME-26MAR14LEOTIJ-LEO', 'KXLIGAMXGAME-26MAR14ASLPAC-TIE', 'KXLIGAMXGAME-26MAR14ASLPAC-PAC', 'KXLIGAMXGAME-26MAR14ASLPAC-ASL', 'KXLIGAMXGAME-26MAR14CDGSLA-TIE', 'KXLIGAMXGAME-26MAR14CDGSLA-SLA', 'KXLIGAMXGAME-26MAR14CDGSLA-CDG', 'KXMLBSTGAME-26MAR151305MIAHOU-MIA', 'KXMLBSTGAME-26MAR151305MIAHOU-HOU', 'KXMLBSTGAME-26MAR151305PITTB-TB', 'KXMLBSTGAME-26MAR151305PITTB-PIT', 'KXMLBSTGAME-26MAR151305MINBOS-MIN', 'KXMLBSTGAME-26MAR151305MINBOS-BOS', 'KXMLBSTGAME-26MAR151305ATLPHI-PHI', 'KXMLBSTGAME-26MAR151305ATLPHI-ATL', 'KXMLBSTGAME-26MAR151305WSHSTL-WSH', 'KXMLBSTGAME-26MAR151305WSHSTL-STL', 'KXMLBSTGAME-26MAR151310TORNYM-TOR', 'KXMLBSTGAME-26MAR151310TORNYM-NYM', 'KXMLBSTGAME-26MAR151305DETNYY-NYY', 'KXMLBSTGAME-26MAR151305DETNYY-DET', 'KXMLBSTGAME-26MAR141605LADCWS-LAD', 'KXMLBSTGAME-26MAR141605LADCWS-CWS', 'KXMLBSTGAME-26MAR141605AZSF-SF', 'KXMLBSTGAME-26MAR141605AZSF-AZ', 'KXMLBSTGAME-26MAR141610COLMIL-MIL', 'KXMLBSTGAME-26MAR141610COLMIL-COL', 'KXMLBSTGAME-26MAR141805NYMHOU-NYM', 'KXMLBSTGAME-26MAR141805NYMHOU-HOU', 'KXMLBSTGAME-26MAR141610CLESD-SD', 'KXMLBSTGAME-26MAR141610CLESD-CLE', 'KXMLBSTGAME-26MAR141605SDTEX-TEX', 'KXMLBSTGAME-26MAR141605SDTEX-SD', 'KXMLBSTGAME-26MAR141605KCATH-KC', 'KXMLBSTGAME-26MAR141605KCATH-ATH', 'KXMLBSTGAME-26MAR141805BOSATL-BOS', 'KXMLBSTGAME-26MAR141805BOSATL-ATL', 'KXMLBSTGAME-26MAR141610SEALAA-SEA', 'KXMLBSTGAME-26MAR141610SEALAA-LAA', 'KXMLBSTGAME-26MAR141610CHCCOL-COL', 'KXMLBSTGAME-26MAR141610CHCCOL-CHC', 'KXMLBSTGAME-26MAR141605TEXCIN-TEX', 'KXMLBSTGAME-26MAR141605TEXCIN-CIN']
[WS] Subscribed to trade + orderbook_delta for ['KXNCAAMBGAME-26MAR14MISSARK-MISS', 'KXNCAAMBGAME-26MAR14MISSARK-ARK', 'KXNCAAMBGAME-26MAR14PURUCLA-UCLA', 'KXNCAAMBGAME-26MAR14PURUCLA-PUR', 'KXNCAAMBGAME-26MAR14JOESVCU-VCU', 'KXNCAAMBGAME-26MAR14JOESVCU-JOES', 'KXNCAAMBGAME-26MAR14TLSAWICH-WICH', 'KXNCAAMBGAME-26MAR14TLSAWICH-TLSA', 'KXNCAAMBGAME-26MAR14CHARUSF-USF', 'KXNCAAMBGAME-26MAR14CHARUSF-CHAR', 'KXNCAAWBGAME-26MAR14UTSARICE-UTSA', 'KXNCAAWBGAME-26MAR14UTSARICE-RICE', 'KXNCAAWBGAME-26MAR14EVANILST-ILST', 'KXNCAAWBGAME-26MAR14EVANILST-EVAN', 'KXNCAAWBGAME-26MAR14MOSULT-MOSU', 'KXNCAAWBGAME-26MAR14MOSULT-LT', 'KXNCAAWBGAME-26MAR14HARVPRIN-PRIN', 'KXNCAAWBGAME-26MAR14HARVPRIN-HARV', 'KXNCAAWBGAME-26MAR14HOFDREX-HOF', 'KXNCAAWBGAME-26MAR14HOFDREX-DREX', 'KXNCAAWBGAME-26MAR14HAWUCSD-UCSD', 'KXNCAAWBGAME-26MAR14HAWUCSD-HAW', 'KXNCAAWBGAME-26MAR14ACCBU-CBU', 'KXNCAAWBGAME-26MAR14ACCBU-AC', 'KXNCAAWBGAME-26MAR14NORFHOW-NORF', 'KXNCAAWBGAME-26MAR14NORFHOW-HOW', 'KXNCAAWBGAME-26MAR15LEHHC-LEH', 'KXNCAAWBGAME-26MAR15LEHHC-HC', 'KXNCAAWBGAME-26MAR15LIUFDU-LIU', 'KXNCAAWBGAME-26MAR15LIUFDU-FDU', 'KXNBAGAME-26MAR15MINOKC-OKC', 'KXNBAGAME-26MAR15MINOKC-MIN', 'KXNBAGAME-26MAR14SACLAC-SAC', 'KXNBAGAME-26MAR14SACLAC-LAC', 'KXNBAGAME-26MAR14ORLMIA-ORL', 'KXNBAGAME-26MAR14ORLMIA-MIA', 'KXNBAGAME-26MAR14DENLAL-LAL', 'KXNBAGAME-26MAR14DENLAL-DEN', 'KXNBAGAME-26MAR14WASBOS-WAS', 'KXNBAGAME-26MAR14WASBOS-BOS', 'KXNBAGAME-26MAR14CHASAS-SAS', 'KXNBAGAME-26MAR14CHASAS-CHA', 'KXNBAGAME-26MAR14MILATL-MIL', 'KXNBAGAME-26MAR14MILATL-ATL', 'KXEPLGAME-26MAR15LFCTOT-TOT', 'KXEPLGAME-26MAR15LFCTOT-TIE', 'KXEPLGAME-26MAR15LFCTOT-LFC', 'KXEPLGAME-26MAR15MUNAVL-TIE', 'KXEPLGAME-26MAR15MUNAVL-MUN', 'KXEPLGAME-26MAR15MUNAVL-AVL', 'KXEPLGAME-26MAR15NFOFUL-TIE', 'KXEPLGAME-26MAR15NFOFUL-NFO', 'KXEPLGAME-26MAR15NFOFUL-FUL', 'KXLALIGAGAME-26MAR15MALESP-TIE', 'KXLALIGAGAME-26MAR15MALESP-MAL', 'KXLALIGAGAME-26MAR15MALESP-ESP', 'KXLALIGAGAME-26MAR15BARSEV-TIE', 'KXLALIGAGAME-26MAR15BARSEV-SEV', 'KXLALIGAGAME-26MAR15BARSEV-BAR', 'KXLALIGAGAME-26MAR15RBBRCC-TIE', 'KXLALIGAGAME-26MAR15RBBRCC-RCC', 'KXLALIGAGAME-26MAR15RBBRCC-RBB', 'KXLALIGAGAME-26MAR14RMAELC-TIE', 'KXLALIGAGAME-26MAR14RMAELC-RMA', 'KXLALIGAGAME-26MAR14RMAELC-ELC', 'KXBUNDESLIGAGAME-26MAR15SCFUNI-UNI', 'KXBUNDESLIGAGAME-26MAR15SCFUNI-TIE', 'KXBUNDESLIGAGAME-26MAR15SCFUNI-SCF', 'KXBUNDESLIGAGAME-26MAR15SVWM05-TIE', 'KXBUNDESLIGAGAME-26MAR15SVWM05-SVW', 'KXBUNDESLIGAGAME-26MAR15SVWM05-M05', 'KXMLSGAME-26MAR14RSLATX-TIE', 'KXMLSGAME-26MAR14RSLATX-RSL', 'KXMLSGAME-26MAR14RSLATX-ATX', 'KXMLSGAME-26MAR14HOUPOR-TIE', 'KXMLSGAME-26MAR14HOUPOR-POR', 'KXMLSGAME-26MAR14HOUPOR-HOU', 'KXMLSGAME-26MAR14CHIDCU-TIE', 'KXMLSGAME-26MAR14CHIDCU-DCU', 'KXMLSGAME-26MAR14CHIDCU-CHI', 'KXMLSGAME-26MAR14LAFCSTL-TIE', 'KXMLSGAME-26MAR14LAFCSTL-STL', 'KXMLSGAME-26MAR14LAFCSTL-LAFC', 'KXMLSGAME-26MAR14DALSD-TIE', 'KXMLSGAME-26MAR14DALSD-SD', 'KXMLSGAME-26MAR14DALSD-DAL', 'KXMLSGAME-26MAR14LAGSKC-TIE', 'KXMLSGAME-26MAR14LAGSKC-SKC', 'KXMLSGAME-26MAR14LAGSKC-LAG', 'KXMLSGAME-26MAR14ATLPHI-TIE', 'KXMLSGAME-26MAR14ATLPHI-PHI', 'KXMLSGAME-26MAR14ATLPHI-ATL', 'KXMLSGAME-26MAR14NYCCOL-TIE', 'KXMLSGAME-26MAR14NYCCOL-NYC', 'KXMLSGAME-26MAR14NYCCOL-COL', 'KXMLSGAME-26MAR14CLTMIA-TIE', 'KXMLSGAME-26MAR14CLTMIA-MIA', 'KXMLSGAME-26MAR14CLTMIA-CLT', 'KXMLSGAME-26MAR14ORLMTL-TIE', 'KXMLSGAME-26MAR14ORLMTL-ORL', 'KXMLSGAME-26MAR14ORLMTL-MTL', 'KXMLSGAME-26MAR14CLBNSH-TIE', 'KXMLSGAME-26MAR14CLBNSH-NSH', 'KXMLSGAME-26MAR14CLBNSH-CLB', 'KXLIGAMXGAME-26MAR14PUMCRA-TIE', 'KXLIGAMXGAME-26MAR14PUMCRA-PUM', 'KXLIGAMXGAME-26MAR14PUMCRA-CRA', 'KXLIGAMXGAME-26MAR14TOLATL-TOL', 'KXLIGAMXGAME-26MAR14TOLATL-TIE', 'KXLIGAMXGAME-26MAR14TOLATL-ATL', 'KXLIGAMXGAME-26MAR14LEOTIJ-TIJ', 'KXLIGAMXGAME-26MAR14LEOTIJ-TIE', 'KXLIGAMXGAME-26MAR14LEOTIJ-LEO', 'KXLIGAMXGAME-26MAR14ASLPAC-TIE', 'KXLIGAMXGAME-26MAR14ASLPAC-PAC', 'KXLIGAMXGAME-26MAR14ASLPAC-ASL', 'KXLIGAMXGAME-26MAR14CDGSLA-TIE', 'KXLIGAMXGAME-26MAR14CDGSLA-SLA', 'KXLIGAMXGAME-26MAR14CDGSLA-CDG', 'KXMLBSTGAME-26MAR151305MIAHOU-MIA', 'KXMLBSTGAME-26MAR151305MIAHOU-HOU', 'KXMLBSTGAME-26MAR151305PITTB-TB', 'KXMLBSTGAME-26MAR151305PITTB-PIT', 'KXMLBSTGAME-26MAR151305MINBOS-MIN', 'KXMLBSTGAME-26MAR151305MINBOS-BOS', 'KXMLBSTGAME-26MAR151305ATLPHI-PHI', 'KXMLBSTGAME-26MAR151305ATLPHI-ATL', 'KXMLBSTGAME-26MAR151305WSHSTL-WSH', 'KXMLBSTGAME-26MAR151305WSHSTL-STL', 'KXMLBSTGAME-26MAR151310TORNYM-TOR', 'KXMLBSTGAME-26MAR151310TORNYM-NYM', 'KXMLBSTGAME-26MAR151305DETNYY-NYY', 'KXMLBSTGAME-26MAR151305DETNYY-DET', 'KXMLBSTGAME-26MAR141605LADCWS-LAD', 'KXMLBSTGAME-26MAR141605LADCWS-CWS', 'KXMLBSTGAME-26MAR141605AZSF-SF', 'KXMLBSTGAME-26MAR141605AZSF-AZ', 'KXMLBSTGAME-26MAR141610COLMIL-MIL', 'KXMLBSTGAME-26MAR141610COLMIL-COL', 'KXMLBSTGAME-26MAR141805NYMHOU-NYM', 'KXMLBSTGAME-26MAR141805NYMHOU-HOU', 'KXMLBSTGAME-26MAR141610CLESD-SD', 'KXMLBSTGAME-26MAR141610CLESD-CLE', 'KXMLBSTGAME-26MAR141605SDTEX-TEX', 'KXMLBSTGAME-26MAR141605SDTEX-SD', 'KXMLBSTGAME-26MAR141605KCATH-KC', 'KXMLBSTGAME-26MAR141605KCATH-ATH', 'KXMLBSTGAME-26MAR141805BOSATL-BOS', 'KXMLBSTGAME-26MAR141805BOSATL-ATL', 'KXMLBSTGAME-26MAR141610SEALAA-SEA', 'KXMLBSTGAME-26MAR141610SEALAA-LAA', 'KXMLBSTGAME-26MAR141610CHCCOL-COL', 'KXMLBSTGAME-26MAR141610CHCCOL-CHC', 'KXMLBSTGAME-26MAR141605TEXCIN-TEX', 'KXMLBSTGAME-26MAR141605TEXCIN-CIN']
[KXBUNDESLIGAGAME-26MAR15SCFUNI-SCF] Snapshot applied — 21 bid levels, 44 ask levels
[KXBUNDESLIGAGAME-26MAR15SCFUNI-TIE] Snapshot applied — 14 bid levels, 46 ask levels
[KXBUNDESLIGAGAME-26MAR15SCFUNI-UNI] Snapshot applied — 15 bid levels, 46 ask levels
[KXBUNDESLIGAGAME-26MAR15SVWM05-M05] Snapshot applied — 13 bid levels, 47 ask levels
[KXBUNDESLIGAGAME-26MAR15SVWM05-SVW] Snapshot applied — 23 bid levels, 42 ask levels
[KXBUNDESLIGAGAME-26MAR15SVWM05-TIE] Snapshot applied — 14 bid levels, 47 ask levels
[KXEPLGAME-26MAR15LFCTOT-LFC] Snapshot applied — 36 bid levels, 23 ask levels
[KXEPLGAME-26MAR15LFCTOT-TIE] Snapshot applied — 12 bid levels, 53 ask levels
[KXEPLGAME-26MAR15LFCTOT-TOT] Snapshot applied — 10 bid levels, 52 ask levels
[KXEPLGAME-26MAR15MUNAVL-AVL] Snapshot applied — 15 bid levels, 53 ask levels
[KXEPLGAME-26MAR15MUNAVL-MUN] Snapshot applied — 26 bid levels, 40 ask levels
[KXEPLGAME-26MAR15MUNAVL-TIE] Snapshot applied — 15 bid levels, 51 ask levels
[KXEPLGAME-26MAR15NFOFUL-FUL] Snapshot applied — 19 bid levels, 48 ask levels
[KXEPLGAME-26MAR15NFOFUL-NFO] Snapshot applied — 24 bid levels, 48 ask levels
[KXEPLGAME-26MAR15NFOFUL-TIE] Snapshot applied — 18 bid levels, 47 ask levels
[KXLALIGAGAME-26MAR14RMAELC-ELC] Snapshot applied — 0 bid levels, 0 ask levels
[KXLALIGAGAME-26MAR14RMAELC-RMA] Snapshot applied — 0 bid levels, 0 ask levels
[KXLALIGAGAME-26MAR14RMAELC-TIE] Snapshot applied — 0 bid levels, 0 ask levels
[KXLALIGAGAME-26MAR15BARSEV-BAR] Snapshot applied — 27 bid levels, 22 ask levels
[KXLALIGAGAME-26MAR15BARSEV-SEV] Snapshot applied — 8 bid levels, 50 ask levels
[KXLALIGAGAME-26MAR15BARSEV-TIE] Snapshot applied — 13 bid levels, 48 ask levels
[KXLALIGAGAME-26MAR15MALESP-ESP] Snapshot applied — 16 bid levels, 40 ask levels
[KXLALIGAGAME-26MAR15MALESP-MAL] Snapshot applied — 13 bid levels, 38 ask levels
[KXLALIGAGAME-26MAR15MALESP-TIE] Snapshot applied — 17 bid levels, 43 ask levels
[KXLALIGAGAME-26MAR15RBBRCC-RBB] Snapshot applied — 24 bid levels, 41 ask levels
[KXLALIGAGAME-26MAR15RBBRCC-RCC] Snapshot applied — 13 bid levels, 46 ask levels
[KXLALIGAGAME-26MAR15RBBRCC-TIE] Snapshot applied — 14 bid levels, 45 ask levels
[KXLIGAMXGAME-26MAR14ASLPAC-ASL] Snapshot applied — 0 bid levels, 0 ask levels
[KXLIGAMXGAME-26MAR14ASLPAC-PAC] Snapshot applied — 0 bid levels, 0 ask levels
[KXLIGAMXGAME-26MAR14ASLPAC-TIE] Snapshot applied — 0 bid levels, 0 ask levels
[KXLIGAMXGAME-26MAR14CDGSLA-CDG] Snapshot applied — 0 bid levels, 0 ask levels
[KXLIGAMXGAME-26MAR14CDGSLA-SLA] Snapshot applied — 0 bid levels, 0 ask levels
[KXLIGAMXGAME-26MAR14CDGSLA-TIE] Snapshot applied — 0 bid levels, 0 ask levels
[KXLIGAMXGAME-26MAR14LEOTIJ-LEO] Snapshot applied — 0 bid levels, 0 ask levels
[KXLIGAMXGAME-26MAR14LEOTIJ-TIE] Snapshot applied — 0 bid levels, 0 ask levels
[KXLIGAMXGAME-26MAR14LEOTIJ-TIJ] Snapshot applied — 0 bid levels, 0 ask levels
[KXLIGAMXGAME-26MAR14PUMCRA-CRA] Snapshot applied — 0 bid levels, 0 ask levels
[KXLIGAMXGAME-26MAR14PUMCRA-PUM] Snapshot applied — 0 bid levels, 0 ask levels
[KXLIGAMXGAME-26MAR14PUMCRA-TIE] Snapshot applied — 0 bid levels, 0 ask levels
[KXLIGAMXGAME-26MAR14TOLATL-ATL] Snapshot applied — 0 bid levels, 0 ask levels
[KXLIGAMXGAME-26MAR14TOLATL-TIE] Snapshot applied — 0 bid levels, 0 ask levels
[KXLIGAMXGAME-26MAR14TOLATL-TOL] Snapshot applied — 0 bid levels, 0 ask levels
[KXMLBSTGAME-26MAR141605AZSF-AZ] Snapshot applied — 0 bid levels, 0 ask levels
[KXMLBSTGAME-26MAR141605AZSF-SF] Snapshot applied — 0 bid levels, 0 ask levels
[KXMLBSTGAME-26MAR141605KCATH-ATH] Snapshot applied — 0 bid levels, 0 ask levels
[KXMLBSTGAME-26MAR141605KCATH-KC] Snapshot applied — 0 bid levels, 0 ask levels
[KXMLBSTGAME-26MAR141605LADCWS-CWS] Snapshot applied — 0 bid levels, 0 ask levels
[KXMLBSTGAME-26MAR141605LADCWS-LAD] Snapshot applied — 0 bid levels, 0 ask levels
[KXMLBSTGAME-26MAR141605SDTEX-SD] Snapshot applied — 0 bid levels, 0 ask levels
[KXMLBSTGAME-26MAR141605SDTEX-TEX] Snapshot applied — 0 bid levels, 0 ask levels
[KXMLBSTGAME-26MAR141605TEXCIN-CIN] Snapshot applied — 0 bid levels, 0 ask levels
[KXMLBSTGAME-26MAR141605TEXCIN-TEX] Snapshot applied — 0 bid levels, 0 ask levels
[KXMLBSTGAME-26MAR141610CHCCOL-CHC] Snapshot applied — 0 bid levels, 0 ask levels
[KXMLBSTGAME-26MAR141610CHCCOL-COL] Snapshot applied — 0 bid levels, 0 ask levels
[KXMLBSTGAME-26MAR141610CLESD-CLE] Snapshot applied — 0 bid levels, 0 ask levels
[KXMLBSTGAME-26MAR141610CLESD-SD] Snapshot applied — 0 bid levels, 0 ask levels
[KXMLBSTGAME-26MAR141610COLMIL-COL] Snapshot applied — 0 bid levels, 0 ask levels
[KXMLBSTGAME-26MAR141610COLMIL-MIL] Snapshot applied — 0 bid levels, 0 ask levels
[KXMLBSTGAME-26MAR141610SEALAA-LAA] Snapshot applied — 0 bid levels, 0 ask levels
[KXMLBSTGAME-26MAR141610SEALAA-SEA] Snapshot applied — 0 bid levels, 0 ask levels
[KXMLBSTGAME-26MAR141805BOSATL-ATL] Snapshot applied — 0 bid levels, 0 ask levels
[KXMLBSTGAME-26MAR141805BOSATL-BOS] Snapshot applied — 0 bid levels, 0 ask levels
[KXMLBSTGAME-26MAR141805NYMHOU-HOU] Snapshot applied — 0 bid levels, 0 ask levels
[KXMLBSTGAME-26MAR141805NYMHOU-NYM] Snapshot applied — 0 bid levels, 0 ask levels
[KXMLBSTGAME-26MAR151305ATLPHI-ATL] Snapshot applied — 21 bid levels, 45 ask levels
[KXMLBSTGAME-26MAR151305ATLPHI-PHI] Snapshot applied — 19 bid levels, 35 ask levels
[KXMLBSTGAME-26MAR151305DETNYY-DET] Snapshot applied — 12 bid levels, 39 ask levels
[KXMLBSTGAME-26MAR151305DETNYY-NYY] Snapshot applied — 18 bid levels, 34 ask levels
[KXMLBSTGAME-26MAR151305MIAHOU-HOU] Snapshot applied — 21 bid levels, 38 ask levels
[KXMLBSTGAME-26MAR151305MIAHOU-MIA] Snapshot applied — 23 bid levels, 43 ask levels
[KXMLBSTGAME-26MAR151305MINBOS-BOS] Snapshot applied — 22 bid levels, 39 ask levels
[KXMLBSTGAME-26MAR151305MINBOS-MIN] Snapshot applied — 22 bid levels, 44 ask levels
[KXMLBSTGAME-26MAR151305PITTB-PIT] Snapshot applied — 24 bid levels, 43 ask levels
[KXMLBSTGAME-26MAR151305PITTB-TB] Snapshot applied — 21 bid levels, 38 ask levels
[KXMLBSTGAME-26MAR151305WSHSTL-STL] Snapshot applied — 19 bid levels, 38 ask levels
[KXMLBSTGAME-26MAR151305WSHSTL-WSH] Snapshot applied — 21 bid levels, 43 ask levels
[KXMLBSTGAME-26MAR151310TORNYM-NYM] Snapshot applied — 19 bid levels, 35 ask levels
[KXMLBSTGAME-26MAR151310TORNYM-TOR] Snapshot applied — 25 bid levels, 44 ask levels
[KXMLSGAME-26MAR14ATLPHI-ATL] Snapshot applied — 0 bid levels, 0 ask levels
[KXMLSGAME-26MAR14ATLPHI-PHI] Snapshot applied — 0 bid levels, 0 ask levels
[KXMLSGAME-26MAR14ATLPHI-TIE] Snapshot applied — 0 bid levels, 0 ask levels
[KXMLSGAME-26MAR14CHIDCU-CHI] Snapshot applied — 0 bid levels, 0 ask levels
[KXMLSGAME-26MAR14CHIDCU-DCU] Snapshot applied — 0 bid levels, 0 ask levels
[KXMLSGAME-26MAR14CHIDCU-TIE] Snapshot applied — 0 bid levels, 0 ask levels
[KXMLSGAME-26MAR14CLBNSH-CLB] Snapshot applied — 0 bid levels, 0 ask levels
[KXMLSGAME-26MAR14CLBNSH-NSH] Snapshot applied — 0 bid levels, 0 ask levels
[KXMLSGAME-26MAR14CLBNSH-TIE] Snapshot applied — 0 bid levels, 0 ask levels
[KXMLSGAME-26MAR14CLTMIA-CLT] Snapshot applied — 0 bid levels, 0 ask levels
[KXMLSGAME-26MAR14CLTMIA-MIA] Snapshot applied — 0 bid levels, 0 ask levels
[KXMLSGAME-26MAR14CLTMIA-TIE] Snapshot applied — 0 bid levels, 0 ask levels
[KXMLSGAME-26MAR14DALSD-DAL] Snapshot applied — 0 bid levels, 0 ask levels
[KXMLSGAME-26MAR14DALSD-SD] Snapshot applied — 0 bid levels, 0 ask levels
[KXMLSGAME-26MAR14DALSD-TIE] Snapshot applied — 0 bid levels, 0 ask levels
[KXMLSGAME-26MAR14HOUPOR-HOU] Snapshot applied — 0 bid levels, 0 ask levels
[KXMLSGAME-26MAR14HOUPOR-POR] Snapshot applied — 0 bid levels, 0 ask levels
[KXMLSGAME-26MAR14HOUPOR-TIE] Snapshot applied — 0 bid levels, 0 ask levels
[KXMLSGAME-26MAR14LAFCSTL-LAFC] Snapshot applied — 0 bid levels, 0 ask levels
[KXMLSGAME-26MAR14LAFCSTL-STL] Snapshot applied — 0 bid levels, 0 ask levels
[KXMLSGAME-26MAR14LAFCSTL-TIE] Snapshot applied — 0 bid levels, 0 ask levels
[KXMLSGAME-26MAR14LAGSKC-LAG] Snapshot applied — 0 bid levels, 0 ask levels
[KXMLSGAME-26MAR14LAGSKC-SKC] Snapshot applied — 0 bid levels, 0 ask levels
[KXMLSGAME-26MAR14LAGSKC-TIE] Snapshot applied — 0 bid levels, 0 ask levels
[KXMLSGAME-26MAR14NYCCOL-COL] Snapshot applied — 0 bid levels, 0 ask levels
[KXMLSGAME-26MAR14NYCCOL-NYC] Snapshot applied — 0 bid levels, 0 ask levels
[KXMLSGAME-26MAR14NYCCOL-TIE] Snapshot applied — 0 bid levels, 0 ask levels
[KXMLSGAME-26MAR14ORLMTL-MTL] Snapshot applied — 0 bid levels, 0 ask levels
[KXMLSGAME-26MAR14ORLMTL-ORL] Snapshot applied — 0 bid levels, 0 ask levels
[KXMLSGAME-26MAR14ORLMTL-TIE] Snapshot applied — 0 bid levels, 0 ask levels
[KXMLSGAME-26MAR14RSLATX-ATX] Snapshot applied — 0 bid levels, 0 ask levels
[KXMLSGAME-26MAR14RSLATX-RSL] Snapshot applied — 0 bid levels, 0 ask levels
[KXMLSGAME-26MAR14RSLATX-TIE] Snapshot applied — 0 bid levels, 0 ask levels
[KXNBAGAME-26MAR14CHASAS-CHA] Snapshot applied — 0 bid levels, 0 ask levels
[KXNBAGAME-26MAR14CHASAS-SAS] Snapshot applied — 0 bid levels, 0 ask levels
[KXNBAGAME-26MAR14DENLAL-DEN] Snapshot applied — 0 bid levels, 0 ask levels
[KXNBAGAME-26MAR14DENLAL-LAL] Snapshot applied — 0 bid levels, 0 ask levels
[KXNBAGAME-26MAR14MILATL-ATL] Snapshot applied — 0 bid levels, 0 ask levels
[KXNBAGAME-26MAR14MILATL-MIL] Snapshot applied — 0 bid levels, 0 ask levels
[KXNBAGAME-26MAR14ORLMIA-MIA] Snapshot applied — 0 bid levels, 0 ask levels
[KXNBAGAME-26MAR14ORLMIA-ORL] Snapshot applied — 0 bid levels, 0 ask levels
[KXNBAGAME-26MAR14SACLAC-LAC] Snapshot applied — 0 bid levels, 0 ask levels
[KXNBAGAME-26MAR14SACLAC-SAC] Snapshot applied — 0 bid levels, 0 ask levels
[KXNBAGAME-26MAR14WASBOS-BOS] Snapshot applied — 0 bid levels, 0 ask levels
[KXNBAGAME-26MAR14WASBOS-WAS] Snapshot applied — 0 bid levels, 0 ask levels
[KXNBAGAME-26MAR15MINOKC-MIN] Snapshot applied — 23 bid levels, 75 ask levels
[KXNBAGAME-26MAR15MINOKC-OKC] Snapshot applied — 71 bid levels, 22 ask levels
[KXNCAAMBGAME-26MAR14CHARUSF-CHAR] Snapshot applied — 0 bid levels, 0 ask levels
[KXNCAAMBGAME-26MAR14CHARUSF-USF] Snapshot applied — 0 bid levels, 0 ask levels
[KXNCAAMBGAME-26MAR14JOESVCU-JOES] Snapshot applied — 0 bid levels, 0 ask levels
[KXNCAAMBGAME-26MAR14JOESVCU-VCU] Snapshot applied — 0 bid levels, 0 ask levels
[KXNCAAMBGAME-26MAR14MISSARK-ARK] Snapshot applied — 0 bid levels, 0 ask levels
[KXNCAAMBGAME-26MAR14MISSARK-MISS] Snapshot applied — 0 bid levels, 0 ask levels
[KXNCAAMBGAME-26MAR14PURUCLA-PUR] Snapshot applied — 0 bid levels, 0 ask levels
[KXNCAAMBGAME-26MAR14PURUCLA-UCLA] Snapshot applied — 0 bid levels, 0 ask levels
[KXNCAAMBGAME-26MAR14TLSAWICH-TLSA] Snapshot applied — 0 bid levels, 0 ask levels
[KXNCAAMBGAME-26MAR14TLSAWICH-WICH] Snapshot applied — 0 bid levels, 0 ask levels
[KXNCAAWBGAME-26MAR14ACCBU-AC] Snapshot applied — 0 bid levels, 0 ask levels
[KXNCAAWBGAME-26MAR14ACCBU-CBU] Snapshot applied — 0 bid levels, 0 ask levels
[KXNCAAWBGAME-26MAR14EVANILST-EVAN] Snapshot applied — 0 bid levels, 0 ask levels
[KXNCAAWBGAME-26MAR14EVANILST-ILST] Snapshot applied — 0 bid levels, 0 ask levels
[KXNCAAWBGAME-26MAR14HARVPRIN-HARV] Snapshot applied — 0 bid levels, 0 ask levels
[KXNCAAWBGAME-26MAR14HARVPRIN-PRIN] Snapshot applied — 0 bid levels, 0 ask levels
[KXNCAAWBGAME-26MAR14HAWUCSD-HAW] Snapshot applied — 0 bid levels, 0 ask levels
[KXNCAAWBGAME-26MAR14HAWUCSD-UCSD] Snapshot applied — 0 bid levels, 0 ask levels
[KXNCAAWBGAME-26MAR14HOFDREX-DREX] Snapshot applied — 0 bid levels, 0 ask levels
[KXNCAAWBGAME-26MAR14HOFDREX-HOF] Snapshot applied — 0 bid levels, 0 ask levels
[KXNCAAWBGAME-26MAR14MOSULT-LT] Snapshot applied — 0 bid levels, 0 ask levels
[KXNCAAWBGAME-26MAR14MOSULT-MOSU] Snapshot applied — 0 bid levels, 0 ask levels
[KXNCAAWBGAME-26MAR14NORFHOW-HOW] Snapshot applied — 0 bid levels, 0 ask levels
[KXNCAAWBGAME-26MAR14NORFHOW-NORF] Snapshot applied — 0 bid levels, 0 ask levels
[KXNCAAWBGAME-26MAR14UTSARICE-RICE] Snapshot applied — 0 bid levels, 0 ask levels
[KXNCAAWBGAME-26MAR14UTSARICE-UTSA] Snapshot applied — 0 bid levels, 0 ask levels
[KXNCAAWBGAME-26MAR15LEHHC-HC] Snapshot applied — 59 bid levels, 28 ask levels
[KXNCAAWBGAME-26MAR15LEHHC-LEH] Snapshot applied — 23 bid levels, 65 ask levels
[KXNCAAWBGAME-26MAR15LIUFDU-FDU] Snapshot applied — 82 bid levels, 7 ask levels
[KXNCAAWBGAME-26MAR15LIUFDU-LIU] Snapshot applied — 6 bid levels, 89 ask levels
[KXLALIGAGAME-26MAR15MALESP-MAL] Collection starting now.
[KXLALIGAGAME-26MAR15MALESP-TIE] Collection starting now.
[KXLALIGAGAME-26MAR15MALESP-ESP] Collection starting now.
[KXEPLGAME-26MAR15NFOFUL-NFO] Collection starting now.
[KXEPLGAME-26MAR15MUNAVL-AVL] Collection starting now.
[KXEPLGAME-26MAR15MUNAVL-MUN] Collection starting now.
[KXEPLGAME-26MAR15MUNAVL-TIE] Collection starting now.
[KXEPLGAME-26MAR15NFOFUL-FUL] Collection starting now.
[KXEPLGAME-26MAR15NFOFUL-TIE] Collection starting now.
[KXBUNDESLIGAGAME-26MAR15SVWM05-M05] Collection starting now.
[KXBUNDESLIGAGAME-26MAR15SVWM05-SVW] Collection starting now.
[KXBUNDESLIGAGAME-26MAR15SVWM05-TIE] Collection starting now.
[KXLALIGAGAME-26MAR15BARSEV-BAR] Collection starting now.
[KXLALIGAGAME-26MAR15BARSEV-SEV] Collection starting now.
[KXLALIGAGAME-26MAR15BARSEV-TIE] Collection starting now.
[KXLALIGAGAME-26MAR15MALESP-TIE] Snapshot applied — 0 bid levels, 0 ask levels
[KXLALIGAGAME-26MAR15MALESP-MAL] Snapshot applied — 0 bid levels, 0 ask levels
[KXLALIGAGAME-26MAR15MALESP-ESP] Snapshot applied — 0 bid levels, 0 ask levels
[KXLALIGAGAME-26MAR15MALESP-TIE] Exiting: order book is empty (market closed/settled).
[KXLALIGAGAME-26MAR15MALESP-TIE] Ticker task complete.
[KXLALIGAGAME-26MAR15MALESP-MAL] Exiting: order book is empty (market closed/settled).
[KXLALIGAGAME-26MAR15MALESP-MAL] Ticker task complete.
[KXLALIGAGAME-26MAR15MALESP-ESP] Exiting: order book is empty (market closed/settled).
[KXLALIGAGAME-26MAR15MALESP-ESP] Ticker task complete.
[KXNCAAWBGAME-26MAR15LIUFDU-FDU] Collection starting now.
[KXNCAAWBGAME-26MAR15LEHHC-HC] Collection starting now.
[KXNCAAWBGAME-26MAR15LIUFDU-LIU] Collection starting now.
[KXNCAAWBGAME-26MAR15LEHHC-LEH] Collection starting now.
[KXBUNDESLIGAGAME-26MAR15SCFUNI-SCF] Collection starting now.
[KXBUNDESLIGAGAME-26MAR15SCFUNI-TIE] Collection starting now.
[KXEPLGAME-26MAR15LFCTOT-LFC] Collection starting now.
[KXEPLGAME-26MAR15LFCTOT-TIE] Collection starting now.
[KXBUNDESLIGAGAME-26MAR15SCFUNI-UNI] Collection starting now.
[KXEPLGAME-26MAR15LFCTOT-TOT] Collection starting now.
[KXEPLGAME-26MAR15NFOFUL-FUL] Snapshot applied — 0 bid levels, 0 ask levels
[KXEPLGAME-26MAR15NFOFUL-NFO] Snapshot applied — 0 bid levels, 0 ask levels
[KXEPLGAME-26MAR15NFOFUL-TIE] Snapshot applied — 0 bid levels, 0 ask levels
[KXEPLGAME-26MAR15NFOFUL-NFO] Exiting: order book is empty (market closed/settled).
[KXEPLGAME-26MAR15NFOFUL-NFO] Ticker task complete.
[KXEPLGAME-26MAR15NFOFUL-TIE] Exiting: order book is empty (market closed/settled).
[KXEPLGAME-26MAR15NFOFUL-TIE] Ticker task complete.
[KXEPLGAME-26MAR15NFOFUL-FUL] Exiting: order book is empty (market closed/settled).
[KXEPLGAME-26MAR15NFOFUL-FUL] Ticker task complete.
[KXEPLGAME-26MAR15MUNAVL-AVL] Snapshot applied — 0 bid levels, 0 ask levels
[KXEPLGAME-26MAR15MUNAVL-MUN] Snapshot applied — 0 bid levels, 0 ask levels
[KXEPLGAME-26MAR15MUNAVL-TIE] Snapshot applied — 0 bid levels, 0 ask levels
[KXEPLGAME-26MAR15MUNAVL-AVL] Exiting: order book is empty (market closed/settled).
[KXEPLGAME-26MAR15MUNAVL-AVL] Ticker task complete.
[KXEPLGAME-26MAR15MUNAVL-TIE] Exiting: order book is empty (market closed/settled).
[KXEPLGAME-26MAR15MUNAVL-TIE] Ticker task complete.
[KXEPLGAME-26MAR15MUNAVL-MUN] Exiting: order book is empty (market closed/settled).
[KXEPLGAME-26MAR15MUNAVL-MUN] Ticker task complete.
[KXNBAGAME-26MAR15MINOKC-MIN] Collection starting now.
[KXNBAGAME-26MAR15MINOKC-OKC] Collection starting now.
[KXBUNDESLIGAGAME-26MAR15SVWM05-M05] Snapshot applied — 0 bid levels, 0 ask levels
[KXBUNDESLIGAGAME-26MAR15SVWM05-SVW] Snapshot applied — 0 bid levels, 0 ask levels
[KXBUNDESLIGAGAME-26MAR15SVWM05-TIE] Snapshot applied — 0 bid levels, 0 ask levels
[KXBUNDESLIGAGAME-26MAR15SVWM05-M05] Exiting: order book is empty (market closed/settled).
[KXBUNDESLIGAGAME-26MAR15SVWM05-M05] Ticker task complete.
[KXBUNDESLIGAGAME-26MAR15SVWM05-TIE] Exiting: order book is empty (market closed/settled).
[KXBUNDESLIGAGAME-26MAR15SVWM05-TIE] Ticker task complete.
[KXBUNDESLIGAGAME-26MAR15SVWM05-SVW] Exiting: order book is empty (market closed/settled).
[KXBUNDESLIGAGAME-26MAR15SVWM05-SVW] Ticker task complete.
[KXMLBSTGAME-26MAR151305MINBOS-MIN] Collection starting now.
[KXMLBSTGAME-26MAR151305WSHSTL-WSH] Collection starting now.
[KXMLBSTGAME-26MAR151305DETNYY-NYY] Collection starting now.
[KXMLBSTGAME-26MAR151305MINBOS-BOS] Collection starting now.
[KXMLBSTGAME-26MAR151305PITTB-TB] Collection starting now.
[KXMLBSTGAME-26MAR151305WSHSTL-STL] Collection starting now.
[KXMLBSTGAME-26MAR151305ATLPHI-PHI] Collection starting now.
[KXMLBSTGAME-26MAR151305PITTB-PIT] Collection starting now.
[KXMLBSTGAME-26MAR151305ATLPHI-ATL] Collection starting now.
[KXMLBSTGAME-26MAR151305MIAHOU-MIA] Collection starting now.
[KXMLBSTGAME-26MAR151305MIAHOU-HOU] Collection starting now.
[KXMLBSTGAME-26MAR151305DETNYY-DET] Collection starting now.
[KXMLBSTGAME-26MAR151310TORNYM-NYM] Collection starting now.
[KXMLBSTGAME-26MAR151310TORNYM-TOR] Collection starting now.
[KXLALIGAGAME-26MAR15RBBRCC-RBB] Collection starting now.
[KXLALIGAGAME-26MAR15RBBRCC-TIE] Collection starting now.
[KXLALIGAGAME-26MAR15RBBRCC-RCC] Collection starting now.
[KXLALIGAGAME-26MAR15BARSEV-TIE] Snapshot applied — 0 bid levels, 0 ask levels
[KXLALIGAGAME-26MAR15BARSEV-SEV] Snapshot applied — 0 bid levels, 0 ask levels
[KXLALIGAGAME-26MAR15BARSEV-BAR] Snapshot applied — 0 bid levels, 0 ask levels
[KXLALIGAGAME-26MAR15BARSEV-TIE] Exiting: order book is empty (market closed/settled).
[KXLALIGAGAME-26MAR15BARSEV-TIE] Ticker task complete.
[KXLALIGAGAME-26MAR15BARSEV-BAR] Exiting: order book is empty (market closed/settled).
[KXLALIGAGAME-26MAR15BARSEV-BAR] Ticker task complete.
[KXLALIGAGAME-26MAR15BARSEV-SEV] Exiting: order book is empty (market closed/settled).
[KXLALIGAGAME-26MAR15BARSEV-SEV] Ticker task complete.
[KXEPLGAME-26MAR15LFCTOT-LFC] Snapshot applied — 0 bid levels, 0 ask levels
[KXEPLGAME-26MAR15LFCTOT-TOT] Snapshot applied — 0 bid levels, 0 ask levels
[KXEPLGAME-26MAR15LFCTOT-TIE] Snapshot applied — 0 bid levels, 0 ask levels
[KXEPLGAME-26MAR15LFCTOT-TOT] Exiting: order book is empty (market closed/settled).
[KXEPLGAME-26MAR15LFCTOT-TOT] Ticker task complete.
[KXEPLGAME-26MAR15LFCTOT-LFC] Exiting: order book is empty (market closed/settled).
[KXEPLGAME-26MAR15LFCTOT-LFC] Ticker task complete.
[KXEPLGAME-26MAR15LFCTOT-TIE] Exiting: order book is empty (market closed/settled).
[KXEPLGAME-26MAR15LFCTOT-TIE] Ticker task complete.
[KXBUNDESLIGAGAME-26MAR15SCFUNI-TIE] Snapshot applied — 0 bid levels, 0 ask levels
[KXBUNDESLIGAGAME-26MAR15SCFUNI-SCF] Snapshot applied — 0 bid levels, 0 ask levels
[KXBUNDESLIGAGAME-26MAR15SCFUNI-UNI] Snapshot applied — 0 bid levels, 0 ask levels
[KXBUNDESLIGAGAME-26MAR15SCFUNI-UNI] Exiting: order book is empty (market closed/settled).
[KXBUNDESLIGAGAME-26MAR15SCFUNI-UNI] Ticker task complete.
[KXBUNDESLIGAGAME-26MAR15SCFUNI-TIE] Exiting: order book is empty (market closed/settled).
[KXBUNDESLIGAGAME-26MAR15SCFUNI-TIE] Ticker task complete.
[KXBUNDESLIGAGAME-26MAR15SCFUNI-SCF] Exiting: order book is empty (market closed/settled).
[KXBUNDESLIGAGAME-26MAR15SCFUNI-SCF] Ticker task complete.
[KXNCAAWBGAME-26MAR15LIUFDU-FDU] Snapshot applied — 0 bid levels, 0 ask levels
[KXNCAAWBGAME-26MAR15LIUFDU-LIU] Snapshot applied — 0 bid levels, 0 ask levels
[KXNCAAWBGAME-26MAR15LIUFDU-FDU] Exiting: order book is empty (market closed/settled).
[KXNCAAWBGAME-26MAR15LIUFDU-FDU] Ticker task complete.
[KXNCAAWBGAME-26MAR15LIUFDU-LIU] Exiting: order book is empty (market closed/settled).
[KXNCAAWBGAME-26MAR15LIUFDU-LIU] Ticker task complete.
[KXNCAAWBGAME-26MAR15LEHHC-HC] Snapshot applied — 0 bid levels, 0 ask levels
[KXNCAAWBGAME-26MAR15LEHHC-LEH] Snapshot applied — 0 bid levels, 0 ask levels
[KXNCAAWBGAME-26MAR15LEHHC-LEH] Exiting: order book is empty (market closed/settled).
[KXNCAAWBGAME-26MAR15LEHHC-LEH] Ticker task complete.
[KXNCAAWBGAME-26MAR15LEHHC-HC] Exiting: order book is empty (market closed/settled).
[KXNCAAWBGAME-26MAR15LEHHC-HC] Ticker task complete.
[KXMLBSTGAME-26MAR151305MIAHOU-MIA] Snapshot applied — 0 bid levels, 0 ask levels
[KXMLBSTGAME-26MAR151305MIAHOU-HOU] Snapshot applied — 0 bid levels, 0 ask levels
[KXMLBSTGAME-26MAR151305MIAHOU-HOU] Exiting: order book is empty (market closed/settled).
[KXMLBSTGAME-26MAR151305MIAHOU-HOU] Ticker task complete.
[KXMLBSTGAME-26MAR151305MIAHOU-MIA] Exiting: order book is empty (market closed/settled).
[KXMLBSTGAME-26MAR151305MIAHOU-MIA] Ticker task complete.
[KXMLBSTGAME-26MAR151310TORNYM-TOR] Snapshot applied — 0 bid levels, 0 ask levels
[KXMLBSTGAME-26MAR151310TORNYM-NYM] Snapshot applied — 0 bid levels, 0 ask levels
[KXMLBSTGAME-26MAR151310TORNYM-TOR] Exiting: order book is empty (market closed/settled).
[KXMLBSTGAME-26MAR151310TORNYM-TOR] Ticker task complete.
[KXMLBSTGAME-26MAR151310TORNYM-NYM] Exiting: order book is empty (market closed/settled).
[KXMLBSTGAME-26MAR151310TORNYM-NYM] Ticker task complete.
[KXMLBSTGAME-26MAR151305ATLPHI-ATL] Snapshot applied — 0 bid levels, 0 ask levels
[KXMLBSTGAME-26MAR151305ATLPHI-PHI] Snapshot applied — 0 bid levels, 0 ask levels
[KXMLBSTGAME-26MAR151305ATLPHI-ATL] Exiting: order book is empty (market closed/settled).
[KXMLBSTGAME-26MAR151305ATLPHI-ATL] Ticker task complete.
[KXMLBSTGAME-26MAR151305ATLPHI-PHI] Exiting: order book is empty (market closed/settled).
[KXMLBSTGAME-26MAR151305ATLPHI-PHI] Ticker task complete.
[KXLALIGAGAME-26MAR15RBBRCC-TIE] Snapshot applied — 0 bid levels, 0 ask levels
[KXLALIGAGAME-26MAR15RBBRCC-RBB] Snapshot applied — 0 bid levels, 0 ask levels
[KXLALIGAGAME-26MAR15RBBRCC-RCC] Snapshot applied — 0 bid levels, 0 ask levels
[KXLALIGAGAME-26MAR15RBBRCC-TIE] Exiting: order book is empty (market closed/settled).
[KXLALIGAGAME-26MAR15RBBRCC-TIE] Ticker task complete.
[KXLALIGAGAME-26MAR15RBBRCC-RBB] Exiting: order book is empty (market closed/settled).
[KXLALIGAGAME-26MAR15RBBRCC-RBB] Ticker task complete.
[KXLALIGAGAME-26MAR15RBBRCC-RCC] Exiting: order book is empty (market closed/settled).
[KXLALIGAGAME-26MAR15RBBRCC-RCC] Ticker task complete.
[KXMLBSTGAME-26MAR151305PITTB-TB] Snapshot applied — 0 bid levels, 0 ask levels
[KXMLBSTGAME-26MAR151305PITTB-PIT] Snapshot applied — 0 bid levels, 0 ask levels
[KXMLBSTGAME-26MAR151305WSHSTL-WSH] Snapshot applied — 0 bid levels, 0 ask levels
[KXMLBSTGAME-26MAR151305WSHSTL-STL] Snapshot applied — 0 bid levels, 0 ask levels
[KXMLBSTGAME-26MAR151305PITTB-PIT] Exiting: order book is empty (market closed/settled).
[KXMLBSTGAME-26MAR151305PITTB-PIT] Ticker task complete.
[KXMLBSTGAME-26MAR151305WSHSTL-WSH] Exiting: order book is empty (market closed/settled).
[KXMLBSTGAME-26MAR151305WSHSTL-WSH] Ticker task complete.
[KXMLBSTGAME-26MAR151305PITTB-TB] Exiting: order book is empty (market closed/settled).
[KXMLBSTGAME-26MAR151305PITTB-TB] Ticker task complete.
[KXMLBSTGAME-26MAR151305WSHSTL-STL] Exiting: order book is empty (market closed/settled).
[KXMLBSTGAME-26MAR151305WSHSTL-STL] Ticker task complete.
[KXNBAGAME-26MAR15MINOKC-OKC] Snapshot applied — 0 bid levels, 0 ask levels
[KXNBAGAME-26MAR15MINOKC-MIN] Snapshot applied — 0 bid levels, 0 ask levels
[KXNBAGAME-26MAR15MINOKC-OKC] Exiting: order book is empty (market closed/settled).
[KXNBAGAME-26MAR15MINOKC-OKC] Ticker task complete.
[KXNBAGAME-26MAR15MINOKC-MIN] Exiting: order book is empty (market closed/settled).
[KXNBAGAME-26MAR15MINOKC-MIN] Ticker task complete.
[KXMLBSTGAME-26MAR151305MINBOS-BOS] Snapshot applied — 0 bid levels, 0 ask levels
[KXMLBSTGAME-26MAR151305MINBOS-MIN] Snapshot applied — 0 bid levels, 0 ask levels
[KXMLBSTGAME-26MAR151305MINBOS-BOS] Exiting: order book is empty (market closed/settled).
[KXMLBSTGAME-26MAR151305MINBOS-BOS] Ticker task complete.
[KXMLBSTGAME-26MAR151305MINBOS-MIN] Exiting: order book is empty (market closed/settled).
[KXMLBSTGAME-26MAR151305MINBOS-MIN] Ticker task complete.
[KXMLBSTGAME-26MAR151305DETNYY-NYY] Snapshot applied — 0 bid levels, 0 ask levels
[KXMLBSTGAME-26MAR151305DETNYY-DET] Snapshot applied — 0 bid levels, 0 ask levels
[KXMLBSTGAME-26MAR151305DETNYY-DET] Exiting: order book is empty (market closed/settled).
[KXMLBSTGAME-26MAR151305DETNYY-DET] Ticker task complete.
[KXMLBSTGAME-26MAR151305DETNYY-NYY] Exiting: order book is empty (market closed/settled).
[KXMLBSTGAME-26MAR151305DETNYY-NYY] Ticker task complete.
[WS] Task cancelled.
All done. Exiting.
RUN THIS: 
************
 /Users/michael/Projects/Kalshi-Trader-Directional/.venv/bin/python /Users/michael/Projects/Kalshi-Trader-Directional/new_data_aggregator.py KXNCAAMBGAME-26MAR14MISSARK-MISS:1773515700 KXNCAAMBGAME-26MAR14MISSARK-ARK:1773515700 KXNCAAMBGAME-26MAR14PURUCLA-UCLA:1773515700 KXNCAAMBGAME-26MAR14PURUCLA-PUR:1773515700 KXNCAAMBGAME-26MAR14JOESVCU-VCU:1773515700 KXNCAAMBGAME-26MAR14JOESVCU-JOES:1773515700 KXNCAAMBGAME-26MAR14TLSAWICH-WICH:1773522900 KXNCAAMBGAME-26MAR14TLSAWICH-TLSA:1773522900 KXNCAAMBGAME-26MAR14CHARUSF-USF:1773513900 KXNCAAMBGAME-26MAR14CHARUSF-CHAR:1773513900 KXNCAAWBGAME-26MAR14UTSARICE-UTSA:1773537300 KXNCAAWBGAME-26MAR14UTSARICE-RICE:1773537300 KXNCAAWBGAME-26MAR14EVANILST-ILST:1773521100 KXNCAAWBGAME-26MAR14EVANILST-EVAN:1773521100 KXNCAAWBGAME-26MAR14MOSULT-MOSU:1773522900 KXNCAAWBGAME-26MAR14MOSULT-LT:1773522900 KXNCAAWBGAME-26MAR14HARVPRIN-PRIN:1773522900 KXNCAAWBGAME-26MAR14HARVPRIN-HARV:1773522900 KXNCAAWBGAME-26MAR14HOFDREX-HOF:1773519300 KXNCAAWBGAME-26MAR14HOFDREX-DREX:1773519300 KXNCAAWBGAME-26MAR14HAWUCSD-UCSD:1773524700 KXNCAAWBGAME-26MAR14HAWUCSD-HAW:1773524700 KXNCAAWBGAME-26MAR14ACCBU-CBU:1773515700 KXNCAAWBGAME-26MAR14ACCBU-AC:1773515700 KXNCAAWBGAME-26MAR14NORFHOW-NORF:1773517500 KXNCAAWBGAME-26MAR14NORFHOW-HOW:1773517500 KXNCAAWBGAME-26MAR15LEHHC-LEH:1773589500 KXNCAAWBGAME-26MAR15LEHHC-HC:1773589500 KXNCAAWBGAME-26MAR15LIUFDU-LIU:1773589500 KXNCAAWBGAME-26MAR15LIUFDU-FDU:1773589500 KXNBAGAME-26MAR15MINOKC-OKC:1773593100 KXNBAGAME-26MAR15MINOKC-MIN:1773593100 KXNBAGAME-26MAR14SACLAC-SAC:1773540900 KXNBAGAME-26MAR14SACLAC-LAC:1773540900 KXNBAGAME-26MAR14ORLMIA-ORL:1773531900 KXNBAGAME-26MAR14ORLMIA-MIA:1773531900 KXNBAGAME-26MAR14DENLAL-LAL:1773533700 KXNBAGAME-26MAR14DENLAL-DEN:1773533700 KXNBAGAME-26MAR14WASBOS-WAS:1773524700 KXNBAGAME-26MAR14WASBOS-BOS:1773524700 KXNBAGAME-26MAR14CHASAS-SAS:1773515700 KXNBAGAME-26MAR14CHASAS-CHA:1773515700 KXNBAGAME-26MAR14MILATL-MIL:1773513900 KXNBAGAME-26MAR14MILATL-ATL:1773513900 KXEPLGAME-26MAR15LFCTOT-TOT:1773591300 KXEPLGAME-26MAR15LFCTOT-TIE:1773591300 KXEPLGAME-26MAR15LFCTOT-LFC:1773591300 KXEPLGAME-26MAR15MUNAVL-TIE:1773582300 KXEPLGAME-26MAR15MUNAVL-MUN:1773582300 KXEPLGAME-26MAR15MUNAVL-AVL:1773582300 KXEPLGAME-26MAR15NFOFUL-TIE:1773582300 KXEPLGAME-26MAR15NFOFUL-NFO:1773582300 KXEPLGAME-26MAR15NFOFUL-FUL:1773582300 KXLALIGAGAME-26MAR15MALESP-TIE:1773578700 KXLALIGAGAME-26MAR15MALESP-MAL:1773578700 KXLALIGAGAME-26MAR15MALESP-ESP:1773578700 KXLALIGAGAME-26MAR15BARSEV-TIE:1773586800 KXLALIGAGAME-26MAR15BARSEV-SEV:1773586800 KXLALIGAGAME-26MAR15BARSEV-BAR:1773586800 KXLALIGAGAME-26MAR15RBBRCC-TIE:1773594900 KXLALIGAGAME-26MAR15RBBRCC-RCC:1773594900 KXLALIGAGAME-26MAR15RBBRCC-RBB:1773594900 KXLALIGAGAME-26MAR14RMAELC-TIE:1773517500 KXLALIGAGAME-26MAR14RMAELC-RMA:1773517500 KXLALIGAGAME-26MAR14RMAELC-ELC:1773517500 KXBUNDESLIGAGAME-26MAR15SCFUNI-UNI:1773591300 KXBUNDESLIGAGAME-26MAR15SCFUNI-TIE:1773591300 KXBUNDESLIGAGAME-26MAR15SCFUNI-SCF:1773591300 KXBUNDESLIGAGAME-26MAR15SVWM05-TIE:1773584100 KXBUNDESLIGAGAME-26MAR15SVWM05-SVW:1773584100 KXBUNDESLIGAGAME-26MAR15SVWM05-M05:1773584100 KXMLSGAME-26MAR14RSLATX-TIE:1773537300 KXMLSGAME-26MAR14RSLATX-RSL:1773537300 KXMLSGAME-26MAR14RSLATX-ATX:1773537300 KXMLSGAME-26MAR14HOUPOR-TIE:1773533700 KXMLSGAME-26MAR14HOUPOR-POR:1773533700 KXMLSGAME-26MAR14HOUPOR-HOU:1773533700 KXMLSGAME-26MAR14CHIDCU-TIE:1773533700 KXMLSGAME-26MAR14CHIDCU-DCU:1773533700 KXMLSGAME-26MAR14CHIDCU-CHI:1773533700 KXMLSGAME-26MAR14LAFCSTL-TIE:1773540900 KXMLSGAME-26MAR14LAFCSTL-STL:1773540900 KXMLSGAME-26MAR14LAFCSTL-LAFC:1773540900 KXMLSGAME-26MAR14DALSD-TIE:1773533700 KXMLSGAME-26MAR14DALSD-SD:1773533700 KXMLSGAME-26MAR14DALSD-DAL:1773533700 KXMLSGAME-26MAR14LAGSKC-TIE:1773537300 KXMLSGAME-26MAR14LAGSKC-SKC:1773537300 KXMLSGAME-26MAR14LAGSKC-LAG:1773537300 KXMLSGAME-26MAR14ATLPHI-TIE:1773514800 KXMLSGAME-26MAR14ATLPHI-PHI:1773514800 KXMLSGAME-26MAR14ATLPHI-ATL:1773514800 KXMLSGAME-26MAR14NYCCOL-TIE:1773530100 KXMLSGAME-26MAR14NYCCOL-NYC:1773530100 KXMLSGAME-26MAR14NYCCOL-COL:1773530100 KXMLSGAME-26MAR14CLTMIA-TIE:1773530100 KXMLSGAME-26MAR14CLTMIA-MIA:1773530100 KXMLSGAME-26MAR14CLTMIA-CLT:1773530100 KXMLSGAME-26MAR14ORLMTL-TIE:1773530100 KXMLSGAME-26MAR14ORLMTL-ORL:1773530100 KXMLSGAME-26MAR14ORLMTL-MTL:1773530100 KXMLSGAME-26MAR14CLBNSH-TIE:1773525600 KXMLSGAME-26MAR14CLBNSH-NSH:1773525600 KXMLSGAME-26MAR14CLBNSH-CLB:1773525600 KXLIGAMXGAME-26MAR14PUMCRA-TIE:1773543300 KXLIGAMXGAME-26MAR14PUMCRA-PUM:1773543300 KXLIGAMXGAME-26MAR14PUMCRA-CRA:1773543300 KXLIGAMXGAME-26MAR14TOLATL-TOL:1773535500 KXLIGAMXGAME-26MAR14TOLATL-TIE:1773535500 KXLIGAMXGAME-26MAR14TOLATL-ATL:1773535500 KXLIGAMXGAME-26MAR14LEOTIJ-TIJ:1773535500 KXLIGAMXGAME-26MAR14LEOTIJ-TIE:1773535500 KXLIGAMXGAME-26MAR14LEOTIJ-LEO:1773535500 KXLIGAMXGAME-26MAR14ASLPAC-TIE:1773528300 KXLIGAMXGAME-26MAR14ASLPAC-PAC:1773528300 KXLIGAMXGAME-26MAR14ASLPAC-ASL:1773528300 KXLIGAMXGAME-26MAR14CDGSLA-TIE:1773528720 KXLIGAMXGAME-26MAR14CDGSLA-SLA:1773528720 KXLIGAMXGAME-26MAR14CDGSLA-CDG:1773528720 KXMLBSTGAME-26MAR151305MIAHOU-MIA:1773593400 KXMLBSTGAME-26MAR151305MIAHOU-HOU:1773593400 KXMLBSTGAME-26MAR151305PITTB-TB:1773593400 KXMLBSTGAME-26MAR151305PITTB-PIT:1773593400 KXMLBSTGAME-26MAR151305MINBOS-MIN:1773593400 KXMLBSTGAME-26MAR151305MINBOS-BOS:1773593400 KXMLBSTGAME-26MAR151305ATLPHI-PHI:1773593400 KXMLBSTGAME-26MAR151305ATLPHI-ATL:1773593400 KXMLBSTGAME-26MAR151305WSHSTL-WSH:1773593400 KXMLBSTGAME-26MAR151305WSHSTL-STL:1773593400 KXMLBSTGAME-26MAR151310TORNYM-TOR:1773593700 KXMLBSTGAME-26MAR151310TORNYM-NYM:1773593700 KXMLBSTGAME-26MAR151305DETNYY-NYY:1773593400 KXMLBSTGAME-26MAR151305DETNYY-DET:1773593400 KXMLBSTGAME-26MAR141605LADCWS-LAD:1773517800 KXMLBSTGAME-26MAR141605LADCWS-CWS:1773517800 KXMLBSTGAME-26MAR141605AZSF-SF:1773517800 KXMLBSTGAME-26MAR141605AZSF-AZ:1773517800 KXMLBSTGAME-26MAR141610COLMIL-MIL:1773518100 KXMLBSTGAME-26MAR141610COLMIL-COL:1773518100 KXMLBSTGAME-26MAR141805NYMHOU-NYM:1773525000 KXMLBSTGAME-26MAR141805NYMHOU-HOU:1773525000 KXMLBSTGAME-26MAR141610CLESD-SD:1773518100 KXMLBSTGAME-26MAR141610CLESD-CLE:1773518100 KXMLBSTGAME-26MAR141605SDTEX-TEX:1773517800 KXMLBSTGAME-26MAR141605SDTEX-SD:1773517800 KXMLBSTGAME-26MAR141605KCATH-KC:1773517800 KXMLBSTGAME-26MAR141605KCATH-ATH:1773517800 KXMLBSTGAME-26MAR141805BOSATL-BOS:1773525000 KXMLBSTGAME-26MAR141805BOSATL-ATL:1773525000 KXMLBSTGAME-26MAR141610SEALAA-SEA:1773518100 KXMLBSTGAME-26MAR141610SEALAA-LAA:1773518100 KXMLBSTGAME-26MAR141610CHCCOL-COL:1773518100 KXMLBSTGAME-26MAR141610CHCCOL-CHC:1773518100 KXMLBSTGAME-26MAR141605TEXCIN-TEX:1773517800 KXMLBSTGAME-26MAR141605TEXCIN-CIN:1773517800
************

Launching aggregator...
  KXNBAGAME-26MAR16LALHOU-LAL: collection starts at 2026-03-16 18:00:00 (tipoff ts=1773710100)
  KXNBAGAME-26MAR16LALHOU-HOU: collection starts at 2026-03-16 18:00:00 (tipoff ts=1773710100)
  KXNBAGAME-26MAR16MEMCHI-MEM: collection starts at 2026-03-16 16:30:00 (tipoff ts=1773704700)
  KXNBAGAME-26MAR16MEMCHI-CHI: collection starts at 2026-03-16 16:30:00 (tipoff ts=1773704700)
  KXNBAGAME-26MAR16SASLAC-SAS: collection starts at 2026-03-16 18:30:00 (tipoff ts=1773711900)
  KXNBAGAME-26MAR16SASLAC-LAC: collection starts at 2026-03-16 18:30:00 (tipoff ts=1773711900)
  KXNBAGAME-26MAR16PORBKN-POR: collection starts at 2026-03-16 16:00:00 (tipoff ts=1773702900)
  KXNBAGAME-26MAR16PORBKN-BKN: collection starts at 2026-03-16 16:00:00 (tipoff ts=1773702900)
  KXNBAGAME-26MAR16DALNOP-NOP: collection starts at 2026-03-16 16:30:00 (tipoff ts=1773704700)
  KXNBAGAME-26MAR16DALNOP-DAL: collection starts at 2026-03-16 16:30:00 (tipoff ts=1773704700)
  KXNBAGAME-26MAR16PHXBOS-PHX: collection starts at 2026-03-16 16:00:00 (tipoff ts=1773702900)
  KXNBAGAME-26MAR16PHXBOS-BOS: collection starts at 2026-03-16 16:00:00 (tipoff ts=1773702900)
  KXNBAGAME-26MAR16GSWWAS-WAS: collection starts at 2026-03-16 15:30:00 (tipoff ts=1773701100)
  KXNBAGAME-26MAR16GSWWAS-GSW: collection starts at 2026-03-16 15:30:00 (tipoff ts=1773701100)
  KXNBAGAME-26MAR16ORLATL-ORL: collection starts at 2026-03-16 15:30:00 (tipoff ts=1773701100)
  KXNBAGAME-26MAR16ORLATL-ATL: collection starts at 2026-03-16 15:30:00 (tipoff ts=1773701100)
  KXEPLGAME-26MAR16BREWOL-WOL: collection starts at 2026-03-16 12:30:00 (tipoff ts=1773690300)
  KXEPLGAME-26MAR16BREWOL-TIE: collection starts at 2026-03-16 12:30:00 (tipoff ts=1773690300)
  KXEPLGAME-26MAR16BREWOL-BRE: collection starts at 2026-03-16 12:30:00 (tipoff ts=1773690300)
  KXLALIGAGAME-26MAR16RVCLEV-TIE: collection starts at 2026-03-16 12:30:00 (tipoff ts=1773690300)
  KXLALIGAGAME-26MAR16RVCLEV-RVC: collection starts at 2026-03-16 12:30:00 (tipoff ts=1773690300)
  KXLALIGAGAME-26MAR16RVCLEV-LEV: collection starts at 2026-03-16 12:30:00 (tipoff ts=1773690300)
  KXMLBSTGAME-26MAR161810WSHNYM-WSH: collection starts at 2026-03-16 14:40:00 (tipoff ts=1773698100)
  KXMLBSTGAME-26MAR161810WSHNYM-NYM: collection starts at 2026-03-16 14:40:00 (tipoff ts=1773698100)
  KXMLBSTGAME-26MAR161310TORMIA-TOR: collection starts at 2026-03-16 09:40:00 (tipoff ts=1773680100)
  KXMLBSTGAME-26MAR161310TORMIA-MIA: collection starts at 2026-03-16 09:40:00 (tipoff ts=1773680100)
  KXMLBSTGAME-26MAR161605MILLAD-MIL: collection starts at 2026-03-16 12:35:00 (tipoff ts=1773690600)
  KXMLBSTGAME-26MAR161605MILLAD-LAD: collection starts at 2026-03-16 12:35:00 (tipoff ts=1773690600)
  KXMLBSTGAME-26MAR162005CWSTEX-TEX: collection starts at 2026-03-16 16:35:00 (tipoff ts=1773705000)
  KXMLBSTGAME-26MAR162005CWSTEX-CWS: collection starts at 2026-03-16 16:35:00 (tipoff ts=1773705000)
  KXMLBSTGAME-26MAR161610SFSD-SF: collection starts at 2026-03-16 12:40:00 (tipoff ts=1773690900)
  KXMLBSTGAME-26MAR161610SFSD-SD: collection starts at 2026-03-16 12:40:00 (tipoff ts=1773690900)
  KXMLBSTGAME-26MAR162105CHCCLE-CLE: collection starts at 2026-03-16 17:35:00 (tipoff ts=1773708600)
  KXMLBSTGAME-26MAR162105CHCCLE-CHC: collection starts at 2026-03-16 17:35:00 (tipoff ts=1773708600)
  KXMLBSTGAME-26MAR161305PHIDET-PHI: collection starts at 2026-03-16 09:35:00 (tipoff ts=1773679800)
  KXMLBSTGAME-26MAR161305PHIDET-DET: collection starts at 2026-03-16 09:35:00 (tipoff ts=1773679800)
  KXMLBSTGAME-26MAR161610CINAZ-CIN: collection starts at 2026-03-16 12:40:00 (tipoff ts=1773690900)
  KXMLBSTGAME-26MAR161610CINAZ-AZ: collection starts at 2026-03-16 12:40:00 (tipoff ts=1773690900)
  KXMLBSTGAME-26MAR161605LAAATH-LAA: collection starts at 2026-03-16 12:35:00 (tipoff ts=1773690600)
  KXMLBSTGAME-26MAR161605LAAATH-ATH: collection starts at 2026-03-16 12:35:00 (tipoff ts=1773690600)
  KXMLBSTGAME-26MAR161805BOSBAL-BOS: collection starts at 2026-03-16 14:35:00 (tipoff ts=1773697800)
  KXMLBSTGAME-26MAR161805BOSBAL-BAL: collection starts at 2026-03-16 14:35:00 (tipoff ts=1773697800)
  KXMLBSTGAME-26MAR161305PITMIN-PIT: collection starts at 2026-03-16 09:35:00 (tipoff ts=1773679800)
  KXMLBSTGAME-26MAR161305PITMIN-MIN: collection starts at 2026-03-16 09:35:00 (tipoff ts=1773679800)
  KXMLBSTGAME-26MAR161305TBATL-TB: collection starts at 2026-03-16 09:35:00 (tipoff ts=1773679800)
  KXMLBSTGAME-26MAR161305TBATL-ATL: collection starts at 2026-03-16 09:35:00 (tipoff ts=1773679800)
Starting new_data_aggregator for 46 ticker(s).
[WS] Connecting to wss://api.elections.kalshi.com/trade-api/ws/v2 for tickers: ['KXNBAGAME-26MAR16LALHOU-LAL', 'KXNBAGAME-26MAR16LALHOU-HOU', 'KXNBAGAME-26MAR16MEMCHI-MEM', 'KXNBAGAME-26MAR16MEMCHI-CHI', 'KXNBAGAME-26MAR16SASLAC-SAS', 'KXNBAGAME-26MAR16SASLAC-LAC', 'KXNBAGAME-26MAR16PORBKN-POR', 'KXNBAGAME-26MAR16PORBKN-BKN', 'KXNBAGAME-26MAR16DALNOP-NOP', 'KXNBAGAME-26MAR16DALNOP-DAL', 'KXNBAGAME-26MAR16PHXBOS-PHX', 'KXNBAGAME-26MAR16PHXBOS-BOS', 'KXNBAGAME-26MAR16GSWWAS-WAS', 'KXNBAGAME-26MAR16GSWWAS-GSW', 'KXNBAGAME-26MAR16ORLATL-ORL', 'KXNBAGAME-26MAR16ORLATL-ATL', 'KXEPLGAME-26MAR16BREWOL-WOL', 'KXEPLGAME-26MAR16BREWOL-TIE', 'KXEPLGAME-26MAR16BREWOL-BRE', 'KXLALIGAGAME-26MAR16RVCLEV-TIE', 'KXLALIGAGAME-26MAR16RVCLEV-RVC', 'KXLALIGAGAME-26MAR16RVCLEV-LEV', 'KXMLBSTGAME-26MAR161810WSHNYM-WSH', 'KXMLBSTGAME-26MAR161810WSHNYM-NYM', 'KXMLBSTGAME-26MAR161310TORMIA-TOR', 'KXMLBSTGAME-26MAR161310TORMIA-MIA', 'KXMLBSTGAME-26MAR161605MILLAD-MIL', 'KXMLBSTGAME-26MAR161605MILLAD-LAD', 'KXMLBSTGAME-26MAR162005CWSTEX-TEX', 'KXMLBSTGAME-26MAR162005CWSTEX-CWS', 'KXMLBSTGAME-26MAR161610SFSD-SF', 'KXMLBSTGAME-26MAR161610SFSD-SD', 'KXMLBSTGAME-26MAR162105CHCCLE-CLE', 'KXMLBSTGAME-26MAR162105CHCCLE-CHC', 'KXMLBSTGAME-26MAR161305PHIDET-PHI', 'KXMLBSTGAME-26MAR161305PHIDET-DET', 'KXMLBSTGAME-26MAR161610CINAZ-CIN', 'KXMLBSTGAME-26MAR161610CINAZ-AZ', 'KXMLBSTGAME-26MAR161605LAAATH-LAA', 'KXMLBSTGAME-26MAR161605LAAATH-ATH', 'KXMLBSTGAME-26MAR161805BOSBAL-BOS', 'KXMLBSTGAME-26MAR161805BOSBAL-BAL', 'KXMLBSTGAME-26MAR161305PITMIN-PIT', 'KXMLBSTGAME-26MAR161305PITMIN-MIN', 'KXMLBSTGAME-26MAR161305TBATL-TB', 'KXMLBSTGAME-26MAR161305TBATL-ATL']
[KXNBAGAME-26MAR16LALHOU-LAL] Waiting 714.7 min — collection opens at 18:00:00 (15 min before tipoff)
[KXNBAGAME-26MAR16LALHOU-HOU] Waiting 714.7 min — collection opens at 18:00:00 (15 min before tipoff)
[KXNBAGAME-26MAR16MEMCHI-MEM] Waiting 624.7 min — collection opens at 16:30:00 (15 min before tipoff)
[KXNBAGAME-26MAR16MEMCHI-CHI] Waiting 624.7 min — collection opens at 16:30:00 (15 min before tipoff)
[KXNBAGAME-26MAR16SASLAC-SAS] Waiting 744.7 min — collection opens at 18:30:00 (15 min before tipoff)
[KXNBAGAME-26MAR16SASLAC-LAC] Waiting 744.7 min — collection opens at 18:30:00 (15 min before tipoff)
[KXNBAGAME-26MAR16PORBKN-POR] Waiting 594.7 min — collection opens at 16:00:00 (15 min before tipoff)
[KXNBAGAME-26MAR16PORBKN-BKN] Waiting 594.7 min — collection opens at 16:00:00 (15 min before tipoff)
[KXNBAGAME-26MAR16DALNOP-NOP] Waiting 624.7 min — collection opens at 16:30:00 (15 min before tipoff)
[KXNBAGAME-26MAR16DALNOP-DAL] Waiting 624.7 min — collection opens at 16:30:00 (15 min before tipoff)
[KXNBAGAME-26MAR16PHXBOS-PHX] Waiting 594.7 min — collection opens at 16:00:00 (15 min before tipoff)
[KXNBAGAME-26MAR16PHXBOS-BOS] Waiting 594.7 min — collection opens at 16:00:00 (15 min before tipoff)
[KXNBAGAME-26MAR16GSWWAS-WAS] Waiting 564.7 min — collection opens at 15:30:00 (15 min before tipoff)
[KXNBAGAME-26MAR16GSWWAS-GSW] Waiting 564.7 min — collection opens at 15:30:00 (15 min before tipoff)
[KXNBAGAME-26MAR16ORLATL-ORL] Waiting 564.7 min — collection opens at 15:30:00 (15 min before tipoff)
[KXNBAGAME-26MAR16ORLATL-ATL] Waiting 564.7 min — collection opens at 15:30:00 (15 min before tipoff)
[KXEPLGAME-26MAR16BREWOL-WOL] Waiting 384.7 min — collection opens at 12:30:00 (15 min before tipoff)
[KXEPLGAME-26MAR16BREWOL-TIE] Waiting 384.7 min — collection opens at 12:30:00 (15 min before tipoff)
[KXEPLGAME-26MAR16BREWOL-BRE] Waiting 384.7 min — collection opens at 12:30:00 (15 min before tipoff)
[KXLALIGAGAME-26MAR16RVCLEV-TIE] Waiting 384.7 min — collection opens at 12:30:00 (15 min before tipoff)
[KXLALIGAGAME-26MAR16RVCLEV-RVC] Waiting 384.7 min — collection opens at 12:30:00 (15 min before tipoff)
[KXLALIGAGAME-26MAR16RVCLEV-LEV] Waiting 384.7 min — collection opens at 12:30:00 (15 min before tipoff)
[KXMLBSTGAME-26MAR161810WSHNYM-WSH] Waiting 514.7 min — collection opens at 14:40:00 (15 min before tipoff)
[KXMLBSTGAME-26MAR161810WSHNYM-NYM] Waiting 514.7 min — collection opens at 14:40:00 (15 min before tipoff)
[KXMLBSTGAME-26MAR161310TORMIA-TOR] Waiting 214.7 min — collection opens at 09:40:00 (15 min before tipoff)
[KXMLBSTGAME-26MAR161310TORMIA-MIA] Waiting 214.7 min — collection opens at 09:40:00 (15 min before tipoff)
[KXMLBSTGAME-26MAR161605MILLAD-MIL] Waiting 389.7 min — collection opens at 12:35:00 (15 min before tipoff)
[KXMLBSTGAME-26MAR161605MILLAD-LAD] Waiting 389.7 min — collection opens at 12:35:00 (15 min before tipoff)
[KXMLBSTGAME-26MAR162005CWSTEX-TEX] Waiting 629.7 min — collection opens at 16:35:00 (15 min before tipoff)
[KXMLBSTGAME-26MAR162005CWSTEX-CWS] Waiting 629.7 min — collection opens at 16:35:00 (15 min before tipoff)
[KXMLBSTGAME-26MAR161610SFSD-SF] Waiting 394.7 min — collection opens at 12:40:00 (15 min before tipoff)
[KXMLBSTGAME-26MAR161610SFSD-SD] Waiting 394.7 min — collection opens at 12:40:00 (15 min before tipoff)
[KXMLBSTGAME-26MAR162105CHCCLE-CLE] Waiting 689.7 min — collection opens at 17:35:00 (15 min before tipoff)
[KXMLBSTGAME-26MAR162105CHCCLE-CHC] Waiting 689.7 min — collection opens at 17:35:00 (15 min before tipoff)
[KXMLBSTGAME-26MAR161305PHIDET-PHI] Waiting 209.7 min — collection opens at 09:35:00 (15 min before tipoff)
[KXMLBSTGAME-26MAR161305PHIDET-DET] Waiting 209.7 min — collection opens at 09:35:00 (15 min before tipoff)
[KXMLBSTGAME-26MAR161610CINAZ-CIN] Waiting 394.7 min — collection opens at 12:40:00 (15 min before tipoff)
[KXMLBSTGAME-26MAR161610CINAZ-AZ] Waiting 394.7 min — collection opens at 12:40:00 (15 min before tipoff)
[KXMLBSTGAME-26MAR161605LAAATH-LAA] Waiting 389.7 min — collection opens at 12:35:00 (15 min before tipoff)
[KXMLBSTGAME-26MAR161605LAAATH-ATH] Waiting 389.7 min — collection opens at 12:35:00 (15 min before tipoff)
[KXMLBSTGAME-26MAR161805BOSBAL-BOS] Waiting 509.7 min — collection opens at 14:35:00 (15 min before tipoff)
[KXMLBSTGAME-26MAR161805BOSBAL-BAL] Waiting 509.7 min — collection opens at 14:35:00 (15 min before tipoff)
[KXMLBSTGAME-26MAR161305PITMIN-PIT] Waiting 209.7 min — collection opens at 09:35:00 (15 min before tipoff)
[KXMLBSTGAME-26MAR161305PITMIN-MIN] Waiting 209.7 min — collection opens at 09:35:00 (15 min before tipoff)
[KXMLBSTGAME-26MAR161305TBATL-TB] Waiting 209.7 min — collection opens at 09:35:00 (15 min before tipoff)
[KXMLBSTGAME-26MAR161305TBATL-ATL] Waiting 209.7 min — collection opens at 09:35:00 (15 min before tipoff)
[WS] Subscribed to trade + orderbook_delta for ['KXNBAGAME-26MAR16LALHOU-LAL', 'KXNBAGAME-26MAR16LALHOU-HOU', 'KXNBAGAME-26MAR16MEMCHI-MEM', 'KXNBAGAME-26MAR16MEMCHI-CHI', 'KXNBAGAME-26MAR16SASLAC-SAS', 'KXNBAGAME-26MAR16SASLAC-LAC', 'KXNBAGAME-26MAR16PORBKN-POR', 'KXNBAGAME-26MAR16PORBKN-BKN', 'KXNBAGAME-26MAR16DALNOP-NOP', 'KXNBAGAME-26MAR16DALNOP-DAL', 'KXNBAGAME-26MAR16PHXBOS-PHX', 'KXNBAGAME-26MAR16PHXBOS-BOS', 'KXNBAGAME-26MAR16GSWWAS-WAS', 'KXNBAGAME-26MAR16GSWWAS-GSW', 'KXNBAGAME-26MAR16ORLATL-ORL', 'KXNBAGAME-26MAR16ORLATL-ATL', 'KXEPLGAME-26MAR16BREWOL-WOL', 'KXEPLGAME-26MAR16BREWOL-TIE', 'KXEPLGAME-26MAR16BREWOL-BRE', 'KXLALIGAGAME-26MAR16RVCLEV-TIE', 'KXLALIGAGAME-26MAR16RVCLEV-RVC', 'KXLALIGAGAME-26MAR16RVCLEV-LEV', 'KXMLBSTGAME-26MAR161810WSHNYM-WSH', 'KXMLBSTGAME-26MAR161810WSHNYM-NYM', 'KXMLBSTGAME-26MAR161310TORMIA-TOR', 'KXMLBSTGAME-26MAR161310TORMIA-MIA', 'KXMLBSTGAME-26MAR161605MILLAD-MIL', 'KXMLBSTGAME-26MAR161605MILLAD-LAD', 'KXMLBSTGAME-26MAR162005CWSTEX-TEX', 'KXMLBSTGAME-26MAR162005CWSTEX-CWS', 'KXMLBSTGAME-26MAR161610SFSD-SF', 'KXMLBSTGAME-26MAR161610SFSD-SD', 'KXMLBSTGAME-26MAR162105CHCCLE-CLE', 'KXMLBSTGAME-26MAR162105CHCCLE-CHC', 'KXMLBSTGAME-26MAR161305PHIDET-PHI', 'KXMLBSTGAME-26MAR161305PHIDET-DET', 'KXMLBSTGAME-26MAR161610CINAZ-CIN', 'KXMLBSTGAME-26MAR161610CINAZ-AZ', 'KXMLBSTGAME-26MAR161605LAAATH-LAA', 'KXMLBSTGAME-26MAR161605LAAATH-ATH', 'KXMLBSTGAME-26MAR161805BOSBAL-BOS', 'KXMLBSTGAME-26MAR161805BOSBAL-BAL', 'KXMLBSTGAME-26MAR161305PITMIN-PIT', 'KXMLBSTGAME-26MAR161305PITMIN-MIN', 'KXMLBSTGAME-26MAR161305TBATL-TB', 'KXMLBSTGAME-26MAR161305TBATL-ATL']
[KXEPLGAME-26MAR16BREWOL-BRE] Snapshot applied — 33 bid levels, 37 ask levels
[KXEPLGAME-26MAR16BREWOL-TIE] Snapshot applied — 17 bid levels, 54 ask levels
[KXEPLGAME-26MAR16BREWOL-WOL] Snapshot applied — 15 bid levels, 58 ask levels
[KXLALIGAGAME-26MAR16RVCLEV-LEV] Snapshot applied — 13 bid levels, 57 ask levels
[KXLALIGAGAME-26MAR16RVCLEV-RVC] Snapshot applied — 25 bid levels, 42 ask levels
[KXLALIGAGAME-26MAR16RVCLEV-TIE] Snapshot applied — 20 bid levels, 55 ask levels
[KXMLBSTGAME-26MAR161305PHIDET-DET] Snapshot applied — 17 bid levels, 45 ask levels
[KXMLBSTGAME-26MAR161305PHIDET-PHI] Snapshot applied — 22 bid levels, 45 ask levels
[KXMLBSTGAME-26MAR161305PITMIN-MIN] Snapshot applied — 19 bid levels, 41 ask levels
[KXMLBSTGAME-26MAR161305PITMIN-PIT] Snapshot applied — 21 bid levels, 46 ask levels
[KXMLBSTGAME-26MAR161305TBATL-ATL] Snapshot applied — 12 bid levels, 33 ask levels
[KXMLBSTGAME-26MAR161305TBATL-TB] Snapshot applied — 13 bid levels, 49 ask levels
[KXMLBSTGAME-26MAR161310TORMIA-MIA] Snapshot applied — 16 bid levels, 45 ask levels
[KXMLBSTGAME-26MAR161310TORMIA-TOR] Snapshot applied — 17 bid levels, 42 ask levels
[KXMLBSTGAME-26MAR161605LAAATH-ATH] Snapshot applied — 17 bid levels, 38 ask levels
[KXMLBSTGAME-26MAR161605LAAATH-LAA] Snapshot applied — 17 bid levels, 45 ask levels
[KXMLBSTGAME-26MAR161605MILLAD-LAD] Snapshot applied — 16 bid levels, 34 ask levels
[KXMLBSTGAME-26MAR161605MILLAD-MIL] Snapshot applied — 20 bid levels, 49 ask levels
[KXMLBSTGAME-26MAR161610CINAZ-AZ] Snapshot applied — 14 bid levels, 44 ask levels
[KXMLBSTGAME-26MAR161610CINAZ-CIN] Snapshot applied — 16 bid levels, 44 ask levels
[KXMLBSTGAME-26MAR161610SFSD-SD] Snapshot applied — 15 bid levels, 45 ask levels
[KXMLBSTGAME-26MAR161610SFSD-SF] Snapshot applied — 20 bid levels, 38 ask levels
[KXMLBSTGAME-26MAR161805BOSBAL-BAL] Snapshot applied — 15 bid levels, 43 ask levels
[KXMLBSTGAME-26MAR161805BOSBAL-BOS] Snapshot applied — 18 bid levels, 45 ask levels
[KXMLBSTGAME-26MAR161810WSHNYM-NYM] Snapshot applied — 15 bid levels, 39 ask levels
[KXMLBSTGAME-26MAR161810WSHNYM-WSH] Snapshot applied — 15 bid levels, 47 ask levels
[KXMLBSTGAME-26MAR162005CWSTEX-CWS] Snapshot applied — 16 bid levels, 45 ask levels
[KXMLBSTGAME-26MAR162005CWSTEX-TEX] Snapshot applied — 19 bid levels, 35 ask levels
[KXMLBSTGAME-26MAR162105CHCCLE-CHC] Snapshot applied — 16 bid levels, 42 ask levels
[KXMLBSTGAME-26MAR162105CHCCLE-CLE] Snapshot applied — 18 bid levels, 39 ask levels
[KXNBAGAME-26MAR16DALNOP-DAL] Snapshot applied — 21 bid levels, 71 ask levels
[KXNBAGAME-26MAR16DALNOP-NOP] Snapshot applied — 67 bid levels, 25 ask levels
[KXNBAGAME-26MAR16GSWWAS-GSW] Snapshot applied — 61 bid levels, 26 ask levels
[KXNBAGAME-26MAR16GSWWAS-WAS] Snapshot applied — 23 bid levels, 65 ask levels
[KXNBAGAME-26MAR16LALHOU-HOU] Snapshot applied — 51 bid levels, 43 ask levels
[KXNBAGAME-26MAR16LALHOU-LAL] Snapshot applied — 39 bid levels, 55 ask levels
[KXNBAGAME-26MAR16MEMCHI-CHI] Snapshot applied — 56 bid levels, 30 ask levels
[KXNBAGAME-26MAR16MEMCHI-MEM] Snapshot applied — 25 bid levels, 63 ask levels
[KXNBAGAME-26MAR16ORLATL-ATL] Snapshot applied — 53 bid levels, 42 ask levels
[KXNBAGAME-26MAR16ORLATL-ORL] Snapshot applied — 41 bid levels, 57 ask levels
[KXNBAGAME-26MAR16PHXBOS-BOS] Snapshot applied — 72 bid levels, 22 ask levels
[KXNBAGAME-26MAR16PHXBOS-PHX] Snapshot applied — 21 bid levels, 73 ask levels
[KXNBAGAME-26MAR16PORBKN-BKN] Snapshot applied — 19 bid levels, 76 ask levels
[KXNBAGAME-26MAR16PORBKN-POR] Snapshot applied — 69 bid levels, 19 ask levels
[KXNBAGAME-26MAR16SASLAC-LAC] Snapshot applied — 22 bid levels, 76 ask levels
[KXNBAGAME-26MAR16SASLAC-SAS] Snapshot applied — 72 bid levels, 22 ask levels
[KXMLBSTGAME-26MAR161305PITMIN-PIT] Collection starting now.
[KXMLBSTGAME-26MAR161305TBATL-TB] Collection starting now.
[KXMLBSTGAME-26MAR161305PITMIN-MIN] Collection starting now.
[KXMLBSTGAME-26MAR161305PHIDET-PHI] Collection starting now.
[KXMLBSTGAME-26MAR161305TBATL-ATL] Collection starting now.
[KXMLBSTGAME-26MAR161305PHIDET-DET] Collection starting now.
[KXMLBSTGAME-26MAR161310TORMIA-TOR] Collection starting now.
[KXMLBSTGAME-26MAR161310TORMIA-MIA] Collection starting now.
[KXMLBSTGAME-26MAR161310TORMIA-TOR] Snapshot applied — 0 bid levels, 0 ask levels
[KXMLBSTGAME-26MAR161310TORMIA-MIA] Snapshot applied — 0 bid levels, 0 ask levels
[KXMLBSTGAME-26MAR161310TORMIA-TOR] Exiting: order book is empty (market closed/settled).
[KXMLBSTGAME-26MAR161310TORMIA-TOR] Ticker task complete.
[KXMLBSTGAME-26MAR161310TORMIA-MIA] Exiting: order book is empty (market closed/settled).
[KXMLBSTGAME-26MAR161310TORMIA-MIA] Ticker task complete.
[KXEPLGAME-26MAR16BREWOL-BRE] Collection starting now.
[KXEPLGAME-26MAR16BREWOL-WOL] Collection starting now.
[KXLALIGAGAME-26MAR16RVCLEV-LEV] Collection starting now.
[KXEPLGAME-26MAR16BREWOL-TIE] Collection starting now.
[KXLALIGAGAME-26MAR16RVCLEV-RVC] Collection starting now.
[KXLALIGAGAME-26MAR16RVCLEV-TIE] Collection starting now.
[KXMLBSTGAME-26MAR161605LAAATH-ATH] Collection starting now.
[KXMLBSTGAME-26MAR161605MILLAD-LAD] Collection starting now.
[KXMLBSTGAME-26MAR161605MILLAD-MIL] Collection starting now.
[KXMLBSTGAME-26MAR161605LAAATH-LAA] Collection starting now.
[KXMLBSTGAME-26MAR161610SFSD-SF] Collection starting now.
[KXMLBSTGAME-26MAR161610CINAZ-AZ] Collection starting now.
[KXMLBSTGAME-26MAR161610SFSD-SD] Collection starting now.
[KXMLBSTGAME-26MAR161610CINAZ-CIN] Collection starting now.
[KXMLBSTGAME-26MAR161305PITMIN-MIN] Snapshot applied — 0 bid levels, 0 ask levels
[KXMLBSTGAME-26MAR161305PITMIN-PIT] Snapshot applied — 0 bid levels, 0 ask levels
[KXMLBSTGAME-26MAR161305PITMIN-MIN] Exiting: order book is empty (market closed/settled).
[KXMLBSTGAME-26MAR161305PITMIN-MIN] Ticker task complete.
[KXMLBSTGAME-26MAR161305PITMIN-PIT] Exiting: order book is empty (market closed/settled).
[KXMLBSTGAME-26MAR161305PITMIN-PIT] Ticker task complete.
[KXMLBSTGAME-26MAR161305TBATL-ATL] Snapshot applied — 0 bid levels, 0 ask levels
[KXMLBSTGAME-26MAR161305TBATL-TB] Snapshot applied — 0 bid levels, 0 ask levels
[KXMLBSTGAME-26MAR161305TBATL-TB] Exiting: order book is empty (market closed/settled).
[KXMLBSTGAME-26MAR161305TBATL-TB] Ticker task complete.
[KXMLBSTGAME-26MAR161305TBATL-ATL] Exiting: order book is empty (market closed/settled).
[KXMLBSTGAME-26MAR161305TBATL-ATL] Ticker task complete.
[KXMLBSTGAME-26MAR161305PHIDET-DET] Snapshot applied — 0 bid levels, 0 ask levels
[KXMLBSTGAME-26MAR161305PHIDET-PHI] Snapshot applied — 0 bid levels, 0 ask levels
[KXMLBSTGAME-26MAR161305PHIDET-DET] Exiting: order book is empty (market closed/settled).
[KXMLBSTGAME-26MAR161305PHIDET-DET] Ticker task complete.
[KXMLBSTGAME-26MAR161305PHIDET-PHI] Exiting: order book is empty (market closed/settled).
[KXMLBSTGAME-26MAR161305PHIDET-PHI] Ticker task complete.
[KXMLBSTGAME-26MAR161805BOSBAL-BOS] Collection starting now.
[KXMLBSTGAME-26MAR161805BOSBAL-BAL] Collection starting now.
[KXMLBSTGAME-26MAR161810WSHNYM-WSH] Collection starting now.
[KXMLBSTGAME-26MAR161810WSHNYM-NYM] Collection starting now.
[KXEPLGAME-26MAR16BREWOL-TIE] Snapshot applied — 0 bid levels, 0 ask levels
[KXEPLGAME-26MAR16BREWOL-BRE] Snapshot applied — 0 bid levels, 0 ask levels
[KXEPLGAME-26MAR16BREWOL-WOL] Snapshot applied — 0 bid levels, 0 ask levels
[KXEPLGAME-26MAR16BREWOL-BRE] Exiting: order book is empty (market closed/settled).
[KXEPLGAME-26MAR16BREWOL-BRE] Ticker task complete.
[KXEPLGAME-26MAR16BREWOL-WOL] Exiting: order book is empty (market closed/settled).
[KXEPLGAME-26MAR16BREWOL-WOL] Ticker task complete.
[KXEPLGAME-26MAR16BREWOL-TIE] Exiting: order book is empty (market closed/settled).
[KXEPLGAME-26MAR16BREWOL-TIE] Ticker task complete.
[KXLALIGAGAME-26MAR16RVCLEV-RVC] Snapshot applied — 0 bid levels, 0 ask levels
[KXLALIGAGAME-26MAR16RVCLEV-LEV] Snapshot applied — 0 bid levels, 0 ask levels
[KXLALIGAGAME-26MAR16RVCLEV-TIE] Snapshot applied — 0 bid levels, 0 ask levels
[KXLALIGAGAME-26MAR16RVCLEV-LEV] Exiting: order book is empty (market closed/settled).
[KXLALIGAGAME-26MAR16RVCLEV-LEV] Ticker task complete.
[KXLALIGAGAME-26MAR16RVCLEV-TIE] Exiting: order book is empty (market closed/settled).
[KXLALIGAGAME-26MAR16RVCLEV-TIE] Ticker task complete.
[KXLALIGAGAME-26MAR16RVCLEV-RVC] Exiting: order book is empty (market closed/settled).
[KXLALIGAGAME-26MAR16RVCLEV-RVC] Ticker task complete.
[KXNBAGAME-26MAR16GSWWAS-WAS] Collection starting now.
[KXNBAGAME-26MAR16GSWWAS-GSW] Collection starting now.
[KXNBAGAME-26MAR16ORLATL-ATL] Collection starting now.
[KXNBAGAME-26MAR16ORLATL-ORL] Collection starting now.
[KXMLBSTGAME-26MAR161610SFSD-SD] Snapshot applied — 0 bid levels, 0 ask levels
[KXMLBSTGAME-26MAR161610SFSD-SF] Snapshot applied — 0 bid levels, 0 ask levels
[KXMLBSTGAME-26MAR161610SFSD-SD] Exiting: order book is empty (market closed/settled).
[KXMLBSTGAME-26MAR161610SFSD-SD] Ticker task complete.
[KXMLBSTGAME-26MAR161610SFSD-SF] Exiting: order book is empty (market closed/settled).
[KXMLBSTGAME-26MAR161610SFSD-SF] Ticker task complete.
[KXMLBSTGAME-26MAR161605LAAATH-ATH] Snapshot applied — 0 bid levels, 0 ask levels
[KXMLBSTGAME-26MAR161605LAAATH-LAA] Snapshot applied — 0 bid levels, 0 ask levels
[KXMLBSTGAME-26MAR161605LAAATH-LAA] Exiting: order book is empty (market closed/settled).
[KXMLBSTGAME-26MAR161605LAAATH-LAA] Ticker task complete.
[KXMLBSTGAME-26MAR161605LAAATH-ATH] Exiting: order book is empty (market closed/settled).
[KXMLBSTGAME-26MAR161605LAAATH-ATH] Ticker task complete.
[KXNBAGAME-26MAR16PHXBOS-PHX] Collection starting now.
[KXNBAGAME-26MAR16PHXBOS-BOS] Collection starting now.
[KXNBAGAME-26MAR16PORBKN-BKN] Collection starting now.
[KXNBAGAME-26MAR16PORBKN-POR] Collection starting now.
[KXMLBSTGAME-26MAR161610CINAZ-AZ] Snapshot applied — 0 bid levels, 0 ask levels
[KXMLBSTGAME-26MAR161610CINAZ-CIN] Snapshot applied — 0 bid levels, 0 ask levels
[KXMLBSTGAME-26MAR161610CINAZ-CIN] Exiting: order book is empty (market closed/settled).
[KXMLBSTGAME-26MAR161610CINAZ-CIN] Ticker task complete.
[KXMLBSTGAME-26MAR161610CINAZ-AZ] Exiting: order book is empty (market closed/settled).
[KXMLBSTGAME-26MAR161610CINAZ-AZ] Ticker task complete.
[KXNBAGAME-26MAR16DALNOP-DAL] Collection starting now.
[KXNBAGAME-26MAR16DALNOP-NOP] Collection starting now.
[KXNBAGAME-26MAR16MEMCHI-CHI] Collection starting now.
[KXNBAGAME-26MAR16MEMCHI-MEM] Collection starting now.
[KXMLBSTGAME-26MAR162005CWSTEX-CWS] Collection starting now.
[KXMLBSTGAME-26MAR162005CWSTEX-TEX] Collection starting now.
[KXMLBSTGAME-26MAR161605MILLAD-LAD] Snapshot applied — 0 bid levels, 0 ask levels
[KXMLBSTGAME-26MAR161605MILLAD-MIL] Snapshot applied — 0 bid levels, 0 ask levels
[KXMLBSTGAME-26MAR161605MILLAD-LAD] Exiting: order book is empty (market closed/settled).
[KXMLBSTGAME-26MAR161605MILLAD-LAD] Ticker task complete.
[KXMLBSTGAME-26MAR161605MILLAD-MIL] Exiting: order book is empty (market closed/settled).
[KXMLBSTGAME-26MAR161605MILLAD-MIL] Ticker task complete.
[KXMLBSTGAME-26MAR162105CHCCLE-CLE] Collection starting now.
[KXMLBSTGAME-26MAR162105CHCCLE-CHC] Collection starting now.
[KXNBAGAME-26MAR16LALHOU-HOU] Collection starting now.
[KXNBAGAME-26MAR16LALHOU-LAL] Collection starting now.
[KXMLBSTGAME-26MAR161810WSHNYM-WSH] Snapshot applied — 0 bid levels, 0 ask levels
[KXMLBSTGAME-26MAR161810WSHNYM-NYM] Snapshot applied — 0 bid levels, 0 ask levels
[KXMLBSTGAME-26MAR161810WSHNYM-NYM] Exiting: order book is empty (market closed/settled).
[KXMLBSTGAME-26MAR161810WSHNYM-NYM] Ticker task complete.
[KXMLBSTGAME-26MAR161810WSHNYM-WSH] Exiting: order book is empty (market closed/settled).
[KXMLBSTGAME-26MAR161810WSHNYM-WSH] Ticker task complete.
[KXNBAGAME-26MAR16SASLAC-LAC] Collection starting now.
[KXNBAGAME-26MAR16SASLAC-SAS] Collection starting now.
[KXNBAGAME-26MAR16GSWWAS-WAS] Snapshot applied — 0 bid levels, 0 ask levels
[KXNBAGAME-26MAR16GSWWAS-GSW] Snapshot applied — 0 bid levels, 0 ask levels
[KXNBAGAME-26MAR16GSWWAS-GSW] Exiting: order book is empty (market closed/settled).
[KXNBAGAME-26MAR16GSWWAS-GSW] Ticker task complete.
[KXNBAGAME-26MAR16GSWWAS-WAS] Exiting: order book is empty (market closed/settled).
[KXNBAGAME-26MAR16GSWWAS-WAS] Ticker task complete.
[KXNBAGAME-26MAR16ORLATL-ORL] Snapshot applied — 0 bid levels, 0 ask levels
[KXNBAGAME-26MAR16ORLATL-ATL] Snapshot applied — 0 bid levels, 0 ask levels
[KXNBAGAME-26MAR16ORLATL-ORL] Exiting: order book is empty (market closed/settled).
[KXNBAGAME-26MAR16ORLATL-ORL] Ticker task complete.
[KXNBAGAME-26MAR16ORLATL-ATL] Exiting: order book is empty (market closed/settled).
[KXNBAGAME-26MAR16ORLATL-ATL] Ticker task complete.
[KXNBAGAME-26MAR16PORBKN-POR] Snapshot applied — 0 bid levels, 0 ask levels
[KXNBAGAME-26MAR16PORBKN-BKN] Snapshot applied — 0 bid levels, 0 ask levels
[KXNBAGAME-26MAR16PORBKN-BKN] Exiting: order book is empty (market closed/settled).
[KXNBAGAME-26MAR16PORBKN-BKN] Ticker task complete.
[KXNBAGAME-26MAR16PORBKN-POR] Exiting: order book is empty (market closed/settled).
[KXNBAGAME-26MAR16PORBKN-POR] Ticker task complete.
[KXNBAGAME-26MAR16PHXBOS-PHX] Snapshot applied — 0 bid levels, 0 ask levels
[KXNBAGAME-26MAR16PHXBOS-BOS] Snapshot applied — 0 bid levels, 0 ask levels
[KXNBAGAME-26MAR16PHXBOS-PHX] Exiting: order book is empty (market closed/settled).
[KXNBAGAME-26MAR16PHXBOS-PHX] Ticker task complete.
[KXNBAGAME-26MAR16PHXBOS-BOS] Exiting: order book is empty (market closed/settled).
[KXNBAGAME-26MAR16PHXBOS-BOS] Ticker task complete.
[KXNBAGAME-26MAR16MEMCHI-CHI] Snapshot applied — 0 bid levels, 0 ask levels
[KXNBAGAME-26MAR16MEMCHI-MEM] Snapshot applied — 0 bid levels, 0 ask levels
[KXNBAGAME-26MAR16MEMCHI-CHI] Exiting: order book is empty (market closed/settled).
[KXNBAGAME-26MAR16MEMCHI-CHI] Ticker task complete.
[KXNBAGAME-26MAR16MEMCHI-MEM] Exiting: order book is empty (market closed/settled).
[KXNBAGAME-26MAR16MEMCHI-MEM] Ticker task complete.
[KXNBAGAME-26MAR16DALNOP-DAL] Snapshot applied — 0 bid levels, 0 ask levels
[KXNBAGAME-26MAR16DALNOP-NOP] Snapshot applied — 0 bid levels, 0 ask levels
[KXNBAGAME-26MAR16DALNOP-DAL] Exiting: order book is empty (market closed/settled).
[KXNBAGAME-26MAR16DALNOP-DAL] Ticker task complete.
[KXNBAGAME-26MAR16DALNOP-NOP] Exiting: order book is empty (market closed/settled).
[KXNBAGAME-26MAR16DALNOP-NOP] Ticker task complete.
[KXMLBSTGAME-26MAR162005CWSTEX-CWS] Snapshot applied — 0 bid levels, 0 ask levels
[KXMLBSTGAME-26MAR162005CWSTEX-TEX] Snapshot applied — 0 bid levels, 0 ask levels
[KXMLBSTGAME-26MAR162005CWSTEX-TEX] Exiting: order book is empty (market closed/settled).
[KXMLBSTGAME-26MAR162005CWSTEX-TEX] Ticker task complete.
[KXMLBSTGAME-26MAR162005CWSTEX-CWS] Exiting: order book is empty (market closed/settled).
[KXMLBSTGAME-26MAR162005CWSTEX-CWS] Ticker task complete.
[KXMLBSTGAME-26MAR162105CHCCLE-CHC] Snapshot applied — 0 bid levels, 0 ask levels
[KXMLBSTGAME-26MAR162105CHCCLE-CLE] Snapshot applied — 0 bid levels, 0 ask levels
[KXMLBSTGAME-26MAR162105CHCCLE-CHC] Exiting: order book is empty (market closed/settled).
[KXMLBSTGAME-26MAR162105CHCCLE-CHC] Ticker task complete.
[KXMLBSTGAME-26MAR162105CHCCLE-CLE] Exiting: order book is empty (market closed/settled).
[KXMLBSTGAME-26MAR162105CHCCLE-CLE] Ticker task complete.
[KXNBAGAME-26MAR16LALHOU-HOU] Snapshot applied — 0 bid levels, 0 ask levels
[KXNBAGAME-26MAR16LALHOU-LAL] Snapshot applied — 0 bid levels, 0 ask levels
[KXNBAGAME-26MAR16LALHOU-LAL] Exiting: order book is empty (market closed/settled).
[KXNBAGAME-26MAR16LALHOU-LAL] Ticker task complete.
[KXNBAGAME-26MAR16LALHOU-HOU] Exiting: order book is empty (market closed/settled).
[KXNBAGAME-26MAR16LALHOU-HOU] Ticker task complete.
[KXNBAGAME-26MAR16SASLAC-LAC] Snapshot applied — 0 bid levels, 0 ask levels
[KXNBAGAME-26MAR16SASLAC-SAS] Snapshot applied — 0 bid levels, 0 ask levels
[KXNBAGAME-26MAR16SASLAC-SAS] Exiting: order book is empty (market closed/settled).
[KXNBAGAME-26MAR16SASLAC-SAS] Ticker task complete.
[KXNBAGAME-26MAR16SASLAC-LAC] Exiting: order book is empty (market closed/settled).
[KXNBAGAME-26MAR16SASLAC-LAC] Ticker task complete.
[KXMLBSTGAME-26MAR161805BOSBAL-BOS] Snapshot applied — 0 bid levels, 0 ask levels
[KXMLBSTGAME-26MAR161805BOSBAL-BAL] Snapshot applied — 0 bid levels, 0 ask levels
[KXMLBSTGAME-26MAR161805BOSBAL-BAL] Exiting: order book is empty (market closed/settled).
[KXMLBSTGAME-26MAR161805BOSBAL-BAL] Ticker task complete.
[KXMLBSTGAME-26MAR161805BOSBAL-BOS] Exiting: order book is empty (market closed/settled).
[KXMLBSTGAME-26MAR161805BOSBAL-BOS] Ticker task complete.
[WS] Task cancelled.
All done. Exiting.
RUN THIS: 
************
 /Users/michael/Projects/Kalshi-Trader-Directional/.venv/bin/python /Users/michael/Projects/Kalshi-Trader-Directional/new_data_aggregator.py KXNBAGAME-26MAR16LALHOU-LAL:1773710100 KXNBAGAME-26MAR16LALHOU-HOU:1773710100 KXNBAGAME-26MAR16MEMCHI-MEM:1773704700 KXNBAGAME-26MAR16MEMCHI-CHI:1773704700 KXNBAGAME-26MAR16SASLAC-SAS:1773711900 KXNBAGAME-26MAR16SASLAC-LAC:1773711900 KXNBAGAME-26MAR16PORBKN-POR:1773702900 KXNBAGAME-26MAR16PORBKN-BKN:1773702900 KXNBAGAME-26MAR16DALNOP-NOP:1773704700 KXNBAGAME-26MAR16DALNOP-DAL:1773704700 KXNBAGAME-26MAR16PHXBOS-PHX:1773702900 KXNBAGAME-26MAR16PHXBOS-BOS:1773702900 KXNBAGAME-26MAR16GSWWAS-WAS:1773701100 KXNBAGAME-26MAR16GSWWAS-GSW:1773701100 KXNBAGAME-26MAR16ORLATL-ORL:1773701100 KXNBAGAME-26MAR16ORLATL-ATL:1773701100 KXEPLGAME-26MAR16BREWOL-WOL:1773690300 KXEPLGAME-26MAR16BREWOL-TIE:1773690300 KXEPLGAME-26MAR16BREWOL-BRE:1773690300 KXLALIGAGAME-26MAR16RVCLEV-TIE:1773690300 KXLALIGAGAME-26MAR16RVCLEV-RVC:1773690300 KXLALIGAGAME-26MAR16RVCLEV-LEV:1773690300 KXMLBSTGAME-26MAR161810WSHNYM-WSH:1773698100 KXMLBSTGAME-26MAR161810WSHNYM-NYM:1773698100 KXMLBSTGAME-26MAR161310TORMIA-TOR:1773680100 KXMLBSTGAME-26MAR161310TORMIA-MIA:1773680100 KXMLBSTGAME-26MAR161605MILLAD-MIL:1773690600 KXMLBSTGAME-26MAR161605MILLAD-LAD:1773690600 KXMLBSTGAME-26MAR162005CWSTEX-TEX:1773705000 KXMLBSTGAME-26MAR162005CWSTEX-CWS:1773705000 KXMLBSTGAME-26MAR161610SFSD-SF:1773690900 KXMLBSTGAME-26MAR161610SFSD-SD:1773690900 KXMLBSTGAME-26MAR162105CHCCLE-CLE:1773708600 KXMLBSTGAME-26MAR162105CHCCLE-CHC:1773708600 KXMLBSTGAME-26MAR161305PHIDET-PHI:1773679800 KXMLBSTGAME-26MAR161305PHIDET-DET:1773679800 KXMLBSTGAME-26MAR161610CINAZ-CIN:1773690900 KXMLBSTGAME-26MAR161610CINAZ-AZ:1773690900 KXMLBSTGAME-26MAR161605LAAATH-LAA:1773690600 KXMLBSTGAME-26MAR161605LAAATH-ATH:1773690600 KXMLBSTGAME-26MAR161805BOSBAL-BOS:1773697800 KXMLBSTGAME-26MAR161805BOSBAL-BAL:1773697800 KXMLBSTGAME-26MAR161305PITMIN-PIT:1773679800 KXMLBSTGAME-26MAR161305PITMIN-MIN:1773679800 KXMLBSTGAME-26MAR161305TBATL-TB:1773679800 KXMLBSTGAME-26MAR161305TBATL-ATL:1773679800
************

Launching aggregator...
