ts,price_yes,price_no,3sec_norm_OFI,3sec_yes_vol,3sec_no_vol,3sec_total_vol,3sec_note,5sec_norm_OFI,5sec_yes_vol,5sec_no_vol,5sec_total_vol,5sec_note,30sec_norm_OFI,30sec_yes_vol,30sec_no_vol,30sec_total_vol,30sec_note,1sec_yes_vol,1sec_no_vol,1sec_total_vol,60sec_yes_vol,60sec_no_vol,60sec_total_vol,ask_total_depth,bid_total_depth,depth_imbalance,ask_depth_change_3s,ask_depth_change_10s,ask_levels,bid_levels,best_ask,best_bid,spread
1774103399,25,74,0,0,0,0,no_volume,0,0,0,0,no_volume,0,0,0,0,no_volume,0,0,0,0,0,0,49949,25120,-0.3307,0,0,23,16,26,25,1
1774103400,25,74,0,0,0,0,no_volume,0,0,0,0,no_volume,0,0,0,0,no_volume,0,0,0,0,0,0,49949,25120,-0.3307,0,0,23,16,26,25,1
1774103401,25,74,0,0,0,0,no_volume,0,0,0,0,no_volume,0,0,0,0,no_volume,0,0,0,0,0,0,49949,25120,-0.3307,0,0,23,16,26,25,1
1774103402,25,74,0,0,0,0,no_volume,0,0,0,0,no_volume,0,0,0,0,no_volume,0,0,0,0,0,0,49949,25120,-0.3307,0,0,23,16,26,25,1
1774103403,25,74,0,0,0,0,no_volume,0,0,0,0,no_volume,0,0,0,0,no_volume,0,0,0,0,0,0,43785,31215,-0.1676,-6164,-6164,23,16,26,25,1
1774103404,25,74,0,0,0,0,no_volume,0,0,0,0,no_volume,0,0,0,0,no_volume,0,0,0,0,0,0,43785,31215,-0.1676,-6164,-6164,23,16,26,25,1
1774103405,25,74,0,0,0,0,no_volume,0,0,0,0,no_volume,0,0,0,0,no_volume,0,0,0,0,0,0,43785,31642,-0.161,-6164,-6164,23,16,26,25,1
1774103406,25,74,0,0,0,0,no_volume,0,0,0,0,no_volume,0,0,0,0,no_volume,0,0,0,0,0,0,43785,31642,-0.161,0,-6164,23,16,26,25,1
1774103407,25,74,0,0,0,0,no_volume,0,0,0,0,no_volume,0,0,0,0,no_volume,0,0,0,0,0,0,43785,31642,-0.161,0,-6164,23,16,26,25,1
1774103408,25,74,0,0,0,0,no_volume,0,0,0,0,no_volume,0,0,0,0,no_volume,0,0,0,0,0,0,43785,31642,-0.161,0,-6164,23,16,26,25,1
1774103409,25,74,0,0,0,0,no_volume,0,0,0,0,no_volume,0,0,0,0,no_volume,0,0,0,0,0,0,43785,31642,-0.161,0,-6164,23,16,26,25,1
1774103410,25,74,0,0,0,0,no_volume,0,0,0,0,no_volume,0,0,0,0,no_volume,0,0,0,0,0,0,43785,31642,-0.161,0,-6164,23,16,26,25,1
1774103411,25,74,0,0,0,0,no_volume,0,0,0,0,no_volume,0,0,0,0,no_volume,0,0,0,0,0,0,43785,31642,-0.161,0,-6164,23,16,26,25,1
1774103412,25,74,0,0,0,0,no_volume,0,0,0,0,no_volume,0,0,0,0,no_volume,0,0,0,0,0,0,43785,25547,-0.2631,0,-6164,23,16,26,25,1
1774103413,25,74,0,0,0,0,no_volume,0,0,0,0,no_volume,0,0,0,0,no_volume,0,0,0,0,0,0,49959,25547,-0.3233,6174,6174,23,16,26,25,1
1774103414,25,74,0,0,0,0,no_volume,0,0,0,0,no_volume,0,0,0,0,no_volume,0,0,0,0,0,0,49959,25547,-0.3233,6174,6174,23,16,26,25,1
1774103415,25,74,0,0,0,0,no_volume,0,0,0,0,no_volume,0,0,0,0,no_volume,0,0,0,0,0,0,49959,25547,-0.3233,6174,6174,23,16,26,25,1
1774103416,25,74,0,0,0,0,no_volume,0,0,0,0,no_volume,0,0,0,0,no_volume,0,0,0,0,0,0,49959,25547,-0.3233,0,6174,23,16,26,25,1
1774103417,24,74,0,0,0,0,no_volume,0,0,0,0,no_volume,0,0,0,0,no_volume,0,0,0,0,0,0,49959,25547,-0.3233,0,6174,23,15,26,24,2
1774103418,24,74,0,0,0,0,no_volume,0,0,0,0,no_volume,0,0,0,0,no_volume,0,0,0,0,0,0,49959,25547,-0.3233,0,6174,23,15,26,24,2
1774103419,24,74,0,0,0,0,no_volume,0,0,0,0,no_volume,0,0,0,0,no_volume,0,0,0,0,0,0,49959,25547,-0.3233,0,6174,23,15,26,24,2
1774103420,24,74,0,0,0,0,no_volume,0,0,0,0,no_volume,0,0,0,0,no_volume,0,0,0,0,0,0,49959,25547,-0.3233,0,6174,23,15,26,24,2
1774103421,24,74,0,0,0,0,no_volume,0,0,0,0,no_volume,0,0,0,0,no_volume,0,0,0,0,0,0,49959,25547,-0.3233,0,6174,23,15,26,24,2
1774103422,24,74,0,0,0,0,no_volume,0,0,0,0,no_volume,0,0,0,0,no_volume,0,0,0,0,0,0,49959,25547,-0.3233,0,6174,23,15,26,24,2
1774103423,24,74,0,0,0,0,no_volume,0,0,0,0,no_volume,0,0,0,0,no_volume,0,0,0,0,0,0,49959,25547,-0.3233,0,0,23,15,26,24,2
1774103424,24,74,0,0,0,0,no_volume,0,0,0,0,no_volume,0,0,0,0,no_volume,0,0,0,0,0,0,49959,25547,-0.3233,0,0,23,15,26,24,2
1774103425,24,74,0,0,0,0,no_volume,0,0,0,0,no_volume,0,0,0,0,no_volume,0,0,0,0,0,0,49959,25547,-0.3233,0,0,23,15,26,24,2
1774103426,24,74,0,0,0,0,no_volume,0,0,0,0,no_volume,0,0,0,0,no_volume,0,0,0,0,0,0,49959,25547,-0.3233,0,0,23,15,26,24,2
1774103427,24,74,0,0,0,0,no_volume,0,0,0,0,no_volume,0,0,0,0,no_volume,0,0,0,0,0,0,49959,25547,-0.3233,0,0,23,15,26,24,2
1774103428,24,74,0,0,0,0,no_volume,0,0,0,0,no_volume,0,0,0,0,no_volume,0,0,0,0,0,0,49959,25547,-0.3233,0,0,23,15,26,24,2
1774103429,24,74,0,0,0,0,no_volume,0,0,0,0,no_volume,0,0,0,0,no_volume,0,0,0,0,0,0,49959,27547,-0.2892,0,0,23,15,26,24,2
1774103430,24,74,0,0,0,0,no_volume,0,0,0,0,no_volume,0,0,0,0,no_volume,0,0,0,0,0,0,49959,27547,-0.2892,0,0,23,15,26,24,2
1774103431,24,74,0,0,0,0,no_volume,0,0,0,0,no_volume,0,0,0,0,no_volume,0,0,0,0,0,0,45873,27172,-0.256,-4086,-4086,23,15,26,24,2
1774103432,24,74,0,0,0,0,no_volume,0,0,0,0,no_volume,0,0,0,0,no_volume,0,0,0,0,0,0,51055,27172,-0.3053,1096,1096,23,15,26,24,2
1774103433,24,74,0,0,0,0,no_volume,0,0,0,0,no_volume,0,0,0,0,no_volume,0,0,0,0,0,0,51055,27172,-0.3053,1096,1096,23,15,26,24,2
1774103434,24,74,0,0,0,0,no_volume,0,0,0,0,no_volume,0,0,0,0,no_volume,0,0,0,0,0,0,51055,27172,-0.3053,5182,1096,23,15,26,24,2
1774103435,24,74,0,0,0,0,no_volume,0,0,0,0,no_volume,0,0,0,0,no_volume,0,0,0,0,0,0,51055,27172,-0.3053,0,1096,23,15,26,24,2
1774103436,24,74,0,0,0,0,no_volume,0,0,0,0,no_volume,0,0,0,0,no_volume,0,0,0,0,0,0,51055,27172,-0.3053,0,1096,23,15,26,24,2
1774103437,24,74,0,0,0,0,no_volume,0,0,0,0,no_volume,0,0,0,0,no_volume,0,0,0,0,0,0,51055,27172,-0.3053,0,1096,23,15,26,24,2
1774103438,24,74,0,0,0,0,no_volume,0,0,0,0,no_volume,0,0,0,0,no_volume,0,0,0,0,0,0,51055,27172,-0.3053,0,1096,23,15,26,24,2
1774103439,24,74,0,0,0,0,no_volume,0,0,0,0,no_volume,0,0,0,0,no_volume,0,0,0,0,0,0,50947,27172,-0.3043,-108,988,23,15,26,24,2
1774103440,24,74,0,0,0,0,no_volume,0,0,0,0,no_volume,0,0,0,0,no_volume,0,0,0,0,0,0,50947,27172,-0.3043,-108,988,23,15,26,24,2
1774103441,24,74,0,0,0,0,no_volume,0,0,0,0,no_volume,0,0,0,0,no_volume,0,0,0,0,0,0,51807,27172,-0.3119,752,5934,23,15,26,24,2
1774103442,24,74,0,0,0,0,no_volume,0,0,0,0,no_volume,0,0,0,0,no_volume,0,0,0,0,0,0,51692,27172,-0.3109,745,637,23,15,26,24,2
1774103443,24,74,0,0,0,0,no_volume,0,0,0,0,no_volume,0,0,0,0,no_volume,0,0,0,0,0,0,51807,27172,-0.3119,860,752,23,15,26,24,2
1774103444,24,74,0,0,0,0,no_volume,0,0,0,0,no_volume,0,0,0,0,no_volume,0,0,0,0,0,0,51692,27172,-0.3109,-115,637,23,15,26,24,2
1774103445,24,74,0,0,0,0,no_volume,0,0,0,0,no_volume,0,0,0,0,no_volume,0,0,0,0,0,0,51692,26727,-0.3184,0,637,23,15,26,24,2
1774103446,24,74,0,0,0,0,no_volume,0,0,0,0,no_volume,0,0,0,0,no_volume,0,0,0,0,0,0,51692,26727,-0.3184,-115,637,23,15,26,24,2
1774103447,24,74,0,0,0,0,no_volume,0,0,0,0,no_volume,0,0,0,0,no_volume,0,0,0,0,0,0,51692,26727,-0.3184,0,637,23,15,26,24,2
1774103448,24,74,0,0,0,0,no_volume,0,0,0,0,no_volume,0,0,0,0,no_volume,0,0,0,0,0,0,51692,26727,-0.3184,0,637,23,15,26,24,2
1774103449,24,74,0,0,0,0,no_volume,0,0,0,0,no_volume,0,0,0,0,no_volume,0,0,0,0,0,0,51692,26727,-0.3184,0,745,23,15,26,24,2
1774103450,24,74,0,0,0,0,no_volume,0,0,0,0,no_volume,0,0,0,0,no_volume,0,0,0,0,0,0,51692,26727,-0.3184,0,745,23,15,26,24,2
1774103451,24,74,0,0,0,0,no_volume,0,0,0,0,no_volume,0,0,0,0,no_volume,0,0,0,0,0,0,51692,26727,-0.3184,0,-115,23,15,26,24,2
1774103452,24,74,0,0,0,0,no_volume,0,0,0,0,no_volume,0,0,0,0,no_volume,0,0,0,0,0,0,51692,26727,-0.3184,0,0,23,15,26,24,2
1774103453,24,74,0,0,0,0,no_volume,0,0,0,0,no_volume,0,0,0,0,no_volume,0,0,0,0,0,0,51692,26727,-0.3184,0,-115,23,15,26,24,2
1774103454,24,74,0,0,0,0,no_volume,0,0,0,0,no_volume,0,0,0,0,no_volume,0,0,0,0,0,0,51807,26727,-0.3194,115,115,23,15,26,24,2
1774103455,24,74,0,0,0,0,no_volume,0,0,0,0,no_volume,0,0,0,0,no_volume,0,0,0,0,0,0,51807,26727,-0.3194,115,115,23,15,26,24,2
1774103456,24,74,0,0,0,0,no_volume,0,0,0,0,no_volume,0,0,0,0,no_volume,0,0,0,0,0,0,59462,26727,-0.3798,7770,7770,23,15,26,24,2
1774103457,24,74,0,0,0,0,no_volume,0,0,0,0,no_volume,0,0,0,0,no_volume,0,0,0,0,0,0,59462,26727,-0.3798,7655,7770,23,15,26,24,2
1774103458,24,74,0,0,0,0,no_volume,0,0,0,0,no_volume,0,0,0,0,no_volume,0,0,0,0,0,0,51807,26727,-0.3194,0,115,23,15,26,24,2
1774103459,24,74,0,0,0,0,no_volume,0,0,0,0,no_volume,0,0,0,0,no_volume,0,0,0,0,0,0,51807,26727,-0.3194,-7655,115,23,15,26,24,2
1774103460,24,74,0,0,0,0,no_volume,0,0,0,0,no_volume,0,0,0,0,no_volume,0,0,0,0,0,0,51807,26727,-0.3194,-7655,115,23,15,26,24,2
1774103461,24,74,0,0,0,0,no_volume,0,0,0,0,no_volume,0,0,0,0,no_volume,0,0,0,0,0,0,51807,26727,-0.3194,0,115,23,15,26,24,2
1774103462,24,74,0,0,0,0,no_volume,0,0,0,0,no_volume,0,0,0,0,no_volume,0,0,0,0,0,0,51807,26727,-0.3194,0,115,23,15,26,24,2
1774103463,24,74,0,0,0,0,no_volume,0,0,0,0,no_volume,0,0,0,0,no_volume,0,0,0,0,0,0,50926,26727,-0.3116,-881,-766,23,15,26,24,2
1774103464,24,74,0,0,0,0,no_volume,0,0,0,0,no_volume,0,0,0,0,no_volume,0,0,0,0,0,0,50926,26727,-0.3116,-881,-881,23,15,26,24,2
1774103465,24,74,0,0,0,0,no_volume,0,0,0,0,no_volume,0,0,0,0,no_volume,0,0,0,0,0,0,50066,26727,-0.3039,-1741,-1741,23,15,26,24,2
1774103466,24,74,0,0,0,0,no_volume,0,0,0,0,no_volume,0,0,0,0,no_volume,0,0,0,0,0,0,50066,26727,-0.3039,-860,-9396,23,15,26,24,2
1774103467,24,74,0,0,0,0,no_volume,0,0,0,0,no_volume,0,0,0,0,no_volume,0,0,0,0,0,0,50066,26727,-0.3039,-860,-9396,23,15,26,24,2
1774103468,24,74,0,0,0,0,no_volume,0,0,0,0,no_volume,0,0,0,0,no_volume,0,0,0,0,0,0,50066,26727,-0.3039,0,-1741,23,15,26,24,2
1774103469,24,74,0,0,0,0,no_volume,0,0,0,0,no_volume,0,0,0,0,no_volume,0,0,0,0,0,0,50066,26727,-0.3039,0,-1741,23,15,26,24,2
1774103470,24,74,0,0,0,0,no_volume,0,0,0,0,no_volume,0,0,0,0,no_volume,0,0,0,0,0,0,50066,26727,-0.3039,0,-1741,23,15,26,24,2
1774103471,24,74,0,0,0,0,no_volume,0,0,0,0,no_volume,0,0,0,0,no_volume,0,0,0,0,0,0,50066,26727,-0.3039,0,-1741,23,15,26,24,2
1774103472,24,74,0,0,0,0,no_volume,0,0,0,0,no_volume,0,0,0,0,no_volume,0,0,0,0,0,0,50066,26727,-0.3039,0,-1741,23,15,26,24,2
1774103473,24,74,0,0,0,0,no_volume,0,0,0,0,no_volume,0,0,0,0,no_volume,0,0,0,0,0,0,50066,26727,-0.3039,0,-860,23,15,26,24,2
1774103474,24,74,0,0,0,0,no_volume,0,0,0,0,no_volume,0,0,0,0,no_volume,0,0,0,0,0,0,50066,26727,-0.3039,0,-860,23,15,26,24,2
1774103475,24,74,0,0,0,0,no_volume,0,0,0,0,no_volume,0,0,0,0,no_volume,0,0,0,0,0,0,50066,26727,-0.3039,0,0,23,15,26,24,2
1774103476,24,74,0,0,0,0,no_volume,0,0,0,0,no_volume,0,0,0,0,no_volume,0,0,0,0,0,0,50066,26727,-0.3039,0,0,23,15,26,24,2
1774103477,24,74,0,0,0,0,no_volume,0,0,0,0,no_volume,0,0,0,0,no_volume,0,0,0,0,0,0,50066,26727,-0.3039,0,0,23,15,26,24,2
1774103478,24,74,0,0,0,0,no_volume,0,0,0,0,no_volume,0,0,0,0,no_volume,0,0,0,0,0,0,50066,26727,-0.3039,0,0,23,15,26,24,2
1774103479,24,74,0,0,0,0,no_volume,0,0,0,0,no_volume,0,0,0,0,no_volume,0,0,0,0,0,0,50066,26727,-0.3039,0,0,23,15,26,24,2
1774103480,24,74,0,0,0,0,no_volume,0,0,0,0,no_volume,0,0,0,0,no_volume,0,0,0,0,0,0,50066,26727,-0.3039,0,0,23,15,26,24,2
1774103481,24,74,0,0,0,0,no_volume,0,0,0,0,no_volume,0,0,0,0,no_volume,0,0,0,0,0,0,50066,26727,-0.3039,0,0,23,15,26,24,2
1774103482,24,74,0,0,0,0,no_volume,0,0,0,0,no_volume,0,0,0,0,no_volume,0,0,0,0,0,0,50066,26727,-0.3039,0,0,23,15,26,24,2
1774103483,24,74,0,0,0,0,no_volume,0,0,0,0,no_volume,0,0,0,0,no_volume,0,0,0,0,0,0,50066,26727,-0.3039,0,0,23,15,26,24,2
1774103484,24,74,0,0,0,0,no_volume,0,0,0,0,no_volume,0,0,0,0,no_volume,0,0,0,0,0,0,50066,26727,-0.3039,0,0,23,15,26,24,2
1774103485,24,74,0,0,0,0,no_volume,0,0,0,0,no_volume,0,0,0,0,no_volume,0,0,0,0,0,0,50066,26727,-0.3039,0,0,23,15,26,24,2
1774103486,24,74,0,0,0,0,no_volume,0,0,0,0,no_volume,0,0,0,0,no_volume,0,0,0,0,0,0,56627,26727,-0.3587,6561,6561,23,15,26,24,2
1774103487,24,74,0,0,0,0,no_volume,0,0,0,0,no_volume,0,0,0,0,no_volume,0,0,0,0,0,0,56627,26727,-0.3587,6561,6561,23,15,26,24,2
1774103488,24,74,0,0,0,0,no_volume,0,0,0,0,no_volume,0,0,0,0,no_volume,0,0,0,0,0,0,56627,26727,-0.3587,6561,6561,23,15,26,24,2
1774103489,24,74,0,0,0,0,no_volume,0,0,0,0,no_volume,0,0,0,0,no_volume,0,0,0,0,0,0,56627,26727,-0.3587,0,6561,23,15,26,24,2
1774103490,24,74,0,0,0,0,no_volume,0,0,0,0,no_volume,0,0,0,0,no_volume,0,0,0,0,0,0,56627,26727,-0.3587,0,6561,23,15,26,24,2
1774103491,24,74,0,0,0,0,no_volume,0,0,0,0,no_volume,0,0,0,0,no_volume,0,0,0,0,0,0,56627,27206,-0.3509,0,6561,23,15,26,24,2
1774103492,24,74,0,0,0,0,no_volume,0,0,0,0,no_volume,0,0,0,0,no_volume,0,0,0,0,0,0,57541,27206,-0.3579,914,7475,23,15,26,24,2
1774103493,24,74,0,0,0,0,no_volume,0,0,0,0,no_volume,0,0,0,0,no_volume,0,0,0,0,0,0,57541,27206,-0.3579,914,7475,23,15,26,24,2
1774103494,24,74,0,0,0,0,no_volume,0,0,0,0,no_volume,0,0,0,0,no_volume,0,0,0,0,0,0,56627,27005,-0.3542,0,6561,23,15,26,24,2
1774103495,24,74,0,0,0,0,no_volume,0,0,0,0,no_volume,0,0,0,0,no_volume,0,0,0,0,0,0,56627,27005,-0.3542,-914,6561,23,15,26,24,2
1774103496,24,74,0,0,0,0,no_volume,0,0,0,0,no_volume,0,0,0,0,no_volume,0,0,0,0,0,0,56627,27005,-0.3542,-914,0,23,15,26,24,2
1774103497,24,74,0,0,0,0,no_volume,0,0,0,0,no_volume,0,0,0,0,no_volume,0,0,0,0,0,0,50980,27005,-0.3074,-5647,-5647,23,15,26,24,2
1774103498,24,74,0,0,0,0,no_volume,0,0,0,0,no_volume,0,0,0,0,no_volume,0,0,0,0,0,0,50980,27005,-0.3074,-5647,-5647,23,15,26,24,2
1774103499,24,74,0,0,0,0,no_volume,0,0,0,0,no_volume,0,0,0,0,no_volume,0,0,0,0,0,0,50980,27005,-0.3074,-5647,-5647,23,15,26,24,2
1774103500,24,74,0,0,0,0,no_volume,0,0,0,0,no_volume,0,0,0,0,no_volume,0,0,0,0,0,0,51688,27005,-0.3137,708,-4939,23,15,26,24,2
1774103501,24,74,0,0,0,0,no_volume,0,0,0,0,no_volume,0,0,0,0,no_volume,0,0,0,0,0,0,53425,27005,-0.3285,2445,-3202,23,15,26,24,2
1774103502,24,74,0,0,0,0,no_volume,0,0,0,0,no_volume,0,0,0,0,no_volume,0,0,0,0,0,0,53425,27005,-0.3285,2445,-4116,23,15,26,24,2
1774103503,24,74,0,0,0,0,no_volume,0,0,0,0,no_volume,0,0,0,0,no_volume,0,0,0,0,0,0,53425,27005,-0.3285,1737,-4116,23,15,26,24,2
1774103504,24,74,0,0,0,0,no_volume,0,0,0,0,no_volume,0,0,0,0,no_volume,0,0,0,0,0,0,53425,27005,-0.3285,0,-3202,23,15,26,24,2
1774103505,24,74,0,0,0,0,no_volume,0,0,0,0,no_volume,0,0,0,0,no_volume,0,0,0,0,0,0,53425,27005,-0.3285,0,-3202,23,15,26,24,2
1774103506,24,74,0,0,0,0,no_volume,0,0,0,0,no_volume,0,0,0,0,no_volume,0,0,0,0,0,0,52398,27005,-0.3198,-1027,-4229,23,15,26,24,2
1774103507,24,74,0,0,0,0,no_volume,0,0,0,0,no_volume,0,0,0,0,no_volume,0,0,0,0,0,0,52398,27005,-0.3198,-1027,1418,23,15,26,24,2
1774103508,24,74,0,0,0,0,no_volume,0,0,0,0,no_volume,0,0,0,0,no_volume,0,0,0,0,0,0,51568,27005,-0.3126,-1857,588,23,15,26,24,2
1774103509,24,74,0,0,0,0,no_volume,0,0,0,0,no_volume,0,0,0,0,no_volume,0,0,0,0,0,0,51568,27005,-0.3126,-830,588,23,15,26,24,2
1774103510,24,74,0,0,0,0,no_volume,0,0,0,0,no_volume,0,0,0,0,no_volume,0,0,0,0,0,0,51568,27005,-0.3126,-830,-120,23,15,26,24,2
1774103511,24,74,0,0,0,0,no_volume,0,0,0,0,no_volume,0,0,0,0,no_volume,0,0,0,0,0,0,51568,27005,-0.3126,0,-1857,23,15,26,24,2
1774103512,24,74,0,0,0,0,no_volume,0,0,0,0,no_volume,0,0,0,0,no_volume,0,0,0,0,0,0,51568,27005,-0.3126,0,-1857,23,15,26,24,2
1774103513,24,74,0,0,0,0,no_volume,0,0,0,0,no_volume,0,0,0,0,no_volume,0,0,0,0,0,0,51568,27005,-0.3126,0,-1857,23,15,26,24,2
1774103514,24,74,0,0,0,0,no_volume,0,0,0,0,no_volume,0,0,0,0,no_volume,0,0,0,0,0,0,51396,27005,-0.3111,-172,-2029,23,15,26,24,2
1774103515,24,74,0,0,0,0,no_volume,0,0,0,0,no_volume,0,0,0,0,no_volume,0,0,0,0,0,0,51253,27005,-0.3098,-315,-2172,23,15,26,24,2
1774103516,24,74,0,0,0,0,no_volume,0,0,0,0,no_volume,0,0,0,0,no_volume,0,0,0,0,0,0,52192,27005,-0.318,624,-206,23,15,26,24,2
1774103517,24,74,0,0,0,0,no_volume,0,0,0,0,no_volume,0,0,0,0,no_volume,0,0,0,0,0,0,52192,27005,-0.318,796,-206,23,15,26,24,2
1774103518,24,74,0,0,0,0,no_volume,0,0,0,0,no_volume,0,0,0,0,no_volume,0,0,0,0,0,0,51278,27005,-0.3101,25,-290,23,15,26,24,2
1774103519,24,74,0,0,0,0,no_volume,0,0,0,0,no_volume,0,0,0,0,no_volume,0,0,0,0,0,0,52846,27005,-0.3236,654,1278,24,15,26,24,2
1774103520,24,74,0,0,0,0,no_volume,0,0,0,0,no_volume,0,0,0,0,no_volume,0,0,0,0,0,0,60474,27005,-0.3826,8282,8906,24,15,26,24,2
1774103521,24,74,0,0,0,0,no_volume,0,0,0,0,no_volume,0,0,0,0,no_volume,0,0,0,0,0,0,60474,27005,-0.3826,9196,8906,24,15,26,24,2
1774103522,24,74,0,0,0,0,no_volume,0,0,0,0,no_volume,0,0,0,0,no_volume,0,0,0,0,0,0,60474,27005,-0.3826,7628,8906,24,15,26,24,2
1774103523,24,74,0,0,0,0,no_volume,0,0,0,0,no_volume,0,0,0,0,no_volume,0,0,0,0,0,0,60474,27005,-0.3826,0,8906,24,15,26,24,2
1774103524,24,74,0,0,0,0,no_volume,0,0,0,0,no_volume,0,0,0,0,no_volume,0,0,0,0,0,0,60355,27005,-0.3818,-119,8959,24,15,26,24,2
1774103525,24,74,0,0,0,0,no_volume,0,0,0,0,no_volume,0,0,0,0,no_volume,0,0,0,0,0,0,60355,27005,-0.3818,-119,9102,24,15,26,24,2
1774103526,24,74,0,0,0,0,no_volume,0,0,0,0,no_volume,0,0,0,0,no_volume,0,0,0,0,0,0,60355,27005,-0.3818,-119,8163,24,15,26,24,2
1774103527,24,74,0,0,0,0,no_volume,0,0,0,0,no_volume,0,0,0,0,no_volume,0,0,0,0,0,0,59416,27005,-0.375,-939,7224,24,15,26,24,2
1774103528,24,74,0,0,0,0,no_volume,0,0,0,0,no_volume,0,0,0,0,no_volume,0,0,0,0,0,0,59416,27005,-0.375,-939,8138,24,15,26,24,2
1774103529,24,74,0,0,0,0,no_volume,0,0,0,0,no_volume,0,0,0,0,no_volume,0,0,0,0,0,0,58852,27005,-0.3709,-1503,6006,24,15,26,24,2
1774103530,24,74,0,0,0,0,no_volume,0,0,0,0,no_volume,0,0,0,0,no_volume,0,0,0,0,0,0,58852,27005,-0.3709,-564,-1622,24,15,26,24,2
1774103531,24,74,0,0,0,0,no_volume,0,0,0,0,no_volume,0,0,0,0,no_volume,0,0,0,0,0,0,58852,27005,-0.3709,-564,-1622,24,15,26,24,2
1774103532,24,74,0,0,0,0,no_volume,0,0,0,0,no_volume,0,0,0,0,no_volume,0,0,0,0,0,0,51788,27005,-0.3145,-7064,-8686,24,15,26,24,2
1774103533,24,74,0,0,0,0,no_volume,0,0,0,0,no_volume,0,0,0,0,no_volume,0,0,0,0,0,0,51788,27005,-0.3145,-7064,-8686,24,15,26,24,2
1774103534,24,74,0,0,0,0,no_volume,0,0,0,0,no_volume,0,0,0,0,no_volume,0,0,0,0,0,0,52965,27005,-0.3246,-5887,-7390,24,15,26,24,2
1774103535,24,74,0,0,0,0,no_volume,0,0,0,0,no_volume,0,0,0,0,no_volume,0,0,0,0,0,0,52965,27005,-0.3246,1177,-7390,24,15,26,24,2
1774103536,24,74,0,0,0,0,no_volume,0,0,0,0,no_volume,0,0,0,0,no_volume,0,0,0,0,0,0,52965,27005,-0.3246,1177,-7390,24,15,26,24,2
1774103537,24,74,0,0,0,0,no_volume,0,0,0,0,no_volume,0,0,0,0,no_volume,0,0,0,0,0,0,52965,27005,-0.3246,0,-6451,24,15,26,24,2
1774103538,24,74,0,0,0,0,no_volume,0,0,0,0,no_volume,0,0,0,0,no_volume,0,0,0,0,0,0,52965,27005,-0.3246,0,-6451,24,15,26,24,2
1774103539,24,74,0,0,0,0,no_volume,0,0,0,0,no_volume,0,0,0,0,no_volume,0,0,0,0,0,0,52965,27005,-0.3246,0,-5887,24,15,26,24,2
1774103540,24,74,0,0,0,0,no_volume,0,0,0,0,no_volume,0,0,0,0,no_volume,0,0,0,0,0,0,52965,27005,-0.3246,0,-5887,24,15,26,24,2
1774103541,24,74,0,0,0,0,no_volume,0,0,0,0,no_volume,0,0,0,0,no_volume,0,0,0,0,0,0,53654,27005,-0.3304,689,-5198,24,15,26,24,2
1774103542,24,74,0,0,0,0,no_volume,0,0,0,0,no_volume,0,0,0,0,no_volume,0,0,0,0,0,0,53654,27005,-0.3304,689,1866,24,15,26,24,2
1774103543,24,74,0,0,0,0,no_volume,0,0,0,0,no_volume,0,0,0,0,no_volume,0,0,0,0,0,0,53654,27005,-0.3304,689,1866,24,15,26,24,2
1774103544,24,74,0,0,0,0,no_volume,0,0,0,0,no_volume,0,0,0,0,no_volume,0,0,0,0,0,0,53654,27005,-0.3304,0,689,24,15,26,24,2
1774103545,24,74,0,0,0,0,no_volume,0,0,0,0,no_volume,0,0,0,0,no_volume,0,0,0,0,0,0,53654,27005,-0.3304,0,689,24,15,26,24,2
1774103546,24,74,0,0,0,0,no_volume,0,0,0,0,no_volume,0,0,0,0,no_volume,0,0,0,0,0,0,53654,27005,-0.3304,0,689,24,15,26,24,2
1774103547,24,74,0,0,0,0,no_volume,0,0,0,0,no_volume,0,0,0,0,no_volume,0,0,0,0,0,0,53654,27005,-0.3304,0,689,24,15,26,24,2
1774103548,24,74,0,0,0,0,no_volume,0,0,0,0,no_volume,0,0,0,0,no_volume,0,0,0,0,0,0,53654,27005,-0.3304,0,689,24,15,26,24,2
1774103549,24,74,0,0,0,0,no_volume,0,0,0,0,no_volume,0,0,0,0,no_volume,0,0,0,0,0,0,53654,27005,-0.3304,0,689,24,15,26,24,2
1774103550,24,74,0,0,0,0,no_volume,0,0,0,0,no_volume,0,0,0,0,no_volume,0,0,0,0,0,0,53654,27005,-0.3304,0,689,24,15,26,24,2
1774103551,24,74,0,0,0,0,no_volume,0,0,0,0,no_volume,0,0,0,0,no_volume,0,0,0,0,0,0,53654,27005,-0.3304,0,0,24,15,26,24,2
1774103552,24,74,0,0,0,0,no_volume,0,0,0,0,no_volume,0,0,0,0,no_volume,0,0,0,0,0,0,53654,27005,-0.3304,0,0,24,15,26,24,2
1774103553,24,74,0,0,0,0,no_volume,0,0,0,0,no_volume,0,0,0,0,no_volume,0,0,0,0,0,0,53654,27005,-0.3304,0,0,24,15,26,24,2
1774103554,24,74,0,0,0,0,no_volume,0,0,0,0,no_volume,0,0,0,0,no_volume,0,0,0,0,0,0,53654,27005,-0.3304,0,0,24,15,26,24,2
1774103555,24,74,0,0,0,0,no_volume,0,0,0,0,no_volume,0,0,0,0,no_volume,0,0,0,0,0,0,53654,27005,-0.3304,0,0,24,15,26,24,2
1774103556,24,74,0,0,0,0,no_volume,0,0,0,0,no_volume,0,0,0,0,no_volume,0,0,0,0,0,0,53654,27005,-0.3304,0,0,24,15,26,24,2
1774103557,24,74,0,0,0,0,no_volume,0,0,0,0,no_volume,0,0,0,0,no_volume,0,0,0,0,0,0,53654,27005,-0.3304,0,0,24,15,26,24,2
1774103558,24,74,0,0,0,0,no_volume,0,0,0,0,no_volume,0,0,0,0,no_volume,0,0,0,0,0,0,53654,27005,-0.3304,0,0,24,15,26,24,2
1774103559,24,74,0,0,0,0,no_volume,0,0,0,0,no_volume,0,0,0,0,no_volume,0,0,0,0,0,0,57140,27005,-0.3581,3486,3486,24,15,26,24,2
1774103560,24,74,0,0,0,0,no_volume,0,0,0,0,no_volume,0,0,0,0,no_volume,0,0,0,0,0,0,57140,27005,-0.3581,3486,3486,24,15,26,24,2
1774103561,24,74,0,0,0,0,no_volume,0,0,0,0,no_volume,0,0,0,0,no_volume,0,0,0,0,0,0,52410,27005,-0.3199,-1244,-1244,24,15,26,24,2
1774103562,24,74,0,0,0,0,no_volume,0,0,0,0,no_volume,0,0,0,0,no_volume,0,0,0,0,0,0,52410,27005,-0.3199,-4730,-1244,24,15,26,24,2
1774103563,24,74,0,0,0,0,no_volume,0,0,0,0,no_volume,0,0,0,0,no_volume,0,0,0,0,0,0,52410,27005,-0.3199,-4730,-1244,24,15,26,24,2
1774103564,24,74,0,0,0,0,no_volume,0,0,0,0,no_volume,0,0,0,0,no_volume,0,0,0,0,0,0,52410,27005,-0.3199,0,-1244,24,15,26,24,2
1774103565,24,74,0,0,0,0,no_volume,0,0,0,0,no_volume,0,0,0,0,no_volume,0,0,0,0,0,0,52410,27005,-0.3199,0,-1244,24,15,26,24,2
1774103566,24,74,0,0,0,0,no_volume,0,0,0,0,no_volume,0,0,0,0,no_volume,0,0,0,0,0,0,52410,27005,-0.3199,0,-1244,24,15,26,24,2
1774103567,24,74,0,0,0,0,no_volume,0,0,0,0,no_volume,0,0,0,0,no_volume,0,0,0,0,0,0,52410,27005,-0.3199,0,-1244,24,15,26,24,2
1774103568,24,74,0,0,0,0,no_volume,0,0,0,0,no_volume,0,0,0,0,no_volume,0,0,0,0,0,0,52410,27005,-0.3199,0,-1244,24,15,26,24,2
1774103569,24,74,0,0,0,0,no_volume,0,0,0,0,no_volume,0,0,0,0,no_volume,0,0,0,0,0,0,58384,27005,-0.3675,5974,1244,24,15,26,24,2
1774103570,24,74,0,0,0,0,no_volume,0,0,0,0,no_volume,0,0,0,0,no_volume,0,0,0,0,0,0,58384,27005,-0.3675,5974,1244,24,15,26,24,2
1774103571,24,74,0,0,0,0,no_volume,0,0,0,0,no_volume,0,0,0,0,no_volume,0,0,0,0,0,0,58384,27005,-0.3675,5974,5974,24,15,26,24,2
1774103572,24,74,0,0,0,0,no_volume,0,0,0,0,no_volume,0,0,0,0,no_volume,0,0,0,0,0,0,52415,27005,-0.3199,-5969,5,24,15,26,24,2
1774103573,24,74,0,0,0,0,no_volume,0,0,0,0,no_volume,0,0,0,0,no_volume,0,0,0,0,0,0,52415,27005,-0.3199,-5969,5,24,15,26,24,2
1774103574,24,74,0,0,0,0,no_volume,0,0,0,0,no_volume,0,0,0,0,no_volume,0,0,0,0,0,0,52415,27005,-0.3199,-5969,5,24,15,26,24,2
1774103575,24,74,0,0,0,0,no_volume,0,0,0,0,no_volume,0,0,0,0,no_volume,0,0,0,0,0,0,52415,27005,-0.3199,0,5,24,15,26,24,2
1774103576,24,74,0,0,0,0,no_volume,0,0,0,0,no_volume,0,0,0,0,no_volume,0,0,0,0,0,0,52415,27005,-0.3199,0,5,24,15,26,24,2
1774103577,24,74,0,0,0,0,no_volume,0,0,0,0,no_volume,0,0,0,0,no_volume,0,0,0,0,0,0,52415,27005,-0.3199,0,5,24,15,26,24,2
1774103578,24,74,0,0,0,0,no_volume,0,0,0,0,no_volume,0,0,0,0,no_volume,0,0,0,0,0,0,52415,27005,-0.3199,0,5,24,15,26,24,2
1774103579,24,74,0,0,0,0,no_volume,0,0,0,0,no_volume,0,0,0,0,no_volume,0,0,0,0,0,0,52415,27005,-0.3199,0,-5969,24,15,26,24,2
1774103580,24,74,0,0,0,0,no_volume,0,0,0,0,no_volume,0,0,0,0,no_volume,0,0,0,0,0,0,52415,27005,-0.3199,0,-5969,24,15,26,24,2
1774103581,24,74,0,0,0,0,no_volume,0,0,0,0,no_volume,0,0,0,0,no_volume,0,0,0,0,0,0,52415,27005,-0.3199,0,-5969,24,15,26,24,2
1774103582,24,74,0,0,0,0,no_volume,0,0,0,0,no_volume,0,0,0,0,no_volume,0,0,0,0,0,0,52415,27005,-0.3199,0,0,24,15,26,24,2
1774103583,24,74,0,0,0,0,no_volume,0,0,0,0,no_volume,0,0,0,0,no_volume,0,0,0,0,0,0,52415,27005,-0.3199,0,0,24,15,26,24,2
1774103584,24,74,0,0,0,0,no_volume,0,0,0,0,no_volume,0,0,0,0,no_volume,0,0,0,0,0,0,52415,27005,-0.3199,0,0,24,15,26,24,2
1774103585,24,74,0,0,0,0,no_volume,0,0,0,0,no_volume,0,0,0,0,no_volume,0,0,0,0,0,0,52415,27005,-0.3199,0,0,24,15,26,24,2
1774103586,24,74,0,0,0,0,no_volume,0,0,0,0,no_volume,0,0,0,0,no_volume,0,0,0,0,0,0,52165,26755,-0.322,-250,-250,23,15,26,24,2
1774103587,24,74,0,0,0,0,no_volume,0,0,0,0,no_volume,0,0,0,0,no_volume,0,0,0,0,0,0,52165,26755,-0.322,-250,-250,23,15,26,24,2
1774103588,24,74,0,0,0,0,no_volume,0,0,0,0,no_volume,0,0,0,0,no_volume,0,0,0,0,0,0,52165,26755,-0.322,-250,-250,23,15,26,24,2
1774103589,24,74,0,0,0,0,no_volume,0,0,0,0,no_volume,0,0,0,0,no_volume,0,0,0,0,0,0,52165,26755,-0.322,0,-250,23,15,26,24,2
1774103590,24,74,0,0,0,0,no_volume,0,0,0,0,no_volume,0,0,0,0,no_volume,0,0,0,0,0,0,52165,26755,-0.322,0,-250,23,15,26,24,2
1774103591,24,74,0,0,0,0,no_volume,0,0,0,0,no_volume,0,0,0,0,no_volume,0,0,0,0,0,0,52165,26755,-0.322,0,-250,23,15,26,24,2
1774103592,24,74,0,0,0,0,no_volume,0,0,0,0,no_volume,0,0,0,0,no_volume,0,0,0,0,0,0,52165,26755,-0.322,0,-250,23,15,26,24,2
1774103593,24,74,0,0,0,0,no_volume,0,0,0,0,no_volume,0,0,0,0,no_volume,0,0,0,0,0,0,52415,27005,-0.3199,250,0,23,16,26,24,2
1774103594,24,74,0,0,0,0,no_volume,0,0,0,0,no_volume,0,0,0,0,no_volume,0,0,0,0,0,0,52415,27005,-0.3199,250,0,23,16,26,24,2
1774103595,24,74,0,0,0,0,no_volume,0,0,0,0,no_volume,0,0,0,0,no_volume,0,0,0,0,0,0,52415,27005,-0.3199,250,0,23,16,26,24,2
1774103596,24,74,0,0,0,0,no_volume,0,0,0,0,no_volume,0,0,0,0,no_volume,0,0,0,0,0,0,52415,27005,-0.3199,0,250,23,16,26,24,2
1774103597,24,74,0,0,0,0,no_volume,0,0,0,0,no_volume,0,0,0,0,no_volume,0,0,0,0,0,0,52415,27005,-0.3199,0,250,23,16,26,24,2
1774103598,24,74,0,0,0,0,no_volume,0,0,0,0,no_volume,0,0,0,0,no_volume,0,0,0,0,0,0,52415,27005,-0.3199,0,250,23,16,26,24,2
1774103599,24,74,0,0,0,0,no_volume,0,0,0,0,no_volume,0,0,0,0,no_volume,0,0,0,0,0,0,52415,27005,-0.3199,0,250,23,16,26,24,2
1774103600,24,74,0,0,0,0,no_volume,0,0,0,0,no_volume,0,0,0,0,no_volume,0,0,0,0,0,0,52415,27005,-0.3199,0,250,23,16,26,24,2
1774103601,24,74,0,0,0,0,no_volume,0,0,0,0,no_volume,0,0,0,0,no_volume,0,0,0,0,0,0,52415,27005,-0.3199,0,250,23,16,26,24,2
1774103602,24,74,0,0,0,0,no_volume,0,0,0,0,no_volume,0,0,0,0,no_volume,0,0,0,0,0,0,52415,27005,-0.3199,0,250,23,16,26,24,2
1774103603,24,74,0,0,0,0,no_volume,0,0,0,0,no_volume,0,0,0,0,no_volume,0,0,0,0,0,0,52415,27005,-0.3199,0,0,23,16,26,24,2
1774103604,24,74,0,0,0,0,no_volume,0,0,0,0,no_volume,0,0,0,0,no_volume,0,0,0,0,0,0,52415,27005,-0.3199,0,0,23,16,26,24,2
1774103605,24,74,0,0,0,0,no_volume,0,0,0,0,no_volume,0,0,0,0,no_volume,0,0,0,0,0,0,52415,27005,-0.3199,0,0,23,16,26,24,2
1774103606,24,74,0,0,0,0,no_volume,0,0,0,0,no_volume,0,0,0,0,no_volume,0,0,0,0,0,0,52415,27005,-0.3199,0,0,23,16,26,24,2
1774103607,24,74,0,0,0,0,no_volume,0,0,0,0,no_volume,0,0,0,0,no_volume,0,0,0,0,0,0,52415,27005,-0.3199,0,0,23,16,26,24,2
1774103608,24,74,0,0,0,0,no_volume,0,0,0,0,no_volume,0,0,0,0,no_volume,0,0,0,0,0,0,52415,27005,-0.3199,0,0,23,16,26,24,2
1774103609,24,74,0,0,0,0,no_volume,0,0,0,0,no_volume,0,0,0,0,no_volume,0,0,0,0,0,0,52415,27005,-0.3199,0,0,23,16,26,24,2
1774103610,24,74,0,0,0,0,no_volume,0,0,0,0,no_volume,0,0,0,0,no_volume,0,0,0,0,0,0,52415,27005,-0.3199,0,0,23,16,26,24,2
1774103611,24,74,0,0,0,0,no_volume,0,0,0,0,no_volume,0,0,0,0,no_volume,0,0,0,0,0,0,52415,27005,-0.3199,0,0,23,16,26,24,2
1774103612,24,74,0,0,0,0,no_volume,0,0,0,0,no_volume,0,0,0,0,no_volume,0,0,0,0,0,0,52415,27005,-0.3199,0,0,23,16,26,24,2
1774103613,24,74,0,0,0,0,no_volume,0,0,0,0,no_volume,0,0,0,0,no_volume,0,0,0,0,0,0,52415,26747,-0.3242,0,0,23,16,26,24,2
1774103614,24,74,0,0,0,0,no_volume,0,0,0,0,no_volume,0,0,0,0,no_volume,0,0,0,0,0,0,52415,26747,-0.3242,0,0,23,16,26,24,2
1774103615,24,74,0,0,0,0,no_volume,0,0,0,0,no_volume,0,0,0,0,no_volume,0,0,0,0,0,0,52415,26747,-0.3242,0,0,23,16,26,24,2
1774103616,24,74,0,0,0,0,no_volume,0,0,0,0,no_volume,0,0,0,0,no_volume,0,0,0,0,0,0,52415,26747,-0.3242,0,0,23,16,26,24,2
1774103617,24,74,0,0,0,0,no_volume,0,0,0,0,no_volume,0,0,0,0,no_volume,0,0,0,0,0,0,54105,26747,-0.3384,1690,1690,23,16,26,24,2
1774103618,24,74,0,0,0,0,no_volume,0,0,0,0,no_volume,0,0,0,0,no_volume,0,0,0,0,0,0,54105,26747,-0.3384,1690,1690,23,16,26,24,2
1774103619,24,74,0,0,0,0,no_volume,0,0,0,0,no_volume,0,0,0,0,no_volume,0,0,0,0,0,0,54628,26747,-0.3426,2213,2213,23,16,26,24,2
1774103620,24,74,0,0,0,0,no_volume,0,0,0,0,no_volume,0,0,0,0,no_volume,0,0,0,0,0,0,54628,26747,-0.3426,523,2213,23,16,26,24,2
1774103621,24,74,0,0,0,0,no_volume,0,0,0,0,no_volume,0,0,0,0,no_volume,0,0,0,0,0,0,54628,26747,-0.3426,523,2213,23,16,26,24,2
1774103622,24,74,0,0,0,0,no_volume,0,0,0,0,no_volume,0,0,0,0,no_volume,0,0,0,0,0,0,54628,26747,-0.3426,0,2213,23,16,26,24,2
1774103623,24,74,0,0,0,0,no_volume,0,0,0,0,no_volume,0,0,0,0,no_volume,0,0,0,0,0,0,53652,26747,-0.3346,-976,1237,23,16,26,24,2
1774103624,24,74,0,0,0,0,no_volume,0,0,0,0,no_volume,0,0,0,0,no_volume,0,0,0,0,0,0,55342,26747,-0.3483,714,2927,23,16,26,24,2
1774103625,24,74,0,0,0,0,no_volume,0,0,0,0,no_volume,0,0,0,0,no_volume,0,0,0,0,0,0,55342,26747,-0.3483,714,2927,23,16,26,24,2
1774103626,24,74,0,0,0,0,no_volume,0,0,0,0,no_volume,0,0,0,0,no_volume,0,0,0,0,0,0,55342,26747,-0.3483,1690,2927,23,16,26,24,2
1774103627,24,74,0,0,0,0,no_volume,0,0,0,0,no_volume,0,0,0,0,no_volume,0,0,0,0,0,0,55342,26747,-0.3483,0,1237,23,16,26,24,2
1774103628,24,74,0,0,0,0,no_volume,0,0,0,0,no_volume,0,0,0,0,no_volume,0,0,0,0,0,0,55342,26747,-0.3483,0,1237,23,16,26,24,2
1774103629,24,74,0,0,0,0,no_volume,0,0,0,0,no_volume,0,0,0,0,no_volume,0,0,0,0,0,0,55342,26747,-0.3483,0,714,23,16,26,24,2
1774103630,24,74,0,0,0,0,no_volume,0,0,0,0,no_volume,0,0,0,0,no_volume,0,0,0,0,0,0,53652,26747,-0.3346,-1690,-976,23,16,26,24,2
1774103631,24,74,0,0,0,0,no_volume,0,0,0,0,no_volume,0,0,0,0,no_volume,0,0,0,0,0,0,53652,26747,-0.3346,-1690,-976,23,16,26,24,2
1774103632,24,74,0,0,0,0,no_volume,0,0,0,0,no_volume,0,0,0,0,no_volume,0,0,0,0,0,0,54081,26747,-0.3382,-1261,-547,23,16,26,24,2
1774103633,24,74,0,0,0,0,no_volume,0,0,0,0,no_volume,0,0,0,0,no_volume,0,0,0,0,0,0,54081,26747,-0.3382,429,429,23,16,26,24,2
1774103634,24,74,0,0,0,0,no_volume,0,0,0,0,no_volume,0,0,0,0,no_volume,0,0,0,0,0,0,54533,26747,-0.3419,881,-809,23,16,26,24,2
1774103635,24,74,0,0,0,0,no_volume,0,0,0,0,no_volume,0,0,0,0,no_volume,0,0,0,0,0,0,54533,26747,-0.3419,452,-809,23,16,26,24,2
1774103636,24,74,0,0,0,0,no_volume,0,0,0,0,no_volume,0,0,0,0,no_volume,0,0,0,0,0,0,53422,26747,-0.3327,-659,-1920,23,16,26,24,2
1774103637,24,74,0,0,0,0,no_volume,0,0,0,0,no_volume,0,0,0,0,no_volume,0,0,0,0,0,0,53422,26747,-0.3327,-1111,-1920,23,16,26,24,2
1774103638,24,74,0,0,0,0,no_volume,0,0,0,0,no_volume,0,0,0,0,no_volume,0,0,0,0,0,0,52843,26747,-0.3279,-1690,-2499,23,16,26,24,2
1774103639,24,74,0,0,0,0,no_volume,0,0,0,0,no_volume,0,0,0,0,no_volume,0,0,0,0,0,0,52843,26747,-0.3279,-579,-2499,23,16,26,24,2
1774103640,24,74,0,0,0,0,no_volume,0,0,0,0,no_volume,0,0,0,0,no_volume,0,0,0,0,0,0,52843,26747,-0.3279,-579,-809,23,16,26,24,2
1774103641,24,74,0,0,0,0,no_volume,0,0,0,0,no_volume,0,0,0,0,no_volume,0,0,0,0,0,0,52843,26747,-0.3279,0,-809,23,16,26,24,2
1774103642,24,74,0,0,0,0,no_volume,0,0,0,0,no_volume,0,0,0,0,no_volume,0,0,0,0,0,0,52843,26747,-0.3279,0,-1238,23,16,26,24,2
1774103643,24,74,0,0,0,0,no_volume,0,0,0,0,no_volume,0,0,0,0,no_volume,0,0,0,0,0,0,52843,26747,-0.3279,0,-1238,23,16,26,24,2
1774103644,24,74,0,0,0,0,no_volume,0,0,0,0,no_volume,0,0,0,0,no_volume,0,0,0,0,0,0,52843,26747,-0.3279,0,-1690,23,16,26,24,2
1774103645,24,74,0,0,0,0,no_volume,0,0,0,0,no_volume,0,0,0,0,no_volume,0,0,0,0,0,0,52843,26747,-0.3279,0,-1690,23,16,26,24,2
1774103646,24,74,0,0,0,0,no_volume,0,0,0,0,no_volume,0,0,0,0,no_volume,0,0,0,0,0,0,52843,26747,-0.3279,0,-579,23,16,26,24,2
1774103647,24,74,0,0,0,0,no_volume,0,0,0,0,no_volume,0,0,0,0,no_volume,0,0,0,0,0,0,52843,26747,-0.3279,0,-579,23,16,26,24,2
1774103648,24,74,0,0,0,0,no_volume,0,0,0,0,no_volume,0,0,0,0,no_volume,0,0,0,0,0,0,52851,26747,-0.3279,8,8,23,16,26,24,2
1774103649,24,74,0,0,0,0,no_volume,0,0,0,0,no_volume,0,0,0,0,no_volume,0,0,0,0,0,0,52851,26747,-0.3279,8,8,23,16,26,24,2
1774103650,24,74,0,0,0,0,no_volume,0,0,0,0,no_volume,0,0,0,0,no_volume,0,0,0,0,0,0,52851,26747,-0.3279,8,8,23,16,26,24,2
1774103651,24,74,0,0,0,0,no_volume,0,0,0,0,no_volume,0,0,0,0,no_volume,0,0,0,0,0,0,52851,26747,-0.3279,0,8,23,16,26,24,2
1774103652,24,74,0,0,0,0,no_volume,0,0,0,0,no_volume,0,0,0,0,no_volume,0,0,0,0,0,0,52851,26747,-0.3279,0,8,23,16,26,24,2
1774103653,24,74,0,0,0,0,no_volume,0,0,0,0,no_volume,0,0,0,0,no_volume,0,0,0,0,0,0,52851,26747,-0.3279,0,8,23,16,26,24,2
1774103654,24,74,0,0,0,0,no_volume,0,0,0,0,no_volume,0,0,0,0,no_volume,0,0,0,0,0,0,52851,26747,-0.3279,0,8,23,16,26,24,2
1774103655,24,74,0,0,0,0,no_volume,0,0,0,0,no_volume,0,0,0,0,no_volume,0,0,0,0,0,0,52851,26747,-0.3279,0,8,23,16,26,24,2
1774103656,24,74,0,0,0,0,no_volume,0,0,0,0,no_volume,0,0,0,0,no_volume,0,0,0,0,0,0,52851,26747,-0.3279,0,8,23,16,26,24,2
1774103657,24,74,0,0,0,0,no_volume,0,0,0,0,no_volume,0,0,0,0,no_volume,0,0,0,0,0,0,52846,26747,-0.3279,-5,3,23,16,26,24,2
1774103658,24,74,0,0,0,0,no_volume,0,0,0,0,no_volume,0,0,0,0,no_volume,0,0,0,0,0,0,52846,26747,-0.3279,-5,-5,23,16,26,24,2
1774103659,24,74,0,0,0,0,no_volume,0,0,0,0,no_volume,0,0,0,0,no_volume,0,0,0,0,0,0,52846,26747,-0.3279,-5,-5,23,16,26,24,2
1774103660,24,74,0,0,0,0,no_volume,0,0,0,0,no_volume,0,0,0,0,no_volume,0,0,0,0,0,0,52846,26747,-0.3279,0,-5,23,16,26,24,2
1774103661,24,74,0,0,0,0,no_volume,0,0,0,0,no_volume,0,0,0,0,no_volume,0,0,0,0,0,0,52846,26747,-0.3279,0,-5,23,16,26,24,2
1774103662,24,74,0,0,0,0,no_volume,0,0,0,0,no_volume,0,0,0,0,no_volume,0,0,0,0,0,0,51965,26747,-0.3204,-881,-886,23,16,26,24,2
1774103663,24,74,0,0,0,0,no_volume,0,0,0,0,no_volume,0,0,0,0,no_volume,0,0,0,0,0,0,51965,26747,-0.3204,-881,-886,23,16,26,24,2
1774103664,24,74,0,0,0,0,no_volume,0,0,0,0,no_volume,0,0,0,0,no_volume,0,0,0,0,0,0,51965,26747,-0.3204,-881,-886,23,16,26,24,2
1774103665,24,74,0,0,0,0,no_volume,0,0,0,0,no_volume,0,0,0,0,no_volume,0,0,0,0,0,0,51965,26747,-0.3204,0,-886,23,16,26,24,2
1774103666,24,74,0,0,0,0,no_volume,0,0,0,0,no_volume,0,0,0,0,no_volume,0,0,0,0,0,0,51965,26747,-0.3204,0,-886,23,16,26,24,2
1774103667,24,74,0,0,0,0,no_volume,0,0,0,0,no_volume,0,0,0,0,no_volume,0,0,0,0,0,0,51965,26747,-0.3204,0,-881,23,16,26,24,2
1774103668,24,74,0,0,0,0,no_volume,0,0,0,0,no_volume,0,0,0,0,no_volume,0,0,0,0,0,0,51866,26747,-0.3195,-99,-980,23,16,26,24,2
1774103669,24,74,0,0,0,0,no_volume,0,0,0,0,no_volume,0,0,0,0,no_volume,0,0,0,0,0,0,51866,26747,-0.3195,-99,-980,23,16,26,24,2
1774103670,24,74,0,0,0,0,no_volume,0,0,0,0,no_volume,0,0,0,0,no_volume,0,0,0,0,0,0,51866,26747,-0.3195,-99,-980,23,16,26,24,2
1774103671,24,74,0,0,0,0,no_volume,0,0,0,0,no_volume,0,0,0,0,no_volume,0,0,0,0,0,0,51866,26747,-0.3195,0,-980,23,16,26,24,2
1774103672,24,74,0,0,0,0,no_volume,0,0,0,0,no_volume,0,0,0,0,no_volume,0,0,0,0,0,0,51866,26747,-0.3195,0,-99,23,16,26,24,2
1774103673,24,74,0,0,0,0,no_volume,0,0,0,0,no_volume,0,0,0,0,no_volume,0,0,0,0,0,0,51866,26747,-0.3195,0,-99,23,16,26,24,2
1774103674,24,74,0,0,0,0,no_volume,0,0,0,0,no_volume,0,0,0,0,no_volume,0,0,0,0,0,0,51866,26747,-0.3195,0,-99,23,16,26,24,2
1774103675,24,74,0,0,0,0,no_volume,0,0,0,0,no_volume,0,0,0,0,no_volume,0,0,0,0,0,0,51866,26747,-0.3195,0,-99,23,16,26,24,2
1774103676,24,74,0,0,0,0,no_volume,0,0,0,0,no_volume,0,0,0,0,no_volume,0,0,0,0,0,0,51866,26747,-0.3195,0,-99,23,16,26,24,2
1774103677,24,74,0,0,0,0,no_volume,0,0,0,0,no_volume,0,0,0,0,no_volume,0,0,0,0,0,0,51866,26747,-0.3195,0,-99,23,16,26,24,2
1774103678,24,74,0,0,0,0,no_volume,0,0,0,0,no_volume,0,0,0,0,no_volume,0,0,0,0,0,0,51866,26747,-0.3195,0,0,23,16,26,24,2
1774103679,24,74,0,0,0,0,no_volume,0,0,0,0,no_volume,0,0,0,0,no_volume,0,0,0,0,0,0,51866,26747,-0.3195,0,0,23,16,26,24,2
1774103680,24,74,0,0,0,0,no_volume,0,0,0,0,no_volume,0,0,0,0,no_volume,0,0,0,0,0,0,51866,26747,-0.3195,0,0,23,16,26,24,2
1774103681,24,74,0,0,0,0,no_volume,0,0,0,0,no_volume,0,0,0,0,no_volume,0,0,0,0,0,0,51866,26747,-0.3195,0,0,23,16,26,24,2
1774103682,24,74,0,0,0,0,no_volume,0,0,0,0,no_volume,0,0,0,0,no_volume,0,0,0,0,0,0,51866,26747,-0.3195,0,0,23,16,26,24,2
1774103683,24,74,0,0,0,0,no_volume,0,0,0,0,no_volume,0,0,0,0,no_volume,0,0,0,0,0,0,51866,26747,-0.3195,0,0,23,16,26,24,2
1774103684,24,74,0,0,0,0,no_volume,0,0,0,0,no_volume,0,0,0,0,no_volume,0,0,0,0,0,0,51866,26747,-0.3195,0,0,23,16,26,24,2
1774103685,24,74,0,0,0,0,no_volume,0,0,0,0,no_volume,0,0,0,0,no_volume,0,0,0,0,0,0,51866,26747,-0.3195,0,0,23,16,26,24,2
1774103686,24,74,0,0,0,0,no_volume,0,0,0,0,no_volume,0,0,0,0,no_volume,0,0,0,0,0,0,51866,26747,-0.3195,0,0,23,16,26,24,2
1774103687,24,74,0,0,0,0,no_volume,0,0,0,0,no_volume,0,0,0,0,no_volume,0,0,0,0,0,0,52295,26747,-0.3232,429,429,23,16,26,24,2
1774103688,24,74,0,0,0,0,no_volume,0,0,0,0,no_volume,0,0,0,0,no_volume,0,0,0,0,0,0,52295,26747,-0.3232,429,429,23,16,26,24,2
1774103689,24,74,0,0,0,0,no_volume,0,0,0,0,no_volume,0,0,0,0,no_volume,0,0,0,0,0,0,52295,26747,-0.3232,429,429,23,16,26,24,2
1774103690,24,74,0,0,0,0,no_volume,0,0,0,0,no_volume,0,0,0,0,no_volume,0,0,0,0,0,0,52295,26747,-0.3232,0,429,23,16,26,24,2
1774103691,24,74,0,0,0,0,no_volume,0,0,0,0,no_volume,0,0,0,0,no_volume,0,0,0,0,0,0,52295,26747,-0.3232,0,429,23,16,26,24,2
1774103692,24,74,0,0,0,0,no_volume,0,0,0,0,no_volume,0,0,0,0,no_volume,0,0,0,0,0,0,52295,26747,-0.3232,0,429,23,16,26,24,2
1774103693,24,74,0,0,0,0,no_volume,0,0,0,0,no_volume,0,0,0,0,no_volume,0,0,0,0,0,0,51866,26747,-0.3195,-429,0,23,16,26,24,2
1774103694,24,74,0,0,0,0,no_volume,0,0,0,0,no_volume,0,0,0,0,no_volume,0,0,0,0,0,0,52686,26747,-0.3266,391,820,23,16,26,24,2
1774103695,24,74,0,0,0,0,no_volume,0,0,0,0,no_volume,0,0,0,0,no_volume,0,0,0,0,0,0,52686,26747,-0.3266,391,820,23,16,26,24,2
1774103696,24,74,0,0,0,0,no_volume,0,0,0,0,no_volume,0,0,0,0,no_volume,0,0,0,0,0,0,53104,26747,-0.3301,1238,1238,23,16,26,24,2
1774103697,24,74,0,0,0,0,no_volume,0,0,0,0,no_volume,0,0,0,0,no_volume,0,0,0,0,0,0,53104,26747,-0.3301,418,809,23,16,26,24,2
1774103698,24,74,0,0,0,0,no_volume,0,0,0,0,no_volume,0,0,0,0,no_volume,0,0,0,0,0,0,53104,26747,-0.3301,418,809,23,16,26,24,2
1774103699,24,74,0,0,0,0,no_volume,0,0,0,0,no_volume,0,0,0,0,no_volume,0,0,0,0,0,0,53104,26747,-0.3301,0,809,23,16,26,24,2
1774103700,24,74,0,0,0,0,no_volume,0,0,0,0,no_volume,0,0,0,0,no_volume,0,0,0,0,0,0,53104,26747,-0.3301,0,809,23,16,26,24,2
1774103701,24,74,0,0,0,0,no_volume,0,0,0,0,no_volume,0,0,0,0,no_volume,0,0,0,0,0,0,53104,26747,-0.3301,0,809,23,16,26,24,2
1774103702,24,74,0,0,0,0,no_volume,0,0,0,0,no_volume,0,0,0,0,no_volume,0,0,0,0,0,0,53104,26747,-0.3301,0,809,23,16,26,24,2
1774103703,24,74,0,0,0,0,no_volume,0,0,0,0,no_volume,0,0,0,0,no_volume,0,0,0,0,0,0,53104,26747,-0.3301,0,1238,23,16,26,24,2
1774103704,24,74,0,0,0,0,no_volume,0,0,0,0,no_volume,0,0,0,0,no_volume,0,0,0,0,0,0,53104,26747,-0.3301,0,418,23,16,26,24,2
1774103705,24,74,0,0,0,0,no_volume,0,0,0,0,no_volume,0,0,0,0,no_volume,0,0,0,0,0,0,53104,26747,-0.3301,0,418,23,16,26,24,2
1774103706,24,74,0,0,0,0,no_volume,0,0,0,0,no_volume,0,0,0,0,no_volume,0,0,0,0,0,0,59182,26747,-0.3775,6078,6078,23,16,26,24,2
1774103707,24,74,0,0,0,0,no_volume,0,0,0,0,no_volume,0,0,0,0,no_volume,0,0,0,0,0,0,53104,26747,-0.3301,0,0,23,16,26,24,2
1774103708,24,74,0,0,0,0,no_volume,0,0,0,0,no_volume,0,0,0,0,no_volume,0,0,0,0,0,0,53104,26747,-0.3301,0,0,23,16,26,24,2
1774103709,24,74,0,0,0,0,no_volume,0,0,0,0,no_volume,0,0,0,0,no_volume,0,0,0,0,0,0,53104,26747,-0.3301,-6078,0,23,16,26,24,2
1774103710,24,74,0,0,0,0,no_volume,0,0,0,0,no_volume,0,0,0,0,no_volume,0,0,0,0,0,0,53104,26747,-0.3301,0,0,23,16,26,24,2
1774103711,24,74,0,0,0,0,no_volume,0,0,0,0,no_volume,0,0,0,0,no_volume,0,0,0,0,0,0,53104,26747,-0.3301,0,0,23,16,26,24,2
1774103712,24,74,0,0,0,0,no_volume,0,0,0,0,no_volume,0,0,0,0,no_volume,0,0,0,0,0,0,53104,26747,-0.3301,0,0,23,16,26,24,2
1774103713,24,74,0,0,0,0,no_volume,0,0,0,0,no_volume,0,0,0,0,no_volume,0,0,0,0,0,0,53104,26747,-0.3301,0,0,23,16,26,24,2
1774103714,24,74,0,0,0,0,no_volume,0,0,0,0,no_volume,0,0,0,0,no_volume,0,0,0,0,0,0,52686,26747,-0.3266,-418,-418,23,16,26,24,2
1774103715,24,74,0,0,0,0,no_volume,0,0,0,0,no_volume,0,0,0,0,no_volume,0,0,0,0,0,0,52686,26747,-0.3266,-418,-418,23,16,26,24,2
1774103716,24,74,0,0,0,0,no_volume,0,0,0,0,no_volume,0,0,0,0,no_volume,0,0,0,0,0,0,52686,26747,-0.3266,-418,-6496,23,16,26,24,2
1774103717,24,74,0,0,0,0,no_volume,0,0,0,0,no_volume,0,0,0,0,no_volume,0,0,0,0,0,0,52686,26747,-0.3266,0,-418,23,16,26,24,2
1774103718,24,74,0,0,0,0,no_volume,0,0,0,0,no_volume,0,0,0,0,no_volume,0,0,0,0,0,0,52686,26747,-0.3266,0,-418,23,16,26,24,2
1774103719,24,74,0,0,0,0,no_volume,0,0,0,0,no_volume,0,0,0,0,no_volume,0,0,0,0,0,0,52686,26747,-0.3266,0,-418,23,16,26,24,2
1774103720,24,74,0,0,0,0,no_volume,0,0,0,0,no_volume,0,0,0,0,no_volume,0,0,0,0,0,0,52686,26747,-0.3266,0,-418,23,16,26,24,2
1774103721,24,74,0,0,0,0,no_volume,0,0,0,0,no_volume,0,0,0,0,no_volume,0,0,0,0,0,0,52686,26747,-0.3266,0,-418,23,16,26,24,2
1774103722,24,74,0,0,0,0,no_volume,0,0,0,0,no_volume,0,0,0,0,no_volume,0,0,0,0,0,0,52686,26747,-0.3266,0,-418,23,16,26,24,2
1774103723,24,74,0,0,0,0,no_volume,0,0,0,0,no_volume,0,0,0,0,no_volume,0,0,0,0,0,0,52686,26747,-0.3266,0,-418,23,16,26,24,2
1774103724,24,74,0,0,0,0,no_volume,0,0,0,0,no_volume,0,0,0,0,no_volume,0,0,0,0,0,0,52686,26747,-0.3266,0,0,23,16,26,24,2
1774103725,24,74,0,0,0,0,no_volume,0,0,0,0,no_volume,0,0,0,0,no_volume,0,0,0,0,0,0,52686,26747,-0.3266,0,0,23,16,26,24,2
1774103726,24,74,0,0,0,0,no_volume,0,0,0,0,no_volume,0,0,0,0,no_volume,0,0,0,0,0,0,51985,26747,-0.3206,-701,-701,23,16,26,24,2
1774103727,24,74,0,0,0,0,no_volume,0,0,0,0,no_volume,0,0,0,0,no_volume,0,0,0,0,0,0,51985,26747,-0.3206,-701,-701,23,16,26,24,2
1774103728,24,74,0,0,0,0,no_volume,0,0,0,0,no_volume,0,0,0,0,no_volume,0,0,0,0,0,0,51985,27360,-0.3104,-701,-701,23,16,26,24,2
1774103729,24,74,0,0,0,0,no_volume,0,0,0,0,no_volume,0,0,0,0,no_volume,0,0,0,0,0,0,52371,27360,-0.3137,386,-315,23,16,26,24,2
1774103730,24,74,0,0,0,0,no_volume,0,0,0,0,no_volume,0,0,0,0,no_volume,0,0,0,0,0,0,52371,27360,-0.3137,386,-315,23,16,26,24,2
1774103731,24,74,0,0,0,0,no_volume,0,0,0,0,no_volume,0,0,0,0,no_volume,0,0,0,0,0,0,52371,27088,-0.3182,386,-315,23,16,26,24,2
1774103732,24,74,0,0,0,0,no_volume,0,0,0,0,no_volume,0,0,0,0,no_volume,0,0,0,0,0,0,52371,27088,-0.3182,0,-315,23,16,26,24,2
1774103733,24,74,0,0,0,0,no_volume,0,0,0,0,no_volume,0,0,0,0,no_volume,0,0,0,0,0,0,52371,27088,-0.3182,0,-315,23,16,26,24,2
1774103734,24,74,0,0,0,0,no_volume,0,0,0,0,no_volume,0,0,0,0,no_volume,0,0,0,0,0,0,52371,27088,-0.3182,0,-315,23,16,26,24,2
1774103735,24,74,0,0,0,0,no_volume,0,0,0,0,no_volume,0,0,0,0,no_volume,0,0,0,0,0,0,52686,27088,-0.3209,315,0,23,16,26,24,2
1774103736,24,74,0,0,0,0,no_volume,0,0,0,0,no_volume,0,0,0,0,no_volume,0,0,0,0,0,0,52686,27088,-0.3209,315,701,23,16,26,24,2
1774103737,24,74,0,0,0,0,no_volume,0,0,0,0,no_volume,0,0,0,0,no_volume,0,0,0,0,0,0,52686,27088,-0.3209,315,701,23,16,26,24,2
1774103738,24,74,0,0,0,0,no_volume,0,0,0,0,no_volume,0,0,0,0,no_volume,0,0,0,0,0,0,52686,27088,-0.3209,0,701,23,16,26,24,2
1774103739,24,74,0,0,0,0,no_volume,0,0,0,0,no_volume,0,0,0,0,no_volume,0,0,0,0,0,0,52686,27088,-0.3209,0,315,23,16,26,24,2
1774103740,24,74,0,0,0,0,no_volume,0,0,0,0,no_volume,0,0,0,0,no_volume,0,0,0,0,0,0,52686,27088,-0.3209,0,315,23,16,26,24,2
1774103741,24,74,0,0,0,0,no_volume,0,0,0,0,no_volume,0,0,0,0,no_volume,0,0,0,0,0,0,61048,27088,-0.3853,8362,8677,23,16,26,24,2
1774103742,24,74,0,0,0,0,no_volume,0,0,0,0,no_volume,0,0,0,0,no_volume,0,0,0,0,0,0,61048,27088,-0.3853,8362,8677,23,16,26,24,2
1774103743,24,74,0,0,0,0,no_volume,0,0,0,0,no_volume,0,0,0,0,no_volume,0,0,0,0,0,0,61048,27088,-0.3853,8362,8677,23,16,26,24,2
1774103744,24,74,0,0,0,0,no_volume,0,0,0,0,no_volume,0,0,0,0,no_volume,0,0,0,0,0,0,61048,27088,-0.3853,0,8677,23,16,26,24,2
1774103745,24,74,0,0,0,0,no_volume,0,0,0,0,no_volume,0,0,0,0,no_volume,0,0,0,0,0,0,61048,27088,-0.3853,0,8362,23,16,26,24,2
1774103746,24,74,0,0,0,0,no_volume,0,0,0,0,no_volume,0,0,0,0,no_volume,0,0,0,0,0,0,61048,27088,-0.3853,0,8362,23,16,26,24,2
1774103747,24,74,0,0,0,0,no_volume,0,0,0,0,no_volume,0,0,0,0,no_volume,0,0,0,0,0,0,61048,27088,-0.3853,0,8362,23,16,26,24,2
1774103748,24,74,0,0,0,0,no_volume,0,0,0,0,no_volume,0,0,0,0,no_volume,0,0,0,0,0,0,61048,27088,-0.3853,0,8362,23,16,26,24,2
1774103749,24,74,0,0,0,0,no_volume,0,0,0,0,no_volume,0,0,0,0,no_volume,0,0,0,0,0,0,61048,27088,-0.3853,0,8362,23,16,26,24,2
1774103750,24,74,0,0,0,0,no_volume,0,0,0,0,no_volume,0,0,0,0,no_volume,0,0,0,0,0,0,61048,27088,-0.3853,0,8362,23,16,26,24,2
1774103751,24,74,0,0,0,0,no_volume,0,0,0,0,no_volume,0,0,0,0,no_volume,0,0,0,0,0,0,61048,27088,-0.3853,0,0,23,16,26,24,2
1774103752,24,74,0,0,0,0,no_volume,0,0,0,0,no_volume,0,0,0,0,no_volume,0,0,0,0,0,0,61048,27088,-0.3853,0,0,23,16,26,24,2
1774103753,24,74,0,0,0,0,no_volume,0,0,0,0,no_volume,0,0,0,0,no_volume,0,0,0,0,0,0,61048,27088,-0.3853,0,0,23,16,26,24,2
1774103754,24,74,0,0,0,0,no_volume,0,0,0,0,no_volume,0,0,0,0,no_volume,0,0,0,0,0,0,61048,27088,-0.3853,0,0,23,16,26,24,2
1774103755,24,74,0,0,0,0,no_volume,0,0,0,0,no_volume,0,0,0,0,no_volume,0,0,0,0,0,0,53179,27088,-0.3251,-7869,-7869,23,16,26,24,2
1774103756,24,74,0,0,0,0,no_volume,0,0,0,0,no_volume,0,0,0,0,no_volume,0,0,0,0,0,0,52828,27088,-0.3221,-8220,-8220,23,16,26,24,2
1774103757,24,74,0,0,0,0,no_volume,0,0,0,0,no_volume,0,0,0,0,no_volume,0,0,0,0,0,0,52828,27088,-0.3221,-8220,-8220,23,16,26,24,2
1774103758,24,74,0,0,0,0,no_volume,0,0,0,0,no_volume,0,0,0,0,no_volume,0,0,0,0,0,0,53287,27088,-0.326,108,-7761,23,16,26,24,2
1774103759,24,74,0,0,0,0,no_volume,0,0,0,0,no_volume,0,0,0,0,no_volume,0,0,0,0,0,0,59450,27088,-0.374,6622,-1598,23,16,26,24,2
1774103760,24,74,0,0,0,0,no_volume,0,0,0,0,no_volume,0,0,0,0,no_volume,0,0,0,0,0,0,58743,27088,-0.3688,5915,-2305,23,16,26,24,2
1774103761,24,74,0,0,0,0,no_volume,0,0,0,0,no_volume,0,0,0,0,no_volume,0,0,0,0,0,0,59682,27088,-0.3756,6395,-1366,23,16,26,24,2
1774103762,24,74,0,0,0,0,no_volume,0,0,0,0,no_volume,0,0,0,0,no_volume,0,0,0,0,0,0,53347,27088,-0.3265,-6103,-7701,23,16,26,24,2
1774103763,24,74,0,0,0,0,no_volume,0,0,0,0,no_volume,0,0,0,0,no_volume,0,0,0,0,0,0,53347,27088,-0.3265,-5396,-7701,23,16,26,24,2
1774103764,24,74,0,0,0,0,no_volume,0,0,0,0,no_volume,0,0,0,0,no_volume,0,0,0,0,0,0,53347,27088,-0.3265,-6335,-7701,23,16,26,24,2
1774103765,24,74,0,0,0,0,no_volume,0,0,0,0,no_volume,0,0,0,0,no_volume,0,0,0,0,0,0,53347,27088,-0.3265,0,168,23,16,26,24,2
1774103766,24,74,0,0,0,0,no_volume,0,0,0,0,no_volume,0,0,0,0,no_volume,0,0,0,0,0,0,53347,27088,-0.3265,0,519,23,16,26,24,2
1774103767,24,74,0,0,0,0,no_volume,0,0,0,0,no_volume,0,0,0,0,no_volume,0,0,0,0,0,0,53228,27088,-0.3255,-119,400,23,16,26,24,2
1774103768,24,74,0,0,0,0,no_volume,0,0,0,0,no_volume,0,0,0,0,no_volume,0,0,0,0,0,0,53922,27088,-0.3312,575,635,23,16,26,24,2
1774103769,24,74,0,0,0,0,no_volume,0,0,0,0,no_volume,0,0,0,0,no_volume,0,0,0,0,0,0,53922,27088,-0.3312,575,-5528,23,16,26,24,2
1774103770,24,74,0,0,0,0,no_volume,0,0,0,0,no_volume,0,0,0,0,no_volume,0,0,0,0,0,0,53922,27088,-0.3312,694,-4821,23,16,26,24,2
1774103771,24,74,0,0,0,0,no_volume,0,0,0,0,no_volume,0,0,0,0,no_volume,0,0,0,0,0,0,53922,27088,-0.3312,0,-5760,23,16,26,24,2
1774103772,24,74,0,0,0,0,no_volume,0,0,0,0,no_volume,0,0,0,0,no_volume,0,0,0,0,0,0,53922,27088,-0.3312,0,575,23,16,26,24,2
1774103773,24,74,0,0,0,0,no_volume,0,0,0,0,no_volume,0,0,0,0,no_volume,0,0,0,0,0,0,53922,27088,-0.3312,0,575,23,16,26,24,2
1774103774,24,74,0,0,0,0,no_volume,0,0,0,0,no_volume,0,0,0,0,no_volume,0,0,0,0,0,0,53922,27088,-0.3312,0,575,23,16,26,24,2
1774103775,24,74,0,0,0,0,no_volume,0,0,0,0,no_volume,0,0,0,0,no_volume,0,0,0,0,0,0,61194,27088,-0.3863,7272,7847,23,16,26,24,2
1774103776,24,74,0,0,0,0,no_volume,0,0,0,0,no_volume,0,0,0,0,no_volume,0,0,0,0,0,0,61194,27088,-0.3863,7272,7847,23,16,26,24,2
1774103777,24,74,0,0,0,0,no_volume,0,0,0,0,no_volume,0,0,0,0,no_volume,0,0,0,0,0,0,61194,27088,-0.3863,7272,7966,23,16,26,24,2
1774103778,24,74,0,0,0,0,no_volume,0,0,0,0,no_volume,0,0,0,0,no_volume,0,0,0,0,0,0,60503,27088,-0.3815,-691,6581,23,16,26,24,2
1774103779,24,74,0,0,0,0,no_volume,0,0,0,0,no_volume,0,0,0,0,no_volume,0,0,0,0,0,0,60359,27088,-0.3805,-835,6437,23,16,26,24,2
1774103780,24,74,0,0,0,0,no_volume,0,0,0,0,no_volume,0,0,0,0,no_volume,0,0,0,0,0,0,61314,27088,-0.3872,120,7392,23,16,26,24,2
1774103781,24,74,0,0,0,0,no_volume,0,0,0,0,no_volume,0,0,0,0,no_volume,0,0,0,0,0,0,61314,27088,-0.3872,811,7392,23,16,26,24,2
1774103782,24,74,0,0,0,0,no_volume,0,0,0,0,no_volume,0,0,0,0,no_volume,0,0,0,0,0,0,61314,27088,-0.3872,955,7392,23,16,26,24,2
1774103783,24,74,0,0,0,0,no_volume,0,0,0,0,no_volume,0,0,0,0,no_volume,0,0,0,0,0,0,61314,27088,-0.3872,0,7392,23,16,26,24,2
1774103784,24,74,0,0,0,0,no_volume,0,0,0,0,no_volume,0,0,0,0,no_volume,0,0,0,0,0,0,54227,27088,-0.3338,-7087,305,23,16,26,24,2
1774103785,24,74,0,0,0,0,no_volume,0,0,0,0,no_volume,0,0,0,0,no_volume,0,0,0,0,0,0,54227,27088,-0.3338,-7087,-6967,23,16,26,24,2
1774103786,24,74,0,0,0,0,no_volume,0,0,0,0,no_volume,0,0,0,0,no_volume,0,0,0,0,0,0,54227,27088,-0.3338,-7087,-6967,23,16,26,24,2
1774103787,24,74,0,0,0,0,no_volume,0,0,0,0,no_volume,0,0,0,0,no_volume,0,0,0,0,0,0,54733,27088,-0.3379,506,-6461,23,16,26,24,2
1774103788,24,74,0,0,0,0,no_volume,0,0,0,0,no_volume,0,0,0,0,no_volume,0,0,0,0,0,0,54733,27088,-0.3379,506,-5770,23,16,26,24,2
1774103789,24,74,0,0,0,0,no_volume,0,0,0,0,no_volume,0,0,0,0,no_volume,0,0,0,0,0,0,55018,27088,-0.3402,791,-5341,23,16,26,24,2
1774103790,24,74,0,0,0,0,no_volume,0,0,0,0,no_volume,0,0,0,0,no_volume,0,0,0,0,0,0,55018,27088,-0.3402,285,-6296,23,16,26,24,2
1774103791,24,74,0,0,0,0,no_volume,0,0,0,0,no_volume,0,0,0,0,no_volume,0,0,0,0,0,0,60992,27088,-0.3849,6259,-322,23,16,26,24,2
1774103792,24,74,0,0,0,0,no_volume,0,0,0,0,no_volume,0,0,0,0,no_volume,0,0,0,0,0,0,60486,27088,-0.3814,5468,-828,23,16,26,24,2
1774103793,24,74,0,0,0,0,no_volume,0,0,0,0,no_volume,0,0,0,0,no_volume,0,0,0,0,0,0,60486,27088,-0.3814,5468,-828,23,16,26,24,2
1774103794,24,74,0,0,0,0,no_volume,0,0,0,0,no_volume,0,0,0,0,no_volume,0,0,0,0,0,0,60486,27088,-0.3814,-506,6259,23,16,26,24,2
1774103795,24,74,0,0,0,0,no_volume,0,0,0,0,no_volume,0,0,0,0,no_volume,0,0,0,0,0,0,59531,27088,-0.3745,-955,5304,23,16,26,24,2
1774103796,24,74,0,0,0,0,no_volume,0,0,0,0,no_volume,0,0,0,0,no_volume,0,0,0,0,0,0,61207,27088,-0.3864,721,6980,23,16,26,24,2
1774103797,24,74,0,0,0,0,no_volume,0,0,0,0,no_volume,0,0,0,0,no_volume,0,0,0,0,0,0,60885,27088,-0.3842,399,6152,23,16,26,24,2
1774103798,24,74,0,0,0,0,no_volume,0,0,0,0,no_volume,0,0,0,0,no_volume,0,0,0,0,0,0,60885,27088,-0.3842,1354,6152,23,16,26,24,2
1774103799,24,74,0,0,0,0,no_volume,0,0,0,0,no_volume,0,0,0,0,no_volume,0,0,0,0,0,0,55445,27088,-0.3436,-5762,427,23,16,26,24,2
1774103800,24,74,0,0,0,0,no_volume,0,0,0,0,no_volume,0,0,0,0,no_volume,0,0,0,0,0,0,55445,27088,-0.3436,-5440,427,23,16,26,24,2
1774103801,24,74,0,0,0,0,no_volume,0,0,0,0,no_volume,0,0,0,0,no_volume,0,0,0,0,0,0,55445,27088,-0.3436,-5440,-5547,23,16,26,24,2
1774103802,24,74,0,0,0,0,no_volume,0,0,0,0,no_volume,0,0,0,0,no_volume,0,0,0,0,0,0,54835,27088,-0.3387,-610,-5651,23,16,26,24,2
1774103803,24,74,0,0,0,0,no_volume,0,0,0,0,no_volume,0,0,0,0,no_volume,0,0,0,0,0,0,54835,27088,-0.3387,-610,-5651,23,16,26,24,2
1774103804,24,74,0,0,0,0,no_volume,0,0,0,0,no_volume,0,0,0,0,no_volume,0,0,0,0,0,0,54835,27088,-0.3387,-610,-5651,23,16,26,24,2
1774103805,24,74,0,0,0,0,no_volume,0,0,0,0,no_volume,0,0,0,0,no_volume,0,0,0,0,0,0,54835,27088,-0.3387,0,-4696,23,16,26,24,2
1774103806,24,74,0,0,0,0,no_volume,0,0,0,0,no_volume,0,0,0,0,no_volume,0,0,0,0,0,0,54835,27088,-0.3387,0,-6372,23,16,26,24,2
1774103807,24,74,0,0,0,0,no_volume,0,0,0,0,no_volume,0,0,0,0,no_volume,0,0,0,0,0,0,54835,27088,-0.3387,0,-6050,23,16,26,24,2
1774103808,24,74,0,0,0,0,no_volume,0,0,0,0,no_volume,0,0,0,0,no_volume,0,0,0,0,0,0,54835,27088,-0.3387,0,-6050,23,16,26,24,2
1774103809,24,74,0,0,0,0,no_volume,0,0,0,0,no_volume,0,0,0,0,no_volume,0,0,0,0,0,0,54835,27088,-0.3387,0,-610,23,16,26,24,2
1774103810,24,74,0,0,0,0,no_volume,0,0,0,0,no_volume,0,0,0,0,no_volume,0,0,0,0,0,0,55445,27088,-0.3436,610,0,23,16,26,24,2
1774103811,24,74,0,0,0,0,no_volume,0,0,0,0,no_volume,0,0,0,0,no_volume,0,0,0,0,0,0,56032,27088,-0.3482,1197,587,23,16,26,24,2
1774103812,24,74,0,0,0,0,no_volume,0,0,0,0,no_volume,0,0,0,0,no_volume,0,0,0,0,0,0,54356,27088,-0.3348,-479,-479,23,16,26,24,2
1774103813,24,74,0,0,0,0,no_volume,0,0,0,0,no_volume,0,0,0,0,no_volume,0,0,0,0,0,0,54356,27088,-0.3348,-1089,-479,23,16,26,24,2
1774103814,24,74,0,0,0,0,no_volume,0,0,0,0,no_volume,0,0,0,0,no_volume,0,0,0,0,0,0,54356,27088,-0.3348,-1676,-479,23,16,26,24,2
1774103815,24,74,0,0,0,0,no_volume,0,0,0,0,no_volume,0,0,0,0,no_volume,0,0,0,0,0,0,54356,27088,-0.3348,0,-479,23,16,26,24,2
1774103816,24,74,0,0,0,0,no_volume,0,0,0,0,no_volume,0,0,0,0,no_volume,0,0,0,0,0,0,54356,27088,-0.3348,0,-479,23,16,26,24,2
1774103817,24,74,0,0,0,0,no_volume,0,0,0,0,no_volume,0,0,0,0,no_volume,0,0,0,0,0,0,53769,27088,-0.33,-587,-1066,23,16,26,24,2
1774103818,24,74,0,0,0,0,no_volume,0,0,0,0,no_volume,0,0,0,0,no_volume,0,0,0,0,0,0,53769,27088,-0.33,-587,-1066,23,16,26,24,2
1774103819,24,74,0,0,0,0,no_volume,0,0,0,0,no_volume,0,0,0,0,no_volume,0,0,0,0,0,0,53557,27088,-0.3282,-799,-1278,23,16,26,24,2
1774103820,24,74,0,0,0,0,no_volume,0,0,0,0,no_volume,0,0,0,0,no_volume,0,0,0,0,0,0,53557,27088,-0.3282,-212,-1888,23,16,26,24,2
1774103821,24,74,0,0,0,0,no_volume,0,0,0,0,no_volume,0,0,0,0,no_volume,0,0,0,0,0,0,53557,27088,-0.3282,-212,-2475,23,16,26,24,2
1774103822,24,74,0,0,0,0,no_volume,0,0,0,0,no_volume,0,0,0,0,no_volume,0,0,0,0,0,0,59911,27088,-0.3773,6354,5555,23,16,26,24,2
1774103823,24,74,0,0,0,0,no_volume,0,0,0,0,no_volume,0,0,0,0,no_volume,0,0,0,0,0,0,59911,27088,-0.3773,6354,5555,23,16,26,24,2
1774103824,24,74,0,0,0,0,no_volume,0,0,0,0,no_volume,0,0,0,0,no_volume,0,0,0,0,0,0,59911,27088,-0.3773,6354,5555,23,16,26,24,2
1774103825,24,74,0,0,0,0,no_volume,0,0,0,0,no_volume,0,0,0,0,no_volume,0,0,0,0,0,0,59911,27088,-0.3773,0,5555,23,16,26,24,2
1774103826,24,74,0,0,0,0,no_volume,0,0,0,0,no_volume,0,0,0,0,no_volume,0,0,0,0,0,0,59911,27088,-0.3773,0,5555,23,16,26,24,2
1774103827,24,74,0,0,0,0,no_volume,0,0,0,0,no_volume,0,0,0,0,no_volume,0,0,0,0,0,0,59911,27088,-0.3773,0,6142,23,16,26,24,2
1774103828,24,74,0,0,0,0,no_volume,0,0,0,0,no_volume,0,0,0,0,no_volume,0,0,0,0,0,0,59911,27088,-0.3773,0,6142,23,16,26,24,2
1774103829,24,74,0,0,0,0,no_volume,0,0,0,0,no_volume,0,0,0,0,no_volume,0,0,0,0,0,0,59911,27088,-0.3773,0,6354,23,16,26,24,2
1774103830,24,74,0,0,0,0,no_volume,0,0,0,0,no_volume,0,0,0,0,no_volume,0,0,0,0,0,0,53442,27088,-0.3273,-6469,-115,23,16,26,24,2
1774103831,24,74,0,0,0,0,no_volume,0,0,0,0,no_volume,0,0,0,0,no_volume,0,0,0,0,0,0,53442,27088,-0.3273,-6469,-115,23,16,26,24,2
1774103832,24,74,0,0,0,0,no_volume,0,0,0,0,no_volume,0,0,0,0,no_volume,0,0,0,0,0,0,61594,27088,-0.3891,1683,1683,23,16,26,24,2
1774103833,24,74,0,0,0,0,no_volume,0,0,0,0,no_volume,0,0,0,0,no_volume,0,0,0,0,0,0,61594,27088,-0.3891,8152,1683,23,16,26,24,2
1774103834,24,74,0,0,0,0,no_volume,0,0,0,0,no_volume,0,0,0,0,no_volume,0,0,0,0,0,0,61594,27088,-0.3891,8152,1683,23,16,26,24,2
1774103835,24,74,0,0,0,0,no_volume,0,0,0,0,no_volume,0,0,0,0,no_volume,0,0,0,0,0,0,53442,27088,-0.3273,-8152,-6469,23,16,26,24,2
1774103836,24,74,0,0,0,0,no_volume,0,0,0,0,no_volume,0,0,0,0,no_volume,0,0,0,0,0,0,53442,27088,-0.3273,-8152,-6469,23,16,26,24,2
1774103837,24,74,0,0,0,0,no_volume,0,0,0,0,no_volume,0,0,0,0,no_volume,0,0,0,0,0,0,53442,27088,-0.3273,-8152,-6469,23,16,26,24,2
1774103838,24,74,0,0,0,0,no_volume,0,0,0,0,no_volume,0,0,0,0,no_volume,0,0,0,0,0,0,53442,27088,-0.3273,0,-6469,23,16,26,24,2
1774103839,24,74,0,0,0,0,no_volume,0,0,0,0,no_volume,0,0,0,0,no_volume,0,0,0,0,0,0,53557,27088,-0.3282,115,-6354,23,16,26,24,2
1774103840,24,74,0,0,0,0,no_volume,0,0,0,0,no_volume,0,0,0,0,no_volume,0,0,0,0,0,0,53557,27088,-0.3282,115,115,23,16,26,24,2
1774103841,24,74,0,0,0,0,no_volume,0,0,0,0,no_volume,0,0,0,0,no_volume,0,0,0,0,0,0,53557,27088,-0.3282,115,115,23,16,26,24,2
1774103842,24,74,0,0,0,0,no_volume,0,0,0,0,no_volume,0,0,0,0,no_volume,0,0,0,0,0,0,53557,27088,-0.3282,0,-8037,23,16,26,24,2
1774103843,24,74,0,0,0,0,no_volume,0,0,0,0,no_volume,0,0,0,0,no_volume,0,0,0,0,0,0,53557,27088,-0.3282,0,-8037,23,16,26,24,2
1774103844,24,74,0,0,0,0,no_volume,0,0,0,0,no_volume,0,0,0,0,no_volume,0,0,0,0,0,0,53557,27088,-0.3282,0,-8037,23,16,26,24,2
1774103845,24,74,0,0,0,0,no_volume,0,0,0,0,no_volume,0,0,0,0,no_volume,0,0,0,0,0,0,53557,27088,-0.3282,0,115,23,16,26,24,2
1774103846,24,74,0,0,0,0,no_volume,0,0,0,0,no_volume,0,0,0,0,no_volume,0,0,0,0,0,0,53557,27088,-0.3282,0,115,23,16,26,24,2
1774103847,24,74,0,0,0,0,no_volume,0,0,0,0,no_volume,0,0,0,0,no_volume,0,0,0,0,0,0,53557,27088,-0.3282,0,115,23,16,26,24,2
1774103848,24,74,0,0,0,0,no_volume,0,0,0,0,no_volume,0,0,0,0,no_volume,0,0,0,0,0,0,52947,27088,-0.3231,-610,-495,23,16,26,24,2
1774103849,24,74,0,0,0,0,no_volume,0,0,0,0,no_volume,0,0,0,0,no_volume,0,0,0,0,0,0,52947,27088,-0.3231,-610,-610,23,16,26,24,2
1774103850,24,74,0,0,0,0,no_volume,0,0,0,0,no_volume,0,0,0,0,no_volume,0,0,0,0,0,0,52251,27088,-0.3172,-1306,-1306,23,16,26,24,2
1774103851,24,74,0,0,0,0,no_volume,0,0,0,0,no_volume,0,0,0,0,no_volume,0,0,0,0,0,0,52251,27088,-0.3172,-696,-1306,23,16,26,24,2
1774103852,24,74,0,0,0,0,no_volume,0,0,0,0,no_volume,0,0,0,0,no_volume,0,0,0,0,0,0,52251,27088,-0.3172,-696,-1306,23,16,26,24,2
1774103853,24,74,0,0,0,0,no_volume,0,0,0,0,no_volume,0,0,0,0,no_volume,0,0,0,0,0,0,52251,27088,-0.3172,0,-1306,23,16,26,24,2
1774103854,24,74,0,0,0,0,no_volume,0,0,0,0,no_volume,0,0,0,0,no_volume,0,0,0,0,0,0,52251,27088,-0.3172,0,-1306,23,16,26,24,2
1774103855,24,74,0,0,0,0,no_volume,0,0,0,0,no_volume,0,0,0,0,no_volume,0,0,0,0,0,0,52251,27088,-0.3172,0,-1306,23,16,26,24,2
1774103856,24,74,0,0,0,0,no_volume,0,0,0,0,no_volume,0,0,0,0,no_volume,0,0,0,0,0,0,57903,27088,-0.3626,5652,4346,23,16,26,24,2
1774103857,24,74,0,0,0,0,no_volume,0,0,0,0,no_volume,0,0,0,0,no_volume,0,0,0,0,0,0,57903,27088,-0.3626,5652,4346,23,16,26,24,2
1774103858,24,74,0,0,0,0,no_volume,0,0,0,0,no_volume,0,0,0,0,no_volume,0,0,0,0,0,0,57903,27088,-0.3626,5652,4956,23,16,26,24,2
1774103859,24,74,0,0,0,0,no_volume,0,0,0,0,no_volume,0,0,0,0,no_volume,0,0,0,0,0,0,52251,27088,-0.3172,-5652,-696,23,16,26,24,2
1774103860,24,74,0,0,0,0,no_volume,0,0,0,0,no_volume,0,0,0,0,no_volume,0,0,0,0,0,0,52251,27088,-0.3172,-5652,0,23,16,26,24,2
1774103861,24,74,0,0,0,0,no_volume,0,0,0,0,no_volume,0,0,0,0,no_volume,0,0,0,0,0,0,52251,27088,-0.3172,-5652,0,23,16,26,24,2
1774103862,24,74,0,0,0,0,no_volume,0,0,0,0,no_volume,0,0,0,0,no_volume,0,0,0,0,0,0,52251,27088,-0.3172,0,0,23,16,26,24,2
1774103863,24,74,0,0,0,0,no_volume,0,0,0,0,no_volume,0,0,0,0,no_volume,0,0,0,0,0,0,52251,27088,-0.3172,0,0,23,16,26,24,2
1774103864,24,74,0,0,0,0,no_volume,0,0,0,0,no_volume,0,0,0,0,no_volume,0,0,0,0,0,0,52251,27088,-0.3172,0,0,23,16,26,24,2
1774103865,24,74,0,0,0,0,no_volume,0,0,0,0,no_volume,0,0,0,0,no_volume,0,0,0,0,0,0,52251,27088,-0.3172,0,0,23,16,26,24,2
1774103866,24,74,0,0,0,0,no_volume,0,0,0,0,no_volume,0,0,0,0,no_volume,0,0,0,0,0,0,52251,27088,-0.3172,0,-5652,23,16,26,24,2
1774103867,24,74,0,0,0,0,no_volume,0,0,0,0,no_volume,0,0,0,0,no_volume,0,0,0,0,0,0,52251,27088,-0.3172,0,-5652,23,16,26,24,2
1774103868,24,74,0,0,0,0,no_volume,0,0,0,0,no_volume,0,0,0,0,no_volume,0,0,0,0,0,0,52251,27088,-0.3172,0,-5652,23,16,26,24,2
1774103869,24,74,0,0,0,0,no_volume,0,0,0,0,no_volume,0,0,0,0,no_volume,0,0,0,0,0,0,52251,27088,-0.3172,0,0,23,16,26,24,2
1774103870,24,74,0,0,0,0,no_volume,0,0,0,0,no_volume,0,0,0,0,no_volume,0,0,0,0,0,0,52251,27088,-0.3172,0,0,23,16,26,24,2
1774103871,24,74,0,0,0,0,no_volume,0,0,0,0,no_volume,0,0,0,0,no_volume,0,0,0,0,0,0,52251,27088,-0.3172,0,0,23,16,26,24,2
1774103872,24,74,0,0,0,0,no_volume,0,0,0,0,no_volume,0,0,0,0,no_volume,0,0,0,0,0,0,52251,27088,-0.3172,0,0,23,16,26,24,2
1774103873,24,74,0,0,0,0,no_volume,0,0,0,0,no_volume,0,0,0,0,no_volume,0,0,0,0,0,0,52251,27088,-0.3172,0,0,23,16,26,24,2
1774103874,24,74,0,0,0,0,no_volume,0,0,0,0,no_volume,0,0,0,0,no_volume,0,0,0,0,0,0,53440,27088,-0.3272,1189,1189,23,16,26,24,2
1774103875,24,74,0,0,0,0,no_volume,0,0,0,0,no_volume,0,0,0,0,no_volume,0,0,0,0,0,0,53440,27088,-0.3272,1189,1189,23,16,26,24,2
1774103876,24,74,0,0,0,0,no_volume,0,0,0,0,no_volume,0,0,0,0,no_volume,0,0,0,0,0,0,53440,27088,-0.3272,1189,1189,23,16,26,24,2
1774103877,24,74,0,0,0,0,no_volume,0,0,0,0,no_volume,0,0,0,0,no_volume,0,0,0,0,0,0,62748,27088,-0.3969,9308,10497,23,16,26,24,2
1774103878,24,74,0,0,0,0,no_volume,0,0,0,0,no_volume,0,0,0,0,no_volume,0,0,0,0,0,0,62748,27088,-0.3969,9308,10497,23,16,26,24,2
1774103879,24,74,0,0,0,0,no_volume,0,0,0,0,no_volume,0,0,0,0,no_volume,0,0,0,0,0,0,62748,27088,-0.3969,9308,10497,23,16,26,24,2
1774103880,24,74,0,0,0,0,no_volume,0,0,0,0,no_volume,0,0,0,0,no_volume,0,0,0,0,0,0,62748,27088,-0.3969,0,10497,23,16,26,24,2
1774103881,24,74,0,0,0,0,no_volume,0,0,0,0,no_volume,0,0,0,0,no_volume,0,0,0,0,0,0,61988,27088,-0.3918,-760,9737,23,16,26,24,2
1774103882,24,74,0,0,0,0,no_volume,0,0,0,0,no_volume,0,0,0,0,no_volume,0,0,0,0,0,0,61988,27088,-0.3918,-760,9737,23,16,26,24,2
1774103883,24,74,0,0,0,0,no_volume,0,0,0,0,no_volume,0,0,0,0,no_volume,0,0,0,0,0,0,61988,27088,-0.3918,-760,9737,23,16,26,24,2
1774103884,24,74,0,0,0,0,no_volume,0,0,0,0,no_volume,0,0,0,0,no_volume,0,0,0,0,0,0,61988,27088,-0.3918,0,8548,23,16,26,24,2
1774103885,24,74,0,0,0,0,no_volume,0,0,0,0,no_volume,0,0,0,0,no_volume,0,0,0,0,0,0,61988,27088,-0.3918,0,8548,23,16,26,24,2
1774103886,24,74,0,0,0,0,no_volume,0,0,0,0,no_volume,0,0,0,0,no_volume,0,0,0,0,0,0,61988,27088,-0.3918,0,8548,23,16,26,24,2
1774103887,24,74,0,0,0,0,no_volume,0,0,0,0,no_volume,0,0,0,0,no_volume,0,0,0,0,0,0,61988,27088,-0.3918,0,-760,23,16,26,24,2
1774103888,24,74,0,0,0,0,no_volume,0,0,0,0,no_volume,0,0,0,0,no_volume,0,0,0,0,0,0,61988,27088,-0.3918,0,-760,23,16,26,24,2
1774103889,24,74,0,0,0,0,no_volume,0,0,0,0,no_volume,0,0,0,0,no_volume,0,0,0,0,0,0,61988,27088,-0.3918,0,-760,23,16,26,24,2
1774103890,24,74,0,0,0,0,no_volume,0,0,0,0,no_volume,0,0,0,0,no_volume,0,0,0,0,0,0,61988,27088,-0.3918,0,-760,23,16,26,24,2
1774103891,24,74,0,0,0,0,no_volume,0,0,0,0,no_volume,0,0,0,0,no_volume,0,0,0,0,0,0,61988,27088,-0.3918,0,0,23,16,26,24,2
1774103892,24,74,0,0,0,0,no_volume,0,0,0,0,no_volume,0,0,0,0,no_volume,0,0,0,0,0,0,61988,27088,-0.3918,0,0,23,16,26,24,2
1774103893,24,74,0,0,0,0,no_volume,0,0,0,0,no_volume,0,0,0,0,no_volume,0,0,0,0,0,0,61988,27088,-0.3918,0,0,23,16,26,24,2
1774103894,24,74,0,0,0,0,no_volume,0,0,0,0,no_volume,0,0,0,0,no_volume,0,0,0,0,0,0,63877,27088,-0.4044,1889,1889,23,16,26,24,2
1774103895,24,74,0,0,0,0,no_volume,0,0,0,0,no_volume,0,0,0,0,no_volume,0,0,0,0,0,0,63877,27088,-0.4044,1889,1889,23,16,26,24,2
1774103896,24,74,0,0,0,0,no_volume,0,0,0,0,no_volume,0,0,0,0,no_volume,0,0,0,0,0,0,63877,27088,-0.4044,1889,1889,23,16,26,24,2
1774103897,24,74,0,0,0,0,no_volume,0,0,0,0,no_volume,0,0,0,0,no_volume,0,0,0,0,0,0,63877,27088,-0.4044,0,1889,23,16,26,24,2
1774103898,24,74,0,0,0,0,no_volume,0,0,0,0,no_volume,0,0,0,0,no_volume,0,0,0,0,0,0,63877,27088,-0.4044,0,1889,23,16,26,24,2
1774103899,24,74,0,0,0,0,no_volume,0,0,0,0,no_volume,0,0,0,0,no_volume,0,0,0,0,0,0,63877,27088,-0.4044,0,1889,23,16,26,24,2
1774103900,24,74,0,0,0,0,no_volume,0,0,0,0,no_volume,0,0,0,0,no_volume,0,0,0,0,0,0,63877,27088,-0.4044,0,1889,23,16,26,24,2
1774103901,24,74,0,0,0,0,no_volume,0,0,0,0,no_volume,0,0,0,0,no_volume,0,0,0,0,0,0,63877,27088,-0.4044,0,1889,23,16,26,24,2
1774103902,24,74,0,0,0,0,no_volume,0,0,0,0,no_volume,0,0,0,0,no_volume,0,0,0,0,0,0,64788,27088,-0.4103,911,2800,23,16,26,24,2
1774103903,24,74,0,0,0,0,no_volume,0,0,0,0,no_volume,0,0,0,0,no_volume,0,0,0,0,0,0,64788,27088,-0.4103,911,2800,23,16,26,24,2
1774103904,24,74,0,0,0,0,no_volume,0,0,0,0,no_volume,0,0,0,0,no_volume,0,0,0,0,0,0,64788,27088,-0.4103,911,911,23,16,26,24,2
1774103905,24,74,0,0,0,0,no_volume,0,0,0,0,no_volume,0,0,0,0,no_volume,0,0,0,0,0,0,64788,27088,-0.4103,0,911,23,16,26,24,2
1774103906,24,74,0,0,0,0,no_volume,0,0,0,0,no_volume,0,0,0,0,no_volume,0,0,0,0,0,0,64788,27088,-0.4103,0,911,23,16,26,24,2
1774103907,24,74,0,0,0,0,no_volume,0,0,0,0,no_volume,0,0,0,0,no_volume,0,0,0,0,0,0,64788,27088,-0.4103,0,911,23,16,26,24,2
1774103908,24,74,0,0,0,0,no_volume,0,0,0,0,no_volume,0,0,0,0,no_volume,0,0,0,0,0,0,56944,27088,-0.3553,-7844,-6933,23,16,26,24,2
1774103909,24,74,0,0,0,0,no_volume,0,0,0,0,no_volume,0,0,0,0,no_volume,0,0,0,0,0,0,56944,27088,-0.3553,-7844,-6933,23,16,26,24,2
1774103910,24,74,0,0,0,0,no_volume,0,0,0,0,no_volume,0,0,0,0,no_volume,0,0,0,0,0,0,56944,27088,-0.3553,-7844,-6933,23,16,26,24,2
1774103911,24,74,0,0,0,0,no_volume,0,0,0,0,no_volume,0,0,0,0,no_volume,0,0,0,0,0,0,56944,27088,-0.3553,0,-6933,23,16,26,24,2
1774103912,24,74,0,0,0,0,no_volume,0,0,0,0,no_volume,0,0,0,0,no_volume,0,0,0,0,0,0,56944,27088,-0.3553,0,-7844,23,16,26,24,2
1774103913,24,74,0,0,0,0,no_volume,0,0,0,0,no_volume,0,0,0,0,no_volume,0,0,0,0,0,0,63452,27088,-0.4016,6508,-1336,23,16,26,24,2
1774103914,24,74,0,0,0,0,no_volume,0,0,0,0,no_volume,0,0,0,0,no_volume,0,0,0,0,0,0,63452,27088,-0.4016,6508,-1336,23,16,26,24,2
1774103915,24,74,0,0,0,0,no_volume,0,0,0,0,no_volume,0,0,0,0,no_volume,0,0,0,0,0,0,63452,27088,-0.4016,6508,-1336,23,16,26,24,2
1774103916,24,74,0,0,0,0,no_volume,0,0,0,0,no_volume,0,0,0,0,no_volume,0,0,0,0,0,0,63452,27088,-0.4016,0,-1336,23,16,26,24,2
1774103917,24,74,0,0,0,0,no_volume,0,0,0,0,no_volume,0,0,0,0,no_volume,0,0,0,0,0,0,63452,27088,-0.4016,0,-1336,23,16,26,24,2
1774103918,24,74,0,0,0,0,no_volume,0,0,0,0,no_volume,0,0,0,0,no_volume,0,0,0,0,0,0,63452,27088,-0.4016,0,6508,23,16,26,24,2
1774103919,24,74,0,0,0,0,no_volume,0,0,0,0,no_volume,0,0,0,0,no_volume,0,0,0,0,0,0,63452,27088,-0.4016,0,6508,23,16,26,24,2
1774103920,24,74,0,0,0,0,no_volume,0,0,0,0,no_volume,0,0,0,0,no_volume,0,0,0,0,0,0,55608,27088,-0.3449,-7844,-1336,23,16,26,24,2
1774103921,24,74,0,0,0,0,no_volume,0,0,0,0,no_volume,0,0,0,0,no_volume,0,0,0,0,0,0,55608,27088,-0.3449,-7844,-1336,23,16,26,24,2
1774103922,24,74,0,0,0,0,no_volume,0,0,0,0,no_volume,0,0,0,0,no_volume,0,0,0,0,0,0,55608,27088,-0.3449,-7844,-1336,23,16,26,24,2
1774103923,24,74,0,0,0,0,no_volume,0,0,0,0,no_volume,0,0,0,0,no_volume,0,0,0,0,0,0,55608,27088,-0.3449,0,-7844,23,16,26,24,2
1774103924,24,74,0,0,0,0,no_volume,0,0,0,0,no_volume,0,0,0,0,no_volume,0,0,0,0,0,0,55608,27088,-0.3449,0,-7844,23,16,26,24,2
1774103925,24,74,0,0,0,0,no_volume,0,0,0,0,no_volume,0,0,0,0,no_volume,0,0,0,0,0,0,55608,27088,-0.3449,0,-7844,23,16,26,24,2
1774103926,24,74,0,0,0,0,no_volume,0,0,0,0,no_volume,0,0,0,0,no_volume,0,0,0,0,0,0,55608,27088,-0.3449,0,-7844,23,16,26,24,2
1774103927,24,74,0,0,0,0,no_volume,0,0,0,0,no_volume,0,0,0,0,no_volume,0,0,0,0,0,0,55608,27088,-0.3449,0,-7844,23,16,26,24,2
1774103928,24,74,0,0,0,0,no_volume,0,0,0,0,no_volume,0,0,0,0,no_volume,0,0,0,0,0,0,55608,27088,-0.3449,0,-7844,23,16,26,24,2
1774103929,24,74,0,0,0,0,no_volume,0,0,0,0,no_volume,0,0,0,0,no_volume,0,0,0,0,0,0,55608,27088,-0.3449,0,-7844,23,16,26,24,2
1774103930,24,74,0,0,0,0,no_volume,0,0,0,0,no_volume,0,0,0,0,no_volume,0,0,0,0,0,0,55608,27088,-0.3449,0,0,23,16,26,24,2
1774103931,24,74,0,0,0,0,no_volume,0,0,0,0,no_volume,0,0,0,0,no_volume,0,0,0,0,0,0,55608,27088,-0.3449,0,0,23,16,26,24,2
1774103932,24,74,0,0,0,0,no_volume,0,0,0,0,no_volume,0,0,0,0,no_volume,0,0,0,0,0,0,55608,27088,-0.3449,0,0,23,16,26,24,2
1774103933,24,74,0,0,0,0,no_volume,0,0,0,0,no_volume,0,0,0,0,no_volume,0,0,0,0,0,0,55608,27088,-0.3449,0,0,23,16,26,24,2
1774103934,24,74,0,0,0,0,no_volume,0,0,0,0,no_volume,0,0,0,0,no_volume,0,0,0,0,0,0,55423,27088,-0.3434,-185,-185,23,16,26,24,2
1774103935,24,74,0,0,0,0,no_volume,0,0,0,0,no_volume,0,0,0,0,no_volume,0,0,0,0,0,0,54898,27088,-0.3392,-710,-710,23,16,26,24,2
1774103936,24,74,0,0,0,0,no_volume,0,0,0,0,no_volume,0,0,0,0,no_volume,0,0,0,0,0,0,54898,27088,-0.3392,-710,-710,23,16,26,24,2
1774103937,24,74,0,0,0,0,no_volume,0,0,0,0,no_volume,0,0,0,0,no_volume,0,0,0,0,0,0,54898,27088,-0.3392,-525,-710,23,16,26,24,2
1774103938,24,74,0,0,0,0,no_volume,0,0,0,0,no_volume,0,0,0,0,no_volume,0,0,0,0,0,0,55508,27088,-0.3441,610,-100,23,16,26,24,2
1774103939,24,74,0,0,0,0,no_volume,0,0,0,0,no_volume,0,0,0,0,no_volume,0,0,0,0,0,0,55508,27088,-0.3441,610,-100,23,16,26,24,2
1774103940,24,74,0,0,0,0,no_volume,0,0,0,0,no_volume,0,0,0,0,no_volume,0,0,0,0,0,0,64688,27088,-0.4097,9790,9080,23,16,26,24,2
1774103941,24,74,0,0,0,0,no_volume,0,0,0,0,no_volume,0,0,0,0,no_volume,0,0,0,0,0,0,64688,27088,-0.4097,9180,9080,23,16,26,24,2
1774103942,24,74,0,0,0,0,no_volume,0,0,0,0,no_volume,0,0,0,0,no_volume,0,0,0,0,0,0,64688,27088,-0.4097,9180,9080,23,16,26,24,2
1774103943,24,74,0,0,0,0,no_volume,0,0,0,0,no_volume,0,0,0,0,no_volume,0,0,0,0,0,0,64688,27088,-0.4097,0,9080,23,16,26,24,2
1774103944,24,74,0,0,0,0,no_volume,0,0,0,0,no_volume,0,0,0,0,no_volume,0,0,0,0,0,0,64688,27088,-0.4097,0,9265,23,16,26,24,2
1774103945,24,74,0,0,0,0,no_volume,0,0,0,0,no_volume,0,0,0,0,no_volume,0,0,0,0,0,0,64078,27088,-0.4057,-610,9180,23,16,26,24,2
1774103946,24,74,0,0,0,0,no_volume,0,0,0,0,no_volume,0,0,0,0,no_volume,0,0,0,0,0,0,64078,27088,-0.4057,-610,9180,23,16,26,24,2
1774103947,24,74,0,0,0,0,no_volume,0,0,0,0,no_volume,0,0,0,0,no_volume,0,0,0,0,0,0,64078,27088,-0.4057,-610,9180,23,16,26,24,2
1774103948,24,74,0,0,0,0,no_volume,0,0,0,0,no_volume,0,0,0,0,no_volume,0,0,0,0,0,0,64078,27088,-0.4057,0,8570,23,16,26,24,2
1774103949,24,74,0,0,0,0,no_volume,0,0,0,0,no_volume,0,0,0,0,no_volume,0,0,0,0,0,0,64078,27088,-0.4057,0,8570,23,16,26,24,2
1774103950,24,74,0,0,0,0,no_volume,0,0,0,0,no_volume,0,0,0,0,no_volume,0,0,0,0,0,0,64078,27088,-0.4057,0,-610,23,16,26,24,2
1774103951,24,74,0,0,0,0,no_volume,0,0,0,0,no_volume,0,0,0,0,no_volume,0,0,0,0,0,0,54898,27088,-0.3392,-9180,-9790,23,16,26,24,2
1774103952,24,74,0,0,0,0,no_volume,0,0,0,0,no_volume,0,0,0,0,no_volume,0,0,0,0,0,0,54898,27088,-0.3392,-9180,-9790,23,16,26,24,2
1774103953,24,74,0,0,0,0,no_volume,0,0,0,0,no_volume,0,0,0,0,no_volume,0,0,0,0,0,0,54898,27088,-0.3392,-9180,-9790,23,16,26,24,2
1774103954,24,74,0,0,0,0,no_volume,0,0,0,0,no_volume,0,0,0,0,no_volume,0,0,0,0,0,0,54898,27088,-0.3392,0,-9790,23,16,26,24,2
1774103955,24,74,0,0,0,0,no_volume,0,0,0,0,no_volume,0,0,0,0,no_volume,0,0,0,0,0,0,54898,27088,-0.3392,0,-9180,23,16,26,24,2
1774103956,24,74,0,0,0,0,no_volume,0,0,0,0,no_volume,0,0,0,0,no_volume,0,0,0,0,0,0,54898,27088,-0.3392,0,-9180,23,16,26,24,2
1774103957,24,74,0,0,0,0,no_volume,0,0,0,0,no_volume,0,0,0,0,no_volume,0,0,0,0,0,0,54898,27088,-0.3392,0,-9180,23,16,26,24,2
1774103958,24,74,0,0,0,0,no_volume,0,0,0,0,no_volume,0,0,0,0,no_volume,0,0,0,0,0,0,54898,27088,-0.3392,0,-9180,23,16,26,24,2
1774103959,24,74,0,0,0,0,no_volume,0,0,0,0,no_volume,0,0,0,0,no_volume,0,0,0,0,0,0,54898,27088,-0.3392,0,-9180,23,16,26,24,2
1774103960,24,74,0,0,0,0,no_volume,0,0,0,0,no_volume,0,0,0,0,no_volume,0,0,0,0,0,0,54898,27088,-0.3392,0,-9180,23,16,26,24,2
1774103961,24,74,0,0,0,0,no_volume,0,0,0,0,no_volume,0,0,0,0,no_volume,0,0,0,0,0,0,54898,27088,-0.3392,0,0,23,16,26,24,2
1774103962,24,74,0,0,0,0,no_volume,0,0,0,0,no_volume,0,0,0,0,no_volume,0,0,0,0,0,0,54898,27088,-0.3392,0,0,23,16,26,24,2
1774103963,24,74,0,0,0,0,no_volume,0,0,0,0,no_volume,0,0,0,0,no_volume,0,0,0,0,0,0,54898,27088,-0.3392,0,0,23,16,26,24,2
1774103964,24,74,0,0,0,0,no_volume,0,0,0,0,no_volume,0,0,0,0,no_volume,0,0,0,0,0,0,63929,27088,-0.4048,9031,9031,23,16,26,24,2
1774103965,24,74,0,0,0,0,no_volume,0,0,0,0,no_volume,0,0,0,0,no_volume,0,0,0,0,0,0,63929,27088,-0.4048,9031,9031,23,16,26,24,2
1774103966,24,74,0,0,0,0,no_volume,0,0,0,0,no_volume,0,0,0,0,no_volume,0,0,0,0,0,0,63929,27088,-0.4048,9031,9031,23,16,26,24,2
1774103967,24,74,0,0,0,0,no_volume,0,0,0,0,no_volume,0,0,0,0,no_volume,0,0,0,0,0,0,63929,27088,-0.4048,0,9031,23,16,26,24,2
1774103968,24,74,0,0,0,0,no_volume,0,0,0,0,no_volume,0,0,0,0,no_volume,0,0,0,0,0,0,63929,27088,-0.4048,0,9031,23,16,26,24,2
1774103969,24,74,0,0,0,0,no_volume,0,0,0,0,no_volume,0,0,0,0,no_volume,0,0,0,0,0,0,63929,27088,-0.4048,0,9031,23,16,26,24,2
1774103970,24,74,0,0,0,0,no_volume,0,0,0,0,no_volume,0,0,0,0,no_volume,0,0,0,0,0,0,63929,27088,-0.4048,0,9031,23,16,26,24,2
1774103971,24,74,0,0,0,0,no_volume,0,0,0,0,no_volume,0,0,0,0,no_volume,0,0,0,0,0,0,63929,27088,-0.4048,0,9031,23,16,26,24,2
1774103972,24,74,0,0,0,0,no_volume,0,0,0,0,no_volume,0,0,0,0,no_volume,0,0,0,0,0,0,63929,27088,-0.4048,0,9031,23,16,26,24,2
1774103973,24,74,0,0,0,0,no_volume,0,0,0,0,no_volume,0,0,0,0,no_volume,0,0,0,0,0,0,63929,27088,-0.4048,0,9031,23,16,26,24,2
1774103974,24,74,0,0,0,0,no_volume,0,0,0,0,no_volume,0,0,0,0,no_volume,0,0,0,0,0,0,54898,27088,-0.3392,-9031,-9031,23,16,26,24,2
1774103975,24,74,0,0,0,0,no_volume,0,0,0,0,no_volume,0,0,0,0,no_volume,0,0,0,0,0,0,54898,27088,-0.3392,-9031,-9031,23,16,26,24,2
1774103976,24,74,0,0,0,0,no_volume,0,0,0,0,no_volume,0,0,0,0,no_volume,0,0,0,0,0,0,54898,27088,-0.3392,-9031,-9031,23,16,26,24,2
1774103977,24,74,0,0,0,0,no_volume,0,0,0,0,no_volume,0,0,0,0,no_volume,0,0,0,0,0,0,54898,27088,-0.3392,0,-9031,23,16,26,24,2
1774103978,24,74,0,0,0,0,no_volume,0,0,0,0,no_volume,0,0,0,0,no_volume,0,0,0,0,0,0,54898,27088,-0.3392,0,-9031,23,16,26,24,2
1774103979,24,74,0,0,0,0,no_volume,0,0,0,0,no_volume,0,0,0,0,no_volume,0,0,0,0,0,0,54898,27088,-0.3392,0,-9031,23,16,26,24,2
1774103980,24,74,0,0,0,0,no_volume,0,0,0,0,no_volume,0,0,0,0,no_volume,0,0,0,0,0,0,54898,27088,-0.3392,0,-9031,23,16,26,24,2
1774103981,24,74,0,0,0,0,no_volume,0,0,0,0,no_volume,0,0,0,0,no_volume,0,0,0,0,0,0,54898,27088,-0.3392,0,-9031,23,16,26,24,2
1774103982,24,74,0,0,0,0,no_volume,0,0,0,0,no_volume,0,0,0,0,no_volume,0,0,0,0,0,0,54898,27088,-0.3392,0,-9031,23,16,26,24,2
1774103983,24,74,0,0,0,0,no_volume,0,0,0,0,no_volume,0,0,0,0,no_volume,0,0,0,0,0,0,54898,27088,-0.3392,0,-9031,23,16,26,24,2
1774103984,24,74,0,0,0,0,no_volume,0,0,0,0,no_volume,0,0,0,0,no_volume,0,0,0,0,0,0,54898,27088,-0.3392,0,0,23,16,26,24,2
1774103985,24,74,0,0,0,0,no_volume,0,0,0,0,no_volume,0,0,0,0,no_volume,0,0,0,0,0,0,54898,27088,-0.3392,0,0,23,16,26,24,2
1774103986,24,74,0,0,0,0,no_volume,0,0,0,0,no_volume,0,0,0,0,no_volume,0,0,0,0,0,0,54898,27088,-0.3392,0,0,23,16,26,24,2
1774103987,24,74,0,0,0,0,no_volume,0,0,0,0,no_volume,0,0,0,0,no_volume,0,0,0,0,0,0,54898,27088,-0.3392,0,0,23,16,26,24,2
1774103988,24,74,0,0,0,0,no_volume,0,0,0,0,no_volume,0,0,0,0,no_volume,0,0,0,0,0,0,54898,27088,-0.3392,0,0,23,16,26,24,2
1774103989,24,74,0,0,0,0,no_volume,0,0,0,0,no_volume,0,0,0,0,no_volume,0,0,0,0,0,0,54898,27088,-0.3392,0,0,23,16,26,24,2
1774103990,24,74,0,0,0,0,no_volume,0,0,0,0,no_volume,0,0,0,0,no_volume,0,0,0,0,0,0,54898,27088,-0.3392,0,0,23,16,26,24,2
1774103991,24,74,0,0,0,0,no_volume,0,0,0,0,no_volume,0,0,0,0,no_volume,0,0,0,0,0,0,54898,27088,-0.3392,0,0,23,16,26,24,2
1774103992,24,74,0,0,0,0,no_volume,0,0,0,0,no_volume,0,0,0,0,no_volume,0,0,0,0,0,0,54898,27088,-0.3392,0,0,23,16,26,24,2
1774103993,24,74,0,0,0,0,no_volume,0,0,0,0,no_volume,0,0,0,0,no_volume,0,0,0,0,0,0,54898,27088,-0.3392,0,0,23,16,26,24,2
1774103994,24,74,0,0,0,0,no_volume,0,0,0,0,no_volume,0,0,0,0,no_volume,0,0,0,0,0,0,54898,27088,-0.3392,0,0,23,16,26,24,2
1774103995,24,74,0,0,0,0,no_volume,0,0,0,0,no_volume,0,0,0,0,no_volume,0,0,0,0,0,0,54898,27088,-0.3392,0,0,23,16,26,24,2
1774103996,24,74,0,0,0,0,no_volume,0,0,0,0,no_volume,0,0,0,0,no_volume,0,0,0,0,0,0,54898,27088,-0.3392,0,0,23,16,26,24,2
1774103997,24,74,0,0,0,0,no_volume,0,0,0,0,no_volume,0,0,0,0,no_volume,0,0,0,0,0,0,54898,27088,-0.3392,0,0,23,16,26,24,2
1774103998,24,74,0,0,0,0,no_volume,0,0,0,0,no_volume,0,0,0,0,no_volume,0,0,0,0,0,0,54836,27088,-0.3387,-62,-62,23,16,26,24,2
1774103999,24,74,0,0,0,0,no_volume,0,0,0,0,no_volume,0,0,0,0,no_volume,0,0,0,0,0,0,54836,27088,-0.3387,-62,-62,23,16,26,24,2
1774104000,24,74,0,0,0,0,no_volume,0,0,0,0,no_volume,0,0,0,0,no_volume,0,0,0,0,0,0,54836,27088,-0.3387,-62,-62,23,16,26,24,2
1774104001,24,74,0,0,0,0,no_volume,0,0,0,0,no_volume,0,0,0,0,no_volume,0,0,0,0,0,0,54836,27088,-0.3387,0,-62,23,16,26,24,2
1774104002,24,74,0,0,0,0,no_volume,0,0,0,0,no_volume,0,0,0,0,no_volume,0,0,0,0,0,0,54836,27088,-0.3387,0,-62,23,16,26,24,2
1774104003,24,74,0,0,0,0,no_volume,0,0,0,0,no_volume,0,0,0,0,no_volume,0,0,0,0,0,0,54836,27088,-0.3387,0,-62,23,16,26,24,2
1774104004,24,74,0,0,0,0,no_volume,0,0,0,0,no_volume,0,0,0,0,no_volume,0,0,0,0,0,0,54836,27088,-0.3387,0,-62,23,16,26,24,2
1774104005,24,74,0,0,0,0,no_volume,0,0,0,0,no_volume,0,0,0,0,no_volume,0,0,0,0,0,0,54836,27088,-0.3387,0,-62,23,16,26,24,2
1774104006,24,74,0,0,0,0,no_volume,0,0,0,0,no_volume,0,0,0,0,no_volume,0,0,0,0,0,0,54836,27088,-0.3387,0,-62,23,16,26,24,2
1774104007,24,74,0,0,0,0,no_volume,0,0,0,0,no_volume,0,0,0,0,no_volume,0,0,0,0,0,0,60748,27088,-0.3832,5912,5850,23,16,26,24,2
1774104008,24,74,0,0,0,0,no_volume,0,0,0,0,no_volume,0,0,0,0,no_volume,0,0,0,0,0,0,60748,27088,-0.3832,5912,5912,23,16,26,24,2
1774104009,24,74,0,0,0,0,no_volume,0,0,0,0,no_volume,0,0,0,0,no_volume,0,0,0,0,0,0,60748,27088,-0.3832,5912,5912,23,16,26,24,2
1774104010,24,74,0,0,0,0,no_volume,0,0,0,0,no_volume,0,0,0,0,no_volume,0,0,0,0,0,0,54836,27088,-0.3387,-5912,0,23,16,26,24,2
1774104011,24,74,0,0,0,0,no_volume,0,0,0,0,no_volume,0,0,0,0,no_volume,0,0,0,0,0,0,54836,27088,-0.3387,-5912,0,23,16,26,24,2
1774104012,24,74,0,0,0,0,no_volume,0,0,0,0,no_volume,0,0,0,0,no_volume,0,0,0,0,0,0,54836,27088,-0.3387,-5912,0,23,16,26,24,2
1774104013,24,74,0,0,0,0,no_volume,0,0,0,0,no_volume,0,0,0,0,no_volume,0,0,0,0,0,0,54836,27088,-0.3387,0,0,23,16,26,24,2
1774104014,24,74,0,0,0,0,no_volume,0,0,0,0,no_volume,0,0,0,0,no_volume,0,0,0,0,0,0,54836,27088,-0.3387,0,0,23,16,26,24,2
1774104015,24,74,0,0,0,0,no_volume,0,0,0,0,no_volume,0,0,0,0,no_volume,0,0,0,0,0,0,54836,27088,-0.3387,0,0,23,16,26,24,2
1774104016,24,74,0,0,0,0,no_volume,0,0,0,0,no_volume,0,0,0,0,no_volume,0,0,0,0,0,0,54836,27088,-0.3387,0,0,23,16,26,24,2
1774104017,24,74,0,0,0,0,no_volume,0,0,0,0,no_volume,0,0,0,0,no_volume,0,0,0,0,0,0,54836,27088,-0.3387,0,-5912,23,16,26,24,2
1774104018,24,74,0,0,0,0,no_volume,0,0,0,0,no_volume,0,0,0,0,no_volume,0,0,0,0,0,0,54836,27088,-0.3387,0,-5912,23,16,26,24,2
1774104019,24,74,0,0,0,0,no_volume,0,0,0,0,no_volume,0,0,0,0,no_volume,0,0,0,0,0,0,54836,27088,-0.3387,0,-5912,23,16,26,24,2
1774104020,24,74,0,0,0,0,no_volume,0,0,0,0,no_volume,0,0,0,0,no_volume,0,0,0,0,0,0,61397,27088,-0.3877,6561,6561,23,16,26,24,2
1774104021,24,74,0,0,0,0,no_volume,0,0,0,0,no_volume,0,0,0,0,no_volume,0,0,0,0,0,0,61397,27088,-0.3877,6561,6561,23,16,26,24,2
1774104022,24,74,0,0,0,0,no_volume,0,0,0,0,no_volume,0,0,0,0,no_volume,0,0,0,0,0,0,61397,27088,-0.3877,6561,6561,23,16,26,24,2
1774104023,24,74,0,0,0,0,no_volume,0,0,0,0,no_volume,0,0,0,0,no_volume,0,0,0,0,0,0,61397,27088,-0.3877,0,6561,23,16,26,24,2
1774104024,24,74,0,0,0,0,no_volume,0,0,0,0,no_volume,0,0,0,0,no_volume,0,0,0,0,0,0,61397,27088,-0.3877,0,6561,23,16,26,24,2
1774104025,24,74,0,0,0,0,no_volume,0,0,0,0,no_volume,0,0,0,0,no_volume,0,0,0,0,0,0,61397,27088,-0.3877,0,6561,23,16,26,24,2
1774104026,24,74,0,0,0,0,no_volume,0,0,0,0,no_volume,0,0,0,0,no_volume,0,0,0,0,0,0,61397,27088,-0.3877,0,6561,23,16,26,24,2
1774104027,24,74,0,0,0,0,no_volume,0,0,0,0,no_volume,0,0,0,0,no_volume,0,0,0,0,0,0,61397,27088,-0.3877,0,6561,23,16,26,24,2
1774104028,24,74,0,0,0,0,no_volume,0,0,0,0,no_volume,0,0,0,0,no_volume,0,0,0,0,0,0,61397,27088,-0.3877,0,6561,23,16,26,24,2
1774104029,24,74,0,0,0,0,no_volume,0,0,0,0,no_volume,0,0,0,0,no_volume,0,0,0,0,0,0,61397,27088,-0.3877,0,6561,23,16,26,24,2
1774104030,24,74,0,0,0,0,no_volume,0,0,0,0,no_volume,0,0,0,0,no_volume,0,0,0,0,0,0,61397,27088,-0.3877,0,0,23,16,26,24,2
1774104031,24,74,0,0,0,0,no_volume,0,0,0,0,no_volume,0,0,0,0,no_volume,0,0,0,0,0,0,61397,27088,-0.3877,0,0,23,16,26,24,2
1774104032,24,74,0,0,0,0,no_volume,0,0,0,0,no_volume,0,0,0,0,no_volume,0,0,0,0,0,0,61397,27088,-0.3877,0,0,23,16,26,24,2
1774104033,24,74,0,0,0,0,no_volume,0,0,0,0,no_volume,0,0,0,0,no_volume,0,0,0,0,0,0,61397,27088,-0.3877,0,0,23,16,26,24,2
1774104034,24,74,0,0,0,0,no_volume,0,0,0,0,no_volume,0,0,0,0,no_volume,0,0,0,0,0,0,61397,27088,-0.3877,0,0,23,16,26,24,2
1774104035,24,74,0,0,0,0,no_volume,0,0,0,0,no_volume,0,0,0,0,no_volume,0,0,0,0,0,0,61397,27088,-0.3877,0,0,23,16,26,24,2
1774104036,24,74,0,0,0,0,no_volume,0,0,0,0,no_volume,0,0,0,0,no_volume,0,0,0,0,0,0,61397,27088,-0.3877,0,0,23,16,26,24,2
1774104037,24,74,0,0,0,0,no_volume,0,0,0,0,no_volume,0,0,0,0,no_volume,0,0,0,0,0,0,61397,27088,-0.3877,0,0,23,16,26,24,2
1774104038,24,74,0,0,0,0,no_volume,0,0,0,0,no_volume,0,0,0,0,no_volume,0,0,0,0,0,0,61397,27088,-0.3877,0,0,23,16,26,24,2
1774104039,24,74,0,0,0,0,no_volume,0,0,0,0,no_volume,0,0,0,0,no_volume,0,0,0,0,0,0,61397,27088,-0.3877,0,0,23,16,26,24,2
1774104040,24,74,0,0,0,0,no_volume,0,0,0,0,no_volume,0,0,0,0,no_volume,0,0,0,0,0,0,61397,27088,-0.3877,0,0,23,16,26,24,2
1774104041,24,74,0,0,0,0,no_volume,0,0,0,0,no_volume,0,0,0,0,no_volume,0,0,0,0,0,0,61017,27088,-0.3851,-380,-380,23,16,26,24,2
1774104042,24,74,0,0,0,0,no_volume,0,0,0,0,no_volume,0,0,0,0,no_volume,0,0,0,0,0,0,61017,27088,-0.3851,-380,-380,23,16,26,24,2
1774104043,24,74,0,0,0,0,no_volume,0,0,0,0,no_volume,0,0,0,0,no_volume,0,0,0,0,0,0,62311,27088,-0.394,914,914,23,16,26,24,2
1774104044,24,74,0,0,0,0,no_volume,0,0,0,0,no_volume,0,0,0,0,no_volume,0,0,0,0,0,0,62311,27088,-0.394,1294,914,23,16,26,24,2
1774104045,24,74,0,0,0,0,no_volume,0,0,0,0,no_volume,0,0,0,0,no_volume,0,0,0,0,0,0,61362,27088,-0.3875,345,-35,23,16,26,24,2
1774104046,24,74,0,0,0,0,no_volume,0,0,0,0,no_volume,0,0,0,0,no_volume,0,0,0,0,0,0,61362,27088,-0.3875,-949,-35,23,16,26,24,2
1774104047,24,74,0,0,0,0,no_volume,0,0,0,0,no_volume,0,0,0,0,no_volume,0,0,0,0,0,0,61362,27088,-0.3875,-949,-35,23,16,26,24,2
1774104048,24,74,0,0,0,0,no_volume,0,0,0,0,no_volume,0,0,0,0,no_volume,0,0,0,0,0,0,64724,27088,-0.4099,3362,3327,23,16,26,24,2
1774104049,24,74,0,0,0,0,no_volume,0,0,0,0,no_volume,0,0,0,0,no_volume,0,0,0,0,0,0,64379,27088,-0.4077,3017,2982,23,16,26,24,2
1774104050,24,74,0,0,0,0,no_volume,0,0,0,0,no_volume,0,0,0,0,no_volume,0,0,0,0,0,0,64379,27088,-0.4077,3017,2982,23,16,26,24,2
1774104051,24,74,0,0,0,0,no_volume,0,0,0,0,no_volume,0,0,0,0,no_volume,0,0,0,0,0,0,64379,27088,-0.4077,-345,3362,23,16,26,24,2
1774104052,24,74,0,0,0,0,no_volume,0,0,0,0,no_volume,0,0,0,0,no_volume,0,0,0,0,0,0,64379,27088,-0.4077,0,3362,23,16,26,24,2
1774104053,24,74,0,0,0,0,no_volume,0,0,0,0,no_volume,0,0,0,0,no_volume,0,0,0,0,0,0,64379,27088,-0.4077,0,2068,23,16,26,24,2
1774104054,24,74,0,0,0,0,no_volume,0,0,0,0,no_volume,0,0,0,0,no_volume,0,0,0,0,0,0,64379,27088,-0.4077,0,2068,23,16,26,24,2
1774104055,24,74,0,0,0,0,no_volume,0,0,0,0,no_volume,0,0,0,0,no_volume,0,0,0,0,0,0,55048,27088,-0.3404,-9331,-6314,23,16,26,24,2
1774104056,24,74,0,0,0,0,no_volume,0,0,0,0,no_volume,0,0,0,0,no_volume,0,0,0,0,0,0,55048,27088,-0.3404,-9331,-6314,23,16,26,24,2
1774104057,24,74,0,0,0,0,no_volume,0,0,0,0,no_volume,0,0,0,0,no_volume,0,0,0,0,0,0,55048,27088,-0.3404,-9331,-6314,23,16,26,24,2
1774104058,24,74,0,0,0,0,no_volume,0,0,0,0,no_volume,0,0,0,0,no_volume,0,0,0,0,0,0,55048,27088,-0.3404,0,-9676,23,16,26,24,2
1774104059,24,74,0,0,0,0,no_volume,0,0,0,0,no_volume,0,0,0,0,no_volume,0,0,0,0,0,0,58755,27088,-0.3689,3707,-5624,23,16,26,24,2
1774104060,24,74,0,0,0,0,no_volume,0,0,0,0,no_volume,0,0,0,0,no_volume,0,0,0,0,0,0,58755,27088,-0.3689,3707,-5624,23,16,26,24,2
1774104061,24,74,0,0,0,0,no_volume,0,0,0,0,no_volume,0,0,0,0,no_volume,0,0,0,0,0,0,58755,27088,-0.3689,3707,-5624,23,16,26,24,2
1774104062,24,74,0,0,0,0,no_volume,0,0,0,0,no_volume,0,0,0,0,no_volume,0,0,0,0,0,0,58755,27088,-0.3689,0,-5624,23,16,26,24,2
1774104063,24,74,0,0,0,0,no_volume,0,0,0,0,no_volume,0,0,0,0,no_volume,0,0,0,0,0,0,58755,27088,-0.3689,0,-5624,23,16,26,24,2
1774104064,24,74,0,0,0,0,no_volume,0,0,0,0,no_volume,0,0,0,0,no_volume,0,0,0,0,0,0,58755,27088,-0.3689,0,-5624,23,16,26,24,2
1774104065,24,74,0,0,0,0,no_volume,0,0,0,0,no_volume,0,0,0,0,no_volume,0,0,0,0,0,0,58755,27088,-0.3689,0,3707,23,16,26,24,2
1774104066,24,74,0,0,0,0,no_volume,0,0,0,0,no_volume,0,0,0,0,no_volume,0,0,0,0,0,0,55048,27088,-0.3404,-3707,0,23,16,26,24,2
1774104067,24,74,0,0,0,0,no_volume,0,0,0,0,no_volume,0,0,0,0,no_volume,0,0,0,0,0,0,55048,27088,-0.3404,-3707,0,23,16,26,24,2
1774104068,24,74,0,0,0,0,no_volume,0,0,0,0,no_volume,0,0,0,0,no_volume,0,0,0,0,0,0,55048,27088,-0.3404,-3707,0,23,16,26,24,2
1774104069,24,74,0,0,0,0,no_volume,0,0,0,0,no_volume,0,0,0,0,no_volume,0,0,0,0,0,0,55048,27088,-0.3404,0,-3707,23,16,26,24,2
1774104070,24,74,0,0,0,0,no_volume,0,0,0,0,no_volume,0,0,0,0,no_volume,0,0,0,0,0,0,55048,27088,-0.3404,0,-3707,23,16,26,24,2
1774104071,24,74,0,0,0,0,no_volume,0,0,0,0,no_volume,0,0,0,0,no_volume,0,0,0,0,0,0,55048,28206,-0.3224,0,-3707,23,16,26,24,2
1774104072,24,74,0,0,0,0,no_volume,0,0,0,0,no_volume,0,0,0,0,no_volume,0,0,0,0,0,0,63651,28206,-0.3859,8603,4896,23,16,26,24,2
1774104073,24,74,0,0,0,0,no_volume,0,0,0,0,no_volume,0,0,0,0,no_volume,0,0,0,0,0,0,63095,28206,-0.3821,8047,4340,23,16,26,24,2
1774104074,24,74,0,0,0,0,no_volume,0,0,0,0,no_volume,0,0,0,0,no_volume,0,0,0,0,0,0,63095,28206,-0.3821,8047,4340,23,16,26,24,2
1774104075,24,74,0,0,0,0,no_volume,0,0,0,0,no_volume,0,0,0,0,no_volume,0,0,0,0,0,0,63095,28577,-0.3765,-556,4340,23,16,26,24,2
1774104076,24,74,0,0,0,0,no_volume,0,0,0,0,no_volume,0,0,0,0,no_volume,0,0,0,0,0,0,63103,28577,-0.3766,8,8055,23,16,26,24,2
1774104077,24,74,0,0,0,0,no_volume,0,0,0,0,no_volume,0,0,0,0,no_volume,0,0,0,0,0,0,63103,28577,-0.3766,8,8055,23,16,26,24,2
1774104078,24,74,0,0,0,0,no_volume,0,0,0,0,no_volume,0,0,0,0,no_volume,0,0,0,0,0,0,63103,28577,-0.3766,8,8055,23,16,26,24,2
1774104079,24,74,0,0,0,0,no_volume,0,0,0,0,no_volume,0,0,0,0,no_volume,0,0,0,0,0,0,63103,28577,-0.3766,0,8055,23,16,26,24,2
1774104080,24,74,0,0,0,0,no_volume,0,0,0,0,no_volume,0,0,0,0,no_volume,0,0,0,0,0,0,62298,28577,-0.3711,-805,7250,23,16,26,24,2
1774104081,24,74,0,0,0,0,no_volume,0,0,0,0,no_volume,0,0,0,0,no_volume,0,0,0,0,0,0,62298,28577,-0.3711,-805,7250,23,16,26,24,2
1774104082,24,74,0,0,0,0,no_volume,0,0,0,0,no_volume,0,0,0,0,no_volume,0,0,0,0,0,0,63023,28577,-0.376,-80,-628,23,16,26,24,2
1774104083,24,74,0,0,0,0,no_volume,0,0,0,0,no_volume,0,0,0,0,no_volume,0,0,0,0,0,0,64573,28577,-0.3864,2275,1478,23,16,26,24,2
1774104084,24,74,0,0,0,0,no_volume,0,0,0,0,no_volume,0,0,0,0,no_volume,0,0,0,0,0,0,64573,28577,-0.3864,2275,1478,23,16,26,24,2
1774104085,24,74,0,0,0,0,no_volume,0,0,0,0,no_volume,0,0,0,0,no_volume,0,0,0,0,0,0,64573,28577,-0.3864,1550,1478,23,16,26,24,2
1774104086,24,74,0,0,0,0,no_volume,0,0,0,0,no_volume,0,0,0,0,no_volume,0,0,0,0,0,0,65478,28577,-0.3923,905,2375,23,16,26,24,2
1774104087,24,74,0,0,0,0,no_volume,0,0,0,0,no_volume,0,0,0,0,no_volume,0,0,0,0,0,0,65478,28577,-0.3923,905,2375,23,16,26,24,2
1774104088,24,74,0,0,0,0,no_volume,0,0,0,0,no_volume,0,0,0,0,no_volume,0,0,0,0,0,0,65478,28577,-0.3923,905,2375,23,16,26,24,2
1774104089,24,74,0,0,0,0,no_volume,0,0,0,0,no_volume,0,0,0,0,no_volume,0,0,0,0,0,0,65478,28577,-0.3923,0,2375,23,16,26,24,2
1774104090,24,74,0,0,0,0,no_volume,0,0,0,0,no_volume,0,0,0,0,no_volume,0,0,0,0,0,0,64532,28577,-0.3862,-946,2234,23,16,26,24,2
1774104091,24,74,0,0,0,0,no_volume,0,0,0,0,no_volume,0,0,0,0,no_volume,0,0,0,0,0,0,64532,28577,-0.3862,-946,2234,23,16,26,24,2
1774104092,24,74,0,0,0,0,no_volume,0,0,0,0,no_volume,0,0,0,0,no_volume,0,0,0,0,0,0,67134,28577,-0.4028,1656,4111,23,16,26,24,2
1774104093,24,74,0,0,0,0,no_volume,0,0,0,0,no_volume,0,0,0,0,no_volume,0,0,0,0,0,0,67134,28577,-0.4028,2602,2561,23,16,26,24,2
1774104094,24,74,0,0,0,0,no_volume,0,0,0,0,no_volume,0,0,0,0,no_volume,0,0,0,0,0,0,67134,28577,-0.4028,2602,2561,23,16,26,24,2
1774104095,24,74,0,0,0,0,no_volume,0,0,0,0,no_volume,0,0,0,0,no_volume,0,0,0,0,0,0,67134,28577,-0.4028,0,2561,23,16,26,24,2
1774104096,24,74,0,0,0,0,no_volume,0,0,0,0,no_volume,0,0,0,0,no_volume,0,0,0,0,0,0,67134,28577,-0.4028,0,1656,23,16,26,24,2
1774104097,24,74,0,0,0,0,no_volume,0,0,0,0,no_volume,0,0,0,0,no_volume,0,0,0,0,0,0,67134,28577,-0.4028,0,1656,23,16,26,24,2
1774104098,24,74,0,0,0,0,no_volume,0,0,0,0,no_volume,0,0,0,0,no_volume,0,0,0,0,0,0,67134,28577,-0.4028,0,1656,23,16,26,24,2
1774104099,24,74,0,0,0,0,no_volume,0,0,0,0,no_volume,0,0,0,0,no_volume,0,0,0,0,0,0,67142,28577,-0.4029,8,1664,23,16,26,24,2
1774104100,24,74,0,0,0,0,no_volume,0,0,0,0,no_volume,0,0,0,0,no_volume,0,0,0,0,0,0,67142,28577,-0.4029,8,2610,23,16,26,24,2
1774104101,24,74,0,0,0,0,no_volume,0,0,0,0,no_volume,0,0,0,0,no_volume,0,0,0,0,0,0,67142,28577,-0.4029,8,2610,23,16,26,24,2
1774104102,24,74,0,0,0,0,no_volume,0,0,0,0,no_volume,0,0,0,0,no_volume,0,0,0,0,0,0,67142,28577,-0.4029,0,8,23,16,26,24,2
1774104103,24,74,0,0,0,0,no_volume,0,0,0,0,no_volume,0,0,0,0,no_volume,0,0,0,0,0,0,67142,28577,-0.4029,0,8,23,16,26,24,2
1774104104,24,74,0,0,0,0,no_volume,0,0,0,0,no_volume,0,0,0,0,no_volume,0,0,0,0,0,0,67142,28577,-0.4029,0,8,23,16,26,24,2
1774104105,24,74,0,0,0,0,no_volume,0,0,0,0,no_volume,0,0,0,0,no_volume,0,0,0,0,0,0,67142,28577,-0.4029,0,8,23,16,26,24,2
1774104106,24,74,0,0,0,0,no_volume,0,0,0,0,no_volume,0,0,0,0,no_volume,0,0,0,0,0,0,67142,28577,-0.4029,0,8,23,16,26,24,2
1774104107,24,74,0,0,0,0,no_volume,0,0,0,0,no_volume,0,0,0,0,no_volume,0,0,0,0,0,0,67142,28577,-0.4029,0,8,23,16,26,24,2
1774104108,24,74,0,0,0,0,no_volume,0,0,0,0,no_volume,0,0,0,0,no_volume,0,0,0,0,0,0,67142,28577,-0.4029,0,8,23,16,26,24,2
1774104109,24,74,0,0,0,0,no_volume,0,0,0,0,no_volume,0,0,0,0,no_volume,0,0,0,0,0,0,67142,28577,-0.4029,0,0,23,16,26,24,2
1774104110,24,74,0,0,0,0,no_volume,0,0,0,0,no_volume,0,0,0,0,no_volume,0,0,0,0,0,0,67142,28577,-0.4029,0,0,23,16,26,24,2
1774104111,24,74,0,0,0,0,no_volume,0,0,0,0,no_volume,0,0,0,0,no_volume,0,0,0,0,0,0,65917,28577,-0.3952,-1225,-1225,23,16,26,24,2
1774104112,24,74,0,0,0,0,no_volume,0,0,0,0,no_volume,0,0,0,0,no_volume,0,0,0,0,0,0,65917,28577,-0.3952,-1225,-1225,23,16,26,24,2
1774104113,24,74,0,0,0,0,no_volume,0,0,0,0,no_volume,0,0,0,0,no_volume,0,0,0,0,0,0,65909,28577,-0.3951,-1233,-1233,23,16,26,24,2
1774104114,24,74,0,0,0,0,no_volume,0,0,0,0,no_volume,0,0,0,0,no_volume,0,0,0,0,0,0,65909,28577,-0.3951,-8,-1233,23,16,26,24,2
1774104115,24,74,0,0,0,0,no_volume,0,0,0,0,no_volume,0,0,0,0,no_volume,0,0,0,0,0,0,64351,28577,-0.385,-1566,-2791,23,16,26,24,2
1774104116,24,74,0,0,0,0,no_volume,0,0,0,0,no_volume,0,0,0,0,no_volume,0,0,0,0,0,0,64351,28577,-0.385,-1558,-2791,23,16,26,24,2
1774104117,24,74,0,0,0,0,no_volume,0,0,0,0,no_volume,0,0,0,0,no_volume,0,0,0,0,0,0,64351,28577,-0.385,-1558,-2791,23,16,26,24,2
1774104118,24,74,0,0,0,0,no_volume,0,0,0,0,no_volume,0,0,0,0,no_volume,0,0,0,0,0,0,64351,28577,-0.385,0,-2791,23,16,26,24,2
1774104119,24,74,0,0,0,0,no_volume,0,0,0,0,no_volume,0,0,0,0,no_volume,0,0,0,0,0,0,64351,28577,-0.385,0,-2791,23,16,26,24,2
1774104120,24,74,0,0,0,0,no_volume,0,0,0,0,no_volume,0,0,0,0,no_volume,0,0,0,0,0,0,63920,28577,-0.3821,-431,-3222,23,16,26,24,2
1774104121,24,74,0,0,0,0,no_volume,0,0,0,0,no_volume,0,0,0,0,no_volume,0,0,0,0,0,0,63920,28577,-0.3821,-431,-1997,23,16,26,24,2
1774104122,24,74,0,0,0,0,no_volume,0,0,0,0,no_volume,0,0,0,0,no_volume,0,0,0,0,0,0,63920,28577,-0.3821,-431,-1997,23,16,26,24,2
1774104123,24,74,0,0,0,0,no_volume,0,0,0,0,no_volume,0,0,0,0,no_volume,0,0,0,0,0,0,63920,28577,-0.3821,0,-1989,23,16,26,24,2
1774104124,24,74,0,0,0,0,no_volume,0,0,0,0,no_volume,0,0,0,0,no_volume,0,0,0,0,0,0,63920,28577,-0.3821,0,-1989,23,16,26,24,2
1774104125,24,74,0,0,0,0,no_volume,0,0,0,0,no_volume,0,0,0,0,no_volume,0,0,0,0,0,0,63920,28577,-0.3821,0,-431,23,16,26,24,2
1774104126,24,74,0,0,0,0,no_volume,0,0,0,0,no_volume,0,0,0,0,no_volume,0,0,0,0,0,0,63920,28577,-0.3821,0,-431,23,16,26,24,2
1774104127,24,74,0,0,0,0,no_volume,0,0,0,0,no_volume,0,0,0,0,no_volume,0,0,0,0,0,0,63920,28577,-0.3821,0,-431,23,16,26,24,2
1774104128,24,74,0,0,0,0,no_volume,0,0,0,0,no_volume,0,0,0,0,no_volume,0,0,0,0,0,0,63920,28577,-0.3821,0,-431,23,16,26,24,2
1774104129,24,74,0,0,0,0,no_volume,0,0,0,0,no_volume,0,0,0,0,no_volume,0,0,0,0,0,0,56268,28577,-0.3264,-7652,-8083,23,16,26,24,2
1774104130,24,74,0,0,0,0,no_volume,0,0,0,0,no_volume,0,0,0,0,no_volume,0,0,0,0,0,0,56268,28577,-0.3264,-7652,-7652,23,16,26,24,2
1774104131,24,74,0,0,0,0,no_volume,0,0,0,0,no_volume,0,0,0,0,no_volume,0,0,0,0,0,0,57761,28577,-0.338,-6159,-6159,23,16,26,24,2
1774104132,24,74,0,0,0,0,no_volume,0,0,0,0,no_volume,0,0,0,0,no_volume,0,0,0,0,0,0,56268,28577,-0.3264,0,-7652,23,16,26,24,2
1774104133,24,74,0,0,0,0,no_volume,0,0,0,0,no_volume,0,0,0,0,no_volume,0,0,0,0,0,0,56268,28577,-0.3264,0,-7652,23,16,26,24,2
1774104134,24,74,0,0,0,0,no_volume,0,0,0,0,no_volume,0,0,0,0,no_volume,0,0,0,0,0,0,56268,28577,-0.3264,-1493,-7652,23,16,26,24,2
1774104135,24,74,0,0,0,0,no_volume,0,0,0,0,no_volume,0,0,0,0,no_volume,0,0,0,0,0,0,56268,28577,-0.3264,0,-7652,23,16,26,24,2
1774104136,24,74,0,0,0,0,no_volume,0,0,0,0,no_volume,0,0,0,0,no_volume,0,0,0,0,0,0,56268,28577,-0.3264,0,-7652,23,16,26,24,2
1774104137,24,74,0,0,0,0,no_volume,0,0,0,0,no_volume,0,0,0,0,no_volume,0,0,0,0,0,0,56268,28577,-0.3264,0,-7652,23,16,26,24,2
1774104138,24,74,0,0,0,0,no_volume,0,0,0,0,no_volume,0,0,0,0,no_volume,0,0,0,0,0,0,56268,28577,-0.3264,0,-7652,23,16,26,24,2
1774104139,24,74,0,0,0,0,no_volume,0,0,0,0,no_volume,0,0,0,0,no_volume,0,0,0,0,0,0,56268,28577,-0.3264,0,0,23,16,26,24,2
1774104140,24,74,0,0,0,0,no_volume,0,0,0,0,no_volume,0,0,0,0,no_volume,0,0,0,0,0,0,56268,28577,-0.3264,0,0,23,16,26,24,2
1774104141,24,74,0,0,0,0,no_volume,0,0,0,0,no_volume,0,0,0,0,no_volume,0,0,0,0,0,0,56268,28577,-0.3264,0,-1493,23,16,26,24,2
1774104142,24,74,0,0,0,0,no_volume,0,0,0,0,no_volume,0,0,0,0,no_volume,0,0,0,0,0,0,56268,28577,-0.3264,0,0,23,16,26,24,2
1774104143,24,74,0,0,0,0,no_volume,0,0,0,0,no_volume,0,0,0,0,no_volume,0,0,0,0,0,0,62237,28577,-0.3706,5969,5969,23,16,26,24,2
1774104144,24,74,0,0,0,0,no_volume,0,0,0,0,no_volume,0,0,0,0,no_volume,0,0,0,0,0,0,62237,28577,-0.3706,5969,5969,23,16,26,24,2
1774104145,24,74,0,0,0,0,no_volume,0,0,0,0,no_volume,0,0,0,0,no_volume,0,0,0,0,0,0,62237,28577,-0.3706,5969,5969,23,16,26,24,2
1774104146,24,74,0,0,0,0,no_volume,0,0,0,0,no_volume,0,0,0,0,no_volume,0,0,0,0,0,0,62237,28577,-0.3706,0,5969,23,16,26,24,2
1774104147,24,74,0,0,0,0,no_volume,0,0,0,0,no_volume,0,0,0,0,no_volume,0,0,0,0,0,0,62237,28577,-0.3706,0,5969,23,16,26,24,2
1774104148,24,74,0,0,0,0,no_volume,0,0,0,0,no_volume,0,0,0,0,no_volume,0,0,0,0,0,0,62612,28577,-0.3732,375,6344,23,16,26,24,2
1774104149,24,74,0,0,0,0,no_volume,0,0,0,0,no_volume,0,0,0,0,no_volume,0,0,0,0,0,0,62612,28577,-0.3732,375,6344,23,16,26,24,2
1774104150,24,74,0,0,0,0,no_volume,0,0,0,0,no_volume,0,0,0,0,no_volume,0,0,0,0,0,0,62612,28577,-0.3732,375,6344,23,16,26,24,2
1774104151,24,74,0,0,0,0,no_volume,0,0,0,0,no_volume,0,0,0,0,no_volume,0,0,0,0,0,0,62612,28577,-0.3732,0,6344,23,16,26,24,2
1774104152,24,74,0,0,0,0,no_volume,0,0,0,0,no_volume,0,0,0,0,no_volume,0,0,0,0,0,0,62612,28577,-0.3732,0,6344,23,16,26,24,2
1774104153,24,74,0,0,0,0,no_volume,0,0,0,0,no_volume,0,0,0,0,no_volume,0,0,0,0,0,0,56643,28712,-0.3272,-5969,-5594,23,16,26,24,2
1774104154,24,74,0,0,0,0,no_volume,0,0,0,0,no_volume,0,0,0,0,no_volume,0,0,0,0,0,0,56643,28712,-0.3272,-5969,-5594,23,16,26,24,2
1774104155,24,74,0,0,0,0,no_volume,0,0,0,0,no_volume,0,0,0,0,no_volume,0,0,0,0,0,0,56643,28712,-0.3272,-5969,-5594,23,16,26,24,2
1774104156,24,74,0,0,0,0,no_volume,0,0,0,0,no_volume,0,0,0,0,no_volume,0,0,0,0,0,0,55067,28712,-0.3146,-1576,-7170,23,16,26,24,2
1774104157,24,74,0,0,0,0,no_volume,0,0,0,0,no_volume,0,0,0,0,no_volume,0,0,0,0,0,0,63837,28712,-0.3795,7194,1600,23,16,26,24,2
1774104158,24,74,0,0,0,0,no_volume,0,0,0,0,no_volume,0,0,0,0,no_volume,0,0,0,0,0,0,63837,28712,-0.3795,7194,1225,23,16,26,24,2
1774104159,24,74,0,0,0,0,no_volume,0,0,0,0,no_volume,0,0,0,0,no_volume,0,0,0,0,0,0,63837,28712,-0.3795,8770,1225,23,16,26,24,2
1774104160,24,74,0,0,0,0,no_volume,0,0,0,0,no_volume,0,0,0,0,no_volume,0,0,0,0,0,0,63837,28712,-0.3795,0,1225,23,16,26,24,2
1774104161,24,74,0,0,0,0,no_volume,0,0,0,0,no_volume,0,0,0,0,no_volume,0,0,0,0,0,0,63837,28712,-0.3795,0,1225,23,16,26,24,2
1774104162,24,74,0,0,0,0,no_volume,0,0,0,0,no_volume,0,0,0,0,no_volume,0,0,0,0,0,0,63837,28712,-0.3795,0,1225,23,16,26,24,2
1774104163,24,74,0,0,0,0,no_volume,0,0,0,0,no_volume,0,0,0,0,no_volume,0,0,0,0,0,0,63837,28712,-0.3795,0,7194,23,16,26,24,2
1774104164,24,74,0,0,0,0,no_volume,0,0,0,0,no_volume,0,0,0,0,no_volume,0,0,0,0,0,0,63837,28712,-0.3795,0,7194,23,16,26,24,2
1774104165,24,74,0,0,0,0,no_volume,0,0,0,0,no_volume,0,0,0,0,no_volume,0,0,0,0,0,0,63837,28712,-0.3795,0,7194,23,16,26,24,2
1774104166,24,74,0,0,0,0,no_volume,0,0,0,0,no_volume,0,0,0,0,no_volume,0,0,0,0,0,0,63837,28712,-0.3795,0,8770,23,16,26,24,2
1774104167,24,74,0,0,0,0,no_volume,0,0,0,0,no_volume,0,0,0,0,no_volume,0,0,0,0,0,0,55212,28712,-0.3158,-8625,-8625,23,16,26,24,2
1774104168,24,74,0,0,0,0,no_volume,0,0,0,0,no_volume,0,0,0,0,no_volume,0,0,0,0,0,0,55212,28712,-0.3158,-8625,-8625,23,16,26,24,2
1774104169,24,74,0,0,0,0,no_volume,0,0,0,0,no_volume,0,0,0,0,no_volume,0,0,0,0,0,0,55212,28712,-0.3158,-8625,-8625,23,16,26,24,2
1774104170,24,74,0,0,0,0,no_volume,0,0,0,0,no_volume,0,0,0,0,no_volume,0,0,0,0,0,0,55212,28712,-0.3158,0,-8625,23,16,26,24,2
1774104171,24,74,0,0,0,0,no_volume,0,0,0,0,no_volume,0,0,0,0,no_volume,0,0,0,0,0,0,55212,28712,-0.3158,0,-8625,23,16,26,24,2
1774104172,24,74,0,0,0,0,no_volume,0,0,0,0,no_volume,0,0,0,0,no_volume,0,0,0,0,0,0,55212,28712,-0.3158,0,-8625,23,16,26,24,2
1774104173,24,74,0,0,0,0,no_volume,0,0,0,0,no_volume,0,0,0,0,no_volume,0,0,0,0,0,0,55212,28712,-0.3158,0,-8625,23,16,26,24,2
1774104174,24,74,0,0,0,0,no_volume,0,0,0,0,no_volume,0,0,0,0,no_volume,0,0,0,0,0,0,55212,28712,-0.3158,0,-8625,23,16,26,24,2
1774104175,24,74,0,0,0,0,no_volume,0,0,0,0,no_volume,0,0,0,0,no_volume,0,0,0,0,0,0,55212,28712,-0.3158,0,-8625,23,16,26,24,2
1774104176,24,74,0,0,0,0,no_volume,0,0,0,0,no_volume,0,0,0,0,no_volume,0,0,0,0,0,0,55212,28712,-0.3158,0,-8625,23,16,26,24,2
1774104177,24,74,0,0,0,0,no_volume,0,0,0,0,no_volume,0,0,0,0,no_volume,0,0,0,0,0,0,65576,28712,-0.391,10364,10364,23,16,26,24,2
1774104178,24,74,0,0,0,0,no_volume,0,0,0,0,no_volume,0,0,0,0,no_volume,0,0,0,0,0,0,65576,28712,-0.391,10364,10364,23,16,26,24,2
1774104179,24,74,0,0,0,0,no_volume,0,0,0,0,no_volume,0,0,0,0,no_volume,0,0,0,0,0,0,65576,28712,-0.391,10364,10364,23,16,26,24,2
1774104180,24,74,0,0,0,0,no_volume,0,0,0,0,no_volume,0,0,0,0,no_volume,0,0,0,0,0,0,65576,28712,-0.391,0,10364,23,16,26,24,2
1774104181,24,74,0,0,0,0,no_volume,0,0,0,0,no_volume,0,0,0,0,no_volume,0,0,0,0,0,0,65576,28712,-0.391,0,10364,23,16,26,24,2
1774104182,24,74,0,0,0,0,no_volume,0,0,0,0,no_volume,0,0,0,0,no_volume,0,0,0,0,0,0,65576,28712,-0.391,0,10364,23,16,26,24,2
1774104183,24,74,0,0,0,0,no_volume,0,0,0,0,no_volume,0,0,0,0,no_volume,0,0,0,0,0,0,65576,28712,-0.391,0,10364,23,16,26,24,2
1774104184,24,74,0,0,0,0,no_volume,0,0,0,0,no_volume,0,0,0,0,no_volume,0,0,0,0,0,0,65576,28712,-0.391,0,10364,23,16,26,24,2
1774104185,24,74,0,0,0,0,no_volume,0,0,0,0,no_volume,0,0,0,0,no_volume,0,0,0,0,0,0,65576,28712,-0.391,0,10364,23,16,26,24,2
1774104186,24,74,0,0,0,0,no_volume,0,0,0,0,no_volume,0,0,0,0,no_volume,0,0,0,0,0,0,65576,28712,-0.391,0,10364,23,16,26,24,2
1774104187,24,74,0,0,0,0,no_volume,0,0,0,0,no_volume,0,0,0,0,no_volume,0,0,0,0,0,0,65576,28712,-0.391,0,0,23,16,26,24,2
1774104188,24,74,0,0,0,0,no_volume,0,0,0,0,no_volume,0,0,0,0,no_volume,0,0,0,0,0,0,65576,28712,-0.391,0,0,23,16,26,24,2
1774104189,24,74,0,0,0,0,no_volume,0,0,0,0,no_volume,0,0,0,0,no_volume,0,0,0,0,0,0,65576,28712,-0.391,0,0,23,16,26,24,2
1774104190,24,74,0,0,0,0,no_volume,0,0,0,0,no_volume,0,0,0,0,no_volume,0,0,0,0,0,0,65576,28712,-0.391,0,0,23,16,26,24,2
1774104191,24,74,0,0,0,0,no_volume,0,0,0,0,no_volume,0,0,0,0,no_volume,0,0,0,0,0,0,65576,28712,-0.391,0,0,23,16,26,24,2
1774104192,24,74,0,0,0,0,no_volume,0,0,0,0,no_volume,0,0,0,0,no_volume,0,0,0,0,0,0,65576,28712,-0.391,0,0,23,16,26,24,2
1774104193,24,74,0,0,0,0,no_volume,0,0,0,0,no_volume,0,0,0,0,no_volume,0,0,0,0,0,0,65576,28712,-0.391,0,0,23,16,26,24,2
1774104194,24,74,0,0,0,0,no_volume,0,0,0,0,no_volume,0,0,0,0,no_volume,0,0,0,0,0,0,65576,28712,-0.391,0,0,23,16,26,24,2
1774104195,24,74,0,0,0,0,no_volume,0,0,0,0,no_volume,0,0,0,0,no_volume,0,0,0,0,0,0,65576,28712,-0.391,0,0,23,16,26,24,2
1774104196,24,74,0,0,0,0,no_volume,0,0,0,0,no_volume,0,0,0,0,no_volume,0,0,0,0,0,0,65576,28712,-0.391,0,0,23,16,26,24,2
1774104197,24,74,0,0,0,0,no_volume,0,0,0,0,no_volume,0,0,0,0,no_volume,0,0,0,0,0,0,65576,28712,-0.391,0,0,23,16,26,24,2
1774104198,24,74,0,0,0,0,no_volume,0,0,0,0,no_volume,0,0,0,0,no_volume,0,0,0,0,0,0,65576,28712,-0.391,0,0,23,16,26,24,2
1774104199,24,74,0,0,0,0,no_volume,0,0,0,0,no_volume,0,0,0,0,no_volume,0,0,0,0,0,0,65576,28712,-0.391,0,0,23,16,26,24,2
1774104200,24,74,0,0,0,0,no_volume,0,0,0,0,no_volume,0,0,0,0,no_volume,0,0,0,0,0,0,65576,28712,-0.391,0,0,23,16,26,24,2
1774104201,24,74,0,0,0,0,no_volume,0,0,0,0,no_volume,0,0,0,0,no_volume,0,0,0,0,0,0,65576,28712,-0.391,0,0,23,16,26,24,2
1774104202,24,74,0,0,0,0,no_volume,0,0,0,0,no_volume,0,0,0,0,no_volume,0,0,0,0,0,0,65576,28712,-0.391,0,0,23,16,26,24,2
1774104203,24,74,0,0,0,0,no_volume,0,0,0,0,no_volume,0,0,0,0,no_volume,0,0,0,0,0,0,65576,28712,-0.391,0,0,23,16,26,24,2
1774104204,24,74,0,0,0,0,no_volume,0,0,0,0,no_volume,0,0,0,0,no_volume,0,0,0,0,0,0,65576,28712,-0.391,0,0,23,16,26,24,2
1774104205,24,74,0,0,0,0,no_volume,0,0,0,0,no_volume,0,0,0,0,no_volume,0,0,0,0,0,0,65576,28712,-0.391,0,0,23,16,26,24,2
1774104206,24,74,0,0,0,0,no_volume,0,0,0,0,no_volume,0,0,0,0,no_volume,0,0,0,0,0,0,65576,28712,-0.391,0,0,23,16,26,24,2
1774104207,24,74,0,0,0,0,no_volume,0,0,0,0,no_volume,0,0,0,0,no_volume,0,0,0,0,0,0,60038,28712,-0.353,-5538,-5538,23,16,26,24,2
1774104208,24,74,0,0,0,0,no_volume,0,0,0,0,no_volume,0,0,0,0,no_volume,0,0,0,0,0,0,59572,28787,-0.3484,-6004,-6004,23,16,26,24,2
1774104209,24,74,0,0,0,0,no_volume,0,0,0,0,no_volume,0,0,0,0,no_volume,0,0,0,0,0,0,59572,28767,-0.3487,-6004,-6004,23,16,26,24,2
1774104210,24,74,0,0,0,0,no_volume,0,0,0,0,no_volume,0,0,0,0,no_volume,0,0,0,0,0,0,59572,28767,-0.3487,-466,-6004,23,16,26,24,2
1774104211,24,74,0,0,0,0,no_volume,0,0,0,0,no_volume,0,0,0,0,no_volume,0,0,0,0,0,0,59572,28767,-0.3487,0,-6004,23,16,26,24,2
1774104212,24,74,0,0,0,0,no_volume,0,0,0,0,no_volume,0,0,0,0,no_volume,0,0,0,0,0,0,60188,28767,-0.3532,616,-5388,23,16,26,24,2
1774104213,24,74,0,0,0,0,no_volume,0,0,0,0,no_volume,0,0,0,0,no_volume,0,0,0,0,0,0,59262,28767,-0.3464,-310,-6314,23,16,26,24,2
1774104214,24,74,0,0,0,0,no_volume,0,0,0,0,no_volume,0,0,0,0,no_volume,0,0,0,0,0,0,58646,28767,-0.3418,-926,-6930,23,16,26,24,2
1774104215,24,74,0,0,0,0,no_volume,0,0,0,0,no_volume,0,0,0,0,no_volume,0,0,0,0,0,0,58646,28767,-0.3418,-1542,-6930,23,16,26,24,2
1774104216,24,74,0,0,0,0,no_volume,0,0,0,0,no_volume,0,0,0,0,no_volume,0,0,0,0,0,0,58646,28767,-0.3418,-616,-6930,23,16,26,24,2
1774104217,24,74,0,0,0,0,no_volume,0,0,0,0,no_volume,0,0,0,0,no_volume,0,0,0,0,0,0,58646,28767,-0.3418,0,-1392,23,16,26,24,2
1774104218,24,74,0,0,0,0,no_volume,0,0,0,0,no_volume,0,0,0,0,no_volume,0,0,0,0,0,0,58356,28767,-0.3396,-290,-1216,23,16,26,24,2
1774104219,24,74,0,0,0,0,no_volume,0,0,0,0,no_volume,0,0,0,0,no_volume,0,0,0,0,0,0,58356,28767,-0.3396,-290,-1216,23,16,26,24,2
1774104220,24,74,0,0,0,0,no_volume,0,0,0,0,no_volume,0,0,0,0,no_volume,0,0,0,0,0,0,58356,28767,-0.3396,-290,-1216,23,16,26,24,2
1774104221,24,74,0,0,0,0,no_volume,0,0,0,0,no_volume,0,0,0,0,no_volume,0,0,0,0,0,0,58356,28767,-0.3396,0,-1216,23,16,26,24,2
1774104222,24,74,0,0,0,0,no_volume,0,0,0,0,no_volume,0,0,0,0,no_volume,0,0,0,0,0,0,52881,28767,-0.2953,-5475,-7307,23,16,26,24,2
1774104223,24,74,0,0,0,0,no_volume,0,0,0,0,no_volume,0,0,0,0,no_volume,0,0,0,0,0,0,52881,28767,-0.2953,-5475,-6381,23,16,26,24,2
1774104224,24,74,0,0,0,0,low_activity,0,0,0,0,low_activity,0,0,0,0,low_activity,0,0,0,0,0,0,52863,28767,-0.2952,-5493,-5783,23,16,26,24,2
1774104225,24,74,0,0,0,0,low_activity,0,0,0,0,low_activity,0,0,0,0,low_activity,0,0,0,0,0,0,52881,28767,-0.2953,0,-5765,23,16,26,24,2
1774104226,24,74,0,0,0,0,low_activity,0,0,0,0,low_activity,0,0,0,0,low_activity,0,0,0,0,0,0,52881,28767,-0.2953,0,-5765,23,16,26,24,2
1774104227,24,74,0,0,0,0,no_volume,0,0,0,0,low_activity,0,0,0,0,low_activity,0,0,0,0,0,0,52881,28767,-0.2953,18,-5765,23,16,26,24,2
1774104228,24,74,0,0,0,0,no_volume,0,0,0,0,low_activity,0,0,0,0,low_activity,0,0,0,0,0,0,52881,28767,-0.2953,0,-5475,23,16,26,24,2
1774104229,24,74,0,0,0,0,no_volume,0,0,0,0,no_volume,0,0,0,0,low_activity,0,0,0,0,0,0,52881,28767,-0.2953,0,-5475,23,16,26,24,2
1774104230,24,74,0,0,0,0,no_volume,0,0,0,0,no_volume,0,0,0,0,low_activity,0,0,0,0,0,0,52881,28767,-0.2953,0,-5475,23,16,26,24,2
1774104231,24,74,0,0,0,0,no_volume,0,0,0,0,no_volume,0,0,0,0,low_activity,0,0,0,0,0,0,53308,28767,-0.299,427,-5048,23,16,26,24,2
1774104232,24,74,0,0,0,0,no_volume,0,0,0,0,no_volume,0,0,0,0,low_activity,0,0,0,0,0,0,53308,28767,-0.299,427,427,23,16,26,24,2
1774104233,24,74,0,0,0,0,no_volume,0,0,0,0,no_volume,0,0,0,0,low_activity,0,0,0,0,0,0,54409,29160,-0.3021,1528,1528,23,16,26,24,2
1774104234,24,74,0,0,0,0,no_volume,0,0,0,0,no_volume,0,0,0,0,low_activity,0,0,0,0,0,0,54409,29160,-0.3021,1101,1546,23,16,26,24,2
1774104235,24,74,0,0,0,0,no_volume,0,0,0,0,no_volume,0,0,0,0,low_activity,0,0,0,0,0,0,54409,29160,-0.3021,1101,1528,23,16,26,24,2
1774104236,24,74,0,0,0,0,no_volume,0,0,0,0,no_volume,0,0,0,0,low_activity,0,0,0,0,0,0,54409,29160,-0.3021,0,1528,23,16,26,24,2
1774104237,24,74,0,0,0,0,no_volume,0,0,0,0,no_volume,0,0,0,0,low_activity,0,0,0,0,0,0,54409,29160,-0.3021,0,1528,23,16,26,24,2
1774104238,24,74,0,0,0,0,no_volume,0,0,0,0,no_volume,0,0,0,0,low_activity,0,0,0,0,0,0,53511,29160,-0.2946,-898,630,23,16,26,24,2
1774104239,24,74,0,0,0,0,no_volume,0,0,0,0,no_volume,0,0,0,0,low_activity,0,0,0,0,0,0,53511,29160,-0.2946,-898,630,23,16,26,24,2
1774104240,24,74,0,0,0,0,no_volume,0,0,0,0,no_volume,0,0,0,0,low_activity,0,0,0,0,0,0,53511,29160,-0.2946,-898,630,23,16,26,24,2
1774104241,24,74,0,0,0,0,no_volume,0,0,0,0,no_volume,0,0,0,0,low_activity,0,0,0,0,0,0,53511,29160,-0.2946,0,203,23,16,26,24,2
1774104242,24,74,0,0,0,0,low_activity,0,0,0,0,low_activity,0,0,0,0,low_activity,0,0,0,0,0,0,52913,29160,-0.2894,-598,-395,23,16,26,24,2
1774104243,24,74,0,0,0,0,low_activity,0,0,0,0,low_activity,0,0,0,0,low_activity,0,0,0,0,0,0,53014,29160,-0.2903,-497,-1395,23,16,26,24,2
1774104244,24,74,0,0,0,0,low_activity,0,0,0,0,low_activity,0,0,0,0,low_activity,0,0,0,0,0,0,53014,29160,-0.2903,-497,-1395,23,16,26,24,2
1774104245,24,74,0,0,0,0,no_volume,0,0,0,0,low_activity,0,0,0,0,low_activity,0,0,0,0,0,0,53014,29160,-0.2903,101,-1395,23,16,26,24,2
1774104246,24,74,0,0,0,0,no_volume,0,0,0,0,low_activity,0,0,0,0,low_activity,0,0,0,0,0,0,52587,29160,-0.2866,-427,-1822,23,16,26,24,2
1774104247,24,74,0,0,0,0,no_volume,0,0,0,0,no_volume,0,0,0,0,low_activity,0,0,0,0,0,0,52587,29160,-0.2866,-427,-1822,23,16,26,24,2
1774104248,24,74,0,0,0,0,no_volume,0,0,0,0,no_volume,0,0,0,0,low_activity,0,0,0,0,0,0,52587,29160,-0.2866,-427,-924,23,16,26,24,2
1774104249,24,74,0,0,0,0,no_volume,0,0,0,0,no_volume,0,0,0,0,low_activity,0,0,0,0,0,0,54294,29160,-0.3012,1707,783,23,16,26,24,2
1774104250,24,74,0,0,0,0,no_volume,0,0,0,0,no_volume,0,0,0,0,low_activity,0,0,0,0,0,0,54294,29160,-0.3012,1707,783,23,16,26,24,2
1774104251,24,74,0,0,0,0,no_volume,0,0,0,0,no_volume,0,0,0,0,low_activity,0,0,0,0,0,0,54294,29160,-0.3012,1707,783,23,16,26,24,2
1774104252,24,74,0,0,0,0,no_volume,0,0,0,0,no_volume,0,0,0,0,low_activity,0,0,0,0,0,0,53121,29160,-0.2912,-1173,208,23,16,26,24,2
1774104253,24,74,0,0,0,0,no_volume,0,0,0,0,no_volume,0,0,0,0,low_activity,0,0,0,0,0,0,53121,29160,-0.2912,-1173,107,23,16,26,24,2
1774104254,24,74,0,0,0,0,no_volume,0,0,0,0,no_volume,0,0,0,0,low_activity,0,0,0,0,0,0,53121,29160,-0.2912,-1173,107,23,16,26,24,2
1774104255,24,74,0,0,0,0,no_volume,0,0,0,0,no_volume,0,0,0,0,low_activity,0,0,0,0,0,0,53121,29160,-0.2912,0,107,23,16,26,24,2
1774104256,24,74,0,0,0,0,no_volume,0,0,0,0,no_volume,0,0,0,0,low_activity,0,0,0,0,0,0,53121,29160,-0.2912,0,534,23,16,26,24,2
1774104257,24,74,0,0,0,0,no_volume,0,0,0,0,no_volume,0,0,0,0,low_activity,0,0,0,0,0,0,53121,29160,-0.2912,0,534,23,16,26,24,2
1774104258,24,74,0,0,0,0,no_volume,0,0,0,0,no_volume,0,0,0,0,low_activity,0,0,0,0,0,0,53121,29160,-0.2912,0,534,23,16,26,24,2
1774104259,24,74,0,0,0,0,no_volume,0,0,0,0,no_volume,0,0,0,0,low_activity,0,0,0,0,0,0,52619,29160,-0.2869,-502,-1675,23,16,26,24,2
1774104260,24,74,0,0,0,0,no_volume,0,0,0,0,no_volume,0,0,0,0,low_activity,0,0,0,0,0,0,52619,29160,-0.2869,-502,-1675,23,16,26,24,2
1774104261,24,74,0,0,0,0,no_volume,0,0,0,0,no_volume,0,0,0,0,low_activity,0,0,0,0,0,0,51545,29160,-0.2774,-1576,-2749,23,16,26,24,2
1774104262,24,74,0,0,0,0,no_volume,0,0,0,0,no_volume,0,0,0,0,low_activity,0,0,0,0,0,0,51545,29160,-0.2774,-1074,-1576,23,16,26,24,2
1774104263,24,74,0,0,0,0,no_volume,0,0,0,0,no_volume,0,0,0,0,low_activity,0,0,0,0,0,0,51545,29160,-0.2774,-1074,-1576,23,16,26,24,2
1774104264,24,74,0,0,0,0,no_volume,0,0,0,0,no_volume,0,0,0,0,low_activity,0,0,0,0,0,0,51545,29160,-0.2774,0,-1576,23,16,26,24,2
1774104265,24,74,0,0,0,0,no_volume,0,0,0,0,no_volume,0,0,0,0,low_activity,0,0,0,0,0,0,57519,29160,-0.3272,5974,4398,23,16,26,24,2
1774104266,24,74,0,0,0,0,no_volume,0,0,0,0,no_volume,0,0,0,0,low_activity,0,0,0,0,0,0,58134,29160,-0.3319,6589,5013,23,16,26,24,2
1774104267,24,74,0,0,0,0,no_volume,0,0,0,0,no_volume,0,0,0,0,low_activity,0,0,0,0,0,0,58134,29160,-0.3319,6589,5013,23,16,26,24,2
1774104268,24,74,0,0,0,0,no_volume,0,0,0,0,no_volume,0,0,0,0,low_activity,0,0,0,0,0,0,58134,29160,-0.3319,615,5013,23,16,26,24,2
1774104269,24,74,0,0,0,0,no_volume,0,0,0,0,no_volume,0,0,0,0,low_activity,0,0,0,0,0,0,58134,29160,-0.3319,0,5515,23,16,26,24,2
1774104270,24,74,0,0,0,0,no_volume,0,0,0,0,no_volume,0,0,0,0,low_activity,0,0,0,0,0,0,58134,29160,-0.3319,0,5515,23,16,26,24,2
1774104271,24,74,0,0,0,0,no_volume,0,0,0,0,no_volume,0,0,0,0,low_activity,0,0,0,0,0,0,58134,29160,-0.3319,0,6589,23,16,26,24,2
1774104272,24,74,0,0,0,0,no_volume,0,0,0,0,no_volume,0,0,0,0,no_volume,0,0,0,0,0,0,58134,29160,-0.3319,0,6589,23,16,26,24,2
1774104273,24,74,0,0,0,0,no_volume,0,0,0,0,no_volume,0,0,0,0,no_volume,0,0,0,0,0,0,58134,29160,-0.3319,0,6589,23,16,26,24,2
1774104274,24,74,0,0,0,0,no_volume,0,0,0,0,no_volume,0,0,0,0,no_volume,0,0,0,0,0,0,58134,29160,-0.3319,0,6589,23,16,26,24,2
1774104275,24,74,0,0,0,0,no_volume,0,0,0,0,no_volume,0,0,0,0,no_volume,0,0,0,0,0,0,58134,29160,-0.3319,0,615,23,16,26,24,2
1774104276,24,74,0,0,0,0,no_volume,0,0,0,0,no_volume,0,0,0,0,no_volume,0,0,0,0,0,0,58134,29160,-0.3319,0,0,23,16,26,24,2
1774104277,24,74,0,0,0,0,no_volume,0,0,0,0,no_volume,0,0,0,0,no_volume,0,0,0,0,0,0,54810,29160,-0.3055,-3324,-3324,23,16,26,24,2
1774104278,24,74,0,0,0,0,no_volume,0,0,0,0,no_volume,0,0,0,0,no_volume,0,0,0,0,0,0,54810,29160,-0.3055,-3324,-3324,23,16,26,24,2
1774104279,24,74,0,0,0,0,no_volume,0,0,0,0,no_volume,0,0,0,0,no_volume,0,0,0,0,0,0,54810,29160,-0.3055,-3324,-3324,23,16,26,24,2
1774104280,24,74,0,0,0,0,no_volume,0,0,0,0,no_volume,0,0,0,0,no_volume,0,0,0,0,0,0,54810,29160,-0.3055,0,-3324,23,16,26,24,2
1774104281,24,74,0,0,0,0,no_volume,0,0,0,0,no_volume,0,0,0,0,no_volume,0,0,0,0,0,0,54810,29160,-0.3055,0,-3324,23,16,26,24,2
1774104282,24,74,0,0,0,0,no_volume,0,0,0,0,no_volume,0,0,0,0,no_volume,0,0,0,0,0,0,54810,29160,-0.3055,0,-3324,23,16,26,24,2
1774104283,24,74,0,0,0,0,no_volume,0,0,0,0,no_volume,0,0,0,0,no_volume,0,0,0,0,0,0,54195,29160,-0.3003,-615,-3939,23,16,26,24,2
1774104284,24,74,0,0,0,0,no_volume,0,0,0,0,no_volume,0,0,0,0,no_volume,0,0,0,0,0,0,54783,29160,-0.3052,-27,-3351,23,16,26,24,2
1774104285,24,74,0,0,0,0,no_volume,0,0,0,0,no_volume,0,0,0,0,no_volume,0,0,0,0,0,0,60388,30406,-0.3302,5578,2254,23,16,26,24,2
1774104286,24,74,0,0,0,0,no_volume,0,0,0,0,no_volume,0,0,0,0,no_volume,0,0,0,0,0,0,60388,30406,-0.3302,6193,2254,23,16,26,24,2
1774104287,24,74,0,0,0,0,no_volume,0,0,0,0,no_volume,0,0,0,0,no_volume,0,0,0,0,0,0,60388,30406,-0.3302,5605,5578,23,16,26,24,2
1774104288,24,74,0,0,0,0,no_volume,0,0,0,0,no_volume,0,0,0,0,no_volume,0,0,0,0,0,0,60388,30406,-0.3302,0,5578,23,16,26,24,2
1774104289,24,74,0,0,0,0,no_volume,0,0,0,0,no_volume,0,0,0,0,no_volume,0,0,0,0,0,0,60388,30406,-0.3302,0,5578,23,16,26,24,2
1774104290,24,74,0,0,0,0,no_volume,0,0,0,0,no_volume,0,0,0,0,no_volume,0,0,0,0,0,0,66362,30406,-0.3716,5974,11552,23,16,26,24,2
1774104291,24,74,0,0,0,0,no_volume,0,0,0,0,no_volume,0,0,0,0,no_volume,0,0,0,0,0,0,66362,30406,-0.3716,5974,11552,23,16,26,24,2
1774104292,24,74,0,0,0,0,no_volume,0,0,0,0,no_volume,0,0,0,0,no_volume,0,0,0,0,0,0,66362,30406,-0.3716,5974,11552,23,16,26,24,2
1774104293,24,74,0,0,0,0,no_volume,0,0,0,0,no_volume,0,0,0,0,no_volume,0,0,0,0,0,0,65774,30406,-0.3677,-588,11579,23,16,26,24,2
1774104294,24,74,0,0,0,0,no_volume,0,0,0,0,no_volume,0,0,0,0,no_volume,0,0,0,0,0,0,65774,30406,-0.3677,-588,10991,23,16,26,24,2
1774104295,24,74,0,0,0,0,no_volume,0,0,0,0,no_volume,0,0,0,0,no_volume,0,0,0,0,0,0,65774,30406,-0.3677,-588,5386,23,16,26,24,2
1774104296,24,74,0,0,0,0,no_volume,0,0,0,0,no_volume,0,0,0,0,no_volume,0,0,0,0,0,0,65774,30406,-0.3677,0,5386,23,16,26,24,2
1774104297,24,74,0,0,0,0,no_volume,0,0,0,0,no_volume,0,0,0,0,no_volume,0,0,0,0,0,0,65774,30406,-0.3677,0,5386,23,16,26,24,2
1774104298,24,74,0,0,0,0,no_volume,0,0,0,0,no_volume,0,0,0,0,no_volume,0,0,0,0,0,0,71748,30406,-0.4047,5974,11360,23,16,26,24,2
1774104299,24,74,0,0,0,0,no_volume,0,0,0,0,no_volume,0,0,0,0,no_volume,0,0,0,0,0,0,71748,30406,-0.4047,5974,11360,23,16,26,24,2
1774104300,24,74,0,0,0,0,no_volume,0,0,0,0,no_volume,0,0,0,0,no_volume,0,0,0,0,0,0,71748,30406,-0.4047,5974,5386,23,16,26,24,2
1774104301,24,74,0,0,0,0,no_volume,0,0,0,0,no_volume,0,0,0,0,no_volume,0,0,0,0,0,0,71748,30406,-0.4047,0,5386,23,16,26,24,2
1774104302,24,74,0,0,0,0,no_volume,0,0,0,0,no_volume,0,0,0,0,no_volume,0,0,0,0,0,0,71748,28759,-0.4277,0,5386,23,16,26,24,2
1774104303,24,74,0,0,0,0,no_volume,0,0,0,0,no_volume,0,0,0,0,no_volume,0,0,0,0,0,0,71748,28759,-0.4277,0,5974,23,16,26,24,2
1774104304,24,74,0,0,0,0,no_volume,0,0,0,0,no_volume,0,0,0,0,no_volume,0,0,0,0,0,0,71748,28759,-0.4277,0,5974,23,16,26,24,2
1774104305,24,74,0,0,0,0,no_volume,0,0,0,0,no_volume,0,0,0,0,no_volume,0,0,0,0,0,0,71748,28759,-0.4277,0,5974,23,16,26,24,2
1774104306,24,74,0,0,0,0,no_volume,0,0,0,0,no_volume,0,0,0,0,no_volume,0,0,0,0,0,0,71748,28759,-0.4277,0,5974,23,16,26,24,2
1774104307,24,74,0,0,0,0,no_volume,0,0,0,0,no_volume,0,0,0,0,no_volume,0,0,0,0,0,0,71748,28759,-0.4277,0,5974,23,16,26,24,2
1774104308,24,74,0,0,0,0,no_volume,0,0,0,0,no_volume,0,0,0,0,no_volume,0,0,0,0,0,0,71748,28759,-0.4277,0,0,23,16,26,24,2
1774104309,24,74,0,0,0,0,no_volume,0,0,0,0,no_volume,0,0,0,0,no_volume,0,0,0,0,0,0,72336,28759,-0.4311,588,588,23,16,26,24,2
1774104310,24,74,0,0,0,0,no_volume,0,0,0,0,no_volume,0,0,0,0,no_volume,0,0,0,0,0,0,72336,28759,-0.4311,588,588,23,16,26,24,2
1774104311,24,74,0,0,0,0,no_volume,0,0,0,0,no_volume,0,0,0,0,no_volume,0,0,0,0,0,0,71466,28759,-0.4261,-282,-282,23,16,26,24,2
1774104312,24,74,0,0,0,0,no_volume,0,0,0,0,no_volume,0,0,0,0,no_volume,0,0,0,0,0,0,69196,28759,-0.4128,-3140,-2552,23,16,26,24,2
1774104313,24,74,0,0,0,0,no_volume,0,0,0,0,no_volume,0,0,0,0,no_volume,0,0,0,0,0,0,68608,28759,-0.4093,-3728,-3140,23,16,26,24,2
1774104314,24,74,0,0,0,0,no_volume,0,0,0,0,no_volume,0,0,0,0,no_volume,0,0,0,0,0,0,68608,28759,-0.4093,-2858,-3140,23,16,26,24,2
1774104315,24,74,0,0,0,0,no_volume,0,0,0,0,no_volume,0,0,0,0,no_volume,0,0,0,0,0,0,68608,28759,-0.4093,-588,-3140,23,16,26,24,2
1774104316,24,74,0,0,0,0,no_volume,0,0,0,0,no_volume,0,0,0,0,no_volume,0,0,0,0,0,0,70878,28759,-0.4227,2270,-870,23,16,26,24,2
1774104317,24,74,0,0,0,0,no_volume,0,0,0,0,no_volume,0,0,0,0,no_volume,0,0,0,0,0,0,64379,28759,-0.3824,-4229,-7369,23,16,26,24,2
1774104318,24,74,0,0,0,0,no_volume,0,0,0,0,no_volume,0,0,0,0,no_volume,0,0,0,0,0,0,64379,28759,-0.3824,-4229,-7369,23,16,26,24,2
1774104319,24,74,0,0,0,0,no_volume,0,0,0,0,no_volume,0,0,0,0,no_volume,0,0,0,0,0,0,64379,28759,-0.3824,-6499,-7957,23,16,26,24,2
1774104320,24,74,0,0,0,0,no_volume,0,0,0,0,no_volume,0,0,0,0,no_volume,0,0,0,0,0,0,64379,28759,-0.3824,0,-7957,23,16,26,24,2
1774104321,24,74,0,0,0,0,no_volume,0,0,0,0,no_volume,0,0,0,0,no_volume,0,0,0,0,0,0,64379,28759,-0.3824,0,-7087,23,16,26,24,2
1774104322,24,74,0,0,0,0,no_volume,0,0,0,0,no_volume,0,0,0,0,no_volume,0,0,0,0,0,0,64379,28759,-0.3824,0,-4817,23,16,26,24,2
1774104323,24,74,0,0,0,0,no_volume,0,0,0,0,no_volume,0,0,0,0,no_volume,0,0,0,0,0,0,64379,28759,-0.3824,0,-4229,23,16,26,24,2
1774104324,24,74,0,0,0,0,no_volume,0,0,0,0,no_volume,0,0,0,0,no_volume,0,0,0,0,0,0,64379,28759,-0.3824,0,-4229,23,16,26,24,2
1774104325,24,74,0,0,0,0,no_volume,0,0,0,0,no_volume,0,0,0,0,no_volume,0,0,0,0,0,0,64379,28759,-0.3824,0,-4229,23,16,26,24,2
1774104326,24,74,0,0,0,0,no_volume,0,0,0,0,no_volume,0,0,0,0,no_volume,0,0,0,0,0,0,64379,28759,-0.3824,0,-6499,23,16,26,24,2
1774104327,24,74,0,0,0,0,no_volume,0,0,0,0,no_volume,0,0,0,0,no_volume,0,0,0,0,0,0,58405,28759,-0.3401,-5974,-5974,23,16,26,24,2
1774104328,24,74,0,0,0,0,no_volume,0,0,0,0,no_volume,0,0,0,0,no_volume,0,0,0,0,0,0,58405,28759,-0.3401,-5974,-5974,23,16,26,24,2
1774104329,24,74,0,0,0,0,no_volume,0,0,0,0,no_volume,0,0,0,0,no_volume,0,0,0,0,0,0,64904,28759,-0.3859,525,525,23,16,26,24,2
1774104330,24,74,0,0,0,0,no_volume,0,0,0,0,no_volume,0,0,0,0,no_volume,0,0,0,0,0,0,66362,28759,-0.3953,7957,1983,23,16,26,24,2
1774104331,24,74,0,0,0,0,no_volume,0,0,0,0,no_volume,0,0,0,0,no_volume,0,0,0,0,0,0,66362,28759,-0.3953,7957,1983,23,16,26,24,2
1774104332,24,74,0,0,0,0,no_volume,0,0,0,0,no_volume,0,0,0,0,no_volume,0,0,0,0,0,0,66117,28759,-0.3938,1213,1738,23,16,26,24,2
1774104333,24,74,0,0,0,0,no_volume,0,0,0,0,no_volume,0,0,0,0,no_volume,0,0,0,0,0,0,66117,28759,-0.3938,-245,1738,23,16,26,24,2
1774104334,24,74,0,0,0,0,no_volume,0,0,0,0,no_volume,0,0,0,0,no_volume,0,0,0,0,0,0,66117,28759,-0.3938,-245,1738,23,16,26,24,2
1774104335,24,74,0,0,0,0,no_volume,0,0,0,0,no_volume,0,0,0,0,no_volume,0,0,0,0,0,0,66117,28759,-0.3938,0,1738,23,16,26,24,2
1774104336,24,74,0,0,0,0,no_volume,0,0,0,0,no_volume,0,0,0,0,no_volume,0,0,0,0,0,0,66117,28759,-0.3938,0,1738,23,16,26,24,2
1774104337,24,74,0,0,0,0,low_activity,0,0,0,0,low_activity,0,0,0,0,low_activity,0,0,0,0,0,0,66049,28759,-0.3933,-68,7644,23,16,26,24,2
1774104338,24,74,0,0,0,0,low_activity,0,0,0,0,low_activity,0,0,0,0,low_activity,0,0,0,0,0,0,66049,28759,-0.3933,-68,7644,23,16,26,24,2
1774104339,24,74,0,0,0,0,low_activity,0,0,0,0,low_activity,0,0,0,0,low_activity,0,0,0,0,0,0,63061,28759,-0.3736,-3056,-1843,23,16,26,24,2
1774104340,24,74,0,0,0,0,no_volume,0,0,0,0,low_activity,0,0,0,0,low_activity,0,0,0,0,0,0,63129,28759,-0.374,-2920,-3233,23,16,26,24,2
1774104341,24,74,0,0,0,0,no_volume,0,0,0,0,low_activity,0,0,0,0,low_activity,0,0,0,0,0,0,63129,28759,-0.374,-2920,-3233,23,16,26,24,2
1774104342,24,74,0,0,0,0,no_volume,0,0,0,0,no_volume,0,0,0,0,low_activity,0,0,0,0,0,0,63129,28759,-0.374,68,-2988,23,16,26,24,2
1774104343,24,74,0,0,0,0,no_volume,0,0,0,0,no_volume,0,0,0,0,low_activity,0,0,0,0,0,0,66362,28759,-0.3953,3233,245,23,16,26,24,2
1774104344,24,74,0,0,0,0,no_volume,0,0,0,0,no_volume,0,0,0,0,low_activity,0,0,0,0,0,0,66362,28759,-0.3953,3233,245,23,16,26,24,2
1774104345,24,74,0,0,0,0,no_volume,0,0,0,0,no_volume,0,0,0,0,low_activity,0,0,0,0,0,0,66362,28759,-0.3953,3233,245,23,16,26,24,2
1774104346,24,74,0,0,0,0,no_volume,0,0,0,0,no_volume,0,0,0,0,low_activity,0,0,0,0,0,0,66362,28759,-0.3953,0,245,23,16,26,24,2
1774104347,24,74,0,0,0,0,no_volume,0,0,0,0,no_volume,0,0,0,0,low_activity,0,0,0,0,0,0,66362,28759,-0.3953,0,313,23,16,26,24,2
1774104348,24,74,0,0,0,0,no_volume,0,0,0,0,no_volume,0,0,0,0,low_activity,0,0,0,0,0,0,64904,28759,-0.3859,-1458,-1145,23,16,26,24,2
1774104349,24,74,0,0,0,0,no_volume,0,0,0,0,no_volume,0,0,0,0,low_activity,0,0,0,0,0,0,64904,28759,-0.3859,-1458,1843,23,16,26,24,2
1774104350,24,74,0,0,0,0,no_volume,0,0,0,0,no_volume,0,0,0,0,low_activity,0,0,0,0,0,0,64904,28759,-0.3859,-1458,1775,23,16,26,24,2
1774104351,24,74,0,0,0,0,no_volume,0,0,0,0,no_volume,0,0,0,0,low_activity,0,0,0,0,0,0,64904,28759,-0.3859,0,1775,23,16,26,24,2
1774104352,24,74,0,0,0,0,no_volume,0,0,0,0,no_volume,0,0,0,0,low_activity,0,0,0,0,0,0,66362,28759,-0.3953,1458,3233,23,16,26,24,2
1774104353,24,74,0,0,0,0,no_volume,0,0,0,0,no_volume,0,0,0,0,low_activity,0,0,0,0,0,0,66362,28759,-0.3953,1458,0,23,16,26,24,2
1774104354,24,74,0,0,0,0,no_volume,0,0,0,0,no_volume,0,0,0,0,low_activity,0,0,0,0,0,0,66362,28759,-0.3953,1458,0,23,16,26,24,2
1774104355,24,74,0,0,0,0,no_volume,0,0,0,0,no_volume,0,0,0,0,low_activity,0,0,0,0,0,0,66362,28659,-0.3968,0,0,23,16,26,24,2
1774104356,24,74,0,0,0,0,no_volume,0,0,0,0,no_volume,0,0,0,0,low_activity,0,0,0,0,0,0,66362,28659,-0.3968,0,0,23,16,26,24,2
1774104357,24,74,0,0,0,0,no_volume,0,0,0,0,no_volume,0,0,0,0,low_activity,0,0,0,0,0,0,66362,28659,-0.3968,0,0,23,16,26,24,2
1774104358,24,74,0,0,0,0,no_volume,0,0,0,0,no_volume,0,0,0,0,low_activity,0,0,0,0,0,0,66362,28659,-0.3968,0,1458,23,16,26,24,2
1774104359,24,74,0,0,0,0,no_volume,0,0,0,0,no_volume,0,0,0,0,low_activity,0,0,0,0,0,0,66362,28659,-0.3968,0,1458,23,16,26,24,2
1774104360,24,74,0,0,0,0,no_volume,0,0,0,0,no_volume,0,0,0,0,low_activity,0,0,0,0,0,0,66362,28659,-0.3968,0,1458,23,16,26,24,2
1774104361,24,74,0,0,0,0,no_volume,0,0,0,0,no_volume,0,0,0,0,low_activity,0,0,0,0,0,0,66117,28659,-0.3952,-245,1213,23,16,26,24,2
1774104362,24,74,0,0,0,0,no_volume,0,0,0,0,no_volume,0,0,0,0,low_activity,0,0,0,0,0,0,66117,28659,-0.3952,-245,-245,23,16,26,24,2
1774104363,24,74,0,0,0,0,no_volume,0,0,0,0,no_volume,0,0,0,0,low_activity,0,0,0,0,0,0,66117,28659,-0.3952,-245,-245,23,16,26,24,2
1774104364,24,74,0,0,0,0,no_volume,0,0,0,0,no_volume,0,0,0,0,low_activity,0,0,0,0,0,0,66117,28659,-0.3952,0,-245,23,16,26,24,2
1774104365,24,74,0,0,0,0,no_volume,0,0,0,0,no_volume,0,0,0,0,low_activity,0,0,0,0,0,0,66117,28659,-0.3952,0,-245,23,16,26,24,2
1774104366,24,74,0,0,0,0,no_volume,0,0,0,0,no_volume,0,0,0,0,low_activity,0,0,0,0,0,0,66117,28659,-0.3952,0,-245,23,16,26,24,2
1774104367,24,74,0,0,0,0,no_volume,0,0,0,0,no_volume,0,0,0,0,no_volume,0,0,0,0,0,0,66117,28659,-0.3952,0,-245,23,16,26,24,2
1774104368,24,74,0,0,0,0,no_volume,0,0,0,0,no_volume,0,0,0,0,no_volume,0,0,0,0,0,0,66117,28659,-0.3952,0,-245,23,16,26,24,2
1774104369,24,74,0,0,0,0,no_volume,0,0,0,0,no_volume,0,0,0,0,no_volume,0,0,0,0,0,0,66117,28659,-0.3952,0,-245,23,16,26,24,2
1774104370,24,74,0,0,0,0,no_volume,0,0,0,0,no_volume,0,0,0,0,no_volume,0,0,0,0,0,0,66117,28659,-0.3952,0,-245,23,16,26,24,2
1774104371,24,74,0,0,0,0,no_volume,0,0,0,0,no_volume,0,0,0,0,no_volume,0,0,0,0,0,0,57593,28659,-0.3355,-8524,-8524,23,16,26,24,2
1774104372,24,74,0,0,0,0,no_volume,0,0,0,0,no_volume,0,0,0,0,no_volume,0,0,0,0,0,0,57155,28659,-0.3321,-8962,-8962,23,16,26,24,2
1774104373,24,74,0,0,0,0,no_volume,0,0,0,0,no_volume,0,0,0,0,no_volume,0,0,0,0,0,0,57155,28659,-0.3321,-8962,-8962,23,16,26,24,2
1774104374,24,74,0,0,0,0,no_volume,0,0,0,0,no_volume,0,0,0,0,no_volume,0,0,0,0,0,0,57155,28659,-0.3321,-438,-8962,23,16,26,24,2
1774104375,24,74,0,0,0,0,no_volume,0,0,0,0,no_volume,0,0,0,0,no_volume,0,0,0,0,0,0,57155,28659,-0.3321,0,-8962,23,16,26,24,2
1774104376,24,74,0,0,0,0,no_volume,0,0,0,0,no_volume,0,0,0,0,no_volume,0,0,0,0,0,0,57155,28659,-0.3321,0,-8962,23,16,26,24,2
1774104377,24,74,0,0,0,0,no_volume,0,0,0,0,no_volume,0,0,0,0,no_volume,0,0,0,0,0,0,57155,28659,-0.3321,0,-8962,23,16,26,24,2
1774104378,24,74,0,0,0,0,no_volume,0,0,0,0,no_volume,0,0,0,0,no_volume,0,0,0,0,0,0,57155,28659,-0.3321,0,-8962,23,16,26,24,2
1774104379,24,74,0,0,0,0,no_volume,0,0,0,0,no_volume,0,0,0,0,no_volume,0,0,0,0,0,0,57155,28659,-0.3321,0,-8962,23,16,26,24,2
1774104380,24,74,0,0,0,0,no_volume,0,0,0,0,no_volume,0,0,0,0,no_volume,0,0,0,0,0,0,57155,28659,-0.3321,0,-8962,23,16,26,24,2
1774104381,24,74,0,0,0,0,no_volume,0,0,0,0,no_volume,0,0,0,0,no_volume,0,0,0,0,0,0,57155,28659,-0.3321,0,-438,23,16,26,24,2
1774104382,24,74,0,0,0,0,no_volume,0,0,0,0,no_volume,0,0,0,0,no_volume,0,0,0,0,0,0,57155,28659,-0.3321,0,0,23,16,26,24,2
1774104383,24,74,0,0,0,0,no_volume,0,0,0,0,no_volume,0,0,0,0,no_volume,0,0,0,0,0,0,57155,28659,-0.3321,0,0,23,16,26,24,2
1774104384,24,74,0,0,0,0,no_volume,0,0,0,0,no_volume,0,0,0,0,no_volume,0,0,0,0,0,0,57155,29040,-0.3262,0,0,23,16,26,24,2
1774104385,24,74,0,0,0,0,no_volume,0,0,0,0,no_volume,0,0,0,0,no_volume,0,0,0,0,0,0,57155,29040,-0.3262,0,0,23,16,26,24,2
1774104386,24,74,0,0,0,0,no_volume,0,0,0,0,no_volume,0,0,0,0,no_volume,0,0,0,0,0,0,57155,29040,-0.3262,0,0,23,16,26,24,2
1774104387,24,74,0,0,0,0,no_volume,0,0,0,0,no_volume,0,0,0,0,no_volume,0,0,0,0,0,0,57155,29040,-0.3262,0,0,23,16,26,24,2
1774104388,24,74,0,0,0,0,no_volume,0,0,0,0,no_volume,0,0,0,0,no_volume,0,0,0,0,0,0,57155,29040,-0.3262,0,0,23,16,26,24,2
1774104389,24,74,0,0,0,0,no_volume,0,0,0,0,no_volume,0,0,0,0,no_volume,0,0,0,0,0,0,63136,29040,-0.3699,5981,5981,23,16,26,24,2
1774104390,24,74,0,0,0,0,no_volume,0,0,0,0,no_volume,0,0,0,0,no_volume,0,0,0,0,0,0,63136,29040,-0.3699,5981,5981,23,16,26,24,2
1774104391,24,74,0,0,0,0,no_volume,0,0,0,0,no_volume,0,0,0,0,no_volume,0,0,0,0,0,0,63136,29040,-0.3699,5981,5981,23,16,26,24,2
1774104392,24,74,0,0,0,0,no_volume,0,0,0,0,no_volume,0,0,0,0,no_volume,0,0,0,0,0,0,63136,29040,-0.3699,0,5981,23,16,26,24,2
1774104393,24,74,0,0,0,0,no_volume,0,0,0,0,no_volume,0,0,0,0,no_volume,0,0,0,0,0,0,63136,29040,-0.3699,0,5981,23,16,26,24,2
1774104394,24,74,0,0,0,0,no_volume,0,0,0,0,no_volume,0,0,0,0,no_volume,0,0,0,0,0,0,63136,29040,-0.3699,0,5981,23,16,26,24,2
1774104395,24,74,0,0,0,0,no_volume,0,0,0,0,no_volume,0,0,0,0,no_volume,0,0,0,0,0,0,63136,29040,-0.3699,0,5981,23,16,26,24,2
1774104396,24,74,0,0,0,0,no_volume,0,0,0,0,no_volume,0,0,0,0,no_volume,0,0,0,0,0,0,63136,29040,-0.3699,0,5981,23,16,26,24,2
1774104397,24,74,0,0,0,0,no_volume,0,0,0,0,no_volume,0,0,0,0,no_volume,0,0,0,0,0,0,63136,29040,-0.3699,0,5981,23,16,26,24,2
1774104398,24,74,0,0,0,0,no_volume,0,0,0,0,no_volume,0,0,0,0,no_volume,0,0,0,0,0,0,63136,29040,-0.3699,0,5981,23,16,26,24,2
1774104399,24,74,0,0,0,0,no_volume,0,0,0,0,no_volume,0,0,0,0,no_volume,0,0,0,0,0,0,63136,29040,-0.3699,0,0,23,16,26,24,2
1774104400,24,74,0,0,0,0,no_volume,0,0,0,0,no_volume,0,0,0,0,no_volume,0,0,0,0,0,0,56492,29040,-0.321,-6644,-6644,23,16,26,24,2
1774104401,24,74,0,0,0,0,no_volume,0,0,0,0,no_volume,0,0,0,0,no_volume,0,0,0,0,0,0,56492,29040,-0.321,-6644,-6644,23,16,26,24,2
1774104402,24,74,0,0,0,0,no_volume,0,0,0,0,no_volume,0,0,0,0,no_volume,0,0,0,0,0,0,56492,29040,-0.321,-6644,-6644,23,16,26,24,2
1774104403,24,74,0,0,0,0,no_volume,0,0,0,0,no_volume,0,0,0,0,no_volume,0,0,0,0,0,0,56492,29040,-0.321,0,-6644,23,16,26,24,2
1774104404,24,74,0,0,0,0,no_volume,0,0,0,0,no_volume,0,0,0,0,no_volume,0,0,0,0,0,0,56492,29040,-0.321,0,-6644,23,16,26,24,2
1774104405,24,74,0,0,0,0,no_volume,0,0,0,0,no_volume,0,0,0,0,no_volume,0,0,0,0,0,0,56492,29040,-0.321,0,-6644,23,16,26,24,2
1774104406,24,74,0,0,0,0,no_volume,0,0,0,0,no_volume,0,0,0,0,no_volume,0,0,0,0,0,0,56492,29040,-0.321,0,-6644,23,16,26,24,2
1774104407,24,74,0,0,0,0,no_volume,0,0,0,0,no_volume,0,0,0,0,no_volume,0,0,0,0,0,0,56492,29040,-0.321,0,-6644,23,16,26,24,2
1774104408,24,74,0,0,0,0,no_volume,0,0,0,0,no_volume,0,0,0,0,no_volume,0,0,0,0,0,0,56492,29040,-0.321,0,-6644,23,16,26,24,2
1774104409,24,74,0,0,0,0,no_volume,0,0,0,0,no_volume,0,0,0,0,no_volume,0,0,0,0,0,0,56492,29040,-0.321,0,-6644,23,16,26,24,2
1774104410,24,74,0,0,0,0,no_volume,0,0,0,0,no_volume,0,0,0,0,no_volume,0,0,0,0,0,0,56492,29040,-0.321,0,0,23,16,26,24,2
1774104411,24,74,0,0,0,0,no_volume,0,0,0,0,no_volume,0,0,0,0,no_volume,0,0,0,0,0,0,56492,29040,-0.321,0,0,23,16,26,24,2
1774104412,24,74,0,0,0,0,no_volume,0,0,0,0,no_volume,0,0,0,0,no_volume,0,0,0,0,0,0,56492,29040,-0.321,0,0,23,16,26,24,2
1774104413,24,74,0,0,0,0,no_volume,0,0,0,0,no_volume,0,0,0,0,no_volume,0,0,0,0,0,0,56492,29040,-0.321,0,0,23,16,26,24,2
1774104414,24,74,0,0,0,0,no_volume,0,0,0,0,no_volume,0,0,0,0,no_volume,0,0,0,0,0,0,56492,29040,-0.321,0,0,23,16,26,24,2
1774104415,24,74,0,0,0,0,no_volume,0,0,0,0,no_volume,0,0,0,0,no_volume,0,0,0,0,0,0,56492,29040,-0.321,0,0,23,16,26,24,2
1774104416,24,74,0,0,0,0,no_volume,0,0,0,0,no_volume,0,0,0,0,no_volume,0,0,0,0,0,0,56492,29040,-0.321,0,0,23,16,26,24,2
1774104417,24,74,0,0,0,0,no_volume,0,0,0,0,no_volume,0,0,0,0,no_volume,0,0,0,0,0,0,56492,29040,-0.321,0,0,23,16,26,24,2
1774104418,24,74,0,0,0,0,no_volume,0,0,0,0,no_volume,0,0,0,0,no_volume,0,0,0,0,0,0,56492,29040,-0.321,0,0,23,16,26,24,2
1774104419,24,74,0,0,0,0,no_volume,0,0,0,0,no_volume,0,0,0,0,no_volume,0,0,0,0,0,0,56492,29040,-0.321,0,0,23,16,26,24,2
1774104420,24,74,0,0,0,0,no_volume,0,0,0,0,no_volume,0,0,0,0,no_volume,0,0,0,0,0,0,56492,29040,-0.321,0,0,23,16,26,24,2
1774104421,24,74,0,0,0,0,no_volume,0,0,0,0,no_volume,0,0,0,0,no_volume,0,0,0,0,0,0,56492,29040,-0.321,0,0,23,16,26,24,2
1774104422,24,74,0,0,0,0,no_volume,0,0,0,0,no_volume,0,0,0,0,no_volume,0,0,0,0,0,0,56492,29040,-0.321,0,0,23,16,26,24,2
1774104423,24,74,0,0,0,0,no_volume,0,0,0,0,no_volume,0,0,0,0,no_volume,0,0,0,0,0,0,56492,29040,-0.321,0,0,23,16,26,24,2
1774104424,24,74,0,0,0,0,no_volume,0,0,0,0,no_volume,0,0,0,0,no_volume,0,0,0,0,0,0,56492,29040,-0.321,0,0,23,16,26,24,2
1774104425,24,74,0,0,0,0,no_volume,0,0,0,0,no_volume,0,0,0,0,no_volume,0,0,0,0,0,0,56492,29040,-0.321,0,0,23,16,26,24,2
1774104426,24,74,0,0,0,0,no_volume,0,0,0,0,no_volume,0,0,0,0,no_volume,0,0,0,0,0,0,56492,29040,-0.321,0,0,23,16,26,24,2
1774104427,24,74,0,0,0,0,no_volume,0,0,0,0,no_volume,0,0,0,0,no_volume,0,0,0,0,0,0,56492,29040,-0.321,0,0,23,16,26,24,2
1774104428,24,74,0,0,0,0,no_volume,0,0,0,0,no_volume,0,0,0,0,no_volume,0,0,0,0,0,0,56492,29040,-0.321,0,0,23,16,26,24,2
1774104429,24,74,0,0,0,0,no_volume,0,0,0,0,no_volume,0,0,0,0,no_volume,0,0,0,0,0,0,56492,29040,-0.321,0,0,23,16,26,24,2
1774104430,24,74,0,0,0,0,no_volume,0,0,0,0,no_volume,0,0,0,0,no_volume,0,0,0,0,0,0,56492,29040,-0.321,0,0,23,16,26,24,2
1774104431,24,74,0,0,0,0,no_volume,0,0,0,0,no_volume,0,0,0,0,no_volume,0,0,0,0,0,0,56492,29040,-0.321,0,0,23,16,26,24,2
1774104432,24,74,0,0,0,0,no_volume,0,0,0,0,no_volume,0,0,0,0,no_volume,0,0,0,0,0,0,56492,29040,-0.321,0,0,23,16,26,24,2
1774104433,24,74,0,0,0,0,no_volume,0,0,0,0,no_volume,0,0,0,0,no_volume,0,0,0,0,0,0,56492,29040,-0.321,0,0,23,16,26,24,2
1774104434,24,74,0,0,0,0,no_volume,0,0,0,0,no_volume,0,0,0,0,no_volume,0,0,0,0,0,0,56492,29040,-0.321,0,0,23,16,26,24,2
1774104435,24,74,0,0,0,0,no_volume,0,0,0,0,no_volume,0,0,0,0,no_volume,0,0,0,0,0,0,56492,29040,-0.321,0,0,23,16,26,24,2
1774104436,24,74,0,0,0,0,no_volume,0,0,0,0,no_volume,0,0,0,0,no_volume,0,0,0,0,0,0,56492,29040,-0.321,0,0,23,16,26,24,2
1774104437,24,74,0,0,0,0,no_volume,0,0,0,0,no_volume,0,0,0,0,no_volume,0,0,0,0,0,0,56492,29040,-0.321,0,0,23,16,26,24,2
1774104438,24,74,0,0,0,0,no_volume,0,0,0,0,no_volume,0,0,0,0,no_volume,0,0,0,0,0,0,55675,29040,-0.3144,-817,-817,23,16,26,24,2
1774104439,24,74,0,0,0,0,no_volume,0,0,0,0,no_volume,0,0,0,0,no_volume,0,0,0,0,0,0,55675,29040,-0.3144,-817,-817,23,16,26,24,2
1774104440,24,74,0,0,0,0,no_volume,0,0,0,0,no_volume,0,0,0,0,no_volume,0,0,0,0,0,0,55675,29040,-0.3144,-817,-817,23,16,26,24,2
1774104441,24,74,0,0,0,0,no_volume,0,0,0,0,no_volume,0,0,0,0,no_volume,0,0,0,0,0,0,55675,29040,-0.3144,0,-817,23,16,26,24,2
1774104442,24,74,0,0,0,0,no_volume,0,0,0,0,no_volume,0,0,0,0,no_volume,0,0,0,0,0,0,55675,29040,-0.3144,0,-817,23,16,26,24,2
1774104443,24,74,0,0,0,0,no_volume,0,0,0,0,no_volume,0,0,0,0,no_volume,0,0,0,0,0,0,55675,29040,-0.3144,0,-817,23,16,26,24,2
1774104444,24,74,0,0,0,0,no_volume,0,0,0,0,no_volume,0,0,0,0,no_volume,0,0,0,0,0,0,55675,29040,-0.3144,0,-817,23,16,26,24,2
1774104445,24,74,0,0,0,0,no_volume,0,0,0,0,no_volume,0,0,0,0,no_volume,0,0,0,0,0,0,55675,29040,-0.3144,0,-817,23,16,26,24,2
1774104446,24,74,0,0,0,0,no_volume,0,0,0,0,no_volume,0,0,0,0,no_volume,0,0,0,0,0,0,56094,29040,-0.3178,419,-398,23,16,26,24,2
1774104447,24,74,0,0,0,0,no_volume,0,0,0,0,no_volume,0,0,0,0,no_volume,0,0,0,0,0,0,56094,29040,-0.3178,419,-398,23,16,26,24,2
1774104448,24,74,0,0,0,0,no_volume,0,0,0,0,no_volume,0,0,0,0,no_volume,0,0,0,0,0,0,56094,29040,-0.3178,419,419,23,16,26,24,2
1774104449,24,74,0,0,0,0,no_volume,0,0,0,0,no_volume,0,0,0,0,no_volume,0,0,0,0,0,0,51305,29040,-0.2771,-4789,-4370,23,16,26,24,2
1774104450,24,74,0,0,0,0,no_volume,0,0,0,0,no_volume,0,0,0,0,no_volume,0,0,0,0,0,0,51305,29040,-0.2771,-4789,-4370,23,16,26,24,2
1774104451,24,74,0,0,0,0,no_volume,0,0,0,0,no_volume,0,0,0,0,no_volume,0,0,0,0,0,0,56487,29040,-0.3209,393,812,23,16,26,24,2
1774104452,24,74,0,0,0,0,no_volume,0,0,0,0,no_volume,0,0,0,0,no_volume,0,0,0,0,0,0,56487,29040,-0.3209,5182,812,23,16,26,24,2
1774104453,24,74,0,0,0,0,no_volume,0,0,0,0,no_volume,0,0,0,0,no_volume,0,0,0,0,0,0,56487,29040,-0.3209,5182,812,23,16,26,24,2
1774104454,24,74,0,0,0,0,no_volume,0,0,0,0,no_volume,0,0,0,0,no_volume,0,0,0,0,0,0,59965,29073,-0.347,3478,4290,23,16,26,24,2
1774104455,24,74,0,0,0,0,no_volume,0,0,0,0,no_volume,0,0,0,0,no_volume,0,0,0,0,0,0,59965,29073,-0.347,3478,4290,23,16,26,24,2
1774104456,24,74,0,0,0,0,no_volume,0,0,0,0,no_volume,0,0,0,0,no_volume,0,0,0,0,0,0,67603,29073,-0.3985,11116,11509,23,16,26,24,2
1774104457,24,74,0,0,0,0,no_volume,0,0,0,0,no_volume,0,0,0,0,no_volume,0,0,0,0,0,0,67603,29073,-0.3985,7638,11509,23,16,26,24,2
1774104458,24,74,0,0,0,0,no_volume,0,0,0,0,no_volume,0,0,0,0,no_volume,0,0,0,0,0,0,67392,29073,-0.3972,7427,11298,23,16,26,24,2
1774104459,24,74,0,0,0,0,no_volume,0,0,0,0,no_volume,0,0,0,0,no_volume,0,0,0,0,0,0,67392,29073,-0.3972,-211,16087,23,16,26,24,2
1774104460,24,74,0,0,0,0,no_volume,0,0,0,0,no_volume,0,0,0,0,no_volume,0,0,0,0,0,0,67392,29073,-0.3972,-211,16087,23,16,26,24,2
1774104461,24,74,0,0,0,0,no_volume,0,0,0,0,no_volume,0,0,0,0,no_volume,0,0,0,0,0,0,67392,29073,-0.3972,0,10905,23,16,26,24,2
1774104462,24,74,0,0,0,0,no_volume,0,0,0,0,no_volume,0,0,0,0,no_volume,0,0,0,0,0,0,67392,29073,-0.3972,0,10905,23,16,26,24,2
1774104463,24,74,0,0,0,0,no_volume,0,0,0,0,no_volume,0,0,0,0,no_volume,0,0,0,0,0,0,67392,29073,-0.3972,0,10905,23,16,26,24,2
1774104464,24,74,0,0,0,0,no_volume,0,0,0,0,no_volume,0,0,0,0,no_volume,0,0,0,0,0,0,67392,29073,-0.3972,0,7427,23,16,26,24,2
1774104465,24,74,0,0,0,0,no_volume,0,0,0,0,no_volume,0,0,0,0,no_volume,0,0,0,0,0,0,63706,29073,-0.3733,-3686,3741,23,16,26,24,2
1774104466,24,74,0,0,0,0,no_volume,0,0,0,0,no_volume,0,0,0,0,no_volume,0,0,0,0,0,0,63706,29073,-0.3733,-3686,-3897,23,16,26,24,2
1774104467,24,74,0,0,0,0,no_volume,0,0,0,0,no_volume,0,0,0,0,no_volume,0,0,0,0,0,0,63706,29073,-0.3733,-3686,-3897,23,16,26,24,2
1774104468,24,74,0,0,0,0,no_volume,0,0,0,0,no_volume,0,0,0,0,no_volume,0,0,0,0,0,0,63706,29073,-0.3733,0,-3686,23,16,26,24,2
1774104469,24,74,0,0,0,0,no_volume,0,0,0,0,no_volume,0,0,0,0,no_volume,0,0,0,0,0,0,63129,29073,-0.3694,-577,-4263,23,16,26,24,2
1774104470,24,74,0,0,0,0,no_volume,0,0,0,0,no_volume,0,0,0,0,no_volume,0,0,0,0,0,0,63129,29073,-0.3694,-577,-4263,23,16,26,24,2
1774104471,24,74,0,0,0,0,no_volume,0,0,0,0,no_volume,0,0,0,0,no_volume,0,0,0,0,0,0,63129,29073,-0.3694,-577,-4263,23,16,26,24,2
1774104472,24,74,0,0,0,0,no_volume,0,0,0,0,no_volume,0,0,0,0,no_volume,0,0,0,0,0,0,63129,29073,-0.3694,0,-4263,23,16,26,24,2
1774104473,24,74,0,0,0,0,no_volume,0,0,0,0,no_volume,0,0,0,0,no_volume,0,0,0,0,0,0,59177,29073,-0.3411,-3952,-8215,23,16,26,24,2
1774104474,24,74,0,0,0,0,no_volume,0,0,0,0,no_volume,0,0,0,0,no_volume,0,0,0,0,0,0,59615,29073,-0.3444,-3514,-7777,23,16,26,24,2
1774104475,24,74,0,0,0,0,no_volume,0,0,0,0,no_volume,0,0,0,0,no_volume,0,0,0,0,0,0,59965,29073,-0.347,-3164,-3741,23,16,26,24,2
1774104476,24,74,0,0,0,0,no_volume,0,0,0,0,no_volume,0,0,0,0,no_volume,0,0,0,0,0,0,59965,29073,-0.347,788,-3741,23,16,26,24,2
1774104477,24,74,0,0,0,0,no_volume,0,0,0,0,no_volume,0,0,0,0,no_volume,0,0,0,0,0,0,59965,29073,-0.347,350,-3741,23,16,26,24,2
1774104478,24,74,0,0,0,0,no_volume,0,0,0,0,no_volume,0,0,0,0,no_volume,0,0,0,0,0,0,61987,29073,-0.3615,2022,-1719,23,16,26,24,2
1774104479,24,74,0,0,0,0,no_volume,0,0,0,0,no_volume,0,0,0,0,no_volume,0,0,0,0,0,0,61987,29073,-0.3615,2022,-1142,23,16,26,24,2
1774104480,24,74,0,0,0,0,no_volume,0,0,0,0,no_volume,0,0,0,0,no_volume,0,0,0,0,0,0,61987,29073,-0.3615,2022,-1142,23,16,26,24,2
1774104481,24,74,0,0,0,0,no_volume,0,0,0,0,no_volume,0,0,0,0,no_volume,0,0,0,0,0,0,59965,29073,-0.347,-2022,-3164,23,16,26,24,2
1774104482,24,74,0,0,0,0,no_volume,0,0,0,0,no_volume,0,0,0,0,no_volume,0,0,0,0,0,0,59965,27431,-0.3723,-2022,-3164,23,16,26,24,2
1774104483,24,74,0,0,0,0,no_volume,0,0,0,0,no_volume,0,0,0,0,no_volume,0,0,0,0,0,0,59965,27431,-0.3723,-2022,788,23,16,26,24,2
1774104484,24,74,0,0,0,0,no_volume,0,0,0,0,no_volume,0,0,0,0,no_volume,0,0,0,0,0,0,64219,27431,-0.4014,4254,4604,23,16,26,24,2
1774104485,24,74,0,0,0,0,no_volume,0,0,0,0,no_volume,0,0,0,0,no_volume,0,0,0,0,0,0,58959,27431,-0.3649,-1006,-1006,23,16,26,24,2
1774104486,24,74,0,0,0,0,no_volume,0,0,0,0,no_volume,0,0,0,0,no_volume,0,0,0,0,0,0,58959,27431,-0.3649,-1006,-1006,23,16,26,24,2
1774104487,24,74,0,0,0,0,no_volume,0,0,0,0,no_volume,0,0,0,0,no_volume,0,0,0,0,0,0,58959,27431,-0.3649,-5260,-1006,23,16,26,24,2
1774104488,24,74,0,0,0,0,no_volume,0,0,0,0,no_volume,0,0,0,0,no_volume,0,0,0,0,0,0,58959,27431,-0.3649,0,-3028,23,16,26,24,2
1774104489,24,74,0,0,0,0,no_volume,0,0,0,0,no_volume,0,0,0,0,no_volume,0,0,0,0,0,0,64933,27431,-0.406,5974,2946,23,16,26,24,2
1774104490,24,74,0,0,0,0,no_volume,0,0,0,0,no_volume,0,0,0,0,no_volume,0,0,0,0,0,0,64933,27431,-0.406,5974,2946,23,16,26,24,2
1774104491,24,74,0,0,0,0,no_volume,0,0,0,0,no_volume,0,0,0,0,no_volume,0,0,0,0,0,0,58959,27431,-0.3649,0,-1006,23,16,26,24,2
1774104492,24,74,0,0,0,0,no_volume,0,0,0,0,no_volume,0,0,0,0,no_volume,0,0,0,0,0,0,58959,27431,-0.3649,-5974,-1006,23,16,26,24,2
1774104493,24,74,0,0,0,0,no_volume,0,0,0,0,no_volume,0,0,0,0,no_volume,0,0,0,0,0,0,56675,27431,-0.3477,-8258,-3290,23,16,26,24,2
1774104494,24,74,0,0,0,0,no_volume,0,0,0,0,no_volume,0,0,0,0,no_volume,0,0,0,0,0,0,56675,27431,-0.3477,-2284,-7544,23,16,26,24,2
1774104495,24,74,0,0,0,0,no_volume,0,0,0,0,no_volume,0,0,0,0,no_volume,0,0,0,0,0,0,56675,27431,-0.3477,-2284,-2284,23,16,26,24,2
1774104496,24,74,0,0,0,0,no_volume,0,0,0,0,no_volume,0,0,0,0,no_volume,0,0,0,0,0,0,56675,27431,-0.3477,0,-2284,23,16,26,24,2
1774104497,24,74,0,0,0,0,no_volume,0,0,0,0,no_volume,0,0,0,0,no_volume,0,0,0,0,0,0,56675,27431,-0.3477,0,-2284,23,16,26,24,2
1774104498,24,74,0,0,0,0,no_volume,0,0,0,0,no_volume,0,0,0,0,no_volume,0,0,0,0,0,0,56675,27431,-0.3477,0,-2284,23,16,26,24,2
1774104499,24,74,0,0,0,0,no_volume,0,0,0,0,no_volume,0,0,0,0,no_volume,0,0,0,0,0,0,62649,27431,-0.391,5974,-2284,23,16,26,24,2
1774104500,24,74,0,0,0,0,no_volume,0,0,0,0,no_volume,0,0,0,0,no_volume,0,0,0,0,0,0,70662,27431,-0.4407,13987,5729,23,16,26,24,2
1774104501,24,74,0,0,0,0,no_volume,0,0,0,0,no_volume,0,0,0,0,no_volume,0,0,0,0,0,0,70209,27431,-0.4381,13534,11250,23,16,26,24,2
1774104502,24,74,0,0,0,0,no_volume,0,0,0,0,no_volume,0,0,0,0,no_volume,0,0,0,0,0,0,70209,27431,-0.4381,7560,11250,23,16,26,24,2
1774104503,24,74,0,0,0,0,no_volume,0,0,0,0,no_volume,0,0,0,0,no_volume,0,0,0,0,0,0,71215,27431,-0.4438,553,14540,23,16,26,24,2
1774104504,24,74,0,0,0,0,no_volume,0,0,0,0,no_volume,0,0,0,0,no_volume,0,0,0,0,0,0,71215,27431,-0.4438,1006,14540,23,16,26,24,2
1774104505,24,74,0,0,0,0,no_volume,0,0,0,0,no_volume,0,0,0,0,no_volume,0,0,0,0,0,0,66474,27431,-0.4158,-3735,9799,23,16,26,24,2
1774104506,24,74,0,0,0,0,no_volume,0,0,0,0,no_volume,0,0,0,0,no_volume,0,0,0,0,0,0,66474,27431,-0.4158,-4741,9799,23,16,26,24,2
1774104507,24,74,0,0,0,0,no_volume,0,0,0,0,no_volume,0,0,0,0,no_volume,0,0,0,0,0,0,66474,27431,-0.4158,-4741,9799,23,16,26,24,2
1774104508,24,74,0,0,0,0,no_volume,0,0,0,0,no_volume,0,0,0,0,no_volume,0,0,0,0,0,0,66474,27431,-0.4158,0,9799,23,16,26,24,2
1774104509,24,74,0,0,0,0,no_volume,0,0,0,0,no_volume,0,0,0,0,no_volume,0,0,0,0,0,0,66474,27431,-0.4158,0,3825,23,16,26,24,2
1774104510,24,74,0,0,0,0,no_volume,0,0,0,0,no_volume,0,0,0,0,no_volume,0,0,0,0,0,0,66927,27431,-0.4186,453,-3735,23,16,26,24,2
1774104511,24,74,0,0,0,0,no_volume,0,0,0,0,no_volume,0,0,0,0,no_volume,0,0,0,0,0,0,66677,27181,-0.4208,203,-3532,23,15,26,24,2
1774104512,24,74,0,0,0,0,no_volume,0,0,0,0,no_volume,0,0,0,0,no_volume,0,0,0,0,0,0,66224,27181,-0.418,-250,-3985,23,15,26,24,2
1774104513,24,74,0,0,0,0,no_volume,0,0,0,0,no_volume,0,0,0,0,no_volume,0,0,0,0,0,0,66224,27181,-0.418,-703,-4991,23,15,26,24,2
1774104514,24,74,0,0,0,0,no_volume,0,0,0,0,no_volume,0,0,0,0,no_volume,0,0,0,0,0,0,66224,27181,-0.418,-453,-4991,23,15,26,24,2
1774104515,24,74,0,0,0,0,no_volume,0,0,0,0,no_volume,0,0,0,0,no_volume,0,0,0,0,0,0,65468,27431,-0.4094,-756,-1006,24,15,26,24,2
1774104516,24,74,0,0,0,0,no_volume,0,0,0,0,no_volume,0,0,0,0,no_volume,0,0,0,0,0,0,65468,27431,-0.4094,-756,-1006,24,15,26,24,2
1774104517,24,74,0,0,0,0,no_volume,0,0,0,0,no_volume,0,0,0,0,no_volume,0,0,0,0,0,0,65468,27431,-0.4094,-756,-1006,24,15,26,24,2
1774104518,24,74,0,0,0,0,no_volume,0,0,0,0,no_volume,0,0,0,0,no_volume,0,0,0,0,0,0,65468,27431,-0.4094,0,-1006,24,15,26,24,2
1774104519,24,74,0,0,0,0,no_volume,0,0,0,0,no_volume,0,0,0,0,no_volume,0,0,0,0,0,0,65468,27431,-0.4094,0,-1006,24,15,26,24,2
1774104520,24,74,0,0,0,0,no_volume,0,0,0,0,no_volume,0,0,0,0,no_volume,0,0,0,0,0,0,65468,27431,-0.4094,0,-1459,24,15,26,24,2
1774104521,24,74,0,0,0,0,no_volume,0,0,0,0,no_volume,0,0,0,0,no_volume,0,0,0,0,0,0,65468,27431,-0.4094,0,-1209,24,15,26,24,2
1774104522,24,74,0,0,0,0,no_volume,0,0,0,0,no_volume,0,0,0,0,no_volume,0,0,0,0,0,0,65468,27431,-0.4094,0,-756,24,15,26,24,2
1774104523,24,74,0,0,0,0,no_volume,0,0,0,0,no_volume,0,0,0,0,no_volume,0,0,0,0,0,0,65468,27431,-0.4094,0,-756,24,15,26,24,2
1774104524,24,74,0,0,0,0,no_volume,0,0,0,0,no_volume,0,0,0,0,no_volume,0,0,0,0,0,0,65468,27431,-0.4094,0,-756,24,15,26,24,2
1774104525,24,74,0,0,0,0,no_volume,0,0,0,0,no_volume,0,0,0,0,no_volume,0,0,0,0,0,0,65468,27431,-0.4094,0,0,24,15,26,24,2
1774104526,24,74,0,0,0,0,no_volume,0,0,0,0,no_volume,0,0,0,0,no_volume,0,0,0,0,0,0,65468,27431,-0.4094,0,0,24,15,26,24,2
1774104527,24,74,0,0,0,0,no_volume,0,0,0,0,no_volume,0,0,0,0,no_volume,0,0,0,0,0,0,65241,27431,-0.408,-227,-227,24,15,26,24,2
1774104528,24,74,0,0,0,0,no_volume,0,0,0,0,no_volume,0,0,0,0,no_volume,0,0,0,0,0,0,65694,27431,-0.4109,226,226,24,15,26,24,2
1774104529,24,74,0,0,0,0,no_volume,0,0,0,0,no_volume,0,0,0,0,no_volume,0,0,0,0,0,0,65694,27431,-0.4109,226,226,24,15,26,24,2
1774104530,24,74,0,0,0,0,no_volume,0,0,0,0,no_volume,0,0,0,0,no_volume,0,0,0,0,0,0,65694,27431,-0.4109,453,226,24,15,26,24,2
1774104531,24,74,0,0,0,0,no_volume,0,0,0,0,no_volume,0,0,0,0,no_volume,0,0,0,0,0,0,65694,27431,-0.4109,0,226,24,15,26,24,2
1774104532,24,74,0,0,0,0,no_volume,0,0,0,0,no_volume,0,0,0,0,no_volume,0,0,0,0,0,0,65694,27431,-0.4109,0,226,24,15,26,24,2
1774104533,24,74,0,0,0,0,no_volume,0,0,0,0,no_volume,0,0,0,0,no_volume,0,0,0,0,0,0,65694,27431,-0.4109,0,226,24,15,26,24,2
1774104534,24,74,0,0,0,0,no_volume,0,0,0,0,no_volume,0,0,0,0,no_volume,0,0,0,0,0,0,65694,27431,-0.4109,0,226,24,15,26,24,2
1774104535,24,74,0,0,0,0,no_volume,0,0,0,0,no_volume,0,0,0,0,no_volume,0,0,0,0,0,0,65694,27431,-0.4109,0,226,24,15,26,24,2
1774104536,24,74,0,0,0,0,no_volume,0,0,0,0,no_volume,0,0,0,0,no_volume,0,0,0,0,0,0,65694,27431,-0.4109,0,226,24,15,26,24,2
1774104537,24,74,0,0,0,0,no_volume,0,0,0,0,no_volume,0,0,0,0,no_volume,0,0,0,0,0,0,65694,27431,-0.4109,0,453,24,15,26,24,2
1774104538,24,74,0,0,0,0,no_volume,0,0,0,0,no_volume,0,0,0,0,no_volume,0,0,0,0,0,0,65694,27431,-0.4109,0,0,24,15,26,24,2
1774104539,24,74,0,0,0,0,no_volume,0,0,0,0,no_volume,0,0,0,0,no_volume,0,0,0,0,0,0,65694,27431,-0.4109,0,0,24,15,26,24,2
1774104540,24,74,0,0,0,0,no_volume,0,0,0,0,no_volume,0,0,0,0,no_volume,0,0,0,0,0,0,65241,27431,-0.408,-453,-453,24,15,26,24,2
1774104541,24,74,0,0,0,0,no_volume,0,0,0,0,no_volume,0,0,0,0,no_volume,0,0,0,0,0,0,65241,27431,-0.408,-453,-453,24,15,26,24,2
1774104542,24,74,0,0,0,0,no_volume,0,0,0,0,no_volume,0,0,0,0,no_volume,0,0,0,0,0,0,65694,27431,-0.4109,0,0,24,15,26,24,2
1774104543,24,74,0,0,0,0,no_volume,0,0,0,0,no_volume,0,0,0,0,no_volume,0,0,0,0,0,0,65694,27431,-0.4109,453,0,24,15,26,24,2
1774104544,24,74,0,0,0,0,no_volume,0,0,0,0,no_volume,0,0,0,0,no_volume,0,0,0,0,0,0,65694,27431,-0.4109,453,0,24,15,26,24,2
1774104545,24,74,0,0,0,0,no_volume,0,0,0,0,no_volume,0,0,0,0,no_volume,0,0,0,0,0,0,65694,27431,-0.4109,0,0,24,15,26,24,2
1774104546,24,74,0,0,0,0,no_volume,0,0,0,0,no_volume,0,0,0,0,no_volume,0,0,0,0,0,0,65694,27431,-0.4109,0,0,24,15,26,24,2
1774104547,24,74,0,0,0,0,no_volume,0,0,0,0,no_volume,0,0,0,0,no_volume,0,0,0,0,0,0,65694,27431,-0.4109,0,0,24,15,26,24,2
1774104548,24,74,0,0,0,0,no_volume,0,0,0,0,no_volume,0,0,0,0,no_volume,0,0,0,0,0,0,65694,27431,-0.4109,0,0,24,15,26,24,2
1774104549,24,74,0,0,0,0,no_volume,0,0,0,0,no_volume,0,0,0,0,no_volume,0,0,0,0,0,0,65281,27431,-0.4083,-413,-413,24,15,26,24,2
1774104550,24,74,0,0,0,0,no_volume,0,0,0,0,no_volume,0,0,0,0,no_volume,0,0,0,0,0,0,65281,27431,-0.4083,-413,40,24,15,26,24,2
1774104551,24,74,0,0,0,0,no_volume,0,0,0,0,no_volume,0,0,0,0,no_volume,0,0,0,0,0,0,65281,27431,-0.4083,-413,40,24,15,26,24,2
1774104552,24,74,0,0,0,0,no_volume,0,0,0,0,no_volume,0,0,0,0,no_volume,0,0,0,0,0,0,65110,27431,-0.4072,-171,-584,24,15,26,24,2
1774104553,24,74,0,0,0,0,no_volume,0,0,0,0,no_volume,0,0,0,0,no_volume,0,0,0,0,0,0,65110,27431,-0.4072,-171,-584,24,15,26,24,2
1774104554,24,74,0,0,0,0,no_volume,0,0,0,0,no_volume,0,0,0,0,no_volume,0,0,0,0,0,0,65523,27431,-0.4098,242,-171,24,15,26,24,2
1774104555,24,74,0,0,0,0,no_volume,0,0,0,0,no_volume,0,0,0,0,no_volume,0,0,0,0,0,0,65523,27431,-0.4098,413,-171,24,15,26,24,2
1774104556,24,74,0,0,0,0,no_volume,0,0,0,0,no_volume,0,0,0,0,no_volume,0,0,0,0,0,0,65523,27431,-0.4098,413,-171,24,15,26,24,2
1774104557,24,74,0,0,0,0,no_volume,0,0,0,0,no_volume,0,0,0,0,no_volume,0,0,0,0,0,0,65110,27431,-0.4072,-413,-584,24,15,26,24,2
1774104558,24,74,0,0,0,0,no_volume,0,0,0,0,no_volume,0,0,0,0,no_volume,0,0,0,0,0,0,65110,27431,-0.4072,-413,-584,24,15,26,24,2
1774104559,24,74,0,0,0,0,no_volume,0,0,0,0,no_volume,0,0,0,0,no_volume,0,0,0,0,0,0,65934,27431,-0.4124,411,653,24,15,26,24,2
1774104560,24,74,0,0,0,0,no_volume,0,0,0,0,no_volume,0,0,0,0,no_volume,0,0,0,0,0,0,65110,27431,-0.4072,0,-171,24,15,26,24,2
1774104561,24,74,0,0,0,0,no_volume,0,0,0,0,no_volume,0,0,0,0,no_volume,0,0,0,0,0,0,65563,27431,-0.41,453,282,24,15,26,24,2
1774104562,24,74,0,0,0,0,no_volume,0,0,0,0,no_volume,0,0,0,0,no_volume,0,0,0,0,0,0,65563,27431,-0.41,-371,453,24,15,26,24,2
1774104563,24,74,0,0,0,0,no_volume,0,0,0,0,no_volume,0,0,0,0,no_volume,0,0,0,0,0,0,59821,27431,-0.3712,-5289,-5289,24,15,26,24,2
1774104564,24,74,0,0,0,0,no_volume,0,0,0,0,no_volume,0,0,0,0,no_volume,0,0,0,0,0,0,59821,27431,-0.3712,-5742,-5702,24,15,26,24,2
1774104565,24,74,0,0,0,0,no_volume,0,0,0,0,no_volume,0,0,0,0,no_volume,0,0,0,0,0,0,59368,27431,-0.3679,-6195,-6155,24,15,26,24,2
1774104566,24,74,0,0,0,0,no_volume,0,0,0,0,no_volume,0,0,0,0,no_volume,0,0,0,0,0,0,59368,27431,-0.3679,-453,-6155,24,15,26,24,2
1774104567,24,74,0,0,0,0,no_volume,0,0,0,0,no_volume,0,0,0,0,no_volume,0,0,0,0,0,0,59368,27431,-0.3679,-453,-5742,24,15,26,24,2
1774104568,24,74,0,0,0,0,no_volume,0,0,0,0,no_volume,0,0,0,0,no_volume,0,0,0,0,0,0,65199,27431,-0.4077,5831,89,24,15,26,24,2
1774104569,24,74,0,0,0,0,no_volume,0,0,0,0,no_volume,0,0,0,0,no_volume,0,0,0,0,0,0,65199,27431,-0.4077,5831,-735,24,15,26,24,2
1774104570,24,74,0,0,0,0,no_volume,0,0,0,0,no_volume,0,0,0,0,no_volume,0,0,0,0,0,0,65199,27431,-0.4077,5831,89,24,15,26,24,2
1774104571,24,74,0,0,0,0,no_volume,0,0,0,0,no_volume,0,0,0,0,no_volume,0,0,0,0,0,0,65028,27431,-0.4066,-171,-535,24,15,26,24,2
1774104572,24,74,0,0,0,0,no_volume,0,0,0,0,no_volume,0,0,0,0,no_volume,0,0,0,0,0,0,65028,27431,-0.4066,-171,-535,24,15,26,24,2
1774104573,24,74,0,0,0,0,no_volume,0,0,0,0,no_volume,0,0,0,0,no_volume,0,0,0,0,0,0,65028,27431,-0.4066,-171,5207,24,15,26,24,2
1774104574,24,74,0,0,0,0,no_volume,0,0,0,0,no_volume,0,0,0,0,no_volume,0,0,0,0,0,0,65028,27431,-0.4066,0,5207,24,15,26,24,2
1774104575,24,74,0,0,0,0,no_volume,0,0,0,0,no_volume,0,0,0,0,no_volume,0,0,0,0,0,0,65028,27431,-0.4066,0,5660,24,15,26,24,2
1774104576,24,74,0,0,0,0,no_volume,0,0,0,0,no_volume,0,0,0,0,no_volume,0,0,0,0,0,0,65310,27431,-0.4084,282,5942,24,15,26,24,2
1774104577,24,74,0,0,0,0,no_volume,0,0,0,0,no_volume,0,0,0,0,no_volume,0,0,0,0,0,0,65310,27431,-0.4084,282,5942,24,15,26,24,2
1774104578,24,74,0,0,0,0,no_volume,0,0,0,0,no_volume,0,0,0,0,no_volume,0,0,0,0,0,0,65060,27181,-0.4107,32,-139,23,15,26,24,2
1774104579,24,74,0,0,0,0,no_volume,0,0,0,0,no_volume,0,0,0,0,no_volume,0,0,0,0,0,0,65060,27181,-0.4107,-250,-139,23,15,26,24,2
1774104580,24,74,0,0,0,0,no_volume,0,0,0,0,no_volume,0,0,0,0,no_volume,0,0,0,0,0,0,65310,27431,-0.4084,0,111,23,16,26,24,2
1774104581,24,74,0,0,0,0,no_volume,0,0,0,0,no_volume,0,0,0,0,no_volume,0,0,0,0,0,0,65310,27431,-0.4084,250,282,23,16,26,24,2
1774104582,24,74,0,0,0,0,no_volume,0,0,0,0,no_volume,0,0,0,0,no_volume,0,0,0,0,0,0,65028,27431,-0.4066,-32,0,23,16,26,24,2
1774104583,24,74,0,0,0,0,no_volume,0,0,0,0,no_volume,0,0,0,0,no_volume,0,0,0,0,0,0,65028,27431,-0.4066,-282,0,23,16,26,24,2
1774104584,24,74,0,0,0,0,no_volume,0,0,0,0,no_volume,0,0,0,0,no_volume,0,0,0,0,0,0,65028,27431,-0.4066,-282,0,23,16,26,24,2
1774104585,24,74,0,0,0,0,no_volume,0,0,0,0,no_volume,0,0,0,0,no_volume,0,0,0,0,0,0,65028,27431,-0.4066,0,0,23,16,26,24,2
1774104586,24,74,0,0,0,0,no_volume,0,0,0,0,no_volume,0,0,0,0,no_volume,0,0,0,0,0,0,65652,27431,-0.4106,624,342,23,16,26,24,2
1774104587,24,74,0,0,0,0,no_volume,0,0,0,0,no_volume,0,0,0,0,no_volume,0,0,0,0,0,0,65028,27431,-0.4066,0,-282,23,16,26,24,2
1774104588,24,74,0,0,0,0,no_volume,0,0,0,0,no_volume,0,0,0,0,no_volume,0,0,0,0,0,0,57768,27431,-0.3561,-7260,-7292,23,16,26,24,2
1774104589,24,74,0,0,0,0,no_volume,0,0,0,0,no_volume,0,0,0,0,no_volume,0,0,0,0,0,0,57768,27431,-0.3561,-7884,-7292,23,16,26,24,2
1774104590,24,74,0,0,0,0,no_volume,0,0,0,0,no_volume,0,0,0,0,no_volume,0,0,0,0,0,0,57768,27431,-0.3561,-7260,-7542,23,16,26,24,2
1774104591,24,74,0,0,0,0,no_volume,0,0,0,0,no_volume,0,0,0,0,no_volume,0,0,0,0,0,0,58917,27398,-0.3652,1149,-6393,23,16,26,24,2
1774104592,24,74,0,0,0,0,no_volume,0,0,0,0,no_volume,0,0,0,0,no_volume,0,0,0,0,0,0,57768,27431,-0.3561,0,-7260,23,16,26,24,2
1774104593,24,74,0,0,0,0,no_volume,0,0,0,0,no_volume,0,0,0,0,no_volume,0,0,0,0,0,0,57768,27431,-0.3561,0,-7260,23,16,26,24,2
1774104594,24,74,0,0,0,0,no_volume,0,0,0,0,no_volume,0,0,0,0,no_volume,0,0,0,0,0,0,65652,27431,-0.4106,6735,624,23,16,26,24,2
1774104595,24,74,0,0,0,0,no_volume,0,0,0,0,no_volume,0,0,0,0,no_volume,0,0,0,0,0,0,65652,27431,-0.4106,7884,624,23,16,26,24,2
1774104596,24,74,0,0,0,0,no_volume,0,0,0,0,no_volume,0,0,0,0,no_volume,0,0,0,0,0,0,65652,27431,-0.4106,7884,0,23,16,26,24,2
1774104597,24,74,0,0,0,0,no_volume,0,0,0,0,no_volume,0,0,0,0,no_volume,0,0,0,0,0,0,65652,27431,-0.4106,0,624,23,16,26,24,2
1774104598,24,74,0,0,0,0,no_volume,0,0,0,0,no_volume,0,0,0,0,no_volume,0,0,0,0,0,0,65652,27431,-0.4106,0,7884,23,16,26,24,2
1774104599,24,74,0,0,0,0,no_volume,0,0,0,0,no_volume,0,0,0,0,no_volume,0,0,0,0,0,0,65652,27431,-0.4106,0,7884,23,16,26,24,2
1774104600,24,74,0,0,0,0,no_volume,0,0,0,0,no_volume,0,0,0,0,no_volume,0,0,0,0,0,0,65652,27431,-0.4106,0,7884,23,16,26,24,2
1774104601,24,74,0,0,0,0,no_volume,0,0,0,0,no_volume,0,0,0,0,no_volume,0,0,0,0,0,0,65652,27431,-0.4106,0,6735,23,16,26,24,2
1774104602,24,74,0,0,0,0,no_volume,0,0,0,0,no_volume,0,0,0,0,no_volume,0,0,0,0,0,0,65652,27431,-0.4106,0,7884,23,16,26,24,2
1774104603,24,74,0,0,0,0,no_volume,0,0,0,0,no_volume,0,0,0,0,no_volume,0,0,0,0,0,0,65652,27431,-0.4106,0,7884,23,16,26,24,2
1774104604,24,74,0,0,0,0,no_volume,0,0,0,0,no_volume,0,0,0,0,no_volume,0,0,0,0,0,0,65652,27431,-0.4106,0,0,23,16,26,24,2
1774104605,24,74,0,0,0,0,no_volume,0,0,0,0,no_volume,0,0,0,0,no_volume,0,0,0,0,0,0,65652,27431,-0.4106,0,0,23,16,26,24,2
1774104606,24,74,0,0,0,0,no_volume,0,0,0,0,no_volume,0,0,0,0,no_volume,0,0,0,0,0,0,65652,27431,-0.4106,0,0,23,16,26,24,2
1774104607,24,74,0,0,0,0,no_volume,0,0,0,0,no_volume,0,0,0,0,no_volume,0,0,0,0,0,0,59376,27431,-0.368,-6276,-6276,23,16,26,24,2
1774104608,24,74,0,0,0,0,no_volume,0,0,0,0,no_volume,0,0,0,0,no_volume,0,0,0,0,0,0,59376,27431,-0.368,-6276,-6276,23,16,26,24,2
1774104609,24,74,0,0,0,0,no_volume,0,0,0,0,no_volume,0,0,0,0,no_volume,0,0,0,0,0,0,59376,27431,-0.368,-6276,-6276,23,16,26,24,2
1774104610,24,74,0,0,0,0,no_volume,0,0,0,0,no_volume,0,0,0,0,no_volume,0,0,0,0,0,0,59376,27431,-0.368,0,-6276,23,16,26,24,2
1774104611,24,74,0,0,0,0,no_volume,0,0,0,0,no_volume,0,0,0,0,no_volume,0,0,0,0,0,0,59376,27431,-0.368,0,-6276,23,16,26,24,2
1774104612,24,74,0,0,0,0,no_volume,0,0,0,0,no_volume,0,0,0,0,no_volume,0,0,0,0,0,0,59126,27181,-0.3701,-250,-6526,23,15,26,24,2
1774104613,24,74,0,0,0,0,no_volume,0,0,0,0,no_volume,0,0,0,0,no_volume,0,0,0,0,0,0,59126,27181,-0.3701,-250,-6526,23,15,26,24,2
1774104614,24,74,0,0,0,0,no_volume,0,0,0,0,no_volume,0,0,0,0,no_volume,0,0,0,0,0,0,59376,27431,-0.368,0,-6276,24,15,26,24,2
1774104615,24,74,0,0,0,0,no_volume,0,0,0,0,no_volume,0,0,0,0,no_volume,0,0,0,0,0,0,59376,27431,-0.368,250,-6276,24,15,26,24,2
1774104616,24,74,0,0,0,0,no_volume,0,0,0,0,no_volume,0,0,0,0,no_volume,0,0,0,0,0,0,66549,27431,-0.4162,7423,897,24,15,26,24,2
1774104617,24,74,0,0,0,0,no_volume,0,0,0,0,no_volume,0,0,0,0,no_volume,0,0,0,0,0,0,66549,27431,-0.4162,7173,7173,24,15,26,24,2
1774104618,24,74,0,0,0,0,no_volume,0,0,0,0,no_volume,0,0,0,0,no_volume,0,0,0,0,0,0,66549,27431,-0.4162,7173,7173,24,15,26,24,2
1774104619,24,74,0,0,0,0,no_volume,0,0,0,0,no_volume,0,0,0,0,no_volume,0,0,0,0,0,0,59910,27431,-0.3719,-6639,534,24,15,26,24,2
1774104620,24,74,0,0,0,0,no_volume,0,0,0,0,no_volume,0,0,0,0,no_volume,0,0,0,0,0,0,66549,27431,-0.4162,0,7173,24,15,26,24,2
1774104621,24,74,0,0,0,0,no_volume,0,0,0,0,no_volume,0,0,0,0,no_volume,0,0,0,0,0,0,66549,27431,-0.4162,0,7173,24,15,26,24,2
1774104622,24,74,0,0,0,0,no_volume,0,0,0,0,no_volume,0,0,0,0,no_volume,0,0,0,0,0,0,66549,27431,-0.4162,6639,7423,24,15,26,24,2
1774104623,24,74,0,0,0,0,no_volume,0,0,0,0,no_volume,0,0,0,0,no_volume,0,0,0,0,0,0,66015,27431,-0.4129,-534,6889,24,15,26,24,2
1774104624,24,74,0,0,0,0,no_volume,0,0,0,0,no_volume,0,0,0,0,no_volume,0,0,0,0,0,0,66015,27431,-0.4129,-534,6639,24,15,26,24,2
1774104625,24,74,0,0,0,0,no_volume,0,0,0,0,no_volume,0,0,0,0,no_volume,0,0,0,0,0,0,66015,27431,-0.4129,-534,6639,24,15,26,24,2
1774104626,24,74,0,0,0,0,no_volume,0,0,0,0,no_volume,0,0,0,0,no_volume,0,0,0,0,0,0,59376,27398,-0.3685,-6639,-7173,24,15,26,24,2
1774104627,24,74,0,0,0,0,no_volume,0,0,0,0,no_volume,0,0,0,0,no_volume,0,0,0,0,0,0,59376,27398,-0.3685,-6639,-7173,24,15,26,24,2
1774104628,24,74,0,0,0,0,no_volume,0,0,0,0,no_volume,0,0,0,0,no_volume,0,0,0,0,0,0,59376,27398,-0.3685,-6639,-7173,24,15,26,24,2
1774104629,24,74,0,0,0,0,no_volume,0,0,0,0,no_volume,0,0,0,0,no_volume,0,0,0,0,0,0,59376,27398,-0.3685,0,-534,24,15,26,24,2
1774104630,24,74,0,0,0,0,no_volume,0,0,0,0,no_volume,0,0,0,0,no_volume,0,0,0,0,0,0,65733,27398,-0.4116,6357,-816,24,15,26,24,2
1774104631,24,74,0,0,0,0,no_volume,0,0,0,0,no_volume,0,0,0,0,no_volume,0,0,0,0,0,0,59376,27398,-0.3685,0,-7173,24,15,26,24,2
1774104632,24,74,0,0,0,0,no_volume,0,0,0,0,no_volume,0,0,0,0,no_volume,0,0,0,0,0,0,59376,27398,-0.3685,0,-7173,24,15,26,24,2
1774104633,24,74,0,0,0,0,no_volume,0,0,0,0,no_volume,0,0,0,0,no_volume,0,0,0,0,0,0,59376,27398,-0.3685,-6357,-6639,24,15,26,24,2
1774104634,24,74,0,0,0,0,no_volume,0,0,0,0,no_volume,0,0,0,0,no_volume,0,0,0,0,0,0,65733,27398,-0.4116,6357,-282,24,15,26,24,2
1774104635,24,74,0,0,0,0,no_volume,0,0,0,0,no_volume,0,0,0,0,no_volume,0,0,0,0,0,0,65733,27398,-0.4116,6357,-282,24,15,26,24,2
1774104636,24,74,0,0,0,0,no_volume,0,0,0,0,no_volume,0,0,0,0,no_volume,0,0,0,0,0,0,65733,27398,-0.4116,6357,6357,24,15,26,24,2
1774104637,24,74,0,0,0,0,no_volume,0,0,0,0,no_volume,0,0,0,0,no_volume,0,0,0,0,0,0,65733,27398,-0.4116,0,6357,24,15,26,24,2
1774104638,24,74,0,0,0,0,no_volume,0,0,0,0,no_volume,0,0,0,0,no_volume,0,0,0,0,0,0,65733,27398,-0.4116,0,6357,24,15,26,24,2
1774104639,24,74,0,0,0,0,no_volume,0,0,0,0,no_volume,0,0,0,0,no_volume,0,0,0,0,0,0,65733,27398,-0.4116,0,6357,24,15,26,24,2
1774104640,24,74,0,0,0,0,no_volume,0,0,0,0,no_volume,0,0,0,0,no_volume,0,0,0,0,0,0,65733,27398,-0.4116,0,0,24,15,26,24,2
1774104641,24,74,0,0,0,0,no_volume,0,0,0,0,no_volume,0,0,0,0,no_volume,0,0,0,0,0,0,65733,27398,-0.4116,0,6357,24,15,26,24,2
1774104642,24,74,0,0,0,0,no_volume,0,0,0,0,no_volume,0,0,0,0,no_volume,0,0,0,0,0,0,65733,27398,-0.4116,0,6357,24,15,26,24,2
1774104643,24,74,0,0,0,0,no_volume,0,0,0,0,no_volume,0,0,0,0,no_volume,0,0,0,0,0,0,65733,27398,-0.4116,0,6357,24,15,26,24,2
1774104644,24,74,0,0,0,0,no_volume,0,0,0,0,no_volume,0,0,0,0,no_volume,0,0,0,0,0,0,65733,27398,-0.4116,0,0,24,15,26,24,2
1774104645,24,74,0,0,0,0,no_volume,0,0,0,0,no_volume,0,0,0,0,no_volume,0,0,0,0,0,0,65733,27398,-0.4116,0,0,24,15,26,24,2
1774104646,24,74,0,0,0,0,no_volume,0,0,0,0,no_volume,0,0,0,0,no_volume,0,0,0,0,0,0,65483,27148,-0.4138,-250,-250,23,15,26,24,2
1774104647,24,74,0,0,0,0,no_volume,0,0,0,0,no_volume,0,0,0,0,no_volume,0,0,0,0,0,0,65483,27148,-0.4138,-250,-250,23,15,26,24,2
1774104648,24,74,0,0,0,0,no_volume,0,0,0,0,no_volume,0,0,0,0,no_volume,0,0,0,0,0,0,65483,27148,-0.4138,-250,-250,23,15,26,24,2
1774104649,24,74,0,0,0,0,no_volume,0,0,0,0,no_volume,0,0,0,0,no_volume,0,0,0,0,0,0,65733,27398,-0.4116,250,0,23,16,26,24,2
1774104650,24,74,0,0,0,0,no_volume,0,0,0,0,no_volume,0,0,0,0,no_volume,0,0,0,0,0,0,65733,27398,-0.4116,250,0,23,16,26,24,2
1774104651,24,74,0,0,0,0,no_volume,0,0,0,0,no_volume,0,0,0,0,no_volume,0,0,0,0,0,0,64793,27398,-0.4056,-690,-940,23,16,26,24,2
1774104652,24,74,0,0,0,0,no_volume,0,0,0,0,no_volume,0,0,0,0,no_volume,0,0,0,0,0,0,64793,27398,-0.4056,-940,-940,23,16,26,24,2
1774104653,24,74,0,0,0,0,no_volume,0,0,0,0,no_volume,0,0,0,0,no_volume,0,0,0,0,0,0,64793,27398,-0.4056,-940,-940,23,16,26,24,2
1774104654,24,74,0,0,0,0,no_volume,0,0,0,0,no_volume,0,0,0,0,no_volume,0,0,0,0,0,0,64793,27398,-0.4056,0,-940,23,16,26,24,2
1774104655,24,74,0,0,0,0,no_volume,0,0,0,0,no_volume,0,0,0,0,no_volume,0,0,0,0,0,0,64793,27398,-0.4056,0,-940,23,16,26,24,2
1774104656,24,74,0,0,0,0,no_volume,0,0,0,0,no_volume,0,0,0,0,no_volume,0,0,0,0,0,0,64793,27398,-0.4056,0,-690,23,16,26,24,2
1774104657,24,74,0,0,0,0,no_volume,0,0,0,0,no_volume,0,0,0,0,no_volume,0,0,0,0,0,0,64793,27398,-0.4056,0,-690,23,16,26,24,2
1774104658,24,74,0,0,0,0,no_volume,0,0,0,0,no_volume,0,0,0,0,no_volume,0,0,0,0,0,0,64793,27398,-0.4056,0,-690,23,16,26,24,2
1774104659,24,74,0,0,0,0,no_volume,0,0,0,0,no_volume,0,0,0,0,no_volume,0,0,0,0,0,0,64793,27398,-0.4056,0,-940,23,16,26,24,2
1774104660,24,74,0,0,0,0,no_volume,0,0,0,0,no_volume,0,0,0,0,no_volume,0,0,0,0,0,0,65733,27398,-0.4116,940,0,23,16,26,24,2
1774104661,24,74,0,0,0,0,no_volume,0,0,0,0,no_volume,0,0,0,0,no_volume,0,0,0,0,0,0,65733,27398,-0.4116,940,940,23,16,26,24,2
1774104662,24,74,0,0,0,0,no_volume,0,0,0,0,no_volume,0,0,0,0,no_volume,0,0,0,0,0,0,65733,27398,-0.4116,940,940,23,16,26,24,2
1774104663,24,74,0,0,0,0,no_volume,0,0,0,0,no_volume,0,0,0,0,no_volume,0,0,0,0,0,0,65733,27398,-0.4116,0,940,23,16,26,24,2
1774104664,24,74,0,0,0,0,no_volume,0,0,0,0,no_volume,0,0,0,0,no_volume,0,0,0,0,0,0,65733,27398,-0.4116,0,940,23,16,26,24,2
1774104665,24,74,0,0,0,0,no_volume,0,0,0,0,no_volume,0,0,0,0,no_volume,0,0,0,0,0,0,65733,27398,-0.4116,0,940,23,16,26,24,2
1774104666,24,74,0,0,0,0,no_volume,0,0,0,0,no_volume,0,0,0,0,no_volume,0,0,0,0,0,0,65733,27398,-0.4116,0,940,23,16,26,24,2
1774104667,24,74,0,0,0,0,no_volume,0,0,0,0,no_volume,0,0,0,0,no_volume,0,0,0,0,0,0,65733,27398,-0.4116,0,940,23,16,26,24,2
1774104668,24,74,0,0,0,0,no_volume,0,0,0,0,no_volume,0,0,0,0,no_volume,0,0,0,0,0,0,67387,33864,-0.3311,1654,2594,24,16,26,24,2
1774104669,24,74,0,0,0,0,no_volume,0,0,0,0,no_volume,0,0,0,0,no_volume,0,0,0,0,0,0,67387,33864,-0.3311,1654,2594,24,16,26,24,2
1774104670,24,74,0,0,0,0,no_volume,0,0,0,0,no_volume,0,0,0,0,no_volume,0,0,0,0,0,0,53853,33864,-0.2279,-11880,-11880,23,16,26,24,2
1774104671,24,74,0,0,0,0,no_volume,0,0,0,0,no_volume,0,0,0,0,no_volume,0,0,0,0,0,0,53853,33864,-0.2279,-13534,-11880,23,16,26,24,2
1774104672,24,74,0,0,0,0,no_volume,0,0,0,0,no_volume,0,0,0,0,no_volume,0,0,0,0,0,0,53853,33864,-0.2279,-13534,-11880,23,16,26,24,2
1774104673,24,74,0,0,0,0,no_volume,0,0,0,0,no_volume,0,0,0,0,no_volume,0,0,0,0,0,0,53853,33864,-0.2279,0,-11880,23,16,26,24,2
1774104674,24,74,0,0,0,0,no_volume,0,0,0,0,no_volume,0,0,0,0,no_volume,0,0,0,0,0,0,53853,33864,-0.2279,0,-11880,23,16,26,24,2
1774104675,24,74,0,0,0,0,no_volume,0,0,0,0,no_volume,0,0,0,0,no_volume,0,0,0,0,0,0,53853,33864,-0.2279,0,-11880,23,16,26,24,2
1774104676,24,74,0,0,0,0,no_volume,0,0,0,0,no_volume,0,0,0,0,no_volume,0,0,0,0,0,0,53853,33864,-0.2279,0,-11880,23,16,26,24,2
1774104677,24,74,0,0,0,0,no_volume,0,0,0,0,no_volume,0,0,0,0,no_volume,0,0,0,0,0,0,65294,33864,-0.317,11441,-439,24,16,26,24,2
1774104678,24,74,0,0,0,0,no_volume,0,0,0,0,no_volume,0,0,0,0,no_volume,0,0,0,0,0,0,64354,33864,-0.3104,10501,-3033,24,16,26,24,2
1774104679,24,74,0,0,0,0,no_volume,0,0,0,0,no_volume,0,0,0,0,no_volume,0,0,0,0,0,0,64354,33864,-0.3104,10501,-3033,24,16,26,24,2
1774104680,24,74,0,0,0,0,no_volume,0,0,0,0,no_volume,0,0,0,0,no_volume,0,0,0,0,0,0,64354,33864,-0.3104,-940,10501,24,16,26,24,2
1774104681,24,74,0,0,0,0,no_volume,0,0,0,0,no_volume,0,0,0,0,no_volume,0,0,0,0,0,0,64354,33864,-0.3104,0,10501,24,16,26,24,2
1774104682,24,74,0,0,0,0,no_volume,0,0,0,0,no_volume,0,0,0,0,no_volume,0,0,0,0,0,0,64354,33864,-0.3104,0,10501,24,16,26,24,2
1774104683,24,74,0,0,0,0,no_volume,0,0,0,0,no_volume,0,0,0,0,no_volume,0,0,0,0,0,0,64354,33864,-0.3104,0,10501,24,16,26,24,2
1774104684,24,74,0,0,0,0,no_volume,0,0,0,0,no_volume,0,0,0,0,no_volume,0,0,0,0,0,0,63414,33864,-0.3038,-940,9561,24,16,26,24,2
1774104685,24,74,0,0,0,0,no_volume,0,0,0,0,no_volume,0,0,0,0,no_volume,0,0,0,0,0,0,63414,33864,-0.3038,-940,9561,24,16,26,24,2
1774104686,24,74,0,0,0,0,no_volume,0,0,0,0,no_volume,0,0,0,0,no_volume,0,0,0,0,0,0,63414,33864,-0.3038,-940,9561,24,16,26,24,2
1774104687,24,74,0,0,0,0,no_volume,0,0,0,0,no_volume,0,0,0,0,no_volume,0,0,0,0,0,0,63414,33864,-0.3038,0,-1880,24,16,26,24,2
1774104688,24,74,0,0,0,0,no_volume,0,0,0,0,no_volume,0,0,0,0,no_volume,0,0,0,0,0,0,63414,33864,-0.3038,0,-940,24,16,26,24,2
1774104689,24,74,0,0,0,0,no_volume,0,0,0,0,no_volume,0,0,0,0,no_volume,0,0,0,0,0,0,63414,33864,-0.3038,0,-940,24,16,26,24,2
1774104690,24,74,0,0,0,0,no_volume,0,0,0,0,no_volume,0,0,0,0,no_volume,0,0,0,0,0,0,62080,33864,-0.2941,-1334,-2274,23,16,26,24,2
1774104691,24,74,0,0,0,0,no_volume,0,0,0,0,no_volume,0,0,0,0,no_volume,0,0,0,0,0,0,62080,33864,-0.2941,-1334,-2274,23,16,26,24,2
1774104692,24,74,0,0,0,0,no_volume,0,0,0,0,no_volume,0,0,0,0,no_volume,0,0,0,0,0,0,62080,33864,-0.2941,-1334,-2274,23,16,26,24,2
1774104693,24,74,0,0,0,0,no_volume,0,0,0,0,no_volume,0,0,0,0,no_volume,0,0,0,0,0,0,62080,33864,-0.2941,0,-2274,23,16,26,24,2
1774104694,24,74,0,0,0,0,no_volume,0,0,0,0,no_volume,0,0,0,0,no_volume,0,0,0,0,0,0,65073,33864,-0.3154,2993,1659,24,16,26,24,2
1774104695,24,74,0,0,0,0,no_volume,0,0,0,0,no_volume,0,0,0,0,no_volume,0,0,0,0,0,0,65073,33864,-0.3154,2993,1659,24,16,26,24,2
1774104696,24,74,0,0,0,0,no_volume,0,0,0,0,no_volume,0,0,0,0,no_volume,0,0,0,0,0,0,65073,33864,-0.3154,2993,1659,24,16,26,24,2
1774104697,24,74,0,0,0,0,no_volume,0,0,0,0,no_volume,0,0,0,0,no_volume,0,0,0,0,0,0,62132,33864,-0.2945,-2941,-1282,23,16,26,24,2
1774104698,24,74,0,0,0,0,no_volume,0,0,0,0,no_volume,0,0,0,0,no_volume,0,0,0,0,0,0,62132,33864,-0.2945,-2941,-1282,23,16,26,24,2
1774104699,24,74,0,0,0,0,no_volume,0,0,0,0,no_volume,0,0,0,0,no_volume,0,0,0,0,0,0,62132,33864,-0.2945,-2941,-1282,23,16,26,24,2
1774104700,24,74,0,0,0,0,no_volume,0,0,0,0,no_volume,0,0,0,0,no_volume,0,0,0,0,0,0,62132,33864,-0.2945,0,52,23,16,26,24,2
1774104701,24,74,0,0,0,0,no_volume,0,0,0,0,no_volume,0,0,0,0,no_volume,0,0,0,0,0,0,62132,33864,-0.2945,0,52,23,16,26,24,2
1774104702,24,74,0,0,0,0,no_volume,0,0,0,0,no_volume,0,0,0,0,no_volume,0,0,0,0,0,0,62132,33864,-0.2945,0,52,23,16,26,24,2
1774104703,24,74,0,0,0,0,no_volume,0,0,0,0,no_volume,0,0,0,0,no_volume,0,0,0,0,0,0,59139,33864,-0.2718,-2993,-2941,24,16,26,24,2
1774104704,24,74,0,0,0,0,no_volume,0,0,0,0,no_volume,0,0,0,0,no_volume,0,0,0,0,0,0,62325,33864,-0.2959,193,-2748,24,16,26,24,2
1774104705,24,74,0,0,0,0,no_volume,0,0,0,0,no_volume,0,0,0,0,no_volume,0,0,0,0,0,0,62325,33864,-0.2959,193,-2748,24,16,26,24,2
1774104706,24,74,0,0,0,0,no_volume,0,0,0,0,no_volume,0,0,0,0,no_volume,0,0,0,0,0,0,62325,33864,-0.2959,3186,-2748,24,16,26,24,2
1774104707,24,74,0,0,0,0,no_volume,0,0,0,0,no_volume,0,0,0,0,no_volume,0,0,0,0,0,0,62325,33508,-0.3007,0,193,24,16,26,24,2
1774104708,24,74,0,0,0,0,no_volume,0,0,0,0,no_volume,0,0,0,0,no_volume,0,0,0,0,0,0,62325,33508,-0.3007,0,193,24,16,26,24,2
1774104709,24,74,0,0,0,0,no_volume,0,0,0,0,no_volume,0,0,0,0,no_volume,0,0,0,0,0,0,56853,33508,-0.2584,-5472,-5279,23,16,26,24,2
1774104710,24,74,0,0,0,0,no_volume,0,0,0,0,no_volume,0,0,0,0,no_volume,0,0,0,0,0,0,56853,33508,-0.2584,-5472,-5279,23,16,26,24,2
1774104711,24,74,0,0,0,0,no_volume,0,0,0,0,no_volume,0,0,0,0,no_volume,0,0,0,0,0,0,55859,27042,-0.3476,-6466,-6273,23,16,26,24,2
1774104712,24,74,0,0,0,0,no_volume,0,0,0,0,no_volume,0,0,0,0,no_volume,0,0,0,0,0,0,55859,27042,-0.3476,-994,-6273,23,16,26,24,2
1774104713,24,74,0,0,0,0,no_volume,0,0,0,0,no_volume,0,0,0,0,no_volume,0,0,0,0,0,0,55859,27042,-0.3476,-994,-3280,23,16,26,24,2
1774104714,24,74,0,0,0,0,no_volume,0,0,0,0,no_volume,0,0,0,0,no_volume,0,0,0,0,0,0,55859,27042,-0.3476,0,-6466,23,16,26,24,2
1774104715,24,74,0,0,0,0,no_volume,0,0,0,0,no_volume,0,0,0,0,no_volume,0,0,0,0,0,0,55859,27042,-0.3476,0,-6466,23,16,26,24,2
1774104716,24,74,0,0,0,0,no_volume,0,0,0,0,no_volume,0,0,0,0,no_volume,0,0,0,0,0,0,55859,27042,-0.3476,0,-6466,23,16,26,24,2
1774104717,24,74,0,0,0,0,no_volume,0,0,0,0,no_volume,0,0,0,0,no_volume,0,0,0,0,0,0,55859,27042,-0.3476,0,-6466,23,16,26,24,2
1774104718,24,74,0,0,0,0,no_volume,0,0,0,0,no_volume,0,0,0,0,no_volume,0,0,0,0,0,0,55859,27042,-0.3476,0,-6466,23,16,26,24,2
1774104719,24,74,0,0,0,0,no_volume,0,0,0,0,no_volume,0,0,0,0,no_volume,0,0,0,0,0,0,52673,27042,-0.3215,-3186,-4180,23,16,26,24,2
1774104720,24,74,0,0,0,0,no_volume,0,0,0,0,no_volume,0,0,0,0,no_volume,0,0,0,0,0,0,52673,27042,-0.3215,-3186,-4180,23,16,26,24,2
1774104721,24,74,0,0,0,0,no_volume,0,0,0,0,no_volume,0,0,0,0,no_volume,0,0,0,0,0,0,57855,27042,-0.3629,1996,1996,23,16,26,24,2
1774104722,24,74,0,0,0,0,no_volume,0,0,0,0,no_volume,0,0,0,0,no_volume,0,0,0,0,0,0,57855,27042,-0.3629,5182,1996,23,16,26,24,2
1774104723,24,74,0,0,0,0,no_volume,0,0,0,0,no_volume,0,0,0,0,no_volume,0,0,0,0,0,0,57855,27042,-0.3629,5182,1996,23,16,26,24,2
1774104724,24,74,0,0,0,0,no_volume,0,0,0,0,no_volume,0,0,0,0,no_volume,0,0,0,0,0,0,57855,27042,-0.3629,0,1996,23,16,26,24,2
1774104725,24,74,0,0,0,0,no_volume,0,0,0,0,no_volume,0,0,0,0,no_volume,0,0,0,0,0,0,57855,27042,-0.3629,0,1996,23,16,26,24,2
1774104726,24,74,0,0,0,0,no_volume,0,0,0,0,no_volume,0,0,0,0,no_volume,0,0,0,0,0,0,57855,27042,-0.3629,0,1996,23,16,26,24,2
1774104727,24,74,0,0,0,0,no_volume,0,0,0,0,no_volume,0,0,0,0,no_volume,0,0,0,0,0,0,65164,27042,-0.4134,7309,9305,23,16,26,24,2
1774104728,24,74,0,0,0,0,no_volume,0,0,0,0,no_volume,0,0,0,0,no_volume,0,0,0,0,0,0,65164,27042,-0.4134,7309,9305,23,16,26,24,2
1774104729,24,74,0,0,0,0,no_volume,0,0,0,0,no_volume,0,0,0,0,no_volume,0,0,0,0,0,0,65164,27042,-0.4134,7309,12491,23,16,26,24,2
1774104730,24,74,0,0,0,0,no_volume,0,0,0,0,no_volume,0,0,0,0,no_volume,0,0,0,0,0,0,65164,27042,-0.4134,0,12491,23,16,26,24,2
1774104731,24,74,0,0,0,0,no_volume,0,0,0,0,no_volume,0,0,0,0,no_volume,0,0,0,0,0,0,65164,27042,-0.4134,0,7309,23,16,26,24,2
1774104732,24,74,0,0,0,0,no_volume,0,0,0,0,no_volume,0,0,0,0,no_volume,0,0,0,0,0,0,65164,27042,-0.4134,0,7309,23,16,26,24,2
1774104733,24,74,0,0,0,0,no_volume,0,0,0,0,no_volume,0,0,0,0,no_volume,0,0,0,0,0,0,65164,27042,-0.4134,0,7309,23,16,26,24,2
1774104734,24,74,0,0,0,0,no_volume,0,0,0,0,no_volume,0,0,0,0,no_volume,0,0,0,0,0,0,65164,27042,-0.4134,0,7309,23,16,26,24,2
1774104735,24,74,0,0,0,0,no_volume,0,0,0,0,no_volume,0,0,0,0,no_volume,0,0,0,0,0,0,65164,27042,-0.4134,0,7309,23,16,26,24,2
1774104736,24,74,0,0,0,0,no_volume,0,0,0,0,no_volume,0,0,0,0,no_volume,0,0,0,0,0,0,65164,27042,-0.4134,0,7309,23,16,26,24,2
1774104737,24,74,0,0,0,0,no_volume,0,0,0,0,no_volume,0,0,0,0,no_volume,0,0,0,0,0,0,57855,27042,-0.3629,-7309,-7309,23,16,26,24,2
1774104738,24,74,0,0,0,0,no_volume,0,0,0,0,no_volume,0,0,0,0,no_volume,0,0,0,0,0,0,62125,27042,-0.3935,-3039,-3039,23,16,26,24,2
1774104739,24,74,0,0,0,0,no_volume,0,0,0,0,no_volume,0,0,0,0,no_volume,0,0,0,0,0,0,62125,27042,-0.3935,-3039,-3039,23,16,26,24,2
1774104740,24,74,0,0,0,0,no_volume,0,0,0,0,no_volume,0,0,0,0,no_volume,0,0,0,0,0,0,62125,27042,-0.3935,4270,-3039,23,16,26,24,2
1774104741,24,74,0,0,0,0,no_volume,0,0,0,0,no_volume,0,0,0,0,no_volume,0,0,0,0,0,0,63829,27042,-0.4048,1704,-1335,23,16,26,24,2
1774104742,24,74,0,0,0,0,no_volume,0,0,0,0,no_volume,0,0,0,0,no_volume,0,0,0,0,0,0,63829,27042,-0.4048,1704,-1335,23,16,26,24,2
1774104743,24,74,0,0,0,0,no_volume,0,0,0,0,no_volume,0,0,0,0,no_volume,0,0,0,0,0,0,63829,27042,-0.4048,1704,-1335,23,16,26,24,2
1774104744,24,74,0,0,0,0,no_volume,0,0,0,0,no_volume,0,0,0,0,no_volume,0,0,0,0,0,0,63829,27042,-0.4048,0,-1335,23,16,26,24,2
1774104745,24,74,0,0,0,0,no_volume,0,0,0,0,no_volume,0,0,0,0,no_volume,0,0,0,0,0,0,63829,27042,-0.4048,0,-1335,23,16,26,24,2
1774104746,24,74,0,0,0,0,no_volume,0,0,0,0,no_volume,0,0,0,0,no_volume,0,0,0,0,0,0,63829,29479,-0.3681,0,-1335,23,16,26,24,2
1774104747,24,74,0,0,0,0,no_volume,0,0,0,0,no_volume,0,0,0,0,no_volume,0,0,0,0,0,0,63829,29479,-0.3681,0,5974,23,16,26,24,2
1774104748,24,74,0,0,0,0,no_volume,0,0,0,0,no_volume,0,0,0,0,no_volume,0,0,0,0,0,0,63829,29479,-0.3681,0,1704,23,16,26,24,2
1774104749,24,74,0,0,0,0,no_volume,0,0,0,0,no_volume,0,0,0,0,no_volume,0,0,0,0,0,0,63829,29479,-0.3681,0,1704,23,16,26,24,2
1774104750,24,74,0,0,0,0,no_volume,0,0,0,0,no_volume,0,0,0,0,no_volume,0,0,0,0,0,0,63829,29479,-0.3681,0,1704,23,16,26,24,2
1774104751,24,74,0,0,0,0,no_volume,0,0,0,0,no_volume,0,0,0,0,no_volume,0,0,0,0,0,0,57077,29479,-0.3188,-6752,-6752,23,16,26,24,2
1774104752,24,74,0,0,0,0,no_volume,0,0,0,0,no_volume,0,0,0,0,no_volume,0,0,0,0,0,0,48458,26173,-0.2986,-15371,-15371,23,16,26,24,2
1774104753,24,74,0,0,0,0,no_volume,0,0,0,0,no_volume,0,0,0,0,no_volume,0,0,0,0,0,0,48334,26791,-0.2868,-15495,-15495,23,16,26,24,2
1774104754,24,74,0,0,0,0,no_volume,0,0,0,0,no_volume,0,0,0,0,no_volume,0,0,0,0,0,0,48334,24953,-0.319,-8743,-15495,23,16,26,24,2
1774104755,24,74,0,0,0,0,no_volume,0,0,0,0,no_volume,0,0,0,0,no_volume,0,0,0,0,0,0,48334,24953,-0.319,-124,-15495,23,16,26,24,2
1774104756,24,74,0,0,0,0,no_volume,0,0,0,0,no_volume,0,0,0,0,no_volume,0,0,0,0,0,0,48334,24953,-0.319,0,-15495,23,16,26,24,2
1774104757,24,74,0,0,0,0,no_volume,0,0,0,0,no_volume,0,0,0,0,no_volume,0,0,0,0,0,0,47007,24953,-0.3065,-1327,-16822,23,16,26,24,2
1774104758,24,74,0,0,0,0,no_volume,0,0,0,0,no_volume,0,0,0,0,no_volume,0,0,0,0,0,0,52981,24953,-0.3596,4647,-10848,23,16,26,24,2
1774104759,24,74,0,0,0,0,no_volume,0,0,0,0,no_volume,0,0,0,0,no_volume,0,0,0,0,0,0,53298,24953,-0.3622,4964,-10531,23,16,26,24,2
1774104760,24,74,0,0,0,0,no_volume,0,0,0,0,no_volume,0,0,0,0,no_volume,0,0,0,0,0,0,53298,24953,-0.3622,6291,-10531,23,16,26,24,2
1774104761,24,74,0,0,0,0,no_volume,0,0,0,0,no_volume,0,0,0,0,no_volume,0,0,0,0,0,0,53298,24953,-0.3622,317,-3779,23,16,26,24,2
1774104762,24,74,0,0,0,0,no_volume,0,0,0,0,no_volume,0,0,0,0,no_volume,0,0,0,0,0,0,53298,24953,-0.3622,0,4840,23,16,26,24,2
1774104763,24,74,0,0,0,0,no_volume,0,0,0,0,no_volume,0,0,0,0,no_volume,0,0,0,0,0,0,53298,24953,-0.3622,0,4964,23,16,26,24,2
1774104764,24,74,0,0,0,0,no_volume,0,0,0,0,no_volume,0,0,0,0,no_volume,0,0,0,0,0,0,53387,24953,-0.363,89,5053,23,16,26,24,2
1774104765,24,74,0,0,0,0,no_volume,0,0,0,0,no_volume,0,0,0,0,no_volume,0,0,0,0,0,0,53387,24953,-0.363,89,5053,23,16,26,24,2
1774104766,24,74,0,0,0,0,no_volume,0,0,0,0,no_volume,0,0,0,0,no_volume,0,0,0,0,0,0,53714,24953,-0.3656,416,5380,23,16,26,24,2
1774104767,24,74,0,0,0,0,no_volume,0,0,0,0,no_volume,0,0,0,0,no_volume,0,0,0,0,0,0,47740,24953,-0.3135,-5647,733,23,16,26,24,2
1774104768,24,74,0,0,0,0,no_volume,0,0,0,0,no_volume,0,0,0,0,no_volume,0,0,0,0,0,0,47740,24953,-0.3135,-5647,-5241,23,16,26,24,2
1774104769,24,74,0,0,0,0,no_volume,0,0,0,0,no_volume,0,0,0,0,no_volume,0,0,0,0,0,0,47740,24953,-0.3135,-5974,-5558,23,16,26,24,2
1774104770,24,74,0,0,0,0,no_volume,0,0,0,0,no_volume,0,0,0,0,no_volume,0,0,0,0,0,0,47740,24953,-0.3135,0,-5558,23,16,26,24,2
1774104771,24,74,0,0,0,0,no_volume,0,0,0,0,no_volume,0,0,0,0,no_volume,0,0,0,0,0,0,53593,24953,-0.3646,5853,295,23,16,26,24,2
1774104772,24,74,0,0,0,0,no_volume,0,0,0,0,no_volume,0,0,0,0,no_volume,0,0,0,0,0,0,53593,25915,-0.3481,5853,295,23,16,26,24,2
1774104773,24,74,0,0,0,0,no_volume,0,0,0,0,no_volume,0,0,0,0,no_volume,0,0,0,0,0,0,58861,25915,-0.3886,11121,5563,23,16,26,24,2
1774104774,24,74,0,0,0,0,no_volume,0,0,0,0,no_volume,0,0,0,0,no_volume,0,0,0,0,0,0,58861,25915,-0.3886,5268,5474,23,16,26,24,2
1774104775,24,74,0,0,0,0,no_volume,0,0,0,0,no_volume,0,0,0,0,no_volume,0,0,0,0,0,0,58861,25915,-0.3886,5268,5474,23,16,26,24,2
1774104776,24,74,0,0,0,0,no_volume,0,0,0,0,no_volume,0,0,0,0,no_volume,0,0,0,0,0,0,58861,25915,-0.3886,0,5147,23,16,26,24,2
1774104777,24,74,0,0,0,0,no_volume,0,0,0,0,no_volume,0,0,0,0,no_volume,0,0,0,0,0,0,58861,25915,-0.3886,0,11121,23,16,26,24,2
1774104778,24,74,0,0,0,0,no_volume,0,0,0,0,no_volume,0,0,0,0,no_volume,0,0,0,0,0,0,53008,25915,-0.3433,-5853,5268,23,16,26,24,2
1774104779,24,74,0,0,0,0,no_volume,0,0,0,0,no_volume,0,0,0,0,no_volume,0,0,0,0,0,0,53005,25915,-0.3433,-5856,5265,23,16,26,24,2
1774104780,24,74,0,0,0,0,no_volume,0,0,0,0,no_volume,0,0,0,0,no_volume,0,0,0,0,0,0,52267,25915,-0.3371,-6594,4527,23,16,26,24,2
1774104781,24,74,0,0,0,0,no_volume,0,0,0,0,no_volume,0,0,0,0,no_volume,0,0,0,0,0,0,52267,25915,-0.3371,-741,-1326,23,16,26,24,2
1774104782,24,74,0,0,0,0,no_volume,0,0,0,0,no_volume,0,0,0,0,no_volume,0,0,0,0,0,0,52267,25915,-0.3371,-738,-1326,23,16,26,24,2
1774104783,24,74,0,0,0,0,no_volume,0,0,0,0,no_volume,0,0,0,0,no_volume,0,0,0,0,0,0,53723,25915,-0.3492,1456,-5138,23,16,26,24,2
1774104784,24,74,0,0,0,0,no_volume,0,0,0,0,no_volume,0,0,0,0,no_volume,0,0,0,0,0,0,53723,25915,-0.3492,1456,-5138,23,16,26,24,2
1774104785,24,74,0,0,0,0,no_volume,0,0,0,0,no_volume,0,0,0,0,no_volume,0,0,0,0,0,0,53723,25915,-0.3492,1456,-5138,23,16,26,24,2
1774104786,24,74,0,0,0,0,no_volume,0,0,0,0,no_volume,0,0,0,0,no_volume,0,0,0,0,0,0,53731,25915,-0.3492,8,-5130,23,16,26,24,2
1774104787,24,74,0,0,0,0,no_volume,0,0,0,0,no_volume,0,0,0,0,no_volume,0,0,0,0,0,0,53731,25915,-0.3492,8,-5130,23,16,26,24,2
1774104788,24,74,0,0,0,0,no_volume,0,0,0,0,no_volume,0,0,0,0,no_volume,0,0,0,0,0,0,53731,25915,-0.3492,8,723,23,16,26,24,2
1774104789,24,74,0,0,0,0,no_volume,0,0,0,0,no_volume,0,0,0,0,no_volume,0,0,0,0,0,0,48463,25915,-0.3032,-5268,-4542,23,16,26,24,2
1774104790,24,74,0,0,0,0,no_volume,0,0,0,0,no_volume,0,0,0,0,no_volume,0,0,0,0,0,0,48463,25915,-0.3032,-5268,-3804,23,16,26,24,2
1774104791,24,74,0,0,0,0,no_volume,0,0,0,0,no_volume,0,0,0,0,no_volume,0,0,0,0,0,0,47007,25915,-0.2892,-6724,-5260,23,16,26,24,2
1774104792,24,74,0,0,0,0,no_volume,0,0,0,0,no_volume,0,0,0,0,no_volume,0,0,0,0,0,0,47007,25915,-0.2892,-1456,-5260,23,16,26,24,2
1774104793,24,74,0,0,0,0,no_volume,0,0,0,0,no_volume,0,0,0,0,no_volume,0,0,0,0,0,0,47007,25915,-0.2892,-1456,-6716,23,16,26,24,2
1774104794,24,74,0,0,0,0,no_volume,0,0,0,0,no_volume,0,0,0,0,no_volume,0,0,0,0,0,0,47007,25915,-0.2892,0,-6716,23,16,26,24,2
1774104795,24,74,0,0,0,0,no_volume,0,0,0,0,no_volume,0,0,0,0,no_volume,0,0,0,0,0,0,47007,25915,-0.2892,0,-6716,23,16,26,24,2
1774104796,24,74,0,0,0,0,no_volume,0,0,0,0,no_volume,0,0,0,0,no_volume,0,0,0,0,0,0,47007,25915,-0.2892,0,-6724,23,16,26,24,2
1774104797,24,74,0,0,0,0,no_volume,0,0,0,0,no_volume,0,0,0,0,no_volume,0,0,0,0,0,0,47007,25915,-0.2892,0,-6724,23,16,26,24,2
1774104798,24,74,0,0,0,0,no_volume,0,0,0,0,no_volume,0,0,0,0,no_volume,0,0,0,0,0,0,47007,25915,-0.2892,0,-6724,23,16,26,24,2
1774104799,24,74,0,0,0,0,no_volume,0,0,0,0,no_volume,0,0,0,0,no_volume,0,0,0,0,0,0,52981,25915,-0.3431,5974,4518,23,16,26,24,2
1774104800,24,74,0,0,0,0,no_volume,0,0,0,0,no_volume,0,0,0,0,no_volume,0,0,0,0,0,0,53652,25915,-0.3486,6645,5189,23,16,26,24,2
1774104801,24,74,0,0,0,0,no_volume,0,0,0,0,no_volume,0,0,0,0,no_volume,0,0,0,0,0,0,53652,25915,-0.3486,6645,6645,23,16,26,24,2
1774104802,24,74,0,0,0,0,no_volume,0,0,0,0,no_volume,0,0,0,0,no_volume,0,0,0,0,0,0,51700,25915,-0.3322,-1281,4693,23,16,26,24,2
1774104803,24,74,0,0,0,0,no_volume,0,0,0,0,no_volume,0,0,0,0,no_volume,0,0,0,0,0,0,53580,25915,-0.348,-72,6573,23,16,26,24,2
1774104804,24,74,0,0,0,0,no_volume,0,0,0,0,no_volume,0,0,0,0,no_volume,0,0,0,0,0,0,53580,25915,-0.348,-72,6573,23,16,26,24,2
1774104805,24,74,0,0,0,0,no_volume,0,0,0,0,no_volume,0,0,0,0,no_volume,0,0,0,0,0,0,53580,25915,-0.348,1880,6573,23,16,26,24,2
1774104806,24,74,0,0,0,0,no_volume,0,0,0,0,no_volume,0,0,0,0,no_volume,0,0,0,0,0,0,53580,25915,-0.348,0,6573,23,16,26,24,2
1774104807,24,74,0,0,0,0,no_volume,0,0,0,0,no_volume,0,0,0,0,no_volume,0,0,0,0,0,0,53580,25915,-0.348,0,6573,23,16,26,24,2
1774104808,24,74,0,0,0,0,no_volume,0,0,0,0,no_volume,0,0,0,0,no_volume,0,0,0,0,0,0,53580,25915,-0.348,0,6573,23,16,26,24,2
1774104809,24,74,0,0,0,0,no_volume,0,0,0,0,no_volume,0,0,0,0,no_volume,0,0,0,0,0,0,53580,25915,-0.348,0,599,23,16,26,24,2
1774104810,24,74,0,0,0,0,no_volume,0,0,0,0,no_volume,0,0,0,0,no_volume,0,0,0,0,0,0,53580,25915,-0.348,0,-72,23,16,26,24,2
1774104811,24,74,0,0,0,0,no_volume,0,0,0,0,no_volume,0,0,0,0,no_volume,0,0,0,0,0,0,53580,25915,-0.348,0,-72,23,16,26,24,2
1774104812,24,74,0,0,0,0,no_volume,0,0,0,0,no_volume,0,0,0,0,no_volume,0,0,0,0,0,0,53580,25915,-0.348,0,1880,23,16,26,24,2
1774104813,24,74,0,0,0,0,no_volume,0,0,0,0,no_volume,0,0,0,0,no_volume,0,0,0,0,0,0,53580,25915,-0.348,0,0,23,16,26,24,2
1774104814,24,74,0,0,0,0,no_volume,0,0,0,0,no_volume,0,0,0,0,no_volume,0,0,0,0,0,0,54319,25915,-0.354,739,739,23,16,26,24,2
1774104815,24,74,0,0,0,0,no_volume,0,0,0,0,no_volume,0,0,0,0,no_volume,0,0,0,0,0,0,54319,25915,-0.354,739,739,23,16,26,24,2
1774104816,24,74,0,0,0,0,no_volume,0,0,0,0,no_volume,0,0,0,0,no_volume,0,0,0,0,0,0,48345,25915,-0.302,-5235,-5235,23,16,26,24,2
1774104817,24,74,0,0,0,0,no_volume,0,0,0,0,no_volume,0,0,0,0,no_volume,0,0,0,0,0,0,48345,25915,-0.302,-5974,-5235,23,16,26,24,2
1774104818,24,74,0,0,0,0,no_volume,0,0,0,0,no_volume,0,0,0,0,no_volume,0,0,0,0,0,0,48345,25915,-0.302,-5974,-5235,23,16,26,24,2
1774104819,24,74,0,0,0,0,no_volume,0,0,0,0,no_volume,0,0,0,0,no_volume,0,0,0,0,0,0,48345,25915,-0.302,0,-5235,23,16,26,24,2
1774104820,24,74,0,0,0,0,no_volume,0,0,0,0,no_volume,0,0,0,0,no_volume,0,0,0,0,0,0,48345,25915,-0.302,0,-5235,23,16,26,24,2
1774104821,24,74,0,0,0,0,no_volume,0,0,0,0,no_volume,0,0,0,0,no_volume,0,0,0,0,0,0,48345,25915,-0.302,0,-5235,23,16,26,24,2
1774104822,24,74,0,0,0,0,no_volume,0,0,0,0,no_volume,0,0,0,0,no_volume,0,0,0,0,0,0,48345,25915,-0.302,0,-5235,23,16,26,24,2
1774104823,24,74,0,0,0,0,no_volume,0,0,0,0,no_volume,0,0,0,0,no_volume,0,0,0,0,0,0,48345,25915,-0.302,0,-5235,23,16,26,24,2
1774104824,24,74,0,0,0,0,no_volume,0,0,0,0,no_volume,0,0,0,0,no_volume,0,0,0,0,0,0,48337,25915,-0.302,-8,-5982,23,16,26,24,2
1774104825,24,74,0,0,0,0,no_volume,0,0,0,0,no_volume,0,0,0,0,no_volume,0,0,0,0,0,0,53605,25915,-0.3482,5260,-714,23,16,26,24,2
1774104826,24,74,0,0,0,0,no_volume,0,0,0,0,no_volume,0,0,0,0,no_volume,0,0,0,0,0,0,49605,21915,-0.3872,1260,1260,23,16,26,24,2
1774104827,24,74,0,0,0,0,no_volume,0,0,0,0,no_volume,0,0,0,0,no_volume,0,0,0,0,0,0,53605,25915,-0.3482,5268,5260,23,16,26,24,2
1774104828,24,74,0,0,0,0,no_volume,0,0,0,0,no_volume,0,0,0,0,no_volume,0,0,0,0,0,0,53605,25915,-0.3482,0,5260,23,16,26,24,2
1774104829,24,74,0,0,0,0,no_volume,0,0,0,0,no_volume,0,0,0,0,no_volume,0,0,0,0,0,0,53605,25915,-0.3482,4000,5260,23,16,26,24,2
1774104830,24,74,0,0,0,0,no_volume,0,0,0,0,no_volume,0,0,0,0,no_volume,0,0,0,0,0,0,53605,25915,-0.3482,0,5260,23,16,26,24,2
1774104831,24,74,0,0,0,0,no_volume,0,0,0,0,no_volume,0,0,0,0,no_volume,0,0,0,0,0,0,52866,25915,-0.3421,-739,4521,23,16,26,24,2
1774104832,24,74,0,0,0,0,no_volume,0,0,0,0,no_volume,0,0,0,0,no_volume,0,0,0,0,0,0,52866,25915,-0.3421,-739,4521,23,16,26,24,2
1774104833,24,74,0,0,0,0,no_volume,0,0,0,0,no_volume,0,0,0,0,no_volume,0,0,0,0,0,0,57546,25915,-0.379,3941,9201,23,16,26,24,2
1774104834,24,74,0,0,0,0,no_volume,0,0,0,0,no_volume,0,0,0,0,no_volume,0,0,0,0,0,0,57546,25915,-0.379,4680,9209,23,16,26,24,2
1774104835,24,74,0,0,0,0,no_volume,0,0,0,0,no_volume,0,0,0,0,no_volume,0,0,0,0,0,0,57546,25915,-0.379,4680,3941,23,16,26,24,2
1774104836,24,74,0,0,0,0,no_volume,0,0,0,0,no_volume,0,0,0,0,no_volume,0,0,0,0,0,0,52278,25915,-0.3372,-5268,2673,23,16,26,24,2
1774104837,24,74,0,0,0,0,no_volume,0,0,0,0,no_volume,0,0,0,0,no_volume,0,0,0,0,0,0,52278,25915,-0.3372,-5268,-1327,23,16,26,24,2
1774104838,24,74,0,0,0,0,no_volume,0,0,0,0,no_volume,0,0,0,0,no_volume,0,0,0,0,0,0,53496,25915,-0.3473,-4050,-109,23,16,26,24,2
1774104839,24,74,0,0,0,0,no_volume,0,0,0,0,no_volume,0,0,0,0,no_volume,0,0,0,0,0,0,53496,25915,-0.3473,1218,-109,23,16,26,24,2
1774104840,24,74,0,0,0,0,no_volume,0,0,0,0,no_volume,0,0,0,0,no_volume,0,0,0,0,0,0,53496,25915,-0.3473,1218,-109,23,16,26,24,2
1774104841,24,74,0,0,0,0,no_volume,0,0,0,0,no_volume,0,0,0,0,no_volume,0,0,0,0,0,0,53496,25915,-0.3473,0,630,23,16,26,24,2
1774104842,24,74,0,0,0,0,no_volume,0,0,0,0,no_volume,0,0,0,0,no_volume,0,0,0,0,0,0,54682,25915,-0.3569,1186,1816,23,16,26,24,2
1774104843,24,74,0,0,0,0,no_volume,0,0,0,0,no_volume,0,0,0,0,no_volume,0,0,0,0,0,0,54682,25915,-0.3569,1186,-2864,23,16,26,24,2
1774104844,24,74,0,0,0,0,no_volume,0,0,0,0,no_volume,0,0,0,0,no_volume,0,0,0,0,0,0,54682,25915,-0.3569,1186,-2864,23,16,26,24,2
1774104845,24,74,0,0,0,0,no_volume,0,0,0,0,no_volume,0,0,0,0,no_volume,0,0,0,0,0,0,51810,25915,-0.3332,-2872,-5736,23,16,26,24,2
1774104846,24,74,0,0,0,0,no_volume,0,0,0,0,no_volume,0,0,0,0,no_volume,0,0,0,0,0,0,51810,25915,-0.3332,-2872,-468,23,16,26,24,2
1774104847,24,74,0,0,0,0,no_volume,0,0,0,0,no_volume,0,0,0,0,no_volume,0,0,0,0,0,0,52691,25915,-0.3406,-1991,413,23,16,26,24,2
1774104848,24,74,0,0,0,0,no_volume,0,0,0,0,no_volume,0,0,0,0,no_volume,0,0,0,0,0,0,52691,25915,-0.3406,881,-805,23,16,26,24,2
1774104849,24,74,0,0,0,0,no_volume,0,0,0,0,no_volume,0,0,0,0,no_volume,0,0,0,0,0,0,52691,25915,-0.3406,881,-805,23,16,26,24,2
1774104850,24,74,0,0,0,0,no_volume,0,0,0,0,no_volume,0,0,0,0,no_volume,0,0,0,0,0,0,52691,25915,-0.3406,0,-805,23,16,26,24,2
1774104851,24,74,0,0,0,0,no_volume,0,0,0,0,no_volume,0,0,0,0,no_volume,0,0,0,0,0,0,52691,25915,-0.3406,0,-805,23,16,26,24,2
1774104852,24,74,0,0,0,0,no_volume,0,0,0,0,no_volume,0,0,0,0,no_volume,0,0,0,0,0,0,51505,25915,-0.3305,-1186,-3177,23,16,26,24,2
1774104853,24,74,0,0,0,0,no_volume,0,0,0,0,no_volume,0,0,0,0,no_volume,0,0,0,0,0,0,46825,25915,-0.2875,-5866,-7857,23,16,26,24,2
1774104854,24,74,0,0,0,0,no_volume,0,0,0,0,no_volume,0,0,0,0,no_volume,0,0,0,0,0,0,46825,25915,-0.2875,-5866,-7857,23,16,26,24,2
1774104855,24,74,0,0,0,0,no_volume,0,0,0,0,no_volume,0,0,0,0,no_volume,0,0,0,0,0,0,47177,25915,-0.2909,-4328,-4633,23,16,26,24,2
1774104856,24,74,0,0,0,0,no_volume,0,0,0,0,no_volume,0,0,0,0,no_volume,0,0,0,0,0,0,47177,25915,-0.2909,352,-4633,23,16,26,24,2
1774104857,24,74,0,0,0,0,no_volume,0,0,0,0,no_volume,0,0,0,0,no_volume,0,0,0,0,0,0,47177,25915,-0.2909,352,-5514,23,16,26,24,2
1774104858,24,74,0,0,0,0,no_volume,0,0,0,0,no_volume,0,0,0,0,no_volume,0,0,0,0,0,0,56228,25915,-0.369,9051,3537,23,16,26,24,2
1774104859,24,74,0,0,0,0,no_volume,0,0,0,0,no_volume,0,0,0,0,no_volume,0,0,0,0,0,0,56228,25915,-0.369,9051,3537,23,16,26,24,2
1774104860,24,74,0,0,0,0,no_volume,0,0,0,0,no_volume,0,0,0,0,no_volume,0,0,0,0,0,0,56228,25915,-0.369,9051,3537,23,16,26,24,2
1774104861,24,74,0,0,0,0,no_volume,0,0,0,0,no_volume,0,0,0,0,no_volume,0,0,0,0,0,0,56228,25915,-0.369,0,3537,23,16,26,24,2
1774104862,24,74,0,0,0,0,no_volume,0,0,0,0,no_volume,0,0,0,0,no_volume,0,0,0,0,0,0,55876,25915,-0.3663,-352,4371,23,16,26,24,2
1774104863,24,74,0,0,0,0,no_volume,0,0,0,0,no_volume,0,0,0,0,no_volume,0,0,0,0,0,0,55876,25915,-0.3663,-352,9051,23,16,26,24,2
1774104864,24,74,0,0,0,0,no_volume,0,0,0,0,no_volume,0,0,0,0,no_volume,0,0,0,0,0,0,55876,25915,-0.3663,-352,9051,23,16,26,24,2
1774104865,24,74,0,0,0,0,no_volume,0,0,0,0,no_volume,0,0,0,0,no_volume,0,0,0,0,0,0,55876,25915,-0.3663,0,8699,23,16,26,24,2
1774104866,24,74,0,0,0,0,no_volume,0,0,0,0,no_volume,0,0,0,0,no_volume,0,0,0,0,0,0,55876,25915,-0.3663,0,8699,23,16,26,24,2
1774104867,24,74,0,0,0,0,no_volume,0,0,0,0,no_volume,0,0,0,0,no_volume,0,0,0,0,0,0,55876,25915,-0.3663,0,8699,23,16,26,24,2
1774104868,24,74,0,0,0,0,no_volume,0,0,0,0,no_volume,0,0,0,0,no_volume,0,0,0,0,0,0,55876,25915,-0.3663,0,-352,23,16,26,24,2
1774104869,24,74,0,0,0,0,no_volume,0,0,0,0,no_volume,0,0,0,0,no_volume,0,0,0,0,0,0,55876,25915,-0.3663,0,-352,23,16,26,24,2
1774104870,24,74,0,0,0,0,no_volume,0,0,0,0,no_volume,0,0,0,0,no_volume,0,0,0,0,0,0,55876,25915,-0.3663,0,-352,23,16,26,24,2
1774104871,24,74,0,0,0,0,no_volume,0,0,0,0,no_volume,0,0,0,0,no_volume,0,0,0,0,0,0,56213,25915,-0.3689,337,-15,23,16,26,24,2
1774104872,24,74,0,0,0,0,no_volume,0,0,0,0,no_volume,0,0,0,0,no_volume,0,0,0,0,0,0,56213,25915,-0.3689,337,337,23,16,26,24,2
1774104873,24,74,0,0,0,0,no_volume,0,0,0,0,no_volume,0,0,0,0,no_volume,0,0,0,0,0,0,63765,25915,-0.4221,7889,7889,23,16,26,24,2
1774104874,24,74,0,0,0,0,no_volume,0,0,0,0,no_volume,0,0,0,0,no_volume,0,0,0,0,0,0,62547,25915,-0.4141,6334,6671,23,16,26,24,2
1774104875,24,74,0,0,0,0,no_volume,0,0,0,0,no_volume,0,0,0,0,no_volume,0,0,0,0,0,0,62547,25915,-0.4141,6334,6671,23,16,26,24,2
1774104876,24,74,0,0,0,0,no_volume,0,0,0,0,no_volume,0,0,0,0,no_volume,0,0,0,0,0,0,62547,25915,-0.4141,-1218,6671,23,16,26,24,2
1774104877,24,74,0,0,0,0,no_volume,0,0,0,0,no_volume,0,0,0,0,no_volume,0,0,0,0,0,0,62547,25915,-0.4141,0,6671,23,16,26,24,2
1774104878,24,74,0,0,0,0,no_volume,0,0,0,0,no_volume,0,0,0,0,no_volume,0,0,0,0,0,0,62547,25915,-0.4141,0,6671,23,16,26,24,2
1774104879,24,74,0,0,0,0,no_volume,0,0,0,0,no_volume,0,0,0,0,no_volume,0,0,0,0,0,0,53464,25915,-0.3471,-9083,-2412,23,16,26,24,2
1774104880,24,74,0,0,0,0,no_volume,0,0,0,0,no_volume,0,0,0,0,no_volume,0,0,0,0,0,0,53133,25915,-0.3443,-9414,-2743,23,16,26,24,2
1774104881,24,74,0,0,0,0,no_volume,0,0,0,0,no_volume,0,0,0,0,no_volume,0,0,0,0,0,0,53133,25915,-0.3443,-9414,-3080,23,16,26,24,2
1774104882,24,74,0,0,0,0,no_volume,0,0,0,0,no_volume,0,0,0,0,no_volume,0,0,0,0,0,0,53133,25915,-0.3443,-331,-3080,23,16,26,24,2
1774104883,24,74,0,0,0,0,no_volume,0,0,0,0,no_volume,0,0,0,0,no_volume,0,0,0,0,0,0,53133,25915,-0.3443,0,-10632,23,16,26,24,2
1774104884,24,74,0,0,0,0,no_volume,0,0,0,0,no_volume,0,0,0,0,no_volume,0,0,0,0,0,0,52828,25915,-0.3418,-305,-9719,23,16,26,24,2
1774104885,24,74,0,0,0,0,no_volume,0,0,0,0,no_volume,0,0,0,0,no_volume,0,0,0,0,0,0,52828,25915,-0.3418,-305,-9719,23,16,26,24,2
1774104886,24,74,0,0,0,0,no_volume,0,0,0,0,no_volume,0,0,0,0,no_volume,0,0,0,0,0,0,52828,25915,-0.3418,-305,-9719,23,16,26,24,2
1774104887,24,74,0,0,0,0,no_volume,0,0,0,0,no_volume,0,0,0,0,no_volume,0,0,0,0,0,0,52828,25915,-0.3418,0,-9719,23,16,26,24,2
1774104888,24,74,0,0,0,0,no_volume,0,0,0,0,no_volume,0,0,0,0,no_volume,0,0,0,0,0,0,52828,25915,-0.3418,0,-9719,23,16,26,24,2
1774104889,24,74,0,0,0,0,no_volume,0,0,0,0,no_volume,0,0,0,0,no_volume,0,0,0,0,0,0,52828,25915,-0.3418,0,-636,23,16,26,24,2
1774104890,24,74,0,0,0,0,no_volume,0,0,0,0,no_volume,0,0,0,0,no_volume,0,0,0,0,0,0,52828,25915,-0.3418,0,-305,23,16,26,24,2
1774104891,24,74,0,0,0,0,no_volume,0,0,0,0,no_volume,0,0,0,0,no_volume,0,0,0,0,0,0,52828,25915,-0.3418,0,-305,23,16,26,24,2
1774104892,24,74,0,0,0,0,no_volume,0,0,0,0,no_volume,0,0,0,0,no_volume,0,0,0,0,0,0,52828,25915,-0.3418,0,-305,23,16,26,24,2
1774104893,24,74,0,0,0,0,no_volume,0,0,0,0,no_volume,0,0,0,0,no_volume,0,0,0,0,0,0,52828,25915,-0.3418,0,-305,23,16,26,24,2
1774104894,24,74,0,0,0,0,no_volume,0,0,0,0,no_volume,0,0,0,0,no_volume,0,0,0,0,0,0,52828,25915,-0.3418,0,0,23,16,26,24,2
1774104895,24,74,0,0,0,0,no_volume,0,0,0,0,no_volume,0,0,0,0,no_volume,0,0,0,0,0,0,52828,25915,-0.3418,0,0,23,16,26,24,2
1774104896,24,74,0,0,0,0,no_volume,0,0,0,0,no_volume,0,0,0,0,no_volume,0,0,0,0,0,0,47647,25915,-0.2954,-5181,-5181,23,16,26,24,2
1774104897,24,74,0,0,0,0,no_volume,0,0,0,0,no_volume,0,0,0,0,no_volume,0,0,0,0,0,0,47647,25915,-0.2954,-5181,-5181,23,16,26,24,2
1774104898,24,74,0,0,0,0,no_volume,0,0,0,0,no_volume,0,0,0,0,no_volume,0,0,0,0,0,0,46868,25915,-0.2879,-5960,-5960,23,16,26,24,2
1774104899,24,74,0,0,0,0,no_volume,0,0,0,0,no_volume,0,0,0,0,no_volume,0,0,0,0,0,0,47173,25915,-0.2909,-474,-5655,23,16,26,24,2
1774104900,24,74,0,0,0,0,no_volume,0,0,0,0,no_volume,0,0,0,0,no_volume,0,0,0,0,0,0,47173,25915,-0.2909,-474,-5655,23,16,26,24,2
1774104901,24,74,0,0,0,0,no_volume,0,0,0,0,no_volume,0,0,0,0,no_volume,0,0,0,0,0,0,47173,25915,-0.2909,305,-5655,23,16,26,24,2
1774104902,24,74,0,0,0,0,no_volume,0,0,0,0,no_volume,0,0,0,0,no_volume,0,0,0,0,0,0,53015,32381,-0.2416,5842,187,24,16,26,24,2
1774104903,24,74,0,0,0,0,no_volume,0,0,0,0,no_volume,0,0,0,0,no_volume,0,0,0,0,0,0,51730,32381,-0.23,4557,-1098,23,16,26,24,2
1774104904,24,74,0,0,0,0,no_volume,0,0,0,0,no_volume,0,0,0,0,no_volume,0,0,0,0,0,0,51730,32381,-0.23,4557,-1098,23,16,26,24,2
1774104905,24,74,0,0,0,0,no_volume,0,0,0,0,no_volume,0,0,0,0,no_volume,0,0,0,0,0,0,51730,32381,-0.23,-1285,-1098,23,16,26,24,2
1774104906,24,74,0,0,0,0,no_volume,0,0,0,0,no_volume,0,0,0,0,no_volume,0,0,0,0,0,0,51730,32381,-0.23,0,4083,23,16,26,24,2
1774104907,24,74,0,0,0,0,no_volume,0,0,0,0,no_volume,0,0,0,0,no_volume,0,0,0,0,0,0,51730,32381,-0.23,0,4083,23,16,26,24,2
1774104908,24,74,0,0,0,0,no_volume,0,0,0,0,no_volume,0,0,0,0,no_volume,0,0,0,0,0,0,46513,32381,-0.1791,-5217,-355,23,16,26,24,2
1774104909,24,74,0,0,0,0,no_volume,0,0,0,0,no_volume,0,0,0,0,no_volume,0,0,0,0,0,0,52979,32381,-0.2413,1249,5806,24,16,26,24,2
1774104910,24,74,0,0,0,0,no_volume,0,0,0,0,no_volume,0,0,0,0,no_volume,0,0,0,0,0,0,52979,32381,-0.2413,1249,5806,24,16,26,24,2
1774104911,24,74,0,0,0,0,no_volume,0,0,0,0,no_volume,0,0,0,0,no_volume,0,0,0,0,0,0,52979,32381,-0.2413,6466,5806,24,16,26,24,2
1774104912,24,74,0,0,0,0,no_volume,0,0,0,0,no_volume,0,0,0,0,no_volume,0,0,0,0,0,0,52979,32381,-0.2413,0,-36,24,16,26,24,2
1774104913,24,74,0,0,0,0,no_volume,0,0,0,0,no_volume,0,0,0,0,no_volume,0,0,0,0,0,0,49951,32381,-0.2134,-3028,-1779,24,16,26,24,2
1774104914,24,74,0,0,0,0,no_volume,0,0,0,0,no_volume,0,0,0,0,no_volume,0,0,0,0,0,0,52897,32381,-0.2406,-82,1167,24,16,26,24,2
1774104915,24,74,0,0,0,0,no_volume,0,0,0,0,no_volume,0,0,0,0,no_volume,0,0,0,0,0,0,52897,32381,-0.2406,-82,1167,24,16,26,24,2
1774104916,24,74,0,0,0,0,no_volume,0,0,0,0,no_volume,0,0,0,0,no_volume,0,0,0,0,0,0,52897,32381,-0.2406,2946,1167,24,16,26,24,2
1774104917,24,74,0,0,0,0,no_volume,0,0,0,0,no_volume,0,0,0,0,no_volume,0,0,0,0,0,0,52897,32381,-0.2406,0,1167,24,16,26,24,2
1774104918,24,74,0,0,0,0,no_volume,0,0,0,0,no_volume,0,0,0,0,no_volume,0,0,0,0,0,0,58871,32381,-0.2903,5974,12358,23,16,26,24,2
1774104919,24,74,0,0,0,0,no_volume,0,0,0,0,no_volume,0,0,0,0,no_volume,0,0,0,0,0,0,63750,32381,-0.3263,10853,10771,23,16,26,24,2
1774104920,24,74,0,0,0,0,no_volume,0,0,0,0,no_volume,0,0,0,0,no_volume,0,0,0,0,0,0,63750,32381,-0.3263,10853,10771,23,16,26,24,2
1774104921,24,74,0,0,0,0,no_volume,0,0,0,0,no_volume,0,0,0,0,no_volume,0,0,0,0,0,0,63750,32381,-0.3263,4879,10771,23,16,26,24,2
1774104922,24,74,0,0,0,0,no_volume,0,0,0,0,no_volume,0,0,0,0,no_volume,0,0,0,0,0,0,63750,32381,-0.3263,0,10771,23,16,26,24,2
1774104923,24,74,0,0,0,0,no_volume,0,0,0,0,no_volume,0,0,0,0,no_volume,0,0,0,0,0,0,63445,32381,-0.3242,-305,13494,24,16,26,24,2
1774104924,24,74,0,0,0,0,no_volume,0,0,0,0,no_volume,0,0,0,0,no_volume,0,0,0,0,0,0,63445,32381,-0.3242,-305,10548,24,16,26,24,2
1774104925,24,74,0,0,0,0,no_volume,0,0,0,0,no_volume,0,0,0,0,no_volume,0,0,0,0,0,0,57354,32381,-0.2783,-6396,4457,23,16,26,24,2
1774104926,24,74,0,0,0,0,no_volume,0,0,0,0,no_volume,0,0,0,0,no_volume,0,0,0,0,0,0,57354,32381,-0.2783,-6091,4457,23,16,26,24,2
1774104927,24,74,0,0,0,0,no_volume,0,0,0,0,no_volume,0,0,0,0,no_volume,0,0,0,0,0,0,57354,32381,-0.2783,-6091,4457,23,16,26,24,2
1774104928,24,74,0,0,0,0,no_volume,0,0,0,0,no_volume,0,0,0,0,no_volume,0,0,0,0,0,0,57354,32381,-0.2783,0,-1517,23,16,26,24,2
1774104929,24,74,0,0,0,0,no_volume,0,0,0,0,no_volume,0,0,0,0,no_volume,0,0,0,0,0,0,57887,32381,-0.2826,533,-5863,24,16,26,24,2
1774104930,24,74,0,0,0,0,no_volume,0,0,0,0,no_volume,0,0,0,0,no_volume,0,0,0,0,0,0,57887,32381,-0.2826,533,-5863,24,16,26,24,2
1774104931,24,74,0,0,0,0,no_volume,0,0,0,0,no_volume,0,0,0,0,no_volume,0,0,0,0,0,0,48475,32381,-0.199,-8879,-15275,23,16,26,24,2
1774104932,24,74,0,0,0,0,no_volume,0,0,0,0,no_volume,0,0,0,0,no_volume,0,0,0,0,0,0,48475,32381,-0.199,-9412,-15275,23,16,26,24,2
1774104933,24,74,0,0,0,0,no_volume,0,0,0,0,no_volume,0,0,0,0,no_volume,0,0,0,0,0,0,48475,32381,-0.199,-9412,-14970,23,16,26,24,2
1774104934,24,74,0,0,0,0,no_volume,0,0,0,0,no_volume,0,0,0,0,no_volume,0,0,0,0,0,0,48475,32381,-0.199,0,-14970,23,16,26,24,2
1774104935,24,74,0,0,0,0,no_volume,0,0,0,0,no_volume,0,0,0,0,no_volume,0,0,0,0,0,0,52155,32381,-0.2339,3680,-5199,24,16,26,24,2
1774104936,24,74,0,0,0,0,no_volume,0,0,0,0,no_volume,0,0,0,0,no_volume,0,0,0,0,0,0,52155,32381,-0.2339,3680,-5199,24,16,26,24,2
1774104937,24,74,0,0,0,0,no_volume,0,0,0,0,no_volume,0,0,0,0,no_volume,0,0,0,0,0,0,52155,32381,-0.2339,3680,-5199,24,16,26,24,2
1774104938,24,74,0,0,0,0,no_volume,0,0,0,0,no_volume,0,0,0,0,no_volume,0,0,0,0,0,0,52155,32381,-0.2339,0,-5199,24,16,26,24,2
1774104939,24,74,0,0,0,0,no_volume,0,0,0,0,no_volume,0,0,0,0,no_volume,0,0,0,0,0,0,52155,32381,-0.2339,0,-5732,24,16,26,24,2
1774104940,24,74,0,0,0,0,no_volume,0,0,0,0,no_volume,0,0,0,0,no_volume,0,0,0,0,0,0,52155,32381,-0.2339,0,-5732,24,16,26,24,2
1774104941,24,74,0,0,0,0,no_volume,0,0,0,0,no_volume,0,0,0,0,no_volume,0,0,0,0,0,0,52155,32381,-0.2339,0,3680,24,16,26,24,2
1774104942,24,74,0,0,0,0,no_volume,0,0,0,0,no_volume,0,0,0,0,no_volume,0,0,0,0,0,0,52155,32381,-0.2339,0,3680,24,16,26,24,2
1774104943,24,74,0,0,0,0,no_volume,0,0,0,0,no_volume,0,0,0,0,no_volume,0,0,0,0,0,0,46397,32381,-0.1779,-5758,-2078,24,16,26,24,2
1774104944,24,74,0,0,0,0,no_volume,0,0,0,0,no_volume,0,0,0,0,no_volume,0,0,0,0,0,0,46397,32381,-0.1779,-5758,-2078,24,16,26,24,2
1774104945,24,74,0,0,0,0,no_volume,0,0,0,0,no_volume,0,0,0,0,no_volume,0,0,0,0,0,0,40402,32381,-0.1102,-11753,-11753,23,16,26,24,2
1774104946,24,74,0,0,0,0,no_volume,0,0,0,0,no_volume,0,0,0,0,no_volume,0,0,0,0,0,0,40402,32381,-0.1102,-5995,-11753,23,16,26,24,2
1774104947,24,74,0,0,0,0,low_activity,0,0,0,0,low_activity,0,0,0,0,low_activity,0,0,0,0,0,0,46177,32381,-0.1756,-220,-5978,24,16,26,24,2
1774104948,24,74,0,0,0,0,low_activity,0,0,0,0,low_activity,0,0,0,0,low_activity,0,0,0,0,0,0,46856,32381,-0.1827,6454,-5299,24,16,26,24,2
1774104949,24,74,0,0,0,0,low_activity,0,0,0,0,low_activity,0,0,0,0,low_activity,0,0,0,0,0,0,40390,32381,-0.1101,-12,-11765,23,16,26,24,2
1774104950,24,74,0,0,0,0,no_volume,0,0,0,0,low_activity,0,0,0,0,low_activity,0,0,0,0,0,0,46804,32381,-0.1821,627,-5351,24,16,26,24,2
1774104951,24,74,0,0,0,0,no_volume,0,0,0,0,low_activity,0,0,0,0,low_activity,0,0,0,0,0,0,46804,32381,-0.1821,-52,-5351,24,16,26,24,2
1774104952,24,74,0,0,0,0,no_volume,0,0,0,0,no_volume,0,0,0,0,low_activity,0,0,0,0,0,0,45984,32381,-0.1736,5594,-6171,23,16,26,24,2
1774104953,24,74,0,0,0,0,no_volume,0,0,0,0,no_volume,0,0,0,0,low_activity,0,0,0,0,0,0,46797,32381,-0.1821,-7,400,24,16,26,24,2
1774104954,24,74,0,0,0,0,no_volume,0,0,0,0,no_volume,0,0,0,0,low_activity,0,0,0,0,0,0,46797,32381,-0.1821,-7,400,24,16,26,24,2
1774104955,24,74,0,0,0,0,no_volume,0,0,0,0,no_volume,0,0,0,0,low_activity,0,0,0,0,0,0,46797,32381,-0.1821,813,6395,24,16,26,24,2
1774104956,24,74,0,0,0,0,no_volume,0,0,0,0,no_volume,0,0,0,0,low_activity,0,0,0,0,0,0,46797,32381,-0.1821,0,6395,24,16,26,24,2
1774104957,24,74,0,0,0,0,no_volume,0,0,0,0,no_volume,0,0,0,0,low_activity,0,0,0,0,0,0,46797,32381,-0.1821,0,620,24,16,26,24,2
1774104958,24,74,0,0,0,0,no_volume,0,0,0,0,no_volume,0,0,0,0,low_activity,0,0,0,0,0,0,46797,32381,-0.1821,0,-59,24,16,26,24,2
1774104959,24,74,0,0,0,0,no_volume,0,0,0,0,no_volume,0,0,0,0,low_activity,0,0,0,0,0,0,46797,32381,-0.1821,0,6407,24,16,26,24,2
1774104960,24,74,0,0,0,0,no_volume,0,0,0,0,no_volume,0,0,0,0,low_activity,0,0,0,0,0,0,46324,32381,-0.1772,-473,-480,24,16,26,24,2
1774104961,24,74,0,0,0,0,no_volume,0,0,0,0,no_volume,0,0,0,0,low_activity,0,0,0,0,0,0,46324,32381,-0.1772,-473,-480,24,16,26,24,2
1774104962,24,74,0,0,0,0,no_volume,0,0,0,0,no_volume,0,0,0,0,low_activity,0,0,0,0,0,0,46324,32381,-0.1772,-473,340,24,16,26,24,2
1774104963,24,74,0,0,0,0,no_volume,0,0,0,0,no_volume,0,0,0,0,low_activity,0,0,0,0,0,0,46324,32381,-0.1772,0,-473,24,16,26,24,2
1774104964,24,74,0,0,0,0,no_volume,0,0,0,0,no_volume,0,0,0,0,low_activity,0,0,0,0,0,0,46324,32381,-0.1772,0,-473,24,16,26,24,2
1774104965,24,74,0,0,0,0,no_volume,0,0,0,0,no_volume,0,0,0,0,low_activity,0,0,0,0,0,0,46801,32381,-0.1821,477,4,24,16,26,24,2
1774104966,24,74,0,0,0,0,no_volume,0,0,0,0,no_volume,0,0,0,0,low_activity,0,0,0,0,0,0,46801,32381,-0.1821,477,4,23,16,26,24,2
1774104967,24,74,0,0,0,0,no_volume,0,0,0,0,no_volume,0,0,0,0,low_activity,0,0,0,0,0,0,46324,32381,-0.1772,0,-473,23,16,26,24,2
1774104968,24,74,0,0,0,0,no_volume,0,0,0,0,no_volume,0,0,0,0,low_activity,0,0,0,0,0,0,46324,32381,-0.1772,-477,-473,23,16,26,24,2
1774104969,24,74,0,0,0,0,no_volume,0,0,0,0,no_volume,0,0,0,0,low_activity,0,0,0,0,0,0,46324,32381,-0.1772,-477,-473,23,16,26,24,2
1774104970,24,74,0,0,0,0,no_volume,0,0,0,0,no_volume,0,0,0,0,low_activity,0,0,0,0,0,0,51506,32381,-0.228,5182,5182,24,16,26,24,2
1774104971,24,74,0,0,0,0,no_volume,0,0,0,0,no_volume,0,0,0,0,low_activity,0,0,0,0,0,0,54074,32381,-0.2509,7750,7750,24,16,26,24,2
1774104972,24,74,0,0,0,0,no_volume,0,0,0,0,no_volume,0,0,0,0,low_activity,0,0,0,0,0,0,54074,32381,-0.2509,7750,7750,24,16,26,24,2
1774104973,24,74,0,0,0,0,no_volume,0,0,0,0,no_volume,0,0,0,0,low_activity,0,0,0,0,0,0,48554,32381,-0.1998,-2952,2230,23,16,26,24,2
1774104974,24,74,0,0,0,0,no_volume,0,0,0,0,no_volume,0,0,0,0,low_activity,0,0,0,0,0,0,48554,32381,-0.1998,-5520,2230,23,16,26,24,2
1774104975,24,74,0,0,0,0,no_volume,0,0,0,0,no_volume,0,0,0,0,low_activity,0,0,0,0,0,0,56129,32381,-0.2683,2055,9328,24,16,26,24,2
1774104976,24,74,0,0,0,0,no_volume,0,0,0,0,no_volume,0,0,0,0,low_activity,0,0,0,0,0,0,56129,32381,-0.2683,7575,9328,24,16,26,24,2
1774104977,24,74,0,0,0,0,no_volume,0,0,0,0,no_volume,0,0,0,0,no_volume,0,0,0,0,0,0,56129,32381,-0.2683,7575,9805,24,16,26,24,2
1774104978,24,74,0,0,0,0,no_volume,0,0,0,0,no_volume,0,0,0,0,no_volume,0,0,0,0,0,0,65008,32381,-0.335,8879,18684,24,16,26,24,2
1774104979,24,74,0,0,0,0,no_volume,0,0,0,0,no_volume,0,0,0,0,no_volume,0,0,0,0,0,0,65008,32389,-0.3349,8879,18684,24,17,26,24,2
1774104980,24,74,0,0,0,0,no_volume,0,0,0,0,no_volume,0,0,0,0,no_volume,0,0,0,0,0,0,53360,32389,-0.2446,-2769,1854,23,17,26,24,2
1774104981,24,74,0,0,0,0,no_volume,0,0,0,0,no_volume,0,0,0,0,no_volume,0,0,0,0,0,0,52414,32389,-0.2361,-12594,-1660,23,17,26,24,2
1774104982,24,74,0,0,0,0,no_volume,0,0,0,0,no_volume,0,0,0,0,no_volume,0,0,0,0,0,0,57771,32389,-0.2815,-7237,3697,24,17,26,24,2
1774104983,24,74,0,0,0,0,no_volume,0,0,0,0,no_volume,0,0,0,0,no_volume,0,0,0,0,0,0,57771,32389,-0.2815,4411,9217,24,17,26,24,2
1774104984,24,74,0,0,0,0,no_volume,0,0,0,0,no_volume,0,0,0,0,no_volume,0,0,0,0,0,0,57771,32389,-0.2815,5357,9217,24,17,26,24,2
1774104985,24,74,0,0,0,0,no_volume,0,0,0,0,no_volume,0,0,0,0,no_volume,0,0,0,0,0,0,57771,32389,-0.2815,0,1642,24,17,26,24,2
1774104986,24,74,0,0,0,0,no_volume,0,0,0,0,no_volume,0,0,0,0,no_volume,0,0,0,0,0,0,57771,32389,-0.2815,0,1642,24,17,26,24,2
1774104987,24,74,0,0,0,0,no_volume,0,0,0,0,no_volume,0,0,0,0,no_volume,0,0,0,0,0,0,57771,32389,-0.2815,0,1642,24,17,26,24,2
1774104988,24,74,0,0,0,0,no_volume,0,0,0,0,no_volume,0,0,0,0,no_volume,0,0,0,0,0,0,57771,32389,-0.2815,0,-7237,24,17,26,24,2
1774104989,24,74,0,0,0,0,no_volume,0,0,0,0,no_volume,0,0,0,0,no_volume,0,0,0,0,0,0,57771,32389,-0.2815,0,-7237,24,17,26,24,2
1774104990,24,74,0,0,0,0,no_volume,0,0,0,0,no_volume,0,0,0,0,no_volume,0,0,0,0,0,0,58880,32389,-0.2903,1109,5520,24,17,26,24,2
1774104991,24,74,0,0,0,0,no_volume,0,0,0,0,no_volume,0,0,0,0,no_volume,0,0,0,0,0,0,58880,32389,-0.2903,1109,6466,24,17,26,24,2
1774104992,24,74,0,0,0,0,no_volume,0,0,0,0,no_volume,0,0,0,0,no_volume,0,0,0,0,0,0,58880,32389,-0.2903,1109,1109,24,17,26,24,2
1774104993,24,74,0,0,0,0,no_volume,0,0,0,0,no_volume,0,0,0,0,no_volume,0,0,0,0,0,0,58880,32389,-0.2903,0,1109,24,17,26,24,2
1774104994,24,74,0,0,0,0,no_volume,0,0,0,0,no_volume,0,0,0,0,no_volume,0,0,0,0,0,0,57771,32389,-0.2815,-1109,0,23,17,26,24,2
1774104995,24,74,0,0,0,0,no_volume,0,0,0,0,no_volume,0,0,0,0,no_volume,0,0,0,0,0,0,57771,32389,-0.2815,-1109,0,23,17,26,24,2
1774104996,24,74,0,0,0,0,no_volume,0,0,0,0,no_volume,0,0,0,0,no_volume,0,0,0,0,0,0,57771,32389,-0.2815,-1109,0,23,17,26,24,2
1774104997,24,74,0,0,0,0,no_volume,0,0,0,0,no_volume,0,0,0,0,no_volume,0,0,0,0,0,0,57771,32389,-0.2815,0,0,23,17,26,24,2
1774104998,24,74,0,0,0,0,no_volume,0,0,0,0,no_volume,0,0,0,0,no_volume,0,0,0,0,0,0,57771,32389,-0.2815,0,0,23,17,26,24,2
1774104999,24,74,0,0,0,0,no_volume,0,0,0,0,no_volume,0,0,0,0,no_volume,0,0,0,0,0,0,57771,32389,-0.2815,0,0,23,17,26,24,2
1774105000,24,74,0,0,0,0,no_volume,0,0,0,0,no_volume,0,0,0,0,no_volume,0,0,0,0,0,0,57771,32389,-0.2815,0,-1109,23,17,26,24,2
1774105001,24,74,0,0,0,0,no_volume,0,0,0,0,no_volume,0,0,0,0,no_volume,0,0,0,0,0,0,57771,32389,-0.2815,0,-1109,23,17,26,24,2
1774105002,24,74,0,0,0,0,no_volume,0,0,0,0,no_volume,0,0,0,0,no_volume,0,0,0,0,0,0,57771,32389,-0.2815,0,-1109,23,17,26,24,2
1774105003,24,74,0,0,0,0,no_volume,0,0,0,0,no_volume,0,0,0,0,no_volume,0,0,0,0,0,0,57771,32389,-0.2815,0,-1109,23,17,26,24,2
1774105004,24,74,0,0,0,0,no_volume,0,0,0,0,no_volume,0,0,0,0,no_volume,0,0,0,0,0,0,57771,32389,-0.2815,0,0,23,17,26,24,2
1774105005,24,74,0,0,0,0,no_volume,0,0,0,0,no_volume,0,0,0,0,no_volume,0,0,0,0,0,0,57771,32389,-0.2815,0,0,23,17,26,24,2
1774105006,24,74,0,0,0,0,no_volume,0,0,0,0,no_volume,0,0,0,0,no_volume,0,0,0,0,0,0,57771,32389,-0.2815,0,0,23,17,26,24,2
1774105007,24,74,0,0,0,0,no_volume,0,0,0,0,no_volume,0,0,0,0,no_volume,0,0,0,0,0,0,57771,32389,-0.2815,0,0,23,17,26,24,2
1774105008,24,74,0,0,0,0,no_volume,0,0,0,0,no_volume,0,0,0,0,no_volume,0,0,0,0,0,0,65266,32389,-0.3367,7495,7495,24,17,26,24,2
1774105009,24,74,0,0,0,0,no_volume,0,0,0,0,no_volume,0,0,0,0,no_volume,0,0,0,0,0,0,56387,32389,-0.2703,-1384,-1384,24,17,26,24,2
1774105010,24,74,0,0,0,0,no_volume,0,0,0,0,no_volume,0,0,0,0,no_volume,0,0,0,0,0,0,42426,32389,-0.1342,-15345,-15345,23,17,26,24,2
1774105011,24,74,0,0,0,0,no_volume,0,0,0,0,no_volume,0,0,0,0,no_volume,0,0,0,0,0,0,42426,32389,-0.1342,-22840,-15345,23,17,26,24,2
1774105012,24,74,0,0,0,0,no_volume,0,0,0,0,no_volume,0,0,0,0,no_volume,0,0,0,0,0,0,42426,32389,-0.1342,-13961,-15345,23,17,26,24,2
1774105013,24,74,0,0,0,0,no_volume,0,0,0,0,no_volume,0,0,0,0,no_volume,0,0,0,0,0,0,48892,33897,-0.1811,6466,-8879,24,17,26,24,2
1774105014,24,74,0,0,0,0,no_volume,0,0,0,0,no_volume,0,0,0,0,no_volume,0,0,0,0,0,0,48892,33897,-0.1811,6466,-8879,24,17,26,24,2
1774105015,24,74,0,0,0,0,no_volume,0,0,0,0,no_volume,0,0,0,0,no_volume,0,0,0,0,0,0,48892,33897,-0.1811,6466,-8879,24,17,26,24,2
1774105016,24,74,0,0,0,0,no_volume,0,0,0,0,no_volume,0,0,0,0,no_volume,0,0,0,0,0,0,48892,33897,-0.1811,0,-8879,24,17,26,24,2
1774105017,24,74,0,0,0,0,no_volume,0,0,0,0,no_volume,0,0,0,0,no_volume,0,0,0,0,0,0,48892,33897,-0.1811,0,-8879,24,17,26,24,2
1774105018,24,74,0,0,0,0,no_volume,0,0,0,0,no_volume,0,0,0,0,no_volume,0,0,0,0,0,0,48892,33897,-0.1811,0,-16374,24,17,26,24,2
1774105019,24,74,0,0,0,0,no_volume,0,0,0,0,no_volume,0,0,0,0,no_volume,0,0,0,0,0,0,48892,33897,-0.1811,0,-7495,24,17,26,24,2
1774105020,24,74,0,0,0,0,no_volume,0,0,0,0,no_volume,0,0,0,0,no_volume,0,0,0,0,0,0,48892,33897,-0.1811,0,6466,24,17,26,24,2
1774105021,24,74,0,0,0,0,no_volume,0,0,0,0,no_volume,0,0,0,0,no_volume,0,0,0,0,0,0,48892,33897,-0.1811,0,6466,24,17,26,24,2
1774105022,24,74,0,0,0,0,no_volume,0,0,0,0,no_volume,0,0,0,0,no_volume,0,0,0,0,0,0,50246,33897,-0.1943,1354,7820,24,17,26,24,2
1774105023,24,74,0,0,0,0,no_volume,0,0,0,0,no_volume,0,0,0,0,no_volume,0,0,0,0,0,0,48892,33897,-0.1811,0,0,24,17,26,24,2
1774105024,24,74,0,0,0,0,no_volume,0,0,0,0,no_volume,0,0,0,0,no_volume,0,0,0,0,0,0,48892,33897,-0.1811,0,0,24,17,26,24,2
1774105025,24,74,0,0,0,0,no_volume,0,0,0,0,no_volume,0,0,0,0,no_volume,0,0,0,0,0,0,48892,33897,-0.1811,-1354,0,24,17,26,24,2
1774105026,24,74,0,0,0,0,no_volume,0,0,0,0,no_volume,0,0,0,0,no_volume,0,0,0,0,0,0,48892,33897,-0.1811,0,0,24,17,26,24,2
1774105027,24,74,0,0,0,0,no_volume,0,0,0,0,no_volume,0,0,0,0,no_volume,0,0,0,0,0,0,48892,33897,-0.1811,0,0,24,17,26,24,2
1774105028,24,74,0,0,0,0,no_volume,0,0,0,0,no_volume,0,0,0,0,no_volume,0,0,0,0,0,0,56582,33897,-0.2507,7690,7690,23,17,26,24,2
1774105029,24,74,0,0,0,0,no_volume,0,0,0,0,no_volume,0,0,0,0,no_volume,0,0,0,0,0,0,56582,33897,-0.2507,7690,7690,23,17,26,24,2
1774105030,24,74,0,0,0,0,no_volume,0,0,0,0,no_volume,0,0,0,0,no_volume,0,0,0,0,0,0,42426,33897,-0.1117,-6466,-6466,23,17,26,24,2
1774105031,24,74,0,0,0,0,no_volume,0,0,0,0,no_volume,0,0,0,0,no_volume,0,0,0,0,0,0,42426,33897,-0.1117,-14156,-6466,23,17,26,24,2
1774105032,24,74,0,0,0,0,no_volume,0,0,0,0,no_volume,0,0,0,0,no_volume,0,0,0,0,0,0,42426,33897,-0.1117,-14156,-7820,23,17,26,24,2
1774105033,24,74,0,0,0,0,no_volume,0,0,0,0,no_volume,0,0,0,0,no_volume,0,0,0,0,0,0,48892,33897,-0.1811,6466,0,24,17,26,24,2
1774105034,24,74,0,0,0,0,no_volume,0,0,0,0,no_volume,0,0,0,0,no_volume,0,0,0,0,0,0,48892,33897,-0.1811,6466,0,24,17,26,24,2
1774105035,24,74,0,0,0,0,no_volume,0,0,0,0,no_volume,0,0,0,0,no_volume,0,0,0,0,0,0,48892,33897,-0.1811,6466,0,24,17,26,24,2
1774105036,24,74,0,0,0,0,no_volume,0,0,0,0,no_volume,0,0,0,0,no_volume,0,0,0,0,0,0,48787,33897,-0.1801,-105,-105,24,17,26,24,2
1774105037,24,74,0,0,0,0,no_volume,0,0,0,0,no_volume,0,0,0,0,no_volume,0,0,0,0,0,0,48787,33897,-0.1801,-105,-105,24,17,26,24,2
1774105038,24,74,0,0,0,0,no_volume,0,0,0,0,no_volume,0,0,0,0,no_volume,0,0,0,0,0,0,48787,33897,-0.1801,-105,-7795,24,17,26,24,2
1774105039,24,74,0,0,0,0,no_volume,0,0,0,0,no_volume,0,0,0,0,no_volume,0,0,0,0,0,0,50011,33897,-0.192,1224,-6571,23,17,26,24,2
1774105040,24,74,0,0,0,0,no_volume,0,0,0,0,no_volume,0,0,0,0,no_volume,0,0,0,0,0,0,50011,33897,-0.192,1224,7585,23,17,26,24,2
1774105041,24,74,0,0,0,0,no_volume,0,0,0,0,no_volume,0,0,0,0,no_volume,0,0,0,0,0,0,50011,33897,-0.192,1224,7585,23,17,26,24,2
1774105042,24,74,0,0,0,0,no_volume,0,0,0,0,no_volume,0,0,0,0,no_volume,0,0,0,0,0,0,50011,33897,-0.192,0,7585,23,17,26,24,2
1774105043,24,74,0,0,0,0,no_volume,0,0,0,0,no_volume,0,0,0,0,no_volume,0,0,0,0,0,0,50011,33897,-0.192,0,1119,23,17,26,24,2
1774105044,24,74,0,0,0,0,no_volume,0,0,0,0,no_volume,0,0,0,0,no_volume,0,0,0,0,0,0,50011,33897,-0.192,0,1119,23,17,26,24,2
1774105045,24,74,0,0,0,0,no_volume,0,0,0,0,no_volume,0,0,0,0,no_volume,0,0,0,0,0,0,63905,33897,-0.3068,13894,15013,24,17,26,24,2
1774105046,24,74,0,0,0,0,no_volume,0,0,0,0,no_volume,0,0,0,0,no_volume,0,0,0,0,0,0,63905,33897,-0.3068,13894,15118,24,17,26,24,2
1774105047,24,74,0,0,0,0,no_volume,0,0,0,0,no_volume,0,0,0,0,no_volume,0,0,0,0,0,0,63905,33897,-0.3068,13894,15118,24,17,26,24,2
1774105048,24,74,0,0,0,0,no_volume,0,0,0,0,no_volume,0,0,0,0,no_volume,0,0,0,0,0,0,48787,33897,-0.1801,-15118,0,24,17,26,24,2
1774105049,24,74,0,0,0,0,no_volume,0,0,0,0,no_volume,0,0,0,0,no_volume,0,0,0,0,0,0,48787,33897,-0.1801,-15118,-1224,24,17,26,24,2
1774105050,24,74,0,0,0,0,no_volume,0,0,0,0,no_volume,0,0,0,0,no_volume,0,0,0,0,0,0,42321,33897,-0.1105,-21584,-7690,23,17,26,24,2
1774105051,24,74,0,0,0,0,no_volume,0,0,0,0,no_volume,0,0,0,0,no_volume,0,0,0,0,0,0,42321,33897,-0.1105,-6466,-7690,23,17,26,24,2
1774105052,24,74,0,0,0,0,no_volume,0,0,0,0,no_volume,0,0,0,0,no_volume,0,0,0,0,0,0,42321,33897,-0.1105,-6466,-7690,23,17,26,24,2
1774105053,24,74,0,0,0,0,no_volume,0,0,0,0,no_volume,0,0,0,0,no_volume,0,0,0,0,0,0,42321,33897,-0.1105,0,-7690,23,17,26,24,2
1774105054,24,74,0,0,0,0,no_volume,0,0,0,0,no_volume,0,0,0,0,no_volume,0,0,0,0,0,0,42321,33897,-0.1105,0,-7690,23,17,26,24,2
1774105055,24,74,0,0,0,0,no_volume,0,0,0,0,no_volume,0,0,0,0,no_volume,0,0,0,0,0,0,42321,33897,-0.1105,0,-21584,23,17,26,24,2
1774105056,24,74,0,0,0,0,no_volume,0,0,0,0,no_volume,0,0,0,0,no_volume,0,0,0,0,0,0,42321,33897,-0.1105,0,-21584,23,17,26,24,2
1774105057,24,74,0,0,0,0,no_volume,0,0,0,0,no_volume,0,0,0,0,no_volume,0,0,0,0,0,0,48689,33897,-0.1791,6368,-15216,24,17,26,24,2
1774105058,24,74,0,0,0,0,no_volume,0,0,0,0,no_volume,0,0,0,0,no_volume,0,0,0,0,0,0,48627,33897,-0.1785,6306,-160,24,17,26,24,2
1774105059,24,74,0,0,0,0,no_volume,0,0,0,0,no_volume,0,0,0,0,no_volume,0,0,0,0,0,0,41050,33897,-0.0954,-1271,-7737,23,17,26,24,2
1774105060,24,74,0,0,0,0,no_volume,0,0,0,0,no_volume,0,0,0,0,no_volume,0,0,0,0,0,0,41050,33897,-0.0954,-7639,-1271,23,17,26,24,2
1774105061,24,74,0,0,0,0,no_volume,0,0,0,0,no_volume,0,0,0,0,no_volume,0,0,0,0,0,0,47516,32491,-0.1878,-1111,5195,24,17,26,24,2
1774105062,24,74,0,0,0,0,no_volume,0,0,0,0,no_volume,0,0,0,0,no_volume,0,0,0,0,0,0,47516,32491,-0.1878,6466,5195,24,17,26,24,2
1774105063,24,74,0,0,0,0,no_volume,0,0,0,0,no_volume,0,0,0,0,no_volume,0,0,0,0,0,0,40480,32491,-0.1095,-570,-1841,23,17,26,24,2
1774105064,24,74,0,0,0,0,no_volume,0,0,0,0,no_volume,0,0,0,0,no_volume,0,0,0,0,0,0,40480,32491,-0.1095,-7036,-1841,23,17,26,24,2
1774105065,24,74,0,0,0,0,no_volume,0,0,0,0,no_volume,0,0,0,0,no_volume,0,0,0,0,0,0,32810,32491,-0.0049,-14706,-9511,23,17,26,24,2
1774105066,24,74,0,0,0,0,no_volume,0,0,0,0,no_volume,0,0,0,0,no_volume,0,0,0,0,0,0,32276,32491,0.0033,-8204,-10045,23,17,26,24,2
1774105067,24,74,0,0,0,0,no_volume,0,0,0,0,no_volume,0,0,0,0,no_volume,0,0,0,0,0,0,32276,32491,0.0033,-8204,-16413,23,17,26,24,2
1774105068,24,74,0,0,0,0,no_volume,0,0,0,0,no_volume,0,0,0,0,no_volume,0,0,0,0,0,0,32276,32491,0.0033,-534,-16351,23,17,26,24,2
1774105069,24,74,0,0,0,0,no_volume,0,0,0,0,no_volume,0,0,0,0,no_volume,0,0,0,0,0,0,32276,32491,0.0033,0,-8774,23,17,26,24,2
1774105070,24,74,0,0,0,0,no_volume,0,0,0,0,no_volume,0,0,0,0,no_volume,0,0,0,0,0,0,32276,32491,0.0033,0,-8774,23,17,26,24,2
1774105071,24,74,0,0,0,0,no_volume,0,0,0,0,no_volume,0,0,0,0,no_volume,0,0,0,0,0,0,32276,32491,0.0033,0,-15240,23,17,26,24,2
1774105072,24,74,0,0,0,0,no_volume,0,0,0,0,no_volume,0,0,0,0,no_volume,0,0,0,0,0,0,32276,32491,0.0033,0,-15240,23,17,26,24,2
1774105073,24,74,0,0,0,0,no_volume,0,0,0,0,no_volume,0,0,0,0,no_volume,0,0,0,0,0,0,32276,32058,-0.0034,0,-8204,23,17,26,24,2
1774105074,24,74,0,0,0,0,no_volume,0,0,0,0,no_volume,0,0,0,0,no_volume,0,0,0,0,0,0,32276,32058,-0.0034,0,-8204,23,17,26,24,2
1774105075,24,74,0,0,0,0,no_volume,0,0,0,0,no_volume,0,0,0,0,no_volume,0,0,0,0,0,0,32276,32058,-0.0034,0,-534,23,17,26,24,2
1774105076,24,74,0,0,0,0,no_volume,0,0,0,0,no_volume,0,0,0,0,no_volume,0,0,0,0,0,0,32276,32058,-0.0034,0,0,23,17,26,24,2
1774105077,24,74,0,0,0,0,no_volume,0,0,0,0,no_volume,0,0,0,0,no_volume,0,0,0,0,0,0,32276,32058,-0.0034,0,0,23,17,26,24,2
1774105078,24,74,0,0,0,0,no_volume,0,0,0,0,no_volume,0,0,0,0,no_volume,0,0,0,0,0,0,32276,32058,-0.0034,0,0,23,17,26,24,2
1774105079,24,74,0,0,0,0,no_volume,0,0,0,0,no_volume,0,0,0,0,no_volume,0,0,0,0,0,0,32276,32058,-0.0034,0,0,23,17,26,24,2
1774105080,24,74,0,0,0,0,no_volume,0,0,0,0,no_volume,0,0,0,0,no_volume,0,0,0,0,0,0,32276,32058,-0.0034,0,0,23,17,26,24,2
1774105081,24,74,0,0,0,0,no_volume,0,0,0,0,no_volume,0,0,0,0,no_volume,0,0,0,0,0,0,32276,32058,-0.0034,0,0,23,17,26,24,2
1774105082,24,74,0,0,0,0,no_volume,0,0,0,0,no_volume,0,0,0,0,no_volume,0,0,0,0,0,0,36948,32058,-0.0709,4672,4672,23,17,26,24,2
1774105083,24,74,0,0,0,0,no_volume,0,0,0,0,no_volume,0,0,0,0,no_volume,0,0,0,0,0,0,36948,32058,-0.0709,4672,4672,23,17,26,24,2
1774105084,24,74,0,0,0,0,no_volume,0,0,0,0,no_volume,0,0,0,0,no_volume,0,0,0,0,0,0,36948,32058,-0.0709,4672,4672,23,17,26,24,2
1774105085,24,74,0,0,0,0,no_volume,0,0,0,0,no_volume,0,0,0,0,no_volume,0,0,0,0,0,0,36948,32058,-0.0709,0,4672,23,17,26,24,2
1774105086,24,74,0,0,0,0,no_volume,0,0,0,0,no_volume,0,0,0,0,no_volume,0,0,0,0,0,0,36948,32058,-0.0709,0,4672,23,17,26,24,2
1774105087,24,74,0,0,0,0,no_volume,0,0,0,0,no_volume,0,0,0,0,no_volume,0,0,0,0,0,0,36948,32058,-0.0709,0,4672,23,17,26,24,2
1774105088,24,74,0,0,0,0,no_volume,0,0,0,0,no_volume,0,0,0,0,no_volume,0,0,0,0,0,0,36948,32058,-0.0709,0,4672,23,17,26,24,2
1774105089,24,74,0,0,0,0,no_volume,0,0,0,0,no_volume,0,0,0,0,no_volume,0,0,0,0,0,0,36948,32058,-0.0709,0,4672,23,17,26,24,2
1774105090,24,74,0,0,0,0,no_volume,0,0,0,0,no_volume,0,0,0,0,no_volume,0,0,0,0,0,0,36686,32058,-0.0673,-262,4410,23,17,26,24,2
1774105091,24,74,0,0,0,0,no_volume,0,0,0,0,no_volume,0,0,0,0,no_volume,0,0,0,0,0,0,36668,32058,-0.0671,-280,4392,23,17,26,24,2
1774105092,24,74,0,0,0,0,no_volume,0,0,0,0,no_volume,0,0,0,0,no_volume,0,0,0,0,0,0,36668,32091,-0.0666,-280,-280,23,17,26,24,2
1774105093,24,74,0,0,0,0,no_volume,0,0,0,0,no_volume,0,0,0,0,no_volume,0,0,0,0,0,0,36668,32091,-0.0666,-18,-280,23,17,26,24,2
1774105094,24,74,0,0,0,0,no_volume,0,0,0,0,no_volume,0,0,0,0,no_volume,0,0,0,0,0,0,35980,32091,-0.0571,-688,-968,23,17,26,24,2
1774105095,24,74,0,0,0,0,no_volume,0,0,0,0,no_volume,0,0,0,0,no_volume,0,0,0,0,0,0,35980,32091,-0.0571,-688,-968,23,17,26,24,2
1774105096,24,74,0,0,0,0,no_volume,0,0,0,0,no_volume,0,0,0,0,no_volume,0,0,0,0,0,0,35980,32091,-0.0571,-688,-968,23,17,26,24,2
1774105097,24,74,0,0,0,0,no_volume,0,0,0,0,no_volume,0,0,0,0,no_volume,0,0,0,0,0,0,35980,32091,-0.0571,0,-968,23,17,26,24,2
1774105098,24,74,0,0,0,0,no_volume,0,0,0,0,no_volume,0,0,0,0,no_volume,0,0,0,0,0,0,35980,32869,-0.0452,0,-968,23,17,26,24,2
1774105099,24,74,0,0,0,0,no_volume,0,0,0,0,no_volume,0,0,0,0,no_volume,0,0,0,0,0,0,35980,32869,-0.0452,0,-968,23,17,26,24,2
1774105100,24,74,0,0,0,0,no_volume,0,0,0,0,no_volume,0,0,0,0,no_volume,0,0,0,0,0,0,35980,31285,-0.0698,0,-706,23,17,26,24,2
1774105101,24,74,0,0,0,0,no_volume,0,0,0,0,no_volume,0,0,0,0,no_volume,0,0,0,0,0,0,35980,31285,-0.0698,0,-688,23,17,26,24,2
1774105102,24,74,0,0,0,0,no_volume,0,0,0,0,no_volume,0,0,0,0,no_volume,0,0,0,0,0,0,35980,31285,-0.0698,0,-688,23,17,26,24,2
1774105103,24,74,0,0,0,0,no_volume,0,0,0,0,no_volume,0,0,0,0,no_volume,0,0,0,0,0,0,35980,31285,-0.0698,0,-688,23,17,26,24,2
1774105104,24,74,0,0,0,0,no_volume,0,0,0,0,no_volume,0,0,0,0,no_volume,0,0,0,0,0,0,35980,31285,-0.0698,0,0,23,17,26,24,2
1774105105,24,74,0,0,0,0,no_volume,0,0,0,0,no_volume,0,0,0,0,no_volume,0,0,0,0,0,0,35980,31285,-0.0698,0,0,23,17,26,24,2
1774105106,24,74,0,0,0,0,no_volume,0,0,0,0,no_volume,0,0,0,0,no_volume,0,0,0,0,0,0,35754,31285,-0.0667,-226,-226,23,17,26,24,2
1774105107,24,74,0,0,0,0,no_volume,0,0,0,0,no_volume,0,0,0,0,no_volume,0,0,0,0,0,0,35754,31285,-0.0667,-226,-226,23,17,26,24,2
1774105108,24,74,0,0,0,0,no_volume,0,0,0,0,no_volume,0,0,0,0,no_volume,0,0,0,0,0,0,35754,31285,-0.0667,-226,-226,23,17,26,24,2
1774105109,24,74,0,0,0,0,no_volume,0,0,0,0,no_volume,0,0,0,0,no_volume,0,0,0,0,0,0,35754,31285,-0.0667,0,-226,23,17,26,24,2
1774105110,24,74,0,0,0,0,no_volume,0,0,0,0,no_volume,0,0,0,0,no_volume,0,0,0,0,0,0,35754,31285,-0.0667,0,-226,23,17,26,24,2
1774105111,24,74,0,0,0,0,no_volume,0,0,0,0,no_volume,0,0,0,0,no_volume,0,0,0,0,0,0,35754,31285,-0.0667,0,-226,23,17,26,24,2
1774105112,24,74,0,0,0,0,no_volume,0,0,0,0,no_volume,0,0,0,0,no_volume,0,0,0,0,0,0,35754,31285,-0.0667,0,-226,23,17,26,24,2
1774105113,24,74,0,0,0,0,no_volume,0,0,0,0,no_volume,0,0,0,0,no_volume,0,0,0,0,0,0,35754,31285,-0.0667,0,-226,23,17,26,24,2
1774105114,24,74,0,0,0,0,no_volume,0,0,0,0,no_volume,0,0,0,0,no_volume,0,0,0,0,0,0,35754,31285,-0.0667,0,-226,23,17,26,24,2
1774105115,24,74,0,0,0,0,no_volume,0,0,0,0,no_volume,0,0,0,0,no_volume,0,0,0,0,0,0,35754,31285,-0.0667,0,-226,23,17,26,24,2
1774105116,24,74,0,0,0,0,no_volume,0,0,0,0,no_volume,0,0,0,0,no_volume,0,0,0,0,0,0,35754,31285,-0.0667,0,0,23,17,26,24,2
1774105117,24,74,0,0,0,0,no_volume,0,0,0,0,no_volume,0,0,0,0,no_volume,0,0,0,0,0,0,35754,31285,-0.0667,0,0,23,17,26,24,2
1774105118,24,74,0,0,0,0,no_volume,0,0,0,0,no_volume,0,0,0,0,no_volume,0,0,0,0,0,0,35754,31285,-0.0667,0,0,23,17,26,24,2
1774105119,24,74,0,0,0,0,no_volume,0,0,0,0,no_volume,0,0,0,0,no_volume,0,0,0,0,0,0,35754,31285,-0.0667,0,0,23,17,26,24,2
1774105120,24,74,0,0,0,0,no_volume,0,0,0,0,no_volume,0,0,0,0,no_volume,0,0,0,0,0,0,35754,31285,-0.0667,0,0,23,17,26,24,2
1774105121,24,74,0,0,0,0,no_volume,0,0,0,0,no_volume,0,0,0,0,no_volume,0,0,0,0,0,0,35754,31285,-0.0667,0,0,23,17,26,24,2
1774105122,24,74,0,0,0,0,no_volume,0,0,0,0,no_volume,0,0,0,0,no_volume,0,0,0,0,0,0,35754,31285,-0.0667,0,0,23,17,26,24,2
1774105123,24,74,0,0,0,0,no_volume,0,0,0,0,no_volume,0,0,0,0,no_volume,0,0,0,0,0,0,35754,31285,-0.0667,0,0,23,17,26,24,2
1774105124,24,74,0,0,0,0,no_volume,0,0,0,0,no_volume,0,0,0,0,no_volume,0,0,0,0,0,0,35754,31285,-0.0667,0,0,23,17,26,24,2
1774105125,24,74,0,0,0,0,no_volume,0,0,0,0,no_volume,0,0,0,0,no_volume,0,0,0,0,0,0,35754,31285,-0.0667,0,0,23,17,26,24,2
1774105126,24,74,0,0,0,0,no_volume,0,0,0,0,no_volume,0,0,0,0,no_volume,0,0,0,0,0,0,35754,31285,-0.0667,0,0,23,17,26,24,2
1774105127,24,74,0,0,0,0,no_volume,0,0,0,0,no_volume,0,0,0,0,no_volume,0,0,0,0,0,0,35754,31285,-0.0667,0,0,23,17,26,24,2
1774105128,24,74,0,0,0,0,no_volume,0,0,0,0,no_volume,0,0,0,0,no_volume,0,0,0,0,0,0,35754,31285,-0.0667,0,0,23,17,26,24,2
1774105129,24,74,0,0,0,0,no_volume,0,0,0,0,no_volume,0,0,0,0,no_volume,0,0,0,0,0,0,35754,31285,-0.0667,0,0,23,17,26,24,2
1774105130,24,74,0,0,0,0,no_volume,0,0,0,0,no_volume,0,0,0,0,no_volume,0,0,0,0,0,0,35754,31285,-0.0667,0,0,23,17,26,24,2
1774105131,24,74,0,0,0,0,no_volume,0,0,0,0,no_volume,0,0,0,0,no_volume,0,0,0,0,0,0,35754,31285,-0.0667,0,0,23,17,26,24,2
1774105132,24,74,0,0,0,0,no_volume,0,0,0,0,no_volume,0,0,0,0,no_volume,0,0,0,0,0,0,35754,31285,-0.0667,0,0,23,17,26,24,2
1774105133,24,74,0,0,0,0,no_volume,0,0,0,0,no_volume,0,0,0,0,no_volume,0,0,0,0,0,0,35754,31285,-0.0667,0,0,23,17,26,24,2
1774105134,24,74,0,0,0,0,no_volume,0,0,0,0,no_volume,0,0,0,0,no_volume,0,0,0,0,0,0,35754,31285,-0.0667,0,0,23,17,26,24,2
1774105135,24,74,0,0,0,0,no_volume,0,0,0,0,no_volume,0,0,0,0,no_volume,0,0,0,0,0,0,35754,31285,-0.0667,0,0,23,17,26,24,2
1774105136,24,74,0,0,0,0,no_volume,0,0,0,0,no_volume,0,0,0,0,no_volume,0,0,0,0,0,0,35754,31285,-0.0667,0,0,23,17,26,24,2
1774105137,24,74,0,0,0,0,no_volume,0,0,0,0,no_volume,0,0,0,0,no_volume,0,0,0,0,0,0,35754,31285,-0.0667,0,0,23,17,26,24,2
1774105138,24,74,0,0,0,0,no_volume,0,0,0,0,no_volume,0,0,0,0,no_volume,0,0,0,0,0,0,35754,31285,-0.0667,0,0,23,17,26,24,2
1774105139,24,74,0,0,0,0,no_volume,0,0,0,0,no_volume,0,0,0,0,no_volume,0,0,0,0,0,0,35754,31285,-0.0667,0,0,23,17,26,24,2
1774105140,24,74,0,0,0,0,no_volume,0,0,0,0,no_volume,0,0,0,0,no_volume,0,0,0,0,0,0,35754,31285,-0.0667,0,0,23,17,26,24,2
1774105141,24,74,0,0,0,0,no_volume,0,0,0,0,no_volume,0,0,0,0,no_volume,0,0,0,0,0,0,35754,31285,-0.0667,0,0,23,17,26,24,2
1774105142,24,74,0,0,0,0,no_volume,0,0,0,0,no_volume,0,0,0,0,no_volume,0,0,0,0,0,0,30559,31285,0.0117,-5195,-5195,23,17,26,24,2
1774105143,24,74,0,0,0,0,no_volume,0,0,0,0,no_volume,0,0,0,0,no_volume,0,0,0,0,0,0,30559,31285,0.0117,-5195,-5195,23,17,26,24,2
1774105144,24,74,0,0,0,0,no_volume,0,0,0,0,no_volume,0,0,0,0,no_volume,0,0,0,0,0,0,30559,31285,0.0117,-5195,-5195,23,17,26,24,2
1774105145,24,74,0,0,0,0,no_volume,0,0,0,0,no_volume,0,0,0,0,no_volume,0,0,0,0,0,0,30559,31285,0.0117,0,-5195,23,17,26,24,2
1774105146,24,74,0,0,0,0,no_volume,0,0,0,0,no_volume,0,0,0,0,no_volume,0,0,0,0,0,0,30559,31285,0.0117,0,-5195,23,17,26,24,2
1774105147,24,74,0,0,0,0,no_volume,0,0,0,0,no_volume,0,0,0,0,no_volume,0,0,0,0,0,0,30559,31285,0.0117,0,-5195,23,17,26,24,2
1774105148,24,74,0,0,0,0,no_volume,0,0,0,0,no_volume,0,0,0,0,no_volume,0,0,0,0,0,0,30559,31285,0.0117,0,-5195,23,17,26,24,2
1774105149,24,74,0,0,0,0,no_volume,0,0,0,0,no_volume,0,0,0,0,no_volume,0,0,0,0,0,0,30559,31285,0.0117,0,-5195,23,17,26,24,2
1774105150,24,74,0,0,0,0,no_volume,0,0,0,0,no_volume,0,0,0,0,no_volume,0,0,0,0,0,0,30559,31285,0.0117,0,-5195,23,17,26,24,2
1774105151,24,74,0,0,0,0,no_volume,0,0,0,0,no_volume,0,0,0,0,no_volume,0,0,0,0,0,0,30559,31285,0.0117,0,-5195,23,17,26,24,2
1774105152,24,74,0,0,0,0,no_volume,0,0,0,0,no_volume,0,0,0,0,no_volume,0,0,0,0,0,0,30559,31285,0.0117,0,0,23,17,26,24,2
1774105153,24,74,0,0,0,0,no_volume,0,0,0,0,no_volume,0,0,0,0,no_volume,0,0,0,0,0,0,30559,31285,0.0117,0,0,23,17,26,24,2
1774105154,24,74,0,0,0,0,no_volume,0,0,0,0,no_volume,0,0,0,0,no_volume,0,0,0,0,0,0,30559,31285,0.0117,0,0,23,17,26,24,2
1774105155,24,74,0,0,0,0,no_volume,0,0,0,0,no_volume,0,0,0,0,no_volume,0,0,0,0,0,0,30559,31285,0.0117,0,0,23,17,26,24,2
1774105156,24,74,0,0,0,0,no_volume,0,0,0,0,no_volume,0,0,0,0,no_volume,0,0,0,0,0,0,30559,31285,0.0117,0,0,23,17,26,24,2
1774105157,24,74,0,0,0,0,no_volume,0,0,0,0,no_volume,0,0,0,0,no_volume,0,0,0,0,0,0,30559,31285,0.0117,0,0,23,17,26,24,2
1774105158,24,74,0,0,0,0,no_volume,0,0,0,0,no_volume,0,0,0,0,no_volume,0,0,0,0,0,0,30559,31285,0.0117,0,0,23,17,26,24,2
1774105159,24,74,0,0,0,0,no_volume,0,0,0,0,no_volume,0,0,0,0,no_volume,0,0,0,0,0,0,30559,31285,0.0117,0,0,23,17,26,24,2
1774105160,24,74,0,0,0,0,no_volume,0,0,0,0,no_volume,0,0,0,0,no_volume,0,0,0,0,0,0,30559,31285,0.0117,0,0,23,17,26,24,2
1774105161,24,74,0,0,0,0,no_volume,0,0,0,0,no_volume,0,0,0,0,no_volume,0,0,0,0,0,0,30559,31285,0.0117,0,0,23,17,26,24,2
1774105162,24,74,0,0,0,0,no_volume,0,0,0,0,no_volume,0,0,0,0,no_volume,0,0,0,0,0,0,30559,31285,0.0117,0,0,23,17,26,24,2
1774105163,24,74,0,0,0,0,no_volume,0,0,0,0,no_volume,0,0,0,0,no_volume,0,0,0,0,0,0,30559,31285,0.0117,0,0,23,17,26,24,2
1774105164,24,74,0,0,0,0,no_volume,0,0,0,0,no_volume,0,0,0,0,no_volume,0,0,0,0,0,0,30559,31285,0.0117,0,0,23,17,26,24,2
1774105165,24,74,0,0,0,0,no_volume,0,0,0,0,no_volume,0,0,0,0,no_volume,0,0,0,0,0,0,30559,31285,0.0117,0,0,23,17,26,24,2
1774105166,24,74,0,0,0,0,no_volume,0,0,0,0,no_volume,0,0,0,0,no_volume,0,0,0,0,0,0,30559,31285,0.0117,0,0,23,17,26,24,2
1774105167,24,74,0,0,0,0,no_volume,0,0,0,0,no_volume,0,0,0,0,no_volume,0,0,0,0,0,0,30559,31827,0.0203,0,0,23,17,26,24,2
1774105168,24,74,0,0,0,0,no_volume,0,0,0,0,no_volume,0,0,0,0,no_volume,0,0,0,0,0,0,30559,31827,0.0203,0,0,23,17,26,24,2
1774105169,24,74,0,0,0,0,no_volume,0,0,0,0,no_volume,0,0,0,0,no_volume,0,0,0,0,0,0,30559,31827,0.0203,0,0,23,17,26,24,2
1774105170,24,74,0,0,0,0,no_volume,0,0,0,0,no_volume,0,0,0,0,no_volume,0,0,0,0,0,0,30559,31827,0.0203,0,0,23,17,26,24,2
1774105171,24,74,0,0,0,0,no_volume,0,0,0,0,no_volume,0,0,0,0,no_volume,0,0,0,0,0,0,30559,33905,0.0519,0,0,23,17,26,24,2
1774105172,24,74,0,0,0,0,no_volume,0,0,0,0,no_volume,0,0,0,0,no_volume,0,0,0,0,0,0,30136,33506,0.053,-423,-423,23,17,26,24,2
1774105173,24,74,0,0,0,0,no_volume,0,0,0,0,no_volume,0,0,0,0,no_volume,0,0,0,0,0,0,31734,33506,0.0272,1175,1175,23,17,26,24,2
1774105174,24,74,0,0,0,0,no_volume,0,0,0,0,no_volume,0,0,0,0,no_volume,0,0,0,0,0,0,31734,33506,0.0272,1175,1175,23,17,26,24,2
1774105175,24,74,0,0,0,0,no_volume,0,0,0,0,no_volume,0,0,0,0,no_volume,0,0,0,0,0,0,31734,33506,0.0272,1598,1175,23,17,26,24,2
1774105176,24,74,0,0,0,0,no_volume,0,0,0,0,no_volume,0,0,0,0,no_volume,0,0,0,0,0,0,31734,33506,0.0272,0,1175,23,17,26,24,2
1774105177,24,74,0,0,0,0,no_volume,0,0,0,0,no_volume,0,0,0,0,no_volume,0,0,0,0,0,0,31734,33506,0.0272,0,1175,23,17,26,24,2
1774105178,24,74,0,0,0,0,no_volume,0,0,0,0,no_volume,0,0,0,0,no_volume,0,0,0,0,0,0,31734,33506,0.0272,0,1175,23,17,26,24,2
1774105179,24,74,0,0,0,0,no_volume,0,0,0,0,no_volume,0,0,0,0,no_volume,0,0,0,0,0,0,31734,33506,0.0272,0,1175,23,17,26,24,2
1774105180,24,74,0,0,0,0,no_volume,0,0,0,0,no_volume,0,0,0,0,no_volume,0,0,0,0,0,0,31734,33506,0.0272,0,1175,23,17,26,24,2
1774105181,24,74,0,0,0,0,no_volume,0,0,0,0,no_volume,0,0,0,0,no_volume,0,0,0,0,0,0,31734,33506,0.0272,0,1175,23,17,26,24,2
1774105182,24,74,0,0,0,0,no_volume,0,0,0,0,no_volume,0,0,0,0,no_volume,0,0,0,0,0,0,31734,33506,0.0272,0,1598,23,17,26,24,2
1774105183,24,74,0,0,0,0,no_volume,0,0,0,0,no_volume,0,0,0,0,no_volume,0,0,0,0,0,0,31734,33506,0.0272,0,0,23,17,26,24,2
1774105184,24,74,0,0,0,0,no_volume,0,0,0,0,no_volume,0,0,0,0,no_volume,0,0,0,0,0,0,31734,33506,0.0272,0,0,23,17,26,24,2
1774105185,24,74,0,0,0,0,low_activity,0,0,0,0,low_activity,0,0,0,0,low_activity,0,0,0,0,0,0,31277,33506,0.0344,-457,-457,23,17,26,24,2
1774105186,24,74,0,0,0,0,low_activity,0,0,0,0,low_activity,0,0,0,0,low_activity,0,0,0,0,0,0,31734,33506,0.0272,0,0,23,17,26,24,2
1774105187,24,74,0,0,0,0,low_activity,0,0,0,0,low_activity,0,0,0,0,low_activity,0,0,0,0,0,0,30391,33473,0.0483,-1343,-1343,23,17,26,24,2
1774105188,24,74,0,0,0,0,no_volume,0,0,0,0,low_activity,0,0,0,0,low_activity,0,0,0,0,0,0,30391,33473,0.0483,-886,-1343,23,17,26,24,2
1774105189,24,74,0,0,0,0,no_volume,0,0,0,0,low_activity,0,0,0,0,low_activity,0,0,0,0,0,0,30391,32077,0.027,-1343,-1343,23,17,26,24,2
1774105190,24,74,0,0,0,0,no_volume,0,0,0,0,no_volume,0,0,0,0,low_activity,0,0,0,0,0,0,30391,32077,0.027,0,-1343,23,17,26,24,2
1774105191,24,74,0,0,0,0,no_volume,0,0,0,0,no_volume,0,0,0,0,low_activity,0,0,0,0,0,0,30391,32077,0.027,0,-1343,23,17,26,24,2
1774105192,24,74,0,0,0,0,no_volume,0,0,0,0,no_volume,0,0,0,0,low_activity,0,0,0,0,0,0,30391,32077,0.027,0,-1343,23,17,26,24,2
1774105193,24,74,0,0,0,0,no_volume,0,0,0,0,no_volume,0,0,0,0,low_activity,0,0,0,0,0,0,30391,31795,0.0226,0,-1343,23,17,26,24,2
1774105194,24,74,0,0,0,0,no_volume,0,0,0,0,no_volume,0,0,0,0,low_activity,0,0,0,0,0,0,30391,31795,0.0226,0,-1343,23,17,26,24,2
1774105195,24,74,0,0,0,0,no_volume,0,0,0,0,no_volume,0,0,0,0,low_activity,0,0,0,0,0,0,30391,31209,0.0133,0,-886,23,17,26,24,2
1774105196,24,74,0,0,0,0,no_volume,0,0,0,0,no_volume,0,0,0,0,low_activity,0,0,0,0,0,0,30391,31209,0.0133,0,-1343,23,17,26,24,2
1774105197,24,74,0,0,0,0,no_volume,0,0,0,0,no_volume,0,0,0,0,low_activity,0,0,0,0,0,0,30391,29896,-0.0082,0,0,23,17,26,24,2
1774105198,24,74,0,0,0,0,no_volume,0,0,0,0,no_volume,0,0,0,0,low_activity,0,0,0,0,0,0,30424,29694,-0.0121,33,33,23,17,26,24,2
1774105199,24,74,0,0,0,0,no_volume,0,0,0,0,no_volume,0,0,0,0,low_activity,0,0,0,0,0,0,30424,29694,-0.0121,33,33,23,17,26,24,2
1774105200,24,74,0,0,0,0,no_volume,0,0,0,0,no_volume,0,0,0,0,low_activity,0,0,0,0,0,0,35883,28687,-0.1114,5492,5492,22,17,26,24,2
1774105201,24,74,0,0,0,0,no_volume,0,0,0,0,no_volume,0,0,0,0,low_activity,0,0,0,0,0,0,13374,8314,-0.2333,-17050,-17017,25,16,26,24,2
1774105202,24,75,0,0,0,0,no_volume,0,0,0,0,no_volume,0,0,0,0,low_activity,0,0,0,0,0,0,13415,7320,-0.2939,-17009,-16976,26,16,25,24,1
1774105203,24,75,0,0,0,0,no_volume,0,0,0,0,no_volume,0,0,0,0,low_activity,0,0,0,0,0,0,10246,6666,-0.2117,-25637,-20145,26,17,25,24,1
1774105204,24,74,0,0,0,0,no_volume,0,0,0,0,no_volume,0,0,0,0,low_activity,0,0,0,0,0,0,6846,6639,-0.0154,-6528,-23545,24,17,26,24,2
1774105205,24,74,0,0,0,0,no_volume,0,0,0,0,no_volume,0,0,0,0,low_activity,0,0,0,0,0,0,6551,6284,-0.0208,-6864,-23840,25,18,26,24,2
1774105206,24,74,0,0,0,0,no_volume,0,0,0,0,no_volume,0,0,0,0,low_activity,0,0,0,0,0,0,9800,6284,-0.2186,-446,-20591,26,18,26,24,2
1774105207,24,71,0,0,0,0,no_volume,0,0,0,0,no_volume,0,0,0,0,low_activity,0,0,0,0,0,0,9852,6276,-0.2217,3006,-20539,23,17,29,24,5
1774105208,24,71,0,0,0,0,no_volume,0,0,0,0,no_volume,0,0,0,0,low_activity,0,0,0,0,0,0,9860,6276,-0.2221,3309,-20564,23,17,29,24,5
1774105209,24,71,0,0,0,0,no_volume,0,0,0,0,no_volume,0,0,0,0,low_activity,0,0,0,0,0,0,9586,6276,-0.2087,-214,-20838,25,17,29,24,5
1774105210,24,71,0,0,0,0,no_volume,0,0,0,0,no_volume,0,0,0,0,low_activity,0,0,0,0,0,0,12695,6276,-0.3384,2843,-23188,24,17,29,24,5
1774105211,24,71,0,0,0,0,no_volume,0,0,0,0,no_volume,0,0,0,0,low_activity,0,0,0,0,0,0,12695,6276,-0.3384,2835,-679,24,17,29,24,5
1774105212,24,71,0,0,0,0,no_volume,0,0,0,0,no_volume,0,0,0,0,low_activity,0,0,0,0,0,0,12695,6276,-0.3384,3109,-720,24,17,29,24,5
1774105213,24,72,0,0,0,0,no_volume,0,0,0,0,no_volume,0,0,0,0,low_activity,0,0,0,0,0,0,9745,6338,-0.2118,-2950,-501,23,18,28,24,4
1774105214,23,73,0,0,0,0,no_volume,0,0,0,0,no_volume,0,0,0,0,low_activity,0,0,0,0,0,0,9800,6256,-0.2207,-2895,2954,24,17,27,23,4
1774105215,23,74,0,0,0,0,no_volume,0,0,0,0,no_volume,0,0,0,0,no_volume,0,0,0,0,0,0,6361,6276,-0.0067,-6334,-190,24,17,26,23,3
1774105216,23,74,0,0,0,0,no_volume,0,0,0,0,no_volume,0,0,0,0,no_volume,0,0,0,0,0,0,6511,6276,-0.0184,-3234,-3289,25,17,26,23,3
1774105217,23,73,0,0,0,0,no_volume,0,0,0,0,no_volume,0,0,0,0,no_volume,0,0,0,0,0,0,12621,6236,-0.3386,2821,2769,25,17,27,23,4
1774105218,23,72,0,0,0,0,no_volume,0,0,0,0,no_volume,0,0,0,0,no_volume,0,0,0,0,0,0,9485,5961,-0.2281,3124,-375,26,17,28,23,5
1774105219,23,72,0,0,0,0,no_volume,0,0,0,0,no_volume,0,0,0,0,no_volume,0,0,0,0,0,0,9505,3006,-0.5195,2994,-81,26,17,28,23,5
1774105220,23,72,0,0,0,0,no_volume,0,0,0,0,no_volume,0,0,0,0,no_volume,0,0,0,0,0,0,9505,3006,-0.5195,-3116,-3190,26,17,28,23,5
1774105221,22,72,0,0,0,0,no_volume,0,0,0,0,no_volume,0,0,0,0,no_volume,0,0,0,0,0,0,12738,5072,-0.4304,3253,43,28,15,28,22,6
1774105222,23,72,0,0,0,0,no_volume,0,0,0,0,no_volume,0,0,0,0,no_volume,0,0,0,0,0,0,14451,4262,-0.5445,4946,1756,34,17,28,23,5
1774105223,24,74,0,0,0,0,no_volume,0,0,0,0,no_volume,0,0,0,0,no_volume,0,0,0,0,0,0,12399,6546,-0.3089,2894,2654,34,18,26,24,2
1774105224,24,74,0,0,0,0,no_volume,0,0,0,0,no_volume,0,0,0,0,no_volume,0,0,0,0,0,0,12280,8132,-0.2032,-458,2480,33,17,26,24,2
1774105225,24,74,0,0,0,0,no_volume,0,0,0,0,no_volume,0,0,0,0,no_volume,0,0,0,0,0,0,17450,13445,-0.1296,2999,11089,33,17,26,24,2
1774105226,24,74,0,0,0,0,no_volume,0,0,0,0,no_volume,0,0,0,0,no_volume,0,0,0,0,0,0,17367,13445,-0.1273,4968,10856,33,17,26,24,2
1774105227,24,74,0,0,0,0,no_volume,0,0,0,0,no_volume,0,0,0,0,no_volume,0,0,0,0,0,0,17367,13445,-0.1273,5087,4746,33,17,26,24,2
1774105228,24,74,0,0,0,0,no_volume,0,0,0,0,no_volume,0,0,0,0,no_volume,0,0,0,0,0,0,15300,15392,0.003,-2150,5815,32,17,26,24,2
1774105229,24,74,0,0,0,0,no_volume,0,0,0,0,no_volume,0,0,0,0,no_volume,0,0,0,0,0,0,17538,17744,0.0058,171,8033,32,18,26,24,2
1774105230,24,74,0,0,0,0,no_volume,0,0,0,0,no_volume,0,0,0,0,no_volume,0,0,0,0,0,0,17679,17744,0.0018,312,8174,32,18,26,24,2
1774105231,24,74,0,0,0,0,no_volume,0,0,0,0,no_volume,0,0,0,0,no_volume,0,0,0,0,0,0,17762,17827,0.0018,2462,5024,32,18,26,24,2
1774105232,24,74,0,0,0,0,no_volume,0,0,0,0,no_volume,0,0,0,0,no_volume,0,0,0,0,0,0,17762,17827,0.0018,224,3311,32,18,26,24,2
1774105233,24,74,0,0,0,0,no_volume,0,0,0,0,no_volume,0,0,0,0,no_volume,0,0,0,0,0,0,17762,17827,0.0018,83,5363,32,18,26,24,2
1774105234,24,74,0,0,0,0,no_volume,0,0,0,0,no_volume,0,0,0,0,no_volume,0,0,0,0,0,0,17762,17827,0.0018,0,5482,32,18,26,24,2
1774105235,24,74,0,0,0,0,no_volume,0,0,0,0,no_volume,0,0,0,0,no_volume,0,0,0,0,0,0,17762,17827,0.0018,0,312,32,18,26,24,2
1774105236,24,74,0,0,0,0,no_volume,0,0,0,0,no_volume,0,0,0,0,no_volume,0,0,0,0,0,0,19723,17827,-0.0505,1961,2356,33,18,26,24,2
1774105237,24,74,0,0,0,0,no_volume,0,0,0,0,no_volume,0,0,0,0,no_volume,0,0,0,0,0,0,19723,17827,-0.0505,1961,2356,33,18,26,24,2
1774105238,24,74,0,0,0,0,no_volume,0,0,0,0,no_volume,0,0,0,0,no_volume,0,0,0,0,0,0,19723,17827,-0.0505,1961,4423,33,18,26,24,2
1774105239,24,75,0,0,0,0,no_volume,0,0,0,0,no_volume,0,0,0,0,no_volume,0,0,0,0,0,0,19770,17998,-0.0469,47,2232,34,18,25,24,1
1774105240,24,75,0,0,0,0,no_volume,0,0,0,0,no_volume,0,0,0,0,no_volume,0,0,0,0,0,0,19669,17998,-0.0444,-54,1990,34,18,25,24,1
1774105241,21,75,0,0,0,0,no_volume,0,0,0,0,no_volume,0,0,0,0,no_volume,0,0,0,0,0,0,18680,2936,-0.7283,-1043,918,34,16,25,21,4
1774105242,21,75,0,0,0,0,no_volume,0,0,0,0,no_volume,0,0,0,0,no_volume,0,0,0,0,0,0,18830,2855,-0.7367,-940,1068,33,14,25,21,4
1774105243,21,75,0,0,0,0,no_volume,0,0,0,0,no_volume,0,0,0,0,no_volume,0,0,0,0,0,0,18830,2855,-0.7367,-839,1068,33,14,25,21,4
1774105244,21,75,0,0,0,0,no_volume,0,0,0,0,no_volume,0,0,0,0,no_volume,0,0,0,0,0,0,18830,2855,-0.7367,150,1068,33,14,25,21,4
1774105245,21,76,0,0,0,0,no_volume,0,0,0,0,no_volume,0,0,0,0,no_volume,0,0,0,0,0,0,18790,3115,-0.7156,-40,1028,34,15,24,21,3
1774105246,21,76,0,0,0,0,no_volume,0,0,0,0,no_volume,0,0,0,0,no_volume,0,0,0,0,0,0,18790,2865,-0.7354,-40,-933,34,14,24,21,3
1774105247,23,76,0,0,0,0,no_volume,0,0,0,0,no_volume,0,0,0,0,no_volume,0,0,0,0,0,0,22039,10730,-0.3451,3209,2316,35,17,24,23,1
1774105248,23,76,0,0,0,0,no_volume,0,0,0,0,no_volume,0,0,0,0,no_volume,0,0,0,0,0,0,22306,10859,-0.3452,3516,2583,35,17,24,23,1
1774105249,23,76,0,0,0,0,no_volume,0,0,0,0,no_volume,0,0,0,0,no_volume,0,0,0,0,0,0,22306,10859,-0.3452,3516,2536,35,17,24,23,1
1774105250,23,76,0,0,0,0,no_volume,0,0,0,0,no_volume,0,0,0,0,no_volume,0,0,0,0,0,0,22306,10859,-0.3452,267,2637,35,17,24,23,1
1774105251,23,76,0,0,0,0,no_volume,0,0,0,0,no_volume,0,0,0,0,no_volume,0,0,0,0,0,0,22306,10859,-0.3452,0,3626,35,17,24,23,1
1774105252,23,76,0,0,0,0,no_volume,0,0,0,0,no_volume,0,0,0,0,no_volume,0,0,0,0,0,0,22306,10859,-0.3452,0,3476,35,17,24,23,1
1774105253,23,76,0,0,0,0,no_volume,0,0,0,0,no_volume,0,0,0,0,no_volume,0,0,0,0,0,0,22306,10859,-0.3452,0,3476,35,17,24,23,1
1774105254,23,76,0,0,0,0,no_volume,0,0,0,0,no_volume,0,0,0,0,no_volume,0,0,0,0,0,0,22169,10859,-0.3424,-137,3339,35,17,24,23,1
1774105255,24,75,0,0,0,0,no_volume,0,0,0,0,no_volume,0,0,0,0,no_volume,0,0,0,0,0,0,22059,13569,-0.2383,-247,3269,34,18,25,24,1
1774105256,24,75,0,0,0,0,no_volume,0,0,0,0,no_volume,0,0,0,0,no_volume,0,0,0,0,0,0,21809,13634,-0.2307,-497,3019,34,17,25,24,1
1774105257,24,75,0,0,0,0,no_volume,0,0,0,0,no_volume,0,0,0,0,no_volume,0,0,0,0,0,0,21809,15902,-0.1566,-360,-230,34,17,25,24,1
1774105258,24,75,0,0,0,0,no_volume,0,0,0,0,no_volume,0,0,0,0,no_volume,0,0,0,0,0,0,21809,15902,-0.1566,-250,-497,34,17,25,24,1
1774105259,24,75,0,0,0,0,no_volume,0,0,0,0,no_volume,0,0,0,0,no_volume,0,0,0,0,0,0,21809,15902,-0.1566,0,-497,34,17,25,24,1
1774105260,24,75,0,0,0,0,no_volume,0,0,0,0,no_volume,0,0,0,0,no_volume,0,0,0,0,0,0,21809,15902,-0.1566,0,-497,34,17,25,24,1
1774105261,24,75,0,0,0,0,no_volume,0,0,0,0,no_volume,0,0,0,0,no_volume,0,0,0,0,0,0,21809,15902,-0.1566,0,-497,34,17,25,24,1
1774105262,24,75,0,0,0,0,no_volume,0,0,0,0,no_volume,0,0,0,0,no_volume,0,0,0,0,0,0,21809,15902,-0.1566,0,-497,34,17,25,24,1
1774105263,24,75,0,0,0,0,no_volume,0,0,0,0,no_volume,0,0,0,0,no_volume,0,0,0,0,0,0,21809,15902,-0.1566,0,-497,34,16,25,24,1
1774105264,24,75,0,0,0,0,no_volume,0,0,0,0,no_volume,0,0,0,0,no_volume,0,0,0,0,0,0,21809,15902,-0.1566,0,-360,34,16,25,24,1
1774105265,24,75,0,0,0,0,no_volume,0,0,0,0,no_volume,0,0,0,0,no_volume,0,0,0,0,0,0,21809,15902,-0.1566,0,-250,34,16,25,24,1
1774105266,24,75,0,0,0,0,no_volume,0,0,0,0,no_volume,0,0,0,0,no_volume,0,0,0,0,0,0,21809,15902,-0.1566,0,0,34,16,25,24,1
1774105267,24,75,0,0,0,0,no_volume,0,0,0,0,no_volume,0,0,0,0,no_volume,0,0,0,0,0,0,21809,15902,-0.1566,0,0,34,16,25,24,1
1774105268,24,75,0,0,0,0,no_volume,0,0,0,0,no_volume,0,0,0,0,no_volume,0,0,0,0,0,0,21809,15902,-0.1566,0,0,34,16,25,24,1
1774105269,24,75,0,0,0,0,no_volume,0,0,0,0,no_volume,0,0,0,0,no_volume,0,0,0,0,0,0,21809,15902,-0.1566,0,0,34,16,25,24,1
1774105270,24,75,0,0,0,0,no_volume,0,0,0,0,no_volume,0,0,0,0,no_volume,0,0,0,0,0,0,21809,15902,-0.1566,0,0,34,16,25,24,1
1774105271,24,75,0,0,0,0,no_volume,0,0,0,0,no_volume,0,0,0,0,no_volume,0,0,0,0,0,0,21809,15902,-0.1566,0,0,34,16,25,24,1
1774105272,24,75,0,0,0,0,no_volume,0,0,0,0,no_volume,0,0,0,0,no_volume,0,0,0,0,0,0,21809,15902,-0.1566,0,0,34,16,25,24,1
1774105273,24,75,0,0,0,0,no_volume,0,0,0,0,no_volume,0,0,0,0,no_volume,0,0,0,0,0,0,21809,15902,-0.1566,0,0,34,16,25,24,1
1774105274,24,75,0,0,0,0,no_volume,0,0,0,0,no_volume,0,0,0,0,no_volume,0,0,0,0,0,0,21809,15902,-0.1566,0,0,34,16,25,24,1
1774105275,24,75,0,0,0,0,no_volume,0,0,0,0,no_volume,0,0,0,0,no_volume,0,0,0,0,0,0,21809,15902,-0.1566,0,0,34,16,25,24,1
1774105276,24,75,0,0,0,0,no_volume,0,0,0,0,no_volume,0,0,0,0,no_volume,0,0,0,0,0,0,21809,15902,-0.1566,0,0,34,16,25,24,1
1774105277,24,75,0,0,0,0,no_volume,0,0,0,0,no_volume,0,0,0,0,no_volume,0,0,0,0,0,0,21809,15902,-0.1566,0,0,34,16,25,24,1
1774105278,24,75,0,0,0,0,no_volume,0,0,0,0,no_volume,0,0,0,0,no_volume,0,0,0,0,0,0,21809,15902,-0.1566,0,0,34,16,25,24,1
1774105279,24,75,0,0,0,0,no_volume,0,0,0,0,no_volume,0,0,0,0,no_volume,0,0,0,0,0,0,21809,15902,-0.1566,0,0,34,16,25,24,1
1774105280,24,75,0,0,0,0,no_volume,0,0,0,0,no_volume,0,0,0,0,no_volume,0,0,0,0,0,0,21809,15588,-0.1664,0,0,34,16,25,24,1
1774105281,24,75,0,0,0,0,no_volume,0,0,0,0,no_volume,0,0,0,0,no_volume,0,0,0,0,0,0,21809,15588,-0.1664,0,0,34,16,25,24,1
1774105282,24,75,0,0,0,0,no_volume,0,0,0,0,no_volume,0,0,0,0,no_volume,0,0,0,0,0,0,21809,15588,-0.1664,0,0,34,16,25,24,1
1774105283,24,75,0,0,0,0,no_volume,0,0,0,0,no_volume,0,0,0,0,no_volume,0,0,0,0,0,0,21809,15588,-0.1664,0,0,34,16,25,24,1
1774105284,25,74,0,0,0,0,no_volume,0,0,0,0,no_volume,0,0,0,0,no_volume,0,0,0,0,0,0,21769,19412,-0.0572,-40,-40,34,17,26,25,1
1774105285,25,74,0,0,0,0,no_volume,0,0,0,0,no_volume,0,0,0,0,no_volume,0,0,0,0,0,0,25255,21832,-0.0727,3446,3446,34,17,26,25,1
1774105286,25,74,0,0,0,0,no_volume,0,0,0,0,no_volume,0,0,0,0,no_volume,0,0,0,0,0,0,23294,21832,-0.0324,1485,1485,33,17,26,25,1
1774105287,25,74,0,0,0,0,no_volume,0,0,0,0,no_volume,0,0,0,0,no_volume,0,0,0,0,0,0,25255,21832,-0.0727,3486,3446,33,17,26,25,1
1774105288,25,74,0,0,0,0,no_volume,0,0,0,0,no_volume,0,0,0,0,no_volume,0,0,0,0,0,0,25255,21832,-0.0727,0,3446,33,17,26,25,1
1774105289,25,74,0,0,0,0,no_volume,0,0,0,0,no_volume,0,0,0,0,no_volume,0,0,0,0,0,0,23294,21832,-0.0324,0,1485,33,17,26,25,1
1774105290,25,74,0,0,0,0,no_volume,0,0,0,0,no_volume,0,0,0,0,no_volume,0,0,0,0,0,0,23294,21832,-0.0324,-1961,1485,33,17,26,25,1
1774105291,25,74,0,0,0,0,no_volume,0,0,0,0,no_volume,0,0,0,0,no_volume,0,0,0,0,0,0,23294,21832,-0.0324,-1961,1485,33,17,26,25,1
1774105292,25,74,0,0,0,0,no_volume,0,0,0,0,no_volume,0,0,0,0,no_volume,0,0,0,0,0,0,23294,21832,-0.0324,0,1485,33,17,26,25,1
1774105293,25,74,0,0,0,0,no_volume,0,0,0,0,no_volume,0,0,0,0,no_volume,0,0,0,0,0,0,23294,21832,-0.0324,0,1485,33,17,26,25,1
1774105294,25,74,0,0,0,0,no_volume,0,0,0,0,no_volume,0,0,0,0,no_volume,0,0,0,0,0,0,23294,21832,-0.0324,0,1525,33,17,26,25,1
1774105295,25,74,0,0,0,0,no_volume,0,0,0,0,no_volume,0,0,0,0,no_volume,0,0,0,0,0,0,25255,21832,-0.0727,1961,0,33,17,26,25,1
1774105296,25,74,0,0,0,0,no_volume,0,0,0,0,no_volume,0,0,0,0,no_volume,0,0,0,0,0,0,23294,24374,0.0227,0,0,33,17,26,25,1
1774105297,25,74,0,0,0,0,no_volume,0,0,0,0,no_volume,0,0,0,0,no_volume,0,0,0,0,0,0,23294,24374,0.0227,0,-1961,33,17,26,25,1
1774105298,25,74,0,0,0,0,no_volume,0,0,0,0,no_volume,0,0,0,0,no_volume,0,0,0,0,0,0,23431,24374,0.0197,-1824,-1824,33,17,26,25,1
1774105299,25,74,0,0,0,0,no_volume,0,0,0,0,no_volume,0,0,0,0,no_volume,0,0,0,0,0,0,23431,24374,0.0197,137,137,33,17,26,25,1
1774105300,25,74,0,0,0,0,no_volume,0,0,0,0,no_volume,0,0,0,0,no_volume,0,0,0,0,0,0,23431,24374,0.0197,137,137,33,17,26,25,1
1774105301,25,74,0,0,0,0,no_volume,0,0,0,0,no_volume,0,0,0,0,no_volume,0,0,0,0,0,0,23431,24374,0.0197,0,137,33,17,26,25,1
1774105302,25,74,0,0,0,0,no_volume,0,0,0,0,no_volume,0,0,0,0,no_volume,0,0,0,0,0,0,23431,24374,0.0197,0,137,33,17,26,25,1
1774105303,25,74,0,0,0,0,no_volume,0,0,0,0,no_volume,0,0,0,0,no_volume,0,0,0,0,0,0,23431,24374,0.0197,0,137,33,17,26,25,1
1774105304,25,74,0,0,0,0,no_volume,0,0,0,0,no_volume,0,0,0,0,no_volume,0,0,0,0,0,0,25255,24374,-0.0178,1824,1961,33,18,26,25,1
1774105305,25,74,0,0,0,0,no_volume,0,0,0,0,no_volume,0,0,0,0,no_volume,0,0,0,0,0,0,25255,24374,-0.0178,1824,0,33,18,26,25,1
1774105306,25,74,0,0,0,0,no_volume,0,0,0,0,no_volume,0,0,0,0,no_volume,0,0,0,0,0,0,25255,24374,-0.0178,1824,1961,33,18,26,25,1
1774105307,25,74,0,0,0,0,no_volume,0,0,0,0,no_volume,0,0,0,0,no_volume,0,0,0,0,0,0,25255,24374,-0.0178,0,1961,33,18,26,25,1
1774105308,25,74,0,0,0,0,no_volume,0,0,0,0,no_volume,0,0,0,0,no_volume,0,0,0,0,0,0,25255,24374,-0.0178,0,1824,33,18,26,25,1
1774105309,25,74,0,0,0,0,no_volume,0,0,0,0,no_volume,0,0,0,0,no_volume,0,0,0,0,0,0,25255,23400,-0.0381,0,1824,34,17,26,25,1
1774105310,25,74,0,0,0,0,no_volume,0,0,0,0,no_volume,0,0,0,0,no_volume,0,0,0,0,0,0,25255,23400,-0.0381,0,1824,34,17,26,25,1
1774105311,25,74,0,0,0,0,no_volume,0,0,0,0,no_volume,0,0,0,0,no_volume,0,0,0,0,0,0,25255,23400,-0.0381,0,1824,34,17,26,25,1
1774105312,25,74,0,0,0,0,no_volume,0,0,0,0,no_volume,0,0,0,0,no_volume,0,0,0,0,0,0,25255,23400,-0.0381,0,1824,34,17,26,25,1
1774105313,25,74,0,0,0,0,no_volume,0,0,0,0,no_volume,0,0,0,0,no_volume,0,0,0,0,0,0,27183,23400,-0.0748,1928,3752,34,17,26,25,1
1774105314,25,74,0,0,0,0,no_volume,0,0,0,0,no_volume,0,0,0,0,no_volume,0,0,0,0,0,0,27183,23400,-0.0748,1928,1928,34,17,26,25,1
1774105315,25,74,0,0,0,0,no_volume,0,0,0,0,no_volume,0,0,0,0,no_volume,0,0,0,0,0,0,27183,23400,-0.0748,1928,1928,34,17,26,25,1
1774105316,25,74,0,0,0,0,no_volume,0,0,0,0,no_volume,0,0,0,0,no_volume,0,0,0,0,0,0,27183,23400,-0.0748,0,1928,34,17,26,25,1
1774105317,25,74,0,0,0,0,no_volume,0,0,0,0,no_volume,0,0,0,0,no_volume,0,0,0,0,0,0,27183,23400,-0.0748,0,1928,34,17,26,25,1
1774105318,25,74,0,0,0,0,no_volume,0,0,0,0,no_volume,0,0,0,0,no_volume,0,0,0,0,0,0,27183,23400,-0.0748,0,1928,34,17,26,25,1
1774105319,25,74,0,0,0,0,no_volume,0,0,0,0,no_volume,0,0,0,0,no_volume,0,0,0,0,0,0,29445,23400,-0.1144,2262,4190,33,17,26,25,1
1774105320,25,74,0,0,0,0,no_volume,0,0,0,0,no_volume,0,0,0,0,no_volume,0,0,0,0,0,0,29445,23400,-0.1144,2262,4190,33,17,26,25,1
1774105321,25,74,0,0,0,0,no_volume,0,0,0,0,no_volume,0,0,0,0,no_volume,0,0,0,0,0,0,29445,23400,-0.1144,2262,4190,33,17,26,25,1
1774105322,25,74,0,0,0,0,no_volume,0,0,0,0,no_volume,0,0,0,0,no_volume,0,0,0,0,0,0,29445,23400,-0.1144,0,4190,33,17,26,25,1
1774105323,25,74,0,0,0,0,no_volume,0,0,0,0,no_volume,0,0,0,0,no_volume,0,0,0,0,0,0,29445,23400,-0.1144,0,2262,33,17,26,25,1
1774105324,25,74,0,0,0,0,no_volume,0,0,0,0,no_volume,0,0,0,0,no_volume,0,0,0,0,0,0,27484,23681,-0.0743,-1961,301,33,16,26,25,1
1774105325,25,74,0,0,0,0,no_volume,0,0,0,0,no_volume,0,0,0,0,no_volume,0,0,0,0,0,0,25523,23367,-0.0441,-3922,-1660,32,16,26,25,1
1774105326,25,74,0,0,0,0,no_volume,0,0,0,0,no_volume,0,0,0,0,no_volume,0,0,0,0,0,0,24235,8900,-0.4628,-5210,-2948,31,14,26,25,1
1774105327,19,75,0,0,0,0,no_volume,0,0,0,0,no_volume,0,0,0,0,no_volume,0,0,0,0,0,0,20769,4370,-0.6523,-6715,-6414,32,16,25,19,6
1774105328,19,75,0,0,0,0,no_volume,0,0,0,0,no_volume,0,0,0,0,no_volume,0,0,0,0,0,0,20809,4503,-0.6442,-4714,-6374,32,15,25,19,6
1774105329,19,75,0,0,0,0,no_volume,0,0,0,0,no_volume,0,0,0,0,no_volume,0,0,0,0,0,0,20809,4523,-0.6429,-3426,-8636,32,17,25,19,6
1774105330,23,74,0,0,0,0,no_volume,0,0,0,0,no_volume,0,0,0,0,no_volume,0,0,0,0,0,0,27675,18731,-0.1927,6906,-1770,33,17,26,23,3
1774105331,24,74,0,0,0,0,no_volume,0,0,0,0,no_volume,0,0,0,0,no_volume,0,0,0,0,0,0,25674,25441,-0.0046,4865,-3771,32,19,26,24,2
1774105332,25,73,0,0,0,0,low_activity,0,0,0,0,low_activity,0,0,0,0,low_activity,0,0,0,0,0,0,25531,31125,0.0987,4722,-3914,31,19,27,25,2
1774105333,25,73,0,0,0,0,low_activity,0,0,0,0,low_activity,0,0,0,0,low_activity,0,0,0,0,0,0,27484,31439,0.0671,-191,-1961,31,19,27,25,2
1774105334,25,73,0,0,0,0,low_activity,0,0,0,0,low_activity,0,0,0,0,low_activity,0,0,0,0,0,0,27484,31439,0.0671,1810,0,31,19,27,25,2
1774105335,25,73,0,0,0,0,no_volume,0,0,0,0,low_activity,0,0,0,0,low_activity,0,0,0,0,0,0,25523,29871,0.0785,-8,0,31,19,27,25,2
1774105336,25,73,0,0,0,0,no_volume,0,0,0,0,low_activity,0,0,0,0,low_activity,0,0,0,0,0,0,25523,29871,0.0785,-1961,1288,31,19,27,25,2
1774105337,25,73,0,0,0,0,no_volume,0,0,0,0,no_volume,0,0,0,0,low_activity,0,0,0,0,0,0,25523,29871,0.0785,-1961,4754,31,19,27,25,2
1774105338,25,73,0,0,0,0,no_volume,0,0,0,0,no_volume,0,0,0,0,low_activity,0,0,0,0,0,0,27484,29871,0.0416,1961,6675,31,19,27,25,2
1774105339,25,73,0,0,0,0,no_volume,0,0,0,0,no_volume,0,0,0,0,low_activity,0,0,0,0,0,0,27484,29871,0.0416,1961,6675,31,19,27,25,2
1774105340,25,73,0,0,0,0,no_volume,0,0,0,0,no_volume,0,0,0,0,low_activity,0,0,0,0,0,0,25523,30185,0.0837,0,-2152,31,19,27,25,2
1774105341,25,73,0,0,0,0,no_volume,0,0,0,0,no_volume,0,0,0,0,low_activity,0,0,0,0,0,0,25523,30185,0.0837,-1961,-151,31,19,27,25,2
1774105342,25,73,0,0,0,0,no_volume,0,0,0,0,no_volume,0,0,0,0,low_activity,0,0,0,0,0,0,25523,30185,0.0837,-1961,-8,31,19,27,25,2
1774105343,25,73,0,0,0,0,no_volume,0,0,0,0,no_volume,0,0,0,0,low_activity,0,0,0,0,0,0,25523,30185,0.0837,0,-1961,31,19,27,25,2
1774105344,25,73,0,0,0,0,no_volume,0,0,0,0,no_volume,0,0,0,0,low_activity,0,0,0,0,0,0,25523,30185,0.0837,0,-1961,31,19,27,25,2
1774105345,25,73,0,0,0,0,no_volume,0,0,0,0,no_volume,0,0,0,0,low_activity,0,0,0,0,0,0,25523,30185,0.0837,0,0,31,19,27,25,2
1774105346,25,73,0,0,0,0,no_volume,0,0,0,0,no_volume,0,0,0,0,low_activity,0,0,0,0,0,0,27484,29904,0.0422,1961,1961,32,19,27,25,2
1774105347,25,73,0,0,0,0,no_volume,0,0,0,0,no_volume,0,0,0,0,low_activity,0,0,0,0,0,0,27484,29904,0.0422,1961,1961,32,19,27,25,2
1774105348,25,73,0,0,0,0,no_volume,0,0,0,0,no_volume,0,0,0,0,low_activity,0,0,0,0,0,0,27484,29904,0.0422,1961,0,32,19,27,25,2
1774105349,25,73,0,0,0,0,no_volume,0,0,0,0,no_volume,0,0,0,0,low_activity,0,0,0,0,0,0,22004,29904,0.1522,-5480,-5480,31,19,27,25,2
1774105350,25,73,0,0,0,0,no_volume,0,0,0,0,no_volume,0,0,0,0,low_activity,0,0,0,0,0,0,22004,29904,0.1522,-5480,-3519,31,19,27,25,2
1774105351,25,73,0,0,0,0,no_volume,0,0,0,0,no_volume,0,0,0,0,low_activity,0,0,0,0,0,0,23998,31472,0.1347,-3486,-1525,33,19,27,25,2
1774105352,25,73,0,0,0,0,no_volume,0,0,0,0,no_volume,0,0,0,0,low_activity,0,0,0,0,0,0,23998,31472,0.1347,1994,-1525,33,19,27,25,2
1774105353,25,73,0,0,0,0,no_volume,0,0,0,0,no_volume,0,0,0,0,low_activity,0,0,0,0,0,0,23998,31472,0.1347,1994,-1525,33,19,27,25,2
1774105354,25,73,0,0,0,0,no_volume,0,0,0,0,no_volume,0,0,0,0,low_activity,0,0,0,0,0,0,23998,31472,0.1347,0,-1525,33,19,27,25,2
1774105355,25,73,0,0,0,0,no_volume,0,0,0,0,no_volume,0,0,0,0,low_activity,0,0,0,0,0,0,23998,31472,0.1347,0,-1525,33,19,27,25,2
1774105356,25,73,0,0,0,0,no_volume,0,0,0,0,no_volume,0,0,0,0,low_activity,0,0,0,0,0,0,23998,31472,0.1347,0,-3486,33,19,27,25,2
1774105357,25,73,0,0,0,0,no_volume,0,0,0,0,no_volume,0,0,0,0,low_activity,0,0,0,0,0,0,23998,31472,0.1347,0,-3486,33,19,27,25,2
1774105358,25,73,0,0,0,0,no_volume,0,0,0,0,no_volume,0,0,0,0,low_activity,0,0,0,0,0,0,23998,31472,0.1347,0,-3486,33,19,27,25,2
1774105359,25,73,0,0,0,0,no_volume,0,0,0,0,no_volume,0,0,0,0,low_activity,0,0,0,0,0,0,23998,31472,0.1347,0,1994,33,19,27,25,2
1774105360,25,73,0,0,0,0,no_volume,0,0,0,0,no_volume,0,0,0,0,low_activity,0,0,0,0,0,0,23998,31472,0.1347,0,1994,33,19,27,25,2
1774105361,25,73,0,0,0,0,no_volume,0,0,0,0,no_volume,0,0,0,0,low_activity,0,0,0,0,0,0,23998,31472,0.1347,0,0,33,19,27,25,2
1774105362,25,73,0,0,0,0,no_volume,0,0,0,0,no_volume,0,0,0,0,no_volume,0,0,0,0,0,0,23998,31472,0.1347,0,0,33,19,27,25,2
1774105363,25,73,0,0,0,0,no_volume,0,0,0,0,no_volume,0,0,0,0,no_volume,0,0,0,0,0,0,23998,31472,0.1347,0,0,33,19,27,25,2
1774105364,25,73,0,0,0,0,no_volume,0,0,0,0,no_volume,0,0,0,0,no_volume,0,0,0,0,0,0,23998,31472,0.1347,0,0,33,19,27,25,2
1774105365,25,73,0,0,0,0,no_volume,0,0,0,0,no_volume,0,0,0,0,no_volume,0,0,0,0,0,0,23998,31472,0.1347,0,0,33,19,27,25,2
1774105366,25,73,0,0,0,0,no_volume,0,0,0,0,no_volume,0,0,0,0,no_volume,0,0,0,0,0,0,23878,31342,0.1352,-120,-120,33,19,27,25,2
1774105367,25,73,0,0,0,0,no_volume,0,0,0,0,no_volume,0,0,0,0,no_volume,0,0,0,0,0,0,21930,31342,0.1767,-2068,-2068,32,19,27,25,2
1774105368,25,73,0,0,0,0,no_volume,0,0,0,0,no_volume,0,0,0,0,no_volume,0,0,0,0,0,0,21930,31342,0.1767,-2068,-2068,32,19,27,25,2
1774105369,25,73,0,0,0,0,no_volume,0,0,0,0,no_volume,0,0,0,0,no_volume,0,0,0,0,0,0,21930,31342,0.1767,-1948,-2068,32,19,27,25,2
1774105370,25,73,0,0,0,0,no_volume,0,0,0,0,no_volume,0,0,0,0,no_volume,0,0,0,0,0,0,21930,31342,0.1767,0,-2068,32,19,27,25,2
1774105371,25,73,0,0,0,0,no_volume,0,0,0,0,no_volume,0,0,0,0,no_volume,0,0,0,0,0,0,21930,31342,0.1767,0,-2068,32,19,27,25,2
1774105372,25,73,0,0,0,0,no_volume,0,0,0,0,no_volume,0,0,0,0,no_volume,0,0,0,0,0,0,21930,31342,0.1767,0,-2068,32,19,27,25,2
1774105373,25,73,0,0,0,0,no_volume,0,0,0,0,no_volume,0,0,0,0,no_volume,0,0,0,0,0,0,23999,31474,0.1348,2069,1,32,19,27,25,2
1774105374,25,73,0,0,0,0,no_volume,0,0,0,0,no_volume,0,0,0,0,no_volume,0,0,0,0,0,0,23988,31474,0.135,2058,-10,32,19,27,25,2
1774105375,25,73,0,0,0,0,no_volume,0,0,0,0,no_volume,0,0,0,0,no_volume,0,0,0,0,0,0,23988,31474,0.135,2058,-10,32,19,27,25,2
1774105376,21,73,0,0,0,0,no_volume,0,0,0,0,no_volume,0,0,0,0,no_volume,0,0,0,0,0,0,20585,10959,-0.3052,-3414,-3293,30,14,27,21,6
1774105377,24,73,0,0,0,0,no_volume,0,0,0,0,no_volume,0,0,0,0,no_volume,0,0,0,0,0,0,20618,22433,0.0422,-3370,-1312,31,17,27,24,3
1774105378,24,73,0,0,0,0,no_volume,0,0,0,0,no_volume,0,0,0,0,no_volume,0,0,0,0,0,0,20618,22094,0.0346,-3370,-1312,31,17,27,24,3
1774105379,24,73,0,0,0,0,no_volume,0,0,0,0,no_volume,0,0,0,0,no_volume,0,0,0,0,0,0,20618,22729,0.0487,33,-1312,31,18,27,24,3
1774105380,24,73,0,0,0,0,no_volume,0,0,0,0,no_volume,0,0,0,0,no_volume,0,0,0,0,0,0,20618,22804,0.0503,0,-1312,31,18,27,24,3
1774105381,24,73,0,0,0,0,no_volume,0,0,0,0,no_volume,0,0,0,0,no_volume,0,0,0,0,0,0,20618,22754,0.0492,0,-1312,31,18,27,24,3
1774105382,25,73,0,0,0,0,no_volume,0,0,0,0,no_volume,0,0,0,0,no_volume,0,0,0,0,0,0,20618,23515,0.0656,0,-1312,31,19,27,25,2
1774105383,25,73,0,0,0,0,no_volume,0,0,0,0,no_volume,0,0,0,0,no_volume,0,0,0,0,0,0,20618,18541,-0.053,0,-3381,31,18,27,25,2
1774105384,25,73,0,0,0,0,no_volume,0,0,0,0,no_volume,0,0,0,0,no_volume,0,0,0,0,0,0,20618,16289,-0.1173,0,-3370,31,16,27,25,2
1774105385,24,73,0,0,0,0,no_volume,0,0,0,0,no_volume,0,0,0,0,no_volume,0,0,0,0,0,0,20618,19641,-0.0243,0,-3370,31,18,27,24,3
1774105386,24,73,0,0,0,0,no_volume,0,0,0,0,no_volume,0,0,0,0,no_volume,0,0,0,0,0,0,20618,19691,-0.023,0,33,31,18,27,24,3
1774105387,25,74,0,0,0,0,no_volume,0,0,0,0,no_volume,0,0,0,0,no_volume,0,0,0,0,0,0,22208,15410,-0.1807,1590,1590,32,17,26,25,1
1774105388,25,74,0,0,0,0,no_volume,0,0,0,0,no_volume,0,0,0,0,no_volume,0,0,0,0,0,0,22208,15360,-0.1823,1590,1590,32,16,26,25,1
1774105389,25,74,0,0,0,0,no_volume,0,0,0,0,no_volume,0,0,0,0,no_volume,0,0,0,0,0,0,22208,16427,-0.1496,1590,1590,32,17,26,25,1
1774105390,25,74,0,0,0,0,no_volume,0,0,0,0,no_volume,0,0,0,0,no_volume,0,0,0,0,0,0,22208,18031,-0.1038,0,1590,32,19,26,25,1
1774105391,25,74,0,0,0,0,no_volume,0,0,0,0,no_volume,0,0,0,0,no_volume,0,0,0,0,0,0,22208,19231,-0.0718,0,1590,32,19,26,25,1
1774105392,25,74,0,0,0,0,no_volume,0,0,0,0,no_volume,0,0,0,0,no_volume,0,0,0,0,0,0,22208,19281,-0.0705,0,1590,32,19,26,25,1
1774105393,24,74,0,0,0,0,no_volume,0,0,0,0,no_volume,0,0,0,0,no_volume,0,0,0,0,0,0,22208,16128,-0.1586,0,1590,32,18,26,24,2
1774105394,25,74,0,0,0,0,no_volume,0,0,0,0,no_volume,0,0,0,0,no_volume,0,0,0,0,0,0,22208,18729,-0.085,0,1590,32,19,26,25,1
1774105395,25,74,0,0,0,0,no_volume,0,0,0,0,no_volume,0,0,0,0,no_volume,0,0,0,0,0,0,22208,18679,-0.0863,0,1590,32,19,26,25,1
1774105396,24,74,0,0,0,0,no_volume,0,0,0,0,no_volume,0,0,0,0,no_volume,0,0,0,0,0,0,22208,18943,-0.0793,0,1590,32,18,26,24,2
1774105397,25,74,0,0,0,0,no_volume,0,0,0,0,no_volume,0,0,0,0,no_volume,0,0,0,0,0,0,22208,20119,-0.0494,0,0,32,19,26,25,1
1774105398,25,74,0,0,0,0,no_volume,0,0,0,0,no_volume,0,0,0,0,no_volume,0,0,0,0,0,0,22208,20119,-0.0494,0,0,32,19,26,25,1
1774105399,25,74,0,0,0,0,no_volume,0,0,0,0,no_volume,0,0,0,0,no_volume,0,0,0,0,0,0,22208,20017,-0.0519,0,0,32,19,26,25,1
1774105400,25,74,0,0,0,0,no_volume,0,0,0,0,no_volume,0,0,0,0,no_volume,0,0,0,0,0,0,22208,20017,-0.0519,0,0,32,19,26,25,1
1774105401,25,74,0,0,0,0,no_volume,0,0,0,0,no_volume,0,0,0,0,no_volume,0,0,0,0,0,0,22208,19915,-0.0544,0,0,32,19,26,25,1
1774105402,25,74,0,0,0,0,no_volume,0,0,0,0,no_volume,0,0,0,0,no_volume,0,0,0,0,0,0,22208,19915,-0.0544,0,0,32,19,26,25,1
1774105403,25,74,0,0,0,0,no_volume,0,0,0,0,no_volume,0,0,0,0,no_volume,0,0,0,0,0,0,22208,19873,-0.0555,0,0,32,19,26,25,1
1774105404,25,74,0,0,0,0,no_volume,0,0,0,0,no_volume,0,0,0,0,no_volume,0,0,0,0,0,0,22208,18297,-0.0966,0,0,32,19,26,25,1
1774105405,24,74,0,0,0,0,no_volume,0,0,0,0,no_volume,0,0,0,0,no_volume,0,0,0,0,0,0,22208,17375,-0.1221,0,0,32,18,26,24,2
1774105406,25,74,0,0,0,0,no_volume,0,0,0,0,no_volume,0,0,0,0,no_volume,0,0,0,0,0,0,22208,18149,-0.1006,0,0,32,19,26,25,1
1774105407,25,74,0,0,0,0,no_volume,0,0,0,0,no_volume,0,0,0,0,no_volume,0,0,0,0,0,0,22208,18149,-0.1006,0,0,32,19,26,25,1
1774105408,25,74,0,0,0,0,no_volume,0,0,0,0,no_volume,0,0,0,0,no_volume,0,0,0,0,0,0,22208,18149,-0.1006,0,0,32,19,26,25,1
1774105409,25,73,0,0,0,0,no_volume,0,0,0,0,no_volume,0,0,0,0,no_volume,0,0,0,0,0,0,20618,18149,-0.0637,-1590,-1590,31,19,27,25,2
1774105410,25,73,0,0,0,0,no_volume,0,0,0,0,no_volume,0,0,0,0,no_volume,0,0,0,0,0,0,20618,18085,-0.0654,-1590,-1590,31,19,27,25,2
1774105411,25,73,0,0,0,0,no_volume,0,0,0,0,no_volume,0,0,0,0,no_volume,0,0,0,0,0,0,20618,18085,-0.0654,-1590,-1590,31,19,27,25,2
1774105412,25,73,0,0,0,0,no_volume,0,0,0,0,no_volume,0,0,0,0,no_volume,0,0,0,0,0,0,20618,18121,-0.0645,0,-1590,31,19,27,25,2
1774105413,25,73,0,0,0,0,no_volume,0,0,0,0,no_volume,0,0,0,0,no_volume,0,0,0,0,0,0,20618,18121,-0.0645,0,-1590,31,19,27,25,2
1774105414,25,73,0,0,0,0,no_volume,0,0,0,0,no_volume,0,0,0,0,no_volume,0,0,0,0,0,0,20618,17946,-0.0693,0,-1590,31,19,27,25,2
1774105415,25,73,0,0,0,0,no_volume,0,0,0,0,no_volume,0,0,0,0,no_volume,0,0,0,0,0,0,20618,17918,-0.0701,0,-1590,31,19,27,25,2
1774105416,25,73,0,0,0,0,no_volume,0,0,0,0,no_volume,0,0,0,0,no_volume,0,0,0,0,0,0,20618,17918,-0.0701,0,-1590,31,19,27,25,2
1774105417,25,73,0,0,0,0,no_volume,0,0,0,0,no_volume,0,0,0,0,no_volume,0,0,0,0,0,0,20887,21823,0.0219,269,-1321,31,19,27,25,2
1774105418,25,73,0,0,0,0,no_volume,0,0,0,0,no_volume,0,0,0,0,no_volume,0,0,0,0,0,0,20887,21843,0.0224,269,-1321,31,19,27,25,2
1774105419,25,73,0,0,0,0,no_volume,0,0,0,0,no_volume,0,0,0,0,no_volume,0,0,0,0,0,0,22685,19170,-0.084,2067,2067,31,19,27,25,2
1774105420,25,73,0,0,0,0,no_volume,0,0,0,0,no_volume,0,0,0,0,no_volume,0,0,0,0,0,0,22555,19170,-0.0811,1668,1937,31,19,27,25,2
1774105421,25,73,0,0,0,0,no_volume,0,0,0,0,no_volume,0,0,0,0,no_volume,0,0,0,0,0,0,22555,19170,-0.0811,1668,1937,31,19,27,25,2
1774105422,25,73,0,0,0,0,no_volume,0,0,0,0,no_volume,0,0,0,0,no_volume,0,0,0,0,0,0,22416,19170,-0.0781,-269,1798,31,19,27,25,2
1774105423,25,73,0,0,0,0,no_volume,0,0,0,0,no_volume,0,0,0,0,no_volume,0,0,0,0,0,0,22416,19170,-0.0781,-139,1798,31,19,27,25,2
1774105424,25,73,0,0,0,0,no_volume,0,0,0,0,no_volume,0,0,0,0,no_volume,0,0,0,0,0,0,22416,19170,-0.0781,-139,1798,31,19,27,25,2
1774105425,25,73,0,0,0,0,no_volume,0,0,0,0,no_volume,0,0,0,0,no_volume,0,0,0,0,0,0,23520,19170,-0.1019,1104,2902,32,19,27,25,2
1774105426,25,73,0,0,0,0,no_volume,0,0,0,0,no_volume,0,0,0,0,no_volume,0,0,0,0,0,0,23390,19170,-0.0992,974,2772,32,19,27,25,2
1774105427,25,73,0,0,0,0,no_volume,0,0,0,0,no_volume,0,0,0,0,no_volume,0,0,0,0,0,0,23390,19170,-0.0992,974,2503,32,19,27,25,2
1774105428,25,73,0,0,0,0,no_volume,0,0,0,0,no_volume,0,0,0,0,no_volume,0,0,0,0,0,0,20618,19170,-0.0364,-2902,-269,31,19,27,25,2
1774105429,25,73,0,0,0,0,no_volume,0,0,0,0,no_volume,0,0,0,0,no_volume,0,0,0,0,0,0,20618,19170,-0.0364,-2772,-2067,31,19,27,25,2
1774105430,25,73,0,0,0,0,no_volume,0,0,0,0,no_volume,0,0,0,0,no_volume,0,0,0,0,0,0,20618,19170,-0.0364,-2772,-1937,31,19,27,25,2
1774105431,25,73,0,0,0,0,no_volume,0,0,0,0,no_volume,0,0,0,0,no_volume,0,0,0,0,0,0,21592,19170,-0.0594,974,-963,32,19,27,25,2
1774105432,25,73,0,0,0,0,no_volume,0,0,0,0,no_volume,0,0,0,0,no_volume,0,0,0,0,0,0,21592,19170,-0.0594,974,-824,32,19,27,25,2
1774105433,25,73,0,0,0,0,no_volume,0,0,0,0,no_volume,0,0,0,0,no_volume,0,0,0,0,0,0,20771,19170,-0.0401,153,-1645,31,19,27,25,2
1774105434,25,73,0,0,0,0,no_volume,0,0,0,0,no_volume,0,0,0,0,no_volume,0,0,0,0,0,0,20771,19170,-0.0401,-821,-1645,31,19,27,25,2
1774105435,25,73,0,0,0,0,no_volume,0,0,0,0,no_volume,0,0,0,0,no_volume,0,0,0,0,0,0,20771,19170,-0.0401,-821,-2749,31,19,27,25,2
1774105436,25,73,0,0,0,0,no_volume,0,0,0,0,no_volume,0,0,0,0,no_volume,0,0,0,0,0,0,20771,19170,-0.0401,0,-2619,31,19,27,25,2
1774105437,25,73,0,0,0,0,no_volume,0,0,0,0,no_volume,0,0,0,0,no_volume,0,0,0,0,0,0,20771,19170,-0.0401,0,-2619,31,19,27,25,2
1774105438,25,73,0,0,0,0,no_volume,0,0,0,0,no_volume,0,0,0,0,no_volume,0,0,0,0,0,0,20771,19170,-0.0401,0,153,31,19,27,25,2
1774105439,25,73,0,0,0,0,no_volume,0,0,0,0,no_volume,0,0,0,0,no_volume,0,0,0,0,0,0,20771,19170,-0.0401,0,153,31,19,27,25,2
1774105440,25,73,0,0,0,0,no_volume,0,0,0,0,no_volume,0,0,0,0,no_volume,0,0,0,0,0,0,20771,19170,-0.0401,0,153,31,19,27,25,2
1774105441,25,73,0,0,0,0,no_volume,0,0,0,0,no_volume,0,0,0,0,no_volume,0,0,0,0,0,0,20771,19170,-0.0401,0,-821,31,19,27,25,2
1774105442,25,73,0,0,0,0,no_volume,0,0,0,0,no_volume,0,0,0,0,no_volume,0,0,0,0,0,0,20771,19170,-0.0401,0,-821,31,19,27,25,2
1774105443,25,73,0,0,0,0,no_volume,0,0,0,0,no_volume,0,0,0,0,no_volume,0,0,0,0,0,0,20618,19170,-0.0364,-153,-153,31,19,27,25,2
1774105444,25,73,0,0,0,0,no_volume,0,0,0,0,no_volume,0,0,0,0,no_volume,0,0,0,0,0,0,21884,19170,-0.0661,1113,1113,32,19,27,25,2
1774105445,25,73,0,0,0,0,no_volume,0,0,0,0,no_volume,0,0,0,0,no_volume,0,0,0,0,0,0,21884,19170,-0.0661,1113,1113,32,19,27,25,2
1774105446,25,73,0,0,0,0,no_volume,0,0,0,0,no_volume,0,0,0,0,no_volume,0,0,0,0,0,0,21731,19170,-0.0626,1113,960,32,19,27,25,2
1774105447,25,73,0,0,0,0,no_volume,0,0,0,0,no_volume,0,0,0,0,no_volume,0,0,0,0,0,0,21731,19170,-0.0626,-153,960,32,19,27,25,2
1774105448,25,73,0,0,0,0,no_volume,0,0,0,0,no_volume,0,0,0,0,no_volume,0,0,0,0,0,0,21731,19170,-0.0626,-153,960,32,19,27,25,2
1774105449,25,73,0,0,0,0,no_volume,0,0,0,0,no_volume,0,0,0,0,no_volume,0,0,0,0,0,0,21592,19170,-0.0594,-139,821,32,19,27,25,2
1774105450,25,73,0,0,0,0,no_volume,0,0,0,0,no_volume,0,0,0,0,no_volume,0,0,0,0,0,0,21592,19170,-0.0594,-139,821,32,19,27,25,2
1774105451,25,73,0,0,0,0,no_volume,0,0,0,0,no_volume,0,0,0,0,no_volume,0,0,0,0,0,0,21592,19170,-0.0594,-139,821,32,19,27,25,2
1774105452,25,73,0,0,0,0,no_volume,0,0,0,0,no_volume,0,0,0,0,no_volume,0,0,0,0,0,0,21745,19170,-0.0629,153,974,32,19,27,25,2
1774105453,25,73,0,0,0,0,no_volume,0,0,0,0,no_volume,0,0,0,0,no_volume,0,0,0,0,0,0,21745,19170,-0.0629,153,1127,32,19,27,25,2
1774105454,25,73,0,0,0,0,no_volume,0,0,0,0,no_volume,0,0,0,0,no_volume,0,0,0,0,0,0,21745,19170,-0.0629,153,-139,32,19,27,25,2
1774105455,25,73,0,0,0,0,no_volume,0,0,0,0,no_volume,0,0,0,0,no_volume,0,0,0,0,0,0,21745,19170,-0.0629,0,-139,32,19,27,25,2
1774105456,25,73,0,0,0,0,no_volume,0,0,0,0,no_volume,0,0,0,0,no_volume,0,0,0,0,0,0,21745,19170,-0.0629,0,14,32,19,27,25,2
1774105457,25,73,0,0,0,0,no_volume,0,0,0,0,no_volume,0,0,0,0,no_volume,0,0,0,0,0,0,21745,19170,-0.0629,0,14,32,19,27,25,2
1774105458,25,73,0,0,0,0,no_volume,0,0,0,0,no_volume,0,0,0,0,no_volume,0,0,0,0,0,0,21745,19170,-0.0629,0,14,32,19,27,25,2
1774105459,25,73,0,0,0,0,no_volume,0,0,0,0,no_volume,0,0,0,0,no_volume,0,0,0,0,0,0,21745,19170,-0.0629,0,153,32,19,27,25,2
1774105460,25,73,0,0,0,0,no_volume,0,0,0,0,no_volume,0,0,0,0,no_volume,0,0,0,0,0,0,21745,19170,-0.0629,0,153,32,19,27,25,2
1774105461,25,73,0,0,0,0,no_volume,0,0,0,0,no_volume,0,0,0,0,no_volume,0,0,0,0,0,0,21745,19170,-0.0629,0,153,32,19,27,25,2
1774105462,25,73,0,0,0,0,no_volume,0,0,0,0,no_volume,0,0,0,0,no_volume,0,0,0,0,0,0,21745,19170,-0.0629,0,0,32,19,27,25,2
1774105463,25,73,0,0,0,0,no_volume,0,0,0,0,no_volume,0,0,0,0,no_volume,0,0,0,0,0,0,21745,19170,-0.0629,0,0,32,19,27,25,2
1774105464,25,73,0,0,0,0,no_volume,0,0,0,0,no_volume,0,0,0,0,no_volume,0,0,0,0,0,0,21745,19170,-0.0629,0,0,32,19,27,25,2
1774105465,25,73,0,0,0,0,no_volume,0,0,0,0,no_volume,0,0,0,0,no_volume,0,0,0,0,0,0,21745,19170,-0.0629,0,0,32,19,27,25,2
1774105466,25,73,0,0,0,0,no_volume,0,0,0,0,no_volume,0,0,0,0,no_volume,0,0,0,0,0,0,21745,19170,-0.0629,0,0,32,19,27,25,2
1774105467,25,73,0,0,0,0,no_volume,0,0,0,0,no_volume,0,0,0,0,no_volume,0,0,0,0,0,0,21745,19170,-0.0629,0,0,32,19,27,25,2
1774105468,25,73,0,0,0,0,no_volume,0,0,0,0,no_volume,0,0,0,0,no_volume,0,0,0,0,0,0,21745,19170,-0.0629,0,0,32,19,27,25,2
1774105469,25,73,0,0,0,0,no_volume,0,0,0,0,no_volume,0,0,0,0,no_volume,0,0,0,0,0,0,21745,19170,-0.0629,0,0,32,19,27,25,2
1774105470,25,73,0,0,0,0,no_volume,0,0,0,0,no_volume,0,0,0,0,no_volume,0,0,0,0,0,0,21745,19170,-0.0629,0,0,32,19,27,25,2
1774105471,25,73,0,0,0,0,no_volume,0,0,0,0,no_volume,0,0,0,0,no_volume,0,0,0,0,0,0,21745,19170,-0.0629,0,0,32,19,27,25,2
1774105472,25,73,0,0,0,0,no_volume,0,0,0,0,no_volume,0,0,0,0,no_volume,0,0,0,0,0,0,21745,22105,0.0082,0,0,32,18,27,25,2
1774105473,25,73,0,0,0,0,no_volume,0,0,0,0,no_volume,0,0,0,0,no_volume,0,0,0,0,0,0,21745,22105,0.0082,0,0,32,18,27,25,2
1774105474,25,73,0,0,0,0,no_volume,0,0,0,0,no_volume,0,0,0,0,no_volume,0,0,0,0,0,0,21745,22105,0.0082,0,0,32,18,27,25,2
1774105475,25,73,0,0,0,0,no_volume,0,0,0,0,no_volume,0,0,0,0,no_volume,0,0,0,0,0,0,21745,22105,0.0082,0,0,32,18,27,25,2
1774105476,25,73,0,0,0,0,no_volume,0,0,0,0,no_volume,0,0,0,0,no_volume,0,0,0,0,0,0,21745,22105,0.0082,0,0,32,18,27,25,2
1774105477,25,73,0,0,0,0,no_volume,0,0,0,0,no_volume,0,0,0,0,no_volume,0,0,0,0,0,0,21745,22105,0.0082,0,0,32,18,27,25,2
1774105478,25,73,0,0,0,0,no_volume,0,0,0,0,no_volume,0,0,0,0,no_volume,0,0,0,0,0,0,21745,22105,0.0082,0,0,32,18,27,25,2
1774105479,25,73,0,0,0,0,no_volume,0,0,0,0,no_volume,0,0,0,0,no_volume,0,0,0,0,0,0,21745,22105,0.0082,0,0,32,18,27,25,2
1774105480,25,73,0,0,0,0,no_volume,0,0,0,0,no_volume,0,0,0,0,no_volume,0,0,0,0,0,0,21884,22105,0.005,139,139,32,18,27,25,2
1774105481,25,73,0,0,0,0,no_volume,0,0,0,0,no_volume,0,0,0,0,no_volume,0,0,0,0,0,0,21884,22105,0.005,139,139,32,18,27,25,2
1774105482,25,73,0,0,0,0,no_volume,0,0,0,0,no_volume,0,0,0,0,no_volume,0,0,0,0,0,0,21884,22105,0.005,139,139,32,18,27,25,2
1774105483,25,73,0,0,0,0,no_volume,0,0,0,0,no_volume,0,0,0,0,no_volume,0,0,0,0,0,0,21884,22105,0.005,0,139,32,18,27,25,2
1774105484,25,73,0,0,0,0,no_volume,0,0,0,0,no_volume,0,0,0,0,no_volume,0,0,0,0,0,0,21884,22105,0.005,0,139,32,18,27,25,2
1774105485,25,73,0,0,0,0,no_volume,0,0,0,0,no_volume,0,0,0,0,no_volume,0,0,0,0,0,0,21745,22105,0.0082,-139,0,32,18,27,25,2
1774105486,25,73,0,0,0,0,no_volume,0,0,0,0,no_volume,0,0,0,0,no_volume,0,0,0,0,0,0,21745,22105,0.0082,-139,0,32,18,27,25,2
1774105487,25,73,0,0,0,0,no_volume,0,0,0,0,no_volume,0,0,0,0,no_volume,0,0,0,0,0,0,21745,22105,0.0082,-139,0,32,18,27,25,2
1774105488,25,73,0,0,0,0,no_volume,0,0,0,0,no_volume,0,0,0,0,no_volume,0,0,0,0,0,0,21745,22105,0.0082,0,0,32,18,27,25,2
1774105489,25,73,0,0,0,0,no_volume,0,0,0,0,no_volume,0,0,0,0,no_volume,0,0,0,0,0,0,21745,22105,0.0082,0,0,32,18,27,25,2
1774105490,25,73,0,0,0,0,no_volume,0,0,0,0,no_volume,0,0,0,0,no_volume,0,0,0,0,0,0,21745,22105,0.0082,0,-139,32,18,27,25,2
1774105491,25,73,0,0,0,0,no_volume,0,0,0,0,no_volume,0,0,0,0,no_volume,0,0,0,0,0,0,21745,22105,0.0082,0,-139,32,18,27,25,2
1774105492,25,73,0,0,0,0,no_volume,0,0,0,0,no_volume,0,0,0,0,no_volume,0,0,0,0,0,0,21745,22419,0.0153,0,-139,32,18,27,25,2
1774105493,24,74,0,0,0,0,no_volume,0,0,0,0,no_volume,0,0,0,0,no_volume,0,0,0,0,0,0,24530,26409,0.0369,2785,2646,31,17,26,24,2
1774105494,24,74,0,0,0,0,no_volume,0,0,0,0,no_volume,0,0,0,0,no_volume,0,0,0,0,0,0,24530,26301,0.0348,2785,2646,31,17,26,24,2
1774105495,24,74,0,0,0,0,no_volume,0,0,0,0,no_volume,0,0,0,0,no_volume,0,0,0,0,0,0,24530,22317,-0.0472,2785,2785,31,17,26,24,2
1774105496,24,74,0,0,0,0,no_volume,0,0,0,0,no_volume,0,0,0,0,no_volume,0,0,0,0,0,0,24530,28461,0.0742,0,2785,31,18,26,24,2
1774105497,24,74,0,0,0,0,no_volume,0,0,0,0,no_volume,0,0,0,0,no_volume,0,0,0,0,0,0,24530,28411,0.0733,0,2785,31,18,26,24,2
1774105498,25,74,0,0,0,0,no_volume,0,0,0,0,no_volume,0,0,0,0,no_volume,0,0,0,0,0,0,24530,27285,0.0532,0,2785,31,18,26,25,1
1774105499,25,74,0,0,0,0,no_volume,0,0,0,0,no_volume,0,0,0,0,no_volume,0,0,0,0,0,0,24530,23267,-0.0264,0,2785,31,17,26,25,1
1774105500,24,74,0,0,0,0,no_volume,0,0,0,0,no_volume,0,0,0,0,no_volume,0,0,0,0,0,0,24530,22006,-0.0542,0,2785,31,17,26,24,2
1774105501,24,74,0,0,0,0,no_volume,0,0,0,0,no_volume,0,0,0,0,no_volume,0,0,0,0,0,0,24530,21978,-0.0549,0,2785,31,17,26,24,2
1774105502,22,74,0,0,0,0,no_volume,0,0,0,0,no_volume,0,0,0,0,no_volume,0,0,0,0,0,0,24530,16042,-0.2092,0,2785,31,15,26,22,4
1774105503,25,74,0,0,0,0,no_volume,0,0,0,0,no_volume,0,0,0,0,no_volume,0,0,0,0,0,0,24530,24887,0.0072,0,0,31,18,26,25,1
1774105504,25,74,0,0,0,0,no_volume,0,0,0,0,no_volume,0,0,0,0,no_volume,0,0,0,0,0,0,24530,24837,0.0062,0,0,31,18,26,25,1
1774105505,25,74,0,0,0,0,no_volume,0,0,0,0,no_volume,0,0,0,0,no_volume,0,0,0,0,0,0,24530,18984,-0.1275,0,0,31,17,26,25,1
1774105506,25,74,0,0,0,0,no_volume,0,0,0,0,no_volume,0,0,0,0,no_volume,0,0,0,0,0,0,24530,18984,-0.1275,0,0,31,17,26,25,1
1774105507,25,74,0,0,0,0,no_volume,0,0,0,0,no_volume,0,0,0,0,no_volume,0,0,0,0,0,0,24530,22698,-0.0388,0,0,31,19,26,25,1
1774105508,25,74,0,0,0,0,no_volume,0,0,0,0,no_volume,0,0,0,0,no_volume,0,0,0,0,0,0,24530,22678,-0.0392,0,0,31,19,26,25,1
1774105509,24,74,0,0,0,0,no_volume,0,0,0,0,no_volume,0,0,0,0,no_volume,0,0,0,0,0,0,24530,18167,-0.149,0,0,31,17,26,24,2
1774105510,24,74,0,0,0,0,no_volume,0,0,0,0,no_volume,0,0,0,0,no_volume,0,0,0,0,0,0,24530,20060,-0.1002,0,0,31,18,26,24,2
1774105511,24,74,0,0,0,0,no_volume,0,0,0,0,no_volume,0,0,0,0,no_volume,0,0,0,0,0,0,24530,20010,-0.1015,0,0,31,18,26,24,2
1774105512,24,74,0,0,0,0,no_volume,0,0,0,0,no_volume,0,0,0,0,no_volume,0,0,0,0,0,0,24530,21310,-0.0702,0,0,31,18,26,24,2
1774105513,25,74,0,0,0,0,no_volume,0,0,0,0,no_volume,0,0,0,0,no_volume,0,0,0,0,0,0,27932,28837,0.0159,3402,3402,32,19,26,25,1
1774105514,25,74,0,0,0,0,no_volume,0,0,0,0,no_volume,0,0,0,0,no_volume,0,0,0,0,0,0,27932,28787,0.0151,3402,3402,32,19,26,25,1
1774105515,25,74,0,0,0,0,no_volume,0,0,0,0,no_volume,0,0,0,0,no_volume,0,0,0,0,0,0,27932,28787,0.0151,3402,3402,32,19,26,25,1
1774105516,25,74,0,0,0,0,no_volume,0,0,0,0,no_volume,0,0,0,0,no_volume,0,0,0,0,0,0,27932,28787,0.0151,0,3402,32,19,26,25,1
1774105517,25,74,0,0,0,0,no_volume,0,0,0,0,no_volume,0,0,0,0,no_volume,0,0,0,0,0,0,27932,28787,0.0151,0,3402,32,19,26,25,1
1774105518,25,74,0,0,0,0,no_volume,0,0,0,0,no_volume,0,0,0,0,no_volume,0,0,0,0,0,0,27932,28787,0.0151,0,3402,32,19,26,25,1
1774105519,25,74,0,0,0,0,no_volume,0,0,0,0,no_volume,0,0,0,0,no_volume,0,0,0,0,0,0,27779,27219,-0.0102,-153,3249,33,19,26,25,1
1774105520,21,74,0,0,0,0,no_volume,0,0,0,0,no_volume,0,0,0,0,no_volume,0,0,0,0,0,0,24669,2182,-0.8375,-3263,139,31,13,26,21,5
1774105521,21,74,0,0,0,0,no_volume,0,0,0,0,no_volume,0,0,0,0,no_volume,0,0,0,0,0,0,24563,2265,-0.8311,-3369,33,31,14,26,21,5
1774105522,21,74,0,0,0,0,no_volume,0,0,0,0,no_volume,0,0,0,0,no_volume,0,0,0,0,0,0,24563,2252,-0.832,-3216,33,31,15,26,21,5
1774105523,21,74,0,0,0,0,no_volume,0,0,0,0,no_volume,0,0,0,0,no_volume,0,0,0,0,0,0,24563,2285,-0.8298,-106,-3369,31,14,26,21,5
1774105524,21,74,0,0,0,0,no_volume,0,0,0,0,no_volume,0,0,0,0,no_volume,0,0,0,0,0,0,24563,2285,-0.8298,0,-3369,31,15,26,21,5
1774105525,21,74,0,0,0,0,no_volume,0,0,0,0,no_volume,0,0,0,0,no_volume,0,0,0,0,0,0,24563,2299,-0.8288,0,-3369,31,16,26,21,5
1774105526,21,74,0,0,0,0,no_volume,0,0,0,0,no_volume,0,0,0,0,no_volume,0,0,0,0,0,0,24563,2299,-0.8288,0,-3369,31,16,26,21,5
1774105527,21,74,0,0,0,0,no_volume,0,0,0,0,no_volume,0,0,0,0,no_volume,0,0,0,0,0,0,24563,2299,-0.8288,0,-3369,31,14,26,21,5
1774105528,21,74,0,0,0,0,no_volume,0,0,0,0,no_volume,0,0,0,0,no_volume,0,0,0,0,0,0,24563,2266,-0.8311,0,-3369,31,13,26,21,5
1774105529,21,74,0,0,0,0,no_volume,0,0,0,0,no_volume,0,0,0,0,no_volume,0,0,0,0,0,0,24563,2299,-0.8288,0,-3216,31,14,26,21,5
1774105530,21,74,0,0,0,0,no_volume,0,0,0,0,no_volume,0,0,0,0,no_volume,0,0,0,0,0,0,24563,2299,-0.8288,0,-106,31,14,26,21,5
1774105531,21,74,0,0,0,0,no_volume,0,0,0,0,no_volume,0,0,0,0,no_volume,0,0,0,0,0,0,24563,2299,-0.8288,0,0,31,14,26,21,5
1774105532,21,74,0,0,0,0,no_volume,0,0,0,0,no_volume,0,0,0,0,no_volume,0,0,0,0,0,0,24563,2299,-0.8288,0,0,31,14,26,21,5
1774105533,21,74,0,0,0,0,no_volume,0,0,0,0,no_volume,0,0,0,0,no_volume,0,0,0,0,0,0,24563,2299,-0.8288,0,0,31,14,26,21,5
1774105534,21,74,0,0,0,0,no_volume,0,0,0,0,no_volume,0,0,0,0,no_volume,0,0,0,0,0,0,24563,3867,-0.728,0,0,31,14,26,21,5
1774105535,21,74,0,0,0,0,no_volume,0,0,0,0,no_volume,0,0,0,0,no_volume,0,0,0,0,0,0,24563,3834,-0.73,0,0,31,14,26,21,5
1774105536,25,74,0,0,0,0,no_volume,0,0,0,0,no_volume,0,0,0,0,no_volume,0,0,0,0,0,0,27932,14519,-0.316,3369,3369,33,20,26,25,1
1774105537,25,74,0,0,0,0,no_volume,0,0,0,0,no_volume,0,0,0,0,no_volume,0,0,0,0,0,0,27779,14188,-0.3238,3216,3216,33,19,26,25,1
1774105538,25,74,0,0,0,0,no_volume,0,0,0,0,no_volume,0,0,0,0,no_volume,0,0,0,0,0,0,27779,14188,-0.3238,3216,3216,33,19,26,25,1
1774105539,25,74,0,0,0,0,no_volume,0,0,0,0,no_volume,0,0,0,0,no_volume,0,0,0,0,0,0,27779,14188,-0.3238,-153,3216,33,19,26,25,1
1774105540,25,74,0,0,0,0,no_volume,0,0,0,0,no_volume,0,0,0,0,no_volume,0,0,0,0,0,0,27779,14188,-0.3238,0,3216,33,19,26,25,1
1774105541,25,74,0,0,0,0,no_volume,0,0,0,0,no_volume,0,0,0,0,no_volume,0,0,0,0,0,0,27779,14188,-0.3238,0,3216,33,19,26,25,1
1774105542,25,74,0,0,0,0,no_volume,0,0,0,0,no_volume,0,0,0,0,no_volume,0,0,0,0,0,0,27779,15555,-0.2821,0,3216,33,19,26,25,1
1774105543,25,74,0,0,0,0,no_volume,0,0,0,0,no_volume,0,0,0,0,no_volume,0,0,0,0,0,0,27779,15555,-0.2821,0,3216,33,19,26,25,1
1774105544,25,74,0,0,0,0,no_volume,0,0,0,0,no_volume,0,0,0,0,no_volume,0,0,0,0,0,0,27932,12934,-0.367,153,3369,33,18,26,25,1
1774105545,25,74,0,0,0,0,no_volume,0,0,0,0,no_volume,0,0,0,0,no_volume,0,0,0,0,0,0,27932,12934,-0.367,153,3369,33,18,26,25,1
1774105546,25,74,0,0,0,0,no_volume,0,0,0,0,no_volume,0,0,0,0,no_volume,0,0,0,0,0,0,27932,12934,-0.367,153,0,33,18,26,25,1
1774105547,25,74,0,0,0,0,no_volume,0,0,0,0,no_volume,0,0,0,0,no_volume,0,0,0,0,0,0,27932,12901,-0.3681,0,153,32,17,26,25,1
1774105548,25,74,0,0,0,0,no_volume,0,0,0,0,no_volume,0,0,0,0,no_volume,0,0,0,0,0,0,27932,12901,-0.3681,0,153,32,17,26,25,1
1774105549,25,74,0,0,0,0,no_volume,0,0,0,0,no_volume,0,0,0,0,no_volume,0,0,0,0,0,0,25971,12587,-0.3471,-1961,-1808,32,17,26,25,1
1774105550,25,74,0,0,0,0,no_volume,0,0,0,0,no_volume,0,0,0,0,no_volume,0,0,0,0,0,0,24683,9652,-0.4378,-3249,-3096,31,17,26,25,1
1774105551,25,74,0,0,0,0,no_volume,0,0,0,0,no_volume,0,0,0,0,no_volume,0,0,0,0,0,0,24683,9652,-0.4378,-3249,-3096,31,17,26,25,1
1774105552,25,74,0,0,0,0,no_volume,0,0,0,0,no_volume,0,0,0,0,no_volume,0,0,0,0,0,0,24683,9652,-0.4378,-1288,-3096,31,17,26,25,1
1774105553,25,74,0,0,0,0,no_volume,0,0,0,0,no_volume,0,0,0,0,no_volume,0,0,0,0,0,0,24683,9652,-0.4378,0,-3096,31,17,26,25,1
1774105554,25,74,0,0,0,0,no_volume,0,0,0,0,no_volume,0,0,0,0,no_volume,0,0,0,0,0,0,24683,9652,-0.4378,0,-3249,31,17,26,25,1
1774105555,25,74,0,0,0,0,no_volume,0,0,0,0,no_volume,0,0,0,0,no_volume,0,0,0,0,0,0,24683,9652,-0.4378,0,-3249,31,17,26,25,1
1774105556,25,74,0,0,0,0,no_volume,0,0,0,0,no_volume,0,0,0,0,no_volume,0,0,0,0,0,0,24683,9652,-0.4378,0,-3249,31,17,26,25,1
1774105557,25,74,0,0,0,0,no_volume,0,0,0,0,no_volume,0,0,0,0,no_volume,0,0,0,0,0,0,24683,9652,-0.4378,0,-3249,31,17,26,25,1
1774105558,25,74,0,0,0,0,no_volume,0,0,0,0,no_volume,0,0,0,0,no_volume,0,0,0,0,0,0,24683,11220,-0.375,0,-3249,31,17,26,25,1
1774105559,25,74,0,0,0,0,no_volume,0,0,0,0,no_volume,0,0,0,0,no_volume,0,0,0,0,0,0,24683,11220,-0.375,0,-1288,31,17,26,25,1
1774105560,25,74,0,0,0,0,no_volume,0,0,0,0,no_volume,0,0,0,0,no_volume,0,0,0,0,0,0,24683,11220,-0.375,0,0,31,17,26,25,1
1774105561,25,73,0,0,0,0,no_volume,0,0,0,0,no_volume,0,0,0,0,no_volume,0,0,0,0,0,0,20738,11220,-0.2978,-3945,-3945,30,17,27,25,2
1774105562,25,73,0,0,0,0,no_volume,0,0,0,0,no_volume,0,0,0,0,no_volume,0,0,0,0,0,0,20738,11220,-0.2978,-3945,-3945,30,17,27,25,2
1774105563,25,73,0,0,0,0,no_volume,0,0,0,0,no_volume,0,0,0,0,no_volume,0,0,0,0,0,0,20738,11220,-0.2978,-3945,-3945,30,17,27,25,2
1774105564,25,73,0,0,0,0,no_volume,0,0,0,0,no_volume,0,0,0,0,no_volume,0,0,0,0,0,0,20738,11220,-0.2978,0,-3945,30,17,27,25,2
1774105565,25,73,0,0,0,0,no_volume,0,0,0,0,no_volume,0,0,0,0,no_volume,0,0,0,0,0,0,20738,11220,-0.2978,0,-3945,30,17,27,25,2
1774105566,25,73,0,0,0,0,no_volume,0,0,0,0,no_volume,0,0,0,0,no_volume,0,0,0,0,0,0,20738,11220,-0.2978,0,-3945,30,17,27,25,2
1774105567,25,73,0,0,0,0,no_volume,0,0,0,0,no_volume,0,0,0,0,no_volume,0,0,0,0,0,0,20738,11220,-0.2978,0,-3945,30,17,27,25,2
1774105568,25,73,0,0,0,0,no_volume,0,0,0,0,no_volume,0,0,0,0,no_volume,0,0,0,0,0,0,20738,11220,-0.2978,0,-3945,30,17,27,25,2
1774105569,25,73,0,0,0,0,no_volume,0,0,0,0,no_volume,0,0,0,0,no_volume,0,0,0,0,0,0,20738,11220,-0.2978,0,-3945,30,17,27,25,2
1774105570,25,73,0,0,0,0,no_volume,0,0,0,0,no_volume,0,0,0,0,no_volume,0,0,0,0,0,0,20738,11220,-0.2978,0,-3945,30,17,27,25,2
1774105571,25,73,0,0,0,0,no_volume,0,0,0,0,no_volume,0,0,0,0,no_volume,0,0,0,0,0,0,20738,11220,-0.2978,0,0,30,17,27,25,2
1774105572,25,73,0,0,0,0,no_volume,0,0,0,0,no_volume,0,0,0,0,no_volume,0,0,0,0,0,0,20738,11220,-0.2978,0,0,30,17,27,25,2
1774105573,25,73,0,0,0,0,no_volume,0,0,0,0,no_volume,0,0,0,0,no_volume,0,0,0,0,0,0,20877,11220,-0.3009,139,139,30,17,27,25,2
1774105574,25,73,0,0,0,0,no_volume,0,0,0,0,no_volume,0,0,0,0,no_volume,0,0,0,0,0,0,20724,13175,-0.2227,-14,-14,30,15,27,25,2
1774105575,25,73,0,0,0,0,no_volume,0,0,0,0,no_volume,0,0,0,0,no_volume,0,0,0,0,0,0,20724,16183,-0.123,-14,-14,30,15,27,25,2
1774105576,25,73,0,0,0,0,no_volume,0,0,0,0,no_volume,0,0,0,0,no_volume,0,0,0,0,0,0,20724,16877,-0.1023,-153,-14,30,16,27,25,2
1774105577,25,73,0,0,0,0,no_volume,0,0,0,0,no_volume,0,0,0,0,no_volume,0,0,0,0,0,0,20724,19498,-0.0305,0,-14,30,17,27,25,2
1774105578,23,73,0,0,0,0,no_volume,0,0,0,0,no_volume,0,0,0,0,no_volume,0,0,0,0,0,0,20724,18836,-0.0477,0,-14,30,17,27,23,4
1774105579,25,73,0,0,0,0,no_volume,0,0,0,0,no_volume,0,0,0,0,no_volume,0,0,0,0,0,0,20724,23888,0.0709,0,-14,30,19,27,25,2
1774105580,25,73,0,0,0,0,no_volume,0,0,0,0,no_volume,0,0,0,0,no_volume,0,0,0,0,0,0,20724,20131,-0.0145,0,-14,30,17,27,25,2
1774105581,24,73,0,0,0,0,no_volume,0,0,0,0,no_volume,0,0,0,0,no_volume,0,0,0,0,0,0,20724,21835,0.0261,0,-14,30,18,27,24,3
1774105582,24,73,0,0,0,0,no_volume,0,0,0,0,no_volume,0,0,0,0,no_volume,0,0,0,0,0,0,20724,20227,-0.0121,0,-14,30,18,27,24,3
1774105583,25,74,0,0,0,0,no_volume,0,0,0,0,no_volume,0,0,0,0,no_volume,0,0,0,0,0,0,20746,13438,-0.2138,22,-131,32,15,26,25,1
1774105584,25,74,0,0,0,0,no_volume,0,0,0,0,no_volume,0,0,0,0,no_volume,0,0,0,0,0,0,20744,13438,-0.2137,20,20,31,15,26,25,1
1774105585,24,74,0,0,0,0,no_volume,0,0,0,0,no_volume,0,0,0,0,no_volume,0,0,0,0,0,0,20744,18518,-0.0567,20,20,31,18,26,24,2
1774105586,24,74,0,0,0,0,no_volume,0,0,0,0,no_volume,0,0,0,0,no_volume,0,0,0,0,0,0,20605,18460,-0.0549,-141,-119,31,18,26,24,2
1774105587,25,74,0,0,0,0,no_volume,0,0,0,0,no_volume,0,0,0,0,no_volume,0,0,0,0,0,0,20758,20664,-0.0023,14,34,31,18,26,25,1
1774105588,25,74,0,0,0,0,no_volume,0,0,0,0,no_volume,0,0,0,0,no_volume,0,0,0,0,0,0,20748,22232,0.0345,4,24,31,18,26,25,1
1774105589,25,74,0,0,0,0,no_volume,0,0,0,0,no_volume,0,0,0,0,no_volume,0,0,0,0,0,0,20748,22232,0.0345,143,24,31,18,26,25,1
1774105590,26,73,0,0,0,0,no_volume,0,0,0,0,no_volume,0,0,0,0,no_volume,0,0,0,0,0,0,20738,24213,0.0773,-20,14,30,19,27,26,1
1774105591,26,73,0,0,0,0,no_volume,0,0,0,0,no_volume,0,0,0,0,no_volume,0,0,0,0,0,0,20738,24213,0.0773,-10,14,30,19,27,26,1
1774105592,23,73,0,0,0,0,no_volume,0,0,0,0,no_volume,0,0,0,0,no_volume,0,0,0,0,0,0,20585,16697,-0.1043,-163,-139,30,16,27,23,4
1774105593,25,74,0,0,0,0,no_volume,0,0,0,0,no_volume,0,0,0,0,no_volume,0,0,0,0,0,0,20587,20595,0.0002,-151,-159,31,18,26,25,1
1774105594,25,74,0,0,0,0,no_volume,0,0,0,0,no_volume,0,0,0,0,no_volume,0,0,0,0,0,0,20587,16570,-0.1081,-151,-157,31,16,26,25,1
1774105595,22,73,0,0,0,0,no_volume,0,0,0,0,no_volume,0,0,0,0,no_volume,0,0,0,0,0,0,20585,15256,-0.1487,0,-159,30,16,27,22,5
1774105596,25,73,0,0,0,0,no_volume,0,0,0,0,no_volume,0,0,0,0,no_volume,0,0,0,0,0,0,20585,20470,-0.0028,-2,-20,30,19,27,25,2
1774105597,25,73,0,0,0,0,no_volume,0,0,0,0,no_volume,0,0,0,0,no_volume,0,0,0,0,0,0,20585,16318,-0.1156,-2,-173,30,17,27,25,2
1774105598,24,73,0,0,0,0,no_volume,0,0,0,0,no_volume,0,0,0,0,no_volume,0,0,0,0,0,0,20585,16715,-0.1038,0,-163,30,17,27,24,3
1774105599,25,73,0,0,0,0,no_volume,0,0,0,0,no_volume,0,0,0,0,no_volume,0,0,0,0,0,0,20585,18262,-0.0598,0,-163,30,18,27,25,2
1774105600,25,73,0,0,0,0,no_volume,0,0,0,0,no_volume,0,0,0,0,no_volume,0,0,0,0,0,0,20585,14339,-0.1788,0,-153,30,16,27,25,2
1774105601,25,73,0,0,0,0,no_volume,0,0,0,0,no_volume,0,0,0,0,no_volume,0,0,0,0,0,0,20585,17976,-0.0677,0,-153,30,18,27,25,2
1774105602,25,73,0,0,0,0,no_volume,0,0,0,0,no_volume,0,0,0,0,no_volume,0,0,0,0,0,0,20585,21036,0.0108,0,0,30,19,27,25,2
1774105603,25,74,0,0,0,0,no_volume,0,0,0,0,no_volume,0,0,0,0,no_volume,0,0,0,0,0,0,20985,19251,-0.0431,400,398,31,19,26,25,1
1774105604,25,73,0,0,0,0,no_volume,0,0,0,0,no_volume,0,0,0,0,no_volume,0,0,0,0,0,0,20585,20540,-0.0011,0,-2,30,19,27,25,2
1774105605,23,73,0,0,0,0,no_volume,0,0,0,0,no_volume,0,0,0,0,no_volume,0,0,0,0,0,0,20585,17466,-0.082,0,0,30,17,27,23,4
1774105606,25,73,0,0,0,0,no_volume,0,0,0,0,no_volume,0,0,0,0,no_volume,0,0,0,0,0,0,20585,18879,-0.0432,-400,0,30,19,27,25,2
1774105607,25,73,0,0,0,0,no_volume,0,0,0,0,no_volume,0,0,0,0,no_volume,0,0,0,0,0,0,20585,18870,-0.0435,0,0,30,19,27,25,2
1774105608,25,74,0,0,0,0,no_volume,0,0,0,0,no_volume,0,0,0,0,no_volume,0,0,0,0,0,0,20985,19180,-0.0449,400,400,31,19,26,25,1
1774105609,25,74,0,0,0,0,no_volume,0,0,0,0,no_volume,0,0,0,0,no_volume,0,0,0,0,0,0,20985,17358,-0.0946,400,400,31,19,26,25,1
1774105610,25,73,0,0,0,0,no_volume,0,0,0,0,no_volume,0,0,0,0,no_volume,0,0,0,0,0,0,20585,18951,-0.0413,0,0,30,19,27,25,2
1774105611,25,73,0,0,0,0,no_volume,0,0,0,0,no_volume,0,0,0,0,no_volume,0,0,0,0,0,0,20585,18951,-0.0413,-400,0,30,19,27,25,2
1774105612,25,73,0,0,0,0,no_volume,0,0,0,0,no_volume,0,0,0,0,no_volume,0,0,0,0,0,0,20585,17928,-0.069,-400,0,30,18,27,25,2
1774105613,25,73,0,0,0,0,no_volume,0,0,0,0,no_volume,0,0,0,0,no_volume,0,0,0,0,0,0,20585,17928,-0.069,0,-400,30,18,27,25,2
1774105614,25,73,0,0,0,0,no_volume,0,0,0,0,no_volume,0,0,0,0,no_volume,0,0,0,0,0,0,20585,17928,-0.069,0,0,30,18,27,25,2
1774105615,25,73,0,0,0,0,no_volume,0,0,0,0,no_volume,0,0,0,0,no_volume,0,0,0,0,0,0,20585,14970,-0.1579,0,0,30,18,27,25,2
1774105616,25,73,0,0,0,0,no_volume,0,0,0,0,no_volume,0,0,0,0,no_volume,0,0,0,0,0,0,20585,14121,-0.1863,0,0,30,18,27,25,2
1774105617,25,74,0,0,0,0,no_volume,0,0,0,0,no_volume,0,0,0,0,no_volume,0,0,0,0,0,0,20985,10625,-0.3277,400,400,31,17,26,25,1
1774105618,25,73,0,0,0,0,no_volume,0,0,0,0,no_volume,0,0,0,0,no_volume,0,0,0,0,0,0,20585,11512,-0.2827,0,-400,30,19,27,25,2
1774105619,25,74,0,0,0,0,no_volume,0,0,0,0,no_volume,0,0,0,0,no_volume,0,0,0,0,0,0,20985,11375,-0.297,400,0,31,18,26,25,1
1774105620,25,74,0,0,0,0,no_volume,0,0,0,0,no_volume,0,0,0,0,no_volume,0,0,0,0,0,0,20985,10178,-0.3468,0,400,31,18,26,25,1
1774105621,25,74,0,0,0,0,no_volume,0,0,0,0,no_volume,0,0,0,0,no_volume,0,0,0,0,0,0,20985,13676,-0.2109,400,400,31,20,26,25,1
1774105622,25,73,0,0,0,0,no_volume,0,0,0,0,no_volume,0,0,0,0,no_volume,0,0,0,0,0,0,20585,13722,-0.2,-400,0,30,19,27,25,2
1774105623,20,73,0,0,0,0,no_volume,0,0,0,0,no_volume,0,0,0,0,no_volume,0,0,0,0,0,0,20585,9377,-0.3741,-400,0,30,15,27,20,7
1774105624,25,74,0,0,0,0,no_volume,0,0,0,0,no_volume,0,0,0,0,no_volume,0,0,0,0,0,0,20985,13893,-0.2033,0,400,31,20,26,25,1
1774105625,25,73,0,0,0,0,no_volume,0,0,0,0,no_volume,0,0,0,0,no_volume,0,0,0,0,0,0,20585,13501,-0.2078,0,0,30,19,27,25,2
1774105626,25,73,0,0,0,0,no_volume,0,0,0,0,no_volume,0,0,0,0,no_volume,0,0,0,0,0,0,20585,11933,-0.2661,0,0,30,19,27,25,2
1774105627,25,73,0,0,0,0,no_volume,0,0,0,0,no_volume,0,0,0,0,no_volume,0,0,0,0,0,0,20585,11933,-0.2661,-400,-400,30,19,27,25,2
1774105628,25,73,0,0,0,0,no_volume,0,0,0,0,no_volume,0,0,0,0,no_volume,0,0,0,0,0,0,20585,11933,-0.2661,0,0,30,19,27,25,2
1774105629,25,73,0,0,0,0,no_volume,0,0,0,0,no_volume,0,0,0,0,no_volume,0,0,0,0,0,0,20585,11933,-0.2661,0,-400,30,19,27,25,2
1774105630,25,73,0,0,0,0,no_volume,0,0,0,0,no_volume,0,0,0,0,no_volume,0,0,0,0,0,0,20585,11933,-0.2661,0,-400,30,19,27,25,2
1774105631,25,73,0,0,0,0,no_volume,0,0,0,0,no_volume,0,0,0,0,no_volume,0,0,0,0,0,0,20585,13269,-0.2161,0,-400,30,20,27,25,2
1774105632,25,73,0,0,0,0,no_volume,0,0,0,0,no_volume,0,0,0,0,no_volume,0,0,0,0,0,0,20585,11701,-0.2752,0,0,30,20,27,25,2
1774105633,25,73,0,0,0,0,no_volume,0,0,0,0,no_volume,0,0,0,0,no_volume,0,0,0,0,0,0,20585,12084,-0.2602,0,0,30,20,27,25,2
1774105634,25,73,0,0,0,0,no_volume,0,0,0,0,no_volume,0,0,0,0,no_volume,0,0,0,0,0,0,20585,11693,-0.2755,0,-400,30,20,27,25,2
1774105635,25,73,0,0,0,0,no_volume,0,0,0,0,no_volume,0,0,0,0,no_volume,0,0,0,0,0,0,20585,13261,-0.2164,0,0,30,20,27,25,2
1774105636,25,73,0,0,0,0,no_volume,0,0,0,0,no_volume,0,0,0,0,no_volume,0,0,0,0,0,0,20585,13261,-0.2164,0,0,30,20,27,25,2
1774105637,25,73,0,0,0,0,no_volume,0,0,0,0,no_volume,0,0,0,0,no_volume,0,0,0,0,0,0,20585,13261,-0.2164,0,0,30,20,27,25,2
1774105638,25,73,0,0,0,0,no_volume,0,0,0,0,no_volume,0,0,0,0,no_volume,0,0,0,0,0,0,20585,13261,-0.2164,0,0,30,20,27,25,2
1774105639,25,73,0,0,0,0,no_volume,0,0,0,0,no_volume,0,0,0,0,no_volume,0,0,0,0,0,0,20585,13262,-0.2164,0,0,30,20,27,25,2
1774105640,25,73,0,0,0,0,no_volume,0,0,0,0,no_volume,0,0,0,0,no_volume,0,0,0,0,0,0,20585,13262,-0.2164,0,0,30,20,27,25,2
1774105641,25,73,0,0,0,0,no_volume,0,0,0,0,no_volume,0,0,0,0,no_volume,0,0,0,0,0,0,20585,13282,-0.2156,0,0,30,20,27,25,2
1774105642,25,73,0,0,0,0,no_volume,0,0,0,0,no_volume,0,0,0,0,no_volume,0,0,0,0,0,0,20585,13292,-0.2153,0,0,30,20,27,25,2
1774105643,25,73,0,0,0,0,no_volume,0,0,0,0,no_volume,0,0,0,0,no_volume,0,0,0,0,0,0,20585,13292,-0.2153,0,0,30,20,27,25,2
1774105644,26,73,0,0,0,0,no_volume,0,0,0,0,no_volume,0,0,0,0,no_volume,0,0,0,0,0,0,20585,13864,-0.1951,0,0,30,21,27,26,1
1774105645,26,73,0,0,0,0,no_volume,0,0,0,0,no_volume,0,0,0,0,no_volume,0,0,0,0,0,0,20585,13864,-0.1951,0,0,30,21,27,26,1
1774105646,26,73,0,0,0,0,no_volume,0,0,0,0,no_volume,0,0,0,0,no_volume,0,0,0,0,0,0,20585,13864,-0.1951,0,0,30,21,27,26,1
1774105647,26,73,0,0,0,0,no_volume,0,0,0,0,no_volume,0,0,0,0,no_volume,0,0,0,0,0,0,20585,13854,-0.1954,0,0,30,21,27,26,1
1774105648,26,73,0,0,0,0,no_volume,0,0,0,0,no_volume,0,0,0,0,no_volume,0,0,0,0,0,0,20585,13854,-0.1954,0,0,30,21,27,26,1
1774105649,26,73,0,0,0,0,no_volume,0,0,0,0,no_volume,0,0,0,0,no_volume,0,0,0,0,0,0,18195,12733,-0.1766,-2390,-2390,30,20,27,26,1
1774105650,26,73,0,0,0,0,no_volume,0,0,0,0,no_volume,0,0,0,0,no_volume,0,0,0,0,0,0,18205,12723,-0.1773,-2380,-2380,30,20,27,26,1
1774105651,26,73,0,0,0,0,no_volume,0,0,0,0,no_volume,0,0,0,0,no_volume,0,0,0,0,0,0,18205,12713,-0.1776,-2380,-2380,30,20,27,26,1
1774105652,26,73,0,0,0,0,no_volume,0,0,0,0,no_volume,0,0,0,0,no_volume,0,0,0,0,0,0,18205,12713,-0.1776,10,-2380,30,20,27,26,1
1774105653,26,73,0,0,0,0,no_volume,0,0,0,0,no_volume,0,0,0,0,no_volume,0,0,0,0,0,0,18205,12713,-0.1776,0,-2380,30,20,27,26,1
1774105654,26,73,0,0,0,0,no_volume,0,0,0,0,no_volume,0,0,0,0,no_volume,0,0,0,0,0,0,18205,12713,-0.1776,0,-2380,30,20,27,26,1
1774105655,26,73,0,0,0,0,no_volume,0,0,0,0,no_volume,0,0,0,0,no_volume,0,0,0,0,0,0,18205,12713,-0.1776,0,-2380,30,20,27,26,1
1774105656,26,73,0,0,0,0,no_volume,0,0,0,0,no_volume,0,0,0,0,no_volume,0,0,0,0,0,0,18195,12713,-0.1774,-10,-2390,30,20,27,26,1
1774105657,26,73,0,0,0,0,no_volume,0,0,0,0,no_volume,0,0,0,0,no_volume,0,0,0,0,0,0,18195,12693,-0.1781,-10,-2390,30,20,27,26,1
1774105658,26,73,0,0,0,0,no_volume,0,0,0,0,no_volume,0,0,0,0,no_volume,0,0,0,0,0,0,18356,12863,-0.176,151,-2229,31,20,27,26,1
1774105659,26,73,0,0,0,0,no_volume,0,0,0,0,no_volume,0,0,0,0,no_volume,0,0,0,0,0,0,18356,12863,-0.176,161,161,31,20,27,26,1
1774105660,26,73,0,0,0,0,no_volume,0,0,0,0,no_volume,0,0,0,0,no_volume,0,0,0,0,0,0,18366,12863,-0.1762,171,161,31,20,27,26,1
1774105661,26,73,0,0,0,0,no_volume,0,0,0,0,no_volume,0,0,0,0,no_volume,0,0,0,0,0,0,18386,12843,-0.1775,30,181,31,20,27,26,1
1774105662,26,73,0,0,0,0,no_volume,0,0,0,0,no_volume,0,0,0,0,no_volume,0,0,0,0,0,0,18486,12943,-0.1764,130,281,31,20,27,26,1
1774105663,26,73,0,0,0,0,no_volume,0,0,0,0,no_volume,0,0,0,0,no_volume,0,0,0,0,0,0,18496,12953,-0.1763,130,291,31,20,27,26,1
1774105664,26,73,0,0,0,0,no_volume,0,0,0,0,no_volume,0,0,0,0,no_volume,0,0,0,0,0,0,18356,11798,-0.2175,-30,151,31,20,27,26,1
1774105665,25,74,0,0,0,0,no_volume,0,0,0,0,no_volume,0,0,0,0,no_volume,0,0,0,0,0,0,18735,7867,-0.4085,249,530,31,15,26,25,1
1774105666,25,74,0,0,0,0,no_volume,0,0,0,0,no_volume,0,0,0,0,no_volume,0,0,0,0,0,0,18735,8148,-0.3938,239,540,31,16,26,25,1
1774105667,26,73,0,0,0,0,no_volume,0,0,0,0,no_volume,0,0,0,0,no_volume,0,0,0,0,0,0,18545,7432,-0.4278,189,350,30,19,27,26,1
1774105668,26,73,0,0,0,0,no_volume,0,0,0,0,no_volume,0,0,0,0,no_volume,0,0,0,0,0,0,18545,7808,-0.4074,-190,189,30,19,27,26,1
1774105669,26,73,0,0,0,0,no_volume,0,0,0,0,no_volume,0,0,0,0,no_volume,0,0,0,0,0,0,18545,7808,-0.4074,-190,189,30,19,27,26,1
1774105670,26,73,0,0,0,0,no_volume,0,0,0,0,no_volume,0,0,0,0,no_volume,0,0,0,0,0,0,18545,9376,-0.3284,0,179,30,19,27,26,1
1774105671,26,73,0,0,0,0,no_volume,0,0,0,0,no_volume,0,0,0,0,no_volume,0,0,0,0,0,0,18495,9326,-0.3296,-50,109,30,19,27,26,1
1774105672,26,73,0,0,0,0,no_volume,0,0,0,0,no_volume,0,0,0,0,no_volume,0,0,0,0,0,0,18495,9326,-0.3296,-50,9,30,19,27,26,1
1774105673,26,73,0,0,0,0,no_volume,0,0,0,0,no_volume,0,0,0,0,no_volume,0,0,0,0,0,0,18495,9326,-0.3296,-50,-1,30,19,27,26,1
1774105674,26,73,0,0,0,0,no_volume,0,0,0,0,no_volume,0,0,0,0,no_volume,0,0,0,0,0,0,18495,9326,-0.3296,0,139,30,19,27,26,1
1774105675,26,73,0,0,0,0,no_volume,0,0,0,0,no_volume,0,0,0,0,no_volume,0,0,0,0,0,0,18495,9326,-0.3296,0,-240,30,19,27,26,1
1774105676,26,73,0,0,0,0,no_volume,0,0,0,0,no_volume,0,0,0,0,no_volume,0,0,0,0,0,0,18495,9326,-0.3296,0,-240,30,19,27,26,1
1774105677,26,73,0,0,0,0,no_volume,0,0,0,0,no_volume,0,0,0,0,no_volume,0,0,0,0,0,0,18495,9326,-0.3296,0,-50,30,19,27,26,1
1774105678,26,73,0,0,0,0,no_volume,0,0,0,0,no_volume,0,0,0,0,no_volume,0,0,0,0,0,0,18445,9276,-0.3308,-50,-100,30,19,27,26,1
1774105679,26,73,0,0,0,0,no_volume,0,0,0,0,no_volume,0,0,0,0,no_volume,0,0,0,0,0,0,19730,12609,-0.2202,1235,1185,30,19,27,26,1
1774105680,26,73,0,0,0,0,no_volume,0,0,0,0,no_volume,0,0,0,0,no_volume,0,0,0,0,0,0,19730,12609,-0.2202,1235,1185,30,19,27,26,1
1774105681,26,73,0,0,0,0,no_volume,0,0,0,0,no_volume,0,0,0,0,no_volume,0,0,0,0,0,0,20044,12923,-0.216,1599,1549,31,19,27,26,1
1774105682,26,73,0,0,0,0,no_volume,0,0,0,0,no_volume,0,0,0,0,no_volume,0,0,0,0,0,0,19070,12923,-0.1921,-660,575,31,19,27,26,1
1774105683,26,73,0,0,0,0,no_volume,0,0,0,0,no_volume,0,0,0,0,no_volume,0,0,0,0,0,0,19070,12923,-0.1921,-660,575,31,19,27,26,1
1774105684,26,73,0,0,0,0,no_volume,0,0,0,0,no_volume,0,0,0,0,no_volume,0,0,0,0,0,0,22146,14884,-0.1961,2102,3651,32,19,27,26,1
1774105685,26,73,0,0,0,0,no_volume,0,0,0,0,no_volume,0,0,0,0,no_volume,0,0,0,0,0,0,23581,14884,-0.2261,4511,5086,32,19,27,26,1
1774105686,26,73,0,0,0,0,no_volume,0,0,0,0,no_volume,0,0,0,0,no_volume,0,0,0,0,0,0,23581,14884,-0.2261,4511,5086,32,19,27,26,1
1774105687,26,73,0,0,0,0,no_volume,0,0,0,0,no_volume,0,0,0,0,no_volume,0,0,0,0,0,0,23578,14884,-0.226,1432,5083,31,19,27,26,1
1774105688,26,73,0,0,0,0,no_volume,0,0,0,0,no_volume,0,0,0,0,no_volume,0,0,0,0,0,0,23267,14884,-0.2197,-314,4822,31,19,27,26,1
1774105689,26,73,0,0,0,0,no_volume,0,0,0,0,no_volume,0,0,0,0,no_volume,0,0,0,0,0,0,23267,14884,-0.2197,-314,3537,31,19,27,26,1
1774105690,26,73,0,0,0,0,no_volume,0,0,0,0,no_volume,0,0,0,0,no_volume,0,0,0,0,0,0,23076,14884,-0.2158,-502,3346,31,19,27,26,1
1774105691,26,73,0,0,0,0,no_volume,0,0,0,0,no_volume,0,0,0,0,no_volume,0,0,0,0,0,0,19827,6656,-0.4973,-3440,-217,31,13,27,26,1
1774105692,23,74,0,0,0,0,no_volume,0,0,0,0,no_volume,0,0,0,0,no_volume,0,0,0,0,0,0,19516,4603,-0.6183,-3751,446,32,15,26,23,3
1774105693,20,74,0,0,0,0,no_volume,0,0,0,0,no_volume,0,0,0,0,no_volume,0,0,0,0,0,0,19516,4503,-0.625,-3560,446,32,14,26,20,6
1774105694,19,74,0,0,0,0,no_volume,0,0,0,0,no_volume,0,0,0,0,no_volume,0,0,0,0,0,0,19516,4617,-0.6174,-311,-2630,32,15,26,19,7
1774105695,19,74,0,0,0,0,no_volume,0,0,0,0,no_volume,0,0,0,0,no_volume,0,0,0,0,0,0,19516,4627,-0.6167,0,-4065,32,15,26,19,7
1774105696,19,74,0,0,0,0,no_volume,0,0,0,0,no_volume,0,0,0,0,no_volume,0,0,0,0,0,0,19516,2959,-0.7367,0,-4065,32,14,26,19,7
1774105697,19,74,0,0,0,0,no_volume,0,0,0,0,no_volume,0,0,0,0,no_volume,0,0,0,0,0,0,19516,3059,-0.729,0,-4062,32,15,26,19,7
1774105698,19,74,0,0,0,0,no_volume,0,0,0,0,no_volume,0,0,0,0,no_volume,0,0,0,0,0,0,19516,3059,-0.729,0,-3751,32,14,26,19,7
1774105699,19,74,0,0,0,0,no_volume,0,0,0,0,no_volume,0,0,0,0,no_volume,0,0,0,0,0,0,19566,3109,-0.7258,50,-3701,32,14,26,19,7
1774105700,19,74,0,0,0,0,no_volume,0,0,0,0,no_volume,0,0,0,0,no_volume,0,0,0,0,0,0,19566,3109,-0.7258,50,-3510,32,14,26,19,7
1774105701,19,74,0,0,0,0,no_volume,0,0,0,0,no_volume,0,0,0,0,no_volume,0,0,0,0,0,0,19566,3109,-0.7258,50,-261,32,14,26,19,7
1774105702,19,74,0,0,0,0,no_volume,0,0,0,0,no_volume,0,0,0,0,no_volume,0,0,0,0,0,0,19516,3009,-0.7328,-50,0,32,14,26,19,7
1774105703,19,74,0,0,0,0,no_volume,0,0,0,0,no_volume,0,0,0,0,no_volume,0,0,0,0,0,0,19566,2880,-0.7434,0,50,32,15,26,19,7
1774105704,19,74,0,0,0,0,no_volume,0,0,0,0,no_volume,0,0,0,0,no_volume,0,0,0,0,0,0,19566,2880,-0.7434,0,50,32,15,26,19,7
1774105705,19,74,0,0,0,0,no_volume,0,0,0,0,no_volume,0,0,0,0,no_volume,0,0,0,0,0,0,19566,2526,-0.7713,50,50,32,15,26,19,7
1774105706,19,74,0,0,0,0,no_volume,0,0,0,0,no_volume,0,0,0,0,no_volume,0,0,0,0,0,0,19566,2526,-0.7713,0,50,32,14,26,19,7
1774105707,19,74,0,0,0,0,no_volume,0,0,0,0,no_volume,0,0,0,0,no_volume,0,0,0,0,0,0,19566,2526,-0.7713,0,50,32,14,26,19,7
1774105708,19,74,0,0,0,0,no_volume,0,0,0,0,no_volume,0,0,0,0,no_volume,0,0,0,0,0,0,19566,2526,-0.7713,0,50,32,15,26,19,7
1774105709,21,74,0,0,0,0,no_volume,0,0,0,0,no_volume,0,0,0,0,no_volume,0,0,0,0,0,0,19566,2525,-0.7714,0,0,32,15,26,21,5
1774105710,21,74,0,0,0,0,no_volume,0,0,0,0,no_volume,0,0,0,0,no_volume,0,0,0,0,0,0,19566,2971,-0.7363,0,0,32,15,26,21,5
1774105711,21,74,0,0,0,0,no_volume,0,0,0,0,no_volume,0,0,0,0,no_volume,0,0,0,0,0,0,19566,3071,-0.7287,0,0,32,16,26,21,5
1774105712,21,74,0,0,0,0,no_volume,0,0,0,0,no_volume,0,0,0,0,no_volume,0,0,0,0,0,0,19566,3061,-0.7294,0,50,32,15,26,21,5
1774105713,21,74,0,0,0,0,low_activity,0,0,0,0,low_activity,0,0,0,0,low_activity,0,0,0,0,0,0,19516,3012,-0.7326,-50,-50,32,13,26,21,5
1774105714,22,74,0,0,0,0,low_activity,0,0,0,0,low_activity,0,0,0,0,low_activity,0,0,0,0,0,0,19616,2930,-0.7401,50,50,32,15,26,22,4
1774105715,22,74,0,0,0,0,low_activity,0,0,0,0,low_activity,0,0,0,0,low_activity,0,0,0,0,0,0,19616,2880,-0.744,50,50,32,16,26,22,4
1774105716,22,74,0,0,0,0,low_activity,0,0,0,0,low_activity,0,0,0,0,low_activity,0,0,0,0,0,0,19516,2780,-0.7506,0,-50,32,15,26,22,4
1774105717,22,74,0,0,0,0,no_volume,0,0,0,0,low_activity,0,0,0,0,low_activity,0,0,0,0,0,0,19716,2780,-0.7528,100,150,32,15,26,22,4
1774105718,22,74,0,0,0,0,no_volume,0,0,0,0,low_activity,0,0,0,0,low_activity,0,0,0,0,0,0,19716,2780,-0.7528,100,150,32,14,26,22,4
1774105719,22,74,0,0,0,0,no_volume,0,0,0,0,no_volume,0,0,0,0,low_activity,0,0,0,0,0,0,19716,2793,-0.7518,200,150,32,15,26,22,4
1774105720,22,74,0,0,0,0,no_volume,0,0,0,0,no_volume,0,0,0,0,low_activity,0,0,0,0,0,0,19716,2793,-0.7518,0,150,32,15,26,22,4
1774105721,22,74,0,0,0,0,low_activity,0,0,0,0,low_activity,0,0,0,0,low_activity,0,0,0,0,0,0,19716,2780,-0.7528,0,150,32,15,26,22,4
1774105722,22,74,0,0,0,0,low_activity,0,0,0,0,low_activity,0,0,0,0,low_activity,0,0,0,0,0,0,19716,2788,-0.7522,0,150,32,15,26,22,4
1774105723,22,74,0,0,0,0,low_activity,0,0,0,0,low_activity,0,0,0,0,low_activity,0,0,0,0,0,0,19716,2242,-0.7958,0,200,32,15,26,22,4
1774105724,22,74,0,0,0,0,no_volume,0,0,0,0,low_activity,0,0,0,0,low_activity,0,0,0,0,0,0,19716,2242,-0.7958,0,100,32,15,26,22,4
1774105725,22,74,0,0,0,0,no_volume,0,0,0,0,low_activity,0,0,0,0,low_activity,0,0,0,0,0,0,19716,2242,-0.7958,0,100,32,15,26,22,4
1774105726,22,74,0,0,0,0,no_volume,0,0,0,0,no_volume,0,0,0,0,low_activity,0,0,0,0,0,0,19516,2372,-0.7833,-200,0,32,14,26,22,4
1774105727,22,74,0,0,0,0,no_volume,0,0,0,0,no_volume,0,0,0,0,low_activity,0,0,0,0,0,0,19716,2472,-0.7772,0,0,32,15,26,22,4
1774105728,22,74,0,0,0,0,no_volume,0,0,0,0,no_volume,0,0,0,0,low_activity,0,0,0,0,0,0,19869,2312,-0.7915,153,153,32,15,26,22,4
1774105729,22,74,0,0,0,0,no_volume,0,0,0,0,no_volume,0,0,0,0,low_activity,0,0,0,0,0,0,20069,2412,-0.7854,553,353,32,16,26,22,4
1774105730,22,74,0,0,0,0,no_volume,0,0,0,0,no_volume,0,0,0,0,low_activity,0,0,0,0,0,0,19869,2312,-0.7915,153,153,32,15,26,22,4
1774105731,22,74,0,0,0,0,no_volume,0,0,0,0,no_volume,0,0,0,0,low_activity,0,0,0,0,0,0,19869,2908,-0.7447,0,153,32,14,26,22,4
1774105732,22,74,0,0,0,0,no_volume,0,0,0,0,no_volume,0,0,0,0,low_activity,0,0,0,0,0,0,19869,2908,-0.7447,-200,153,32,15,26,22,4
1774105733,22,74,0,0,0,0,no_volume,0,0,0,0,no_volume,0,0,0,0,low_activity,0,0,0,0,0,0,19869,2908,-0.7447,0,153,32,15,26,22,4
1774105734,26,73,0,0,0,0,no_volume,0,0,0,0,no_volume,0,0,0,0,low_activity,0,0,0,0,0,0,23428,8045,-0.4888,3559,3712,32,18,27,26,1
1774105735,26,73,0,0,0,0,no_volume,0,0,0,0,no_volume,0,0,0,0,low_activity,0,0,0,0,0,0,25380,9925,-0.4378,5511,5664,32,17,27,26,1
1774105736,26,72,0,0,0,0,no_volume,0,0,0,0,no_volume,0,0,0,0,low_activity,0,0,0,0,0,0,24980,9925,-0.4313,5111,5464,31,17,28,26,2
1774105737,26,72,0,0,0,0,no_volume,0,0,0,0,no_volume,0,0,0,0,low_activity,0,0,0,0,0,0,22446,10239,-0.3735,-982,2730,31,17,28,26,2
1774105738,26,72,0,0,0,0,no_volume,0,0,0,0,no_volume,0,0,0,0,low_activity,0,0,0,0,0,0,22446,10239,-0.3735,-2934,2577,31,17,28,26,2
1774105739,26,72,0,0,0,0,no_volume,0,0,0,0,no_volume,0,0,0,0,low_activity,0,0,0,0,0,0,22446,10239,-0.3735,-2534,2377,31,17,28,26,2
1774105740,26,72,0,0,0,0,no_volume,0,0,0,0,no_volume,0,0,0,0,low_activity,0,0,0,0,0,0,22587,10239,-0.3762,141,2718,31,17,28,26,2
1774105741,26,72,0,0,0,0,no_volume,0,0,0,0,no_volume,0,0,0,0,low_activity,0,0,0,0,0,0,22587,10239,-0.3762,141,2718,31,17,28,26,2
1774105742,26,72,0,0,0,0,no_volume,0,0,0,0,no_volume,0,0,0,0,low_activity,0,0,0,0,0,0,22897,10549,-0.3692,451,3028,31,17,28,26,2
1774105743,26,72,0,0,0,0,no_volume,0,0,0,0,no_volume,0,0,0,0,low_activity,0,0,0,0,0,0,22897,10239,-0.382,310,3028,31,17,28,26,2
1774105744,26,72,0,0,0,0,no_volume,0,0,0,0,no_volume,0,0,0,0,low_activity,0,0,0,0,0,0,22897,10239,-0.382,310,-531,31,17,28,26,2
1774105745,26,72,0,0,0,0,no_volume,0,0,0,0,no_volume,0,0,0,0,low_activity,0,0,0,0,0,0,22756,10239,-0.3794,-141,-2624,31,17,28,26,2
1774105746,26,72,0,0,0,0,no_volume,0,0,0,0,no_volume,0,0,0,0,low_activity,0,0,0,0,0,0,22756,10239,-0.3794,-141,-2224,31,17,28,26,2
1774105747,26,72,0,0,0,0,no_volume,0,0,0,0,no_volume,0,0,0,0,low_activity,0,0,0,0,0,0,22756,14742,-0.2137,-141,310,31,18,28,26,2
1774105748,26,72,0,0,0,0,no_volume,0,0,0,0,no_volume,0,0,0,0,low_activity,0,0,0,0,0,0,22756,14742,-0.2137,0,310,31,18,28,26,2
1774105749,26,72,0,0,0,0,no_volume,0,0,0,0,no_volume,0,0,0,0,low_activity,0,0,0,0,0,0,22756,14742,-0.2137,0,310,31,18,28,26,2
1774105750,26,72,0,0,0,0,no_volume,0,0,0,0,no_volume,0,0,0,0,low_activity,0,0,0,0,0,0,22756,14742,-0.2137,0,169,31,18,28,26,2
1774105751,26,72,0,0,0,0,no_volume,0,0,0,0,no_volume,0,0,0,0,no_volume,0,0,0,0,0,0,22756,14742,-0.2137,0,169,31,18,28,26,2
1774105752,26,72,0,0,0,0,no_volume,0,0,0,0,no_volume,0,0,0,0,no_volume,0,0,0,0,0,0,22756,11807,-0.3168,0,-141,31,18,28,26,2
1774105753,26,72,0,0,0,0,no_volume,0,0,0,0,no_volume,0,0,0,0,no_volume,0,0,0,0,0,0,22756,11807,-0.3168,0,-141,31,18,28,26,2
1774105754,26,72,0,0,0,0,no_volume,0,0,0,0,no_volume,0,0,0,0,no_volume,0,0,0,0,0,0,22897,11807,-0.3196,141,0,31,18,28,26,2
1774105755,26,72,0,0,0,0,no_volume,0,0,0,0,no_volume,0,0,0,0,no_volume,0,0,0,0,0,0,21912,11807,-0.2997,-844,-844,31,18,28,26,2
1774105756,26,72,0,0,0,0,no_volume,0,0,0,0,no_volume,0,0,0,0,no_volume,0,0,0,0,0,0,21912,11807,-0.2997,-844,-844,31,18,28,26,2
1774105757,26,72,0,0,0,0,no_volume,0,0,0,0,no_volume,0,0,0,0,no_volume,0,0,0,0,0,0,21912,11807,-0.2997,-985,-844,31,18,28,26,2
1774105758,26,72,0,0,0,0,no_volume,0,0,0,0,no_volume,0,0,0,0,no_volume,0,0,0,0,0,0,21912,11807,-0.2997,0,-844,31,18,28,26,2
1774105759,26,72,0,0,0,0,no_volume,0,0,0,0,no_volume,0,0,0,0,no_volume,0,0,0,0,0,0,21912,11807,-0.2997,0,-844,31,18,28,26,2
1774105760,26,72,0,0,0,0,no_volume,0,0,0,0,no_volume,0,0,0,0,no_volume,0,0,0,0,0,0,21771,11807,-0.2967,-141,-985,31,18,28,26,2
1774105761,26,72,0,0,0,0,no_volume,0,0,0,0,no_volume,0,0,0,0,no_volume,0,0,0,0,0,0,21771,11807,-0.2967,-141,-985,31,18,28,26,2
1774105762,26,72,0,0,0,0,no_volume,0,0,0,0,no_volume,0,0,0,0,no_volume,0,0,0,0,0,0,21771,11807,-0.2967,-141,-985,31,18,28,26,2
1774105763,26,72,0,0,0,0,no_volume,0,0,0,0,no_volume,0,0,0,0,no_volume,0,0,0,0,0,0,21771,11807,-0.2967,0,-985,31,18,28,26,2
1774105764,26,72,0,0,0,0,no_volume,0,0,0,0,no_volume,0,0,0,0,no_volume,0,0,0,0,0,0,21771,11807,-0.2967,0,-1126,31,18,28,26,2
1774105765,26,72,0,0,0,0,no_volume,0,0,0,0,no_volume,0,0,0,0,no_volume,0,0,0,0,0,0,21771,11807,-0.2967,0,-141,31,18,28,26,2
1774105766,26,72,0,0,0,0,no_volume,0,0,0,0,no_volume,0,0,0,0,no_volume,0,0,0,0,0,0,21771,11807,-0.2967,0,-141,31,18,28,26,2
1774105767,26,72,0,0,0,0,no_volume,0,0,0,0,no_volume,0,0,0,0,no_volume,0,0,0,0,0,0,21771,11807,-0.2967,0,-141,31,18,28,26,2
1774105768,26,72,0,0,0,0,no_volume,0,0,0,0,no_volume,0,0,0,0,no_volume,0,0,0,0,0,0,21771,11807,-0.2967,0,-141,31,18,28,26,2
1774105769,26,72,0,0,0,0,no_volume,0,0,0,0,no_volume,0,0,0,0,no_volume,0,0,0,0,0,0,21771,11807,-0.2967,0,-141,31,18,28,26,2
1774105770,26,72,0,0,0,0,no_volume,0,0,0,0,no_volume,0,0,0,0,no_volume,0,0,0,0,0,0,21771,11807,-0.2967,0,0,31,18,28,26,2
1774105771,26,72,0,0,0,0,no_volume,0,0,0,0,no_volume,0,0,0,0,no_volume,0,0,0,0,0,0,21771,11807,-0.2967,0,0,31,18,28,26,2
1774105772,26,72,0,0,0,0,no_volume,0,0,0,0,no_volume,0,0,0,0,no_volume,0,0,0,0,0,0,21771,11807,-0.2967,0,0,31,18,28,26,2
1774105773,26,72,0,0,0,0,no_volume,0,0,0,0,no_volume,0,0,0,0,no_volume,0,0,0,0,0,0,21771,11807,-0.2967,0,0,31,18,28,26,2
1774105774,26,72,0,0,0,0,no_volume,0,0,0,0,no_volume,0,0,0,0,no_volume,0,0,0,0,0,0,21772,11807,-0.2968,1,1,31,18,28,26,2
1774105775,26,72,0,0,0,0,no_volume,0,0,0,0,no_volume,0,0,0,0,no_volume,0,0,0,0,0,0,18212,6752,-0.4591,-3559,-3559,30,14,28,26,2
1774105776,23,73,0,0,0,0,no_volume,0,0,0,0,no_volume,0,0,0,0,no_volume,0,0,0,0,0,0,18472,3500,-0.6814,-3299,-3299,31,13,27,23,4
1774105777,19,73,0,0,0,0,no_volume,0,0,0,0,no_volume,0,0,0,0,no_volume,0,0,0,0,0,0,18402,3850,-0.654,-3370,-3369,31,15,27,19,8
1774105778,19,73,0,0,0,0,no_volume,0,0,0,0,no_volume,0,0,0,0,no_volume,0,0,0,0,0,0,18402,3850,-0.654,190,-3369,31,15,27,19,8
1774105779,19,73,0,0,0,0,no_volume,0,0,0,0,no_volume,0,0,0,0,no_volume,0,0,0,0,0,0,18402,3850,-0.654,-70,-3369,31,14,27,19,8
1774105780,22,73,0,0,0,0,no_volume,0,0,0,0,no_volume,0,0,0,0,no_volume,0,0,0,0,0,0,21651,15199,-0.1751,3249,-120,32,17,27,22,5
1774105781,26,72,0,0,0,0,no_volume,0,0,0,0,no_volume,0,0,0,0,no_volume,0,0,0,0,0,0,21461,28057,0.1332,3059,-310,31,21,28,26,2
1774105782,26,72,0,0,0,0,no_volume,0,0,0,0,no_volume,0,0,0,0,no_volume,0,0,0,0,0,0,21785,23240,0.0323,3383,14,31,19,28,26,2
1774105783,26,72,0,0,0,0,no_volume,0,0,0,0,no_volume,0,0,0,0,no_volume,0,0,0,0,0,0,21785,23240,0.0323,134,14,31,19,28,26,2
1774105784,26,72,0,0,0,0,no_volume,0,0,0,0,no_volume,0,0,0,0,no_volume,0,0,0,0,0,0,21785,23240,0.0323,324,13,31,19,28,26,2
1774105785,26,72,0,0,0,0,no_volume,0,0,0,0,no_volume,0,0,0,0,no_volume,0,0,0,0,0,0,21785,23240,0.0323,0,3573,31,19,28,26,2
1774105786,26,72,0,0,0,0,no_volume,0,0,0,0,no_volume,0,0,0,0,no_volume,0,0,0,0,0,0,21785,23240,0.0323,0,3313,31,19,28,26,2
1774105787,26,72,0,0,0,0,no_volume,0,0,0,0,no_volume,0,0,0,0,no_volume,0,0,0,0,0,0,21785,23240,0.0323,0,3383,31,19,28,26,2
1774105788,26,72,0,0,0,0,no_volume,0,0,0,0,no_volume,0,0,0,0,no_volume,0,0,0,0,0,0,21785,23240,0.0323,0,3383,31,19,28,26,2
1774105789,26,72,0,0,0,0,no_volume,0,0,0,0,no_volume,0,0,0,0,no_volume,0,0,0,0,0,0,21785,23240,0.0323,0,3383,31,19,28,26,2
1774105790,26,72,0,0,0,0,no_volume,0,0,0,0,no_volume,0,0,0,0,no_volume,0,0,0,0,0,0,21785,23240,0.0323,0,134,31,19,28,26,2
1774105791,26,72,0,0,0,0,no_volume,0,0,0,0,no_volume,0,0,0,0,no_volume,0,0,0,0,0,0,21461,26502,0.1051,-324,0,31,19,28,26,2
1774105792,26,72,0,0,0,0,no_volume,0,0,0,0,no_volume,0,0,0,0,no_volume,0,0,0,0,0,0,21785,26502,0.0977,0,0,31,19,28,26,2
1774105793,26,72,0,0,0,0,no_volume,0,0,0,0,no_volume,0,0,0,0,no_volume,0,0,0,0,0,0,21928,26502,0.0944,143,143,31,19,28,26,2
1774105794,26,72,0,0,0,0,no_volume,0,0,0,0,no_volume,0,0,0,0,no_volume,0,0,0,0,0,0,21928,26502,0.0944,467,143,31,19,28,26,2
1774105795,26,72,0,0,0,0,no_volume,0,0,0,0,no_volume,0,0,0,0,no_volume,0,0,0,0,0,0,21604,26502,0.1018,-181,-181,31,19,28,26,2
1774105796,26,72,0,0,0,0,no_volume,0,0,0,0,no_volume,0,0,0,0,no_volume,0,0,0,0,0,0,21604,28070,0.1302,-324,-181,31,19,28,26,2
1774105797,26,72,0,0,0,0,no_volume,0,0,0,0,no_volume,0,0,0,0,no_volume,0,0,0,0,0,0,21604,28070,0.1302,-324,-181,31,19,28,26,2
1774105798,26,72,0,0,0,0,no_volume,0,0,0,0,no_volume,0,0,0,0,no_volume,0,0,0,0,0,0,21461,28070,0.1334,-143,-324,31,19,28,26,2
1774105799,26,72,0,0,0,0,no_volume,0,0,0,0,no_volume,0,0,0,0,no_volume,0,0,0,0,0,0,21461,28070,0.1334,-143,-324,31,19,28,26,2
1774105800,26,72,0,0,0,0,no_volume,0,0,0,0,no_volume,0,0,0,0,no_volume,0,0,0,0,0,0,21785,28070,0.1261,181,0,31,19,28,26,2
1774105801,26,72,0,0,0,0,no_volume,0,0,0,0,no_volume,0,0,0,0,no_volume,0,0,0,0,0,0,20847,28070,0.1477,-614,-614,25,19,28,26,2
1774105802,26,72,0,0,0,0,no_volume,0,0,0,0,no_volume,0,0,0,0,no_volume,0,0,0,0,0,0,20847,28070,0.1477,-614,-938,25,19,28,26,2
1774105803,26,72,0,0,0,0,no_volume,0,0,0,0,no_volume,0,0,0,0,no_volume,0,0,0,0,0,0,20847,28070,0.1477,-938,-1081,25,19,28,26,2
1774105804,26,72,0,0,0,0,no_volume,0,0,0,0,no_volume,0,0,0,0,no_volume,0,0,0,0,0,0,20847,28070,0.1477,0,-1081,25,19,28,26,2
1774105805,26,72,0,0,0,0,no_volume,0,0,0,0,no_volume,0,0,0,0,no_volume,0,0,0,0,0,0,23782,28070,0.0827,2935,2178,25,19,28,26,2
1774105806,26,72,0,0,0,0,no_volume,0,0,0,0,no_volume,0,0,0,0,no_volume,0,0,0,0,0,0,23782,28070,0.0827,2935,2178,25,19,28,26,2
1774105807,26,72,0,0,0,0,no_volume,0,0,0,0,no_volume,0,0,0,0,no_volume,0,0,0,0,0,0,23782,28070,0.0827,2935,2178,25,19,28,26,2
1774105808,26,72,0,0,0,0,no_volume,0,0,0,0,no_volume,0,0,0,0,no_volume,0,0,0,0,0,0,23782,28070,0.0827,0,2321,25,19,28,26,2
1774105809,26,72,0,0,0,0,no_volume,0,0,0,0,no_volume,0,0,0,0,no_volume,0,0,0,0,0,0,21172,28070,0.1401,-2610,-289,24,19,28,26,2
1774105810,26,72,0,0,0,0,no_volume,0,0,0,0,no_volume,0,0,0,0,no_volume,0,0,0,0,0,0,21315,28070,0.1368,-2467,-470,24,19,28,26,2
1774105811,26,72,0,0,0,0,no_volume,0,0,0,0,no_volume,0,0,0,0,no_volume,0,0,0,0,0,0,17741,6685,-0.4526,-6041,-3106,24,15,28,26,2
1774105812,22,72,0,0,0,0,no_volume,0,0,0,0,no_volume,0,0,0,0,no_volume,0,0,0,0,0,0,17598,3512,-0.6673,-3574,-3249,24,14,28,22,6
1774105813,20,73,0,0,0,0,no_volume,0,0,0,0,no_volume,0,0,0,0,no_volume,0,0,0,0,0,0,17788,3912,-0.6394,-3527,-3059,25,13,27,20,7
1774105814,20,73,0,0,0,0,no_volume,0,0,0,0,no_volume,0,0,0,0,no_volume,0,0,0,0,0,0,17788,3912,-0.6394,47,-3059,25,13,27,20,7
1774105815,20,73,0,0,0,0,no_volume,0,0,0,0,no_volume,0,0,0,0,no_volume,0,0,0,0,0,0,17788,3912,-0.6394,190,-5994,25,13,27,20,7
1774105816,20,73,0,0,0,0,no_volume,0,0,0,0,no_volume,0,0,0,0,no_volume,0,0,0,0,0,0,17788,3512,-0.6702,0,-5994,25,13,27,20,7
1774105817,20,73,0,0,0,0,no_volume,0,0,0,0,no_volume,0,0,0,0,no_volume,0,0,0,0,0,0,17788,3512,-0.6702,0,-5994,25,13,27,20,7
1774105818,20,73,0,0,0,0,no_volume,0,0,0,0,no_volume,0,0,0,0,no_volume,0,0,0,0,0,0,17788,3512,-0.6702,0,-5994,25,13,27,20,7
1774105819,20,73,0,0,0,0,no_volume,0,0,0,0,no_volume,0,0,0,0,no_volume,0,0,0,0,0,0,17788,3512,-0.6702,0,-3384,25,13,27,20,7
1774105820,20,73,0,0,0,0,no_volume,0,0,0,0,no_volume,0,0,0,0,no_volume,0,0,0,0,0,0,17788,1944,-0.803,0,-3527,25,13,27,20,7
1774105821,20,73,0,0,0,0,no_volume,0,0,0,0,no_volume,0,0,0,0,no_volume,0,0,0,0,0,0,17788,1936,-0.8037,0,47,25,13,27,20,7
1774105822,20,73,0,0,0,0,no_volume,0,0,0,0,no_volume,0,0,0,0,no_volume,0,0,0,0,0,0,17788,1936,-0.8037,0,190,25,13,27,20,7
1774105823,26,72,0,0,0,0,no_volume,0,0,0,0,no_volume,0,0,0,0,no_volume,0,0,0,0,0,0,17924,15000,-0.0888,136,136,24,19,28,26,2
1774105824,26,72,0,0,0,0,no_volume,0,0,0,0,no_volume,0,0,0,0,no_volume,0,0,0,0,0,0,17924,17426,-0.0141,136,136,24,19,28,26,2
1774105825,26,72,0,0,0,0,no_volume,0,0,0,0,no_volume,0,0,0,0,no_volume,0,0,0,0,0,0,17924,17426,-0.0141,136,136,24,19,28,26,2
1774105826,26,72,0,0,0,0,no_volume,0,0,0,0,no_volume,0,0,0,0,no_volume,0,0,0,0,0,0,17924,17426,-0.0141,0,136,24,19,28,26,2
1774105827,26,72,0,0,0,0,no_volume,0,0,0,0,no_volume,0,0,0,0,no_volume,0,0,0,0,0,0,17924,17426,-0.0141,0,136,24,19,28,26,2
1774105828,26,72,0,0,0,0,no_volume,0,0,0,0,no_volume,0,0,0,0,no_volume,0,0,0,0,0,0,17924,17426,-0.0141,0,136,24,19,28,26,2
1774105829,26,72,0,0,0,0,no_volume,0,0,0,0,no_volume,0,0,0,0,no_volume,0,0,0,0,0,0,17924,17426,-0.0141,0,136,24,19,28,26,2
1774105830,26,72,0,0,0,0,no_volume,0,0,0,0,no_volume,0,0,0,0,no_volume,0,0,0,0,0,0,17924,17426,-0.0141,0,136,24,19,28,26,2
1774105831,26,72,0,0,0,0,no_volume,0,0,0,0,no_volume,0,0,0,0,no_volume,0,0,0,0,0,0,17924,17752,-0.0048,0,136,24,19,28,26,2
1774105832,26,72,0,0,0,0,no_volume,0,0,0,0,no_volume,0,0,0,0,no_volume,0,0,0,0,0,0,17924,17426,-0.0141,0,136,24,19,28,26,2
1774105833,26,72,0,0,0,0,no_volume,0,0,0,0,no_volume,0,0,0,0,no_volume,0,0,0,0,0,0,17924,17426,-0.0141,0,0,24,19,28,26,2
1774105834,26,72,0,0,0,0,no_volume,0,0,0,0,no_volume,0,0,0,0,no_volume,0,0,0,0,0,0,17924,17426,-0.0141,0,0,24,19,28,26,2
1774105835,26,72,0,0,0,0,no_volume,0,0,0,0,no_volume,0,0,0,0,no_volume,0,0,0,0,0,0,17924,17426,-0.0141,0,0,24,19,28,26,2
1774105836,26,72,0,0,0,0,no_volume,0,0,0,0,no_volume,0,0,0,0,no_volume,0,0,0,0,0,0,17924,18994,0.029,0,0,24,19,28,26,2
1774105837,26,72,0,0,0,0,no_volume,0,0,0,0,no_volume,0,0,0,0,no_volume,0,0,0,0,0,0,17924,18994,0.029,0,0,24,19,28,26,2
1774105838,26,72,0,0,0,0,no_volume,0,0,0,0,no_volume,0,0,0,0,no_volume,0,0,0,0,0,0,17924,18994,0.029,0,0,24,19,28,26,2
1774105839,26,72,0,0,0,0,no_volume,0,0,0,0,no_volume,0,0,0,0,no_volume,0,0,0,0,0,0,17924,18994,0.029,0,0,24,19,28,26,2
1774105840,26,72,0,0,0,0,no_volume,0,0,0,0,no_volume,0,0,0,0,no_volume,0,0,0,0,0,0,17924,18994,0.029,0,0,24,19,28,26,2
1774105841,26,72,0,0,0,0,no_volume,0,0,0,0,no_volume,0,0,0,0,no_volume,0,0,0,0,0,0,17924,18994,0.029,0,0,24,19,28,26,2
1774105842,26,72,0,0,0,0,no_volume,0,0,0,0,no_volume,0,0,0,0,no_volume,0,0,0,0,0,0,17924,18994,0.029,0,0,24,19,28,26,2
1774105843,26,72,0,0,0,0,no_volume,0,0,0,0,no_volume,0,0,0,0,no_volume,0,0,0,0,0,0,17924,18994,0.029,0,0,24,19,28,26,2
1774105844,26,72,0,0,0,0,no_volume,0,0,0,0,no_volume,0,0,0,0,no_volume,0,0,0,0,0,0,17924,18994,0.029,0,0,24,19,28,26,2
1774105845,26,72,0,0,0,0,no_volume,0,0,0,0,no_volume,0,0,0,0,no_volume,0,0,0,0,0,0,17924,18994,0.029,0,0,24,19,28,26,2
1774105846,26,72,0,0,0,0,no_volume,0,0,0,0,no_volume,0,0,0,0,no_volume,0,0,0,0,0,0,17924,18994,0.029,0,0,24,19,28,26,2
1774105847,26,72,0,0,0,0,no_volume,0,0,0,0,no_volume,0,0,0,0,no_volume,0,0,0,0,0,0,17924,18994,0.029,0,0,24,19,28,26,2
1774105848,26,72,0,0,0,0,no_volume,0,0,0,0,no_volume,0,0,0,0,no_volume,0,0,0,0,0,0,17924,18994,0.029,0,0,24,19,28,26,2
1774105849,26,72,0,0,0,0,no_volume,0,0,0,0,no_volume,0,0,0,0,no_volume,0,0,0,0,0,0,17924,18994,0.029,0,0,24,19,28,26,2
1774105850,26,72,0,0,0,0,no_volume,0,0,0,0,no_volume,0,0,0,0,no_volume,0,0,0,0,0,0,17924,18994,0.029,0,0,24,19,28,26,2
1774105851,26,72,0,0,0,0,no_volume,0,0,0,0,no_volume,0,0,0,0,no_volume,0,0,0,0,0,0,17598,18994,0.0382,-326,-326,24,19,28,26,2
1774105852,26,72,0,0,0,0,no_volume,0,0,0,0,no_volume,0,0,0,0,no_volume,0,0,0,0,0,0,17598,6809,-0.442,-326,-326,24,14,28,26,2
1774105853,19,73,0,0,0,0,no_volume,0,0,0,0,no_volume,0,0,0,0,no_volume,0,0,0,0,0,0,17778,3513,-0.67,-146,-146,25,12,27,19,8
1774105854,19,73,0,0,0,0,no_volume,0,0,0,0,no_volume,0,0,0,0,no_volume,0,0,0,0,0,0,17768,3763,-0.6505,170,-156,25,12,27,19,8
1774105855,19,73,0,0,0,0,no_volume,0,0,0,0,no_volume,0,0,0,0,no_volume,0,0,0,0,0,0,17768,3863,-0.6428,170,-156,25,14,27,19,8
1774105856,19,73,0,0,0,0,no_volume,0,0,0,0,no_volume,0,0,0,0,no_volume,0,0,0,0,0,0,17768,3883,-0.6413,-10,-156,25,12,27,19,8
1774105857,19,73,0,0,0,0,no_volume,0,0,0,0,no_volume,0,0,0,0,no_volume,0,0,0,0,0,0,17768,3883,-0.6413,0,-156,25,14,27,19,8
1774105858,19,73,0,0,0,0,no_volume,0,0,0,0,no_volume,0,0,0,0,no_volume,0,0,0,0,0,0,17768,2315,-0.7695,0,-156,25,14,27,19,8
1774105859,19,73,0,0,0,0,no_volume,0,0,0,0,no_volume,0,0,0,0,no_volume,0,0,0,0,0,0,17768,2315,-0.7695,0,-156,25,14,27,19,8
1774105860,26,73,0,0,0,0,no_volume,0,0,0,0,no_volume,0,0,0,0,no_volume,0,0,0,0,0,0,18104,14404,-0.1138,336,180,25,18,27,26,1
1774105861,26,73,0,0,0,0,no_volume,0,0,0,0,no_volume,0,0,0,0,no_volume,0,0,0,0,0,0,18104,14384,-0.1145,336,506,25,18,27,26,1
1774105862,26,72,0,0,0,0,no_volume,0,0,0,0,no_volume,0,0,0,0,no_volume,0,0,0,0,0,0,18065,14384,-0.1134,297,467,24,18,28,26,2
1774105863,26,72,0,0,0,0,no_volume,0,0,0,0,no_volume,0,0,0,0,no_volume,0,0,0,0,0,0,18065,14384,-0.1134,-39,287,24,18,28,26,2
1774105864,26,72,0,0,0,0,no_volume,0,0,0,0,no_volume,0,0,0,0,no_volume,0,0,0,0,0,0,18065,14384,-0.1134,-39,297,24,18,28,26,2
1774105865,26,72,0,0,0,0,no_volume,0,0,0,0,no_volume,0,0,0,0,no_volume,0,0,0,0,0,0,18065,17633,-0.0121,0,297,24,19,28,26,2
1774105866,26,72,0,0,0,0,no_volume,0,0,0,0,no_volume,0,0,0,0,no_volume,0,0,0,0,0,0,17739,17633,-0.003,-326,-29,24,19,28,26,2
1774105867,26,72,0,0,0,0,no_volume,0,0,0,0,no_volume,0,0,0,0,no_volume,0,0,0,0,0,0,17739,17633,-0.003,-326,-29,24,19,28,26,2
1774105868,26,72,0,0,0,0,no_volume,0,0,0,0,no_volume,0,0,0,0,no_volume,0,0,0,0,0,0,18065,17959,-0.0029,0,297,24,19,28,26,2
1774105869,26,72,0,0,0,0,no_volume,0,0,0,0,no_volume,0,0,0,0,no_volume,0,0,0,0,0,0,18065,17633,-0.0121,326,297,24,19,28,26,2
1774105870,26,72,0,0,0,0,no_volume,0,0,0,0,no_volume,0,0,0,0,no_volume,0,0,0,0,0,0,18065,17633,-0.0121,326,-39,24,19,28,26,2
1774105871,26,72,0,0,0,0,no_volume,0,0,0,0,no_volume,0,0,0,0,no_volume,0,0,0,0,0,0,18065,17633,-0.0121,0,-39,24,19,28,26,2
1774105872,26,72,0,0,0,0,no_volume,0,0,0,0,no_volume,0,0,0,0,no_volume,0,0,0,0,0,0,17598,17633,0.001,-467,-467,24,19,28,26,2
1774105873,26,72,0,0,0,0,no_volume,0,0,0,0,no_volume,0,0,0,0,no_volume,0,0,0,0,0,0,17598,19201,0.0436,-467,-467,24,19,28,26,2
1774105874,26,72,0,0,0,0,no_volume,0,0,0,0,no_volume,0,0,0,0,no_volume,0,0,0,0,0,0,17598,19201,0.0436,-467,-467,24,19,28,26,2
1774105875,26,72,0,0,0,0,no_volume,0,0,0,0,no_volume,0,0,0,0,no_volume,0,0,0,0,0,0,17598,19201,0.0436,0,-467,24,19,28,26,2
1774105876,26,72,0,0,0,0,no_volume,0,0,0,0,no_volume,0,0,0,0,no_volume,0,0,0,0,0,0,17924,19201,0.0344,326,185,24,19,28,26,2
1774105877,26,72,0,0,0,0,no_volume,0,0,0,0,no_volume,0,0,0,0,no_volume,0,0,0,0,0,0,17598,19201,0.0436,0,-141,24,19,28,26,2
1774105878,26,72,0,0,0,0,no_volume,0,0,0,0,no_volume,0,0,0,0,no_volume,0,0,0,0,0,0,17598,19201,0.0436,0,-467,24,19,28,26,2
1774105879,26,72,0,0,0,0,no_volume,0,0,0,0,no_volume,0,0,0,0,no_volume,0,0,0,0,0,0,17598,19201,0.0436,-326,-467,24,19,28,26,2
1774105880,26,72,0,0,0,0,no_volume,0,0,0,0,no_volume,0,0,0,0,no_volume,0,0,0,0,0,0,17739,19201,0.0396,141,-326,24,19,28,26,2
1774105881,26,72,0,0,0,0,no_volume,0,0,0,0,no_volume,0,0,0,0,no_volume,0,0,0,0,0,0,17739,19201,0.0396,141,-326,24,19,28,26,2
1774105882,26,72,0,0,0,0,no_volume,0,0,0,0,no_volume,0,0,0,0,no_volume,0,0,0,0,0,0,17739,19201,0.0396,141,141,24,19,28,26,2
1774105883,26,72,0,0,0,0,no_volume,0,0,0,0,no_volume,0,0,0,0,no_volume,0,0,0,0,0,0,17739,19201,0.0396,0,141,24,19,28,26,2
1774105884,26,72,0,0,0,0,no_volume,0,0,0,0,no_volume,0,0,0,0,no_volume,0,0,0,0,0,0,17919,19201,0.0345,180,321,24,19,28,26,2
1774105885,26,72,0,0,0,0,no_volume,0,0,0,0,no_volume,0,0,0,0,no_volume,0,0,0,0,0,0,17919,19201,0.0345,180,321,24,19,28,26,2
1774105886,26,72,0,0,0,0,no_volume,0,0,0,0,no_volume,0,0,0,0,no_volume,0,0,0,0,0,0,17919,19201,0.0345,180,-5,24,19,28,26,2
1774105887,26,72,0,0,0,0,no_volume,0,0,0,0,no_volume,0,0,0,0,no_volume,0,0,0,0,0,0,17919,19201,0.0345,0,321,24,19,28,26,2
1774105888,26,72,0,0,0,0,no_volume,0,0,0,0,no_volume,0,0,0,0,no_volume,0,0,0,0,0,0,17919,19201,0.0345,0,321,24,19,28,26,2
1774105889,26,72,0,0,0,0,no_volume,0,0,0,0,no_volume,0,0,0,0,no_volume,0,0,0,0,0,0,17919,19201,0.0345,0,321,24,19,28,26,2
1774105890,26,72,0,0,0,0,no_volume,0,0,0,0,no_volume,0,0,0,0,no_volume,0,0,0,0,0,0,17919,19201,0.0345,0,180,24,19,28,26,2
1774105891,26,72,0,0,0,0,no_volume,0,0,0,0,no_volume,0,0,0,0,no_volume,0,0,0,0,0,0,17919,19201,0.0345,0,180,24,19,28,26,2
1774105892,26,72,0,0,0,0,no_volume,0,0,0,0,no_volume,0,0,0,0,no_volume,0,0,0,0,0,0,17919,19201,0.0345,0,180,24,19,28,26,2
1774105893,26,72,0,0,0,0,no_volume,0,0,0,0,no_volume,0,0,0,0,no_volume,0,0,0,0,0,0,17919,19201,0.0345,0,180,24,19,28,26,2
1774105894,26,72,0,0,0,0,no_volume,0,0,0,0,no_volume,0,0,0,0,no_volume,0,0,0,0,0,0,17919,19201,0.0345,0,0,24,19,28,26,2
1774105895,26,72,0,0,0,0,no_volume,0,0,0,0,no_volume,0,0,0,0,no_volume,0,0,0,0,0,0,17919,19201,0.0345,0,0,24,19,28,26,2
1774105896,26,72,0,0,0,0,no_volume,0,0,0,0,no_volume,0,0,0,0,no_volume,0,0,0,0,0,0,17919,19201,0.0345,0,0,24,19,28,26,2
1774105897,22,72,0,0,0,0,no_volume,0,0,0,0,no_volume,0,0,0,0,no_volume,0,0,0,0,0,0,17598,3500,-0.6682,-321,-321,24,13,28,22,6
1774105898,22,72,0,0,0,0,no_volume,0,0,0,0,no_volume,0,0,0,0,no_volume,0,0,0,0,0,0,17598,3500,-0.6682,-321,-321,24,13,28,22,6
1774105899,22,72,0,0,0,0,no_volume,0,0,0,0,no_volume,0,0,0,0,no_volume,0,0,0,0,0,0,17598,3513,-0.6672,-321,-321,24,13,28,22,6
1774105900,23,72,0,0,0,0,no_volume,0,0,0,0,no_volume,0,0,0,0,no_volume,0,0,0,0,0,0,17598,3532,-0.6657,0,-321,24,13,28,23,5
1774105901,23,72,0,0,0,0,no_volume,0,0,0,0,no_volume,0,0,0,0,no_volume,0,0,0,0,0,0,17598,3532,-0.6657,0,-321,24,13,28,23,5
1774105902,23,72,0,0,0,0,no_volume,0,0,0,0,no_volume,0,0,0,0,no_volume,0,0,0,0,0,0,17598,1964,-0.7992,0,-321,24,13,28,23,5
1774105903,23,72,0,0,0,0,no_volume,0,0,0,0,no_volume,0,0,0,0,no_volume,0,0,0,0,0,0,17598,2214,-0.7765,0,-321,24,13,28,23,5
1774105904,26,72,0,0,0,0,no_volume,0,0,0,0,no_volume,0,0,0,0,no_volume,0,0,0,0,0,0,20847,15807,-0.1375,3249,2928,24,17,28,26,2
1774105905,26,72,0,0,0,0,no_volume,0,0,0,0,no_volume,0,0,0,0,no_volume,0,0,0,0,0,0,20847,15787,-0.1381,3249,2928,24,16,28,26,2
1774105906,26,72,0,0,0,0,no_volume,0,0,0,0,no_volume,0,0,0,0,no_volume,0,0,0,0,0,0,20847,15787,-0.1381,3249,2928,24,16,28,26,2
1774105907,26,72,0,0,0,0,no_volume,0,0,0,0,no_volume,0,0,0,0,no_volume,0,0,0,0,0,0,20847,15787,-0.1381,0,3249,24,16,28,26,2
1774105908,26,72,0,0,0,0,no_volume,0,0,0,0,no_volume,0,0,0,0,no_volume,0,0,0,0,0,0,20847,15787,-0.1381,0,3249,24,16,28,26,2
1774105909,26,72,0,0,0,0,no_volume,0,0,0,0,no_volume,0,0,0,0,no_volume,0,0,0,0,0,0,20847,15787,-0.1381,0,3249,25,16,28,26,2
1774105910,26,72,0,0,0,0,no_volume,0,0,0,0,no_volume,0,0,0,0,no_volume,0,0,0,0,0,0,20847,15787,-0.1381,0,3249,24,16,28,26,2
1774105911,26,72,0,0,0,0,no_volume,0,0,0,0,no_volume,0,0,0,0,no_volume,0,0,0,0,0,0,20847,15787,-0.1381,0,3249,24,16,28,26,2
1774105912,26,72,0,0,0,0,no_volume,0,0,0,0,no_volume,0,0,0,0,no_volume,0,0,0,0,0,0,20847,15787,-0.1381,0,3249,24,16,28,26,2
1774105913,26,72,0,0,0,0,no_volume,0,0,0,0,no_volume,0,0,0,0,no_volume,0,0,0,0,0,0,21168,15787,-0.1456,321,3570,25,15,28,26,2
1774105914,26,72,0,0,0,0,no_volume,0,0,0,0,no_volume,0,0,0,0,no_volume,0,0,0,0,0,0,20847,15787,-0.1381,0,0,25,15,28,26,2
1774105915,26,72,0,0,0,0,no_volume,0,0,0,0,no_volume,0,0,0,0,no_volume,0,0,0,0,0,0,20847,15787,-0.1381,0,0,25,15,28,26,2
1774105916,26,72,0,0,0,0,no_volume,0,0,0,0,no_volume,0,0,0,0,no_volume,0,0,0,0,0,0,20847,15787,-0.1381,-321,0,25,15,28,26,2
1774105917,26,72,0,0,0,0,no_volume,0,0,0,0,no_volume,0,0,0,0,no_volume,0,0,0,0,0,0,20847,20290,-0.0135,0,0,25,16,28,26,2
1774105918,26,72,0,0,0,0,low_activity,0,0,0,0,low_activity,0,0,0,0,low_activity,0,0,0,0,0,0,20846,17355,-0.0914,-1,-1,25,16,28,26,2
1774105919,26,72,0,0,0,0,low_activity,0,0,0,0,low_activity,0,0,0,0,low_activity,0,0,0,0,0,0,20846,17355,-0.0914,-1,-1,25,16,28,26,2
1774105920,26,72,0,0,0,0,low_activity,0,0,0,0,low_activity,0,0,0,0,low_activity,0,0,0,0,0,0,20846,17355,-0.0914,-1,-1,25,16,28,26,2
1774105921,26,72,0,0,0,0,no_volume,0,0,0,0,low_activity,0,0,0,0,low_activity,0,0,0,0,0,0,21167,20290,-0.0212,321,320,24,16,28,26,2
1774105922,26,72,0,0,0,0,no_volume,0,0,0,0,low_activity,0,0,0,0,low_activity,0,0,0,0,0,0,21167,20290,-0.0212,321,320,24,16,28,26,2
1774105923,26,72,0,0,0,0,no_volume,0,0,0,0,no_volume,0,0,0,0,low_activity,0,0,0,0,0,0,21167,20290,-0.0212,321,-1,24,16,28,26,2
1774105924,26,72,0,0,0,0,no_volume,0,0,0,0,no_volume,0,0,0,0,low_activity,0,0,0,0,0,0,21167,20290,-0.0212,0,320,24,16,28,26,2
1774105925,26,72,0,0,0,0,no_volume,0,0,0,0,no_volume,0,0,0,0,low_activity,0,0,0,0,0,0,21167,20290,-0.0212,0,320,24,16,28,26,2
1774105926,26,72,0,0,0,0,no_volume,0,0,0,0,no_volume,0,0,0,0,low_activity,0,0,0,0,0,0,21167,20290,-0.0212,0,320,24,16,28,26,2
1774105927,26,72,0,0,0,0,no_volume,0,0,0,0,no_volume,0,0,0,0,low_activity,0,0,0,0,0,0,21167,17355,-0.099,0,320,24,15,28,26,2
1774105928,26,72,0,0,0,0,no_volume,0,0,0,0,no_volume,0,0,0,0,low_activity,0,0,0,0,0,0,21167,17355,-0.099,0,321,24,15,28,26,2
1774105929,26,72,0,0,0,0,no_volume,0,0,0,0,no_volume,0,0,0,0,low_activity,0,0,0,0,0,0,18232,17355,-0.0246,-2935,-2614,24,15,28,26,2
1774105930,26,72,0,0,0,0,no_volume,0,0,0,0,no_volume,0,0,0,0,low_activity,0,0,0,0,0,0,18232,17355,-0.0246,-2935,-2614,24,15,28,26,2
1774105931,26,72,0,0,0,0,no_volume,0,0,0,0,no_volume,0,0,0,0,low_activity,0,0,0,0,0,0,21156,17355,-0.0987,-11,-11,24,15,28,26,2
1774105932,26,72,0,0,0,0,no_volume,0,0,0,0,no_volume,0,0,0,0,low_activity,0,0,0,0,0,0,21156,17355,-0.0987,2924,-11,24,15,28,26,2
1774105933,26,72,0,0,0,0,no_volume,0,0,0,0,no_volume,0,0,0,0,low_activity,0,0,0,0,0,0,21156,17355,-0.0987,2924,-11,24,15,28,26,2
1774105934,26,72,0,0,0,0,no_volume,0,0,0,0,no_volume,0,0,0,0,low_activity,0,0,0,0,0,0,21156,17355,-0.0987,0,-11,24,15,28,26,2
1774105935,26,72,0,0,0,0,no_volume,0,0,0,0,no_volume,0,0,0,0,low_activity,0,0,0,0,0,0,21156,17355,-0.0987,0,-11,24,15,28,26,2
1774105936,26,72,0,0,0,0,no_volume,0,0,0,0,no_volume,0,0,0,0,low_activity,0,0,0,0,0,0,21156,17355,-0.0987,0,-11,24,15,28,26,2
1774105937,26,72,0,0,0,0,no_volume,0,0,0,0,no_volume,0,0,0,0,low_activity,0,0,0,0,0,0,21156,17355,-0.0987,0,-11,24,15,28,26,2
1774105938,26,72,0,0,0,0,no_volume,0,0,0,0,no_volume,0,0,0,0,low_activity,0,0,0,0,0,0,21156,17355,-0.0987,0,-11,24,15,28,26,2
1774105939,26,72,0,0,0,0,no_volume,0,0,0,0,no_volume,0,0,0,0,low_activity,0,0,0,0,0,0,21156,17355,-0.0987,0,2924,24,15,28,26,2
1774105940,26,72,0,0,0,0,no_volume,0,0,0,0,no_volume,0,0,0,0,low_activity,0,0,0,0,0,0,21156,17355,-0.0987,0,2924,24,15,28,26,2
1774105941,26,72,0,0,0,0,no_volume,0,0,0,0,no_volume,0,0,0,0,low_activity,0,0,0,0,0,0,21156,17355,-0.0987,0,0,24,15,28,26,2
1774105942,26,72,0,0,0,0,no_volume,0,0,0,0,no_volume,0,0,0,0,low_activity,0,0,0,0,0,0,21156,17355,-0.0987,0,0,24,15,28,26,2
1774105943,26,72,0,0,0,0,no_volume,0,0,0,0,no_volume,0,0,0,0,low_activity,0,0,0,0,0,0,21156,17355,-0.0987,0,0,24,15,28,26,2
1774105944,26,72,0,0,0,0,no_volume,0,0,0,0,no_volume,0,0,0,0,low_activity,0,0,0,0,0,0,21156,17355,-0.0987,0,0,24,15,28,26,2
1774105945,26,72,0,0,0,0,no_volume,0,0,0,0,no_volume,0,0,0,0,low_activity,0,0,0,0,0,0,21297,17355,-0.102,141,141,25,15,28,26,2
1774105946,26,72,0,0,0,0,no_volume,0,0,0,0,no_volume,0,0,0,0,low_activity,0,0,0,0,0,0,18041,17355,-0.0194,-3115,-3115,24,15,28,26,2
1774105947,26,72,0,0,0,0,no_volume,0,0,0,0,no_volume,0,0,0,0,low_activity,0,0,0,0,0,0,18041,17355,-0.0194,-3115,-3115,24,15,28,26,2
1774105948,26,72,0,0,0,0,no_volume,0,0,0,0,no_volume,0,0,0,0,no_volume,0,0,0,0,0,0,18041,17355,-0.0194,-3256,-3115,24,15,28,26,2
1774105949,26,72,0,0,0,0,no_volume,0,0,0,0,no_volume,0,0,0,0,no_volume,0,0,0,0,0,0,18041,17355,-0.0194,0,-3115,24,15,28,26,2
1774105950,26,72,0,0,0,0,no_volume,0,0,0,0,no_volume,0,0,0,0,no_volume,0,0,0,0,0,0,18041,17355,-0.0194,0,-3115,24,15,28,26,2
1774105951,26,72,0,0,0,0,low_activity,0,0,0,0,low_activity,0,0,0,0,low_activity,0,0,0,0,0,0,20973,17355,-0.0944,2932,-183,25,15,28,26,2
1774105952,26,72,0,0,0,0,low_activity,0,0,0,0,low_activity,0,0,0,0,low_activity,0,0,0,0,0,0,20973,17355,-0.0944,2932,-183,25,15,28,26,2
1774105953,26,72,0,0,0,0,low_activity,0,0,0,0,low_activity,0,0,0,0,low_activity,0,0,0,0,0,0,21294,17355,-0.1019,3253,138,25,15,28,26,2
1774105954,26,72,0,0,0,0,no_volume,0,0,0,0,low_activity,0,0,0,0,low_activity,0,0,0,0,0,0,21294,17355,-0.1019,321,138,25,15,28,26,2
1774105955,26,72,0,0,0,0,no_volume,0,0,0,0,low_activity,0,0,0,0,low_activity,0,0,0,0,0,0,24229,17355,-0.1653,3256,2932,25,15,28,26,2
1774105956,26,72,0,0,0,0,no_volume,0,0,0,0,no_volume,0,0,0,0,low_activity,0,0,0,0,0,0,24229,17355,-0.1653,2935,6188,25,15,28,26,2
1774105957,26,72,0,0,0,0,no_volume,0,0,0,0,no_volume,0,0,0,0,low_activity,0,0,0,0,0,0,24229,17355,-0.1653,2935,6188,25,15,28,26,2
1774105958,26,72,0,0,0,0,no_volume,0,0,0,0,no_volume,0,0,0,0,low_activity,0,0,0,0,0,0,24229,17355,-0.1653,0,6188,25,15,28,26,2
1774105959,26,72,0,0,0,0,no_volume,0,0,0,0,no_volume,0,0,0,0,low_activity,0,0,0,0,0,0,21294,17355,-0.1019,-2935,3253,24,15,28,26,2
1774105960,26,72,0,0,0,0,no_volume,0,0,0,0,no_volume,0,0,0,0,low_activity,0,0,0,0,0,0,21294,17355,-0.1019,-2935,3253,24,15,28,26,2
1774105961,26,72,0,0,0,0,no_volume,0,0,0,0,no_volume,0,0,0,0,low_activity,0,0,0,0,0,0,21294,17355,-0.1019,-2935,321,24,15,28,26,2
1774105962,26,72,0,0,0,0,no_volume,0,0,0,0,no_volume,0,0,0,0,low_activity,0,0,0,0,0,0,21615,17355,-0.1093,321,642,25,15,28,26,2
1774105963,26,72,0,0,0,0,no_volume,0,0,0,0,no_volume,0,0,0,0,low_activity,0,0,0,0,0,0,21285,17355,-0.1017,-9,-9,25,15,28,26,2
1774105964,26,72,0,0,0,0,no_volume,0,0,0,0,no_volume,0,0,0,0,low_activity,0,0,0,0,0,0,21285,17355,-0.1017,-9,-9,25,15,28,26,2
1774105965,26,72,0,0,0,0,no_volume,0,0,0,0,no_volume,0,0,0,0,low_activity,0,0,0,0,0,0,21285,17355,-0.1017,-330,-2944,25,15,28,26,2
1774105966,26,72,0,0,0,0,no_volume,0,0,0,0,no_volume,0,0,0,0,low_activity,0,0,0,0,0,0,21285,17355,-0.1017,0,-2944,25,15,28,26,2
1774105967,26,72,0,0,0,0,no_volume,0,0,0,0,no_volume,0,0,0,0,low_activity,0,0,0,0,0,0,21285,17355,-0.1017,0,-2944,25,15,28,26,2
1774105968,26,72,0,0,0,0,no_volume,0,0,0,0,no_volume,0,0,0,0,low_activity,0,0,0,0,0,0,21285,17355,-0.1017,0,-2944,25,15,28,26,2
1774105969,26,72,0,0,0,0,no_volume,0,0,0,0,no_volume,0,0,0,0,low_activity,0,0,0,0,0,0,21278,17355,-0.1015,-7,-16,24,15,28,26,2
1774105970,26,72,0,0,0,0,no_volume,0,0,0,0,no_volume,0,0,0,0,low_activity,0,0,0,0,0,0,18359,17355,-0.0281,-2926,-2935,24,15,28,26,2
1774105971,26,72,0,0,0,0,no_volume,0,0,0,0,no_volume,0,0,0,0,low_activity,0,0,0,0,0,0,18359,17355,-0.0281,-2926,-2935,24,15,28,26,2
1774105972,26,72,0,0,0,0,no_volume,0,0,0,0,no_volume,0,0,0,0,low_activity,0,0,0,0,0,0,18218,17355,-0.0243,-3060,-3397,24,15,28,26,2
1774105973,26,72,0,0,0,0,no_volume,0,0,0,0,no_volume,0,0,0,0,low_activity,0,0,0,0,0,0,18218,17355,-0.0243,-141,-3067,24,15,28,26,2
1774105974,26,72,0,0,0,0,no_volume,0,0,0,0,no_volume,0,0,0,0,low_activity,0,0,0,0,0,0,18218,17355,-0.0243,-141,-3067,24,15,28,26,2
1774105975,26,72,0,0,0,0,no_volume,0,0,0,0,no_volume,0,0,0,0,low_activity,0,0,0,0,0,0,18218,17355,-0.0243,0,-3067,24,15,28,26,2
1774105976,26,72,0,0,0,0,no_volume,0,0,0,0,no_volume,0,0,0,0,low_activity,0,0,0,0,0,0,18218,17355,-0.0243,0,-3067,24,15,28,26,2
1774105977,26,72,0,0,0,0,no_volume,0,0,0,0,no_volume,0,0,0,0,low_activity,0,0,0,0,0,0,20823,17355,-0.0908,2605,-462,25,15,28,26,2
1774105978,26,72,0,0,0,0,no_volume,0,0,0,0,no_volume,0,0,0,0,low_activity,0,0,0,0,0,0,21153,17355,-0.0986,2935,-132,25,15,28,26,2
1774105979,26,72,0,0,0,0,no_volume,0,0,0,0,no_volume,0,0,0,0,low_activity,0,0,0,0,0,0,21153,17355,-0.0986,2935,-125,25,15,28,26,2
1774105980,26,72,0,0,0,0,no_volume,0,0,0,0,no_volume,0,0,0,0,low_activity,0,0,0,0,0,0,21153,17355,-0.0986,330,2794,25,15,28,26,2
1774105981,26,72,0,0,0,0,no_volume,0,0,0,0,no_volume,0,0,0,0,no_volume,0,0,0,0,0,0,21153,17355,-0.0986,0,2794,25,15,28,26,2
1774105982,26,72,0,0,0,0,no_volume,0,0,0,0,no_volume,0,0,0,0,no_volume,0,0,0,0,0,0,24088,17355,-0.1625,2935,5870,26,15,28,26,2
1774105983,26,72,0,0,0,0,no_volume,0,0,0,0,no_volume,0,0,0,0,no_volume,0,0,0,0,0,0,23899,17355,-0.1586,2746,5681,26,15,28,26,2
1774105984,26,72,0,0,0,0,no_volume,0,0,0,0,no_volume,0,0,0,0,no_volume,0,0,0,0,0,0,23899,17355,-0.1586,2746,5681,26,15,28,26,2
1774105985,26,72,0,0,0,0,no_volume,0,0,0,0,no_volume,0,0,0,0,no_volume,0,0,0,0,0,0,23899,17355,-0.1586,-189,5681,26,15,28,26,2
1774105986,26,72,0,0,0,0,no_volume,0,0,0,0,no_volume,0,0,0,0,no_volume,0,0,0,0,0,0,20964,17355,-0.0942,-2935,2746,25,15,28,26,2
1774105987,26,72,0,0,0,0,no_volume,0,0,0,0,no_volume,0,0,0,0,no_volume,0,0,0,0,0,0,21294,17355,-0.1019,-2605,471,25,15,28,26,2
1774105988,26,72,0,0,0,0,no_volume,0,0,0,0,no_volume,0,0,0,0,no_volume,0,0,0,0,0,0,21294,17355,-0.1019,-2605,141,25,15,28,26,2
1774105989,26,72,0,0,0,0,no_volume,0,0,0,0,no_volume,0,0,0,0,no_volume,0,0,0,0,0,0,21294,17355,-0.1019,330,141,25,15,28,26,2
1774105990,26,72,0,0,0,0,no_volume,0,0,0,0,no_volume,0,0,0,0,no_volume,0,0,0,0,0,0,21294,17355,-0.1019,0,141,25,15,28,26,2
1774105991,26,72,0,0,0,0,no_volume,0,0,0,0,no_volume,0,0,0,0,no_volume,0,0,0,0,0,0,21294,17355,-0.1019,0,141,25,15,28,26,2
1774105992,26,72,0,0,0,0,no_volume,0,0,0,0,no_volume,0,0,0,0,no_volume,0,0,0,0,0,0,21294,17355,-0.1019,0,-2794,25,15,28,26,2
1774105993,26,72,0,0,0,0,no_volume,0,0,0,0,no_volume,0,0,0,0,no_volume,0,0,0,0,0,0,24088,17355,-0.1625,2794,189,25,15,28,26,2
1774105994,26,72,0,0,0,0,no_volume,0,0,0,0,no_volume,0,0,0,0,no_volume,0,0,0,0,0,0,24088,17355,-0.1625,2794,189,25,15,28,26,2
1774105995,26,72,0,0,0,0,no_volume,0,0,0,0,no_volume,0,0,0,0,no_volume,0,0,0,0,0,0,24088,17355,-0.1625,2794,189,25,15,28,26,2
1774105996,26,72,0,0,0,0,no_volume,0,0,0,0,no_volume,0,0,0,0,no_volume,0,0,0,0,0,0,24088,17355,-0.1625,0,3124,25,15,28,26,2
1774105997,26,72,0,0,0,0,no_volume,0,0,0,0,no_volume,0,0,0,0,no_volume,0,0,0,0,0,0,18218,17355,-0.0243,-5870,-3076,24,15,28,26,2
1774105998,26,72,0,0,0,0,no_volume,0,0,0,0,no_volume,0,0,0,0,no_volume,0,0,0,0,0,0,18218,17355,-0.0243,-5870,-3076,24,15,28,26,2
1774105999,26,72,0,0,0,0,no_volume,0,0,0,0,no_volume,0,0,0,0,no_volume,0,0,0,0,0,0,18218,17355,-0.0243,-5870,-3076,24,15,28,26,2
1774106000,26,72,0,0,0,0,no_volume,0,0,0,0,no_volume,0,0,0,0,no_volume,0,0,0,0,0,0,18218,17355,-0.0243,0,-3076,24,15,28,26,2
1774106001,26,72,0,0,0,0,no_volume,0,0,0,0,no_volume,0,0,0,0,no_volume,0,0,0,0,0,0,18218,17355,-0.0243,0,-3076,24,15,28,26,2
1774106002,26,72,0,0,0,0,no_volume,0,0,0,0,no_volume,0,0,0,0,no_volume,0,0,0,0,0,0,18359,17355,-0.0281,141,-2935,24,15,28,26,2
1774106003,26,72,0,0,0,0,no_volume,0,0,0,0,no_volume,0,0,0,0,no_volume,0,0,0,0,0,0,18359,17355,-0.0281,141,-5729,24,15,28,26,2
1774106004,26,72,0,0,0,0,no_volume,0,0,0,0,no_volume,0,0,0,0,no_volume,0,0,0,0,0,0,18359,17355,-0.0281,141,-5729,24,15,28,26,2
1774106005,26,72,0,0,0,0,no_volume,0,0,0,0,no_volume,0,0,0,0,no_volume,0,0,0,0,0,0,18359,17355,-0.0281,0,-5729,24,15,28,26,2
1774106006,26,72,0,0,0,0,no_volume,0,0,0,0,no_volume,0,0,0,0,no_volume,0,0,0,0,0,0,18359,17355,-0.0281,0,-5729,24,15,28,26,2
1774106007,26,72,0,0,0,0,no_volume,0,0,0,0,no_volume,0,0,0,0,no_volume,0,0,0,0,0,0,18359,17355,-0.0281,0,141,24,15,28,26,2
1774106008,26,72,0,0,0,0,no_volume,0,0,0,0,no_volume,0,0,0,0,no_volume,0,0,0,0,0,0,18218,17355,-0.0243,-141,0,24,15,28,26,2
1774106009,26,72,0,0,0,0,no_volume,0,0,0,0,no_volume,0,0,0,0,no_volume,0,0,0,0,0,0,18218,17355,-0.0243,-141,0,24,15,28,26,2
1774106010,26,72,0,0,0,0,no_volume,0,0,0,0,no_volume,0,0,0,0,no_volume,0,0,0,0,0,0,18218,17355,-0.0243,-141,0,24,15,28,26,2
1774106011,26,72,0,0,0,0,no_volume,0,0,0,0,no_volume,0,0,0,0,no_volume,0,0,0,0,0,0,18218,17355,-0.0243,0,0,24,15,28,26,2
1774106012,26,72,0,0,0,0,no_volume,0,0,0,0,no_volume,0,0,0,0,no_volume,0,0,0,0,0,0,18218,17355,-0.0243,0,-141,24,15,28,26,2
1774106013,26,72,0,0,0,0,no_volume,0,0,0,0,no_volume,0,0,0,0,no_volume,0,0,0,0,0,0,18218,17355,-0.0243,0,-141,24,15,28,26,2
1774106014,26,72,0,0,0,0,no_volume,0,0,0,0,no_volume,0,0,0,0,no_volume,0,0,0,0,0,0,18218,17355,-0.0243,0,-141,24,15,28,26,2
1774106015,26,72,0,0,0,0,no_volume,0,0,0,0,no_volume,0,0,0,0,no_volume,0,0,0,0,0,0,17904,17355,-0.0156,-314,-455,24,15,28,26,2
1774106016,26,72,0,0,0,0,no_volume,0,0,0,0,no_volume,0,0,0,0,no_volume,0,0,0,0,0,0,17574,17355,-0.0063,-644,-785,24,15,28,26,2
1774106017,26,72,0,0,0,0,no_volume,0,0,0,0,no_volume,0,0,0,0,no_volume,0,0,0,0,0,0,17908,14106,-0.1188,-310,-451,24,15,28,26,2
1774106018,26,72,0,0,0,0,no_volume,0,0,0,0,no_volume,0,0,0,0,no_volume,0,0,0,0,0,0,17908,14106,-0.1188,4,-310,24,15,28,26,2
1774106019,26,72,0,0,0,0,no_volume,0,0,0,0,no_volume,0,0,0,0,no_volume,0,0,0,0,0,0,17908,14106,-0.1188,334,-310,24,15,28,26,2
1774106020,26,72,0,0,0,0,no_volume,0,0,0,0,no_volume,0,0,0,0,no_volume,0,0,0,0,0,0,17908,14106,-0.1188,0,-310,24,15,28,26,2
1774106021,26,72,0,0,0,0,no_volume,0,0,0,0,no_volume,0,0,0,0,no_volume,0,0,0,0,0,0,17908,14106,-0.1188,0,-310,24,15,28,26,2
1774106022,26,72,0,0,0,0,no_volume,0,0,0,0,no_volume,0,0,0,0,no_volume,0,0,0,0,0,0,17908,14106,-0.1188,0,-310,24,15,28,26,2
1774106023,26,72,0,0,0,0,no_volume,0,0,0,0,no_volume,0,0,0,0,no_volume,0,0,0,0,0,0,17908,14106,-0.1188,0,-310,24,15,28,26,2
1774106024,26,72,0,0,0,0,no_volume,0,0,0,0,no_volume,0,0,0,0,no_volume,0,0,0,0,0,0,17908,14106,-0.1188,0,-310,24,15,28,26,2
1774106025,26,72,0,0,0,0,no_volume,0,0,0,0,no_volume,0,0,0,0,no_volume,0,0,0,0,0,0,17908,14106,-0.1188,0,4,24,15,28,26,2
1774106026,26,72,0,0,0,0,no_volume,0,0,0,0,no_volume,0,0,0,0,no_volume,0,0,0,0,0,0,17908,14106,-0.1188,0,334,24,15,28,26,2
1774106027,26,72,0,0,0,0,no_volume,0,0,0,0,no_volume,0,0,0,0,no_volume,0,0,0,0,0,0,17908,14106,-0.1188,0,0,24,15,28,26,2
1774106028,26,72,0,0,0,0,no_volume,0,0,0,0,no_volume,0,0,0,0,no_volume,0,0,0,0,0,0,17908,14106,-0.1188,0,0,24,15,28,26,2
1774106029,26,72,0,0,0,0,no_volume,0,0,0,0,no_volume,0,0,0,0,no_volume,0,0,0,0,0,0,17908,14106,-0.1188,0,0,24,15,28,26,2
1774106030,26,72,0,0,0,0,no_volume,0,0,0,0,no_volume,0,0,0,0,no_volume,0,0,0,0,0,0,17908,14106,-0.1188,0,0,24,15,28,26,2
1774106031,26,72,0,0,0,0,no_volume,0,0,0,0,no_volume,0,0,0,0,no_volume,0,0,0,0,0,0,17574,14106,-0.1095,-334,-334,24,15,28,26,2
1774106032,26,72,0,0,0,0,no_volume,0,0,0,0,no_volume,0,0,0,0,no_volume,0,0,0,0,0,0,17903,14106,-0.1186,-5,-5,24,15,28,26,2
1774106033,26,72,0,0,0,0,no_volume,0,0,0,0,no_volume,0,0,0,0,no_volume,0,0,0,0,0,0,17903,14106,-0.1186,-5,-5,24,15,28,26,2
1774106034,26,72,0,0,0,0,no_volume,0,0,0,0,no_volume,0,0,0,0,no_volume,0,0,0,0,0,0,17574,14106,-0.1095,0,-334,24,15,28,26,2
1774106035,26,72,0,0,0,0,no_volume,0,0,0,0,no_volume,0,0,0,0,no_volume,0,0,0,0,0,0,17574,14106,-0.1095,-329,-334,24,15,28,26,2
1774106036,26,72,0,0,0,0,no_volume,0,0,0,0,no_volume,0,0,0,0,no_volume,0,0,0,0,0,0,17574,14106,-0.1095,-329,-334,24,15,28,26,2
1774106037,26,72,0,0,0,0,no_volume,0,0,0,0,no_volume,0,0,0,0,no_volume,0,0,0,0,0,0,17574,14106,-0.1095,0,-334,24,15,28,26,2
1774106038,26,72,0,0,0,0,no_volume,0,0,0,0,no_volume,0,0,0,0,no_volume,0,0,0,0,0,0,17574,14106,-0.1095,0,-334,24,15,28,26,2
1774106039,26,72,0,0,0,0,no_volume,0,0,0,0,no_volume,0,0,0,0,no_volume,0,0,0,0,0,0,17574,14106,-0.1095,0,-334,24,15,28,26,2
1774106040,26,72,0,0,0,0,no_volume,0,0,0,0,no_volume,0,0,0,0,no_volume,0,0,0,0,0,0,18016,14106,-0.1217,442,108,24,15,28,26,2
1774106041,26,72,0,0,0,0,no_volume,0,0,0,0,no_volume,0,0,0,0,no_volume,0,0,0,0,0,0,18016,14106,-0.1217,442,442,24,15,28,26,2
1774106042,26,72,0,0,0,0,no_volume,0,0,0,0,no_volume,0,0,0,0,no_volume,0,0,0,0,0,0,18016,14106,-0.1217,442,113,24,15,28,26,2
1774106043,26,72,0,0,0,0,no_volume,0,0,0,0,no_volume,0,0,0,0,no_volume,0,0,0,0,0,0,18016,14106,-0.1217,0,113,24,15,28,26,2
1774106044,27,72,0,0,0,0,no_volume,0,0,0,0,no_volume,0,0,0,0,no_volume,0,0,0,0,0,0,18016,18400,0.0105,0,442,24,16,28,27,1
1774106045,27,72,0,0,0,0,no_volume,0,0,0,0,no_volume,0,0,0,0,no_volume,0,0,0,0,0,0,17875,18400,0.0145,-141,301,24,16,28,27,1
1774106046,27,72,0,0,0,0,no_volume,0,0,0,0,no_volume,0,0,0,0,no_volume,0,0,0,0,0,0,17875,18400,0.0145,-141,301,24,16,28,27,1
1774106047,27,72,0,0,0,0,no_volume,0,0,0,0,no_volume,0,0,0,0,no_volume,0,0,0,0,0,0,17875,18400,0.0145,-141,301,24,16,28,27,1
1774106048,27,72,0,0,0,0,no_volume,0,0,0,0,no_volume,0,0,0,0,no_volume,0,0,0,0,0,0,17875,18400,0.0145,0,301,24,16,28,27,1
1774106049,27,72,0,0,0,0,no_volume,0,0,0,0,no_volume,0,0,0,0,no_volume,0,0,0,0,0,0,17875,18400,0.0145,0,301,24,16,28,27,1
1774106050,27,72,0,0,0,0,no_volume,0,0,0,0,no_volume,0,0,0,0,no_volume,0,0,0,0,0,0,17875,18400,0.0145,0,-141,24,16,28,27,1
1774106051,27,72,0,0,0,0,no_volume,0,0,0,0,no_volume,0,0,0,0,no_volume,0,0,0,0,0,0,17875,18400,0.0145,0,-141,24,16,28,27,1
1774106052,27,72,0,0,0,0,low_activity,0,0,0,0,low_activity,0,0,0,0,low_activity,0,0,0,0,0,0,17863,18400,0.0148,-12,-153,24,16,28,27,1
1774106053,27,72,0,0,0,0,low_activity,0,0,0,0,low_activity,0,0,0,0,low_activity,0,0,0,0,0,0,17863,18400,0.0148,-12,-153,24,16,28,27,1
1774106054,27,72,0,0,0,0,low_activity,0,0,0,0,low_activity,0,0,0,0,low_activity,0,0,0,0,0,0,17863,18400,0.0148,-12,-153,24,16,28,27,1
1774106055,27,72,0,0,0,0,no_volume,0,0,0,0,low_activity,0,0,0,0,low_activity,0,0,0,0,0,0,17863,18400,0.0148,0,-12,24,16,28,27,1
1774106056,27,72,0,0,0,0,no_volume,0,0,0,0,low_activity,0,0,0,0,low_activity,0,0,0,0,0,0,17863,18400,0.0148,0,-12,24,16,28,27,1
1774106057,27,72,0,0,0,0,no_volume,0,0,0,0,no_volume,0,0,0,0,low_activity,0,0,0,0,0,0,17863,18400,0.0148,0,-12,24,16,28,27,1
1774106058,27,72,0,0,0,0,no_volume,0,0,0,0,no_volume,0,0,0,0,low_activity,0,0,0,0,0,0,17863,18400,0.0148,0,-12,24,16,28,27,1
1774106059,27,72,0,0,0,0,no_volume,0,0,0,0,no_volume,0,0,0,0,low_activity,0,0,0,0,0,0,17863,18400,0.0148,0,-12,24,16,28,27,1
1774106060,27,72,0,0,0,0,no_volume,0,0,0,0,no_volume,0,0,0,0,low_activity,0,0,0,0,0,0,17863,18400,0.0148,0,-12,24,16,28,27,1
1774106061,27,72,0,0,0,0,no_volume,0,0,0,0,no_volume,0,0,0,0,low_activity,0,0,0,0,0,0,17863,18400,0.0148,0,-12,24,16,28,27,1
1774106062,27,72,0,0,0,0,no_volume,0,0,0,0,no_volume,0,0,0,0,low_activity,0,0,0,0,0,0,17863,18400,0.0148,0,0,24,16,28,27,1
1774106063,27,72,0,0,0,0,no_volume,0,0,0,0,no_volume,0,0,0,0,low_activity,0,0,0,0,0,0,17863,18400,0.0148,0,0,24,16,28,27,1
1774106064,27,72,0,0,0,0,no_volume,0,0,0,0,no_volume,0,0,0,0,low_activity,0,0,0,0,0,0,17863,18400,0.0148,0,0,24,16,28,27,1
1774106065,27,72,0,0,0,0,no_volume,0,0,0,0,no_volume,0,0,0,0,low_activity,0,0,0,0,0,0,17863,18400,0.0148,0,0,24,16,28,27,1
1774106066,27,72,0,0,0,0,no_volume,0,0,0,0,no_volume,0,0,0,0,low_activity,0,0,0,0,0,0,17863,18400,0.0148,0,0,24,16,28,27,1
1774106067,27,72,0,0,0,0,no_volume,0,0,0,0,no_volume,0,0,0,0,low_activity,0,0,0,0,0,0,17863,18400,0.0148,0,0,24,16,28,27,1
1774106068,27,72,0,0,0,0,no_volume,0,0,0,0,no_volume,0,0,0,0,low_activity,0,0,0,0,0,0,17883,18400,0.0142,20,20,24,16,28,27,1
1774106069,27,72,0,0,0,0,no_volume,0,0,0,0,no_volume,0,0,0,0,low_activity,0,0,0,0,0,0,17883,18400,0.0142,20,20,24,16,28,27,1
1774106070,27,72,0,0,0,0,no_volume,0,0,0,0,no_volume,0,0,0,0,low_activity,0,0,0,0,0,0,17883,18400,0.0142,20,20,24,16,28,27,1
1774106071,22,72,0,0,0,0,no_volume,0,0,0,0,no_volume,0,0,0,0,low_activity,0,0,0,0,0,0,17582,3600,-0.6601,-301,-281,24,13,28,22,6
1774106072,22,72,0,0,0,0,no_volume,0,0,0,0,no_volume,0,0,0,0,low_activity,0,0,0,0,0,0,17582,3500,-0.668,-301,-281,24,13,28,22,6
1774106073,19,72,0,0,0,0,no_volume,0,0,0,0,no_volume,0,0,0,0,low_activity,0,0,0,0,0,0,17582,3520,-0.6664,-301,-281,24,12,28,19,9
1774106074,19,72,0,0,0,0,no_volume,0,0,0,0,no_volume,0,0,0,0,low_activity,0,0,0,0,0,0,17582,2052,-0.791,0,-281,24,13,28,19,9
1774106075,19,72,0,0,0,0,no_volume,0,0,0,0,no_volume,0,0,0,0,low_activity,0,0,0,0,0,0,17582,2052,-0.791,0,-281,24,13,28,19,9
1774106076,19,72,0,0,0,0,no_volume,0,0,0,0,no_volume,0,0,0,0,low_activity,0,0,0,0,0,0,17582,2052,-0.791,0,-281,24,13,28,19,9
1774106077,19,73,0,0,0,0,no_volume,0,0,0,0,no_volume,0,0,0,0,low_activity,0,0,0,0,0,0,17832,2052,-0.7936,250,-31,25,13,27,19,8
1774106078,27,72,0,0,0,0,no_volume,0,0,0,0,no_volume,0,0,0,0,low_activity,0,0,0,0,0,0,21371,39401,0.2967,3789,3488,24,20,28,27,1
1774106079,27,72,0,0,0,0,no_volume,0,0,0,0,no_volume,0,0,0,0,low_activity,0,0,0,0,0,0,21121,39381,0.3018,3539,3238,24,20,28,27,1
1774106080,27,72,0,0,0,0,no_volume,0,0,0,0,no_volume,0,0,0,0,low_activity,0,0,0,0,0,0,21121,39381,0.3018,3289,3238,24,20,28,27,1
1774106081,27,72,0,0,0,0,no_volume,0,0,0,0,no_volume,0,0,0,0,low_activity,0,0,0,0,0,0,21121,39381,0.3018,-250,3539,24,20,28,27,1
1774106082,27,72,0,0,0,0,no_volume,0,0,0,0,no_volume,0,0,0,0,no_volume,0,0,0,0,0,0,21121,39381,0.3018,0,3539,24,20,28,27,1
1774106083,27,72,0,0,0,0,no_volume,0,0,0,0,no_volume,0,0,0,0,no_volume,0,0,0,0,0,0,21121,39381,0.3018,0,3539,24,20,28,27,1
1774106084,27,72,0,0,0,0,no_volume,0,0,0,0,no_volume,0,0,0,0,no_volume,0,0,0,0,0,0,21121,39381,0.3018,0,3539,25,20,28,27,1
1774106085,27,72,0,0,0,0,no_volume,0,0,0,0,no_volume,0,0,0,0,no_volume,0,0,0,0,0,0,21121,39381,0.3018,0,3539,25,20,28,27,1
1774106086,27,72,0,0,0,0,no_volume,0,0,0,0,no_volume,0,0,0,0,no_volume,0,0,0,0,0,0,21121,39671,0.3051,0,3539,25,20,28,27,1
1774106087,27,72,0,0,0,0,no_volume,0,0,0,0,no_volume,0,0,0,0,no_volume,0,0,0,0,0,0,21121,40949,0.3194,0,3289,25,20,28,27,1
1774106088,27,72,0,0,0,0,no_volume,0,0,0,0,no_volume,0,0,0,0,no_volume,0,0,0,0,0,0,24056,40949,0.2599,2935,2685,25,20,28,27,1
1774106089,27,72,0,0,0,0,no_volume,0,0,0,0,no_volume,0,0,0,0,no_volume,0,0,0,0,0,0,24056,40949,0.2599,2935,2935,25,20,28,27,1
1774106090,27,72,0,0,0,0,no_volume,0,0,0,0,no_volume,0,0,0,0,no_volume,0,0,0,0,0,0,24056,40949,0.2599,2935,2935,25,20,28,27,1
1774106091,27,72,0,0,0,0,no_volume,0,0,0,0,no_volume,0,0,0,0,no_volume,0,0,0,0,0,0,24056,40949,0.2599,0,2935,25,20,28,27,1
1774106092,27,72,0,0,0,0,no_volume,0,0,0,0,no_volume,0,0,0,0,no_volume,0,0,0,0,0,0,24056,40949,0.2599,0,2935,25,20,28,27,1
1774106093,27,72,0,0,0,0,no_volume,0,0,0,0,no_volume,0,0,0,0,no_volume,0,0,0,0,0,0,21121,40949,0.3194,-2935,0,24,20,28,27,1
1774106094,27,72,0,0,0,0,no_volume,0,0,0,0,no_volume,0,0,0,0,no_volume,0,0,0,0,0,0,21121,40949,0.3194,-2935,0,24,20,28,27,1
1774106095,27,72,0,0,0,0,no_volume,0,0,0,0,no_volume,0,0,0,0,no_volume,0,0,0,0,0,0,21121,40949,0.3194,-2935,0,24,20,28,27,1
1774106096,27,72,0,0,0,0,no_volume,0,0,0,0,no_volume,0,0,0,0,no_volume,0,0,0,0,0,0,18186,40949,0.3849,-2935,-2935,24,20,28,27,1
1774106097,27,72,0,0,0,0,no_volume,0,0,0,0,no_volume,0,0,0,0,no_volume,0,0,0,0,0,0,18186,40949,0.3849,-2935,-2935,24,20,28,27,1
1774106098,27,72,0,0,0,0,no_volume,0,0,0,0,no_volume,0,0,0,0,no_volume,0,0,0,0,0,0,18186,40949,0.3849,-2935,-5870,24,20,28,27,1
1774106099,27,72,0,0,0,0,no_volume,0,0,0,0,no_volume,0,0,0,0,no_volume,0,0,0,0,0,0,18186,40949,0.3849,0,-5870,24,20,28,27,1
1774106100,27,72,0,0,0,0,no_volume,0,0,0,0,no_volume,0,0,0,0,no_volume,0,0,0,0,0,0,18186,40949,0.3849,0,-5870,24,20,28,27,1
1774106101,27,72,0,0,0,0,no_volume,0,0,0,0,no_volume,0,0,0,0,no_volume,0,0,0,0,0,0,18186,40949,0.3849,0,-5870,24,20,28,27,1
1774106102,27,72,0,0,0,0,no_volume,0,0,0,0,no_volume,0,0,0,0,no_volume,0,0,0,0,0,0,18186,40949,0.3849,0,-5870,24,20,28,27,1
1774106103,27,72,0,0,0,0,no_volume,0,0,0,0,no_volume,0,0,0,0,no_volume,0,0,0,0,0,0,18186,40949,0.3849,0,-2935,24,20,28,27,1
1774106104,27,72,0,0,0,0,no_volume,0,0,0,0,no_volume,0,0,0,0,no_volume,0,0,0,0,0,0,18186,40949,0.3849,0,-2935,24,20,28,27,1
1774106105,27,72,0,0,0,0,no_volume,0,0,0,0,no_volume,0,0,0,0,no_volume,0,0,0,0,0,0,18186,40949,0.3849,0,-2935,24,20,28,27,1
1774106106,27,72,0,0,0,0,no_volume,0,0,0,0,no_volume,0,0,0,0,no_volume,0,0,0,0,0,0,18186,40949,0.3849,0,0,24,20,28,27,1
1774106107,27,72,0,0,0,0,no_volume,0,0,0,0,no_volume,0,0,0,0,no_volume,0,0,0,0,0,0,18186,40949,0.3849,0,0,24,20,28,27,1
1774106108,27,72,0,0,0,0,no_volume,0,0,0,0,no_volume,0,0,0,0,no_volume,0,0,0,0,0,0,18186,40949,0.3849,0,0,24,20,28,27,1
1774106109,27,72,0,0,0,0,no_volume,0,0,0,0,no_volume,0,0,0,0,no_volume,0,0,0,0,0,0,18186,40949,0.3849,0,0,24,20,28,27,1
1774106110,27,72,0,0,0,0,no_volume,0,0,0,0,no_volume,0,0,0,0,no_volume,0,0,0,0,0,0,18186,40949,0.3849,0,0,24,20,28,27,1
1774106111,27,72,0,0,0,0,no_volume,0,0,0,0,no_volume,0,0,0,0,no_volume,0,0,0,0,0,0,18186,40949,0.3849,0,0,24,20,28,27,1
1774106112,27,72,0,0,0,0,no_volume,0,0,0,0,no_volume,0,0,0,0,no_volume,0,0,0,0,0,0,18186,40949,0.3849,0,0,24,20,28,27,1
1774106113,27,72,0,0,0,0,no_volume,0,0,0,0,no_volume,0,0,0,0,no_volume,0,0,0,0,0,0,18186,40949,0.3849,0,0,24,20,28,27,1
1774106114,27,72,0,0,0,0,no_volume,0,0,0,0,no_volume,0,0,0,0,no_volume,0,0,0,0,0,0,18186,40949,0.3849,0,0,24,20,28,27,1
1774106115,27,72,0,0,0,0,no_volume,0,0,0,0,no_volume,0,0,0,0,no_volume,0,0,0,0,0,0,18186,40949,0.3849,0,0,24,20,28,27,1
1774106116,27,72,0,0,0,0,no_volume,0,0,0,0,no_volume,0,0,0,0,no_volume,0,0,0,0,0,0,21264,40949,0.3164,3078,3078,24,20,28,27,1
1774106117,27,72,0,0,0,0,no_volume,0,0,0,0,no_volume,0,0,0,0,no_volume,0,0,0,0,0,0,21264,40949,0.3164,3078,3078,24,20,28,27,1
1774106118,27,72,0,0,0,0,no_volume,0,0,0,0,no_volume,0,0,0,0,no_volume,0,0,0,0,0,0,21264,40949,0.3164,3078,3078,24,20,28,27,1
1774106119,27,72,0,0,0,0,no_volume,0,0,0,0,no_volume,0,0,0,0,no_volume,0,0,0,0,0,0,21264,40949,0.3164,0,3078,24,20,28,27,1
1774106120,27,72,0,0,0,0,no_volume,0,0,0,0,no_volume,0,0,0,0,no_volume,0,0,0,0,0,0,21264,40949,0.3164,0,3078,24,20,28,27,1
1774106121,27,72,0,0,0,0,no_volume,0,0,0,0,no_volume,0,0,0,0,no_volume,0,0,0,0,0,0,21264,40949,0.3164,0,3078,25,20,28,27,1
1774106122,27,72,0,0,0,0,no_volume,0,0,0,0,no_volume,0,0,0,0,no_volume,0,0,0,0,0,0,21264,40949,0.3164,0,3078,25,20,28,27,1
1774106123,27,72,0,0,0,0,no_volume,0,0,0,0,no_volume,0,0,0,0,no_volume,0,0,0,0,0,0,21121,40949,0.3194,-143,2935,25,20,28,27,1
1774106124,27,72,0,0,0,0,no_volume,0,0,0,0,no_volume,0,0,0,0,no_volume,0,0,0,0,0,0,21121,40949,0.3194,-143,2935,25,20,28,27,1
1774106125,27,72,0,0,0,0,no_volume,0,0,0,0,no_volume,0,0,0,0,no_volume,0,0,0,0,0,0,21121,40949,0.3194,-143,2935,26,20,28,27,1
1774106126,27,72,0,0,0,0,no_volume,0,0,0,0,no_volume,0,0,0,0,no_volume,0,0,0,0,0,0,22095,40949,0.2991,974,831,25,20,28,27,1
1774106127,27,72,0,0,0,0,no_volume,0,0,0,0,no_volume,0,0,0,0,no_volume,0,0,0,0,0,0,22095,40949,0.2991,974,831,25,20,28,27,1
1774106128,27,72,0,0,0,0,no_volume,0,0,0,0,no_volume,0,0,0,0,no_volume,0,0,0,0,0,0,22095,40949,0.2991,974,831,25,20,28,27,1
1774106129,27,72,0,0,0,0,no_volume,0,0,0,0,no_volume,0,0,0,0,no_volume,0,0,0,0,0,0,22095,40949,0.2991,0,831,25,20,28,27,1
1774106130,27,72,0,0,0,0,no_volume,0,0,0,0,no_volume,0,0,0,0,no_volume,0,0,0,0,0,0,21121,40949,0.3194,-974,-143,24,20,28,27,1
1774106131,27,72,0,0,0,0,no_volume,0,0,0,0,no_volume,0,0,0,0,no_volume,0,0,0,0,0,0,21121,40949,0.3194,-974,-143,24,20,28,27,1
1774106132,27,72,0,0,0,0,no_volume,0,0,0,0,no_volume,0,0,0,0,no_volume,0,0,0,0,0,0,21121,40949,0.3194,-974,-143,24,20,28,27,1
1774106133,27,72,0,0,0,0,no_volume,0,0,0,0,no_volume,0,0,0,0,no_volume,0,0,0,0,0,0,21121,40949,0.3194,0,0,25,20,28,27,1
1774106134,27,72,0,0,0,0,no_volume,0,0,0,0,no_volume,0,0,0,0,no_volume,0,0,0,0,0,0,21121,40949,0.3194,0,0,25,20,28,27,1
1774106135,27,72,0,0,0,0,no_volume,0,0,0,0,no_volume,0,0,0,0,no_volume,0,0,0,0,0,0,21121,40949,0.3194,0,0,25,20,28,27,1
1774106136,27,72,0,0,0,0,no_volume,0,0,0,0,no_volume,0,0,0,0,no_volume,0,0,0,0,0,0,21121,40949,0.3194,0,-974,25,20,28,27,1
1774106137,27,72,0,0,0,0,no_volume,0,0,0,0,no_volume,0,0,0,0,no_volume,0,0,0,0,0,0,21121,37491,0.2793,0,-974,24,20,28,27,1
1774106138,27,72,0,0,0,0,no_volume,0,0,0,0,no_volume,0,0,0,0,no_volume,0,0,0,0,0,0,21121,37491,0.2793,0,-974,24,20,28,27,1
1774106139,27,72,0,0,0,0,no_volume,0,0,0,0,no_volume,0,0,0,0,no_volume,0,0,0,0,0,0,21121,37491,0.2793,0,-974,24,20,28,27,1
1774106140,27,72,0,0,0,0,no_volume,0,0,0,0,no_volume,0,0,0,0,no_volume,0,0,0,0,0,0,18186,37491,0.3467,-2935,-2935,24,20,28,27,1
1774106141,27,72,0,0,0,0,no_volume,0,0,0,0,no_volume,0,0,0,0,no_volume,0,0,0,0,0,0,16945,37491,0.3774,-4176,-4176,24,20,28,27,1
1774106142,27,72,0,0,0,0,no_volume,0,0,0,0,no_volume,0,0,0,0,no_volume,0,0,0,0,0,0,16945,39804,0.4028,-4176,-4176,24,20,28,27,1
1774106143,27,72,0,0,0,0,no_volume,0,0,0,0,no_volume,0,0,0,0,no_volume,0,0,0,0,0,0,19364,39804,0.3455,1178,-1757,23,20,28,27,1
1774106144,27,72,0,0,0,0,no_volume,0,0,0,0,no_volume,0,0,0,0,no_volume,0,0,0,0,0,0,19364,39804,0.3455,2419,-1757,23,20,28,27,1
1774106145,27,72,0,0,0,0,no_volume,0,0,0,0,no_volume,0,0,0,0,no_volume,0,0,0,0,0,0,19364,39804,0.3455,2419,-1757,23,20,28,27,1
1774106146,27,72,0,0,0,0,no_volume,0,0,0,0,no_volume,0,0,0,0,no_volume,0,0,0,0,0,0,19364,39804,0.3455,0,-1757,23,20,28,27,1
1774106147,27,72,0,0,0,0,no_volume,0,0,0,0,no_volume,0,0,0,0,no_volume,0,0,0,0,0,0,22299,39804,0.2819,2935,1178,24,20,28,27,1
1774106148,27,72,0,0,0,0,no_volume,0,0,0,0,no_volume,0,0,0,0,no_volume,0,0,0,0,0,0,22299,39804,0.2819,2935,1178,24,20,28,27,1
1774106149,27,72,0,0,0,0,no_volume,0,0,0,0,no_volume,0,0,0,0,no_volume,0,0,0,0,0,0,22299,39804,0.2819,2935,1178,24,20,28,27,1
1774106150,27,72,0,0,0,0,no_volume,0,0,0,0,no_volume,0,0,0,0,no_volume,0,0,0,0,0,0,19507,39490,0.3387,-2792,1321,24,20,28,27,1
1774106151,27,72,0,0,0,0,no_volume,0,0,0,0,no_volume,0,0,0,0,no_volume,0,0,0,0,0,0,19507,39490,0.3387,-2792,2562,24,20,28,27,1
1774106152,27,72,0,0,0,0,no_volume,0,0,0,0,no_volume,0,0,0,0,no_volume,0,0,0,0,0,0,19507,39490,0.3387,-2792,2562,23,20,28,27,1
1774106153,27,72,0,0,0,0,no_volume,0,0,0,0,no_volume,0,0,0,0,no_volume,0,0,0,0,0,0,19507,39490,0.3387,0,143,23,20,28,27,1
1774106154,27,72,0,0,0,0,no_volume,0,0,0,0,no_volume,0,0,0,0,no_volume,0,0,0,0,0,0,19507,39490,0.3387,0,143,23,20,28,27,1
1774106155,27,72,0,0,0,0,no_volume,0,0,0,0,no_volume,0,0,0,0,no_volume,0,0,0,0,0,0,19364,39490,0.342,-143,0,23,20,28,27,1
1774106156,27,72,0,0,0,0,no_volume,0,0,0,0,no_volume,0,0,0,0,no_volume,0,0,0,0,0,0,19050,36555,0.3148,-457,-314,23,20,28,27,1
1774106157,27,72,0,0,0,0,no_volume,0,0,0,0,no_volume,0,0,0,0,no_volume,0,0,0,0,0,0,19715,36555,0.2993,208,-2584,23,20,28,27,1
1774106158,27,72,0,0,0,0,no_volume,0,0,0,0,no_volume,0,0,0,0,no_volume,0,0,0,0,0,0,19715,36555,0.2993,351,-2584,23,20,28,27,1
1774106159,27,72,0,0,0,0,no_volume,0,0,0,0,no_volume,0,0,0,0,no_volume,0,0,0,0,0,0,19715,36555,0.2993,665,-2584,23,20,28,27,1
1774106160,27,72,0,0,0,0,no_volume,0,0,0,0,no_volume,0,0,0,0,no_volume,0,0,0,0,0,0,19715,36555,0.2993,0,208,23,20,28,27,1
1774106161,27,72,0,0,0,0,no_volume,0,0,0,0,no_volume,0,0,0,0,no_volume,0,0,0,0,0,0,19715,36555,0.2993,0,208,23,20,28,27,1
1774106162,27,72,0,0,0,0,no_volume,0,0,0,0,no_volume,0,0,0,0,no_volume,0,0,0,0,0,0,19715,36555,0.2993,0,208,23,20,28,27,1
1774106163,27,72,0,0,0,0,no_volume,0,0,0,0,no_volume,0,0,0,0,no_volume,0,0,0,0,0,0,19715,36555,0.2993,0,208,23,20,28,27,1
1774106164,27,72,0,0,0,0,no_volume,0,0,0,0,no_volume,0,0,0,0,no_volume,0,0,0,0,0,0,19715,36555,0.2993,0,208,23,20,28,27,1
1774106165,27,72,0,0,0,0,no_volume,0,0,0,0,no_volume,0,0,0,0,no_volume,0,0,0,0,0,0,19858,36555,0.296,143,494,23,20,28,27,1
1774106166,27,72,0,0,0,0,no_volume,0,0,0,0,no_volume,0,0,0,0,no_volume,0,0,0,0,0,0,19858,36555,0.296,143,808,23,20,28,27,1
1774106167,27,72,0,0,0,0,no_volume,0,0,0,0,no_volume,0,0,0,0,no_volume,0,0,0,0,0,0,19858,36555,0.296,143,143,23,20,28,27,1
1774106168,27,72,0,0,0,0,no_volume,0,0,0,0,no_volume,0,0,0,0,no_volume,0,0,0,0,0,0,19858,36555,0.296,0,143,23,20,28,27,1
1774106169,27,72,0,0,0,0,no_volume,0,0,0,0,no_volume,0,0,0,0,no_volume,0,0,0,0,0,0,19715,36555,0.2993,-143,0,23,20,28,27,1
1774106170,27,72,0,0,0,0,no_volume,0,0,0,0,no_volume,0,0,0,0,no_volume,0,0,0,0,0,0,19715,36555,0.2993,-143,0,23,20,28,27,1
1774106171,27,72,0,0,0,0,no_volume,0,0,0,0,no_volume,0,0,0,0,no_volume,0,0,0,0,0,0,19715,36555,0.2993,-143,0,23,20,28,27,1
1774106172,27,72,0,0,0,0,no_volume,0,0,0,0,no_volume,0,0,0,0,no_volume,0,0,0,0,0,0,19715,36555,0.2993,0,0,23,20,28,27,1
1774106173,27,72,0,0,0,0,no_volume,0,0,0,0,no_volume,0,0,0,0,no_volume,0,0,0,0,0,0,19715,36555,0.2993,0,0,23,20,28,27,1
1774106174,27,72,0,0,0,0,no_volume,0,0,0,0,no_volume,0,0,0,0,no_volume,0,0,0,0,0,0,19715,36555,0.2993,0,0,23,20,28,27,1
1774106175,27,72,0,0,0,0,no_volume,0,0,0,0,no_volume,0,0,0,0,no_volume,0,0,0,0,0,0,19715,36555,0.2993,0,-143,23,20,28,27,1
1774106176,27,72,0,0,0,0,no_volume,0,0,0,0,no_volume,0,0,0,0,no_volume,0,0,0,0,0,0,19715,36555,0.2993,0,-143,23,20,28,27,1
1774106177,27,72,0,0,0,0,no_volume,0,0,0,0,no_volume,0,0,0,0,no_volume,0,0,0,0,0,0,19715,36555,0.2993,0,-143,23,20,28,27,1
1774106178,27,72,0,0,0,0,no_volume,0,0,0,0,no_volume,0,0,0,0,no_volume,0,0,0,0,0,0,19715,36555,0.2993,0,-143,23,20,28,27,1
1774106179,27,72,0,0,0,0,no_volume,0,0,0,0,no_volume,0,0,0,0,no_volume,0,0,0,0,0,0,19715,36555,0.2993,0,0,23,20,28,27,1
1774106180,27,72,0,0,0,0,no_volume,0,0,0,0,no_volume,0,0,0,0,no_volume,0,0,0,0,0,0,19715,36555,0.2993,0,0,23,20,28,27,1
1774106181,27,72,0,0,0,0,no_volume,0,0,0,0,no_volume,0,0,0,0,no_volume,0,0,0,0,0,0,19715,36555,0.2993,0,0,23,20,28,27,1
1774106182,27,72,0,0,0,0,no_volume,0,0,0,0,no_volume,0,0,0,0,no_volume,0,0,0,0,0,0,19715,36555,0.2993,0,0,23,20,28,27,1
1774106183,27,72,0,0,0,0,no_volume,0,0,0,0,no_volume,0,0,0,0,no_volume,0,0,0,0,0,0,19715,36555,0.2993,0,0,23,20,28,27,1
1774106184,27,72,0,0,0,0,no_volume,0,0,0,0,no_volume,0,0,0,0,no_volume,0,0,0,0,0,0,19715,36555,0.2993,0,0,23,20,28,27,1
1774106185,27,72,0,0,0,0,no_volume,0,0,0,0,no_volume,0,0,0,0,no_volume,0,0,0,0,0,0,19715,36555,0.2993,0,0,23,20,28,27,1
1774106186,27,72,0,0,0,0,no_volume,0,0,0,0,no_volume,0,0,0,0,no_volume,0,0,0,0,0,0,19715,36555,0.2993,0,0,23,20,28,27,1
1774106187,27,72,0,0,0,0,low_activity,0,0,0,0,low_activity,0,0,0,0,low_activity,0,0,0,0,0,0,19375,36265,0.3036,-340,-340,23,20,28,27,1
1774106188,27,72,0,0,0,0,low_activity,0,0,0,0,low_activity,0,0,0,0,low_activity,0,0,0,0,0,0,19375,36265,0.3036,-340,-340,23,20,28,27,1
1774106189,27,72,0,0,0,0,low_activity,0,0,0,0,low_activity,0,0,0,0,low_activity,0,0,0,0,0,0,19375,36265,0.3036,-340,-340,23,20,28,27,1
1774106190,27,72,0,0,0,0,no_volume,0,0,0,0,low_activity,0,0,0,0,low_activity,0,0,0,0,0,0,19375,36265,0.3036,0,-340,23,20,28,27,1
1774106191,27,72,0,0,0,0,no_volume,0,0,0,0,low_activity,0,0,0,0,low_activity,0,0,0,0,0,0,19375,36556,0.3072,0,-340,23,20,28,27,1
1774106192,27,72,0,0,0,0,no_volume,0,0,0,0,no_volume,0,0,0,0,low_activity,0,0,0,0,0,0,19375,36556,0.3072,0,-340,23,20,28,27,1
1774106193,27,72,0,0,0,0,no_volume,0,0,0,0,no_volume,0,0,0,0,low_activity,0,0,0,0,0,0,19375,36556,0.3072,0,-340,23,20,28,27,1
1774106194,27,72,0,0,0,0,no_volume,0,0,0,0,no_volume,0,0,0,0,low_activity,0,0,0,0,0,0,19375,36556,0.3072,0,-340,23,20,28,27,1
1774106195,27,72,0,0,0,0,no_volume,0,0,0,0,no_volume,0,0,0,0,low_activity,0,0,0,0,0,0,19375,36556,0.3072,0,-340,23,20,28,27,1
1774106196,27,72,0,0,0,0,no_volume,0,0,0,0,no_volume,0,0,0,0,low_activity,0,0,0,0,0,0,19518,36556,0.3038,143,-197,23,20,28,27,1
1774106197,27,72,0,0,0,0,no_volume,0,0,0,0,no_volume,0,0,0,0,low_activity,0,0,0,0,0,0,19518,36556,0.3038,143,143,23,20,28,27,1
1774106198,27,72,0,0,0,0,no_volume,0,0,0,0,no_volume,0,0,0,0,low_activity,0,0,0,0,0,0,19518,36556,0.3038,143,143,23,20,28,27,1
1774106199,27,72,0,0,0,0,no_volume,0,0,0,0,no_volume,0,0,0,0,low_activity,0,0,0,0,0,0,19518,36556,0.3038,0,143,23,20,28,27,1
1774106200,27,72,0,0,0,0,no_volume,0,0,0,0,no_volume,0,0,0,0,low_activity,0,0,0,0,0,0,19518,36556,0.3038,0,143,23,20,28,27,1
1774106201,27,72,0,0,0,0,no_volume,0,0,0,0,no_volume,0,0,0,0,low_activity,0,0,0,0,0,0,19375,36556,0.3072,-143,0,23,20,28,27,1
1774106202,27,72,0,0,0,0,no_volume,0,0,0,0,no_volume,0,0,0,0,low_activity,0,0,0,0,0,0,19403,36556,0.3065,-115,28,23,20,28,27,1
1774106203,27,72,0,0,0,0,no_volume,0,0,0,0,no_volume,0,0,0,0,low_activity,0,0,0,0,0,0,19403,36556,0.3065,-115,28,23,20,28,27,1
1774106204,20,73,0,0,0,0,no_volume,0,0,0,0,no_volume,0,0,0,0,low_activity,0,0,0,0,0,0,19353,3850,-0.6681,-22,-22,24,13,27,20,7
1774106205,20,73,0,0,0,0,no_volume,0,0,0,0,no_volume,0,0,0,0,low_activity,0,0,0,0,0,0,19363,3513,-0.6929,-40,-12,24,13,27,20,7
1774106206,20,73,0,0,0,0,no_volume,0,0,0,0,no_volume,0,0,0,0,low_activity,0,0,0,0,0,0,19363,3513,-0.6929,-40,-155,24,13,27,20,7
1774106207,20,73,0,0,0,0,no_volume,0,0,0,0,no_volume,0,0,0,0,low_activity,0,0,0,0,0,0,19363,3533,-0.6914,10,-155,25,13,27,20,7
1774106208,20,73,0,0,0,0,no_volume,0,0,0,0,no_volume,0,0,0,0,low_activity,0,0,0,0,0,0,19363,3533,-0.6914,0,-155,25,13,27,20,7
1774106209,20,73,0,0,0,0,no_volume,0,0,0,0,no_volume,0,0,0,0,low_activity,0,0,0,0,0,0,19363,1965,-0.8157,0,-155,25,13,27,20,7
1774106210,26,73,0,0,0,0,no_volume,0,0,0,0,no_volume,0,0,0,0,low_activity,0,0,0,0,0,0,19363,27024,0.1652,0,-155,25,19,27,26,1
1774106211,27,72,0,0,0,0,no_volume,0,0,0,0,no_volume,0,0,0,0,low_activity,0,0,0,0,0,0,19113,36672,0.3148,-250,-262,24,20,28,27,1
1774106212,27,72,0,0,0,0,no_volume,0,0,0,0,no_volume,0,0,0,0,low_activity,0,0,0,0,0,0,19113,36672,0.3148,-250,-290,24,20,28,27,1
1774106213,27,72,0,0,0,0,no_volume,0,0,0,0,no_volume,0,0,0,0,low_activity,0,0,0,0,0,0,19113,36672,0.3148,-250,-290,24,20,28,27,1
1774106214,27,72,0,0,0,0,no_volume,0,0,0,0,no_volume,0,0,0,0,low_activity,0,0,0,0,0,0,19113,36672,0.3148,0,-240,24,20,28,27,1
1774106215,27,72,0,0,0,0,no_volume,0,0,0,0,no_volume,0,0,0,0,low_activity,0,0,0,0,0,0,19404,36963,0.3115,291,41,24,20,28,27,1
1774106216,27,72,0,0,0,0,no_volume,0,0,0,0,no_volume,0,0,0,0,low_activity,0,0,0,0,0,0,14659,36963,0.4321,-4454,-4704,24,20,28,27,1
1774106217,27,72,0,0,0,0,no_volume,0,0,0,0,no_volume,0,0,0,0,no_volume,0,0,0,0,0,0,14659,36963,0.4321,-4454,-4704,24,20,28,27,1
1774106218,27,72,0,0,0,0,no_volume,0,0,0,0,no_volume,0,0,0,0,no_volume,0,0,0,0,0,0,19047,36963,0.3199,-357,-316,24,20,28,27,1
1774106219,27,72,0,0,0,0,no_volume,0,0,0,0,no_volume,0,0,0,0,no_volume,0,0,0,0,0,0,19047,38531,0.3384,4388,-316,24,20,28,27,1
1774106220,27,72,0,0,0,0,no_volume,0,0,0,0,no_volume,0,0,0,0,no_volume,0,0,0,0,0,0,19047,38531,0.3384,4388,-316,24,20,28,27,1
1774106221,27,72,0,0,0,0,no_volume,0,0,0,0,no_volume,0,0,0,0,no_volume,0,0,0,0,0,0,19047,38531,0.3384,0,-66,24,20,28,27,1
1774106222,27,72,0,0,0,0,no_volume,0,0,0,0,no_volume,0,0,0,0,no_volume,0,0,0,0,0,0,20335,39819,0.3239,1288,1222,25,20,28,27,1
1774106223,27,72,0,0,0,0,no_volume,0,0,0,0,no_volume,0,0,0,0,no_volume,0,0,0,0,0,0,20335,39819,0.3239,1288,1222,25,20,28,27,1
1774106224,27,72,0,0,0,0,no_volume,0,0,0,0,no_volume,0,0,0,0,no_volume,0,0,0,0,0,0,20335,39819,0.3239,1288,1222,25,20,28,27,1
1774106225,27,71,0,0,0,0,no_volume,0,0,0,0,no_volume,0,0,0,0,no_volume,0,0,0,0,0,0,20085,39819,0.3294,-250,681,24,20,29,27,2
1774106226,27,71,0,0,0,0,no_volume,0,0,0,0,no_volume,0,0,0,0,no_volume,0,0,0,0,0,0,16671,39819,0.4098,-3664,2012,25,20,29,27,2
1774106227,27,71,0,0,0,0,no_volume,0,0,0,0,no_volume,0,0,0,0,no_volume,0,0,0,0,0,0,21037,39819,0.3086,702,6378,25,20,29,27,2
1774106228,27,71,0,0,0,0,no_volume,0,0,0,0,no_volume,0,0,0,0,no_volume,0,0,0,0,0,0,21037,39819,0.3086,952,1990,25,20,29,27,2
1774106229,27,71,0,0,0,0,no_volume,0,0,0,0,no_volume,0,0,0,0,no_volume,0,0,0,0,0,0,21037,39819,0.3086,4366,1990,25,20,29,27,2
1774106230,27,71,0,0,0,0,no_volume,0,0,0,0,no_volume,0,0,0,0,no_volume,0,0,0,0,0,0,16671,39819,0.4098,-4366,-2376,24,20,29,27,2
1774106231,27,71,0,0,0,0,no_volume,0,0,0,0,no_volume,0,0,0,0,no_volume,0,0,0,0,0,0,16671,39819,0.4098,-4366,-2376,24,20,29,27,2
1774106232,27,71,0,0,0,0,no_volume,0,0,0,0,no_volume,0,0,0,0,no_volume,0,0,0,0,0,0,16671,39819,0.4098,-4366,-3664,24,20,29,27,2
1774106233,27,71,0,0,0,0,no_volume,0,0,0,0,no_volume,0,0,0,0,no_volume,0,0,0,0,0,0,15840,39819,0.4308,-831,-4495,23,20,29,27,2
1774106234,27,71,0,0,0,0,no_volume,0,0,0,0,no_volume,0,0,0,0,no_volume,0,0,0,0,0,0,15840,39819,0.4308,-831,-4495,23,20,29,27,2
1774106235,27,71,0,0,0,0,no_volume,0,0,0,0,no_volume,0,0,0,0,no_volume,0,0,0,0,0,0,15549,39819,0.4383,-1122,-4536,23,20,29,27,2
1774106236,27,71,0,0,0,0,no_volume,0,0,0,0,no_volume,0,0,0,0,no_volume,0,0,0,0,0,0,15549,39819,0.4383,-291,-1122,23,20,29,27,2
1774106237,27,71,0,0,0,0,no_volume,0,0,0,0,no_volume,0,0,0,0,no_volume,0,0,0,0,0,0,16814,39819,0.4062,974,-4223,24,20,29,27,2
1774106238,27,71,0,0,0,0,no_volume,0,0,0,0,no_volume,0,0,0,0,no_volume,0,0,0,0,0,0,14575,39819,0.4641,-974,-6462,23,20,29,27,2
1774106239,27,71,0,0,0,0,no_volume,0,0,0,0,no_volume,0,0,0,0,no_volume,0,0,0,0,0,0,14575,39819,0.4641,-974,-6462,23,20,29,27,2
1774106240,27,71,0,0,0,0,no_volume,0,0,0,0,no_volume,0,0,0,0,no_volume,0,0,0,0,0,0,14575,39819,0.4641,-2239,-2096,23,20,29,27,2
1774106241,27,71,0,0,0,0,no_volume,0,0,0,0,no_volume,0,0,0,0,no_volume,0,0,0,0,0,0,15406,39819,0.4421,831,-1265,24,20,29,27,2
1774106242,27,71,0,0,0,0,no_volume,0,0,0,0,no_volume,0,0,0,0,no_volume,0,0,0,0,0,0,15406,39819,0.4421,831,-1265,24,20,29,27,2
1774106243,27,71,0,0,0,0,no_volume,0,0,0,0,no_volume,0,0,0,0,no_volume,0,0,0,0,0,0,15406,39819,0.4421,831,-434,24,20,29,27,2
1774106244,27,71,0,0,0,0,no_volume,0,0,0,0,no_volume,0,0,0,0,no_volume,0,0,0,0,0,0,15406,39819,0.4421,0,-434,24,20,29,27,2
1774106245,27,71,0,0,0,0,no_volume,0,0,0,0,no_volume,0,0,0,0,no_volume,0,0,0,0,0,0,15873,39852,0.4303,467,324,25,20,29,27,2
1774106246,27,71,0,0,0,0,no_volume,0,0,0,0,no_volume,0,0,0,0,no_volume,0,0,0,0,0,0,16847,39852,0.4057,1441,1298,26,20,29,27,2
1774106247,27,71,0,0,0,0,no_volume,0,0,0,0,no_volume,0,0,0,0,no_volume,0,0,0,0,0,0,16847,39852,0.4057,1441,33,26,20,29,27,2
1774106248,27,71,0,0,0,0,no_volume,0,0,0,0,no_volume,0,0,0,0,no_volume,0,0,0,0,0,0,16847,39852,0.4057,974,2272,26,20,29,27,2
1774106249,27,71,0,0,0,0,no_volume,0,0,0,0,no_volume,0,0,0,0,no_volume,0,0,0,0,0,0,16847,39852,0.4057,0,2272,26,20,29,27,2
1774106250,27,71,0,0,0,0,no_volume,0,0,0,0,no_volume,0,0,0,0,no_volume,0,0,0,0,0,0,16847,39852,0.4057,0,2272,26,20,29,27,2
1774106251,27,71,0,0,0,0,no_volume,0,0,0,0,no_volume,0,0,0,0,no_volume,0,0,0,0,0,0,16847,39852,0.4057,0,1441,25,20,29,27,2
1774106252,27,71,0,0,0,0,no_volume,0,0,0,0,no_volume,0,0,0,0,no_volume,0,0,0,0,0,0,16847,39852,0.4057,0,1441,25,20,29,27,2
1774106253,27,71,0,0,0,0,no_volume,0,0,0,0,no_volume,0,0,0,0,no_volume,0,0,0,0,0,0,16704,39852,0.4093,-143,1298,25,20,29,27,2
1774106254,27,71,0,0,0,0,no_volume,0,0,0,0,no_volume,0,0,0,0,no_volume,0,0,0,0,0,0,16704,39852,0.4093,-143,1298,25,20,29,27,2
1774106255,27,71,0,0,0,0,no_volume,0,0,0,0,no_volume,0,0,0,0,no_volume,0,0,0,0,0,0,16704,39852,0.4093,-143,831,25,20,29,27,2
1774106256,27,71,0,0,0,0,no_volume,0,0,0,0,no_volume,0,0,0,0,no_volume,0,0,0,0,0,0,16704,39852,0.4093,0,-143,25,20,29,27,2
1774106257,27,71,0,0,0,0,no_volume,0,0,0,0,no_volume,0,0,0,0,no_volume,0,0,0,0,0,0,16704,39852,0.4093,0,-143,25,20,29,27,2
1774106258,27,71,0,0,0,0,no_volume,0,0,0,0,no_volume,0,0,0,0,no_volume,0,0,0,0,0,0,16704,39852,0.4093,0,-143,25,20,29,27,2
1774106259,27,71,0,0,0,0,no_volume,0,0,0,0,no_volume,0,0,0,0,no_volume,0,0,0,0,0,0,16704,39852,0.4093,0,-143,25,20,29,27,2
1774106260,27,71,0,0,0,0,no_volume,0,0,0,0,no_volume,0,0,0,0,no_volume,0,0,0,0,0,0,16704,39852,0.4093,0,-143,25,20,29,27,2
1774106261,27,71,0,0,0,0,no_volume,0,0,0,0,no_volume,0,0,0,0,no_volume,0,0,0,0,0,0,16704,39852,0.4093,0,-143,25,20,29,27,2
1774106262,27,71,0,0,0,0,low_activity,0,0,0,0,low_activity,0,0,0,0,low_activity,0,0,0,0,0,0,15841,39819,0.4308,-863,-1006,24,20,29,27,2
1774106263,20,72,0,0,0,0,low_activity,0,0,0,0,low_activity,0,0,0,0,low_activity,0,0,0,0,0,0,14359,3750,-0.5858,-2345,-2345,24,14,28,20,8
1774106264,19,72,0,0,0,0,low_activity,0,0,0,0,low_activity,0,0,0,0,low_activity,0,0,0,0,0,0,14326,3750,-0.5851,-2378,-2378,23,13,28,19,9
1774106265,19,72,0,0,0,0,no_volume,0,0,0,0,low_activity,0,0,0,0,low_activity,0,0,0,0,0,0,14326,3870,-0.5746,-1515,-2378,23,14,28,19,9
1774106266,19,72,0,0,0,0,no_volume,0,0,0,0,low_activity,0,0,0,0,low_activity,0,0,0,0,0,0,14326,3883,-0.5735,-33,-2378,24,14,28,19,9
1774106267,20,72,0,0,0,0,no_volume,0,0,0,0,no_volume,0,0,0,0,low_activity,0,0,0,0,0,0,15607,11552,-0.1493,1281,-1097,24,15,28,20,8
1774106268,27,72,0,0,0,0,no_volume,0,0,0,0,no_volume,0,0,0,0,low_activity,0,0,0,0,0,0,15931,28640,0.2851,1605,-773,25,19,28,27,1
1774106269,27,72,0,0,0,0,no_volume,0,0,0,0,no_volume,0,0,0,0,low_activity,0,0,0,0,0,0,15941,27352,0.2636,1615,-763,25,18,28,27,1
1774106270,27,72,0,0,0,0,no_volume,0,0,0,0,no_volume,0,0,0,0,low_activity,0,0,0,0,0,0,15941,27352,0.2636,334,-763,25,18,28,27,1
1774106271,27,72,0,0,0,0,no_volume,0,0,0,0,no_volume,0,0,0,0,low_activity,0,0,0,0,0,0,15941,27352,0.2636,10,-763,25,18,28,27,1
1774106272,27,72,0,0,0,0,no_volume,0,0,0,0,no_volume,0,0,0,0,low_activity,0,0,0,0,0,0,15941,27352,0.2636,0,100,25,18,28,27,1
1774106273,27,71,0,0,0,0,no_volume,0,0,0,0,no_volume,0,0,0,0,low_activity,0,0,0,0,0,0,15691,28640,0.2921,-250,1332,24,19,29,27,2
1774106274,27,71,0,0,0,0,no_volume,0,0,0,0,no_volume,0,0,0,0,low_activity,0,0,0,0,0,0,14403,5084,-0.4782,-1538,77,23,14,29,27,2
1774106275,24,71,0,0,0,0,no_volume,0,0,0,0,no_volume,0,0,0,0,low_activity,0,0,0,0,0,0,14112,2516,-0.6974,-1829,-214,23,13,29,24,5
1774106276,24,72,0,0,0,0,no_volume,0,0,0,0,no_volume,0,0,0,0,low_activity,0,0,0,0,0,0,14372,2516,-0.702,-1319,46,24,13,28,24,4
1774106277,24,72,0,0,0,0,no_volume,0,0,0,0,no_volume,0,0,0,0,low_activity,0,0,0,0,0,0,14476,2516,-0.7039,73,-1131,24,13,28,24,4
1774106278,24,72,0,0,0,0,no_volume,0,0,0,0,no_volume,0,0,0,0,low_activity,0,0,0,0,0,0,14486,2989,-0.6579,374,-1445,24,15,28,24,4
1774106279,24,72,0,0,0,0,no_volume,0,0,0,0,no_volume,0,0,0,0,low_activity,0,0,0,0,0,0,14486,2379,-0.7179,114,-1455,24,15,28,24,4
1774106280,24,72,0,0,0,0,no_volume,0,0,0,0,no_volume,0,0,0,0,low_activity,0,0,0,0,0,0,14496,3633,-0.5992,20,-1445,24,15,28,24,4
1774106281,24,72,0,0,0,0,no_volume,0,0,0,0,no_volume,0,0,0,0,low_activity,0,0,0,0,0,0,14496,3652,-0.5975,10,-1445,24,15,28,24,4
1774106282,24,72,0,0,0,0,no_volume,0,0,0,0,no_volume,0,0,0,0,low_activity,0,0,0,0,0,0,14496,3652,-0.5975,10,-1445,24,15,28,24,4
1774106283,24,72,0,0,0,0,no_volume,0,0,0,0,no_volume,0,0,0,0,low_activity,0,0,0,0,0,0,14366,3652,-0.5946,-130,-1325,24,15,28,24,4
1774106284,24,72,0,0,0,0,no_volume,0,0,0,0,no_volume,0,0,0,0,low_activity,0,0,0,0,0,0,14366,3652,-0.5946,-130,-37,24,15,28,24,4
1774106285,24,72,0,0,0,0,no_volume,0,0,0,0,no_volume,0,0,0,0,low_activity,0,0,0,0,0,0,16218,3372,-0.6557,1722,2106,25,15,28,24,4
1774106286,27,72,0,0,0,0,no_volume,0,0,0,0,no_volume,0,0,0,0,low_activity,0,0,0,0,0,0,17767,14794,-0.0913,3401,3395,26,17,28,27,1
1774106287,27,71,0,0,0,0,no_volume,0,0,0,0,no_volume,0,0,0,0,low_activity,0,0,0,0,0,0,17617,14480,-0.0977,3251,3141,25,17,29,27,2
1774106288,27,72,0,0,0,0,no_volume,0,0,0,0,no_volume,0,0,0,0,low_activity,0,0,0,0,0,0,17897,13192,-0.1513,1679,3411,26,17,28,27,1
1774106289,27,72,0,0,0,0,no_volume,0,0,0,0,no_volume,0,0,0,0,low_activity,0,0,0,0,0,0,17897,15768,-0.0632,130,3411,26,17,28,27,1
1774106290,27,72,0,0,0,0,no_volume,0,0,0,0,no_volume,0,0,0,0,low_activity,0,0,0,0,0,0,16075,14794,-0.0415,-1542,1579,25,17,28,27,1
1774106291,27,72,0,0,0,0,no_volume,0,0,0,0,no_volume,0,0,0,0,low_activity,0,0,0,0,0,0,17897,14794,-0.0949,0,3401,26,17,28,27,1
1774106292,27,72,0,0,0,0,no_volume,0,0,0,0,no_volume,0,0,0,0,no_volume,0,0,0,0,0,0,16318,6391,-0.4371,-1579,1822,25,15,28,27,1
1774106293,21,72,0,0,0,0,no_volume,0,0,0,0,no_volume,0,0,0,0,no_volume,0,0,0,0,0,0,16285,3840,-0.6184,210,1919,23,13,28,21,7
1774106294,19,72,0,0,0,0,no_volume,0,0,0,0,no_volume,0,0,0,0,no_volume,0,0,0,0,0,0,16318,3840,-0.619,-1579,1952,23,12,28,19,9
1774106295,19,72,0,0,0,0,no_volume,0,0,0,0,no_volume,0,0,0,0,no_volume,0,0,0,0,0,0,16318,3840,-0.619,0,100,23,12,28,19,9
1774106296,19,72,0,0,0,0,no_volume,0,0,0,0,no_volume,0,0,0,0,no_volume,0,0,0,0,0,0,16318,2822,-0.7051,33,-1449,23,12,28,19,9
1774106297,19,72,0,0,0,0,no_volume,0,0,0,0,no_volume,0,0,0,0,no_volume,0,0,0,0,0,0,14496,3345,-0.625,-1822,-3121,23,13,28,19,9
1774106298,19,72,0,0,0,0,no_volume,0,0,0,0,no_volume,0,0,0,0,no_volume,0,0,0,0,0,0,16318,3662,-0.6334,0,-1579,24,13,28,19,9
1774106299,19,72,0,0,0,0,no_volume,0,0,0,0,no_volume,0,0,0,0,no_volume,0,0,0,0,0,0,16318,3662,-0.6334,0,-1579,24,13,28,19,9
1774106300,27,72,0,0,0,0,no_volume,0,0,0,0,no_volume,0,0,0,0,no_volume,0,0,0,0,0,0,17897,11087,-0.235,3401,1822,25,18,28,27,1
1774106301,27,71,0,0,0,0,no_volume,0,0,0,0,no_volume,0,0,0,0,no_volume,0,0,0,0,0,0,17624,16149,-0.0437,1306,-273,23,18,29,27,2
1774106302,27,71,0,0,0,0,no_volume,0,0,0,0,no_volume,0,0,0,0,no_volume,0,0,0,0,0,0,17624,16619,-0.0293,1306,1306,23,18,29,27,2
1774106303,27,71,0,0,0,0,no_volume,0,0,0,0,no_volume,0,0,0,0,no_volume,0,0,0,0,0,0,14828,16619,0.057,-3069,-1457,22,18,29,27,2
1774106304,27,71,0,0,0,0,no_volume,0,0,0,0,no_volume,0,0,0,0,no_volume,0,0,0,0,0,0,17657,17907,0.007,33,1339,25,19,29,27,2
1774106305,27,71,0,0,0,0,no_volume,0,0,0,0,no_volume,0,0,0,0,no_volume,0,0,0,0,0,0,17657,17907,0.007,33,1339,25,19,29,27,2
1774106306,27,71,0,0,0,0,no_volume,0,0,0,0,no_volume,0,0,0,0,no_volume,0,0,0,0,0,0,17657,17907,0.007,2829,1339,25,19,29,27,2
1774106307,27,71,0,0,0,0,no_volume,0,0,0,0,no_volume,0,0,0,0,no_volume,0,0,0,0,0,0,17657,17907,0.007,0,3161,25,19,29,27,2
1774106308,27,71,0,0,0,0,no_volume,0,0,0,0,no_volume,0,0,0,0,no_volume,0,0,0,0,0,0,17657,17907,0.007,0,1339,25,19,29,27,2
1774106309,27,71,0,0,0,0,no_volume,0,0,0,0,no_volume,0,0,0,0,no_volume,0,0,0,0,0,0,17657,16619,-0.0303,0,1339,25,18,29,27,2
1774106310,27,71,0,0,0,0,no_volume,0,0,0,0,no_volume,0,0,0,0,no_volume,0,0,0,0,0,0,16809,17907,0.0316,-848,-1088,24,18,29,27,2
1774106311,27,71,0,0,0,0,no_volume,0,0,0,0,no_volume,0,0,0,0,no_volume,0,0,0,0,0,0,18631,17907,-0.0198,974,1007,24,18,29,27,2
1774106312,27,71,0,0,0,0,no_volume,0,0,0,0,no_volume,0,0,0,0,no_volume,0,0,0,0,0,0,16683,17907,0.0354,-974,-941,23,18,29,27,2
1774106313,27,71,0,0,0,0,no_volume,0,0,0,0,no_volume,0,0,0,0,no_volume,0,0,0,0,0,0,16683,17907,0.0354,-126,1855,23,18,29,27,2
1774106314,27,71,0,0,0,0,no_volume,0,0,0,0,no_volume,0,0,0,0,no_volume,0,0,0,0,0,0,17657,17907,0.007,-974,0,24,18,29,27,2
1774106315,27,71,0,0,0,0,no_volume,0,0,0,0,no_volume,0,0,0,0,no_volume,0,0,0,0,0,0,17657,17907,0.007,974,0,24,18,29,27,2
1774106316,27,71,0,0,0,0,no_volume,0,0,0,0,no_volume,0,0,0,0,no_volume,0,0,0,0,0,0,17657,17907,0.007,974,0,24,18,29,27,2
1774106317,27,71,0,0,0,0,no_volume,0,0,0,0,no_volume,0,0,0,0,no_volume,0,0,0,0,0,0,15835,17907,0.0614,-1822,-1822,24,18,29,27,2
1774106318,27,71,0,0,0,0,no_volume,0,0,0,0,no_volume,0,0,0,0,no_volume,0,0,0,0,0,0,18631,17907,-0.0198,974,974,26,18,29,27,2
1774106319,27,71,0,0,0,0,no_volume,0,0,0,0,no_volume,0,0,0,0,no_volume,0,0,0,0,0,0,18631,17907,-0.0198,974,974,26,18,29,27,2
1774106320,27,71,0,0,0,0,no_volume,0,0,0,0,no_volume,0,0,0,0,no_volume,0,0,0,0,0,0,18631,17907,-0.0198,2796,1822,26,18,29,27,2
1774106321,27,71,0,0,0,0,no_volume,0,0,0,0,no_volume,0,0,0,0,no_volume,0,0,0,0,0,0,17657,17940,0.008,-974,-974,24,18,29,27,2
1774106322,27,71,0,0,0,0,no_volume,0,0,0,0,no_volume,0,0,0,0,no_volume,0,0,0,0,0,0,17657,17940,0.008,-974,974,24,18,29,27,2
1774106323,27,71,0,0,0,0,no_volume,0,0,0,0,no_volume,0,0,0,0,no_volume,0,0,0,0,0,0,15835,17940,0.0623,-2796,-848,24,18,29,27,2
1774106324,28,71,0,0,0,0,no_volume,0,0,0,0,no_volume,0,0,0,0,no_volume,0,0,0,0,0,0,18631,20740,0.0536,974,974,26,20,29,28,1
1774106325,28,71,0,0,0,0,no_volume,0,0,0,0,no_volume,0,0,0,0,no_volume,0,0,0,0,0,0,18631,20740,0.0536,974,974,25,20,29,28,1
1774106326,28,71,0,0,0,0,no_volume,0,0,0,0,no_volume,0,0,0,0,no_volume,0,0,0,0,0,0,18631,20740,0.0536,2796,974,25,20,29,28,1
1774106327,28,71,0,0,0,0,no_volume,0,0,0,0,no_volume,0,0,0,0,no_volume,0,0,0,0,0,0,18631,20740,0.0536,0,2796,25,20,29,28,1
1774106328,28,71,0,0,0,0,no_volume,0,0,0,0,no_volume,0,0,0,0,no_volume,0,0,0,0,0,0,18631,20740,0.0536,0,0,25,20,29,28,1
1774106329,28,71,0,0,0,0,no_volume,0,0,0,0,no_volume,0,0,0,0,no_volume,0,0,0,0,0,0,15835,20740,0.1341,-2796,-2796,24,20,29,28,1
1774106330,28,71,0,0,0,0,no_volume,0,0,0,0,no_volume,0,0,0,0,no_volume,0,0,0,0,0,0,18631,20740,0.0536,0,0,25,20,29,28,1
1774106331,28,71,0,0,0,0,no_volume,0,0,0,0,no_volume,0,0,0,0,no_volume,0,0,0,0,0,0,18631,20740,0.0536,0,974,25,20,29,28,1
1774106332,28,71,0,0,0,0,no_volume,0,0,0,0,no_volume,0,0,0,0,no_volume,0,0,0,0,0,0,18631,20740,0.0536,2796,974,25,20,29,28,1
1774106333,28,71,0,0,0,0,no_volume,0,0,0,0,no_volume,0,0,0,0,no_volume,0,0,0,0,0,0,18631,20740,0.0536,0,2796,25,20,29,28,1
1774106334,28,71,0,0,0,0,no_volume,0,0,0,0,no_volume,0,0,0,0,no_volume,0,0,0,0,0,0,18631,20740,0.0536,0,0,25,20,29,28,1
1774106335,28,71,0,0,0,0,no_volume,0,0,0,0,no_volume,0,0,0,0,no_volume,0,0,0,0,0,0,18631,20740,0.0536,0,0,25,20,29,28,1
1774106336,28,71,0,0,0,0,no_volume,0,0,0,0,no_volume,0,0,0,0,no_volume,0,0,0,0,0,0,17657,20740,0.0803,-974,-974,24,20,29,28,1
1774106337,28,71,0,0,0,0,no_volume,0,0,0,0,no_volume,0,0,0,0,no_volume,0,0,0,0,0,0,17657,20740,0.0803,-974,-974,24,20,29,28,1
1774106338,28,71,0,0,0,0,no_volume,0,0,0,0,no_volume,0,0,0,0,no_volume,0,0,0,0,0,0,16809,20740,0.1047,-1822,-1822,24,20,29,28,1
1774106339,28,71,0,0,0,0,no_volume,0,0,0,0,no_volume,0,0,0,0,no_volume,0,0,0,0,0,0,18631,20740,0.0536,974,2796,24,20,29,28,1
1774106340,28,71,0,0,0,0,no_volume,0,0,0,0,no_volume,0,0,0,0,no_volume,0,0,0,0,0,0,18631,20740,0.0536,974,0,24,20,29,28,1
1774106341,28,71,0,0,0,0,no_volume,0,0,0,0,no_volume,0,0,0,0,no_volume,0,0,0,0,0,0,18631,20740,0.0536,1822,0,24,20,29,28,1
1774106342,28,71,0,0,0,0,no_volume,0,0,0,0,no_volume,0,0,0,0,no_volume,0,0,0,0,0,0,17657,20740,0.0803,-974,-974,23,20,29,28,1
1774106343,28,71,0,0,0,0,no_volume,0,0,0,0,no_volume,0,0,0,0,no_volume,0,0,0,0,0,0,17657,20740,0.0803,-974,-974,23,20,29,28,1
1774106344,28,71,0,0,0,0,no_volume,0,0,0,0,no_volume,0,0,0,0,no_volume,0,0,0,0,0,0,15835,20740,0.1341,-2796,-2796,23,20,29,28,1
1774106345,28,71,0,0,0,0,no_volume,0,0,0,0,no_volume,0,0,0,0,no_volume,0,0,0,0,0,0,17657,20449,0.0733,0,-974,25,20,29,28,1
1774106346,28,71,0,0,0,0,no_volume,0,0,0,0,no_volume,0,0,0,0,no_volume,0,0,0,0,0,0,17657,20740,0.0803,0,0,25,20,29,28,1
1774106347,28,71,0,0,0,0,no_volume,0,0,0,0,no_volume,0,0,0,0,no_volume,0,0,0,0,0,0,17657,20740,0.0803,1822,0,25,20,29,28,1
1774106348,28,71,0,0,0,0,no_volume,0,0,0,0,no_volume,0,0,0,0,no_volume,0,0,0,0,0,0,17657,20740,0.0803,0,848,25,20,29,28,1
1774106349,28,71,0,0,0,0,no_volume,0,0,0,0,no_volume,0,0,0,0,no_volume,0,0,0,0,0,0,17657,20740,0.0803,0,-974,25,20,29,28,1
1774106350,28,71,0,0,0,0,no_volume,0,0,0,0,no_volume,0,0,0,0,no_volume,0,0,0,0,0,0,16809,20740,0.1047,-848,-1822,24,20,29,28,1
1774106351,28,71,0,0,0,0,no_volume,0,0,0,0,no_volume,0,0,0,0,no_volume,0,0,0,0,0,0,18631,20740,0.0536,974,0,25,20,29,28,1
1774106352,28,71,0,0,0,0,no_volume,0,0,0,0,no_volume,0,0,0,0,no_volume,0,0,0,0,0,0,16683,20740,0.1084,-974,-974,23,20,29,28,1
1774106353,28,71,0,0,0,0,no_volume,0,0,0,0,no_volume,0,0,0,0,no_volume,0,0,0,0,0,0,16683,20740,0.1084,-126,-974,23,20,29,28,1
1774106354,28,71,0,0,0,0,no_volume,0,0,0,0,no_volume,0,0,0,0,no_volume,0,0,0,0,0,0,16683,20740,0.1084,-1948,848,23,20,29,28,1
1774106355,28,71,0,0,0,0,no_volume,0,0,0,0,no_volume,0,0,0,0,no_volume,0,0,0,0,0,0,15835,20740,0.1341,-848,-1822,24,20,29,28,1
1774106356,28,71,0,0,0,0,no_volume,0,0,0,0,no_volume,0,0,0,0,no_volume,0,0,0,0,0,0,17657,20740,0.0803,974,0,25,20,29,28,1
1774106357,28,71,0,0,0,0,no_volume,0,0,0,0,no_volume,0,0,0,0,no_volume,0,0,0,0,0,0,17657,20740,0.0803,974,0,25,20,29,28,1
1774106358,28,71,0,0,0,0,no_volume,0,0,0,0,no_volume,0,0,0,0,no_volume,0,0,0,0,0,0,17657,20740,0.0803,1822,0,25,20,29,28,1
1774106359,28,71,0,0,0,0,no_volume,0,0,0,0,no_volume,0,0,0,0,no_volume,0,0,0,0,0,0,17657,20740,0.0803,0,0,25,20,29,28,1
1774106360,28,71,0,0,0,0,no_volume,0,0,0,0,no_volume,0,0,0,0,no_volume,0,0,0,0,0,0,17657,20740,0.0803,0,848,25,20,29,28,1
1774106361,28,71,0,0,0,0,no_volume,0,0,0,0,no_volume,0,0,0,0,no_volume,0,0,0,0,0,0,17657,20449,0.0733,0,-974,23,20,29,28,1
1774106362,28,71,0,0,0,0,no_volume,0,0,0,0,no_volume,0,0,0,0,no_volume,0,0,0,0,0,0,17802,20449,0.0692,145,1119,23,20,29,28,1
1774106363,28,71,0,0,0,0,no_volume,0,0,0,0,no_volume,0,0,0,0,no_volume,0,0,0,0,0,0,16828,20449,0.0971,-829,145,23,20,29,28,1
1774106364,28,71,0,0,0,0,no_volume,0,0,0,0,no_volume,0,0,0,0,no_volume,0,0,0,0,0,0,15980,20449,0.1227,-1677,-703,23,20,29,28,1
1774106365,28,71,0,0,0,0,no_volume,0,0,0,0,no_volume,0,0,0,0,no_volume,0,0,0,0,0,0,17802,20449,0.0692,0,1967,23,20,29,28,1
1774106366,28,71,0,0,0,0,no_volume,0,0,0,0,no_volume,0,0,0,0,no_volume,0,0,0,0,0,0,17802,20449,0.0692,974,145,23,20,29,28,1
1774106367,28,71,0,0,0,0,no_volume,0,0,0,0,no_volume,0,0,0,0,no_volume,0,0,0,0,0,0,19259,20449,0.03,3279,1602,23,20,29,28,1
1774106368,28,71,0,0,0,0,no_volume,0,0,0,0,no_volume,0,0,0,0,no_volume,0,0,0,0,0,0,19259,20449,0.03,1457,1602,23,20,29,28,1
1774106369,28,71,0,0,0,0,no_volume,0,0,0,0,no_volume,0,0,0,0,no_volume,0,0,0,0,0,0,20088,20449,0.0089,2286,2431,24,20,29,28,1
1774106370,28,71,0,0,0,0,no_volume,0,0,0,0,no_volume,0,0,0,0,no_volume,0,0,0,0,0,0,18266,20449,0.0564,-993,609,24,20,29,28,1
1774106371,28,71,0,0,0,0,no_volume,0,0,0,0,no_volume,0,0,0,0,no_volume,0,0,0,0,0,0,20088,20740,0.016,829,2431,24,20,29,28,1
1774106372,28,71,0,0,0,0,no_volume,0,0,0,0,no_volume,0,0,0,0,no_volume,0,0,0,0,0,0,21062,20449,-0.0148,974,3260,25,20,29,28,1
1774106373,28,71,0,0,0,0,no_volume,0,0,0,0,no_volume,0,0,0,0,no_volume,0,0,0,0,0,0,21062,20449,-0.0148,2796,4234,25,20,29,28,1
1774106374,28,71,0,0,0,0,no_volume,0,0,0,0,no_volume,0,0,0,0,no_volume,0,0,0,0,0,0,21062,20449,-0.0148,974,5082,25,20,29,28,1
1774106375,28,71,0,0,0,0,no_volume,0,0,0,0,no_volume,0,0,0,0,no_volume,0,0,0,0,0,0,21062,20449,-0.0148,0,3260,24,20,29,28,1
1774106376,28,71,0,0,0,0,no_volume,0,0,0,0,no_volume,0,0,0,0,no_volume,0,0,0,0,0,0,21062,20449,-0.0148,0,3260,24,20,29,28,1
1774106377,28,71,0,0,0,0,no_volume,0,0,0,0,no_volume,0,0,0,0,no_volume,0,0,0,0,0,0,18266,20449,0.0564,-2796,-993,24,20,29,28,1
1774106378,28,71,0,0,0,0,no_volume,0,0,0,0,no_volume,0,0,0,0,no_volume,0,0,0,0,0,0,20088,20449,0.0089,-974,829,25,20,29,28,1
1774106379,27,71,0,0,0,0,no_volume,0,0,0,0,no_volume,0,0,0,0,no_volume,0,0,0,0,0,0,18800,8264,-0.3893,-2262,-1288,23,15,29,27,2
1774106380,19,72,0,0,0,0,no_volume,0,0,0,0,no_volume,0,0,0,0,no_volume,0,0,0,0,0,0,18669,5476,-0.5464,403,403,23,15,28,19,9
1774106381,19,72,0,0,0,0,no_volume,0,0,0,0,no_volume,0,0,0,0,no_volume,0,0,0,0,0,0,12829,4188,-0.5078,-7259,-7259,22,15,28,19,9
1774106382,19,71,0,0,0,0,no_volume,0,0,0,0,no_volume,0,0,0,0,no_volume,0,0,0,0,0,0,8543,5476,-0.2188,-10257,-12519,24,15,29,19,10
1774106383,19,71,0,0,0,0,no_volume,0,0,0,0,no_volume,0,0,0,0,no_volume,0,0,0,0,0,0,6741,5476,-0.1035,-11928,-14321,24,15,29,19,10
1774106384,19,71,0,0,0,0,no_volume,0,0,0,0,no_volume,0,0,0,0,no_volume,0,0,0,0,0,0,8651,5488,-0.2237,-4178,-12411,25,15,29,19,10
1774106385,19,71,0,0,0,0,no_volume,0,0,0,0,no_volume,0,0,0,0,no_volume,0,0,0,0,0,0,8651,5488,-0.2237,108,-12411,25,15,29,19,10
1774106386,19,71,0,0,0,0,no_volume,0,0,0,0,no_volume,0,0,0,0,no_volume,0,0,0,0,0,0,8618,5488,-0.2219,1877,-12444,24,15,29,19,10
1774106387,19,45,0,0,0,0,no_volume,0,0,0,0,no_volume,0,0,0,0,no_volume,0,0,0,0,0,0,8630,5488,-0.2226,-21,-9636,24,15,55,19,36
1774106388,20,48,0,0,0,0,no_volume,0,0,0,0,no_volume,0,0,0,0,no_volume,0,0,0,0,0,0,8487,5458,-0.2172,-164,-11601,25,15,52,20,32
1774106389,20,49,0,0,0,0,no_volume,0,0,0,0,no_volume,0,0,0,0,no_volume,0,0,0,0,0,0,8483,3294,-0.4406,-135,-10317,24,14,51,20,31
1774106390,20,52,0,0,0,0,no_volume,0,0,0,0,no_volume,0,0,0,0,no_volume,0,0,0,0,0,0,6728,3294,-0.3426,-1902,-11941,26,14,48,20,28
1774106391,28,70,0,0,0,0,no_volume,0,0,0,0,no_volume,0,0,0,0,no_volume,0,0,0,0,0,0,11017,6505,-0.2575,2530,-1812,27,15,30,28,2
1774106392,28,70,0,0,0,0,no_volume,0,0,0,0,no_volume,0,0,0,0,no_volume,0,0,0,0,0,0,10937,6638,-0.2446,2454,2394,27,16,30,28,2
1774106393,28,70,0,0,0,0,no_volume,0,0,0,0,no_volume,0,0,0,0,no_volume,0,0,0,0,0,0,15153,6605,-0.3929,8425,8412,26,16,30,28,2
1774106394,28,70,0,0,0,0,no_volume,0,0,0,0,no_volume,0,0,0,0,no_volume,0,0,0,0,0,0,15153,6605,-0.3929,4136,6502,26,16,30,28,2
1774106395,28,70,0,0,0,0,no_volume,0,0,0,0,no_volume,0,0,0,0,no_volume,0,0,0,0,0,0,15141,6605,-0.3925,4204,6490,26,16,30,28,2
1774106396,28,70,0,0,0,0,no_volume,0,0,0,0,no_volume,0,0,0,0,no_volume,0,0,0,0,0,0,15241,6596,-0.3959,88,6623,27,15,30,28,2
1774106397,19,70,0,0,0,0,no_volume,0,0,0,0,no_volume,0,0,0,0,no_volume,0,0,0,0,0,0,10642,2582,-0.6095,-4511,2012,25,12,30,19,11
1774106398,19,70,0,0,0,0,no_volume,0,0,0,0,no_volume,0,0,0,0,no_volume,0,0,0,0,0,0,10892,4120,-0.4511,-4249,2405,25,13,30,19,11
1774106399,19,71,0,0,0,0,no_volume,0,0,0,0,no_volume,0,0,0,0,no_volume,0,0,0,0,0,0,9207,4173,-0.3762,-6034,724,24,14,29,19,10
1774106400,19,71,0,0,0,0,no_volume,0,0,0,0,no_volume,0,0,0,0,no_volume,0,0,0,0,0,0,10679,4185,-0.4369,37,3951,24,14,29,19,10
1774106401,19,71,0,0,0,0,no_volume,0,0,0,0,no_volume,0,0,0,0,no_volume,0,0,0,0,0,0,10679,4185,-0.4369,-213,-338,24,14,29,19,10
1774106402,19,71,0,0,0,0,no_volume,0,0,0,0,no_volume,0,0,0,0,no_volume,0,0,0,0,0,0,10679,5753,-0.2998,1472,-258,24,14,29,19,10
1774106403,19,71,0,0,0,0,no_volume,0,0,0,0,no_volume,0,0,0,0,no_volume,0,0,0,0,0,0,10679,5753,-0.2998,0,-4474,24,14,29,19,10
1774106404,19,71,0,0,0,0,no_volume,0,0,0,0,no_volume,0,0,0,0,no_volume,0,0,0,0,0,0,10679,5753,-0.2998,0,-4474,24,14,29,19,10
1774106405,19,71,0,0,0,0,no_volume,0,0,0,0,no_volume,0,0,0,0,no_volume,0,0,0,0,0,0,10679,5753,-0.2998,0,-4462,24,14,29,19,10
1774106406,19,71,0,0,0,0,no_volume,0,0,0,0,no_volume,0,0,0,0,no_volume,0,0,0,0,0,0,10679,4465,-0.4103,0,-4562,24,14,29,19,10
1774106407,19,71,0,0,0,0,no_volume,0,0,0,0,no_volume,0,0,0,0,no_volume,0,0,0,0,0,0,10679,4185,-0.4369,0,37,24,14,29,19,10
1774106408,19,71,0,0,0,0,no_volume,0,0,0,0,no_volume,0,0,0,0,no_volume,0,0,0,0,0,0,8857,4185,-0.3582,-1822,-2035,23,14,29,19,10
1774106409,19,71,0,0,0,0,no_volume,0,0,0,0,no_volume,0,0,0,0,no_volume,0,0,0,0,0,0,10679,4185,-0.4369,0,1472,23,14,29,19,10
1774106410,19,71,0,0,0,0,no_volume,0,0,0,0,no_volume,0,0,0,0,no_volume,0,0,0,0,0,0,15113,4185,-0.5663,4434,4434,23,14,29,19,10
1774106411,19,72,0,0,0,0,no_volume,0,0,0,0,no_volume,0,0,0,0,no_volume,0,0,0,0,0,0,19197,3594,-0.6846,10340,8518,24,14,28,19,9
1774106412,19,72,0,0,0,0,no_volume,0,0,0,0,no_volume,0,0,0,0,no_volume,0,0,0,0,0,0,23349,3594,-0.7332,12670,12670,25,14,28,19,9
1774106413,19,72,0,0,0,0,no_volume,0,0,0,0,no_volume,0,0,0,0,no_volume,0,0,0,0,0,0,23349,3594,-0.7332,8236,12670,25,14,28,19,9
1774106414,19,72,0,0,0,0,no_volume,0,0,0,0,no_volume,0,0,0,0,no_volume,0,0,0,0,0,0,21527,3594,-0.7139,2330,10848,25,14,28,19,9
1774106415,19,72,0,0,0,0,no_volume,0,0,0,0,no_volume,0,0,0,0,no_volume,0,0,0,0,0,0,23349,3594,-0.7332,0,12670,26,14,28,19,9
1774106416,27,71,0,0,0,0,no_volume,0,0,0,0,no_volume,0,0,0,0,no_volume,0,0,0,0,0,0,28021,27921,-0.0018,4672,17342,27,20,29,27,2
1774106417,27,71,0,0,0,0,no_volume,0,0,0,0,no_volume,0,0,0,0,no_volume,0,0,0,0,0,0,28021,30907,0.049,6494,17342,27,21,29,27,2
1774106418,28,71,0,0,0,0,no_volume,0,0,0,0,no_volume,0,0,0,0,no_volume,0,0,0,0,0,0,26199,34982,0.1436,2850,17342,26,21,29,28,1
1774106419,28,71,0,0,0,0,no_volume,0,0,0,0,no_volume,0,0,0,0,no_volume,0,0,0,0,0,0,28995,36270,0.1115,974,18316,27,21,29,28,1
1774106420,28,71,0,0,0,0,no_volume,0,0,0,0,no_volume,0,0,0,0,no_volume,0,0,0,0,0,0,28995,36270,0.1115,974,13882,27,21,29,28,1
1774106421,28,71,0,0,0,0,no_volume,0,0,0,0,no_volume,0,0,0,0,no_volume,0,0,0,0,0,0,28021,36303,0.1288,1822,8824,26,21,29,28,1
1774106422,28,71,0,0,0,0,no_volume,0,0,0,0,no_volume,0,0,0,0,no_volume,0,0,0,0,0,0,28021,36303,0.1288,-974,4672,26,21,29,28,1
1774106423,28,71,0,0,0,0,no_volume,0,0,0,0,no_volume,0,0,0,0,no_volume,0,0,0,0,0,0,28021,36303,0.1288,-974,4672,26,21,29,28,1
1774106424,28,71,0,0,0,0,no_volume,0,0,0,0,no_volume,0,0,0,0,no_volume,0,0,0,0,0,0,27173,36303,0.1438,-848,5646,26,21,29,28,1
1774106425,28,71,0,0,0,0,no_volume,0,0,0,0,no_volume,0,0,0,0,no_volume,0,0,0,0,0,0,28995,36303,0.1119,974,5646,26,21,29,28,1
1774106426,28,71,0,0,0,0,no_volume,0,0,0,0,no_volume,0,0,0,0,no_volume,0,0,0,0,0,0,27707,37871,0.155,-314,-314,26,21,29,28,1
1774106427,28,71,0,0,0,0,no_volume,0,0,0,0,no_volume,0,0,0,0,no_volume,0,0,0,0,0,0,28021,37871,0.1495,848,0,26,21,29,28,1
1774106428,28,71,0,0,0,0,no_volume,0,0,0,0,no_volume,0,0,0,0,no_volume,0,0,0,0,0,0,28021,37871,0.1495,-974,1822,26,21,29,28,1
1774106429,28,71,0,0,0,0,no_volume,0,0,0,0,no_volume,0,0,0,0,no_volume,0,0,0,0,0,0,28021,37871,0.1495,314,-974,26,21,29,28,1
1774106430,28,71,0,0,0,0,no_volume,0,0,0,0,no_volume,0,0,0,0,no_volume,0,0,0,0,0,0,28021,37871,0.1495,0,-974,26,21,29,28,1
1774106431,28,71,0,0,0,0,no_volume,0,0,0,0,no_volume,0,0,0,0,no_volume,0,0,0,0,0,0,28021,37871,0.1495,0,0,26,21,29,28,1
1774106432,28,71,0,0,0,0,no_volume,0,0,0,0,no_volume,0,0,0,0,no_volume,0,0,0,0,0,0,26199,37871,0.1822,-1822,-1822,26,21,29,28,1
1774106433,28,71,0,0,0,0,no_volume,0,0,0,0,no_volume,0,0,0,0,no_volume,0,0,0,0,0,0,28995,37871,0.1327,974,974,28,21,29,28,1
1774106434,28,71,0,0,0,0,no_volume,0,0,0,0,no_volume,0,0,0,0,no_volume,0,0,0,0,0,0,28995,37871,0.1327,974,1822,28,21,29,28,1
1774106435,28,71,0,0,0,0,no_volume,0,0,0,0,no_volume,0,0,0,0,no_volume,0,0,0,0,0,0,28021,37579,0.1457,1822,-974,27,21,29,28,1
1774106436,28,71,0,0,0,0,no_volume,0,0,0,0,no_volume,0,0,0,0,no_volume,0,0,0,0,0,0,28021,37579,0.1457,-974,314,27,21,29,28,1
1774106437,28,71,0,0,0,0,no_volume,0,0,0,0,no_volume,0,0,0,0,no_volume,0,0,0,0,0,0,28021,37579,0.1457,-974,0,27,21,29,28,1
1774106438,28,71,0,0,0,0,no_volume,0,0,0,0,no_volume,0,0,0,0,no_volume,0,0,0,0,0,0,27173,37579,0.1607,-848,-848,26,21,29,28,1
1774106439,28,71,0,0,0,0,no_volume,0,0,0,0,no_volume,0,0,0,0,no_volume,0,0,0,0,0,0,29309,37579,0.1236,1288,1288,26,21,29,28,1
1774106440,28,71,0,0,0,0,no_volume,0,0,0,0,no_volume,0,0,0,0,no_volume,0,0,0,0,0,0,29309,37579,0.1236,1288,1288,26,21,29,28,1
1774106441,28,71,0,0,0,0,no_volume,0,0,0,0,no_volume,0,0,0,0,no_volume,0,0,0,0,0,0,29309,37579,0.1236,2136,1288,26,21,29,28,1
1774106442,28,71,0,0,0,0,no_volume,0,0,0,0,no_volume,0,0,0,0,no_volume,0,0,0,0,0,0,28021,37871,0.1495,-1288,1822,25,21,29,28,1
1774106443,28,71,0,0,0,0,no_volume,0,0,0,0,no_volume,0,0,0,0,no_volume,0,0,0,0,0,0,28021,37871,0.1495,-1288,-974,25,21,29,28,1
1774106444,28,71,0,0,0,0,no_volume,0,0,0,0,no_volume,0,0,0,0,no_volume,0,0,0,0,0,0,25225,37871,0.2004,-4084,-3770,25,21,29,28,1
1774106445,28,71,0,0,0,0,no_volume,0,0,0,0,no_volume,0,0,0,0,no_volume,0,0,0,0,0,0,27047,37871,0.1667,-974,-974,26,21,29,28,1
1774106446,28,71,0,0,0,0,no_volume,0,0,0,0,no_volume,0,0,0,0,no_volume,0,0,0,0,0,0,28021,37871,0.1495,0,0,27,21,29,28,1
1774106447,28,71,0,0,0,0,no_volume,0,0,0,0,no_volume,0,0,0,0,no_volume,0,0,0,0,0,0,28021,37871,0.1495,2796,0,27,21,29,28,1
1774106448,28,71,0,0,0,0,no_volume,0,0,0,0,no_volume,0,0,0,0,no_volume,0,0,0,0,0,0,28021,37871,0.1495,974,848,27,21,29,28,1
1774106449,28,71,0,0,0,0,no_volume,0,0,0,0,no_volume,0,0,0,0,no_volume,0,0,0,0,0,0,28021,37579,0.1457,0,-1288,27,21,29,28,1
1774106450,28,71,0,0,0,0,no_volume,0,0,0,0,no_volume,0,0,0,0,no_volume,0,0,0,0,0,0,27173,37871,0.1645,-848,-2136,26,21,29,28,1
1774106451,28,71,0,0,0,0,no_volume,0,0,0,0,no_volume,0,0,0,0,no_volume,0,0,0,0,0,0,28995,37579,0.1289,974,-314,26,21,29,28,1
1774106452,28,71,0,0,0,0,no_volume,0,0,0,0,no_volume,0,0,0,0,no_volume,0,0,0,0,0,0,28995,37579,0.1289,974,974,25,21,29,28,1
1774106453,28,71,0,0,0,0,no_volume,0,0,0,0,no_volume,0,0,0,0,no_volume,0,0,0,0,0,0,28995,37579,0.1289,1822,974,25,21,29,28,1
1774106454,28,71,0,0,0,0,no_volume,0,0,0,0,no_volume,0,0,0,0,no_volume,0,0,0,0,0,0,28995,37579,0.1289,0,3770,25,21,29,28,1
1774106455,28,71,0,0,0,0,no_volume,0,0,0,0,no_volume,0,0,0,0,no_volume,0,0,0,0,0,0,28995,37579,0.1289,0,1948,25,21,29,28,1
1774106456,28,71,0,0,0,0,no_volume,0,0,0,0,no_volume,0,0,0,0,no_volume,0,0,0,0,0,0,28166,37579,0.1432,-829,145,25,21,29,28,1
1774106457,28,71,0,0,0,0,no_volume,0,0,0,0,no_volume,0,0,0,0,no_volume,0,0,0,0,0,0,28166,37579,0.1432,-829,145,25,21,29,28,1
1774106458,28,71,0,0,0,0,no_volume,0,0,0,0,no_volume,0,0,0,0,no_volume,0,0,0,0,0,0,28166,37871,0.147,-829,145,25,21,29,28,1
1774106459,28,71,0,0,0,0,no_volume,0,0,0,0,no_volume,0,0,0,0,no_volume,0,0,0,0,0,0,27318,37871,0.1619,-848,-703,26,21,29,28,1
1774106460,28,71,0,0,0,0,no_volume,0,0,0,0,no_volume,0,0,0,0,no_volume,0,0,0,0,0,0,28995,37871,0.1327,829,1822,27,21,29,28,1
1774106461,28,71,0,0,0,0,no_volume,0,0,0,0,no_volume,0,0,0,0,no_volume,0,0,0,0,0,0,28995,37871,0.1327,829,0,27,21,29,28,1
1774106462,28,71,0,0,0,0,no_volume,0,0,0,0,no_volume,0,0,0,0,no_volume,0,0,0,0,0,0,28995,37871,0.1327,1677,0,27,21,29,28,1
1774106463,28,71,0,0,0,0,no_volume,0,0,0,0,no_volume,0,0,0,0,no_volume,0,0,0,0,0,0,28021,37871,0.1495,-974,-974,26,21,29,28,1
1774106464,28,71,0,0,0,0,no_volume,0,0,0,0,no_volume,0,0,0,0,no_volume,0,0,0,0,0,0,28021,37871,0.1495,-974,-974,26,21,29,28,1
1774106465,28,71,0,0,0,0,no_volume,0,0,0,0,no_volume,0,0,0,0,no_volume,0,0,0,0,0,0,28021,37871,0.1495,-974,-974,26,21,29,28,1
1774106466,28,71,0,0,0,0,no_volume,0,0,0,0,no_volume,0,0,0,0,no_volume,0,0,0,0,0,0,28021,37871,0.1495,0,-145,27,21,29,28,1
1774106467,28,71,0,0,0,0,no_volume,0,0,0,0,no_volume,0,0,0,0,no_volume,0,0,0,0,0,0,27173,37838,0.164,-848,-993,26,21,29,28,1
1774106468,28,71,0,0,0,0,no_volume,0,0,0,0,no_volume,0,0,0,0,no_volume,0,0,0,0,0,0,28995,37838,0.1323,974,829,27,21,29,28,1
1774106469,28,71,0,0,0,0,no_volume,0,0,0,0,no_volume,0,0,0,0,no_volume,0,0,0,0,0,0,28995,37838,0.1323,974,1677,27,21,29,28,1
1774106470,28,71,0,0,0,0,no_volume,0,0,0,0,no_volume,0,0,0,0,no_volume,0,0,0,0,0,0,28995,37838,0.1323,1822,0,27,21,29,28,1
1774106471,28,71,0,0,0,0,no_volume,0,0,0,0,no_volume,0,0,0,0,no_volume,0,0,0,0,0,0,28021,37838,0.1491,-974,-974,27,21,29,28,1
1774106472,28,71,0,0,0,0,no_volume,0,0,0,0,no_volume,0,0,0,0,no_volume,0,0,0,0,0,0,28021,37838,0.1491,-974,-974,27,21,29,28,1
1774106473,28,71,0,0,0,0,no_volume,0,0,0,0,no_volume,0,0,0,0,no_volume,0,0,0,0,0,0,28021,37838,0.1491,-974,0,27,21,29,28,1
1774106474,28,71,0,0,0,0,no_volume,0,0,0,0,no_volume,0,0,0,0,no_volume,0,0,0,0,0,0,26199,37546,0.178,-1822,-1822,26,21,29,28,1
1774106475,28,71,0,0,0,0,no_volume,0,0,0,0,no_volume,0,0,0,0,no_volume,0,0,0,0,0,0,28995,37546,0.1285,974,974,27,21,29,28,1
1774106476,28,71,0,0,0,0,no_volume,0,0,0,0,no_volume,0,0,0,0,no_volume,0,0,0,0,0,0,27047,37546,0.1625,-974,-974,26,21,29,28,1
1774106477,28,71,0,0,0,0,no_volume,0,0,0,0,no_volume,0,0,0,0,no_volume,0,0,0,0,0,0,26733,8003,-0.5392,534,-440,26,14,29,28,1
1774106478,20,72,0,0,0,0,no_volume,0,0,0,0,no_volume,0,0,0,0,no_volume,0,0,0,0,0,0,24332,11393,-0.3622,-4663,-4663,24,14,28,20,8
1774106479,20,72,0,0,0,0,no_volume,0,0,0,0,no_volume,0,0,0,0,no_volume,0,0,0,0,0,0,26164,11393,-0.3933,-883,-2831,24,14,28,20,8
1774106480,21,72,0,0,0,0,no_volume,0,0,0,0,no_volume,0,0,0,0,no_volume,0,0,0,0,0,0,26164,9845,-0.4532,-569,-2831,24,14,28,21,7
1774106481,21,72,0,0,0,0,no_volume,0,0,0,0,no_volume,0,0,0,0,no_volume,0,0,0,0,0,0,26164,9845,-0.4532,1832,-1857,24,14,28,21,7
1774106482,22,72,0,0,0,0,no_volume,0,0,0,0,no_volume,0,0,0,0,no_volume,0,0,0,0,0,0,26164,9858,-0.4527,0,-1857,24,15,28,22,6
1774106483,22,72,0,0,0,0,no_volume,0,0,0,0,no_volume,0,0,0,0,no_volume,0,0,0,0,0,0,26164,9858,-0.4527,0,-1857,24,15,28,22,6
1774106484,22,72,0,0,0,0,no_volume,0,0,0,0,no_volume,0,0,0,0,no_volume,0,0,0,0,0,0,26164,9858,-0.4527,0,-35,24,15,28,22,6
1774106485,22,72,0,0,0,0,no_volume,0,0,0,0,no_volume,0,0,0,0,no_volume,0,0,0,0,0,0,26164,9858,-0.4527,0,-2831,24,15,28,22,6
1774106486,22,72,0,0,0,0,no_volume,0,0,0,0,no_volume,0,0,0,0,no_volume,0,0,0,0,0,0,26164,9858,-0.4527,0,-883,24,15,28,22,6
1774106487,22,72,0,0,0,0,no_volume,0,0,0,0,no_volume,0,0,0,0,no_volume,0,0,0,0,0,0,24332,9858,-0.4233,-1832,-2401,24,15,28,22,6
1774106488,22,72,0,0,0,0,no_volume,0,0,0,0,no_volume,0,0,0,0,no_volume,0,0,0,0,0,0,26154,4108,-0.7285,-10,1822,25,13,28,22,6
1774106489,24,72,0,0,0,0,no_volume,0,0,0,0,no_volume,0,0,0,0,no_volume,0,0,0,0,0,0,27442,10227,-0.457,1278,1278,26,15,28,24,4
1774106490,27,72,0,0,0,0,no_volume,0,0,0,0,no_volume,0,0,0,0,no_volume,0,0,0,0,0,0,27734,17506,-0.2261,3402,1570,26,17,28,27,1
1774106491,28,71,0,0,0,0,no_volume,0,0,0,0,no_volume,0,0,0,0,no_volume,0,0,0,0,0,0,25752,20895,-0.1041,-402,-412,24,18,29,28,1
1774106492,28,71,0,0,0,0,no_volume,0,0,0,0,no_volume,0,0,0,0,no_volume,0,0,0,0,0,0,27574,20895,-0.1378,132,1410,24,18,29,28,1
1774106493,28,71,0,0,0,0,no_volume,0,0,0,0,no_volume,0,0,0,0,no_volume,0,0,0,0,0,0,27574,20895,-0.1378,-160,1410,24,18,29,28,1
1774106494,28,71,0,0,0,0,no_volume,0,0,0,0,no_volume,0,0,0,0,no_volume,0,0,0,0,0,0,27574,22183,-0.1083,1822,1410,23,18,29,28,1
1774106495,28,71,0,0,0,0,no_volume,0,0,0,0,no_volume,0,0,0,0,no_volume,0,0,0,0,0,0,27574,22183,-0.1083,0,1410,23,18,29,28,1
1774106496,28,71,0,0,0,0,no_volume,0,0,0,0,no_volume,0,0,0,0,no_volume,0,0,0,0,0,0,25752,23751,-0.0404,-1822,-412,23,18,29,28,1
1774106497,28,71,0,0,0,0,no_volume,0,0,0,0,no_volume,0,0,0,0,no_volume,0,0,0,0,0,0,27574,23751,-0.0745,0,3242,25,18,29,28,1
1774106498,28,71,0,0,0,0,no_volume,0,0,0,0,no_volume,0,0,0,0,no_volume,0,0,0,0,0,0,27719,23751,-0.0771,145,1565,25,18,29,28,1
1774106499,28,71,0,0,0,0,no_volume,0,0,0,0,no_volume,0,0,0,0,no_volume,0,0,0,0,0,0,27719,23751,-0.0771,1967,277,24,18,29,28,1
1774106500,28,71,0,0,0,0,no_volume,0,0,0,0,no_volume,0,0,0,0,no_volume,0,0,0,0,0,0,27719,23751,-0.0771,145,-15,24,18,29,28,1
1774106501,28,71,0,0,0,0,no_volume,0,0,0,0,no_volume,0,0,0,0,no_volume,0,0,0,0,0,0,26871,23751,-0.0616,-848,1119,24,18,29,28,1
1774106502,28,71,0,0,0,0,no_volume,0,0,0,0,no_volume,0,0,0,0,no_volume,0,0,0,0,0,0,28693,23751,-0.0942,974,1119,25,18,29,28,1
1774106503,28,71,0,0,0,0,no_volume,0,0,0,0,no_volume,0,0,0,0,no_volume,0,0,0,0,0,0,28693,23751,-0.0942,974,1119,25,18,29,28,1
1774106504,28,71,0,0,0,0,no_volume,0,0,0,0,no_volume,0,0,0,0,no_volume,0,0,0,0,0,0,28693,23751,-0.0942,1822,1119,25,18,29,28,1
1774106505,28,71,0,0,0,0,no_volume,0,0,0,0,no_volume,0,0,0,0,no_volume,0,0,0,0,0,0,28693,23751,-0.0942,0,1119,25,18,29,28,1
1774106506,28,71,0,0,0,0,no_volume,0,0,0,0,no_volume,0,0,0,0,no_volume,0,0,0,0,0,0,27574,23751,-0.0745,-1119,1822,25,18,29,28,1
1774106507,28,71,0,0,0,0,no_volume,0,0,0,0,no_volume,0,0,0,0,no_volume,0,0,0,0,0,0,26286,8447,-0.5136,-2407,-1288,24,14,29,28,1
1774106508,20,71,0,0,0,0,no_volume,0,0,0,0,no_volume,0,0,0,0,no_volume,0,0,0,0,0,0,25994,5733,-0.6386,-2699,-1725,24,14,29,20,9
1774106509,20,71,0,0,0,0,no_volume,0,0,0,0,no_volume,0,0,0,0,no_volume,0,0,0,0,0,0,24172,5733,-0.6166,-3402,-3547,23,14,29,20,9
1774106510,20,71,0,0,0,0,no_volume,0,0,0,0,no_volume,0,0,0,0,no_volume,0,0,0,0,0,0,25994,5403,-0.6558,-292,-1725,23,14,29,20,9
1774106511,20,71,0,0,0,0,no_volume,0,0,0,0,no_volume,0,0,0,0,no_volume,0,0,0,0,0,0,25994,3835,-0.7429,0,-877,22,14,29,20,9
1774106512,20,71,0,0,0,0,no_volume,0,0,0,0,no_volume,0,0,0,0,no_volume,0,0,0,0,0,0,25994,3835,-0.7429,1822,-2699,22,14,29,20,9
1774106513,28,71,0,0,0,0,no_volume,0,0,0,0,no_volume,0,0,0,0,no_volume,0,0,0,0,0,0,27734,22349,-0.1075,1740,-959,24,20,29,28,1
1774106514,28,71,0,0,0,0,no_volume,0,0,0,0,no_volume,0,0,0,0,no_volume,0,0,0,0,0,0,27574,24595,-0.0571,1580,-1119,24,21,29,28,1
1774106515,28,71,0,0,0,0,no_volume,0,0,0,0,no_volume,0,0,0,0,no_volume,0,0,0,0,0,0,25752,25947,0.0038,-242,-2941,24,22,29,28,1
1774106516,28,71,0,0,0,0,no_volume,0,0,0,0,no_volume,0,0,0,0,no_volume,0,0,0,0,0,0,27574,28803,0.0218,-160,0,24,22,29,28,1
1774106517,28,71,0,0,0,0,no_volume,0,0,0,0,no_volume,0,0,0,0,no_volume,0,0,0,0,0,0,27574,28803,0.0218,0,1288,24,22,29,28,1
1774106518,28,71,0,0,0,0,no_volume,0,0,0,0,no_volume,0,0,0,0,no_volume,0,0,0,0,0,0,26600,28803,0.0398,848,606,23,22,29,28,1
1774106519,28,71,0,0,0,0,no_volume,0,0,0,0,no_volume,0,0,0,0,no_volume,0,0,0,0,0,0,26600,28803,0.0398,-974,2428,23,22,29,28,1
1774106520,28,71,0,0,0,0,no_volume,0,0,0,0,no_volume,0,0,0,0,no_volume,0,0,0,0,0,0,25752,28803,0.0559,-1822,-242,23,22,29,28,1
1774106521,28,71,0,0,0,0,no_volume,0,0,0,0,no_volume,0,0,0,0,no_volume,0,0,0,0,0,0,27574,28803,0.0218,974,1580,23,22,29,28,1
1774106522,28,71,0,0,0,0,no_volume,0,0,0,0,no_volume,0,0,0,0,no_volume,0,0,0,0,0,0,27574,28803,0.0218,974,1580,23,22,29,28,1
1774106523,28,71,0,0,0,0,no_volume,0,0,0,0,no_volume,0,0,0,0,no_volume,0,0,0,0,0,0,27574,28803,0.0218,1822,-160,24,22,29,28,1
1774106524,28,71,0,0,0,0,no_volume,0,0,0,0,no_volume,0,0,0,0,no_volume,0,0,0,0,0,0,27574,28803,0.0218,0,0,24,22,29,28,1
1774106525,28,71,0,0,0,0,no_volume,0,0,0,0,no_volume,0,0,0,0,no_volume,0,0,0,0,0,0,25752,28803,0.0559,-1822,0,23,22,29,28,1
1774106526,28,71,0,0,0,0,no_volume,0,0,0,0,no_volume,0,0,0,0,no_volume,0,0,0,0,0,0,27282,28803,0.0271,-292,-292,23,22,29,28,1
1774106527,28,71,0,0,0,0,no_volume,0,0,0,0,no_volume,0,0,0,0,no_volume,0,0,0,0,0,0,26630,28803,0.0392,-944,-944,23,22,29,28,1
1774106528,28,71,0,0,0,0,no_volume,0,0,0,0,no_volume,0,0,0,0,no_volume,0,0,0,0,0,0,27282,28803,0.0271,1530,682,24,22,29,28,1
1774106529,28,71,0,0,0,0,no_volume,0,0,0,0,no_volume,0,0,0,0,no_volume,0,0,0,0,0,0,27282,28803,0.0271,0,682,24,22,29,28,1
1774106530,28,71,0,0,0,0,no_volume,0,0,0,0,no_volume,0,0,0,0,no_volume,0,0,0,0,0,0,27282,28803,0.0271,652,1530,25,22,29,28,1
1774106531,28,71,0,0,0,0,no_volume,0,0,0,0,no_volume,0,0,0,0,no_volume,0,0,0,0,0,0,25460,28803,0.0616,-1822,-2114,24,22,29,28,1
1774106532,28,71,0,0,0,0,no_volume,0,0,0,0,no_volume,0,0,0,0,no_volume,0,0,0,0,0,0,28256,28803,0.0096,974,682,26,22,29,28,1
1774106533,28,71,0,0,0,0,no_volume,0,0,0,0,no_volume,0,0,0,0,no_volume,0,0,0,0,0,0,27282,28803,0.0271,0,-292,25,22,29,28,1
1774106534,28,71,0,0,0,0,no_volume,0,0,0,0,no_volume,0,0,0,0,no_volume,0,0,0,0,0,0,27282,28803,0.0271,1822,-292,25,22,29,28,1
1774106535,28,71,0,0,0,0,no_volume,0,0,0,0,no_volume,0,0,0,0,no_volume,0,0,0,0,0,0,27604,28803,0.0213,-652,1852,25,22,29,28,1
1774106536,28,71,0,0,0,0,no_volume,0,0,0,0,no_volume,0,0,0,0,no_volume,0,0,0,0,0,0,27604,28803,0.0213,322,322,25,22,29,28,1
1774106537,28,71,0,0,0,0,no_volume,0,0,0,0,no_volume,0,0,0,0,no_volume,0,0,0,0,0,0,26756,28803,0.0368,-526,126,24,22,29,28,1
1774106538,28,71,0,0,0,0,no_volume,0,0,0,0,no_volume,0,0,0,0,no_volume,0,0,0,0,0,0,27604,28803,0.0213,0,322,24,22,29,28,1
1774106539,28,71,0,0,0,0,no_volume,0,0,0,0,no_volume,0,0,0,0,no_volume,0,0,0,0,0,0,27604,28803,0.0213,0,322,24,22,29,28,1
1774106540,28,71,0,0,0,0,no_volume,0,0,0,0,no_volume,0,0,0,0,no_volume,0,0,0,0,0,0,27604,28803,0.0213,848,322,24,22,29,28,1
1774106541,28,71,0,0,0,0,no_volume,0,0,0,0,no_volume,0,0,0,0,no_volume,0,0,0,0,0,0,27604,28803,0.0213,0,2144,24,22,29,28,1
1774106542,28,71,0,0,0,0,no_volume,0,0,0,0,no_volume,0,0,0,0,no_volume,0,0,0,0,0,0,27604,28803,0.0213,0,-652,24,22,29,28,1
1774106543,28,71,0,0,0,0,no_volume,0,0,0,0,no_volume,0,0,0,0,no_volume,0,0,0,0,0,0,25927,28803,0.0525,-1677,-1355,24,22,29,28,1
1774106544,28,71,0,0,0,0,no_volume,0,0,0,0,no_volume,0,0,0,0,no_volume,0,0,0,0,0,0,28723,28803,0.0014,1119,1441,25,22,29,28,1
1774106545,28,71,0,0,0,0,no_volume,0,0,0,0,no_volume,0,0,0,0,no_volume,0,0,0,0,0,0,28723,28803,0.0014,1119,1119,25,22,29,28,1
1774106546,28,71,0,0,0,0,no_volume,0,0,0,0,no_volume,0,0,0,0,no_volume,0,0,0,0,0,0,28723,28803,0.0014,2796,1119,25,22,29,28,1
1774106547,28,71,0,0,0,0,no_volume,0,0,0,0,no_volume,0,0,0,0,no_volume,0,0,0,0,0,0,28723,28803,0.0014,0,1967,25,22,29,28,1
1774106548,28,71,0,0,0,0,no_volume,0,0,0,0,no_volume,0,0,0,0,no_volume,0,0,0,0,0,0,28723,28803,0.0014,0,1119,25,22,29,28,1
1774106549,28,71,0,0,0,0,no_volume,0,0,0,0,no_volume,0,0,0,0,no_volume,0,0,0,0,0,0,26901,28803,0.0341,-1822,-703,24,22,29,28,1
1774106550,28,71,0,0,0,0,no_volume,0,0,0,0,no_volume,0,0,0,0,no_volume,0,0,0,0,0,0,28723,28803,0.0014,0,1119,24,22,29,28,1
1774106551,28,71,0,0,0,0,no_volume,0,0,0,0,no_volume,0,0,0,0,no_volume,0,0,0,0,0,0,26630,28803,0.0392,-2093,-974,23,22,29,28,1
1774106552,28,71,0,0,0,0,no_volume,0,0,0,0,no_volume,0,0,0,0,no_volume,0,0,0,0,0,0,26630,28803,0.0392,-271,-974,23,22,29,28,1
1774106553,19,70,0,0,0,0,no_volume,0,0,0,0,no_volume,0,0,0,0,no_volume,0,0,0,0,0,0,21560,5195,-0.6117,-7163,-4367,22,14,30,19,11
1774106554,19,71,0,0,0,0,no_volume,0,0,0,0,no_volume,0,0,0,0,no_volume,0,0,0,0,0,0,21720,5215,-0.6128,-4910,-7003,23,14,29,19,10
1774106555,28,71,0,0,0,0,no_volume,0,0,0,0,no_volume,0,0,0,0,no_volume,0,0,0,0,0,0,21319,36438,0.2618,-5311,-7404,23,21,29,28,1
1774106556,28,71,0,0,0,0,no_volume,0,0,0,0,no_volume,0,0,0,0,no_volume,0,0,0,0,0,0,24115,37412,0.2161,2555,-4608,25,21,29,28,1
1774106557,28,71,0,0,0,0,no_volume,0,0,0,0,no_volume,0,0,0,0,no_volume,0,0,0,0,0,0,24115,37412,0.2161,2395,-4608,25,21,29,28,1
1774106558,28,70,0,0,0,0,no_volume,0,0,0,0,no_volume,0,0,0,0,no_volume,0,0,0,0,0,0,23955,35844,0.1988,2636,-4768,24,20,30,28,2
1774106559,28,70,0,0,0,0,no_volume,0,0,0,0,no_volume,0,0,0,0,no_volume,0,0,0,0,0,0,23955,35844,0.1988,-160,-2946,24,20,30,28,2
1774106560,28,70,0,0,0,0,no_volume,0,0,0,0,no_volume,0,0,0,0,no_volume,0,0,0,0,0,0,23955,35844,0.1988,-160,-4768,24,20,30,28,2
1774106561,28,70,0,0,0,0,no_volume,0,0,0,0,no_volume,0,0,0,0,no_volume,0,0,0,0,0,0,22133,35844,0.2365,-1822,-4497,23,20,30,28,2
1774106562,28,70,0,0,0,0,no_volume,0,0,0,0,no_volume,0,0,0,0,no_volume,0,0,0,0,0,0,22981,35844,0.2187,-974,-3649,22,20,30,28,2
1774106563,28,70,0,0,0,0,no_volume,0,0,0,0,no_volume,0,0,0,0,no_volume,0,0,0,0,0,0,22981,36166,0.2229,-974,1421,21,20,30,28,2
1774106564,28,70,0,0,0,0,no_volume,0,0,0,0,no_volume,0,0,0,0,no_volume,0,0,0,0,0,0,23955,36818,0.2117,1822,2235,22,20,30,28,2
1774106565,28,70,0,0,0,0,no_volume,0,0,0,0,no_volume,0,0,0,0,no_volume,0,0,0,0,0,0,23955,36818,0.2117,974,2636,22,20,30,28,2
1774106566,28,70,0,0,0,0,no_volume,0,0,0,0,no_volume,0,0,0,0,no_volume,0,0,0,0,0,0,23170,35844,0.2148,189,-945,22,20,30,28,2
1774106567,28,70,0,0,0,0,no_volume,0,0,0,0,no_volume,0,0,0,0,no_volume,0,0,0,0,0,0,22322,35844,0.2325,-1633,-1793,23,20,30,28,2
1774106568,28,70,0,0,0,0,no_volume,0,0,0,0,no_volume,0,0,0,0,no_volume,0,0,0,0,0,0,24144,37412,0.2155,189,189,24,20,30,28,2
1774106569,28,70,0,0,0,0,no_volume,0,0,0,0,no_volume,0,0,0,0,no_volume,0,0,0,0,0,0,24144,37412,0.2155,974,189,24,20,30,28,2
1774106570,28,70,0,0,0,0,no_volume,0,0,0,0,no_volume,0,0,0,0,no_volume,0,0,0,0,0,0,23170,37412,0.2351,848,-785,24,20,30,28,2
1774106571,28,70,0,0,0,0,no_volume,0,0,0,0,no_volume,0,0,0,0,no_volume,0,0,0,0,0,0,23170,37412,0.2351,-974,1037,24,20,30,28,2
1774106572,28,70,0,0,0,0,no_volume,0,0,0,0,no_volume,0,0,0,0,no_volume,0,0,0,0,0,0,23170,37412,0.2351,-974,189,24,20,30,28,2
1774106573,28,70,0,0,0,0,no_volume,0,0,0,0,no_volume,0,0,0,0,no_volume,0,0,0,0,0,0,21348,37412,0.2734,-1822,-1633,23,20,30,28,2
1774106574,28,70,0,0,0,0,no_volume,0,0,0,0,no_volume,0,0,0,0,no_volume,0,0,0,0,0,0,24144,37412,0.2155,974,189,25,20,30,28,2
1774106575,28,70,0,0,0,0,no_volume,0,0,0,0,no_volume,0,0,0,0,no_volume,0,0,0,0,0,0,24144,37412,0.2155,974,189,25,20,30,28,2
1774106576,28,70,0,0,0,0,no_volume,0,0,0,0,no_volume,0,0,0,0,no_volume,0,0,0,0,0,0,24144,37412,0.2155,2796,974,25,20,30,28,2
1774106577,28,70,0,0,0,0,no_volume,0,0,0,0,no_volume,0,0,0,0,no_volume,0,0,0,0,0,0,24144,37412,0.2155,0,1822,23,20,30,28,2
1774106578,28,70,0,0,0,0,no_volume,0,0,0,0,no_volume,0,0,0,0,no_volume,0,0,0,0,0,0,22322,37412,0.2526,-1822,-1822,22,20,30,28,2
1774106579,28,70,0,0,0,0,no_volume,0,0,0,0,no_volume,0,0,0,0,no_volume,0,0,0,0,0,0,22196,37412,0.2553,-1948,-1948,23,20,30,28,2
1774106580,28,70,0,0,0,0,no_volume,0,0,0,0,no_volume,0,0,0,0,no_volume,0,0,0,0,0,0,23170,37412,0.2351,-974,0,23,20,30,28,2
1774106581,28,70,0,0,0,0,no_volume,0,0,0,0,no_volume,0,0,0,0,no_volume,0,0,0,0,0,0,23170,37412,0.2351,848,0,23,20,30,28,2
1774106582,28,70,0,0,0,0,no_volume,0,0,0,0,no_volume,0,0,0,0,no_volume,0,0,0,0,0,0,23170,37412,0.2351,974,0,23,20,30,28,2
1774106583,28,70,0,0,0,0,no_volume,0,0,0,0,no_volume,0,0,0,0,no_volume,0,0,0,0,0,0,23170,37412,0.2351,0,1822,23,20,30,28,2
1774106584,28,70,0,0,0,0,no_volume,0,0,0,0,no_volume,0,0,0,0,no_volume,0,0,0,0,0,0,22322,37412,0.2526,-848,-1822,23,20,30,28,2
1774106585,28,70,0,0,0,0,no_volume,0,0,0,0,no_volume,0,0,0,0,no_volume,0,0,0,0,0,0,24144,37412,0.2155,974,0,24,20,30,28,2
1774106586,28,70,0,0,0,0,no_volume,0,0,0,0,no_volume,0,0,0,0,no_volume,0,0,0,0,0,0,24144,37412,0.2155,974,0,24,20,30,28,2
1774106587,28,70,0,0,0,0,no_volume,0,0,0,0,no_volume,0,0,0,0,no_volume,0,0,0,0,0,0,24144,37412,0.2155,1822,0,24,20,30,28,2
1774106588,28,70,0,0,0,0,no_volume,0,0,0,0,no_volume,0,0,0,0,no_volume,0,0,0,0,0,0,23170,37412,0.2351,-974,848,24,20,30,28,2
1774106589,28,70,0,0,0,0,no_volume,0,0,0,0,no_volume,0,0,0,0,no_volume,0,0,0,0,0,0,23170,37412,0.2351,-974,974,24,20,30,28,2
1774106590,28,70,0,0,0,0,no_volume,0,0,0,0,no_volume,0,0,0,0,no_volume,0,0,0,0,0,0,23170,37412,0.2351,-974,0,24,20,30,28,2
1774106591,28,70,0,0,0,0,no_volume,0,0,0,0,no_volume,0,0,0,0,no_volume,0,0,0,0,0,0,21348,37412,0.2734,-1822,-1822,23,20,30,28,2
1774106592,28,70,0,0,0,0,no_volume,0,0,0,0,no_volume,0,0,0,0,no_volume,0,0,0,0,0,0,23170,37412,0.2351,0,0,24,20,30,28,2
1774106593,28,70,0,0,0,0,no_volume,0,0,0,0,no_volume,0,0,0,0,no_volume,0,0,0,0,0,0,23170,37412,0.2351,0,0,24,20,30,28,2
1774106594,28,70,0,0,0,0,no_volume,0,0,0,0,no_volume,0,0,0,0,no_volume,0,0,0,0,0,0,23170,37412,0.2351,1822,848,24,20,30,28,2
1774106595,28,70,0,0,0,0,no_volume,0,0,0,0,no_volume,0,0,0,0,no_volume,0,0,0,0,0,0,23170,37412,0.2351,0,-974,24,20,30,28,2
1774106596,28,70,0,0,0,0,no_volume,0,0,0,0,no_volume,0,0,0,0,no_volume,0,0,0,0,0,0,24144,37412,0.2155,974,0,24,20,30,28,2
1774106597,28,70,0,0,0,0,no_volume,0,0,0,0,no_volume,0,0,0,0,no_volume,0,0,0,0,0,0,21882,8365,-0.4469,-1288,-2262,22,15,30,28,2
1774106598,19,70,0,0,0,0,no_volume,0,0,0,0,no_volume,0,0,0,0,no_volume,0,0,0,0,0,0,21560,4807,-0.6354,-1610,-1610,22,12,30,19,11
1774106599,19,71,0,0,0,0,no_volume,0,0,0,0,no_volume,0,0,0,0,no_volume,0,0,0,0,0,0,21730,4807,-0.6377,-2414,-1440,23,12,29,19,10
1774106600,19,71,0,0,0,0,no_volume,0,0,0,0,no_volume,0,0,0,0,no_volume,0,0,0,0,0,0,19908,4819,-0.6102,-1974,-3262,22,13,29,19,10
1774106601,20,71,0,0,0,0,no_volume,0,0,0,0,no_volume,0,0,0,0,no_volume,0,0,0,0,0,0,21730,4838,-0.6358,170,382,24,13,29,20,9
1774106602,20,71,0,0,0,0,no_volume,0,0,0,0,no_volume,0,0,0,0,no_volume,0,0,0,0,0,0,21730,3270,-0.7384,0,-1440,24,13,29,20,9
1774106603,20,71,0,0,0,0,no_volume,0,0,0,0,no_volume,0,0,0,0,no_volume,0,0,0,0,0,0,21730,3270,-0.7384,1822,-1440,24,13,29,20,9
1774106604,20,71,0,0,0,0,no_volume,0,0,0,0,no_volume,0,0,0,0,no_volume,0,0,0,0,0,0,21730,3270,-0.7384,0,-1440,24,13,29,20,9
1774106605,20,71,0,0,0,0,no_volume,0,0,0,0,no_volume,0,0,0,0,no_volume,0,0,0,0,0,0,21730,3270,-0.7384,0,-1440,24,13,29,20,9
1774106606,20,71,0,0,0,0,no_volume,0,0,0,0,no_volume,0,0,0,0,no_volume,0,0,0,0,0,0,21730,3270,-0.7384,0,-2414,24,13,29,20,9
1774106607,20,71,0,0,0,0,no_volume,0,0,0,0,no_volume,0,0,0,0,no_volume,0,0,0,0,0,0,19908,3270,-0.7178,-1822,-1974,23,13,29,20,9
1774106608,20,71,0,0,0,0,no_volume,0,0,0,0,no_volume,0,0,0,0,no_volume,0,0,0,0,0,0,19908,3270,-0.7178,-1822,-1652,23,13,29,20,9
1774106609,20,71,0,0,0,0,no_volume,0,0,0,0,no_volume,0,0,0,0,no_volume,0,0,0,0,0,0,21730,3270,-0.7384,0,0,24,13,29,20,9
1774106610,20,71,0,0,0,0,no_volume,0,0,0,0,no_volume,0,0,0,0,no_volume,0,0,0,0,0,0,21730,3270,-0.7384,1822,1822,24,13,29,20,9
1774106611,20,71,0,0,0,0,no_volume,0,0,0,0,no_volume,0,0,0,0,no_volume,0,0,0,0,0,0,21740,3270,-0.7385,1832,10,24,13,29,20,9
1774106612,20,71,0,0,0,0,no_volume,0,0,0,0,no_volume,0,0,0,0,no_volume,0,0,0,0,0,0,21740,3270,-0.7385,10,10,24,13,29,20,9
1774106613,20,71,0,0,0,0,no_volume,0,0,0,0,no_volume,0,0,0,0,no_volume,0,0,0,0,0,0,19918,3270,-0.718,-1812,-1812,23,13,29,20,9
1774106614,20,71,0,0,0,0,no_volume,0,0,0,0,no_volume,0,0,0,0,no_volume,0,0,0,0,0,0,21740,3270,-0.7385,0,10,23,13,29,20,9
1774106615,20,71,0,0,0,0,no_volume,0,0,0,0,no_volume,0,0,0,0,no_volume,0,0,0,0,0,0,21740,3270,-0.7385,0,10,23,13,29,20,9
1774106616,20,71,0,0,0,0,no_volume,0,0,0,0,no_volume,0,0,0,0,no_volume,0,0,0,0,0,0,21740,3270,-0.7385,1822,10,23,13,29,20,9
1774106617,20,71,0,0,0,0,no_volume,0,0,0,0,no_volume,0,0,0,0,no_volume,0,0,0,0,0,0,21740,3270,-0.7385,0,1832,23,13,29,20,9
1774106618,20,71,0,0,0,0,no_volume,0,0,0,0,no_volume,0,0,0,0,no_volume,0,0,0,0,0,0,21740,3270,-0.7385,0,1832,23,13,29,20,9
1774106619,28,71,0,0,0,0,no_volume,0,0,0,0,no_volume,0,0,0,0,no_volume,0,0,0,0,0,0,21519,20459,-0.0253,-221,-211,24,21,29,28,1
1774106620,28,70,0,0,0,0,no_volume,0,0,0,0,no_volume,0,0,0,0,no_volume,0,0,0,0,0,0,23161,20439,-0.0624,1421,1431,23,21,30,28,2
1774106621,28,70,0,0,0,0,no_volume,0,0,0,0,no_volume,0,0,0,0,no_volume,0,0,0,0,0,0,23161,19151,-0.0948,1421,1421,23,20,30,28,2
1774106622,28,70,0,0,0,0,no_volume,0,0,0,0,no_volume,0,0,0,0,no_volume,0,0,0,0,0,0,23161,19151,-0.0948,1642,1421,23,20,30,28,2
1774106623,28,70,0,0,0,0,no_volume,0,0,0,0,no_volume,0,0,0,0,no_volume,0,0,0,0,0,0,23308,20439,-0.0656,147,3390,23,20,30,28,2
1774106624,28,70,0,0,0,0,no_volume,0,0,0,0,no_volume,0,0,0,0,no_volume,0,0,0,0,0,0,23308,20439,-0.0656,147,1568,23,20,30,28,2
1774106625,28,70,0,0,0,0,no_volume,0,0,0,0,no_volume,0,0,0,0,no_volume,0,0,0,0,0,0,23308,19151,-0.0979,147,1568,23,20,30,28,2
1774106626,28,70,0,0,0,0,no_volume,0,0,0,0,no_volume,0,0,0,0,no_volume,0,0,0,0,0,0,21486,20439,-0.025,-1822,-254,22,20,30,28,2
1774106627,28,70,0,0,0,0,no_volume,0,0,0,0,no_volume,0,0,0,0,no_volume,0,0,0,0,0,0,23308,20447,-0.0654,0,1568,22,20,30,28,2
1774106628,28,70,0,0,0,0,no_volume,0,0,0,0,no_volume,0,0,0,0,no_volume,0,0,0,0,0,0,22187,20447,-0.0408,-1121,447,22,20,30,28,2
1774106629,28,70,0,0,0,0,no_volume,0,0,0,0,no_volume,0,0,0,0,no_volume,0,0,0,0,0,0,22187,22015,-0.0039,701,668,22,20,30,28,2
1774106630,28,70,0,0,0,0,no_volume,0,0,0,0,no_volume,0,0,0,0,no_volume,0,0,0,0,0,0,23161,22015,-0.0254,-147,0,23,20,30,28,2
1774106631,28,70,0,0,0,0,no_volume,0,0,0,0,no_volume,0,0,0,0,no_volume,0,0,0,0,0,0,23161,22015,-0.0254,974,0,23,20,30,28,2
1774106632,28,70,0,0,0,0,no_volume,0,0,0,0,no_volume,0,0,0,0,no_volume,0,0,0,0,0,0,21339,22015,0.0156,-848,-1822,23,20,30,28,2
1774106633,28,70,0,0,0,0,no_volume,0,0,0,0,no_volume,0,0,0,0,no_volume,0,0,0,0,0,0,23161,22015,-0.0254,0,-147,24,20,30,28,2
1774106634,28,70,0,0,0,0,no_volume,0,0,0,0,no_volume,0,0,0,0,no_volume,0,0,0,0,0,0,23161,22015,-0.0254,0,-147,24,20,30,28,2
1774106635,28,70,0,0,0,0,no_volume,0,0,0,0,no_volume,0,0,0,0,no_volume,0,0,0,0,0,0,23161,22015,-0.0254,1822,-147,24,20,30,28,2
1774106636,28,70,0,0,0,0,no_volume,0,0,0,0,no_volume,0,0,0,0,no_volume,0,0,0,0,0,0,23161,22015,-0.0254,0,1675,24,20,30,28,2
1774106637,28,70,0,0,0,0,no_volume,0,0,0,0,no_volume,0,0,0,0,no_volume,0,0,0,0,0,0,23161,22015,-0.0254,0,-147,24,20,30,28,2
1774106638,28,70,0,0,0,0,no_volume,0,0,0,0,no_volume,0,0,0,0,no_volume,0,0,0,0,0,0,23161,22015,-0.0254,0,974,24,20,30,28,2
1774106639,28,70,0,0,0,0,no_volume,0,0,0,0,no_volume,0,0,0,0,no_volume,0,0,0,0,0,0,23161,22015,-0.0254,0,974,24,20,30,28,2
1774106640,28,70,0,0,0,0,no_volume,0,0,0,0,no_volume,0,0,0,0,no_volume,0,0,0,0,0,0,23161,22015,-0.0254,0,0,24,20,30,28,2
1774106641,28,70,0,0,0,0,no_volume,0,0,0,0,no_volume,0,0,0,0,no_volume,0,0,0,0,0,0,22460,22015,-0.01,-701,-701,23,20,30,28,2
1774106642,28,70,0,0,0,0,no_volume,0,0,0,0,no_volume,0,0,0,0,no_volume,0,0,0,0,0,0,24282,22015,-0.049,1121,2943,23,20,30,28,2
1774106643,28,70,0,0,0,0,no_volume,0,0,0,0,no_volume,0,0,0,0,no_volume,0,0,0,0,0,0,24282,22015,-0.049,1121,1121,23,20,30,28,2
1774106644,28,70,0,0,0,0,no_volume,0,0,0,0,no_volume,0,0,0,0,no_volume,0,0,0,0,0,0,24282,22015,-0.049,1822,1121,23,20,30,28,2
1774106645,19,70,0,0,0,0,no_volume,0,0,0,0,no_volume,0,0,0,0,no_volume,0,0,0,0,0,0,21560,4799,-0.6359,-2722,-1601,22,12,30,19,11
1774106646,19,71,0,0,0,0,no_volume,0,0,0,0,no_volume,0,0,0,0,no_volume,0,0,0,0,0,0,21740,4819,-0.6371,-2542,-1421,23,12,29,19,10
1774106647,19,71,0,0,0,0,no_volume,0,0,0,0,no_volume,0,0,0,0,no_volume,0,0,0,0,0,0,21730,3531,-0.7204,-2552,-1431,23,12,29,19,10
1774106648,19,71,0,0,0,0,no_volume,0,0,0,0,no_volume,0,0,0,0,no_volume,0,0,0,0,0,0,19908,4819,-0.6102,-1652,-3253,23,12,29,19,10
1774106649,19,71,0,0,0,0,no_volume,0,0,0,0,no_volume,0,0,0,0,no_volume,0,0,0,0,0,0,19908,3251,-0.7192,-1832,-3253,23,12,29,19,10
1774106650,19,71,0,0,0,0,no_volume,0,0,0,0,no_volume,0,0,0,0,no_volume,0,0,0,0,0,0,21730,3251,-0.7397,0,-1431,24,12,29,19,10
1774106651,19,71,0,0,0,0,no_volume,0,0,0,0,no_volume,0,0,0,0,no_volume,0,0,0,0,0,0,21730,3251,-0.7397,1822,-730,24,12,29,19,10
1774106652,19,71,0,0,0,0,no_volume,0,0,0,0,no_volume,0,0,0,0,no_volume,0,0,0,0,0,0,21730,3251,-0.7397,1822,-2552,24,12,29,19,10
1774106653,28,71,0,0,0,0,no_volume,0,0,0,0,no_volume,0,0,0,0,no_volume,0,0,0,0,0,0,23340,25010,0.0345,1610,-942,25,20,29,28,1
1774106654,28,71,0,0,0,0,no_volume,0,0,0,0,no_volume,0,0,0,0,no_volume,0,0,0,0,0,0,23340,25010,0.0345,1610,-942,25,20,29,28,1
1774106655,28,71,0,0,0,0,no_volume,0,0,0,0,no_volume,0,0,0,0,no_volume,0,0,0,0,0,0,23340,23722,0.0081,1610,1780,25,20,29,28,1
1774106656,28,70,0,0,0,0,no_volume,0,0,0,0,no_volume,0,0,0,0,no_volume,0,0,0,0,0,0,23170,23722,0.0118,-170,1430,24,20,30,28,2
1774106657,28,70,0,0,0,0,no_volume,0,0,0,0,no_volume,0,0,0,0,no_volume,0,0,0,0,0,0,21348,25010,0.079,-1992,-382,22,20,30,28,2
1774106658,28,70,0,0,0,0,no_volume,0,0,0,0,no_volume,0,0,0,0,no_volume,0,0,0,0,0,0,23170,25010,0.0382,-170,3262,22,20,30,28,2
1774106659,28,70,0,0,0,0,no_volume,0,0,0,0,no_volume,0,0,0,0,no_volume,0,0,0,0,0,0,23170,24688,0.0317,0,3262,23,20,30,28,2
1774106660,28,70,0,0,0,0,no_volume,0,0,0,0,no_volume,0,0,0,0,no_volume,0,0,0,0,0,0,23170,24688,0.0317,1822,1440,23,20,30,28,2
1774106661,28,70,0,0,0,0,no_volume,0,0,0,0,no_volume,0,0,0,0,no_volume,0,0,0,0,0,0,23170,25010,0.0382,0,1440,23,20,30,28,2
1774106662,28,70,0,0,0,0,no_volume,0,0,0,0,no_volume,0,0,0,0,no_volume,0,0,0,0,0,0,23170,25010,0.0382,0,1440,23,20,30,28,2
1774106663,28,70,0,0,0,0,no_volume,0,0,0,0,no_volume,0,0,0,0,no_volume,0,0,0,0,0,0,23315,26578,0.0654,145,-25,23,20,30,28,2
1774106664,28,70,0,0,0,0,no_volume,0,0,0,0,no_volume,0,0,0,0,no_volume,0,0,0,0,0,0,23315,26578,0.0654,145,-25,23,20,30,28,2
1774106665,28,70,0,0,0,0,no_volume,0,0,0,0,no_volume,0,0,0,0,no_volume,0,0,0,0,0,0,22467,26578,0.0838,-703,-873,23,20,30,28,2
1774106666,28,70,0,0,0,0,no_volume,0,0,0,0,no_volume,0,0,0,0,no_volume,0,0,0,0,0,0,22341,26578,0.0866,-974,-829,23,20,30,28,2
1774106667,28,70,0,0,0,0,no_volume,0,0,0,0,no_volume,0,0,0,0,no_volume,0,0,0,0,0,0,22341,26578,0.0866,-974,993,23,20,30,28,2
1774106668,28,70,0,0,0,0,no_volume,0,0,0,0,no_volume,0,0,0,0,no_volume,0,0,0,0,0,0,22196,26578,0.0898,-271,-974,23,20,30,28,2
1774106669,28,70,0,0,0,0,no_volume,0,0,0,0,no_volume,0,0,0,0,no_volume,0,0,0,0,0,0,22196,26578,0.0898,-145,-974,23,20,30,28,2
1774106670,28,70,0,0,0,0,no_volume,0,0,0,0,no_volume,0,0,0,0,no_volume,0,0,0,0,0,0,23170,26578,0.0685,829,0,24,20,30,28,2
1774106671,28,70,0,0,0,0,no_volume,0,0,0,0,no_volume,0,0,0,0,no_volume,0,0,0,0,0,0,21348,26578,0.1091,-848,-1822,23,20,30,28,2
1774106672,28,70,0,0,0,0,no_volume,0,0,0,0,no_volume,0,0,0,0,no_volume,0,0,0,0,0,0,23170,26578,0.0685,974,0,24,20,30,28,2
1774106673,28,70,0,0,0,0,no_volume,0,0,0,0,no_volume,0,0,0,0,no_volume,0,0,0,0,0,0,23170,26578,0.0685,0,-145,24,20,30,28,2
1774106674,28,70,0,0,0,0,no_volume,0,0,0,0,no_volume,0,0,0,0,no_volume,0,0,0,0,0,0,23170,26578,0.0685,1822,-145,24,20,30,28,2
1774106675,28,70,0,0,0,0,no_volume,0,0,0,0,no_volume,0,0,0,0,no_volume,0,0,0,0,0,0,23170,26578,0.0685,0,703,24,20,30,28,2
1774106676,28,70,0,0,0,0,no_volume,0,0,0,0,no_volume,0,0,0,0,no_volume,0,0,0,0,0,0,23170,26578,0.0685,0,829,23,20,30,28,2
1774106677,28,70,0,0,0,0,no_volume,0,0,0,0,no_volume,0,0,0,0,no_volume,0,0,0,0,0,0,22322,26578,0.087,-848,-19,22,20,30,28,2
1774106678,28,70,0,0,0,0,no_volume,0,0,0,0,no_volume,0,0,0,0,no_volume,0,0,0,0,0,0,23170,26578,0.0685,0,974,22,20,30,28,2
1774106679,28,70,0,0,0,0,no_volume,0,0,0,0,no_volume,0,0,0,0,no_volume,0,0,0,0,0,0,23170,26578,0.0685,0,974,22,20,30,28,2
1774106680,28,70,0,0,0,0,no_volume,0,0,0,0,no_volume,0,0,0,0,no_volume,0,0,0,0,0,0,23170,26578,0.0685,848,0,23,20,30,28,2
1774106681,28,70,0,0,0,0,no_volume,0,0,0,0,no_volume,0,0,0,0,no_volume,0,0,0,0,0,0,23170,26578,0.0685,0,1822,23,20,30,28,2
1774106682,28,70,0,0,0,0,no_volume,0,0,0,0,no_volume,0,0,0,0,no_volume,0,0,0,0,0,0,23170,26578,0.0685,0,0,23,20,30,28,2
1774106683,28,70,0,0,0,0,no_volume,0,0,0,0,no_volume,0,0,0,0,no_volume,0,0,0,0,0,0,21348,26578,0.1091,-1822,-1822,23,20,30,28,2
1774106684,28,70,0,0,0,0,no_volume,0,0,0,0,no_volume,0,0,0,0,no_volume,0,0,0,0,0,0,23170,26578,0.0685,0,0,24,20,30,28,2
1774106685,28,70,0,0,0,0,no_volume,0,0,0,0,no_volume,0,0,0,0,no_volume,0,0,0,0,0,0,23170,26578,0.0685,0,0,24,20,30,28,2
1774106686,28,70,0,0,0,0,no_volume,0,0,0,0,no_volume,0,0,0,0,no_volume,0,0,0,0,0,0,23170,26578,0.0685,1822,0,24,20,30,28,2
1774106687,28,70,0,0,0,0,no_volume,0,0,0,0,no_volume,0,0,0,0,no_volume,0,0,0,0,0,0,23170,26578,0.0685,0,848,24,20,30,28,2
1774106688,28,70,0,0,0,0,no_volume,0,0,0,0,no_volume,0,0,0,0,no_volume,0,0,0,0,0,0,21348,26578,0.1091,-1822,-1822,23,20,30,28,2
1774106689,28,70,0,0,0,0,no_volume,0,0,0,0,no_volume,0,0,0,0,no_volume,0,0,0,0,0,0,24144,26578,0.048,974,974,23,20,30,28,2
1774106690,28,70,0,0,0,0,no_volume,0,0,0,0,no_volume,0,0,0,0,no_volume,0,0,0,0,0,0,24144,26578,0.048,974,974,23,20,30,28,2
1774106691,28,70,0,0,0,0,no_volume,0,0,0,0,no_volume,0,0,0,0,no_volume,0,0,0,0,0,0,24144,26578,0.048,2796,974,23,20,30,28,2
1774106692,28,70,0,0,0,0,no_volume,0,0,0,0,no_volume,0,0,0,0,no_volume,0,0,0,0,0,0,23170,26578,0.0685,-974,0,22,20,30,28,2
1774106693,28,70,0,0,0,0,no_volume,0,0,0,0,no_volume,0,0,0,0,no_volume,0,0,0,0,0,0,23170,26578,0.0685,-974,1822,22,20,30,28,2
1774106694,28,70,0,0,0,0,no_volume,0,0,0,0,no_volume,0,0,0,0,no_volume,0,0,0,0,0,0,20374,26578,0.1321,-3770,-2796,22,20,30,28,2
1774106695,28,70,0,0,0,0,no_volume,0,0,0,0,no_volume,0,0,0,0,no_volume,0,0,0,0,0,0,23170,26578,0.0685,0,0,24,20,30,28,2
1774106696,28,70,0,0,0,0,no_volume,0,0,0,0,no_volume,0,0,0,0,no_volume,0,0,0,0,0,0,23170,26578,0.0685,0,0,24,20,30,28,2
1774106697,28,70,0,0,0,0,no_volume,0,0,0,0,no_volume,0,0,0,0,no_volume,0,0,0,0,0,0,23170,26578,0.0685,2796,0,24,20,30,28,2
1774106698,28,70,0,0,0,0,no_volume,0,0,0,0,no_volume,0,0,0,0,no_volume,0,0,0,0,0,0,23170,26578,0.0685,0,1822,24,20,30,28,2
1774106699,28,70,0,0,0,0,no_volume,0,0,0,0,no_volume,0,0,0,0,no_volume,0,0,0,0,0,0,23170,26578,0.0685,0,-974,24,20,30,28,2
1774106700,28,70,0,0,0,0,no_volume,0,0,0,0,no_volume,0,0,0,0,no_volume,0,0,0,0,0,0,22322,26578,0.087,-848,-1822,23,20,30,28,2
1774106701,28,70,0,0,0,0,no_volume,0,0,0,0,no_volume,0,0,0,0,no_volume,0,0,0,0,0,0,22322,26578,0.087,-848,-1822,22,20,30,28,2
1774106702,28,70,0,0,0,0,no_volume,0,0,0,0,no_volume,0,0,0,0,no_volume,0,0,0,0,0,0,24144,26578,0.048,974,974,22,20,30,28,2
1774106703,28,70,0,0,0,0,no_volume,0,0,0,0,no_volume,0,0,0,0,no_volume,0,0,0,0,0,0,24144,26578,0.048,1822,974,22,20,30,28,2
1774106704,28,70,0,0,0,0,no_volume,0,0,0,0,no_volume,0,0,0,0,no_volume,0,0,0,0,0,0,21348,26578,0.1091,-974,974,22,20,30,28,2
1774106705,28,70,0,0,0,0,no_volume,0,0,0,0,no_volume,0,0,0,0,no_volume,0,0,0,0,0,0,21882,8315,-0.4493,-2262,-1288,22,14,30,28,2
1774106706,19,71,0,0,0,0,low_activity,0,0,0,0,low_activity,0,0,0,0,low_activity,0,0,0,0,0,0,21726,4807,-0.6377,-2418,-1444,23,12,29,19,10
1774106707,19,71,0,0,0,0,low_activity,0,0,0,0,low_activity,0,0,0,0,low_activity,0,0,0,0,0,0,21726,4807,-0.6377,378,-1444,23,12,29,19,10
1774106708,28,71,0,0,0,0,low_activity,0,0,0,0,low_activity,0,0,0,0,low_activity,0,0,0,0,0,0,23336,24677,0.0279,1454,166,25,19,29,28,1
1774106709,28,71,0,0,0,0,no_volume,0,0,0,0,low_activity,0,0,0,0,low_activity,0,0,0,0,0,0,23336,23081,-0.0055,1610,166,25,19,29,28,1
1774106710,28,71,0,0,0,0,no_volume,0,0,0,0,low_activity,0,0,0,0,low_activity,0,0,0,0,0,0,23336,23081,-0.0055,1610,1014,25,19,29,28,1
1774106711,28,71,0,0,0,0,no_volume,0,0,0,0,no_volume,0,0,0,0,low_activity,0,0,0,0,0,0,23326,21793,-0.034,-10,1004,24,19,29,28,1
1774106712,28,70,0,0,0,0,no_volume,0,0,0,0,no_volume,0,0,0,0,low_activity,0,0,0,0,0,0,24130,21793,-0.0509,794,-14,24,20,30,28,2
1774106713,28,70,0,0,0,0,no_volume,0,0,0,0,no_volume,0,0,0,0,low_activity,0,0,0,0,0,0,21334,23081,0.0393,-2002,-2810,23,20,30,28,2
1774106714,28,70,0,0,0,0,no_volume,0,0,0,0,no_volume,0,0,0,0,low_activity,0,0,0,0,0,0,23156,23081,-0.0016,-170,1808,23,20,30,28,2
1774106715,28,70,0,0,0,0,no_volume,0,0,0,0,no_volume,0,0,0,0,low_activity,0,0,0,0,0,0,23156,23081,-0.0016,-974,1274,23,20,30,28,2
1774106716,28,70,0,0,0,0,no_volume,0,0,0,0,no_volume,0,0,0,0,low_activity,0,0,0,0,0,0,23156,23081,-0.0016,1822,1430,24,19,30,28,2
1774106717,28,70,0,0,0,0,no_volume,0,0,0,0,no_volume,0,0,0,0,low_activity,0,0,0,0,0,0,22182,23081,0.0199,-974,456,23,19,30,28,2
1774106718,28,70,0,0,0,0,no_volume,0,0,0,0,no_volume,0,0,0,0,low_activity,0,0,0,0,0,0,21868,21793,-0.0017,-1288,-1468,23,18,30,28,2
1774106719,28,70,0,0,0,0,no_volume,0,0,0,0,no_volume,0,0,0,0,low_activity,0,0,0,0,0,0,19761,21793,0.0489,-3395,-3575,21,18,30,28,2
1774106720,28,70,0,0,0,0,no_volume,0,0,0,0,no_volume,0,0,0,0,low_activity,0,0,0,0,0,0,21583,23361,0.0396,-599,-1753,21,19,30,28,2
1774106721,28,70,0,0,0,0,no_volume,0,0,0,0,no_volume,0,0,0,0,low_activity,0,0,0,0,0,0,21583,23361,0.0396,-285,-1743,21,19,30,28,2
1774106722,28,70,0,0,0,0,no_volume,0,0,0,0,no_volume,0,0,0,0,low_activity,0,0,0,0,0,0,21583,23361,0.0396,1822,-2547,21,19,30,28,2
1774106723,28,70,0,0,0,0,no_volume,0,0,0,0,no_volume,0,0,0,0,low_activity,0,0,0,0,0,0,21583,23361,0.0396,0,249,21,19,30,28,2
1774106724,28,70,0,0,0,0,no_volume,0,0,0,0,no_volume,0,0,0,0,low_activity,0,0,0,0,0,0,21583,23361,0.0396,0,-1573,21,19,30,28,2
1774106725,28,70,0,0,0,0,no_volume,0,0,0,0,no_volume,0,0,0,0,low_activity,0,0,0,0,0,0,21583,23361,0.0396,0,-1573,21,18,30,28,2
1774106726,28,70,0,0,0,0,no_volume,0,0,0,0,no_volume,0,0,0,0,low_activity,0,0,0,0,0,0,21583,23361,0.0396,0,-1573,21,18,30,28,2
1774106727,28,70,0,0,0,0,no_volume,0,0,0,0,no_volume,0,0,0,0,low_activity,0,0,0,0,0,0,21583,23361,0.0396,0,-599,21,18,30,28,2
1774106728,28,70,0,0,0,0,no_volume,0,0,0,0,no_volume,0,0,0,0,low_activity,0,0,0,0,0,0,21583,23361,0.0396,0,-285,21,18,30,28,2
1774106729,28,70,0,0,0,0,no_volume,0,0,0,0,no_volume,0,0,0,0,low_activity,0,0,0,0,0,0,19761,23361,0.0835,-1822,0,21,18,30,28,2
1774106730,28,70,0,0,0,0,no_volume,0,0,0,0,no_volume,0,0,0,0,low_activity,0,0,0,0,0,0,21583,23361,0.0396,0,0,22,18,30,28,2
1774106731,28,70,0,0,0,0,no_volume,0,0,0,0,no_volume,0,0,0,0,low_activity,0,0,0,0,0,0,21730,23361,0.0362,147,147,22,18,30,28,2
1774106732,28,70,0,0,0,0,no_volume,0,0,0,0,no_volume,0,0,0,0,low_activity,0,0,0,0,0,0,21730,23361,0.0362,1969,147,22,18,30,28,2
1774106733,28,70,0,0,0,0,no_volume,0,0,0,0,no_volume,0,0,0,0,low_activity,0,0,0,0,0,0,21730,23361,0.0362,147,147,22,18,30,28,2
1774106734,29,70,0,0,0,0,no_volume,0,0,0,0,no_volume,0,0,0,0,low_activity,0,0,0,0,0,0,24088,25579,0.03,2358,2505,22,19,30,29,1
1774106735,29,70,0,0,0,0,no_volume,0,0,0,0,no_volume,0,0,0,0,low_activity,0,0,0,0,0,0,22266,25579,0.0692,536,683,21,19,30,29,1
1774106736,29,70,0,0,0,0,no_volume,0,0,0,0,no_volume,0,0,0,0,no_volume,0,0,0,0,0,0,23941,25579,0.0331,2211,2358,21,19,30,29,1
1774106737,29,70,0,0,0,0,no_volume,0,0,0,0,no_volume,0,0,0,0,no_volume,0,0,0,0,0,0,23941,25579,0.0331,-147,2358,21,19,30,29,1
1774106738,29,70,0,0,0,0,no_volume,0,0,0,0,no_volume,0,0,0,0,no_volume,0,0,0,0,0,0,23941,25579,0.0331,1675,2358,21,19,30,29,1
1774106739,29,70,0,0,0,0,no_volume,0,0,0,0,no_volume,0,0,0,0,no_volume,0,0,0,0,0,0,23941,25579,0.0331,0,4180,21,19,30,29,1
1774106740,29,70,0,0,0,0,no_volume,0,0,0,0,no_volume,0,0,0,0,no_volume,0,0,0,0,0,0,23941,25579,0.0331,0,2358,21,19,30,29,1
1774106741,29,70,0,0,0,0,no_volume,0,0,0,0,no_volume,0,0,0,0,no_volume,0,0,0,0,0,0,23941,25579,0.0331,0,2211,21,19,30,29,1
1774106742,29,70,0,0,0,0,no_volume,0,0,0,0,no_volume,0,0,0,0,no_volume,0,0,0,0,0,0,23941,25579,0.0331,0,2211,21,19,30,29,1
1774106743,29,70,0,0,0,0,no_volume,0,0,0,0,no_volume,0,0,0,0,no_volume,0,0,0,0,0,0,23941,25579,0.0331,0,2211,21,19,30,29,1
1774106744,29,70,0,0,0,0,no_volume,0,0,0,0,no_volume,0,0,0,0,no_volume,0,0,0,0,0,0,23941,25579,0.0331,0,-147,21,19,30,29,1
1774106745,29,70,0,0,0,0,no_volume,0,0,0,0,no_volume,0,0,0,0,no_volume,0,0,0,0,0,0,23941,25579,0.0331,0,1675,21,19,30,29,1
1774106746,29,70,0,0,0,0,no_volume,0,0,0,0,no_volume,0,0,0,0,no_volume,0,0,0,0,0,0,23941,25579,0.0331,0,0,21,19,30,29,1
1774106747,29,70,0,0,0,0,no_volume,0,0,0,0,no_volume,0,0,0,0,no_volume,0,0,0,0,0,0,23941,25579,0.0331,0,0,21,19,30,29,1
1774106748,29,70,0,0,0,0,no_volume,0,0,0,0,no_volume,0,0,0,0,no_volume,0,0,0,0,0,0,23941,25579,0.0331,0,0,21,19,30,29,1
1774106749,29,70,0,0,0,0,no_volume,0,0,0,0,no_volume,0,0,0,0,no_volume,0,0,0,0,0,0,22119,25579,0.0725,-1822,-1822,21,19,30,29,1
1774106750,29,70,0,0,0,0,no_volume,0,0,0,0,no_volume,0,0,0,0,no_volume,0,0,0,0,0,0,22119,25579,0.0725,-1822,-1822,21,19,30,29,1
1774106751,29,70,0,0,0,0,no_volume,0,0,0,0,no_volume,0,0,0,0,no_volume,0,0,0,0,0,0,23941,25579,0.0331,0,0,22,19,30,29,1
1774106752,29,70,0,0,0,0,no_volume,0,0,0,0,no_volume,0,0,0,0,no_volume,0,0,0,0,0,0,23941,25579,0.0331,1822,0,22,19,30,29,1
1774106753,29,70,0,0,0,0,no_volume,0,0,0,0,no_volume,0,0,0,0,no_volume,0,0,0,0,0,0,23941,25579,0.0331,1822,0,22,19,30,29,1
1774106754,29,70,0,0,0,0,no_volume,0,0,0,0,no_volume,0,0,0,0,no_volume,0,0,0,0,0,0,23941,25579,0.0331,0,0,22,19,30,29,1
1774106755,29,70,0,0,0,0,no_volume,0,0,0,0,no_volume,0,0,0,0,no_volume,0,0,0,0,0,0,23941,25579,0.0331,0,0,22,19,30,29,1
1774106756,29,70,0,0,0,0,no_volume,0,0,0,0,no_volume,0,0,0,0,no_volume,0,0,0,0,0,0,23941,25579,0.0331,0,0,22,19,30,29,1
1774106757,29,70,0,0,0,0,no_volume,0,0,0,0,no_volume,0,0,0,0,no_volume,0,0,0,0,0,0,23941,25579,0.0331,0,0,22,19,30,29,1
1774106758,29,70,0,0,0,0,no_volume,0,0,0,0,no_volume,0,0,0,0,no_volume,0,0,0,0,0,0,23941,25579,0.0331,0,0,22,19,30,29,1
1774106759,29,70,0,0,0,0,no_volume,0,0,0,0,no_volume,0,0,0,0,no_volume,0,0,0,0,0,0,23941,25579,0.0331,0,1822,22,19,30,29,1
1774106760,29,70,0,0,0,0,no_volume,0,0,0,0,no_volume,0,0,0,0,no_volume,0,0,0,0,0,0,23941,25579,0.0331,0,1822,22,19,30,29,1
1774106761,29,70,0,0,0,0,no_volume,0,0,0,0,no_volume,0,0,0,0,no_volume,0,0,0,0,0,0,23941,25579,0.0331,0,0,22,19,30,29,1
1774106762,29,70,0,0,0,0,no_volume,0,0,0,0,no_volume,0,0,0,0,no_volume,0,0,0,0,0,0,23941,25579,0.0331,0,0,22,19,30,29,1
1774106763,29,70,0,0,0,0,no_volume,0,0,0,0,no_volume,0,0,0,0,no_volume,0,0,0,0,0,0,23941,25579,0.0331,0,0,22,19,30,29,1
1774106764,29,70,0,0,0,0,no_volume,0,0,0,0,no_volume,0,0,0,0,no_volume,0,0,0,0,0,0,23941,25579,0.0331,0,0,22,19,30,29,1
1774106765,29,70,0,0,0,0,no_volume,0,0,0,0,no_volume,0,0,0,0,no_volume,0,0,0,0,0,0,21494,25257,0.0805,-2447,-2447,22,19,30,29,1
1774106766,29,70,0,0,0,0,no_volume,0,0,0,0,no_volume,0,0,0,0,no_volume,0,0,0,0,0,0,21494,25577,0.0867,-2447,-2447,22,19,30,29,1
1774106767,29,70,0,0,0,0,no_volume,0,0,0,0,no_volume,0,0,0,0,no_volume,0,0,0,0,0,0,19672,25577,0.1305,-4269,-4269,21,19,30,29,1
1774106768,29,70,0,0,0,0,no_volume,0,0,0,0,no_volume,0,0,0,0,no_volume,0,0,0,0,0,0,21494,25577,0.0867,0,-2447,21,19,30,29,1
1774106769,29,70,0,0,0,0,no_volume,0,0,0,0,no_volume,0,0,0,0,no_volume,0,0,0,0,0,0,21494,25577,0.0867,0,-2447,21,19,30,29,1
1774106770,29,70,0,0,0,0,no_volume,0,0,0,0,no_volume,0,0,0,0,no_volume,0,0,0,0,0,0,22782,25577,0.0578,3110,-1159,21,19,30,29,1
1774106771,29,70,0,0,0,0,no_volume,0,0,0,0,no_volume,0,0,0,0,no_volume,0,0,0,0,0,0,22929,25577,0.0546,1435,-1012,21,19,30,29,1
1774106772,29,70,0,0,0,0,no_volume,0,0,0,0,no_volume,0,0,0,0,no_volume,0,0,0,0,0,0,22929,25577,0.0546,1435,-1012,21,19,30,29,1
1774106773,29,70,0,0,0,0,no_volume,0,0,0,0,no_volume,0,0,0,0,no_volume,0,0,0,0,0,0,22395,25577,0.0663,-387,-1546,22,19,30,29,1
1774106774,29,70,0,0,0,0,no_volume,0,0,0,0,no_volume,0,0,0,0,no_volume,0,0,0,0,0,0,24217,25577,0.0273,1288,276,22,19,30,29,1
1774106775,29,70,0,0,0,0,no_volume,0,0,0,0,no_volume,0,0,0,0,no_volume,0,0,0,0,0,0,24217,25577,0.0273,1288,2723,22,19,30,29,1
1774106776,29,70,0,0,0,0,no_volume,0,0,0,0,no_volume,0,0,0,0,no_volume,0,0,0,0,0,0,22782,25577,0.0578,387,1288,22,19,30,29,1
1774106777,29,70,0,0,0,0,no_volume,0,0,0,0,no_volume,0,0,0,0,no_volume,0,0,0,0,0,0,22782,25577,0.0578,-1435,3110,22,19,30,29,1
1774106778,29,70,0,0,0,0,no_volume,0,0,0,0,no_volume,0,0,0,0,no_volume,0,0,0,0,0,0,22248,25577,0.0696,-1969,754,22,19,30,29,1
1774106779,29,70,0,0,0,0,no_volume,0,0,0,0,no_volume,0,0,0,0,no_volume,0,0,0,0,0,0,24070,25577,0.0304,1288,2576,22,19,30,29,1
1774106780,29,70,0,0,0,0,no_volume,0,0,0,0,no_volume,0,0,0,0,no_volume,0,0,0,0,0,0,24070,25577,0.0304,1288,1288,22,19,30,29,1
1774106781,29,70,0,0,0,0,no_volume,0,0,0,0,no_volume,0,0,0,0,no_volume,0,0,0,0,0,0,24070,25577,0.0304,1822,1141,21,19,30,29,1
1774106782,29,70,0,0,0,0,no_volume,0,0,0,0,no_volume,0,0,0,0,no_volume,0,0,0,0,0,0,24070,25577,0.0304,0,1141,21,19,30,29,1
1774106783,29,70,0,0,0,0,no_volume,0,0,0,0,no_volume,0,0,0,0,no_volume,0,0,0,0,0,0,24070,25577,0.0304,0,1675,21,19,30,29,1
1774106784,29,70,0,0,0,0,no_volume,0,0,0,0,no_volume,0,0,0,0,no_volume,0,0,0,0,0,0,21934,25577,0.0767,-2136,-2283,22,19,30,29,1
1774106785,29,70,0,0,0,0,no_volume,0,0,0,0,no_volume,0,0,0,0,no_volume,0,0,0,0,0,0,23756,25577,0.0369,-314,-461,22,19,30,29,1
1774106786,29,70,0,0,0,0,no_volume,0,0,0,0,no_volume,0,0,0,0,no_volume,0,0,0,0,0,0,23756,25577,0.0369,-314,974,22,19,30,29,1
1774106787,29,70,0,0,0,0,no_volume,0,0,0,0,no_volume,0,0,0,0,no_volume,0,0,0,0,0,0,23756,25577,0.0369,1822,974,22,19,30,29,1
1774106788,29,70,0,0,0,0,no_volume,0,0,0,0,no_volume,0,0,0,0,no_volume,0,0,0,0,0,0,23756,25577,0.0369,0,1508,22,19,30,29,1
1774106789,29,70,0,0,0,0,no_volume,0,0,0,0,no_volume,0,0,0,0,no_volume,0,0,0,0,0,0,23756,25577,0.0369,0,-314,22,19,30,29,1
1774106790,29,70,0,0,0,0,no_volume,0,0,0,0,no_volume,0,0,0,0,no_volume,0,0,0,0,0,0,21934,25577,0.0767,-1822,-2136,22,19,30,29,1
1774106791,29,70,0,0,0,0,no_volume,0,0,0,0,no_volume,0,0,0,0,no_volume,0,0,0,0,0,0,22782,25577,0.0578,-974,-1288,23,19,30,29,1
1774106792,29,70,0,0,0,0,no_volume,0,0,0,0,no_volume,0,0,0,0,no_volume,0,0,0,0,0,0,22782,25577,0.0578,-974,-1288,23,19,30,29,1
1774106793,29,70,0,0,0,0,no_volume,0,0,0,0,no_volume,0,0,0,0,no_volume,0,0,0,0,0,0,22782,25577,0.0578,848,-1288,23,19,30,29,1
1774106794,29,70,0,0,0,0,no_volume,0,0,0,0,no_volume,0,0,0,0,no_volume,0,0,0,0,0,0,22782,25577,0.0578,0,848,23,19,30,29,1
1774106795,29,70,0,0,0,0,no_volume,0,0,0,0,no_volume,0,0,0,0,no_volume,0,0,0,0,0,0,22782,25577,0.0578,0,-974,23,19,30,29,1
1774106796,29,70,0,0,0,0,no_volume,0,0,0,0,no_volume,0,0,0,0,no_volume,0,0,0,0,0,0,22782,25577,0.0578,0,-974,23,19,30,29,1
1774106797,29,70,0,0,0,0,no_volume,0,0,0,0,no_volume,0,0,0,0,no_volume,0,0,0,0,0,0,22782,25577,0.0578,0,-974,23,19,30,29,1
1774106798,29,70,0,0,0,0,no_volume,0,0,0,0,no_volume,0,0,0,0,no_volume,0,0,0,0,0,0,22782,25577,0.0578,0,-974,23,19,30,29,1
1774106799,29,70,0,0,0,0,no_volume,0,0,0,0,no_volume,0,0,0,0,no_volume,0,0,0,0,0,0,22782,25577,0.0578,0,-974,23,19,30,29,1
1774106800,29,70,0,0,0,0,no_volume,0,0,0,0,no_volume,0,0,0,0,no_volume,0,0,0,0,0,0,22782,25577,0.0578,0,848,23,19,30,29,1
1774106801,29,70,0,0,0,0,no_volume,0,0,0,0,no_volume,0,0,0,0,no_volume,0,0,0,0,0,0,22782,25577,0.0578,0,0,23,19,30,29,1
1774106802,29,70,0,0,0,0,no_volume,0,0,0,0,no_volume,0,0,0,0,no_volume,0,0,0,0,0,0,22782,25577,0.0578,0,0,23,19,30,29,1
1774106803,29,70,0,0,0,0,no_volume,0,0,0,0,no_volume,0,0,0,0,no_volume,0,0,0,0,0,0,22782,25577,0.0578,0,0,23,19,30,29,1
1774106804,29,70,0,0,0,0,no_volume,0,0,0,0,no_volume,0,0,0,0,no_volume,0,0,0,0,0,0,22782,25577,0.0578,0,0,23,19,30,29,1
1774106805,29,70,0,0,0,0,no_volume,0,0,0,0,no_volume,0,0,0,0,no_volume,0,0,0,0,0,0,22782,25577,0.0578,0,0,23,19,30,29,1
1774106806,29,70,0,0,0,0,no_volume,0,0,0,0,no_volume,0,0,0,0,no_volume,0,0,0,0,0,0,22782,25577,0.0578,0,0,23,19,30,29,1
1774106807,29,70,0,0,0,0,no_volume,0,0,0,0,no_volume,0,0,0,0,no_volume,0,0,0,0,0,0,22782,25577,0.0578,0,0,23,19,30,29,1
1774106808,29,70,0,0,0,0,no_volume,0,0,0,0,no_volume,0,0,0,0,no_volume,0,0,0,0,0,0,22782,25577,0.0578,0,0,23,19,30,29,1
1774106809,29,70,0,0,0,0,no_volume,0,0,0,0,no_volume,0,0,0,0,no_volume,0,0,0,0,0,0,22782,25577,0.0578,0,0,23,19,30,29,1
1774106810,29,70,0,0,0,0,no_volume,0,0,0,0,no_volume,0,0,0,0,no_volume,0,0,0,0,0,0,22782,25577,0.0578,0,0,23,19,30,29,1
1774106811,29,70,0,0,0,0,no_volume,0,0,0,0,no_volume,0,0,0,0,no_volume,0,0,0,0,0,0,22782,25577,0.0578,0,0,23,19,30,29,1
1774106812,29,70,0,0,0,0,no_volume,0,0,0,0,no_volume,0,0,0,0,no_volume,0,0,0,0,0,0,22782,25577,0.0578,0,0,23,19,30,29,1
1774106813,29,70,0,0,0,0,no_volume,0,0,0,0,no_volume,0,0,0,0,no_volume,0,0,0,0,0,0,22782,25577,0.0578,0,0,23,19,30,29,1
1774106814,29,70,0,0,0,0,no_volume,0,0,0,0,no_volume,0,0,0,0,no_volume,0,0,0,0,0,0,22782,25577,0.0578,0,0,23,19,30,29,1
1774106815,29,70,0,0,0,0,no_volume,0,0,0,0,no_volume,0,0,0,0,no_volume,0,0,0,0,0,0,22782,25577,0.0578,0,0,23,19,30,29,1
1774106816,29,70,0,0,0,0,no_volume,0,0,0,0,no_volume,0,0,0,0,no_volume,0,0,0,0,0,0,22782,25577,0.0578,0,0,23,19,30,29,1
1774106817,29,70,0,0,0,0,low_activity,0,0,0,0,low_activity,0,0,0,0,low_activity,0,0,0,0,0,0,22773,25577,0.058,-9,-9,23,19,30,29,1
1774106818,29,70,0,0,0,0,low_activity,0,0,0,0,low_activity,0,0,0,0,low_activity,0,0,0,0,0,0,22920,25577,0.0548,138,138,23,19,30,29,1
1774106819,29,70,0,0,0,0,low_activity,0,0,0,0,low_activity,0,0,0,0,low_activity,0,0,0,0,0,0,22920,25577,0.0548,138,138,23,19,30,29,1
1774106820,29,70,0,0,0,0,no_volume,0,0,0,0,low_activity,0,0,0,0,low_activity,0,0,0,0,0,0,21098,25577,0.096,-1675,-1684,22,19,30,29,1
1774106821,29,70,0,0,0,0,no_volume,0,0,0,0,low_activity,0,0,0,0,low_activity,0,0,0,0,0,0,23894,25577,0.034,974,1112,23,19,30,29,1
1774106822,29,70,0,0,0,0,no_volume,0,0,0,0,no_volume,0,0,0,0,low_activity,0,0,0,0,0,0,23894,25577,0.034,974,1112,23,19,30,29,1
1774106823,29,70,0,0,0,0,no_volume,0,0,0,0,no_volume,0,0,0,0,low_activity,0,0,0,0,0,0,23894,25577,0.034,2796,1112,23,19,30,29,1
1774106824,29,70,0,0,0,0,no_volume,0,0,0,0,no_volume,0,0,0,0,low_activity,0,0,0,0,0,0,24868,25577,0.0141,974,2086,23,19,30,29,1
1774106825,29,70,0,0,0,0,no_volume,0,0,0,0,no_volume,0,0,0,0,low_activity,0,0,0,0,0,0,23747,25577,0.0371,-147,965,22,19,30,29,1
1774106826,29,70,0,0,0,0,no_volume,0,0,0,0,no_volume,0,0,0,0,low_activity,0,0,0,0,0,0,23747,25577,0.0371,-147,965,22,19,30,29,1
1774106827,29,70,0,0,0,0,no_volume,0,0,0,0,no_volume,0,0,0,0,low_activity,0,0,0,0,0,0,21925,25577,0.0769,-2943,-848,22,19,30,29,1
1774106828,29,70,0,0,0,0,no_volume,0,0,0,0,no_volume,0,0,0,0,low_activity,0,0,0,0,0,0,24721,25577,0.017,974,1801,23,19,30,29,1
1774106829,29,70,0,0,0,0,no_volume,0,0,0,0,no_volume,0,0,0,0,low_activity,0,0,0,0,0,0,24721,25577,0.017,974,1801,23,19,30,29,1
1774106830,29,70,0,0,0,0,no_volume,0,0,0,0,no_volume,0,0,0,0,low_activity,0,0,0,0,0,0,24721,25577,0.017,2796,3623,23,19,30,29,1
1774106831,29,70,0,0,0,0,no_volume,0,0,0,0,no_volume,0,0,0,0,low_activity,0,0,0,0,0,0,24721,25577,0.017,0,827,23,19,30,29,1
1774106832,29,70,0,0,0,0,no_volume,0,0,0,0,no_volume,0,0,0,0,low_activity,0,0,0,0,0,0,24721,25577,0.017,0,827,23,19,30,29,1
1774106833,29,70,0,0,0,0,no_volume,0,0,0,0,no_volume,0,0,0,0,low_activity,0,0,0,0,0,0,24721,25577,0.017,0,827,23,19,30,29,1
1774106834,29,70,0,0,0,0,no_volume,0,0,0,0,no_volume,0,0,0,0,low_activity,0,0,0,0,0,0,24721,25577,0.017,0,-147,23,19,30,29,1
1774106835,29,70,0,0,0,0,no_volume,0,0,0,0,no_volume,0,0,0,0,low_activity,0,0,0,0,0,0,24721,25577,0.017,0,974,23,19,30,29,1
1774106836,29,70,0,0,0,0,no_volume,0,0,0,0,no_volume,0,0,0,0,low_activity,0,0,0,0,0,0,24721,25577,0.017,0,974,23,19,30,29,1
1774106837,29,70,0,0,0,0,no_volume,0,0,0,0,no_volume,0,0,0,0,low_activity,0,0,0,0,0,0,24721,25577,0.017,0,2796,23,19,30,29,1
1774106838,29,70,0,0,0,0,no_volume,0,0,0,0,no_volume,0,0,0,0,low_activity,0,0,0,0,0,0,24721,25577,0.017,0,0,23,19,30,29,1
1774106839,29,70,0,0,0,0,no_volume,0,0,0,0,no_volume,0,0,0,0,low_activity,0,0,0,0,0,0,24721,25577,0.017,0,0,23,19,30,29,1
1774106840,29,70,0,0,0,0,no_volume,0,0,0,0,no_volume,0,0,0,0,low_activity,0,0,0,0,0,0,24721,25577,0.017,0,0,23,19,30,29,1
1774106841,29,70,0,0,0,0,no_volume,0,0,0,0,no_volume,0,0,0,0,low_activity,0,0,0,0,0,0,24721,25577,0.017,0,0,23,19,30,29,1
1774106842,29,70,0,0,0,0,no_volume,0,0,0,0,no_volume,0,0,0,0,low_activity,0,0,0,0,0,0,20951,30272,0.182,-3770,-3770,21,19,30,29,1
1774106843,29,70,0,0,0,0,no_volume,0,0,0,0,no_volume,0,0,0,0,low_activity,0,0,0,0,0,0,22459,30272,0.1482,-2262,-2262,21,19,30,29,1
1774106844,29,70,0,0,0,0,no_volume,0,0,0,0,no_volume,0,0,0,0,low_activity,0,0,0,0,0,0,22459,30272,0.1482,-2262,-2262,21,19,30,29,1
1774106845,29,70,0,0,0,0,no_volume,0,0,0,0,no_volume,0,0,0,0,low_activity,0,0,0,0,0,0,22459,30272,0.1482,1508,-2262,21,19,30,29,1
1774106846,29,70,0,0,0,0,no_volume,0,0,0,0,no_volume,0,0,0,0,low_activity,0,0,0,0,0,0,23747,30272,0.1208,1288,-974,22,19,30,29,1
1774106847,29,70,0,0,0,0,no_volume,0,0,0,0,no_volume,0,0,0,0,no_volume,0,0,0,0,0,0,23747,30272,0.1208,1288,-974,22,19,30,29,1
1774106848,29,70,0,0,0,0,no_volume,0,0,0,0,no_volume,0,0,0,0,no_volume,0,0,0,0,0,0,20951,30272,0.182,-1508,-3770,21,19,30,29,1
1774106849,29,70,0,0,0,0,no_volume,0,0,0,0,no_volume,0,0,0,0,no_volume,0,0,0,0,0,0,23747,30272,0.1208,0,-974,23,19,30,29,1
1774106850,29,70,0,0,0,0,no_volume,0,0,0,0,no_volume,0,0,0,0,no_volume,0,0,0,0,0,0,23747,30272,0.1208,0,-974,23,19,30,29,1
1774106851,29,70,0,0,0,0,no_volume,0,0,0,0,no_volume,0,0,0,0,no_volume,0,0,0,0,0,0,19842,30272,0.2081,-1109,-4879,23,19,30,29,1
1774106852,29,70,0,0,0,0,no_volume,0,0,0,0,no_volume,0,0,0,0,no_volume,0,0,0,0,0,0,23919,30272,0.1172,172,2968,24,19,30,29,1
1774106853,29,70,0,0,0,0,no_volume,0,0,0,0,no_volume,0,0,0,0,no_volume,0,0,0,0,0,0,23919,30272,0.1172,172,1460,25,19,30,29,1
1774106854,29,70,0,0,0,0,no_volume,0,0,0,0,no_volume,0,0,0,0,no_volume,0,0,0,0,0,0,26751,30272,0.0617,6909,4292,24,19,30,29,1
1774106855,29,70,0,0,0,0,no_volume,0,0,0,0,no_volume,0,0,0,0,no_volume,0,0,0,0,0,0,26751,30272,0.0617,2832,4292,24,19,30,29,1
1774106856,29,70,0,0,0,0,no_volume,0,0,0,0,no_volume,0,0,0,0,no_volume,0,0,0,0,0,0,26751,30272,0.0617,2832,3004,24,19,30,29,1
1774106857,29,70,0,0,0,0,no_volume,0,0,0,0,no_volume,0,0,0,0,no_volume,0,0,0,0,0,0,25589,30272,0.0838,-1162,1842,23,19,30,29,1
1774106858,29,70,0,0,0,0,no_volume,0,0,0,0,no_volume,0,0,0,0,no_volume,0,0,0,0,0,0,27411,30272,0.0496,660,6460,23,19,30,29,1
1774106859,29,70,0,0,0,0,no_volume,0,0,0,0,no_volume,0,0,0,0,no_volume,0,0,0,0,0,0,27411,30272,0.0496,660,3664,23,19,30,29,1
1774106860,29,70,0,0,0,0,no_volume,0,0,0,0,no_volume,0,0,0,0,no_volume,0,0,0,0,0,0,28385,30272,0.0322,2796,4638,24,19,30,29,1
1774106861,29,70,0,0,0,0,no_volume,0,0,0,0,no_volume,0,0,0,0,no_volume,0,0,0,0,0,0,28385,30272,0.0322,974,8543,24,19,30,29,1
1774106862,29,70,0,0,0,0,no_volume,0,0,0,0,no_volume,0,0,0,0,no_volume,0,0,0,0,0,0,28385,30272,0.0322,974,4466,23,19,30,29,1
1774106863,29,70,0,0,0,0,no_volume,0,0,0,0,no_volume,0,0,0,0,no_volume,0,0,0,0,0,0,25589,30272,0.0838,-2796,1670,23,19,30,29,1
1774106864,29,70,0,0,0,0,no_volume,0,0,0,0,no_volume,0,0,0,0,no_volume,0,0,0,0,0,0,27411,30272,0.0496,-974,660,23,19,30,29,1
1774106865,29,70,0,0,0,0,no_volume,0,0,0,0,no_volume,0,0,0,0,no_volume,0,0,0,0,0,0,27411,30272,0.0496,-974,660,23,19,30,29,1
1774106866,29,70,0,0,0,0,no_volume,0,0,0,0,no_volume,0,0,0,0,no_volume,0,0,0,0,0,0,27411,30272,0.0496,1822,660,23,19,30,29,1
1774106867,29,70,0,0,0,0,no_volume,0,0,0,0,no_volume,0,0,0,0,no_volume,0,0,0,0,0,0,27411,30272,0.0496,0,1822,23,19,30,29,1
1774106868,29,70,0,0,0,0,no_volume,0,0,0,0,no_volume,0,0,0,0,no_volume,0,0,0,0,0,0,25588,30272,0.0839,-1823,-1823,23,19,30,29,1
1774106869,29,69,0,0,0,0,no_volume,0,0,0,0,no_volume,0,0,0,0,no_volume,0,0,0,0,0,0,27240,30272,0.0527,-171,-171,23,19,31,29,2
1774106870,29,69,0,0,0,0,no_volume,0,0,0,0,no_volume,0,0,0,0,no_volume,0,0,0,0,0,0,27240,30272,0.0527,-171,-1145,23,19,31,29,2
1774106871,29,69,0,0,0,0,no_volume,0,0,0,0,no_volume,0,0,0,0,no_volume,0,0,0,0,0,0,27240,30272,0.0527,1652,-1145,23,19,31,29,2
1774106872,29,69,0,0,0,0,no_volume,0,0,0,0,no_volume,0,0,0,0,no_volume,0,0,0,0,0,0,26539,30272,0.0657,-701,-1846,22,19,31,29,2
1774106873,29,69,0,0,0,0,no_volume,0,0,0,0,no_volume,0,0,0,0,no_volume,0,0,0,0,0,0,28361,30272,0.0326,1121,2772,23,19,31,29,2
1774106874,29,69,0,0,0,0,no_volume,0,0,0,0,no_volume,0,0,0,0,no_volume,0,0,0,0,0,0,28361,30272,0.0326,1121,950,23,19,31,29,2
1774106875,29,69,0,0,0,0,no_volume,0,0,0,0,no_volume,0,0,0,0,no_volume,0,0,0,0,0,0,28361,30272,0.0326,1822,950,23,19,31,29,2
1774106876,29,69,0,0,0,0,no_volume,0,0,0,0,no_volume,0,0,0,0,no_volume,0,0,0,0,0,0,28361,30272,0.0326,0,950,23,19,31,29,2
1774106877,29,69,0,0,0,0,no_volume,0,0,0,0,no_volume,0,0,0,0,no_volume,0,0,0,0,0,0,26266,30272,0.0709,-2095,-1145,22,19,31,29,2
1774106878,29,69,0,0,0,0,no_volume,0,0,0,0,no_volume,0,0,0,0,no_volume,0,0,0,0,0,0,26266,30272,0.0709,-2095,678,22,19,31,29,2
1774106879,29,69,0,0,0,0,no_volume,0,0,0,0,no_volume,0,0,0,0,no_volume,0,0,0,0,0,0,26266,30272,0.0709,-2095,-974,22,19,31,29,2
1774106880,29,69,0,0,0,0,no_volume,0,0,0,0,no_volume,0,0,0,0,no_volume,0,0,0,0,0,0,26266,30272,0.0709,0,-974,22,19,31,29,2
1774106881,29,69,0,0,0,0,no_volume,0,0,0,0,no_volume,0,0,0,0,no_volume,0,0,0,0,0,0,25418,30272,0.0872,-848,-1822,22,19,31,29,2
1774106882,29,69,0,0,0,0,no_volume,0,0,0,0,no_volume,0,0,0,0,no_volume,0,0,0,0,0,0,27240,30272,0.0527,974,701,23,19,31,29,2
1774106883,29,69,0,0,0,0,no_volume,0,0,0,0,no_volume,0,0,0,0,no_volume,0,0,0,0,0,0,23748,30272,0.1208,-2518,-4613,23,19,31,29,2
1774106884,29,69,0,0,0,0,no_volume,0,0,0,0,no_volume,0,0,0,0,no_volume,0,0,0,0,0,0,23748,30272,0.1208,-1670,-4613,23,19,31,29,2
1774106885,29,69,0,0,0,0,no_volume,0,0,0,0,no_volume,0,0,0,0,no_volume,0,0,0,0,0,0,24722,30272,0.1009,-2518,-3639,24,19,31,29,2
1774106886,29,69,0,0,0,0,no_volume,0,0,0,0,no_volume,0,0,0,0,no_volume,0,0,0,0,0,0,24722,30272,0.1009,974,-3639,24,19,31,29,2
1774106887,29,69,0,0,0,0,no_volume,0,0,0,0,no_volume,0,0,0,0,no_volume,0,0,0,0,0,0,24722,30272,0.1009,974,-1544,24,19,31,29,2
1774106888,29,69,0,0,0,0,no_volume,0,0,0,0,no_volume,0,0,0,0,no_volume,0,0,0,0,0,0,24722,30272,0.1009,0,-1544,24,19,31,29,2
1774106889,29,69,0,0,0,0,no_volume,0,0,0,0,no_volume,0,0,0,0,no_volume,0,0,0,0,0,0,24722,30272,0.1009,0,-1544,24,19,31,29,2
1774106890,29,69,0,0,0,0,no_volume,0,0,0,0,no_volume,0,0,0,0,no_volume,0,0,0,0,0,0,24722,30272,0.1009,0,-1544,24,19,31,29,2
1774106891,29,69,0,0,0,0,no_volume,0,0,0,0,no_volume,0,0,0,0,no_volume,0,0,0,0,0,0,24722,30272,0.1009,0,-696,24,19,31,29,2
1774106892,29,69,0,0,0,0,no_volume,0,0,0,0,no_volume,0,0,0,0,no_volume,0,0,0,0,0,0,24722,30272,0.1009,0,-2518,24,19,31,29,2
1774106893,29,69,0,0,0,0,no_volume,0,0,0,0,no_volume,0,0,0,0,no_volume,0,0,0,0,0,0,24722,30272,0.1009,0,974,24,19,31,29,2
1774106894,29,69,0,0,0,0,no_volume,0,0,0,0,no_volume,0,0,0,0,no_volume,0,0,0,0,0,0,24722,30272,0.1009,0,974,24,19,31,29,2
1774106895,29,69,0,0,0,0,no_volume,0,0,0,0,no_volume,0,0,0,0,no_volume,0,0,0,0,0,0,24722,30272,0.1009,0,0,24,19,31,29,2
1774106896,29,69,0,0,0,0,no_volume,0,0,0,0,no_volume,0,0,0,0,no_volume,0,0,0,0,0,0,24722,30272,0.1009,0,0,24,19,31,29,2
1774106897,29,69,0,0,0,0,no_volume,0,0,0,0,no_volume,0,0,0,0,no_volume,0,0,0,0,0,0,24722,30272,0.1009,0,0,24,19,31,29,2
1774106898,29,69,0,0,0,0,no_volume,0,0,0,0,no_volume,0,0,0,0,no_volume,0,0,0,0,0,0,24722,30272,0.1009,0,0,24,19,31,29,2
1774106899,29,69,0,0,0,0,no_volume,0,0,0,0,no_volume,0,0,0,0,no_volume,0,0,0,0,0,0,24722,30272,0.1009,0,0,24,19,31,29,2
1774106900,29,69,0,0,0,0,no_volume,0,0,0,0,no_volume,0,0,0,0,no_volume,0,0,0,0,0,0,24722,30272,0.1009,0,0,24,19,31,29,2
1774106901,29,69,0,0,0,0,no_volume,0,0,0,0,no_volume,0,0,0,0,no_volume,0,0,0,0,0,0,24722,30272,0.1009,0,0,24,19,31,29,2
1774106902,29,69,0,0,0,0,no_volume,0,0,0,0,no_volume,0,0,0,0,no_volume,0,0,0,0,0,0,24722,30272,0.1009,0,0,24,19,31,29,2
1774106903,29,69,0,0,0,0,no_volume,0,0,0,0,no_volume,0,0,0,0,no_volume,0,0,0,0,0,0,24722,30272,0.1009,0,0,24,19,31,29,2
1774106904,29,69,0,0,0,0,no_volume,0,0,0,0,no_volume,0,0,0,0,no_volume,0,0,0,0,0,0,24722,30272,0.1009,0,0,24,19,31,29,2
1774106905,29,69,0,0,0,0,no_volume,0,0,0,0,no_volume,0,0,0,0,no_volume,0,0,0,0,0,0,24722,30272,0.1009,0,0,24,19,31,29,2
1774106906,29,69,0,0,0,0,no_volume,0,0,0,0,no_volume,0,0,0,0,no_volume,0,0,0,0,0,0,24722,30272,0.1009,0,0,24,19,31,29,2
1774106907,29,69,0,0,0,0,no_volume,0,0,0,0,no_volume,0,0,0,0,no_volume,0,0,0,0,0,0,24722,30272,0.1009,0,0,24,19,31,29,2
1774106908,29,69,0,0,0,0,no_volume,0,0,0,0,no_volume,0,0,0,0,no_volume,0,0,0,0,0,0,24722,30272,0.1009,0,0,24,19,31,29,2
1774106909,29,69,0,0,0,0,no_volume,0,0,0,0,no_volume,0,0,0,0,no_volume,0,0,0,0,0,0,24722,30272,0.1009,0,0,24,19,31,29,2
1774106910,29,69,0,0,0,0,no_volume,0,0,0,0,no_volume,0,0,0,0,no_volume,0,0,0,0,0,0,24722,30272,0.1009,0,0,24,19,31,29,2
1774106911,29,69,0,0,0,0,no_volume,0,0,0,0,no_volume,0,0,0,0,no_volume,0,0,0,0,0,0,24722,30272,0.1009,0,0,24,19,31,29,2
1774106912,29,69,0,0,0,0,no_volume,0,0,0,0,no_volume,0,0,0,0,no_volume,0,0,0,0,0,0,24722,30272,0.1009,0,0,24,19,31,29,2
1774106913,29,69,0,0,0,0,no_volume,0,0,0,0,no_volume,0,0,0,0,no_volume,0,0,0,0,0,0,24722,30272,0.1009,0,0,24,19,31,29,2
1774106914,29,69,0,0,0,0,no_volume,0,0,0,0,no_volume,0,0,0,0,no_volume,0,0,0,0,0,0,24722,30272,0.1009,0,0,24,19,31,29,2
1774106915,29,69,0,0,0,0,no_volume,0,0,0,0,no_volume,0,0,0,0,no_volume,0,0,0,0,0,0,24722,30272,0.1009,0,0,24,19,31,29,2
1774106916,29,69,0,0,0,0,no_volume,0,0,0,0,no_volume,0,0,0,0,no_volume,0,0,0,0,0,0,24722,30272,0.1009,0,0,24,19,31,29,2
1774106917,29,69,0,0,0,0,no_volume,0,0,0,0,no_volume,0,0,0,0,no_volume,0,0,0,0,0,0,24722,30272,0.1009,0,0,24,19,31,29,2
1774106918,29,69,0,0,0,0,no_volume,0,0,0,0,no_volume,0,0,0,0,no_volume,0,0,0,0,0,0,22921,30272,0.1382,-1801,-1801,23,19,31,29,2
1774106919,29,69,0,0,0,0,no_volume,0,0,0,0,no_volume,0,0,0,0,no_volume,0,0,0,0,0,0,22921,30272,0.1382,-1801,-1801,23,19,31,29,2
1774106920,29,69,0,0,0,0,no_volume,0,0,0,0,no_volume,0,0,0,0,no_volume,0,0,0,0,0,0,22073,30272,0.1566,-2649,-2649,23,19,31,29,2
1774106921,29,69,0,0,0,0,no_volume,0,0,0,0,no_volume,0,0,0,0,no_volume,0,0,0,0,0,0,23895,30272,0.1177,974,-827,23,19,31,29,2
1774106922,29,69,0,0,0,0,no_volume,0,0,0,0,no_volume,0,0,0,0,no_volume,0,0,0,0,0,0,23895,30272,0.1177,974,-827,23,19,31,29,2
1774106923,29,69,0,0,0,0,no_volume,0,0,0,0,no_volume,0,0,0,0,no_volume,0,0,0,0,0,0,24722,30272,0.1009,2649,0,24,19,31,29,2
1774106924,29,69,0,0,0,0,no_volume,0,0,0,0,no_volume,0,0,0,0,no_volume,0,0,0,0,0,0,24722,30272,0.1009,827,0,24,19,31,29,2
1774106925,29,69,0,0,0,0,no_volume,0,0,0,0,no_volume,0,0,0,0,no_volume,0,0,0,0,0,0,22900,30272,0.1386,-995,-1822,24,19,31,29,2
1774106926,29,69,0,0,0,0,no_volume,0,0,0,0,no_volume,0,0,0,0,no_volume,0,0,0,0,0,0,23748,30272,0.1208,-974,-974,23,19,31,29,2
1774106927,29,69,0,0,0,0,no_volume,0,0,0,0,no_volume,0,0,0,0,no_volume,0,0,0,0,0,0,23748,30272,0.1208,-974,-974,22,19,31,29,2
1774106928,29,69,0,0,0,0,no_volume,0,0,0,0,no_volume,0,0,0,0,no_volume,0,0,0,0,0,0,21486,6380,-0.5421,-1414,-1435,21,16,31,29,2
1774106929,19,69,0,0,0,0,no_volume,0,0,0,0,no_volume,0,0,0,0,no_volume,0,0,0,0,0,0,21175,5391,-0.5941,-2573,-1746,21,13,31,19,12
1774106930,19,69,0,0,0,0,no_volume,0,0,0,0,no_volume,0,0,0,0,no_volume,0,0,0,0,0,0,21165,5391,-0.594,-2583,-908,21,13,31,19,12
1774106931,19,69,0,0,0,0,no_volume,0,0,0,0,no_volume,0,0,0,0,no_volume,0,0,0,0,0,0,21165,4103,-0.6752,-321,-2730,21,13,31,19,12
1774106932,19,70,0,0,0,0,no_volume,0,0,0,0,no_volume,0,0,0,0,no_volume,0,0,0,0,0,0,21169,5491,-0.5881,-6,-2726,22,14,30,19,11
1774106933,19,70,0,0,0,0,no_volume,0,0,0,0,no_volume,0,0,0,0,no_volume,0,0,0,0,0,0,21169,5503,-0.5874,4,-3553,22,15,30,19,11
1774106934,19,70,0,0,0,0,no_volume,0,0,0,0,no_volume,0,0,0,0,no_volume,0,0,0,0,0,0,21169,5503,-0.5874,4,-3553,22,14,30,19,11
1774106935,19,70,0,0,0,0,no_volume,0,0,0,0,no_volume,0,0,0,0,no_volume,0,0,0,0,0,0,21169,5503,-0.5874,0,-1731,22,14,30,19,11
1774106936,19,70,0,0,0,0,no_volume,0,0,0,0,no_volume,0,0,0,0,no_volume,0,0,0,0,0,0,21169,3679,-0.7039,0,-2579,22,13,30,19,11
1774106937,19,70,0,0,0,0,no_volume,0,0,0,0,no_volume,0,0,0,0,no_volume,0,0,0,0,0,0,23510,3679,-0.7294,2341,-238,22,13,30,19,11
1774106938,19,70,0,0,0,0,no_volume,0,0,0,0,no_volume,0,0,0,0,no_volume,0,0,0,0,0,0,21688,3679,-0.7099,519,202,22,13,30,19,11
1774106939,29,69,0,0,0,0,no_volume,0,0,0,0,no_volume,0,0,0,0,no_volume,0,0,0,0,0,0,25121,26228,0.0216,3952,3946,22,20,31,29,2
1774106940,29,69,0,0,0,0,no_volume,0,0,0,0,no_volume,0,0,0,0,no_volume,0,0,0,0,0,0,25121,29199,0.0751,1611,3956,22,21,31,29,2
1774106941,29,69,0,0,0,0,no_volume,0,0,0,0,no_volume,0,0,0,0,no_volume,0,0,0,0,0,0,25121,29199,0.0751,3433,3956,22,21,31,29,2
1774106942,29,69,0,0,0,0,no_volume,0,0,0,0,no_volume,0,0,0,0,no_volume,0,0,0,0,0,0,26095,30487,0.0776,974,4926,23,22,31,29,2
1774106943,29,69,0,0,0,0,no_volume,0,0,0,0,no_volume,0,0,0,0,no_volume,0,0,0,0,0,0,26095,29199,0.0561,974,4926,23,22,31,29,2
1774106944,30,69,0,0,0,0,no_volume,0,0,0,0,no_volume,0,0,0,0,no_volume,0,0,0,0,0,0,23299,32319,0.1622,-1822,2130,22,22,31,30,1
1774106945,30,69,0,0,0,0,no_volume,0,0,0,0,no_volume,0,0,0,0,no_volume,0,0,0,0,0,0,26095,32319,0.1065,0,4926,23,22,31,30,1
1774106946,30,69,0,0,0,0,no_volume,0,0,0,0,no_volume,0,0,0,0,no_volume,0,0,0,0,0,0,26095,32319,0.1065,0,4926,23,22,31,30,1
1774106947,30,69,0,0,0,0,no_volume,0,0,0,0,no_volume,0,0,0,0,no_volume,0,0,0,0,0,0,26095,33887,0.1299,2796,2585,23,21,31,30,1
1774106948,30,69,0,0,0,0,no_volume,0,0,0,0,no_volume,0,0,0,0,no_volume,0,0,0,0,0,0,26095,33887,0.1299,0,4407,23,21,31,30,1
1774106949,30,69,0,0,0,0,no_volume,0,0,0,0,no_volume,0,0,0,0,no_volume,0,0,0,0,0,0,25121,36325,0.1823,-974,0,23,21,31,30,1
1774106950,30,69,0,0,0,0,no_volume,0,0,0,0,no_volume,0,0,0,0,no_volume,0,0,0,0,0,0,24587,36325,0.1927,-1508,-534,22,21,31,30,1
1774106951,30,69,0,0,0,0,no_volume,0,0,0,0,no_volume,0,0,0,0,no_volume,0,0,0,0,0,0,26409,36325,0.1581,314,1288,22,22,31,30,1
1774106952,30,69,0,0,0,0,no_volume,0,0,0,0,no_volume,0,0,0,0,no_volume,0,0,0,0,0,0,26409,36325,0.1581,1288,314,22,22,31,30,1
1774106953,30,69,0,0,0,0,no_volume,0,0,0,0,no_volume,0,0,0,0,no_volume,0,0,0,0,0,0,26409,36325,0.1581,1822,314,22,22,31,30,1
1774106954,30,69,0,0,0,0,no_volume,0,0,0,0,no_volume,0,0,0,0,no_volume,0,0,0,0,0,0,27697,36325,0.1348,1288,4398,23,22,31,30,1
1774106955,30,69,0,0,0,0,no_volume,0,0,0,0,no_volume,0,0,0,0,no_volume,0,0,0,0,0,0,25875,36325,0.168,-534,-220,23,22,31,30,1
1774106956,30,69,0,0,0,0,no_volume,0,0,0,0,no_volume,0,0,0,0,no_volume,0,0,0,0,0,0,25121,36325,0.1823,-1288,-974,23,22,31,30,1
1774106957,30,69,0,0,0,0,no_volume,0,0,0,0,no_volume,0,0,0,0,no_volume,0,0,0,0,0,0,26409,36325,0.1581,-1288,314,23,22,31,30,1
1774106958,30,69,0,0,0,0,no_volume,0,0,0,0,no_volume,0,0,0,0,no_volume,0,0,0,0,0,0,26409,36325,0.1581,534,314,23,22,31,30,1
1774106959,30,69,0,0,0,0,no_volume,0,0,0,0,no_volume,0,0,0,0,no_volume,0,0,0,0,0,0,26409,36325,0.1581,1288,1288,23,22,31,30,1
1774106960,30,69,0,0,0,0,no_volume,0,0,0,0,no_volume,0,0,0,0,no_volume,0,0,0,0,0,0,27383,36325,0.1404,974,2796,23,22,31,30,1
1774106961,30,69,0,0,0,0,no_volume,0,0,0,0,no_volume,0,0,0,0,no_volume,0,0,0,0,0,0,27383,36325,0.1404,974,974,23,22,31,30,1
1774106962,30,69,0,0,0,0,no_volume,0,0,0,0,no_volume,0,0,0,0,no_volume,0,0,0,0,0,0,24587,36325,0.1927,-1822,-1822,21,22,31,30,1
1774106963,30,69,0,0,0,0,no_volume,0,0,0,0,no_volume,0,0,0,0,no_volume,0,0,0,0,0,0,25121,36325,0.1823,-2262,-1288,22,22,31,30,1
1774106964,30,69,0,0,0,0,no_volume,0,0,0,0,no_volume,0,0,0,0,no_volume,0,0,0,0,0,0,26409,36325,0.1581,-974,-1288,24,22,31,30,1
1774106965,30,69,0,0,0,0,no_volume,0,0,0,0,no_volume,0,0,0,0,no_volume,0,0,0,0,0,0,26409,36325,0.1581,1822,534,24,22,31,30,1
1774106966,30,69,0,0,0,0,no_volume,0,0,0,0,no_volume,0,0,0,0,no_volume,0,0,0,0,0,0,26409,36325,0.1581,1288,1288,24,22,31,30,1
1774106967,30,69,0,0,0,0,no_volume,0,0,0,0,no_volume,0,0,0,0,no_volume,0,0,0,0,0,0,26409,36325,0.1581,0,0,24,22,31,30,1
1774106968,30,69,0,0,0,0,no_volume,0,0,0,0,no_volume,0,0,0,0,no_volume,0,0,0,0,0,0,26409,36325,0.1581,0,0,24,22,31,30,1
1774106969,30,69,0,0,0,0,no_volume,0,0,0,0,no_volume,0,0,0,0,no_volume,0,0,0,0,0,0,26409,36325,0.1581,0,0,24,22,31,30,1
1774106970,30,69,0,0,0,0,no_volume,0,0,0,0,no_volume,0,0,0,0,no_volume,0,0,0,0,0,0,22763,36325,0.2295,-3646,-4620,23,22,31,30,1
1774106971,30,69,0,0,0,0,no_volume,0,0,0,0,no_volume,0,0,0,0,no_volume,0,0,0,0,0,0,22763,36325,0.2295,-3646,-4620,23,22,31,30,1
1774106972,30,69,0,0,0,0,no_volume,0,0,0,0,no_volume,0,0,0,0,no_volume,0,0,0,0,0,0,22763,36325,0.2295,-3646,-1824,23,22,31,30,1
1774106973,30,69,0,0,0,0,no_volume,0,0,0,0,no_volume,0,0,0,0,no_volume,0,0,0,0,0,0,22229,36325,0.2407,-534,-2892,22,22,31,30,1
1774106974,30,69,0,0,0,0,no_volume,0,0,0,0,no_volume,0,0,0,0,no_volume,0,0,0,0,0,0,24051,36325,0.2033,1288,-2358,22,22,31,30,1
1774106975,30,69,0,0,0,0,no_volume,0,0,0,0,no_volume,0,0,0,0,no_volume,0,0,0,0,0,0,24051,36325,0.2033,1288,-2358,22,22,31,30,1
1774106976,30,69,0,0,0,0,no_volume,0,0,0,0,no_volume,0,0,0,0,no_volume,0,0,0,0,0,0,25339,36325,0.1782,3110,-1070,22,22,31,30,1
1774106977,30,69,0,0,0,0,no_volume,0,0,0,0,no_volume,0,0,0,0,no_volume,0,0,0,0,0,0,25488,36325,0.1753,1437,-921,22,22,31,30,1
1774106978,30,69,0,0,0,0,no_volume,0,0,0,0,no_volume,0,0,0,0,no_volume,0,0,0,0,0,0,25488,35998,0.1709,1437,-921,22,22,31,30,1
1774106979,30,69,0,0,0,0,no_volume,0,0,0,0,no_volume,0,0,0,0,no_volume,0,0,0,0,0,0,22378,36372,0.2382,-2961,-4031,22,22,31,30,1
1774106980,30,69,0,0,0,0,no_volume,0,0,0,0,no_volume,0,0,0,0,no_volume,0,0,0,0,0,0,24200,36372,0.201,-1288,1437,22,22,31,30,1
1774106981,30,69,0,0,0,0,no_volume,0,0,0,0,no_volume,0,0,0,0,no_volume,0,0,0,0,0,0,22436,31300,0.165,-3052,-327,22,22,31,30,1
1774106982,30,69,0,0,0,0,no_volume,0,0,0,0,no_volume,0,0,0,0,no_volume,0,0,0,0,0,0,22436,31300,0.165,58,-327,22,22,31,30,1
1774106983,30,69,0,0,0,0,no_volume,0,0,0,0,no_volume,0,0,0,0,no_volume,0,0,0,0,0,0,23724,31300,0.1377,-476,1495,22,22,31,30,1
1774106984,30,69,0,0,0,0,no_volume,0,0,0,0,no_volume,0,0,0,0,no_volume,0,0,0,0,0,0,23724,31300,0.1377,1288,-327,22,22,31,30,1
1774106985,30,69,0,0,0,0,no_volume,0,0,0,0,no_volume,0,0,0,0,no_volume,0,0,0,0,0,0,20614,31300,0.2058,-1822,-3437,22,22,31,30,1
1774106986,30,69,0,0,0,0,no_volume,0,0,0,0,no_volume,0,0,0,0,no_volume,0,0,0,0,0,0,23724,31300,0.1377,0,-1615,24,22,31,30,1
1774106987,30,69,0,0,0,0,no_volume,0,0,0,0,no_volume,0,0,0,0,no_volume,0,0,0,0,0,0,23724,31300,0.1377,0,-1764,24,22,31,30,1
1774106988,30,69,0,0,0,0,no_volume,0,0,0,0,no_volume,0,0,0,0,no_volume,0,0,0,0,0,0,23724,31300,0.1377,3110,-1764,24,22,31,30,1
1774106989,30,69,0,0,0,0,no_volume,0,0,0,0,no_volume,0,0,0,0,no_volume,0,0,0,0,0,0,23724,31300,0.1377,0,1346,24,22,31,30,1
1774106990,30,69,0,0,0,0,no_volume,0,0,0,0,no_volume,0,0,0,0,no_volume,0,0,0,0,0,0,23724,31300,0.1377,0,-476,24,22,31,30,1
1774106991,30,69,0,0,0,0,no_volume,0,0,0,0,no_volume,0,0,0,0,no_volume,0,0,0,0,0,0,23724,31300,0.1377,0,1288,24,22,31,30,1
1774106992,30,69,0,0,0,0,no_volume,0,0,0,0,no_volume,0,0,0,0,no_volume,0,0,0,0,0,0,23724,31300,0.1377,0,1288,24,22,31,30,1
1774106993,30,69,0,0,0,0,no_volume,0,0,0,0,no_volume,0,0,0,0,no_volume,0,0,0,0,0,0,23724,31300,0.1377,0,0,24,22,31,30,1
1774106994,30,69,0,0,0,0,no_volume,0,0,0,0,no_volume,0,0,0,0,no_volume,0,0,0,0,0,0,23724,31300,0.1377,0,0,24,22,31,30,1
1774106995,30,69,0,0,0,0,no_volume,0,0,0,0,no_volume,0,0,0,0,no_volume,0,0,0,0,0,0,23724,31300,0.1377,0,3110,24,22,31,30,1
1774106996,30,69,0,0,0,0,no_volume,0,0,0,0,no_volume,0,0,0,0,no_volume,0,0,0,0,0,0,23724,31300,0.1377,0,0,24,22,31,30,1
1774106997,30,69,0,0,0,0,no_volume,0,0,0,0,no_volume,0,0,0,0,no_volume,0,0,0,0,0,0,23724,31300,0.1377,0,0,24,22,31,30,1
1774106998,30,69,0,0,0,0,no_volume,0,0,0,0,no_volume,0,0,0,0,no_volume,0,0,0,0,0,0,23724,31300,0.1377,0,0,24,22,31,30,1
1774106999,30,69,0,0,0,0,no_volume,0,0,0,0,no_volume,0,0,0,0,no_volume,0,0,0,0,0,0,23724,31300,0.1377,0,0,24,22,31,30,1
1774107000,30,69,0,0,0,0,no_volume,0,0,0,0,no_volume,0,0,0,0,no_volume,0,0,0,0,0,0,23724,31300,0.1377,0,0,24,22,31,30,1
1774107001,30,69,0,0,0,0,no_volume,0,0,0,0,no_volume,0,0,0,0,no_volume,0,0,0,0,0,0,23724,31300,0.1377,0,0,24,22,31,30,1
1774107002,30,69,0,0,0,0,no_volume,0,0,0,0,no_volume,0,0,0,0,no_volume,0,0,0,0,0,0,23724,31300,0.1377,0,0,24,22,31,30,1
1774107003,30,69,0,0,0,0,no_volume,0,0,0,0,no_volume,0,0,0,0,no_volume,0,0,0,0,0,0,23724,31300,0.1377,0,0,24,22,31,30,1
1774107004,30,69,0,0,0,0,no_volume,0,0,0,0,no_volume,0,0,0,0,no_volume,0,0,0,0,0,0,23724,31300,0.1377,0,0,24,22,31,30,1
1774107005,30,69,0,0,0,0,no_volume,0,0,0,0,no_volume,0,0,0,0,no_volume,0,0,0,0,0,0,23724,31300,0.1377,0,0,24,22,31,30,1
1774107006,30,69,0,0,0,0,no_volume,0,0,0,0,no_volume,0,0,0,0,no_volume,0,0,0,0,0,0,23724,31300,0.1377,0,0,24,22,31,30,1
1774107007,30,69,0,0,0,0,no_volume,0,0,0,0,no_volume,0,0,0,0,no_volume,0,0,0,0,0,0,23724,31300,0.1377,0,0,24,22,31,30,1
1774107008,30,69,0,0,0,0,no_volume,0,0,0,0,no_volume,0,0,0,0,no_volume,0,0,0,0,0,0,23724,31300,0.1377,0,0,24,22,31,30,1
1774107009,30,69,0,0,0,0,no_volume,0,0,0,0,no_volume,0,0,0,0,no_volume,0,0,0,0,0,0,23724,31300,0.1377,0,0,24,22,31,30,1
1774107010,30,69,0,0,0,0,no_volume,0,0,0,0,no_volume,0,0,0,0,no_volume,0,0,0,0,0,0,23724,31300,0.1377,0,0,24,22,31,30,1
1774107011,30,69,0,0,0,0,no_volume,0,0,0,0,no_volume,0,0,0,0,no_volume,0,0,0,0,0,0,23724,31300,0.1377,0,0,24,22,31,30,1
1774107012,30,69,0,0,0,0,no_volume,0,0,0,0,no_volume,0,0,0,0,no_volume,0,0,0,0,0,0,23724,31300,0.1377,0,0,24,22,31,30,1
1774107013,30,69,0,0,0,0,no_volume,0,0,0,0,no_volume,0,0,0,0,no_volume,0,0,0,0,0,0,23724,31300,0.1377,0,0,24,22,31,30,1
1774107014,30,69,0,0,0,0,no_volume,0,0,0,0,no_volume,0,0,0,0,no_volume,0,0,0,0,0,0,23724,31300,0.1377,0,0,24,22,31,30,1
1774107015,30,69,0,0,0,0,no_volume,0,0,0,0,no_volume,0,0,0,0,no_volume,0,0,0,0,0,0,23724,31300,0.1377,0,0,24,22,31,30,1
1774107016,30,69,0,0,0,0,no_volume,0,0,0,0,no_volume,0,0,0,0,no_volume,0,0,0,0,0,0,23724,31300,0.1377,0,0,24,22,31,30,1
1774107017,30,69,0,0,0,0,no_volume,0,0,0,0,no_volume,0,0,0,0,no_volume,0,0,0,0,0,0,23724,31300,0.1377,0,0,24,22,31,30,1
1774107018,30,69,0,0,0,0,no_volume,0,0,0,0,no_volume,0,0,0,0,no_volume,0,0,0,0,0,0,21148,8131,-0.4446,-2576,-2576,22,15,31,30,1
1774107019,19,69,0,0,0,0,no_volume,0,0,0,0,no_volume,0,0,0,0,no_volume,0,0,0,0,0,0,21148,4807,-0.6296,-2576,-2576,22,13,31,19,12
1774107020,19,70,0,0,0,0,no_volume,0,0,0,0,no_volume,0,0,0,0,no_volume,0,0,0,0,0,0,21328,3519,-0.7167,-2396,-2396,23,13,30,19,11
1774107021,19,70,0,0,0,0,no_volume,0,0,0,0,no_volume,0,0,0,0,no_volume,0,0,0,0,0,0,21328,4819,-0.6314,180,-2396,23,14,30,19,11
1774107022,19,70,0,0,0,0,no_volume,0,0,0,0,no_volume,0,0,0,0,no_volume,0,0,0,0,0,0,21328,4819,-0.6314,180,-2396,23,14,30,19,11
1774107023,19,70,0,0,0,0,no_volume,0,0,0,0,no_volume,0,0,0,0,no_volume,0,0,0,0,0,0,21328,4919,-0.6252,0,-2396,23,15,30,19,11
1774107024,19,70,0,0,0,0,no_volume,0,0,0,0,no_volume,0,0,0,0,no_volume,0,0,0,0,0,0,21328,5069,-0.6159,0,-2396,23,16,30,19,11
1774107025,19,70,0,0,0,0,no_volume,0,0,0,0,no_volume,0,0,0,0,no_volume,0,0,0,0,0,0,21328,3601,-0.7111,0,-2396,23,15,30,19,11
1774107026,19,70,0,0,0,0,no_volume,0,0,0,0,no_volume,0,0,0,0,no_volume,0,0,0,0,0,0,19506,3601,-0.6883,-1822,-4218,22,15,30,19,11
1774107027,19,70,0,0,0,0,no_volume,0,0,0,0,no_volume,0,0,0,0,no_volume,0,0,0,0,0,0,21328,3601,-0.7111,0,-2396,22,15,30,19,11
1774107028,19,70,0,0,0,0,no_volume,0,0,0,0,no_volume,0,0,0,0,no_volume,0,0,0,0,0,0,21328,3601,-0.7111,0,180,22,15,30,19,11
1774107029,19,70,0,0,0,0,no_volume,0,0,0,0,no_volume,0,0,0,0,no_volume,0,0,0,0,0,0,21328,3601,-0.7111,1822,180,22,15,30,19,11
1774107030,19,70,0,0,0,0,no_volume,0,0,0,0,no_volume,0,0,0,0,no_volume,0,0,0,0,0,0,21328,3601,-0.7111,0,0,22,15,30,19,11
1774107031,19,70,0,0,0,0,no_volume,0,0,0,0,no_volume,0,0,0,0,no_volume,0,0,0,0,0,0,21328,3601,-0.7111,0,0,22,15,30,19,11
1774107032,19,70,0,0,0,0,no_volume,0,0,0,0,no_volume,0,0,0,0,no_volume,0,0,0,0,0,0,19506,3601,-0.6883,-1822,-1822,22,15,30,19,11
1774107033,19,70,0,0,0,0,no_volume,0,0,0,0,no_volume,0,0,0,0,no_volume,0,0,0,0,0,0,21328,3601,-0.7111,0,0,23,15,30,19,11
1774107034,19,70,0,0,0,0,no_volume,0,0,0,0,no_volume,0,0,0,0,no_volume,0,0,0,0,0,0,21328,3601,-0.7111,0,0,23,15,30,19,11
1774107035,19,70,0,0,0,0,no_volume,0,0,0,0,no_volume,0,0,0,0,no_volume,0,0,0,0,0,0,21328,3601,-0.7111,1822,0,23,15,30,19,11
1774107036,19,70,0,0,0,0,no_volume,0,0,0,0,no_volume,0,0,0,0,no_volume,0,0,0,0,0,0,21328,3601,-0.7111,0,1822,23,15,30,19,11
1774107037,19,70,0,0,0,0,no_volume,0,0,0,0,no_volume,0,0,0,0,no_volume,0,0,0,0,0,0,21328,3601,-0.7111,0,0,23,15,30,19,11
1774107038,19,70,0,0,0,0,no_volume,0,0,0,0,no_volume,0,0,0,0,no_volume,0,0,0,0,0,0,19506,3601,-0.6883,-1822,-1822,22,15,30,19,11
1774107039,19,70,0,0,0,0,no_volume,0,0,0,0,no_volume,0,0,0,0,no_volume,0,0,0,0,0,0,21328,3601,-0.7111,0,0,22,15,30,19,11
1774107040,19,70,0,0,0,0,no_volume,0,0,0,0,no_volume,0,0,0,0,no_volume,0,0,0,0,0,0,21328,3601,-0.7111,0,0,22,15,30,19,11
1774107041,19,70,0,0,0,0,no_volume,0,0,0,0,no_volume,0,0,0,0,no_volume,0,0,0,0,0,0,21328,3601,-0.7111,1822,0,22,15,30,19,11
1774107042,19,70,0,0,0,0,no_volume,0,0,0,0,no_volume,0,0,0,0,no_volume,0,0,0,0,0,0,21328,3601,-0.7111,0,1822,22,15,30,19,11
1774107043,19,70,0,0,0,0,no_volume,0,0,0,0,no_volume,0,0,0,0,no_volume,0,0,0,0,0,0,21328,3601,-0.7111,0,0,22,15,30,19,11
1774107044,19,70,0,0,0,0,no_volume,0,0,0,0,no_volume,0,0,0,0,no_volume,0,0,0,0,0,0,19506,3601,-0.6883,-1822,-1822,22,15,30,19,11
1774107045,19,70,0,0,0,0,no_volume,0,0,0,0,no_volume,0,0,0,0,no_volume,0,0,0,0,0,0,21328,3601,-0.7111,0,0,23,15,30,19,11
1774107046,19,70,0,0,0,0,no_volume,0,0,0,0,no_volume,0,0,0,0,no_volume,0,0,0,0,0,0,21328,3601,-0.7111,0,0,23,15,30,19,11
1774107047,19,70,0,0,0,0,no_volume,0,0,0,0,no_volume,0,0,0,0,no_volume,0,0,0,0,0,0,21328,3601,-0.7111,1822,0,23,15,30,19,11
1774107048,19,70,0,0,0,0,no_volume,0,0,0,0,no_volume,0,0,0,0,no_volume,0,0,0,0,0,0,21328,3601,-0.7111,0,1822,23,15,30,19,11
1774107049,19,70,0,0,0,0,no_volume,0,0,0,0,no_volume,0,0,0,0,no_volume,0,0,0,0,0,0,21328,3501,-0.718,0,0,23,15,30,19,11
1774107050,19,70,0,0,0,0,no_volume,0,0,0,0,no_volume,0,0,0,0,no_volume,0,0,0,0,0,0,21328,3601,-0.7111,0,0,23,15,30,19,11
1774107051,19,70,0,0,0,0,no_volume,0,0,0,0,no_volume,0,0,0,0,no_volume,0,0,0,0,0,0,21328,3601,-0.7111,0,0,23,15,30,19,11
1774107052,19,70,0,0,0,0,no_volume,0,0,0,0,no_volume,0,0,0,0,no_volume,0,0,0,0,0,0,21328,3601,-0.7111,0,0,23,15,30,19,11
1774107053,19,70,0,0,0,0,no_volume,0,0,0,0,no_volume,0,0,0,0,no_volume,0,0,0,0,0,0,19506,3601,-0.6883,-1822,-1822,22,15,30,19,11
1774107054,19,70,0,0,0,0,no_volume,0,0,0,0,no_volume,0,0,0,0,no_volume,0,0,0,0,0,0,21328,3601,-0.7111,0,1822,22,15,30,19,11
1774107055,19,70,0,0,0,0,no_volume,0,0,0,0,no_volume,0,0,0,0,no_volume,0,0,0,0,0,0,21328,3601,-0.7111,0,0,22,15,30,19,11
1774107056,20,70,0,0,0,0,no_volume,0,0,0,0,no_volume,0,0,0,0,no_volume,0,0,0,0,0,0,21328,3520,-0.7167,1822,0,22,13,30,20,10
1774107057,20,70,0,0,0,0,no_volume,0,0,0,0,no_volume,0,0,0,0,no_volume,0,0,0,0,0,0,19506,3520,-0.6943,-1822,-1822,22,13,30,20,10
1774107058,20,70,0,0,0,0,no_volume,0,0,0,0,no_volume,0,0,0,0,no_volume,0,0,0,0,0,0,21328,3520,-0.7167,0,0,22,13,30,20,10
1774107059,20,70,0,0,0,0,no_volume,0,0,0,0,no_volume,0,0,0,0,no_volume,0,0,0,0,0,0,21328,3520,-0.7167,0,0,22,13,30,20,10
1774107060,20,70,0,0,0,0,no_volume,0,0,0,0,no_volume,0,0,0,0,no_volume,0,0,0,0,0,0,21328,3520,-0.7167,1822,0,22,13,30,20,10
1774107061,20,70,0,0,0,0,no_volume,0,0,0,0,no_volume,0,0,0,0,no_volume,0,0,0,0,0,0,21328,3520,-0.7167,0,0,22,13,30,20,10
1774107062,20,70,0,0,0,0,no_volume,0,0,0,0,no_volume,0,0,0,0,no_volume,0,0,0,0,0,0,21328,3520,-0.7167,0,0,22,13,30,20,10
1774107063,20,70,0,0,0,0,no_volume,0,0,0,0,no_volume,0,0,0,0,no_volume,0,0,0,0,0,0,21328,3520,-0.7167,0,1822,22,13,30,20,10
1774107064,20,70,0,0,0,0,no_volume,0,0,0,0,no_volume,0,0,0,0,no_volume,0,0,0,0,0,0,19506,3520,-0.6943,-1822,-1822,22,13,30,20,10
1774107065,20,70,0,0,0,0,no_volume,0,0,0,0,no_volume,0,0,0,0,no_volume,0,0,0,0,0,0,21328,3520,-0.7167,0,0,23,13,30,20,10
1774107066,20,70,0,0,0,0,no_volume,0,0,0,0,no_volume,0,0,0,0,no_volume,0,0,0,0,0,0,21328,3520,-0.7167,0,0,23,13,30,20,10
1774107067,20,70,0,0,0,0,no_volume,0,0,0,0,no_volume,0,0,0,0,no_volume,0,0,0,0,0,0,21328,3520,-0.7167,1822,1822,23,13,30,20,10
1774107068,20,70,0,0,0,0,no_volume,0,0,0,0,no_volume,0,0,0,0,no_volume,0,0,0,0,0,0,21328,3520,-0.7167,0,0,23,13,30,20,10
1774107069,20,70,0,0,0,0,no_volume,0,0,0,0,no_volume,0,0,0,0,no_volume,0,0,0,0,0,0,21328,3520,-0.7167,0,0,23,13,30,20,10
1774107070,20,70,0,0,0,0,no_volume,0,0,0,0,no_volume,0,0,0,0,no_volume,0,0,0,0,0,0,19506,3520,-0.6943,-1822,-1822,22,13,30,20,10
1774107071,20,70,0,0,0,0,no_volume,0,0,0,0,no_volume,0,0,0,0,no_volume,0,0,0,0,0,0,21328,3520,-0.7167,0,0,23,13,30,20,10
1774107072,20,70,0,0,0,0,no_volume,0,0,0,0,no_volume,0,0,0,0,no_volume,0,0,0,0,0,0,21328,3520,-0.7167,0,0,23,13,30,20,10
1774107073,20,70,0,0,0,0,no_volume,0,0,0,0,no_volume,0,0,0,0,no_volume,0,0,0,0,0,0,21328,3520,-0.7167,1822,0,23,13,30,20,10
1774107074,20,70,0,0,0,0,no_volume,0,0,0,0,no_volume,0,0,0,0,no_volume,0,0,0,0,0,0,21328,3520,-0.7167,0,1822,23,13,30,20,10
1774107075,20,70,0,0,0,0,no_volume,0,0,0,0,no_volume,0,0,0,0,no_volume,0,0,0,0,0,0,21328,3520,-0.7167,0,0,23,13,30,20,10
1774107076,20,70,0,0,0,0,no_volume,0,0,0,0,no_volume,0,0,0,0,no_volume,0,0,0,0,0,0,19506,3520,-0.6943,-1822,-1822,22,13,30,20,10
1774107077,20,70,0,0,0,0,no_volume,0,0,0,0,no_volume,0,0,0,0,no_volume,0,0,0,0,0,0,21328,3520,-0.7167,0,0,22,13,30,20,10
1774107078,20,70,0,0,0,0,no_volume,0,0,0,0,no_volume,0,0,0,0,no_volume,0,0,0,0,0,0,21328,3520,-0.7167,0,0,22,13,30,20,10
1774107079,20,70,0,0,0,0,no_volume,0,0,0,0,no_volume,0,0,0,0,no_volume,0,0,0,0,0,0,19506,3520,-0.6943,0,-1822,22,13,30,20,10
1774107080,20,70,0,0,0,0,no_volume,0,0,0,0,no_volume,0,0,0,0,no_volume,0,0,0,0,0,0,21328,3520,-0.7167,0,1822,22,13,30,20,10
1774107081,21,70,0,0,0,0,no_volume,0,0,0,0,no_volume,0,0,0,0,no_volume,0,0,0,0,0,0,22616,5059,-0.6344,1288,1288,23,16,30,21,9
1774107082,30,69,0,0,0,0,no_volume,0,0,0,0,no_volume,0,0,0,0,no_volume,0,0,0,0,0,0,22810,9393,-0.4166,3304,1482,22,20,31,30,1
1774107083,30,69,0,0,0,0,no_volume,0,0,0,0,no_volume,0,0,0,0,no_volume,0,0,0,0,0,0,22810,9393,-0.4166,1482,1482,22,20,31,30,1
1774107084,30,69,0,0,0,0,no_volume,0,0,0,0,no_volume,0,0,0,0,no_volume,0,0,0,0,0,0,22810,9393,-0.4166,194,1482,22,20,31,30,1
1774107085,30,69,0,0,0,0,no_volume,0,0,0,0,no_volume,0,0,0,0,no_volume,0,0,0,0,0,0,23784,9393,-0.4338,974,2456,23,20,31,30,1
1774107086,30,69,0,0,0,0,no_volume,0,0,0,0,no_volume,0,0,0,0,no_volume,0,0,0,0,0,0,23784,9393,-0.4338,974,4278,23,20,31,30,1
1774107087,30,69,0,0,0,0,no_volume,0,0,0,0,no_volume,0,0,0,0,no_volume,0,0,0,0,0,0,21274,10367,-0.3447,-1536,-54,23,19,31,30,1
1774107088,30,69,0,0,0,0,no_volume,0,0,0,0,no_volume,0,0,0,0,no_volume,0,0,0,0,0,0,22122,10367,-0.3618,-1662,794,22,19,31,30,1
1774107089,30,69,0,0,0,0,no_volume,0,0,0,0,no_volume,0,0,0,0,no_volume,0,0,0,0,0,0,23410,11341,-0.3473,-374,3904,23,19,31,30,1
1774107090,30,69,0,0,0,0,no_volume,0,0,0,0,no_volume,0,0,0,0,no_volume,0,0,0,0,0,0,23785,11936,-0.3317,2511,2457,23,19,31,30,1
1774107091,30,69,0,0,0,0,no_volume,0,0,0,0,no_volume,0,0,0,0,no_volume,0,0,0,0,0,0,23785,12526,-0.3101,1663,1169,23,19,31,30,1
1774107092,30,69,0,0,0,0,no_volume,0,0,0,0,no_volume,0,0,0,0,no_volume,0,0,0,0,0,0,23785,11866,-0.3343,375,975,23,19,31,30,1
1774107093,30,69,0,0,0,0,no_volume,0,0,0,0,no_volume,0,0,0,0,no_volume,0,0,0,0,0,0,22811,12526,-0.2911,-974,1,23,19,31,30,1
1774107094,30,69,0,0,0,0,no_volume,0,0,0,0,no_volume,0,0,0,0,no_volume,0,0,0,0,0,0,20989,12526,-0.2525,-2796,-1821,22,19,31,30,1
1774107095,30,69,0,0,0,0,no_volume,0,0,0,0,no_volume,0,0,0,0,no_volume,0,0,0,0,0,0,22436,12526,-0.2835,-1349,-1348,22,19,31,30,1
1774107096,30,69,0,0,0,0,no_volume,0,0,0,0,no_volume,0,0,0,0,no_volume,0,0,0,0,0,0,23724,11552,-0.3451,913,-60,23,19,31,30,1
1774107097,30,69,0,0,0,0,no_volume,0,0,0,0,no_volume,0,0,0,0,no_volume,0,0,0,0,0,0,23873,11552,-0.3478,2884,2599,23,20,31,30,1
1774107098,30,69,0,0,0,0,no_volume,0,0,0,0,no_volume,0,0,0,0,no_volume,0,0,0,0,0,0,24248,11552,-0.3546,1812,2126,23,20,31,30,1
1774107099,30,69,0,0,0,0,no_volume,0,0,0,0,no_volume,0,0,0,0,no_volume,0,0,0,0,0,0,24248,11552,-0.3546,524,838,23,20,31,30,1
1774107100,30,69,0,0,0,0,no_volume,0,0,0,0,no_volume,0,0,0,0,no_volume,0,0,0,0,0,0,23274,12526,-0.3002,-599,-511,22,21,31,30,1
1774107101,30,69,0,0,0,0,no_volume,0,0,0,0,no_volume,0,0,0,0,no_volume,0,0,0,0,0,0,23274,12526,-0.3002,-974,-511,22,21,31,30,1
1774107102,30,69,0,0,0,0,no_volume,0,0,0,0,no_volume,0,0,0,0,no_volume,0,0,0,0,0,0,21303,11552,-0.2968,-2945,-2482,22,21,31,30,1
1774107103,30,69,0,0,0,0,no_volume,0,0,0,0,no_volume,0,0,0,0,no_volume,0,0,0,0,0,0,23125,11552,-0.3337,-149,314,23,21,31,30,1
1774107104,30,69,0,0,0,0,no_volume,0,0,0,0,no_volume,0,0,0,0,no_volume,0,0,0,0,0,0,23125,11552,-0.3337,-149,2136,23,21,31,30,1
1774107105,30,69,0,0,0,0,no_volume,0,0,0,0,no_volume,0,0,0,0,no_volume,0,0,0,0,0,0,24413,11552,-0.3576,3110,1977,23,21,31,30,1
1774107106,30,69,0,0,0,0,no_volume,0,0,0,0,no_volume,0,0,0,0,no_volume,0,0,0,0,0,0,21303,11552,-0.2968,-1822,-2421,22,21,31,30,1
1774107107,30,69,0,0,0,0,no_volume,0,0,0,0,no_volume,0,0,0,0,no_volume,0,0,0,0,0,0,23125,11552,-0.3337,0,-748,23,20,31,30,1
1774107108,30,69,0,0,0,0,no_volume,0,0,0,0,no_volume,0,0,0,0,no_volume,0,0,0,0,0,0,23125,11552,-0.3337,-1288,-1123,23,20,31,30,1
1774107109,30,69,0,0,0,0,no_volume,0,0,0,0,no_volume,0,0,0,0,no_volume,0,0,0,0,0,0,24099,12840,-0.3048,2796,-149,22,20,31,30,1
1774107110,30,69,0,0,0,0,no_volume,0,0,0,0,no_volume,0,0,0,0,no_volume,0,0,0,0,0,0,24099,12840,-0.3048,974,825,22,20,31,30,1
1774107111,30,69,0,0,0,0,no_volume,0,0,0,0,no_volume,0,0,0,0,no_volume,0,0,0,0,0,0,24099,12840,-0.3048,974,825,22,20,31,30,1
1774107112,30,69,0,0,0,0,no_volume,0,0,0,0,no_volume,0,0,0,0,no_volume,0,0,0,0,0,0,24099,12840,-0.3048,0,2796,22,20,31,30,1
1774107113,30,69,0,0,0,0,no_volume,0,0,0,0,no_volume,0,0,0,0,no_volume,0,0,0,0,0,0,22811,12840,-0.2797,-1288,-314,22,21,31,30,1
1774107114,30,69,0,0,0,0,no_volume,0,0,0,0,no_volume,0,0,0,0,no_volume,0,0,0,0,0,0,20989,12840,-0.2409,-3110,-2136,22,21,31,30,1
1774107115,30,69,0,0,0,0,no_volume,0,0,0,0,no_volume,0,0,0,0,no_volume,0,0,0,0,0,0,24099,12526,-0.316,0,-314,23,21,31,30,1
1774107116,30,69,0,0,0,0,no_volume,0,0,0,0,no_volume,0,0,0,0,no_volume,0,0,0,0,0,0,24099,12526,-0.316,1288,2796,23,21,31,30,1
1774107117,30,69,0,0,0,0,no_volume,0,0,0,0,no_volume,0,0,0,0,no_volume,0,0,0,0,0,0,24099,12526,-0.316,3110,974,23,21,31,30,1
1774107118,30,69,0,0,0,0,no_volume,0,0,0,0,no_volume,0,0,0,0,no_volume,0,0,0,0,0,0,24099,12526,-0.316,0,974,23,21,31,30,1
1774107119,30,69,0,0,0,0,no_volume,0,0,0,0,no_volume,0,0,0,0,no_volume,0,0,0,0,0,0,26159,11552,-0.3873,2060,2060,24,21,31,30,1
1774107120,30,69,0,0,0,0,no_volume,0,0,0,0,no_volume,0,0,0,0,no_volume,0,0,0,0,0,0,25311,11552,-0.3732,1212,1212,24,21,31,30,1
1774107121,30,69,0,0,0,0,no_volume,0,0,0,0,no_volume,0,0,0,0,no_volume,0,0,0,0,0,0,25845,11552,-0.3822,1746,1746,23,21,31,30,1
1774107122,30,69,0,0,0,0,no_volume,0,0,0,0,no_volume,0,0,0,0,no_volume,0,0,0,0,0,0,25845,11552,-0.3822,-314,1746,23,21,31,30,1
1774107123,20,69,0,0,0,0,no_volume,0,0,0,0,no_volume,0,0,0,0,no_volume,0,0,0,0,0,0,18832,5491,-0.5485,-6479,-3979,22,13,31,20,11
1774107124,20,69,0,0,0,0,no_volume,0,0,0,0,no_volume,0,0,0,0,no_volume,0,0,0,0,0,0,18832,5499,-0.548,-7013,-2157,22,13,31,20,11
1774107125,20,69,0,0,0,0,no_volume,0,0,0,0,no_volume,0,0,0,0,no_volume,0,0,0,0,0,0,18832,5499,-0.548,-7013,-5267,22,13,31,20,11
1774107126,20,69,0,0,0,0,no_volume,0,0,0,0,no_volume,0,0,0,0,no_volume,0,0,0,0,0,0,18832,4211,-0.6345,0,-5267,22,13,31,20,11
1774107127,20,69,0,0,0,0,no_volume,0,0,0,0,no_volume,0,0,0,0,no_volume,0,0,0,0,0,0,17010,5499,-0.5114,-1822,-7089,22,14,31,20,11
1774107128,20,69,0,0,0,0,no_volume,0,0,0,0,no_volume,0,0,0,0,no_volume,0,0,0,0,0,0,18832,5181,-0.5685,0,-5267,23,14,31,20,11
1774107129,20,69,0,0,0,0,no_volume,0,0,0,0,no_volume,0,0,0,0,no_volume,0,0,0,0,0,0,18832,5181,-0.5685,0,-7327,23,14,31,20,11
1774107130,20,69,0,0,0,0,no_volume,0,0,0,0,no_volume,0,0,0,0,no_volume,0,0,0,0,0,0,18832,5181,-0.5685,1822,-6479,23,14,31,20,11
1774107131,20,68,0,0,0,0,no_volume,0,0,0,0,no_volume,0,0,0,0,no_volume,0,0,0,0,0,0,18742,3963,-0.6509,-90,-7103,22,14,32,20,12
1774107132,20,69,0,0,0,0,no_volume,0,0,0,0,no_volume,0,0,0,0,no_volume,0,0,0,0,0,0,18746,4187,-0.6348,-86,-7099,23,14,31,20,11
1774107133,20,69,0,0,0,0,no_volume,0,0,0,0,no_volume,0,0,0,0,no_volume,0,0,0,0,0,0,18746,4187,-0.6348,-86,-86,23,14,31,20,11
1774107134,20,69,0,0,0,0,no_volume,0,0,0,0,no_volume,0,0,0,0,no_volume,0,0,0,0,0,0,18746,2799,-0.7402,4,-86,23,14,31,20,11
1774107135,20,69,0,0,0,0,no_volume,0,0,0,0,no_volume,0,0,0,0,no_volume,0,0,0,0,0,0,16924,4087,-0.611,-1822,-1908,22,14,31,20,11
1774107136,21,69,0,0,0,0,no_volume,0,0,0,0,no_volume,0,0,0,0,no_volume,0,0,0,0,0,0,18746,4155,-0.6371,0,-86,22,14,31,21,10
1774107137,26,69,0,0,0,0,no_volume,0,0,0,0,no_volume,0,0,0,0,no_volume,0,0,0,0,0,0,18746,6370,-0.4928,0,1736,22,16,31,26,5
1774107138,25,68,0,0,0,0,no_volume,0,0,0,0,no_volume,0,0,0,0,no_volume,0,0,0,0,0,0,18742,6461,-0.4873,1818,-90,21,15,32,25,7
1774107139,27,68,0,0,0,0,no_volume,0,0,0,0,no_volume,0,0,0,0,no_volume,0,0,0,0,0,0,19117,6756,-0.4778,371,285,21,16,32,27,5
1774107140,28,68,0,0,0,0,no_volume,0,0,0,0,no_volume,0,0,0,0,no_volume,0,0,0,0,0,0,20405,8044,-0.4345,1659,1573,22,17,32,28,4
1774107141,30,68,0,0,0,0,no_volume,0,0,0,0,no_volume,0,0,0,0,no_volume,0,0,0,0,0,0,20405,10254,-0.3311,1663,1663,22,18,32,30,2
1774107142,30,68,0,0,0,0,no_volume,0,0,0,0,no_volume,0,0,0,0,no_volume,0,0,0,0,0,0,20405,11775,-0.2682,1288,1659,21,18,32,30,2
1774107143,30,68,0,0,0,0,no_volume,0,0,0,0,no_volume,0,0,0,0,no_volume,0,0,0,0,0,0,20405,11162,-0.2928,0,1659,21,19,32,30,2
1774107144,30,68,0,0,0,0,no_volume,0,0,0,0,no_volume,0,0,0,0,no_volume,0,0,0,0,0,0,19557,14554,-0.1467,-848,811,22,20,32,30,2
1774107145,30,68,0,0,0,0,no_volume,0,0,0,0,no_volume,0,0,0,0,no_volume,0,0,0,0,0,0,21379,14554,-0.1899,974,4455,22,20,32,30,2
1774107146,30,68,0,0,0,0,no_volume,0,0,0,0,no_volume,0,0,0,0,no_volume,0,0,0,0,0,0,21379,15148,-0.1706,974,2633,22,20,32,30,2
1774107147,30,68,0,0,0,0,no_volume,0,0,0,0,no_volume,0,0,0,0,no_volume,0,0,0,0,0,0,21379,15462,-0.1606,1822,2633,23,20,32,30,2
1774107148,30,68,0,0,0,0,no_volume,0,0,0,0,no_volume,0,0,0,0,no_volume,0,0,0,0,0,0,21379,15462,-0.1606,0,2637,23,20,32,30,2
1774107149,30,68,0,0,0,0,no_volume,0,0,0,0,no_volume,0,0,0,0,no_volume,0,0,0,0,0,0,21379,15148,-0.1706,0,2262,22,20,32,30,2
1774107150,30,68,0,0,0,0,no_volume,0,0,0,0,no_volume,0,0,0,0,no_volume,0,0,0,0,0,0,21379,13860,-0.2134,0,974,22,20,32,30,2
1774107151,19,68,0,0,0,0,no_volume,0,0,0,0,no_volume,0,0,0,0,no_volume,0,0,0,0,0,0,18742,5157,-0.5684,-2637,-1663,22,14,32,19,13
1774107152,19,69,0,0,0,0,no_volume,0,0,0,0,no_volume,0,0,0,0,no_volume,0,0,0,0,0,0,16924,5157,-0.5329,-4455,-3481,22,14,31,19,12
1774107153,19,69,0,0,0,0,no_volume,0,0,0,0,no_volume,0,0,0,0,no_volume,0,0,0,0,0,0,18746,5157,-0.5685,-2633,-1659,22,14,31,19,12
1774107154,19,69,0,0,0,0,no_volume,0,0,0,0,no_volume,0,0,0,0,no_volume,0,0,0,0,0,0,18746,3601,-0.6777,4,-811,22,13,31,19,12
1774107155,19,69,0,0,0,0,no_volume,0,0,0,0,no_volume,0,0,0,0,no_volume,0,0,0,0,0,0,18746,3601,-0.6777,1822,-2633,22,13,31,19,12
1774107156,21,69,0,0,0,0,no_volume,0,0,0,0,no_volume,0,0,0,0,no_volume,0,0,0,0,0,0,18746,3600,-0.6778,0,-2633,22,16,31,21,10
1774107157,21,69,0,0,0,0,no_volume,0,0,0,0,no_volume,0,0,0,0,no_volume,0,0,0,0,0,0,18746,3620,-0.6763,0,-2633,22,16,31,21,10
1774107158,21,69,0,0,0,0,no_volume,0,0,0,0,no_volume,0,0,0,0,no_volume,0,0,0,0,0,0,18746,3620,-0.6763,0,-2633,22,16,31,21,10
1774107159,21,69,0,0,0,0,no_volume,0,0,0,0,no_volume,0,0,0,0,no_volume,0,0,0,0,0,0,18746,2332,-0.7787,0,-2633,22,16,31,21,10
1774107160,21,69,0,0,0,0,no_volume,0,0,0,0,no_volume,0,0,0,0,no_volume,0,0,0,0,0,0,16924,3520,-0.6556,-1822,-4455,22,15,31,21,10
1774107161,21,69,0,0,0,0,no_volume,0,0,0,0,no_volume,0,0,0,0,no_volume,0,0,0,0,0,0,16924,3520,-0.6556,-1822,-1818,22,15,31,21,10
1774107162,21,69,0,0,0,0,no_volume,0,0,0,0,no_volume,0,0,0,0,no_volume,0,0,0,0,0,0,18746,3520,-0.6838,0,1822,22,15,31,21,10
1774107163,21,69,0,0,0,0,no_volume,0,0,0,0,no_volume,0,0,0,0,no_volume,0,0,0,0,0,0,18746,3520,-0.6838,1822,0,22,14,31,21,10
1774107164,21,69,0,0,0,0,no_volume,0,0,0,0,no_volume,0,0,0,0,no_volume,0,0,0,0,0,0,18746,3520,-0.6838,1822,0,22,14,31,21,10
1774107165,21,69,0,0,0,0,no_volume,0,0,0,0,no_volume,0,0,0,0,no_volume,0,0,0,0,0,0,18746,3520,-0.6838,0,0,22,15,31,21,10
1774107166,21,69,0,0,0,0,no_volume,0,0,0,0,no_volume,0,0,0,0,no_volume,0,0,0,0,0,0,18746,3520,-0.6838,0,0,22,14,31,21,10
1774107167,21,69,0,0,0,0,no_volume,0,0,0,0,no_volume,0,0,0,0,no_volume,0,0,0,0,0,0,18746,3520,-0.6838,0,0,22,14,31,21,10
1774107168,21,69,0,0,0,0,no_volume,0,0,0,0,no_volume,0,0,0,0,no_volume,0,0,0,0,0,0,18746,3520,-0.6838,0,0,22,14,31,21,10
1774107169,21,69,0,0,0,0,no_volume,0,0,0,0,no_volume,0,0,0,0,no_volume,0,0,0,0,0,0,18746,3520,-0.6838,0,0,22,14,31,21,10
1774107170,21,69,0,0,0,0,no_volume,0,0,0,0,no_volume,0,0,0,0,no_volume,0,0,0,0,0,0,16924,3520,-0.6556,-1822,0,22,14,31,21,10
1774107171,21,69,0,0,0,0,no_volume,0,0,0,0,no_volume,0,0,0,0,no_volume,0,0,0,0,0,0,18746,3520,-0.6838,0,1822,23,14,31,21,10
1774107172,21,69,0,0,0,0,no_volume,0,0,0,0,no_volume,0,0,0,0,no_volume,0,0,0,0,0,0,18746,3520,-0.6838,0,0,23,14,31,21,10
1774107173,21,69,0,0,0,0,no_volume,0,0,0,0,no_volume,0,0,0,0,no_volume,0,0,0,0,0,0,18746,3520,-0.6838,1822,0,23,14,31,21,10
1774107174,21,69,0,0,0,0,no_volume,0,0,0,0,no_volume,0,0,0,0,no_volume,0,0,0,0,0,0,16924,3520,-0.6556,-1822,-1822,22,14,31,21,10
1774107175,21,69,0,0,0,0,no_volume,0,0,0,0,no_volume,0,0,0,0,no_volume,0,0,0,0,0,0,18746,3520,-0.6838,0,0,22,14,31,21,10
1774107176,21,69,0,0,0,0,no_volume,0,0,0,0,no_volume,0,0,0,0,no_volume,0,0,0,0,0,0,18746,3520,-0.6838,0,0,22,14,31,21,10
1774107177,21,69,0,0,0,0,no_volume,0,0,0,0,no_volume,0,0,0,0,no_volume,0,0,0,0,0,0,18746,3520,-0.6838,1822,0,22,14,31,21,10
1774107178,21,69,0,0,0,0,no_volume,0,0,0,0,no_volume,0,0,0,0,no_volume,0,0,0,0,0,0,16924,3520,-0.6556,-1822,-1822,22,14,31,21,10
1774107179,21,69,0,0,0,0,no_volume,0,0,0,0,no_volume,0,0,0,0,no_volume,0,0,0,0,0,0,18746,3520,-0.6838,0,0,22,14,31,21,10
1774107180,21,69,0,0,0,0,no_volume,0,0,0,0,no_volume,0,0,0,0,no_volume,0,0,0,0,0,0,18746,3520,-0.6838,0,1822,22,14,31,21,10
1774107181,21,69,0,0,0,0,no_volume,0,0,0,0,no_volume,0,0,0,0,no_volume,0,0,0,0,0,0,18746,3520,-0.6838,1822,0,22,14,31,21,10
1774107182,21,69,0,0,0,0,no_volume,0,0,0,0,no_volume,0,0,0,0,no_volume,0,0,0,0,0,0,18746,3520,-0.6838,0,0,22,14,31,21,10
1774107183,21,69,0,0,0,0,no_volume,0,0,0,0,no_volume,0,0,0,0,no_volume,0,0,0,0,0,0,18746,3520,-0.6838,0,0,22,14,31,21,10
1774107184,21,69,0,0,0,0,no_volume,0,0,0,0,no_volume,0,0,0,0,no_volume,0,0,0,0,0,0,18746,3520,-0.6838,0,1822,22,14,31,21,10
1774107185,21,69,0,0,0,0,no_volume,0,0,0,0,no_volume,0,0,0,0,no_volume,0,0,0,0,0,0,16924,3520,-0.6556,-1822,-1822,22,14,31,21,10
1774107186,21,69,0,0,0,0,no_volume,0,0,0,0,no_volume,0,0,0,0,no_volume,0,0,0,0,0,0,18746,3520,-0.6838,0,0,23,14,31,21,10
1774107187,21,69,0,0,0,0,no_volume,0,0,0,0,no_volume,0,0,0,0,no_volume,0,0,0,0,0,0,18746,3520,-0.6838,0,0,23,14,31,21,10
1774107188,21,69,0,0,0,0,no_volume,0,0,0,0,no_volume,0,0,0,0,no_volume,0,0,0,0,0,0,18746,3520,-0.6838,1822,1822,23,14,31,21,10
1774107189,30,68,0,0,0,0,no_volume,0,0,0,0,no_volume,0,0,0,0,no_volume,0,0,0,0,0,0,23033,9409,-0.4199,4287,4287,22,22,32,30,2
1774107190,30,68,0,0,0,0,no_volume,0,0,0,0,no_volume,0,0,0,0,no_volume,0,0,0,0,0,0,23033,9389,-0.4208,4287,4287,22,21,32,30,2
1774107191,30,68,0,0,0,0,no_volume,0,0,0,0,no_volume,0,0,0,0,no_volume,0,0,0,0,0,0,25004,9389,-0.454,6258,6258,23,21,32,30,2
1774107192,30,68,0,0,0,0,no_volume,0,0,0,0,no_volume,0,0,0,0,no_volume,0,0,0,0,0,0,23191,6493,-0.5625,158,4445,22,14,32,30,2
1774107193,20,68,0,0,0,0,no_volume,0,0,0,0,no_volume,0,0,0,0,no_volume,0,0,0,0,0,0,18742,3833,-0.6604,-4291,-4,22,13,32,20,12
1774107194,20,69,0,0,0,0,no_volume,0,0,0,0,no_volume,0,0,0,0,no_volume,0,0,0,0,0,0,18825,2556,-0.7609,-6179,79,23,13,31,20,11
1774107195,23,69,0,0,0,0,no_volume,0,0,0,0,no_volume,0,0,0,0,no_volume,0,0,0,0,0,0,22740,5712,-0.5985,-451,5816,23,15,31,23,8
1774107196,30,69,0,0,0,0,no_volume,0,0,0,0,no_volume,0,0,0,0,no_volume,0,0,0,0,0,0,22747,9406,-0.4149,4005,4001,23,21,31,30,1
1774107197,30,68,0,0,0,0,no_volume,0,0,0,0,no_volume,0,0,0,0,no_volume,0,0,0,0,0,0,24855,9782,-0.4352,6030,6109,22,21,32,30,2
1774107198,30,68,0,0,0,0,no_volume,0,0,0,0,no_volume,0,0,0,0,no_volume,0,0,0,0,0,0,24855,11350,-0.373,2115,6109,22,21,32,30,2
1774107199,30,68,0,0,0,0,no_volume,0,0,0,0,no_volume,0,0,0,0,no_volume,0,0,0,0,0,0,25829,13511,-0.3131,3082,2796,23,21,32,30,2
1774107200,30,68,0,0,0,0,no_volume,0,0,0,0,no_volume,0,0,0,0,no_volume,0,0,0,0,0,0,25829,13511,-0.3131,974,2796,23,21,32,30,2
1774107201,30,68,0,0,0,0,no_volume,0,0,0,0,no_volume,0,0,0,0,no_volume,0,0,0,0,0,0,23033,13197,-0.2715,-1822,-1971,22,21,32,30,2
1774107202,30,68,0,0,0,0,no_volume,0,0,0,0,no_volume,0,0,0,0,no_volume,0,0,0,0,0,0,25829,13197,-0.3237,0,2638,24,21,32,30,2
1774107203,30,68,0,0,0,0,no_volume,0,0,0,0,no_volume,0,0,0,0,no_volume,0,0,0,0,0,0,25829,13197,-0.3237,0,7087,23,22,32,30,2
1774107204,30,68,0,0,0,0,no_volume,0,0,0,0,no_volume,0,0,0,0,no_volume,0,0,0,0,0,0,25978,13197,-0.3263,2945,7153,23,22,32,30,2
1774107205,30,68,0,0,0,0,no_volume,0,0,0,0,no_volume,0,0,0,0,no_volume,0,0,0,0,0,0,25978,13197,-0.3263,149,3238,23,22,32,30,2
1774107206,30,68,0,0,0,0,no_volume,0,0,0,0,no_volume,0,0,0,0,no_volume,0,0,0,0,0,0,25978,13197,-0.3263,149,3231,23,22,32,30,2
1774107207,30,68,0,0,0,0,no_volume,0,0,0,0,no_volume,0,0,0,0,no_volume,0,0,0,0,0,0,25978,13197,-0.3263,0,1123,23,22,32,30,2
1774107208,30,68,0,0,0,0,no_volume,0,0,0,0,no_volume,0,0,0,0,no_volume,0,0,0,0,0,0,25978,13197,-0.3263,0,1123,23,22,32,30,2
1774107209,30,68,0,0,0,0,no_volume,0,0,0,0,no_volume,0,0,0,0,no_volume,0,0,0,0,0,0,24156,12223,-0.328,-1822,-1673,23,23,32,30,2
1774107210,30,68,0,0,0,0,no_volume,0,0,0,0,no_volume,0,0,0,0,no_volume,0,0,0,0,0,0,21529,12223,-0.2757,-4449,-4300,24,23,32,30,2
1774107211,30,68,0,0,0,0,no_volume,0,0,0,0,no_volume,0,0,0,0,no_volume,0,0,0,0,0,0,21529,12223,-0.2757,-4449,-1504,24,23,32,30,2
1774107212,30,68,0,0,0,0,no_volume,0,0,0,0,no_volume,0,0,0,0,no_volume,0,0,0,0,0,0,21529,12223,-0.2757,-2627,-4300,24,23,32,30,2
1774107213,30,68,0,0,0,0,no_volume,0,0,0,0,no_volume,0,0,0,0,no_volume,0,0,0,0,0,0,22503,13197,-0.2607,974,-3326,25,22,32,30,2
1774107214,30,68,0,0,0,0,no_volume,0,0,0,0,no_volume,0,0,0,0,no_volume,0,0,0,0,0,0,22503,13197,-0.2607,974,-3475,25,22,32,30,2
1774107215,30,68,0,0,0,0,no_volume,0,0,0,0,no_volume,0,0,0,0,no_volume,0,0,0,0,0,0,22503,13197,-0.2607,974,-3475,25,22,32,30,2
1774107216,30,68,0,0,0,0,no_volume,0,0,0,0,no_volume,0,0,0,0,no_volume,0,0,0,0,0,0,20406,13197,-0.2145,-2097,-5572,23,22,32,30,2
1774107217,30,68,0,0,0,0,no_volume,0,0,0,0,no_volume,0,0,0,0,no_volume,0,0,0,0,0,0,20406,13197,-0.2145,-2097,-5572,23,22,32,30,2
1774107218,30,68,0,0,0,0,no_volume,0,0,0,0,no_volume,0,0,0,0,no_volume,0,0,0,0,0,0,19558,12223,-0.2308,-2945,-6420,22,21,32,30,2
1774107219,30,68,0,0,0,0,no_volume,0,0,0,0,no_volume,0,0,0,0,no_volume,0,0,0,0,0,0,21380,12223,-0.2725,974,-2776,22,21,32,30,2
1774107220,30,68,0,0,0,0,no_volume,0,0,0,0,no_volume,0,0,0,0,no_volume,0,0,0,0,0,0,21380,12223,-0.2725,974,-149,22,21,32,30,2
1774107221,30,68,0,0,0,0,no_volume,0,0,0,0,no_volume,0,0,0,0,no_volume,0,0,0,0,0,0,20532,12223,-0.2537,974,-997,22,21,32,30,2
1774107222,30,68,0,0,0,0,no_volume,0,0,0,0,no_volume,0,0,0,0,no_volume,0,0,0,0,0,0,22354,12223,-0.293,974,825,22,22,32,30,2
1774107223,30,68,0,0,0,0,no_volume,0,0,0,0,no_volume,0,0,0,0,no_volume,0,0,0,0,0,0,22354,12223,-0.293,974,-149,22,22,32,30,2
1774107224,30,68,0,0,0,0,no_volume,0,0,0,0,no_volume,0,0,0,0,no_volume,0,0,0,0,0,0,22354,12223,-0.293,1822,-149,22,22,32,30,2
1774107225,30,68,0,0,0,0,no_volume,0,0,0,0,no_volume,0,0,0,0,no_volume,0,0,0,0,0,0,19558,13197,-0.1942,-2796,-2945,22,23,32,30,2
1774107226,30,68,0,0,0,0,no_volume,0,0,0,0,no_volume,0,0,0,0,no_volume,0,0,0,0,0,0,20406,13197,-0.2145,-1948,0,22,23,32,30,2
1774107227,30,68,0,0,0,0,no_volume,0,0,0,0,no_volume,0,0,0,0,no_volume,0,0,0,0,0,0,20406,13197,-0.2145,-1948,0,22,23,32,30,2
1774107228,30,68,0,0,0,0,no_volume,0,0,0,0,no_volume,0,0,0,0,no_volume,0,0,0,0,0,0,20406,13197,-0.2145,848,848,22,23,32,30,2
1774107229,30,68,0,0,0,0,no_volume,0,0,0,0,no_volume,0,0,0,0,no_volume,0,0,0,0,0,0,21532,12223,-0.2758,1126,152,22,23,32,30,2
1774107230,20,68,0,0,0,0,no_volume,0,0,0,0,no_volume,0,0,0,0,no_volume,0,0,0,0,0,0,18742,4807,-0.5917,-1664,-2638,22,13,32,20,12
1774107231,20,68,0,0,0,0,no_volume,0,0,0,0,no_volume,0,0,0,0,no_volume,0,0,0,0,0,0,18742,3250,-0.7044,-1664,-1790,22,13,32,20,12
1774107232,20,69,0,0,0,0,no_volume,0,0,0,0,no_volume,0,0,0,0,no_volume,0,0,0,0,0,0,18822,3500,-0.6864,-2710,-3532,23,13,31,20,11
1774107233,20,69,0,0,0,0,no_volume,0,0,0,0,no_volume,0,0,0,0,no_volume,0,0,0,0,0,0,18822,2212,-0.7897,80,-3532,23,13,31,20,11
1774107234,20,69,0,0,0,0,no_volume,0,0,0,0,no_volume,0,0,0,0,no_volume,0,0,0,0,0,0,17000,3500,-0.6585,-1742,-5354,22,13,31,20,11
1774107235,20,69,0,0,0,0,no_volume,0,0,0,0,no_volume,0,0,0,0,no_volume,0,0,0,0,0,0,18822,3500,-0.6864,0,-736,22,13,31,20,11
1774107236,20,69,0,0,0,0,no_volume,0,0,0,0,no_volume,0,0,0,0,no_volume,0,0,0,0,0,0,18822,3500,-0.6864,0,-1584,22,13,31,20,11
1774107237,20,69,0,0,0,0,no_volume,0,0,0,0,no_volume,0,0,0,0,no_volume,0,0,0,0,0,0,18822,3500,-0.6864,1822,-1584,22,13,31,20,11
1774107238,20,69,0,0,0,0,no_volume,0,0,0,0,no_volume,0,0,0,0,no_volume,0,0,0,0,0,0,18822,3500,-0.6864,0,-1584,22,13,31,20,11
1774107239,20,69,0,0,0,0,no_volume,0,0,0,0,no_volume,0,0,0,0,no_volume,0,0,0,0,0,0,18822,3500,-0.6864,0,-2710,22,13,31,20,11
1774107240,20,69,0,0,0,0,no_volume,0,0,0,0,no_volume,0,0,0,0,no_volume,0,0,0,0,0,0,18822,3500,-0.6864,0,80,22,13,31,20,11
1774107241,20,69,0,0,0,0,no_volume,0,0,0,0,no_volume,0,0,0,0,no_volume,0,0,0,0,0,0,18822,3500,-0.6864,0,80,22,13,31,20,11
1774107242,20,69,0,0,0,0,no_volume,0,0,0,0,no_volume,0,0,0,0,no_volume,0,0,0,0,0,0,17000,3500,-0.6585,-1822,-1822,22,13,31,20,11
1774107243,20,69,0,0,0,0,no_volume,0,0,0,0,no_volume,0,0,0,0,no_volume,0,0,0,0,0,0,18822,3500,-0.6864,0,0,23,13,31,20,11
1774107244,20,69,0,0,0,0,no_volume,0,0,0,0,no_volume,0,0,0,0,no_volume,0,0,0,0,0,0,18822,3500,-0.6864,0,1822,23,13,31,20,11
1774107245,20,69,0,0,0,0,no_volume,0,0,0,0,no_volume,0,0,0,0,no_volume,0,0,0,0,0,0,18822,3500,-0.6864,1822,0,23,13,31,20,11
1774107246,20,69,0,0,0,0,no_volume,0,0,0,0,no_volume,0,0,0,0,no_volume,0,0,0,0,0,0,18822,3500,-0.6864,0,0,23,13,31,20,11
1774107247,20,69,0,0,0,0,no_volume,0,0,0,0,no_volume,0,0,0,0,no_volume,0,0,0,0,0,0,18822,3500,-0.6864,0,0,23,13,31,20,11
1774107248,22,69,0,0,0,0,no_volume,0,0,0,0,no_volume,0,0,0,0,no_volume,0,0,0,0,0,0,18822,3599,-0.679,0,0,23,14,31,22,9
1774107249,22,69,0,0,0,0,no_volume,0,0,0,0,no_volume,0,0,0,0,no_volume,0,0,0,0,0,0,17000,3269,-0.6774,-1822,-1822,22,13,31,22,9
1774107250,22,69,0,0,0,0,no_volume,0,0,0,0,no_volume,0,0,0,0,no_volume,0,0,0,0,0,0,18822,3519,-0.685,0,0,22,13,31,22,9
1774107251,22,69,0,0,0,0,no_volume,0,0,0,0,no_volume,0,0,0,0,no_volume,0,0,0,0,0,0,18822,3519,-0.685,0,0,22,13,31,22,9
1774107252,22,69,0,0,0,0,no_volume,0,0,0,0,no_volume,0,0,0,0,no_volume,0,0,0,0,0,0,18822,3519,-0.685,1822,1822,22,13,31,22,9
1774107253,22,69,0,0,0,0,no_volume,0,0,0,0,no_volume,0,0,0,0,no_volume,0,0,0,0,0,0,18822,3519,-0.685,0,0,22,13,31,22,9
1774107254,22,69,0,0,0,0,no_volume,0,0,0,0,no_volume,0,0,0,0,no_volume,0,0,0,0,0,0,18822,3519,-0.685,0,0,22,13,31,22,9
1774107255,22,69,0,0,0,0,no_volume,0,0,0,0,no_volume,0,0,0,0,no_volume,0,0,0,0,0,0,17000,3519,-0.657,-1822,-1822,22,13,31,22,9
1774107256,22,69,0,0,0,0,no_volume,0,0,0,0,no_volume,0,0,0,0,no_volume,0,0,0,0,0,0,18822,3519,-0.685,0,0,23,13,31,22,9
1774107257,22,69,0,0,0,0,no_volume,0,0,0,0,no_volume,0,0,0,0,no_volume,0,0,0,0,0,0,18822,3519,-0.685,0,0,23,13,31,22,9
1774107258,22,69,0,0,0,0,no_volume,0,0,0,0,no_volume,0,0,0,0,no_volume,0,0,0,0,0,0,18822,3519,-0.685,1822,0,23,13,31,22,9
1774107259,22,69,0,0,0,0,no_volume,0,0,0,0,no_volume,0,0,0,0,no_volume,0,0,0,0,0,0,18822,3519,-0.685,0,1822,23,13,31,22,9
1774107260,22,69,0,0,0,0,no_volume,0,0,0,0,no_volume,0,0,0,0,no_volume,0,0,0,0,0,0,17000,3519,-0.657,-1822,-1822,22,13,31,22,9
1774107261,22,69,0,0,0,0,no_volume,0,0,0,0,no_volume,0,0,0,0,no_volume,0,0,0,0,0,0,18822,3519,-0.685,0,0,22,13,31,22,9
1774107262,22,69,0,0,0,0,no_volume,0,0,0,0,no_volume,0,0,0,0,no_volume,0,0,0,0,0,0,18822,3519,-0.685,0,0,22,13,31,22,9
1774107263,22,69,0,0,0,0,no_volume,0,0,0,0,no_volume,0,0,0,0,no_volume,0,0,0,0,0,0,18822,3519,-0.685,1822,0,22,13,31,22,9
1774107264,22,69,0,0,0,0,no_volume,0,0,0,0,no_volume,0,0,0,0,no_volume,0,0,0,0,0,0,17000,3519,-0.657,-1822,-1822,22,13,31,22,9
1774107265,22,69,0,0,0,0,no_volume,0,0,0,0,no_volume,0,0,0,0,no_volume,0,0,0,0,0,0,18822,3519,-0.685,0,1822,22,13,31,22,9
1774107266,22,69,0,0,0,0,no_volume,0,0,0,0,no_volume,0,0,0,0,no_volume,0,0,0,0,0,0,18822,3519,-0.685,0,0,22,13,31,22,9
1774107267,22,69,0,0,0,0,no_volume,0,0,0,0,no_volume,0,0,0,0,no_volume,0,0,0,0,0,0,18822,3519,-0.685,1822,0,22,13,31,22,9
1774107268,22,69,0,0,0,0,no_volume,0,0,0,0,no_volume,0,0,0,0,no_volume,0,0,0,0,0,0,17000,3519,-0.657,-1822,-1822,22,13,31,22,9
1774107269,22,69,0,0,0,0,no_volume,0,0,0,0,no_volume,0,0,0,0,no_volume,0,0,0,0,0,0,18822,3519,-0.685,0,0,23,13,31,22,9
1774107270,22,69,0,0,0,0,no_volume,0,0,0,0,no_volume,0,0,0,0,no_volume,0,0,0,0,0,0,18822,3519,-0.685,0,1822,23,14,31,22,9
1774107271,22,69,0,0,0,0,no_volume,0,0,0,0,no_volume,0,0,0,0,no_volume,0,0,0,0,0,0,18822,3519,-0.685,1822,0,23,13,31,22,9
1774107272,22,69,0,0,0,0,no_volume,0,0,0,0,no_volume,0,0,0,0,no_volume,0,0,0,0,0,0,18822,3519,-0.685,0,0,23,13,31,22,9
1774107273,22,69,0,0,0,0,no_volume,0,0,0,0,no_volume,0,0,0,0,no_volume,0,0,0,0,0,0,18822,3519,-0.685,0,0,23,13,31,22,9
1774107274,22,69,0,0,0,0,no_volume,0,0,0,0,no_volume,0,0,0,0,no_volume,0,0,0,0,0,0,18822,3519,-0.685,0,1822,23,13,31,22,9
1774107275,22,69,0,0,0,0,no_volume,0,0,0,0,no_volume,0,0,0,0,no_volume,0,0,0,0,0,0,17000,3519,-0.657,-1822,-1822,22,13,31,22,9
1774107276,22,69,0,0,0,0,no_volume,0,0,0,0,no_volume,0,0,0,0,no_volume,0,0,0,0,0,0,18822,3519,-0.685,0,0,22,13,31,22,9
1774107277,22,69,0,0,0,0,no_volume,0,0,0,0,no_volume,0,0,0,0,no_volume,0,0,0,0,0,0,18822,3519,-0.685,0,0,22,13,31,22,9
1774107278,22,69,0,0,0,0,no_volume,0,0,0,0,no_volume,0,0,0,0,no_volume,0,0,0,0,0,0,18822,3519,-0.685,1822,1822,22,13,31,22,9
1774107279,22,69,0,0,0,0,no_volume,0,0,0,0,no_volume,0,0,0,0,no_volume,0,0,0,0,0,0,18822,3519,-0.685,0,0,22,13,31,22,9
1774107280,22,69,0,0,0,0,no_volume,0,0,0,0,no_volume,0,0,0,0,no_volume,0,0,0,0,0,0,18822,3519,-0.685,0,0,22,13,31,22,9
1774107281,22,69,0,0,0,0,no_volume,0,0,0,0,no_volume,0,0,0,0,no_volume,0,0,0,0,0,0,17000,3519,-0.657,-1822,-1822,22,13,31,22,9
1774107282,22,69,0,0,0,0,no_volume,0,0,0,0,no_volume,0,0,0,0,no_volume,0,0,0,0,0,0,18822,3519,-0.685,0,0,23,13,31,22,9
1774107283,25,69,0,0,0,0,no_volume,0,0,0,0,no_volume,0,0,0,0,no_volume,0,0,0,0,0,0,18822,3618,-0.6775,0,0,23,16,31,25,6
1774107284,25,69,0,0,0,0,no_volume,0,0,0,0,no_volume,0,0,0,0,no_volume,0,0,0,0,0,0,18822,3609,-0.6782,1822,0,23,15,31,25,6
1774107285,25,68,0,0,0,0,no_volume,0,0,0,0,no_volume,0,0,0,0,no_volume,0,0,0,0,0,0,16920,5772,-0.4913,-1902,-80,21,15,32,25,7
1774107286,25,68,0,0,0,0,no_volume,0,0,0,0,no_volume,0,0,0,0,no_volume,0,0,0,0,0,0,18742,5672,-0.5353,-80,-80,21,14,32,25,7
1774107287,25,68,0,0,0,0,no_volume,0,0,0,0,no_volume,0,0,0,0,no_volume,0,0,0,0,0,0,18742,5672,-0.5353,-80,-80,21,14,32,25,7
1774107288,25,68,0,0,0,0,no_volume,0,0,0,0,no_volume,0,0,0,0,no_volume,0,0,0,0,0,0,18742,5772,-0.5291,1822,-80,21,15,32,25,7
1774107289,25,68,0,0,0,0,no_volume,0,0,0,0,no_volume,0,0,0,0,no_volume,0,0,0,0,0,0,18742,4395,-0.6201,0,-80,21,14,32,25,7
1774107290,25,68,0,0,0,0,no_volume,0,0,0,0,no_volume,0,0,0,0,no_volume,0,0,0,0,0,0,18742,5683,-0.5347,0,-80,21,14,32,25,7
1774107291,25,68,0,0,0,0,no_volume,0,0,0,0,no_volume,0,0,0,0,no_volume,0,0,0,0,0,0,16920,5683,-0.4971,-1822,-80,21,14,32,25,7
1774107292,25,68,0,0,0,0,no_volume,0,0,0,0,no_volume,0,0,0,0,no_volume,0,0,0,0,0,0,18742,5683,-0.5347,0,-80,22,14,32,25,7
1774107293,25,68,0,0,0,0,no_volume,0,0,0,0,no_volume,0,0,0,0,no_volume,0,0,0,0,0,0,18742,5683,-0.5347,0,-80,22,14,32,25,7
1774107294,25,68,0,0,0,0,no_volume,0,0,0,0,no_volume,0,0,0,0,no_volume,0,0,0,0,0,0,18742,5683,-0.5347,1822,-80,22,14,32,25,7
1774107295,25,68,0,0,0,0,no_volume,0,0,0,0,no_volume,0,0,0,0,no_volume,0,0,0,0,0,0,18742,5683,-0.5347,0,1822,22,14,32,25,7
1774107296,25,68,0,0,0,0,no_volume,0,0,0,0,no_volume,0,0,0,0,no_volume,0,0,0,0,0,0,18742,5683,-0.5347,0,0,22,14,32,25,7
1774107297,25,68,0,0,0,0,no_volume,0,0,0,0,no_volume,0,0,0,0,no_volume,0,0,0,0,0,0,16920,5683,-0.4971,-1822,-1822,21,14,32,25,7
1774107298,25,68,0,0,0,0,no_volume,0,0,0,0,no_volume,0,0,0,0,no_volume,0,0,0,0,0,0,18742,5683,-0.5347,0,0,21,14,32,25,7
1774107299,27,68,0,0,0,0,no_volume,0,0,0,0,no_volume,0,0,0,0,no_volume,0,0,0,0,0,0,18742,5296,-0.5594,0,0,21,14,32,27,5
1774107300,27,68,0,0,0,0,no_volume,0,0,0,0,no_volume,0,0,0,0,no_volume,0,0,0,0,0,0,18742,5296,-0.5594,1822,0,21,13,32,27,5
1774107301,27,68,0,0,0,0,no_volume,0,0,0,0,no_volume,0,0,0,0,no_volume,0,0,0,0,0,0,18742,3789,-0.6637,0,1822,21,13,32,27,5
1774107302,27,68,0,0,0,0,no_volume,0,0,0,0,no_volume,0,0,0,0,no_volume,0,0,0,0,0,0,18742,3789,-0.6637,0,0,21,13,32,27,5
1774107303,27,68,0,0,0,0,no_volume,0,0,0,0,no_volume,0,0,0,0,no_volume,0,0,0,0,0,0,16920,5077,-0.5384,-1822,-1822,21,13,32,27,5
1774107304,27,68,0,0,0,0,no_volume,0,0,0,0,no_volume,0,0,0,0,no_volume,0,0,0,0,0,0,18742,5077,-0.5737,0,0,21,13,32,27,5
1774107305,27,68,0,0,0,0,no_volume,0,0,0,0,no_volume,0,0,0,0,no_volume,0,0,0,0,0,0,18742,5077,-0.5737,0,0,21,13,32,27,5
1774107306,27,68,0,0,0,0,no_volume,0,0,0,0,no_volume,0,0,0,0,no_volume,0,0,0,0,0,0,18742,5077,-0.5737,1822,0,21,13,32,27,5
1774107307,27,68,0,0,0,0,no_volume,0,0,0,0,no_volume,0,0,0,0,no_volume,0,0,0,0,0,0,18742,5077,-0.5737,0,1822,21,13,32,27,5
1774107308,27,69,0,0,0,0,no_volume,0,0,0,0,no_volume,0,0,0,0,no_volume,0,0,0,0,0,0,18842,5078,-0.5754,100,100,22,14,31,27,4
1774107309,27,69,0,0,0,0,no_volume,0,0,0,0,no_volume,0,0,0,0,no_volume,0,0,0,0,0,0,17020,5178,-0.5335,-1722,-1722,22,16,31,27,4
1774107310,27,69,0,0,0,0,no_volume,0,0,0,0,no_volume,0,0,0,0,no_volume,0,0,0,0,0,0,18842,5078,-0.5754,100,100,23,15,31,27,4
1774107311,27,69,0,0,0,0,no_volume,0,0,0,0,no_volume,0,0,0,0,no_volume,0,0,0,0,0,0,18842,5178,-0.5689,0,100,23,16,31,27,4
1774107312,27,69,0,0,0,0,no_volume,0,0,0,0,no_volume,0,0,0,0,no_volume,0,0,0,0,0,0,18842,5178,-0.5689,1822,100,23,16,31,27,4
1774107313,27,69,0,0,0,0,no_volume,0,0,0,0,no_volume,0,0,0,0,no_volume,0,0,0,0,0,0,18842,5758,-0.5319,0,1922,23,15,31,27,4
1774107314,27,69,0,0,0,0,no_volume,0,0,0,0,no_volume,0,0,0,0,no_volume,0,0,0,0,0,0,18842,5758,-0.5319,0,100,23,15,31,27,4
1774107315,27,69,0,0,0,0,no_volume,0,0,0,0,no_volume,0,0,0,0,no_volume,0,0,0,0,0,0,18842,4470,-0.6165,0,100,23,15,31,27,4
1774107316,27,69,0,0,0,0,no_volume,0,0,0,0,no_volume,0,0,0,0,no_volume,0,0,0,0,0,0,18842,5758,-0.5319,0,100,23,15,31,27,4
1774107317,28,69,0,0,0,0,no_volume,0,0,0,0,no_volume,0,0,0,0,no_volume,0,0,0,0,0,0,17020,5758,-0.4944,-1822,-1722,22,15,31,28,3
1774107318,28,68,0,0,0,0,no_volume,0,0,0,0,no_volume,0,0,0,0,no_volume,0,0,0,0,0,0,18742,5758,-0.53,-100,-100,21,15,32,28,4
1774107319,28,68,0,0,0,0,no_volume,0,0,0,0,no_volume,0,0,0,0,no_volume,0,0,0,0,0,0,18742,5758,-0.53,-100,1722,21,15,32,28,4
1774107320,28,68,0,0,0,0,no_volume,0,0,0,0,no_volume,0,0,0,0,no_volume,0,0,0,0,0,0,18742,5758,-0.53,1722,-100,21,15,32,28,4
1774107321,28,68,0,0,0,0,no_volume,0,0,0,0,no_volume,0,0,0,0,no_volume,0,0,0,0,0,0,18742,5758,-0.53,0,-100,21,15,32,28,4
1774107322,28,68,0,0,0,0,no_volume,0,0,0,0,no_volume,0,0,0,0,no_volume,0,0,0,0,0,0,18742,5758,-0.53,0,-100,21,15,32,28,4
1774107323,28,68,0,0,0,0,no_volume,0,0,0,0,no_volume,0,0,0,0,no_volume,0,0,0,0,0,0,16920,5758,-0.4922,-1822,-1922,21,15,32,28,4
1774107324,28,68,0,0,0,0,no_volume,0,0,0,0,no_volume,0,0,0,0,no_volume,0,0,0,0,0,0,18742,5758,-0.53,0,-100,22,15,32,28,4
1774107325,28,68,0,0,0,0,no_volume,0,0,0,0,no_volume,0,0,0,0,no_volume,0,0,0,0,0,0,18742,5758,-0.53,0,-100,22,15,32,28,4
1774107326,28,68,0,0,0,0,no_volume,0,0,0,0,no_volume,0,0,0,0,no_volume,0,0,0,0,0,0,18742,5758,-0.53,1822,-100,22,15,32,28,4
1774107327,28,68,0,0,0,0,no_volume,0,0,0,0,no_volume,0,0,0,0,no_volume,0,0,0,0,0,0,16920,5758,-0.4922,-1822,-100,21,15,32,28,4
1774107328,28,68,0,0,0,0,no_volume,0,0,0,0,no_volume,0,0,0,0,no_volume,0,0,0,0,0,0,18742,5758,-0.53,0,0,21,15,32,28,4
1774107329,28,68,0,0,0,0,no_volume,0,0,0,0,no_volume,0,0,0,0,no_volume,0,0,0,0,0,0,18742,5758,-0.53,0,0,21,15,32,28,4
1774107330,28,68,0,0,0,0,no_volume,0,0,0,0,no_volume,0,0,0,0,no_volume,0,0,0,0,0,0,18742,5758,-0.53,1822,0,21,15,32,28,4
1774107331,28,68,0,0,0,0,no_volume,0,0,0,0,no_volume,0,0,0,0,no_volume,0,0,0,0,0,0,18742,5758,-0.53,0,0,21,15,32,28,4
1774107332,28,68,0,0,0,0,no_volume,0,0,0,0,no_volume,0,0,0,0,no_volume,0,0,0,0,0,0,18742,5758,-0.53,0,0,21,15,32,28,4
1774107333,28,68,0,0,0,0,no_volume,0,0,0,0,no_volume,0,0,0,0,no_volume,0,0,0,0,0,0,18742,5758,-0.53,0,1822,21,15,32,28,4
1774107334,28,68,0,0,0,0,no_volume,0,0,0,0,no_volume,0,0,0,0,no_volume,0,0,0,0,0,0,18742,5758,-0.53,0,0,21,15,32,28,4
1774107335,28,68,0,0,0,0,no_volume,0,0,0,0,no_volume,0,0,0,0,no_volume,0,0,0,0,0,0,18742,5758,-0.53,0,0,21,15,32,28,4
1774107336,28,68,0,0,0,0,no_volume,0,0,0,0,no_volume,0,0,0,0,no_volume,0,0,0,0,0,0,18742,5758,-0.53,0,0,21,15,32,28,4
1774107337,28,68,0,0,0,0,no_volume,0,0,0,0,no_volume,0,0,0,0,no_volume,0,0,0,0,0,0,18742,5658,-0.5362,0,1822,21,14,32,28,4
1774107338,28,68,0,0,0,0,no_volume,0,0,0,0,no_volume,0,0,0,0,no_volume,0,0,0,0,0,0,18742,5270,-0.5611,0,0,21,14,32,28,4
1774107339,28,69,0,0,0,0,no_volume,0,0,0,0,no_volume,0,0,0,0,no_volume,0,0,0,0,0,0,18822,5270,-0.5625,80,80,22,14,31,28,3
1774107340,28,69,0,0,0,0,no_volume,0,0,0,0,no_volume,0,0,0,0,no_volume,0,0,0,0,0,0,18822,3982,-0.6508,80,80,22,14,31,28,3
1774107341,28,69,0,0,0,0,no_volume,0,0,0,0,no_volume,0,0,0,0,no_volume,0,0,0,0,0,0,18822,5270,-0.5625,80,80,22,14,31,28,3
1774107342,28,69,0,0,0,0,no_volume,0,0,0,0,no_volume,0,0,0,0,no_volume,0,0,0,0,0,0,17000,5370,-0.5199,-1822,-1742,22,14,31,28,3
1774107343,28,69,0,0,0,0,no_volume,0,0,0,0,no_volume,0,0,0,0,no_volume,0,0,0,0,0,0,18822,5703,-0.5349,0,80,22,14,31,28,3
1774107344,30,69,0,0,0,0,no_volume,0,0,0,0,no_volume,0,0,0,0,no_volume,0,0,0,0,0,0,24818,9769,-0.4351,5996,6076,23,16,31,30,1
1774107345,30,69,0,0,0,0,no_volume,0,0,0,0,no_volume,0,0,0,0,no_volume,0,0,0,0,0,0,24818,10043,-0.4238,7818,6076,23,17,31,30,1
1774107346,30,68,0,0,0,0,no_volume,0,0,0,0,no_volume,0,0,0,0,no_volume,0,0,0,0,0,0,24887,10387,-0.4111,6065,6145,22,18,32,30,2
1774107347,30,68,0,0,0,0,no_volume,0,0,0,0,no_volume,0,0,0,0,no_volume,0,0,0,0,0,0,24887,10387,-0.4111,69,6145,22,18,32,30,2
1774107348,30,68,0,0,0,0,no_volume,0,0,0,0,no_volume,0,0,0,0,no_volume,0,0,0,0,0,0,25861,10387,-0.4269,1043,7119,22,19,32,30,2
1774107349,30,68,0,0,0,0,no_volume,0,0,0,0,no_volume,0,0,0,0,no_volume,0,0,0,0,0,0,24039,11565,-0.3504,-848,5217,22,18,32,30,2
1774107350,30,68,0,0,0,0,no_volume,0,0,0,0,no_volume,0,0,0,0,no_volume,0,0,0,0,0,0,25861,11565,-0.382,974,7039,22,18,32,30,2
1774107351,30,68,0,0,0,0,no_volume,0,0,0,0,no_volume,0,0,0,0,no_volume,0,0,0,0,0,0,25861,11565,-0.382,0,7039,22,18,32,30,2
1774107352,30,68,0,0,0,0,no_volume,0,0,0,0,no_volume,0,0,0,0,no_volume,0,0,0,0,0,0,25861,10968,-0.4044,1822,8861,22,18,32,30,2
1774107353,30,68,0,0,0,0,no_volume,0,0,0,0,no_volume,0,0,0,0,no_volume,0,0,0,0,0,0,25861,10591,-0.4189,0,7039,22,18,32,30,2
1774107354,30,68,0,0,0,0,no_volume,0,0,0,0,no_volume,0,0,0,0,no_volume,0,0,0,0,0,0,24738,10591,-0.4004,-1123,-80,22,18,32,30,2
1774107355,30,68,0,0,0,0,no_volume,0,0,0,0,no_volume,0,0,0,0,no_volume,0,0,0,0,0,0,24738,11565,-0.3629,-1123,-80,22,17,32,30,2
1774107356,30,68,0,0,0,0,no_volume,0,0,0,0,no_volume,0,0,0,0,no_volume,0,0,0,0,0,0,24738,11565,-0.3629,-1123,-149,22,17,32,30,2
1774107357,30,68,0,0,0,0,no_volume,0,0,0,0,no_volume,0,0,0,0,no_volume,0,0,0,0,0,0,22916,11565,-0.3292,-1822,-1971,22,17,32,30,2
1774107358,30,68,0,0,0,0,no_volume,0,0,0,0,no_volume,0,0,0,0,no_volume,0,0,0,0,0,0,20407,11565,-0.2766,-4331,-5454,23,17,32,30,2
1774107359,30,68,0,0,0,0,no_volume,0,0,0,0,no_volume,0,0,0,0,no_volume,0,0,0,0,0,0,19119,8486,-0.3852,-5619,-4920,22,14,32,30,2
1774107360,21,68,0,0,0,0,no_volume,0,0,0,0,no_volume,0,0,0,0,no_volume,0,0,0,0,0,0,18742,5157,-0.5684,-4174,-7119,22,14,32,21,11
1774107361,21,68,0,0,0,0,no_volume,0,0,0,0,no_volume,0,0,0,0,no_volume,0,0,0,0,0,0,18742,5157,-0.5684,-1665,-7119,22,14,32,21,11
1774107362,22,68,0,0,0,0,no_volume,0,0,0,0,no_volume,0,0,0,0,no_volume,0,0,0,0,0,0,18742,5157,-0.5684,-377,-7119,22,16,32,22,10
1774107363,30,68,0,0,0,0,no_volume,0,0,0,0,no_volume,0,0,0,0,no_volume,0,0,0,0,0,0,20407,8052,-0.4341,1665,-5454,23,17,32,30,2
1774107364,30,68,0,0,0,0,no_volume,0,0,0,0,no_volume,0,0,0,0,no_volume,0,0,0,0,0,0,18585,9340,-0.3311,-157,-6153,22,17,32,30,2
1774107365,30,68,0,0,0,0,no_volume,0,0,0,0,no_volume,0,0,0,0,no_volume,0,0,0,0,0,0,20407,9679,-0.3566,1665,-4331,22,17,32,30,2
1774107366,30,68,0,0,0,0,no_volume,0,0,0,0,no_volume,0,0,0,0,no_volume,0,0,0,0,0,0,21381,9399,-0.3893,974,-3357,23,17,32,30,2
1774107367,30,68,0,0,0,0,no_volume,0,0,0,0,no_volume,0,0,0,0,no_volume,0,0,0,0,0,0,21381,9399,-0.3893,2796,-1535,23,17,32,30,2
1774107368,30,68,0,0,0,0,no_volume,0,0,0,0,no_volume,0,0,0,0,no_volume,0,0,0,0,0,0,23623,9085,-0.4445,3216,3216,23,16,32,30,2
1774107369,30,68,0,0,0,0,no_volume,0,0,0,0,no_volume,0,0,0,0,no_volume,0,0,0,0,0,0,23623,9085,-0.4445,2242,4504,22,16,32,30,2
1774107370,30,68,0,0,0,0,no_volume,0,0,0,0,no_volume,0,0,0,0,no_volume,0,0,0,0,0,0,21801,9085,-0.4117,420,3059,22,16,32,30,2
1774107371,30,68,0,0,0,0,no_volume,0,0,0,0,no_volume,0,0,0,0,no_volume,0,0,0,0,0,0,23623,8426,-0.4742,0,4881,23,15,32,30,2
1774107372,30,68,0,0,0,0,no_volume,0,0,0,0,no_volume,0,0,0,0,no_volume,0,0,0,0,0,0,23623,8426,-0.4742,0,4881,23,15,32,30,2
1774107373,30,68,0,0,0,0,no_volume,0,0,0,0,no_volume,0,0,0,0,no_volume,0,0,0,0,0,0,23623,8426,-0.4742,1822,3216,23,15,32,30,2
1774107374,30,68,0,0,0,0,no_volume,0,0,0,0,no_volume,0,0,0,0,no_volume,0,0,0,0,0,0,23623,8048,-0.4918,0,5038,24,15,32,30,2
1774107375,30,68,0,0,0,0,no_volume,0,0,0,0,no_volume,0,0,0,0,no_volume,0,0,0,0,0,0,23623,9930,-0.4081,0,3216,24,16,32,30,2
1774107376,30,68,0,0,0,0,no_volume,0,0,0,0,no_volume,0,0,0,0,no_volume,0,0,0,0,0,0,23623,8642,-0.4643,0,2242,24,16,32,30,2
1774107377,30,68,0,0,0,0,no_volume,0,0,0,0,no_volume,0,0,0,0,no_volume,0,0,0,0,0,0,20979,10940,-0.3145,-2644,-402,22,16,32,30,2
1774107378,30,68,0,0,0,0,no_volume,0,0,0,0,no_volume,0,0,0,0,no_volume,0,0,0,0,0,0,22801,11254,-0.3391,-822,-822,23,17,32,30,2
1774107379,30,68,0,0,0,0,no_volume,0,0,0,0,no_volume,0,0,0,0,no_volume,0,0,0,0,0,0,22801,11632,-0.3244,-822,-822,23,17,32,30,2
1774107380,30,68,0,0,0,0,no_volume,0,0,0,0,no_volume,0,0,0,0,no_volume,0,0,0,0,0,0,23775,9966,-0.4093,2796,1974,22,17,32,30,2
1774107381,30,68,0,0,0,0,no_volume,0,0,0,0,no_volume,0,0,0,0,no_volume,0,0,0,0,0,0,23775,9966,-0.4093,974,152,22,17,32,30,2
1774107382,30,68,0,0,0,0,no_volume,0,0,0,0,no_volume,0,0,0,0,no_volume,0,0,0,0,0,0,23775,9966,-0.4093,974,152,22,17,32,30,2
1774107383,30,68,0,0,0,0,no_volume,0,0,0,0,no_volume,0,0,0,0,no_volume,0,0,0,0,0,0,22801,10696,-0.3614,-974,-822,21,19,32,30,2
1774107384,30,68,0,0,0,0,no_volume,0,0,0,0,no_volume,0,0,0,0,no_volume,0,0,0,0,0,0,23775,11174,-0.3606,0,152,22,19,32,30,2
1774107385,30,68,0,0,0,0,no_volume,0,0,0,0,no_volume,0,0,0,0,no_volume,0,0,0,0,0,0,23461,9886,-0.4071,-314,-162,23,19,32,30,2
1774107386,30,68,0,0,0,0,no_volume,0,0,0,0,no_volume,0,0,0,0,no_volume,0,0,0,0,0,0,24256,11488,-0.3572,1455,633,23,19,32,30,2
1774107387,31,68,0,0,0,0,no_volume,0,0,0,0,no_volume,0,0,0,0,no_volume,0,0,0,0,0,0,27132,11488,-0.4051,3357,6153,24,20,32,31,1
1774107388,31,68,0,0,0,0,no_volume,0,0,0,0,no_volume,0,0,0,0,no_volume,0,0,0,0,0,0,26980,11488,-0.4027,3519,4179,24,20,32,31,1
1774107389,31,68,0,0,0,0,no_volume,0,0,0,0,no_volume,0,0,0,0,no_volume,0,0,0,0,0,0,26980,11488,-0.4027,2724,4179,23,20,32,31,1
1774107390,31,68,0,0,0,0,no_volume,0,0,0,0,no_volume,0,0,0,0,no_volume,0,0,0,0,0,0,27294,11174,-0.419,162,3519,23,19,32,31,1
1774107391,31,68,0,0,0,0,no_volume,0,0,0,0,no_volume,0,0,0,0,no_volume,0,0,0,0,0,0,27294,11174,-0.419,314,3519,23,19,32,31,1
1774107392,31,68,0,0,0,0,no_volume,0,0,0,0,no_volume,0,0,0,0,no_volume,0,0,0,0,0,0,26980,12148,-0.3791,0,3205,23,18,32,31,1
1774107393,31,68,0,0,0,0,no_volume,0,0,0,0,no_volume,0,0,0,0,no_volume,0,0,0,0,0,0,26006,12148,-0.3632,-1288,3205,24,18,32,31,1
1774107394,31,68,0,0,0,0,no_volume,0,0,0,0,no_volume,0,0,0,0,no_volume,0,0,0,0,0,0,26006,12148,-0.3632,-1288,2231,24,18,32,31,1
1774107395,31,68,0,0,0,0,no_volume,0,0,0,0,no_volume,0,0,0,0,no_volume,0,0,0,0,0,0,24184,12148,-0.3313,-2796,723,23,18,32,31,1
1774107396,31,68,0,0,0,0,no_volume,0,0,0,0,no_volume,0,0,0,0,no_volume,0,0,0,0,0,0,26980,12148,-0.3791,974,2724,25,18,32,31,1
1774107397,31,68,0,0,0,0,no_volume,0,0,0,0,no_volume,0,0,0,0,no_volume,0,0,0,0,0,0,26980,11174,-0.4143,974,-152,25,18,32,31,1
1774107398,31,68,0,0,0,0,no_volume,0,0,0,0,no_volume,0,0,0,0,no_volume,0,0,0,0,0,0,26980,11174,-0.4143,2796,0,25,18,32,31,1
1774107399,31,68,0,0,0,0,no_volume,0,0,0,0,no_volume,0,0,0,0,no_volume,0,0,0,0,0,0,26980,11174,-0.4143,0,0,25,18,32,31,1
1774107400,31,68,0,0,0,0,no_volume,0,0,0,0,no_volume,0,0,0,0,no_volume,0,0,0,0,0,0,26980,11174,-0.4143,0,-314,25,18,32,31,1
1774107401,31,68,0,0,0,0,no_volume,0,0,0,0,no_volume,0,0,0,0,no_volume,0,0,0,0,0,0,25158,12148,-0.3487,-1822,-2136,23,19,32,31,1
1774107402,31,68,0,0,0,0,no_volume,0,0,0,0,no_volume,0,0,0,0,no_volume,0,0,0,0,0,0,26980,12148,-0.3791,0,0,22,19,32,31,1
1774107403,31,68,0,0,0,0,no_volume,0,0,0,0,no_volume,0,0,0,0,no_volume,0,0,0,0,0,0,26980,12148,-0.3791,0,974,22,19,32,31,1
1774107404,31,68,0,0,0,0,no_volume,0,0,0,0,no_volume,0,0,0,0,no_volume,0,0,0,0,0,0,26980,12148,-0.3791,1822,974,22,19,32,31,1
1774107405,31,68,0,0,0,0,no_volume,0,0,0,0,no_volume,0,0,0,0,no_volume,0,0,0,0,0,0,26980,12148,-0.3791,0,2796,22,19,32,31,1
1774107406,31,68,0,0,0,0,no_volume,0,0,0,0,no_volume,0,0,0,0,no_volume,0,0,0,0,0,0,25926,14913,-0.2697,-1054,-1054,22,19,32,31,1
1774107407,31,68,0,0,0,0,no_volume,0,0,0,0,no_volume,0,0,0,0,no_volume,0,0,0,0,0,0,25926,14913,-0.2697,-1054,-1054,22,19,32,31,1
1774107408,31,68,0,0,0,0,no_volume,0,0,0,0,no_volume,0,0,0,0,no_volume,0,0,0,0,0,0,25926,14913,-0.2697,-1054,-1054,22,19,32,31,1
1774107409,31,68,0,0,0,0,no_volume,0,0,0,0,no_volume,0,0,0,0,no_volume,0,0,0,0,0,0,25926,15887,-0.2401,0,-1054,23,18,32,31,1
1774107410,31,68,0,0,0,0,no_volume,0,0,0,0,no_volume,0,0,0,0,no_volume,0,0,0,0,0,0,23585,17009,-0.162,-2341,-3395,23,18,32,31,1
1774107411,31,68,0,0,0,0,no_volume,0,0,0,0,no_volume,0,0,0,0,no_volume,0,0,0,0,0,0,21763,18297,-0.0865,-4163,-3395,23,18,32,31,1
1774107412,31,68,0,0,0,0,no_volume,0,0,0,0,no_volume,0,0,0,0,no_volume,0,0,0,0,0,0,23737,18297,-0.1294,-2189,-3243,24,18,32,31,1
1774107413,31,68,0,0,0,0,no_volume,0,0,0,0,no_volume,0,0,0,0,no_volume,0,0,0,0,0,0,24711,19271,-0.1237,1126,-2269,25,18,32,31,1
1774107414,31,68,0,0,0,0,no_volume,0,0,0,0,no_volume,0,0,0,0,no_volume,0,0,0,0,0,0,24711,19271,-0.1237,2948,-2269,25,18,32,31,1
1774107415,31,68,0,0,0,0,no_volume,0,0,0,0,no_volume,0,0,0,0,no_volume,0,0,0,0,0,0,24711,18297,-0.1491,974,-2269,25,19,32,31,1
1774107416,31,68,0,0,0,0,no_volume,0,0,0,0,no_volume,0,0,0,0,no_volume,0,0,0,0,0,0,24711,18297,-0.1491,0,-1215,25,19,32,31,1
1774107417,31,68,0,0,0,0,no_volume,0,0,0,0,no_volume,0,0,0,0,no_volume,0,0,0,0,0,0,23585,17009,-0.162,-1126,-2341,24,19,32,31,1
1774107418,31,68,0,0,0,0,no_volume,0,0,0,0,no_volume,0,0,0,0,no_volume,0,0,0,0,0,0,23585,17009,-0.162,-1126,-2341,24,19,32,31,1
1774107419,31,68,0,0,0,0,no_volume,0,0,0,0,no_volume,0,0,0,0,no_volume,0,0,0,0,0,0,22737,18297,-0.1082,-1974,-3189,23,19,32,31,1
1774107420,31,68,0,0,0,0,no_volume,0,0,0,0,no_volume,0,0,0,0,no_volume,0,0,0,0,0,0,24559,17323,-0.1728,974,974,23,19,32,31,1
1774107421,31,68,0,0,0,0,no_volume,0,0,0,0,no_volume,0,0,0,0,no_volume,0,0,0,0,0,0,24559,17323,-0.1728,974,2796,23,19,32,31,1
1774107422,31,68,0,0,0,0,no_volume,0,0,0,0,no_volume,0,0,0,0,no_volume,0,0,0,0,0,0,24559,17323,-0.1728,1822,822,23,18,32,31,1
1774107423,31,68,0,0,0,0,no_volume,0,0,0,0,no_volume,0,0,0,0,no_volume,0,0,0,0,0,0,24559,17323,-0.1728,0,-152,23,18,32,31,1
1774107424,31,68,0,0,0,0,no_volume,0,0,0,0,no_volume,0,0,0,0,no_volume,0,0,0,0,0,0,24559,17323,-0.1728,0,-152,23,18,32,31,1
1774107425,31,68,0,0,0,0,no_volume,0,0,0,0,no_volume,0,0,0,0,no_volume,0,0,0,0,0,0,21763,18297,-0.0865,-2796,-2948,23,18,32,31,1
1774107426,31,68,0,0,0,0,no_volume,0,0,0,0,no_volume,0,0,0,0,no_volume,0,0,0,0,0,0,23585,18297,-0.1263,-974,-1126,23,18,32,31,1
1774107427,31,68,0,0,0,0,no_volume,0,0,0,0,no_volume,0,0,0,0,no_volume,0,0,0,0,0,0,23585,18297,-0.1263,-974,0,23,18,32,31,1
1774107428,31,68,0,0,0,0,no_volume,0,0,0,0,no_volume,0,0,0,0,no_volume,0,0,0,0,0,0,23585,17323,-0.1531,1822,0,23,18,32,31,1
1774107429,31,68,0,0,0,0,no_volume,0,0,0,0,no_volume,0,0,0,0,no_volume,0,0,0,0,0,0,23585,17323,-0.1531,0,848,23,18,32,31,1
1774107430,31,68,0,0,0,0,no_volume,0,0,0,0,no_volume,0,0,0,0,no_volume,0,0,0,0,0,0,24559,18297,-0.1461,974,0,23,19,32,31,1
1774107431,31,68,0,0,0,0,no_volume,0,0,0,0,no_volume,0,0,0,0,no_volume,0,0,0,0,0,0,22737,18297,-0.1082,-848,-1822,23,19,32,31,1
1774107432,31,68,0,0,0,0,no_volume,0,0,0,0,no_volume,0,0,0,0,no_volume,0,0,0,0,0,0,23585,18297,-0.1263,0,-974,23,19,32,31,1
1774107433,31,68,0,0,0,0,no_volume,0,0,0,0,no_volume,0,0,0,0,no_volume,0,0,0,0,0,0,24559,17323,-0.1728,0,0,24,19,32,31,1
1774107434,31,68,0,0,0,0,no_volume,0,0,0,0,no_volume,0,0,0,0,no_volume,0,0,0,0,0,0,24559,17323,-0.1728,1822,0,24,19,32,31,1
1774107435,31,68,0,0,0,0,no_volume,0,0,0,0,no_volume,0,0,0,0,no_volume,0,0,0,0,0,0,23585,17323,-0.1531,0,1822,24,18,32,31,1
1774107436,31,68,0,0,0,0,no_volume,0,0,0,0,no_volume,0,0,0,0,no_volume,0,0,0,0,0,0,23585,17323,-0.1531,-974,0,24,18,32,31,1
1774107437,31,68,0,0,0,0,no_volume,0,0,0,0,no_volume,0,0,0,0,no_volume,0,0,0,0,0,0,22737,18297,-0.1082,-1822,-848,23,18,32,31,1
1774107438,31,68,0,0,0,0,no_volume,0,0,0,0,no_volume,0,0,0,0,no_volume,0,0,0,0,0,0,24559,18297,-0.1461,974,974,23,18,32,31,1
1774107439,31,68,0,0,0,0,no_volume,0,0,0,0,no_volume,0,0,0,0,no_volume,0,0,0,0,0,0,24559,18297,-0.1461,974,974,23,18,32,31,1
1774107440,31,68,0,0,0,0,no_volume,0,0,0,0,no_volume,0,0,0,0,no_volume,0,0,0,0,0,0,24559,18297,-0.1461,1822,0,23,19,32,31,1
1774107441,31,68,0,0,0,0,no_volume,0,0,0,0,no_volume,0,0,0,0,no_volume,0,0,0,0,0,0,24559,18297,-0.1461,0,1822,23,19,32,31,1
1774107442,31,68,0,0,0,0,no_volume,0,0,0,0,no_volume,0,0,0,0,no_volume,0,0,0,0,0,0,24559,18297,-0.1461,0,974,23,19,32,31,1
1774107443,31,68,0,0,0,0,no_volume,0,0,0,0,no_volume,0,0,0,0,no_volume,0,0,0,0,0,0,24559,18297,-0.1461,0,0,23,19,32,31,1
1774107444,31,68,0,0,0,0,no_volume,0,0,0,0,no_volume,0,0,0,0,no_volume,0,0,0,0,0,0,21763,18297,-0.0865,-2796,-2796,23,19,32,31,1
1774107445,31,68,0,0,0,0,no_volume,0,0,0,0,no_volume,0,0,0,0,no_volume,0,0,0,0,0,0,21763,17323,-0.1136,-2796,-1822,23,19,32,31,1
1774107446,31,68,0,0,0,0,no_volume,0,0,0,0,no_volume,0,0,0,0,no_volume,0,0,0,0,0,0,23585,17323,-0.1531,-974,0,23,19,32,31,1
1774107447,31,68,0,0,0,0,no_volume,0,0,0,0,no_volume,0,0,0,0,no_volume,0,0,0,0,0,0,23585,17323,-0.1531,1822,848,23,18,32,31,1
1774107448,31,68,0,0,0,0,no_volume,0,0,0,0,no_volume,0,0,0,0,no_volume,0,0,0,0,0,0,23585,17323,-0.1531,1822,-974,23,18,32,31,1
1774107449,31,68,0,0,0,0,no_volume,0,0,0,0,no_volume,0,0,0,0,no_volume,0,0,0,0,0,0,24559,18298,-0.1461,974,0,23,18,32,31,1
1774107450,31,68,0,0,0,0,no_volume,0,0,0,0,no_volume,0,0,0,0,no_volume,0,0,0,0,0,0,22737,18298,-0.1082,-848,-1822,23,19,32,31,1
1774107451,31,68,0,0,0,0,no_volume,0,0,0,0,no_volume,0,0,0,0,no_volume,0,0,0,0,0,0,23585,18298,-0.1262,0,-974,22,19,32,31,1
1774107452,31,68,0,0,0,0,no_volume,0,0,0,0,no_volume,0,0,0,0,no_volume,0,0,0,0,0,0,23585,18298,-0.1262,-974,-974,22,19,32,31,1
1774107453,31,68,0,0,0,0,no_volume,0,0,0,0,no_volume,0,0,0,0,no_volume,0,0,0,0,0,0,24873,18298,-0.1523,2136,314,24,19,32,31,1
1774107454,31,68,0,0,0,0,no_volume,0,0,0,0,no_volume,0,0,0,0,no_volume,0,0,0,0,0,0,24873,18298,-0.1523,1288,3110,24,19,32,31,1
1774107455,31,68,0,0,0,0,no_volume,0,0,0,0,no_volume,0,0,0,0,no_volume,0,0,0,0,0,0,23899,17324,-0.1595,314,2136,23,19,32,31,1
1774107456,31,68,0,0,0,0,no_volume,0,0,0,0,no_volume,0,0,0,0,no_volume,0,0,0,0,0,0,23051,17324,-0.1418,-1822,-534,23,18,32,31,1
1774107457,31,68,0,0,0,0,no_volume,0,0,0,0,no_volume,0,0,0,0,no_volume,0,0,0,0,0,0,23051,17704,-0.1312,-1822,-534,23,18,32,31,1
1774107458,31,68,0,0,0,0,no_volume,0,0,0,0,no_volume,0,0,0,0,no_volume,0,0,0,0,0,0,24559,17325,-0.1727,660,974,24,18,32,31,1
1774107459,31,68,0,0,0,0,no_volume,0,0,0,0,no_volume,0,0,0,0,no_volume,0,0,0,0,0,0,24559,17325,-0.1727,1508,0,24,18,32,31,1
1774107460,31,68,0,0,0,0,no_volume,0,0,0,0,no_volume,0,0,0,0,no_volume,0,0,0,0,0,0,25533,18299,-0.165,2482,2796,25,18,32,31,1
1774107461,31,68,0,0,0,0,no_volume,0,0,0,0,no_volume,0,0,0,0,no_volume,0,0,0,0,0,0,25533,18299,-0.165,974,1948,25,18,32,31,1
1774107462,31,68,0,0,0,0,no_volume,0,0,0,0,no_volume,0,0,0,0,no_volume,0,0,0,0,0,0,25533,18299,-0.165,974,1948,25,18,32,31,1
1774107463,31,68,0,0,0,0,no_volume,0,0,0,0,no_volume,0,0,0,0,no_volume,0,0,0,0,0,0,25533,18299,-0.165,0,660,25,18,32,31,1
1774107464,31,68,0,0,0,0,no_volume,0,0,0,0,no_volume,0,0,0,0,no_volume,0,0,0,0,0,0,23585,18299,-0.1262,-1948,-1288,24,18,32,31,1
1774107465,31,68,0,0,0,0,no_volume,0,0,0,0,no_volume,0,0,0,0,no_volume,0,0,0,0,0,0,23585,18299,-0.1262,-1948,-314,24,18,32,31,1
1774107466,31,68,0,0,0,0,no_volume,0,0,0,0,no_volume,0,0,0,0,no_volume,0,0,0,0,0,0,23585,17011,-0.1619,-1948,534,24,18,32,31,1
1774107467,31,68,0,0,0,0,no_volume,0,0,0,0,no_volume,0,0,0,0,no_volume,0,0,0,0,0,0,23585,19273,-0.1006,0,534,24,19,32,31,1
1774107468,31,68,0,0,0,0,no_volume,0,0,0,0,no_volume,0,0,0,0,no_volume,0,0,0,0,0,0,21763,19273,-0.0607,-1822,-2796,23,19,32,31,1
1774107469,31,68,0,0,0,0,low_activity,0,0,0,0,low_activity,0,0,0,0,low_activity,0,0,0,0,0,0,23562,17325,-0.1525,-23,-997,24,19,32,31,1
1774107470,31,68,0,0,0,0,low_activity,0,0,0,0,low_activity,0,0,0,0,low_activity,0,0,0,0,0,0,23562,17325,-0.1525,-23,-1971,24,19,32,31,1
1774107471,31,68,0,0,0,0,low_activity,0,0,0,0,low_activity,0,0,0,0,low_activity,0,0,0,0,0,0,24536,17325,-0.1723,2773,-997,24,18,32,31,1
1774107472,31,68,0,0,0,0,no_volume,0,0,0,0,low_activity,0,0,0,0,low_activity,0,0,0,0,0,0,24536,17325,-0.1723,974,-997,24,18,32,31,1
1774107473,31,68,0,0,0,0,no_volume,0,0,0,0,low_activity,0,0,0,0,low_activity,0,0,0,0,0,0,24536,17325,-0.1723,974,-997,24,18,32,31,1
1774107474,31,68,0,0,0,0,no_volume,0,0,0,0,no_volume,0,0,0,0,low_activity,0,0,0,0,0,0,24536,17325,-0.1723,0,951,24,18,32,31,1
1774107475,31,68,0,0,0,0,no_volume,0,0,0,0,no_volume,0,0,0,0,low_activity,0,0,0,0,0,0,24539,17011,-0.1812,3,954,23,18,32,31,1
1774107476,31,68,0,0,0,0,no_volume,0,0,0,0,no_volume,0,0,0,0,low_activity,0,0,0,0,0,0,23565,17325,-0.1526,-971,-20,23,17,32,31,1
1774107477,31,68,0,0,0,0,no_volume,0,0,0,0,no_volume,0,0,0,0,low_activity,0,0,0,0,0,0,21743,17325,-0.1131,-2793,-1842,22,17,32,31,1
1774107478,31,68,0,0,0,0,no_volume,0,0,0,0,no_volume,0,0,0,0,low_activity,0,0,0,0,0,0,24539,18299,-0.1457,0,2776,24,17,32,31,1
1774107479,31,68,0,0,0,0,no_volume,0,0,0,0,no_volume,0,0,0,0,low_activity,0,0,0,0,0,0,24539,18299,-0.1457,974,977,24,17,32,31,1
1774107480,31,68,0,0,0,0,no_volume,0,0,0,0,no_volume,0,0,0,0,low_activity,0,0,0,0,0,0,21897,10057,-0.3705,154,-1665,23,15,32,31,1
1774107481,19,69,0,0,0,0,no_volume,0,0,0,0,no_volume,0,0,0,0,low_activity,0,0,0,0,0,0,21977,5516,-0.5987,-2562,-2559,24,15,31,19,12
1774107482,19,68,0,0,0,0,no_volume,0,0,0,0,no_volume,0,0,0,0,low_activity,0,0,0,0,0,0,21897,5516,-0.5976,-2642,-2639,23,14,32,19,13
1774107483,19,69,0,0,0,0,no_volume,0,0,0,0,no_volume,0,0,0,0,low_activity,0,0,0,0,0,0,20145,5527,-0.5694,-1752,-4391,23,14,31,19,12
1774107484,19,69,0,0,0,0,no_volume,0,0,0,0,no_volume,0,0,0,0,low_activity,0,0,0,0,0,0,21967,3959,-0.6946,-10,-2569,23,15,31,19,12
1774107485,19,70,0,0,0,0,no_volume,0,0,0,0,no_volume,0,0,0,0,low_activity,0,0,0,0,0,0,21971,3959,-0.6946,74,-2568,24,14,30,19,11
1774107486,28,69,0,0,0,0,no_volume,0,0,0,0,no_volume,0,0,0,0,low_activity,0,0,0,0,0,0,23645,13474,-0.274,3500,80,24,19,31,28,3
1774107487,30,69,0,0,0,0,no_volume,0,0,0,0,no_volume,0,0,0,0,low_activity,0,0,0,0,0,0,23797,18335,-0.1296,1830,2054,24,21,31,30,1
1774107488,30,68,0,0,0,0,no_volume,0,0,0,0,no_volume,0,0,0,0,low_activity,0,0,0,0,0,0,23717,18435,-0.1253,1746,-822,22,21,32,30,2
1774107489,30,68,0,0,0,0,no_volume,0,0,0,0,no_volume,0,0,0,0,low_activity,0,0,0,0,0,0,26106,18726,-0.1646,2461,1567,23,22,32,30,2
1774107490,31,67,0,0,0,0,no_volume,0,0,0,0,no_volume,0,0,0,0,low_activity,0,0,0,0,0,0,23824,24004,0.0038,27,1927,22,23,33,31,2
1774107491,31,68,0,0,0,0,no_volume,0,0,0,0,no_volume,0,0,0,0,low_activity,0,0,0,0,0,0,28743,22616,-0.1193,5026,6766,23,22,32,31,1
1774107492,31,67,0,0,0,0,no_volume,0,0,0,0,no_volume,0,0,0,0,low_activity,0,0,0,0,0,0,21894,22930,0.0231,-4212,-3,23,22,33,31,2
1774107493,20,67,0,0,0,0,no_volume,0,0,0,0,no_volume,0,0,0,0,low_activity,0,0,0,0,0,0,18658,3816,-0.6604,-5166,-1487,22,15,33,20,13
1774107494,19,67,0,0,0,0,no_volume,0,0,0,0,no_volume,0,0,0,0,low_activity,0,0,0,0,0,0,18658,5384,-0.5521,-10085,-3309,22,14,33,19,14
1774107495,19,69,0,0,0,0,no_volume,0,0,0,0,no_volume,0,0,0,0,low_activity,0,0,0,0,0,0,18732,5384,-0.5535,-3162,-3239,24,15,31,19,12
1774107496,19,69,0,0,0,0,no_volume,0,0,0,0,no_volume,0,0,0,0,low_activity,0,0,0,0,0,0,18732,5384,-0.5535,74,-4913,24,14,31,19,12
1774107497,19,69,0,0,0,0,no_volume,0,0,0,0,no_volume,0,0,0,0,low_activity,0,0,0,0,0,0,18732,5384,-0.5535,74,-5065,24,15,31,19,12
1774107498,19,69,0,0,0,0,no_volume,0,0,0,0,no_volume,0,0,0,0,low_activity,0,0,0,0,0,0,16910,3601,-0.6489,-1822,-6807,23,14,31,19,12
1774107499,20,69,0,0,0,0,no_volume,0,0,0,0,no_volume,0,0,0,0,no_volume,0,0,0,0,0,0,21548,3601,-0.7136,2816,-4558,23,14,31,20,11
1774107500,21,69,0,0,0,0,no_volume,0,0,0,0,no_volume,0,0,0,0,no_volume,0,0,0,0,0,0,21548,3520,-0.7192,2816,-2276,23,15,31,21,10
1774107501,22,69,0,0,0,0,no_volume,0,0,0,0,no_volume,0,0,0,0,no_volume,0,0,0,0,0,0,21548,3599,-0.7138,4638,-7195,23,15,31,22,9
1774107502,23,69,0,0,0,0,no_volume,0,0,0,0,no_volume,0,0,0,0,no_volume,0,0,0,0,0,0,21478,3619,-0.7116,-70,-416,23,16,31,23,8
1774107503,25,68,0,0,0,0,no_volume,0,0,0,0,no_volume,0,0,0,0,no_volume,0,0,0,0,0,0,21474,3598,-0.713,-74,2816,22,16,32,25,7
1774107504,25,68,0,0,0,0,no_volume,0,0,0,0,no_volume,0,0,0,0,no_volume,0,0,0,0,0,0,21474,3618,-0.7116,-74,2816,22,15,32,25,7
1774107505,27,68,0,0,0,0,no_volume,0,0,0,0,no_volume,0,0,0,0,no_volume,0,0,0,0,0,0,21474,2874,-0.7639,-4,2742,22,14,32,27,5
1774107506,27,68,0,0,0,0,no_volume,0,0,0,0,no_volume,0,0,0,0,no_volume,0,0,0,0,0,0,21474,4062,-0.6819,0,2742,22,14,32,27,5
1774107507,27,68,0,0,0,0,no_volume,0,0,0,0,no_volume,0,0,0,0,no_volume,0,0,0,0,0,0,19652,4162,-0.6505,-1822,920,22,16,32,27,5
1774107508,27,68,0,0,0,0,no_volume,0,0,0,0,no_volume,0,0,0,0,no_volume,0,0,0,0,0,0,21474,4162,-0.6753,0,4564,22,15,32,27,5
1774107509,27,68,0,0,0,0,no_volume,0,0,0,0,no_volume,0,0,0,0,no_volume,0,0,0,0,0,0,21474,4162,-0.6753,0,-74,22,15,32,27,5
1774107510,27,68,0,0,0,0,no_volume,0,0,0,0,no_volume,0,0,0,0,no_volume,0,0,0,0,0,0,21474,4162,-0.6753,1822,-74,22,15,32,27,5
1774107511,27,68,0,0,0,0,no_volume,0,0,0,0,no_volume,0,0,0,0,no_volume,0,0,0,0,0,0,21474,4162,-0.6753,0,-74,22,15,32,27,5
1774107512,27,68,0,0,0,0,no_volume,0,0,0,0,no_volume,0,0,0,0,no_volume,0,0,0,0,0,0,21474,4162,-0.6753,0,-4,22,15,32,27,5
1774107513,27,68,0,0,0,0,no_volume,0,0,0,0,no_volume,0,0,0,0,no_volume,0,0,0,0,0,0,21474,2874,-0.7639,0,0,22,15,32,27,5
1774107514,27,68,0,0,0,0,no_volume,0,0,0,0,no_volume,0,0,0,0,no_volume,0,0,0,0,0,0,19652,5630,-0.5546,-1822,-1822,22,13,32,27,5
1774107515,27,69,0,0,0,0,no_volume,0,0,0,0,no_volume,0,0,0,0,no_volume,0,0,0,0,0,0,21544,5630,-0.5856,70,70,24,14,31,27,4
1774107516,27,69,0,0,0,0,no_volume,0,0,0,0,no_volume,0,0,0,0,no_volume,0,0,0,0,0,0,21544,5630,-0.5856,70,70,24,14,31,27,4
1774107517,27,69,0,0,0,0,no_volume,0,0,0,0,no_volume,0,0,0,0,no_volume,0,0,0,0,0,0,21544,5296,-0.6054,1892,1892,24,14,31,27,4
1774107518,27,69,0,0,0,0,no_volume,0,0,0,0,no_volume,0,0,0,0,no_volume,0,0,0,0,0,0,21544,5077,-0.6186,0,70,24,15,31,27,4
1774107519,27,69,0,0,0,0,no_volume,0,0,0,0,no_volume,0,0,0,0,no_volume,0,0,0,0,0,0,21544,5077,-0.6186,0,70,24,14,31,27,4
1774107520,27,69,0,0,0,0,no_volume,0,0,0,0,no_volume,0,0,0,0,no_volume,0,0,0,0,0,0,21544,3889,-0.6942,0,70,24,16,31,27,4
1774107521,27,69,0,0,0,0,no_volume,0,0,0,0,no_volume,0,0,0,0,no_volume,0,0,0,0,0,0,21554,5743,-0.5792,10,80,24,15,31,27,4
1774107522,27,69,0,0,0,0,low_activity,0,0,0,0,low_activity,0,0,0,0,low_activity,0,0,0,0,0,0,19722,5743,-0.5489,-1822,-1752,23,15,31,27,4
1774107523,27,69,0,0,0,0,low_activity,0,0,0,0,low_activity,0,0,0,0,low_activity,0,0,0,0,0,0,21544,5643,-0.5849,0,70,23,14,31,27,4
1774107524,27,69,0,0,0,0,no_volume,0,0,0,0,low_activity,0,0,0,0,low_activity,0,0,0,0,0,0,21544,5643,-0.5849,-10,1892,23,14,31,27,4
1774107525,27,69,0,0,0,0,no_volume,0,0,0,0,low_activity,0,0,0,0,low_activity,0,0,0,0,0,0,21544,5643,-0.5849,1822,0,23,13,31,27,4
1774107526,27,69,0,0,0,0,no_volume,0,0,0,0,no_volume,0,0,0,0,low_activity,0,0,0,0,0,0,21544,5643,-0.5849,0,0,23,13,31,27,4
1774107527,27,69,0,0,0,0,no_volume,0,0,0,0,no_volume,0,0,0,0,low_activity,0,0,0,0,0,0,21544,5643,-0.5849,0,0,23,13,31,27,4
1774107528,27,69,0,0,0,0,no_volume,0,0,0,0,no_volume,0,0,0,0,low_activity,0,0,0,0,0,0,21544,4355,-0.6637,0,0,23,13,31,27,4
1774107529,27,69,0,0,0,0,no_volume,0,0,0,0,no_volume,0,0,0,0,low_activity,0,0,0,0,0,0,21534,5743,-0.5789,-10,-10,23,14,31,27,4
1774107530,27,68,0,0,0,0,no_volume,0,0,0,0,no_volume,0,0,0,0,low_activity,0,0,0,0,0,0,21474,5743,-0.578,-70,-70,22,14,32,27,5
1774107531,27,68,0,0,0,0,no_volume,0,0,0,0,no_volume,0,0,0,0,low_activity,0,0,0,0,0,0,21474,5643,-0.5838,-70,-80,22,14,32,27,5
1774107532,27,69,0,0,0,0,no_volume,0,0,0,0,no_volume,0,0,0,0,low_activity,0,0,0,0,0,0,21574,5647,-0.5851,40,1852,23,15,31,27,4
1774107533,27,69,0,0,0,0,no_volume,0,0,0,0,no_volume,0,0,0,0,low_activity,0,0,0,0,0,0,21574,5647,-0.5851,100,30,23,15,31,27,4
1774107534,27,69,0,0,0,0,no_volume,0,0,0,0,no_volume,0,0,0,0,low_activity,0,0,0,0,0,0,21574,5748,-0.5792,100,30,23,16,31,27,4
1774107535,27,69,0,0,0,0,no_volume,0,0,0,0,no_volume,0,0,0,0,low_activity,0,0,0,0,0,0,19742,5746,-0.5491,-1832,-1802,23,16,31,27,4
1774107536,27,69,0,0,0,0,no_volume,0,0,0,0,no_volume,0,0,0,0,low_activity,0,0,0,0,0,0,21564,5744,-0.5793,-10,20,24,17,31,27,4
1774107537,27,68,0,0,0,0,no_volume,0,0,0,0,no_volume,0,0,0,0,low_activity,0,0,0,0,0,0,21474,5404,-0.5979,-100,-70,23,16,32,27,5
1774107538,27,68,0,0,0,0,no_volume,0,0,0,0,no_volume,0,0,0,0,low_activity,0,0,0,0,0,0,21474,5404,-0.5979,1732,-70,23,16,32,27,5
1774107539,27,68,0,0,0,0,no_volume,0,0,0,0,no_volume,0,0,0,0,low_activity,0,0,0,0,0,0,21474,4418,-0.6587,-90,-60,23,16,32,27,5
1774107540,27,68,0,0,0,0,no_volume,0,0,0,0,no_volume,0,0,0,0,low_activity,0,0,0,0,0,0,21474,5706,-0.5801,0,0,23,15,32,27,5
1774107541,27,68,0,0,0,0,no_volume,0,0,0,0,no_volume,0,0,0,0,low_activity,0,0,0,0,0,0,21474,5706,-0.5801,0,0,23,15,32,27,5
1774107542,27,68,0,0,0,0,no_volume,0,0,0,0,no_volume,0,0,0,0,low_activity,0,0,0,0,0,0,21474,5706,-0.5801,0,-100,23,15,32,27,5
1774107543,27,68,0,0,0,0,no_volume,0,0,0,0,no_volume,0,0,0,0,low_activity,0,0,0,0,0,0,21474,5706,-0.5801,0,-100,23,15,32,27,5
1774107544,28,68,0,0,0,0,no_volume,0,0,0,0,no_volume,0,0,0,0,low_activity,0,0,0,0,0,0,21474,5706,-0.5801,0,-100,23,14,32,28,4
1774107545,28,68,0,0,0,0,no_volume,0,0,0,0,no_volume,0,0,0,0,low_activity,0,0,0,0,0,0,21474,5771,-0.5764,0,1732,23,15,32,28,4
1774107546,28,68,0,0,0,0,no_volume,0,0,0,0,no_volume,0,0,0,0,low_activity,0,0,0,0,0,0,21474,5761,-0.5769,0,-90,23,15,32,28,4
1774107547,28,68,0,0,0,0,no_volume,0,0,0,0,no_volume,0,0,0,0,low_activity,0,0,0,0,0,0,21474,5791,-0.5752,0,0,23,17,32,28,4
1774107548,28,68,0,0,0,0,no_volume,0,0,0,0,no_volume,0,0,0,0,low_activity,0,0,0,0,0,0,21474,4503,-0.6533,0,0,23,16,32,28,4
1774107549,28,68,0,0,0,0,no_volume,0,0,0,0,no_volume,0,0,0,0,low_activity,0,0,0,0,0,0,21474,5791,-0.5752,0,0,23,16,32,28,4
1774107550,28,68,0,0,0,0,no_volume,0,0,0,0,no_volume,0,0,0,0,low_activity,0,0,0,0,0,0,19652,5791,-0.5448,-1822,-1822,22,16,32,28,4
1774107551,28,68,0,0,0,0,no_volume,0,0,0,0,no_volume,0,0,0,0,no_volume,0,0,0,0,0,0,21474,5791,-0.5752,0,0,22,16,32,28,4
1774107552,27,68,0,0,0,0,no_volume,0,0,0,0,no_volume,0,0,0,0,no_volume,0,0,0,0,0,0,21474,5774,-0.5762,0,0,22,16,32,27,5
1774107553,27,68,0,0,0,0,no_volume,0,0,0,0,no_volume,0,0,0,0,no_volume,0,0,0,0,0,0,21474,5664,-0.5826,1822,0,22,16,32,27,5
1774107554,20,69,0,0,0,0,no_volume,0,0,0,0,no_volume,0,0,0,0,no_volume,0,0,0,0,0,0,21484,5794,-0.5752,10,10,23,15,31,20,11
1774107555,23,69,0,0,0,0,no_volume,0,0,0,0,no_volume,0,0,0,0,no_volume,0,0,0,0,0,0,21624,5825,-0.5756,150,150,23,16,31,23,8
1774107556,23,69,0,0,0,0,no_volume,0,0,0,0,no_volume,0,0,0,0,no_volume,0,0,0,0,0,0,21624,5825,-0.5756,150,150,23,16,31,23,8
1774107557,23,69,0,0,0,0,no_volume,0,0,0,0,no_volume,0,0,0,0,no_volume,0,0,0,0,0,0,19802,5825,-0.5454,-1682,-1672,23,16,31,23,8
1774107558,23,69,0,0,0,0,no_volume,0,0,0,0,no_volume,0,0,0,0,no_volume,0,0,0,0,0,0,21624,5533,-0.5925,0,150,23,17,31,23,8
1774107559,23,69,0,0,0,0,no_volume,0,0,0,0,no_volume,0,0,0,0,no_volume,0,0,0,0,0,0,21624,5533,-0.5925,0,150,23,16,31,23,8
1774107560,23,69,0,0,0,0,no_volume,0,0,0,0,no_volume,0,0,0,0,no_volume,0,0,0,0,0,0,21624,5533,-0.5925,1822,1972,23,16,31,23,8
1774107561,23,69,0,0,0,0,low_activity,0,0,0,0,low_activity,0,0,0,0,low_activity,0,0,0,0,0,0,21521,5886,-0.5705,-103,47,23,16,31,23,8
1774107562,23,69,0,0,0,0,low_activity,0,0,0,0,low_activity,0,0,0,0,low_activity,0,0,0,0,0,0,21521,4598,-0.6479,-103,47,23,16,31,23,8
1774107563,23,69,0,0,0,0,low_activity,0,0,0,0,low_activity,0,0,0,0,low_activity,0,0,0,0,0,0,19699,4318,-0.6404,-1925,-1775,23,15,31,23,8
1774107564,23,69,0,0,0,0,no_volume,0,0,0,0,low_activity,0,0,0,0,low_activity,0,0,0,0,0,0,21621,4123,-0.6797,100,137,24,16,31,23,8
1774107565,23,69,0,0,0,0,no_volume,0,0,0,0,low_activity,0,0,0,0,low_activity,0,0,0,0,0,0,21621,4123,-0.6797,100,-3,24,15,31,23,8
1774107566,23,69,0,0,0,0,no_volume,0,0,0,0,no_volume,0,0,0,0,low_activity,0,0,0,0,0,0,21621,4428,-0.66,1922,-3,24,15,31,23,8
1774107567,25,69,0,0,0,0,no_volume,0,0,0,0,no_volume,0,0,0,0,low_activity,0,0,0,0,0,0,21521,4427,-0.6588,-100,1719,24,17,31,25,6
1774107568,29,68,0,0,0,0,no_volume,0,0,0,0,no_volume,0,0,0,0,low_activity,0,0,0,0,0,0,21471,4407,-0.6594,-150,-153,23,14,32,29,3
1774107569,22,68,0,0,0,0,no_volume,0,0,0,0,no_volume,0,0,0,0,low_activity,0,0,0,0,0,0,21471,4407,-0.6594,-150,-153,23,16,32,22,10
1774107570,24,68,0,0,0,0,no_volume,0,0,0,0,no_volume,0,0,0,0,low_activity,0,0,0,0,0,0,21471,4407,-0.6594,-50,-153,23,14,32,24,8
1774107571,31,68,0,0,0,0,no_volume,0,0,0,0,no_volume,0,0,0,0,low_activity,0,0,0,0,0,0,20997,16131,-0.1311,-474,-524,22,17,32,31,1
1774107572,31,68,0,0,0,0,no_volume,0,0,0,0,no_volume,0,0,0,0,low_activity,0,0,0,0,0,0,23162,16534,-0.167,1691,1641,22,17,32,31,1
1774107573,29,68,0,0,0,0,no_volume,0,0,0,0,no_volume,0,0,0,0,low_activity,0,0,0,0,0,0,21471,4431,-0.6579,0,1772,22,14,32,29,3
1774107574,29,68,0,0,0,0,no_volume,0,0,0,0,no_volume,0,0,0,0,low_activity,0,0,0,0,0,0,21471,4451,-0.6566,474,-150,22,15,32,29,3
1774107575,29,68,0,0,0,0,no_volume,0,0,0,0,no_volume,0,0,0,0,low_activity,0,0,0,0,0,0,21471,4451,-0.6566,-1691,-150,22,15,32,29,3
1774107576,30,68,0,0,0,0,no_volume,0,0,0,0,no_volume,0,0,0,0,low_activity,0,0,0,0,0,0,22759,10341,-0.3752,1288,1138,23,16,32,30,2
1774107577,31,68,0,0,0,0,no_volume,0,0,0,0,no_volume,0,0,0,0,low_activity,0,0,0,0,0,0,22445,16391,-0.1559,974,924,23,18,32,31,1
1774107578,31,68,0,0,0,0,no_volume,0,0,0,0,no_volume,0,0,0,0,low_activity,0,0,0,0,0,0,20623,17379,-0.0854,-848,-848,23,17,32,31,1
1774107579,31,68,0,0,0,0,no_volume,0,0,0,0,no_volume,0,0,0,0,low_activity,0,0,0,0,0,0,24137,19071,-0.1172,1378,2666,24,18,32,31,1
1774107580,31,68,0,0,0,0,no_volume,0,0,0,0,no_volume,0,0,0,0,low_activity,0,0,0,0,0,0,24137,19071,-0.1172,1692,2666,23,19,32,31,1
1774107581,31,68,0,0,0,0,no_volume,0,0,0,0,no_volume,0,0,0,0,low_activity,0,0,0,0,0,0,24137,19071,-0.1172,3514,3140,23,19,32,31,1
1774107582,31,68,0,0,0,0,no_volume,0,0,0,0,no_volume,0,0,0,0,low_activity,0,0,0,0,0,0,24137,19071,-0.1172,0,975,23,19,32,31,1
1774107583,31,68,0,0,0,0,no_volume,0,0,0,0,no_volume,0,0,0,0,low_activity,0,0,0,0,0,0,24137,19071,-0.1172,0,2666,23,19,32,31,1
1774107584,31,68,0,0,0,0,no_volume,0,0,0,0,no_volume,0,0,0,0,low_activity,0,0,0,0,0,0,24137,19071,-0.1172,0,2666,23,19,32,31,1
1774107585,31,68,0,0,0,0,no_volume,0,0,0,0,no_volume,0,0,0,0,low_activity,0,0,0,0,0,0,24137,19071,-0.1172,0,2666,23,19,32,31,1
1774107586,31,68,0,0,0,0,no_volume,0,0,0,0,no_volume,0,0,0,0,low_activity,0,0,0,0,0,0,21341,17783,-0.0909,-2796,-1418,23,18,32,31,1
1774107587,31,68,0,0,0,0,no_volume,0,0,0,0,no_volume,0,0,0,0,low_activity,0,0,0,0,0,0,23188,18097,-0.1233,-949,743,23,18,32,31,1
1774107588,31,68,0,0,0,0,no_volume,0,0,0,0,no_volume,0,0,0,0,low_activity,0,0,0,0,0,0,23188,18097,-0.1233,-949,2565,23,18,32,31,1
1774107589,31,68,0,0,0,0,no_volume,0,0,0,0,no_volume,0,0,0,0,low_activity,0,0,0,0,0,0,23188,18097,-0.1233,1847,-949,23,18,32,31,1
1774107590,31,68,0,0,0,0,no_volume,0,0,0,0,no_volume,0,0,0,0,low_activity,0,0,0,0,0,0,24162,18097,-0.1435,974,25,24,17,32,31,1
1774107591,31,68,0,0,0,0,no_volume,0,0,0,0,no_volume,0,0,0,0,no_volume,0,0,0,0,0,0,24314,18097,-0.1466,1126,177,24,17,32,31,1
1774107592,31,68,0,0,0,0,no_volume,0,0,0,0,no_volume,0,0,0,0,no_volume,0,0,0,0,0,0,21518,18097,-0.0864,-1670,-2619,23,17,32,31,1
1774107593,31,68,0,0,0,0,no_volume,0,0,0,0,no_volume,0,0,0,0,no_volume,0,0,0,0,0,0,23340,17783,-0.1351,-822,-797,23,17,32,31,1
1774107594,31,68,0,0,0,0,no_volume,0,0,0,0,no_volume,0,0,0,0,no_volume,0,0,0,0,0,0,23340,17783,-0.1351,-974,-797,23,17,32,31,1
1774107595,31,68,0,0,0,0,no_volume,0,0,0,0,no_volume,0,0,0,0,no_volume,0,0,0,0,0,0,24314,17783,-0.1551,2796,177,24,17,32,31,1
1774107596,31,68,0,0,0,0,no_volume,0,0,0,0,no_volume,0,0,0,0,no_volume,0,0,0,0,0,0,24314,17783,-0.1551,974,2973,24,17,32,31,1
1774107597,31,68,0,0,0,0,no_volume,0,0,0,0,no_volume,0,0,0,0,no_volume,0,0,0,0,0,0,18765,17379,-0.0383,-4575,-4423,23,17,32,31,1
1774107598,31,68,0,0,0,0,no_volume,0,0,0,0,no_volume,0,0,0,0,no_volume,0,0,0,0,0,0,23382,17783,-0.136,-932,194,23,17,32,31,1
1774107599,31,68,0,0,0,0,no_volume,0,0,0,0,no_volume,0,0,0,0,no_volume,0,0,0,0,0,0,26118,18097,-0.1814,1804,2930,24,17,32,31,1
1774107600,31,68,0,0,0,0,no_volume,0,0,0,0,no_volume,0,0,0,0,no_volume,0,0,0,0,0,0,26118,18097,-0.1814,7353,1956,24,17,32,31,1
1774107601,31,68,0,0,0,0,no_volume,0,0,0,0,no_volume,0,0,0,0,no_volume,0,0,0,0,0,0,24296,17693,-0.1573,914,-18,24,17,32,31,1
1774107602,31,68,0,0,0,0,no_volume,0,0,0,0,no_volume,0,0,0,0,no_volume,0,0,0,0,0,0,27092,17693,-0.2099,974,5574,26,17,32,31,1
1774107603,31,68,0,0,0,0,no_volume,0,0,0,0,no_volume,0,0,0,0,no_volume,0,0,0,0,0,0,26118,17379,-0.2009,0,2778,24,17,32,31,1
1774107604,31,68,0,0,0,0,no_volume,0,0,0,0,no_volume,0,0,0,0,no_volume,0,0,0,0,0,0,26118,17379,-0.2009,1822,2778,24,17,32,31,1
1774107605,31,68,0,0,0,0,no_volume,0,0,0,0,no_volume,0,0,0,0,no_volume,0,0,0,0,0,0,26118,17379,-0.2009,-974,1804,24,17,32,31,1
1774107606,31,68,0,0,0,0,no_volume,0,0,0,0,no_volume,0,0,0,0,no_volume,0,0,0,0,0,0,25144,17783,-0.1715,-974,830,24,17,32,31,1
1774107607,31,68,0,0,0,0,no_volume,0,0,0,0,no_volume,0,0,0,0,no_volume,0,0,0,0,0,0,24296,17783,-0.1548,-1822,5531,24,17,32,31,1
1774107608,31,68,0,0,0,0,no_volume,0,0,0,0,no_volume,0,0,0,0,no_volume,0,0,0,0,0,0,26118,17783,-0.1899,0,2736,23,17,32,31,1
1774107609,31,68,0,0,0,0,no_volume,0,0,0,0,no_volume,0,0,0,0,no_volume,0,0,0,0,0,0,26118,17783,-0.1899,974,0,23,17,32,31,1
1774107610,31,68,0,0,0,0,no_volume,0,0,0,0,no_volume,0,0,0,0,no_volume,0,0,0,0,0,0,25966,17783,-0.187,1670,-152,23,17,32,31,1
1774107611,31,68,0,0,0,0,no_volume,0,0,0,0,no_volume,0,0,0,0,no_volume,0,0,0,0,0,0,26940,17783,-0.2047,822,2644,24,17,32,31,1
1774107612,31,68,0,0,0,0,no_volume,0,0,0,0,no_volume,0,0,0,0,no_volume,0,0,0,0,0,0,24144,17783,-0.1517,-1974,-2948,23,17,32,31,1
1774107613,31,68,0,0,0,0,no_volume,0,0,0,0,no_volume,0,0,0,0,no_volume,0,0,0,0,0,0,25966,17783,-0.187,0,-152,24,17,32,31,1
1774107614,31,68,0,0,0,0,no_volume,0,0,0,0,no_volume,0,0,0,0,no_volume,0,0,0,0,0,0,25966,17783,-0.187,-974,-152,24,17,32,31,1
1774107615,31,68,0,0,0,0,no_volume,0,0,0,0,no_volume,0,0,0,0,no_volume,0,0,0,0,0,0,25966,17783,-0.187,1822,-152,24,17,32,31,1
1774107616,31,68,0,0,0,0,no_volume,0,0,0,0,no_volume,0,0,0,0,no_volume,0,0,0,0,0,0,25966,17783,-0.187,0,822,24,17,32,31,1
1774107617,31,68,0,0,0,0,no_volume,0,0,0,0,no_volume,0,0,0,0,no_volume,0,0,0,0,0,0,25966,17783,-0.187,0,1670,25,17,32,31,1
1774107618,31,68,0,0,0,0,no_volume,0,0,0,0,no_volume,0,0,0,0,no_volume,0,0,0,0,0,0,25966,17783,-0.187,0,-152,25,17,32,31,1
1774107619,31,68,0,0,0,0,no_volume,0,0,0,0,no_volume,0,0,0,0,no_volume,0,0,0,0,0,0,24992,17379,-0.1797,-974,-1126,24,17,32,31,1
1774107620,31,68,0,0,0,0,no_volume,0,0,0,0,no_volume,0,0,0,0,no_volume,0,0,0,0,0,0,24992,17782,-0.1686,-974,-974,24,17,32,31,1
1774107621,31,68,0,0,0,0,no_volume,0,0,0,0,no_volume,0,0,0,0,no_volume,0,0,0,0,0,0,24992,17782,-0.1686,-974,-1948,24,17,32,31,1
1774107622,31,68,0,0,0,0,no_volume,0,0,0,0,no_volume,0,0,0,0,no_volume,0,0,0,0,0,0,21882,10437,-0.3541,-3110,-2262,22,14,32,31,1
1774107623,20,68,0,0,0,0,no_volume,0,0,0,0,no_volume,0,0,0,0,no_volume,0,0,0,0,0,0,18687,5407,-0.5512,-6305,-7279,22,14,32,20,12
1774107624,21,68,0,0,0,0,no_volume,0,0,0,0,no_volume,0,0,0,0,no_volume,0,0,0,0,0,0,18687,5417,-0.5505,-6305,-7279,22,15,32,21,11
1774107625,21,68,0,0,0,0,no_volume,0,0,0,0,no_volume,0,0,0,0,no_volume,0,0,0,0,0,0,18687,5437,-0.5492,-3195,-7279,22,15,32,21,11
1774107626,23,68,0,0,0,0,no_volume,0,0,0,0,no_volume,0,0,0,0,no_volume,0,0,0,0,0,0,18687,4403,-0.6186,0,-7279,22,14,32,23,9
1774107627,24,68,0,0,0,0,no_volume,0,0,0,0,no_volume,0,0,0,0,no_volume,0,0,0,0,0,0,18687,4164,-0.6356,0,-7279,22,14,32,24,8
1774107628,24,68,0,0,0,0,no_volume,0,0,0,0,no_volume,0,0,0,0,no_volume,0,0,0,0,0,0,18687,3136,-0.7126,0,-7279,22,15,32,24,8
1774107629,24,68,0,0,0,0,no_volume,0,0,0,0,no_volume,0,0,0,0,no_volume,0,0,0,0,0,0,16865,4424,-0.5844,-1822,-8127,22,14,32,24,8
1774107630,24,68,0,0,0,0,no_volume,0,0,0,0,no_volume,0,0,0,0,no_volume,0,0,0,0,0,0,16865,4424,-0.5844,-1822,-8127,22,15,32,24,8
1774107631,24,68,0,0,0,0,no_volume,0,0,0,0,no_volume,0,0,0,0,no_volume,0,0,0,0,0,0,18687,4424,-0.6172,0,-6305,23,15,32,24,8
1774107632,26,68,0,0,0,0,no_volume,0,0,0,0,no_volume,0,0,0,0,no_volume,0,0,0,0,0,0,18687,4423,-0.6172,1822,-3195,23,16,32,26,6
1774107633,27,68,0,0,0,0,no_volume,0,0,0,0,no_volume,0,0,0,0,no_volume,0,0,0,0,0,0,18683,4413,-0.6179,1818,-4,23,15,32,27,5
1774107634,28,68,0,0,0,0,no_volume,0,0,0,0,no_volume,0,0,0,0,no_volume,0,0,0,0,0,0,18683,4413,-0.6179,-4,-4,23,15,32,28,4
1774107635,30,68,0,0,0,0,no_volume,0,0,0,0,no_volume,0,0,0,0,no_volume,0,0,0,0,0,0,18683,7282,-0.4391,-4,-4,23,14,32,30,2
1774107636,31,68,0,0,0,0,no_volume,0,0,0,0,no_volume,0,0,0,0,no_volume,0,0,0,0,0,0,21847,15074,-0.1834,3164,3160,22,16,32,31,1
1774107637,31,68,0,0,0,0,no_volume,0,0,0,0,no_volume,0,0,0,0,no_volume,0,0,0,0,0,0,23669,15074,-0.2218,4986,4982,22,16,32,31,1
1774107638,31,68,0,0,0,0,no_volume,0,0,0,0,no_volume,0,0,0,0,no_volume,0,0,0,0,0,0,23669,15074,-0.2218,4986,4982,22,16,32,31,1
1774107639,31,68,0,0,0,0,no_volume,0,0,0,0,no_volume,0,0,0,0,no_volume,0,0,0,0,0,0,23669,15074,-0.2218,1822,6804,22,16,32,31,1
1774107640,31,68,0,0,0,0,no_volume,0,0,0,0,no_volume,0,0,0,0,no_volume,0,0,0,0,0,0,23669,15074,-0.2218,0,6804,22,16,32,31,1
1774107641,31,68,0,0,0,0,no_volume,0,0,0,0,no_volume,0,0,0,0,no_volume,0,0,0,0,0,0,23669,15074,-0.2218,0,4982,22,16,32,31,1
1774107642,31,68,0,0,0,0,no_volume,0,0,0,0,no_volume,0,0,0,0,no_volume,0,0,0,0,0,0,21847,16642,-0.1352,-1822,3160,22,16,32,31,1
1774107643,31,68,0,0,0,0,no_volume,0,0,0,0,no_volume,0,0,0,0,no_volume,0,0,0,0,0,0,23669,16642,-0.1743,0,4986,22,16,32,31,1
1774107644,31,68,0,0,0,0,no_volume,0,0,0,0,no_volume,0,0,0,0,no_volume,0,0,0,0,0,0,23669,16642,-0.1743,0,4986,22,16,32,31,1
1774107645,31,68,0,0,0,0,no_volume,0,0,0,0,no_volume,0,0,0,0,no_volume,0,0,0,0,0,0,23669,16642,-0.1743,1822,4986,22,16,32,31,1
1774107646,31,68,0,0,0,0,no_volume,0,0,0,0,no_volume,0,0,0,0,no_volume,0,0,0,0,0,0,23669,16273,-0.1852,0,1822,22,16,32,31,1
1774107647,31,68,0,0,0,0,no_volume,0,0,0,0,no_volume,0,0,0,0,no_volume,0,0,0,0,0,0,23669,16642,-0.1743,0,0,22,16,32,31,1
1774107648,31,68,0,0,0,0,no_volume,0,0,0,0,no_volume,0,0,0,0,no_volume,0,0,0,0,0,0,21847,16642,-0.1352,-1822,-1822,22,16,32,31,1
1774107649,31,68,0,0,0,0,no_volume,0,0,0,0,no_volume,0,0,0,0,no_volume,0,0,0,0,0,0,23669,16273,-0.1852,0,0,22,16,32,31,1
1774107650,31,68,0,0,0,0,no_volume,0,0,0,0,no_volume,0,0,0,0,no_volume,0,0,0,0,0,0,23669,16273,-0.1852,0,0,22,16,32,31,1
1774107651,31,68,0,0,0,0,no_volume,0,0,0,0,no_volume,0,0,0,0,no_volume,0,0,0,0,0,0,23669,16273,-0.1852,1822,0,22,16,32,31,1
1774107652,31,68,0,0,0,0,no_volume,0,0,0,0,no_volume,0,0,0,0,no_volume,0,0,0,0,0,0,23669,16273,-0.1852,0,1822,22,16,32,31,1
1774107653,22,68,0,0,0,0,no_volume,0,0,0,0,no_volume,0,0,0,0,no_volume,0,0,0,0,0,0,19052,11493,-0.2475,-4617,-4617,22,15,32,22,10
1774107654,30,68,0,0,0,0,no_volume,0,0,0,0,no_volume,0,0,0,0,no_volume,0,0,0,0,0,0,19052,22214,0.0766,-4617,-4617,22,21,32,30,2
1774107655,30,68,0,0,0,0,no_volume,0,0,0,0,no_volume,0,0,0,0,no_volume,0,0,0,0,0,0,17230,25765,0.1985,-6439,-6439,22,22,32,30,2
1774107656,31,68,0,0,0,0,no_volume,0,0,0,0,no_volume,0,0,0,0,no_volume,0,0,0,0,0,0,23669,26350,0.0536,4617,0,23,23,32,31,1
1774107657,31,68,0,0,0,0,no_volume,0,0,0,0,no_volume,0,0,0,0,no_volume,0,0,0,0,0,0,23605,26350,0.0549,4553,-64,23,23,32,31,1
1774107658,31,68,0,0,0,0,no_volume,0,0,0,0,no_volume,0,0,0,0,no_volume,0,0,0,0,0,0,23605,26350,0.0549,6375,1758,23,23,32,31,1
1774107659,31,68,0,0,0,0,no_volume,0,0,0,0,no_volume,0,0,0,0,no_volume,0,0,0,0,0,0,23605,26350,0.0549,-64,-64,23,23,32,31,1
1774107660,31,68,0,0,0,0,no_volume,0,0,0,0,no_volume,0,0,0,0,no_volume,0,0,0,0,0,0,23605,25981,0.0479,0,-64,23,23,32,31,1
1774107661,31,68,0,0,0,0,no_volume,0,0,0,0,no_volume,0,0,0,0,no_volume,0,0,0,0,0,0,21783,25981,0.0879,-1822,-1886,22,23,32,31,1
1774107662,31,68,0,0,0,0,no_volume,0,0,0,0,no_volume,0,0,0,0,no_volume,0,0,0,0,0,0,23605,25981,0.0479,0,-64,22,23,32,31,1
1774107663,31,68,0,0,0,0,no_volume,0,0,0,0,no_volume,0,0,0,0,no_volume,0,0,0,0,0,0,23605,26351,0.055,0,4553,22,23,32,31,1
1774107664,31,68,0,0,0,0,no_volume,0,0,0,0,no_volume,0,0,0,0,no_volume,0,0,0,0,0,0,23605,27919,0.0837,1822,4553,22,24,32,31,1
1774107665,31,68,0,0,0,0,no_volume,0,0,0,0,no_volume,0,0,0,0,no_volume,0,0,0,0,0,0,23605,27919,0.0837,0,6375,22,24,32,31,1
1774107666,31,68,0,0,0,0,no_volume,0,0,0,0,no_volume,0,0,0,0,no_volume,0,0,0,0,0,0,24893,29207,0.0797,1288,1224,22,24,32,31,1
1774107667,31,68,0,0,0,0,no_volume,0,0,0,0,no_volume,0,0,0,0,no_volume,0,0,0,0,0,0,23071,29207,0.1174,-534,-534,22,24,32,31,1
1774107668,31,68,0,0,0,0,no_volume,0,0,0,0,no_volume,0,0,0,0,no_volume,0,0,0,0,0,0,23071,29207,0.1174,-534,-534,22,24,32,31,1
1774107669,31,68,0,0,0,0,no_volume,0,0,0,0,no_volume,0,0,0,0,no_volume,0,0,0,0,0,0,24893,29207,0.0797,0,1288,23,24,32,31,1
1774107670,31,68,0,0,0,0,no_volume,0,0,0,0,no_volume,0,0,0,0,no_volume,0,0,0,0,0,0,24893,29207,0.0797,1822,1288,23,24,32,31,1
1774107671,31,68,0,0,0,0,no_volume,0,0,0,0,no_volume,0,0,0,0,no_volume,0,0,0,0,0,0,24893,29207,0.0797,1822,3110,23,24,32,31,1
1774107672,31,68,0,0,0,0,no_volume,0,0,0,0,no_volume,0,0,0,0,no_volume,0,0,0,0,0,0,24893,29207,0.0797,0,1288,23,24,32,31,1
1774107673,31,68,0,0,0,0,no_volume,0,0,0,0,no_volume,0,0,0,0,no_volume,0,0,0,0,0,0,24893,29207,0.0797,0,1288,23,24,32,31,1
1774107674,31,68,0,0,0,0,no_volume,0,0,0,0,no_volume,0,0,0,0,no_volume,0,0,0,0,0,0,24893,29207,0.0797,0,1288,24,24,32,31,1
1774107675,31,68,0,0,0,0,no_volume,0,0,0,0,no_volume,0,0,0,0,no_volume,0,0,0,0,0,0,24893,29207,0.0797,0,1288,24,24,32,31,1
1774107676,31,68,0,0,0,0,no_volume,0,0,0,0,no_volume,0,0,0,0,no_volume,0,0,0,0,0,0,23071,29207,0.1174,-1822,-1822,23,24,32,31,1
1774107677,31,68,0,0,0,0,no_volume,0,0,0,0,no_volume,0,0,0,0,no_volume,0,0,0,0,0,0,19123,26389,0.1597,-5770,-3948,23,24,32,31,1
1774107678,31,68,0,0,0,0,no_volume,0,0,0,0,no_volume,0,0,0,0,no_volume,0,0,0,0,0,0,20945,27006,0.1264,-3948,-2126,23,24,32,31,1
1774107679,31,68,0,0,0,0,no_volume,0,0,0,0,no_volume,0,0,0,0,no_volume,0,0,0,0,0,0,20945,25872,0.1052,-2126,-3948,23,24,32,31,1
1774107680,31,68,0,0,0,0,no_volume,0,0,0,0,no_volume,0,0,0,0,no_volume,0,0,0,0,0,0,20945,25872,0.1052,1822,-3948,23,24,32,31,1
1774107681,31,68,0,0,0,0,no_volume,0,0,0,0,no_volume,0,0,0,0,no_volume,0,0,0,0,0,0,20097,26846,0.1438,-848,-4796,24,25,32,31,1
1774107682,31,68,0,0,0,0,no_volume,0,0,0,0,no_volume,0,0,0,0,no_volume,0,0,0,0,0,0,20945,26846,0.1235,0,-3948,24,25,32,31,1
1774107683,31,68,0,0,0,0,no_volume,0,0,0,0,no_volume,0,0,0,0,no_volume,0,0,0,0,0,0,20945,26846,0.1235,0,-3948,24,25,32,31,1
1774107684,31,68,0,0,0,0,no_volume,0,0,0,0,no_volume,0,0,0,0,no_volume,0,0,0,0,0,0,20945,27820,0.141,848,-3948,23,25,32,31,1
1774107685,31,68,0,0,0,0,no_volume,0,0,0,0,no_volume,0,0,0,0,no_volume,0,0,0,0,0,0,24915,27820,0.0551,3970,22,23,25,32,31,1
1774107686,31,68,0,0,0,0,no_volume,0,0,0,0,no_volume,0,0,0,0,no_volume,0,0,0,0,0,0,25296,29611,0.0786,4351,2225,23,25,32,31,1
1774107687,31,68,0,0,0,0,no_volume,0,0,0,0,no_volume,0,0,0,0,no_volume,0,0,0,0,0,0,23474,30585,0.1315,2529,4351,23,25,32,31,1
1774107688,31,68,0,0,0,0,no_volume,0,0,0,0,no_volume,0,0,0,0,no_volume,0,0,0,0,0,0,25296,30585,0.0946,381,4351,23,25,32,31,1
1774107689,31,68,0,0,0,0,no_volume,0,0,0,0,no_volume,0,0,0,0,no_volume,0,0,0,0,0,0,22720,30585,0.1475,-2576,1775,23,25,32,31,1
1774107690,31,68,0,0,0,0,no_volume,0,0,0,0,no_volume,0,0,0,0,no_volume,0,0,0,0,0,0,22720,30585,0.1475,-754,1775,23,25,32,31,1
1774107692,31,68,0,0,0,0,no_volume,0,0,0,0,no_volume,0,0,0,0,no_volume,0,0,0,0,0,0,23846,30204,0.1176,1126,2901,24,25,32,31,1
1774107693,31,68,0,0,0,0,no_volume,0,0,0,0,no_volume,0,0,0,0,no_volume,0,0,0,0,0,0,21050,29230,0.1627,-1670,105,23,24,32,31,1
1774107694,31,68,0,0,0,0,no_volume,0,0,0,0,no_volume,0,0,0,0,no_volume,0,0,0,0,0,0,21584,8196,-0.4496,-2262,639,23,16,32,31,1
1774107695,22,68,0,0,0,0,no_volume,0,0,0,0,no_volume,0,0,0,0,no_volume,0,0,0,0,0,0,18683,5655,-0.5353,-5163,-6232,23,15,32,22,10
1774107696,23,68,0,0,0,0,no_volume,0,0,0,0,no_volume,0,0,0,0,no_volume,0,0,0,0,0,0,21095,5665,-0.5766,45,-4201,23,16,32,23,9
1774107697,23,68,0,0,0,0,no_volume,0,0,0,0,no_volume,0,0,0,0,no_volume,0,0,0,0,0,0,18683,5685,-0.5334,-2901,-4791,23,15,32,23,9
1774107698,23,68,0,0,0,0,no_volume,0,0,0,0,no_volume,0,0,0,0,no_volume,0,0,0,0,0,0,18683,5685,-0.5334,0,-6613,23,15,32,23,9
1774107699,29,68,0,0,0,0,no_volume,0,0,0,0,no_volume,0,0,0,0,no_volume,0,0,0,0,0,0,16861,15573,-0.0397,-4234,-5859,22,18,32,29,3
1774107700,29,68,0,0,0,0,no_volume,0,0,0,0,no_volume,0,0,0,0,no_volume,0,0,0,0,0,0,18683,19565,0.0231,0,-4037,22,20,32,29,3
1774107701,29,68,0,0,0,0,no_volume,0,0,0,0,no_volume,0,0,0,0,no_volume,0,0,0,0,0,0,18683,18044,-0.0174,0,-5163,22,19,32,29,3
1774107702,31,68,0,0,0,0,no_volume,0,0,0,0,no_volume,0,0,0,0,no_volume,0,0,0,0,0,0,20427,23253,0.0647,3566,-3419,22,21,32,31,1
1774107703,31,68,0,0,0,0,no_volume,0,0,0,0,no_volume,0,0,0,0,no_volume,0,0,0,0,0,0,20427,12902,-0.2258,1744,-623,22,16,32,31,1
1774107704,31,68,0,0,0,0,no_volume,0,0,0,0,no_volume,0,0,0,0,no_volume,0,0,0,0,0,0,18683,13440,-0.1632,0,-2901,22,18,32,31,1
1774107705,30,68,0,0,0,0,no_volume,0,0,0,0,no_volume,0,0,0,0,no_volume,0,0,0,0,0,0,18683,21390,0.0676,-1744,0,22,22,32,30,2
1774107706,30,68,0,0,0,0,no_volume,0,0,0,0,no_volume,0,0,0,0,no_volume,0,0,0,0,0,0,18683,21016,0.0588,-1744,-2412,22,21,32,30,2
1774107707,31,68,0,0,0,0,no_volume,0,0,0,0,no_volume,0,0,0,0,no_volume,0,0,0,0,0,0,18683,12000,-0.2178,0,0,22,16,32,31,1
1774107708,22,68,0,0,0,0,no_volume,0,0,0,0,no_volume,0,0,0,0,no_volume,0,0,0,0,0,0,16873,4349,-0.5901,-1810,-1810,22,13,32,22,10
1774107709,22,68,0,0,0,0,no_volume,0,0,0,0,no_volume,0,0,0,0,no_volume,0,0,0,0,0,0,18695,4014,-0.6465,12,1834,23,16,32,22,10
1774107710,22,68,0,0,0,0,no_volume,0,0,0,0,no_volume,0,0,0,0,no_volume,0,0,0,0,0,0,18695,4014,-0.6465,12,12,23,16,32,22,10
1774107711,22,68,0,0,0,0,no_volume,0,0,0,0,no_volume,0,0,0,0,no_volume,0,0,0,0,0,0,18695,5927,-0.5186,1822,12,23,16,32,22,10
1774107712,22,68,0,0,0,0,no_volume,0,0,0,0,no_volume,0,0,0,0,no_volume,0,0,0,0,0,0,18695,5927,-0.5186,0,-1732,23,16,32,22,10
1774107713,22,68,0,0,0,0,no_volume,0,0,0,0,no_volume,0,0,0,0,no_volume,0,0,0,0,0,0,20193,4539,-0.6329,1498,-234,23,15,32,22,10
1774107714,22,68,0,0,0,0,no_volume,0,0,0,0,no_volume,0,0,0,0,no_volume,0,0,0,0,0,0,20193,2933,-0.7463,1498,1510,23,14,32,22,10
1774107715,24,68,0,0,0,0,no_volume,0,0,0,0,no_volume,0,0,0,0,no_volume,0,0,0,0,0,0,18359,4375,-0.6151,-336,-324,22,15,32,24,8
1774107716,26,68,0,0,0,0,no_volume,0,0,0,0,no_volume,0,0,0,0,no_volume,0,0,0,0,0,0,20181,4278,-0.6502,-12,1498,22,16,32,26,6
1774107717,26,68,0,0,0,0,no_volume,0,0,0,0,no_volume,0,0,0,0,no_volume,0,0,0,0,0,0,20181,4278,-0.6502,-12,1498,22,16,32,26,6
1774107718,26,68,0,0,0,0,no_volume,0,0,0,0,no_volume,0,0,0,0,no_volume,0,0,0,0,0,0,20181,4278,-0.6502,1822,3308,22,16,32,26,6
1774107719,26,68,0,0,0,0,no_volume,0,0,0,0,no_volume,0,0,0,0,no_volume,0,0,0,0,0,0,20181,4278,-0.6502,0,1486,22,16,32,26,6
1774107720,26,68,0,0,0,0,no_volume,0,0,0,0,no_volume,0,0,0,0,no_volume,0,0,0,0,0,0,20181,5846,-0.5508,0,1486,22,16,32,26,6
1774107721,31,68,0,0,0,0,no_volume,0,0,0,0,no_volume,0,0,0,0,no_volume,0,0,0,0,0,0,21903,15859,-0.1601,1722,3208,23,18,32,31,1
1774107722,31,68,0,0,0,0,no_volume,0,0,0,0,no_volume,0,0,0,0,no_volume,0,0,0,0,0,0,19767,17251,-0.068,-414,1072,23,19,32,31,1
1774107723,31,68,0,0,0,0,no_volume,0,0,0,0,no_volume,0,0,0,0,no_volume,0,0,0,0,0,0,21589,17251,-0.1117,1408,1396,23,19,32,31,1
1774107724,31,68,0,0,0,0,no_volume,0,0,0,0,no_volume,0,0,0,0,no_volume,0,0,0,0,0,0,21379,18539,-0.0711,-524,1186,23,19,32,31,1
1774107725,31,68,0,0,0,0,no_volume,0,0,0,0,no_volume,0,0,0,0,no_volume,0,0,0,0,0,0,25932,18547,-0.166,6165,7573,23,19,32,31,1
1774107726,31,68,0,0,0,0,no_volume,0,0,0,0,no_volume,0,0,0,0,no_volume,0,0,0,0,0,0,25932,18233,-0.1743,4343,5751,23,18,32,31,1
1774107727,31,68,0,0,0,0,no_volume,0,0,0,0,no_volume,0,0,0,0,no_volume,0,0,0,0,0,0,27686,18233,-0.2059,6307,7505,23,18,32,31,1
1774107728,31,68,0,0,0,0,no_volume,0,0,0,0,no_volume,0,0,0,0,no_volume,0,0,0,0,0,0,21311,17259,-0.1051,-4621,1130,23,18,32,31,1
1774107729,31,68,0,0,0,0,no_volume,0,0,0,0,no_volume,0,0,0,0,no_volume,0,0,0,0,0,0,23133,17693,-0.1332,-2799,2952,24,17,32,31,1
1774107730,31,68,0,0,0,0,no_volume,0,0,0,0,no_volume,0,0,0,0,no_volume,0,0,0,0,0,0,22159,17259,-0.1243,-5527,1978,24,17,32,31,1
1774107731,31,68,0,0,0,0,no_volume,0,0,0,0,no_volume,0,0,0,0,no_volume,0,0,0,0,0,0,23133,17251,-0.1457,1822,1230,25,17,32,31,1
1774107732,31,68,0,0,0,0,no_volume,0,0,0,0,no_volume,0,0,0,0,no_volume,0,0,0,0,0,0,23133,17251,-0.1457,0,3366,25,17,32,31,1
1774107733,31,68,0,0,0,0,no_volume,0,0,0,0,no_volume,0,0,0,0,no_volume,0,0,0,0,0,0,23133,17251,-0.1457,974,1544,25,17,32,31,1
1774107734,31,68,0,0,0,0,no_volume,0,0,0,0,no_volume,0,0,0,0,no_volume,0,0,0,0,0,0,23133,17251,-0.1457,0,1754,25,17,32,31,1
1774107735,31,68,0,0,0,0,no_volume,0,0,0,0,no_volume,0,0,0,0,no_volume,0,0,0,0,0,0,23133,17251,-0.1457,0,-2799,25,17,32,31,1
1774107736,31,68,0,0,0,0,no_volume,0,0,0,0,no_volume,0,0,0,0,no_volume,0,0,0,0,0,0,23133,17251,-0.1457,0,-2799,25,17,32,31,1
1774107737,31,68,0,0,0,0,no_volume,0,0,0,0,no_volume,0,0,0,0,no_volume,0,0,0,0,0,0,22159,17565,-0.1156,-974,-5527,24,17,32,31,1
1774107738,31,68,0,0,0,0,no_volume,0,0,0,0,no_volume,0,0,0,0,no_volume,0,0,0,0,0,0,22159,17565,-0.1156,-974,848,24,17,32,31,1
1774107739,31,68,0,0,0,0,no_volume,0,0,0,0,no_volume,0,0,0,0,no_volume,0,0,0,0,0,0,22159,17565,-0.1156,-974,-974,24,17,32,31,1
1774107740,31,68,0,0,0,0,no_volume,0,0,0,0,no_volume,0,0,0,0,no_volume,0,0,0,0,0,0,22159,17565,-0.1156,0,0,24,17,32,31,1
1774107741,31,68,0,0,0,0,no_volume,0,0,0,0,no_volume,0,0,0,0,no_volume,0,0,0,0,0,0,21311,17251,-0.1053,-848,-1822,23,17,32,31,1
1774107742,31,68,0,0,0,0,no_volume,0,0,0,0,no_volume,0,0,0,0,no_volume,0,0,0,0,0,0,23133,17251,-0.1457,974,0,23,17,32,31,1
1774107743,31,68,0,0,0,0,no_volume,0,0,0,0,no_volume,0,0,0,0,no_volume,0,0,0,0,0,0,23133,17251,-0.1457,974,0,23,17,32,31,1
1774107744,31,68,0,0,0,0,no_volume,0,0,0,0,no_volume,0,0,0,0,no_volume,0,0,0,0,0,0,23133,17251,-0.1457,1822,0,23,17,32,31,1
1774107745,31,68,0,0,0,0,no_volume,0,0,0,0,no_volume,0,0,0,0,no_volume,0,0,0,0,0,0,24107,17565,-0.157,974,974,24,17,32,31,1
1774107746,31,68,0,0,0,0,no_volume,0,0,0,0,no_volume,0,0,0,0,no_volume,0,0,0,0,0,0,22159,17565,-0.1156,-974,-974,23,17,32,31,1
1774107747,31,68,0,0,0,0,no_volume,0,0,0,0,no_volume,0,0,0,0,no_volume,0,0,0,0,0,0,22159,17565,-0.1156,-974,0,23,17,32,31,1
1774107748,31,68,0,0,0,0,no_volume,0,0,0,0,no_volume,0,0,0,0,no_volume,0,0,0,0,0,0,21311,17565,-0.0964,-2796,-848,23,17,32,31,1
1774107749,31,68,0,0,0,0,no_volume,0,0,0,0,no_volume,0,0,0,0,no_volume,0,0,0,0,0,0,23133,17565,-0.1368,974,974,23,17,32,31,1
1774107750,31,68,0,0,0,0,no_volume,0,0,0,0,no_volume,0,0,0,0,no_volume,0,0,0,0,0,0,23133,17565,-0.1368,974,974,23,17,32,31,1
1774107751,31,68,0,0,0,0,no_volume,0,0,0,0,no_volume,0,0,0,0,no_volume,0,0,0,0,0,0,23133,17565,-0.1368,1822,1822,23,17,32,31,1
1774107752,31,68,0,0,0,0,no_volume,0,0,0,0,no_volume,0,0,0,0,no_volume,0,0,0,0,0,0,23133,17565,-0.1368,0,0,23,17,32,31,1
1774107753,31,68,0,0,0,0,no_volume,0,0,0,0,no_volume,0,0,0,0,no_volume,0,0,0,0,0,0,22160,17251,-0.1246,-973,-973,23,17,32,31,1
1774107754,31,68,0,0,0,0,no_volume,0,0,0,0,no_volume,0,0,0,0,no_volume,0,0,0,0,0,0,22160,17251,-0.1246,-973,-973,23,17,32,31,1
1774107755,31,68,0,0,0,0,no_volume,0,0,0,0,no_volume,0,0,0,0,no_volume,0,0,0,0,0,0,22160,17251,-0.1246,-973,-1947,23,17,32,31,1
1774107756,31,68,0,0,0,0,no_volume,0,0,0,0,no_volume,0,0,0,0,no_volume,0,0,0,0,0,0,22160,17251,-0.1246,0,1,23,17,32,31,1
1774107757,31,68,0,0,0,0,no_volume,0,0,0,0,no_volume,0,0,0,0,no_volume,0,0,0,0,0,0,21312,17251,-0.1053,-848,-847,23,17,32,31,1
1774107758,31,68,0,0,0,0,no_volume,0,0,0,0,no_volume,0,0,0,0,no_volume,0,0,0,0,0,0,23134,17251,-0.1457,974,1823,24,17,32,31,1
1774107759,31,68,0,0,0,0,no_volume,0,0,0,0,no_volume,0,0,0,0,no_volume,0,0,0,0,0,0,23134,17251,-0.1457,974,1,24,17,32,31,1
1774107760,31,68,0,0,0,0,no_volume,0,0,0,0,no_volume,0,0,0,0,no_volume,0,0,0,0,0,0,23286,17251,-0.1489,1974,153,24,17,32,31,1
1774107761,31,68,0,0,0,0,no_volume,0,0,0,0,no_volume,0,0,0,0,no_volume,0,0,0,0,0,0,22518,17251,-0.1324,-616,-615,25,17,32,31,1
1774107762,31,68,0,0,0,0,no_volume,0,0,0,0,no_volume,0,0,0,0,no_volume,0,0,0,0,0,0,22506,17251,-0.1322,-628,-627,25,17,32,31,1
1774107763,31,68,0,0,0,0,no_volume,0,0,0,0,no_volume,0,0,0,0,no_volume,0,0,0,0,0,0,25132,17251,-0.1859,1846,2972,24,17,32,31,1
1774107764,31,68,0,0,0,0,no_volume,0,0,0,0,no_volume,0,0,0,0,no_volume,0,0,0,0,0,0,24284,17251,-0.1693,1766,2124,23,17,32,31,1
1774107765,31,68,0,0,0,0,no_volume,0,0,0,0,no_volume,0,0,0,0,no_volume,0,0,0,0,0,0,26106,17251,-0.2042,3600,3946,23,17,32,31,1
1774107766,31,68,0,0,0,0,no_volume,0,0,0,0,no_volume,0,0,0,0,no_volume,0,0,0,0,0,0,26106,17251,-0.2042,974,3946,23,17,32,31,1
1774107767,31,68,0,0,0,0,no_volume,0,0,0,0,no_volume,0,0,0,0,no_volume,0,0,0,0,0,0,25954,17251,-0.2014,1670,4642,23,17,32,31,1
1774107768,31,68,0,0,0,0,no_volume,0,0,0,0,no_volume,0,0,0,0,no_volume,0,0,0,0,0,0,25954,17251,-0.2014,-152,2820,23,17,32,31,1
1774107769,31,68,0,0,0,0,no_volume,0,0,0,0,no_volume,0,0,0,0,no_volume,0,0,0,0,0,0,25954,17251,-0.2014,-152,2820,23,17,32,31,1
1774107770,31,68,0,0,0,0,no_volume,0,0,0,0,no_volume,0,0,0,0,no_volume,0,0,0,0,0,0,23158,17251,-0.1462,-2796,-128,23,17,32,31,1
1774107771,31,68,0,0,0,0,no_volume,0,0,0,0,no_volume,0,0,0,0,no_volume,0,0,0,0,0,0,24980,17251,-0.183,-974,2462,23,17,32,31,1
1774107772,31,68,0,0,0,0,no_volume,0,0,0,0,no_volume,0,0,0,0,no_volume,0,0,0,0,0,0,24980,17251,-0.183,-974,2474,23,17,32,31,1
1774107773,31,68,0,0,0,0,no_volume,0,0,0,0,no_volume,0,0,0,0,no_volume,0,0,0,0,0,0,24980,17251,-0.183,1822,-152,23,17,32,31,1
1774107774,31,68,0,0,0,0,no_volume,0,0,0,0,no_volume,0,0,0,0,no_volume,0,0,0,0,0,0,24980,17251,-0.183,0,696,23,17,32,31,1
1774107775,31,68,0,0,0,0,no_volume,0,0,0,0,no_volume,0,0,0,0,no_volume,0,0,0,0,0,0,24980,17251,-0.183,0,-1126,23,17,32,31,1
1774107776,31,68,0,0,0,0,no_volume,0,0,0,0,no_volume,0,0,0,0,no_volume,0,0,0,0,0,0,24132,17251,-0.1663,-848,-1974,23,17,32,31,1
1774107777,31,68,0,0,0,0,no_volume,0,0,0,0,no_volume,0,0,0,0,no_volume,0,0,0,0,0,0,24980,17251,-0.183,0,-974,22,17,32,31,1
1774107778,31,68,0,0,0,0,no_volume,0,0,0,0,no_volume,0,0,0,0,no_volume,0,0,0,0,0,0,24980,17251,-0.183,0,-974,22,17,32,31,1
1774107779,31,68,0,0,0,0,no_volume,0,0,0,0,no_volume,0,0,0,0,no_volume,0,0,0,0,0,0,20406,17251,-0.0838,-3726,-5548,22,17,32,31,1
1774107780,31,68,0,0,0,0,no_volume,0,0,0,0,no_volume,0,0,0,0,no_volume,0,0,0,0,0,0,20406,17251,-0.0838,-4574,-2752,22,17,32,31,1
1774107781,31,68,0,0,0,0,no_volume,0,0,0,0,no_volume,0,0,0,0,no_volume,0,0,0,0,0,0,21380,17251,-0.1069,-3600,-3600,23,17,32,31,1
1774107782,31,68,0,0,0,0,no_volume,0,0,0,0,no_volume,0,0,0,0,no_volume,0,0,0,0,0,0,18584,17251,-0.0372,-1822,-6396,23,17,32,31,1
1774107783,31,68,0,0,0,0,no_volume,0,0,0,0,no_volume,0,0,0,0,no_volume,0,0,0,0,0,0,20406,17251,-0.0838,0,-4574,24,17,32,31,1
1774107784,31,68,0,0,0,0,no_volume,0,0,0,0,no_volume,0,0,0,0,no_volume,0,0,0,0,0,0,20406,17251,-0.0838,-974,-4574,24,17,32,31,1
1774107785,31,68,0,0,0,0,no_volume,0,0,0,0,no_volume,0,0,0,0,no_volume,0,0,0,0,0,0,20406,17251,-0.0838,1822,-4574,24,17,32,31,1
1774107786,31,68,0,0,0,0,no_volume,0,0,0,0,no_volume,0,0,0,0,no_volume,0,0,0,0,0,0,20406,17251,-0.0838,0,-3726,24,17,32,31,1
1774107787,31,68,0,0,0,0,no_volume,0,0,0,0,no_volume,0,0,0,0,no_volume,0,0,0,0,0,0,20406,17251,-0.0838,0,-4574,24,17,32,31,1
1774107788,31,68,0,0,0,0,no_volume,0,0,0,0,no_volume,0,0,0,0,no_volume,0,0,0,0,0,0,20406,17251,-0.0838,0,-4574,24,17,32,31,1
1774107789,31,68,0,0,0,0,no_volume,0,0,0,0,no_volume,0,0,0,0,no_volume,0,0,0,0,0,0,20406,17251,-0.0838,0,0,24,17,32,31,1
1774107790,31,68,0,0,0,0,no_volume,0,0,0,0,no_volume,0,0,0,0,no_volume,0,0,0,0,0,0,20406,17251,-0.0838,0,0,24,17,32,31,1
1774107791,31,68,0,0,0,0,no_volume,0,0,0,0,no_volume,0,0,0,0,no_volume,0,0,0,0,0,0,20406,17251,-0.0838,0,-974,24,17,32,31,1
1774107792,31,68,0,0,0,0,no_volume,0,0,0,0,no_volume,0,0,0,0,no_volume,0,0,0,0,0,0,20406,17251,-0.0838,0,1822,24,17,32,31,1
1774107793,31,68,0,0,0,0,no_volume,0,0,0,0,no_volume,0,0,0,0,no_volume,0,0,0,0,0,0,20406,17251,-0.0838,0,0,24,17,32,31,1
1774107794,31,68,0,0,0,0,no_volume,0,0,0,0,no_volume,0,0,0,0,no_volume,0,0,0,0,0,0,20406,17251,-0.0838,0,0,24,17,32,31,1
1774107795,31,68,0,0,0,0,no_volume,0,0,0,0,no_volume,0,0,0,0,no_volume,0,0,0,0,0,0,20406,17251,-0.0838,0,0,24,17,32,31,1
1774107796,31,68,0,0,0,0,no_volume,0,0,0,0,no_volume,0,0,0,0,no_volume,0,0,0,0,0,0,22843,17251,-0.1395,2437,2437,24,17,32,31,1
1774107797,31,68,0,0,0,0,no_volume,0,0,0,0,no_volume,0,0,0,0,no_volume,0,0,0,0,0,0,22843,17251,-0.1395,2437,2437,24,17,32,31,1
1774107798,31,68,0,0,0,0,no_volume,0,0,0,0,no_volume,0,0,0,0,no_volume,0,0,0,0,0,0,22843,17251,-0.1395,2437,2437,24,17,32,31,1
1774107799,21,68,0,0,0,0,no_volume,0,0,0,0,no_volume,0,0,0,0,no_volume,0,0,0,0,0,0,21120,4967,-0.6192,-1723,714,23,14,32,21,11
1774107800,21,68,0,0,0,0,no_volume,0,0,0,0,no_volume,0,0,0,0,no_volume,0,0,0,0,0,0,21120,3679,-0.7033,-1723,714,23,13,32,21,11
1774107801,22,68,0,0,0,0,no_volume,0,0,0,0,no_volume,0,0,0,0,no_volume,0,0,0,0,0,0,19298,5579,-0.5515,-3545,-1108,22,14,32,22,10
1774107802,31,68,0,0,0,0,no_volume,0,0,0,0,no_volume,0,0,0,0,no_volume,0,0,0,0,0,0,22847,21224,-0.0368,1727,2441,22,19,32,31,1
1774107803,31,68,0,0,0,0,no_volume,0,0,0,0,no_volume,0,0,0,0,no_volume,0,0,0,0,0,0,22847,21074,-0.0404,1727,2441,22,19,32,31,1
1774107804,31,68,0,0,0,0,no_volume,0,0,0,0,no_volume,0,0,0,0,no_volume,0,0,0,0,0,0,22847,21074,-0.0404,3549,2441,22,19,32,31,1
1774107805,31,68,0,0,0,0,no_volume,0,0,0,0,no_volume,0,0,0,0,no_volume,0,0,0,0,0,0,23821,23930,0.0023,974,3415,23,19,32,31,1
1774107806,31,68,0,0,0,0,no_volume,0,0,0,0,no_volume,0,0,0,0,no_volume,0,0,0,0,0,0,23821,23930,0.0023,974,978,23,19,32,31,1
1774107807,31,68,0,0,0,0,no_volume,0,0,0,0,no_volume,0,0,0,0,no_volume,0,0,0,0,0,0,22847,21354,-0.0338,0,4,23,19,32,31,1
1774107808,31,68,0,0,0,0,no_volume,0,0,0,0,no_volume,0,0,0,0,no_volume,0,0,0,0,0,0,22847,22642,-0.0045,-974,4,23,19,32,31,1
1774107809,31,68,0,0,0,0,no_volume,0,0,0,0,no_volume,0,0,0,0,no_volume,0,0,0,0,0,0,21999,22642,0.0144,-1822,879,23,19,32,31,1
1774107810,31,68,0,0,0,0,no_volume,0,0,0,0,no_volume,0,0,0,0,no_volume,0,0,0,0,0,0,23821,23081,-0.0158,974,2701,23,19,32,31,1
1774107811,31,68,0,0,0,0,no_volume,0,0,0,0,no_volume,0,0,0,0,no_volume,0,0,0,0,0,0,22847,22642,-0.0045,0,3549,22,19,32,31,1
1774107812,31,68,0,0,0,0,no_volume,0,0,0,0,no_volume,0,0,0,0,no_volume,0,0,0,0,0,0,22847,22642,-0.0045,848,0,22,19,32,31,1
1774107813,31,68,0,0,0,0,no_volume,0,0,0,0,no_volume,0,0,0,0,no_volume,0,0,0,0,0,0,23821,22642,-0.0254,0,974,23,19,32,31,1
1774107814,31,68,0,0,0,0,no_volume,0,0,0,0,no_volume,0,0,0,0,no_volume,0,0,0,0,0,0,22847,21354,-0.0338,0,0,23,19,32,31,1
1774107815,31,68,0,0,0,0,no_volume,0,0,0,0,no_volume,0,0,0,0,no_volume,0,0,0,0,0,0,22847,22642,-0.0045,0,-974,23,19,32,31,1
1774107816,31,68,0,0,0,0,no_volume,0,0,0,0,no_volume,0,0,0,0,no_volume,0,0,0,0,0,0,21999,22642,0.0144,-1822,-1822,23,19,32,31,1
1774107817,31,68,0,0,0,0,no_volume,0,0,0,0,no_volume,0,0,0,0,no_volume,0,0,0,0,0,0,23821,22642,-0.0254,974,974,24,19,32,31,1
1774107818,31,68,0,0,0,0,no_volume,0,0,0,0,no_volume,0,0,0,0,no_volume,0,0,0,0,0,0,23821,22642,-0.0254,974,974,24,19,32,31,1
1774107819,31,68,0,0,0,0,no_volume,0,0,0,0,no_volume,0,0,0,0,no_volume,0,0,0,0,0,0,23821,22642,-0.0254,1822,1822,24,19,32,31,1
1774107820,31,68,0,0,0,0,no_volume,0,0,0,0,no_volume,0,0,0,0,no_volume,0,0,0,0,0,0,23821,22642,-0.0254,0,0,24,19,32,31,1
1774107821,31,68,0,0,0,0,no_volume,0,0,0,0,no_volume,0,0,0,0,no_volume,0,0,0,0,0,0,23821,22642,-0.0254,0,974,24,19,32,31,1
1774107822,31,68,0,0,0,0,no_volume,0,0,0,0,no_volume,0,0,0,0,no_volume,0,0,0,0,0,0,23821,22642,-0.0254,0,974,24,19,32,31,1
1774107823,31,68,0,0,0,0,no_volume,0,0,0,0,no_volume,0,0,0,0,no_volume,0,0,0,0,0,0,23821,22642,-0.0254,0,0,24,19,32,31,1
1774107824,31,68,0,0,0,0,no_volume,0,0,0,0,no_volume,0,0,0,0,no_volume,0,0,0,0,0,0,23821,22642,-0.0254,0,974,24,19,32,31,1
1774107825,31,68,0,0,0,0,no_volume,0,0,0,0,no_volume,0,0,0,0,no_volume,0,0,0,0,0,0,23821,22642,-0.0254,0,974,24,19,32,31,1
1774107826,31,68,0,0,0,0,no_volume,0,0,0,0,no_volume,0,0,0,0,no_volume,0,0,0,0,0,0,23821,22642,-0.0254,0,1822,24,19,32,31,1
1774107827,31,68,0,0,0,0,no_volume,0,0,0,0,no_volume,0,0,0,0,no_volume,0,0,0,0,0,0,23821,22642,-0.0254,0,0,24,19,32,31,1
1774107828,31,68,0,0,0,0,no_volume,0,0,0,0,no_volume,0,0,0,0,no_volume,0,0,0,0,0,0,23821,22642,-0.0254,0,0,24,19,32,31,1
1774107829,31,68,0,0,0,0,no_volume,0,0,0,0,no_volume,0,0,0,0,no_volume,0,0,0,0,0,0,23821,22642,-0.0254,0,0,24,19,32,31,1
1774107830,31,68,0,0,0,0,no_volume,0,0,0,0,no_volume,0,0,0,0,no_volume,0,0,0,0,0,0,23821,22642,-0.0254,0,0,24,19,32,31,1
1774107831,31,68,0,0,0,0,no_volume,0,0,0,0,no_volume,0,0,0,0,no_volume,0,0,0,0,0,0,20605,22642,0.0471,-3216,-3216,24,19,32,31,1
1774107832,31,68,0,0,0,0,no_volume,0,0,0,0,no_volume,0,0,0,0,no_volume,0,0,0,0,0,0,18783,22642,0.0932,-5038,-5038,23,19,32,31,1
1774107833,21,68,0,0,0,0,no_volume,0,0,0,0,no_volume,0,0,0,0,no_volume,0,0,0,0,0,0,21129,5836,-0.5671,-2692,-2692,23,15,32,21,11
1774107834,21,68,0,0,0,0,no_volume,0,0,0,0,no_volume,0,0,0,0,no_volume,0,0,0,0,0,0,21129,4278,-0.6632,524,-2692,23,15,32,21,11
1774107835,22,68,0,0,0,0,no_volume,0,0,0,0,no_volume,0,0,0,0,no_volume,0,0,0,0,0,0,21129,4398,-0.6554,2346,-2692,23,16,32,22,10
1774107836,22,68,0,0,0,0,no_volume,0,0,0,0,no_volume,0,0,0,0,no_volume,0,0,0,0,0,0,19307,4398,-0.6289,-1822,-4514,22,16,32,22,10
1774107837,23,68,0,0,0,0,no_volume,0,0,0,0,no_volume,0,0,0,0,no_volume,0,0,0,0,0,0,19307,4409,-0.6282,-1822,-4514,22,14,32,23,9
1774107838,24,68,0,0,0,0,no_volume,0,0,0,0,no_volume,0,0,0,0,no_volume,0,0,0,0,0,0,21021,4298,-0.6605,-108,-2800,22,16,32,24,8
1774107839,31,68,0,0,0,0,no_volume,0,0,0,0,no_volume,0,0,0,0,no_volume,0,0,0,0,0,0,22749,15948,-0.1758,3442,-1072,23,19,32,31,1
1774107840,31,68,0,0,0,0,no_volume,0,0,0,0,no_volume,0,0,0,0,no_volume,0,0,0,0,0,0,20498,18929,-0.0398,1191,-3323,23,20,32,31,1
1774107841,31,68,0,0,0,0,no_volume,0,0,0,0,no_volume,0,0,0,0,no_volume,0,0,0,0,0,0,20498,18929,-0.0398,-523,-107,23,20,32,31,1
1774107842,31,68,0,0,0,0,no_volume,0,0,0,0,no_volume,0,0,0,0,no_volume,0,0,0,0,0,0,20498,18929,-0.0398,-2251,1715,23,20,32,31,1
1774107843,31,68,0,0,0,0,no_volume,0,0,0,0,no_volume,0,0,0,0,no_volume,0,0,0,0,0,0,20498,18929,-0.0398,0,-631,23,20,32,31,1
1774107844,31,68,0,0,0,0,no_volume,0,0,0,0,no_volume,0,0,0,0,no_volume,0,0,0,0,0,0,18676,18929,0.0067,-1822,-2453,22,19,32,31,1
1774107845,31,68,0,0,0,0,no_volume,0,0,0,0,no_volume,0,0,0,0,no_volume,0,0,0,0,0,0,20498,18929,-0.0398,0,-631,23,19,32,31,1
1774107846,31,68,0,0,0,0,no_volume,0,0,0,0,no_volume,0,0,0,0,no_volume,0,0,0,0,0,0,20498,18929,-0.0398,0,1191,23,19,32,31,1
1774107847,31,68,0,0,0,0,no_volume,0,0,0,0,no_volume,0,0,0,0,no_volume,0,0,0,0,0,0,21472,19369,-0.0515,2796,2165,24,19,32,31,1
1774107848,31,68,0,0,0,0,no_volume,0,0,0,0,no_volume,0,0,0,0,no_volume,0,0,0,0,0,0,21472,18929,-0.0629,974,451,24,19,32,31,1
1774107849,31,68,0,0,0,0,no_volume,0,0,0,0,no_volume,0,0,0,0,no_volume,0,0,0,0,0,0,21472,18929,-0.0629,974,-1277,24,19,32,31,1
1774107850,31,68,0,0,0,0,no_volume,0,0,0,0,no_volume,0,0,0,0,no_volume,0,0,0,0,0,0,21472,18929,-0.0629,0,974,24,19,32,31,1
1774107851,31,68,0,0,0,0,no_volume,0,0,0,0,no_volume,0,0,0,0,no_volume,0,0,0,0,0,0,21472,18929,-0.0629,0,974,24,19,32,31,1
1774107852,31,68,0,0,0,0,no_volume,0,0,0,0,no_volume,0,0,0,0,no_volume,0,0,0,0,0,0,20498,17641,-0.0749,-974,0,23,19,32,31,1
1774107853,31,68,0,0,0,0,no_volume,0,0,0,0,no_volume,0,0,0,0,no_volume,0,0,0,0,0,0,20498,18929,-0.0398,-974,0,23,19,32,31,1
1774107854,31,68,0,0,0,0,no_volume,0,0,0,0,no_volume,0,0,0,0,no_volume,0,0,0,0,0,0,20498,18929,-0.0398,-974,1822,23,19,32,31,1
1774107855,31,68,0,0,0,0,no_volume,0,0,0,0,no_volume,0,0,0,0,no_volume,0,0,0,0,0,0,20510,18929,-0.0401,12,12,23,19,32,31,1
1774107856,31,68,0,0,0,0,no_volume,0,0,0,0,no_volume,0,0,0,0,no_volume,0,0,0,0,0,0,20510,18929,-0.0401,12,12,23,19,32,31,1
1774107857,31,68,0,0,0,0,no_volume,0,0,0,0,no_volume,0,0,0,0,no_volume,0,0,0,0,0,0,20510,18929,-0.0401,12,-962,23,19,32,31,1
1774107858,31,68,0,0,0,0,no_volume,0,0,0,0,no_volume,0,0,0,0,no_volume,0,0,0,0,0,0,20510,18929,-0.0401,0,-962,23,19,32,31,1
1774107859,31,68,0,0,0,0,no_volume,0,0,0,0,no_volume,0,0,0,0,no_volume,0,0,0,0,0,0,20510,18929,-0.0401,0,-962,23,19,32,31,1
1774107860,31,68,0,0,0,0,no_volume,0,0,0,0,no_volume,0,0,0,0,no_volume,0,0,0,0,0,0,19662,18929,-0.019,-848,-1810,22,19,32,31,1
1774107861,31,68,0,0,0,0,no_volume,0,0,0,0,no_volume,0,0,0,0,no_volume,0,0,0,0,0,0,21484,18929,-0.0632,974,12,22,19,32,31,1
1774107862,23,68,0,0,0,0,no_volume,0,0,0,0,no_volume,0,0,0,0,no_volume,0,0,0,0,0,0,18782,5810,-0.5275,-1728,-1716,21,15,32,23,9
1774107863,20,68,0,0,0,0,no_volume,0,0,0,0,no_volume,0,0,0,0,no_volume,0,0,0,0,0,0,18770,4363,-0.6228,-892,-1728,21,16,32,20,12
1774107864,20,68,0,0,0,0,no_volume,0,0,0,0,no_volume,0,0,0,0,no_volume,0,0,0,0,0,0,18774,4363,-0.6229,-2710,-1724,21,14,32,20,12
1774107865,20,68,0,0,0,0,no_volume,0,0,0,0,no_volume,0,0,0,0,no_volume,0,0,0,0,0,0,18774,4363,-0.6229,-8,-1736,21,14,32,20,12
1774107866,24,68,0,0,0,0,no_volume,0,0,0,0,no_volume,0,0,0,0,no_volume,0,0,0,0,0,0,18240,9985,-0.2925,-530,-2270,22,15,32,24,8
1774107867,31,68,0,0,0,0,no_volume,0,0,0,0,no_volume,0,0,0,0,no_volume,0,0,0,0,0,0,20499,19913,-0.0145,1725,-11,22,21,32,31,1
1774107868,31,68,0,0,0,0,no_volume,0,0,0,0,no_volume,0,0,0,0,no_volume,0,0,0,0,0,0,20499,22974,0.0569,1725,-11,22,22,32,31,1
1774107869,31,68,0,0,0,0,no_volume,0,0,0,0,no_volume,0,0,0,0,no_volume,0,0,0,0,0,0,21473,22887,0.0319,3233,963,23,22,32,31,1
1774107870,31,68,0,0,0,0,no_volume,0,0,0,0,no_volume,0,0,0,0,no_volume,0,0,0,0,0,0,21473,24381,0.0634,974,1811,23,22,32,31,1
1774107871,31,68,0,0,0,0,no_volume,0,0,0,0,no_volume,0,0,0,0,no_volume,0,0,0,0,0,0,21473,24381,0.0634,974,-11,23,22,32,31,1
1774107872,31,68,0,0,0,0,no_volume,0,0,0,0,no_volume,0,0,0,0,no_volume,0,0,0,0,0,0,20185,23093,0.0672,-1288,1403,23,22,32,31,1
1774107873,31,68,0,0,0,0,no_volume,0,0,0,0,no_volume,0,0,0,0,no_volume,0,0,0,0,0,0,18677,23093,0.1057,-2796,-93,22,22,32,31,1
1774107874,31,68,0,0,0,0,no_volume,0,0,0,0,no_volume,0,0,0,0,no_volume,0,0,0,0,0,0,21473,23093,0.0364,0,2699,24,22,32,31,1
1774107875,31,68,0,0,0,0,no_volume,0,0,0,0,no_volume,0,0,0,0,no_volume,0,0,0,0,0,0,21473,23093,0.0364,1288,2699,24,22,32,31,1
1774107876,31,68,0,0,0,0,no_volume,0,0,0,0,no_volume,0,0,0,0,no_volume,0,0,0,0,0,0,21473,23093,0.0364,2796,3233,24,22,32,31,1
1774107877,31,68,0,0,0,0,no_volume,0,0,0,0,no_volume,0,0,0,0,no_volume,0,0,0,0,0,0,21787,23093,0.0291,314,1288,24,22,32,31,1
1774107878,31,68,0,0,0,0,no_volume,0,0,0,0,no_volume,0,0,0,0,no_volume,0,0,0,0,0,0,21787,23143,0.0302,314,1288,24,22,32,31,1
1774107879,31,68,0,0,0,0,no_volume,0,0,0,0,no_volume,0,0,0,0,no_volume,0,0,0,0,0,0,21941,23143,0.0267,468,468,24,22,32,31,1
1774107880,31,68,0,0,0,0,no_volume,0,0,0,0,no_volume,0,0,0,0,no_volume,0,0,0,0,0,0,21941,23143,0.0267,154,468,24,22,32,31,1
1774107881,31,68,0,0,0,0,no_volume,0,0,0,0,no_volume,0,0,0,0,no_volume,0,0,0,0,0,0,20653,23093,0.0558,-1134,-820,23,22,32,31,1
1774107882,31,68,0,0,0,0,no_volume,0,0,0,0,no_volume,0,0,0,0,no_volume,0,0,0,0,0,0,20653,23093,0.0558,-1288,468,23,22,32,31,1
1774107883,31,68,0,0,0,0,no_volume,0,0,0,0,no_volume,0,0,0,0,no_volume,0,0,0,0,0,0,20653,23093,0.0558,-1288,1976,23,22,32,31,1
1774107884,31,68,0,0,0,0,no_volume,0,0,0,0,no_volume,0,0,0,0,no_volume,0,0,0,0,0,0,20119,23093,0.0688,-534,-1354,22,22,32,31,1
1774107885,31,68,0,0,0,0,no_volume,0,0,0,0,no_volume,0,0,0,0,no_volume,0,0,0,0,0,0,21941,23093,0.0256,1288,468,22,22,32,31,1
1774107886,31,68,0,0,0,0,no_volume,0,0,0,0,no_volume,0,0,0,0,no_volume,0,0,0,0,0,0,21787,23093,0.0291,1134,314,22,22,32,31,1
1774107887,31,68,0,0,0,0,no_volume,0,0,0,0,no_volume,0,0,0,0,no_volume,0,0,0,0,0,0,21787,23093,0.0291,1668,0,22,22,32,31,1
1774107888,31,68,0,0,0,0,no_volume,0,0,0,0,no_volume,0,0,0,0,no_volume,0,0,0,0,0,0,21787,23093,0.0291,-154,0,22,22,32,31,1
1774107889,31,68,0,0,0,0,no_volume,0,0,0,0,no_volume,0,0,0,0,no_volume,0,0,0,0,0,0,20499,23101,0.0597,-1288,-1442,22,22,32,31,1
1774107890,31,68,0,0,0,0,no_volume,0,0,0,0,no_volume,0,0,0,0,no_volume,0,0,0,0,0,0,18677,23101,0.1059,-3110,-3264,22,22,32,31,1
1774107891,31,68,0,0,0,0,no_volume,0,0,0,0,no_volume,0,0,0,0,no_volume,0,0,0,0,0,0,20499,23101,0.0597,-1288,-154,22,22,32,31,1
1774107892,31,68,0,0,0,0,no_volume,0,0,0,0,no_volume,0,0,0,0,no_volume,0,0,0,0,0,0,19211,6353,-0.503,-1288,-1442,21,15,32,31,1
1774107893,31,68,0,0,0,0,no_volume,0,0,0,0,no_volume,0,0,0,0,no_volume,0,0,0,0,0,0,18770,5714,-0.5332,93,-1883,21,15,32,31,1
1774107894,31,68,0,0,0,0,no_volume,0,0,0,0,no_volume,0,0,0,0,no_volume,0,0,0,0,0,0,18770,5714,-0.5332,-1729,-1349,22,15,32,31,1
1774107895,31,68,0,0,0,0,no_volume,0,0,0,0,no_volume,0,0,0,0,no_volume,0,0,0,0,0,0,18770,5884,-0.5227,-441,-3171,22,16,32,31,1
1774107896,31,68,0,0,0,0,no_volume,0,0,0,0,no_volume,0,0,0,0,no_volume,0,0,0,0,0,0,18770,4596,-0.6066,0,-3017,22,16,32,31,1
1774107897,31,68,0,0,0,0,no_volume,0,0,0,0,no_volume,0,0,0,0,no_volume,0,0,0,0,0,0,16948,5884,-0.4846,-1822,-4839,21,16,32,31,1
1774107898,31,68,0,0,0,0,no_volume,0,0,0,0,no_volume,0,0,0,0,no_volume,0,0,0,0,0,0,18770,5934,-0.5196,0,-3017,22,17,32,31,1
1774107899,31,68,0,0,0,0,no_volume,0,0,0,0,no_volume,0,0,0,0,no_volume,0,0,0,0,0,0,18770,5934,-0.5196,0,-1729,22,17,32,31,1
1774107900,31,68,0,0,0,0,no_volume,0,0,0,0,no_volume,0,0,0,0,no_volume,0,0,0,0,0,0,18770,5934,-0.5196,1822,93,22,17,32,31,1
1774107901,25,68,0,0,0,0,no_volume,0,0,0,0,no_volume,0,0,0,0,no_volume,0,0,0,0,0,0,18770,5884,-0.5227,0,-1729,22,17,32,25,7
1774107902,23,68,0,0,0,0,no_volume,0,0,0,0,no_volume,0,0,0,0,no_volume,0,0,0,0,0,0,18770,4347,-0.6239,0,-441,22,16,32,23,9
1774107903,23,68,0,0,0,0,no_volume,0,0,0,0,no_volume,0,0,0,0,no_volume,0,0,0,0,0,0,18770,4267,-0.6296,0,0,22,16,32,23,9
1774107904,23,68,0,0,0,0,no_volume,0,0,0,0,no_volume,0,0,0,0,no_volume,0,0,0,0,0,0,18770,2532,-0.7623,0,0,22,15,32,23,9
1774107905,23,68,0,0,0,0,no_volume,0,0,0,0,no_volume,0,0,0,0,no_volume,0,0,0,0,0,0,16948,4137,-0.6076,-1822,-1822,21,14,32,23,9
1774107906,25,68,0,0,0,0,no_volume,0,0,0,0,no_volume,0,0,0,0,no_volume,0,0,0,0,0,0,18770,4409,-0.6196,0,0,21,16,32,25,7
1774107907,25,68,0,0,0,0,no_volume,0,0,0,0,no_volume,0,0,0,0,no_volume,0,0,0,0,0,0,18770,4409,-0.6196,0,1822,21,16,32,25,7
1774107908,30,68,0,0,0,0,no_volume,0,0,0,0,no_volume,0,0,0,0,no_volume,0,0,0,0,0,0,20500,13607,-0.2021,3552,1730,22,19,32,30,2
1774107909,31,68,0,0,0,0,no_volume,0,0,0,0,no_volume,0,0,0,0,no_volume,0,0,0,0,0,0,20500,14807,-0.1612,1730,1730,22,20,32,31,1
1774107910,31,68,0,0,0,0,no_volume,0,0,0,0,no_volume,0,0,0,0,no_volume,0,0,0,0,0,0,20500,14807,-0.1612,1730,1730,22,20,32,31,1
1774107911,31,68,0,0,0,0,no_volume,0,0,0,0,no_volume,0,0,0,0,no_volume,0,0,0,0,0,0,20500,12108,-0.2574,0,1730,22,20,32,31,1
1774107912,31,68,0,0,0,0,no_volume,0,0,0,0,no_volume,0,0,0,0,no_volume,0,0,0,0,0,0,19652,16114,-0.0989,-848,882,23,20,32,31,1
1774107913,31,68,0,0,0,0,no_volume,0,0,0,0,no_volume,0,0,0,0,no_volume,0,0,0,0,0,0,21474,14726,-0.1864,974,2704,23,19,32,31,1
1774107914,31,68,0,0,0,0,no_volume,0,0,0,0,no_volume,0,0,0,0,no_volume,0,0,0,0,0,0,20500,14726,-0.1639,0,1730,22,18,32,31,1
1774107915,31,68,0,0,0,0,no_volume,0,0,0,0,no_volume,0,0,0,0,no_volume,0,0,0,0,0,0,21474,14726,-0.1864,1822,4526,23,18,32,31,1
1774107916,31,68,0,0,0,0,no_volume,0,0,0,0,no_volume,0,0,0,0,no_volume,0,0,0,0,0,0,21474,15168,-0.1721,0,2704,23,18,32,31,1
1774107917,31,68,0,0,0,0,no_volume,0,0,0,0,no_volume,0,0,0,0,no_volume,0,0,0,0,0,0,21474,14978,-0.1782,974,2704,23,18,32,31,1
1774107918,31,68,0,0,0,0,no_volume,0,0,0,0,no_volume,0,0,0,0,no_volume,0,0,0,0,0,0,21474,14536,-0.1927,0,974,23,18,32,31,1
1774107919,31,68,0,0,0,0,no_volume,0,0,0,0,no_volume,0,0,0,0,no_volume,0,0,0,0,0,0,19652,14536,-0.1496,-1822,-848,23,18,32,31,1
1774107920,31,68,0,0,0,0,no_volume,0,0,0,0,no_volume,0,0,0,0,no_volume,0,0,0,0,0,0,21474,14536,-0.1927,0,974,23,18,32,31,1
1774107921,31,68,0,0,0,0,no_volume,0,0,0,0,no_volume,0,0,0,0,no_volume,0,0,0,0,0,0,21474,14536,-0.1927,0,974,23,18,32,31,1
1774107922,31,68,0,0,0,0,no_volume,0,0,0,0,no_volume,0,0,0,0,no_volume,0,0,0,0,0,0,21474,14536,-0.1927,1822,1822,23,18,32,31,1
1774107923,31,68,0,0,0,0,no_volume,0,0,0,0,no_volume,0,0,0,0,no_volume,0,0,0,0,0,0,21474,14536,-0.1927,0,0,23,18,32,31,1
1774107924,31,68,0,0,0,0,no_volume,0,0,0,0,no_volume,0,0,0,0,no_volume,0,0,0,0,0,0,20814,14586,-0.1759,-660,314,23,18,32,31,1
1774107925,31,68,0,0,0,0,no_volume,0,0,0,0,no_volume,0,0,0,0,no_volume,0,0,0,0,0,0,20500,14586,-0.1686,-974,-974,23,18,32,31,1
1774107926,31,68,0,0,0,0,no_volume,0,0,0,0,no_volume,0,0,0,0,no_volume,0,0,0,0,0,0,20500,14586,-0.1686,-974,-974,23,18,32,31,1
1774107927,31,68,0,0,0,0,no_volume,0,0,0,0,no_volume,0,0,0,0,no_volume,0,0,0,0,0,0,19966,14536,-0.1574,-848,-1508,22,18,32,31,1
1774107928,31,68,0,0,0,0,no_volume,0,0,0,0,no_volume,0,0,0,0,no_volume,0,0,0,0,0,0,21788,14536,-0.1996,1288,314,22,18,32,31,1
1774107929,31,68,0,0,0,0,no_volume,0,0,0,0,no_volume,0,0,0,0,no_volume,0,0,0,0,0,0,21788,14536,-0.1996,1288,2136,22,18,32,31,1
1774107930,31,68,0,0,0,0,no_volume,0,0,0,0,no_volume,0,0,0,0,no_volume,0,0,0,0,0,0,19966,14544,-0.1571,0,-1508,22,18,32,31,1
1774107931,31,68,0,0,0,0,no_volume,0,0,0,0,no_volume,0,0,0,0,no_volume,0,0,0,0,0,0,23076,14544,-0.2268,1288,1602,24,18,32,31,1
1774107932,31,68,0,0,0,0,no_volume,0,0,0,0,no_volume,0,0,0,0,no_volume,0,0,0,0,0,0,23076,14544,-0.2268,1288,1602,23,18,32,31,1
1774107933,31,68,0,0,0,0,no_volume,0,0,0,0,no_volume,0,0,0,0,no_volume,0,0,0,0,0,0,23076,14544,-0.2268,3110,1602,23,18,32,31,1
1774107934,31,68,0,0,0,0,no_volume,0,0,0,0,no_volume,0,0,0,0,no_volume,0,0,0,0,0,0,20500,14544,-0.17,-2576,-314,22,18,32,31,1
1774107935,31,68,0,0,0,0,no_volume,0,0,0,0,no_volume,0,0,0,0,no_volume,0,0,0,0,0,0,20500,14544,-0.17,-2576,0,22,18,32,31,1
1774107936,31,68,0,0,0,0,no_volume,0,0,0,0,no_volume,0,0,0,0,no_volume,0,0,0,0,0,0,20500,14544,-0.17,-2576,0,22,18,32,31,1
1774107937,31,68,0,0,0,0,no_volume,0,0,0,0,no_volume,0,0,0,0,no_volume,0,0,0,0,0,0,20500,14544,-0.17,0,534,22,18,32,31,1
1774107938,31,68,0,0,0,0,no_volume,0,0,0,0,no_volume,0,0,0,0,no_volume,0,0,0,0,0,0,18678,14544,-0.1244,-1822,-3110,22,18,32,31,1
1774107939,31,68,0,0,0,0,no_volume,0,0,0,0,no_volume,0,0,0,0,no_volume,0,0,0,0,0,0,20500,14544,-0.17,0,-1288,22,18,32,31,1
1774107940,31,68,0,0,0,0,no_volume,0,0,0,0,no_volume,0,0,0,0,no_volume,0,0,0,0,0,0,20500,14544,-0.17,0,534,22,18,32,31,1
1774107941,31,68,0,0,0,0,no_volume,0,0,0,0,no_volume,0,0,0,0,no_volume,0,0,0,0,0,0,20500,14544,-0.17,1822,-2576,22,18,32,31,1
1774107942,31,68,0,0,0,0,no_volume,0,0,0,0,no_volume,0,0,0,0,no_volume,0,0,0,0,0,0,20500,14544,-0.17,0,-2576,22,18,32,31,1
1774107943,31,68,0,0,0,0,no_volume,0,0,0,0,no_volume,0,0,0,0,no_volume,0,0,0,0,0,0,20500,14544,-0.17,0,-2576,22,18,32,31,1
1774107944,31,68,0,0,0,0,no_volume,0,0,0,0,no_volume,0,0,0,0,no_volume,0,0,0,0,0,0,20500,14544,-0.17,0,0,23,18,32,31,1
1774107945,31,68,0,0,0,0,no_volume,0,0,0,0,no_volume,0,0,0,0,no_volume,0,0,0,0,0,0,20500,14544,-0.17,0,0,23,18,32,31,1
1774107946,31,68,0,0,0,0,no_volume,0,0,0,0,no_volume,0,0,0,0,no_volume,0,0,0,0,0,0,20500,14544,-0.17,0,0,23,18,32,31,1
1774107947,31,68,0,0,0,0,no_volume,0,0,0,0,no_volume,0,0,0,0,no_volume,0,0,0,0,0,0,18678,14544,-0.1244,-1822,-1822,22,18,32,31,1
1774107948,31,68,0,0,0,0,no_volume,0,0,0,0,no_volume,0,0,0,0,no_volume,0,0,0,0,0,0,21788,14544,-0.1994,1288,3110,24,18,32,31,1
1774107949,31,68,0,0,0,0,no_volume,0,0,0,0,no_volume,0,0,0,0,no_volume,0,0,0,0,0,0,16544,14544,-0.0643,-3956,-3956,25,18,32,31,1
1774107950,31,68,0,0,0,0,no_volume,0,0,0,0,no_volume,0,0,0,0,no_volume,0,0,0,0,0,0,16509,14544,-0.0633,-2169,-3991,25,18,32,31,1
1774107951,31,68,0,0,0,0,no_volume,0,0,0,0,no_volume,0,0,0,0,no_volume,0,0,0,0,0,0,19104,14544,-0.1355,-2684,-1396,26,18,32,31,1
1774107952,31,68,0,0,0,0,no_volume,0,0,0,0,no_volume,0,0,0,0,no_volume,0,0,0,0,0,0,15092,14544,-0.0185,-1452,-5408,24,18,32,31,1
1774107953,31,68,0,0,0,0,no_volume,0,0,0,0,no_volume,0,0,0,0,no_volume,0,0,0,0,0,0,16696,14544,-0.0689,187,-3804,23,18,32,31,1
1774107954,31,68,0,0,0,0,no_volume,0,0,0,0,no_volume,0,0,0,0,no_volume,0,0,0,0,0,0,10237,5664,-0.2876,-8867,-10263,21,15,32,31,1
1774107955,31,68,0,0,0,0,no_volume,0,0,0,0,no_volume,0,0,0,0,no_volume,0,0,0,0,0,0,10237,5664,-0.2876,-4855,-10263,21,15,32,31,1
1774107956,30,68,0,0,0,0,no_volume,0,0,0,0,no_volume,0,0,0,0,no_volume,0,0,0,0,0,0,12253,5955,-0.3459,-4443,-8247,22,16,32,30,2
1774107957,30,68,0,0,0,0,no_volume,0,0,0,0,no_volume,0,0,0,0,no_volume,0,0,0,0,0,0,12210,5955,-0.3443,1973,-6468,22,16,32,30,2
1774107958,30,68,0,0,0,0,no_volume,0,0,0,0,no_volume,0,0,0,0,no_volume,0,0,0,0,0,0,11930,5955,-0.3341,1693,-9858,22,16,32,30,2
1774107959,31,68,0,0,0,0,no_volume,0,0,0,0,no_volume,0,0,0,0,no_volume,0,0,0,0,0,0,17675,7989,-0.3774,5422,1131,24,19,32,31,1
1774107960,31,68,0,0,0,0,no_volume,0,0,0,0,no_volume,0,0,0,0,no_volume,0,0,0,0,0,0,15853,9091,-0.2711,3643,-656,24,19,32,31,1
1774107961,31,68,0,0,0,0,no_volume,0,0,0,0,no_volume,0,0,0,0,no_volume,0,0,0,0,0,0,17675,9094,-0.3206,5745,-1429,24,19,32,31,1
1774107962,31,68,0,0,0,0,no_volume,0,0,0,0,no_volume,0,0,0,0,no_volume,0,0,0,0,0,0,18649,12044,-0.2152,974,3557,25,19,32,31,1
1774107963,31,68,0,0,0,0,no_volume,0,0,0,0,no_volume,0,0,0,0,no_volume,0,0,0,0,0,0,12944,9644,-0.1461,-2909,-3752,25,19,32,31,1
1774107964,31,68,0,0,0,0,no_volume,0,0,0,0,no_volume,0,0,0,0,no_volume,0,0,0,0,0,0,14736,15182,0.0149,-2939,4499,25,18,32,31,1
1774107965,31,68,0,0,0,0,no_volume,0,0,0,0,no_volume,0,0,0,0,no_volume,0,0,0,0,0,0,22062,15182,-0.1847,3413,11825,25,18,32,31,1
1774107966,31,68,0,0,0,0,no_volume,0,0,0,0,no_volume,0,0,0,0,no_volume,0,0,0,0,0,0,19266,16280,-0.084,6322,7013,24,18,32,31,1
1774107967,31,68,0,0,0,0,no_volume,0,0,0,0,no_volume,0,0,0,0,no_volume,0,0,0,0,0,0,21533,16288,-0.1387,6797,9323,25,18,32,31,1
1774107968,31,68,0,0,0,0,no_volume,0,0,0,0,no_volume,0,0,0,0,no_volume,0,0,0,0,0,0,21533,16288,-0.1387,-529,9603,25,18,32,31,1
1774107969,31,68,0,0,0,0,no_volume,0,0,0,0,no_volume,0,0,0,0,no_volume,0,0,0,0,0,0,22507,15974,-0.1698,3241,4832,26,18,32,31,1
1774107970,31,68,0,0,0,0,no_volume,0,0,0,0,no_volume,0,0,0,0,no_volume,0,0,0,0,0,0,22507,15974,-0.1698,974,6654,26,18,32,31,1
1774107971,31,68,0,0,0,0,no_volume,0,0,0,0,no_volume,0,0,0,0,no_volume,0,0,0,0,0,0,22507,15000,-0.2001,974,4832,26,17,32,31,1
1774107972,31,68,0,0,0,0,no_volume,0,0,0,0,no_volume,0,0,0,0,no_volume,0,0,0,0,0,0,22507,15000,-0.2001,0,3858,26,17,32,31,1
1774107973,31,68,0,0,0,0,no_volume,0,0,0,0,no_volume,0,0,0,0,no_volume,0,0,0,0,0,0,21533,15019,-0.1782,-974,8589,25,17,32,31,1
1774107974,31,68,0,0,0,0,no_volume,0,0,0,0,no_volume,0,0,0,0,no_volume,0,0,0,0,0,0,21533,15019,-0.1782,-974,6797,25,17,32,31,1
1774107975,31,68,0,0,0,0,no_volume,0,0,0,0,no_volume,0,0,0,0,no_volume,0,0,0,0,0,0,21533,15019,-0.1782,-974,-529,25,17,32,31,1
1774107976,31,68,0,0,0,0,no_volume,0,0,0,0,no_volume,0,0,0,0,no_volume,0,0,0,0,0,0,21533,15019,-0.1782,0,2267,25,17,32,31,1
1774107977,31,68,0,0,0,0,no_volume,0,0,0,0,no_volume,0,0,0,0,no_volume,0,0,0,0,0,0,20685,15019,-0.1587,-848,-848,24,17,32,31,1
1774107978,31,68,0,0,0,0,no_volume,0,0,0,0,no_volume,0,0,0,0,no_volume,0,0,0,0,0,0,22507,15019,-0.1995,974,974,24,17,32,31,1
1774107979,31,68,0,0,0,0,no_volume,0,0,0,0,no_volume,0,0,0,0,no_volume,0,0,0,0,0,0,22507,15019,-0.1995,974,0,24,17,32,31,1
1774107980,31,68,0,0,0,0,no_volume,0,0,0,0,no_volume,0,0,0,0,no_volume,0,0,0,0,0,0,22507,15019,-0.1995,1822,0,24,17,32,31,1
1774107981,31,68,0,0,0,0,no_volume,0,0,0,0,no_volume,0,0,0,0,no_volume,0,0,0,0,0,0,21659,15000,-0.1816,-848,-848,25,17,32,31,1
1774107982,31,68,0,0,0,0,no_volume,0,0,0,0,no_volume,0,0,0,0,no_volume,0,0,0,0,0,0,21533,15000,-0.1788,-974,-974,24,17,32,31,1
1774107983,31,68,0,0,0,0,no_volume,0,0,0,0,no_volume,0,0,0,0,no_volume,0,0,0,0,0,0,19081,15000,-0.1197,-3426,-2452,24,17,32,31,1
1774107984,31,68,0,0,0,0,no_volume,0,0,0,0,no_volume,0,0,0,0,no_volume,0,0,0,0,0,0,16197,15000,-0.0384,-5462,-5336,25,17,32,31,1
1774107985,31,68,0,0,0,0,no_volume,0,0,0,0,no_volume,0,0,0,0,no_volume,0,0,0,0,0,0,18578,15000,-0.1066,-2955,-2955,25,17,32,31,1
1774107986,31,68,0,0,0,0,no_volume,0,0,0,0,no_volume,0,0,0,0,no_volume,0,0,0,0,0,0,15248,15000,-0.0082,-3833,-6285,25,17,32,31,1
1774107987,31,68,0,0,0,0,no_volume,0,0,0,0,no_volume,0,0,0,0,no_volume,0,0,0,0,0,0,12867,15000,0.0765,-3330,-7818,25,17,32,31,1
1774107988,31,68,0,0,0,0,no_volume,0,0,0,0,no_volume,0,0,0,0,no_volume,0,0,0,0,0,0,11045,15000,0.1519,-7533,-11462,24,17,32,31,1
1774107989,32,66,0,0,0,0,low_activity,0,0,0,0,low_activity,0,0,0,0,low_activity,0,0,0,0,0,0,13155,15182,0.0715,-2093,-9352,24,18,34,32,2
1774107990,32,66,0,0,0,0,low_activity,0,0,0,0,low_activity,0,0,0,0,low_activity,0,0,0,0,0,0,13155,12121,-0.0409,288,-9352,24,18,34,32,2
1774107991,32,66,0,0,0,0,low_activity,0,0,0,0,low_activity,0,0,0,0,low_activity,0,0,0,0,0,0,16516,15593,-0.0287,5471,-5143,26,19,34,32,2
1774107992,32,66,0,0,0,0,no_volume,0,0,0,0,low_activity,0,0,0,0,low_activity,0,0,0,0,0,0,16830,15980,-0.0259,3675,-4703,27,19,34,32,2
1774107993,32,66,0,0,0,0,no_volume,0,0,0,0,low_activity,0,0,0,0,low_activity,0,0,0,0,0,0,16830,18324,0.0425,3675,-2251,27,18,34,32,2
1774107994,32,66,0,0,0,0,no_volume,0,0,0,0,no_volume,0,0,0,0,low_activity,0,0,0,0,0,0,14928,20674,0.1614,-1588,-1269,27,19,34,32,2
1774107995,33,66,0,0,0,0,no_volume,0,0,0,0,no_volume,0,0,0,0,low_activity,0,0,0,0,0,0,12478,23903,0.314,-4352,-6100,24,20,34,33,1
1774107996,33,66,0,0,0,0,no_volume,0,0,0,0,no_volume,0,0,0,0,low_activity,0,0,0,0,0,0,14614,24117,0.2454,-2216,-634,25,20,34,33,1
1774107997,33,66,0,0,0,0,no_volume,0,0,0,0,no_volume,0,0,0,0,low_activity,0,0,0,0,0,0,19275,24117,0.1116,4347,6408,25,20,34,33,1
1774107998,33,66,0,0,0,0,no_volume,0,0,0,0,no_volume,0,0,0,0,low_activity,0,0,0,0,0,0,22775,23143,0.008,10297,11730,26,19,34,33,1
1774107999,33,66,0,0,0,0,no_volume,0,0,0,0,no_volume,0,0,0,0,low_activity,0,0,0,0,0,0,23089,23124,0.0008,8475,9934,26,20,34,33,1
1774108000,33,66,0,0,0,0,no_volume,0,0,0,0,no_volume,0,0,0,0,low_activity,0,0,0,0,0,0,23089,23124,0.0008,3814,9934,26,20,34,33,1
1774108001,33,66,0,0,0,0,no_volume,0,0,0,0,no_volume,0,0,0,0,low_activity,0,0,0,0,0,0,20953,23124,0.0493,-1822,4437,25,20,34,33,1
1774108002,33,66,0,0,0,0,no_volume,0,0,0,0,no_volume,0,0,0,0,low_activity,0,0,0,0,0,0,18019,20475,0.0638,-5070,1189,25,20,34,33,1
1774108003,33,66,0,0,0,0,no_volume,0,0,0,0,no_volume,0,0,0,0,low_activity,0,0,0,0,0,0,20674,20475,-0.0048,-2415,3844,26,20,34,33,1
1774108004,33,66,0,0,0,0,no_volume,0,0,0,0,no_volume,0,0,0,0,low_activity,0,0,0,0,0,0,22117,22797,0.0151,1164,7189,25,20,34,33,1
1774108005,33,66,0,0,0,0,no_volume,0,0,0,0,no_volume,0,0,0,0,low_activity,0,0,0,0,0,0,23091,22797,-0.0064,5072,10613,25,20,34,33,1
1774108006,33,66,0,0,0,0,no_volume,0,0,0,0,no_volume,0,0,0,0,low_activity,0,0,0,0,0,0,15143,22797,0.2017,-5531,529,23,20,34,33,1
1774108007,33,66,0,0,0,0,no_volume,0,0,0,0,no_volume,0,0,0,0,low_activity,0,0,0,0,0,0,14169,22797,0.2334,-7948,-5106,23,20,34,33,1
1774108008,33,66,0,0,0,0,no_volume,0,0,0,0,no_volume,0,0,0,0,low_activity,0,0,0,0,0,0,10946,22816,0.3516,-12145,-11829,23,20,34,33,1
1774108009,33,66,0,0,0,0,no_volume,0,0,0,0,no_volume,0,0,0,0,low_activity,0,0,0,0,0,0,19101,22816,0.0886,3958,-3988,24,20,34,33,1
1774108010,33,66,0,0,0,0,no_volume,0,0,0,0,no_volume,0,0,0,0,low_activity,0,0,0,0,0,0,20994,22824,0.0418,6825,-2095,25,20,34,33,1
1774108011,33,66,0,0,0,0,no_volume,0,0,0,0,no_volume,0,0,0,0,low_activity,0,0,0,0,0,0,20994,22824,0.0418,10048,41,25,20,34,33,1
1774108012,33,66,0,0,0,0,no_volume,0,0,0,0,no_volume,0,0,0,0,low_activity,0,0,0,0,0,0,20994,22824,0.0418,1893,2975,25,20,34,33,1
1774108013,33,66,0,0,0,0,no_volume,0,0,0,0,no_volume,0,0,0,0,low_activity,0,0,0,0,0,0,20994,22824,0.0418,0,320,25,20,34,33,1
1774108014,33,66,0,0,0,0,no_volume,0,0,0,0,no_volume,0,0,0,0,low_activity,0,0,0,0,0,0,20460,22824,0.0546,-534,-1657,25,20,34,33,1
1774108015,33,66,0,0,0,0,no_volume,0,0,0,0,no_volume,0,0,0,0,low_activity,0,0,0,0,0,0,22282,22824,0.012,1288,-809,25,20,34,33,1
1774108016,33,66,0,0,0,0,no_volume,0,0,0,0,no_volume,0,0,0,0,low_activity,0,0,0,0,0,0,22282,22824,0.012,1288,7139,25,20,34,33,1
1774108017,33,66,0,0,0,0,no_volume,0,0,0,0,no_volume,0,0,0,0,low_activity,0,0,0,0,0,0,22942,22805,-0.003,2482,8773,25,20,34,33,1
1774108018,33,66,0,0,0,0,no_volume,0,0,0,0,no_volume,0,0,0,0,low_activity,0,0,0,0,0,0,22942,22805,-0.003,660,11996,25,20,34,33,1
1774108019,33,66,0,0,0,0,no_volume,0,0,0,0,no_volume,0,0,0,0,no_volume,0,0,0,0,0,0,22942,22830,-0.0024,660,3841,25,21,34,33,1
1774108020,33,66,0,0,0,0,no_volume,0,0,0,0,no_volume,0,0,0,0,no_volume,0,0,0,0,0,0,20146,22830,0.0625,-2796,-848,25,21,34,33,1
1774108021,33,66,0,0,0,0,no_volume,0,0,0,0,no_volume,0,0,0,0,no_volume,0,0,0,0,0,0,21968,22830,0.0192,-974,974,25,21,34,33,1
1774108022,33,66,0,0,0,0,low_activity,0,0,0,0,low_activity,0,0,0,0,low_activity,0,0,0,0,0,0,21954,22830,0.0196,-988,960,25,21,34,33,1
1774108023,33,66,0,0,0,0,low_activity,0,0,0,0,low_activity,0,0,0,0,low_activity,0,0,0,0,0,0,19158,22830,0.0875,-988,-1836,24,21,34,33,1
1774108024,33,66,0,0,0,0,low_activity,0,0,0,0,low_activity,0,0,0,0,low_activity,0,0,0,0,0,0,21954,22830,0.0196,-14,1494,25,21,34,33,1
1774108025,33,66,0,0,0,0,no_volume,0,0,0,0,low_activity,0,0,0,0,low_activity,0,0,0,0,0,0,21954,22830,0.0196,0,-328,25,21,34,33,1
1774108026,33,66,0,0,0,0,low_activity,0,0,0,0,low_activity,0,0,0,0,low_activity,0,0,0,0,0,0,21904,22830,0.0207,2746,-378,25,21,34,33,1
1774108027,33,66,0,0,0,0,low_activity,0,0,0,0,low_activity,0,0,0,0,low_activity,0,0,0,0,0,0,21904,22830,0.0207,-50,-1038,25,21,34,33,1
1774108028,33,66,0,0,0,0,low_activity,0,0,0,0,low_activity,0,0,0,0,low_activity,0,0,0,0,0,0,21904,22841,0.0209,-50,-1038,25,21,34,33,1
1774108029,33,66,0,0,0,0,no_volume,0,0,0,0,low_activity,0,0,0,0,low_activity,0,0,0,0,0,0,21904,22841,0.0209,0,-1038,25,21,34,33,1
1774108030,33,66,0,0,0,0,no_volume,0,0,0,0,low_activity,0,0,0,0,low_activity,0,0,0,0,0,0,21904,22841,0.0209,0,1758,25,21,34,33,1
1774108031,33,66,0,0,0,0,no_volume,0,0,0,0,no_volume,0,0,0,0,low_activity,0,0,0,0,0,0,21904,22841,0.0209,0,-64,25,21,34,33,1
1774108032,33,66,0,0,0,0,no_volume,0,0,0,0,no_volume,0,0,0,0,low_activity,0,0,0,0,0,0,21904,22841,0.0209,0,-50,25,21,34,33,1
1774108033,33,66,0,0,0,0,no_volume,0,0,0,0,no_volume,0,0,0,0,low_activity,0,0,0,0,0,0,21904,22841,0.0209,0,2746,25,21,34,33,1
1774108034,33,66,0,0,0,0,no_volume,0,0,0,0,no_volume,0,0,0,0,low_activity,0,0,0,0,0,0,21904,22841,0.0209,0,-50,25,21,34,33,1
1774108035,33,66,0,0,0,0,no_volume,0,0,0,0,no_volume,0,0,0,0,low_activity,0,0,0,0,0,0,21904,22841,0.0209,0,-50,25,21,34,33,1
1774108036,33,66,0,0,0,0,no_volume,0,0,0,0,no_volume,0,0,0,0,low_activity,0,0,0,0,0,0,20777,22822,0.0469,-1127,-1127,24,21,34,33,1
1774108037,33,66,0,0,0,0,no_volume,0,0,0,0,no_volume,0,0,0,0,low_activity,0,0,0,0,0,0,20777,22822,0.0469,-1127,-1127,24,21,34,33,1
1774108038,33,66,0,0,0,0,no_volume,0,0,0,0,no_volume,0,0,0,0,low_activity,0,0,0,0,0,0,20777,22822,0.0469,-1127,-1127,24,21,34,33,1
1774108039,33,66,0,0,0,0,no_volume,0,0,0,0,no_volume,0,0,0,0,low_activity,0,0,0,0,0,0,20777,22822,0.0469,0,-1127,24,21,34,33,1
1774108040,33,66,0,0,0,0,no_volume,0,0,0,0,no_volume,0,0,0,0,low_activity,0,0,0,0,0,0,19929,22822,0.0677,-848,-1975,23,21,34,33,1
1774108041,33,66,0,0,0,0,no_volume,0,0,0,0,no_volume,0,0,0,0,low_activity,0,0,0,0,0,0,21751,22822,0.024,974,-153,23,21,34,33,1
1774108042,33,66,0,0,0,0,no_volume,0,0,0,0,no_volume,0,0,0,0,low_activity,0,0,0,0,0,0,21751,22822,0.024,974,-153,23,21,34,33,1
1774108043,33,66,0,0,0,0,no_volume,0,0,0,0,no_volume,0,0,0,0,low_activity,0,0,0,0,0,0,21751,22822,0.024,1822,-153,23,21,34,33,1
1774108044,33,66,0,0,0,0,no_volume,0,0,0,0,no_volume,0,0,0,0,low_activity,0,0,0,0,0,0,20903,22822,0.0439,-848,-1001,24,21,34,33,1
1774108045,33,66,0,0,0,0,no_volume,0,0,0,0,no_volume,0,0,0,0,low_activity,0,0,0,0,0,0,20777,22841,0.0473,-974,-1127,23,21,34,33,1
1774108046,33,66,0,0,0,0,no_volume,0,0,0,0,no_volume,0,0,0,0,low_activity,0,0,0,0,0,0,20777,22841,0.0473,-974,0,23,21,34,33,1
1774108047,33,66,0,0,0,0,no_volume,0,0,0,0,no_volume,0,0,0,0,low_activity,0,0,0,0,0,0,20777,22841,0.0473,-126,0,23,21,34,33,1
1774108048,33,66,0,0,0,0,no_volume,0,0,0,0,no_volume,0,0,0,0,low_activity,0,0,0,0,0,0,20777,22841,0.0473,0,0,23,21,34,33,1
1774108049,33,66,0,0,0,0,no_volume,0,0,0,0,no_volume,0,0,0,0,low_activity,0,0,0,0,0,0,20777,22841,0.0473,0,0,23,21,34,33,1
1774108050,33,66,0,0,0,0,no_volume,0,0,0,0,no_volume,0,0,0,0,low_activity,0,0,0,0,0,0,20777,22841,0.0473,0,848,23,21,34,33,1
1774108051,33,66,0,0,0,0,no_volume,0,0,0,0,no_volume,0,0,0,0,low_activity,0,0,0,0,0,0,20777,22841,0.0473,0,-974,23,21,34,33,1
1774108052,33,66,0,0,0,0,no_volume,0,0,0,0,no_volume,0,0,0,0,low_activity,0,0,0,0,0,0,20777,22841,0.0473,0,-974,23,21,34,33,1
1774108053,33,66,0,0,0,0,no_volume,0,0,0,0,no_volume,0,0,0,0,low_activity,0,0,0,0,0,0,20777,22841,0.0473,0,-974,23,21,34,33,1
1774108054,33,66,0,0,0,0,no_volume,0,0,0,0,no_volume,0,0,0,0,low_activity,0,0,0,0,0,0,20777,22822,0.0469,0,-126,24,21,34,33,1
1774108055,33,66,0,0,0,0,no_volume,0,0,0,0,no_volume,0,0,0,0,low_activity,0,0,0,0,0,0,20777,22822,0.0469,0,0,24,21,34,33,1
1774108056,33,66,0,0,0,0,no_volume,0,0,0,0,no_volume,0,0,0,0,no_volume,0,0,0,0,0,0,18955,22822,0.0926,-1822,-1822,23,21,34,33,1
1774108057,33,66,0,0,0,0,no_volume,0,0,0,0,no_volume,0,0,0,0,no_volume,0,0,0,0,0,0,21751,22822,0.024,974,974,24,21,34,33,1
1774108058,33,66,0,0,0,0,no_volume,0,0,0,0,no_volume,0,0,0,0,no_volume,0,0,0,0,0,0,21751,22822,0.024,974,974,24,21,34,33,1
1774108059,33,66,0,0,0,0,no_volume,0,0,0,0,no_volume,0,0,0,0,no_volume,0,0,0,0,0,0,21751,22822,0.024,2796,974,24,21,34,33,1
1774108060,33,66,0,0,0,0,no_volume,0,0,0,0,no_volume,0,0,0,0,no_volume,0,0,0,0,0,0,21751,22822,0.024,0,974,24,21,34,33,1
1774108061,33,66,0,0,0,0,no_volume,0,0,0,0,no_volume,0,0,0,0,no_volume,0,0,0,0,0,0,22280,22822,0.012,529,1503,25,21,34,33,1
1774108062,33,66,0,0,0,0,no_volume,0,0,0,0,no_volume,0,0,0,0,no_volume,0,0,0,0,0,0,22725,22822,0.0021,974,1948,25,21,34,33,1
1774108063,33,66,0,0,0,0,no_volume,0,0,0,0,no_volume,0,0,0,0,no_volume,0,0,0,0,0,0,20777,22841,0.0473,-974,0,24,21,34,33,1
1774108064,33,66,0,0,0,0,no_volume,0,0,0,0,no_volume,0,0,0,0,no_volume,0,0,0,0,0,0,18955,22841,0.093,-3325,-1822,23,21,34,33,1
1774108065,33,66,0,0,0,0,no_volume,0,0,0,0,no_volume,0,0,0,0,no_volume,0,0,0,0,0,0,21306,23815,0.0556,-1419,529,23,21,34,33,1
1774108066,33,66,0,0,0,0,no_volume,0,0,0,0,no_volume,0,0,0,0,no_volume,0,0,0,0,0,0,21306,23815,0.0556,529,2351,23,21,34,33,1
1774108067,33,66,0,0,0,0,no_volume,0,0,0,0,no_volume,0,0,0,0,no_volume,0,0,0,0,0,0,21306,22841,0.0348,2351,-445,23,21,34,33,1
1774108068,33,66,0,0,0,0,no_volume,0,0,0,0,no_volume,0,0,0,0,no_volume,0,0,0,0,0,0,21306,22841,0.0348,0,-445,23,21,34,33,1
1774108069,33,66,0,0,0,0,no_volume,0,0,0,0,no_volume,0,0,0,0,no_volume,0,0,0,0,0,0,21306,22841,0.0348,0,-445,23,21,34,33,1
1774108070,33,66,0,0,0,0,no_volume,0,0,0,0,no_volume,0,0,0,0,no_volume,0,0,0,0,0,0,18955,22841,0.093,-2351,-2796,23,21,34,33,1
1774108071,33,66,0,0,0,0,no_volume,0,0,0,0,no_volume,0,0,0,0,no_volume,0,0,0,0,0,0,20777,22841,0.0473,-529,-1503,23,21,34,33,1
1774108072,33,66,0,0,0,0,no_volume,0,0,0,0,no_volume,0,0,0,0,no_volume,0,0,0,0,0,0,20777,22822,0.0469,-529,-1948,23,21,34,33,1
1774108073,33,66,0,0,0,0,no_volume,0,0,0,0,no_volume,0,0,0,0,no_volume,0,0,0,0,0,0,20777,22822,0.0469,1822,0,23,21,34,33,1
1774108074,33,66,0,0,0,0,no_volume,0,0,0,0,no_volume,0,0,0,0,no_volume,0,0,0,0,0,0,20777,22822,0.0469,0,1822,23,21,34,33,1
1774108075,33,66,0,0,0,0,no_volume,0,0,0,0,no_volume,0,0,0,0,no_volume,0,0,0,0,0,0,20777,22822,0.0469,0,-529,23,21,34,33,1
1774108076,33,66,0,0,0,0,no_volume,0,0,0,0,no_volume,0,0,0,0,no_volume,0,0,0,0,0,0,20332,22822,0.0577,-445,-974,23,21,34,33,1
1774108077,33,66,0,0,0,0,no_volume,0,0,0,0,no_volume,0,0,0,0,no_volume,0,0,0,0,0,0,20332,22822,0.0577,-445,-974,24,21,34,33,1
1774108078,33,66,0,0,0,0,no_volume,0,0,0,0,no_volume,0,0,0,0,no_volume,0,0,0,0,0,0,21415,22822,0.0318,638,109,22,21,34,33,1
1774108079,33,66,0,0,0,0,no_volume,0,0,0,0,no_volume,0,0,0,0,no_volume,0,0,0,0,0,0,23237,22822,-0.009,2905,1931,24,21,34,33,1
1774108080,33,66,0,0,0,0,no_volume,0,0,0,0,no_volume,0,0,0,0,no_volume,0,0,0,0,0,0,23237,22822,-0.009,2905,4282,24,21,34,33,1
1774108081,33,66,0,0,0,0,no_volume,0,0,0,0,no_volume,0,0,0,0,no_volume,0,0,0,0,0,0,24211,22841,-0.0291,2796,3434,25,21,34,33,1
1774108082,33,66,0,0,0,0,no_volume,0,0,0,0,no_volume,0,0,0,0,no_volume,0,0,0,0,0,0,24211,22841,-0.0291,974,3434,25,21,34,33,1
1774108083,33,66,0,0,0,0,no_volume,0,0,0,0,no_volume,0,0,0,0,no_volume,0,0,0,0,0,0,22792,22841,0.0011,-445,2015,24,21,34,33,1
1774108084,33,66,0,0,0,0,no_volume,0,0,0,0,no_volume,0,0,0,0,no_volume,0,0,0,0,0,0,21944,22841,0.02,-2267,1167,23,21,34,33,1
1774108085,33,66,0,0,0,0,no_volume,0,0,0,0,no_volume,0,0,0,0,no_volume,0,0,0,0,0,0,23766,22841,-0.0198,-445,2989,23,21,34,33,1
1774108086,33,66,0,0,0,0,no_volume,0,0,0,0,no_volume,0,0,0,0,no_volume,0,0,0,0,0,0,24211,22841,-0.0291,1419,3879,23,21,34,33,1
1774108087,33,66,0,0,0,0,no_volume,0,0,0,0,no_volume,0,0,0,0,no_volume,0,0,0,0,0,0,24211,22841,-0.0291,2267,3879,23,21,34,33,1
1774108088,33,66,0,0,0,0,no_volume,0,0,0,0,no_volume,0,0,0,0,no_volume,0,0,0,0,0,0,24211,22841,-0.0291,445,2796,23,21,34,33,1
1774108089,33,66,0,0,0,0,no_volume,0,0,0,0,no_volume,0,0,0,0,no_volume,0,0,0,0,0,0,24211,22841,-0.0291,0,974,23,21,34,33,1
1774108090,33,66,0,0,0,0,no_volume,0,0,0,0,no_volume,0,0,0,0,no_volume,0,0,0,0,0,0,23237,22822,-0.009,-974,0,23,21,34,33,1
1774108091,33,66,0,0,0,0,no_volume,0,0,0,0,no_volume,0,0,0,0,no_volume,0,0,0,0,0,0,22792,22822,0.0007,-1419,-1419,23,21,34,33,1
1774108092,33,66,0,0,0,0,no_volume,0,0,0,0,no_volume,0,0,0,0,no_volume,0,0,0,0,0,0,22792,22822,0.0007,-1419,-1419,23,21,34,33,1
1774108093,33,66,0,0,0,0,no_volume,0,0,0,0,no_volume,0,0,0,0,no_volume,0,0,0,0,0,0,20970,22822,0.0423,-2267,-1822,23,21,34,33,1
1774108094,33,66,0,0,0,0,no_volume,0,0,0,0,no_volume,0,0,0,0,no_volume,0,0,0,0,0,0,24211,22822,-0.0295,1419,2267,24,21,34,33,1
1774108095,33,66,0,0,0,0,no_volume,0,0,0,0,no_volume,0,0,0,0,no_volume,0,0,0,0,0,0,24211,22822,-0.0295,1419,445,24,21,34,33,1
1774108096,33,66,0,0,0,0,no_volume,0,0,0,0,no_volume,0,0,0,0,no_volume,0,0,0,0,0,0,24211,22822,-0.0295,3241,0,24,21,34,33,1
1774108097,33,66,0,0,0,0,no_volume,0,0,0,0,no_volume,0,0,0,0,no_volume,0,0,0,0,0,0,24211,22822,-0.0295,0,0,24,21,34,33,1
1774108098,33,66,0,0,0,0,no_volume,0,0,0,0,no_volume,0,0,0,0,no_volume,0,0,0,0,0,0,24211,22822,-0.0295,0,0,24,21,34,33,1
1774108099,33,66,0,0,0,0,no_volume,0,0,0,0,no_volume,0,0,0,0,no_volume,0,0,0,0,0,0,24211,22822,-0.0295,0,0,24,21,34,33,1
1774108100,33,66,0,0,0,0,no_volume,0,0,0,0,no_volume,0,0,0,0,no_volume,0,0,0,0,0,0,23237,22841,-0.0086,-974,0,24,21,34,33,1
1774108101,33,66,0,0,0,0,no_volume,0,0,0,0,no_volume,0,0,0,0,no_volume,0,0,0,0,0,0,23237,22841,-0.0086,-974,445,24,21,34,33,1
1774108102,33,66,0,0,0,0,no_volume,0,0,0,0,no_volume,0,0,0,0,no_volume,0,0,0,0,0,0,21415,22841,0.0322,-2796,-1377,23,21,34,33,1
1774108103,33,66,0,0,0,0,no_volume,0,0,0,0,no_volume,0,0,0,0,no_volume,0,0,0,0,0,0,24211,22841,-0.0291,974,3241,24,21,34,33,1
1774108104,33,66,0,0,0,0,no_volume,0,0,0,0,no_volume,0,0,0,0,no_volume,0,0,0,0,0,0,24211,22841,-0.0291,974,0,23,21,34,33,1
1774108105,33,66,0,0,0,0,no_volume,0,0,0,0,no_volume,0,0,0,0,no_volume,0,0,0,0,0,0,24211,22841,-0.0291,2796,0,23,21,34,33,1
1774108106,33,66,0,0,0,0,no_volume,0,0,0,0,no_volume,0,0,0,0,no_volume,0,0,0,0,0,0,24211,22841,-0.0291,0,0,23,21,34,33,1
1774108107,33,66,0,0,0,0,no_volume,0,0,0,0,no_volume,0,0,0,0,no_volume,0,0,0,0,0,0,24211,22841,-0.0291,0,0,23,21,34,33,1
1774108108,33,66,0,0,0,0,no_volume,0,0,0,0,no_volume,0,0,0,0,no_volume,0,0,0,0,0,0,24211,22822,-0.0295,0,0,23,21,34,33,1
1774108109,33,66,0,0,0,0,no_volume,0,0,0,0,no_volume,0,0,0,0,no_volume,0,0,0,0,0,0,24211,22822,-0.0295,0,0,24,21,34,33,1
1774108110,33,66,0,0,0,0,no_volume,0,0,0,0,no_volume,0,0,0,0,no_volume,0,0,0,0,0,0,24211,22822,-0.0295,0,974,24,21,34,33,1
1774108111,33,66,0,0,0,0,no_volume,0,0,0,0,no_volume,0,0,0,0,no_volume,0,0,0,0,0,0,24211,22822,-0.0295,0,974,24,21,34,33,1
1774108112,33,66,0,0,0,0,no_volume,0,0,0,0,no_volume,0,0,0,0,no_volume,0,0,0,0,0,0,25185,22822,-0.0492,974,3770,25,21,34,33,1
1774108113,33,66,0,0,0,0,no_volume,0,0,0,0,no_volume,0,0,0,0,no_volume,0,0,0,0,0,0,25185,22822,-0.0492,974,974,25,21,34,33,1
1774108114,33,66,0,0,0,0,no_volume,0,0,0,0,no_volume,0,0,0,0,no_volume,0,0,0,0,0,0,22918,22822,-0.0021,-1293,-1293,25,21,34,33,1
1774108115,33,66,0,0,0,0,no_volume,0,0,0,0,no_volume,0,0,0,0,no_volume,0,0,0,0,0,0,23766,22822,-0.0203,-1419,-445,24,21,34,33,1
1774108116,33,66,0,0,0,0,no_volume,0,0,0,0,no_volume,0,0,0,0,no_volume,0,0,0,0,0,0,23766,22822,-0.0203,-1419,-445,24,21,34,33,1
1774108117,33,66,0,0,0,0,no_volume,0,0,0,0,no_volume,0,0,0,0,no_volume,0,0,0,0,0,0,23766,22822,-0.0203,848,-445,24,21,34,33,1
1774108118,33,66,0,0,0,0,no_volume,0,0,0,0,no_volume,0,0,0,0,no_volume,0,0,0,0,0,0,21944,22841,0.02,-1822,-2267,24,21,34,33,1
1774108119,33,66,0,0,0,0,no_volume,0,0,0,0,no_volume,0,0,0,0,no_volume,0,0,0,0,0,0,24740,22841,-0.0399,974,529,24,21,34,33,1
1774108120,33,66,0,0,0,0,no_volume,0,0,0,0,no_volume,0,0,0,0,no_volume,0,0,0,0,0,0,25185,22841,-0.0488,1419,974,24,21,34,33,1
1774108121,33,66,0,0,0,0,no_volume,0,0,0,0,no_volume,0,0,0,0,no_volume,0,0,0,0,0,0,25185,22841,-0.0488,3241,974,24,21,34,33,1
1774108122,33,66,0,0,0,0,no_volume,0,0,0,0,no_volume,0,0,0,0,no_volume,0,0,0,0,0,0,25185,22841,-0.0488,445,0,24,21,34,33,1
1774108123,33,66,0,0,0,0,no_volume,0,0,0,0,no_volume,0,0,0,0,no_volume,0,0,0,0,0,0,24211,22841,-0.0291,-974,-974,23,21,34,33,1
1774108124,33,66,0,0,0,0,no_volume,0,0,0,0,no_volume,0,0,0,0,no_volume,0,0,0,0,0,0,22389,22841,0.01,-2796,-529,24,21,34,33,1
1774108125,33,66,0,0,0,0,no_volume,0,0,0,0,no_volume,0,0,0,0,no_volume,0,0,0,0,0,0,23237,22841,-0.0086,-1948,-529,23,21,34,33,1
1774108126,33,66,0,0,0,0,no_volume,0,0,0,0,no_volume,0,0,0,0,no_volume,0,0,0,0,0,0,23237,22822,-0.009,-974,-529,23,21,34,33,1
1774108127,33,66,0,0,0,0,no_volume,0,0,0,0,no_volume,0,0,0,0,no_volume,0,0,0,0,0,0,23237,22822,-0.009,848,-529,23,21,34,33,1
1774108128,33,66,0,0,0,0,no_volume,0,0,0,0,no_volume,0,0,0,0,no_volume,0,0,0,0,0,0,23237,22822,-0.009,0,1293,23,21,34,33,1
1774108129,33,66,0,0,0,0,no_volume,0,0,0,0,no_volume,0,0,0,0,no_volume,0,0,0,0,0,0,23237,22822,-0.009,0,-1503,23,21,34,33,1
1774108130,33,66,0,0,0,0,no_volume,0,0,0,0,no_volume,0,0,0,0,no_volume,0,0,0,0,0,0,21415,22822,0.0318,-1822,-3770,23,21,34,33,1
1774108131,33,66,0,0,0,0,no_volume,0,0,0,0,no_volume,0,0,0,0,no_volume,0,0,0,0,0,0,23237,22822,-0.009,0,-1948,23,21,34,33,1
1774108132,33,66,0,0,0,0,no_volume,0,0,0,0,no_volume,0,0,0,0,no_volume,0,0,0,0,0,0,23237,22822,-0.009,0,-1948,23,21,34,33,1
1774108133,33,66,0,0,0,0,no_volume,0,0,0,0,no_volume,0,0,0,0,no_volume,0,0,0,0,0,0,23237,22822,-0.009,1822,-974,23,21,34,33,1
1774108134,33,66,0,0,0,0,no_volume,0,0,0,0,no_volume,0,0,0,0,no_volume,0,0,0,0,0,0,23237,22822,-0.009,0,848,23,21,34,33,1
1774108135,33,66,0,0,0,0,no_volume,0,0,0,0,no_volume,0,0,0,0,no_volume,0,0,0,0,0,0,22389,22841,0.01,-848,-848,23,21,34,33,1
1774108136,33,66,0,0,0,0,no_volume,0,0,0,0,no_volume,0,0,0,0,no_volume,0,0,0,0,0,0,24211,22841,-0.0291,974,974,23,21,34,33,1
1774108137,33,66,0,0,0,0,no_volume,0,0,0,0,no_volume,0,0,0,0,no_volume,0,0,0,0,0,0,24211,22841,-0.0291,974,974,23,21,34,33,1
1774108138,33,66,0,0,0,0,no_volume,0,0,0,0,no_volume,0,0,0,0,no_volume,0,0,0,0,0,0,24211,22841,-0.0291,1822,974,23,21,34,33,1
1774108139,33,66,0,0,0,0,no_volume,0,0,0,0,no_volume,0,0,0,0,no_volume,0,0,0,0,0,0,24211,22841,-0.0291,0,974,23,21,34,33,1
1774108140,33,66,0,0,0,0,no_volume,0,0,0,0,no_volume,0,0,0,0,no_volume,0,0,0,0,0,0,24211,22841,-0.0291,0,2796,23,21,34,33,1
1774108141,33,66,0,0,0,0,no_volume,0,0,0,0,no_volume,0,0,0,0,no_volume,0,0,0,0,0,0,24211,22841,-0.0291,0,974,23,21,34,33,1
1774108142,33,66,0,0,0,0,no_volume,0,0,0,0,no_volume,0,0,0,0,no_volume,0,0,0,0,0,0,24211,22841,-0.0291,0,974,23,21,34,33,1
1774108143,33,66,0,0,0,0,no_volume,0,0,0,0,no_volume,0,0,0,0,no_volume,0,0,0,0,0,0,24211,22841,-0.0291,0,974,23,21,34,33,1
1774108144,33,66,0,0,0,0,no_volume,0,0,0,0,no_volume,0,0,0,0,no_volume,0,0,0,0,0,0,23237,22822,-0.009,-974,0,23,21,34,33,1
1774108145,33,66,0,0,0,0,no_volume,0,0,0,0,no_volume,0,0,0,0,no_volume,0,0,0,0,0,0,21415,22822,0.0318,-2796,-974,23,21,34,33,1
1774108146,33,66,0,0,0,0,no_volume,0,0,0,0,no_volume,0,0,0,0,no_volume,0,0,0,0,0,0,23237,22822,-0.009,-974,-974,24,21,34,33,1
1774108147,33,66,0,0,0,0,no_volume,0,0,0,0,no_volume,0,0,0,0,no_volume,0,0,0,0,0,0,23237,22822,-0.009,0,-974,24,21,34,33,1
1774108148,33,66,0,0,0,0,no_volume,0,0,0,0,no_volume,0,0,0,0,no_volume,0,0,0,0,0,0,23237,22822,-0.009,1822,-974,24,21,34,33,1
1774108149,33,66,0,0,0,0,no_volume,0,0,0,0,no_volume,0,0,0,0,no_volume,0,0,0,0,0,0,23237,22822,-0.009,0,-974,24,21,34,33,1
1774108150,33,66,0,0,0,0,no_volume,0,0,0,0,no_volume,0,0,0,0,no_volume,0,0,0,0,0,0,23237,22822,-0.009,0,-974,24,21,34,33,1
1774108151,33,66,0,0,0,0,no_volume,0,0,0,0,no_volume,0,0,0,0,no_volume,0,0,0,0,0,0,23237,22822,-0.009,0,-974,24,21,34,33,1
1774108152,33,66,0,0,0,0,no_volume,0,0,0,0,no_volume,0,0,0,0,no_volume,0,0,0,0,0,0,23237,22822,-0.009,0,-974,24,21,34,33,1
1774108153,33,66,0,0,0,0,no_volume,0,0,0,0,no_volume,0,0,0,0,no_volume,0,0,0,0,0,0,23237,22822,-0.009,0,-974,24,21,34,33,1
1774108154,33,66,0,0,0,0,no_volume,0,0,0,0,no_volume,0,0,0,0,no_volume,0,0,0,0,0,0,23237,22841,-0.0086,0,0,24,21,34,33,1
1774108155,33,66,0,0,0,0,no_volume,0,0,0,0,no_volume,0,0,0,0,no_volume,0,0,0,0,0,0,23237,22841,-0.0086,0,1822,24,21,34,33,1
1774108156,33,66,0,0,0,0,no_volume,0,0,0,0,no_volume,0,0,0,0,no_volume,0,0,0,0,0,0,23237,22841,-0.0086,0,0,24,21,34,33,1
1774108157,33,66,0,0,0,0,no_volume,0,0,0,0,no_volume,0,0,0,0,no_volume,0,0,0,0,0,0,20970,22841,0.0427,-2267,-2267,23,21,34,33,1
1774108158,33,66,0,0,0,0,no_volume,0,0,0,0,no_volume,0,0,0,0,no_volume,0,0,0,0,0,0,24211,22841,-0.0291,974,974,23,21,34,33,1
1774108159,33,66,0,0,0,0,no_volume,0,0,0,0,no_volume,0,0,0,0,no_volume,0,0,0,0,0,0,24211,22841,-0.0291,974,974,23,21,34,33,1
1774108160,33,66,0,0,0,0,no_volume,0,0,0,0,no_volume,0,0,0,0,no_volume,0,0,0,0,0,0,24211,22841,-0.0291,3241,974,23,21,34,33,1
1774108161,33,66,0,0,0,0,no_volume,0,0,0,0,no_volume,0,0,0,0,no_volume,0,0,0,0,0,0,24211,22841,-0.0291,0,974,23,21,34,33,1
1774108162,33,66,0,0,0,0,no_volume,0,0,0,0,no_volume,0,0,0,0,no_volume,0,0,0,0,0,0,23766,22841,-0.0198,-445,529,23,21,34,33,1
1774108163,33,66,0,0,0,0,no_volume,0,0,0,0,no_volume,0,0,0,0,no_volume,0,0,0,0,0,0,20970,22822,0.0423,-3241,-2267,23,21,34,33,1
1774108164,33,66,0,0,0,0,no_volume,0,0,0,0,no_volume,0,0,0,0,no_volume,0,0,0,0,0,0,22792,22822,0.0007,-1419,-445,24,21,34,33,1
1774108165,33,66,0,0,0,0,no_volume,0,0,0,0,no_volume,0,0,0,0,no_volume,0,0,0,0,0,0,22792,22822,0.0007,-974,-445,24,21,34,33,1
1774108166,33,66,0,0,0,0,no_volume,0,0,0,0,no_volume,0,0,0,0,no_volume,0,0,0,0,0,0,24211,22822,-0.0295,3241,974,25,21,34,33,1
1774108167,33,66,0,0,0,0,no_volume,0,0,0,0,no_volume,0,0,0,0,no_volume,0,0,0,0,0,0,24211,22822,-0.0295,1419,3241,25,21,34,33,1
1774108168,33,66,0,0,0,0,no_volume,0,0,0,0,no_volume,0,0,0,0,no_volume,0,0,0,0,0,0,24211,22822,-0.0295,1419,0,25,21,34,33,1
1774108169,33,66,0,0,0,0,no_volume,0,0,0,0,no_volume,0,0,0,0,no_volume,0,0,0,0,0,0,24211,22822,-0.0295,0,0,25,21,34,33,1
1774108170,33,66,0,0,0,0,no_volume,0,0,0,0,no_volume,0,0,0,0,no_volume,0,0,0,0,0,0,24211,22822,-0.0295,0,0,25,21,34,33,1
1774108171,33,66,0,0,0,0,no_volume,0,0,0,0,no_volume,0,0,0,0,no_volume,0,0,0,0,0,0,24211,22822,-0.0295,0,0,25,21,34,33,1
1774108172,33,66,0,0,0,0,no_volume,0,0,0,0,no_volume,0,0,0,0,no_volume,0,0,0,0,0,0,23237,22841,-0.0086,-974,-529,24,21,34,33,1
1774108173,33,66,0,0,0,0,no_volume,0,0,0,0,no_volume,0,0,0,0,no_volume,0,0,0,0,0,0,23237,22841,-0.0086,-974,2267,24,21,34,33,1
1774108174,33,66,0,0,0,0,no_volume,0,0,0,0,no_volume,0,0,0,0,no_volume,0,0,0,0,0,0,22389,22841,0.01,-1822,-403,23,21,34,33,1
1774108175,33,66,0,0,0,0,no_volume,0,0,0,0,no_volume,0,0,0,0,no_volume,0,0,0,0,0,0,24211,22841,-0.0291,974,1419,23,21,34,33,1
1774108176,33,66,0,0,0,0,no_volume,0,0,0,0,no_volume,0,0,0,0,no_volume,0,0,0,0,0,0,24211,22841,-0.0291,974,0,23,21,34,33,1
1774108177,33,66,0,0,0,0,no_volume,0,0,0,0,no_volume,0,0,0,0,no_volume,0,0,0,0,0,0,24211,22841,-0.0291,1822,0,23,21,34,33,1
1774108178,33,66,0,0,0,0,no_volume,0,0,0,0,no_volume,0,0,0,0,no_volume,0,0,0,0,0,0,24211,22841,-0.0291,0,0,23,21,34,33,1
1774108179,33,66,0,0,0,0,no_volume,0,0,0,0,no_volume,0,0,0,0,no_volume,0,0,0,0,0,0,24211,22841,-0.0291,0,0,23,21,34,33,1
1774108180,33,66,0,0,0,0,no_volume,0,0,0,0,no_volume,0,0,0,0,no_volume,0,0,0,0,0,0,24211,22841,-0.0291,0,0,23,21,34,33,1
1774108181,33,66,0,0,0,0,no_volume,0,0,0,0,no_volume,0,0,0,0,no_volume,0,0,0,0,0,0,23237,22822,-0.009,-974,-974,23,21,34,33,1
1774108182,33,66,0,0,0,0,no_volume,0,0,0,0,no_volume,0,0,0,0,no_volume,0,0,0,0,0,0,23237,22822,-0.009,-974,0,23,21,34,33,1
1774108183,33,66,0,0,0,0,no_volume,0,0,0,0,no_volume,0,0,0,0,no_volume,0,0,0,0,0,0,23237,22822,-0.009,-974,0,23,21,34,33,1
1774108184,33,66,0,0,0,0,no_volume,0,0,0,0,no_volume,0,0,0,0,no_volume,0,0,0,0,0,0,23237,22822,-0.009,0,848,23,21,34,33,1
1774108185,33,66,0,0,0,0,no_volume,0,0,0,0,no_volume,0,0,0,0,no_volume,0,0,0,0,0,0,23237,22822,-0.009,0,-974,23,21,34,33,1
1774108186,33,66,0,0,0,0,no_volume,0,0,0,0,no_volume,0,0,0,0,no_volume,0,0,0,0,0,0,22389,22822,0.0096,-848,-1822,24,21,34,33,1
1774108187,33,66,0,0,0,0,no_volume,0,0,0,0,no_volume,0,0,0,0,no_volume,0,0,0,0,0,0,23237,22822,-0.009,0,-974,23,21,34,33,1
1774108188,33,66,0,0,0,0,no_volume,0,0,0,0,no_volume,0,0,0,0,no_volume,0,0,0,0,0,0,23237,22822,-0.009,0,-974,23,21,34,33,1
1774108189,33,66,0,0,0,0,no_volume,0,0,0,0,no_volume,0,0,0,0,no_volume,0,0,0,0,0,0,23237,22822,-0.009,848,-974,23,21,34,33,1
1774108190,33,66,0,0,0,0,no_volume,0,0,0,0,no_volume,0,0,0,0,no_volume,0,0,0,0,0,0,22389,22841,0.01,-848,-1822,24,21,34,33,1
1774108191,33,66,0,0,0,0,no_volume,0,0,0,0,no_volume,0,0,0,0,no_volume,0,0,0,0,0,0,24211,22841,-0.0291,974,974,24,21,34,33,1
1774108192,33,66,0,0,0,0,no_volume,0,0,0,0,no_volume,0,0,0,0,no_volume,0,0,0,0,0,0,23237,22841,-0.0086,0,0,23,21,34,33,1
1774108193,33,66,0,0,0,0,no_volume,0,0,0,0,no_volume,0,0,0,0,no_volume,0,0,0,0,0,0,23237,22841,-0.0086,848,0,23,21,34,33,1
1774108194,33,66,0,0,0,0,no_volume,0,0,0,0,no_volume,0,0,0,0,no_volume,0,0,0,0,0,0,23237,22841,-0.0086,-974,0,23,21,34,33,1
1774108195,33,66,0,0,0,0,no_volume,0,0,0,0,no_volume,0,0,0,0,no_volume,0,0,0,0,0,0,23237,22841,-0.0086,0,0,23,21,34,33,1
1774108196,33,66,0,0,0,0,no_volume,0,0,0,0,no_volume,0,0,0,0,no_volume,0,0,0,0,0,0,23237,22841,-0.0086,0,848,23,21,34,33,1
1774108197,33,66,0,0,0,0,no_volume,0,0,0,0,no_volume,0,0,0,0,no_volume,0,0,0,0,0,0,23237,22841,-0.0086,0,0,23,21,34,33,1
1774108198,33,66,0,0,0,0,no_volume,0,0,0,0,no_volume,0,0,0,0,no_volume,0,0,0,0,0,0,23237,22841,-0.0086,0,0,23,21,34,33,1
1774108199,33,66,0,0,0,0,no_volume,0,0,0,0,no_volume,0,0,0,0,no_volume,0,0,0,0,0,0,23237,22822,-0.009,0,0,23,21,34,33,1
1774108200,33,66,0,0,0,0,no_volume,0,0,0,0,no_volume,0,0,0,0,no_volume,0,0,0,0,0,0,23237,22822,-0.009,0,848,23,21,34,33,1
1774108201,33,66,0,0,0,0,no_volume,0,0,0,0,no_volume,0,0,0,0,no_volume,0,0,0,0,0,0,23237,22822,-0.009,0,-974,23,21,34,33,1
1774108202,33,66,0,0,0,0,no_volume,0,0,0,0,no_volume,0,0,0,0,no_volume,0,0,0,0,0,0,22389,22822,0.0096,-848,-848,24,21,34,33,1
1774108203,33,66,0,0,0,0,no_volume,0,0,0,0,no_volume,0,0,0,0,no_volume,0,0,0,0,0,0,24211,22822,-0.0295,974,974,24,21,34,33,1
1774108204,33,66,0,0,0,0,no_volume,0,0,0,0,no_volume,0,0,0,0,no_volume,0,0,0,0,0,0,24656,22822,-0.0386,1419,1419,24,21,34,33,1
1774108205,33,66,0,0,0,0,no_volume,0,0,0,0,no_volume,0,0,0,0,no_volume,0,0,0,0,0,0,23237,22822,-0.009,848,0,23,21,34,33,1
1774108206,33,66,0,0,0,0,no_volume,0,0,0,0,no_volume,0,0,0,0,no_volume,0,0,0,0,0,0,24211,22792,-0.0302,0,974,24,21,34,33,1
1774108207,33,66,0,0,0,0,no_volume,0,0,0,0,no_volume,0,0,0,0,no_volume,0,0,0,0,0,0,24211,22792,-0.0302,-445,974,24,21,34,33,1
1774108208,33,66,0,0,0,0,no_volume,0,0,0,0,no_volume,0,0,0,0,no_volume,0,0,0,0,0,0,24211,22396,-0.0389,974,974,24,21,34,33,1
1774108209,33,66,0,0,0,0,no_volume,0,0,0,0,no_volume,0,0,0,0,no_volume,0,0,0,0,0,0,23391,22396,-0.0217,-820,154,24,21,34,33,1
1774108210,33,66,0,0,0,0,no_volume,0,0,0,0,no_volume,0,0,0,0,no_volume,0,0,0,0,0,0,22543,22396,-0.0033,-1668,-694,23,21,34,33,1
1774108211,33,66,0,0,0,0,no_volume,0,0,0,0,no_volume,0,0,0,0,no_volume,0,0,0,0,0,0,24365,22396,-0.0421,154,1128,23,21,34,33,1
1774108212,33,66,0,0,0,0,no_volume,0,0,0,0,no_volume,0,0,0,0,no_volume,0,0,0,0,0,0,24365,22396,-0.0421,974,1976,23,21,34,33,1
1774108213,33,66,0,0,0,0,no_volume,0,0,0,0,no_volume,0,0,0,0,no_volume,0,0,0,0,0,0,24365,22396,-0.0421,1822,154,23,21,34,33,1
1774108214,33,66,0,0,0,0,no_volume,0,0,0,0,no_volume,0,0,0,0,no_volume,0,0,0,0,0,0,25185,22811,-0.0495,820,529,24,21,34,33,1
1774108215,33,66,0,0,0,0,no_volume,0,0,0,0,no_volume,0,0,0,0,no_volume,0,0,0,0,0,0,25185,22811,-0.0495,820,1948,24,21,34,33,1
1774108216,33,66,0,0,0,0,no_volume,0,0,0,0,no_volume,0,0,0,0,no_volume,0,0,0,0,0,0,21415,22811,0.0316,-2950,-2796,23,21,34,33,1
1774108217,33,66,0,0,0,0,no_volume,0,0,0,0,no_volume,0,0,0,0,no_volume,0,0,0,0,0,0,24211,22811,-0.0298,-974,0,25,21,34,33,1
1774108218,33,66,0,0,0,0,no_volume,0,0,0,0,no_volume,0,0,0,0,no_volume,0,0,0,0,0,0,24211,22792,-0.0302,-974,0,25,21,34,33,1
1774108219,33,66,0,0,0,0,no_volume,0,0,0,0,no_volume,0,0,0,0,no_volume,0,0,0,0,0,0,24211,22792,-0.0302,2796,820,25,21,34,33,1
1774108220,33,66,0,0,0,0,no_volume,0,0,0,0,no_volume,0,0,0,0,no_volume,0,0,0,0,0,0,24211,22792,-0.0302,0,1668,25,21,34,33,1
1774108221,33,66,0,0,0,0,no_volume,0,0,0,0,no_volume,0,0,0,0,no_volume,0,0,0,0,0,0,24211,22792,-0.0302,0,-154,25,21,34,33,1
1774108222,33,66,0,0,0,0,no_volume,0,0,0,0,no_volume,0,0,0,0,no_volume,0,0,0,0,0,0,24211,22792,-0.0302,0,-154,25,21,34,33,1
1774108223,33,66,0,0,0,0,no_volume,0,0,0,0,no_volume,0,0,0,0,no_volume,0,0,0,0,0,0,24211,22792,-0.0302,0,-154,25,21,34,33,1
1774108224,33,66,0,0,0,0,no_volume,0,0,0,0,no_volume,0,0,0,0,no_volume,0,0,0,0,0,0,24211,22792,-0.0302,0,-974,25,21,34,33,1
1774108225,33,66,0,0,0,0,no_volume,0,0,0,0,no_volume,0,0,0,0,no_volume,0,0,0,0,0,0,24211,22792,-0.0302,0,-974,25,21,34,33,1
1774108226,33,66,0,0,0,0,no_volume,0,0,0,0,no_volume,0,0,0,0,no_volume,0,0,0,0,0,0,24211,22792,-0.0302,0,2796,25,21,34,33,1
1774108227,33,66,0,0,0,0,no_volume,0,0,0,0,no_volume,0,0,0,0,no_volume,0,0,0,0,0,0,23237,22811,-0.0093,-974,-974,24,21,34,33,1
1774108228,33,66,0,0,0,0,no_volume,0,0,0,0,no_volume,0,0,0,0,no_volume,0,0,0,0,0,0,23237,22811,-0.0093,-974,-974,24,21,34,33,1
1774108229,33,66,0,0,0,0,no_volume,0,0,0,0,no_volume,0,0,0,0,no_volume,0,0,0,0,0,0,23237,22811,-0.0093,-974,-974,24,21,34,33,1
1774108230,33,66,0,0,0,0,no_volume,0,0,0,0,no_volume,0,0,0,0,no_volume,0,0,0,0,0,0,22389,22811,0.0093,-848,-1822,23,21,34,33,1
1774108231,33,66,0,0,0,0,no_volume,0,0,0,0,no_volume,0,0,0,0,no_volume,0,0,0,0,0,0,24211,22811,-0.0298,974,0,23,21,34,33,1
1774108232,33,66,0,0,0,0,no_volume,0,0,0,0,no_volume,0,0,0,0,no_volume,0,0,0,0,0,0,24211,22811,-0.0298,974,0,23,21,34,33,1
1774108233,33,66,0,0,0,0,no_volume,0,0,0,0,no_volume,0,0,0,0,no_volume,0,0,0,0,0,0,24211,22811,-0.0298,1822,0,23,21,34,33,1
1774108234,33,66,0,0,0,0,no_volume,0,0,0,0,no_volume,0,0,0,0,no_volume,0,0,0,0,0,0,24211,22811,-0.0298,0,0,23,21,34,33,1
1774108235,33,66,0,0,0,0,no_volume,0,0,0,0,no_volume,0,0,0,0,no_volume,0,0,0,0,0,0,23237,22792,-0.0097,-974,-974,23,21,34,33,1
1774108236,33,66,0,0,0,0,no_volume,0,0,0,0,no_volume,0,0,0,0,no_volume,0,0,0,0,0,0,23237,22792,-0.0097,-974,-974,23,21,34,33,1
1774108237,33,66,0,0,0,0,no_volume,0,0,0,0,no_volume,0,0,0,0,no_volume,0,0,0,0,0,0,21415,22792,0.0311,-2796,-1822,23,21,34,33,1
1774108238,33,66,0,0,0,0,no_volume,0,0,0,0,no_volume,0,0,0,0,no_volume,0,0,0,0,0,0,23237,22792,-0.0097,0,0,24,21,34,33,1
1774108239,33,66,0,0,0,0,no_volume,0,0,0,0,no_volume,0,0,0,0,no_volume,0,0,0,0,0,0,23237,22792,-0.0097,0,0,24,21,34,33,1
1774108240,33,66,0,0,0,0,no_volume,0,0,0,0,no_volume,0,0,0,0,no_volume,0,0,0,0,0,0,23237,22792,-0.0097,1822,848,24,21,34,33,1
1774108241,33,66,0,0,0,0,no_volume,0,0,0,0,no_volume,0,0,0,0,no_volume,0,0,0,0,0,0,23237,22792,-0.0097,0,-974,24,21,34,33,1
1774108242,33,66,0,0,0,0,no_volume,0,0,0,0,no_volume,0,0,0,0,no_volume,0,0,0,0,0,0,23237,22792,-0.0097,0,-974,24,21,34,33,1
1774108243,33,66,0,0,0,0,no_volume,0,0,0,0,no_volume,0,0,0,0,no_volume,0,0,0,0,0,0,23237,22792,-0.0097,0,-974,24,21,34,33,1
1774108244,33,66,0,0,0,0,no_volume,0,0,0,0,no_volume,0,0,0,0,no_volume,0,0,0,0,0,0,23237,22792,-0.0097,0,-974,24,21,34,33,1
1774108245,33,66,0,0,0,0,no_volume,0,0,0,0,no_volume,0,0,0,0,no_volume,0,0,0,0,0,0,23237,22811,-0.0093,0,0,24,21,34,33,1
1774108246,33,66,0,0,0,0,no_volume,0,0,0,0,no_volume,0,0,0,0,no_volume,0,0,0,0,0,0,23237,22811,-0.0093,0,0,24,21,34,33,1
1774108247,33,66,0,0,0,0,no_volume,0,0,0,0,no_volume,0,0,0,0,no_volume,0,0,0,0,0,0,23237,22811,-0.0093,0,1822,24,21,34,33,1
1774108248,33,66,0,0,0,0,no_volume,0,0,0,0,no_volume,0,0,0,0,no_volume,0,0,0,0,0,0,23237,22811,-0.0093,0,0,24,21,34,33,1
1774108249,33,66,0,0,0,0,no_volume,0,0,0,0,no_volume,0,0,0,0,no_volume,0,0,0,0,0,0,22389,22811,0.0093,-848,-848,23,21,34,33,1
1774108250,33,66,0,0,0,0,no_volume,0,0,0,0,no_volume,0,0,0,0,no_volume,0,0,0,0,0,0,24211,22811,-0.0298,974,974,23,21,34,33,1
1774108251,33,66,0,0,0,0,no_volume,0,0,0,0,no_volume,0,0,0,0,no_volume,0,0,0,0,0,0,24211,22811,-0.0298,974,974,23,21,34,33,1
1774108252,33,66,0,0,0,0,no_volume,0,0,0,0,no_volume,0,0,0,0,no_volume,0,0,0,0,0,0,24211,22811,-0.0298,1822,974,23,21,34,33,1
1774108253,33,66,0,0,0,0,no_volume,0,0,0,0,no_volume,0,0,0,0,no_volume,0,0,0,0,0,0,25185,22792,-0.0499,974,1948,24,21,34,33,1
1774108254,33,66,0,0,0,0,no_volume,0,0,0,0,no_volume,0,0,0,0,no_volume,0,0,0,0,0,0,23237,22792,-0.0097,-974,0,23,21,34,33,1
1774108255,33,66,0,0,0,0,no_volume,0,0,0,0,no_volume,0,0,0,0,no_volume,0,0,0,0,0,0,21415,22792,0.0311,-2796,-1822,23,21,34,33,1
1774108256,33,66,0,0,0,0,no_volume,0,0,0,0,no_volume,0,0,0,0,no_volume,0,0,0,0,0,0,23237,22792,-0.0097,-1948,0,24,21,34,33,1
1774108257,33,66,0,0,0,0,no_volume,0,0,0,0,no_volume,0,0,0,0,no_volume,0,0,0,0,0,0,23237,22792,-0.0097,0,0,24,21,34,33,1
1774108258,33,66,0,0,0,0,no_volume,0,0,0,0,no_volume,0,0,0,0,no_volume,0,0,0,0,0,0,23237,22792,-0.0097,1822,0,24,21,34,33,1
1774108259,33,66,0,0,0,0,no_volume,0,0,0,0,no_volume,0,0,0,0,no_volume,0,0,0,0,0,0,23237,22792,-0.0097,0,848,24,21,34,33,1
1774108260,33,66,0,0,0,0,no_volume,0,0,0,0,no_volume,0,0,0,0,no_volume,0,0,0,0,0,0,23237,22792,-0.0097,0,-974,24,21,34,33,1
1774108261,33,66,0,0,0,0,no_volume,0,0,0,0,no_volume,0,0,0,0,no_volume,0,0,0,0,0,0,23237,22792,-0.0097,0,-974,24,21,34,33,1
1774108262,33,66,0,0,0,0,no_volume,0,0,0,0,no_volume,0,0,0,0,no_volume,0,0,0,0,0,0,23237,22792,-0.0097,0,-974,24,21,34,33,1
1774108263,33,66,0,0,0,0,no_volume,0,0,0,0,no_volume,0,0,0,0,no_volume,0,0,0,0,0,0,23237,22811,-0.0093,0,-1948,24,21,34,33,1
1774108264,33,66,0,0,0,0,no_volume,0,0,0,0,no_volume,0,0,0,0,no_volume,0,0,0,0,0,0,23237,22811,-0.0093,0,0,24,21,34,33,1
1774108265,33,66,0,0,0,0,no_volume,0,0,0,0,no_volume,0,0,0,0,no_volume,0,0,0,0,0,0,23237,22811,-0.0093,0,1822,24,21,34,33,1
1774108266,33,66,0,0,0,0,no_volume,0,0,0,0,no_volume,0,0,0,0,no_volume,0,0,0,0,0,0,23237,22811,-0.0093,0,0,24,21,34,33,1
1774108267,33,66,0,0,0,0,no_volume,0,0,0,0,no_volume,0,0,0,0,no_volume,0,0,0,0,0,0,22389,22811,0.0093,-848,-848,23,21,34,33,1
1774108268,33,66,0,0,0,0,no_volume,0,0,0,0,no_volume,0,0,0,0,no_volume,0,0,0,0,0,0,24211,22811,-0.0298,974,974,23,21,34,33,1
1774108269,33,66,0,0,0,0,no_volume,0,0,0,0,no_volume,0,0,0,0,no_volume,0,0,0,0,0,0,24211,22811,-0.0298,974,974,23,21,34,33,1
1774108270,33,66,0,0,0,0,no_volume,0,0,0,0,no_volume,0,0,0,0,no_volume,0,0,0,0,0,0,24211,22811,-0.0298,1822,974,23,21,34,33,1
1774108271,33,66,0,0,0,0,no_volume,0,0,0,0,no_volume,0,0,0,0,no_volume,0,0,0,0,0,0,25185,22792,-0.0499,974,1948,24,21,34,33,1
1774108272,33,66,0,0,0,0,no_volume,0,0,0,0,no_volume,0,0,0,0,no_volume,0,0,0,0,0,0,23237,22792,-0.0097,-974,0,23,21,34,33,1
1774108273,33,66,0,0,0,0,no_volume,0,0,0,0,no_volume,0,0,0,0,no_volume,0,0,0,0,0,0,21415,22792,0.0311,-2796,-1822,23,21,34,33,1
1774108274,33,66,0,0,0,0,no_volume,0,0,0,0,no_volume,0,0,0,0,no_volume,0,0,0,0,0,0,23237,22792,-0.0097,-1948,0,24,21,34,33,1
1774108275,33,66,0,0,0,0,no_volume,0,0,0,0,no_volume,0,0,0,0,no_volume,0,0,0,0,0,0,23237,22792,-0.0097,0,0,24,21,34,33,1
1774108276,33,66,0,0,0,0,no_volume,0,0,0,0,no_volume,0,0,0,0,no_volume,0,0,0,0,0,0,23237,22792,-0.0097,1822,0,24,21,34,33,1
1774108277,33,66,0,0,0,0,no_volume,0,0,0,0,no_volume,0,0,0,0,no_volume,0,0,0,0,0,0,23237,22792,-0.0097,0,848,24,21,34,33,1
1774108278,33,66,0,0,0,0,no_volume,0,0,0,0,no_volume,0,0,0,0,no_volume,0,0,0,0,0,0,23237,22792,-0.0097,0,-974,24,21,34,33,1
1774108279,33,66,0,0,0,0,no_volume,0,0,0,0,no_volume,0,0,0,0,no_volume,0,0,0,0,0,0,23237,22792,-0.0097,0,-974,24,21,34,33,1
1774108280,33,66,0,0,0,0,no_volume,0,0,0,0,no_volume,0,0,0,0,no_volume,0,0,0,0,0,0,23237,22792,-0.0097,0,-974,24,21,34,33,1
1774108281,33,66,0,0,0,0,no_volume,0,0,0,0,no_volume,0,0,0,0,no_volume,0,0,0,0,0,0,23237,22792,-0.0097,0,-1948,24,21,34,33,1
1774108282,33,66,0,0,0,0,no_volume,0,0,0,0,no_volume,0,0,0,0,no_volume,0,0,0,0,0,0,23237,22811,-0.0093,0,0,24,21,34,33,1
1774108283,33,66,0,0,0,0,no_volume,0,0,0,0,no_volume,0,0,0,0,no_volume,0,0,0,0,0,0,23237,22811,-0.0093,0,1822,24,21,34,33,1
1774108284,33,66,0,0,0,0,no_volume,0,0,0,0,no_volume,0,0,0,0,no_volume,0,0,0,0,0,0,23237,22811,-0.0093,0,0,24,21,34,33,1
1774108285,33,66,0,0,0,0,no_volume,0,0,0,0,no_volume,0,0,0,0,no_volume,0,0,0,0,0,0,21415,22811,0.0316,-1822,-1822,23,21,34,33,1
1774108286,33,66,0,0,0,0,no_volume,0,0,0,0,no_volume,0,0,0,0,no_volume,0,0,0,0,0,0,24211,22811,-0.0298,974,974,23,21,34,33,1
1774108287,33,66,0,0,0,0,no_volume,0,0,0,0,no_volume,0,0,0,0,no_volume,0,0,0,0,0,0,24211,22811,-0.0298,974,974,23,21,34,33,1
1774108288,33,66,0,0,0,0,no_volume,0,0,0,0,no_volume,0,0,0,0,no_volume,0,0,0,0,0,0,24211,22811,-0.0298,2796,974,23,21,34,33,1
1774108289,33,66,0,0,0,0,no_volume,0,0,0,0,no_volume,0,0,0,0,no_volume,0,0,0,0,0,0,23363,22811,-0.012,-848,126,24,21,34,33,1
1774108290,33,66,0,0,0,0,no_volume,0,0,0,0,no_volume,0,0,0,0,no_volume,0,0,0,0,0,0,24211,22811,-0.0298,0,974,23,21,34,33,1
1774108291,33,66,0,0,0,0,no_volume,0,0,0,0,no_volume,0,0,0,0,no_volume,0,0,0,0,0,0,24211,22792,-0.0302,0,974,24,21,34,33,1
1774108292,33,66,0,0,0,0,no_volume,0,0,0,0,no_volume,0,0,0,0,no_volume,0,0,0,0,0,0,24211,22792,-0.0302,848,974,24,21,34,33,1
1774108293,33,66,0,0,0,0,no_volume,0,0,0,0,no_volume,0,0,0,0,no_volume,0,0,0,0,0,0,24211,22792,-0.0302,0,974,24,21,34,33,1
1774108294,33,66,0,0,0,0,no_volume,0,0,0,0,no_volume,0,0,0,0,no_volume,0,0,0,0,0,0,24211,22792,-0.0302,0,974,24,21,34,33,1
1774108295,33,66,0,0,0,0,no_volume,0,0,0,0,no_volume,0,0,0,0,no_volume,0,0,0,0,0,0,21415,22792,0.0311,-2796,0,23,21,34,33,1
1774108296,33,66,0,0,0,0,no_volume,0,0,0,0,no_volume,0,0,0,0,no_volume,0,0,0,0,0,0,23237,22792,-0.0097,-974,-974,23,21,34,33,1
1774108297,33,66,0,0,0,0,no_volume,0,0,0,0,no_volume,0,0,0,0,no_volume,0,0,0,0,0,0,23237,22792,-0.0097,-974,-974,23,21,34,33,1
1774108298,33,66,0,0,0,0,no_volume,0,0,0,0,no_volume,0,0,0,0,no_volume,0,0,0,0,0,0,23237,22792,-0.0097,1822,-974,23,21,34,33,1
1774108299,33,66,0,0,0,0,no_volume,0,0,0,0,no_volume,0,0,0,0,no_volume,0,0,0,0,0,0,23237,22792,-0.0097,0,-126,23,21,34,33,1
1774108300,33,66,0,0,0,0,no_volume,0,0,0,0,no_volume,0,0,0,0,no_volume,0,0,0,0,0,0,24211,22811,-0.0298,974,0,24,21,34,33,1
1774108301,33,66,0,0,0,0,no_volume,0,0,0,0,no_volume,0,0,0,0,no_volume,0,0,0,0,0,0,24211,22811,-0.0298,974,0,24,21,34,33,1
1774108302,33,66,0,0,0,0,no_volume,0,0,0,0,no_volume,0,0,0,0,no_volume,0,0,0,0,0,0,21415,22811,0.0316,-1822,-2796,23,21,34,33,1
1774108303,33,66,0,0,0,0,no_volume,0,0,0,0,no_volume,0,0,0,0,no_volume,0,0,0,0,0,0,24211,22811,-0.0298,0,0,23,21,34,33,1
1774108304,33,66,0,0,0,0,no_volume,0,0,0,0,no_volume,0,0,0,0,no_volume,0,0,0,0,0,0,24211,22811,-0.0298,0,0,23,21,34,33,1
1774108305,33,66,0,0,0,0,no_volume,0,0,0,0,no_volume,0,0,0,0,no_volume,0,0,0,0,0,0,24211,22811,-0.0298,2796,2796,23,21,34,33,1
1774108306,33,66,0,0,0,0,no_volume,0,0,0,0,no_volume,0,0,0,0,no_volume,0,0,0,0,0,0,24211,22811,-0.0298,0,974,23,21,34,33,1
1774108307,33,66,0,0,0,0,no_volume,0,0,0,0,no_volume,0,0,0,0,no_volume,0,0,0,0,0,0,24211,22811,-0.0298,0,974,23,21,34,33,1
1774108308,33,66,0,0,0,0,no_volume,0,0,0,0,no_volume,0,0,0,0,no_volume,0,0,0,0,0,0,24211,22811,-0.0298,0,974,23,21,34,33,1
1774108309,33,66,0,0,0,0,no_volume,0,0,0,0,no_volume,0,0,0,0,no_volume,0,0,0,0,0,0,23237,22792,-0.0097,-974,0,23,21,34,33,1
1774108310,33,66,0,0,0,0,no_volume,0,0,0,0,no_volume,0,0,0,0,no_volume,0,0,0,0,0,0,23237,22792,-0.0097,-974,-974,23,21,34,33,1
1774108311,33,66,0,0,0,0,no_volume,0,0,0,0,no_volume,0,0,0,0,no_volume,0,0,0,0,0,0,23237,22792,-0.0097,-974,-974,23,21,34,33,1
1774108312,33,66,0,0,0,0,no_volume,0,0,0,0,no_volume,0,0,0,0,no_volume,0,0,0,0,0,0,22389,22792,0.0089,-848,974,24,21,34,33,1
1774108313,33,66,0,0,0,0,no_volume,0,0,0,0,no_volume,0,0,0,0,no_volume,0,0,0,0,0,0,24211,22792,-0.0302,974,0,24,21,34,33,1
1774108314,33,66,0,0,0,0,no_volume,0,0,0,0,no_volume,0,0,0,0,no_volume,0,0,0,0,0,0,24211,22792,-0.0302,974,0,24,21,34,33,1
1774108315,33,66,0,0,0,0,no_volume,0,0,0,0,no_volume,0,0,0,0,no_volume,0,0,0,0,0,0,24211,22792,-0.0302,1822,0,24,21,34,33,1
1774108316,33,66,0,0,0,0,no_volume,0,0,0,0,no_volume,0,0,0,0,no_volume,0,0,0,0,0,0,24211,22792,-0.0302,0,0,24,21,34,33,1
1774108317,33,66,0,0,0,0,no_volume,0,0,0,0,no_volume,0,0,0,0,no_volume,0,0,0,0,0,0,24211,22792,-0.0302,0,0,24,21,34,33,1
1774108318,33,66,0,0,0,0,no_volume,0,0,0,0,no_volume,0,0,0,0,no_volume,0,0,0,0,0,0,24211,22811,-0.0298,0,0,24,21,34,33,1
1774108319,33,66,0,0,0,0,no_volume,0,0,0,0,no_volume,0,0,0,0,no_volume,0,0,0,0,0,0,21415,22811,0.0316,-2796,-1822,23,21,34,33,1
1774108320,33,66,0,0,0,0,no_volume,0,0,0,0,no_volume,0,0,0,0,no_volume,0,0,0,0,0,0,23237,22811,-0.0093,-974,0,23,21,34,33,1
1774108321,33,66,0,0,0,0,no_volume,0,0,0,0,no_volume,0,0,0,0,no_volume,0,0,0,0,0,0,23237,22811,-0.0093,-974,0,23,21,34,33,1
1774108322,33,66,0,0,0,0,no_volume,0,0,0,0,no_volume,0,0,0,0,no_volume,0,0,0,0,0,0,23237,22811,-0.0093,1822,848,23,21,34,33,1
1774108323,33,66,0,0,0,0,no_volume,0,0,0,0,no_volume,0,0,0,0,no_volume,0,0,0,0,0,0,23237,22811,-0.0093,0,-974,23,21,34,33,1
1774108324,33,66,0,0,0,0,no_volume,0,0,0,0,no_volume,0,0,0,0,no_volume,0,0,0,0,0,0,23237,22811,-0.0093,0,-974,23,21,34,33,1
1774108325,33,66,0,0,0,0,no_volume,0,0,0,0,no_volume,0,0,0,0,no_volume,0,0,0,0,0,0,23237,22811,-0.0093,0,-974,23,21,34,33,1
1774108326,33,66,0,0,0,0,no_volume,0,0,0,0,no_volume,0,0,0,0,no_volume,0,0,0,0,0,0,23237,22811,-0.0093,0,-974,23,21,34,33,1
1774108327,33,66,0,0,0,0,no_volume,0,0,0,0,no_volume,0,0,0,0,no_volume,0,0,0,0,0,0,23237,22792,-0.0097,0,-974,23,21,34,33,1
1774108328,33,66,0,0,0,0,no_volume,0,0,0,0,no_volume,0,0,0,0,no_volume,0,0,0,0,0,0,21415,22792,0.0311,-1822,-2796,23,21,34,33,1
1774108329,33,66,0,0,0,0,no_volume,0,0,0,0,no_volume,0,0,0,0,no_volume,0,0,0,0,0,0,23237,22792,-0.0097,0,1822,24,21,34,33,1
1774108330,33,66,0,0,0,0,no_volume,0,0,0,0,no_volume,0,0,0,0,no_volume,0,0,0,0,0,0,23237,22792,-0.0097,0,0,24,21,34,33,1
1774108331,33,66,0,0,0,0,no_volume,0,0,0,0,no_volume,0,0,0,0,no_volume,0,0,0,0,0,0,23237,22792,-0.0097,1822,0,24,21,34,33,1
1774108332,33,66,0,0,0,0,no_volume,0,0,0,0,no_volume,0,0,0,0,no_volume,0,0,0,0,0,0,23237,22792,-0.0097,0,0,24,21,34,33,1
1774108333,33,66,0,0,0,0,no_volume,0,0,0,0,no_volume,0,0,0,0,no_volume,0,0,0,0,0,0,23237,22792,-0.0097,0,0,24,21,34,33,1
1774108334,33,66,0,0,0,0,no_volume,0,0,0,0,no_volume,0,0,0,0,no_volume,0,0,0,0,0,0,23237,22792,-0.0097,0,0,24,21,34,33,1
1774108335,33,66,0,0,0,0,no_volume,0,0,0,0,no_volume,0,0,0,0,no_volume,0,0,0,0,0,0,23237,22792,-0.0097,0,0,24,21,34,33,1
1774108336,33,66,0,0,0,0,no_volume,0,0,0,0,no_volume,0,0,0,0,no_volume,0,0,0,0,0,0,22263,22811,0.0122,-974,-974,23,21,34,33,1
1774108337,33,66,0,0,0,0,no_volume,0,0,0,0,no_volume,0,0,0,0,no_volume,0,0,0,0,0,0,22263,22811,0.0122,-974,-974,23,21,34,33,1
1774108338,33,66,0,0,0,0,no_volume,0,0,0,0,no_volume,0,0,0,0,no_volume,0,0,0,0,0,0,20441,22811,0.0548,-2796,-974,22,21,34,33,1
1774108339,33,66,0,0,0,0,no_volume,0,0,0,0,no_volume,0,0,0,0,no_volume,0,0,0,0,0,0,23237,22811,-0.0093,974,0,23,21,34,33,1
1774108340,33,66,0,0,0,0,no_volume,0,0,0,0,no_volume,0,0,0,0,no_volume,0,0,0,0,0,0,23237,22811,-0.0093,974,0,23,21,34,33,1
1774108341,33,66,0,0,0,0,no_volume,0,0,0,0,no_volume,0,0,0,0,no_volume,0,0,0,0,0,0,23237,22811,-0.0093,2796,0,23,21,34,33,1
1774108342,33,66,0,0,0,0,no_volume,0,0,0,0,no_volume,0,0,0,0,no_volume,0,0,0,0,0,0,23237,22811,-0.0093,0,0,23,21,34,33,1
1774108343,33,66,0,0,0,0,no_volume,0,0,0,0,no_volume,0,0,0,0,no_volume,0,0,0,0,0,0,23237,22811,-0.0093,0,0,23,21,34,33,1
1774108344,33,66,0,0,0,0,no_volume,0,0,0,0,no_volume,0,0,0,0,no_volume,0,0,0,0,0,0,22389,22811,0.0093,-848,-848,24,21,34,33,1
1774108345,33,66,0,0,0,0,no_volume,0,0,0,0,no_volume,0,0,0,0,no_volume,0,0,0,0,0,0,23237,22792,-0.0097,0,0,23,21,34,33,1
1774108346,33,66,0,0,0,0,no_volume,0,0,0,0,no_volume,0,0,0,0,no_volume,0,0,0,0,0,0,23237,22792,-0.0097,0,974,23,21,34,33,1
1774108347,33,66,0,0,0,0,no_volume,0,0,0,0,no_volume,0,0,0,0,no_volume,0,0,0,0,0,0,21415,22792,0.0311,-974,-848,23,21,34,33,1
1774108348,33,66,0,0,0,0,no_volume,0,0,0,0,no_volume,0,0,0,0,no_volume,0,0,0,0,0,0,24211,22792,-0.0302,974,3770,23,21,34,33,1
1774108349,33,66,0,0,0,0,no_volume,0,0,0,0,no_volume,0,0,0,0,no_volume,0,0,0,0,0,0,24211,22792,-0.0302,974,974,23,21,34,33,1
1774108350,33,66,0,0,0,0,no_volume,0,0,0,0,no_volume,0,0,0,0,no_volume,0,0,0,0,0,0,24211,22792,-0.0302,2796,974,23,21,34,33,1
1774108351,33,66,0,0,0,0,no_volume,0,0,0,0,no_volume,0,0,0,0,no_volume,0,0,0,0,0,0,24211,22792,-0.0302,0,974,23,21,34,33,1
1774108352,33,66,0,0,0,0,no_volume,0,0,0,0,no_volume,0,0,0,0,no_volume,0,0,0,0,0,0,24211,22792,-0.0302,0,974,23,21,34,33,1
1774108353,33,66,0,0,0,0,no_volume,0,0,0,0,no_volume,0,0,0,0,no_volume,0,0,0,0,0,0,24211,22792,-0.0302,0,974,23,21,34,33,1
1774108354,33,66,0,0,0,0,no_volume,0,0,0,0,no_volume,0,0,0,0,no_volume,0,0,0,0,0,0,24211,22792,-0.0302,0,1822,23,21,34,33,1
1774108355,33,66,0,0,0,0,no_volume,0,0,0,0,no_volume,0,0,0,0,no_volume,0,0,0,0,0,0,23237,22811,-0.0093,-974,0,23,21,34,33,1
1774108356,33,66,0,0,0,0,no_volume,0,0,0,0,no_volume,0,0,0,0,no_volume,0,0,0,0,0,0,21415,22811,0.0316,-2796,-1822,23,21,34,33,1
1774108357,33,66,0,0,0,0,no_volume,0,0,0,0,no_volume,0,0,0,0,no_volume,0,0,0,0,0,0,23237,22811,-0.0093,-974,1822,24,21,34,33,1
1774108358,33,66,0,0,0,0,no_volume,0,0,0,0,no_volume,0,0,0,0,no_volume,0,0,0,0,0,0,23237,22811,-0.0093,0,-974,24,21,34,33,1
1774108359,33,66,0,0,0,0,no_volume,0,0,0,0,no_volume,0,0,0,0,no_volume,0,0,0,0,0,0,23237,22811,-0.0093,1822,-974,24,21,34,33,1
1774108360,33,66,0,0,0,0,no_volume,0,0,0,0,no_volume,0,0,0,0,no_volume,0,0,0,0,0,0,23237,22811,-0.0093,0,-974,24,21,34,33,1
1774108361,33,66,0,0,0,0,no_volume,0,0,0,0,no_volume,0,0,0,0,no_volume,0,0,0,0,0,0,23237,22811,-0.0093,0,-974,24,21,34,33,1
1774108362,33,66,0,0,0,0,no_volume,0,0,0,0,no_volume,0,0,0,0,no_volume,0,0,0,0,0,0,23237,22811,-0.0093,0,-974,24,21,34,33,1
1774108363,33,66,0,0,0,0,no_volume,0,0,0,0,no_volume,0,0,0,0,no_volume,0,0,0,0,0,0,23237,22792,-0.0097,0,-974,24,21,34,33,1
1774108364,33,66,0,0,0,0,no_volume,0,0,0,0,no_volume,0,0,0,0,no_volume,0,0,0,0,0,0,23237,22792,-0.0097,0,-974,24,21,34,33,1
1774108365,33,66,0,0,0,0,no_volume,0,0,0,0,no_volume,0,0,0,0,no_volume,0,0,0,0,0,0,23237,22792,-0.0097,0,0,24,21,34,33,1
1774108366,33,66,0,0,0,0,no_volume,0,0,0,0,no_volume,0,0,0,0,no_volume,0,0,0,0,0,0,21415,22792,0.0311,-1822,0,23,21,34,33,1
1774108367,33,66,0,0,0,0,no_volume,0,0,0,0,no_volume,0,0,0,0,no_volume,0,0,0,0,0,0,24211,22792,-0.0302,974,974,24,21,34,33,1
1774108368,33,66,0,0,0,0,no_volume,0,0,0,0,no_volume,0,0,0,0,no_volume,0,0,0,0,0,0,24211,22792,-0.0302,974,974,23,21,34,33,1
1774108369,33,66,0,0,0,0,no_volume,0,0,0,0,no_volume,0,0,0,0,no_volume,0,0,0,0,0,0,24211,22792,-0.0302,2796,974,23,21,34,33,1
1774108370,33,66,0,0,0,0,no_volume,0,0,0,0,no_volume,0,0,0,0,no_volume,0,0,0,0,0,0,23363,22792,-0.0124,-848,126,24,21,34,33,1
1774108371,33,66,0,0,0,0,no_volume,0,0,0,0,no_volume,0,0,0,0,no_volume,0,0,0,0,0,0,24211,22792,-0.0302,0,974,24,21,34,33,1
1774108372,33,66,0,0,0,0,no_volume,0,0,0,0,no_volume,0,0,0,0,no_volume,0,0,0,0,0,0,24211,22792,-0.0302,0,974,24,21,34,33,1
1774108373,33,66,0,0,0,0,no_volume,0,0,0,0,no_volume,0,0,0,0,no_volume,0,0,0,0,0,0,24211,22811,-0.0298,848,974,24,21,34,33,1
1774108374,33,66,0,0,0,0,no_volume,0,0,0,0,no_volume,0,0,0,0,no_volume,0,0,0,0,0,0,24211,22811,-0.0298,0,974,24,21,34,33,1
1774108375,33,66,0,0,0,0,no_volume,0,0,0,0,no_volume,0,0,0,0,no_volume,0,0,0,0,0,0,24211,22811,-0.0298,0,974,24,21,34,33,1
1774108376,33,66,0,0,0,0,no_volume,0,0,0,0,no_volume,0,0,0,0,no_volume,0,0,0,0,0,0,24211,22811,-0.0298,0,2796,24,21,34,33,1
1774108377,33,66,0,0,0,0,no_volume,0,0,0,0,no_volume,0,0,0,0,no_volume,0,0,0,0,0,0,24211,22811,-0.0298,0,0,24,21,34,33,1
1774108378,33,66,0,0,0,0,no_volume,0,0,0,0,no_volume,0,0,0,0,no_volume,0,0,0,0,0,0,21415,22811,0.0316,-2796,-2796,23,21,34,33,1
1774108379,33,66,0,0,0,0,no_volume,0,0,0,0,no_volume,0,0,0,0,no_volume,0,0,0,0,0,0,23237,22811,-0.0093,-974,-974,23,21,34,33,1
1774108380,33,66,0,0,0,0,no_volume,0,0,0,0,no_volume,0,0,0,0,no_volume,0,0,0,0,0,0,23237,22811,-0.0093,-974,-126,23,21,34,33,1
1774108381,33,66,0,0,0,0,no_volume,0,0,0,0,no_volume,0,0,0,0,no_volume,0,0,0,0,0,0,23237,22811,-0.0093,1822,-974,23,21,34,33,1
1774108382,33,66,0,0,0,0,no_volume,0,0,0,0,no_volume,0,0,0,0,no_volume,0,0,0,0,0,0,24211,22792,-0.0302,974,0,24,21,34,33,1
1774108383,33,66,0,0,0,0,no_volume,0,0,0,0,no_volume,0,0,0,0,no_volume,0,0,0,0,0,0,24211,22792,-0.0302,974,0,24,21,34,33,1
1774108384,33,66,0,0,0,0,no_volume,0,0,0,0,no_volume,0,0,0,0,no_volume,0,0,0,0,0,0,24211,22792,-0.0302,974,0,24,21,34,33,1
1774108385,33,66,0,0,0,0,low_activity,0,0,0,0,low_activity,0,0,0,0,low_activity,0,0,0,0,0,0,22249,22792,0.0121,-1962,-1962,23,21,34,33,1
1774108386,33,66,0,0,0,0,low_activity,0,0,0,0,low_activity,0,0,0,0,low_activity,0,0,0,0,0,0,24071,22805,-0.027,-140,-140,23,21,34,33,1
1774108387,33,66,0,0,0,0,low_activity,0,0,0,0,low_activity,0,0,0,0,low_activity,0,0,0,0,0,0,24071,22805,-0.027,-140,-140,23,21,34,33,1
1774108388,33,66,0,0,0,0,no_volume,0,0,0,0,low_activity,0,0,0,0,low_activity,0,0,0,0,0,0,24071,22377,-0.0365,1822,2656,23,21,34,33,1
1774108389,33,66,0,0,0,0,no_volume,0,0,0,0,low_activity,0,0,0,0,low_activity,0,0,0,0,0,0,24071,22377,-0.0365,0,834,23,21,34,33,1
1774108390,33,66,0,0,0,0,no_volume,0,0,0,0,no_volume,0,0,0,0,low_activity,0,0,0,0,0,0,24071,22377,-0.0365,0,834,23,21,34,33,1
1774108391,33,66,0,0,0,0,no_volume,0,0,0,0,no_volume,0,0,0,0,low_activity,0,0,0,0,0,0,23097,22396,-0.0154,-974,-140,23,21,34,33,1
1774108392,33,66,0,0,0,0,no_volume,0,0,0,0,no_volume,0,0,0,0,low_activity,0,0,0,0,0,0,23097,22396,-0.0154,-974,-1114,23,21,34,33,1
1774108393,33,66,0,0,0,0,no_volume,0,0,0,0,no_volume,0,0,0,0,low_activity,0,0,0,0,0,0,21275,22396,0.0257,-2796,-2936,23,21,34,33,1
1774108394,33,66,0,0,0,0,no_volume,0,0,0,0,no_volume,0,0,0,0,low_activity,0,0,0,0,0,0,24071,22839,-0.0263,974,-140,25,21,34,33,1
1774108395,33,66,0,0,0,0,no_volume,0,0,0,0,no_volume,0,0,0,0,low_activity,0,0,0,0,0,0,24071,22839,-0.0263,974,1822,25,21,34,33,1
1774108396,33,66,0,0,0,0,no_volume,0,0,0,0,no_volume,0,0,0,0,low_activity,0,0,0,0,0,0,24071,22839,-0.0263,2796,0,25,21,34,33,1
1774108397,33,66,0,0,0,0,no_volume,0,0,0,0,no_volume,0,0,0,0,low_activity,0,0,0,0,0,0,24071,22839,-0.0263,0,0,25,21,34,33,1
1774108398,33,66,0,0,0,0,no_volume,0,0,0,0,no_volume,0,0,0,0,low_activity,0,0,0,0,0,0,24071,22839,-0.0263,0,0,25,21,34,33,1
1774108399,33,66,0,0,0,0,no_volume,0,0,0,0,no_volume,0,0,0,0,low_activity,0,0,0,0,0,0,23097,22820,-0.006,-974,-974,24,21,34,33,1
1774108400,33,66,0,0,0,0,no_volume,0,0,0,0,no_volume,0,0,0,0,low_activity,0,0,0,0,0,0,23097,22820,-0.006,-974,-974,24,21,34,33,1
1774108401,33,66,0,0,0,0,no_volume,0,0,0,0,no_volume,0,0,0,0,low_activity,0,0,0,0,0,0,23097,22820,-0.006,-974,0,24,21,34,33,1
1774108402,33,66,0,0,0,0,no_volume,0,0,0,0,no_volume,0,0,0,0,low_activity,0,0,0,0,0,0,23097,23263,0.0036,0,0,24,21,34,33,1
1774108403,33,66,0,0,0,0,no_volume,0,0,0,0,no_volume,0,0,0,0,low_activity,0,0,0,0,0,0,22249,22820,0.0127,-848,974,23,21,34,33,1
1774108404,33,66,0,0,0,0,no_volume,0,0,0,0,no_volume,0,0,0,0,low_activity,0,0,0,0,0,0,24071,22820,-0.0267,974,0,23,21,34,33,1
1774108405,33,66,0,0,0,0,no_volume,0,0,0,0,no_volume,0,0,0,0,low_activity,0,0,0,0,0,0,24071,22820,-0.0267,974,0,23,21,34,33,1
1774108406,33,66,0,0,0,0,no_volume,0,0,0,0,no_volume,0,0,0,0,low_activity,0,0,0,0,0,0,24071,22820,-0.0267,1822,0,23,21,34,33,1
1774108407,33,66,0,0,0,0,no_volume,0,0,0,0,no_volume,0,0,0,0,low_activity,0,0,0,0,0,0,25045,22377,-0.0563,974,974,24,21,34,33,1
1774108408,33,66,0,0,0,0,no_volume,0,0,0,0,no_volume,0,0,0,0,low_activity,0,0,0,0,0,0,25045,22377,-0.0563,974,974,24,21,34,33,1
1774108409,33,66,0,0,0,0,no_volume,0,0,0,0,no_volume,0,0,0,0,low_activity,0,0,0,0,0,0,23097,22396,-0.0154,-974,0,23,21,34,33,1
1774108410,33,66,0,0,0,0,no_volume,0,0,0,0,no_volume,0,0,0,0,low_activity,0,0,0,0,0,0,23097,22396,-0.0154,-1948,0,23,21,34,33,1
1774108411,33,66,0,0,0,0,no_volume,0,0,0,0,no_volume,0,0,0,0,low_activity,0,0,0,0,0,0,22249,22839,0.0131,-2796,-848,24,21,34,33,1
1774108412,33,66,0,0,0,0,no_volume,0,0,0,0,no_volume,0,0,0,0,low_activity,0,0,0,0,0,0,24071,22839,-0.0263,974,974,24,21,34,33,1
1774108413,33,66,0,0,0,0,no_volume,0,0,0,0,no_volume,0,0,0,0,low_activity,0,0,0,0,0,0,24071,22839,-0.0263,974,1822,24,21,34,33,1
1774108414,33,66,0,0,0,0,no_volume,0,0,0,0,no_volume,0,0,0,0,low_activity,0,0,0,0,0,0,24071,22839,-0.0263,1822,0,24,21,34,33,1
1774108415,33,66,0,0,0,0,no_volume,0,0,0,0,no_volume,0,0,0,0,no_volume,0,0,0,0,0,0,24071,22396,-0.036,0,0,24,21,34,33,1
1774108416,33,66,0,0,0,0,no_volume,0,0,0,0,no_volume,0,0,0,0,no_volume,0,0,0,0,0,0,24071,22396,-0.036,0,0,24,21,34,33,1
1774108417,33,66,0,0,0,0,no_volume,0,0,0,0,no_volume,0,0,0,0,no_volume,0,0,0,0,0,0,24071,22396,-0.036,0,-974,24,21,34,33,1
1774108418,33,66,0,0,0,0,no_volume,0,0,0,0,no_volume,0,0,0,0,no_volume,0,0,0,0,0,0,21275,22820,0.035,-2796,-3770,23,21,34,33,1
1774108419,33,66,0,0,0,0,no_volume,0,0,0,0,no_volume,0,0,0,0,no_volume,0,0,0,0,0,0,24071,22820,-0.0267,0,974,23,21,34,33,1
1774108420,33,66,0,0,0,0,no_volume,0,0,0,0,no_volume,0,0,0,0,no_volume,0,0,0,0,0,0,24071,22820,-0.0267,0,974,23,21,34,33,1
1774108421,33,66,0,0,0,0,no_volume,0,0,0,0,no_volume,0,0,0,0,no_volume,0,0,0,0,0,0,24071,22820,-0.0267,2796,1822,23,21,34,33,1
1774108422,33,66,0,0,0,0,no_volume,0,0,0,0,no_volume,0,0,0,0,no_volume,0,0,0,0,0,0,24702,22820,-0.0396,631,631,23,21,34,33,1
1774108423,33,66,0,0,0,0,no_volume,0,0,0,0,no_volume,0,0,0,0,no_volume,0,0,0,0,0,0,25676,22820,-0.0589,1605,1605,24,21,34,33,1
1774108424,33,66,0,0,0,0,no_volume,0,0,0,0,no_volume,0,0,0,0,no_volume,0,0,0,0,0,0,25676,22820,-0.0589,1605,1605,24,21,34,33,1
1774108425,33,66,0,0,0,0,no_volume,0,0,0,0,no_volume,0,0,0,0,no_volume,0,0,0,0,0,0,25676,22820,-0.0589,974,1605,24,21,34,33,1
1774108426,33,66,0,0,0,0,no_volume,0,0,0,0,no_volume,0,0,0,0,no_volume,0,0,0,0,0,0,22880,22820,-0.0013,-2796,-1191,24,21,34,33,1
1774108427,33,66,0,0,0,0,no_volume,0,0,0,0,no_volume,0,0,0,0,no_volume,0,0,0,0,0,0,24702,22839,-0.0392,-974,631,24,21,34,33,1
1774108428,33,66,0,0,0,0,no_volume,0,0,0,0,no_volume,0,0,0,0,no_volume,0,0,0,0,0,0,24702,22839,-0.0392,-974,3427,24,21,34,33,1
1774108429,33,66,0,0,0,0,no_volume,0,0,0,0,no_volume,0,0,0,0,no_volume,0,0,0,0,0,0,24702,22839,-0.0392,1822,631,24,21,34,33,1
1774108430,33,66,0,0,0,0,no_volume,0,0,0,0,no_volume,0,0,0,0,no_volume,0,0,0,0,0,0,24702,22839,-0.0392,0,631,24,21,34,33,1
1774108431,33,66,0,0,0,0,no_volume,0,0,0,0,no_volume,0,0,0,0,no_volume,0,0,0,0,0,0,24702,22839,-0.0392,0,631,24,21,34,33,1
1774108432,33,66,0,0,0,0,no_volume,0,0,0,0,no_volume,0,0,0,0,no_volume,0,0,0,0,0,0,24702,22839,-0.0392,0,0,24,21,34,33,1
1774108433,33,66,0,0,0,0,no_volume,0,0,0,0,no_volume,0,0,0,0,no_volume,0,0,0,0,0,0,24702,22839,-0.0392,0,-974,24,21,34,33,1
1774108434,33,66,0,0,0,0,no_volume,0,0,0,0,no_volume,0,0,0,0,no_volume,0,0,0,0,0,0,24702,22839,-0.0392,0,-974,24,21,34,33,1
1774108435,33,66,0,0,0,0,no_volume,0,0,0,0,no_volume,0,0,0,0,no_volume,0,0,0,0,0,0,24702,22839,-0.0392,0,-974,24,21,34,33,1
1774108436,33,66,0,0,0,0,no_volume,0,0,0,0,no_volume,0,0,0,0,no_volume,0,0,0,0,0,0,23728,22820,-0.0195,-974,848,24,21,34,33,1
1774108437,33,66,0,0,0,0,no_volume,0,0,0,0,no_volume,0,0,0,0,no_volume,0,0,0,0,0,0,23728,22820,-0.0195,-974,-974,24,21,34,33,1
1774108438,33,66,0,0,0,0,no_volume,0,0,0,0,no_volume,0,0,0,0,no_volume,0,0,0,0,0,0,21906,22820,0.0204,-2796,-2796,23,21,34,33,1
1774108439,33,66,0,0,0,0,no_volume,0,0,0,0,no_volume,0,0,0,0,no_volume,0,0,0,0,0,0,24702,22820,-0.0396,974,0,23,21,34,33,1
1774108440,33,66,0,0,0,0,no_volume,0,0,0,0,no_volume,0,0,0,0,no_volume,0,0,0,0,0,0,24702,22820,-0.0396,974,0,23,21,34,33,1
1774108441,33,66,0,0,0,0,no_volume,0,0,0,0,no_volume,0,0,0,0,no_volume,0,0,0,0,0,0,24702,22820,-0.0396,2796,0,23,21,34,33,1
1774108442,33,66,0,0,0,0,no_volume,0,0,0,0,no_volume,0,0,0,0,no_volume,0,0,0,0,0,0,24702,22820,-0.0396,0,0,23,21,34,33,1
1774108443,33,66,0,0,0,0,no_volume,0,0,0,0,no_volume,0,0,0,0,no_volume,0,0,0,0,0,0,22880,22820,-0.0013,-1822,-1822,24,21,34,33,1
1774108444,33,66,0,0,0,0,no_volume,0,0,0,0,no_volume,0,0,0,0,no_volume,0,0,0,0,0,0,24702,22820,-0.0396,0,0,24,21,34,33,1
1774108445,33,66,0,0,0,0,no_volume,0,0,0,0,no_volume,0,0,0,0,no_volume,0,0,0,0,0,0,23728,22839,-0.0191,-974,-974,23,21,34,33,1
1774108446,33,66,0,0,0,0,no_volume,0,0,0,0,no_volume,0,0,0,0,no_volume,0,0,0,0,0,0,23728,22839,-0.0191,848,0,23,21,34,33,1
1774108447,33,66,0,0,0,0,no_volume,0,0,0,0,no_volume,0,0,0,0,no_volume,0,0,0,0,0,0,22880,22839,-0.0009,-1822,-848,24,21,34,33,1
1774108448,33,66,0,0,0,0,no_volume,0,0,0,0,no_volume,0,0,0,0,no_volume,0,0,0,0,0,0,23728,22839,-0.0191,0,1822,23,21,34,33,1
1774108449,33,66,0,0,0,0,no_volume,0,0,0,0,no_volume,0,0,0,0,no_volume,0,0,0,0,0,0,23728,22839,-0.0191,0,-974,23,21,34,33,1
1774108450,33,66,0,0,0,0,no_volume,0,0,0,0,no_volume,0,0,0,0,no_volume,0,0,0,0,0,0,23728,22839,-0.0191,848,-974,23,21,34,33,1
1774108451,33,66,0,0,0,0,no_volume,0,0,0,0,no_volume,0,0,0,0,no_volume,0,0,0,0,0,0,23728,22839,-0.0191,0,-974,23,21,34,33,1
1774108452,33,66,0,0,0,0,no_volume,0,0,0,0,no_volume,0,0,0,0,no_volume,0,0,0,0,0,0,22880,22839,-0.0009,-848,-1822,23,21,34,33,1
1774108453,33,66,0,0,0,0,no_volume,0,0,0,0,no_volume,0,0,0,0,no_volume,0,0,0,0,0,0,24702,22839,-0.0392,974,1822,23,21,34,33,1
1774108454,33,66,0,0,0,0,no_volume,0,0,0,0,no_volume,0,0,0,0,no_volume,0,0,0,0,0,0,23728,22820,-0.0195,0,-974,22,21,34,33,1
1774108455,33,66,0,0,0,0,no_volume,0,0,0,0,no_volume,0,0,0,0,no_volume,0,0,0,0,0,0,24970,22820,-0.045,2090,1242,23,21,34,33,1
1774108456,33,66,0,0,0,0,no_volume,0,0,0,0,no_volume,0,0,0,0,no_volume,0,0,0,0,0,0,24970,22820,-0.045,268,1242,23,21,34,33,1
1774108457,33,66,0,0,0,0,no_volume,0,0,0,0,no_volume,0,0,0,0,no_volume,0,0,0,0,0,0,24970,22820,-0.045,1242,2090,23,21,34,33,1
1774108458,33,66,0,0,0,0,no_volume,0,0,0,0,no_volume,0,0,0,0,no_volume,0,0,0,0,0,0,23148,22820,-0.0071,-1822,-580,24,21,34,33,1
1774108459,33,66,0,0,0,0,no_volume,0,0,0,0,no_volume,0,0,0,0,no_volume,0,0,0,0,0,0,24970,22820,-0.045,0,1242,24,21,34,33,1
1774108460,33,66,0,0,0,0,no_volume,0,0,0,0,no_volume,0,0,0,0,no_volume,0,0,0,0,0,0,24970,22820,-0.045,0,1242,24,21,34,33,1
1774108461,33,66,0,0,0,0,no_volume,0,0,0,0,no_volume,0,0,0,0,no_volume,0,0,0,0,0,0,24970,22820,-0.045,1822,1242,24,21,34,33,1
1774108462,33,66,0,0,0,0,no_volume,0,0,0,0,no_volume,0,0,0,0,no_volume,0,0,0,0,0,0,24970,22820,-0.045,0,2090,24,21,34,33,1
1774108463,33,66,0,0,0,0,no_volume,0,0,0,0,no_volume,0,0,0,0,no_volume,0,0,0,0,0,0,24970,22839,-0.0446,0,268,24,21,34,33,1
1774108464,33,66,0,0,0,0,no_volume,0,0,0,0,no_volume,0,0,0,0,no_volume,0,0,0,0,0,0,24970,22839,-0.0446,0,1242,24,21,34,33,1
1774108465,33,66,0,0,0,0,no_volume,0,0,0,0,no_volume,0,0,0,0,no_volume,0,0,0,0,0,0,24970,22839,-0.0446,0,0,24,21,34,33,1
1774108466,33,66,0,0,0,0,no_volume,0,0,0,0,no_volume,0,0,0,0,no_volume,0,0,0,0,0,0,24970,22839,-0.0446,0,0,24,21,34,33,1
1774108467,33,66,0,0,0,0,no_volume,0,0,0,0,no_volume,0,0,0,0,no_volume,0,0,0,0,0,0,23148,22839,-0.0067,-1822,-1822,23,21,34,33,1
1774108468,33,66,0,0,0,0,no_volume,0,0,0,0,no_volume,0,0,0,0,no_volume,0,0,0,0,0,0,24970,22839,-0.0446,0,1822,23,21,34,33,1
1774108469,33,66,0,0,0,0,no_volume,0,0,0,0,no_volume,0,0,0,0,no_volume,0,0,0,0,0,0,24970,22839,-0.0446,0,0,23,21,34,33,1
1774108470,33,66,0,0,0,0,no_volume,0,0,0,0,no_volume,0,0,0,0,no_volume,0,0,0,0,0,0,24970,22839,-0.0446,1822,0,23,21,34,33,1
1774108471,33,66,0,0,0,0,no_volume,0,0,0,0,no_volume,0,0,0,0,no_volume,0,0,0,0,0,0,24970,22839,-0.0446,0,0,23,21,34,33,1
1774108472,33,66,0,0,0,0,no_volume,0,0,0,0,no_volume,0,0,0,0,no_volume,0,0,0,0,0,0,24970,22839,-0.0446,0,0,23,21,34,33,1
1774108473,33,66,0,0,0,0,no_volume,0,0,0,0,no_volume,0,0,0,0,no_volume,0,0,0,0,0,0,24970,22839,-0.0446,0,0,23,21,34,33,1
1774108474,33,66,0,0,0,0,no_volume,0,0,0,0,no_volume,0,0,0,0,no_volume,0,0,0,0,0,0,24970,22820,-0.045,0,0,23,21,34,33,1
1774108475,33,66,0,0,0,0,no_volume,0,0,0,0,no_volume,0,0,0,0,no_volume,0,0,0,0,0,0,23996,22820,-0.0251,-974,-974,23,21,34,33,1
1774108476,33,66,0,0,0,0,no_volume,0,0,0,0,no_volume,0,0,0,0,no_volume,0,0,0,0,0,0,23996,22820,-0.0251,-974,-974,23,21,34,33,1
1774108477,33,66,0,0,0,0,no_volume,0,0,0,0,no_volume,0,0,0,0,no_volume,0,0,0,0,0,0,22174,22820,0.0144,-2796,-974,23,21,34,33,1
1774108478,33,66,0,0,0,0,no_volume,0,0,0,0,no_volume,0,0,0,0,no_volume,0,0,0,0,0,0,24970,22820,-0.045,974,0,25,21,34,33,1
1774108479,33,66,0,0,0,0,no_volume,0,0,0,0,no_volume,0,0,0,0,no_volume,0,0,0,0,0,0,24970,22820,-0.045,974,0,25,21,34,33,1
1774108480,33,66,0,0,0,0,no_volume,0,0,0,0,no_volume,0,0,0,0,no_volume,0,0,0,0,0,0,24970,22820,-0.045,2796,0,25,21,34,33,1
1774108481,33,66,0,0,0,0,no_volume,0,0,0,0,no_volume,0,0,0,0,no_volume,0,0,0,0,0,0,24970,22820,-0.045,0,0,25,21,34,33,1
1774108482,33,66,0,0,0,0,no_volume,0,0,0,0,no_volume,0,0,0,0,no_volume,0,0,0,0,0,0,24970,22820,-0.045,0,0,25,21,34,33,1
1774108483,33,66,0,0,0,0,no_volume,0,0,0,0,no_volume,0,0,0,0,no_volume,0,0,0,0,0,0,24970,22820,-0.045,0,0,25,21,34,33,1
1774108484,33,66,0,0,0,0,no_volume,0,0,0,0,no_volume,0,0,0,0,no_volume,0,0,0,0,0,0,23996,22839,-0.0247,-974,-974,24,21,34,33,1
1774108485,33,66,0,0,0,0,no_volume,0,0,0,0,no_volume,0,0,0,0,no_volume,0,0,0,0,0,0,23996,22839,-0.0247,-974,0,24,21,34,33,1
1774108486,33,66,0,0,0,0,no_volume,0,0,0,0,no_volume,0,0,0,0,no_volume,0,0,0,0,0,0,23996,22839,-0.0247,-974,0,24,21,34,33,1
1774108487,33,66,0,0,0,0,no_volume,0,0,0,0,no_volume,0,0,0,0,no_volume,0,0,0,0,0,0,23996,22839,-0.0247,0,1822,24,21,34,33,1
1774108488,33,66,0,0,0,0,no_volume,0,0,0,0,no_volume,0,0,0,0,no_volume,0,0,0,0,0,0,23996,22839,-0.0247,0,-974,24,21,34,33,1
1774108489,33,66,0,0,0,0,no_volume,0,0,0,0,no_volume,0,0,0,0,no_volume,0,0,0,0,0,0,23148,22839,-0.0067,-848,-1822,23,21,34,33,1
1774108490,33,66,0,0,0,0,no_volume,0,0,0,0,no_volume,0,0,0,0,no_volume,0,0,0,0,0,0,24970,22839,-0.0446,974,0,23,21,34,33,1
1774108491,33,66,0,0,0,0,no_volume,0,0,0,0,no_volume,0,0,0,0,no_volume,0,0,0,0,0,0,24970,22839,-0.0446,974,0,23,21,34,33,1
1774108492,33,66,0,0,0,0,no_volume,0,0,0,0,no_volume,0,0,0,0,no_volume,0,0,0,0,0,0,24970,22839,-0.0446,1822,0,23,21,34,33,1
1774108493,33,66,0,0,0,0,no_volume,0,0,0,0,no_volume,0,0,0,0,no_volume,0,0,0,0,0,0,25944,22820,-0.0641,974,974,24,21,34,33,1
1774108494,33,66,0,0,0,0,no_volume,0,0,0,0,no_volume,0,0,0,0,no_volume,0,0,0,0,0,0,25944,22820,-0.0641,974,1948,24,21,34,33,1
1774108495,33,66,0,0,0,0,no_volume,0,0,0,0,no_volume,0,0,0,0,no_volume,0,0,0,0,0,0,24122,22820,-0.0277,-848,126,24,21,34,33,1
1774108496,33,66,0,0,0,0,no_volume,0,0,0,0,no_volume,0,0,0,0,no_volume,0,0,0,0,0,0,22174,22820,0.0144,-3770,-1822,23,21,34,33,1
1774108497,33,66,0,0,0,0,no_volume,0,0,0,0,no_volume,0,0,0,0,no_volume,0,0,0,0,0,0,24970,22820,-0.045,-974,974,25,21,34,33,1
1774108498,33,66,0,0,0,0,no_volume,0,0,0,0,no_volume,0,0,0,0,no_volume,0,0,0,0,0,0,24970,22820,-0.045,848,974,25,21,34,33,1
1774108499,33,66,0,0,0,0,no_volume,0,0,0,0,no_volume,0,0,0,0,no_volume,0,0,0,0,0,0,24970,22820,-0.045,2796,1822,25,21,34,33,1
1774108500,33,66,0,0,0,0,no_volume,0,0,0,0,no_volume,0,0,0,0,no_volume,0,0,0,0,0,0,24970,22820,-0.045,0,0,25,21,34,33,1
1774108501,33,66,0,0,0,0,no_volume,0,0,0,0,no_volume,0,0,0,0,no_volume,0,0,0,0,0,0,24970,22820,-0.045,0,0,25,21,34,33,1
1774108502,33,66,0,0,0,0,no_volume,0,0,0,0,no_volume,0,0,0,0,no_volume,0,0,0,0,0,0,23996,22839,-0.0247,-974,-974,24,21,34,33,1
1774108503,33,66,0,0,0,0,no_volume,0,0,0,0,no_volume,0,0,0,0,no_volume,0,0,0,0,0,0,23996,22839,-0.0247,-974,-1948,24,21,34,33,1
1774108504,33,66,0,0,0,0,no_volume,0,0,0,0,no_volume,0,0,0,0,no_volume,0,0,0,0,0,0,23996,22839,-0.0247,-974,-1948,24,21,34,33,1
1774108505,33,66,0,0,0,0,no_volume,0,0,0,0,no_volume,0,0,0,0,no_volume,0,0,0,0,0,0,23148,22839,-0.0067,-848,-974,23,21,34,33,1
1774108506,33,66,0,0,0,0,no_volume,0,0,0,0,no_volume,0,0,0,0,no_volume,0,0,0,0,0,0,24970,22839,-0.0446,974,2796,23,21,34,33,1
1774108507,33,66,0,0,0,0,no_volume,0,0,0,0,no_volume,0,0,0,0,no_volume,0,0,0,0,0,0,24970,22839,-0.0446,974,0,23,21,34,33,1
1774108508,33,66,0,0,0,0,no_volume,0,0,0,0,no_volume,0,0,0,0,no_volume,0,0,0,0,0,0,24970,22839,-0.0446,1822,0,23,21,34,33,1
1774108509,33,66,0,0,0,0,no_volume,0,0,0,0,no_volume,0,0,0,0,no_volume,0,0,0,0,0,0,24970,22839,-0.0446,0,0,23,21,34,33,1
1774108510,33,66,0,0,0,0,no_volume,0,0,0,0,no_volume,0,0,0,0,no_volume,0,0,0,0,0,0,24970,22839,-0.0446,0,0,23,21,34,33,1
1774108511,33,66,0,0,0,0,no_volume,0,0,0,0,no_volume,0,0,0,0,no_volume,0,0,0,0,0,0,23996,22820,-0.0251,-974,-974,23,21,34,33,1
1774108512,33,66,0,0,0,0,no_volume,0,0,0,0,no_volume,0,0,0,0,no_volume,0,0,0,0,0,0,23996,22820,-0.0251,-974,0,23,21,34,33,1
1774108513,33,66,0,0,0,0,no_volume,0,0,0,0,no_volume,0,0,0,0,no_volume,0,0,0,0,0,0,23996,22820,-0.0251,-974,0,23,21,34,33,1
1774108514,33,66,0,0,0,0,no_volume,0,0,0,0,no_volume,0,0,0,0,no_volume,0,0,0,0,0,0,23148,22820,-0.0071,-848,-848,24,21,34,33,1
1774108515,33,66,0,0,0,0,no_volume,0,0,0,0,no_volume,0,0,0,0,no_volume,0,0,0,0,0,0,24970,22820,-0.045,974,1822,24,21,34,33,1
1774108516,33,66,0,0,0,0,no_volume,0,0,0,0,no_volume,0,0,0,0,no_volume,0,0,0,0,0,0,24970,22820,-0.045,974,0,24,21,34,33,1
1774108517,33,66,0,0,0,0,no_volume,0,0,0,0,no_volume,0,0,0,0,no_volume,0,0,0,0,0,0,24970,22820,-0.045,1822,0,24,21,34,33,1
1774108518,33,66,0,0,0,0,no_volume,0,0,0,0,no_volume,0,0,0,0,no_volume,0,0,0,0,0,0,24970,22820,-0.045,0,0,24,21,34,33,1
1774108519,33,66,0,0,0,0,no_volume,0,0,0,0,no_volume,0,0,0,0,no_volume,0,0,0,0,0,0,24970,22820,-0.045,0,0,24,21,34,33,1
1774108520,33,66,0,0,0,0,no_volume,0,0,0,0,no_volume,0,0,0,0,no_volume,0,0,0,0,0,0,23699,22820,-0.0189,-1271,-1271,24,21,34,33,1
1774108521,33,66,0,0,0,0,no_volume,0,0,0,0,no_volume,0,0,0,0,no_volume,0,0,0,0,0,0,23699,22839,-0.0185,-1271,-297,24,21,34,33,1
1774108522,33,66,0,0,0,0,no_volume,0,0,0,0,no_volume,0,0,0,0,no_volume,0,0,0,0,0,0,23699,22839,-0.0185,-1271,-297,24,21,34,33,1
1774108523,33,66,0,0,0,0,no_volume,0,0,0,0,no_volume,0,0,0,0,no_volume,0,0,0,0,0,0,21877,22839,0.0215,-1822,-2119,23,21,34,33,1
1774108524,33,66,0,0,0,0,no_volume,0,0,0,0,no_volume,0,0,0,0,no_volume,0,0,0,0,0,0,24673,22839,-0.0386,974,1525,24,21,34,33,1
1774108525,33,66,0,0,0,0,no_volume,0,0,0,0,no_volume,0,0,0,0,no_volume,0,0,0,0,0,0,24673,22839,-0.0386,974,-297,23,21,34,33,1
1774108526,33,66,0,0,0,0,no_volume,0,0,0,0,no_volume,0,0,0,0,no_volume,0,0,0,0,0,0,24673,22839,-0.0386,2796,-297,23,21,34,33,1
1774108527,33,66,0,0,0,0,no_volume,0,0,0,0,no_volume,0,0,0,0,no_volume,0,0,0,0,0,0,24673,22839,-0.0386,0,-297,23,21,34,33,1
1774108528,33,66,0,0,0,0,no_volume,0,0,0,0,no_volume,0,0,0,0,no_volume,0,0,0,0,0,0,24673,22839,-0.0386,0,-297,23,21,34,33,1
1774108529,33,66,0,0,0,0,no_volume,0,0,0,0,no_volume,0,0,0,0,no_volume,0,0,0,0,0,0,24673,22820,-0.039,0,-297,23,21,34,33,1
1774108530,33,66,0,0,0,0,no_volume,0,0,0,0,no_volume,0,0,0,0,no_volume,0,0,0,0,0,0,24673,22820,-0.039,0,974,24,21,34,33,1
1774108531,33,66,0,0,0,0,no_volume,0,0,0,0,no_volume,0,0,0,0,no_volume,0,0,0,0,0,0,24673,22820,-0.039,0,974,24,21,34,33,1
1774108532,33,66,0,0,0,0,no_volume,0,0,0,0,no_volume,0,0,0,0,no_volume,0,0,0,0,0,0,22851,22820,-0.0007,-1822,-848,24,21,34,33,1
1774108533,33,66,0,0,0,0,no_volume,0,0,0,0,no_volume,0,0,0,0,no_volume,0,0,0,0,0,0,25647,22820,-0.0583,974,3770,26,21,34,33,1
1774108534,33,66,0,0,0,0,no_volume,0,0,0,0,no_volume,0,0,0,0,no_volume,0,0,0,0,0,0,25647,22820,-0.0583,974,974,26,21,34,33,1
1774108535,33,66,0,0,0,0,no_volume,0,0,0,0,no_volume,0,0,0,0,no_volume,0,0,0,0,0,0,25647,22820,-0.0583,2796,974,26,21,34,33,1
1774108536,33,66,0,0,0,0,no_volume,0,0,0,0,no_volume,0,0,0,0,no_volume,0,0,0,0,0,0,25647,22820,-0.0583,0,974,26,21,34,33,1
1774108537,33,66,0,0,0,0,no_volume,0,0,0,0,no_volume,0,0,0,0,no_volume,0,0,0,0,0,0,25647,22820,-0.0583,0,974,26,21,34,33,1
1774108538,33,66,0,0,0,0,no_volume,0,0,0,0,no_volume,0,0,0,0,no_volume,0,0,0,0,0,0,25647,22820,-0.0583,0,974,26,21,34,33,1
1774108539,33,66,0,0,0,0,no_volume,0,0,0,0,no_volume,0,0,0,0,no_volume,0,0,0,0,0,0,25647,22820,-0.0583,0,974,26,21,34,33,1
1774108540,33,66,0,0,0,0,no_volume,0,0,0,0,no_volume,0,0,0,0,no_volume,0,0,0,0,0,0,23699,22839,-0.0185,-1948,-974,24,21,34,33,1
1774108541,33,66,0,0,0,0,no_volume,0,0,0,0,no_volume,0,0,0,0,no_volume,0,0,0,0,0,0,23699,22839,-0.0185,-1948,-974,24,21,34,33,1
1774108542,33,66,0,0,0,0,no_volume,0,0,0,0,no_volume,0,0,0,0,no_volume,0,0,0,0,0,0,22851,22839,-0.0003,-2796,0,23,21,34,33,1
1774108543,33,66,0,0,0,0,no_volume,0,0,0,0,no_volume,0,0,0,0,no_volume,0,0,0,0,0,0,24673,22839,-0.0386,974,-974,23,21,34,33,1
1774108544,33,66,0,0,0,0,no_volume,0,0,0,0,no_volume,0,0,0,0,no_volume,0,0,0,0,0,0,24673,22839,-0.0386,974,-974,23,21,34,33,1
1774108545,33,66,0,0,0,0,no_volume,0,0,0,0,no_volume,0,0,0,0,no_volume,0,0,0,0,0,0,24673,22839,-0.0386,1822,-974,23,21,34,33,1
1774108546,33,66,0,0,0,0,no_volume,0,0,0,0,no_volume,0,0,0,0,no_volume,0,0,0,0,0,0,24673,22839,-0.0386,0,-974,23,21,34,33,1
1774108547,33,66,0,0,0,0,no_volume,0,0,0,0,no_volume,0,0,0,0,no_volume,0,0,0,0,0,0,24673,22839,-0.0386,0,-974,23,21,34,33,1
1774108548,33,66,0,0,0,0,no_volume,0,0,0,0,no_volume,0,0,0,0,no_volume,0,0,0,0,0,0,24673,22839,-0.0386,0,-974,23,21,34,33,1
1774108549,33,66,0,0,0,0,no_volume,0,0,0,0,no_volume,0,0,0,0,no_volume,0,0,0,0,0,0,23699,22820,-0.0189,-974,-1948,23,21,34,33,1
1774108550,33,66,0,0,0,0,no_volume,0,0,0,0,no_volume,0,0,0,0,no_volume,0,0,0,0,0,0,21877,22820,0.0211,-2796,-1822,23,21,34,33,1
1774108551,33,66,0,0,0,0,no_volume,0,0,0,0,no_volume,0,0,0,0,no_volume,0,0,0,0,0,0,23699,22820,-0.0189,-974,0,24,21,34,33,1
1774108552,33,66,0,0,0,0,no_volume,0,0,0,0,no_volume,0,0,0,0,no_volume,0,0,0,0,0,0,23699,22820,-0.0189,0,848,24,21,34,33,1
1774108553,33,66,0,0,0,0,no_volume,0,0,0,0,no_volume,0,0,0,0,no_volume,0,0,0,0,0,0,25001,22820,-0.0456,3124,328,25,21,34,33,1
1774108554,33,66,0,0,0,0,no_volume,0,0,0,0,no_volume,0,0,0,0,no_volume,0,0,0,0,0,0,25001,22820,-0.0456,1302,328,25,21,34,33,1
1774108555,33,66,0,0,0,0,no_volume,0,0,0,0,no_volume,0,0,0,0,no_volume,0,0,0,0,0,0,25001,22820,-0.0456,1302,328,25,21,34,33,1
1774108556,33,66,0,0,0,0,no_volume,0,0,0,0,no_volume,0,0,0,0,no_volume,0,0,0,0,0,0,25001,22820,-0.0456,0,328,25,21,34,33,1
1774108557,33,66,0,0,0,0,no_volume,0,0,0,0,no_volume,0,0,0,0,no_volume,0,0,0,0,0,0,25001,22820,-0.0456,0,328,25,21,34,33,1
1774108558,33,66,0,0,0,0,no_volume,0,0,0,0,no_volume,0,0,0,0,no_volume,0,0,0,0,0,0,24027,22839,-0.0253,-974,-646,24,21,34,33,1
1774108559,33,66,0,0,0,0,no_volume,0,0,0,0,no_volume,0,0,0,0,no_volume,0,0,0,0,0,0,23179,22839,-0.0074,-1822,-520,23,21,34,33,1
1774108560,33,66,0,0,0,0,no_volume,0,0,0,0,no_volume,0,0,0,0,no_volume,0,0,0,0,0,0,23179,22839,-0.0074,-1822,1302,23,21,34,33,1
1774108561,33,66,0,0,0,0,no_volume,0,0,0,0,no_volume,0,0,0,0,no_volume,0,0,0,0,0,0,25001,22839,-0.0452,974,1302,23,21,34,33,1
1774108562,33,66,0,0,0,0,no_volume,0,0,0,0,no_volume,0,0,0,0,no_volume,0,0,0,0,0,0,25001,22839,-0.0452,1822,1302,23,21,34,33,1
1774108563,33,66,0,0,0,0,no_volume,0,0,0,0,no_volume,0,0,0,0,no_volume,0,0,0,0,0,0,25001,22839,-0.0452,1822,0,23,21,34,33,1
1774108564,33,66,0,0,0,0,no_volume,0,0,0,0,no_volume,0,0,0,0,no_volume,0,0,0,0,0,0,25001,22839,-0.0452,0,0,23,21,34,33,1
1774108565,33,66,0,0,0,0,no_volume,0,0,0,0,no_volume,0,0,0,0,no_volume,0,0,0,0,0,0,25001,22839,-0.0452,0,0,23,21,34,33,1
1774108566,33,66,0,0,0,0,no_volume,0,0,0,0,no_volume,0,0,0,0,no_volume,0,0,0,0,0,0,25001,22839,-0.0452,0,0,23,21,34,33,1
1774108567,33,66,0,0,0,0,no_volume,0,0,0,0,no_volume,0,0,0,0,no_volume,0,0,0,0,0,0,24027,22820,-0.0258,-974,-974,23,21,34,33,1
1774108568,33,66,0,0,0,0,no_volume,0,0,0,0,no_volume,0,0,0,0,no_volume,0,0,0,0,0,0,24027,22820,-0.0258,-974,0,23,21,34,33,1
1774108569,33,66,0,0,0,0,no_volume,0,0,0,0,no_volume,0,0,0,0,no_volume,0,0,0,0,0,0,22205,22820,0.0137,-2796,-974,23,21,34,33,1
1774108570,33,66,0,0,0,0,no_volume,0,0,0,0,no_volume,0,0,0,0,no_volume,0,0,0,0,0,0,25001,22820,-0.0456,974,1822,25,21,34,33,1
1774108571,33,66,0,0,0,0,no_volume,0,0,0,0,no_volume,0,0,0,0,no_volume,0,0,0,0,0,0,25001,22820,-0.0456,974,0,25,21,34,33,1
1774108572,33,66,0,0,0,0,no_volume,0,0,0,0,no_volume,0,0,0,0,no_volume,0,0,0,0,0,0,25001,22820,-0.0456,2796,0,25,21,34,33,1
1774108573,33,66,0,0,0,0,no_volume,0,0,0,0,no_volume,0,0,0,0,no_volume,0,0,0,0,0,0,25001,22820,-0.0456,0,0,25,21,34,33,1
1774108574,33,66,0,0,0,0,no_volume,0,0,0,0,no_volume,0,0,0,0,no_volume,0,0,0,0,0,0,25001,22820,-0.0456,0,0,25,21,34,33,1
1774108575,33,66,0,0,0,0,no_volume,0,0,0,0,no_volume,0,0,0,0,no_volume,0,0,0,0,0,0,25001,22820,-0.0456,0,0,25,21,34,33,1
1774108576,33,66,0,0,0,0,no_volume,0,0,0,0,no_volume,0,0,0,0,no_volume,0,0,0,0,0,0,24027,22839,-0.0253,-974,-974,24,21,34,33,1
1774108577,33,66,0,0,0,0,no_volume,0,0,0,0,no_volume,0,0,0,0,no_volume,0,0,0,0,0,0,24027,22839,-0.0253,-974,0,24,21,34,33,1
1774108578,33,66,0,0,0,0,no_volume,0,0,0,0,no_volume,0,0,0,0,no_volume,0,0,0,0,0,0,23201,22839,-0.0079,-1800,-826,23,21,34,33,1
1774108579,33,66,0,0,0,0,no_volume,0,0,0,0,no_volume,0,0,0,0,no_volume,0,0,0,0,0,0,25023,22839,-0.0456,996,2818,23,21,34,33,1
1774108580,33,66,0,0,0,0,low_activity,0,0,0,0,low_activity,0,0,0,0,low_activity,0,0,0,0,0,0,24528,22839,-0.0357,501,-473,23,21,34,33,1
1774108581,33,66,0,0,0,0,low_activity,0,0,0,0,low_activity,0,0,0,0,low_activity,0,0,0,0,0,0,23926,22839,-0.0232,725,-1075,23,21,34,33,1
1774108582,33,66,0,0,0,0,low_activity,0,0,0,0,low_activity,0,0,0,0,low_activity,0,0,0,0,0,0,22750,22839,0.002,-2273,-2251,24,21,34,33,1
1774108583,33,66,0,0,0,0,no_volume,0,0,0,0,low_activity,0,0,0,0,low_activity,0,0,0,0,0,0,24572,22839,-0.0366,44,-429,24,21,34,33,1
1774108584,33,66,0,0,0,0,no_volume,0,0,0,0,low_activity,0,0,0,0,low_activity,0,0,0,0,0,0,24572,22839,-0.0366,646,-429,24,21,34,33,1
1774108585,33,66,0,0,0,0,no_volume,0,0,0,0,no_volume,0,0,0,0,low_activity,0,0,0,0,0,0,23598,22820,-0.0168,848,-1403,24,21,34,33,1
1774108586,33,66,0,0,0,0,no_volume,0,0,0,0,no_volume,0,0,0,0,low_activity,0,0,0,0,0,0,24065,22820,-0.0266,-507,38,24,21,34,33,1
1774108587,33,66,0,0,0,0,no_volume,0,0,0,0,no_volume,0,0,0,0,low_activity,0,0,0,0,0,0,24065,22820,-0.0266,-507,38,24,21,34,33,1
1774108588,33,66,0,0,0,0,no_volume,0,0,0,0,no_volume,0,0,0,0,low_activity,0,0,0,0,0,0,22243,22820,0.0128,-1355,-958,23,21,34,33,1
1774108589,33,66,0,0,0,0,no_volume,0,0,0,0,no_volume,0,0,0,0,low_activity,0,0,0,0,0,0,24065,22820,-0.0266,0,-958,23,21,34,33,1
1774108590,33,66,0,0,0,0,no_volume,0,0,0,0,no_volume,0,0,0,0,low_activity,0,0,0,0,0,0,24065,23134,-0.0197,0,-463,23,21,34,33,1
1774108591,33,66,0,0,0,0,no_volume,0,0,0,0,no_volume,0,0,0,0,low_activity,0,0,0,0,0,0,24065,23134,-0.0197,1822,139,23,21,34,33,1
1774108592,33,66,0,0,0,0,no_volume,0,0,0,0,no_volume,0,0,0,0,low_activity,0,0,0,0,0,0,25039,23158,-0.039,974,2289,24,21,34,33,1
1774108593,33,66,0,0,0,0,no_volume,0,0,0,0,no_volume,0,0,0,0,low_activity,0,0,0,0,0,0,25039,23158,-0.039,974,467,24,21,34,33,1
1774108594,33,66,0,0,0,0,no_volume,0,0,0,0,no_volume,0,0,0,0,low_activity,0,0,0,0,0,0,21269,23177,0.0429,-2796,-3303,23,21,34,33,1
1774108595,33,66,0,0,0,0,no_volume,0,0,0,0,no_volume,0,0,0,0,low_activity,0,0,0,0,0,0,25911,23177,-0.0557,872,2313,25,21,34,33,1
1774108596,33,66,0,0,0,0,no_volume,0,0,0,0,no_volume,0,0,0,0,low_activity,0,0,0,0,0,0,26885,22863,-0.0808,1846,2820,25,21,34,33,1
1774108597,33,66,0,0,0,0,no_volume,0,0,0,0,no_volume,0,0,0,0,low_activity,0,0,0,0,0,0,26885,22863,-0.0808,5616,2820,25,21,34,33,1
1774108598,33,66,0,0,0,0,no_volume,0,0,0,0,no_volume,0,0,0,0,low_activity,0,0,0,0,0,0,26885,22863,-0.0808,974,4642,25,21,34,33,1
1774108599,33,66,0,0,0,0,no_volume,0,0,0,0,no_volume,0,0,0,0,low_activity,0,0,0,0,0,0,26885,22863,-0.0808,0,2820,25,21,34,33,1
1774108600,33,66,0,0,0,0,no_volume,0,0,0,0,no_volume,0,0,0,0,low_activity,0,0,0,0,0,0,25063,23330,-0.0358,-1822,998,25,21,34,33,1
1774108601,33,66,0,0,0,0,no_volume,0,0,0,0,no_volume,0,0,0,0,low_activity,0,0,0,0,0,0,25911,22863,-0.0625,-974,1846,23,21,34,33,1
1774108602,33,66,0,0,0,0,no_volume,0,0,0,0,no_volume,0,0,0,0,low_activity,0,0,0,0,0,0,25911,22863,-0.0625,-974,872,24,21,34,33,1
1774108603,33,66,0,0,0,0,no_volume,0,0,0,0,no_volume,0,0,0,0,low_activity,0,0,0,0,0,0,25911,22863,-0.0625,848,872,24,21,34,33,1
1774108604,33,66,0,0,0,0,no_volume,0,0,0,0,no_volume,0,0,0,0,low_activity,0,0,0,0,0,0,26885,22844,-0.0813,974,5616,25,21,34,33,1
1774108605,33,66,0,0,0,0,no_volume,0,0,0,0,no_volume,0,0,0,0,low_activity,0,0,0,0,0,0,26885,22844,-0.0813,974,974,25,21,34,33,1
1774108606,33,66,0,0,0,0,no_volume,0,0,0,0,no_volume,0,0,0,0,low_activity,0,0,0,0,0,0,24089,22844,-0.0265,-1822,-2796,24,21,34,33,1
1774108607,33,66,0,0,0,0,no_volume,0,0,0,0,no_volume,0,0,0,0,low_activity,0,0,0,0,0,0,26885,22844,-0.0813,0,0,25,21,34,33,1
1774108608,33,66,0,0,0,0,no_volume,0,0,0,0,no_volume,0,0,0,0,low_activity,0,0,0,0,0,0,26885,22844,-0.0813,0,0,24,21,34,33,1
1774108609,33,66,0,0,0,0,no_volume,0,0,0,0,no_volume,0,0,0,0,low_activity,0,0,0,0,0,0,26885,22844,-0.0813,2796,0,24,21,34,33,1
1774108610,33,66,0,0,0,0,no_volume,0,0,0,0,no_volume,0,0,0,0,no_volume,0,0,0,0,0,0,26885,22844,-0.0813,0,1822,24,21,34,33,1
1774108611,33,66,0,0,0,0,no_volume,0,0,0,0,no_volume,0,0,0,0,no_volume,0,0,0,0,0,0,26885,22844,-0.0813,0,974,24,21,34,33,1
1774108612,33,66,0,0,0,0,no_volume,0,0,0,0,no_volume,0,0,0,0,no_volume,0,0,0,0,0,0,26885,22844,-0.0813,0,974,24,21,34,33,1
1774108613,33,66,0,0,0,0,no_volume,0,0,0,0,no_volume,0,0,0,0,no_volume,0,0,0,0,0,0,25911,22863,-0.0625,-974,0,24,21,34,33,1
1774108614,33,66,0,0,0,0,no_volume,0,0,0,0,no_volume,0,0,0,0,no_volume,0,0,0,0,0,0,25911,22863,-0.0625,-974,-974,24,21,34,33,1
1774108615,33,66,0,0,0,0,no_volume,0,0,0,0,no_volume,0,0,0,0,no_volume,0,0,0,0,0,0,24089,22863,-0.0261,-2796,-2796,24,21,34,33,1
1774108616,33,66,0,0,0,0,no_volume,0,0,0,0,no_volume,0,0,0,0,no_volume,0,0,0,0,0,0,24089,22863,-0.0261,-1822,0,24,21,34,33,1
1774108617,33,66,0,0,0,0,no_volume,0,0,0,0,no_volume,0,0,0,0,no_volume,0,0,0,0,0,0,26885,22863,-0.0808,974,0,26,21,34,33,1
1774108618,33,66,0,0,0,0,no_volume,0,0,0,0,no_volume,0,0,0,0,no_volume,0,0,0,0,0,0,26885,22863,-0.0808,2796,0,26,21,34,33,1
1774108619,33,66,0,0,0,0,no_volume,0,0,0,0,no_volume,0,0,0,0,no_volume,0,0,0,0,0,0,26885,22863,-0.0808,2796,0,26,21,34,33,1
1774108620,33,66,0,0,0,0,no_volume,0,0,0,0,no_volume,0,0,0,0,no_volume,0,0,0,0,0,0,26885,22863,-0.0808,0,0,26,21,34,33,1
1774108621,33,66,0,0,0,0,no_volume,0,0,0,0,no_volume,0,0,0,0,no_volume,0,0,0,0,0,0,25911,22844,-0.0629,-974,-974,25,21,34,33,1
1774108622,33,66,0,0,0,0,no_volume,0,0,0,0,no_volume,0,0,0,0,no_volume,0,0,0,0,0,0,25911,22844,-0.0629,-974,-974,25,21,34,33,1
1774108623,33,66,0,0,0,0,no_volume,0,0,0,0,no_volume,0,0,0,0,no_volume,0,0,0,0,0,0,25911,22844,-0.0629,-974,0,25,21,34,33,1
1774108624,33,66,0,0,0,0,no_volume,0,0,0,0,no_volume,0,0,0,0,no_volume,0,0,0,0,0,0,25911,22844,-0.0629,0,0,25,21,34,33,1
1774108625,33,66,0,0,0,0,no_volume,0,0,0,0,no_volume,0,0,0,0,no_volume,0,0,0,0,0,0,25063,22844,-0.0463,-848,974,24,21,34,33,1
1774108626,33,66,0,0,0,0,no_volume,0,0,0,0,no_volume,0,0,0,0,no_volume,0,0,0,0,0,0,26885,22844,-0.0813,974,2796,24,21,34,33,1
1774108627,33,66,0,0,0,0,no_volume,0,0,0,0,no_volume,0,0,0,0,no_volume,0,0,0,0,0,0,26885,22844,-0.0813,974,0,24,21,34,33,1
1774108628,33,66,0,0,0,0,no_volume,0,0,0,0,no_volume,0,0,0,0,no_volume,0,0,0,0,0,0,26885,22844,-0.0813,1822,0,24,21,34,33,1
1774108629,33,66,0,0,0,0,no_volume,0,0,0,0,no_volume,0,0,0,0,no_volume,0,0,0,0,0,0,26037,22844,-0.0653,-848,-848,25,21,34,33,1
1774108630,33,66,0,0,0,0,no_volume,0,0,0,0,no_volume,0,0,0,0,no_volume,0,0,0,0,0,0,25911,22863,-0.0625,-974,-974,24,21,34,33,1
1774108631,33,66,0,0,0,0,no_volume,0,0,0,0,no_volume,0,0,0,0,no_volume,0,0,0,0,0,0,25911,22863,-0.0625,-974,0,24,21,34,33,1
1774108632,33,66,0,0,0,0,no_volume,0,0,0,0,no_volume,0,0,0,0,no_volume,0,0,0,0,0,0,25911,22863,-0.0625,-126,0,24,21,34,33,1
1774108633,33,66,0,0,0,0,no_volume,0,0,0,0,no_volume,0,0,0,0,no_volume,0,0,0,0,0,0,25911,22863,-0.0625,0,0,24,21,34,33,1
1774108634,33,66,0,0,0,0,no_volume,0,0,0,0,no_volume,0,0,0,0,no_volume,0,0,0,0,0,0,25911,22863,-0.0625,0,0,24,21,34,33,1
1774108635,33,66,0,0,0,0,no_volume,0,0,0,0,no_volume,0,0,0,0,no_volume,0,0,0,0,0,0,25911,22863,-0.0625,0,848,24,21,34,33,1
1774108636,33,66,0,0,0,0,no_volume,0,0,0,0,no_volume,0,0,0,0,no_volume,0,0,0,0,0,0,25911,22863,-0.0625,0,-974,24,21,34,33,1
1774108637,33,66,0,0,0,0,no_volume,0,0,0,0,no_volume,0,0,0,0,no_volume,0,0,0,0,0,0,25911,22863,-0.0625,0,-974,24,21,34,33,1
1774108638,33,66,0,0,0,0,no_volume,0,0,0,0,no_volume,0,0,0,0,no_volume,0,0,0,0,0,0,25911,22863,-0.0625,0,-974,24,21,34,33,1
1774108639,33,66,0,0,0,0,no_volume,0,0,0,0,no_volume,0,0,0,0,no_volume,0,0,0,0,0,0,25911,22844,-0.0629,0,-126,25,21,34,33,1
1774108640,33,66,0,0,0,0,no_volume,0,0,0,0,no_volume,0,0,0,0,no_volume,0,0,0,0,0,0,25911,22844,-0.0629,0,0,25,21,34,33,1
1774108641,33,66,0,0,0,0,no_volume,0,0,0,0,no_volume,0,0,0,0,no_volume,0,0,0,0,0,0,24089,22844,-0.0265,-1822,-1822,24,21,34,33,1
1774108642,33,66,0,0,0,0,no_volume,0,0,0,0,no_volume,0,0,0,0,no_volume,0,0,0,0,0,0,26885,22844,-0.0813,974,974,25,21,34,33,1
1774108643,33,66,0,0,0,0,no_volume,0,0,0,0,no_volume,0,0,0,0,no_volume,0,0,0,0,0,0,26885,22844,-0.0813,974,974,25,21,34,33,1
1774108644,33,66,0,0,0,0,no_volume,0,0,0,0,no_volume,0,0,0,0,no_volume,0,0,0,0,0,0,26885,22844,-0.0813,2796,974,25,21,34,33,1
1774108645,33,66,0,0,0,0,no_volume,0,0,0,0,no_volume,0,0,0,0,no_volume,0,0,0,0,0,0,26885,22844,-0.0813,0,974,25,21,34,33,1
1774108646,33,66,0,0,0,0,no_volume,0,0,0,0,no_volume,0,0,0,0,no_volume,0,0,0,0,0,0,26885,22844,-0.0813,0,974,25,21,34,33,1
1774108647,33,66,0,0,0,0,no_volume,0,0,0,0,no_volume,0,0,0,0,no_volume,0,0,0,0,0,0,26885,22844,-0.0813,0,974,25,21,34,33,1
1774108648,33,66,0,0,0,0,low_activity,0,0,0,0,low_activity,0,0,0,0,low_activity,0,0,0,0,0,0,25897,22844,-0.0626,-988,-14,25,21,34,33,1
1774108649,33,66,0,0,0,0,low_activity,0,0,0,0,low_activity,0,0,0,0,low_activity,0,0,0,0,0,0,25897,22863,-0.0622,-988,-14,25,21,34,33,1
1774108650,33,66,0,0,0,0,low_activity,0,0,0,0,low_activity,0,0,0,0,low_activity,0,0,0,0,0,0,25897,22863,-0.0622,-988,-14,25,21,34,33,1
1774108651,33,66,0,0,0,0,no_volume,0,0,0,0,low_activity,0,0,0,0,low_activity,0,0,0,0,0,0,25897,22863,-0.0622,0,1808,25,21,34,33,1
1774108652,33,66,0,0,0,0,no_volume,0,0,0,0,low_activity,0,0,0,0,low_activity,0,0,0,0,0,0,25049,22863,-0.0456,-848,-1836,24,21,34,33,1
1774108653,33,66,0,0,0,0,no_volume,0,0,0,0,no_volume,0,0,0,0,low_activity,0,0,0,0,0,0,26871,22863,-0.0806,974,-14,24,21,34,33,1
1774108654,33,66,0,0,0,0,no_volume,0,0,0,0,no_volume,0,0,0,0,low_activity,0,0,0,0,0,0,26871,22863,-0.0806,974,-14,24,21,34,33,1
1774108655,33,66,0,0,0,0,no_volume,0,0,0,0,no_volume,0,0,0,0,low_activity,0,0,0,0,0,0,26871,22863,-0.0806,1822,-14,24,21,34,33,1
1774108656,33,66,0,0,0,0,no_volume,0,0,0,0,no_volume,0,0,0,0,low_activity,0,0,0,0,0,0,26871,22863,-0.0806,0,-14,24,21,34,33,1
1774108657,33,66,0,0,0,0,no_volume,0,0,0,0,no_volume,0,0,0,0,low_activity,0,0,0,0,0,0,25897,22844,-0.0626,-974,-988,24,21,34,33,1
1774108658,33,66,0,0,0,0,no_volume,0,0,0,0,no_volume,0,0,0,0,low_activity,0,0,0,0,0,0,25897,22844,-0.0626,-974,0,24,21,34,33,1
1774108659,33,66,0,0,0,0,no_volume,0,0,0,0,no_volume,0,0,0,0,low_activity,0,0,0,0,0,0,25897,22844,-0.0626,-974,0,24,21,34,33,1
1774108660,33,66,0,0,0,0,no_volume,0,0,0,0,no_volume,0,0,0,0,low_activity,0,0,0,0,0,0,25897,22844,-0.0626,0,0,24,21,34,33,1
1774108661,33,66,0,0,0,0,no_volume,0,0,0,0,no_volume,0,0,0,0,low_activity,0,0,0,0,0,0,25049,22844,-0.046,-848,-848,25,21,34,33,1
1774108662,33,66,0,0,0,0,no_volume,0,0,0,0,no_volume,0,0,0,0,low_activity,0,0,0,0,0,0,26871,22844,-0.081,974,1822,25,21,34,33,1
1774108663,33,66,0,0,0,0,no_volume,0,0,0,0,no_volume,0,0,0,0,low_activity,0,0,0,0,0,0,26871,22844,-0.081,974,0,25,21,34,33,1
1774108664,33,66,0,0,0,0,no_volume,0,0,0,0,no_volume,0,0,0,0,low_activity,0,0,0,0,0,0,26871,22844,-0.081,1822,0,25,21,34,33,1
1774108665,33,66,0,0,0,0,no_volume,0,0,0,0,no_volume,0,0,0,0,low_activity,0,0,0,0,0,0,26871,22844,-0.081,0,0,25,21,34,33,1
1774108666,33,66,0,0,0,0,no_volume,0,0,0,0,no_volume,0,0,0,0,low_activity,0,0,0,0,0,0,26871,22844,-0.081,0,0,25,21,34,33,1
1774108667,33,66,0,0,0,0,no_volume,0,0,0,0,no_volume,0,0,0,0,low_activity,0,0,0,0,0,0,26871,22863,-0.0806,0,974,25,21,34,33,1
1774108668,33,66,0,0,0,0,no_volume,0,0,0,0,no_volume,0,0,0,0,low_activity,0,0,0,0,0,0,25897,22863,-0.0622,-974,0,25,21,34,33,1
1774108669,33,66,0,0,0,0,no_volume,0,0,0,0,no_volume,0,0,0,0,low_activity,0,0,0,0,0,0,24075,22863,-0.0258,-2796,-1822,24,21,34,33,1
1774108670,33,66,0,0,0,0,no_volume,0,0,0,0,no_volume,0,0,0,0,low_activity,0,0,0,0,0,0,26871,22863,-0.0806,0,974,24,21,34,33,1
1774108671,33,66,0,0,0,0,no_volume,0,0,0,0,no_volume,0,0,0,0,low_activity,0,0,0,0,0,0,26871,22863,-0.0806,974,1822,24,21,34,33,1
1774108672,33,66,0,0,0,0,no_volume,0,0,0,0,no_volume,0,0,0,0,low_activity,0,0,0,0,0,0,26871,22863,-0.0806,2796,0,24,21,34,33,1
1774108673,33,66,0,0,0,0,no_volume,0,0,0,0,no_volume,0,0,0,0,low_activity,0,0,0,0,0,0,25049,22863,-0.0456,-1822,-1822,24,21,34,33,1
1774108674,33,66,0,0,0,0,no_volume,0,0,0,0,no_volume,0,0,0,0,low_activity,0,0,0,0,0,0,26871,22863,-0.0806,0,0,24,21,34,33,1
1774108675,33,66,0,0,0,0,no_volume,0,0,0,0,no_volume,0,0,0,0,low_activity,0,0,0,0,0,0,26871,22863,-0.0806,0,0,24,21,34,33,1
1774108676,33,66,0,0,0,0,no_volume,0,0,0,0,no_volume,0,0,0,0,low_activity,0,0,0,0,0,0,25897,22844,-0.0626,848,-974,24,21,34,33,1
1774108677,33,66,0,0,0,0,no_volume,0,0,0,0,no_volume,0,0,0,0,low_activity,0,0,0,0,0,0,26871,22844,-0.081,0,0,24,21,34,33,1
1774108678,33,66,0,0,0,0,no_volume,0,0,0,0,no_volume,0,0,0,0,no_volume,0,0,0,0,0,0,26871,22844,-0.081,0,974,24,21,34,33,1
1774108679,33,66,0,0,0,0,no_volume,0,0,0,0,no_volume,0,0,0,0,no_volume,0,0,0,0,0,0,24075,22844,-0.0262,-1822,0,23,21,34,33,1
1774108680,33,66,0,0,0,0,no_volume,0,0,0,0,no_volume,0,0,0,0,no_volume,0,0,0,0,0,0,26871,22844,-0.081,0,0,25,21,34,33,1
1774108681,33,66,0,0,0,0,no_volume,0,0,0,0,no_volume,0,0,0,0,no_volume,0,0,0,0,0,0,26871,22844,-0.081,0,0,25,21,34,33,1
1774108682,33,66,0,0,0,0,no_volume,0,0,0,0,no_volume,0,0,0,0,no_volume,0,0,0,0,0,0,26871,22844,-0.081,2796,0,25,21,34,33,1
1774108683,33,66,0,0,0,0,no_volume,0,0,0,0,no_volume,0,0,0,0,no_volume,0,0,0,0,0,0,26871,22844,-0.081,0,1822,25,21,34,33,1
1774108684,33,66,0,0,0,0,no_volume,0,0,0,0,no_volume,0,0,0,0,no_volume,0,0,0,0,0,0,26871,22844,-0.081,0,0,25,21,34,33,1
1774108685,33,66,0,0,0,0,no_volume,0,0,0,0,no_volume,0,0,0,0,no_volume,0,0,0,0,0,0,26871,22844,-0.081,0,0,25,21,34,33,1
1774108686,33,66,0,0,0,0,no_volume,0,0,0,0,no_volume,0,0,0,0,no_volume,0,0,0,0,0,0,25897,22863,-0.0622,-974,0,25,21,34,33,1
1774108687,33,66,0,0,0,0,no_volume,0,0,0,0,no_volume,0,0,0,0,no_volume,0,0,0,0,0,0,25897,22863,-0.0622,-974,-974,25,21,34,33,1
1774108688,33,66,0,0,0,0,no_volume,0,0,0,0,no_volume,0,0,0,0,no_volume,0,0,0,0,0,0,24075,22863,-0.0258,-2796,-2796,24,21,34,33,1
1774108689,33,66,0,0,0,0,no_volume,0,0,0,0,no_volume,0,0,0,0,no_volume,0,0,0,0,0,0,25049,22863,-0.0456,-848,974,24,21,34,33,1
1774108690,33,66,0,0,0,0,no_volume,0,0,0,0,no_volume,0,0,0,0,no_volume,0,0,0,0,0,0,26871,22863,-0.0806,974,0,24,21,34,33,1
1774108691,33,66,0,0,0,0,no_volume,0,0,0,0,no_volume,0,0,0,0,no_volume,0,0,0,0,0,0,26871,22863,-0.0806,2796,0,24,21,34,33,1
1774108692,33,66,0,0,0,0,no_volume,0,0,0,0,no_volume,0,0,0,0,no_volume,0,0,0,0,0,0,26871,22863,-0.0806,1822,0,24,21,34,33,1
1774108693,33,66,0,0,0,0,no_volume,0,0,0,0,no_volume,0,0,0,0,no_volume,0,0,0,0,0,0,26871,22863,-0.0806,0,0,24,21,34,33,1
1774108694,33,66,0,0,0,0,no_volume,0,0,0,0,no_volume,0,0,0,0,no_volume,0,0,0,0,0,0,26871,22863,-0.0806,0,0,24,21,34,33,1
1774108695,33,66,0,0,0,0,no_volume,0,0,0,0,no_volume,0,0,0,0,no_volume,0,0,0,0,0,0,26871,22863,-0.0806,0,0,24,21,34,33,1
1774108696,33,66,0,0,0,0,no_volume,0,0,0,0,no_volume,0,0,0,0,no_volume,0,0,0,0,0,0,26871,22863,-0.0806,0,974,24,21,34,33,1
1774108697,33,66,0,0,0,0,no_volume,0,0,0,0,no_volume,0,0,0,0,no_volume,0,0,0,0,0,0,25897,22844,-0.0626,-974,0,24,21,34,33,1
1774108698,33,66,0,0,0,0,no_volume,0,0,0,0,no_volume,0,0,0,0,no_volume,0,0,0,0,0,0,25897,22844,-0.0626,-974,1822,24,21,34,33,1
1774108699,33,66,0,0,0,0,no_volume,0,0,0,0,no_volume,0,0,0,0,no_volume,0,0,0,0,0,0,24075,22377,-0.0366,-2796,-974,24,21,34,33,1
1774108700,33,66,0,0,0,0,no_volume,0,0,0,0,no_volume,0,0,0,0,no_volume,0,0,0,0,0,0,25897,22377,-0.0729,0,-974,25,21,34,33,1
1774108701,33,66,0,0,0,0,no_volume,0,0,0,0,no_volume,0,0,0,0,no_volume,0,0,0,0,0,0,26871,22844,-0.081,974,0,26,21,34,33,1
1774108702,33,66,0,0,0,0,no_volume,0,0,0,0,no_volume,0,0,0,0,no_volume,0,0,0,0,0,0,26871,22844,-0.081,2796,0,26,21,34,33,1
1774108703,33,66,0,0,0,0,no_volume,0,0,0,0,no_volume,0,0,0,0,no_volume,0,0,0,0,0,0,26871,22844,-0.081,974,0,26,21,34,33,1
1774108704,33,66,0,0,0,0,no_volume,0,0,0,0,no_volume,0,0,0,0,no_volume,0,0,0,0,0,0,26871,22844,-0.081,0,0,26,21,34,33,1
1774108705,33,66,0,0,0,0,no_volume,0,0,0,0,no_volume,0,0,0,0,no_volume,0,0,0,0,0,0,26871,22844,-0.081,0,0,26,21,34,33,1
1774108706,33,66,0,0,0,0,no_volume,0,0,0,0,no_volume,0,0,0,0,no_volume,0,0,0,0,0,0,26871,22863,-0.0806,0,0,26,21,34,33,1
1774108707,33,66,0,0,0,0,no_volume,0,0,0,0,no_volume,0,0,0,0,no_volume,0,0,0,0,0,0,25897,22863,-0.0622,-974,0,25,21,34,33,1
1774108708,33,66,0,0,0,0,no_volume,0,0,0,0,no_volume,0,0,0,0,no_volume,0,0,0,0,0,0,25049,22863,-0.0456,-1822,-848,24,21,34,33,1
1774108709,33,66,0,0,0,0,no_volume,0,0,0,0,no_volume,0,0,0,0,no_volume,0,0,0,0,0,0,26871,22863,-0.0806,0,2796,24,21,34,33,1
1774108710,33,66,0,0,0,0,no_volume,0,0,0,0,no_volume,0,0,0,0,no_volume,0,0,0,0,0,0,26871,22863,-0.0806,974,974,24,21,34,33,1
1774108711,33,66,0,0,0,0,no_volume,0,0,0,0,no_volume,0,0,0,0,no_volume,0,0,0,0,0,0,26871,22863,-0.0806,1822,0,24,21,34,33,1
1774108712,33,66,0,0,0,0,no_volume,0,0,0,0,no_volume,0,0,0,0,no_volume,0,0,0,0,0,0,26871,22863,-0.0806,0,0,24,21,34,33,1
1774108713,33,66,0,0,0,0,no_volume,0,0,0,0,no_volume,0,0,0,0,no_volume,0,0,0,0,0,0,26871,22863,-0.0806,0,0,24,21,34,33,1
1774108714,33,66,0,0,0,0,no_volume,0,0,0,0,no_volume,0,0,0,0,no_volume,0,0,0,0,0,0,26871,22863,-0.0806,0,0,24,21,34,33,1
1774108715,33,66,0,0,0,0,no_volume,0,0,0,0,no_volume,0,0,0,0,no_volume,0,0,0,0,0,0,25897,22844,-0.0626,-974,-974,24,21,34,33,1
1774108716,33,66,0,0,0,0,no_volume,0,0,0,0,no_volume,0,0,0,0,no_volume,0,0,0,0,0,0,25897,22844,-0.0626,-974,-974,24,21,34,33,1
1774108717,33,66,0,0,0,0,no_volume,0,0,0,0,no_volume,0,0,0,0,no_volume,0,0,0,0,0,0,25897,22844,-0.0626,-974,0,24,21,34,33,1
1774108718,33,66,0,0,0,0,no_volume,0,0,0,0,no_volume,0,0,0,0,no_volume,0,0,0,0,0,0,25897,22844,-0.0626,0,848,24,21,34,33,1
1774108719,33,66,0,0,0,0,no_volume,0,0,0,0,no_volume,0,0,0,0,no_volume,0,0,0,0,0,0,25897,22844,-0.0626,0,-974,24,21,34,33,1
1774108720,33,66,0,0,0,0,no_volume,0,0,0,0,no_volume,0,0,0,0,no_volume,0,0,0,0,0,0,25049,22844,-0.046,-848,-1822,25,21,34,33,1
1774108721,33,66,0,0,0,0,no_volume,0,0,0,0,no_volume,0,0,0,0,no_volume,0,0,0,0,0,0,25897,22844,-0.0626,0,-974,24,21,34,33,1
1774108722,33,66,0,0,0,0,no_volume,0,0,0,0,no_volume,0,0,0,0,no_volume,0,0,0,0,0,0,25897,22844,-0.0626,0,-974,24,21,34,33,1
1774108723,33,66,0,0,0,0,no_volume,0,0,0,0,no_volume,0,0,0,0,no_volume,0,0,0,0,0,0,25897,22844,-0.0626,848,-974,24,21,34,33,1
1774108724,33,66,0,0,0,0,no_volume,0,0,0,0,no_volume,0,0,0,0,no_volume,0,0,0,0,0,0,25897,22844,-0.0626,0,-974,24,21,34,33,1
1774108725,33,66,0,0,0,0,no_volume,0,0,0,0,no_volume,0,0,0,0,no_volume,0,0,0,0,0,0,25049,22863,-0.0456,-848,-848,24,21,34,33,1
1774108726,33,66,0,0,0,0,no_volume,0,0,0,0,no_volume,0,0,0,0,no_volume,0,0,0,0,0,0,26871,22863,-0.0806,974,974,24,21,34,33,1
1774108727,33,66,0,0,0,0,no_volume,0,0,0,0,no_volume,0,0,0,0,no_volume,0,0,0,0,0,0,26871,22863,-0.0806,974,974,24,21,34,33,1
1774108728,33,66,0,0,0,0,no_volume,0,0,0,0,no_volume,0,0,0,0,no_volume,0,0,0,0,0,0,26871,22863,-0.0806,1822,974,24,21,34,33,1
1774108729,33,66,0,0,0,0,no_volume,0,0,0,0,no_volume,0,0,0,0,no_volume,0,0,0,0,0,0,25049,22863,-0.0456,-1822,-848,24,21,34,33,1
1774108730,33,66,0,0,0,0,no_volume,0,0,0,0,no_volume,0,0,0,0,no_volume,0,0,0,0,0,0,25897,22863,-0.0622,-974,848,24,21,34,33,1
1774108731,33,66,0,0,0,0,no_volume,0,0,0,0,no_volume,0,0,0,0,no_volume,0,0,0,0,0,0,25897,22863,-0.0622,-974,0,24,21,34,33,1
1774108732,33,66,0,0,0,0,no_volume,0,0,0,0,no_volume,0,0,0,0,no_volume,0,0,0,0,0,0,25897,22863,-0.0622,848,0,24,21,34,33,1
1774108733,33,66,0,0,0,0,no_volume,0,0,0,0,no_volume,0,0,0,0,no_volume,0,0,0,0,0,0,25897,22863,-0.0622,0,0,24,21,34,33,1
1774108734,33,66,0,0,0,0,no_volume,0,0,0,0,no_volume,0,0,0,0,no_volume,0,0,0,0,0,0,26871,22844,-0.081,974,974,25,21,34,33,1
1774108735,33,66,0,0,0,0,no_volume,0,0,0,0,no_volume,0,0,0,0,no_volume,0,0,0,0,0,0,26871,22844,-0.081,974,1822,25,21,34,33,1
1774108736,33,66,0,0,0,0,no_volume,0,0,0,0,no_volume,0,0,0,0,no_volume,0,0,0,0,0,0,26871,22844,-0.081,974,0,25,21,34,33,1
1774108737,33,66,0,0,0,0,no_volume,0,0,0,0,no_volume,0,0,0,0,no_volume,0,0,0,0,0,0,26871,22844,-0.081,0,0,25,21,34,33,1
1774108738,33,66,0,0,0,0,no_volume,0,0,0,0,no_volume,0,0,0,0,no_volume,0,0,0,0,0,0,26871,22844,-0.081,0,0,25,21,34,33,1
1774108739,33,66,0,0,0,0,no_volume,0,0,0,0,no_volume,0,0,0,0,no_volume,0,0,0,0,0,0,24075,22844,-0.0262,-2796,-974,24,21,34,33,1
1774108740,33,66,0,0,0,0,no_volume,0,0,0,0,no_volume,0,0,0,0,no_volume,0,0,0,0,0,0,26871,22844,-0.081,0,974,24,21,34,33,1
1774108741,33,66,0,0,0,0,no_volume,0,0,0,0,no_volume,0,0,0,0,no_volume,0,0,0,0,0,0,26871,22844,-0.081,0,974,24,21,34,33,1
1774108742,33,66,0,0,0,0,no_volume,0,0,0,0,no_volume,0,0,0,0,no_volume,0,0,0,0,0,0,26871,22844,-0.081,2796,974,24,21,34,33,1
1774108743,33,66,0,0,0,0,no_volume,0,0,0,0,no_volume,0,0,0,0,no_volume,0,0,0,0,0,0,27845,22863,-0.0982,974,1948,25,21,34,33,1
1774108744,33,66,0,0,0,0,no_volume,0,0,0,0,no_volume,0,0,0,0,no_volume,0,0,0,0,0,0,27845,22863,-0.0982,974,974,25,21,34,33,1
1774108745,33,66,0,0,0,0,no_volume,0,0,0,0,no_volume,0,0,0,0,no_volume,0,0,0,0,0,0,24075,22863,-0.0258,-2796,-2796,24,21,34,33,1
1774108746,33,66,0,0,0,0,no_volume,0,0,0,0,no_volume,0,0,0,0,no_volume,0,0,0,0,0,0,26871,22863,-0.0806,-974,0,25,21,34,33,1
1774108747,33,66,0,0,0,0,no_volume,0,0,0,0,no_volume,0,0,0,0,no_volume,0,0,0,0,0,0,26871,22863,-0.0806,-974,0,24,21,34,33,1
1774108748,33,66,0,0,0,0,no_volume,0,0,0,0,no_volume,0,0,0,0,no_volume,0,0,0,0,0,0,26871,22863,-0.0806,2796,0,24,21,34,33,1
1774108749,33,66,0,0,0,0,no_volume,0,0,0,0,no_volume,0,0,0,0,no_volume,0,0,0,0,0,0,26871,22863,-0.0806,0,2796,24,21,34,33,1
1774108750,33,66,0,0,0,0,no_volume,0,0,0,0,no_volume,0,0,0,0,no_volume,0,0,0,0,0,0,26023,24151,-0.0373,-848,-848,26,21,34,33,1
1774108751,33,66,0,0,0,0,no_volume,0,0,0,0,no_volume,0,0,0,0,no_volume,0,0,0,0,0,0,26871,24151,-0.0533,0,0,25,21,34,33,1
1774108752,33,66,0,0,0,0,no_volume,0,0,0,0,no_volume,0,0,0,0,no_volume,0,0,0,0,0,0,26871,24132,-0.0537,0,0,25,21,34,33,1
1774108753,33,66,0,0,0,0,no_volume,0,0,0,0,no_volume,0,0,0,0,no_volume,0,0,0,0,0,0,26871,24132,-0.0537,848,-974,25,21,34,33,1
1774108754,33,66,0,0,0,0,no_volume,0,0,0,0,no_volume,0,0,0,0,no_volume,0,0,0,0,0,0,26871,24132,-0.0537,0,-974,25,21,34,33,1
1774108755,33,66,0,0,0,0,no_volume,0,0,0,0,no_volume,0,0,0,0,no_volume,0,0,0,0,0,0,26871,24132,-0.0537,0,2796,25,21,34,33,1
1774108756,33,66,0,0,0,0,no_volume,0,0,0,0,no_volume,0,0,0,0,no_volume,0,0,0,0,0,0,26871,24132,-0.0537,0,0,25,21,34,33,1
1774108757,33,66,0,0,0,0,no_volume,0,0,0,0,no_volume,0,0,0,0,no_volume,0,0,0,0,0,0,26871,24132,-0.0537,0,0,25,21,34,33,1
1774108758,33,66,0,0,0,0,no_volume,0,0,0,0,no_volume,0,0,0,0,no_volume,0,0,0,0,0,0,26051,24132,-0.0382,-820,-820,25,21,34,33,1
1774108759,33,66,0,0,0,0,no_volume,0,0,0,0,no_volume,0,0,0,0,no_volume,0,0,0,0,0,0,26051,24132,-0.0382,-820,-820,25,21,34,33,1
1774108760,33,66,0,0,0,0,no_volume,0,0,0,0,no_volume,0,0,0,0,no_volume,0,0,0,0,0,0,26051,24132,-0.0382,-820,28,25,21,34,33,1
1774108761,33,66,0,0,0,0,no_volume,0,0,0,0,no_volume,0,0,0,0,no_volume,0,0,0,0,0,0,26051,24151,-0.0378,0,-820,25,21,34,33,1
1774108762,33,66,0,0,0,0,no_volume,0,0,0,0,no_volume,0,0,0,0,no_volume,0,0,0,0,0,0,26051,22863,-0.0652,0,-820,25,21,34,33,1
1774108763,33,66,0,0,0,0,no_volume,0,0,0,0,no_volume,0,0,0,0,no_volume,0,0,0,0,0,0,24229,24151,-0.0016,-1822,-2642,24,21,34,33,1
1774108764,33,66,0,0,0,0,no_volume,0,0,0,0,no_volume,0,0,0,0,no_volume,0,0,0,0,0,0,26871,24151,-0.0533,820,0,24,21,34,33,1
1774108765,33,66,0,0,0,0,no_volume,0,0,0,0,no_volume,0,0,0,0,no_volume,0,0,0,0,0,0,26871,24151,-0.0533,820,0,24,21,34,33,1
1774108766,33,66,0,0,0,0,no_volume,0,0,0,0,no_volume,0,0,0,0,no_volume,0,0,0,0,0,0,26871,21575,-0.1093,2642,0,24,21,34,33,1
1774108767,33,66,0,0,0,0,no_volume,0,0,0,0,no_volume,0,0,0,0,no_volume,0,0,0,0,0,0,26871,21575,-0.1093,0,0,24,21,34,33,1
1774108768,33,66,0,0,0,0,no_volume,0,0,0,0,no_volume,0,0,0,0,no_volume,0,0,0,0,0,0,26023,22863,-0.0646,-848,-28,25,21,34,33,1
1774108769,33,66,0,0,0,0,low_activity,0,0,0,0,low_activity,0,0,0,0,low_activity,0,0,0,0,0,0,25892,22844,-0.0625,-979,-159,24,21,34,33,1
1774108770,33,66,0,0,0,0,low_activity,0,0,0,0,low_activity,0,0,0,0,low_activity,0,0,0,0,0,0,25892,22844,-0.0625,-979,-159,24,21,34,33,1
1774108771,33,66,0,0,0,0,low_activity,0,0,0,0,low_activity,0,0,0,0,low_activity,0,0,0,0,0,0,25892,22844,-0.0625,-131,-159,24,21,34,33,1
1774108772,33,66,0,0,0,0,no_volume,0,0,0,0,low_activity,0,0,0,0,low_activity,0,0,0,0,0,0,25892,22844,-0.0625,0,-159,24,21,34,33,1
1774108773,33,66,0,0,0,0,no_volume,0,0,0,0,low_activity,0,0,0,0,low_activity,0,0,0,0,0,0,25892,22844,-0.0625,0,1663,24,21,34,33,1
1774108774,33,66,0,0,0,0,no_volume,0,0,0,0,no_volume,0,0,0,0,low_activity,0,0,0,0,0,0,25892,22844,-0.0625,0,-979,24,21,34,33,1
1774108775,33,66,0,0,0,0,no_volume,0,0,0,0,no_volume,0,0,0,0,low_activity,0,0,0,0,0,0,25892,22844,-0.0625,0,-979,24,21,34,33,1
1774108776,33,66,0,0,0,0,no_volume,0,0,0,0,no_volume,0,0,0,0,low_activity,0,0,0,0,0,0,25892,22844,-0.0625,0,-979,24,21,34,33,1
1774108777,33,66,0,0,0,0,no_volume,0,0,0,0,no_volume,0,0,0,0,low_activity,0,0,0,0,0,0,25892,22844,-0.0625,0,-979,24,21,34,33,1
1774108778,33,66,0,0,0,0,no_volume,0,0,0,0,no_volume,0,0,0,0,low_activity,0,0,0,0,0,0,25892,22863,-0.0621,0,-131,24,21,34,33,1
1774108779,33,66,0,0,0,0,no_volume,0,0,0,0,no_volume,0,0,0,0,low_activity,0,0,0,0,0,0,25892,22863,-0.0621,0,0,24,21,34,33,1
1774108780,33,66,0,0,0,0,no_volume,0,0,0,0,no_volume,0,0,0,0,low_activity,0,0,0,0,0,0,24070,22863,-0.0257,-1822,-1822,24,21,34,33,1
1774108781,33,66,0,0,0,0,no_volume,0,0,0,0,no_volume,0,0,0,0,low_activity,0,0,0,0,0,0,25892,22863,-0.0621,0,0,25,21,34,33,1
1774108782,33,66,0,0,0,0,no_volume,0,0,0,0,no_volume,0,0,0,0,low_activity,0,0,0,0,0,0,26866,22863,-0.0805,974,974,26,21,34,33,1
1774108783,33,66,0,0,0,0,no_volume,0,0,0,0,no_volume,0,0,0,0,low_activity,0,0,0,0,0,0,26866,22863,-0.0805,2796,974,26,21,34,33,1
1774108784,33,66,0,0,0,0,no_volume,0,0,0,0,no_volume,0,0,0,0,low_activity,0,0,0,0,0,0,26866,22863,-0.0805,974,974,26,21,34,33,1
1774108785,33,66,0,0,0,0,no_volume,0,0,0,0,no_volume,0,0,0,0,low_activity,0,0,0,0,0,0,26866,22863,-0.0805,0,974,26,21,34,33,1
1774108786,33,66,0,0,0,0,no_volume,0,0,0,0,no_volume,0,0,0,0,low_activity,0,0,0,0,0,0,26866,22863,-0.0805,0,974,26,21,34,33,1
1774108787,33,66,0,0,0,0,no_volume,0,0,0,0,no_volume,0,0,0,0,low_activity,0,0,0,0,0,0,25892,22844,-0.0625,-974,0,25,21,34,33,1
1774108788,33,66,0,0,0,0,no_volume,0,0,0,0,no_volume,0,0,0,0,low_activity,0,0,0,0,0,0,25892,22844,-0.0625,-974,0,25,21,34,33,1
1774108789,33,66,0,0,0,0,no_volume,0,0,0,0,no_volume,0,0,0,0,low_activity,0,0,0,0,0,0,25044,22844,-0.0459,-1822,-848,24,21,34,33,1
1774108790,33,66,0,0,0,0,no_volume,0,0,0,0,no_volume,0,0,0,0,low_activity,0,0,0,0,0,0,26866,22844,-0.0809,974,2796,24,21,34,33,1
1774108791,33,66,0,0,0,0,no_volume,0,0,0,0,no_volume,0,0,0,0,low_activity,0,0,0,0,0,0,26866,22844,-0.0809,974,974,24,21,34,33,1
1774108792,33,66,0,0,0,0,no_volume,0,0,0,0,no_volume,0,0,0,0,low_activity,0,0,0,0,0,0,26866,22844,-0.0809,1822,0,24,21,34,33,1
1774108793,33,66,0,0,0,0,no_volume,0,0,0,0,no_volume,0,0,0,0,low_activity,0,0,0,0,0,0,26866,22844,-0.0809,0,0,24,21,34,33,1
1774108794,33,66,0,0,0,0,no_volume,0,0,0,0,no_volume,0,0,0,0,low_activity,0,0,0,0,0,0,26866,22844,-0.0809,0,0,24,21,34,33,1
1774108795,33,66,0,0,0,0,no_volume,0,0,0,0,no_volume,0,0,0,0,low_activity,0,0,0,0,0,0,26866,22844,-0.0809,0,0,24,21,34,33,1
1774108796,33,66,0,0,0,0,no_volume,0,0,0,0,no_volume,0,0,0,0,low_activity,0,0,0,0,0,0,26866,22844,-0.0809,0,0,24,21,34,33,1
1774108797,33,66,0,0,0,0,no_volume,0,0,0,0,no_volume,0,0,0,0,low_activity,0,0,0,0,0,0,26866,22844,-0.0809,0,974,24,21,34,33,1
1774108798,33,66,0,0,0,0,no_volume,0,0,0,0,no_volume,0,0,0,0,low_activity,0,0,0,0,0,0,25892,22863,-0.0621,-974,0,24,21,34,33,1
1774108799,33,66,0,0,0,0,no_volume,0,0,0,0,no_volume,0,0,0,0,no_volume,0,0,0,0,0,0,25892,22863,-0.0621,-974,848,24,21,34,33,1
1774108800,33,66,0,0,0,0,no_volume,0,0,0,0,no_volume,0,0,0,0,no_volume,0,0,0,0,0,0,25892,22863,-0.0621,-974,-974,24,21,34,33,1
1774108801,33,66,0,0,0,0,no_volume,0,0,0,0,no_volume,0,0,0,0,no_volume,0,0,0,0,0,0,25044,22863,-0.0455,-848,-1822,25,21,34,33,1
1774108802,33,66,0,0,0,0,no_volume,0,0,0,0,no_volume,0,0,0,0,no_volume,0,0,0,0,0,0,26866,22863,-0.0805,974,0,25,21,34,33,1
1774108803,33,66,0,0,0,0,no_volume,0,0,0,0,no_volume,0,0,0,0,no_volume,0,0,0,0,0,0,26866,22396,-0.0907,974,0,25,21,34,33,1
1774108804,33,66,0,0,0,0,no_volume,0,0,0,0,no_volume,0,0,0,0,no_volume,0,0,0,0,0,0,26866,22863,-0.0805,1822,0,25,21,34,33,1
1774108805,33,66,0,0,0,0,no_volume,0,0,0,0,no_volume,0,0,0,0,no_volume,0,0,0,0,0,0,26866,22863,-0.0805,0,0,25,21,34,33,1
1774108806,33,66,0,0,0,0,no_volume,0,0,0,0,no_volume,0,0,0,0,no_volume,0,0,0,0,0,0,26866,22863,-0.0805,0,0,25,21,34,33,1
1774108807,33,66,0,0,0,0,no_volume,0,0,0,0,no_volume,0,0,0,0,no_volume,0,0,0,0,0,0,25044,22377,-0.0562,-1822,-1822,25,21,34,33,1
1774108808,33,66,0,0,0,0,no_volume,0,0,0,0,no_volume,0,0,0,0,no_volume,0,0,0,0,0,0,25892,22377,-0.0728,-974,0,24,21,34,33,1
1774108809,33,66,0,0,0,0,no_volume,0,0,0,0,no_volume,0,0,0,0,no_volume,0,0,0,0,0,0,25892,22377,-0.0728,-974,0,24,21,34,33,1
1774108810,33,66,0,0,0,0,no_volume,0,0,0,0,no_volume,0,0,0,0,no_volume,0,0,0,0,0,0,25892,22377,-0.0728,848,0,24,21,34,33,1
1774108811,33,66,0,0,0,0,no_volume,0,0,0,0,no_volume,0,0,0,0,no_volume,0,0,0,0,0,0,25892,22377,-0.0728,0,848,24,21,34,33,1
1774108812,33,66,0,0,0,0,no_volume,0,0,0,0,no_volume,0,0,0,0,no_volume,0,0,0,0,0,0,26866,22844,-0.0809,974,0,25,21,34,33,1
1774108813,33,66,0,0,0,0,no_volume,0,0,0,0,no_volume,0,0,0,0,no_volume,0,0,0,0,0,0,24070,22844,-0.0261,-1822,-2796,24,21,34,33,1
1774108814,33,66,0,0,0,0,no_volume,0,0,0,0,no_volume,0,0,0,0,no_volume,0,0,0,0,0,0,25892,22844,-0.0625,0,-974,25,21,34,33,1
1774108815,33,66,0,0,0,0,no_volume,0,0,0,0,no_volume,0,0,0,0,no_volume,0,0,0,0,0,0,25892,22844,-0.0625,-974,-974,25,21,34,33,1
1774108816,33,66,0,0,0,0,no_volume,0,0,0,0,no_volume,0,0,0,0,no_volume,0,0,0,0,0,0,26866,22863,-0.0805,2796,0,26,21,34,33,1
1774108817,33,66,0,0,0,0,no_volume,0,0,0,0,no_volume,0,0,0,0,no_volume,0,0,0,0,0,0,26866,22863,-0.0805,974,1822,26,21,34,33,1
1774108818,33,66,0,0,0,0,no_volume,0,0,0,0,no_volume,0,0,0,0,no_volume,0,0,0,0,0,0,26866,22863,-0.0805,974,974,26,21,34,33,1
1774108819,33,66,0,0,0,0,no_volume,0,0,0,0,no_volume,0,0,0,0,no_volume,0,0,0,0,0,0,26866,22863,-0.0805,0,974,26,21,34,33,1
1774108820,33,66,0,0,0,0,no_volume,0,0,0,0,no_volume,0,0,0,0,no_volume,0,0,0,0,0,0,26866,22863,-0.0805,0,974,26,21,34,33,1
1774108821,33,66,0,0,0,0,no_volume,0,0,0,0,no_volume,0,0,0,0,no_volume,0,0,0,0,0,0,26866,22863,-0.0805,0,974,26,21,34,33,1
1774108822,33,66,0,0,0,0,no_volume,0,0,0,0,no_volume,0,0,0,0,no_volume,0,0,0,0,0,0,26866,22863,-0.0805,0,0,26,21,34,33,1
1774108823,33,66,0,0,0,0,no_volume,0,0,0,0,no_volume,0,0,0,0,no_volume,0,0,0,0,0,0,26866,22863,-0.0805,0,2796,26,21,34,33,1
1774108824,33,66,0,0,0,0,no_volume,0,0,0,0,no_volume,0,0,0,0,no_volume,0,0,0,0,0,0,25892,22844,-0.0625,-974,0,25,21,34,33,1
1774108825,33,66,0,0,0,0,no_volume,0,0,0,0,no_volume,0,0,0,0,no_volume,0,0,0,0,0,0,25892,22844,-0.0625,-974,0,25,21,34,33,1
1774108826,33,66,0,0,0,0,no_volume,0,0,0,0,no_volume,0,0,0,0,no_volume,0,0,0,0,0,0,25892,22844,-0.0625,-974,-974,25,21,34,33,1
1774108827,33,66,0,0,0,0,no_volume,0,0,0,0,no_volume,0,0,0,0,no_volume,0,0,0,0,0,0,25892,22844,-0.0625,0,-974,25,21,34,33,1
1774108828,33,66,0,0,0,0,no_volume,0,0,0,0,no_volume,0,0,0,0,no_volume,0,0,0,0,0,0,24070,22844,-0.0261,-1822,-2796,24,21,34,33,1
1774108829,33,66,0,0,0,0,no_volume,0,0,0,0,no_volume,0,0,0,0,no_volume,0,0,0,0,0,0,25044,22844,-0.0459,-848,-1822,24,21,34,33,1
1774108830,33,66,0,0,0,0,no_volume,0,0,0,0,no_volume,0,0,0,0,no_volume,0,0,0,0,0,0,26866,22844,-0.0809,974,0,24,21,34,33,1
1774108831,33,66,0,0,0,0,no_volume,0,0,0,0,no_volume,0,0,0,0,no_volume,0,0,0,0,0,0,26866,22844,-0.0809,2796,0,24,21,34,33,1
1774108832,33,66,0,0,0,0,no_volume,0,0,0,0,no_volume,0,0,0,0,no_volume,0,0,0,0,0,0,26866,22844,-0.0809,1822,0,24,21,34,33,1
1774108833,33,66,0,0,0,0,no_volume,0,0,0,0,no_volume,0,0,0,0,no_volume,0,0,0,0,0,0,27840,22863,-0.0982,974,974,25,21,34,33,1
1774108834,33,66,0,0,0,0,no_volume,0,0,0,0,no_volume,0,0,0,0,no_volume,0,0,0,0,0,0,24070,22863,-0.0257,-2796,-1822,24,21,34,33,1
1774108835,33,66,0,0,0,0,no_volume,0,0,0,0,no_volume,0,0,0,0,no_volume,0,0,0,0,0,0,25892,22863,-0.0621,-974,0,25,21,34,33,1
1774108836,33,66,0,0,0,0,no_volume,0,0,0,0,no_volume,0,0,0,0,no_volume,0,0,0,0,0,0,25892,22863,-0.0621,-1948,0,25,21,34,33,1
1774108837,33,66,0,0,0,0,no_volume,0,0,0,0,no_volume,0,0,0,0,no_volume,0,0,0,0,0,0,25892,22863,-0.0621,1822,0,25,21,34,33,1
1774108838,33,66,0,0,0,0,no_volume,0,0,0,0,no_volume,0,0,0,0,no_volume,0,0,0,0,0,0,25892,22863,-0.0621,0,1822,25,21,34,33,1
1774108839,33,66,0,0,0,0,no_volume,0,0,0,0,no_volume,0,0,0,0,no_volume,0,0,0,0,0,0,25892,22863,-0.0621,0,848,25,21,34,33,1
1774108840,33,66,0,0,0,0,no_volume,0,0,0,0,no_volume,0,0,0,0,no_volume,0,0,0,0,0,0,25892,22863,-0.0621,0,-974,25,21,34,33,1
1774108841,33,66,0,0,0,0,no_volume,0,0,0,0,no_volume,0,0,0,0,no_volume,0,0,0,0,0,0,25892,22863,-0.0621,0,-974,25,21,34,33,1
1774108842,33,66,0,0,0,0,no_volume,0,0,0,0,no_volume,0,0,0,0,no_volume,0,0,0,0,0,0,25892,22844,-0.0625,0,-974,25,21,34,33,1
1774108843,33,66,0,0,0,0,no_volume,0,0,0,0,no_volume,0,0,0,0,no_volume,0,0,0,0,0,0,25892,22844,-0.0625,0,-1948,25,21,34,33,1
1774108844,33,66,0,0,0,0,no_volume,0,0,0,0,no_volume,0,0,0,0,no_volume,0,0,0,0,0,0,25892,22844,-0.0625,0,1822,25,21,34,33,1
1774108845,33,66,0,0,0,0,no_volume,0,0,0,0,no_volume,0,0,0,0,no_volume,0,0,0,0,0,0,25044,22844,-0.0459,-848,-848,24,21,34,33,1
1774108846,33,66,0,0,0,0,no_volume,0,0,0,0,no_volume,0,0,0,0,no_volume,0,0,0,0,0,0,26866,22844,-0.0809,974,974,24,21,34,33,1
1774108847,33,66,0,0,0,0,no_volume,0,0,0,0,no_volume,0,0,0,0,no_volume,0,0,0,0,0,0,26866,22844,-0.0809,974,974,24,21,34,33,1
1774108848,33,66,0,0,0,0,no_volume,0,0,0,0,no_volume,0,0,0,0,no_volume,0,0,0,0,0,0,26866,22844,-0.0809,1822,974,24,21,34,33,1
1774108849,33,66,0,0,0,0,no_volume,0,0,0,0,no_volume,0,0,0,0,no_volume,0,0,0,0,0,0,26866,22844,-0.0809,0,974,24,21,34,33,1
1774108850,33,66,0,0,0,0,no_volume,0,0,0,0,no_volume,0,0,0,0,no_volume,0,0,0,0,0,0,26866,22844,-0.0809,0,974,24,21,34,33,1
1774108851,33,66,0,0,0,0,no_volume,0,0,0,0,no_volume,0,0,0,0,no_volume,0,0,0,0,0,0,25892,22863,-0.0621,-974,0,24,21,34,33,1
1774108852,33,66,0,0,0,0,no_volume,0,0,0,0,no_volume,0,0,0,0,no_volume,0,0,0,0,0,0,25892,22863,-0.0621,-974,0,24,21,34,33,1
1774108853,33,66,0,0,0,0,no_volume,0,0,0,0,no_volume,0,0,0,0,no_volume,0,0,0,0,0,0,25892,22863,-0.0621,-974,0,24,21,34,33,1
1774108854,33,66,0,0,0,0,no_volume,0,0,0,0,no_volume,0,0,0,0,no_volume,0,0,0,0,0,0,25892,22863,-0.0621,0,0,24,21,34,33,1
1774108855,33,66,0,0,0,0,no_volume,0,0,0,0,no_volume,0,0,0,0,no_volume,0,0,0,0,0,0,25044,22863,-0.0455,-848,0,25,21,34,33,1
1774108856,33,66,0,0,0,0,no_volume,0,0,0,0,no_volume,0,0,0,0,no_volume,0,0,0,0,0,0,26866,22863,-0.0805,974,0,25,21,34,33,1
1774108857,33,66,0,0,0,0,no_volume,0,0,0,0,no_volume,0,0,0,0,no_volume,0,0,0,0,0,0,26866,22863,-0.0805,974,0,25,21,34,33,1
1774108858,33,66,0,0,0,0,no_volume,0,0,0,0,no_volume,0,0,0,0,no_volume,0,0,0,0,0,0,26866,22863,-0.0805,1822,0,25,21,34,33,1
1774108859,33,66,0,0,0,0,no_volume,0,0,0,0,no_volume,0,0,0,0,no_volume,0,0,0,0,0,0,26866,22863,-0.0805,0,0,25,21,34,33,1
1774108860,33,66,0,0,0,0,no_volume,0,0,0,0,no_volume,0,0,0,0,no_volume,0,0,0,0,0,0,26866,22863,-0.0805,0,0,25,21,34,33,1
1774108861,33,66,0,0,0,0,no_volume,0,0,0,0,no_volume,0,0,0,0,no_volume,0,0,0,0,0,0,26866,22844,-0.0809,0,974,25,21,34,33,1
1774108862,33,66,0,0,0,0,no_volume,0,0,0,0,no_volume,0,0,0,0,no_volume,0,0,0,0,0,0,25892,22844,-0.0625,-974,0,25,21,34,33,1
1774108863,33,66,0,0,0,0,no_volume,0,0,0,0,no_volume,0,0,0,0,no_volume,0,0,0,0,0,0,25892,22844,-0.0625,-974,0,25,21,34,33,1
1774108864,33,66,0,0,0,0,no_volume,0,0,0,0,no_volume,0,0,0,0,no_volume,0,0,0,0,0,0,25044,22844,-0.0459,-1822,-848,24,21,34,33,1
1774108865,33,66,0,0,0,0,no_volume,0,0,0,0,no_volume,0,0,0,0,no_volume,0,0,0,0,0,0,26866,22844,-0.0809,974,1822,24,21,34,33,1
1774108866,33,66,0,0,0,0,no_volume,0,0,0,0,no_volume,0,0,0,0,no_volume,0,0,0,0,0,0,26866,22844,-0.0809,974,0,24,21,34,33,1
1774108867,33,66,0,0,0,0,no_volume,0,0,0,0,no_volume,0,0,0,0,no_volume,0,0,0,0,0,0,26866,22844,-0.0809,1822,0,24,21,34,33,1
1774108868,33,66,0,0,0,0,no_volume,0,0,0,0,no_volume,0,0,0,0,no_volume,0,0,0,0,0,0,26866,22844,-0.0809,0,0,24,21,34,33,1
1774108869,33,66,0,0,0,0,no_volume,0,0,0,0,no_volume,0,0,0,0,no_volume,0,0,0,0,0,0,26866,22844,-0.0809,0,0,24,21,34,33,1
1774108870,33,66,0,0,0,0,no_volume,0,0,0,0,no_volume,0,0,0,0,no_volume,0,0,0,0,0,0,25892,22863,-0.0621,-974,-974,24,21,34,33,1
1774108871,33,66,0,0,0,0,no_volume,0,0,0,0,no_volume,0,0,0,0,no_volume,0,0,0,0,0,0,25892,22863,-0.0621,-974,-974,24,21,34,33,1
1774108872,33,66,0,0,0,0,no_volume,0,0,0,0,no_volume,0,0,0,0,no_volume,0,0,0,0,0,0,24070,22863,-0.0257,-2796,-1822,24,21,34,33,1
1774108873,33,66,0,0,0,0,no_volume,0,0,0,0,no_volume,0,0,0,0,no_volume,0,0,0,0,0,0,25892,22863,-0.0621,0,0,25,21,34,33,1
1774108874,33,66,0,0,0,0,no_volume,0,0,0,0,no_volume,0,0,0,0,no_volume,0,0,0,0,0,0,25892,22863,-0.0621,0,848,25,21,34,33,1
1774108875,33,66,0,0,0,0,no_volume,0,0,0,0,no_volume,0,0,0,0,no_volume,0,0,0,0,0,0,25892,22863,-0.0621,1822,-974,25,21,34,33,1
1774108876,33,66,0,0,0,0,no_volume,0,0,0,0,no_volume,0,0,0,0,no_volume,0,0,0,0,0,0,25892,22863,-0.0621,0,-974,25,21,34,33,1
1774108877,33,66,0,0,0,0,no_volume,0,0,0,0,no_volume,0,0,0,0,no_volume,0,0,0,0,0,0,25892,22863,-0.0621,0,-974,25,21,34,33,1
1774108878,33,66,0,0,0,0,no_volume,0,0,0,0,no_volume,0,0,0,0,no_volume,0,0,0,0,0,0,25892,22863,-0.0621,0,-974,25,21,34,33,1
1774108879,33,66,0,0,0,0,no_volume,0,0,0,0,no_volume,0,0,0,0,no_volume,0,0,0,0,0,0,25892,22844,-0.0625,0,-974,25,21,34,33,1
1774108880,33,66,0,0,0,0,low_activity,0,0,0,0,low_activity,0,0,0,0,low_activity,0,0,0,0,0,0,25887,22844,-0.0624,-5,-5,25,21,34,33,1
1774108881,33,66,0,0,0,0,low_activity,0,0,0,0,low_activity,0,0,0,0,low_activity,0,0,0,0,0,0,24065,22844,-0.026,-1827,-1827,24,21,34,33,1
1774108882,33,66,0,0,0,0,low_activity,0,0,0,0,low_activity,0,0,0,0,low_activity,0,0,0,0,0,0,26861,22844,-0.0808,969,2791,25,21,34,33,1
1774108883,33,66,0,0,0,0,no_volume,0,0,0,0,low_activity,0,0,0,0,low_activity,0,0,0,0,0,0,26861,22844,-0.0808,974,969,24,21,34,33,1
1774108884,33,66,0,0,0,0,no_volume,0,0,0,0,low_activity,0,0,0,0,low_activity,0,0,0,0,0,0,26861,22844,-0.0808,2796,969,24,21,34,33,1
1774108885,33,66,0,0,0,0,no_volume,0,0,0,0,no_volume,0,0,0,0,low_activity,0,0,0,0,0,0,26861,22844,-0.0808,0,969,24,21,34,33,1
1774108886,33,66,0,0,0,0,no_volume,0,0,0,0,no_volume,0,0,0,0,low_activity,0,0,0,0,0,0,26861,22844,-0.0808,0,969,24,21,34,33,1
1774108887,33,66,0,0,0,0,no_volume,0,0,0,0,no_volume,0,0,0,0,low_activity,0,0,0,0,0,0,26861,22844,-0.0808,0,969,24,21,34,33,1
1774108888,33,66,0,0,0,0,no_volume,0,0,0,0,no_volume,0,0,0,0,low_activity,0,0,0,0,0,0,25887,22863,-0.062,-974,-5,24,21,34,33,1
1774108889,33,66,0,0,0,0,no_volume,0,0,0,0,no_volume,0,0,0,0,low_activity,0,0,0,0,0,0,25887,22863,-0.062,-974,-5,24,21,34,33,1
1774108890,33,66,0,0,0,0,no_volume,0,0,0,0,no_volume,0,0,0,0,low_activity,0,0,0,0,0,0,24065,22863,-0.0256,-2796,-1822,24,21,34,33,1
1774108891,33,66,0,0,0,0,no_volume,0,0,0,0,no_volume,0,0,0,0,low_activity,0,0,0,0,0,0,25887,22863,-0.062,0,1822,25,21,34,33,1
1774108892,33,66,0,0,0,0,no_volume,0,0,0,0,no_volume,0,0,0,0,low_activity,0,0,0,0,0,0,26861,22863,-0.0804,974,0,26,21,34,33,1
1774108893,33,65,0,0,0,0,no_volume,0,0,0,0,no_volume,0,0,0,0,low_activity,0,0,0,0,0,0,19291,20541,0.0314,-4774,-7570,25,21,35,33,2
1774108894,33,65,0,0,0,0,no_volume,0,0,0,0,no_volume,0,0,0,0,low_activity,0,0,0,0,0,0,23742,20541,-0.0723,-2145,-3119,24,21,35,33,2
1774108895,33,65,0,0,0,0,no_volume,0,0,0,0,no_volume,0,0,0,0,low_activity,0,0,0,0,0,0,23742,20541,-0.0723,-3119,-3119,24,21,35,33,2
1774108896,33,65,0,0,0,0,no_volume,0,0,0,0,no_volume,0,0,0,0,low_activity,0,0,0,0,0,0,13253,20074,0.2047,-6038,-13608,22,21,35,33,2
1774108897,33,65,0,0,0,0,no_volume,0,0,0,0,no_volume,0,0,0,0,low_activity,0,0,0,0,0,0,13253,20522,0.2152,-10489,-13608,22,21,35,33,2
1774108898,33,65,0,0,0,0,no_volume,0,0,0,0,no_volume,0,0,0,0,low_activity,0,0,0,0,0,0,15217,20522,0.1484,-8525,-10670,23,21,35,33,2
1774108899,33,65,0,0,0,0,no_volume,0,0,0,0,no_volume,0,0,0,0,low_activity,0,0,0,0,0,0,15510,20055,0.1278,2257,-10377,25,21,35,33,2
1774108900,33,65,0,0,0,0,no_volume,0,0,0,0,no_volume,0,0,0,0,low_activity,0,0,0,0,0,0,15510,20055,0.1278,2257,-8555,25,21,35,33,2
1774108901,33,65,0,0,0,0,no_volume,0,0,0,0,no_volume,0,0,0,0,low_activity,0,0,0,0,0,0,23768,20055,-0.0847,8551,-2119,26,21,35,33,2
1774108902,33,65,0,0,0,0,no_volume,0,0,0,0,no_volume,0,0,0,0,low_activity,0,0,0,0,0,0,18494,20055,0.0405,2984,-8367,26,21,35,33,2
1774108903,33,65,0,0,0,0,no_volume,0,0,0,0,no_volume,0,0,0,0,low_activity,0,0,0,0,0,0,19622,20055,0.0109,4112,331,27,21,35,33,2
1774108904,33,66,0,0,0,0,no_volume,0,0,0,0,no_volume,0,0,0,0,low_activity,0,0,0,0,0,0,22804,21394,-0.0319,-964,-938,27,21,34,33,1
1774108905,33,66,0,0,0,0,no_volume,0,0,0,0,no_volume,0,0,0,0,low_activity,0,0,0,0,0,0,12450,19625,0.2237,-6044,-11292,25,21,34,33,1
1774108906,33,66,0,0,0,0,no_volume,0,0,0,0,no_volume,0,0,0,0,low_activity,0,0,0,0,0,0,12450,19625,0.2237,-7172,-803,25,21,34,33,1
1774108907,33,66,0,0,0,0,no_volume,0,0,0,0,no_volume,0,0,0,0,low_activity,0,0,0,0,0,0,12450,19625,0.2237,-10354,-803,25,21,34,33,1
1774108908,33,66,0,0,0,0,no_volume,0,0,0,0,no_volume,0,0,0,0,low_activity,0,0,0,0,0,0,13270,20599,0.2164,820,-1947,25,21,34,33,1
1774108909,22,66,0,0,0,0,no_volume,0,0,0,0,no_volume,0,0,0,0,low_activity,0,0,0,0,0,0,17395,5827,-0.4981,4945,1885,23,16,34,22,12
1774108910,24,66,0,0,0,0,no_volume,0,0,0,0,no_volume,0,0,0,0,no_volume,0,0,0,0,0,0,20962,4025,-0.6778,8512,5452,24,16,34,24,10
1774108911,24,66,0,0,0,0,no_volume,0,0,0,0,no_volume,0,0,0,0,no_volume,0,0,0,0,0,0,22385,3929,-0.7014,9115,-1383,23,16,34,24,10
1774108912,24,66,0,0,0,0,no_volume,0,0,0,0,no_volume,0,0,0,0,no_volume,0,0,0,0,0,0,24207,3929,-0.7207,6812,5713,23,16,34,24,10
1774108913,26,66,0,0,0,0,no_volume,0,0,0,0,no_volume,0,0,0,0,no_volume,0,0,0,0,0,0,24207,4302,-0.6982,3245,4585,23,19,34,26,8
1774108914,32,66,0,0,0,0,no_volume,0,0,0,0,no_volume,0,0,0,0,no_volume,0,0,0,0,0,0,24674,12778,-0.3176,2289,1870,23,18,34,32,2
1774108915,32,66,0,0,0,0,no_volume,0,0,0,0,no_volume,0,0,0,0,no_volume,0,0,0,0,0,0,24674,16941,-0.1858,467,12224,23,18,34,32,2
1774108916,30,66,0,0,0,0,no_volume,0,0,0,0,no_volume,0,0,0,0,no_volume,0,0,0,0,0,0,24674,13863,-0.2805,467,12224,23,17,34,30,4
1774108917,32,66,0,0,0,0,no_volume,0,0,0,0,no_volume,0,0,0,0,no_volume,0,0,0,0,0,0,24674,19563,-0.1155,0,12224,23,19,34,32,2
1774108918,32,66,0,0,0,0,no_volume,0,0,0,0,no_volume,0,0,0,0,no_volume,0,0,0,0,0,0,22852,19563,-0.0775,-1822,9582,23,19,34,32,2
1774108919,32,66,0,0,0,0,no_volume,0,0,0,0,no_volume,0,0,0,0,no_volume,0,0,0,0,0,0,24674,19602,-0.1146,0,7279,24,19,34,32,2
1774108920,32,66,0,0,0,0,no_volume,0,0,0,0,no_volume,0,0,0,0,no_volume,0,0,0,0,0,0,25962,23169,-0.0568,1288,5000,24,19,34,32,2
1774108921,32,66,0,0,0,0,no_volume,0,0,0,0,no_volume,0,0,0,0,no_volume,0,0,0,0,0,0,25962,23169,-0.0568,3110,3577,24,19,34,32,2
1774108922,32,66,0,0,0,0,no_volume,0,0,0,0,no_volume,0,0,0,0,no_volume,0,0,0,0,0,0,25962,23636,-0.0469,1288,1755,24,19,34,32,2
1774108923,33,66,0,0,0,0,no_volume,0,0,0,0,no_volume,0,0,0,0,no_volume,0,0,0,0,0,0,27001,25560,-0.0274,1039,2794,25,20,34,33,1
1774108924,33,66,0,0,0,0,no_volume,0,0,0,0,no_volume,0,0,0,0,no_volume,0,0,0,0,0,0,27001,25560,-0.0274,1039,2327,25,20,34,33,1
1774108925,33,66,0,0,0,0,no_volume,0,0,0,0,no_volume,0,0,0,0,no_volume,0,0,0,0,0,0,27001,25579,-0.027,1039,2327,25,20,34,33,1
1774108926,33,66,0,0,0,0,no_volume,0,0,0,0,no_volume,0,0,0,0,no_volume,0,0,0,0,0,0,24205,25579,0.0276,-2796,-469,24,20,34,33,1
1774108927,33,66,0,0,0,0,no_volume,0,0,0,0,no_volume,0,0,0,0,no_volume,0,0,0,0,0,0,27001,25579,-0.027,0,2327,24,20,34,33,1
1774108928,33,66,0,0,0,0,no_volume,0,0,0,0,no_volume,0,0,0,0,no_volume,0,0,0,0,0,0,27001,25579,-0.027,0,4149,24,20,34,33,1
1774108929,33,66,0,0,0,0,no_volume,0,0,0,0,no_volume,0,0,0,0,no_volume,0,0,0,0,0,0,27001,25579,-0.027,2796,2327,24,20,34,33,1
1774108930,33,66,0,0,0,0,no_volume,0,0,0,0,no_volume,0,0,0,0,no_volume,0,0,0,0,0,0,27001,25579,-0.027,0,1039,24,20,34,33,1
1774108931,33,66,0,0,0,0,no_volume,0,0,0,0,no_volume,0,0,0,0,no_volume,0,0,0,0,0,0,27001,25579,-0.027,0,1039,24,20,34,33,1
1774108932,33,66,0,0,0,0,no_volume,0,0,0,0,no_volume,0,0,0,0,no_volume,0,0,0,0,0,0,27821,25579,-0.042,820,1859,25,20,34,33,1
1774108933,33,66,0,0,0,0,no_volume,0,0,0,0,no_volume,0,0,0,0,no_volume,0,0,0,0,0,0,27821,25579,-0.042,820,820,25,20,34,33,1
1774108934,33,66,0,0,0,0,no_volume,0,0,0,0,no_volume,0,0,0,0,no_volume,0,0,0,0,0,0,24051,25560,0.0304,-2950,-2950,24,20,34,33,1
1774108935,33,66,0,0,0,0,no_volume,0,0,0,0,no_volume,0,0,0,0,no_volume,0,0,0,0,0,0,26847,25560,-0.0246,-974,-154,25,20,34,33,1
1774108936,33,66,0,0,0,0,no_volume,0,0,0,0,no_volume,0,0,0,0,no_volume,0,0,0,0,0,0,26847,25560,-0.0246,-974,2642,24,20,34,33,1
1774108937,33,66,0,0,0,0,no_volume,0,0,0,0,no_volume,0,0,0,0,no_volume,0,0,0,0,0,0,26847,25560,-0.0246,2796,-154,24,20,34,33,1
1774108938,33,66,0,0,0,0,no_volume,0,0,0,0,no_volume,0,0,0,0,no_volume,0,0,0,0,0,0,26847,25560,-0.0246,0,-154,24,20,34,33,1
1774108939,33,66,0,0,0,0,no_volume,0,0,0,0,no_volume,0,0,0,0,no_volume,0,0,0,0,0,0,25999,25560,-0.0085,-848,-1002,25,20,34,33,1
1774108940,33,66,0,0,0,0,no_volume,0,0,0,0,no_volume,0,0,0,0,no_volume,0,0,0,0,0,0,26847,25560,-0.0246,0,-154,25,20,34,33,1
1774108941,33,66,0,0,0,0,no_volume,0,0,0,0,no_volume,0,0,0,0,no_volume,0,0,0,0,0,0,26847,25560,-0.0246,0,-154,25,20,34,33,1
1774108942,33,66,0,0,0,0,no_volume,0,0,0,0,no_volume,0,0,0,0,no_volume,0,0,0,0,0,0,27003,25560,-0.0275,1004,-818,25,20,34,33,1
1774108943,33,66,0,0,0,0,no_volume,0,0,0,0,no_volume,0,0,0,0,no_volume,0,0,0,0,0,0,27003,25579,-0.0271,156,-818,25,20,34,33,1
1774108944,33,66,0,0,0,0,no_volume,0,0,0,0,no_volume,0,0,0,0,no_volume,0,0,0,0,0,0,27003,25579,-0.0271,156,2952,25,20,34,33,1
1774108945,33,66,0,0,0,0,no_volume,0,0,0,0,no_volume,0,0,0,0,no_volume,0,0,0,0,0,0,25181,25579,0.0078,-1822,-1666,24,20,34,33,1
1774108946,33,66,0,0,0,0,no_volume,0,0,0,0,no_volume,0,0,0,0,no_volume,0,0,0,0,0,0,27003,25579,-0.0271,0,156,24,20,34,33,1
1774108947,33,66,0,0,0,0,no_volume,0,0,0,0,no_volume,0,0,0,0,no_volume,0,0,0,0,0,0,27003,25579,-0.0271,0,156,24,20,34,33,1
1774108948,33,66,0,0,0,0,no_volume,0,0,0,0,no_volume,0,0,0,0,no_volume,0,0,0,0,0,0,27003,25579,-0.0271,1822,156,24,20,34,33,1
1774108949,33,66,0,0,0,0,no_volume,0,0,0,0,no_volume,0,0,0,0,no_volume,0,0,0,0,0,0,27003,25579,-0.0271,0,1004,24,20,34,33,1
1774108950,33,66,0,0,0,0,no_volume,0,0,0,0,no_volume,0,0,0,0,no_volume,0,0,0,0,0,0,27003,25579,-0.0271,0,156,24,20,34,33,1
1774108951,33,66,0,0,0,0,no_volume,0,0,0,0,no_volume,0,0,0,0,no_volume,0,0,0,0,0,0,24207,25579,0.0276,-2796,-2640,23,20,34,33,1
1774108952,33,66,0,0,0,0,no_volume,0,0,0,0,no_volume,0,0,0,0,no_volume,0,0,0,0,0,0,26029,25560,-0.0091,-974,-974,23,20,34,33,1
1774108953,33,66,0,0,0,0,no_volume,0,0,0,0,no_volume,0,0,0,0,no_volume,0,0,0,0,0,0,25873,25560,-0.0061,-1130,-1130,23,20,34,33,1
1774108954,33,66,0,0,0,0,no_volume,0,0,0,0,no_volume,0,0,0,0,no_volume,0,0,0,0,0,0,25873,25560,-0.0061,1666,-1130,23,20,34,33,1
1774108955,33,66,0,0,0,0,no_volume,0,0,0,0,no_volume,0,0,0,0,no_volume,0,0,0,0,0,0,25873,25560,-0.0061,-156,692,23,20,34,33,1
1774108956,33,66,0,0,0,0,no_volume,0,0,0,0,no_volume,0,0,0,0,no_volume,0,0,0,0,0,0,25873,25560,-0.0061,0,-1130,23,20,34,33,1
1774108957,33,66,0,0,0,0,no_volume,0,0,0,0,no_volume,0,0,0,0,no_volume,0,0,0,0,0,0,25873,25560,-0.0061,0,-1130,23,20,34,33,1
1774108958,33,66,0,0,0,0,no_volume,0,0,0,0,no_volume,0,0,0,0,no_volume,0,0,0,0,0,0,25873,25560,-0.0061,0,-1130,23,20,34,33,1
1774108959,33,66,0,0,0,0,no_volume,0,0,0,0,no_volume,0,0,0,0,no_volume,0,0,0,0,0,0,25873,25560,-0.0061,0,-1130,23,20,34,33,1
1774108960,33,66,0,0,0,0,no_volume,0,0,0,0,no_volume,0,0,0,0,no_volume,0,0,0,0,0,0,25873,25560,-0.0061,0,-1130,23,20,34,33,1
1774108961,33,66,0,0,0,0,no_volume,0,0,0,0,no_volume,0,0,0,0,no_volume,0,0,0,0,0,0,25873,25579,-0.0057,0,1666,24,20,34,33,1
1774108962,33,66,0,0,0,0,no_volume,0,0,0,0,no_volume,0,0,0,0,no_volume,0,0,0,0,0,0,25873,25579,-0.0057,0,-156,24,20,34,33,1
1774108963,33,66,0,0,0,0,no_volume,0,0,0,0,no_volume,0,0,0,0,no_volume,0,0,0,0,0,0,24051,25579,0.0308,-1822,-1822,24,20,34,33,1
1774108964,33,66,0,0,0,0,no_volume,0,0,0,0,no_volume,0,0,0,0,no_volume,0,0,0,0,0,0,26847,25579,-0.0242,974,974,25,20,34,33,1
1774108965,33,66,0,0,0,0,no_volume,0,0,0,0,no_volume,0,0,0,0,no_volume,0,0,0,0,0,0,26847,25579,-0.0242,974,974,25,20,34,33,1
1774108966,33,66,0,0,0,0,no_volume,0,0,0,0,no_volume,0,0,0,0,no_volume,0,0,0,0,0,0,26847,25579,-0.0242,2796,974,25,20,34,33,1
1774108967,33,66,0,0,0,0,no_volume,0,0,0,0,no_volume,0,0,0,0,no_volume,0,0,0,0,0,0,26847,25579,-0.0242,0,974,25,20,34,33,1
1774108968,33,66,0,0,0,0,no_volume,0,0,0,0,no_volume,0,0,0,0,no_volume,0,0,0,0,0,0,26847,25579,-0.0242,0,974,25,20,34,33,1
1774108969,33,66,0,0,0,0,no_volume,0,0,0,0,no_volume,0,0,0,0,no_volume,0,0,0,0,0,0,26847,25579,-0.0242,0,974,25,20,34,33,1
1774108970,33,66,0,0,0,0,no_volume,0,0,0,0,no_volume,0,0,0,0,no_volume,0,0,0,0,0,0,25873,25560,-0.0061,-974,0,25,20,34,33,1
1774108971,33,66,0,0,0,0,no_volume,0,0,0,0,no_volume,0,0,0,0,no_volume,0,0,0,0,0,0,25873,25560,-0.0061,-974,0,25,20,34,33,1
1774108972,33,66,0,0,0,0,no_volume,0,0,0,0,no_volume,0,0,0,0,no_volume,0,0,0,0,0,0,24051,25560,0.0304,-2796,-1822,24,20,34,33,1
1774108973,33,66,0,0,0,0,no_volume,0,0,0,0,no_volume,0,0,0,0,no_volume,0,0,0,0,0,0,26847,25560,-0.0246,974,2796,25,20,34,33,1
1774108974,33,66,0,0,0,0,no_volume,0,0,0,0,no_volume,0,0,0,0,no_volume,0,0,0,0,0,0,26847,25560,-0.0246,974,0,24,20,34,33,1
1774108975,33,66,0,0,0,0,no_volume,0,0,0,0,no_volume,0,0,0,0,no_volume,0,0,0,0,0,0,26847,25560,-0.0246,2796,0,24,20,34,33,1
1774108976,33,66,0,0,0,0,low_activity,0,0,0,0,low_activity,0,0,0,0,low_activity,0,0,0,0,0,0,25872,25560,-0.0061,-975,-975,23,20,34,33,1
1774108977,33,66,0,0,0,0,low_activity,0,0,0,0,low_activity,0,0,0,0,low_activity,0,0,0,0,0,0,25872,25560,-0.0061,-975,-975,23,20,34,33,1
1774108978,33,66,0,0,0,0,low_activity,0,0,0,0,low_activity,0,0,0,0,low_activity,0,0,0,0,0,0,25024,25560,0.0106,-1823,-1823,24,20,34,33,1
1774108979,33,66,0,0,0,0,no_volume,0,0,0,0,low_activity,0,0,0,0,low_activity,0,0,0,0,0,0,24117,10169,-0.4068,-1755,-2730,24,16,34,33,1
1774108980,21,67,0,0,0,0,no_volume,0,0,0,0,low_activity,0,0,0,0,low_activity,0,0,0,0,0,0,24007,4008,-0.7139,-1865,-1866,25,17,33,21,12
1774108981,21,67,0,0,0,0,no_volume,0,0,0,0,no_volume,0,0,0,0,low_activity,0,0,0,0,0,0,24007,3888,-0.7212,-1017,-1866,25,16,33,21,12
1774108982,21,67,0,0,0,0,no_volume,0,0,0,0,no_volume,0,0,0,0,low_activity,0,0,0,0,0,0,23861,3923,-0.7176,-256,-190,25,15,33,21,12
1774108983,21,67,0,0,0,0,no_volume,0,0,0,0,no_volume,0,0,0,0,low_activity,0,0,0,0,0,0,23861,3923,-0.7176,-146,-2986,25,15,33,21,12
1774108984,33,66,0,0,0,0,no_volume,0,0,0,0,no_volume,0,0,0,0,low_activity,0,0,0,0,0,0,25615,31891,0.1091,1608,-1232,25,23,34,33,1
1774108985,33,65,0,0,0,0,no_volume,0,0,0,0,no_volume,0,0,0,0,low_activity,0,0,0,0,0,0,22057,33459,0.2054,-1804,-4790,24,24,35,33,2
1774108986,33,65,0,0,0,0,no_volume,0,0,0,0,no_volume,0,0,0,0,low_activity,0,0,0,0,0,0,27687,32171,0.0749,3826,1815,24,24,35,33,2
1774108987,33,65,0,0,0,0,no_volume,0,0,0,0,no_volume,0,0,0,0,low_activity,0,0,0,0,0,0,20549,34747,0.2568,-5066,-5323,23,25,35,33,2
1774108988,33,65,0,0,0,0,no_volume,0,0,0,0,no_volume,0,0,0,0,low_activity,0,0,0,0,0,0,28001,34728,0.1072,5944,2977,23,25,35,33,2
1774108989,33,66,0,0,0,0,no_volume,0,0,0,0,no_volume,0,0,0,0,low_activity,0,0,0,0,0,0,25731,36702,0.1757,-1956,1614,24,23,34,33,1
1774108990,33,66,0,0,0,0,no_volume,0,0,0,0,no_volume,0,0,0,0,low_activity,0,0,0,0,0,0,27019,36702,0.152,6470,3012,24,23,34,33,1
1774108991,33,66,0,0,0,0,no_volume,0,0,0,0,no_volume,0,0,0,0,low_activity,0,0,0,0,0,0,27019,36702,0.152,-982,3012,24,23,34,33,1
1774108992,33,66,0,0,0,0,no_volume,0,0,0,0,no_volume,0,0,0,0,low_activity,0,0,0,0,0,0,27019,36702,0.152,1288,3158,24,23,34,33,1
1774108993,33,66,0,0,0,0,no_volume,0,0,0,0,no_volume,0,0,0,0,low_activity,0,0,0,0,0,0,25197,36702,0.1859,-1822,1336,24,23,34,33,1
1774108994,33,66,0,0,0,0,no_volume,0,0,0,0,no_volume,0,0,0,0,low_activity,0,0,0,0,0,0,26877,36702,0.1545,-142,1262,23,23,34,33,1
1774108995,33,66,0,0,0,0,no_volume,0,0,0,0,no_volume,0,0,0,0,low_activity,0,0,0,0,0,0,26877,36702,0.1545,-142,4820,23,23,34,33,1
1774108996,33,66,0,0,0,0,no_volume,0,0,0,0,no_volume,0,0,0,0,low_activity,0,0,0,0,0,0,24741,36702,0.1947,-456,-2946,24,23,34,33,1
1774108997,33,66,0,0,0,0,no_volume,0,0,0,0,no_volume,0,0,0,0,low_activity,0,0,0,0,0,0,26563,36721,0.1605,-314,6014,24,23,34,33,1
1774108998,33,66,0,0,0,0,no_volume,0,0,0,0,no_volume,0,0,0,0,low_activity,0,0,0,0,0,0,26563,36721,0.1605,-314,-1438,24,23,34,33,1
1774108999,33,66,0,0,0,0,no_volume,0,0,0,0,no_volume,0,0,0,0,low_activity,0,0,0,0,0,0,26563,36721,0.1605,1822,832,24,23,34,33,1
1774109000,33,66,0,0,0,0,no_volume,0,0,0,0,no_volume,0,0,0,0,low_activity,0,0,0,0,0,0,27537,37190,0.1491,974,518,25,23,34,33,1
1774109001,33,66,0,0,0,0,no_volume,0,0,0,0,no_volume,0,0,0,0,low_activity,0,0,0,0,0,0,27537,37190,0.1491,974,518,25,23,34,33,1
1774109002,33,66,0,0,0,0,no_volume,0,0,0,0,no_volume,0,0,0,0,low_activity,0,0,0,0,0,0,25589,37504,0.1888,-974,-1430,24,23,34,33,1
1774109003,33,66,0,0,0,0,no_volume,0,0,0,0,no_volume,0,0,0,0,low_activity,0,0,0,0,0,0,23767,37504,0.2242,-3770,-1430,23,23,34,33,1
1774109004,33,66,0,0,0,0,no_volume,0,0,0,0,no_volume,0,0,0,0,low_activity,0,0,0,0,0,0,26563,37504,0.1708,-974,-314,23,23,34,33,1
1774109005,33,66,0,0,0,0,no_volume,0,0,0,0,no_volume,0,0,0,0,low_activity,0,0,0,0,0,0,26563,37504,0.1708,974,-314,23,23,34,33,1
1774109006,33,66,0,0,0,0,no_volume,0,0,0,0,no_volume,0,0,0,0,no_volume,0,0,0,0,0,0,26563,37485,0.1705,2796,1822,23,23,34,33,1
1774109007,33,66,0,0,0,0,no_volume,0,0,0,0,no_volume,0,0,0,0,no_volume,0,0,0,0,0,0,25715,37171,0.1822,-848,-848,24,23,34,33,1
1774109008,33,66,0,0,0,0,no_volume,0,0,0,0,no_volume,0,0,0,0,no_volume,0,0,0,0,0,0,27537,37171,0.1489,974,974,24,23,34,33,1
1774109009,33,66,0,0,0,0,no_volume,0,0,0,0,no_volume,0,0,0,0,no_volume,0,0,0,0,0,0,25589,37171,0.1845,-974,-974,23,23,34,33,1
1774109010,33,66,0,0,0,0,no_volume,0,0,0,0,no_volume,0,0,0,0,no_volume,0,0,0,0,0,0,25589,37171,0.1845,-126,-1948,23,23,34,33,1
1774109011,33,66,0,0,0,0,no_volume,0,0,0,0,no_volume,0,0,0,0,no_volume,0,0,0,0,0,0,26563,37179,0.1665,-974,-974,24,23,34,33,1
1774109012,33,66,0,0,0,0,no_volume,0,0,0,0,no_volume,0,0,0,0,no_volume,0,0,0,0,0,0,26563,37179,0.1665,974,974,24,23,34,33,1
1774109013,33,66,0,0,0,0,no_volume,0,0,0,0,no_volume,0,0,0,0,no_volume,0,0,0,0,0,0,26563,37179,0.1665,974,2796,24,23,34,33,1
1774109014,33,66,0,0,0,0,no_volume,0,0,0,0,no_volume,0,0,0,0,no_volume,0,0,0,0,0,0,24741,37179,0.2009,-1822,-1822,24,23,34,33,1
1774109015,33,66,0,0,0,0,no_volume,0,0,0,0,no_volume,0,0,0,0,no_volume,0,0,0,0,0,0,26563,36729,0.1606,0,0,24,23,34,33,1
1774109016,33,66,0,0,0,0,no_volume,0,0,0,0,no_volume,0,0,0,0,no_volume,0,0,0,0,0,0,26563,36729,0.1606,0,0,24,23,34,33,1
1774109017,33,66,0,0,0,0,no_volume,0,0,0,0,no_volume,0,0,0,0,no_volume,0,0,0,0,0,0,26563,36729,0.1606,1822,848,24,23,34,33,1
1774109018,33,66,0,0,0,0,no_volume,0,0,0,0,no_volume,0,0,0,0,no_volume,0,0,0,0,0,0,26563,36729,0.1606,0,-974,24,23,34,33,1
1774109019,33,66,0,0,0,0,no_volume,0,0,0,0,no_volume,0,0,0,0,no_volume,0,0,0,0,0,0,26563,36729,0.1606,0,974,23,23,34,33,1
1774109020,33,66,0,0,0,0,no_volume,0,0,0,0,no_volume,0,0,0,0,no_volume,0,0,0,0,0,0,26563,36729,0.1606,0,974,23,23,34,33,1
1774109021,33,66,0,0,0,0,no_volume,0,0,0,0,no_volume,0,0,0,0,no_volume,0,0,0,0,0,0,23767,36729,0.2143,-2796,-2796,22,23,34,33,1
1774109022,33,66,0,0,0,0,no_volume,0,0,0,0,no_volume,0,0,0,0,no_volume,0,0,0,0,0,0,26563,37511,0.1709,0,0,23,23,34,33,1
1774109023,33,66,0,0,0,0,no_volume,0,0,0,0,no_volume,0,0,0,0,no_volume,0,0,0,0,0,0,26719,37511,0.168,156,156,23,23,34,33,1
1774109024,33,66,0,0,0,0,no_volume,0,0,0,0,no_volume,0,0,0,0,no_volume,0,0,0,0,0,0,25745,37492,0.1858,1978,1004,23,23,34,33,1
1774109025,33,66,0,0,0,0,no_volume,0,0,0,0,no_volume,0,0,0,0,no_volume,0,0,0,0,0,0,25745,37492,0.1858,-818,-818,23,23,34,33,1
1774109026,33,66,0,0,0,0,no_volume,0,0,0,0,no_volume,0,0,0,0,no_volume,0,0,0,0,0,0,25745,37492,0.1858,-974,-818,23,23,34,33,1
1774109027,33,66,0,0,0,0,no_volume,0,0,0,0,no_volume,0,0,0,0,no_volume,0,0,0,0,0,0,25745,37492,0.1858,0,-818,23,23,34,33,1
1774109028,33,66,0,0,0,0,no_volume,0,0,0,0,no_volume,0,0,0,0,no_volume,0,0,0,0,0,0,26719,36710,0.1575,974,156,24,23,34,33,1
1774109029,33,66,0,0,0,0,no_volume,0,0,0,0,no_volume,0,0,0,0,no_volume,0,0,0,0,0,0,24897,36710,0.1917,-848,-1666,24,23,34,33,1
1774109030,33,66,0,0,0,0,no_volume,0,0,0,0,no_volume,0,0,0,0,no_volume,0,0,0,0,0,0,25745,37174,0.1816,0,-818,23,23,34,33,1
1774109031,33,66,0,0,0,0,no_volume,0,0,0,0,no_volume,0,0,0,0,no_volume,0,0,0,0,0,0,25745,37174,0.1816,-974,1978,23,23,34,33,1
1774109032,33,66,0,0,0,0,no_volume,0,0,0,0,no_volume,0,0,0,0,no_volume,0,0,0,0,0,0,32436,37174,0.0681,7539,5873,24,23,34,33,1
1774109033,33,65,0,0,0,0,no_volume,0,0,0,0,no_volume,0,0,0,0,no_volume,0,0,0,0,0,0,27995,37193,0.1411,2250,1276,23,23,35,33,2
1774109034,33,65,0,0,0,0,no_volume,0,0,0,0,no_volume,0,0,0,0,no_volume,0,0,0,0,0,0,27995,37193,0.1411,2250,2250,23,23,35,33,2
1774109035,33,65,0,0,0,0,no_volume,0,0,0,0,no_volume,0,0,0,0,no_volume,0,0,0,0,0,0,26173,37193,0.1739,-6263,428,22,23,35,33,2
1774109036,33,65,0,0,0,0,no_volume,0,0,0,0,no_volume,0,0,0,0,no_volume,0,0,0,0,0,0,27995,37193,0.1411,0,2250,22,23,35,33,2
1774109037,33,65,0,0,0,0,no_volume,0,0,0,0,no_volume,0,0,0,0,no_volume,0,0,0,0,0,0,27839,37193,0.1438,-156,2094,22,23,35,33,2
1774109038,33,65,0,0,0,0,no_volume,0,0,0,0,no_volume,0,0,0,0,no_volume,0,0,0,0,0,0,27839,37193,0.1438,1666,1120,22,23,35,33,2
1774109039,33,65,0,0,0,0,no_volume,0,0,0,0,no_volume,0,0,0,0,no_volume,0,0,0,0,0,0,27839,37193,0.1438,-156,2942,22,23,35,33,2
1774109040,33,65,0,0,0,0,no_volume,0,0,0,0,no_volume,0,0,0,0,no_volume,0,0,0,0,0,0,27839,37193,0.1438,0,2094,22,23,35,33,2
1774109041,33,65,0,0,0,0,no_volume,0,0,0,0,no_volume,0,0,0,0,no_volume,0,0,0,0,0,0,25043,37174,0.195,-2796,-702,22,23,35,33,2
1774109042,33,65,0,0,0,0,no_volume,0,0,0,0,no_volume,0,0,0,0,no_volume,0,0,0,0,0,0,26865,37174,0.161,-974,-5571,22,23,35,33,2
1774109043,33,65,0,0,0,0,no_volume,0,0,0,0,no_volume,0,0,0,0,no_volume,0,0,0,0,0,0,26865,37174,0.161,-974,-1130,22,23,35,33,2
1774109044,33,65,0,0,0,0,no_volume,0,0,0,0,no_volume,0,0,0,0,no_volume,0,0,0,0,0,0,26173,37174,0.1737,1130,-1822,23,23,35,33,2
1774109045,33,65,0,0,0,0,no_volume,0,0,0,0,no_volume,0,0,0,0,no_volume,0,0,0,0,0,0,27995,37174,0.1408,1130,1822,23,23,35,33,2
1774109046,33,65,0,0,0,0,no_volume,0,0,0,0,no_volume,0,0,0,0,no_volume,0,0,0,0,0,0,27995,37174,0.1408,1130,0,23,23,35,33,2
1774109047,33,65,0,0,0,0,no_volume,0,0,0,0,no_volume,0,0,0,0,no_volume,0,0,0,0,0,0,27995,37174,0.1408,1822,156,23,23,35,33,2
1774109048,33,66,0,0,0,0,no_volume,0,0,0,0,no_volume,0,0,0,0,no_volume,0,0,0,0,0,0,31497,37174,0.0827,3502,3658,23,23,34,33,1
1774109049,33,66,0,0,0,0,no_volume,0,0,0,0,no_volume,0,0,0,0,no_volume,0,0,0,0,0,0,27679,36702,0.1402,-316,-160,23,23,34,33,1
1774109050,33,66,0,0,0,0,no_volume,0,0,0,0,no_volume,0,0,0,0,no_volume,0,0,0,0,0,0,24883,37174,0.1981,-3112,-2956,22,23,34,33,1
1774109051,33,66,0,0,0,0,no_volume,0,0,0,0,no_volume,0,0,0,0,no_volume,0,0,0,0,0,0,26705,36721,0.1579,-4792,1662,22,23,34,33,1
1774109052,33,65,0,0,0,0,no_volume,0,0,0,0,no_volume,0,0,0,0,no_volume,0,0,0,0,0,0,27861,36721,0.1372,182,996,22,23,35,33,2
1774109053,33,65,0,0,0,0,no_volume,0,0,0,0,no_volume,0,0,0,0,no_volume,0,0,0,0,0,0,27861,36721,0.1372,2978,996,22,23,35,33,2
1774109054,33,65,0,0,0,0,no_volume,0,0,0,0,no_volume,0,0,0,0,no_volume,0,0,0,0,0,0,27861,36721,0.1372,1156,1688,22,23,35,33,2
1774109055,33,65,0,0,0,0,no_volume,0,0,0,0,no_volume,0,0,0,0,no_volume,0,0,0,0,0,0,27861,36721,0.1372,0,-134,22,23,35,33,2
1774109056,33,65,0,0,0,0,no_volume,0,0,0,0,no_volume,0,0,0,0,no_volume,0,0,0,0,0,0,27861,36721,0.1372,0,-134,23,23,35,33,2
1774109057,33,66,0,0,0,0,no_volume,0,0,0,0,no_volume,0,0,0,0,no_volume,0,0,0,0,0,0,28533,36721,0.1255,672,538,24,23,34,33,1
1774109058,33,66,0,0,0,0,no_volume,0,0,0,0,no_volume,0,0,0,0,no_volume,0,0,0,0,0,0,28533,37193,0.1318,672,-2964,24,23,34,33,1
1774109059,33,66,0,0,0,0,no_volume,0,0,0,0,no_volume,0,0,0,0,no_volume,0,0,0,0,0,0,27685,37193,0.1466,-176,6,25,23,34,33,1
1774109060,33,66,0,0,0,0,no_volume,0,0,0,0,no_volume,0,0,0,0,no_volume,0,0,0,0,0,0,29507,37182,0.1151,974,4624,25,23,34,33,1
1774109061,33,66,0,0,0,0,no_volume,0,0,0,0,no_volume,0,0,0,0,no_volume,0,0,0,0,0,0,28689,37174,0.1288,156,1984,24,23,34,33,1
1774109062,33,66,0,0,0,0,no_volume,0,0,0,0,no_volume,0,0,0,0,no_volume,0,0,0,0,0,0,27715,37174,0.1458,30,-146,23,23,34,33,1
1774109063,33,66,0,0,0,0,no_volume,0,0,0,0,no_volume,0,0,0,0,no_volume,0,0,0,0,0,0,28689,37174,0.1288,-818,828,23,23,34,33,1
1774109064,33,66,0,0,0,0,no_volume,0,0,0,0,no_volume,0,0,0,0,no_volume,0,0,0,0,0,0,28689,37174,0.1288,0,828,23,23,34,33,1
1774109065,33,66,0,0,0,0,no_volume,0,0,0,0,no_volume,0,0,0,0,no_volume,0,0,0,0,0,0,26867,37174,0.1609,-848,-994,23,23,34,33,1
1774109066,33,66,0,0,0,0,no_volume,0,0,0,0,no_volume,0,0,0,0,no_volume,0,0,0,0,0,0,28533,37646,0.1377,-156,672,23,23,34,33,1
1774109067,33,66,0,0,0,0,no_volume,0,0,0,0,no_volume,0,0,0,0,no_volume,0,0,0,0,0,0,28533,37174,0.1315,-156,0,23,23,34,33,1
1774109068,33,66,0,0,0,0,no_volume,0,0,0,0,no_volume,0,0,0,0,no_volume,0,0,0,0,0,0,27559,37174,0.1485,692,-974,23,23,34,33,1
1774109069,33,66,0,0,0,0,no_volume,0,0,0,0,no_volume,0,0,0,0,no_volume,0,0,0,0,0,0,27559,37193,0.1488,-974,-126,23,23,34,33,1
1774109070,33,66,0,0,0,0,no_volume,0,0,0,0,no_volume,0,0,0,0,no_volume,0,0,0,0,0,0,27559,37193,0.1488,-974,-1948,23,23,34,33,1
1774109071,33,66,0,0,0,0,no_volume,0,0,0,0,no_volume,0,0,0,0,no_volume,0,0,0,0,0,0,26711,36721,0.1578,-848,-1978,24,23,34,33,1
1774109072,33,66,0,0,0,0,low_activity,0,0,0,0,low_activity,0,0,0,0,low_activity,0,0,0,0,0,0,28525,36721,0.1256,966,810,24,23,34,33,1
1774109073,22,66,0,0,0,0,low_activity,0,0,0,0,low_activity,0,0,0,0,low_activity,0,0,0,0,0,0,25794,3584,-0.756,-1765,-2895,23,14,34,22,12
1774109074,22,66,0,0,0,0,low_activity,0,0,0,0,low_activity,0,0,0,0,low_activity,0,0,0,0,0,0,25462,3584,-0.7532,-1249,-3227,22,14,34,22,12
1774109075,22,66,0,0,0,0,no_volume,0,0,0,0,low_activity,0,0,0,0,low_activity,0,0,0,0,0,0,25462,3574,-0.7538,-3063,-1405,22,16,34,22,12
1774109076,21,66,0,0,0,0,no_volume,0,0,0,0,low_activity,0,0,0,0,low_activity,0,0,0,0,0,0,25462,3674,-0.7478,-332,-3071,22,15,34,21,13
1774109077,21,67,0,0,0,0,no_volume,0,0,0,0,no_volume,0,0,0,0,low_activity,0,0,0,0,0,0,25465,3682,-0.7473,3,-3068,23,15,33,21,12
1774109078,21,66,0,0,0,0,no_volume,0,0,0,0,no_volume,0,0,0,0,low_activity,0,0,0,0,0,0,10009,3563,-0.4749,-15453,-17550,21,15,34,21,13
1774109079,21,46,0,0,0,0,no_volume,0,0,0,0,no_volume,0,0,0,0,low_activity,0,0,0,0,0,0,8126,2145,-0.5823,-17336,-19433,22,16,54,21,33
1774109080,21,47,0,0,0,0,no_volume,0,0,0,0,no_volume,0,0,0,0,low_activity,0,0,0,0,0,0,6354,3358,-0.3085,-19111,-21205,20,15,53,21,32
1774109081,21,53,0,0,0,0,no_volume,0,0,0,0,no_volume,0,0,0,0,low_activity,0,0,0,0,0,0,8126,3368,-0.414,-1883,-18585,22,14,47,21,26
1774109082,21,58,0,0,0,0,no_volume,0,0,0,0,no_volume,0,0,0,0,low_activity,0,0,0,0,0,0,8246,3368,-0.42,120,-20279,23,14,42,21,21
1774109083,21,58,0,0,0,0,no_volume,0,0,0,0,no_volume,0,0,0,0,low_activity,0,0,0,0,0,0,8246,3368,-0.42,1892,-17548,22,14,42,21,21
1774109084,21,60,0,0,0,0,no_volume,0,0,0,0,no_volume,0,0,0,0,low_activity,0,0,0,0,0,0,8146,3368,-0.415,20,-17316,23,14,40,21,19
1774109085,30,63,0,0,0,0,no_volume,0,0,0,0,no_volume,0,0,0,0,low_activity,0,0,0,0,0,0,8249,4373,-0.3071,3,-17213,21,17,37,30,7
1774109086,33,65,0,0,0,0,no_volume,0,0,0,0,no_volume,0,0,0,0,low_activity,0,0,0,0,0,0,12995,8242,-0.2238,4749,-12467,22,16,35,33,2
1774109087,33,65,0,0,0,0,no_volume,0,0,0,0,no_volume,0,0,0,0,low_activity,0,0,0,0,0,0,12995,8242,-0.2238,4849,-12470,22,17,35,33,2
1774109088,33,65,0,0,0,0,no_volume,0,0,0,0,no_volume,0,0,0,0,low_activity,0,0,0,0,0,0,18273,8138,-0.3837,10024,8264,22,17,35,33,2
1774109089,33,65,0,0,0,0,no_volume,0,0,0,0,no_volume,0,0,0,0,low_activity,0,0,0,0,0,0,18273,8138,-0.3837,5278,10147,22,17,35,33,2
1774109090,33,65,0,0,0,0,no_volume,0,0,0,0,no_volume,0,0,0,0,low_activity,0,0,0,0,0,0,18273,8138,-0.3837,5278,11919,22,17,35,33,2
1774109091,33,65,0,0,0,0,no_volume,0,0,0,0,no_volume,0,0,0,0,low_activity,0,0,0,0,0,0,18273,8138,-0.3837,0,10147,22,17,35,33,2
1774109092,33,65,0,0,0,0,no_volume,0,0,0,0,no_volume,0,0,0,0,low_activity,0,0,0,0,0,0,18421,8138,-0.3872,148,10175,23,17,35,33,2
1774109093,33,65,0,0,0,0,no_volume,0,0,0,0,no_volume,0,0,0,0,low_activity,0,0,0,0,0,0,19709,9899,-0.3313,1436,11463,23,18,35,33,2
1774109094,33,65,0,0,0,0,no_volume,0,0,0,0,no_volume,0,0,0,0,low_activity,0,0,0,0,0,0,19709,9899,-0.3313,1436,11563,23,18,35,33,2
1774109095,33,65,0,0,0,0,no_volume,0,0,0,0,no_volume,0,0,0,0,low_activity,0,0,0,0,0,0,19709,9899,-0.3313,1288,11460,23,18,35,33,2
1774109096,33,65,0,0,0,0,no_volume,0,0,0,0,no_volume,0,0,0,0,low_activity,0,0,0,0,0,0,19709,9899,-0.3313,0,6714,23,18,35,33,2
1774109097,33,65,0,0,0,0,no_volume,0,0,0,0,no_volume,0,0,0,0,low_activity,0,0,0,0,0,0,20997,10194,-0.3463,1288,8002,24,19,35,33,2
1774109098,22,65,0,0,0,0,no_volume,0,0,0,0,no_volume,0,0,0,0,low_activity,0,0,0,0,0,0,12670,3657,-0.552,-7039,-5603,22,16,35,22,13
1774109099,22,65,0,0,0,0,no_volume,0,0,0,0,no_volume,0,0,0,0,low_activity,0,0,0,0,0,0,12670,3655,-0.5522,-7039,-5603,22,16,35,22,13
1774109100,22,65,0,0,0,0,no_volume,0,0,0,0,no_volume,0,0,0,0,low_activity,0,0,0,0,0,0,12670,3675,-0.5503,-8327,-5603,22,16,35,22,13
1774109101,22,65,0,0,0,0,no_volume,0,0,0,0,no_volume,0,0,0,0,low_activity,0,0,0,0,0,0,12670,3675,-0.5503,0,-5603,22,16,35,22,13
1774109102,20,76,0,0,0,0,no_volume,0,0,0,0,no_volume,0,0,0,0,no_volume,0,0,0,0,0,0,34692,5870,-0.7106,22022,16271,24,15,24,20,4
1774109103,20,76,0,0,0,0,no_volume,0,0,0,0,no_volume,0,0,0,0,no_volume,0,0,0,0,0,0,30031,5870,-0.673,17361,10322,22,15,24,20,4
1774109104,20,76,0,0,0,0,no_volume,0,0,0,0,no_volume,0,0,0,0,no_volume,0,0,0,0,0,0,10281,5860,-0.2739,-2389,-9428,21,15,24,20,4
1774109105,20,76,0,0,0,0,no_volume,0,0,0,0,no_volume,0,0,0,0,no_volume,0,0,0,0,0,0,10281,5860,-0.2739,-24411,-9428,21,15,24,20,4
1774109106,20,76,0,0,0,0,no_volume,0,0,0,0,no_volume,0,0,0,0,no_volume,0,0,0,0,0,0,10281,4591,-0.3826,-19750,-9428,21,15,24,20,4
1774109107,20,76,0,0,0,0,low_activity,0,0,0,0,low_activity,0,0,0,0,low_activity,0,0,0,0,0,0,10263,5879,-0.2716,-18,-10734,21,15,24,20,4
1774109108,20,76,0,0,0,0,low_activity,0,0,0,0,low_activity,0,0,0,0,low_activity,0,0,0,0,0,0,8441,5879,-0.1789,-1840,-4229,20,15,24,20,4
1774109109,20,76,0,0,0,0,low_activity,0,0,0,0,low_activity,0,0,0,0,low_activity,0,0,0,0,0,0,10263,5879,-0.2716,-18,-2407,20,15,24,20,4
1774109110,20,76,0,0,0,0,no_volume,0,0,0,0,low_activity,0,0,0,0,low_activity,0,0,0,0,0,0,10263,5899,-0.27,0,-2407,20,15,24,20,4
1774109111,20,76,0,0,0,0,no_volume,0,0,0,0,low_activity,0,0,0,0,low_activity,0,0,0,0,0,0,10263,5899,-0.27,1822,-2407,20,15,24,20,4
1774109112,20,76,0,0,0,0,no_volume,0,0,0,0,no_volume,0,0,0,0,low_activity,0,0,0,0,0,0,10263,5899,-0.27,0,-24429,20,15,24,20,4
1774109113,20,77,0,0,0,0,no_volume,0,0,0,0,no_volume,0,0,0,0,low_activity,0,0,0,0,0,0,10266,5879,-0.2717,3,-19765,21,15,23,20,3
1774109114,20,77,0,0,0,0,no_volume,0,0,0,0,no_volume,0,0,0,0,low_activity,0,0,0,0,0,0,9916,4591,-0.3671,-347,-365,20,15,23,20,3
1774109115,20,77,0,0,0,0,no_volume,0,0,0,0,no_volume,0,0,0,0,low_activity,0,0,0,0,0,0,9916,5879,-0.2556,-347,-365,20,15,23,20,3
1774109116,20,77,0,0,0,0,no_volume,0,0,0,0,no_volume,0,0,0,0,low_activity,0,0,0,0,0,0,9916,5860,-0.2571,-350,-365,20,15,23,20,3
1774109117,20,77,0,0,0,0,no_volume,0,0,0,0,no_volume,0,0,0,0,low_activity,0,0,0,0,0,0,10023,5960,-0.2542,107,-240,20,15,23,20,3
1774109118,20,77,0,0,0,0,low_activity,0,0,0,0,low_activity,0,0,0,0,low_activity,0,0,0,0,0,0,10015,4401,-0.3894,99,1574,20,15,23,20,3
1774109119,20,77,0,0,0,0,low_activity,0,0,0,0,low_activity,0,0,0,0,low_activity,0,0,0,0,0,0,10013,4099,-0.4191,97,-250,20,15,23,20,3
1774109120,20,77,0,0,0,0,low_activity,0,0,0,0,low_activity,0,0,0,0,low_activity,0,0,0,0,0,0,10013,4099,-0.4191,-10,-250,20,15,23,20,3
1774109121,20,77,0,0,0,0,no_volume,0,0,0,0,low_activity,0,0,0,0,low_activity,0,0,0,0,0,0,10123,4199,-0.4136,108,-140,20,15,23,20,3
1774109122,20,77,0,0,0,0,no_volume,0,0,0,0,low_activity,0,0,0,0,low_activity,0,0,0,0,0,0,10123,4199,-0.4136,110,-140,20,15,23,20,3
1774109123,20,77,0,0,0,0,no_volume,0,0,0,0,no_volume,0,0,0,0,low_activity,0,0,0,0,0,0,10123,4199,-0.4136,110,-143,20,15,23,20,3
1774109124,20,77,0,0,0,0,no_volume,0,0,0,0,no_volume,0,0,0,0,low_activity,0,0,0,0,0,0,10033,4199,-0.4099,-90,117,20,15,23,20,3
1774109125,20,77,0,0,0,0,no_volume,0,0,0,0,no_volume,0,0,0,0,low_activity,0,0,0,0,0,0,8133,4218,-0.317,-1990,-1783,22,15,23,20,3
1774109126,20,77,0,0,0,0,no_volume,0,0,0,0,no_volume,0,0,0,0,low_activity,0,0,0,0,0,0,10158,4318,-0.4034,35,242,22,15,23,20,3
1774109127,19,77,0,0,0,0,low_activity,0,0,0,0,low_activity,0,0,0,0,low_activity,0,0,0,0,0,0,13873,4018,-0.5508,3840,3850,22,14,23,19,4
1774109128,19,79,0,0,0,0,low_activity,0,0,0,0,low_activity,0,0,0,0,low_activity,0,0,0,0,0,0,20975,4358,-0.6559,12842,10960,24,14,21,19,2
1774109129,19,79,0,0,0,0,low_activity,0,0,0,0,low_activity,0,0,0,0,low_activity,0,0,0,0,0,0,20822,4358,-0.6539,10664,10809,24,14,21,19,2
1774109130,19,80,0,0,0,0,no_volume,0,0,0,0,low_activity,0,0,0,0,low_activity,0,0,0,0,0,0,28186,4368,-0.7316,14313,18173,25,14,20,19,1
1774109131,19,80,0,0,0,0,no_volume,0,0,0,0,low_activity,0,0,0,0,low_activity,0,0,0,0,0,0,23842,4348,-0.6915,2867,13719,25,14,20,19,1
1774109132,19,80,0,0,0,0,no_volume,0,0,0,0,no_volume,0,0,0,0,low_activity,0,0,0,0,0,0,27235,4358,-0.7241,6413,17112,25,14,20,19,1
1774109133,13,81,0,0,0,0,low_activity,0,0,0,0,low_activity,0,0,0,0,low_activity,0,0,0,0,0,0,25683,4306,-0.7128,-2503,15560,25,13,19,13,6
1774109134,13,82,0,0,0,0,low_activity,0,0,0,0,low_activity,0,0,0,0,low_activity,0,0,0,0,0,0,25696,4329,-0.7116,1854,15663,26,13,18,13,5
1774109135,13,82,0,0,0,0,low_activity,0,0,0,0,low_activity,0,0,0,0,low_activity,0,0,0,0,0,0,28230,4329,-0.7341,995,20097,27,13,18,13,5
1774109136,13,82,0,0,0,0,no_volume,0,0,0,0,low_activity,0,0,0,0,low_activity,0,0,0,0,0,0,28230,4329,-0.7341,2547,18072,27,13,18,13,5
1774109137,13,82,0,0,0,0,no_volume,0,0,0,0,low_activity,0,0,0,0,low_activity,0,0,0,0,0,0,28230,4329,-0.7341,2534,14357,27,13,18,13,5
1774109138,13,82,0,0,0,0,no_volume,0,0,0,0,no_volume,0,0,0,0,low_activity,0,0,0,0,0,0,28240,4555,-0.7222,10,7265,27,13,18,13,5
1774109139,13,82,0,0,0,0,no_volume,0,0,0,0,no_volume,0,0,0,0,low_activity,0,0,0,0,0,0,28240,4555,-0.7222,10,7418,27,13,18,13,5
1774109140,13,82,0,0,0,0,no_volume,0,0,0,0,no_volume,0,0,0,0,low_activity,0,0,0,0,0,0,28240,4555,-0.7222,10,54,27,13,18,13,5
1774109141,13,82,0,0,0,0,no_volume,0,0,0,0,no_volume,0,0,0,0,low_activity,0,0,0,0,0,0,28240,4555,-0.7222,0,4398,27,13,18,13,5
1774109142,13,82,0,0,0,0,no_volume,0,0,0,0,no_volume,0,0,0,0,low_activity,0,0,0,0,0,0,28240,4574,-0.7212,0,1005,27,13,18,13,5
1774109143,13,82,0,0,0,0,no_volume,0,0,0,0,no_volume,0,0,0,0,low_activity,0,0,0,0,0,0,28240,4574,-0.7212,0,2557,27,13,18,13,5
1774109144,13,82,0,0,0,0,no_volume,0,0,0,0,no_volume,0,0,0,0,low_activity,0,0,0,0,0,0,28240,4574,-0.7212,0,2544,27,13,18,13,5
1774109145,13,82,0,0,0,0,low_activity,0,0,0,0,low_activity,0,0,0,0,low_activity,0,0,0,0,0,0,28230,4574,-0.7211,-10,0,27,13,18,13,5
1774109146,13,82,0,0,0,0,low_activity,0,0,0,0,low_activity,0,0,0,0,low_activity,0,0,0,0,0,0,28230,4924,-0.703,-10,0,27,13,18,13,5
1774109147,13,82,0,0,0,0,low_activity,0,0,0,0,low_activity,0,0,0,0,low_activity,0,0,0,0,0,0,28230,4924,-0.703,-10,0,27,13,18,13,5
1774109148,13,82,0,0,0,0,no_volume,0,0,0,0,low_activity,0,0,0,0,low_activity,0,0,0,0,0,0,28230,4932,-0.7026,0,-10,27,13,18,13,5
1774109149,13,82,0,0,0,0,no_volume,0,0,0,0,low_activity,0,0,0,0,low_activity,0,0,0,0,0,0,28230,4932,-0.7026,0,-10,27,13,18,13,5
1774109150,13,82,0,0,0,0,no_volume,0,0,0,0,no_volume,0,0,0,0,low_activity,0,0,0,0,0,0,28230,4932,-0.7026,0,-10,27,13,18,13,5
1774109151,13,82,0,0,0,0,no_volume,0,0,0,0,no_volume,0,0,0,0,low_activity,0,0,0,0,0,0,28160,4913,-0.7029,-70,-80,27,13,18,13,5
1774109152,13,82,0,0,0,0,no_volume,0,0,0,0,no_volume,0,0,0,0,low_activity,0,0,0,0,0,0,28160,4913,-0.7029,-70,-80,27,13,18,13,5
1774109153,13,82,0,0,0,0,no_volume,0,0,0,0,no_volume,0,0,0,0,low_activity,0,0,0,0,0,0,28160,4913,-0.7029,-70,-80,27,13,18,13,5
1774109154,13,82,0,0,0,0,no_volume,0,0,0,0,no_volume,0,0,0,0,low_activity,0,0,0,0,0,0,28160,4913,-0.7029,0,-80,27,13,18,13,5
1774109155,13,82,0,0,0,0,no_volume,0,0,0,0,no_volume,0,0,0,0,low_activity,0,0,0,0,0,0,28160,4913,-0.7029,0,-70,27,13,18,13,5
1774109156,13,82,0,0,0,0,no_volume,0,0,0,0,no_volume,0,0,0,0,low_activity,0,0,0,0,0,0,28160,4913,-0.7029,0,-70,27,13,18,13,5
1774109157,13,82,0,0,0,0,no_volume,0,0,0,0,no_volume,0,0,0,0,low_activity,0,0,0,0,0,0,28160,4913,-0.7029,0,-70,27,13,18,13,5
1774109158,13,82,0,0,0,0,no_volume,0,0,0,0,no_volume,0,0,0,0,low_activity,0,0,0,0,0,0,28160,4913,-0.7029,0,-70,27,13,18,13,5
1774109159,13,82,0,0,0,0,no_volume,0,0,0,0,no_volume,0,0,0,0,low_activity,0,0,0,0,0,0,28160,4913,-0.7029,0,-70,27,13,18,13,5
1774109160,13,82,0,0,0,0,no_volume,0,0,0,0,no_volume,0,0,0,0,low_activity,0,0,0,0,0,0,28150,4913,-0.7028,-10,-80,27,13,18,13,5
1774109161,13,82,0,0,0,0,no_volume,0,0,0,0,no_volume,0,0,0,0,low_activity,0,0,0,0,0,0,28150,4932,-0.7018,-10,-10,27,13,18,13,5
1774109162,13,82,0,0,0,0,no_volume,0,0,0,0,no_volume,0,0,0,0,low_activity,0,0,0,0,0,0,28150,4932,-0.7018,-10,-10,27,13,18,13,5
1774109163,13,82,0,0,0,0,no_volume,0,0,0,0,no_volume,0,0,0,0,low_activity,0,0,0,0,0,0,28150,8932,-0.5183,0,-10,27,13,18,13,5
1774109164,13,82,0,0,0,0,no_volume,0,0,0,0,no_volume,0,0,0,0,low_activity,0,0,0,0,0,0,28150,8932,-0.5183,0,-10,27,13,18,13,5
1774109165,13,81,0,0,0,0,no_volume,0,0,0,0,no_volume,0,0,0,0,low_activity,0,0,0,0,0,0,25408,8356,-0.505,-2742,-2752,26,13,19,13,6
1774109166,13,81,0,0,0,0,no_volume,0,0,0,0,no_volume,0,0,0,0,low_activity,0,0,0,0,0,0,26058,8348,-0.5147,-2092,-2102,26,13,19,13,6
1774109167,13,81,0,0,0,0,no_volume,0,0,0,0,no_volume,0,0,0,0,low_activity,0,0,0,0,0,0,26058,8673,-0.5006,-2092,-2102,26,13,19,13,6
1774109168,13,81,0,0,0,0,no_volume,0,0,0,0,no_volume,0,0,0,0,low_activity,0,0,0,0,0,0,26058,8673,-0.5006,650,-2102,26,13,19,13,6
1774109169,13,81,0,0,0,0,no_volume,0,0,0,0,no_volume,0,0,0,0,low_activity,0,0,0,0,0,0,26058,8654,-0.5014,0,-2102,26,13,19,13,6
1774109170,13,81,0,0,0,0,no_volume,0,0,0,0,no_volume,0,0,0,0,low_activity,0,0,0,0,0,0,26058,8654,-0.5014,0,-2092,26,13,19,13,6
1774109171,13,81,0,0,0,0,no_volume,0,0,0,0,no_volume,0,0,0,0,low_activity,0,0,0,0,0,0,26058,8654,-0.5014,0,-2092,26,13,19,13,6
1774109172,13,81,0,0,0,0,no_volume,0,0,0,0,no_volume,0,0,0,0,low_activity,0,0,0,0,0,0,26058,8654,-0.5014,0,-2092,26,13,19,13,6
1774109173,13,81,0,0,0,0,no_volume,0,0,0,0,no_volume,0,0,0,0,low_activity,0,0,0,0,0,0,26058,8654,-0.5014,0,-2092,26,13,19,13,6
1774109174,18,81,0,0,0,0,no_volume,0,0,0,0,no_volume,0,0,0,0,low_activity,0,0,0,0,0,0,25364,10492,-0.4148,-694,-2786,26,17,19,18,1
1774109175,18,81,0,0,0,0,no_volume,0,0,0,0,no_volume,0,0,0,0,no_volume,0,0,0,0,0,0,25354,7193,-0.558,-704,-54,26,17,19,18,1
1774109176,18,81,0,0,0,0,no_volume,0,0,0,0,no_volume,0,0,0,0,no_volume,0,0,0,0,0,0,28038,7804,-0.5645,1980,1980,26,17,19,18,1
1774109177,18,80,0,0,0,0,no_volume,0,0,0,0,no_volume,0,0,0,0,no_volume,0,0,0,0,0,0,28220,12346,-0.3913,2856,2162,25,17,20,18,2
1774109178,18,80,0,0,0,0,no_volume,0,0,0,0,no_volume,0,0,0,0,no_volume,0,0,0,0,0,0,30635,12163,-0.4316,5281,4577,25,17,20,18,2
1774109179,18,81,0,0,0,0,no_volume,0,0,0,0,no_volume,0,0,0,0,no_volume,0,0,0,0,0,0,30746,10894,-0.4768,2708,4688,26,16,19,18,1
1774109180,18,81,0,0,0,0,no_volume,0,0,0,0,no_volume,0,0,0,0,no_volume,0,0,0,0,0,0,31484,10894,-0.4859,3264,5426,26,16,19,18,1
1774109181,17,81,0,0,0,0,no_volume,0,0,0,0,no_volume,0,0,0,0,no_volume,0,0,0,0,0,0,29309,10185,-0.4842,-1326,3251,26,15,19,17,2
1774109182,18,81,0,0,0,0,no_volume,0,0,0,0,no_volume,0,0,0,0,no_volume,0,0,0,0,0,0,29309,11367,-0.4411,-1437,3251,26,16,19,18,1
1774109183,18,81,0,0,0,0,no_volume,0,0,0,0,no_volume,0,0,0,0,no_volume,0,0,0,0,0,0,32354,11367,-0.48,870,6296,26,16,19,18,1
1774109184,18,81,0,0,0,0,no_volume,0,0,0,0,no_volume,0,0,0,0,no_volume,0,0,0,0,0,0,32356,15445,-0.3538,3047,6992,26,16,19,18,1
1774109185,18,81,0,0,0,0,no_volume,0,0,0,0,no_volume,0,0,0,0,no_volume,0,0,0,0,0,0,32356,15445,-0.3538,3047,7002,26,16,19,18,1
1774109186,18,81,0,0,0,0,no_volume,0,0,0,0,no_volume,0,0,0,0,no_volume,0,0,0,0,0,0,32356,15445,-0.3538,2,4318,26,16,19,18,1
1774109187,13,81,0,0,0,0,no_volume,0,0,0,0,no_volume,0,0,0,0,no_volume,0,0,0,0,0,0,30943,2435,-0.8541,-1413,2723,26,12,19,13,6
1774109188,13,82,0,0,0,0,no_volume,0,0,0,0,no_volume,0,0,0,0,no_volume,0,0,0,0,0,0,30953,2316,-0.8608,-1403,318,27,12,18,13,5
1774109189,14,82,0,0,0,0,no_volume,0,0,0,0,no_volume,0,0,0,0,no_volume,0,0,0,0,0,0,30963,2316,-0.8608,-1393,217,27,12,18,14,4
1774109190,13,82,0,0,0,0,no_volume,0,0,0,0,no_volume,0,0,0,0,no_volume,0,0,0,0,0,0,30953,2674,-0.841,10,-531,27,13,18,13,5
1774109191,14,82,0,0,0,0,no_volume,0,0,0,0,no_volume,0,0,0,0,no_volume,0,0,0,0,0,0,30953,2688,-0.8402,0,1644,27,13,18,14,4
1774109192,14,82,0,0,0,0,no_volume,0,0,0,0,no_volume,0,0,0,0,no_volume,0,0,0,0,0,0,30953,3175,-0.8139,-10,1644,27,12,18,14,4
1774109193,14,82,0,0,0,0,no_volume,0,0,0,0,no_volume,0,0,0,0,no_volume,0,0,0,0,0,0,30953,3175,-0.8139,0,-1401,27,12,18,14,4
1774109194,14,82,0,0,0,0,no_volume,0,0,0,0,no_volume,0,0,0,0,no_volume,0,0,0,0,0,0,30953,4925,-0.7255,0,-1403,27,13,18,14,4
1774109195,14,82,0,0,0,0,no_volume,0,0,0,0,no_volume,0,0,0,0,no_volume,0,0,0,0,0,0,30953,4925,-0.7255,0,-1403,27,13,18,14,4
1774109196,14,82,0,0,0,0,no_volume,0,0,0,0,no_volume,0,0,0,0,no_volume,0,0,0,0,0,0,30983,2925,-0.8275,30,-1373,27,13,18,14,4
1774109197,14,82,0,0,0,0,no_volume,0,0,0,0,no_volume,0,0,0,0,no_volume,0,0,0,0,0,0,30983,3194,-0.8131,30,40,27,13,18,14,4
1774109198,14,82,0,0,0,0,no_volume,0,0,0,0,no_volume,0,0,0,0,no_volume,0,0,0,0,0,0,30983,2944,-0.8265,30,30,27,13,18,14,4
1774109199,14,82,0,0,0,0,no_volume,0,0,0,0,no_volume,0,0,0,0,no_volume,0,0,0,0,0,0,30983,2944,-0.8265,0,20,27,13,18,14,4
1774109200,14,82,0,0,0,0,no_volume,0,0,0,0,no_volume,0,0,0,0,no_volume,0,0,0,0,0,0,30963,2934,-0.8269,-20,10,27,13,18,14,4
1774109201,14,82,0,0,0,0,no_volume,0,0,0,0,no_volume,0,0,0,0,no_volume,0,0,0,0,0,0,30963,3184,-0.8135,-20,10,27,12,18,14,4
1774109202,14,82,0,0,0,0,no_volume,0,0,0,0,no_volume,0,0,0,0,no_volume,0,0,0,0,0,0,30963,3184,-0.8135,-20,10,27,12,18,14,4
1774109203,14,82,0,0,0,0,no_volume,0,0,0,0,no_volume,0,0,0,0,no_volume,0,0,0,0,0,0,30933,3174,-0.8139,-30,-20,27,12,18,14,4
1774109204,14,82,0,0,0,0,no_volume,0,0,0,0,no_volume,0,0,0,0,no_volume,0,0,0,0,0,0,30873,2547,-0.8476,-90,-80,27,13,18,14,4
1774109205,14,82,0,0,0,0,no_volume,0,0,0,0,no_volume,0,0,0,0,no_volume,0,0,0,0,0,0,30883,2539,-0.8481,-80,-70,27,12,18,14,4
1774109206,14,82,0,0,0,0,no_volume,0,0,0,0,no_volume,0,0,0,0,no_volume,0,0,0,0,0,0,30853,2248,-0.8642,-80,-130,27,13,18,14,4
1774109207,14,82,0,0,0,0,no_volume,0,0,0,0,no_volume,0,0,0,0,no_volume,0,0,0,0,0,0,31614,2344,-0.8619,741,631,27,13,18,14,4
1774109208,14,81,0,0,0,0,no_volume,0,0,0,0,no_volume,0,0,0,0,no_volume,0,0,0,0,0,0,33286,2574,-0.8564,2403,2303,27,13,19,14,5
1774109209,14,81,0,0,0,0,no_volume,0,0,0,0,no_volume,0,0,0,0,no_volume,0,0,0,0,0,0,33286,2424,-0.8642,2433,2303,27,14,19,14,5
1774109210,14,81,0,0,0,0,no_volume,0,0,0,0,no_volume,0,0,0,0,no_volume,0,0,0,0,0,0,33286,2424,-0.8642,1672,2323,27,14,19,14,5
1774109211,14,81,0,0,0,0,no_volume,0,0,0,0,no_volume,0,0,0,0,no_volume,0,0,0,0,0,0,33286,2840,-0.8428,0,2323,27,13,19,14,5
1774109212,15,81,0,0,0,0,no_volume,0,0,0,0,no_volume,0,0,0,0,no_volume,0,0,0,0,0,0,33286,2854,-0.8421,0,2323,27,14,19,15,4
1774109213,15,81,0,0,0,0,no_volume,0,0,0,0,no_volume,0,0,0,0,no_volume,0,0,0,0,0,0,33286,3013,-0.834,0,2353,27,14,19,15,4
1774109214,15,81,0,0,0,0,low_activity,0,0,0,0,low_activity,0,0,0,0,low_activity,0,0,0,0,0,0,33037,3123,-0.8273,-249,2164,27,15,19,15,4
1774109215,14,81,0,0,0,0,low_activity,0,0,0,0,low_activity,0,0,0,0,low_activity,0,0,0,0,0,0,33037,3232,-0.8218,-249,2154,27,13,19,14,5
1774109216,14,81,0,0,0,0,low_activity,0,0,0,0,low_activity,0,0,0,0,low_activity,0,0,0,0,0,0,33037,3232,-0.8218,-249,2184,27,13,19,14,5
1774109217,14,81,0,0,0,0,no_volume,0,0,0,0,low_activity,0,0,0,0,low_activity,0,0,0,0,0,0,33037,3232,-0.8218,0,1423,27,13,19,14,5
1774109218,14,81,0,0,0,0,low_activity,0,0,0,0,low_activity,0,0,0,0,low_activity,0,0,0,0,0,0,33036,3232,-0.8218,-1,-250,27,13,19,14,5
1774109219,14,81,0,0,0,0,low_activity,0,0,0,0,low_activity,0,0,0,0,low_activity,0,0,0,0,0,0,33036,3232,-0.8218,-1,-250,27,13,19,14,5
1774109220,14,81,0,0,0,0,low_activity,0,0,0,0,low_activity,0,0,0,0,low_activity,0,0,0,0,0,0,33036,3232,-0.8218,-1,-250,27,13,19,14,5
1774109221,14,81,0,0,0,0,no_volume,0,0,0,0,low_activity,0,0,0,0,low_activity,0,0,0,0,0,0,33036,3232,-0.8218,0,-250,27,13,19,14,5
1774109222,14,81,0,0,0,0,no_volume,0,0,0,0,low_activity,0,0,0,0,low_activity,0,0,0,0,0,0,33036,3232,-0.8218,0,-250,27,13,19,14,5
1774109223,14,81,0,0,0,0,no_volume,0,0,0,0,no_volume,0,0,0,0,low_activity,0,0,0,0,0,0,33036,3132,-0.8268,0,-250,27,14,19,14,5
1774109224,14,82,0,0,0,0,no_volume,0,0,0,0,no_volume,0,0,0,0,low_activity,0,0,0,0,0,0,33246,3213,-0.8237,210,209,28,13,18,14,4
1774109225,14,82,0,0,0,0,no_volume,0,0,0,0,no_volume,0,0,0,0,low_activity,0,0,0,0,0,0,33246,3113,-0.8288,210,209,28,13,18,14,4
1774109226,14,82,0,0,0,0,no_volume,0,0,0,0,no_volume,0,0,0,0,low_activity,0,0,0,0,0,0,33306,2708,-0.8496,270,269,28,13,18,14,4
1774109227,14,82,0,0,0,0,no_volume,0,0,0,0,no_volume,0,0,0,0,low_activity,0,0,0,0,0,0,33306,2588,-0.8558,60,269,28,13,18,14,4
1774109228,14,82,0,0,0,0,no_volume,0,0,0,0,no_volume,0,0,0,0,low_activity,0,0,0,0,0,0,33306,2588,-0.8558,60,270,28,13,18,14,4
1774109229,14,82,0,0,0,0,no_volume,0,0,0,0,no_volume,0,0,0,0,low_activity,0,0,0,0,0,0,33306,2588,-0.8558,0,270,28,13,18,14,4
1774109230,14,82,0,0,0,0,no_volume,0,0,0,0,no_volume,0,0,0,0,low_activity,0,0,0,0,0,0,33306,2588,-0.8558,0,270,28,13,18,14,4
1774109231,14,82,0,0,0,0,no_volume,0,0,0,0,no_volume,0,0,0,0,low_activity,0,0,0,0,0,0,33306,2588,-0.8558,0,270,28,13,18,14,4
1774109232,14,82,0,0,0,0,no_volume,0,0,0,0,no_volume,0,0,0,0,low_activity,0,0,0,0,0,0,33306,3171,-0.8261,0,270,28,13,18,14,4
1774109233,14,82,0,0,0,0,no_volume,0,0,0,0,no_volume,0,0,0,0,low_activity,0,0,0,0,0,0,33306,3171,-0.8261,0,270,28,13,18,14,4
1774109234,14,82,0,0,0,0,no_volume,0,0,0,0,no_volume,0,0,0,0,low_activity,0,0,0,0,0,0,33306,3171,-0.8261,0,60,28,13,18,14,4
1774109235,14,82,0,0,0,0,no_volume,0,0,0,0,no_volume,0,0,0,0,low_activity,0,0,0,0,0,0,33306,3171,-0.8261,0,60,28,13,18,14,4
1774109236,14,82,0,0,0,0,no_volume,0,0,0,0,no_volume,0,0,0,0,low_activity,0,0,0,0,0,0,33306,3171,-0.8261,0,0,28,13,18,14,4
1774109237,14,82,0,0,0,0,no_volume,0,0,0,0,no_volume,0,0,0,0,low_activity,0,0,0,0,0,0,33306,2921,-0.8387,0,0,28,14,18,14,4
1774109238,14,82,0,0,0,0,no_volume,0,0,0,0,no_volume,0,0,0,0,low_activity,0,0,0,0,0,0,33246,2871,-0.841,-60,-60,28,13,18,14,4
1774109239,14,82,0,0,0,0,no_volume,0,0,0,0,no_volume,0,0,0,0,low_activity,0,0,0,0,0,0,33246,3121,-0.8284,-60,-60,28,14,18,14,4
1774109240,14,82,0,0,0,0,no_volume,0,0,0,0,no_volume,0,0,0,0,low_activity,0,0,0,0,0,0,33246,3121,-0.8284,-60,-60,28,14,18,14,4
1774109241,14,82,0,0,0,0,no_volume,0,0,0,0,no_volume,0,0,0,0,low_activity,0,0,0,0,0,0,33246,3121,-0.8284,0,-60,28,14,18,14,4
1774109242,14,82,0,0,0,0,no_volume,0,0,0,0,no_volume,0,0,0,0,low_activity,0,0,0,0,0,0,33246,3102,-0.8293,0,-60,28,14,18,14,4
1774109243,14,82,0,0,0,0,no_volume,0,0,0,0,no_volume,0,0,0,0,low_activity,0,0,0,0,0,0,33246,3102,-0.8293,0,-60,28,14,18,14,4
1774109244,14,82,0,0,0,0,no_volume,0,0,0,0,no_volume,0,0,0,0,low_activity,0,0,0,0,0,0,33246,3102,-0.8293,0,-60,28,14,18,14,4
1774109245,14,82,0,0,0,0,no_volume,0,0,0,0,no_volume,0,0,0,0,low_activity,0,0,0,0,0,0,33146,3012,-0.8334,-100,-160,28,14,18,14,4
1774109246,14,82,0,0,0,0,no_volume,0,0,0,0,no_volume,0,0,0,0,low_activity,0,0,0,0,0,0,33146,3012,-0.8334,-100,-160,28,14,18,14,4
1774109247,18,81,0,0,0,0,low_activity,0,0,0,0,low_activity,0,0,0,0,low_activity,0,0,0,0,0,0,33036,2538,-0.8573,-210,-270,27,15,19,18,1
1774109248,18,81,0,0,0,0,low_activity,0,0,0,0,low_activity,0,0,0,0,low_activity,0,0,0,0,0,0,33043,2516,-0.8585,-103,-203,27,13,19,18,1
1774109249,18,81,0,0,0,0,low_activity,0,0,0,0,low_activity,0,0,0,0,low_activity,0,0,0,0,0,0,33036,2376,-0.8658,-110,-210,27,14,19,18,1
1774109250,18,81,0,0,0,0,no_volume,0,0,0,0,low_activity,0,0,0,0,low_activity,0,0,0,0,0,0,33036,2656,-0.8512,0,-210,27,13,19,18,1
1774109251,18,81,0,0,0,0,no_volume,0,0,0,0,low_activity,0,0,0,0,low_activity,0,0,0,0,0,0,33036,2675,-0.8502,-7,-210,27,13,19,18,1
1774109252,18,81,0,0,0,0,no_volume,0,0,0,0,no_volume,0,0,0,0,low_activity,0,0,0,0,0,0,33036,3037,-0.8316,0,-210,27,13,19,18,1
1774109253,18,81,0,0,0,0,no_volume,0,0,0,0,no_volume,0,0,0,0,low_activity,0,0,0,0,0,0,33036,3037,-0.8316,0,-210,27,13,19,18,1
1774109254,18,81,0,0,0,0,no_volume,0,0,0,0,no_volume,0,0,0,0,low_activity,0,0,0,0,0,0,33046,3037,-0.8317,10,-200,27,13,19,18,1
1774109255,18,81,0,0,0,0,no_volume,0,0,0,0,no_volume,0,0,0,0,low_activity,0,0,0,0,0,0,33046,3037,-0.8317,10,-100,27,13,19,18,1
1774109256,18,81,0,0,0,0,no_volume,0,0,0,0,no_volume,0,0,0,0,low_activity,0,0,0,0,0,0,33046,3037,-0.8317,10,-100,27,13,19,18,1
1774109257,18,81,0,0,0,0,no_volume,0,0,0,0,no_volume,0,0,0,0,low_activity,0,0,0,0,0,0,33079,3037,-0.8318,33,43,27,13,19,18,1
1774109258,18,81,0,0,0,0,no_volume,0,0,0,0,no_volume,0,0,0,0,low_activity,0,0,0,0,0,0,33079,3037,-0.8318,33,36,27,13,19,18,1
1774109259,18,81,0,0,0,0,no_volume,0,0,0,0,no_volume,0,0,0,0,low_activity,0,0,0,0,0,0,33079,3037,-0.8318,33,43,27,13,19,18,1
1774109260,18,81,0,0,0,0,no_volume,0,0,0,0,no_volume,0,0,0,0,low_activity,0,0,0,0,0,0,33079,3018,-0.8328,0,43,27,13,19,18,1
1774109261,18,81,0,0,0,0,no_volume,0,0,0,0,no_volume,0,0,0,0,low_activity,0,0,0,0,0,0,33079,3018,-0.8328,0,43,27,13,19,18,1
1774109262,18,81,0,0,0,0,no_volume,0,0,0,0,no_volume,0,0,0,0,low_activity,0,0,0,0,0,0,33079,3018,-0.8328,0,43,27,13,19,18,1
1774109263,18,81,0,0,0,0,no_volume,0,0,0,0,no_volume,0,0,0,0,low_activity,0,0,0,0,0,0,33079,3018,-0.8328,0,43,27,13,19,18,1
1774109264,18,81,0,0,0,0,no_volume,0,0,0,0,no_volume,0,0,0,0,low_activity,0,0,0,0,0,0,33074,2768,-0.8455,-5,28,27,12,19,18,1
1774109265,18,81,0,0,0,0,no_volume,0,0,0,0,no_volume,0,0,0,0,low_activity,0,0,0,0,0,0,33071,2559,-0.8564,-8,25,27,14,19,18,1
1774109266,18,81,0,0,0,0,no_volume,0,0,0,0,no_volume,0,0,0,0,low_activity,0,0,0,0,0,0,33071,2559,-0.8564,-8,25,27,14,19,18,1
1774109267,18,81,0,0,0,0,no_volume,0,0,0,0,no_volume,0,0,0,0,low_activity,0,0,0,0,0,0,33069,2656,-0.8513,-5,-10,27,12,19,18,1
1774109268,18,81,0,0,0,0,no_volume,0,0,0,0,no_volume,0,0,0,0,low_activity,0,0,0,0,0,0,33069,2675,-0.8503,-2,-10,27,12,19,18,1
1774109269,18,81,0,0,0,0,no_volume,0,0,0,0,no_volume,0,0,0,0,low_activity,0,0,0,0,0,0,33069,2675,-0.8503,-2,-10,27,12,19,18,1
1774109270,18,81,0,0,0,0,no_volume,0,0,0,0,no_volume,0,0,0,0,low_activity,0,0,0,0,0,0,33069,2675,-0.8503,0,-10,27,12,19,18,1
1774109271,18,81,0,0,0,0,no_volume,0,0,0,0,no_volume,0,0,0,0,low_activity,0,0,0,0,0,0,33069,2675,-0.8503,0,-10,27,12,19,18,1
1774109272,18,81,0,0,0,0,no_volume,0,0,0,0,no_volume,0,0,0,0,low_activity,0,0,0,0,0,0,33069,2675,-0.8503,0,-10,27,12,19,18,1
1774109273,18,81,0,0,0,0,no_volume,0,0,0,0,no_volume,0,0,0,0,low_activity,0,0,0,0,0,0,33069,2675,-0.8503,0,-10,27,12,19,18,1
1774109274,18,81,0,0,0,0,no_volume,0,0,0,0,no_volume,0,0,0,0,low_activity,0,0,0,0,0,0,33069,2675,-0.8503,0,-5,27,12,19,18,1
1774109275,18,81,0,0,0,0,no_volume,0,0,0,0,no_volume,0,0,0,0,low_activity,0,0,0,0,0,0,33069,2675,-0.8503,0,-2,27,12,19,18,1
1774109276,18,81,0,0,0,0,no_volume,0,0,0,0,no_volume,0,0,0,0,low_activity,0,0,0,0,0,0,33069,2675,-0.8503,0,-2,27,12,19,18,1
1774109277,18,81,0,0,0,0,no_volume,0,0,0,0,no_volume,0,0,0,0,no_volume,0,0,0,0,0,0,33069,2656,-0.8513,0,0,27,12,19,18,1
1774109278,18,81,0,0,0,0,no_volume,0,0,0,0,no_volume,0,0,0,0,no_volume,0,0,0,0,0,0,33069,2656,-0.8513,0,0,27,12,19,18,1
1774109279,18,81,0,0,0,0,no_volume,0,0,0,0,no_volume,0,0,0,0,no_volume,0,0,0,0,0,0,36993,5590,-0.7375,3924,3924,27,15,19,18,1
1774109280,18,81,0,0,0,0,no_volume,0,0,0,0,no_volume,0,0,0,0,no_volume,0,0,0,0,0,0,36993,8206,-0.6369,3924,3924,27,15,19,18,1
1774109281,18,81,0,0,0,0,no_volume,0,0,0,0,no_volume,0,0,0,0,no_volume,0,0,0,0,0,0,36993,9152,-0.6033,3924,3924,27,16,19,18,1
1774109282,18,81,0,0,0,0,no_volume,0,0,0,0,no_volume,0,0,0,0,no_volume,0,0,0,0,0,0,36993,9152,-0.6033,0,3924,27,16,19,18,1
1774109283,18,81,0,0,0,0,no_volume,0,0,0,0,no_volume,0,0,0,0,no_volume,0,0,0,0,0,0,37007,9466,-0.5926,14,3938,27,16,19,18,1
1774109284,18,81,0,0,0,0,no_volume,0,0,0,0,no_volume,0,0,0,0,no_volume,0,0,0,0,0,0,37132,9466,-0.5937,139,4063,27,16,19,18,1
1774109285,18,81,0,0,0,0,no_volume,0,0,0,0,no_volume,0,0,0,0,no_volume,0,0,0,0,0,0,37132,9466,-0.5937,139,4063,27,16,19,18,1
1774109286,18,81,0,0,0,0,no_volume,0,0,0,0,no_volume,0,0,0,0,no_volume,0,0,0,0,0,0,37132,10809,-0.5491,125,4063,27,15,19,18,1
1774109287,18,81,0,0,0,0,no_volume,0,0,0,0,no_volume,0,0,0,0,no_volume,0,0,0,0,0,0,37132,11070,-0.5407,0,4063,27,15,19,18,1
1774109288,18,81,0,0,0,0,no_volume,0,0,0,0,no_volume,0,0,0,0,no_volume,0,0,0,0,0,0,34496,11070,-0.5141,-2636,1427,27,15,19,18,1
1774109289,18,81,0,0,0,0,no_volume,0,0,0,0,no_volume,0,0,0,0,no_volume,0,0,0,0,0,0,34371,11070,-0.5128,-2761,-2622,27,15,19,18,1
1774109290,18,81,0,0,0,0,no_volume,0,0,0,0,no_volume,0,0,0,0,no_volume,0,0,0,0,0,0,34371,11070,-0.5128,-2761,-2622,27,15,19,18,1
1774109291,18,81,0,0,0,0,no_volume,0,0,0,0,no_volume,0,0,0,0,no_volume,0,0,0,0,0,0,34452,11070,-0.5136,-44,-2541,27,15,19,18,1
1774109292,18,81,0,0,0,0,no_volume,0,0,0,0,no_volume,0,0,0,0,no_volume,0,0,0,0,0,0,34452,11070,-0.5136,81,-2541,27,15,19,18,1
1774109293,18,81,0,0,0,0,no_volume,0,0,0,0,no_volume,0,0,0,0,no_volume,0,0,0,0,0,0,34452,11070,-0.5136,81,-2555,27,15,19,18,1
1774109294,18,81,0,0,0,0,no_volume,0,0,0,0,no_volume,0,0,0,0,no_volume,0,0,0,0,0,0,34452,11070,-0.5136,0,-2680,27,15,19,18,1
1774109295,18,81,0,0,0,0,no_volume,0,0,0,0,no_volume,0,0,0,0,no_volume,0,0,0,0,0,0,34452,11051,-0.5143,0,-2680,27,15,19,18,1
1774109296,18,81,0,0,0,0,no_volume,0,0,0,0,no_volume,0,0,0,0,no_volume,0,0,0,0,0,0,34452,11051,-0.5143,0,-2680,27,15,19,18,1
1774109297,18,81,0,0,0,0,no_volume,0,0,0,0,no_volume,0,0,0,0,no_volume,0,0,0,0,0,0,34452,11051,-0.5143,0,-2680,27,15,19,18,1
1774109298,18,81,0,0,0,0,no_volume,0,0,0,0,no_volume,0,0,0,0,no_volume,0,0,0,0,0,0,34452,11051,-0.5143,0,-44,27,15,19,18,1
1774109299,18,81,0,0,0,0,no_volume,0,0,0,0,no_volume,0,0,0,0,no_volume,0,0,0,0,0,0,34577,11051,-0.5156,125,206,27,15,19,18,1
1774109300,18,81,0,0,0,0,no_volume,0,0,0,0,no_volume,0,0,0,0,no_volume,0,0,0,0,0,0,34577,11084,-0.5145,125,206,27,15,19,18,1
1774109301,18,81,0,0,0,0,no_volume,0,0,0,0,no_volume,0,0,0,0,no_volume,0,0,0,0,0,0,34577,11084,-0.5145,125,125,27,15,19,18,1
1774109302,18,81,0,0,0,0,no_volume,0,0,0,0,no_volume,0,0,0,0,no_volume,0,0,0,0,0,0,34577,11084,-0.5145,0,125,27,15,19,18,1
1774109303,18,81,0,0,0,0,no_volume,0,0,0,0,no_volume,0,0,0,0,no_volume,0,0,0,0,0,0,34577,11084,-0.5145,0,125,27,15,19,18,1
1774109304,18,81,0,0,0,0,no_volume,0,0,0,0,no_volume,0,0,0,0,no_volume,0,0,0,0,0,0,34452,11084,-0.5132,-125,0,27,15,19,18,1
1774109305,18,81,0,0,0,0,no_volume,0,0,0,0,no_volume,0,0,0,0,no_volume,0,0,0,0,0,0,33164,3263,-0.8208,-1413,-1288,27,13,19,18,1
1774109306,18,81,0,0,0,0,no_volume,0,0,0,0,no_volume,0,0,0,0,no_volume,0,0,0,0,0,0,33164,3183,-0.8249,-1413,-1288,27,14,19,18,1
1774109307,18,81,0,0,0,0,no_volume,0,0,0,0,no_volume,0,0,0,0,no_volume,0,0,0,0,0,0,33069,2565,-0.856,-1383,-1383,27,13,19,18,1
1774109308,18,81,0,0,0,0,no_volume,0,0,0,0,no_volume,0,0,0,0,no_volume,0,0,0,0,0,0,33069,2295,-0.8702,-95,-1383,27,13,19,18,1
1774109309,18,81,0,0,0,0,no_volume,0,0,0,0,no_volume,0,0,0,0,no_volume,0,0,0,0,0,0,33069,2295,-0.8702,-95,-1508,27,13,19,18,1
1774109310,18,81,0,0,0,0,no_volume,0,0,0,0,no_volume,0,0,0,0,no_volume,0,0,0,0,0,0,33069,2385,-0.8655,0,-1508,27,13,19,18,1
1774109311,18,81,0,0,0,0,no_volume,0,0,0,0,no_volume,0,0,0,0,no_volume,0,0,0,0,0,0,33069,2708,-0.8486,0,-1508,27,13,19,18,1
1774109312,18,81,0,0,0,0,no_volume,0,0,0,0,no_volume,0,0,0,0,no_volume,0,0,0,0,0,0,33069,2708,-0.8486,0,-1508,27,13,19,18,1
1774109313,18,81,0,0,0,0,no_volume,0,0,0,0,no_volume,0,0,0,0,no_volume,0,0,0,0,0,0,33069,2458,-0.8616,0,-1508,27,13,19,18,1
1774109314,18,81,0,0,0,0,no_volume,0,0,0,0,no_volume,0,0,0,0,no_volume,0,0,0,0,0,0,33069,2609,-0.8537,0,-1383,27,13,19,18,1
1774109315,18,81,0,0,0,0,no_volume,0,0,0,0,no_volume,0,0,0,0,no_volume,0,0,0,0,0,0,33069,2609,-0.8537,0,-95,27,13,19,18,1
1774109316,18,81,0,0,0,0,no_volume,0,0,0,0,no_volume,0,0,0,0,no_volume,0,0,0,0,0,0,33069,2609,-0.8537,0,-95,27,13,19,18,1
1774109317,18,81,0,0,0,0,no_volume,0,0,0,0,no_volume,0,0,0,0,no_volume,0,0,0,0,0,0,33069,2609,-0.8537,0,0,27,13,19,18,1
1774109318,18,81,0,0,0,0,no_volume,0,0,0,0,no_volume,0,0,0,0,no_volume,0,0,0,0,0,0,33069,2629,-0.8527,0,0,27,13,19,18,1
1774109319,18,81,0,0,0,0,no_volume,0,0,0,0,no_volume,0,0,0,0,no_volume,0,0,0,0,0,0,33069,2629,-0.8527,0,0,27,13,19,18,1
1774109320,18,81,0,0,0,0,no_volume,0,0,0,0,no_volume,0,0,0,0,no_volume,0,0,0,0,0,0,33069,2379,-0.8658,0,0,27,13,19,18,1
1774109321,18,81,0,0,0,0,no_volume,0,0,0,0,no_volume,0,0,0,0,no_volume,0,0,0,0,0,0,33069,2629,-0.8527,0,0,27,13,19,18,1
1774109322,18,81,0,0,0,0,no_volume,0,0,0,0,no_volume,0,0,0,0,no_volume,0,0,0,0,0,0,33069,2629,-0.8527,0,0,27,13,19,18,1
1774109323,18,81,0,0,0,0,no_volume,0,0,0,0,no_volume,0,0,0,0,no_volume,0,0,0,0,0,0,33069,2648,-0.8517,0,0,27,13,19,18,1
1774109324,18,81,0,0,0,0,no_volume,0,0,0,0,no_volume,0,0,0,0,no_volume,0,0,0,0,0,0,33069,2698,-0.8491,0,0,27,13,19,18,1
1774109325,18,81,0,0,0,0,no_volume,0,0,0,0,no_volume,0,0,0,0,no_volume,0,0,0,0,0,0,33069,2698,-0.8491,0,0,27,13,19,18,1
1774109326,18,81,0,0,0,0,no_volume,0,0,0,0,no_volume,0,0,0,0,no_volume,0,0,0,0,0,0,33069,2698,-0.8491,0,0,27,13,19,18,1
1774109327,18,81,0,0,0,0,no_volume,0,0,0,0,no_volume,0,0,0,0,no_volume,0,0,0,0,0,0,33069,2698,-0.8491,0,0,27,13,19,18,1
1774109328,18,81,0,0,0,0,no_volume,0,0,0,0,no_volume,0,0,0,0,no_volume,0,0,0,0,0,0,33069,2698,-0.8491,0,0,27,13,19,18,1
1774109329,18,81,0,0,0,0,no_volume,0,0,0,0,no_volume,0,0,0,0,no_volume,0,0,0,0,0,0,33069,2698,-0.8491,0,0,27,13,19,18,1
1774109330,18,81,0,0,0,0,no_volume,0,0,0,0,no_volume,0,0,0,0,no_volume,0,0,0,0,0,0,33069,2698,-0.8491,0,0,27,13,19,18,1
1774109331,18,81,0,0,0,0,no_volume,0,0,0,0,no_volume,0,0,0,0,no_volume,0,0,0,0,0,0,33069,2679,-0.8501,0,0,27,13,19,18,1
1774109332,18,81,0,0,0,0,no_volume,0,0,0,0,no_volume,0,0,0,0,no_volume,0,0,0,0,0,0,33069,2679,-0.8501,0,0,27,13,19,18,1
1774109333,18,81,0,0,0,0,no_volume,0,0,0,0,no_volume,0,0,0,0,no_volume,0,0,0,0,0,0,34153,10001,-0.547,1084,1084,27,16,19,18,1
1774109334,18,81,0,0,0,0,no_volume,0,0,0,0,no_volume,0,0,0,0,no_volume,0,0,0,0,0,0,34153,11307,-0.5026,1084,1084,27,16,19,18,1
1774109335,18,81,0,0,0,0,no_volume,0,0,0,0,no_volume,0,0,0,0,no_volume,0,0,0,0,0,0,34153,11307,-0.5026,1084,1084,27,16,19,18,1
1774109336,18,81,0,0,0,0,no_volume,0,0,0,0,no_volume,0,0,0,0,no_volume,0,0,0,0,0,0,34153,11307,-0.5026,0,1084,27,16,19,18,1
1774109337,18,81,0,0,0,0,no_volume,0,0,0,0,no_volume,0,0,0,0,no_volume,0,0,0,0,0,0,34153,11307,-0.5026,0,1084,27,16,19,18,1
1774109338,18,81,0,0,0,0,no_volume,0,0,0,0,no_volume,0,0,0,0,no_volume,0,0,0,0,0,0,34153,11307,-0.5026,0,1084,27,16,19,18,1
1774109339,18,81,0,0,0,0,no_volume,0,0,0,0,no_volume,0,0,0,0,no_volume,0,0,0,0,0,0,34467,11079,-0.5135,314,1398,27,15,19,18,1
1774109340,18,81,0,0,0,0,no_volume,0,0,0,0,no_volume,0,0,0,0,no_volume,0,0,0,0,0,0,38002,11098,-0.5479,3849,4933,27,15,19,18,1
1774109341,18,81,0,0,0,0,no_volume,0,0,0,0,no_volume,0,0,0,0,no_volume,0,0,0,0,0,0,38002,11360,-0.5397,3849,4933,27,15,19,18,1
1774109342,18,81,0,0,0,0,no_volume,0,0,0,0,no_volume,0,0,0,0,no_volume,0,0,0,0,0,0,38002,11360,-0.5397,3535,4933,27,15,19,18,1
1774109343,18,81,0,0,0,0,no_volume,0,0,0,0,no_volume,0,0,0,0,no_volume,0,0,0,0,0,0,38002,11360,-0.5397,0,3849,27,15,19,18,1
1774109344,18,81,0,0,0,0,no_volume,0,0,0,0,no_volume,0,0,0,0,no_volume,0,0,0,0,0,0,38002,11360,-0.5397,0,3849,27,15,19,18,1
1774109345,18,81,0,0,0,0,no_volume,0,0,0,0,no_volume,0,0,0,0,no_volume,0,0,0,0,0,0,38002,11360,-0.5397,0,3849,27,15,19,18,1
1774109346,18,81,0,0,0,0,no_volume,0,0,0,0,no_volume,0,0,0,0,no_volume,0,0,0,0,0,0,38002,11360,-0.5397,0,3849,27,15,19,18,1
1774109347,18,81,0,0,0,0,no_volume,0,0,0,0,no_volume,0,0,0,0,no_volume,0,0,0,0,0,0,38002,11360,-0.5397,0,3849,27,15,19,18,1
1774109348,18,81,0,0,0,0,no_volume,0,0,0,0,no_volume,0,0,0,0,no_volume,0,0,0,0,0,0,38068,11360,-0.5403,66,3915,27,15,19,18,1
1774109349,18,81,0,0,0,0,no_volume,0,0,0,0,no_volume,0,0,0,0,no_volume,0,0,0,0,0,0,38068,11341,-0.5409,66,3601,27,15,19,18,1
1774109350,18,81,0,0,0,0,no_volume,0,0,0,0,no_volume,0,0,0,0,no_volume,0,0,0,0,0,0,37754,11341,-0.538,-248,-248,27,15,19,18,1
1774109351,18,81,0,0,0,0,no_volume,0,0,0,0,no_volume,0,0,0,0,no_volume,0,0,0,0,0,0,37754,11341,-0.538,-314,-248,27,15,19,18,1
1774109352,18,81,0,0,0,0,no_volume,0,0,0,0,no_volume,0,0,0,0,no_volume,0,0,0,0,0,0,37754,11341,-0.538,-314,-248,27,15,19,18,1
1774109353,18,81,0,0,0,0,no_volume,0,0,0,0,no_volume,0,0,0,0,no_volume,0,0,0,0,0,0,37754,11341,-0.538,0,-248,27,15,19,18,1
1774109354,18,81,0,0,0,0,no_volume,0,0,0,0,no_volume,0,0,0,0,no_volume,0,0,0,0,0,0,37754,11341,-0.538,0,-248,27,15,19,18,1
1774109355,18,81,0,0,0,0,no_volume,0,0,0,0,no_volume,0,0,0,0,no_volume,0,0,0,0,0,0,38068,11341,-0.5409,314,66,27,15,19,18,1
1774109356,18,81,0,0,0,0,no_volume,0,0,0,0,no_volume,0,0,0,0,no_volume,0,0,0,0,0,0,38173,11341,-0.5419,419,171,27,15,19,18,1
1774109357,18,81,0,0,0,0,no_volume,0,0,0,0,no_volume,0,0,0,0,no_volume,0,0,0,0,0,0,38173,11341,-0.5419,419,171,27,15,19,18,1
1774109358,18,81,0,0,0,0,no_volume,0,0,0,0,no_volume,0,0,0,0,no_volume,0,0,0,0,0,0,38173,11360,-0.5413,105,105,27,15,19,18,1
1774109359,18,81,0,0,0,0,no_volume,0,0,0,0,no_volume,0,0,0,0,no_volume,0,0,0,0,0,0,38298,14820,-0.442,125,230,27,15,19,18,1
1774109360,18,81,0,0,0,0,no_volume,0,0,0,0,no_volume,0,0,0,0,no_volume,0,0,0,0,0,0,38298,14820,-0.442,125,544,27,15,19,18,1
1774109361,18,81,0,0,0,0,no_volume,0,0,0,0,no_volume,0,0,0,0,no_volume,0,0,0,0,0,0,38298,14820,-0.442,125,544,27,15,19,18,1
1774109362,18,81,0,0,0,0,no_volume,0,0,0,0,no_volume,0,0,0,0,no_volume,0,0,0,0,0,0,38298,14820,-0.442,0,544,27,15,19,18,1
1774109363,18,81,0,0,0,0,no_volume,0,0,0,0,no_volume,0,0,0,0,no_volume,0,0,0,0,0,0,38298,14820,-0.442,0,544,27,15,19,18,1
1774109364,18,81,0,0,0,0,no_volume,0,0,0,0,no_volume,0,0,0,0,no_volume,0,0,0,0,0,0,34763,14820,-0.4022,-3535,-2991,27,15,19,18,1
1774109365,18,81,0,0,0,0,no_volume,0,0,0,0,no_volume,0,0,0,0,no_volume,0,0,0,0,0,0,34638,14820,-0.4007,-3660,-3430,27,15,19,18,1
1774109366,18,81,0,0,0,0,no_volume,0,0,0,0,no_volume,0,0,0,0,no_volume,0,0,0,0,0,0,34638,14820,-0.4007,-3660,-3535,27,15,19,18,1
1774109367,18,81,0,0,0,0,no_volume,0,0,0,0,no_volume,0,0,0,0,no_volume,0,0,0,0,0,0,34638,14820,-0.4007,-125,-3535,27,15,19,18,1
1774109368,18,81,0,0,0,0,no_volume,0,0,0,0,no_volume,0,0,0,0,no_volume,0,0,0,0,0,0,34638,14801,-0.4012,0,-3535,27,15,19,18,1
1774109369,18,81,0,0,0,0,no_volume,0,0,0,0,no_volume,0,0,0,0,no_volume,0,0,0,0,0,0,34638,14801,-0.4012,0,-3660,27,15,19,18,1
1774109370,18,81,0,0,0,0,no_volume,0,0,0,0,no_volume,0,0,0,0,no_volume,0,0,0,0,0,0,34638,14801,-0.4012,0,-3660,27,15,19,18,1
1774109371,18,81,0,0,0,0,no_volume,0,0,0,0,no_volume,0,0,0,0,no_volume,0,0,0,0,0,0,34638,14801,-0.4012,0,-3660,27,15,19,18,1
1774109372,18,81,0,0,0,0,no_volume,0,0,0,0,no_volume,0,0,0,0,no_volume,0,0,0,0,0,0,34638,14801,-0.4012,0,-3660,27,15,19,18,1
1774109373,18,81,0,0,0,0,no_volume,0,0,0,0,no_volume,0,0,0,0,no_volume,0,0,0,0,0,0,34638,14801,-0.4012,0,-3660,27,15,19,18,1
1774109374,18,81,0,0,0,0,no_volume,0,0,0,0,no_volume,0,0,0,0,no_volume,0,0,0,0,0,0,34638,14801,-0.4012,0,-125,27,15,19,18,1
1774109375,18,81,0,0,0,0,no_volume,0,0,0,0,no_volume,0,0,0,0,no_volume,0,0,0,0,0,0,34638,14801,-0.4012,0,0,27,15,19,18,1
1774109376,18,81,0,0,0,0,no_volume,0,0,0,0,no_volume,0,0,0,0,no_volume,0,0,0,0,0,0,34638,14801,-0.4012,0,0,27,15,19,18,1
1774109377,18,81,0,0,0,0,no_volume,0,0,0,0,no_volume,0,0,0,0,no_volume,0,0,0,0,0,0,34638,14820,-0.4007,0,0,27,15,19,18,1
1774109378,18,81,0,0,0,0,no_volume,0,0,0,0,no_volume,0,0,0,0,no_volume,0,0,0,0,0,0,34638,14820,-0.4007,0,0,27,15,19,18,1
1774109379,18,81,0,0,0,0,no_volume,0,0,0,0,no_volume,0,0,0,0,no_volume,0,0,0,0,0,0,34638,14820,-0.4007,0,0,27,15,19,18,1
1774109380,18,81,0,0,0,0,no_volume,0,0,0,0,no_volume,0,0,0,0,no_volume,0,0,0,0,0,0,34638,14820,-0.4007,0,0,27,15,19,18,1
1774109381,18,81,0,0,0,0,no_volume,0,0,0,0,no_volume,0,0,0,0,no_volume,0,0,0,0,0,0,34638,14820,-0.4007,0,0,27,15,19,18,1
1774109382,18,81,0,0,0,0,no_volume,0,0,0,0,no_volume,0,0,0,0,no_volume,0,0,0,0,0,0,34638,14820,-0.4007,0,0,27,15,19,18,1
1774109383,18,81,0,0,0,0,no_volume,0,0,0,0,no_volume,0,0,0,0,no_volume,0,0,0,0,0,0,34638,14820,-0.4007,0,0,27,15,19,18,1
1774109384,18,81,0,0,0,0,no_volume,0,0,0,0,no_volume,0,0,0,0,no_volume,0,0,0,0,0,0,34638,14820,-0.4007,0,0,27,15,19,18,1
1774109385,18,81,0,0,0,0,no_volume,0,0,0,0,no_volume,0,0,0,0,no_volume,0,0,0,0,0,0,34638,14801,-0.4012,0,0,27,15,19,18,1
1774109386,18,81,0,0,0,0,no_volume,0,0,0,0,no_volume,0,0,0,0,no_volume,0,0,0,0,0,0,34638,14801,-0.4012,0,0,27,15,19,18,1
1774109387,18,81,0,0,0,0,no_volume,0,0,0,0,no_volume,0,0,0,0,no_volume,0,0,0,0,0,0,34638,14801,-0.4012,0,0,27,15,19,18,1
1774109388,18,81,0,0,0,0,no_volume,0,0,0,0,no_volume,0,0,0,0,no_volume,0,0,0,0,0,0,34638,14801,-0.4012,0,0,27,15,19,18,1
1774109389,18,81,0,0,0,0,no_volume,0,0,0,0,no_volume,0,0,0,0,no_volume,0,0,0,0,0,0,34638,14801,-0.4012,0,0,27,15,19,18,1
1774109390,18,81,0,0,0,0,no_volume,0,0,0,0,no_volume,0,0,0,0,no_volume,0,0,0,0,0,0,34638,14801,-0.4012,0,0,27,15,19,18,1
1774109391,18,81,0,0,0,0,no_volume,0,0,0,0,no_volume,0,0,0,0,no_volume,0,0,0,0,0,0,34638,14801,-0.4012,0,0,27,15,19,18,1
1774109392,18,81,0,0,0,0,no_volume,0,0,0,0,no_volume,0,0,0,0,no_volume,0,0,0,0,0,0,34482,14801,-0.3993,-156,-156,27,15,19,18,1
1774109393,18,81,0,0,0,0,no_volume,0,0,0,0,no_volume,0,0,0,0,no_volume,0,0,0,0,0,0,34832,14801,-0.4036,194,194,27,15,19,18,1
1774109394,18,81,0,0,0,0,no_volume,0,0,0,0,no_volume,0,0,0,0,no_volume,0,0,0,0,0,0,34832,14935,-0.3998,194,194,27,15,19,18,1
1774109395,18,81,0,0,0,0,no_volume,0,0,0,0,no_volume,0,0,0,0,no_volume,0,0,0,0,0,0,34832,14935,-0.3998,350,194,27,15,19,18,1
1774109396,18,81,0,0,0,0,no_volume,0,0,0,0,no_volume,0,0,0,0,no_volume,0,0,0,0,0,0,34832,14935,-0.3998,0,194,27,15,19,18,1
1774109397,18,81,0,0,0,0,no_volume,0,0,0,0,no_volume,0,0,0,0,no_volume,0,0,0,0,0,0,34832,14935,-0.3998,0,194,27,15,19,18,1
1774109398,18,81,0,0,0,0,no_volume,0,0,0,0,no_volume,0,0,0,0,no_volume,0,0,0,0,0,0,34707,14935,-0.3983,-125,69,27,15,19,18,1
1774109399,18,81,0,0,0,0,no_volume,0,0,0,0,no_volume,0,0,0,0,no_volume,0,0,0,0,0,0,34707,14935,-0.3983,-125,69,27,15,19,18,1
1774109400,18,81,0,0,0,0,no_volume,0,0,0,0,no_volume,0,0,0,0,no_volume,0,0,0,0,0,0,34357,14935,-0.394,-475,-281,27,15,19,18,1
1774109401,18,81,0,0,0,0,no_volume,0,0,0,0,no_volume,0,0,0,0,no_volume,0,0,0,0,0,0,34357,14935,-0.394,-350,-281,27,15,19,18,1
1774109402,18,81,0,0,0,0,no_volume,0,0,0,0,no_volume,0,0,0,0,no_volume,0,0,0,0,0,0,34357,14935,-0.394,-350,-125,27,15,19,18,1
1774109403,18,81,0,0,0,0,no_volume,0,0,0,0,no_volume,0,0,0,0,no_volume,0,0,0,0,0,0,34734,14916,-0.3992,377,-98,27,15,19,18,1
1774109404,18,81,0,0,0,0,no_volume,0,0,0,0,no_volume,0,0,0,0,no_volume,0,0,0,0,0,0,34734,14916,-0.3992,377,-98,27,15,19,18,1
1774109405,18,81,0,0,0,0,no_volume,0,0,0,0,no_volume,0,0,0,0,no_volume,0,0,0,0,0,0,34734,14916,-0.3992,377,-98,27,15,19,18,1
1774109406,18,81,0,0,0,0,no_volume,0,0,0,0,no_volume,0,0,0,0,no_volume,0,0,0,0,0,0,34734,14916,-0.3992,0,-98,27,15,19,18,1
1774109407,18,81,0,0,0,0,no_volume,0,0,0,0,no_volume,0,0,0,0,no_volume,0,0,0,0,0,0,34734,14916,-0.3992,0,-98,27,15,19,18,1
1774109408,18,81,0,0,0,0,no_volume,0,0,0,0,no_volume,0,0,0,0,no_volume,0,0,0,0,0,0,34734,14916,-0.3992,0,27,27,15,19,18,1
1774109409,18,81,0,0,0,0,no_volume,0,0,0,0,no_volume,0,0,0,0,no_volume,0,0,0,0,0,0,34734,14916,-0.3992,0,27,27,15,19,18,1
1774109410,18,81,0,0,0,0,no_volume,0,0,0,0,no_volume,0,0,0,0,no_volume,0,0,0,0,0,0,34734,14916,-0.3992,0,377,27,15,19,18,1
1774109411,18,81,0,0,0,0,no_volume,0,0,0,0,no_volume,0,0,0,0,no_volume,0,0,0,0,0,0,35331,14916,-0.4063,597,974,27,15,19,18,1
1774109412,18,81,0,0,0,0,no_volume,0,0,0,0,no_volume,0,0,0,0,no_volume,0,0,0,0,0,0,34357,14935,-0.394,-377,0,27,15,19,18,1
1774109413,18,81,0,0,0,0,no_volume,0,0,0,0,no_volume,0,0,0,0,no_volume,0,0,0,0,0,0,34482,14935,-0.3956,-252,-252,27,15,19,18,1
1774109414,18,81,0,0,0,0,no_volume,0,0,0,0,no_volume,0,0,0,0,no_volume,0,0,0,0,0,0,31092,14935,-0.351,-4239,-3642,25,15,19,18,1
1774109415,18,81,0,0,0,0,no_volume,0,0,0,0,no_volume,0,0,0,0,no_volume,0,0,0,0,0,0,32914,14935,-0.3757,-1443,-1820,26,15,19,18,1
1774109416,18,81,0,0,0,0,no_volume,0,0,0,0,no_volume,0,0,0,0,no_volume,0,0,0,0,0,0,32914,14935,-0.3757,-1568,-1820,26,15,19,18,1
1774109417,18,81,0,0,0,0,no_volume,0,0,0,0,no_volume,0,0,0,0,no_volume,0,0,0,0,0,0,32789,14935,-0.3741,1697,-1945,26,15,19,18,1
1774109418,18,81,0,0,0,0,no_volume,0,0,0,0,no_volume,0,0,0,0,no_volume,0,0,0,0,0,0,32789,14935,-0.3741,-125,-1945,26,15,19,18,1
1774109419,18,81,0,0,0,0,no_volume,0,0,0,0,no_volume,0,0,0,0,no_volume,0,0,0,0,0,0,33165,14935,-0.379,251,-1569,26,15,19,18,1
1774109420,18,81,0,0,0,0,no_volume,0,0,0,0,no_volume,0,0,0,0,no_volume,0,0,0,0,0,0,33165,14935,-0.379,376,-1569,26,15,19,18,1
1774109421,18,81,0,0,0,0,no_volume,0,0,0,0,no_volume,0,0,0,0,no_volume,0,0,0,0,0,0,33165,14916,-0.3795,376,-2166,26,15,19,18,1
1774109422,18,81,0,0,0,0,no_volume,0,0,0,0,no_volume,0,0,0,0,no_volume,0,0,0,0,0,0,33165,14916,-0.3795,0,-1192,26,15,19,18,1
1774109423,18,81,0,0,0,0,no_volume,0,0,0,0,no_volume,0,0,0,0,no_volume,0,0,0,0,0,0,33165,14916,-0.3795,0,-1317,26,15,19,18,1
1774109424,18,81,0,0,0,0,no_volume,0,0,0,0,no_volume,0,0,0,0,no_volume,0,0,0,0,0,0,33165,14916,-0.3795,0,2073,26,15,19,18,1
1774109425,18,81,0,0,0,0,no_volume,0,0,0,0,no_volume,0,0,0,0,no_volume,0,0,0,0,0,0,33165,14916,-0.3795,0,251,26,15,19,18,1
1774109426,18,81,0,0,0,0,no_volume,0,0,0,0,no_volume,0,0,0,0,no_volume,0,0,0,0,0,0,33165,15230,-0.3706,0,251,26,15,19,18,1
1774109427,18,81,0,0,0,0,no_volume,0,0,0,0,no_volume,0,0,0,0,no_volume,0,0,0,0,0,0,33165,14853,-0.3814,0,376,26,15,19,18,1
1774109428,18,81,0,0,0,0,no_volume,0,0,0,0,no_volume,0,0,0,0,no_volume,0,0,0,0,0,0,15295,13627,-0.0577,-17870,-17494,22,15,19,18,1
1774109429,19,45,0,0,0,0,no_volume,0,0,0,0,no_volume,0,0,0,0,no_volume,0,0,0,0,0,0,6003,12905,0.365,-27162,-27162,19,16,55,19,36
1774109430,19,47,0,0,0,0,no_volume,0,0,0,0,no_volume,0,0,0,0,no_volume,0,0,0,0,0,0,4184,12865,0.5092,-28981,-28981,19,16,53,19,34
1774109431,19,49,0,0,0,0,no_volume,0,0,0,0,no_volume,0,0,0,0,no_volume,0,0,0,0,0,0,6038,12894,0.3621,-9257,-27127,19,16,51,19,32
1774109432,26,64,0,0,0,0,low_activity,0,0,0,0,low_activity,0,0,0,0,low_activity,0,0,0,0,0,0,8476,35398,0.6136,2473,-24689,20,19,36,26,10
1774109433,27,64,0,0,0,0,low_activity,0,0,0,0,low_activity,0,0,0,0,low_activity,0,0,0,0,0,0,8476,35305,0.6128,4292,-24689,20,19,36,27,9
1774109434,27,64,0,0,0,0,low_activity,0,0,0,0,low_activity,0,0,0,0,low_activity,0,0,0,0,0,0,8476,4432,-0.3133,2438,-24689,20,15,36,27,9
1774109435,27,64,0,0,0,0,no_volume,0,0,0,0,low_activity,0,0,0,0,low_activity,0,0,0,0,0,0,8476,4432,-0.3133,0,-24689,20,15,36,27,9
1774109436,27,64,0,0,0,0,no_volume,0,0,0,0,low_activity,0,0,0,0,low_activity,0,0,0,0,0,0,8476,4432,-0.3133,0,-24689,20,15,36,27,9
1774109437,27,64,0,0,0,0,no_volume,0,0,0,0,no_volume,0,0,0,0,low_activity,0,0,0,0,0,0,8476,4432,-0.3133,0,-24689,20,15,36,27,9
1774109438,27,64,0,0,0,0,no_volume,0,0,0,0,no_volume,0,0,0,0,low_activity,0,0,0,0,0,0,8476,4432,-0.3133,0,-6819,20,14,36,27,9
1774109439,27,64,0,0,0,0,no_volume,0,0,0,0,no_volume,0,0,0,0,low_activity,0,0,0,0,0,0,8476,4413,-0.3152,0,2473,20,14,36,27,9
1774109440,27,64,0,0,0,0,no_volume,0,0,0,0,no_volume,0,0,0,0,low_activity,0,0,0,0,0,0,8476,5007,-0.2573,0,4292,20,14,36,27,9
1774109441,27,64,0,0,0,0,no_volume,0,0,0,0,no_volume,0,0,0,0,low_activity,0,0,0,0,0,0,8476,5007,-0.2573,0,2438,20,14,36,27,9
1774109442,27,64,0,0,0,0,no_volume,0,0,0,0,no_volume,0,0,0,0,low_activity,0,0,0,0,0,0,8476,5007,-0.2573,0,0,20,14,36,27,9
1774109443,27,64,0,0,0,0,no_volume,0,0,0,0,no_volume,0,0,0,0,low_activity,0,0,0,0,0,0,8476,5007,-0.2573,0,0,20,14,36,27,9
1774109444,27,64,0,0,0,0,no_volume,0,0,0,0,no_volume,0,0,0,0,low_activity,0,0,0,0,0,0,8476,5007,-0.2573,0,0,20,14,36,27,9
1774109445,27,64,0,0,0,0,no_volume,0,0,0,0,no_volume,0,0,0,0,low_activity,0,0,0,0,0,0,8476,5007,-0.2573,0,0,20,14,36,27,9
1774109446,27,64,0,0,0,0,no_volume,0,0,0,0,no_volume,0,0,0,0,low_activity,0,0,0,0,0,0,8476,5007,-0.2573,0,0,20,14,36,27,9
1774109447,27,64,0,0,0,0,no_volume,0,0,0,0,no_volume,0,0,0,0,low_activity,0,0,0,0,0,0,8476,5007,-0.2573,0,0,20,14,36,27,9
1774109448,27,64,0,0,0,0,no_volume,0,0,0,0,no_volume,0,0,0,0,low_activity,0,0,0,0,0,0,8476,5007,-0.2573,0,0,20,14,36,27,9
1774109449,27,64,0,0,0,0,no_volume,0,0,0,0,no_volume,0,0,0,0,low_activity,0,0,0,0,0,0,8476,5026,-0.2555,0,0,20,14,36,27,9
1774109450,27,64,0,0,0,0,no_volume,0,0,0,0,no_volume,0,0,0,0,low_activity,0,0,0,0,0,0,8676,5026,-0.2664,200,200,21,14,36,27,9
1774109451,27,64,0,0,0,0,no_volume,0,0,0,0,no_volume,0,0,0,0,low_activity,0,0,0,0,0,0,8676,5026,-0.2664,200,200,21,14,36,27,9
1774109452,27,64,0,0,0,0,no_volume,0,0,0,0,no_volume,0,0,0,0,low_activity,0,0,0,0,0,0,8676,5026,-0.2664,200,200,21,14,36,27,9
1774109453,27,64,0,0,0,0,no_volume,0,0,0,0,no_volume,0,0,0,0,low_activity,0,0,0,0,0,0,8676,5026,-0.2664,0,200,21,14,36,27,9
1774109454,27,64,0,0,0,0,no_volume,0,0,0,0,no_volume,0,0,0,0,low_activity,0,0,0,0,0,0,8676,5026,-0.2664,0,200,21,14,36,27,9
1774109455,27,64,0,0,0,0,no_volume,0,0,0,0,no_volume,0,0,0,0,low_activity,0,0,0,0,0,0,8676,5126,-0.2572,0,200,21,15,36,27,9
1774109456,27,64,0,0,0,0,no_volume,0,0,0,0,no_volume,0,0,0,0,low_activity,0,0,0,0,0,0,8676,5126,-0.2572,0,200,21,15,36,27,9
1774109457,27,64,0,0,0,0,no_volume,0,0,0,0,no_volume,0,0,0,0,low_activity,0,0,0,0,0,0,8676,5107,-0.2589,0,200,21,15,36,27,9
1774109458,27,64,0,0,0,0,no_volume,0,0,0,0,no_volume,0,0,0,0,low_activity,0,0,0,0,0,0,8676,5077,-0.2617,0,200,22,15,36,27,9
1774109459,34,49,0,0,0,0,low_activity,0,0,0,0,low_activity,0,0,0,0,low_activity,0,0,0,0,0,0,7781,10945,0.169,-895,-695,21,19,51,34,17
1774109460,34,53,0,0,0,0,low_activity,0,0,0,0,low_activity,0,0,0,0,low_activity,0,0,0,0,0,0,4948,9636,0.3214,-3728,-3728,21,18,47,34,13
1774109461,35,53,0,0,0,0,low_activity,0,0,0,0,low_activity,0,0,0,0,low_activity,0,0,0,0,0,0,6920,10553,0.2079,-1756,-1756,20,19,47,35,12
1774109462,35,53,0,0,0,0,no_volume,0,0,0,0,low_activity,0,0,0,0,low_activity,0,0,0,0,0,0,6920,12323,0.2808,-861,-1756,20,19,47,35,12
1774109463,35,53,0,0,0,0,no_volume,0,0,0,0,low_activity,0,0,0,0,low_activity,0,0,0,0,0,0,6920,12323,0.2808,1972,-1756,20,20,47,35,12
1774109464,35,46,0,0,0,0,no_volume,0,0,0,0,no_volume,0,0,0,0,low_activity,0,0,0,0,0,0,6770,12263,0.2886,-150,-1906,20,20,54,35,19
1774109465,35,49,0,0,0,0,no_volume,0,0,0,0,no_volume,0,0,0,0,low_activity,0,0,0,0,0,0,8770,10486,0.0891,1850,94,21,19,51,35,16
1774109466,35,49,0,0,0,0,no_volume,0,0,0,0,no_volume,0,0,0,0,low_activity,0,0,0,0,0,0,8770,10495,0.0895,1850,94,21,19,51,35,16
1774109467,35,52,0,0,0,0,no_volume,0,0,0,0,no_volume,0,0,0,0,low_activity,0,0,0,0,0,0,8770,12012,0.156,2000,94,21,20,48,35,13
1774109468,35,55,0,0,0,0,no_volume,0,0,0,0,no_volume,0,0,0,0,low_activity,0,0,0,0,0,0,6920,12012,0.269,-1850,-1756,21,20,45,35,10
1774109469,35,45,0,0,0,0,no_volume,0,0,0,0,no_volume,0,0,0,0,low_activity,0,0,0,0,0,0,6920,12012,0.269,-1850,-861,20,20,55,35,20
1774109470,35,49,0,0,0,0,no_volume,0,0,0,0,no_volume,0,0,0,0,low_activity,0,0,0,0,0,0,6920,10012,0.1826,-1850,1972,21,19,51,35,16
1774109471,35,49,0,0,0,0,no_volume,0,0,0,0,no_volume,0,0,0,0,low_activity,0,0,0,0,0,0,6420,11302,0.2755,-500,-500,19,19,51,35,16
1774109472,35,49,0,0,0,0,no_volume,0,0,0,0,no_volume,0,0,0,0,low_activity,0,0,0,0,0,0,6420,11115,0.2678,-500,-500,19,19,51,35,16
1774109473,35,51,0,0,0,0,no_volume,0,0,0,0,no_volume,0,0,0,0,low_activity,0,0,0,0,0,0,6553,12158,0.2996,-367,-367,21,19,49,35,14
1774109474,37,53,0,0,0,0,no_volume,0,0,0,0,no_volume,0,0,0,0,low_activity,0,0,0,0,0,0,9920,13446,0.1509,3500,3150,22,21,47,37,10
1774109475,37,54,0,0,0,0,low_activity,0,0,0,0,low_activity,0,0,0,0,low_activity,0,0,0,0,0,0,17789,13394,-0.1409,11369,9019,23,21,46,37,9
1774109476,37,54,0,0,0,0,low_activity,0,0,0,0,low_activity,0,0,0,0,low_activity,0,0,0,0,0,0,14351,13384,-0.0349,7798,5581,23,20,46,37,9
1774109477,37,57,0,0,0,0,low_activity,0,0,0,0,low_activity,0,0,0,0,low_activity,0,0,0,0,0,0,18412,15484,-0.0864,8492,9642,25,21,43,37,6
1774109478,37,57,0,0,0,0,low_activity,0,0,0,0,low_activity,0,0,0,0,low_activity,0,0,0,0,0,0,17429,15138,-0.0703,-360,10509,25,21,43,37,6
1774109479,37,58,0,0,0,0,low_activity,0,0,0,0,low_activity,0,0,0,0,low_activity,0,0,0,0,0,0,17553,15264,-0.0698,3202,10633,26,21,42,37,5
1774109480,37,58,0,0,0,0,low_activity,0,0,0,0,low_activity,0,0,0,0,low_activity,0,0,0,0,0,0,14990,16059,0.0344,-3422,8070,25,21,42,37,5
1774109481,37,58,0,0,0,0,no_volume,0,0,0,0,low_activity,0,0,0,0,low_activity,0,0,0,0,0,0,15304,16991,0.0522,-2125,8884,25,21,42,37,5
1774109482,36,58,0,0,0,0,no_volume,0,0,0,0,low_activity,0,0,0,0,low_activity,0,0,0,0,0,0,15180,16119,0.03,-2373,8760,25,20,42,36,6
1774109483,36,58,0,0,0,0,low_activity,0,0,0,0,low_activity,0,0,0,0,low_activity,0,0,0,0,0,0,14803,15145,0.0114,-187,8250,25,20,42,36,6
1774109484,36,58,0,0,0,0,low_activity,0,0,0,0,low_activity,0,0,0,0,low_activity,0,0,0,0,0,0,12733,15164,0.0871,-2571,2813,25,20,42,36,6
1774109485,37,58,0,0,0,0,low_activity,0,0,0,0,low_activity,0,0,0,0,low_activity,0,0,0,0,0,0,15117,15377,0.0085,-63,-2672,25,21,42,37,5
1774109486,37,58,0,0,0,0,no_volume,0,0,0,0,low_activity,0,0,0,0,low_activity,0,0,0,0,0,0,15737,14857,-0.0288,934,1386,25,21,42,37,5
1774109487,36,59,0,0,0,0,no_volume,0,0,0,0,low_activity,0,0,0,0,low_activity,0,0,0,0,0,0,14197,14154,-0.0015,1464,-4215,26,20,41,36,5
1774109488,36,60,0,0,0,0,low_activity,0,0,0,0,low_activity,0,0,0,0,low_activity,0,0,0,0,0,0,18819,14902,-0.1162,3702,1390,27,20,40,36,4
1774109489,36,59,0,0,0,0,low_activity,0,0,0,0,low_activity,0,0,0,0,low_activity,0,0,0,0,0,0,19781,15532,-0.1203,4044,2228,26,20,41,36,5
1774109490,36,59,0,0,0,0,no_volume,0,0,0,0,low_activity,0,0,0,0,low_activity,0,0,0,0,0,0,19479,15451,-0.1153,5282,4489,26,20,41,36,5
1774109491,36,59,0,0,0,0,no_volume,0,0,0,0,low_activity,0,0,0,0,low_activity,0,0,0,0,0,0,19479,16224,-0.0912,660,4175,26,20,41,36,5
1774109492,36,60,0,0,0,0,no_volume,0,0,0,0,no_volume,0,0,0,0,low_activity,0,0,0,0,0,0,19612,16214,-0.0948,-169,4432,27,20,40,36,4
1774109493,36,60,0,0,0,0,no_volume,0,0,0,0,no_volume,0,0,0,0,low_activity,0,0,0,0,0,0,19612,18146,-0.0388,133,4809,27,20,40,36,4
1774109494,36,60,0,0,0,0,no_volume,0,0,0,0,no_volume,0,0,0,0,low_activity,0,0,0,0,0,0,19612,18127,-0.0393,133,6879,27,20,40,36,4
1774109495,36,60,0,0,0,0,no_volume,0,0,0,0,no_volume,0,0,0,0,low_activity,0,0,0,0,0,0,22092,18127,-0.0986,2480,6975,27,20,40,36,4
1774109496,36,60,0,0,0,0,no_volume,0,0,0,0,no_volume,0,0,0,0,low_activity,0,0,0,0,0,0,21925,17813,-0.1035,2313,6188,27,20,40,36,4
1774109497,36,61,0,0,0,0,no_volume,0,0,0,0,no_volume,0,0,0,0,low_activity,0,0,0,0,0,0,18878,19277,0.0105,-734,4681,28,20,39,36,3
1774109498,36,61,0,0,0,0,no_volume,0,0,0,0,no_volume,0,0,0,0,low_activity,0,0,0,0,0,0,22569,19277,-0.0787,477,3750,28,20,39,36,3
1774109499,36,61,0,0,0,0,no_volume,0,0,0,0,no_volume,0,0,0,0,low_activity,0,0,0,0,0,0,22569,19277,-0.0787,644,2788,28,20,39,36,3
1774109500,36,61,0,0,0,0,no_volume,0,0,0,0,no_volume,0,0,0,0,low_activity,0,0,0,0,0,0,22869,19321,-0.0841,3991,3390,28,20,39,36,3
1774109501,36,61,0,0,0,0,no_volume,0,0,0,0,no_volume,0,0,0,0,low_activity,0,0,0,0,0,0,22869,19321,-0.0841,300,3390,28,20,39,36,3
1774109502,36,61,0,0,0,0,no_volume,0,0,0,0,no_volume,0,0,0,0,low_activity,0,0,0,0,0,0,22869,20295,-0.0596,300,3257,28,20,39,36,3
1774109503,36,61,0,0,0,0,no_volume,0,0,0,0,no_volume,0,0,0,0,low_activity,0,0,0,0,0,0,22555,20314,-0.0523,-314,2943,28,20,39,36,3
1774109504,36,61,0,0,0,0,no_volume,0,0,0,0,no_volume,0,0,0,0,low_activity,0,0,0,0,0,0,22555,20314,-0.0523,-314,2943,28,20,39,36,3
1774109505,36,61,0,0,0,0,no_volume,0,0,0,0,no_volume,0,0,0,0,low_activity,0,0,0,0,0,0,26014,22070,-0.082,3145,3922,27,20,39,36,3
1774109506,37,61,0,0,0,0,no_volume,0,0,0,0,no_volume,0,0,0,0,low_activity,0,0,0,0,0,0,27650,23916,-0.0724,5095,5725,27,21,39,37,2
1774109507,37,62,0,0,0,0,no_volume,0,0,0,0,no_volume,0,0,0,0,low_activity,0,0,0,0,0,0,27788,22942,-0.0955,5233,8910,28,21,38,37,1
1774109508,37,62,0,0,0,0,no_volume,0,0,0,0,no_volume,0,0,0,0,low_activity,0,0,0,0,0,0,25473,23335,-0.0438,-541,2904,28,21,38,37,1
1774109509,19,62,0,0,0,0,no_volume,0,0,0,0,no_volume,0,0,0,0,low_activity,0,0,0,0,0,0,22777,3671,-0.7224,-4873,208,27,13,38,19,19
1774109510,21,62,0,0,0,0,no_volume,0,0,0,0,no_volume,0,0,0,0,low_activity,0,0,0,0,0,0,21761,2739,-0.7764,-6027,-1108,25,14,38,21,17
1774109511,33,62,0,0,0,0,no_volume,0,0,0,0,no_volume,0,0,0,0,low_activity,0,0,0,0,0,0,24878,16280,-0.2089,-595,2009,28,23,38,33,5
1774109512,37,62,0,0,0,0,no_volume,0,0,0,0,no_volume,0,0,0,0,low_activity,0,0,0,0,0,0,23407,18932,-0.1057,630,538,27,24,38,37,1
1774109513,37,62,0,0,0,0,no_volume,0,0,0,0,no_volume,0,0,0,0,low_activity,0,0,0,0,0,0,22816,18427,-0.1064,1055,261,27,23,38,37,1
1774109514,37,62,0,0,0,0,no_volume,0,0,0,0,no_volume,0,0,0,0,low_activity,0,0,0,0,0,0,23065,19715,-0.0783,-1813,510,26,23,38,37,1
1774109515,37,62,0,0,0,0,no_volume,0,0,0,0,no_volume,0,0,0,0,low_activity,0,0,0,0,0,0,24354,19715,-0.1053,947,-1660,27,23,38,37,1
1774109516,37,62,0,0,0,0,no_volume,0,0,0,0,no_volume,0,0,0,0,low_activity,0,0,0,0,0,0,24484,17227,-0.174,1668,-3166,27,22,38,37,1
1774109517,37,62,0,0,0,0,no_volume,0,0,0,0,no_volume,0,0,0,0,no_volume,0,0,0,0,0,0,24040,18548,-0.129,975,-3748,27,22,38,37,1
1774109518,37,62,0,0,0,0,no_volume,0,0,0,0,no_volume,0,0,0,0,no_volume,0,0,0,0,0,0,24040,18774,-0.123,-314,-1433,28,22,38,37,1
1774109519,37,62,0,0,0,0,no_volume,0,0,0,0,no_volume,0,0,0,0,no_volume,0,0,0,0,0,0,23871,15563,-0.2107,-613,1094,28,22,38,37,1
1774109520,37,62,0,0,0,0,no_volume,0,0,0,0,no_volume,0,0,0,0,no_volume,0,0,0,0,0,0,22864,15563,-0.19,-1176,1103,27,22,38,37,1
1774109521,37,62,0,0,0,0,no_volume,0,0,0,0,no_volume,0,0,0,0,no_volume,0,0,0,0,0,0,23838,15268,-0.2191,-202,-1040,28,22,38,37,1
1774109522,36,62,0,0,0,0,no_volume,0,0,0,0,no_volume,0,0,0,0,no_volume,0,0,0,0,0,0,23838,13310,-0.2834,-33,431,28,21,38,36,2
1774109523,36,62,0,0,0,0,no_volume,0,0,0,0,no_volume,0,0,0,0,no_volume,0,0,0,0,0,0,23838,13510,-0.2765,974,1022,28,21,38,36,2
1774109524,36,62,0,0,0,0,no_volume,0,0,0,0,no_volume,0,0,0,0,no_volume,0,0,0,0,0,0,23838,14484,-0.2441,0,773,28,21,38,36,2
1774109525,37,62,0,0,0,0,no_volume,0,0,0,0,no_volume,0,0,0,0,no_volume,0,0,0,0,0,0,22897,15255,-0.2003,-941,-1457,27,22,38,37,1
1774109526,36,62,0,0,0,0,no_volume,0,0,0,0,no_volume,0,0,0,0,no_volume,0,0,0,0,0,0,21777,14284,-0.2078,-2061,-2707,26,21,38,36,2
1774109527,36,62,0,0,0,0,low_activity,0,0,0,0,low_activity,0,0,0,0,low_activity,0,0,0,0,0,0,23802,14284,-0.2499,-36,-238,27,21,38,36,2
1774109528,36,62,0,0,0,0,low_activity,0,0,0,0,low_activity,0,0,0,0,low_activity,0,0,0,0,0,0,23802,14284,-0.2499,905,-238,27,21,38,36,2
1774109529,36,62,0,0,0,0,low_activity,0,0,0,0,low_activity,0,0,0,0,low_activity,0,0,0,0,0,0,23802,14284,-0.2499,2025,-69,27,21,38,36,2
1774109530,36,62,0,0,0,0,no_volume,0,0,0,0,low_activity,0,0,0,0,low_activity,0,0,0,0,0,0,23802,14265,-0.2505,0,938,27,21,38,36,2
1774109531,36,62,0,0,0,0,no_volume,0,0,0,0,low_activity,0,0,0,0,low_activity,0,0,0,0,0,0,23802,14265,-0.2505,0,-36,27,21,38,36,2
1774109532,36,62,0,0,0,0,no_volume,0,0,0,0,no_volume,0,0,0,0,low_activity,0,0,0,0,0,0,25649,15239,-0.2546,1847,1811,27,21,38,36,2
1774109533,36,62,0,0,0,0,no_volume,0,0,0,0,no_volume,0,0,0,0,low_activity,0,0,0,0,0,0,22738,15272,-0.1964,-1064,-1100,26,21,38,36,2
1774109534,37,62,0,0,0,0,no_volume,0,0,0,0,no_volume,0,0,0,0,low_activity,0,0,0,0,0,0,22738,15586,-0.1866,-1064,-1100,26,22,38,37,1
1774109535,37,62,0,0,0,0,no_volume,0,0,0,0,no_volume,0,0,0,0,low_activity,0,0,0,0,0,0,22738,15776,-0.1808,-2911,-159,26,22,38,37,1
1774109536,37,62,0,0,0,0,no_volume,0,0,0,0,no_volume,0,0,0,0,low_activity,0,0,0,0,0,0,23712,14802,-0.2313,974,1935,27,22,38,37,1
1774109537,37,62,0,0,0,0,no_volume,0,0,0,0,no_volume,0,0,0,0,low_activity,0,0,0,0,0,0,23712,14752,-0.2329,974,-90,27,22,38,37,1
1774109538,37,62,0,0,0,0,no_volume,0,0,0,0,no_volume,0,0,0,0,low_activity,0,0,0,0,0,0,23712,14752,-0.2329,974,-90,27,22,38,37,1
1774109539,37,62,0,0,0,0,no_volume,0,0,0,0,no_volume,0,0,0,0,low_activity,0,0,0,0,0,0,22738,14457,-0.2226,-974,-1064,26,22,38,37,1
1774109540,37,62,0,0,0,0,no_volume,0,0,0,0,no_volume,0,0,0,0,low_activity,0,0,0,0,0,0,22738,14457,-0.2226,-974,-1064,26,22,38,37,1
1774109541,37,62,0,0,0,0,no_volume,0,0,0,0,no_volume,0,0,0,0,low_activity,0,0,0,0,0,0,22738,14457,-0.2226,-974,-1064,26,22,38,37,1
1774109542,37,62,0,0,0,0,no_volume,0,0,0,0,no_volume,0,0,0,0,low_activity,0,0,0,0,0,0,22738,14457,-0.2226,0,-2911,26,22,38,37,1
1774109543,37,62,0,0,0,0,no_volume,0,0,0,0,no_volume,0,0,0,0,low_activity,0,0,0,0,0,0,22738,14457,-0.2226,0,0,26,22,38,37,1
1774109544,37,62,0,0,0,0,no_volume,0,0,0,0,no_volume,0,0,0,0,low_activity,0,0,0,0,0,0,22738,14457,-0.2226,0,0,26,22,38,37,1
1774109545,37,62,0,0,0,0,no_volume,0,0,0,0,no_volume,0,0,0,0,low_activity,0,0,0,0,0,0,22738,14457,-0.2226,0,0,26,22,38,37,1
1774109546,37,62,0,0,0,0,no_volume,0,0,0,0,no_volume,0,0,0,0,low_activity,0,0,0,0,0,0,22738,14457,-0.2226,0,-974,26,22,38,37,1
1774109547,37,62,0,0,0,0,no_volume,0,0,0,0,no_volume,0,0,0,0,low_activity,0,0,0,0,0,0,22738,14457,-0.2226,0,-974,26,22,38,37,1
1774109548,37,62,0,0,0,0,no_volume,0,0,0,0,no_volume,0,0,0,0,low_activity,0,0,0,0,0,0,22738,14438,-0.2233,0,-974,26,22,38,37,1
1774109549,37,62,0,0,0,0,no_volume,0,0,0,0,no_volume,0,0,0,0,low_activity,0,0,0,0,0,0,22738,14438,-0.2233,0,0,26,22,38,37,1
1774109550,37,61,0,0,0,0,low_activity,0,0,0,0,low_activity,0,0,0,0,low_activity,0,0,0,0,0,0,22289,14292,-0.2186,-449,-449,25,22,39,37,2
1774109551,37,61,0,0,0,0,low_activity,0,0,0,0,low_activity,0,0,0,0,low_activity,0,0,0,0,0,0,22289,14292,-0.2186,-449,-449,25,22,39,37,2
1774109552,38,61,0,0,0,0,low_activity,0,0,0,0,low_activity,0,0,0,0,low_activity,0,0,0,0,0,0,22289,14792,-0.2022,-449,-449,25,23,39,38,1
1774109553,38,61,0,0,0,0,no_volume,0,0,0,0,low_activity,0,0,0,0,low_activity,0,0,0,0,0,0,22289,14792,-0.2022,0,-449,25,23,39,38,1
1774109554,38,61,0,0,0,0,no_volume,0,0,0,0,low_activity,0,0,0,0,low_activity,0,0,0,0,0,0,23296,15837,-0.1906,1007,558,25,23,39,38,1
1774109555,38,61,0,0,0,0,no_volume,0,0,0,0,no_volume,0,0,0,0,low_activity,0,0,0,0,0,0,23296,15837,-0.1906,1007,558,25,23,39,38,1
1774109556,38,61,0,0,0,0,no_volume,0,0,0,0,no_volume,0,0,0,0,low_activity,0,0,0,0,0,0,23296,16207,-0.1795,1007,558,25,23,39,38,1
1774109557,38,61,0,0,0,0,no_volume,0,0,0,0,no_volume,0,0,0,0,low_activity,0,0,0,0,0,0,23296,16226,-0.1789,0,558,25,23,39,38,1
1774109558,38,61,0,0,0,0,no_volume,0,0,0,0,no_volume,0,0,0,0,low_activity,0,0,0,0,0,0,24270,16226,-0.1986,974,1532,26,23,39,38,1
1774109559,38,61,0,0,0,0,no_volume,0,0,0,0,no_volume,0,0,0,0,low_activity,0,0,0,0,0,0,24270,16726,-0.184,974,1532,26,23,39,38,1
1774109560,38,61,0,0,0,0,no_volume,0,0,0,0,no_volume,0,0,0,0,low_activity,0,0,0,0,0,0,24270,16726,-0.184,974,1981,26,23,39,38,1
1774109561,38,61,0,0,0,0,no_volume,0,0,0,0,no_volume,0,0,0,0,low_activity,0,0,0,0,0,0,24270,16726,-0.184,0,1981,26,23,39,38,1
1774109562,38,61,0,0,0,0,no_volume,0,0,0,0,no_volume,0,0,0,0,low_activity,0,0,0,0,0,0,24270,16726,-0.184,0,1981,26,23,39,38,1
1774109563,38,61,0,0,0,0,no_volume,0,0,0,0,no_volume,0,0,0,0,low_activity,0,0,0,0,0,0,24270,16726,-0.184,0,1981,26,23,39,38,1
1774109564,38,61,0,0,0,0,no_volume,0,0,0,0,no_volume,0,0,0,0,low_activity,0,0,0,0,0,0,24270,16726,-0.184,0,974,26,23,39,38,1
1774109565,38,61,0,0,0,0,no_volume,0,0,0,0,no_volume,0,0,0,0,low_activity,0,0,0,0,0,0,23515,16808,-0.1663,-755,219,26,23,39,38,1
1774109566,38,61,0,0,0,0,low_activity,0,0,0,0,low_activity,0,0,0,0,low_activity,0,0,0,0,0,0,23433,16756,-0.1661,-837,137,26,23,39,38,1
1774109567,38,61,0,0,0,0,low_activity,0,0,0,0,low_activity,0,0,0,0,low_activity,0,0,0,0,0,0,23195,16674,-0.1636,-1075,-101,26,23,39,38,1
1774109568,38,61,0,0,0,0,low_activity,0,0,0,0,low_activity,0,0,0,0,low_activity,0,0,0,0,0,0,23195,16674,-0.1636,-320,-1075,26,23,39,38,1
1774109569,38,61,0,0,0,0,low_activity,0,0,0,0,low_activity,0,0,0,0,low_activity,0,0,0,0,0,0,23195,16674,-0.1636,-238,-1075,26,23,39,38,1
1774109570,38,61,0,0,0,0,no_volume,0,0,0,0,low_activity,0,0,0,0,low_activity,0,0,0,0,0,0,23195,16674,-0.1636,0,-1075,26,23,39,38,1
1774109571,38,61,0,0,0,0,low_activity,0,0,0,0,low_activity,0,0,0,0,low_activity,0,0,0,0,0,0,22185,16707,-0.1409,-1010,-2085,25,24,39,38,1
1774109572,38,61,0,0,0,0,low_activity,0,0,0,0,low_activity,0,0,0,0,low_activity,0,0,0,0,0,0,22185,16707,-0.1409,-1010,-2085,25,24,39,38,1
1774109573,38,61,0,0,0,0,low_activity,0,0,0,0,low_activity,0,0,0,0,low_activity,0,0,0,0,0,0,22393,16749,-0.1442,-802,-1877,25,23,39,38,1
1774109574,38,61,0,0,0,0,low_activity,0,0,0,0,low_activity,0,0,0,0,low_activity,0,0,0,0,0,0,22393,16702,-0.1456,208,-1877,25,23,39,38,1
1774109575,38,61,0,0,0,0,low_activity,0,0,0,0,low_activity,0,0,0,0,low_activity,0,0,0,0,0,0,22185,16627,-0.1432,0,-1330,25,23,39,38,1
1774109576,38,61,0,0,0,0,low_activity,0,0,0,0,low_activity,0,0,0,0,low_activity,0,0,0,0,0,0,22185,16627,-0.1432,-208,-1248,25,23,39,38,1
1774109577,38,61,0,0,0,0,no_volume,0,0,0,0,low_activity,0,0,0,0,low_activity,0,0,0,0,0,0,22185,16627,-0.1432,-208,-1010,25,23,39,38,1
1774109578,38,61,0,0,0,0,no_volume,0,0,0,0,low_activity,0,0,0,0,low_activity,0,0,0,0,0,0,22185,16627,-0.1432,0,-1010,25,23,39,38,1
1774109579,38,61,0,0,0,0,no_volume,0,0,0,0,no_volume,0,0,0,0,low_activity,0,0,0,0,0,0,22185,16627,-0.1432,0,-1010,25,23,39,38,1
1774109580,38,61,0,0,0,0,no_volume,0,0,0,0,no_volume,0,0,0,0,low_activity,0,0,0,0,0,0,22185,16627,-0.1432,0,-1010,25,23,39,38,1
1774109581,38,61,0,0,0,0,no_volume,0,0,0,0,no_volume,0,0,0,0,low_activity,0,0,0,0,0,0,22185,16627,-0.1432,0,0,25,23,39,38,1
1774109582,38,61,0,0,0,0,no_volume,0,0,0,0,no_volume,0,0,0,0,low_activity,0,0,0,0,0,0,21089,5902,-0.5627,-1096,-1096,24,14,39,38,1
1774109583,38,61,0,0,0,0,no_volume,0,0,0,0,no_volume,0,0,0,0,low_activity,0,0,0,0,0,0,21089,5902,-0.5627,-1096,-1304,24,14,39,38,1
1774109584,38,61,0,0,0,0,no_volume,0,0,0,0,no_volume,0,0,0,0,low_activity,0,0,0,0,0,0,20897,5820,-0.5643,-1288,-1496,24,13,39,38,1
1774109585,38,61,0,0,0,0,no_volume,0,0,0,0,no_volume,0,0,0,0,low_activity,0,0,0,0,0,0,20897,5820,-0.5643,-192,-1288,24,13,39,38,1
1774109586,38,61,0,0,0,0,no_volume,0,0,0,0,no_volume,0,0,0,0,low_activity,0,0,0,0,0,0,20897,5820,-0.5643,-192,-1288,24,13,39,38,1
1774109587,38,61,0,0,0,0,no_volume,0,0,0,0,no_volume,0,0,0,0,low_activity,0,0,0,0,0,0,20895,6747,-0.5118,-2,-1290,24,15,39,38,1
1774109588,38,61,0,0,0,0,no_volume,0,0,0,0,no_volume,0,0,0,0,low_activity,0,0,0,0,0,0,20895,7085,-0.4936,-2,-1290,24,16,39,38,1
1774109589,38,61,0,0,0,0,no_volume,0,0,0,0,no_volume,0,0,0,0,low_activity,0,0,0,0,0,0,20895,7085,-0.4936,-2,-1290,24,16,39,38,1
1774109590,38,61,0,0,0,0,no_volume,0,0,0,0,no_volume,0,0,0,0,low_activity,0,0,0,0,0,0,21108,7167,-0.4931,213,-1077,24,17,39,38,1
1774109591,38,61,0,0,0,0,no_volume,0,0,0,0,no_volume,0,0,0,0,low_activity,0,0,0,0,0,0,21108,7167,-0.4931,213,-1077,24,17,39,38,1
1774109592,38,61,0,0,0,0,no_volume,0,0,0,0,no_volume,0,0,0,0,low_activity,0,0,0,0,0,0,20895,7085,-0.4936,0,-194,24,16,39,38,1
1774109593,38,61,0,0,0,0,no_volume,0,0,0,0,no_volume,0,0,0,0,low_activity,0,0,0,0,0,0,20895,7085,-0.4936,-213,-194,24,16,39,38,1
1774109594,38,61,0,0,0,0,no_volume,0,0,0,0,no_volume,0,0,0,0,low_activity,0,0,0,0,0,0,20895,7085,-0.4936,-213,-2,24,16,39,38,1
1774109595,38,61,0,0,0,0,no_volume,0,0,0,0,no_volume,0,0,0,0,low_activity,0,0,0,0,0,0,20496,7085,-0.4862,-399,-401,24,16,39,38,1
1774109596,38,61,0,0,0,0,no_volume,0,0,0,0,no_volume,0,0,0,0,low_activity,0,0,0,0,0,0,20496,7085,-0.4862,-399,-401,24,16,39,38,1
1774109597,38,61,0,0,0,0,no_volume,0,0,0,0,no_volume,0,0,0,0,low_activity,0,0,0,0,0,0,20704,7157,-0.4862,-191,-191,24,17,39,38,1
1774109598,38,61,0,0,0,0,no_volume,0,0,0,0,no_volume,0,0,0,0,low_activity,0,0,0,0,0,0,20704,7157,-0.4862,208,-191,24,17,39,38,1
1774109599,38,61,0,0,0,0,no_volume,0,0,0,0,no_volume,0,0,0,0,low_activity,0,0,0,0,0,0,20496,7085,-0.4862,0,-399,24,16,39,38,1
1774109600,38,61,0,0,0,0,no_volume,0,0,0,0,no_volume,0,0,0,0,low_activity,0,0,0,0,0,0,20496,7085,-0.4862,-208,-612,24,16,39,38,1
1774109601,38,61,0,0,0,0,no_volume,0,0,0,0,no_volume,0,0,0,0,low_activity,0,0,0,0,0,0,20496,7085,-0.4862,-208,-612,24,16,39,38,1
1774109602,38,61,0,0,0,0,no_volume,0,0,0,0,no_volume,0,0,0,0,low_activity,0,0,0,0,0,0,20496,7477,-0.4654,0,-399,24,16,39,38,1
1774109603,38,61,0,0,0,0,no_volume,0,0,0,0,no_volume,0,0,0,0,low_activity,0,0,0,0,0,0,20999,7563,-0.4704,503,104,24,17,39,38,1
1774109604,38,61,0,0,0,0,no_volume,0,0,0,0,no_volume,0,0,0,0,no_volume,0,0,0,0,0,0,20999,7563,-0.4704,503,104,24,17,39,38,1
1774109605,38,61,0,0,0,0,no_volume,0,0,0,0,no_volume,0,0,0,0,no_volume,0,0,0,0,0,0,20999,7346,-0.4817,503,503,24,16,39,38,1
1774109606,38,61,0,0,0,0,no_volume,0,0,0,0,no_volume,0,0,0,0,no_volume,0,0,0,0,0,0,20999,7346,-0.4817,0,503,24,16,39,38,1
1774109607,38,61,0,0,0,0,no_volume,0,0,0,0,no_volume,0,0,0,0,no_volume,0,0,0,0,0,0,20999,7346,-0.4817,0,295,24,16,39,38,1
1774109608,38,61,0,0,0,0,no_volume,0,0,0,0,no_volume,0,0,0,0,no_volume,0,0,0,0,0,0,20830,7346,-0.4786,-169,126,24,16,39,38,1
1774109609,38,61,0,0,0,0,no_volume,0,0,0,0,no_volume,0,0,0,0,no_volume,0,0,0,0,0,0,20830,7346,-0.4786,-169,334,24,16,39,38,1
1774109610,38,61,0,0,0,0,no_volume,0,0,0,0,no_volume,0,0,0,0,no_volume,0,0,0,0,0,0,20830,7465,-0.4723,-169,334,24,18,39,38,1
1774109611,38,61,0,0,0,0,no_volume,0,0,0,0,no_volume,0,0,0,0,no_volume,0,0,0,0,0,0,20830,7379,-0.4768,0,334,24,17,39,38,1
1774109612,38,61,0,0,0,0,no_volume,0,0,0,0,no_volume,0,0,0,0,no_volume,0,0,0,0,0,0,20830,7379,-0.4768,0,334,24,17,39,38,1
1774109613,38,61,0,0,0,0,no_volume,0,0,0,0,no_volume,0,0,0,0,no_volume,0,0,0,0,0,0,20837,7379,-0.477,7,-162,24,17,39,38,1
1774109614,38,61,0,0,0,0,no_volume,0,0,0,0,no_volume,0,0,0,0,no_volume,0,0,0,0,0,0,20837,7517,-0.4698,7,-162,24,17,39,38,1
1774109615,38,61,0,0,0,0,no_volume,0,0,0,0,no_volume,0,0,0,0,no_volume,0,0,0,0,0,0,20837,7517,-0.4698,7,-162,24,17,39,38,1
1774109616,38,61,0,0,0,0,no_volume,0,0,0,0,no_volume,0,0,0,0,no_volume,0,0,0,0,0,0,22092,8805,-0.43,1255,1093,25,17,39,38,1
1774109617,38,60,0,0,0,0,no_volume,0,0,0,0,no_volume,0,0,0,0,no_volume,0,0,0,0,0,0,18864,9829,-0.3149,-1973,-2135,24,16,40,38,2
1774109618,39,60,0,0,0,0,no_volume,0,0,0,0,no_volume,0,0,0,0,no_volume,0,0,0,0,0,0,22348,13418,-0.2497,1511,1518,24,17,40,39,1
1774109619,39,60,0,0,0,0,no_volume,0,0,0,0,no_volume,0,0,0,0,no_volume,0,0,0,0,0,0,22348,13418,-0.2497,256,1518,24,17,40,39,1
1774109620,39,60,0,0,0,0,no_volume,0,0,0,0,no_volume,0,0,0,0,no_volume,0,0,0,0,0,0,22520,14392,-0.2202,3656,1690,24,17,40,39,1
1774109621,39,60,0,0,0,0,no_volume,0,0,0,0,no_volume,0,0,0,0,no_volume,0,0,0,0,0,0,19036,14392,-0.1389,-3312,-1794,24,17,40,39,1
1774109622,39,60,0,0,0,0,no_volume,0,0,0,0,no_volume,0,0,0,0,no_volume,0,0,0,0,0,0,19036,13104,-0.1846,-3312,-1794,24,17,40,39,1
1774109623,39,60,0,0,0,0,no_volume,0,0,0,0,no_volume,0,0,0,0,no_volume,0,0,0,0,0,0,19036,13418,-0.1731,-3484,-1801,24,17,40,39,1
1774109624,39,60,0,0,0,0,no_volume,0,0,0,0,no_volume,0,0,0,0,no_volume,0,0,0,0,0,0,19036,13418,-0.1731,0,-1801,24,17,40,39,1
1774109625,39,60,0,0,0,0,no_volume,0,0,0,0,no_volume,0,0,0,0,no_volume,0,0,0,0,0,0,17610,10466,-0.2545,-1426,-3227,23,14,40,39,1
1774109626,38,60,0,0,0,0,no_volume,0,0,0,0,no_volume,0,0,0,0,no_volume,0,0,0,0,0,0,17438,5835,-0.4986,-1598,-4654,23,13,40,38,2
1774109627,38,60,0,0,0,0,no_volume,0,0,0,0,no_volume,0,0,0,0,no_volume,0,0,0,0,0,0,17438,5835,-0.4986,-1598,-1426,23,13,40,38,2
1774109628,38,60,0,0,0,0,no_volume,0,0,0,0,no_volume,0,0,0,0,no_volume,0,0,0,0,0,0,17438,5835,-0.4986,-172,-4910,23,13,40,38,2
1774109629,38,60,0,0,0,0,no_volume,0,0,0,0,no_volume,0,0,0,0,no_volume,0,0,0,0,0,0,17438,4547,-0.5864,0,-4910,23,13,40,38,2
1774109630,38,60,0,0,0,0,no_volume,0,0,0,0,no_volume,0,0,0,0,no_volume,0,0,0,0,0,0,17438,5835,-0.4986,0,-5082,23,13,40,38,2
1774109631,38,60,0,0,0,0,no_volume,0,0,0,0,no_volume,0,0,0,0,no_volume,0,0,0,0,0,0,17438,5835,-0.4986,0,-1598,23,13,40,38,2
1774109632,38,60,0,0,0,0,no_volume,0,0,0,0,no_volume,0,0,0,0,no_volume,0,0,0,0,0,0,17438,5835,-0.4986,0,-1598,23,13,40,38,2
1774109633,38,60,0,0,0,0,no_volume,0,0,0,0,no_volume,0,0,0,0,no_volume,0,0,0,0,0,0,17438,5835,-0.4986,0,-1598,23,13,40,38,2
1774109634,38,60,0,0,0,0,no_volume,0,0,0,0,no_volume,0,0,0,0,no_volume,0,0,0,0,0,0,17438,5835,-0.4986,0,-1598,23,13,40,38,2
1774109635,38,60,0,0,0,0,no_volume,0,0,0,0,no_volume,0,0,0,0,no_volume,0,0,0,0,0,0,17438,5835,-0.4986,0,-172,23,13,40,38,2
1774109636,38,60,0,0,0,0,no_volume,0,0,0,0,no_volume,0,0,0,0,no_volume,0,0,0,0,0,0,17438,6471,-0.4587,0,0,23,13,40,38,2
1774109637,39,60,0,0,0,0,no_volume,0,0,0,0,no_volume,0,0,0,0,no_volume,0,0,0,0,0,0,18845,12129,-0.2168,1407,1407,24,15,40,39,1
1774109638,39,60,0,0,0,0,no_volume,0,0,0,0,no_volume,0,0,0,0,no_volume,0,0,0,0,0,0,18878,11448,-0.245,1440,1440,24,16,40,39,1
1774109639,39,60,0,0,0,0,no_volume,0,0,0,0,no_volume,0,0,0,0,no_volume,0,0,0,0,0,0,18878,12736,-0.1943,1440,1440,24,16,40,39,1
1774109640,39,60,0,0,0,0,no_volume,0,0,0,0,no_volume,0,0,0,0,no_volume,0,0,0,0,0,0,18878,12071,-0.2199,33,1440,24,16,40,39,1
1774109641,39,60,0,0,0,0,no_volume,0,0,0,0,no_volume,0,0,0,0,no_volume,0,0,0,0,0,0,18878,12071,-0.2199,0,1440,24,16,40,39,1
1774109642,39,60,0,0,0,0,low_activity,0,0,0,0,low_activity,0,0,0,0,low_activity,0,0,0,0,0,0,21829,12071,-0.2878,2951,4391,24,16,40,39,1
1774109643,40,59,0,0,0,0,low_activity,0,0,0,0,low_activity,0,0,0,0,low_activity,0,0,0,0,0,0,22398,11756,-0.3116,3520,4960,23,18,41,40,1
1774109644,40,59,0,0,0,0,low_activity,0,0,0,0,low_activity,0,0,0,0,low_activity,0,0,0,0,0,0,23323,9994,-0.4001,4445,5885,24,18,41,40,1
1774109645,40,59,0,0,0,0,low_activity,0,0,0,0,low_activity,0,0,0,0,low_activity,0,0,0,0,0,0,23323,11282,-0.348,1494,5885,24,18,41,40,1
1774109646,40,59,0,0,0,0,no_volume,0,0,0,0,low_activity,0,0,0,0,low_activity,0,0,0,0,0,0,23323,11282,-0.348,925,5885,24,18,41,40,1
1774109647,40,59,0,0,0,0,no_volume,0,0,0,0,low_activity,0,0,0,0,low_activity,0,0,0,0,0,0,24511,12129,-0.3379,1188,5666,26,18,41,40,1
1774109648,40,59,0,0,0,0,no_volume,0,0,0,0,no_volume,0,0,0,0,low_activity,0,0,0,0,0,0,24511,10841,-0.3867,1188,5633,26,18,41,40,1
1774109649,40,59,0,0,0,0,no_volume,0,0,0,0,no_volume,0,0,0,0,low_activity,0,0,0,0,0,0,22382,12129,-0.2971,-941,3504,25,18,41,40,1
1774109650,40,59,0,0,0,0,no_volume,0,0,0,0,no_volume,0,0,0,0,low_activity,0,0,0,0,0,0,22382,12129,-0.2971,-2129,3504,25,18,41,40,1
1774109651,40,59,0,0,0,0,no_volume,0,0,0,0,no_volume,0,0,0,0,low_activity,0,0,0,0,0,0,22382,12129,-0.2971,-2129,3504,25,18,41,40,1
1774109652,40,59,0,0,0,0,no_volume,0,0,0,0,no_volume,0,0,0,0,low_activity,0,0,0,0,0,0,23466,12129,-0.3185,1084,1637,26,18,41,40,1
1774109653,40,59,0,0,0,0,no_volume,0,0,0,0,no_volume,0,0,0,0,low_activity,0,0,0,0,0,0,23466,12129,-0.3185,1084,1068,26,18,41,40,1
1774109654,40,59,0,0,0,0,no_volume,0,0,0,0,no_volume,0,0,0,0,low_activity,0,0,0,0,0,0,23256,11155,-0.3517,874,-67,25,18,41,40,1
1774109655,40,59,0,0,0,0,no_volume,0,0,0,0,no_volume,0,0,0,0,low_activity,0,0,0,0,0,0,23256,10039,-0.397,-210,-67,24,19,41,40,1
1774109656,40,59,0,0,0,0,no_volume,0,0,0,0,no_volume,0,0,0,0,low_activity,0,0,0,0,0,0,23256,11327,-0.3449,-210,-67,24,19,41,40,1
1774109657,40,59,0,0,0,0,no_volume,0,0,0,0,no_volume,0,0,0,0,low_activity,0,0,0,0,0,0,23256,11327,-0.3449,0,-1255,24,19,41,40,1
1774109658,40,59,0,0,0,0,no_volume,0,0,0,0,no_volume,0,0,0,0,low_activity,0,0,0,0,0,0,23458,12301,-0.312,202,-1053,26,19,41,40,1
1774109659,40,59,0,0,0,0,no_volume,0,0,0,0,no_volume,0,0,0,0,low_activity,0,0,0,0,0,0,23458,12162,-0.3171,202,1076,26,19,41,40,1
1774109660,40,59,0,0,0,0,no_volume,0,0,0,0,no_volume,0,0,0,0,low_activity,0,0,0,0,0,0,23256,12162,-0.3132,0,874,25,19,41,40,1
1774109661,40,59,0,0,0,0,no_volume,0,0,0,0,no_volume,0,0,0,0,low_activity,0,0,0,0,0,0,23256,10874,-0.3628,-202,874,25,19,41,40,1
1774109662,40,59,0,0,0,0,no_volume,0,0,0,0,no_volume,0,0,0,0,low_activity,0,0,0,0,0,0,22282,13647,-0.2403,-1176,-1184,25,19,41,40,1
1774109663,40,59,0,0,0,0,no_volume,0,0,0,0,no_volume,0,0,0,0,low_activity,0,0,0,0,0,0,22688,15074,-0.2016,-568,-778,26,19,41,40,1
1774109664,40,59,0,0,0,0,low_activity,0,0,0,0,low_activity,0,0,0,0,low_activity,0,0,0,0,0,0,22688,15073,-0.2017,-568,-568,26,19,41,40,1
1774109665,40,59,0,0,0,0,low_activity,0,0,0,0,low_activity,0,0,0,0,low_activity,0,0,0,0,0,0,23409,16047,-0.1866,1127,153,25,19,41,40,1
1774109666,40,59,0,0,0,0,low_activity,0,0,0,0,low_activity,0,0,0,0,low_activity,0,0,0,0,0,0,23409,16047,-0.1866,721,153,25,19,41,40,1
1774109667,40,59,0,0,0,0,no_volume,0,0,0,0,low_activity,0,0,0,0,low_activity,0,0,0,0,0,0,23409,16047,-0.1866,721,153,25,19,41,40,1
1774109668,40,59,0,0,0,0,no_volume,0,0,0,0,low_activity,0,0,0,0,low_activity,0,0,0,0,0,0,23237,16047,-0.183,-172,-221,25,19,41,40,1
1774109669,40,59,0,0,0,0,no_volume,0,0,0,0,no_volume,0,0,0,0,low_activity,0,0,0,0,0,0,23237,14099,-0.2448,-172,-221,24,19,41,40,1
1774109670,40,59,0,0,0,0,no_volume,0,0,0,0,no_volume,0,0,0,0,low_activity,0,0,0,0,0,0,22263,12811,-0.2695,-1146,-993,24,19,41,40,1
1774109671,40,59,0,0,0,0,no_volume,0,0,0,0,no_volume,0,0,0,0,low_activity,0,0,0,0,0,0,22617,14099,-0.232,-620,-639,25,19,41,40,1
1774109672,40,59,0,0,0,0,no_volume,0,0,0,0,no_volume,0,0,0,0,low_activity,0,0,0,0,0,0,23452,15073,-0.2175,215,1170,26,19,41,40,1
1774109673,40,59,0,0,0,0,no_volume,0,0,0,0,no_volume,0,0,0,0,low_activity,0,0,0,0,0,0,23237,15073,-0.2131,974,549,25,19,41,40,1
1774109674,40,59,0,0,0,0,no_volume,0,0,0,0,no_volume,0,0,0,0,low_activity,0,0,0,0,0,0,23237,15073,-0.2131,620,549,25,19,41,40,1
1774109675,40,59,0,0,0,0,no_volume,0,0,0,0,no_volume,0,0,0,0,low_activity,0,0,0,0,0,0,23237,15073,-0.2131,-215,-172,25,19,41,40,1
1774109676,40,59,0,0,0,0,no_volume,0,0,0,0,no_volume,0,0,0,0,low_activity,0,0,0,0,0,0,22263,13785,-0.2352,-974,-1146,25,19,41,40,1
1774109677,40,59,0,0,0,0,no_volume,0,0,0,0,no_volume,0,0,0,0,low_activity,0,0,0,0,0,0,22263,15073,-0.1926,-974,-1146,25,19,41,40,1
1774109678,40,59,0,0,0,0,no_volume,0,0,0,0,no_volume,0,0,0,0,low_activity,0,0,0,0,0,0,22263,15073,-0.1926,-974,-974,25,19,41,40,1
1774109679,40,59,0,0,0,0,no_volume,0,0,0,0,no_volume,0,0,0,0,low_activity,0,0,0,0,0,0,23376,16047,-0.1859,1113,139,25,19,41,40,1
1774109680,40,59,0,0,0,0,no_volume,0,0,0,0,no_volume,0,0,0,0,low_activity,0,0,0,0,0,0,23376,16047,-0.1859,1113,1113,25,19,41,40,1
1774109681,40,59,0,0,0,0,no_volume,0,0,0,0,no_volume,0,0,0,0,low_activity,0,0,0,0,0,0,23376,16047,-0.1859,1113,759,25,19,41,40,1
1774109682,40,59,0,0,0,0,no_volume,0,0,0,0,no_volume,0,0,0,0,low_activity,0,0,0,0,0,0,22402,14759,-0.2057,-974,-1050,24,19,41,40,1
1774109683,40,59,0,0,0,0,no_volume,0,0,0,0,no_volume,0,0,0,0,low_activity,0,0,0,0,0,0,23376,16047,-0.1859,0,139,24,19,41,40,1
1774109684,40,59,0,0,0,0,no_volume,0,0,0,0,no_volume,0,0,0,0,low_activity,0,0,0,0,0,0,23376,16047,-0.1859,0,139,24,19,41,40,1
1774109685,40,59,0,0,0,0,no_volume,0,0,0,0,no_volume,0,0,0,0,low_activity,0,0,0,0,0,0,23376,16047,-0.1859,974,139,24,19,41,40,1
1774109686,40,59,0,0,0,0,no_volume,0,0,0,0,no_volume,0,0,0,0,low_activity,0,0,0,0,0,0,23376,16047,-0.1859,0,1113,24,19,41,40,1
1774109687,40,59,0,0,0,0,no_volume,0,0,0,0,no_volume,0,0,0,0,low_activity,0,0,0,0,0,0,23376,16047,-0.1859,0,1113,24,19,41,40,1
1774109688,40,59,0,0,0,0,no_volume,0,0,0,0,no_volume,0,0,0,0,low_activity,0,0,0,0,0,0,23376,16047,-0.1859,0,1113,24,19,41,40,1
1774109689,40,59,0,0,0,0,no_volume,0,0,0,0,no_volume,0,0,0,0,low_activity,0,0,0,0,0,0,23376,16047,-0.1859,0,0,24,19,41,40,1
1774109690,40,59,0,0,0,0,no_volume,0,0,0,0,no_volume,0,0,0,0,low_activity,0,0,0,0,0,0,23376,16047,-0.1859,0,0,24,19,41,40,1
1774109691,40,59,0,0,0,0,no_volume,0,0,0,0,no_volume,0,0,0,0,low_activity,0,0,0,0,0,0,22402,16402,-0.1546,-974,-974,25,19,41,40,1
1774109692,40,59,0,0,0,0,no_volume,0,0,0,0,no_volume,0,0,0,0,low_activity,0,0,0,0,0,0,19121,16402,-0.0765,-4255,-3281,24,19,41,40,1
1774109693,40,59,0,0,0,0,no_volume,0,0,0,0,no_volume,0,0,0,0,low_activity,0,0,0,0,0,0,19121,16402,-0.0765,-4255,-4255,24,19,41,40,1
1774109694,40,59,0,0,0,0,no_volume,0,0,0,0,no_volume,0,0,0,0,no_volume,0,0,0,0,0,0,20083,15114,-0.1412,-2319,-3293,25,19,41,40,1
1774109695,40,59,0,0,0,0,no_volume,0,0,0,0,no_volume,0,0,0,0,no_volume,0,0,0,0,0,0,20258,16402,-0.1052,1137,-3118,25,19,41,40,1
1774109696,40,59,0,0,0,0,no_volume,0,0,0,0,no_volume,0,0,0,0,no_volume,0,0,0,0,0,0,19284,16716,-0.0713,163,-4092,24,19,41,40,1
1774109697,40,59,0,0,0,0,no_volume,0,0,0,0,no_volume,0,0,0,0,no_volume,0,0,0,0,0,0,21695,16716,-0.1296,1612,-1681,24,19,41,40,1
1774109698,40,59,0,0,0,0,no_volume,0,0,0,0,no_volume,0,0,0,0,no_volume,0,0,0,0,0,0,21695,17690,-0.1017,1437,-1681,24,19,41,40,1
1774109699,40,59,0,0,0,0,no_volume,0,0,0,0,no_volume,0,0,0,0,no_volume,0,0,0,0,0,0,21834,17690,-0.1048,2550,-1542,24,19,41,40,1
1774109700,40,59,0,0,0,0,no_volume,0,0,0,0,no_volume,0,0,0,0,no_volume,0,0,0,0,0,0,21659,15428,-0.168,-36,-1717,24,19,41,40,1
1774109701,40,59,0,0,0,0,no_volume,0,0,0,0,no_volume,0,0,0,0,no_volume,0,0,0,0,0,0,21659,17376,-0.1097,-36,-743,24,19,41,40,1
1774109702,40,59,0,0,0,0,no_volume,0,0,0,0,no_volume,0,0,0,0,no_volume,0,0,0,0,0,0,21559,17376,-0.1074,-275,2438,24,19,41,40,1
1774109703,40,59,0,0,0,0,no_volume,0,0,0,0,no_volume,0,0,0,0,no_volume,0,0,0,0,0,0,21559,17376,-0.1074,-100,2438,24,19,41,40,1
1774109704,40,59,0,0,0,0,no_volume,0,0,0,0,no_volume,0,0,0,0,no_volume,0,0,0,0,0,0,21559,17376,-0.1074,-100,1476,24,19,41,40,1
1774109705,40,59,0,0,0,0,no_volume,0,0,0,0,no_volume,0,0,0,0,no_volume,0,0,0,0,0,0,16681,4493,-0.5756,-4878,-3577,23,16,41,40,1
1774109706,40,59,0,0,0,0,no_volume,0,0,0,0,no_volume,0,0,0,0,no_volume,0,0,0,0,0,0,16681,4533,-0.5726,-4878,-2603,23,16,41,40,1
1774109707,40,59,0,0,0,0,no_volume,0,0,0,0,no_volume,0,0,0,0,no_volume,0,0,0,0,0,0,16681,4533,-0.5726,-4878,-5014,23,16,41,40,1
1774109708,40,59,0,0,0,0,no_volume,0,0,0,0,no_volume,0,0,0,0,no_volume,0,0,0,0,0,0,22429,12573,-0.2816,5748,734,24,16,41,40,1
1774109709,40,59,0,0,0,0,no_volume,0,0,0,0,no_volume,0,0,0,0,no_volume,0,0,0,0,0,0,22429,16982,-0.1382,5748,595,24,17,41,40,1
1774109710,40,59,0,0,0,0,no_volume,0,0,0,0,no_volume,0,0,0,0,no_volume,0,0,0,0,0,0,22429,20506,-0.0448,5748,770,24,18,41,40,1
1774109711,40,59,0,0,0,0,no_volume,0,0,0,0,no_volume,0,0,0,0,no_volume,0,0,0,0,0,0,22429,18158,-0.1052,0,770,24,18,41,40,1
1774109712,40,59,0,0,0,0,no_volume,0,0,0,0,no_volume,0,0,0,0,no_volume,0,0,0,0,0,0,22429,18158,-0.1052,0,870,24,18,41,40,1
1774109713,40,59,0,0,0,0,no_volume,0,0,0,0,no_volume,0,0,0,0,no_volume,0,0,0,0,0,0,22604,19406,-0.0761,175,1045,24,18,41,40,1
1774109714,40,59,0,0,0,0,no_volume,0,0,0,0,no_volume,0,0,0,0,no_volume,0,0,0,0,0,0,22604,18432,-0.1017,175,1045,24,18,41,40,1
1774109715,40,59,0,0,0,0,no_volume,0,0,0,0,no_volume,0,0,0,0,no_volume,0,0,0,0,0,0,22604,16830,-0.1464,175,5923,24,17,41,40,1
1774109716,40,59,0,0,0,0,no_volume,0,0,0,0,no_volume,0,0,0,0,no_volume,0,0,0,0,0,0,22604,18118,-0.1102,0,5923,24,17,41,40,1
1774109717,40,59,0,0,0,0,no_volume,0,0,0,0,no_volume,0,0,0,0,no_volume,0,0,0,0,0,0,22604,19092,-0.0842,0,5923,24,17,41,40,1
1774109718,40,59,0,0,0,0,no_volume,0,0,0,0,no_volume,0,0,0,0,no_volume,0,0,0,0,0,0,22429,19092,-0.0804,-175,0,24,17,41,40,1
1774109719,40,59,0,0,0,0,no_volume,0,0,0,0,no_volume,0,0,0,0,no_volume,0,0,0,0,0,0,22429,19092,-0.0804,-175,0,24,17,41,40,1
1774109720,40,59,0,0,0,0,no_volume,0,0,0,0,no_volume,0,0,0,0,no_volume,0,0,0,0,0,0,22429,19092,-0.0804,-175,0,24,17,41,40,1
1774109721,40,59,0,0,0,0,no_volume,0,0,0,0,no_volume,0,0,0,0,no_volume,0,0,0,0,0,0,22429,19092,-0.0804,0,0,24,17,41,40,1
1774109722,40,59,0,0,0,0,no_volume,0,0,0,0,no_volume,0,0,0,0,no_volume,0,0,0,0,0,0,22429,19092,-0.0804,0,0,24,17,41,40,1
1774109723,40,59,0,0,0,0,no_volume,0,0,0,0,no_volume,0,0,0,0,no_volume,0,0,0,0,0,0,22462,17804,-0.1157,33,-142,24,17,41,40,1
1774109724,40,59,0,0,0,0,no_volume,0,0,0,0,no_volume,0,0,0,0,no_volume,0,0,0,0,0,0,22462,19092,-0.0811,33,-142,24,17,41,40,1
1774109725,40,59,0,0,0,0,no_volume,0,0,0,0,no_volume,0,0,0,0,no_volume,0,0,0,0,0,0,22462,19092,-0.0811,33,-142,24,17,41,40,1
1774109726,40,59,0,0,0,0,no_volume,0,0,0,0,no_volume,0,0,0,0,no_volume,0,0,0,0,0,0,16681,4520,-0.5736,-5781,-5923,23,16,41,40,1
1774109727,40,59,0,0,0,0,no_volume,0,0,0,0,no_volume,0,0,0,0,no_volume,0,0,0,0,0,0,16681,4581,-0.5691,-5781,-5923,23,17,41,40,1
1774109728,40,59,0,0,0,0,no_volume,0,0,0,0,no_volume,0,0,0,0,no_volume,0,0,0,0,0,0,16681,4571,-0.5698,-5781,-5748,23,16,41,40,1
1774109729,40,59,0,0,0,0,no_volume,0,0,0,0,no_volume,0,0,0,0,no_volume,0,0,0,0,0,0,16681,4490,-0.5758,0,-5748,23,16,41,40,1
1774109730,40,59,0,0,0,0,low_activity,0,0,0,0,low_activity,0,0,0,0,low_activity,0,0,0,0,0,0,16622,3202,-0.677,-59,-5807,23,16,41,40,1
1774109731,40,59,0,0,0,0,low_activity,0,0,0,0,low_activity,0,0,0,0,low_activity,0,0,0,0,0,0,16622,4490,-0.5746,-59,-5807,23,16,41,40,1
1774109732,40,59,0,0,0,0,low_activity,0,0,0,0,low_activity,0,0,0,0,low_activity,0,0,0,0,0,0,16622,4564,-0.5691,-59,-5807,23,17,41,40,1
1774109733,40,59,0,0,0,0,no_volume,0,0,0,0,low_activity,0,0,0,0,low_activity,0,0,0,0,0,0,16622,4564,-0.5691,0,-5840,23,17,41,40,1
1774109734,40,59,0,0,0,0,no_volume,0,0,0,0,low_activity,0,0,0,0,low_activity,0,0,0,0,0,0,16622,4490,-0.5746,0,-5840,23,16,41,40,1
1774109735,40,59,0,0,0,0,no_volume,0,0,0,0,no_volume,0,0,0,0,low_activity,0,0,0,0,0,0,16622,4490,-0.5746,0,-5840,23,16,41,40,1
1774109736,40,59,0,0,0,0,no_volume,0,0,0,0,no_volume,0,0,0,0,low_activity,0,0,0,0,0,0,16622,4490,-0.5746,0,-59,23,16,41,40,1
1774109737,40,59,0,0,0,0,no_volume,0,0,0,0,no_volume,0,0,0,0,low_activity,0,0,0,0,0,0,16622,4590,-0.5672,0,-59,23,16,41,40,1
1774109738,40,59,0,0,0,0,no_volume,0,0,0,0,no_volume,0,0,0,0,low_activity,0,0,0,0,0,0,16622,4670,-0.5613,0,-59,23,17,41,40,1
1774109739,40,59,0,0,0,0,no_volume,0,0,0,0,no_volume,0,0,0,0,low_activity,0,0,0,0,0,0,16622,4670,-0.5613,0,-59,23,18,41,40,1
1774109740,40,59,0,0,0,0,no_volume,0,0,0,0,no_volume,0,0,0,0,low_activity,0,0,0,0,0,0,16622,4590,-0.5672,0,0,23,17,41,40,1
1774109741,40,59,0,0,0,0,no_volume,0,0,0,0,no_volume,0,0,0,0,low_activity,0,0,0,0,0,0,17910,7084,-0.4331,1288,1288,24,17,41,40,1
1774109742,40,59,0,0,0,0,no_volume,0,0,0,0,no_volume,0,0,0,0,low_activity,0,0,0,0,0,0,18649,7670,-0.4172,2027,2027,23,15,41,40,1
1774109743,40,59,0,0,0,0,no_volume,0,0,0,0,no_volume,0,0,0,0,low_activity,0,0,0,0,0,0,14211,4573,-0.5131,-2411,-2411,23,16,41,40,1
1774109744,40,59,0,0,0,0,no_volume,0,0,0,0,no_volume,0,0,0,0,low_activity,0,0,0,0,0,0,14211,4573,-0.5131,-3699,-2411,23,16,41,40,1
1774109745,40,59,0,0,0,0,no_volume,0,0,0,0,no_volume,0,0,0,0,low_activity,0,0,0,0,0,0,14211,4500,-0.519,-4438,-2411,23,15,41,40,1
1774109746,40,59,0,0,0,0,no_volume,0,0,0,0,no_volume,0,0,0,0,low_activity,0,0,0,0,0,0,14211,4510,-0.5182,0,-2411,23,15,41,40,1
1774109747,40,58,0,0,0,0,no_volume,0,0,0,0,no_volume,0,0,0,0,low_activity,0,0,0,0,0,0,16119,4518,-0.5621,1908,-503,25,16,42,40,2
1774109748,40,58,0,0,0,0,no_volume,0,0,0,0,no_volume,0,0,0,0,low_activity,0,0,0,0,0,0,18140,3240,-0.6969,3929,1518,26,16,42,40,2
1774109749,40,59,0,0,0,0,no_volume,0,0,0,0,no_volume,0,0,0,0,low_activity,0,0,0,0,0,0,20198,4607,-0.6285,5987,3576,28,17,41,40,1
1774109750,40,59,0,0,0,0,no_volume,0,0,0,0,no_volume,0,0,0,0,low_activity,0,0,0,0,0,0,18255,4607,-0.597,2136,1633,28,17,41,40,1
1774109751,40,58,0,0,0,0,no_volume,0,0,0,0,no_volume,0,0,0,0,low_activity,0,0,0,0,0,0,17938,4561,-0.5946,-202,28,27,17,42,40,2
1774109752,40,59,0,0,0,0,no_volume,0,0,0,0,no_volume,0,0,0,0,low_activity,0,0,0,0,0,0,19894,4561,-0.627,-304,1245,28,17,41,40,1
1774109753,40,58,0,0,0,0,no_volume,0,0,0,0,no_volume,0,0,0,0,low_activity,0,0,0,0,0,0,17950,4561,-0.5948,-305,3739,27,17,42,40,2
1774109754,40,58,0,0,0,0,no_volume,0,0,0,0,no_volume,0,0,0,0,low_activity,0,0,0,0,0,0,17938,4891,-0.5715,0,3727,27,18,42,40,2
1774109755,40,59,0,0,0,0,no_volume,0,0,0,0,no_volume,0,0,0,0,low_activity,0,0,0,0,0,0,25448,7811,-0.5303,5554,11237,29,17,41,40,1
1774109756,40,59,0,0,0,0,no_volume,0,0,0,0,no_volume,0,0,0,0,low_activity,0,0,0,0,0,0,25658,10773,-0.4086,7708,11447,29,19,41,40,1
1774109757,40,59,0,0,0,0,no_volume,0,0,0,0,no_volume,0,0,0,0,low_activity,0,0,0,0,0,0,25448,13838,-0.2955,7510,9329,28,18,41,40,1
1774109758,40,59,0,0,0,0,no_volume,0,0,0,0,no_volume,0,0,0,0,low_activity,0,0,0,0,0,0,25134,13838,-0.2898,-314,6994,28,18,41,40,1
1774109759,40,59,0,0,0,0,no_volume,0,0,0,0,no_volume,0,0,0,0,low_activity,0,0,0,0,0,0,26389,14812,-0.281,731,6191,28,18,41,40,1
1774109760,40,59,0,0,0,0,no_volume,0,0,0,0,no_volume,0,0,0,0,no_volume,0,0,0,0,0,0,26422,13210,-0.3334,974,8167,28,17,41,40,1
1774109761,40,59,0,0,0,0,no_volume,0,0,0,0,no_volume,0,0,0,0,no_volume,0,0,0,0,0,0,25415,13524,-0.3054,281,7477,27,17,41,40,1
1774109762,40,59,0,0,0,0,no_volume,0,0,0,0,no_volume,0,0,0,0,no_volume,0,0,0,0,0,0,25415,13524,-0.3054,-974,5521,27,17,41,40,1
1774109763,40,59,0,0,0,0,no_volume,0,0,0,0,no_volume,0,0,0,0,no_volume,0,0,0,0,0,0,24071,14894,-0.2355,-2351,6121,28,18,41,40,1
1774109764,40,59,0,0,0,0,no_volume,0,0,0,0,no_volume,0,0,0,0,no_volume,0,0,0,0,0,0,24071,14894,-0.2355,-1344,6133,28,18,41,40,1
1774109765,40,59,0,0,0,0,no_volume,0,0,0,0,no_volume,0,0,0,0,no_volume,0,0,0,0,0,0,22897,14812,-0.2144,-2518,-2551,27,17,41,40,1
1774109766,40,59,0,0,0,0,no_volume,0,0,0,0,no_volume,0,0,0,0,no_volume,0,0,0,0,0,0,23871,13524,-0.2767,-200,-1787,28,17,41,40,1
1774109767,40,59,0,0,0,0,no_volume,0,0,0,0,no_volume,0,0,0,0,no_volume,0,0,0,0,0,0,23871,14812,-0.2342,-200,-1577,28,17,41,40,1
1774109768,40,59,0,0,0,0,no_volume,0,0,0,0,no_volume,0,0,0,0,no_volume,0,0,0,0,0,0,23871,14812,-0.2342,974,-1263,28,17,41,40,1
1774109769,40,59,0,0,0,0,no_volume,0,0,0,0,no_volume,0,0,0,0,no_volume,0,0,0,0,0,0,24062,15786,-0.2077,191,-2327,29,17,41,40,1
1774109770,40,59,0,0,0,0,no_volume,0,0,0,0,no_volume,0,0,0,0,no_volume,0,0,0,0,0,0,24062,15786,-0.2077,191,-2360,29,17,41,40,1
1774109771,40,59,0,0,0,0,no_volume,0,0,0,0,no_volume,0,0,0,0,no_volume,0,0,0,0,0,0,22897,15786,-0.1838,-974,-2518,28,17,41,40,1
1774109772,40,59,0,0,0,0,no_volume,0,0,0,0,no_volume,0,0,0,0,no_volume,0,0,0,0,0,0,22897,15786,-0.1838,-1165,-2518,28,17,41,40,1
1774109773,40,59,0,0,0,0,no_volume,0,0,0,0,no_volume,0,0,0,0,no_volume,0,0,0,0,0,0,22897,15786,-0.1838,-1165,-1174,28,17,41,40,1
1774109774,40,59,0,0,0,0,no_volume,0,0,0,0,no_volume,0,0,0,0,no_volume,0,0,0,0,0,0,22897,15786,-0.1838,0,-1174,28,17,41,40,1
1774109775,40,59,0,0,0,0,no_volume,0,0,0,0,no_volume,0,0,0,0,no_volume,0,0,0,0,0,0,23096,13838,-0.2507,199,199,29,17,41,40,1
1774109776,40,59,0,0,0,0,no_volume,0,0,0,0,no_volume,0,0,0,0,no_volume,0,0,0,0,0,0,21674,7071,-0.508,-1223,-2197,28,15,41,40,1
1774109777,40,59,0,0,0,0,no_volume,0,0,0,0,no_volume,0,0,0,0,no_volume,0,0,0,0,0,0,19667,4508,-0.6271,-3230,-4204,27,15,41,40,1
1774109778,40,59,0,0,0,0,no_volume,0,0,0,0,no_volume,0,0,0,0,no_volume,0,0,0,0,0,0,19667,3310,-0.7119,-3429,-4204,27,17,41,40,1
1774109779,40,59,0,0,0,0,no_volume,0,0,0,0,no_volume,0,0,0,0,no_volume,0,0,0,0,0,0,19667,4598,-0.621,-2007,-4395,27,17,41,40,1
1774109780,40,59,0,0,0,0,no_volume,0,0,0,0,no_volume,0,0,0,0,no_volume,0,0,0,0,0,0,22898,10214,-0.3831,3231,-1164,28,17,41,40,1
1774109781,40,59,0,0,0,0,no_volume,0,0,0,0,no_volume,0,0,0,0,no_volume,0,0,0,0,0,0,23109,12238,-0.3076,3442,212,29,17,41,40,1
1774109782,40,59,0,0,0,0,no_volume,0,0,0,0,no_volume,0,0,0,0,no_volume,0,0,0,0,0,0,23288,14394,-0.236,3621,391,29,18,41,40,1
1774109783,40,59,0,0,0,0,no_volume,0,0,0,0,no_volume,0,0,0,0,no_volume,0,0,0,0,0,0,23077,14394,-0.2317,179,180,28,18,41,40,1
1774109784,40,59,0,0,0,0,no_volume,0,0,0,0,no_volume,0,0,0,0,no_volume,0,0,0,0,0,0,23077,14394,-0.2317,-32,180,28,18,41,40,1
1774109785,40,59,0,0,0,0,no_volume,0,0,0,0,no_volume,0,0,0,0,no_volume,0,0,0,0,0,0,21269,15682,-0.1512,-2019,-1827,28,18,41,40,1
1774109786,40,59,0,0,0,0,no_volume,0,0,0,0,no_volume,0,0,0,0,no_volume,0,0,0,0,0,0,21269,15368,-0.1611,-1808,-405,28,17,41,40,1
1774109787,40,59,0,0,0,0,no_volume,0,0,0,0,no_volume,0,0,0,0,no_volume,0,0,0,0,0,0,21090,15233,-0.1612,-1987,1423,28,17,41,40,1
1774109788,40,59,0,0,0,0,no_volume,0,0,0,0,no_volume,0,0,0,0,no_volume,0,0,0,0,0,0,21090,16341,-0.1269,-179,1423,28,17,41,40,1
1774109789,40,59,0,0,0,0,no_volume,0,0,0,0,no_volume,0,0,0,0,no_volume,0,0,0,0,0,0,21090,15053,-0.167,-179,1423,28,17,41,40,1
1774109790,40,59,0,0,0,0,no_volume,0,0,0,0,no_volume,0,0,0,0,no_volume,0,0,0,0,0,0,21090,15367,-0.157,0,-1808,28,17,41,40,1
1774109791,40,59,0,0,0,0,no_volume,0,0,0,0,no_volume,0,0,0,0,no_volume,0,0,0,0,0,0,21090,15367,-0.157,0,-2019,28,17,41,40,1
1774109792,40,59,0,0,0,0,no_volume,0,0,0,0,no_volume,0,0,0,0,no_volume,0,0,0,0,0,0,21090,15367,-0.157,0,-2198,28,17,41,40,1
1774109793,40,59,0,0,0,0,no_volume,0,0,0,0,no_volume,0,0,0,0,no_volume,0,0,0,0,0,0,21090,15367,-0.157,0,-1987,28,17,41,40,1
1774109794,40,59,0,0,0,0,no_volume,0,0,0,0,no_volume,0,0,0,0,no_volume,0,0,0,0,0,0,21090,15367,-0.157,0,-1987,28,17,41,40,1
1774109795,40,59,0,0,0,0,no_volume,0,0,0,0,no_volume,0,0,0,0,no_volume,0,0,0,0,0,0,21090,15367,-0.157,0,-179,28,17,41,40,1
1774109796,40,59,0,0,0,0,no_volume,0,0,0,0,no_volume,0,0,0,0,no_volume,0,0,0,0,0,0,21090,14528,-0.1842,0,-179,28,17,41,40,1
1774109797,40,59,0,0,0,0,no_volume,0,0,0,0,no_volume,0,0,0,0,no_volume,0,0,0,0,0,0,21090,14394,-0.1887,0,0,28,17,41,40,1
1774109798,40,59,0,0,0,0,no_volume,0,0,0,0,no_volume,0,0,0,0,no_volume,0,0,0,0,0,0,21090,12971,-0.2384,0,0,28,17,41,40,1
1774109799,40,59,0,0,0,0,no_volume,0,0,0,0,no_volume,0,0,0,0,no_volume,0,0,0,0,0,0,21090,14259,-0.1932,0,0,28,17,41,40,1
1774109800,40,59,0,0,0,0,no_volume,0,0,0,0,no_volume,0,0,0,0,no_volume,0,0,0,0,0,0,21090,15233,-0.1612,0,0,28,17,41,40,1
1774109801,40,59,0,0,0,0,no_volume,0,0,0,0,no_volume,0,0,0,0,no_volume,0,0,0,0,0,0,21090,15233,-0.1612,0,0,28,17,41,40,1
1774109802,40,59,0,0,0,0,no_volume,0,0,0,0,no_volume,0,0,0,0,no_volume,0,0,0,0,0,0,21090,15233,-0.1612,0,0,28,17,41,40,1
1774109803,40,59,0,0,0,0,no_volume,0,0,0,0,no_volume,0,0,0,0,no_volume,0,0,0,0,0,0,21269,14259,-0.1973,179,179,28,17,41,40,1
1774109804,40,59,0,0,0,0,no_volume,0,0,0,0,no_volume,0,0,0,0,no_volume,0,0,0,0,0,0,21269,14080,-0.2034,179,179,28,17,41,40,1
1774109805,40,59,0,0,0,0,no_volume,0,0,0,0,no_volume,0,0,0,0,no_volume,0,0,0,0,0,0,21269,15682,-0.1512,179,179,28,17,41,40,1
1774109806,40,59,0,0,0,0,no_volume,0,0,0,0,no_volume,0,0,0,0,no_volume,0,0,0,0,0,0,21269,15682,-0.1512,0,179,28,17,41,40,1
1774109807,40,59,0,0,0,0,no_volume,0,0,0,0,no_volume,0,0,0,0,no_volume,0,0,0,0,0,0,21269,17368,-0.101,0,179,28,17,41,40,1
1774109808,40,59,0,0,0,0,no_volume,0,0,0,0,no_volume,0,0,0,0,no_volume,0,0,0,0,0,0,21269,17368,-0.101,0,179,28,17,41,40,1
1774109809,40,59,0,0,0,0,no_volume,0,0,0,0,no_volume,0,0,0,0,no_volume,0,0,0,0,0,0,21090,18342,-0.0697,-179,0,28,17,41,40,1
1774109810,40,59,0,0,0,0,no_volume,0,0,0,0,no_volume,0,0,0,0,no_volume,0,0,0,0,0,0,21090,16080,-0.1348,-179,0,28,17,41,40,1
1774109811,40,59,0,0,0,0,no_volume,0,0,0,0,no_volume,0,0,0,0,no_volume,0,0,0,0,0,0,21090,17054,-0.1058,-179,0,28,17,41,40,1
1774109812,40,59,0,0,0,0,no_volume,0,0,0,0,no_volume,0,0,0,0,no_volume,0,0,0,0,0,0,21090,17054,-0.1058,0,0,28,17,41,40,1
1774109813,40,59,0,0,0,0,no_volume,0,0,0,0,no_volume,0,0,0,0,no_volume,0,0,0,0,0,0,23385,17054,-0.1566,2295,2116,28,17,41,40,1
1774109814,40,59,0,0,0,0,no_volume,0,0,0,0,no_volume,0,0,0,0,no_volume,0,0,0,0,0,0,23385,18028,-0.1294,2295,2116,28,17,41,40,1
1774109815,40,59,0,0,0,0,no_volume,0,0,0,0,no_volume,0,0,0,0,no_volume,0,0,0,0,0,0,23385,18028,-0.1294,2295,2116,28,17,41,40,1
1774109816,40,59,0,0,0,0,no_volume,0,0,0,0,no_volume,0,0,0,0,no_volume,0,0,0,0,0,0,23385,15766,-0.1946,0,2116,28,17,41,40,1
1774109817,40,59,0,0,0,0,no_volume,0,0,0,0,no_volume,0,0,0,0,no_volume,0,0,0,0,0,0,23385,18028,-0.1294,0,2116,28,17,41,40,1
1774109818,40,59,0,0,0,0,no_volume,0,0,0,0,no_volume,0,0,0,0,no_volume,0,0,0,0,0,0,23250,15550,-0.1985,-135,1981,28,17,41,40,1
1774109819,40,59,0,0,0,0,no_volume,0,0,0,0,no_volume,0,0,0,0,no_volume,0,0,0,0,0,0,23250,15550,-0.1985,-135,2160,28,17,41,40,1
1774109820,40,59,0,0,0,0,no_volume,0,0,0,0,no_volume,0,0,0,0,no_volume,0,0,0,0,0,0,23250,15550,-0.1985,-135,2160,28,17,41,40,1
1774109821,40,59,0,0,0,0,no_volume,0,0,0,0,no_volume,0,0,0,0,no_volume,0,0,0,0,0,0,23250,15550,-0.1985,0,2160,28,17,41,40,1
1774109822,40,58,0,0,0,0,no_volume,0,0,0,0,no_volume,0,0,0,0,no_volume,0,0,0,0,0,0,19089,14591,-0.1336,-4161,-2001,27,16,42,40,2
1774109823,40,58,0,0,0,0,no_volume,0,0,0,0,no_volume,0,0,0,0,no_volume,0,0,0,0,0,0,19089,14591,-0.1336,-4161,-4296,27,16,42,40,2
1774109824,40,58,0,0,0,0,no_volume,0,0,0,0,no_volume,0,0,0,0,no_volume,0,0,0,0,0,0,19089,13617,-0.1673,-4161,-4296,27,16,42,40,2
1774109825,40,58,0,0,0,0,no_volume,0,0,0,0,no_volume,0,0,0,0,no_volume,0,0,0,0,0,0,19089,13617,-0.1673,0,-4296,27,16,42,40,2
1774109826,40,58,0,0,0,0,no_volume,0,0,0,0,no_volume,0,0,0,0,no_volume,0,0,0,0,0,0,19089,13303,-0.1786,0,-4296,27,16,42,40,2
1774109827,40,58,0,0,0,0,no_volume,0,0,0,0,no_volume,0,0,0,0,no_volume,0,0,0,0,0,0,19089,14591,-0.1336,0,-4296,27,16,42,40,2
1774109828,40,58,0,0,0,0,no_volume,0,0,0,0,no_volume,0,0,0,0,no_volume,0,0,0,0,0,0,19089,14591,-0.1336,0,-4161,27,16,42,40,2
1774109829,40,58,0,0,0,0,no_volume,0,0,0,0,no_volume,0,0,0,0,no_volume,0,0,0,0,0,0,19089,14591,-0.1336,0,-4161,27,16,42,40,2
1774109830,40,58,0,0,0,0,no_volume,0,0,0,0,no_volume,0,0,0,0,no_volume,0,0,0,0,0,0,19089,14591,-0.1336,0,-4161,27,16,42,40,2
1774109831,40,58,0,0,0,0,no_volume,0,0,0,0,no_volume,0,0,0,0,no_volume,0,0,0,0,0,0,19089,13617,-0.1673,0,-4161,27,16,42,40,2
1774109832,40,58,0,0,0,0,no_volume,0,0,0,0,no_volume,0,0,0,0,no_volume,0,0,0,0,0,0,19089,13617,-0.1673,0,0,27,16,42,40,2
1774109833,40,58,0,0,0,0,no_volume,0,0,0,0,no_volume,0,0,0,0,no_volume,0,0,0,0,0,0,19089,13617,-0.1673,0,0,27,16,42,40,2
1774109834,40,58,0,0,0,0,no_volume,0,0,0,0,no_volume,0,0,0,0,no_volume,0,0,0,0,0,0,19089,13303,-0.1786,0,0,27,16,42,40,2
1774109835,40,58,0,0,0,0,no_volume,0,0,0,0,no_volume,0,0,0,0,no_volume,0,0,0,0,0,0,19089,14905,-0.1231,0,0,27,16,42,40,2
1774109836,40,58,0,0,0,0,no_volume,0,0,0,0,no_volume,0,0,0,0,no_volume,0,0,0,0,0,0,19089,14905,-0.1231,0,0,27,16,42,40,2
1774109837,40,58,0,0,0,0,no_volume,0,0,0,0,no_volume,0,0,0,0,no_volume,0,0,0,0,0,0,19089,14905,-0.1231,0,0,27,16,42,40,2
1774109838,40,58,0,0,0,0,no_volume,0,0,0,0,no_volume,0,0,0,0,no_volume,0,0,0,0,0,0,19089,14905,-0.1231,0,0,27,16,42,40,2
1774109839,40,58,0,0,0,0,no_volume,0,0,0,0,no_volume,0,0,0,0,no_volume,0,0,0,0,0,0,19089,14905,-0.1231,0,0,27,16,42,40,2
1774109840,40,58,0,0,0,0,no_volume,0,0,0,0,no_volume,0,0,0,0,no_volume,0,0,0,0,0,0,19089,14905,-0.1231,0,0,27,16,42,40,2
1774109841,40,58,0,0,0,0,no_volume,0,0,0,0,no_volume,0,0,0,0,no_volume,0,0,0,0,0,0,19089,14905,-0.1231,0,0,27,16,42,40,2
1774109842,40,58,0,0,0,0,no_volume,0,0,0,0,no_volume,0,0,0,0,no_volume,0,0,0,0,0,0,19089,14905,-0.1231,0,0,27,16,42,40,2
1774109843,40,58,0,0,0,0,no_volume,0,0,0,0,no_volume,0,0,0,0,no_volume,0,0,0,0,0,0,19089,14905,-0.1231,0,0,27,16,42,40,2
1774109844,40,58,0,0,0,0,no_volume,0,0,0,0,no_volume,0,0,0,0,no_volume,0,0,0,0,0,0,19089,14905,-0.1231,0,0,27,16,42,40,2
1774109845,40,58,0,0,0,0,no_volume,0,0,0,0,no_volume,0,0,0,0,no_volume,0,0,0,0,0,0,19089,14905,-0.1231,0,0,27,16,42,40,2
1774109846,40,58,0,0,0,0,no_volume,0,0,0,0,no_volume,0,0,0,0,no_volume,0,0,0,0,0,0,19089,14905,-0.1231,0,0,27,16,42,40,2
1774109847,40,58,0,0,0,0,no_volume,0,0,0,0,no_volume,0,0,0,0,no_volume,0,0,0,0,0,0,19089,14905,-0.1231,0,0,27,16,42,40,2
1774109848,40,58,0,0,0,0,no_volume,0,0,0,0,no_volume,0,0,0,0,no_volume,0,0,0,0,0,0,19089,14905,-0.1231,0,0,27,16,42,40,2
1774109849,40,58,0,0,0,0,no_volume,0,0,0,0,no_volume,0,0,0,0,no_volume,0,0,0,0,0,0,19089,14905,-0.1231,0,0,27,16,42,40,2
1774109850,40,58,0,0,0,0,no_volume,0,0,0,0,no_volume,0,0,0,0,no_volume,0,0,0,0,0,0,19089,14905,-0.1231,0,0,27,16,42,40,2
1774109851,40,58,0,0,0,0,no_volume,0,0,0,0,no_volume,0,0,0,0,no_volume,0,0,0,0,0,0,19089,14905,-0.1231,0,0,27,16,42,40,2
1774109852,40,58,0,0,0,0,no_volume,0,0,0,0,no_volume,0,0,0,0,no_volume,0,0,0,0,0,0,19089,14905,-0.1231,0,0,27,16,42,40,2
1774109853,40,58,0,0,0,0,no_volume,0,0,0,0,no_volume,0,0,0,0,no_volume,0,0,0,0,0,0,19089,14905,-0.1231,0,0,27,16,42,40,2
1774109854,40,58,0,0,0,0,no_volume,0,0,0,0,no_volume,0,0,0,0,no_volume,0,0,0,0,0,0,19089,14905,-0.1231,0,0,27,16,42,40,2
1774109855,40,58,0,0,0,0,no_volume,0,0,0,0,no_volume,0,0,0,0,no_volume,0,0,0,0,0,0,19089,14905,-0.1231,0,0,27,16,42,40,2
1774109856,40,58,0,0,0,0,no_volume,0,0,0,0,no_volume,0,0,0,0,no_volume,0,0,0,0,0,0,19089,14905,-0.1231,0,0,27,16,42,40,2
1774109857,40,58,0,0,0,0,no_volume,0,0,0,0,no_volume,0,0,0,0,no_volume,0,0,0,0,0,0,19089,14905,-0.1231,0,0,27,16,42,40,2
1774109858,40,58,0,0,0,0,no_volume,0,0,0,0,no_volume,0,0,0,0,no_volume,0,0,0,0,0,0,19089,14905,-0.1231,0,0,27,16,42,40,2
1774109859,40,58,0,0,0,0,no_volume,0,0,0,0,no_volume,0,0,0,0,no_volume,0,0,0,0,0,0,19089,14905,-0.1231,0,0,27,16,42,40,2
1774109860,40,58,0,0,0,0,no_volume,0,0,0,0,no_volume,0,0,0,0,no_volume,0,0,0,0,0,0,19089,14905,-0.1231,0,0,27,16,42,40,2
1774109861,40,58,0,0,0,0,no_volume,0,0,0,0,no_volume,0,0,0,0,no_volume,0,0,0,0,0,0,19089,14905,-0.1231,0,0,27,16,42,40,2
1774109862,40,58,0,0,0,0,no_volume,0,0,0,0,no_volume,0,0,0,0,no_volume,0,0,0,0,0,0,19089,14905,-0.1231,0,0,27,16,42,40,2
1774109863,40,58,0,0,0,0,no_volume,0,0,0,0,no_volume,0,0,0,0,no_volume,0,0,0,0,0,0,19089,14905,-0.1231,0,0,27,16,42,40,2
1774109864,40,59,0,0,0,0,no_volume,0,0,0,0,no_volume,0,0,0,0,no_volume,0,0,0,0,0,0,19114,13617,-0.1679,25,25,28,16,41,40,1
1774109865,40,59,0,0,0,0,no_volume,0,0,0,0,no_volume,0,0,0,0,no_volume,0,0,0,0,0,0,19114,13617,-0.1679,25,25,28,16,41,40,1
1774109866,40,59,0,0,0,0,no_volume,0,0,0,0,no_volume,0,0,0,0,no_volume,0,0,0,0,0,0,19114,13617,-0.1679,25,25,28,16,41,40,1
1774109867,40,59,0,0,0,0,no_volume,0,0,0,0,no_volume,0,0,0,0,no_volume,0,0,0,0,0,0,19114,13303,-0.1793,0,25,28,16,41,40,1
1774109868,40,59,0,0,0,0,no_volume,0,0,0,0,no_volume,0,0,0,0,no_volume,0,0,0,0,0,0,19114,14591,-0.1342,0,25,28,16,41,40,1
1774109869,40,59,0,0,0,0,no_volume,0,0,0,0,no_volume,0,0,0,0,no_volume,0,0,0,0,0,0,23556,14591,-0.235,4442,4467,28,16,41,40,1
1774109870,40,59,0,0,0,0,no_volume,0,0,0,0,no_volume,0,0,0,0,no_volume,0,0,0,0,0,0,17826,4543,-0.5938,-1288,-1263,27,15,41,40,1
1774109871,40,59,0,0,0,0,no_volume,0,0,0,0,no_volume,0,0,0,0,no_volume,0,0,0,0,0,0,17826,4523,-0.5952,-1288,-1263,27,14,41,40,1
1774109872,40,59,0,0,0,0,no_volume,0,0,0,0,no_volume,0,0,0,0,no_volume,0,0,0,0,0,0,17826,4533,-0.5945,-5730,-1263,27,14,41,40,1
1774109873,40,59,0,0,0,0,no_volume,0,0,0,0,no_volume,0,0,0,0,no_volume,0,0,0,0,0,0,17826,3245,-0.692,0,-1263,27,14,41,40,1
1774109874,40,59,0,0,0,0,no_volume,0,0,0,0,no_volume,0,0,0,0,no_volume,0,0,0,0,0,0,17826,4533,-0.5945,0,-1288,27,14,41,40,1
1774109875,40,59,0,0,0,0,no_volume,0,0,0,0,no_volume,0,0,0,0,no_volume,0,0,0,0,0,0,17826,4533,-0.5945,0,-1288,27,14,41,40,1
1774109876,40,59,0,0,0,0,no_volume,0,0,0,0,no_volume,0,0,0,0,no_volume,0,0,0,0,0,0,17826,4533,-0.5945,0,-1288,27,14,41,40,1
1774109877,40,59,0,0,0,0,no_volume,0,0,0,0,no_volume,0,0,0,0,no_volume,0,0,0,0,0,0,17826,4533,-0.5945,0,-1288,27,14,41,40,1
1774109878,40,59,0,0,0,0,no_volume,0,0,0,0,no_volume,0,0,0,0,no_volume,0,0,0,0,0,0,17826,4633,-0.5874,0,-1288,27,15,41,40,1
1774109879,40,59,0,0,0,0,no_volume,0,0,0,0,no_volume,0,0,0,0,no_volume,0,0,0,0,0,0,17826,4533,-0.5945,0,-5730,27,14,41,40,1
1774109880,40,59,0,0,0,0,no_volume,0,0,0,0,no_volume,0,0,0,0,no_volume,0,0,0,0,0,0,17826,4533,-0.5945,0,0,27,14,41,40,1
1774109881,40,59,0,0,0,0,no_volume,0,0,0,0,no_volume,0,0,0,0,no_volume,0,0,0,0,0,0,17826,4533,-0.5945,0,0,27,15,41,40,1
1774109882,40,59,0,0,0,0,no_volume,0,0,0,0,no_volume,0,0,0,0,no_volume,0,0,0,0,0,0,17826,4883,-0.57,0,0,27,17,41,40,1
1774109883,40,59,0,0,0,0,no_volume,0,0,0,0,no_volume,0,0,0,0,no_volume,0,0,0,0,0,0,17826,4533,-0.5945,0,0,27,15,41,40,1
1774109884,40,59,0,0,0,0,no_volume,0,0,0,0,no_volume,0,0,0,0,no_volume,0,0,0,0,0,0,17826,4533,-0.5945,0,0,27,15,41,40,1
1774109885,40,59,0,0,0,0,no_volume,0,0,0,0,no_volume,0,0,0,0,no_volume,0,0,0,0,0,0,17826,4533,-0.5945,0,0,27,15,41,40,1
1774109886,40,59,0,0,0,0,no_volume,0,0,0,0,no_volume,0,0,0,0,no_volume,0,0,0,0,0,0,17826,4533,-0.5945,0,0,27,15,41,40,1
1774109887,40,59,0,0,0,0,no_volume,0,0,0,0,no_volume,0,0,0,0,no_volume,0,0,0,0,0,0,17826,4593,-0.5903,0,0,27,15,41,40,1
1774109888,40,59,0,0,0,0,no_volume,0,0,0,0,no_volume,0,0,0,0,no_volume,0,0,0,0,0,0,17826,4493,-0.5974,0,0,27,14,41,40,1
1774109889,40,59,0,0,0,0,no_volume,0,0,0,0,no_volume,0,0,0,0,no_volume,0,0,0,0,0,0,17826,4593,-0.5903,0,0,27,15,41,40,1
1774109890,40,59,0,0,0,0,no_volume,0,0,0,0,no_volume,0,0,0,0,no_volume,0,0,0,0,0,0,20187,4593,-0.6293,2361,2361,27,15,41,40,1
1774109891,40,59,0,0,0,0,no_volume,0,0,0,0,no_volume,0,0,0,0,no_volume,0,0,0,0,0,0,20187,4843,-0.613,2361,2361,27,15,41,40,1
1774109892,40,59,0,0,0,0,no_volume,0,0,0,0,no_volume,0,0,0,0,no_volume,0,0,0,0,0,0,20187,4593,-0.6293,2361,2361,27,15,41,40,1
1774109893,40,59,0,0,0,0,no_volume,0,0,0,0,no_volume,0,0,0,0,no_volume,0,0,0,0,0,0,20187,4493,-0.6359,0,2361,27,14,41,40,1
1774109894,40,59,0,0,0,0,no_volume,0,0,0,0,no_volume,0,0,0,0,no_volume,0,0,0,0,0,0,20187,4593,-0.6293,0,2361,27,15,41,40,1
1774109895,40,59,0,0,0,0,no_volume,0,0,0,0,no_volume,0,0,0,0,no_volume,0,0,0,0,0,0,20187,4593,-0.6293,0,2361,27,15,41,40,1
1774109896,40,59,0,0,0,0,no_volume,0,0,0,0,no_volume,0,0,0,0,no_volume,0,0,0,0,0,0,20187,4493,-0.6359,0,2361,27,14,41,40,1
1774109897,40,59,0,0,0,0,no_volume,0,0,0,0,no_volume,0,0,0,0,no_volume,0,0,0,0,0,0,20187,4843,-0.613,0,2361,27,15,41,40,1
1774109898,40,59,0,0,0,0,no_volume,0,0,0,0,no_volume,0,0,0,0,no_volume,0,0,0,0,0,0,20187,4493,-0.6359,0,2361,27,14,41,40,1
1774109899,40,59,0,0,0,0,no_volume,0,0,0,0,no_volume,0,0,0,0,no_volume,0,0,0,0,0,0,20187,4493,-0.6359,0,2361,27,14,41,40,1
1774109900,40,59,0,0,0,0,no_volume,0,0,0,0,no_volume,0,0,0,0,no_volume,0,0,0,0,0,0,20187,4493,-0.6359,0,0,27,14,41,40,1
1774109901,40,59,0,0,0,0,no_volume,0,0,0,0,no_volume,0,0,0,0,no_volume,0,0,0,0,0,0,20187,4493,-0.6359,0,0,27,14,41,40,1
1774109902,40,59,0,0,0,0,no_volume,0,0,0,0,no_volume,0,0,0,0,no_volume,0,0,0,0,0,0,20187,4493,-0.6359,0,0,27,14,41,40,1
1774109903,40,59,0,0,0,0,no_volume,0,0,0,0,no_volume,0,0,0,0,no_volume,0,0,0,0,0,0,20187,4493,-0.6359,0,0,27,14,41,40,1
1774109904,40,59,0,0,0,0,no_volume,0,0,0,0,no_volume,0,0,0,0,no_volume,0,0,0,0,0,0,17892,4593,-0.5915,-2295,-2295,27,15,41,40,1
1774109905,40,59,0,0,0,0,no_volume,0,0,0,0,no_volume,0,0,0,0,no_volume,0,0,0,0,0,0,17892,4593,-0.5915,-2295,-2295,27,15,41,40,1
1774109906,40,59,0,0,0,0,no_volume,0,0,0,0,no_volume,0,0,0,0,no_volume,0,0,0,0,0,0,17892,4493,-0.5986,-2295,-2295,27,14,41,40,1
1774109907,40,59,0,0,0,0,no_volume,0,0,0,0,no_volume,0,0,0,0,no_volume,0,0,0,0,0,0,17892,4493,-0.5986,0,-2295,27,14,41,40,1
1774109908,40,59,0,0,0,0,no_volume,0,0,0,0,no_volume,0,0,0,0,no_volume,0,0,0,0,0,0,17892,4493,-0.5986,0,-2295,27,14,41,40,1
1774109909,40,59,0,0,0,0,no_volume,0,0,0,0,no_volume,0,0,0,0,no_volume,0,0,0,0,0,0,20248,4493,-0.6368,2356,61,27,14,41,40,1
1774109910,40,59,0,0,0,0,no_volume,0,0,0,0,no_volume,0,0,0,0,no_volume,0,0,0,0,0,0,20248,4493,-0.6368,2356,61,27,14,41,40,1
1774109911,40,59,0,0,0,0,no_volume,0,0,0,0,no_volume,0,0,0,0,no_volume,0,0,0,0,0,0,20248,4593,-0.6302,2356,61,27,15,41,40,1
1774109912,40,59,0,0,0,0,no_volume,0,0,0,0,no_volume,0,0,0,0,no_volume,0,0,0,0,0,0,20248,4493,-0.6368,0,61,27,14,41,40,1
1774109913,40,59,0,0,0,0,no_volume,0,0,0,0,no_volume,0,0,0,0,no_volume,0,0,0,0,0,0,20248,4593,-0.6302,0,61,27,15,41,40,1
1774109914,40,59,0,0,0,0,no_volume,0,0,0,0,no_volume,0,0,0,0,no_volume,0,0,0,0,0,0,20248,4593,-0.6302,0,2356,27,15,41,40,1
1774109915,40,59,0,0,0,0,no_volume,0,0,0,0,no_volume,0,0,0,0,no_volume,0,0,0,0,0,0,20248,4493,-0.6368,0,2356,27,14,41,40,1
1774109916,40,59,0,0,0,0,no_volume,0,0,0,0,no_volume,0,0,0,0,no_volume,0,0,0,0,0,0,20248,4593,-0.6302,0,2356,27,15,41,40,1
1774109917,40,59,0,0,0,0,no_volume,0,0,0,0,no_volume,0,0,0,0,no_volume,0,0,0,0,0,0,20248,4493,-0.6368,0,2356,27,14,41,40,1
1774109918,40,59,0,0,0,0,no_volume,0,0,0,0,no_volume,0,0,0,0,no_volume,0,0,0,0,0,0,21776,6880,-0.5198,1528,3884,28,16,41,40,1
1774109919,40,59,0,0,0,0,no_volume,0,0,0,0,no_volume,0,0,0,0,no_volume,0,0,0,0,0,0,19420,7500,-0.4428,-828,-828,28,16,41,40,1
1774109920,40,59,0,0,0,0,no_volume,0,0,0,0,no_volume,0,0,0,0,no_volume,0,0,0,0,0,0,16314,7479,-0.3713,-3934,-3934,26,18,41,40,1
1774109921,40,59,0,0,0,0,no_volume,0,0,0,0,no_volume,0,0,0,0,no_volume,0,0,0,0,0,0,21924,7479,-0.4913,148,1676,26,18,41,40,1
1774109922,40,59,0,0,0,0,no_volume,0,0,0,0,no_volume,0,0,0,0,no_volume,0,0,0,0,0,0,21924,8767,-0.4287,2504,1676,26,18,41,40,1
1774109923,41,57,0,0,0,0,low_activity,0,0,0,0,low_activity,0,0,0,0,low_activity,0,0,0,0,0,0,22072,11964,-0.297,5758,1824,25,18,43,41,2
1774109924,41,57,0,0,0,0,low_activity,0,0,0,0,low_activity,0,0,0,0,low_activity,0,0,0,0,0,0,22072,11964,-0.297,148,1824,25,18,43,41,2
1774109925,41,57,0,0,0,0,low_activity,0,0,0,0,low_activity,0,0,0,0,low_activity,0,0,0,0,0,0,22072,13162,-0.2529,148,1824,25,17,43,41,2
1774109926,41,57,0,0,0,0,no_volume,0,0,0,0,low_activity,0,0,0,0,low_activity,0,0,0,0,0,0,22072,13162,-0.2529,0,1824,25,17,43,41,2
1774109927,41,57,0,0,0,0,no_volume,0,0,0,0,low_activity,0,0,0,0,low_activity,0,0,0,0,0,0,22072,10900,-0.3388,0,1824,25,17,43,41,2
1774109928,41,57,0,0,0,0,no_volume,0,0,0,0,no_volume,0,0,0,0,low_activity,0,0,0,0,0,0,22072,12188,-0.2885,0,296,25,17,43,41,2
1774109929,41,58,0,0,0,0,no_volume,0,0,0,0,no_volume,0,0,0,0,low_activity,0,0,0,0,0,0,18600,12848,-0.1829,-3472,-820,26,17,42,41,1
1774109930,41,58,0,0,0,0,no_volume,0,0,0,0,no_volume,0,0,0,0,low_activity,0,0,0,0,0,0,18600,11874,-0.2207,-3472,2286,26,17,42,41,1
1774109931,41,57,0,0,0,0,no_volume,0,0,0,0,no_volume,0,0,0,0,low_activity,0,0,0,0,0,0,17436,11874,-0.1898,-4636,-4488,25,17,43,41,2
1774109932,41,58,0,0,0,0,no_volume,0,0,0,0,no_volume,0,0,0,0,low_activity,0,0,0,0,0,0,24760,10586,-0.401,6160,2836,27,17,42,41,1
1774109933,41,58,0,0,0,0,no_volume,0,0,0,0,no_volume,0,0,0,0,low_activity,0,0,0,0,0,0,19150,10586,-0.288,550,-2922,26,17,42,41,1
1774109934,41,58,0,0,0,0,no_volume,0,0,0,0,no_volume,0,0,0,0,low_activity,0,0,0,0,0,0,24237,11874,-0.3424,6801,2165,26,17,42,41,1
1774109935,41,58,0,0,0,0,no_volume,0,0,0,0,no_volume,0,0,0,0,low_activity,0,0,0,0,0,0,19601,12848,-0.2081,-5159,-2471,26,17,42,41,1
1774109936,41,57,0,0,0,0,no_volume,0,0,0,0,no_volume,0,0,0,0,low_activity,0,0,0,0,0,0,22072,12848,-0.2641,2922,0,25,17,43,41,2
1774109937,41,57,0,0,0,0,no_volume,0,0,0,0,no_volume,0,0,0,0,low_activity,0,0,0,0,0,0,22072,12848,-0.2641,-2165,0,25,17,43,41,2
1774109938,41,57,0,0,0,0,no_volume,0,0,0,0,no_volume,0,0,0,0,low_activity,0,0,0,0,0,0,21890,10586,-0.3481,2289,-182,25,17,43,41,2
1774109939,41,57,0,0,0,0,no_volume,0,0,0,0,no_volume,0,0,0,0,low_activity,0,0,0,0,0,0,21583,10586,-0.3419,-489,2983,25,17,43,41,2
1774109940,41,57,0,0,0,0,no_volume,0,0,0,0,no_volume,0,0,0,0,low_activity,0,0,0,0,0,0,21583,12848,-0.2537,-489,2983,25,17,43,41,2
1774109941,41,57,0,0,0,0,no_volume,0,0,0,0,no_volume,0,0,0,0,low_activity,0,0,0,0,0,0,20753,12848,-0.2353,-1137,3317,25,17,43,41,2
1774109942,41,57,0,0,0,0,no_volume,0,0,0,0,no_volume,0,0,0,0,low_activity,0,0,0,0,0,0,20753,12848,-0.2353,-830,-4007,25,17,43,41,2
1774109943,41,57,0,0,0,0,no_volume,0,0,0,0,no_volume,0,0,0,0,low_activity,0,0,0,0,0,0,20753,12848,-0.2353,-830,1603,25,17,43,41,2
1774109944,41,57,0,0,0,0,no_volume,0,0,0,0,no_volume,0,0,0,0,low_activity,0,0,0,0,0,0,20765,11874,-0.2724,12,-3472,25,17,43,41,2
1774109945,41,57,0,0,0,0,no_volume,0,0,0,0,no_volume,0,0,0,0,low_activity,0,0,0,0,0,0,20765,10586,-0.3247,12,1164,25,17,43,41,2
1774109946,41,57,0,0,0,0,no_volume,0,0,0,0,no_volume,0,0,0,0,low_activity,0,0,0,0,0,0,20765,12848,-0.2355,12,-1307,25,17,43,41,2
1774109947,41,57,0,0,0,0,no_volume,0,0,0,0,no_volume,0,0,0,0,low_activity,0,0,0,0,0,0,20947,12848,-0.2397,182,-1125,25,17,43,41,2
1774109948,42,57,0,0,0,0,no_volume,0,0,0,0,no_volume,0,0,0,0,low_activity,0,0,0,0,0,0,18533,15106,-0.1019,-2232,-3357,25,16,43,42,1
1774109949,42,57,0,0,0,0,no_volume,0,0,0,0,no_volume,0,0,0,0,low_activity,0,0,0,0,0,0,18533,15346,-0.0941,-2232,-3050,25,16,43,42,1
1774109950,42,57,0,0,0,0,no_volume,0,0,0,0,no_volume,0,0,0,0,low_activity,0,0,0,0,0,0,18533,13892,-0.1431,-2414,-3050,25,16,43,42,1
1774109951,42,57,0,0,0,0,no_volume,0,0,0,0,no_volume,0,0,0,0,low_activity,0,0,0,0,0,0,18533,12604,-0.1904,0,-2220,25,16,43,42,1
1774109952,42,57,0,0,0,0,no_volume,0,0,0,0,no_volume,0,0,0,0,low_activity,0,0,0,0,0,0,18351,14891,-0.1041,-182,-2402,25,17,43,42,1
1774109953,42,57,0,0,0,0,no_volume,0,0,0,0,no_volume,0,0,0,0,no_volume,0,0,0,0,0,0,18351,14891,-0.1041,-182,-2402,25,17,43,42,1
1774109954,42,57,0,0,0,0,no_volume,0,0,0,0,no_volume,0,0,0,0,no_volume,0,0,0,0,0,0,18351,14891,-0.1041,-182,-2414,25,17,43,42,1
1774109955,42,57,0,0,0,0,no_volume,0,0,0,0,no_volume,0,0,0,0,no_volume,0,0,0,0,0,0,18111,14891,-0.0976,-240,-2654,25,17,43,42,1
1774109956,42,57,0,0,0,0,no_volume,0,0,0,0,no_volume,0,0,0,0,no_volume,0,0,0,0,0,0,18352,14891,-0.1041,1,-2413,25,17,43,42,1
1774109957,42,57,0,0,0,0,no_volume,0,0,0,0,no_volume,0,0,0,0,no_volume,0,0,0,0,0,0,18352,13184,-0.1639,1,-2595,25,17,43,42,1
1774109958,42,57,0,0,0,0,no_volume,0,0,0,0,no_volume,0,0,0,0,no_volume,0,0,0,0,0,0,18352,13184,-0.1639,241,-181,25,17,43,42,1
1774109959,42,57,0,0,0,0,no_volume,0,0,0,0,no_volume,0,0,0,0,no_volume,0,0,0,0,0,0,18352,13184,-0.1639,0,-181,25,17,43,42,1
1774109960,42,57,0,0,0,0,no_volume,0,0,0,0,no_volume,0,0,0,0,no_volume,0,0,0,0,0,0,18352,13184,-0.1639,0,-181,25,17,43,42,1
1774109961,40,57,0,0,0,0,no_volume,0,0,0,0,no_volume,0,0,0,0,no_volume,0,0,0,0,0,0,15431,4424,-0.5544,-2921,-3102,25,14,43,40,3
1774109962,40,57,0,0,0,0,no_volume,0,0,0,0,no_volume,0,0,0,0,no_volume,0,0,0,0,0,0,15431,4404,-0.5559,-2921,-2920,25,13,43,40,3
1774109963,40,57,0,0,0,0,no_volume,0,0,0,0,no_volume,0,0,0,0,no_volume,0,0,0,0,0,0,15431,4404,-0.5559,-2921,-2920,25,13,43,40,3
1774109964,40,57,0,0,0,0,no_volume,0,0,0,0,no_volume,0,0,0,0,no_volume,0,0,0,0,0,0,15431,4414,-0.5552,0,-2920,25,13,43,40,3
1774109965,40,57,0,0,0,0,no_volume,0,0,0,0,no_volume,0,0,0,0,no_volume,0,0,0,0,0,0,15431,4414,-0.5552,0,-2680,25,13,43,40,3
1774109966,40,57,0,0,0,0,no_volume,0,0,0,0,no_volume,0,0,0,0,no_volume,0,0,0,0,0,0,15431,4414,-0.5552,0,-2921,25,13,43,40,3
1774109967,40,57,0,0,0,0,no_volume,0,0,0,0,no_volume,0,0,0,0,no_volume,0,0,0,0,0,0,15431,4414,-0.5552,0,-2921,25,13,43,40,3
1774109968,40,57,0,0,0,0,no_volume,0,0,0,0,no_volume,0,0,0,0,no_volume,0,0,0,0,0,0,15431,4414,-0.5552,0,-2921,25,13,43,40,3
1774109969,40,57,0,0,0,0,no_volume,0,0,0,0,no_volume,0,0,0,0,no_volume,0,0,0,0,0,0,15431,4414,-0.5552,0,-2921,25,13,43,40,3
1774109970,40,57,0,0,0,0,no_volume,0,0,0,0,no_volume,0,0,0,0,no_volume,0,0,0,0,0,0,15431,4414,-0.5552,0,-2921,25,13,43,40,3
1774109971,40,57,0,0,0,0,no_volume,0,0,0,0,no_volume,0,0,0,0,no_volume,0,0,0,0,0,0,15419,4414,-0.5549,-12,-12,25,13,43,40,3
1774109972,40,57,0,0,0,0,no_volume,0,0,0,0,no_volume,0,0,0,0,no_volume,0,0,0,0,0,0,15419,4414,-0.5549,-12,-12,25,13,43,40,3
1774109973,40,57,0,0,0,0,no_volume,0,0,0,0,no_volume,0,0,0,0,no_volume,0,0,0,0,0,0,15419,4414,-0.5549,-12,-12,25,13,43,40,3
1774109974,40,57,0,0,0,0,no_volume,0,0,0,0,no_volume,0,0,0,0,no_volume,0,0,0,0,0,0,15419,4514,-0.5471,0,-12,25,15,43,40,3
1774109975,40,57,0,0,0,0,no_volume,0,0,0,0,no_volume,0,0,0,0,no_volume,0,0,0,0,0,0,15419,4414,-0.5549,0,-12,25,14,43,40,3
1774109976,40,57,0,0,0,0,no_volume,0,0,0,0,no_volume,0,0,0,0,no_volume,0,0,0,0,0,0,15419,4414,-0.5549,0,-12,25,13,43,40,3
1774109977,40,57,0,0,0,0,no_volume,0,0,0,0,no_volume,0,0,0,0,no_volume,0,0,0,0,0,0,15419,4414,-0.5549,0,-12,25,13,43,40,3
1774109978,40,57,0,0,0,0,no_volume,0,0,0,0,no_volume,0,0,0,0,no_volume,0,0,0,0,0,0,15419,4414,-0.5549,0,-12,25,13,43,40,3
1774109979,20,57,0,0,0,0,no_volume,0,0,0,0,no_volume,0,0,0,0,no_volume,0,0,0,0,0,0,14869,3669,-0.6042,-550,-562,23,13,43,20,23
1774109980,20,57,0,0,0,0,no_volume,0,0,0,0,no_volume,0,0,0,0,no_volume,0,0,0,0,0,0,14869,3677,-0.6035,-550,-562,23,15,43,20,23
1774109981,20,57,0,0,0,0,no_volume,0,0,0,0,no_volume,0,0,0,0,no_volume,0,0,0,0,0,0,14869,2139,-0.7485,-550,-550,23,13,43,20,23
1774109982,20,58,0,0,0,0,no_volume,0,0,0,0,no_volume,0,0,0,0,no_volume,0,0,0,0,0,0,14872,2039,-0.7589,3,-547,24,12,42,20,22
1774109983,20,58,0,0,0,0,no_volume,0,0,0,0,no_volume,0,0,0,0,no_volume,0,0,0,0,0,0,13050,3327,-0.5937,-1819,-2369,23,12,42,20,22
1774109984,21,58,0,0,0,0,no_volume,0,0,0,0,no_volume,0,0,0,0,no_volume,0,0,0,0,0,0,14872,3388,-0.6289,3,-547,23,13,42,21,21
1774109985,23,58,0,0,0,0,no_volume,0,0,0,0,no_volume,0,0,0,0,no_volume,0,0,0,0,0,0,14872,3682,-0.6031,0,-547,23,14,42,23,19
1774109986,24,58,0,0,0,0,no_volume,0,0,0,0,no_volume,0,0,0,0,no_volume,0,0,0,0,0,0,14872,3332,-0.6339,1822,-547,23,14,42,24,18
1774109987,24,58,0,0,0,0,no_volume,0,0,0,0,no_volume,0,0,0,0,no_volume,0,0,0,0,0,0,14872,3332,-0.6339,0,-547,23,14,42,24,18
1774109988,24,58,0,0,0,0,no_volume,0,0,0,0,no_volume,0,0,0,0,no_volume,0,0,0,0,0,0,14872,3332,-0.6339,0,-547,23,14,42,24,18
1774109989,21,58,0,0,0,0,no_volume,0,0,0,0,no_volume,0,0,0,0,no_volume,0,0,0,0,0,0,14872,3332,-0.6339,0,3,23,13,42,21,21
1774109990,21,58,0,0,0,0,no_volume,0,0,0,0,no_volume,0,0,0,0,no_volume,0,0,0,0,0,0,14872,3332,-0.6339,0,3,23,13,42,21,21
1774109991,21,58,0,0,0,0,no_volume,0,0,0,0,no_volume,0,0,0,0,no_volume,0,0,0,0,0,0,14872,3332,-0.6339,0,3,23,13,42,21,21
1774109992,21,58,0,0,0,0,no_volume,0,0,0,0,no_volume,0,0,0,0,no_volume,0,0,0,0,0,0,14872,3332,-0.6339,0,0,23,13,42,21,21
1774109993,21,58,0,0,0,0,no_volume,0,0,0,0,no_volume,0,0,0,0,no_volume,0,0,0,0,0,0,14872,3332,-0.6339,0,1822,23,13,42,21,21
1774109994,21,58,0,0,0,0,no_volume,0,0,0,0,no_volume,0,0,0,0,no_volume,0,0,0,0,0,0,14872,3332,-0.6339,0,0,23,13,42,21,21
1774109995,21,58,0,0,0,0,no_volume,0,0,0,0,no_volume,0,0,0,0,no_volume,0,0,0,0,0,0,14872,3332,-0.6339,0,0,23,13,42,21,21
1774109996,21,58,0,0,0,0,no_volume,0,0,0,0,no_volume,0,0,0,0,no_volume,0,0,0,0,0,0,14872,3332,-0.6339,0,0,23,13,42,21,21
1774109997,22,58,0,0,0,0,no_volume,0,0,0,0,no_volume,0,0,0,0,no_volume,0,0,0,0,0,0,14872,3682,-0.6031,0,0,23,15,42,22,20
1774109998,21,58,0,0,0,0,no_volume,0,0,0,0,no_volume,0,0,0,0,no_volume,0,0,0,0,0,0,14872,3432,-0.625,0,0,23,14,42,21,21
1774109999,25,58,0,0,0,0,no_volume,0,0,0,0,no_volume,0,0,0,0,no_volume,0,0,0,0,0,0,14872,3332,-0.6339,0,0,23,15,42,25,17
1774110000,24,58,0,0,0,0,no_volume,0,0,0,0,no_volume,0,0,0,0,no_volume,0,0,0,0,0,0,14872,3332,-0.6339,0,0,23,14,42,24,18
1774110001,24,58,0,0,0,0,no_volume,0,0,0,0,no_volume,0,0,0,0,no_volume,0,0,0,0,0,0,14872,3332,-0.6339,0,0,23,14,42,24,18
1774110002,24,58,0,0,0,0,no_volume,0,0,0,0,no_volume,0,0,0,0,no_volume,0,0,0,0,0,0,14872,3332,-0.6339,0,0,23,14,42,24,18
1774110003,24,58,0,0,0,0,no_volume,0,0,0,0,no_volume,0,0,0,0,no_volume,0,0,0,0,0,0,14872,3332,-0.6339,0,0,23,14,42,24,18
1774110004,24,58,0,0,0,0,no_volume,0,0,0,0,no_volume,0,0,0,0,no_volume,0,0,0,0,0,0,14872,3332,-0.6339,0,0,23,14,42,24,18
1774110005,24,58,0,0,0,0,no_volume,0,0,0,0,no_volume,0,0,0,0,no_volume,0,0,0,0,0,0,14872,3332,-0.6339,0,0,23,14,42,24,18
1774110006,24,58,0,0,0,0,no_volume,0,0,0,0,no_volume,0,0,0,0,no_volume,0,0,0,0,0,0,14872,3702,-0.6014,0,0,23,15,42,24,18
1774110007,25,58,0,0,0,0,no_volume,0,0,0,0,no_volume,0,0,0,0,no_volume,0,0,0,0,0,0,14872,3682,-0.6031,0,0,23,15,42,25,17
1774110008,26,58,0,0,0,0,no_volume,0,0,0,0,no_volume,0,0,0,0,no_volume,0,0,0,0,0,0,14872,3332,-0.6339,0,0,23,14,42,26,16
1774110009,26,58,0,0,0,0,no_volume,0,0,0,0,no_volume,0,0,0,0,no_volume,0,0,0,0,0,0,14872,3332,-0.6339,0,0,23,14,42,26,16
1774110010,26,58,0,0,0,0,no_volume,0,0,0,0,no_volume,0,0,0,0,no_volume,0,0,0,0,0,0,14872,3332,-0.6339,0,0,23,14,42,26,16
1774110011,26,58,0,0,0,0,no_volume,0,0,0,0,no_volume,0,0,0,0,no_volume,0,0,0,0,0,0,14872,3332,-0.6339,0,0,23,14,42,26,16
1774110012,26,58,0,0,0,0,no_volume,0,0,0,0,no_volume,0,0,0,0,no_volume,0,0,0,0,0,0,14872,3387,-0.629,0,0,23,13,42,26,16
1774110013,28,58,0,0,0,0,no_volume,0,0,0,0,no_volume,0,0,0,0,no_volume,0,0,0,0,0,0,14872,3681,-0.6032,0,0,23,15,42,28,14
1774110014,30,58,0,0,0,0,no_volume,0,0,0,0,no_volume,0,0,0,0,no_volume,0,0,0,0,0,0,14872,3681,-0.6032,0,0,23,15,42,30,12
1774110015,32,57,0,0,0,0,no_volume,0,0,0,0,no_volume,0,0,0,0,no_volume,0,0,0,0,0,0,14869,3681,-0.6031,-3,-3,22,15,43,32,11
1774110016,32,57,0,0,0,0,no_volume,0,0,0,0,no_volume,0,0,0,0,no_volume,0,0,0,0,0,0,14869,3681,-0.6031,-3,-3,22,15,43,32,11
1774110017,32,57,0,0,0,0,no_volume,0,0,0,0,no_volume,0,0,0,0,no_volume,0,0,0,0,0,0,14869,3376,-0.6299,-3,-3,22,15,43,32,11
1774110018,32,57,0,0,0,0,no_volume,0,0,0,0,no_volume,0,0,0,0,no_volume,0,0,0,0,0,0,15272,3727,-0.6077,403,400,23,16,43,32,11
1774110019,40,57,0,0,0,0,no_volume,0,0,0,0,no_volume,0,0,0,0,no_volume,0,0,0,0,0,0,16847,7434,-0.3877,1978,1975,23,18,43,40,3
1774110020,42,57,0,0,0,0,no_volume,0,0,0,0,no_volume,0,0,0,0,no_volume,0,0,0,0,0,0,16849,8865,-0.3105,1980,1977,23,18,43,42,1
1774110021,42,57,0,0,0,0,no_volume,0,0,0,0,no_volume,0,0,0,0,no_volume,0,0,0,0,0,0,16847,10558,-0.2295,1575,1975,23,19,43,42,1
1774110022,42,57,0,0,0,0,no_volume,0,0,0,0,no_volume,0,0,0,0,no_volume,0,0,0,0,0,0,16847,10558,-0.2295,0,1975,23,19,43,42,1
1774110023,42,57,0,0,0,0,no_volume,0,0,0,0,no_volume,0,0,0,0,no_volume,0,0,0,0,0,0,16847,10558,-0.2295,-2,1975,23,19,43,42,1
1774110024,42,57,0,0,0,0,no_volume,0,0,0,0,no_volume,0,0,0,0,no_volume,0,0,0,0,0,0,16847,10558,-0.2295,0,1975,23,20,43,42,1
1774110025,42,57,0,0,0,0,no_volume,0,0,0,0,no_volume,0,0,0,0,no_volume,0,0,0,0,0,0,16847,10271,-0.2425,0,1978,23,19,43,42,1
1774110026,42,56,0,0,0,0,no_volume,0,0,0,0,no_volume,0,0,0,0,no_volume,0,0,0,0,0,0,20713,10271,-0.337,3866,5844,22,19,44,42,2
1774110027,42,56,0,0,0,0,no_volume,0,0,0,0,no_volume,0,0,0,0,no_volume,0,0,0,0,0,0,20713,10559,-0.3247,3866,5844,22,19,44,42,2
1774110028,42,56,0,0,0,0,no_volume,0,0,0,0,no_volume,0,0,0,0,no_volume,0,0,0,0,0,0,20713,8983,-0.395,3866,5441,22,19,44,42,2
1774110029,42,56,0,0,0,0,no_volume,0,0,0,0,no_volume,0,0,0,0,no_volume,0,0,0,0,0,0,20713,10271,-0.337,0,3866,22,19,44,42,2
1774110030,42,56,0,0,0,0,no_volume,0,0,0,0,no_volume,0,0,0,0,no_volume,0,0,0,0,0,0,20713,10271,-0.337,0,3864,22,19,44,42,2
1774110031,42,56,0,0,0,0,no_volume,0,0,0,0,no_volume,0,0,0,0,no_volume,0,0,0,0,0,0,20898,10271,-0.3409,185,4051,22,19,44,42,2
1774110032,42,56,0,0,0,0,no_volume,0,0,0,0,no_volume,0,0,0,0,no_volume,0,0,0,0,0,0,20898,10271,-0.3409,185,4051,22,19,44,42,2
1774110033,42,56,0,0,0,0,no_volume,0,0,0,0,no_volume,0,0,0,0,no_volume,0,0,0,0,0,0,20898,10279,-0.3406,185,4051,22,19,44,42,2
1774110034,42,56,0,0,0,0,no_volume,0,0,0,0,no_volume,0,0,0,0,no_volume,0,0,0,0,0,0,20898,10279,-0.3406,0,4051,22,19,44,42,2
1774110035,42,56,0,0,0,0,no_volume,0,0,0,0,no_volume,0,0,0,0,no_volume,0,0,0,0,0,0,20898,10567,-0.3283,0,4051,22,19,44,42,2
1774110036,42,56,0,0,0,0,no_volume,0,0,0,0,no_volume,0,0,0,0,no_volume,0,0,0,0,0,0,20713,10567,-0.3244,-185,0,22,19,44,42,2
1774110037,42,56,0,0,0,0,no_volume,0,0,0,0,no_volume,0,0,0,0,no_volume,0,0,0,0,0,0,20713,10567,-0.3244,-185,0,22,19,44,42,2
1774110038,42,56,0,0,0,0,no_volume,0,0,0,0,no_volume,0,0,0,0,no_volume,0,0,0,0,0,0,20713,10567,-0.3244,-185,0,22,19,44,42,2
1774110039,43,56,0,0,0,0,no_volume,0,0,0,0,no_volume,0,0,0,0,no_volume,0,0,0,0,0,0,20713,12802,-0.236,0,0,22,20,44,43,1
1774110040,43,56,0,0,0,0,no_volume,0,0,0,0,no_volume,0,0,0,0,no_volume,0,0,0,0,0,0,20713,12802,-0.236,0,0,22,20,44,43,1
1774110041,42,56,0,0,0,0,no_volume,0,0,0,0,no_volume,0,0,0,0,no_volume,0,0,0,0,0,0,22001,10271,-0.3635,1288,1103,22,19,44,42,2
1774110042,42,56,0,0,0,0,no_volume,0,0,0,0,no_volume,0,0,0,0,no_volume,0,0,0,0,0,0,22001,10279,-0.3631,1288,1103,22,19,44,42,2
1774110043,42,56,0,0,0,0,no_volume,0,0,0,0,no_volume,0,0,0,0,no_volume,0,0,0,0,0,0,22001,10567,-0.3511,1288,1103,22,19,44,42,2
1774110044,42,56,0,0,0,0,no_volume,0,0,0,0,no_volume,0,0,0,0,no_volume,0,0,0,0,0,0,22001,10567,-0.3511,0,1103,22,19,44,42,2
1774110045,42,56,0,0,0,0,no_volume,0,0,0,0,no_volume,0,0,0,0,no_volume,0,0,0,0,0,0,22001,10279,-0.3631,0,1103,22,19,44,42,2
1774110046,42,56,0,0,0,0,no_volume,0,0,0,0,no_volume,0,0,0,0,no_volume,0,0,0,0,0,0,22001,10279,-0.3631,0,1288,22,19,44,42,2
1774110047,42,56,0,0,0,0,no_volume,0,0,0,0,no_volume,0,0,0,0,no_volume,0,0,0,0,0,0,22001,10279,-0.3631,0,1288,22,19,44,42,2
1774110048,42,56,0,0,0,0,low_activity,0,0,0,0,low_activity,0,0,0,0,low_activity,0,0,0,0,0,0,20604,10279,-0.3343,-1397,-109,22,19,44,42,2
1774110049,42,56,0,0,0,0,low_activity,0,0,0,0,low_activity,0,0,0,0,low_activity,0,0,0,0,0,0,20604,10279,-0.3343,-1397,-109,22,19,44,42,2
1774110050,42,56,0,0,0,0,low_activity,0,0,0,0,low_activity,0,0,0,0,low_activity,0,0,0,0,0,0,20583,10279,-0.3339,-1418,-130,22,19,44,42,2
1774110051,42,56,0,0,0,0,no_volume,0,0,0,0,low_activity,0,0,0,0,low_activity,0,0,0,0,0,0,15822,10580,-0.1985,-4782,-6179,22,19,44,42,2
1774110052,42,56,0,0,0,0,no_volume,0,0,0,0,low_activity,0,0,0,0,low_activity,0,0,0,0,0,0,16882,10580,-0.2295,-3722,-5119,22,19,44,42,2
1774110053,42,56,0,0,0,0,no_volume,0,0,0,0,no_volume,0,0,0,0,low_activity,0,0,0,0,0,0,16882,9292,-0.29,-3701,-5119,22,19,44,42,2
1774110054,42,56,0,0,0,0,no_volume,0,0,0,0,no_volume,0,0,0,0,low_activity,0,0,0,0,0,0,16882,10580,-0.2295,1060,-5119,22,19,44,42,2
1774110055,42,56,0,0,0,0,no_volume,0,0,0,0,no_volume,0,0,0,0,low_activity,0,0,0,0,0,0,16882,10580,-0.2295,0,-5119,22,19,44,42,2
1774110056,43,56,0,0,0,0,no_volume,0,0,0,0,no_volume,0,0,0,0,low_activity,0,0,0,0,0,0,19311,12879,-0.1998,2429,-2690,22,20,44,43,1
1774110057,43,56,0,0,0,0,no_volume,0,0,0,0,no_volume,0,0,0,0,low_activity,0,0,0,0,0,0,19311,12879,-0.1998,2429,-2690,22,20,44,43,1
1774110058,43,56,0,0,0,0,no_volume,0,0,0,0,no_volume,0,0,0,0,low_activity,0,0,0,0,0,0,19311,12879,-0.1998,2429,-1293,22,20,44,43,1
1774110059,43,56,0,0,0,0,no_volume,0,0,0,0,no_volume,0,0,0,0,low_activity,0,0,0,0,0,0,19311,12879,-0.1998,0,-1293,22,20,44,43,1
1774110060,42,56,0,0,0,0,no_volume,0,0,0,0,no_volume,0,0,0,0,low_activity,0,0,0,0,0,0,19311,10572,-0.2924,0,-1272,22,19,44,42,2
1774110061,42,56,0,0,0,0,no_volume,0,0,0,0,no_volume,0,0,0,0,low_activity,0,0,0,0,0,0,19496,10572,-0.2968,185,3674,22,19,44,42,2
1774110062,42,56,0,0,0,0,no_volume,0,0,0,0,no_volume,0,0,0,0,low_activity,0,0,0,0,0,0,19496,10572,-0.2968,185,2614,22,19,44,42,2
1774110063,42,56,0,0,0,0,no_volume,0,0,0,0,no_volume,0,0,0,0,low_activity,0,0,0,0,0,0,19496,10572,-0.2968,185,2614,22,19,44,42,2
1774110064,42,56,0,0,0,0,no_volume,0,0,0,0,no_volume,0,0,0,0,low_activity,0,0,0,0,0,0,19496,10572,-0.2968,0,2614,22,19,44,42,2
1774110065,42,56,0,0,0,0,no_volume,0,0,0,0,no_volume,0,0,0,0,low_activity,0,0,0,0,0,0,19496,10572,-0.2968,0,2614,22,19,44,42,2
1774110066,42,56,0,0,0,0,no_volume,0,0,0,0,no_volume,0,0,0,0,low_activity,0,0,0,0,0,0,19496,10572,-0.2968,0,185,22,19,44,42,2
1774110067,42,56,0,0,0,0,no_volume,0,0,0,0,no_volume,0,0,0,0,low_activity,0,0,0,0,0,0,19496,10572,-0.2968,0,185,22,19,44,42,2
1774110068,42,56,0,0,0,0,low_activity,0,0,0,0,low_activity,0,0,0,0,low_activity,0,0,0,0,0,0,19431,10572,-0.2953,-65,120,22,19,44,42,2
1774110069,42,56,0,0,0,0,low_activity,0,0,0,0,low_activity,0,0,0,0,low_activity,0,0,0,0,0,0,19431,10572,-0.2953,-65,120,22,19,44,42,2
1774110070,42,56,0,0,0,0,low_activity,0,0,0,0,low_activity,0,0,0,0,low_activity,0,0,0,0,0,0,19431,10572,-0.2953,-65,120,22,19,44,42,2
1774110071,42,56,0,0,0,0,low_activity,0,0,0,0,low_activity,0,0,0,0,low_activity,0,0,0,0,0,0,19236,10572,-0.2907,-195,-260,22,19,44,42,2
1774110072,43,56,0,0,0,0,low_activity,0,0,0,0,low_activity,0,0,0,0,low_activity,0,0,0,0,0,0,19236,12900,-0.1972,-195,-260,22,20,44,43,1
1774110073,43,56,0,0,0,0,low_activity,0,0,0,0,low_activity,0,0,0,0,low_activity,0,0,0,0,0,0,19236,12899,-0.1972,-195,-260,22,20,44,43,1
1774110074,43,56,0,0,0,0,no_volume,0,0,0,0,low_activity,0,0,0,0,low_activity,0,0,0,0,0,0,19236,12899,-0.1972,0,-260,22,20,44,43,1
1774110075,43,56,0,0,0,0,no_volume,0,0,0,0,low_activity,0,0,0,0,low_activity,0,0,0,0,0,0,19236,12899,-0.1972,0,-260,22,20,44,43,1
1774110076,43,56,0,0,0,0,no_volume,0,0,0,0,no_volume,0,0,0,0,low_activity,0,0,0,0,0,0,19421,12899,-0.2018,185,-75,22,20,44,43,1
1774110077,43,56,0,0,0,0,no_volume,0,0,0,0,no_volume,0,0,0,0,low_activity,0,0,0,0,0,0,19421,12612,-0.2126,185,-75,22,20,44,43,1
1774110078,43,56,0,0,0,0,low_activity,0,0,0,0,low_activity,0,0,0,0,low_activity,0,0,0,0,0,0,19345,12612,-0.2107,109,-86,22,20,44,43,1
1774110079,43,56,0,0,0,0,low_activity,0,0,0,0,low_activity,0,0,0,0,low_activity,0,0,0,0,0,0,19345,12612,-0.2107,-76,-86,22,20,44,43,1
1774110080,43,56,0,0,0,0,low_activity,0,0,0,0,low_activity,0,0,0,0,low_activity,0,0,0,0,0,0,23025,12612,-0.2922,3604,3594,22,20,44,43,1
1774110081,43,56,0,0,0,0,no_volume,0,0,0,0,low_activity,0,0,0,0,low_activity,0,0,0,0,0,0,22840,12612,-0.2885,3495,3604,22,20,44,43,1
1774110082,43,56,0,0,0,0,no_volume,0,0,0,0,low_activity,0,0,0,0,low_activity,0,0,0,0,0,0,22840,12899,-0.2782,3495,3604,22,20,44,43,1
1774110083,43,56,0,0,0,0,no_volume,0,0,0,0,no_volume,0,0,0,0,low_activity,0,0,0,0,0,0,22840,12899,-0.2782,-185,3604,22,20,44,43,1
1774110084,43,56,0,0,0,0,no_volume,0,0,0,0,no_volume,0,0,0,0,low_activity,0,0,0,0,0,0,22840,12612,-0.2885,0,3604,22,20,44,43,1
1774110085,43,56,0,0,0,0,no_volume,0,0,0,0,no_volume,0,0,0,0,low_activity,0,0,0,0,0,0,22840,12612,-0.2885,0,3604,22,20,44,43,1
1774110086,43,56,0,0,0,0,no_volume,0,0,0,0,no_volume,0,0,0,0,low_activity,0,0,0,0,0,0,22840,12612,-0.2885,0,3419,22,20,44,43,1
1774110087,43,56,0,0,0,0,no_volume,0,0,0,0,no_volume,0,0,0,0,low_activity,0,0,0,0,0,0,22840,12612,-0.2885,0,3419,22,20,44,43,1
1774110088,43,56,0,0,0,0,low_activity,0,0,0,0,low_activity,0,0,0,0,low_activity,0,0,0,0,0,0,22840,12272,-0.301,0,3495,22,20,44,43,1
1774110089,43,56,0,0,0,0,low_activity,0,0,0,0,low_activity,0,0,0,0,low_activity,0,0,0,0,0,0,22840,12272,-0.301,0,3495,22,20,44,43,1
1774110090,43,56,0,0,0,0,low_activity,0,0,0,0,low_activity,0,0,0,0,low_activity,0,0,0,0,0,0,22840,12559,-0.2904,0,-185,22,20,44,43,1
1774110091,43,56,0,0,0,0,no_volume,0,0,0,0,low_activity,0,0,0,0,low_activity,0,0,0,0,0,0,22840,12559,-0.2904,0,0,22,20,44,43,1
1774110092,43,56,0,0,0,0,no_volume,0,0,0,0,low_activity,0,0,0,0,low_activity,0,0,0,0,0,0,22840,12559,-0.2904,0,0,22,20,44,43,1
1774110093,43,56,0,0,0,0,low_activity,0,0,0,0,low_activity,0,0,0,0,low_activity,0,0,0,0,0,0,22840,12449,-0.2945,0,0,22,20,44,43,1
1774110094,43,56,0,0,0,0,low_activity,0,0,0,0,low_activity,0,0,0,0,low_activity,0,0,0,0,0,0,22840,12449,-0.2945,0,0,22,20,44,43,1
1774110095,43,56,0,0,0,0,low_activity,0,0,0,0,low_activity,0,0,0,0,low_activity,0,0,0,0,0,0,22840,12449,-0.2945,0,0,22,20,44,43,1
1774110096,43,56,0,0,0,0,no_volume,0,0,0,0,low_activity,0,0,0,0,low_activity,0,0,0,0,0,0,23025,12449,-0.2981,185,185,22,20,44,43,1
1774110097,43,56,0,0,0,0,no_volume,0,0,0,0,low_activity,0,0,0,0,low_activity,0,0,0,0,0,0,20664,12162,-0.259,-2176,-2176,22,20,44,43,1
1774110098,43,56,0,0,0,0,no_volume,0,0,0,0,no_volume,0,0,0,0,low_activity,0,0,0,0,0,0,20664,12450,-0.2481,-2176,-2176,22,20,44,43,1
1774110099,43,56,0,0,0,0,no_volume,0,0,0,0,no_volume,0,0,0,0,low_activity,0,0,0,0,0,0,20664,12450,-0.2481,-2361,-2176,22,20,44,43,1
1774110100,43,56,0,0,0,0,no_volume,0,0,0,0,no_volume,0,0,0,0,low_activity,0,0,0,0,0,0,20664,12450,-0.2481,0,-2176,22,20,44,43,1
1774110101,43,56,0,0,0,0,no_volume,0,0,0,0,no_volume,0,0,0,0,low_activity,0,0,0,0,0,0,20479,12450,-0.2438,-185,-2361,22,20,44,43,1
1774110102,43,56,0,0,0,0,no_volume,0,0,0,0,no_volume,0,0,0,0,low_activity,0,0,0,0,0,0,20479,12162,-0.2548,-185,-2361,22,20,44,43,1
1774110103,43,56,0,0,0,0,no_volume,0,0,0,0,no_volume,0,0,0,0,low_activity,0,0,0,0,0,0,20668,12162,-0.2591,4,-2172,22,20,44,43,1
1774110104,43,56,0,0,0,0,no_volume,0,0,0,0,no_volume,0,0,0,0,low_activity,0,0,0,0,0,0,20668,12162,-0.2591,189,-2172,22,20,44,43,1
1774110105,43,56,0,0,0,0,no_volume,0,0,0,0,no_volume,0,0,0,0,low_activity,0,0,0,0,0,0,20668,12162,-0.2591,189,-2172,22,20,44,43,1
1774110106,43,56,0,0,0,0,no_volume,0,0,0,0,no_volume,0,0,0,0,low_activity,0,0,0,0,0,0,20668,12449,-0.2482,0,-2357,22,20,44,43,1
1774110107,43,56,0,0,0,0,no_volume,0,0,0,0,no_volume,0,0,0,0,low_activity,0,0,0,0,0,0,20668,12449,-0.2482,0,4,22,20,44,43,1
1774110108,43,56,0,0,0,0,no_volume,0,0,0,0,no_volume,0,0,0,0,low_activity,0,0,0,0,0,0,15928,16857,0.0283,-4740,-4736,22,20,44,43,1
1774110109,43,56,0,0,0,0,no_volume,0,0,0,0,no_volume,0,0,0,0,low_activity,0,0,0,0,0,0,15928,16857,0.0283,-4740,-4736,22,20,44,43,1
1774110110,43,56,0,0,0,0,no_volume,0,0,0,0,no_volume,0,0,0,0,low_activity,0,0,0,0,0,0,15641,16857,0.0374,-5027,-5023,22,20,44,43,1
1774110111,43,56,0,0,0,0,no_volume,0,0,0,0,no_volume,0,0,0,0,low_activity,0,0,0,0,0,0,15641,16857,0.0374,-287,-4838,22,20,44,43,1
1774110112,43,56,0,0,0,0,no_volume,0,0,0,0,no_volume,0,0,0,0,low_activity,0,0,0,0,0,0,15452,16857,0.0435,-476,-5027,22,20,44,43,1
1774110113,43,56,0,0,0,0,no_volume,0,0,0,0,no_volume,0,0,0,0,low_activity,0,0,0,0,0,0,15452,16857,0.0435,-189,-5216,22,20,44,43,1
1774110114,43,56,0,0,0,0,no_volume,0,0,0,0,no_volume,0,0,0,0,low_activity,0,0,0,0,0,0,15452,16857,0.0435,-189,-5216,22,20,44,43,1
1774110115,43,56,0,0,0,0,no_volume,0,0,0,0,no_volume,0,0,0,0,low_activity,0,0,0,0,0,0,15452,16857,0.0435,0,-5216,22,20,44,43,1
1774110116,43,56,0,0,0,0,no_volume,0,0,0,0,no_volume,0,0,0,0,low_activity,0,0,0,0,0,0,15452,16857,0.0435,0,-5216,22,20,44,43,1
1774110117,43,56,0,0,0,0,no_volume,0,0,0,0,no_volume,0,0,0,0,low_activity,0,0,0,0,0,0,15739,16570,0.0257,287,-4929,22,20,44,43,1
1774110118,43,56,0,0,0,0,no_volume,0,0,0,0,no_volume,0,0,0,0,low_activity,0,0,0,0,0,0,15739,16570,0.0257,287,-189,22,20,44,43,1
1774110119,43,56,0,0,0,0,no_volume,0,0,0,0,no_volume,0,0,0,0,low_activity,0,0,0,0,0,0,15739,16570,0.0257,287,-189,22,20,44,43,1
1774110120,43,56,0,0,0,0,no_volume,0,0,0,0,no_volume,0,0,0,0,low_activity,0,0,0,0,0,0,15739,16570,0.0257,0,98,22,20,44,43,1
1774110121,43,56,0,0,0,0,no_volume,0,0,0,0,no_volume,0,0,0,0,low_activity,0,0,0,0,0,0,15739,16570,0.0257,0,98,22,20,44,43,1
1774110122,43,56,0,0,0,0,no_volume,0,0,0,0,no_volume,0,0,0,0,low_activity,0,0,0,0,0,0,15739,16857,0.0343,0,287,22,20,44,43,1
1774110123,43,56,0,0,0,0,no_volume,0,0,0,0,no_volume,0,0,0,0,no_volume,0,0,0,0,0,0,15739,16857,0.0343,0,287,22,20,44,43,1
1774110124,43,56,0,0,0,0,no_volume,0,0,0,0,no_volume,0,0,0,0,no_volume,0,0,0,0,0,0,15739,16857,0.0343,0,287,22,20,44,43,1
1774110125,43,56,0,0,0,0,no_volume,0,0,0,0,no_volume,0,0,0,0,no_volume,0,0,0,0,0,0,15452,16857,0.0435,-287,0,22,20,44,43,1
1774110126,43,56,0,0,0,0,no_volume,0,0,0,0,no_volume,0,0,0,0,no_volume,0,0,0,0,0,0,16053,16857,0.0244,314,601,22,20,44,43,1
1774110127,43,56,0,0,0,0,no_volume,0,0,0,0,no_volume,0,0,0,0,no_volume,0,0,0,0,0,0,16053,16857,0.0244,314,314,22,20,44,43,1
1774110128,43,56,0,0,0,0,no_volume,0,0,0,0,no_volume,0,0,0,0,no_volume,0,0,0,0,0,0,16053,16857,0.0244,601,314,22,20,44,43,1
1774110129,43,56,0,0,0,0,no_volume,0,0,0,0,no_volume,0,0,0,0,no_volume,0,0,0,0,0,0,16053,16857,0.0244,0,314,22,20,44,43,1
1774110130,43,56,0,0,0,0,low_activity,0,0,0,0,low_activity,0,0,0,0,low_activity,0,0,0,0,0,0,16048,16857,0.0246,-5,309,22,20,44,43,1
1774110131,43,56,0,0,0,0,low_activity,0,0,0,0,low_activity,0,0,0,0,low_activity,0,0,0,0,0,0,16048,16857,0.0246,-5,309,22,20,44,43,1
1774110132,43,56,0,0,0,0,low_activity,0,0,0,0,low_activity,0,0,0,0,low_activity,0,0,0,0,0,0,16048,16857,0.0246,-5,309,22,20,44,43,1
1774110133,43,56,0,0,0,0,no_volume,0,0,0,0,low_activity,0,0,0,0,low_activity,0,0,0,0,0,0,15923,16857,0.0285,-125,184,22,20,44,43,1
1774110134,43,56,0,0,0,0,no_volume,0,0,0,0,low_activity,0,0,0,0,low_activity,0,0,0,0,0,0,15923,16857,0.0285,-125,184,22,20,44,43,1
1774110135,43,56,0,0,0,0,no_volume,0,0,0,0,no_volume,0,0,0,0,low_activity,0,0,0,0,0,0,15923,16857,0.0285,-125,471,22,20,44,43,1
1774110136,43,56,0,0,0,0,no_volume,0,0,0,0,no_volume,0,0,0,0,low_activity,0,0,0,0,0,0,15923,16857,0.0285,0,-130,22,20,44,43,1
1774110137,43,56,0,0,0,0,no_volume,0,0,0,0,no_volume,0,0,0,0,low_activity,0,0,0,0,0,0,15923,16857,0.0285,0,-130,22,20,44,43,1
1774110138,43,56,0,0,0,0,no_volume,0,0,0,0,no_volume,0,0,0,0,low_activity,0,0,0,0,0,0,15923,16857,0.0285,0,-130,22,20,44,43,1
1774110139,43,56,0,0,0,0,no_volume,0,0,0,0,no_volume,0,0,0,0,low_activity,0,0,0,0,0,0,15923,16857,0.0285,0,-130,22,20,44,43,1
1774110140,43,56,0,0,0,0,no_volume,0,0,0,0,no_volume,0,0,0,0,low_activity,0,0,0,0,0,0,15923,16857,0.0285,0,-125,22,20,44,43,1
1774110141,43,56,0,0,0,0,no_volume,0,0,0,0,no_volume,0,0,0,0,low_activity,0,0,0,0,0,0,15923,16857,0.0285,0,-125,22,20,44,43,1
1774110142,43,56,0,0,0,0,no_volume,0,0,0,0,no_volume,0,0,0,0,low_activity,0,0,0,0,0,0,15734,16857,0.0345,-189,-314,22,20,44,43,1
1774110143,43,56,0,0,0,0,no_volume,0,0,0,0,no_volume,0,0,0,0,low_activity,0,0,0,0,0,0,15734,16857,0.0345,-189,-189,22,20,44,43,1
1774110144,43,56,0,0,0,0,no_volume,0,0,0,0,no_volume,0,0,0,0,low_activity,0,0,0,0,0,0,15734,16857,0.0345,-189,-189,22,20,44,43,1
1774110145,43,56,0,0,0,0,low_activity,0,0,0,0,low_activity,0,0,0,0,low_activity,0,0,0,0,0,0,15722,16857,0.0348,-12,-201,22,20,44,43,1
1774110146,43,56,0,0,0,0,low_activity,0,0,0,0,low_activity,0,0,0,0,low_activity,0,0,0,0,0,0,15722,16857,0.0348,-12,-201,22,20,44,43,1
1774110147,43,56,0,0,0,0,low_activity,0,0,0,0,low_activity,0,0,0,0,low_activity,0,0,0,0,0,0,14147,8123,-0.2705,-1587,-1776,22,15,44,43,1
1774110148,26,56,0,0,0,0,no_volume,0,0,0,0,low_activity,0,0,0,0,low_activity,0,0,0,0,0,0,14736,3317,-0.6325,-986,-1187,24,13,44,26,18
1774110149,21,56,0,0,0,0,low_activity,0,0,0,0,low_activity,0,0,0,0,low_activity,0,0,0,0,0,0,14698,3349,-0.6289,-1024,-1225,24,14,44,21,23
1774110150,21,56,0,0,0,0,low_activity,0,0,0,0,low_activity,0,0,0,0,low_activity,0,0,0,0,0,0,14698,2061,-0.754,551,-1225,24,14,44,21,23
1774110151,21,57,0,0,0,0,low_activity,0,0,0,0,low_activity,0,0,0,0,low_activity,0,0,0,0,0,0,14701,3349,-0.6289,-35,-1222,25,14,43,21,22
1774110152,21,57,0,0,0,0,no_volume,0,0,0,0,low_activity,0,0,0,0,low_activity,0,0,0,0,0,0,12879,3349,-0.5873,-1819,-2855,25,14,43,21,22
1774110153,43,56,0,0,0,0,no_volume,0,0,0,0,low_activity,0,0,0,0,low_activity,0,0,0,0,0,0,16289,30626,0.3056,1591,555,25,24,44,43,1
1774110154,43,56,0,0,0,0,no_volume,0,0,0,0,no_volume,0,0,0,0,low_activity,0,0,0,0,0,0,16289,30556,0.3046,1588,555,25,24,44,43,1
1774110155,43,56,0,0,0,0,no_volume,0,0,0,0,no_volume,0,0,0,0,low_activity,0,0,0,0,0,0,16289,30556,0.3046,3410,567,25,24,44,43,1
1774110156,43,56,0,0,0,0,no_volume,0,0,0,0,no_volume,0,0,0,0,low_activity,0,0,0,0,0,0,16289,30556,0.3046,0,567,25,24,44,43,1
1774110157,43,56,0,0,0,0,no_volume,0,0,0,0,no_volume,0,0,0,0,low_activity,0,0,0,0,0,0,16289,30556,0.3046,0,2142,25,24,44,43,1
1774110158,43,56,0,0,0,0,no_volume,0,0,0,0,no_volume,0,0,0,0,low_activity,0,0,0,0,0,0,16289,29268,0.2849,0,1553,25,25,44,43,1
1774110159,43,56,0,0,0,0,no_volume,0,0,0,0,no_volume,0,0,0,0,low_activity,0,0,0,0,0,0,16289,30556,0.3046,0,1591,25,25,44,43,1
1774110160,43,56,0,0,0,0,no_volume,0,0,0,0,no_volume,0,0,0,0,low_activity,0,0,0,0,0,0,16289,30556,0.3046,0,1591,25,25,44,43,1
1774110161,43,56,0,0,0,0,no_volume,0,0,0,0,no_volume,0,0,0,0,low_activity,0,0,0,0,0,0,16289,30556,0.3046,0,1588,25,24,44,43,1
1774110162,43,56,0,0,0,0,no_volume,0,0,0,0,no_volume,0,0,0,0,low_activity,0,0,0,0,0,0,16289,29268,0.2849,0,3410,25,24,44,43,1
1774110163,43,56,0,0,0,0,no_volume,0,0,0,0,no_volume,0,0,0,0,low_activity,0,0,0,0,0,0,16289,30556,0.3046,0,0,25,24,44,43,1
1774110164,21,56,0,0,0,0,no_volume,0,0,0,0,no_volume,0,0,0,0,low_activity,0,0,0,0,0,0,14698,3243,-0.6385,-1591,-1591,25,13,44,21,23
1774110165,21,56,0,0,0,0,no_volume,0,0,0,0,no_volume,0,0,0,0,low_activity,0,0,0,0,0,0,14698,3423,-0.6222,-1591,-1591,25,14,44,21,23
1774110166,21,56,0,0,0,0,no_volume,0,0,0,0,no_volume,0,0,0,0,low_activity,0,0,0,0,0,0,14698,3423,-0.6222,-1591,-1591,25,14,44,21,23
1774110167,21,57,0,0,0,0,no_volume,0,0,0,0,no_volume,0,0,0,0,low_activity,0,0,0,0,0,0,14421,3353,-0.6227,-277,-1868,25,14,43,21,22
1774110168,28,57,0,0,0,0,no_volume,0,0,0,0,no_volume,0,0,0,0,low_activity,0,0,0,0,0,0,16270,17936,0.0487,1572,-19,25,18,43,28,15
1774110169,43,56,0,0,0,0,no_volume,0,0,0,0,no_volume,0,0,0,0,low_activity,0,0,0,0,0,0,18403,25432,0.1604,3705,2114,24,24,44,43,1
1774110170,43,56,0,0,0,0,no_volume,0,0,0,0,no_volume,0,0,0,0,low_activity,0,0,0,0,0,0,20706,24952,0.093,6285,4417,24,23,44,43,1
1774110171,43,56,0,0,0,0,no_volume,0,0,0,0,no_volume,0,0,0,0,low_activity,0,0,0,0,0,0,20706,23664,0.0667,4436,4417,24,23,44,43,1
1774110172,43,56,0,0,0,0,no_volume,0,0,0,0,no_volume,0,0,0,0,low_activity,0,0,0,0,0,0,19387,26240,0.1502,984,3098,23,24,44,43,1
1774110173,43,56,0,0,0,0,no_volume,0,0,0,0,no_volume,0,0,0,0,low_activity,0,0,0,0,0,0,21209,26240,0.106,503,4920,24,24,44,43,1
1774110174,43,55,0,0,0,0,no_volume,0,0,0,0,no_volume,0,0,0,0,low_activity,0,0,0,0,0,0,19416,24952,0.1248,-1290,4718,23,24,45,43,2
1774110175,43,55,0,0,0,0,no_volume,0,0,0,0,no_volume,0,0,0,0,low_activity,0,0,0,0,0,0,24136,25266,0.0229,4749,9438,23,24,45,43,2
1774110176,43,55,0,0,0,0,no_volume,0,0,0,0,no_volume,0,0,0,0,low_activity,0,0,0,0,0,0,21236,25266,0.0867,27,6538,23,24,45,43,2
1774110177,43,55,0,0,0,0,no_volume,0,0,0,0,no_volume,0,0,0,0,low_activity,0,0,0,0,0,0,21047,25285,0.0915,1631,6626,23,23,45,43,2
1774110178,43,55,0,0,0,0,no_volume,0,0,0,0,no_volume,0,0,0,0,low_activity,0,0,0,0,0,0,21047,23997,0.0655,-3089,4777,23,23,45,43,2
1774110179,43,55,0,0,0,0,no_volume,0,0,0,0,no_volume,0,0,0,0,no_volume,0,0,0,0,0,0,17635,6477,-0.4628,-3601,-768,23,14,45,43,2
1774110180,23,55,0,0,0,0,no_volume,0,0,0,0,no_volume,0,0,0,0,no_volume,0,0,0,0,0,0,15504,3646,-0.6192,-5543,-5202,21,14,45,23,22
1774110181,23,55,0,0,0,0,no_volume,0,0,0,0,no_volume,0,0,0,0,no_volume,0,0,0,0,0,0,17326,3646,-0.6523,-3721,-3380,22,14,45,23,22
1774110182,23,56,0,0,0,0,no_volume,0,0,0,0,no_volume,0,0,0,0,no_volume,0,0,0,0,0,0,17329,3646,-0.6523,-306,-2058,23,14,44,23,21
1774110183,23,56,0,0,0,0,no_volume,0,0,0,0,no_volume,0,0,0,0,no_volume,0,0,0,0,0,0,17329,3646,-0.6523,1825,-3880,23,14,44,23,21
1774110184,43,55,0,0,0,0,no_volume,0,0,0,0,no_volume,0,0,0,0,no_volume,0,0,0,0,0,0,20757,19873,-0.0218,3431,1341,22,20,45,43,2
1774110185,44,55,0,0,0,0,no_volume,0,0,0,0,no_volume,0,0,0,0,no_volume,0,0,0,0,0,0,18328,26371,0.1799,999,-5808,22,22,45,44,1
1774110186,44,55,0,0,0,0,no_volume,0,0,0,0,no_volume,0,0,0,0,no_volume,0,0,0,0,0,0,18328,25083,0.1556,999,-2908,22,22,45,44,1
1774110187,44,55,0,0,0,0,no_volume,0,0,0,0,no_volume,0,0,0,0,no_volume,0,0,0,0,0,0,18328,23332,0.1201,-2429,-2719,22,23,45,44,1
1774110188,43,55,0,0,0,0,no_volume,0,0,0,0,no_volume,0,0,0,0,no_volume,0,0,0,0,0,0,18873,23000,0.0986,545,-2174,21,22,45,43,2
1774110189,43,55,0,0,0,0,no_volume,0,0,0,0,no_volume,0,0,0,0,no_volume,0,0,0,0,0,0,20695,23841,0.0706,2367,3060,21,22,45,43,2
1774110190,43,55,0,0,0,0,no_volume,0,0,0,0,no_volume,0,0,0,0,no_volume,0,0,0,0,0,0,23744,26344,0.0519,5416,8240,21,22,45,43,2
1774110191,43,55,0,0,0,0,no_volume,0,0,0,0,no_volume,0,0,0,0,no_volume,0,0,0,0,0,0,23744,26344,0.0519,4871,6418,21,22,45,43,2
1774110192,43,55,0,0,0,0,no_volume,0,0,0,0,no_volume,0,0,0,0,no_volume,0,0,0,0,0,0,23744,26344,0.0519,3049,6415,21,22,45,43,2
1774110193,43,55,0,0,0,0,no_volume,0,0,0,0,no_volume,0,0,0,0,no_volume,0,0,0,0,0,0,23744,26344,0.0519,0,6415,21,22,45,43,2
1774110194,43,55,0,0,0,0,no_volume,0,0,0,0,no_volume,0,0,0,0,no_volume,0,0,0,0,0,0,23744,25056,0.0269,0,2987,21,22,45,43,2
1774110195,43,55,0,0,0,0,no_volume,0,0,0,0,no_volume,0,0,0,0,no_volume,0,0,0,0,0,0,23744,26344,0.0519,0,5416,21,22,45,43,2
1774110196,43,55,0,0,0,0,no_volume,0,0,0,0,no_volume,0,0,0,0,no_volume,0,0,0,0,0,0,23744,26344,0.0519,0,5416,21,22,45,43,2
1774110197,43,55,0,0,0,0,no_volume,0,0,0,0,no_volume,0,0,0,0,no_volume,0,0,0,0,0,0,23744,26344,0.0519,0,5416,21,22,45,43,2
1774110198,43,55,0,0,0,0,no_volume,0,0,0,0,no_volume,0,0,0,0,no_volume,0,0,0,0,0,0,23744,26344,0.0519,0,4871,21,22,45,43,2
1774110199,43,55,0,0,0,0,no_volume,0,0,0,0,no_volume,0,0,0,0,no_volume,0,0,0,0,0,0,23744,26344,0.0519,0,3049,21,22,45,43,2
1774110200,43,55,0,0,0,0,low_activity,0,0,0,0,low_activity,0,0,0,0,low_activity,0,0,0,0,0,0,23531,26030,0.0504,-213,-213,21,22,45,43,2
1774110201,43,55,0,0,0,0,low_activity,0,0,0,0,low_activity,0,0,0,0,low_activity,0,0,0,0,0,0,23339,26030,0.0545,-405,-405,21,22,45,43,2
1774110202,43,55,0,0,0,0,low_activity,0,0,0,0,low_activity,0,0,0,0,low_activity,0,0,0,0,0,0,23339,26030,0.0545,-405,-405,21,22,45,43,2
1774110203,43,55,0,0,0,0,no_volume,0,0,0,0,low_activity,0,0,0,0,low_activity,0,0,0,0,0,0,23339,26030,0.0545,-192,-405,21,22,45,43,2
1774110204,22,55,0,0,0,0,no_volume,0,0,0,0,low_activity,0,0,0,0,low_activity,0,0,0,0,0,0,16794,3317,-0.6701,-6545,-6950,21,13,45,22,23
1774110205,22,55,0,0,0,0,no_volume,0,0,0,0,no_volume,0,0,0,0,low_activity,0,0,0,0,0,0,16794,3307,-0.671,-6545,-6950,21,13,45,22,23
1774110206,22,55,0,0,0,0,no_volume,0,0,0,0,no_volume,0,0,0,0,low_activity,0,0,0,0,0,0,16794,3358,-0.6667,-6545,-6950,21,13,45,22,23
1774110207,22,55,0,0,0,0,no_volume,0,0,0,0,no_volume,0,0,0,0,low_activity,0,0,0,0,0,0,16794,3358,-0.6667,0,-6950,21,13,45,22,23
1774110208,21,56,0,0,0,0,no_volume,0,0,0,0,no_volume,0,0,0,0,low_activity,0,0,0,0,0,0,16797,3313,-0.6705,3,-6947,22,13,44,21,23
1774110209,21,56,0,0,0,0,no_volume,0,0,0,0,no_volume,0,0,0,0,low_activity,0,0,0,0,0,0,16797,3313,-0.6705,3,-6947,22,13,44,21,23
1774110210,21,56,0,0,0,0,no_volume,0,0,0,0,no_volume,0,0,0,0,low_activity,0,0,0,0,0,0,16797,3313,-0.6705,3,-6734,22,13,44,21,23
1774110211,21,56,0,0,0,0,no_volume,0,0,0,0,no_volume,0,0,0,0,low_activity,0,0,0,0,0,0,16797,3313,-0.6705,0,-6542,22,13,44,21,23
1774110212,21,56,0,0,0,0,no_volume,0,0,0,0,no_volume,0,0,0,0,low_activity,0,0,0,0,0,0,16797,3313,-0.6705,0,-6542,22,13,44,21,23
1774110213,44,55,0,0,0,0,no_volume,0,0,0,0,no_volume,0,0,0,0,low_activity,0,0,0,0,0,0,20697,19558,-0.0283,3900,-2642,21,21,45,44,1
1774110214,44,55,0,0,0,0,no_volume,0,0,0,0,no_volume,0,0,0,0,low_activity,0,0,0,0,0,0,20697,21751,0.0248,3900,3903,21,22,45,44,1
1774110215,44,55,0,0,0,0,no_volume,0,0,0,0,no_volume,0,0,0,0,low_activity,0,0,0,0,0,0,20697,20463,-0.0057,3900,3903,21,22,45,44,1
1774110216,44,55,0,0,0,0,no_volume,0,0,0,0,no_volume,0,0,0,0,low_activity,0,0,0,0,0,0,20697,23039,0.0535,0,3903,21,23,45,44,1
1774110217,44,55,0,0,0,0,no_volume,0,0,0,0,no_volume,0,0,0,0,low_activity,0,0,0,0,0,0,20697,23039,0.0535,0,3903,21,23,45,44,1
1774110218,44,55,0,0,0,0,no_volume,0,0,0,0,no_volume,0,0,0,0,low_activity,0,0,0,0,0,0,20697,21751,0.0248,0,3900,21,23,45,44,1
1774110219,44,55,0,0,0,0,no_volume,0,0,0,0,no_volume,0,0,0,0,low_activity,0,0,0,0,0,0,20697,23091,0.0547,0,3900,22,22,45,44,1
1774110220,44,55,0,0,0,0,no_volume,0,0,0,0,no_volume,0,0,0,0,low_activity,0,0,0,0,0,0,20697,24065,0.0752,0,3900,22,22,45,44,1
1774110221,44,55,0,0,0,0,no_volume,0,0,0,0,no_volume,0,0,0,0,low_activity,0,0,0,0,0,0,20697,24389,0.0819,0,3900,22,22,45,44,1
1774110222,44,55,0,0,0,0,no_volume,0,0,0,0,no_volume,0,0,0,0,low_activity,0,0,0,0,0,0,20697,24389,0.0819,0,3900,22,22,45,44,1
1774110223,44,55,0,0,0,0,no_volume,0,0,0,0,no_volume,0,0,0,0,low_activity,0,0,0,0,0,0,20697,24703,0.0882,0,0,22,22,45,44,1
1774110224,44,55,0,0,0,0,no_volume,0,0,0,0,no_volume,0,0,0,0,low_activity,0,0,0,0,0,0,20697,24389,0.0819,0,0,22,22,45,44,1
1774110225,44,55,0,0,0,0,no_volume,0,0,0,0,no_volume,0,0,0,0,low_activity,0,0,0,0,0,0,19525,24389,0.1108,-1172,-1172,22,22,45,44,1
1774110226,44,55,0,0,0,0,no_volume,0,0,0,0,no_volume,0,0,0,0,low_activity,0,0,0,0,0,0,21347,24389,0.0665,650,650,23,22,45,44,1
1774110227,44,55,0,0,0,0,no_volume,0,0,0,0,no_volume,0,0,0,0,low_activity,0,0,0,0,0,0,21347,24703,0.0729,650,650,23,22,45,44,1
1774110228,44,55,0,0,0,0,no_volume,0,0,0,0,no_volume,0,0,0,0,low_activity,0,0,0,0,0,0,21347,24703,0.0729,1822,650,23,22,45,44,1
1774110229,44,55,0,0,0,0,no_volume,0,0,0,0,no_volume,0,0,0,0,low_activity,0,0,0,0,0,0,22645,24703,0.0435,1298,1948,24,22,45,44,1
1774110230,44,55,0,0,0,0,no_volume,0,0,0,0,no_volume,0,0,0,0,no_volume,0,0,0,0,0,0,20373,24389,0.0897,-974,-324,23,22,45,44,1
1774110231,44,55,0,0,0,0,no_volume,0,0,0,0,no_volume,0,0,0,0,no_volume,0,0,0,0,0,0,18551,24389,0.136,-2796,-2146,22,22,45,44,1
1774110232,44,55,0,0,0,0,no_volume,0,0,0,0,no_volume,0,0,0,0,no_volume,0,0,0,0,0,0,21347,24389,0.0665,-1298,650,23,22,45,44,1
1774110233,44,55,0,0,0,0,no_volume,0,0,0,0,no_volume,0,0,0,0,no_volume,0,0,0,0,0,0,21347,24389,0.0665,974,650,23,22,45,44,1
1774110234,44,55,0,0,0,0,no_volume,0,0,0,0,no_volume,0,0,0,0,no_volume,0,0,0,0,0,0,21347,24389,0.0665,2796,650,23,22,45,44,1
1774110235,44,55,0,0,0,0,no_volume,0,0,0,0,no_volume,0,0,0,0,no_volume,0,0,0,0,0,0,21347,24389,0.0665,0,1822,23,22,45,44,1
1774110236,44,55,0,0,0,0,no_volume,0,0,0,0,no_volume,0,0,0,0,no_volume,0,0,0,0,0,0,21347,24389,0.0665,0,0,23,22,45,44,1
1774110237,44,55,0,0,0,0,no_volume,0,0,0,0,no_volume,0,0,0,0,no_volume,0,0,0,0,0,0,20698,24389,0.0819,-649,-649,22,22,45,44,1
1774110238,44,55,0,0,0,0,no_volume,0,0,0,0,no_volume,0,0,0,0,no_volume,0,0,0,0,0,0,20698,24389,0.0819,-649,-649,22,22,45,44,1
1774110239,44,55,0,0,0,0,no_volume,0,0,0,0,no_volume,0,0,0,0,no_volume,0,0,0,0,0,0,20698,24389,0.0819,-649,-1947,22,22,45,44,1
1774110240,44,55,0,0,0,0,low_activity,0,0,0,0,low_activity,0,0,0,0,low_activity,0,0,0,0,0,0,19658,24389,0.1074,-1040,-715,22,22,45,44,1
1774110241,44,55,0,0,0,0,low_activity,0,0,0,0,low_activity,0,0,0,0,low_activity,0,0,0,0,0,0,21155,24389,0.071,457,2604,23,22,45,44,1
1774110242,44,55,0,0,0,0,low_activity,0,0,0,0,low_activity,0,0,0,0,low_activity,0,0,0,0,0,0,21155,24389,0.071,457,-192,23,22,45,44,1
1774110243,44,55,0,0,0,0,no_volume,0,0,0,0,low_activity,0,0,0,0,low_activity,0,0,0,0,0,0,21155,24389,0.071,1497,-192,23,22,45,44,1
1774110244,44,55,0,0,0,0,no_volume,0,0,0,0,low_activity,0,0,0,0,low_activity,0,0,0,0,0,0,21155,24389,0.071,0,-192,23,22,45,44,1
1774110245,44,55,0,0,0,0,no_volume,0,0,0,0,no_volume,0,0,0,0,low_activity,0,0,0,0,0,0,22455,24389,0.0413,1300,1108,23,22,45,44,1
1774110246,44,55,0,0,0,0,no_volume,0,0,0,0,no_volume,0,0,0,0,low_activity,0,0,0,0,0,0,22455,24389,0.0413,1300,1108,23,22,45,44,1
1774110247,44,55,0,0,0,0,no_volume,0,0,0,0,no_volume,0,0,0,0,low_activity,0,0,0,0,0,0,22455,24389,0.0413,1300,1757,23,22,45,44,1
1774110248,44,55,0,0,0,0,no_volume,0,0,0,0,no_volume,0,0,0,0,low_activity,0,0,0,0,0,0,22455,24389,0.0413,0,1757,23,22,45,44,1
1774110249,44,55,0,0,0,0,no_volume,0,0,0,0,no_volume,0,0,0,0,low_activity,0,0,0,0,0,0,22455,24389,0.0413,0,1757,23,22,45,44,1
1774110250,44,55,0,0,0,0,no_volume,0,0,0,0,no_volume,0,0,0,0,low_activity,0,0,0,0,0,0,20699,24389,0.0818,-1756,1041,23,22,45,44,1
1774110251,44,55,0,0,0,0,no_volume,0,0,0,0,no_volume,0,0,0,0,low_activity,0,0,0,0,0,0,20699,24389,0.0818,-1756,-456,23,22,45,44,1
1774110252,44,55,0,0,0,0,low_activity,0,0,0,0,low_activity,0,0,0,0,low_activity,0,0,0,0,0,0,18877,23508,0.1093,-3578,-2278,22,22,45,44,1
1774110253,44,55,0,0,0,0,low_activity,0,0,0,0,low_activity,0,0,0,0,low_activity,0,0,0,0,0,0,18877,23508,0.1093,-1822,-2278,22,22,45,44,1
1774110254,44,55,0,0,0,0,low_activity,0,0,0,0,low_activity,0,0,0,0,low_activity,0,0,0,0,0,0,21673,23508,0.0406,974,518,23,22,45,44,1
1774110255,44,55,0,0,0,0,no_volume,0,0,0,0,low_activity,0,0,0,0,low_activity,0,0,0,0,0,0,21673,23508,0.0406,2796,-782,23,22,45,44,1
1774110256,44,55,0,0,0,0,no_volume,0,0,0,0,low_activity,0,0,0,0,low_activity,0,0,0,0,0,0,21673,23508,0.0406,2796,-782,23,22,45,44,1
1774110257,44,55,0,0,0,0,no_volume,0,0,0,0,no_volume,0,0,0,0,low_activity,0,0,0,0,0,0,20507,23508,0.0682,-1166,-1948,22,22,45,44,1
1774110258,44,55,0,0,0,0,no_volume,0,0,0,0,no_volume,0,0,0,0,low_activity,0,0,0,0,0,0,19659,23508,0.0892,-2014,-2796,22,22,45,44,1
1774110259,44,55,0,0,0,0,no_volume,0,0,0,0,no_volume,0,0,0,0,low_activity,0,0,0,0,0,0,21673,23508,0.0406,0,-782,23,22,45,44,1
1774110260,44,55,0,0,0,0,no_volume,0,0,0,0,no_volume,0,0,0,0,low_activity,0,0,0,0,0,0,21673,23508,0.0406,1166,974,23,22,45,44,1
1774110261,44,55,0,0,0,0,no_volume,0,0,0,0,no_volume,0,0,0,0,low_activity,0,0,0,0,0,0,21673,23508,0.0406,2014,974,23,22,45,44,1
1774110262,44,55,0,0,0,0,no_volume,0,0,0,0,no_volume,0,0,0,0,low_activity,0,0,0,0,0,0,21673,23508,0.0406,0,2796,23,22,45,44,1
1774110263,44,55,0,0,0,0,no_volume,0,0,0,0,no_volume,0,0,0,0,low_activity,0,0,0,0,0,0,21673,23508,0.0406,0,2796,23,22,45,44,1
1774110264,44,55,0,0,0,0,no_volume,0,0,0,0,no_volume,0,0,0,0,low_activity,0,0,0,0,0,0,21673,23508,0.0406,0,0,23,22,45,44,1
1774110265,44,55,0,0,0,0,no_volume,0,0,0,0,no_volume,0,0,0,0,low_activity,0,0,0,0,0,0,21673,23508,0.0406,0,0,23,22,45,44,1
1774110266,44,55,0,0,0,0,no_volume,0,0,0,0,no_volume,0,0,0,0,low_activity,0,0,0,0,0,0,20699,23508,0.0635,-974,-974,23,22,45,44,1
1774110267,44,55,0,0,0,0,no_volume,0,0,0,0,no_volume,0,0,0,0,low_activity,0,0,0,0,0,0,20699,23508,0.0635,-974,192,23,22,45,44,1
1774110268,44,55,0,0,0,0,no_volume,0,0,0,0,no_volume,0,0,0,0,low_activity,0,0,0,0,0,0,20699,23508,0.0635,-974,1040,23,22,45,44,1
1774110269,44,55,0,0,0,0,no_volume,0,0,0,0,no_volume,0,0,0,0,low_activity,0,0,0,0,0,0,19851,23508,0.0843,-848,-1822,22,22,45,44,1
1774110270,44,55,0,0,0,0,no_volume,0,0,0,0,no_volume,0,0,0,0,low_activity,0,0,0,0,0,0,21673,23508,0.0406,974,0,22,22,45,44,1
1774110271,44,55,0,0,0,0,no_volume,0,0,0,0,no_volume,0,0,0,0,low_activity,0,0,0,0,0,0,21673,23508,0.0406,974,0,22,22,45,44,1
1774110272,44,55,0,0,0,0,no_volume,0,0,0,0,no_volume,0,0,0,0,low_activity,0,0,0,0,0,0,22455,23508,0.0229,2604,782,22,22,45,44,1
1774110273,44,55,0,0,0,0,no_volume,0,0,0,0,no_volume,0,0,0,0,low_activity,0,0,0,0,0,0,22455,23508,0.0229,782,782,22,22,45,44,1
1774110274,44,55,0,0,0,0,no_volume,0,0,0,0,no_volume,0,0,0,0,low_activity,0,0,0,0,0,0,22455,23508,0.0229,782,782,22,22,45,44,1
1774110275,44,55,0,0,0,0,no_volume,0,0,0,0,no_volume,0,0,0,0,low_activity,0,0,0,0,0,0,22455,23508,0.0229,0,782,22,22,45,44,1
1774110276,44,55,0,0,0,0,no_volume,0,0,0,0,no_volume,0,0,0,0,low_activity,0,0,0,0,0,0,14235,7603,-0.3037,-8220,-6464,21,15,45,44,1
1774110277,20,55,0,0,0,0,no_volume,0,0,0,0,no_volume,0,0,0,0,low_activity,0,0,0,0,0,0,14235,3307,-0.623,-8220,-6464,21,14,45,20,25
1774110278,21,56,0,0,0,0,no_volume,0,0,0,0,no_volume,0,0,0,0,low_activity,0,0,0,0,0,0,14635,2175,-0.7412,-7820,-6064,22,14,44,21,23
1774110279,21,57,0,0,0,0,no_volume,0,0,0,0,no_volume,0,0,0,0,low_activity,0,0,0,0,0,0,12816,3463,-0.5745,-1419,-7035,23,14,43,21,22
1774110280,22,56,0,0,0,0,low_activity,0,0,0,0,low_activity,0,0,0,0,low_activity,0,0,0,0,0,0,14635,3350,-0.6275,400,-7038,22,15,44,22,22
1774110281,44,55,0,0,0,0,low_activity,0,0,0,0,low_activity,0,0,0,0,low_activity,0,0,0,0,0,0,21159,30089,0.1743,6524,-514,23,20,45,44,1
1774110282,44,55,0,0,0,0,low_activity,0,0,0,0,low_activity,0,0,0,0,low_activity,0,0,0,0,0,0,21159,37814,0.2824,8343,-1296,23,21,45,44,1
1774110283,44,55,0,0,0,0,no_volume,0,0,0,0,low_activity,0,0,0,0,low_activity,0,0,0,0,0,0,21159,37814,0.2824,6524,-1296,23,21,45,44,1
1774110284,44,55,0,0,0,0,no_volume,0,0,0,0,low_activity,0,0,0,0,low_activity,0,0,0,0,0,0,21159,37814,0.2824,0,-1296,23,21,45,44,1
1774110285,44,55,0,0,0,0,no_volume,0,0,0,0,no_volume,0,0,0,0,low_activity,0,0,0,0,0,0,21159,37814,0.2824,0,-1296,23,22,45,44,1
1774110286,44,55,0,0,0,0,no_volume,0,0,0,0,no_volume,0,0,0,0,low_activity,0,0,0,0,0,0,18363,37498,0.3425,-2796,4128,23,22,45,44,1
1774110287,44,55,0,0,0,0,no_volume,0,0,0,0,no_volume,0,0,0,0,low_activity,0,0,0,0,0,0,20185,37498,0.3001,-974,5950,24,22,45,44,1
1774110288,44,55,0,0,0,0,no_volume,0,0,0,0,no_volume,0,0,0,0,low_activity,0,0,0,0,0,0,20185,37498,0.3001,-974,5550,24,22,45,44,1
1774110289,44,55,0,0,0,0,no_volume,0,0,0,0,no_volume,0,0,0,0,low_activity,0,0,0,0,0,0,20185,37498,0.3001,1822,7369,24,22,45,44,1
1774110290,44,54,0,0,0,0,low_activity,0,0,0,0,low_activity,0,0,0,0,low_activity,0,0,0,0,0,0,20574,37812,0.2952,389,5939,23,22,46,44,2
1774110291,44,54,0,0,0,0,low_activity,0,0,0,0,low_activity,0,0,0,0,low_activity,0,0,0,0,0,0,20574,37811,0.2952,389,-585,23,21,46,44,2
1774110292,44,54,0,0,0,0,low_activity,0,0,0,0,low_activity,0,0,0,0,low_activity,0,0,0,0,0,0,20574,36523,0.2793,389,-585,23,21,46,44,2
1774110293,44,54,0,0,0,0,no_volume,0,0,0,0,low_activity,0,0,0,0,low_activity,0,0,0,0,0,0,20574,36523,0.2793,0,-585,23,21,46,44,2
1774110294,44,54,0,0,0,0,no_volume,0,0,0,0,low_activity,0,0,0,0,low_activity,0,0,0,0,0,0,21744,37811,0.2698,1170,585,23,21,46,44,2
1774110295,44,54,0,0,0,0,no_volume,0,0,0,0,no_volume,0,0,0,0,low_activity,0,0,0,0,0,0,21744,37811,0.2698,1170,585,23,21,46,44,2
1774110296,44,54,0,0,0,0,no_volume,0,0,0,0,no_volume,0,0,0,0,low_activity,0,0,0,0,0,0,21744,37811,0.2698,1170,3381,23,21,46,44,2
1774110297,44,54,0,0,0,0,no_volume,0,0,0,0,no_volume,0,0,0,0,low_activity,0,0,0,0,0,0,21744,37811,0.2698,0,1559,23,21,46,44,2
1774110298,44,54,0,0,0,0,no_volume,0,0,0,0,no_volume,0,0,0,0,low_activity,0,0,0,0,0,0,21744,37811,0.2698,0,1559,23,21,46,44,2
1774110299,45,54,0,0,0,0,no_volume,0,0,0,0,no_volume,0,0,0,0,low_activity,0,0,0,0,0,0,20574,40209,0.323,-1170,389,23,22,46,45,1
1774110300,45,54,0,0,0,0,no_volume,0,0,0,0,no_volume,0,0,0,0,low_activity,0,0,0,0,0,0,20574,40209,0.323,-1170,0,23,22,46,45,1
1774110301,45,54,0,0,0,0,no_volume,0,0,0,0,no_volume,0,0,0,0,low_activity,0,0,0,0,0,0,20574,43930,0.3621,-1170,0,23,22,46,45,1
1774110302,45,54,0,0,0,0,no_volume,0,0,0,0,no_volume,0,0,0,0,low_activity,0,0,0,0,0,0,20574,43930,0.3621,0,0,23,22,46,45,1
1774110303,45,54,0,0,0,0,no_volume,0,0,0,0,no_volume,0,0,0,0,low_activity,0,0,0,0,0,0,18124,43930,0.4159,-2450,-2450,24,22,46,45,1
1774110304,45,54,0,0,0,0,no_volume,0,0,0,0,no_volume,0,0,0,0,low_activity,0,0,0,0,0,0,18084,43930,0.4168,-2490,-3660,23,22,46,45,1
1774110305,45,54,0,0,0,0,no_volume,0,0,0,0,no_volume,0,0,0,0,low_activity,0,0,0,0,0,0,18084,43930,0.4168,-2490,-3660,23,22,46,45,1
1774110306,45,54,0,0,0,0,no_volume,0,0,0,0,no_volume,0,0,0,0,low_activity,0,0,0,0,0,0,18084,43930,0.4168,-40,-3660,23,22,46,45,1
1774110307,45,54,0,0,0,0,no_volume,0,0,0,0,no_volume,0,0,0,0,low_activity,0,0,0,0,0,0,17236,43930,0.4364,-848,-4508,22,22,46,45,1
1774110308,45,54,0,0,0,0,no_volume,0,0,0,0,no_volume,0,0,0,0,low_activity,0,0,0,0,0,0,19058,43930,0.3949,974,-2686,22,22,46,45,1
1774110309,45,54,0,0,0,0,low_activity,0,0,0,0,low_activity,0,0,0,0,low_activity,0,0,0,0,0,0,21813,43930,0.3364,3729,1239,21,22,46,45,1
1774110310,45,54,0,0,0,0,low_activity,0,0,0,0,low_activity,0,0,0,0,low_activity,0,0,0,0,0,0,22787,43577,0.3133,5551,2213,22,22,46,45,1
1774110311,45,54,0,0,0,0,low_activity,0,0,0,0,low_activity,0,0,0,0,low_activity,0,0,0,0,0,0,22787,43931,0.3169,3729,2213,22,22,46,45,1
1774110312,45,54,0,0,0,0,no_volume,0,0,0,0,low_activity,0,0,0,0,low_activity,0,0,0,0,0,0,22787,43931,0.3169,974,2213,22,22,46,45,1
1774110313,45,54,0,0,0,0,no_volume,0,0,0,0,low_activity,0,0,0,0,low_activity,0,0,0,0,0,0,19991,43931,0.3745,-2796,1867,22,22,46,45,1
1774110314,45,54,0,0,0,0,no_volume,0,0,0,0,no_volume,0,0,0,0,low_activity,0,0,0,0,0,0,21813,43931,0.3364,-974,3729,23,22,46,45,1
1774110315,45,54,0,0,0,0,no_volume,0,0,0,0,no_volume,0,0,0,0,low_activity,0,0,0,0,0,0,21813,43577,0.3328,-974,3729,23,22,46,45,1
1774110316,45,54,0,0,0,0,no_volume,0,0,0,0,no_volume,0,0,0,0,low_activity,0,0,0,0,0,0,21813,43577,0.3328,1822,3729,23,22,46,45,1
1774110317,45,54,0,0,0,0,no_volume,0,0,0,0,no_volume,0,0,0,0,low_activity,0,0,0,0,0,0,15656,8604,-0.2907,-6157,-1580,22,14,46,45,1
1774110318,21,54,0,0,0,0,no_volume,0,0,0,0,no_volume,0,0,0,0,low_activity,0,0,0,0,0,0,15074,4057,-0.5759,-6739,-3984,20,14,46,21,25
1774110319,21,54,0,0,0,0,no_volume,0,0,0,0,no_volume,0,0,0,0,low_activity,0,0,0,0,0,0,13252,4138,-0.5241,-8561,-8561,19,16,46,21,25
1774110320,45,54,0,0,0,0,low_activity,0,0,0,0,low_activity,0,0,0,0,low_activity,0,0,0,0,0,0,16715,27363,0.2416,1059,-6072,20,19,46,45,1
1774110321,45,54,0,0,0,0,low_activity,0,0,0,0,low_activity,0,0,0,0,low_activity,0,0,0,0,0,0,16715,30723,0.2953,1641,-6072,20,20,46,45,1
1774110322,45,54,0,0,0,0,low_activity,0,0,0,0,low_activity,0,0,0,0,low_activity,0,0,0,0,0,0,16391,30368,0.2989,3139,-6396,20,19,46,45,1
1774110323,45,54,0,0,0,0,low_activity,0,0,0,0,low_activity,0,0,0,0,low_activity,0,0,0,0,0,0,16391,30368,0.2989,-324,-3600,20,19,46,45,1
1774110324,45,54,0,0,0,0,low_activity,0,0,0,0,low_activity,0,0,0,0,low_activity,0,0,0,0,0,0,16705,30368,0.2903,-10,-5108,20,20,46,45,1
1774110325,45,54,0,0,0,0,no_volume,0,0,0,0,low_activity,0,0,0,0,low_activity,0,0,0,0,0,0,16350,30368,0.3001,-41,-5463,20,19,46,45,1
1774110326,45,54,0,0,0,0,no_volume,0,0,0,0,low_activity,0,0,0,0,low_activity,0,0,0,0,0,0,14528,30368,0.3528,-1863,-7285,20,19,46,45,1
1774110327,45,54,0,0,0,0,no_volume,0,0,0,0,no_volume,0,0,0,0,low_activity,0,0,0,0,0,0,16350,30368,0.3001,-355,694,21,19,46,45,1
1774110328,45,54,0,0,0,0,no_volume,0,0,0,0,no_volume,0,0,0,0,low_activity,0,0,0,0,0,0,17679,30723,0.2695,1329,2605,22,19,46,45,1
1774110329,45,54,0,0,0,0,no_volume,0,0,0,0,no_volume,0,0,0,0,low_activity,0,0,0,0,0,0,17324,30723,0.2789,2796,4072,22,19,46,45,1
1774110330,45,54,0,0,0,0,no_volume,0,0,0,0,no_volume,0,0,0,0,low_activity,0,0,0,0,0,0,17324,30723,0.2789,974,609,22,19,46,45,1
1774110331,45,54,0,0,0,0,no_volume,0,0,0,0,no_volume,0,0,0,0,low_activity,0,0,0,0,0,0,17324,30723,0.2789,-355,609,22,19,46,45,1
1774110332,45,54,0,0,0,0,no_volume,0,0,0,0,no_volume,0,0,0,0,low_activity,0,0,0,0,0,0,16350,29435,0.2858,-974,-41,21,19,46,45,1
1774110333,45,54,0,0,0,0,low_activity,0,0,0,0,low_activity,0,0,0,0,low_activity,0,0,0,0,0,0,14710,30723,0.3525,-2614,-1681,20,19,46,45,1
1774110334,45,54,0,0,0,0,low_activity,0,0,0,0,low_activity,0,0,0,0,low_activity,0,0,0,0,0,0,15684,30368,0.3189,-1640,-1021,20,19,46,45,1
1774110335,45,54,0,0,0,0,low_activity,0,0,0,0,low_activity,0,0,0,0,low_activity,0,0,0,0,0,0,17506,30368,0.2687,1156,1156,20,19,46,45,1
1774110336,45,54,0,0,0,0,no_volume,0,0,0,0,low_activity,0,0,0,0,low_activity,0,0,0,0,0,0,17862,30724,0.2647,3152,3334,20,19,46,45,1
1774110337,45,54,0,0,0,0,no_volume,0,0,0,0,low_activity,0,0,0,0,low_activity,0,0,0,0,0,0,15244,6096,-0.4287,-440,-1106,19,13,46,45,1
1774110338,21,54,0,0,0,0,no_volume,0,0,0,0,no_volume,0,0,0,0,low_activity,0,0,0,0,0,0,17511,3309,-0.6821,5,-168,19,14,46,21,25
1774110339,25,54,0,0,0,0,no_volume,0,0,0,0,no_volume,0,0,0,0,low_activity,0,0,0,0,0,0,17511,2021,-0.7931,-351,187,19,14,46,25,21
1774110340,26,54,0,0,0,0,no_volume,0,0,0,0,no_volume,0,0,0,0,low_activity,0,0,0,0,0,0,17511,3315,-0.6816,2267,187,19,15,46,26,20
1774110341,26,54,0,0,0,0,no_volume,0,0,0,0,no_volume,0,0,0,0,low_activity,0,0,0,0,0,0,15689,3315,-0.6511,-1822,-1635,19,16,46,26,20
1774110342,26,54,0,0,0,0,no_volume,0,0,0,0,no_volume,0,0,0,0,low_activity,0,0,0,0,0,0,17511,3315,-0.6816,0,1161,19,14,46,26,20
1774110343,26,54,0,0,0,0,no_volume,0,0,0,0,no_volume,0,0,0,0,low_activity,0,0,0,0,0,0,17511,3315,-0.6816,0,2801,19,15,46,26,20
1774110344,28,54,0,0,0,0,no_volume,0,0,0,0,no_volume,0,0,0,0,low_activity,0,0,0,0,0,0,17511,3315,-0.6816,1822,1827,19,15,46,28,18
1774110345,28,54,0,0,0,0,no_volume,0,0,0,0,no_volume,0,0,0,0,low_activity,0,0,0,0,0,0,17511,3360,-0.678,0,5,19,15,46,28,18
1774110346,28,54,0,0,0,0,no_volume,0,0,0,0,no_volume,0,0,0,0,low_activity,0,0,0,0,0,0,17511,3565,-0.6617,0,-351,19,16,46,28,18
1774110347,28,54,0,0,0,0,no_volume,0,0,0,0,no_volume,0,0,0,0,low_activity,0,0,0,0,0,0,17511,3565,-0.6617,0,2267,19,15,46,28,18
1774110348,42,54,0,0,0,0,no_volume,0,0,0,0,no_volume,0,0,0,0,low_activity,0,0,0,0,0,0,19125,15173,-0.1152,1614,1614,20,21,46,42,4
1774110349,45,54,0,0,0,0,no_volume,0,0,0,0,no_volume,0,0,0,0,low_activity,0,0,0,0,0,0,16532,26067,0.2238,-979,-979,20,21,46,45,1
1774110350,45,54,0,0,0,0,no_volume,0,0,0,0,no_volume,0,0,0,0,low_activity,0,0,0,0,0,0,16532,24453,0.1933,-979,-979,20,20,46,45,1
1774110351,45,54,0,0,0,0,no_volume,0,0,0,0,no_volume,0,0,0,0,low_activity,0,0,0,0,0,0,16532,25741,0.2178,-2593,843,20,20,46,45,1
1774110352,45,54,0,0,0,0,no_volume,0,0,0,0,no_volume,0,0,0,0,low_activity,0,0,0,0,0,0,15684,27029,0.2656,-848,-1827,20,21,46,45,1
1774110353,45,54,0,0,0,0,no_volume,0,0,0,0,no_volume,0,0,0,0,low_activity,0,0,0,0,0,0,17506,27029,0.2138,974,-5,21,21,46,45,1
1774110354,45,54,0,0,0,0,no_volume,0,0,0,0,no_volume,0,0,0,0,low_activity,0,0,0,0,0,0,17506,25741,0.1904,974,-5,21,21,46,45,1
1774110355,45,54,0,0,0,0,no_volume,0,0,0,0,no_volume,0,0,0,0,low_activity,0,0,0,0,0,0,17506,25741,0.1904,1822,-5,21,21,46,45,1
1774110356,45,54,0,0,0,0,no_volume,0,0,0,0,no_volume,0,0,0,0,low_activity,0,0,0,0,0,0,18810,26071,0.1618,1304,1299,22,21,46,45,1
1774110357,45,54,0,0,0,0,no_volume,0,0,0,0,no_volume,0,0,0,0,low_activity,0,0,0,0,0,0,16862,26385,0.2202,-644,-649,21,21,46,45,1
1774110358,45,54,0,0,0,0,no_volume,0,0,0,0,no_volume,0,0,0,0,low_activity,0,0,0,0,0,0,15040,26385,0.2739,-2466,-4085,20,21,46,45,1
1774110359,45,54,0,0,0,0,no_volume,0,0,0,0,no_volume,0,0,0,0,low_activity,0,0,0,0,0,0,17644,26385,0.1985,-1166,1112,21,21,46,45,1
1774110360,45,54,0,0,0,0,no_volume,0,0,0,0,no_volume,0,0,0,0,low_activity,0,0,0,0,0,0,17644,26385,0.1985,782,1112,21,21,46,45,1
1774110361,45,54,0,0,0,0,no_volume,0,0,0,0,no_volume,0,0,0,0,low_activity,0,0,0,0,0,0,17644,26385,0.1985,2604,1112,21,21,46,45,1
1774110362,45,54,0,0,0,0,no_volume,0,0,0,0,no_volume,0,0,0,0,low_activity,0,0,0,0,0,0,17644,26385,0.1985,0,1960,21,21,46,45,1
1774110363,45,54,0,0,0,0,no_volume,0,0,0,0,no_volume,0,0,0,0,no_volume,0,0,0,0,0,0,17644,26385,0.1985,0,138,21,21,46,45,1
1774110364,45,54,0,0,0,0,no_volume,0,0,0,0,no_volume,0,0,0,0,no_volume,0,0,0,0,0,0,16862,26071,0.2145,-782,-644,20,21,46,45,1
1774110365,45,54,0,0,0,0,no_volume,0,0,0,0,no_volume,0,0,0,0,no_volume,0,0,0,0,0,0,16862,26071,0.2145,-782,-644,20,21,46,45,1
1774110366,45,54,0,0,0,0,no_volume,0,0,0,0,no_volume,0,0,0,0,no_volume,0,0,0,0,0,0,16862,26071,0.2145,-782,-1948,20,21,46,45,1
1774110367,45,54,0,0,0,0,no_volume,0,0,0,0,no_volume,0,0,0,0,no_volume,0,0,0,0,0,0,16014,26071,0.239,-848,-848,20,21,46,45,1
1774110368,45,54,0,0,0,0,no_volume,0,0,0,0,no_volume,0,0,0,0,no_volume,0,0,0,0,0,0,17836,26071,0.1876,974,2796,20,21,46,45,1
1774110369,45,54,0,0,0,0,no_volume,0,0,0,0,no_volume,0,0,0,0,no_volume,0,0,0,0,0,0,17644,26071,0.1928,782,0,20,21,46,45,1
1774110370,45,54,0,0,0,0,no_volume,0,0,0,0,no_volume,0,0,0,0,no_volume,0,0,0,0,0,0,18288,26071,0.1755,2274,644,21,21,46,45,1
1774110371,45,54,0,0,0,0,no_volume,0,0,0,0,no_volume,0,0,0,0,no_volume,0,0,0,0,0,0,18288,26071,0.1755,452,644,21,21,46,45,1
1774110372,45,54,0,0,0,0,no_volume,0,0,0,0,no_volume,0,0,0,0,no_volume,0,0,0,0,0,0,18288,26071,0.1755,644,644,21,21,46,45,1
1774110373,45,54,0,0,0,0,no_volume,0,0,0,0,no_volume,0,0,0,0,no_volume,0,0,0,0,0,0,15822,26071,0.2446,-2466,-1822,20,21,46,45,1
1774110374,45,54,0,0,0,0,no_volume,0,0,0,0,no_volume,0,0,0,0,no_volume,0,0,0,0,0,0,17644,26071,0.1928,-644,782,21,21,46,45,1
1774110375,45,53,0,0,0,0,no_volume,0,0,0,0,no_volume,0,0,0,0,no_volume,0,0,0,0,0,0,14115,26071,0.2975,-4173,-2747,21,21,47,45,2
1774110376,45,53,0,0,0,0,no_volume,0,0,0,0,no_volume,0,0,0,0,no_volume,0,0,0,0,0,0,13785,26071,0.3083,-2037,-3077,21,21,47,45,2
1774110377,45,53,0,0,0,0,no_volume,0,0,0,0,no_volume,0,0,0,0,no_volume,0,0,0,0,0,0,13785,26071,0.3083,-3859,-2229,21,21,47,45,2
1774110378,45,53,0,0,0,0,no_volume,0,0,0,0,no_volume,0,0,0,0,no_volume,0,0,0,0,0,0,13785,26071,0.3083,-330,-4051,21,21,47,45,2
1774110379,45,53,0,0,0,0,no_volume,0,0,0,0,no_volume,0,0,0,0,no_volume,0,0,0,0,0,0,13785,26071,0.3083,0,-3859,21,21,47,45,2
1774110380,45,53,0,0,0,0,no_volume,0,0,0,0,no_volume,0,0,0,0,no_volume,0,0,0,0,0,0,13785,26071,0.3083,0,-4503,21,21,47,45,2
1774110381,45,53,0,0,0,0,no_volume,0,0,0,0,no_volume,0,0,0,0,no_volume,0,0,0,0,0,0,13142,26071,0.3297,-643,-5146,21,21,47,45,2
1774110382,45,53,0,0,0,0,no_volume,0,0,0,0,no_volume,0,0,0,0,no_volume,0,0,0,0,0,0,13154,26071,0.3293,-631,-5134,21,21,47,45,2
1774110383,45,53,0,0,0,0,low_activity,0,0,0,0,low_activity,0,0,0,0,low_activity,0,0,0,0,0,0,13144,26385,0.335,-641,-2678,21,21,47,45,2
1774110384,45,53,0,0,0,0,low_activity,0,0,0,0,low_activity,0,0,0,0,low_activity,0,0,0,0,0,0,13144,26385,0.335,2,-4500,21,21,47,45,2
1774110385,45,53,0,0,0,0,no_volume,0,0,0,0,low_activity,0,0,0,0,low_activity,0,0,0,0,0,0,12488,26385,0.3575,-666,-1627,21,21,47,45,2
1774110386,45,53,0,0,0,0,no_volume,0,0,0,0,low_activity,0,0,0,0,low_activity,0,0,0,0,0,0,16677,26071,0.2198,3533,2892,21,21,47,45,2
1774110387,45,53,0,0,0,0,no_volume,0,0,0,0,no_volume,0,0,0,0,low_activity,0,0,0,0,0,0,16677,26071,0.2198,3533,2892,21,21,47,45,2
1774110388,45,53,0,0,0,0,no_volume,0,0,0,0,no_volume,0,0,0,0,low_activity,0,0,0,0,0,0,16677,26071,0.2198,4189,2892,21,21,47,45,2
1774110389,45,53,0,0,0,0,no_volume,0,0,0,0,no_volume,0,0,0,0,low_activity,0,0,0,0,0,0,16677,26071,0.2198,0,2892,21,21,47,45,2
1774110390,45,53,0,0,0,0,no_volume,0,0,0,0,no_volume,0,0,0,0,low_activity,0,0,0,0,0,0,15511,26071,0.254,-1166,1726,20,21,47,45,2
1774110391,45,53,0,0,0,0,no_volume,0,0,0,0,no_volume,0,0,0,0,low_activity,0,0,0,0,0,0,13689,26071,0.3114,-2988,547,20,21,47,45,2
1774110392,45,53,0,0,0,0,no_volume,0,0,0,0,no_volume,0,0,0,0,low_activity,0,0,0,0,0,0,15707,26071,0.2481,-970,2553,20,21,47,45,2
1774110393,45,53,0,0,0,0,no_volume,0,0,0,0,no_volume,0,0,0,0,low_activity,0,0,0,0,0,0,15707,26071,0.2481,196,2563,20,21,47,45,2
1774110394,45,53,0,0,0,0,no_volume,0,0,0,0,no_volume,0,0,0,0,low_activity,0,0,0,0,0,0,15707,26071,0.2481,2018,2563,20,21,47,45,2
1774110395,45,53,0,0,0,0,no_volume,0,0,0,0,no_volume,0,0,0,0,low_activity,0,0,0,0,0,0,15376,25741,0.2521,-331,2888,21,21,47,45,2
1774110396,45,53,0,0,0,0,low_activity,0,0,0,0,low_activity,0,0,0,0,low_activity,0,0,0,0,0,0,15334,25741,0.2534,-373,-1343,21,21,47,45,2
1774110397,45,53,0,0,0,0,low_activity,0,0,0,0,low_activity,0,0,0,0,low_activity,0,0,0,0,0,0,15293,25741,0.2546,-414,-1384,21,21,47,45,2
1774110398,45,53,0,0,0,0,low_activity,0,0,0,0,low_activity,0,0,0,0,low_activity,0,0,0,0,0,0,15293,26055,0.2603,-83,-1384,21,21,47,45,2
1774110399,45,53,0,0,0,0,low_activity,0,0,0,0,low_activity,0,0,0,0,low_activity,0,0,0,0,0,0,16071,26055,0.237,737,-606,22,21,47,45,2
1774110400,45,53,0,0,0,0,no_volume,0,0,0,0,low_activity,0,0,0,0,low_activity,0,0,0,0,0,0,14249,26055,0.2929,-1044,-1262,22,21,47,45,2
1774110401,45,53,0,0,0,0,no_volume,0,0,0,0,low_activity,0,0,0,0,low_activity,0,0,0,0,0,0,15085,26063,0.2668,-208,1396,21,21,47,45,2
1774110402,45,53,0,0,0,0,no_volume,0,0,0,0,no_volume,0,0,0,0,low_activity,0,0,0,0,0,0,16059,26063,0.2375,-12,352,22,21,47,45,2
1774110403,46,53,0,0,0,0,no_volume,0,0,0,0,no_volume,0,0,0,0,low_activity,0,0,0,0,0,0,16090,29547,0.2949,1841,383,22,22,47,46,1
1774110404,46,53,0,0,0,0,no_volume,0,0,0,0,no_volume,0,0,0,0,low_activity,0,0,0,0,0,0,16090,29547,0.2949,1005,383,22,22,47,46,1
1774110405,46,53,0,0,0,0,low_activity,0,0,0,0,low_activity,0,0,0,0,low_activity,0,0,0,0,0,0,16049,29547,0.296,-10,673,22,22,47,46,1
1774110406,46,53,0,0,0,0,low_activity,0,0,0,0,low_activity,0,0,0,0,low_activity,0,0,0,0,0,0,13983,4131,-0.5439,-2107,-1351,20,14,47,46,1
1774110407,31,53,0,0,0,0,low_activity,0,0,0,0,low_activity,0,0,0,0,low_activity,0,0,0,0,0,0,11919,4179,-0.4808,-4171,-3374,18,16,47,31,16
1774110408,31,53,0,0,0,0,no_volume,0,0,0,0,low_activity,0,0,0,0,low_activity,0,0,0,0,0,0,14008,3949,-0.5602,-2041,-1285,19,15,47,31,16
1774110409,31,53,0,0,0,0,no_volume,0,0,0,0,low_activity,0,0,0,0,low_activity,0,0,0,0,0,0,13812,4099,-0.5423,-171,-2259,19,17,47,31,16
1774110410,31,53,0,0,0,0,no_volume,0,0,0,0,no_volume,0,0,0,0,low_activity,0,0,0,0,0,0,13812,4058,-0.5458,1893,-437,19,15,47,31,16
1774110411,31,53,0,0,0,0,no_volume,0,0,0,0,no_volume,0,0,0,0,low_activity,0,0,0,0,0,0,13812,3912,-0.5586,-196,-1273,19,16,47,31,16
1774110412,46,53,0,0,0,0,no_volume,0,0,0,0,no_volume,0,0,0,0,low_activity,0,0,0,0,0,0,12797,31586,0.4233,-1015,-3262,20,22,47,46,1
1774110413,46,53,0,0,0,0,no_volume,0,0,0,0,no_volume,0,0,0,0,low_activity,0,0,0,0,0,0,12797,30298,0.4061,-1015,-3293,20,22,47,46,1
1774110414,46,53,0,0,0,0,no_volume,0,0,0,0,no_volume,0,0,0,0,low_activity,0,0,0,0,0,0,11185,33988,0.5048,-2627,-4905,20,22,47,46,1
1774110415,46,53,0,0,0,0,no_volume,0,0,0,0,no_volume,0,0,0,0,low_activity,0,0,0,0,0,0,13981,35276,0.4323,1184,-2068,21,23,47,46,1
1774110416,46,53,0,0,0,0,no_volume,0,0,0,0,no_volume,0,0,0,0,low_activity,0,0,0,0,0,0,13981,34302,0.4209,1184,-2,21,22,47,46,1
1774110417,46,53,0,0,0,0,no_volume,0,0,0,0,no_volume,0,0,0,0,low_activity,0,0,0,0,0,0,13981,33014,0.405,2796,2062,21,21,47,46,1
1774110418,46,53,0,0,0,0,no_volume,0,0,0,0,no_volume,0,0,0,0,low_activity,0,0,0,0,0,0,13981,33014,0.405,0,-27,21,21,47,46,1
1774110419,46,53,0,0,0,0,no_volume,0,0,0,0,no_volume,0,0,0,0,low_activity,0,0,0,0,0,0,13981,33014,0.405,0,169,21,21,47,46,1
1774110420,46,53,0,0,0,0,no_volume,0,0,0,0,no_volume,0,0,0,0,low_activity,0,0,0,0,0,0,9897,3781,-0.4471,-4084,-3915,19,13,47,46,1
1774110421,24,53,0,0,0,0,no_volume,0,0,0,0,no_volume,0,0,0,0,low_activity,0,0,0,0,0,0,14553,3629,-0.6008,572,741,20,16,47,24,23
1774110422,29,53,0,0,0,0,no_volume,0,0,0,0,no_volume,0,0,0,0,low_activity,0,0,0,0,0,0,14553,3635,-0.6003,572,1756,20,16,47,29,18
1774110423,33,53,0,0,0,0,no_volume,0,0,0,0,no_volume,0,0,0,0,low_activity,0,0,0,0,0,0,14553,3634,-0.6004,4656,1756,20,17,47,33,14
1774110424,37,52,0,0,0,0,no_volume,0,0,0,0,no_volume,0,0,0,0,low_activity,0,0,0,0,0,0,13369,3633,-0.5726,-1184,2184,19,15,48,37,11
1774110425,37,52,0,0,0,0,no_volume,0,0,0,0,no_volume,0,0,0,0,low_activity,0,0,0,0,0,0,12425,3633,-0.5475,-2128,-1556,19,15,48,37,11
1774110426,38,52,0,0,0,0,no_volume,0,0,0,0,no_volume,0,0,0,0,low_activity,0,0,0,0,0,0,15050,2925,-0.6745,497,1069,21,17,48,38,10
1774110427,41,53,0,0,0,0,no_volume,0,0,0,0,no_volume,0,0,0,0,low_activity,0,0,0,0,0,0,19046,2923,-0.7339,5677,5065,22,17,47,41,6
1774110428,43,53,0,0,0,0,no_volume,0,0,0,0,no_volume,0,0,0,0,low_activity,0,0,0,0,0,0,17224,4331,-0.5981,4799,3243,22,19,47,43,4
1774110429,43,53,0,0,0,0,no_volume,0,0,0,0,no_volume,0,0,0,0,low_activity,0,0,0,0,0,0,19046,4331,-0.6295,3996,5065,22,20,47,43,4
1774110430,43,53,0,0,0,0,no_volume,0,0,0,0,no_volume,0,0,0,0,low_activity,0,0,0,0,0,0,18960,4211,-0.6365,-86,9063,21,19,47,43,4
1774110431,45,53,0,0,0,0,no_volume,0,0,0,0,no_volume,0,0,0,0,low_activity,0,0,0,0,0,0,18960,4203,-0.6371,1736,4407,21,18,47,45,2
1774110432,34,53,0,0,0,0,no_volume,0,0,0,0,no_volume,0,0,0,0,low_activity,0,0,0,0,0,0,18960,4361,-0.626,-86,4407,21,19,47,34,13
1774110433,34,53,0,0,0,0,no_volume,0,0,0,0,no_volume,0,0,0,0,low_activity,0,0,0,0,0,0,18960,4215,-0.6362,0,4407,21,17,47,34,13
1774110434,38,53,0,0,0,0,no_volume,0,0,0,0,no_volume,0,0,0,0,low_activity,0,0,0,0,0,0,18960,4361,-0.626,0,5591,21,18,47,38,9
1774110435,38,53,0,0,0,0,no_volume,0,0,0,0,no_volume,0,0,0,0,no_volume,0,0,0,0,0,0,18960,4361,-0.626,0,6535,21,18,47,38,9
1774110436,41,53,0,0,0,0,low_activity,0,0,0,0,low_activity,0,0,0,0,low_activity,0,0,0,0,0,0,18593,3629,-0.6734,-367,3543,21,15,47,41,6
1774110437,26,53,0,0,0,0,low_activity,0,0,0,0,low_activity,0,0,0,0,low_activity,0,0,0,0,0,0,18593,3679,-0.6696,-367,-453,21,17,47,26,21
1774110438,33,53,0,0,0,0,low_activity,0,0,0,0,low_activity,0,0,0,0,low_activity,0,0,0,0,0,0,18593,3629,-0.6734,-367,1369,21,16,47,33,14
1774110439,40,53,0,0,0,0,no_volume,0,0,0,0,low_activity,0,0,0,0,low_activity,0,0,0,0,0,0,18593,3629,-0.6734,0,-453,21,15,47,40,7
1774110440,42,53,0,0,0,0,low_activity,0,0,0,0,low_activity,0,0,0,0,low_activity,0,0,0,0,0,0,18210,3704,-0.662,-383,-750,21,18,47,42,5
1774110441,34,53,0,0,0,0,low_activity,0,0,0,0,low_activity,0,0,0,0,low_activity,0,0,0,0,0,0,18210,3629,-0.6677,-383,-750,21,14,47,34,13
1774110442,37,53,0,0,0,0,low_activity,0,0,0,0,low_activity,0,0,0,0,low_activity,0,0,0,0,0,0,18210,3629,-0.6677,-383,-750,21,15,47,37,10
1774110443,38,53,0,0,0,0,no_volume,0,0,0,0,low_activity,0,0,0,0,low_activity,0,0,0,0,0,0,18210,3596,-0.6702,0,-750,21,15,47,38,9
1774110444,38,53,0,0,0,0,low_activity,0,0,0,0,low_activity,0,0,0,0,low_activity,0,0,0,0,0,0,18015,3596,-0.6672,-195,-945,21,16,47,38,9
1774110445,38,53,0,0,0,0,low_activity,0,0,0,0,low_activity,0,0,0,0,low_activity,0,0,0,0,0,0,18015,4254,-0.6179,-195,-945,21,18,47,38,9
1774110446,38,53,0,0,0,0,low_activity,0,0,0,0,low_activity,0,0,0,0,low_activity,0,0,0,0,0,0,18013,2896,-0.723,-197,-580,21,19,47,38,9
1774110447,38,53,0,0,0,0,low_activity,0,0,0,0,low_activity,0,0,0,0,low_activity,0,0,0,0,0,0,17699,4284,-0.6102,-316,-894,20,18,47,38,9
1774110448,38,53,0,0,0,0,low_activity,0,0,0,0,low_activity,0,0,0,0,low_activity,0,0,0,0,0,0,17699,4254,-0.6124,-316,-894,20,18,47,38,9
1774110449,38,53,0,0,0,0,no_volume,0,0,0,0,low_activity,0,0,0,0,low_activity,0,0,0,0,0,0,17699,4134,-0.6213,-314,-894,20,18,47,38,9
1774110450,38,53,0,0,0,0,no_volume,0,0,0,0,low_activity,0,0,0,0,low_activity,0,0,0,0,0,0,17699,4134,-0.6213,0,-511,20,18,47,38,9
1774110451,39,53,0,0,0,0,no_volume,0,0,0,0,no_volume,0,0,0,0,low_activity,0,0,0,0,0,0,17699,4134,-0.6213,0,-511,20,16,47,39,8
1774110452,29,53,0,0,0,0,no_volume,0,0,0,0,no_volume,0,0,0,0,low_activity,0,0,0,0,0,0,17699,4278,-0.6107,0,-511,20,17,47,29,18
1774110453,34,53,0,0,0,0,no_volume,0,0,0,0,no_volume,0,0,0,0,low_activity,0,0,0,0,0,0,17699,4278,-0.6107,0,-511,20,17,47,34,13
1774110454,31,53,0,0,0,0,no_volume,0,0,0,0,no_volume,0,0,0,0,low_activity,0,0,0,0,0,0,17699,3935,-0.6362,0,-316,20,16,47,31,16
1774110455,23,53,0,0,0,0,low_activity,0,0,0,0,low_activity,0,0,0,0,low_activity,0,0,0,0,0,0,17699,2273,-0.7724,0,-316,20,14,47,23,24
1774110456,25,52,0,0,0,0,low_activity,0,0,0,0,low_activity,0,0,0,0,low_activity,0,0,0,0,0,0,16422,3561,-0.6436,-1277,-1591,19,15,48,25,23
1774110457,34,52,0,0,0,0,low_activity,0,0,0,0,low_activity,0,0,0,0,low_activity,0,0,0,0,0,0,16422,3566,-0.6432,-1277,-1277,19,15,48,34,14
1774110458,38,52,0,0,0,0,no_volume,0,0,0,0,low_activity,0,0,0,0,low_activity,0,0,0,0,0,0,16410,3715,-0.6308,-1289,-1289,19,16,48,38,10
1774110459,38,52,0,0,0,0,no_volume,0,0,0,0,low_activity,0,0,0,0,low_activity,0,0,0,0,0,0,16410,3715,-0.6308,-12,-1289,19,17,48,38,10
1774110460,26,52,0,0,0,0,no_volume,0,0,0,0,no_volume,0,0,0,0,low_activity,0,0,0,0,0,0,16410,3636,-0.6372,-12,-1289,19,16,48,26,22
1774110461,30,52,0,0,0,0,no_volume,0,0,0,0,no_volume,0,0,0,0,low_activity,0,0,0,0,0,0,16422,3566,-0.6432,12,-1277,19,17,48,30,18
1774110462,32,52,0,0,0,0,no_volume,0,0,0,0,no_volume,0,0,0,0,low_activity,0,0,0,0,0,0,16422,3566,-0.6432,12,-1277,19,17,48,32,16
1774110463,32,52,0,0,0,0,no_volume,0,0,0,0,no_volume,0,0,0,0,low_activity,0,0,0,0,0,0,16422,3716,-0.6309,12,-1277,19,18,48,32,16
1774110464,32,52,0,0,0,0,no_volume,0,0,0,0,no_volume,0,0,0,0,low_activity,0,0,0,0,0,0,16422,3574,-0.6425,0,-1277,19,18,48,32,16
1774110465,34,52,0,0,0,0,no_volume,0,0,0,0,no_volume,0,0,0,0,low_activity,0,0,0,0,0,0,16422,3774,-0.6263,0,-1277,19,18,48,34,14
1774110466,38,52,0,0,0,0,no_volume,0,0,0,0,no_volume,0,0,0,0,low_activity,0,0,0,0,0,0,17710,6873,-0.4408,1288,1288,20,19,48,38,10
1774110467,47,52,0,0,0,0,no_volume,0,0,0,0,no_volume,0,0,0,0,low_activity,0,0,0,0,0,0,19946,13289,-0.2003,3524,3524,20,24,48,47,1
1774110468,47,52,0,0,0,0,no_volume,0,0,0,0,no_volume,0,0,0,0,low_activity,0,0,0,0,0,0,18124,14568,-0.1088,1702,1714,20,24,48,47,1
1774110469,47,52,0,0,0,0,no_volume,0,0,0,0,no_volume,0,0,0,0,low_activity,0,0,0,0,0,0,19946,14806,-0.1479,2236,3536,21,24,48,47,1
1774110470,47,52,0,0,0,0,no_volume,0,0,0,0,no_volume,0,0,0,0,low_activity,0,0,0,0,0,0,19946,14806,-0.1479,0,3536,21,24,48,47,1
1774110471,47,52,0,0,0,0,no_volume,0,0,0,0,no_volume,0,0,0,0,low_activity,0,0,0,0,0,0,18658,8303,-0.3841,534,2236,20,14,48,47,1
1774110472,25,52,0,0,0,0,no_volume,0,0,0,0,no_volume,0,0,0,0,low_activity,0,0,0,0,0,0,18448,4135,-0.6338,-1498,2026,20,16,48,25,23
1774110473,30,52,0,0,0,0,no_volume,0,0,0,0,no_volume,0,0,0,0,low_activity,0,0,0,0,0,0,18448,4135,-0.6338,-1498,2026,20,15,48,30,18
1774110474,37,52,0,0,0,0,no_volume,0,0,0,0,no_volume,0,0,0,0,low_activity,0,0,0,0,0,0,16626,4139,-0.6013,-2032,204,19,16,48,37,11
1774110475,46,52,0,0,0,0,no_volume,0,0,0,0,no_volume,0,0,0,0,low_activity,0,0,0,0,0,0,17369,13113,-0.1396,-1079,947,19,20,48,46,2
1774110476,47,52,0,0,0,0,no_volume,0,0,0,0,no_volume,0,0,0,0,low_activity,0,0,0,0,0,0,17369,17455,0.0025,-1079,-341,19,22,48,47,1
1774110477,47,52,0,0,0,0,low_activity,0,0,0,0,low_activity,0,0,0,0,low_activity,0,0,0,0,0,0,17279,17455,0.0051,653,-2667,19,22,48,47,1
1774110478,47,52,0,0,0,0,low_activity,0,0,0,0,low_activity,0,0,0,0,low_activity,0,0,0,0,0,0,17279,17455,0.0051,-90,-845,19,22,48,47,1
1774110479,47,52,0,0,0,0,low_activity,0,0,0,0,low_activity,0,0,0,0,low_activity,0,0,0,0,0,0,18253,18743,0.0132,884,-1693,20,22,48,47,1
1774110480,47,52,0,0,0,0,no_volume,0,0,0,0,low_activity,0,0,0,0,low_activity,0,0,0,0,0,0,17279,16167,-0.0332,0,-2667,20,20,48,47,1
1774110481,47,51,0,0,0,0,no_volume,0,0,0,0,low_activity,0,0,0,0,low_activity,0,0,0,0,0,0,16179,17455,0.0379,-1100,-2479,21,21,49,47,2
1774110482,47,51,0,0,0,0,no_volume,0,0,0,0,no_volume,0,0,0,0,low_activity,0,0,0,0,0,0,14357,17455,0.0974,-3896,-4091,21,21,49,47,2
1774110483,47,51,0,0,0,0,no_volume,0,0,0,0,no_volume,0,0,0,0,low_activity,0,0,0,0,0,0,17153,17455,0.0087,-126,-1295,23,21,49,47,2
1774110484,47,51,0,0,0,0,no_volume,0,0,0,0,no_volume,0,0,0,0,low_activity,0,0,0,0,0,0,17153,17455,0.0087,974,527,23,21,49,47,2
1774110485,47,51,0,0,0,0,no_volume,0,0,0,0,no_volume,0,0,0,0,low_activity,0,0,0,0,0,0,17153,17455,0.0087,2796,-216,23,21,49,47,2
1774110486,47,51,0,0,0,0,no_volume,0,0,0,0,no_volume,0,0,0,0,low_activity,0,0,0,0,0,0,17153,17455,0.0087,0,-216,23,21,49,47,2
1774110487,47,51,0,0,0,0,no_volume,0,0,0,0,no_volume,0,0,0,0,low_activity,0,0,0,0,0,0,17153,17455,0.0087,0,-126,23,21,49,47,2
1774110488,47,51,0,0,0,0,no_volume,0,0,0,0,no_volume,0,0,0,0,low_activity,0,0,0,0,0,0,17153,17455,0.0087,0,-126,23,21,49,47,2
1774110489,47,51,0,0,0,0,no_volume,0,0,0,0,no_volume,0,0,0,0,low_activity,0,0,0,0,0,0,15979,17769,0.053,-1174,-2274,22,21,49,47,2
1774110490,47,51,0,0,0,0,low_activity,0,0,0,0,low_activity,0,0,0,0,low_activity,0,0,0,0,0,0,15970,17769,0.0533,-1183,-1309,22,21,49,47,2
1774110491,47,51,0,0,0,0,low_activity,0,0,0,0,low_activity,0,0,0,0,low_activity,0,0,0,0,0,0,15970,16481,0.0157,-1183,-209,22,20,49,47,2
1774110492,47,51,0,0,0,0,low_activity,0,0,0,0,low_activity,0,0,0,0,low_activity,0,0,0,0,0,0,15122,17769,0.0805,-857,765,21,20,49,47,2
1774110493,47,51,0,0,0,0,no_volume,0,0,0,0,low_activity,0,0,0,0,low_activity,0,0,0,0,0,0,16944,17769,0.0238,974,-209,21,20,49,47,2
1774110494,47,51,0,0,0,0,no_volume,0,0,0,0,low_activity,0,0,0,0,low_activity,0,0,0,0,0,0,16944,17769,0.0238,974,-209,21,20,49,47,2
1774110495,47,51,0,0,0,0,no_volume,0,0,0,0,no_volume,0,0,0,0,low_activity,0,0,0,0,0,0,16932,17455,0.0152,1810,-221,21,20,49,47,2
1774110496,47,51,0,0,0,0,no_volume,0,0,0,0,no_volume,0,0,0,0,low_activity,0,0,0,0,0,0,17906,17455,-0.0128,962,753,22,20,49,47,2
1774110497,47,51,0,0,0,0,no_volume,0,0,0,0,no_volume,0,0,0,0,low_activity,0,0,0,0,0,0,17906,17455,-0.0128,962,753,22,20,49,47,2
1774110498,47,51,0,0,0,0,no_volume,0,0,0,0,no_volume,0,0,0,0,low_activity,0,0,0,0,0,0,17906,17455,-0.0128,974,753,22,20,49,47,2
1774110499,47,51,0,0,0,0,no_volume,0,0,0,0,no_volume,0,0,0,0,low_activity,0,0,0,0,0,0,17906,17455,-0.0128,0,1927,22,20,49,47,2
1774110500,47,51,0,0,0,0,no_volume,0,0,0,0,no_volume,0,0,0,0,low_activity,0,0,0,0,0,0,17906,17455,-0.0128,0,1936,22,20,49,47,2
1774110501,47,51,0,0,0,0,no_volume,0,0,0,0,no_volume,0,0,0,0,low_activity,0,0,0,0,0,0,17906,17455,-0.0128,0,1936,22,20,49,47,2
1774110502,47,51,0,0,0,0,no_volume,0,0,0,0,no_volume,0,0,0,0,low_activity,0,0,0,0,0,0,17906,17455,-0.0128,0,2784,22,20,49,47,2
1774110503,47,51,0,0,0,0,no_volume,0,0,0,0,no_volume,0,0,0,0,low_activity,0,0,0,0,0,0,17906,17455,-0.0128,0,962,22,20,49,47,2
1774110504,47,52,0,0,0,0,no_volume,0,0,0,0,no_volume,0,0,0,0,low_activity,0,0,0,0,0,0,16158,17455,0.0386,-1748,-786,22,20,48,47,1
1774110505,47,52,0,0,0,0,no_volume,0,0,0,0,no_volume,0,0,0,0,low_activity,0,0,0,0,0,0,16158,17455,0.0386,-1748,-774,22,20,48,47,1
1774110506,47,52,0,0,0,0,no_volume,0,0,0,0,no_volume,0,0,0,0,low_activity,0,0,0,0,0,0,16158,17455,0.0386,-1748,-1748,22,20,48,47,1
1774110507,47,52,0,0,0,0,no_volume,0,0,0,0,no_volume,0,0,0,0,low_activity,0,0,0,0,0,0,15310,17455,0.0655,-848,-2596,22,20,48,47,1
1774110508,48,51,0,0,0,0,no_volume,0,0,0,0,no_volume,0,0,0,0,low_activity,0,0,0,0,0,0,16932,19152,0.0615,774,-974,21,21,49,48,1
1774110509,48,51,0,0,0,0,no_volume,0,0,0,0,no_volume,0,0,0,0,low_activity,0,0,0,0,0,0,18552,19152,0.0159,2394,646,22,21,49,48,1
1774110510,48,51,0,0,0,0,no_volume,0,0,0,0,no_volume,0,0,0,0,low_activity,0,0,0,0,0,0,18552,19152,0.0159,3242,646,22,21,49,48,1
1774110511,48,51,0,0,0,0,no_volume,0,0,0,0,no_volume,0,0,0,0,low_activity,0,0,0,0,0,0,18552,19152,0.0159,1620,646,22,21,49,48,1
1774110512,48,51,0,0,0,0,no_volume,0,0,0,0,no_volume,0,0,0,0,low_activity,0,0,0,0,0,0,18552,19152,0.0159,0,646,22,21,49,48,1
1774110513,48,51,0,0,0,0,no_volume,0,0,0,0,no_volume,0,0,0,0,low_activity,0,0,0,0,0,0,18552,19152,0.0159,0,646,22,21,49,48,1
1774110514,48,51,0,0,0,0,no_volume,0,0,0,0,no_volume,0,0,0,0,low_activity,0,0,0,0,0,0,17782,19152,0.0371,-770,1624,22,21,49,48,1
1774110515,48,51,0,0,0,0,no_volume,0,0,0,0,no_volume,0,0,0,0,low_activity,0,0,0,0,0,0,17782,19152,0.0371,-770,1624,22,21,49,48,1
1774110516,48,51,0,0,0,0,no_volume,0,0,0,0,no_volume,0,0,0,0,low_activity,0,0,0,0,0,0,15960,19152,0.0909,-2592,-198,22,21,49,48,1
1774110517,48,51,0,0,0,0,no_volume,0,0,0,0,no_volume,0,0,0,0,low_activity,0,0,0,0,0,0,18284,19152,0.0232,502,2974,24,21,49,48,1
1774110518,48,51,0,0,0,0,no_volume,0,0,0,0,no_volume,0,0,0,0,low_activity,0,0,0,0,0,0,18284,19152,0.0232,502,1352,24,21,49,48,1
1774110519,48,51,0,0,0,0,no_volume,0,0,0,0,no_volume,0,0,0,0,low_activity,0,0,0,0,0,0,18284,19152,0.0232,2324,-268,24,21,49,48,1
1774110520,48,51,0,0,0,0,no_volume,0,0,0,0,no_volume,0,0,0,0,no_volume,0,0,0,0,0,0,19054,19152,0.0026,770,502,25,21,49,48,1
1774110521,48,51,0,0,0,0,no_volume,0,0,0,0,no_volume,0,0,0,0,no_volume,0,0,0,0,0,0,19054,19152,0.0026,770,502,25,21,49,48,1
1774110522,48,51,0,0,0,0,no_volume,0,0,0,0,no_volume,0,0,0,0,no_volume,0,0,0,0,0,0,19054,19152,0.0026,770,502,25,21,49,48,1
1774110523,48,51,0,0,0,0,no_volume,0,0,0,0,no_volume,0,0,0,0,no_volume,0,0,0,0,0,0,20440,19152,-0.0325,1386,1888,24,21,49,48,1
1774110524,48,51,0,0,0,0,no_volume,0,0,0,0,no_volume,0,0,0,0,no_volume,0,0,0,0,0,0,20440,19152,-0.0325,1386,2658,24,21,49,48,1
1774110525,48,51,0,0,0,0,no_volume,0,0,0,0,no_volume,0,0,0,0,no_volume,0,0,0,0,0,0,19592,19152,-0.0114,538,1810,23,21,49,48,1
1774110526,48,51,0,0,0,0,no_volume,0,0,0,0,no_volume,0,0,0,0,no_volume,0,0,0,0,0,0,19378,19220,-0.0041,-1062,3418,23,21,49,48,1
1774110527,48,51,0,0,0,0,no_volume,0,0,0,0,no_volume,0,0,0,0,no_volume,0,0,0,0,0,0,19378,19220,-0.0041,-1062,1094,23,21,49,48,1
1774110528,48,51,0,0,0,0,no_volume,0,0,0,0,no_volume,0,0,0,0,no_volume,0,0,0,0,0,0,19378,19220,-0.0041,-214,1094,23,21,49,48,1
1774110529,48,51,0,0,0,0,no_volume,0,0,0,0,no_volume,0,0,0,0,no_volume,0,0,0,0,0,0,20352,21624,0.0303,974,2068,24,21,49,48,1
1774110530,48,51,0,0,0,0,no_volume,0,0,0,0,no_volume,0,0,0,0,no_volume,0,0,0,0,0,0,20352,21624,0.0303,974,1298,24,21,49,48,1
1774110531,48,51,0,0,0,0,no_volume,0,0,0,0,no_volume,0,0,0,0,no_volume,0,0,0,0,0,0,16582,21624,0.132,-2796,-2472,23,21,49,48,1
1774110532,48,51,0,0,0,0,no_volume,0,0,0,0,no_volume,0,0,0,0,no_volume,0,0,0,0,0,0,19378,21624,0.0548,-974,324,25,21,49,48,1
1774110533,48,51,0,0,0,0,no_volume,0,0,0,0,no_volume,0,0,0,0,no_volume,0,0,0,0,0,0,19338,21624,0.0558,-1014,-1102,25,21,49,48,1
1774110534,48,51,0,0,0,0,low_activity,0,0,0,0,low_activity,0,0,0,0,low_activity,0,0,0,0,0,0,19296,21624,0.0569,2714,-1144,25,21,49,48,1
1774110535,48,51,0,0,0,0,low_activity,0,0,0,0,low_activity,0,0,0,0,low_activity,0,0,0,0,0,0,19329,21624,0.056,-49,-263,25,21,49,48,1
1774110536,48,51,0,0,0,0,low_activity,0,0,0,0,low_activity,0,0,0,0,low_activity,0,0,0,0,0,0,19329,21624,0.056,-9,-49,25,21,49,48,1
1774110537,48,51,0,0,0,0,no_volume,0,0,0,0,low_activity,0,0,0,0,low_activity,0,0,0,0,0,0,18355,21624,0.0818,-941,-1023,24,21,49,48,1
1774110538,48,51,0,0,0,0,low_activity,0,0,0,0,low_activity,0,0,0,0,low_activity,0,0,0,0,0,0,17831,21624,0.0961,-1498,-1547,24,21,49,48,1
1774110539,48,51,0,0,0,0,low_activity,0,0,0,0,low_activity,0,0,0,0,low_activity,0,0,0,0,0,0,17831,19220,0.0375,-1498,-2521,24,21,49,48,1
1774110540,48,51,0,0,0,0,low_activity,0,0,0,0,low_activity,0,0,0,0,low_activity,0,0,0,0,0,0,16983,19220,0.0618,-1372,-3369,23,21,49,48,1
1774110541,48,51,0,0,0,0,no_volume,0,0,0,0,low_activity,0,0,0,0,low_activity,0,0,0,0,0,0,21787,19220,-0.0626,3956,5205,23,21,49,48,1
1774110542,48,51,0,0,0,0,no_volume,0,0,0,0,low_activity,0,0,0,0,low_activity,0,0,0,0,0,0,21787,19220,-0.0626,3956,2409,23,21,49,48,1
1774110543,48,51,0,0,0,0,no_volume,0,0,0,0,no_volume,0,0,0,0,low_activity,0,0,0,0,0,0,22761,19220,-0.0843,5778,3423,24,21,49,48,1
1774110544,48,50,0,0,0,0,low_activity,0,0,0,0,low_activity,0,0,0,0,low_activity,0,0,0,0,0,0,20978,19220,-0.0437,-809,1682,23,21,50,48,2
1774110545,48,50,0,0,0,0,low_activity,0,0,0,0,low_activity,0,0,0,0,low_activity,0,0,0,0,0,0,21826,19220,-0.0635,39,2497,24,21,50,48,2
1774110546,48,50,0,0,0,0,low_activity,0,0,0,0,low_activity,0,0,0,0,low_activity,0,0,0,0,0,0,21826,19220,-0.0635,-935,2497,24,21,50,48,2
1774110547,48,50,0,0,0,0,no_volume,0,0,0,0,low_activity,0,0,0,0,low_activity,0,0,0,0,0,0,21826,19220,-0.0635,848,3471,24,21,50,48,2
1774110548,48,50,0,0,0,0,no_volume,0,0,0,0,low_activity,0,0,0,0,low_activity,0,0,0,0,0,0,21826,19220,-0.0635,0,3995,24,21,50,48,2
1774110549,48,50,0,0,0,0,no_volume,0,0,0,0,no_volume,0,0,0,0,low_activity,0,0,0,0,0,0,21826,19220,-0.0635,0,3995,24,21,50,48,2
1774110550,48,50,0,0,0,0,no_volume,0,0,0,0,no_volume,0,0,0,0,low_activity,0,0,0,0,0,0,21826,19220,-0.0635,0,4843,24,21,50,48,2
1774110551,48,50,0,0,0,0,no_volume,0,0,0,0,no_volume,0,0,0,0,low_activity,0,0,0,0,0,0,21826,19220,-0.0635,0,39,24,21,50,48,2
1774110552,48,50,0,0,0,0,low_activity,0,0,0,0,low_activity,0,0,0,0,low_activity,0,0,0,0,0,0,23607,19220,-0.1024,1781,1820,24,21,50,48,2
1774110553,48,50,0,0,0,0,low_activity,0,0,0,0,low_activity,0,0,0,0,low_activity,0,0,0,0,0,0,23607,19220,-0.1024,1781,846,24,21,50,48,2
1774110554,48,50,0,0,0,0,low_activity,0,0,0,0,low_activity,0,0,0,0,low_activity,0,0,0,0,0,0,22551,19220,-0.0797,725,1573,23,21,50,48,2
1774110555,48,50,0,0,0,0,no_volume,0,0,0,0,low_activity,0,0,0,0,low_activity,0,0,0,0,0,0,24373,19220,-0.1182,766,2547,23,21,50,48,2
1774110556,48,50,0,0,0,0,no_volume,0,0,0,0,low_activity,0,0,0,0,low_activity,0,0,0,0,0,0,20657,19220,-0.036,-2950,-1169,23,21,50,48,2
1774110557,48,50,0,0,0,0,no_volume,0,0,0,0,no_volume,0,0,0,0,low_activity,0,0,0,0,0,0,20657,19220,-0.036,-1894,-1169,23,21,50,48,2
1774110558,48,50,0,0,0,0,no_volume,0,0,0,0,no_volume,0,0,0,0,low_activity,0,0,0,0,0,0,21631,19534,-0.0509,-2742,-195,24,21,50,48,2
1774110559,48,50,0,0,0,0,no_volume,0,0,0,0,no_volume,0,0,0,0,low_activity,0,0,0,0,0,0,17861,19534,0.0447,-2796,-3965,23,21,50,48,2
1774110560,48,50,0,0,0,0,no_volume,0,0,0,0,no_volume,0,0,0,0,low_activity,0,0,0,0,0,0,17861,19534,0.0447,-2796,-3965,23,21,50,48,2
1774110561,49,50,0,0,0,0,no_volume,0,0,0,0,no_volume,0,0,0,0,low_activity,0,0,0,0,0,0,19716,22345,0.0625,-1915,-2110,25,22,50,49,1
1774110562,49,50,0,0,0,0,no_volume,0,0,0,0,no_volume,0,0,0,0,low_activity,0,0,0,0,0,0,19716,22345,0.0625,1855,-3891,25,22,50,49,1
1774110563,49,50,0,0,0,0,no_volume,0,0,0,0,no_volume,0,0,0,0,low_activity,0,0,0,0,0,0,19716,22345,0.0625,1855,-3891,25,22,50,49,1
1774110564,49,50,0,0,0,0,no_volume,0,0,0,0,no_volume,0,0,0,0,low_activity,0,0,0,0,0,0,19716,22345,0.0625,0,-2835,25,22,50,49,1
1774110565,49,50,0,0,0,0,no_volume,0,0,0,0,no_volume,0,0,0,0,low_activity,0,0,0,0,0,0,19716,22345,0.0625,0,-4657,25,22,50,49,1
1774110566,49,50,0,0,0,0,no_volume,0,0,0,0,no_volume,0,0,0,0,low_activity,0,0,0,0,0,0,19716,22345,0.0625,0,-941,25,22,50,49,1
1774110567,49,50,0,0,0,0,no_volume,0,0,0,0,no_volume,0,0,0,0,low_activity,0,0,0,0,0,0,19920,22031,0.0503,204,-737,25,22,50,49,1
1774110568,49,50,0,0,0,0,no_volume,0,0,0,0,no_volume,0,0,0,0,low_activity,0,0,0,0,0,0,19920,22031,0.0503,204,-1711,25,22,50,49,1
1774110569,49,50,0,0,0,0,no_volume,0,0,0,0,no_volume,0,0,0,0,low_activity,0,0,0,0,0,0,18098,22031,0.098,-1618,237,24,22,50,49,1
1774110570,49,50,0,0,0,0,no_volume,0,0,0,0,no_volume,0,0,0,0,low_activity,0,0,0,0,0,0,19920,22031,0.0503,0,2059,24,22,50,49,1
1774110571,49,50,0,0,0,0,no_volume,0,0,0,0,no_volume,0,0,0,0,low_activity,0,0,0,0,0,0,19920,22031,0.0503,0,204,24,22,50,49,1
1774110572,49,50,0,0,0,0,no_volume,0,0,0,0,no_volume,0,0,0,0,low_activity,0,0,0,0,0,0,19920,22031,0.0503,1822,204,24,22,50,49,1
1774110573,49,50,0,0,0,0,no_volume,0,0,0,0,no_volume,0,0,0,0,low_activity,0,0,0,0,0,0,19920,22031,0.0503,0,204,24,22,50,49,1
1774110574,49,50,0,0,0,0,no_volume,0,0,0,0,no_volume,0,0,0,0,low_activity,0,0,0,0,0,0,19920,22031,0.0503,0,204,24,22,50,49,1
1774110575,49,50,0,0,0,0,no_volume,0,0,0,0,no_volume,0,0,0,0,low_activity,0,0,0,0,0,0,19920,22031,0.0503,0,204,24,22,50,49,1
1774110576,49,50,0,0,0,0,no_volume,0,0,0,0,no_volume,0,0,0,0,low_activity,0,0,0,0,0,0,19920,23005,0.0719,0,204,24,22,50,49,1
1774110577,49,50,0,0,0,0,no_volume,0,0,0,0,no_volume,0,0,0,0,low_activity,0,0,0,0,0,0,19920,23005,0.0719,0,0,24,22,50,49,1
1774110578,49,50,0,0,0,0,no_volume,0,0,0,0,no_volume,0,0,0,0,low_activity,0,0,0,0,0,0,19920,23005,0.0719,0,0,24,22,50,49,1
1774110579,49,50,0,0,0,0,no_volume,0,0,0,0,no_volume,0,0,0,0,low_activity,0,0,0,0,0,0,18098,23005,0.1194,-1822,0,24,22,50,49,1
1774110580,49,50,0,0,0,0,no_volume,0,0,0,0,no_volume,0,0,0,0,low_activity,0,0,0,0,0,0,18632,8505,-0.3732,-1288,-1288,24,15,50,49,1
1774110581,21,50,0,0,0,0,no_volume,0,0,0,0,no_volume,0,0,0,0,low_activity,0,0,0,0,0,0,17865,3725,-0.6549,-2055,-2055,21,15,50,21,29
1774110582,23,52,0,0,0,0,no_volume,0,0,0,0,no_volume,0,0,0,0,no_volume,0,0,0,0,0,0,18016,2788,-0.732,-82,-1904,23,16,48,23,25
1774110583,26,52,0,0,0,0,no_volume,0,0,0,0,no_volume,0,0,0,0,no_volume,0,0,0,0,0,0,18016,4282,-0.6159,-616,-1904,23,18,48,26,22
1774110584,26,52,0,0,0,0,no_volume,0,0,0,0,no_volume,0,0,0,0,no_volume,0,0,0,0,0,0,16194,4282,-0.5818,-1671,-3726,22,19,48,26,22
1774110585,28,52,0,0,0,0,no_volume,0,0,0,0,no_volume,0,0,0,0,no_volume,0,0,0,0,0,0,18016,3963,-0.6394,0,-1904,22,17,48,28,20
1774110586,31,52,0,0,0,0,no_volume,0,0,0,0,no_volume,0,0,0,0,no_volume,0,0,0,0,0,0,18016,3995,-0.637,0,-1904,22,19,48,31,17
1774110587,44,52,0,0,0,0,no_volume,0,0,0,0,no_volume,0,0,0,0,no_volume,0,0,0,0,0,0,21706,22752,0.0235,5512,1786,23,26,48,44,4
1774110588,47,52,0,0,0,0,no_volume,0,0,0,0,no_volume,0,0,0,0,no_volume,0,0,0,0,0,0,21739,26596,0.1005,3723,1819,24,27,48,47,1
1774110589,48,50,0,0,0,0,no_volume,0,0,0,0,no_volume,0,0,0,0,no_volume,0,0,0,0,0,0,21370,25083,0.0799,3354,3272,22,25,50,48,2
1774110590,49,50,0,0,0,0,no_volume,0,0,0,0,no_volume,0,0,0,0,no_volume,0,0,0,0,0,0,21564,14595,-0.1927,-142,2932,23,19,50,49,1
1774110591,49,50,0,0,0,0,no_volume,0,0,0,0,no_volume,0,0,0,0,no_volume,0,0,0,0,0,0,19709,23309,0.0837,-2030,1844,22,22,50,49,1
1774110592,49,50,0,0,0,0,no_volume,0,0,0,0,no_volume,0,0,0,0,no_volume,0,0,0,0,0,0,18977,23871,0.1142,-2393,961,22,21,50,49,1
1774110593,49,50,0,0,0,0,no_volume,0,0,0,0,no_volume,0,0,0,0,no_volume,0,0,0,0,0,0,19869,24054,0.0953,-1695,1853,23,22,50,49,1
1774110594,49,50,0,0,0,0,no_volume,0,0,0,0,no_volume,0,0,0,0,no_volume,0,0,0,0,0,0,20843,25342,0.0974,1134,4649,23,22,50,49,1
1774110595,49,50,0,0,0,0,no_volume,0,0,0,0,no_volume,0,0,0,0,no_volume,0,0,0,0,0,0,20635,25159,0.0988,1658,2619,23,22,50,49,1
1774110596,49,50,0,0,0,0,no_volume,0,0,0,0,no_volume,0,0,0,0,no_volume,0,0,0,0,0,0,19881,24096,0.0958,12,1865,23,24,50,49,1
1774110597,49,50,0,0,0,0,no_volume,0,0,0,0,no_volume,0,0,0,0,no_volume,0,0,0,0,0,0,19881,22808,0.0686,-962,-1825,23,24,50,49,1
1774110598,49,50,0,0,0,0,no_volume,0,0,0,0,no_volume,0,0,0,0,no_volume,0,0,0,0,0,0,17013,23904,0.1684,-3622,-4726,23,24,50,49,1
1774110599,49,50,0,0,0,0,no_volume,0,0,0,0,no_volume,0,0,0,0,no_volume,0,0,0,0,0,0,19229,23904,0.1084,-652,-2141,23,24,50,49,1
1774110600,49,50,0,0,0,0,no_volume,0,0,0,0,no_volume,0,0,0,0,no_volume,0,0,0,0,0,0,19440,24106,0.1072,-441,-2124,23,25,50,49,1
1774110601,49,50,0,0,0,0,no_volume,0,0,0,0,no_volume,0,0,0,0,no_volume,0,0,0,0,0,0,19440,24106,0.1072,2427,-269,23,25,50,49,1
1774110602,49,50,0,0,0,0,no_volume,0,0,0,0,no_volume,0,0,0,0,no_volume,0,0,0,0,0,0,19440,24106,0.1072,211,463,23,25,50,49,1
1774110603,49,50,0,0,0,0,no_volume,0,0,0,0,no_volume,0,0,0,0,no_volume,0,0,0,0,0,0,19440,24106,0.1072,0,-429,23,25,50,49,1
1774110604,49,50,0,0,0,0,no_volume,0,0,0,0,no_volume,0,0,0,0,no_volume,0,0,0,0,0,0,19440,24106,0.1072,0,-1403,23,25,50,49,1
1774110605,49,50,0,0,0,0,no_volume,0,0,0,0,no_volume,0,0,0,0,no_volume,0,0,0,0,0,0,19440,24106,0.1072,0,-1195,23,25,50,49,1
1774110606,49,50,0,0,0,0,no_volume,0,0,0,0,no_volume,0,0,0,0,no_volume,0,0,0,0,0,0,19440,24106,0.1072,0,-441,23,25,50,49,1
1774110607,49,50,0,0,0,0,no_volume,0,0,0,0,no_volume,0,0,0,0,no_volume,0,0,0,0,0,0,19440,24106,0.1072,0,-441,23,25,50,49,1
1774110608,49,50,0,0,0,0,no_volume,0,0,0,0,no_volume,0,0,0,0,no_volume,0,0,0,0,0,0,19440,24106,0.1072,0,2427,23,25,50,49,1
1774110609,49,50,0,0,0,0,no_volume,0,0,0,0,no_volume,0,0,0,0,no_volume,0,0,0,0,0,0,19440,24106,0.1072,0,211,23,25,50,49,1
