Sequence id,Time sec,Datetime,Yes px,No px,Side taken,Size
1,1772412308,2026-03-01T16:45:08,77,23,yes,1
2,1772412317,2026-03-01T16:45:17,77,23,yes,6
3,1772412319,2026-03-01T16:45:19,77,23,yes,150
4,1772412322,2026-03-01T16:45:22,76,24,no,1000
5,1772412322,2026-03-01T16:45:22,76,24,no,100
6,1772412323,2026-03-01T16:45:23,76,24,yes,38
7,1772412324,2026-03-01T16:45:24,76,24,yes,25
8,1772412325,2026-03-01T16:45:25,76,24,yes,75
9,1772412326,2026-03-01T16:45:26,76,24,yes,26
10,1772412331,2026-03-01T16:45:31,76,24,yes,255
11,1772412334,2026-03-01T16:45:34,76,24,yes,1
12,1772412337,2026-03-01T16:45:37,76,24,yes,15
13,1772412341,2026-03-01T16:45:41,76,24,yes,1
14,1772412343,2026-03-01T16:45:43,76,24,yes,15
15,1772412345,2026-03-01T16:45:45,76,24,yes,30
16,1772412356,2026-03-01T16:45:56,76,24,yes,64
17,1772412364,2026-03-01T16:46:04,76,24,yes,11
18,1772412367,2026-03-01T16:46:07,76,24,yes,17
19,1772412379,2026-03-01T16:46:19,76,24,yes,6
20,1772412381,2026-03-01T16:46:21,76,24,yes,25
21,1772412394,2026-03-01T16:46:34,76,24,yes,129
22,1772412397,2026-03-01T16:46:37,76,24,yes,25
23,1772412409,2026-03-01T16:46:49,76,24,yes,1960
24,1772412409,2026-03-01T16:46:49,76,24,yes,542
25,1772412411,2026-03-01T16:46:51,76,24,yes,6
26,1772412413,2026-03-01T16:46:53,76,24,yes,14
27,1772412419,2026-03-01T16:46:59,76,24,yes,20
28,1772412423,2026-03-01T16:47:03,76,24,yes,258
29,1772412425,2026-03-01T16:47:05,76,24,yes,1
30,1772412427,2026-03-01T16:47:07,76,24,yes,64
31,1772412428,2026-03-01T16:47:08,76,24,yes,6
32,1772412436,2026-03-01T16:47:16,75,25,no,4
33,1772412438,2026-03-01T16:47:18,76,24,yes,64
34,1772412442,2026-03-01T16:47:22,76,24,yes,1
35,1772412443,2026-03-01T16:47:23,76,24,yes,320
36,1772412444,2026-03-01T16:47:24,76,24,yes,1
37,1772412446,2026-03-01T16:47:26,76,24,yes,23
38,1772412446,2026-03-01T16:47:26,76,24,yes,100
39,1772412447,2026-03-01T16:47:27,76,24,yes,1583
40,1772412450,2026-03-01T16:47:30,76,24,yes,129
41,1772412450,2026-03-01T16:47:30,76,24,yes,2564
42,1772412450,2026-03-01T16:47:30,76,24,yes,1
43,1772412451,2026-03-01T16:47:31,76,24,yes,128
44,1772412454,2026-03-01T16:47:34,76,24,yes,7
45,1772412455,2026-03-01T16:47:35,76,24,yes,135
46,1772412456,2026-03-01T16:47:36,76,24,yes,1
47,1772412456,2026-03-01T16:47:36,76,24,yes,125
48,1772412461,2026-03-01T16:47:41,76,24,yes,3
49,1772412465,2026-03-01T16:47:45,76,24,yes,1
50,1772412474,2026-03-01T16:47:54,76,24,yes,7
51,1772412475,2026-03-01T16:47:55,75,25,no,3
52,1772412477,2026-03-01T16:47:57,76,24,yes,129
53,1772412478,2026-03-01T16:47:58,76,24,yes,64
54,1772412479,2026-03-01T16:47:59,76,24,yes,6
55,1772412481,2026-03-01T16:48:01,76,24,yes,2
56,1772412483,2026-03-01T16:48:03,76,24,yes,5
57,1772412484,2026-03-01T16:48:04,76,24,yes,5
58,1772412486,2026-03-01T16:48:06,76,24,yes,11
59,1772412492,2026-03-01T16:48:12,76,24,yes,20
60,1772412495,2026-03-01T16:48:15,76,24,yes,2
61,1772412499,2026-03-01T16:48:19,76,24,yes,150
62,1772412499,2026-03-01T16:48:19,76,24,yes,25
63,1772412500,2026-03-01T16:48:20,76,24,yes,762
64,1772412506,2026-03-01T16:48:26,76,24,yes,7
65,1772412514,2026-03-01T16:48:34,76,24,yes,7
66,1772412517,2026-03-01T16:48:37,76,24,yes,19
67,1772412522,2026-03-01T16:48:42,76,24,yes,11
68,1772412527,2026-03-01T16:48:47,75,25,no,3
69,1772412527,2026-03-01T16:48:47,75,25,no,1
70,1772412527,2026-03-01T16:48:47,75,25,no,3
71,1772412532,2026-03-01T16:48:52,76,24,yes,25
72,1772412534,2026-03-01T16:48:54,76,24,yes,2
73,1772412536,2026-03-01T16:48:56,76,24,yes,19
74,1772412540,2026-03-01T16:49:00,76,24,yes,2
75,1772412541,2026-03-01T16:49:01,76,24,yes,12
76,1772412542,2026-03-01T16:49:02,76,24,yes,1
77,1772412543,2026-03-01T16:49:03,76,24,yes,6
78,1772412544,2026-03-01T16:49:04,76,24,yes,20
79,1772412549,2026-03-01T16:49:09,76,24,yes,128
80,1772412551,2026-03-01T16:49:11,76,24,yes,6
81,1772412554,2026-03-01T16:49:14,76,24,yes,101
82,1772412555,2026-03-01T16:49:15,76,24,yes,2
83,1772412564,2026-03-01T16:49:24,76,24,yes,11
84,1772412573,2026-03-01T16:49:33,76,24,yes,129
85,1772412573,2026-03-01T16:49:33,76,24,yes,12
86,1772412581,2026-03-01T16:49:41,76,24,yes,1
87,1772412582,2026-03-01T16:49:42,76,24,yes,11
88,1772412584,2026-03-01T16:49:44,76,24,yes,25
89,1772412586,2026-03-01T16:49:46,76,24,yes,1
90,1772412595,2026-03-01T16:49:55,76,24,yes,75
91,1772412596,2026-03-01T16:49:56,76,24,yes,1
92,1772412597,2026-03-01T16:49:57,75,25,no,19
93,1772412597,2026-03-01T16:49:57,76,24,yes,128
94,1772412598,2026-03-01T16:49:58,76,24,yes,12
95,1772412599,2026-03-01T16:49:59,76,24,yes,129
96,1772412600,2026-03-01T16:50:00,76,24,yes,6
97,1772412600,2026-03-01T16:50:00,76,24,yes,12
98,1772412600,2026-03-01T16:50:00,76,24,yes,32
99,1772412606,2026-03-01T16:50:06,75,25,no,19
100,1772412607,2026-03-01T16:50:07,76,24,yes,128
101,1772412607,2026-03-01T16:50:07,76,24,yes,6
102,1772412609,2026-03-01T16:50:09,76,24,yes,4
103,1772412611,2026-03-01T16:50:11,76,24,yes,25
104,1772412618,2026-03-01T16:50:18,76,24,yes,383
105,1772412620,2026-03-01T16:50:20,76,24,yes,6
106,1772412623,2026-03-01T16:50:23,76,24,yes,1
107,1772412623,2026-03-01T16:50:23,76,24,yes,282
108,1772412633,2026-03-01T16:50:33,76,24,yes,25
109,1772412636,2026-03-01T16:50:36,76,24,yes,51
110,1772412639,2026-03-01T16:50:39,76,24,yes,100
111,1772412640,2026-03-01T16:50:40,76,24,yes,25
112,1772412646,2026-03-01T16:50:46,76,24,yes,64
113,1772412646,2026-03-01T16:50:46,76,24,yes,32
114,1772412659,2026-03-01T16:50:59,76,24,yes,25
115,1772412660,2026-03-01T16:51:00,76,24,yes,51
116,1772412663,2026-03-01T16:51:03,76,24,yes,194
117,1772412670,2026-03-01T16:51:10,76,24,yes,6
118,1772412670,2026-03-01T16:51:10,76,24,yes,143
119,1772412672,2026-03-01T16:51:12,76,24,yes,1
120,1772412673,2026-03-01T16:51:13,76,24,yes,24
121,1772412676,2026-03-01T16:51:16,76,24,yes,5
122,1772412676,2026-03-01T16:51:16,76,24,yes,384
123,1772412678,2026-03-01T16:51:18,76,24,yes,19
124,1772412687,2026-03-01T16:51:27,76,24,yes,11
125,1772412689,2026-03-01T16:51:29,76,24,yes,262
126,1772412691,2026-03-01T16:51:31,76,24,yes,1
127,1772412697,2026-03-01T16:51:37,76,24,yes,51
128,1772412697,2026-03-01T16:51:37,75,25,no,6
129,1772412698,2026-03-01T16:51:38,76,24,yes,12
130,1772412698,2026-03-01T16:51:38,76,24,yes,13
131,1772412699,2026-03-01T16:51:39,76,24,yes,15
132,1772412701,2026-03-01T16:51:41,76,24,yes,1
133,1772412704,2026-03-01T16:51:44,76,24,yes,1000
134,1772412711,2026-03-01T16:51:51,76,24,yes,6
135,1772412715,2026-03-01T16:51:55,76,24,yes,50
136,1772412717,2026-03-01T16:51:57,76,24,yes,1
137,1772412719,2026-03-01T16:51:59,76,24,yes,51
138,1772412723,2026-03-01T16:52:03,76,24,yes,23
139,1772412725,2026-03-01T16:52:05,76,24,yes,1
140,1772412731,2026-03-01T16:52:11,76,24,yes,63
141,1772412732,2026-03-01T16:52:12,76,24,yes,64
142,1772412733,2026-03-01T16:52:13,76,24,yes,28
143,1772412739,2026-03-01T16:52:19,76,24,yes,32
144,1772412739,2026-03-01T16:52:19,76,24,yes,89
145,1772412739,2026-03-01T16:52:19,76,24,yes,25
146,1772412742,2026-03-01T16:52:22,76,24,yes,12
147,1772412745,2026-03-01T16:52:25,76,24,yes,2
148,1772412749,2026-03-01T16:52:29,76,24,yes,1
149,1772412750,2026-03-01T16:52:30,76,24,yes,2
150,1772412752,2026-03-01T16:52:32,76,24,yes,25
151,1772412753,2026-03-01T16:52:33,76,24,yes,25
152,1772412757,2026-03-01T16:52:37,76,24,yes,17
153,1772412762,2026-03-01T16:52:42,76,24,yes,37
154,1772412763,2026-03-01T16:52:43,76,24,yes,6
155,1772412769,2026-03-01T16:52:49,76,24,yes,60
156,1772412770,2026-03-01T16:52:50,76,24,yes,6
157,1772412780,2026-03-01T16:53:00,76,24,yes,462
158,1772412784,2026-03-01T16:53:04,76,24,yes,131
159,1772412787,2026-03-01T16:53:07,76,24,yes,2
160,1772412790,2026-03-01T16:53:10,76,24,yes,8
161,1772412792,2026-03-01T16:53:12,76,24,yes,17
162,1772412795,2026-03-01T16:53:15,76,24,yes,20
163,1772412797,2026-03-01T16:53:17,76,24,yes,13
164,1772412802,2026-03-01T16:53:22,76,24,yes,129
165,1772412803,2026-03-01T16:53:23,76,24,yes,12
166,1772412808,2026-03-01T16:53:28,76,24,yes,24
167,1772412811,2026-03-01T16:53:31,76,24,yes,1
168,1772412814,2026-03-01T16:53:34,76,24,yes,19
169,1772412819,2026-03-01T16:53:39,76,24,yes,1037
170,1772412821,2026-03-01T16:53:41,76,24,yes,20
171,1772412822,2026-03-01T16:53:42,75,25,no,2
172,1772412822,2026-03-01T16:53:42,76,24,yes,6
173,1772412823,2026-03-01T16:53:43,76,24,yes,25
174,1772412824,2026-03-01T16:53:44,76,24,yes,64
175,1772412825,2026-03-01T16:53:45,76,24,yes,25
176,1772412825,2026-03-01T16:53:45,76,24,yes,20
177,1772412827,2026-03-01T16:53:47,76,24,yes,32
178,1772412830,2026-03-01T16:53:50,76,24,yes,128
179,1772412832,2026-03-01T16:53:52,76,24,yes,15
180,1772412841,2026-03-01T16:54:01,76,24,yes,10
181,1772412843,2026-03-01T16:54:03,76,24,yes,16
182,1772412844,2026-03-01T16:54:04,76,24,yes,6
183,1772412849,2026-03-01T16:54:09,76,24,yes,1
184,1772412851,2026-03-01T16:54:11,76,24,yes,6
185,1772412852,2026-03-01T16:54:12,76,24,yes,19
186,1772412853,2026-03-01T16:54:13,76,24,yes,1
187,1772412862,2026-03-01T16:54:22,76,24,yes,2
188,1772412867,2026-03-01T16:54:27,76,24,yes,23
189,1772412868,2026-03-01T16:54:28,76,24,yes,1
190,1772412869,2026-03-01T16:54:29,76,24,yes,241
191,1772412875,2026-03-01T16:54:35,76,24,yes,39
192,1772412880,2026-03-01T16:54:40,76,24,yes,129
193,1772412881,2026-03-01T16:54:41,76,24,yes,1
194,1772412882,2026-03-01T16:54:42,76,24,yes,5
195,1772412883,2026-03-01T16:54:43,76,24,yes,320
196,1772412884,2026-03-01T16:54:44,76,24,yes,10
197,1772412884,2026-03-01T16:54:44,76,24,yes,1282
198,1772412885,2026-03-01T16:54:45,76,24,yes,6
199,1772412894,2026-03-01T16:54:54,76,24,yes,10
200,1772412899,2026-03-01T16:54:59,76,24,yes,128
201,1772412901,2026-03-01T16:55:01,76,24,yes,51
202,1772412906,2026-03-01T16:55:06,76,24,yes,10
203,1772412906,2026-03-01T16:55:06,76,24,yes,1
204,1772412908,2026-03-01T16:55:08,76,24,yes,323
205,1772412908,2026-03-01T16:55:08,76,24,yes,15
206,1772412910,2026-03-01T16:55:10,76,24,yes,2
207,1772412911,2026-03-01T16:55:11,76,24,yes,467
208,1772412916,2026-03-01T16:55:16,76,24,yes,38
209,1772412919,2026-03-01T16:55:19,76,24,yes,5
210,1772412923,2026-03-01T16:55:23,76,24,yes,467
211,1772412924,2026-03-01T16:55:24,75,25,no,10
212,1772412925,2026-03-01T16:55:25,76,24,yes,12
213,1772412927,2026-03-01T16:55:27,76,24,yes,7
214,1772412927,2026-03-01T16:55:27,76,24,yes,19
215,1772412930,2026-03-01T16:55:30,76,24,yes,500
216,1772412930,2026-03-01T16:55:30,76,24,yes,28
217,1772412935,2026-03-01T16:55:35,76,24,yes,129
218,1772412936,2026-03-01T16:55:36,76,24,yes,6
219,1772412936,2026-03-01T16:55:36,76,24,yes,6
220,1772412937,2026-03-01T16:55:37,76,24,yes,12
221,1772412937,2026-03-01T16:55:37,76,24,yes,32
222,1772412938,2026-03-01T16:55:38,75,25,no,1
223,1772412938,2026-03-01T16:55:38,75,25,no,10
224,1772412938,2026-03-01T16:55:38,75,25,no,10
225,1772412938,2026-03-01T16:55:38,75,25,no,15
226,1772412939,2026-03-01T16:55:39,76,24,yes,1
227,1772412944,2026-03-01T16:55:44,75,25,no,11
228,1772412947,2026-03-01T16:55:47,76,24,yes,1
229,1772412949,2026-03-01T16:55:49,76,24,yes,128
230,1772412950,2026-03-01T16:55:50,76,24,yes,1
231,1772412951,2026-03-01T16:55:51,76,24,yes,7
232,1772412952,2026-03-01T16:55:52,76,24,yes,64
233,1772412954,2026-03-01T16:55:54,76,24,yes,10
234,1772412958,2026-03-01T16:55:58,76,24,yes,1
235,1772412960,2026-03-01T16:56:00,76,24,yes,1
236,1772412964,2026-03-01T16:56:04,76,24,yes,50
237,1772412971,2026-03-01T16:56:11,76,24,yes,45
238,1772412975,2026-03-01T16:56:15,75,25,no,24
239,1772412975,2026-03-01T16:56:15,75,25,no,50
240,1772412975,2026-03-01T16:56:15,75,25,no,98
241,1772412976,2026-03-01T16:56:16,76,24,yes,500
242,1772412977,2026-03-01T16:56:17,76,24,yes,128
243,1772412977,2026-03-01T16:56:17,76,24,yes,100
244,1772412977,2026-03-01T16:56:17,76,24,yes,1
245,1772412982,2026-03-01T16:56:22,76,24,yes,51
246,1772412985,2026-03-01T16:56:25,76,24,yes,12
247,1772412987,2026-03-01T16:56:27,76,24,yes,12
248,1772412990,2026-03-01T16:56:30,76,24,yes,256
249,1772412990,2026-03-01T16:56:30,76,24,yes,6
250,1772412994,2026-03-01T16:56:34,76,24,yes,64
251,1772412996,2026-03-01T16:56:36,75,25,no,1
252,1772412996,2026-03-01T16:56:36,75,25,no,191
253,1772412996,2026-03-01T16:56:36,76,24,yes,7
254,1772413000,2026-03-01T16:56:40,76,24,yes,2
255,1772413000,2026-03-01T16:56:40,76,24,yes,256
256,1772413005,2026-03-01T16:56:45,76,24,yes,25
257,1772413010,2026-03-01T16:56:50,76,24,yes,6
258,1772413012,2026-03-01T16:56:52,76,24,yes,64
259,1772413015,2026-03-01T16:56:55,76,24,yes,2
260,1772413017,2026-03-01T16:56:57,76,24,yes,1
261,1772413018,2026-03-01T16:56:58,76,24,yes,18
262,1772413019,2026-03-01T16:56:59,76,24,yes,431
263,1772413019,2026-03-01T16:56:59,76,24,yes,6
264,1772413020,2026-03-01T16:57:00,76,24,yes,12
265,1772413023,2026-03-01T16:57:03,76,24,yes,12
266,1772413024,2026-03-01T16:57:04,76,24,yes,175
267,1772413026,2026-03-01T16:57:06,76,24,yes,100
268,1772413030,2026-03-01T16:57:10,76,24,yes,168
269,1772413031,2026-03-01T16:57:11,75,25,no,10
270,1772413031,2026-03-01T16:57:11,75,25,no,9
271,1772413032,2026-03-01T16:57:12,76,24,yes,1
272,1772413034,2026-03-01T16:57:14,75,25,no,78
273,1772413037,2026-03-01T16:57:17,76,24,yes,64
274,1772413038,2026-03-01T16:57:18,76,24,yes,1
275,1772413044,2026-03-01T16:57:24,76,24,yes,384
276,1772413044,2026-03-01T16:57:24,76,24,yes,55
277,1772413044,2026-03-01T16:57:24,75,25,no,1
278,1772413045,2026-03-01T16:57:25,76,24,yes,6
279,1772413046,2026-03-01T16:57:26,76,24,yes,9
280,1772413048,2026-03-01T16:57:28,76,24,yes,64
281,1772413048,2026-03-01T16:57:28,76,24,yes,291
282,1772413051,2026-03-01T16:57:31,76,24,yes,6
283,1772413052,2026-03-01T16:57:32,76,24,yes,85
284,1772413055,2026-03-01T16:57:35,76,24,yes,12
285,1772413056,2026-03-01T16:57:36,76,24,yes,11
286,1772413060,2026-03-01T16:57:40,76,24,yes,11
287,1772413060,2026-03-01T16:57:40,76,24,yes,25
288,1772413061,2026-03-01T16:57:41,76,24,yes,17
289,1772413062,2026-03-01T16:57:42,76,24,yes,641
290,1772413063,2026-03-01T16:57:43,76,24,yes,7
291,1772413065,2026-03-01T16:57:45,76,24,yes,42
292,1772413066,2026-03-01T16:57:46,76,24,yes,25
293,1772413066,2026-03-01T16:57:46,76,24,yes,11
294,1772413070,2026-03-01T16:57:50,76,24,yes,11
295,1772413071,2026-03-01T16:57:51,76,24,yes,64
296,1772413073,2026-03-01T16:57:53,76,24,yes,96
297,1772413074,2026-03-01T16:57:54,76,24,yes,129
298,1772413077,2026-03-01T16:57:57,76,24,yes,5
299,1772413077,2026-03-01T16:57:57,76,24,yes,5
300,1772413077,2026-03-01T16:57:57,76,24,yes,1
301,1772413079,2026-03-01T16:57:59,76,24,yes,11
302,1772413080,2026-03-01T16:58:00,76,24,yes,12
303,1772413080,2026-03-01T16:58:00,76,24,yes,1
304,1772413080,2026-03-01T16:58:00,76,24,yes,25
305,1772413081,2026-03-01T16:58:01,76,24,yes,2
306,1772413084,2026-03-01T16:58:04,76,24,yes,1
307,1772413085,2026-03-01T16:58:05,76,24,yes,100
308,1772413085,2026-03-01T16:58:05,76,24,yes,5
309,1772413086,2026-03-01T16:58:06,76,24,yes,1
310,1772413087,2026-03-01T16:58:07,76,24,yes,84
311,1772413088,2026-03-01T16:58:08,76,24,yes,2
312,1772413088,2026-03-01T16:58:08,76,24,yes,11
313,1772413090,2026-03-01T16:58:10,76,24,yes,5
314,1772413091,2026-03-01T16:58:11,76,24,yes,1
315,1772413094,2026-03-01T16:58:14,76,24,yes,25
316,1772413094,2026-03-01T16:58:14,76,24,yes,1
317,1772413097,2026-03-01T16:58:17,76,24,yes,6
318,1772413097,2026-03-01T16:58:17,76,24,yes,11
319,1772413099,2026-03-01T16:58:19,76,24,yes,647
320,1772413099,2026-03-01T16:58:19,76,24,yes,38
321,1772413103,2026-03-01T16:58:23,76,24,yes,2115
322,1772413103,2026-03-01T16:58:23,76,24,yes,500
323,1772413105,2026-03-01T16:58:25,76,24,yes,11
324,1772413109,2026-03-01T16:58:29,76,24,yes,100
325,1772413112,2026-03-01T16:58:32,76,24,yes,64
326,1772413114,2026-03-01T16:58:34,76,24,yes,51
327,1772413114,2026-03-01T16:58:34,76,24,yes,2
328,1772413114,2026-03-01T16:58:34,76,24,yes,11
329,1772413114,2026-03-01T16:58:34,75,25,no,12
330,1772413114,2026-03-01T16:58:34,75,25,no,1
331,1772413114,2026-03-01T16:58:34,75,25,no,4
332,1772413114,2026-03-01T16:58:34,75,25,no,5
333,1772413114,2026-03-01T16:58:34,75,25,no,348
334,1772413115,2026-03-01T16:58:35,76,24,yes,25
335,1772413116,2026-03-01T16:58:36,76,24,yes,59
336,1772413116,2026-03-01T16:58:36,76,24,yes,1
337,1772413119,2026-03-01T16:58:39,76,24,yes,1
338,1772413119,2026-03-01T16:58:39,76,24,yes,1746
339,1772413121,2026-03-01T16:58:41,76,24,yes,5
340,1772413121,2026-03-01T16:58:41,76,24,yes,1
341,1772413121,2026-03-01T16:58:41,76,24,yes,47
342,1772413124,2026-03-01T16:58:44,76,24,yes,43
343,1772413125,2026-03-01T16:58:45,76,24,yes,6
344,1772413126,2026-03-01T16:58:46,76,24,yes,11
345,1772413127,2026-03-01T16:58:47,76,24,yes,641
346,1772413128,2026-03-01T16:58:48,76,24,yes,4
347,1772413131,2026-03-01T16:58:51,76,24,yes,50
348,1772413131,2026-03-01T16:58:51,76,24,yes,243
349,1772413131,2026-03-01T16:58:51,76,24,yes,1
350,1772413135,2026-03-01T16:58:55,76,24,yes,11
351,1772413136,2026-03-01T16:58:56,76,24,yes,6
352,1772413145,2026-03-01T16:59:05,76,24,yes,901
353,1772413145,2026-03-01T16:59:05,76,24,yes,25
354,1772413146,2026-03-01T16:59:06,75,25,no,38
355,1772413147,2026-03-01T16:59:07,76,24,yes,309
356,1772413148,2026-03-01T16:59:08,76,24,yes,2
357,1772413150,2026-03-01T16:59:10,76,24,yes,1
358,1772413150,2026-03-01T16:59:10,76,24,yes,11
359,1772413152,2026-03-01T16:59:12,76,24,yes,15
360,1772413154,2026-03-01T16:59:14,76,24,yes,2
361,1772413154,2026-03-01T16:59:14,76,24,yes,1
362,1772413154,2026-03-01T16:59:14,76,24,yes,44
363,1772413155,2026-03-01T16:59:15,76,24,yes,7
364,1772413155,2026-03-01T16:59:15,76,24,yes,207
365,1772413156,2026-03-01T16:59:16,76,24,yes,182
366,1772413158,2026-03-01T16:59:18,76,24,yes,25641
367,1772413159,2026-03-01T16:59:19,76,24,yes,253
368,1772413160,2026-03-01T16:59:20,76,24,yes,466
369,1772413160,2026-03-01T16:59:20,76,24,yes,11
370,1772413160,2026-03-01T16:59:20,76,24,yes,25
371,1772413162,2026-03-01T16:59:22,76,24,yes,1
372,1772413162,2026-03-01T16:59:22,76,24,yes,19
373,1772413165,2026-03-01T16:59:25,76,24,yes,1
374,1772413166,2026-03-01T16:59:26,76,24,yes,256
375,1772413167,2026-03-01T16:59:27,76,24,yes,3
376,1772413170,2026-03-01T16:59:30,76,24,yes,11
377,1772413170,2026-03-01T16:59:30,76,24,yes,5176
378,1772413171,2026-03-01T16:59:31,76,24,yes,32
379,1772413172,2026-03-01T16:59:32,76,24,yes,126
380,1772413179,2026-03-01T16:59:39,76,24,yes,11
381,1772413180,2026-03-01T16:59:40,76,24,yes,64
382,1772413180,2026-03-01T16:59:40,76,24,yes,12
383,1772413181,2026-03-01T16:59:41,76,24,yes,2
384,1772413184,2026-03-01T16:59:44,76,24,yes,95
385,1772413186,2026-03-01T16:59:46,76,24,yes,35
386,1772413187,2026-03-01T16:59:47,76,24,yes,11
387,1772413189,2026-03-01T16:59:49,76,24,yes,82
388,1772413194,2026-03-01T16:59:54,76,24,yes,64
389,1772413195,2026-03-01T16:59:55,76,24,yes,32
390,1772413196,2026-03-01T16:59:56,76,24,yes,38
391,1772413197,2026-03-01T16:59:57,76,24,yes,11
392,1772413198,2026-03-01T16:59:58,76,24,yes,10
393,1772413199,2026-03-01T16:59:59,76,24,yes,16
394,1772413203,2026-03-01T17:00:03,76,24,yes,512
395,1772413204,2026-03-01T17:00:04,76,24,yes,28
396,1772413206,2026-03-01T17:00:06,76,24,yes,11
397,1772413208,2026-03-01T17:00:08,76,24,yes,45
398,1772413212,2026-03-01T17:00:12,76,24,yes,97
399,1772413213,2026-03-01T17:00:13,76,24,yes,7
400,1772413214,2026-03-01T17:00:14,76,24,yes,25
401,1772413217,2026-03-01T17:00:17,76,24,yes,3
402,1772413223,2026-03-01T17:00:23,76,24,yes,32
403,1772413224,2026-03-01T17:00:24,76,24,yes,23
404,1772413225,2026-03-01T17:00:25,76,24,yes,1
405,1772413226,2026-03-01T17:00:26,76,24,yes,64
406,1772413227,2026-03-01T17:00:27,76,24,yes,11
407,1772413229,2026-03-01T17:00:29,76,24,yes,25
408,1772413232,2026-03-01T17:00:32,76,24,yes,3
409,1772413233,2026-03-01T17:00:33,76,24,yes,388
410,1772413236,2026-03-01T17:00:36,76,24,yes,11
411,1772413237,2026-03-01T17:00:37,76,24,yes,77
412,1772413239,2026-03-01T17:00:39,76,24,yes,68
413,1772413239,2026-03-01T17:00:39,75,25,no,1
414,1772413239,2026-03-01T17:00:39,76,24,yes,19
415,1772413242,2026-03-01T17:00:42,76,24,yes,2
416,1772413243,2026-03-01T17:00:43,76,24,yes,6
417,1772413249,2026-03-01T17:00:49,76,24,yes,18
418,1772413249,2026-03-01T17:00:49,76,24,yes,454
419,1772413255,2026-03-01T17:00:55,76,24,yes,8
420,1772413256,2026-03-01T17:00:56,76,24,yes,1
421,1772413257,2026-03-01T17:00:57,76,24,yes,11
422,1772413259,2026-03-01T17:00:59,76,24,yes,165
423,1772413260,2026-03-01T17:01:00,76,24,yes,3
424,1772413260,2026-03-01T17:01:00,76,24,yes,20
425,1772413264,2026-03-01T17:01:04,76,24,yes,14
426,1772413264,2026-03-01T17:01:04,76,24,yes,1
427,1772413266,2026-03-01T17:01:06,76,24,yes,129
428,1772413267,2026-03-01T17:01:07,75,25,no,10
429,1772413269,2026-03-01T17:01:09,76,24,yes,1294
430,1772413270,2026-03-01T17:01:10,76,24,yes,17
431,1772413276,2026-03-01T17:01:16,76,24,yes,1
432,1772413277,2026-03-01T17:01:17,76,24,yes,125
433,1772413284,2026-03-01T17:01:24,76,24,yes,2000
434,1772413284,2026-03-01T17:01:24,75,25,no,48
435,1772413284,2026-03-01T17:01:24,75,25,no,41
436,1772413284,2026-03-01T17:01:24,75,25,no,60
437,1772413284,2026-03-01T17:01:24,75,25,no,23
438,1772413286,2026-03-01T17:01:26,76,24,yes,189
439,1772413286,2026-03-01T17:01:26,76,24,yes,66
440,1772413289,2026-03-01T17:01:29,76,24,yes,112
441,1772413290,2026-03-01T17:01:30,76,24,yes,6
442,1772413290,2026-03-01T17:01:30,76,24,yes,9
443,1772413291,2026-03-01T17:01:31,76,24,yes,19
444,1772413294,2026-03-01T17:01:34,76,24,yes,1
445,1772413298,2026-03-01T17:01:38,76,24,yes,11
446,1772413302,2026-03-01T17:01:42,76,24,yes,10
447,1772413302,2026-03-01T17:01:42,75,25,no,14
448,1772413303,2026-03-01T17:01:43,76,24,yes,26
449,1772413306,2026-03-01T17:01:46,75,25,no,137
450,1772413306,2026-03-01T17:01:46,76,24,yes,6
451,1772413309,2026-03-01T17:01:49,76,24,yes,2
452,1772413311,2026-03-01T17:01:51,76,24,yes,1
453,1772413314,2026-03-01T17:01:54,76,24,yes,2
454,1772413315,2026-03-01T17:01:55,75,25,no,17
455,1772413316,2026-03-01T17:01:56,76,24,yes,32
456,1772413318,2026-03-01T17:01:58,75,25,no,17
457,1772413318,2026-03-01T17:01:58,76,24,yes,38
458,1772413318,2026-03-01T17:01:58,76,24,yes,258
459,1772413318,2026-03-01T17:01:58,76,24,yes,32
460,1772413320,2026-03-01T17:02:00,76,24,yes,1
461,1772413321,2026-03-01T17:02:01,75,25,no,2
462,1772413323,2026-03-01T17:02:03,76,24,yes,129
463,1772413323,2026-03-01T17:02:03,76,24,yes,3
464,1772413325,2026-03-01T17:02:05,76,24,yes,76
465,1772413326,2026-03-01T17:02:06,76,24,yes,2
466,1772413327,2026-03-01T17:02:07,76,24,yes,32
467,1772413328,2026-03-01T17:02:08,76,24,yes,6
468,1772413330,2026-03-01T17:02:10,76,24,yes,64
469,1772413336,2026-03-01T17:02:16,76,24,yes,6
470,1772413338,2026-03-01T17:02:18,76,24,yes,15
471,1772413339,2026-03-01T17:02:19,76,24,yes,50
472,1772413340,2026-03-01T17:02:20,76,24,yes,58
473,1772413341,2026-03-01T17:02:21,76,24,yes,11
474,1772413341,2026-03-01T17:02:21,76,24,yes,63
475,1772413343,2026-03-01T17:02:23,75,25,no,86
476,1772413351,2026-03-01T17:02:31,76,24,yes,205
477,1772413354,2026-03-01T17:02:34,76,24,yes,10
478,1772413355,2026-03-01T17:02:35,76,24,yes,51
479,1772413358,2026-03-01T17:02:38,76,24,yes,25
480,1772413361,2026-03-01T17:02:41,76,24,yes,1
481,1772413361,2026-03-01T17:02:41,76,24,yes,1
482,1772413362,2026-03-01T17:02:42,76,24,yes,25
483,1772413362,2026-03-01T17:02:42,76,24,yes,11
484,1772413362,2026-03-01T17:02:42,76,24,yes,18
485,1772413363,2026-03-01T17:02:43,76,24,yes,1811
486,1772413364,2026-03-01T17:02:44,76,24,yes,129
487,1772413364,2026-03-01T17:02:44,76,24,yes,1
488,1772413364,2026-03-01T17:02:44,76,24,yes,2
489,1772413367,2026-03-01T17:02:47,76,24,yes,25
490,1772413367,2026-03-01T17:02:47,76,24,yes,69
491,1772413372,2026-03-01T17:02:52,75,25,no,27
492,1772413373,2026-03-01T17:02:53,76,24,yes,64
493,1772413376,2026-03-01T17:02:56,76,24,yes,30
494,1772413380,2026-03-01T17:03:00,76,24,yes,10
495,1772413382,2026-03-01T17:03:02,76,24,yes,35
496,1772413387,2026-03-01T17:03:07,76,24,yes,25
497,1772413387,2026-03-01T17:03:07,75,25,no,10
498,1772413395,2026-03-01T17:03:15,76,24,yes,243
499,1772413395,2026-03-01T17:03:15,76,24,yes,4
500,1772413398,2026-03-01T17:03:18,76,24,yes,27
501,1772413399,2026-03-01T17:03:19,76,24,yes,15
502,1772413399,2026-03-01T17:03:19,76,24,yes,64
503,1772413402,2026-03-01T17:03:22,76,24,yes,32
504,1772413409,2026-03-01T17:03:29,76,24,yes,10
505,1772413409,2026-03-01T17:03:29,76,24,yes,1594
506,1772413415,2026-03-01T17:03:35,76,24,yes,129
507,1772413416,2026-03-01T17:03:36,76,24,yes,32
508,1772413416,2026-03-01T17:03:36,76,24,yes,96
509,1772413417,2026-03-01T17:03:37,76,24,yes,13
510,1772413419,2026-03-01T17:03:39,76,24,yes,80
511,1772413422,2026-03-01T17:03:42,76,24,yes,128
512,1772413422,2026-03-01T17:03:42,76,24,yes,32
513,1772413425,2026-03-01T17:03:45,76,24,yes,210
514,1772413425,2026-03-01T17:03:45,75,25,no,1
515,1772413425,2026-03-01T17:03:45,75,25,no,66
516,1772413425,2026-03-01T17:03:45,75,25,no,2
517,1772413426,2026-03-01T17:03:46,76,24,yes,25
518,1772413429,2026-03-01T17:03:49,76,24,yes,1
519,1772413430,2026-03-01T17:03:50,76,24,yes,32
520,1772413430,2026-03-01T17:03:50,76,24,yes,25
521,1772413430,2026-03-01T17:03:50,76,24,yes,566
522,1772413431,2026-03-01T17:03:51,76,24,yes,375
523,1772413432,2026-03-01T17:03:52,76,24,yes,6
524,1772413434,2026-03-01T17:03:54,76,24,yes,25
525,1772413434,2026-03-01T17:03:54,76,24,yes,92
526,1772413435,2026-03-01T17:03:55,76,24,yes,12
527,1772413436,2026-03-01T17:03:56,75,25,no,18
528,1772413436,2026-03-01T17:03:56,76,24,yes,200
529,1772413437,2026-03-01T17:03:57,76,24,yes,8
530,1772413442,2026-03-01T17:04:02,76,24,yes,1
531,1772413445,2026-03-01T17:04:05,76,24,yes,2
532,1772413445,2026-03-01T17:04:05,75,25,no,25
533,1772413446,2026-03-01T17:04:06,76,24,yes,6
534,1772413447,2026-03-01T17:04:07,75,25,no,1066
535,1772413447,2026-03-01T17:04:07,75,25,no,2734
536,1772413448,2026-03-01T17:04:08,76,24,yes,1500
537,1772413455,2026-03-01T17:04:15,76,24,yes,25
538,1772413455,2026-03-01T17:04:15,76,24,yes,10
539,1772413459,2026-03-01T17:04:19,76,24,yes,129
540,1772413460,2026-03-01T17:04:20,76,24,yes,25
541,1772413461,2026-03-01T17:04:21,76,24,yes,1
542,1772413464,2026-03-01T17:04:24,76,24,yes,6
543,1772413464,2026-03-01T17:04:24,76,24,yes,68
544,1772413464,2026-03-01T17:04:24,76,24,yes,1
545,1772413467,2026-03-01T17:04:27,76,24,yes,224
546,1772413468,2026-03-01T17:04:28,75,25,no,1
547,1772413468,2026-03-01T17:04:28,76,24,yes,6
548,1772413471,2026-03-01T17:04:31,76,24,yes,2990
549,1772413473,2026-03-01T17:04:33,76,24,yes,96
550,1772413475,2026-03-01T17:04:35,76,24,yes,1567
551,1772413481,2026-03-01T17:04:41,76,24,yes,227
552,1772413482,2026-03-01T17:04:42,76,24,yes,1769
553,1772413482,2026-03-01T17:04:42,76,24,yes,154
554,1772413483,2026-03-01T17:04:43,76,24,yes,34
555,1772413487,2026-03-01T17:04:47,76,24,yes,9
556,1772413490,2026-03-01T17:04:50,76,24,yes,1
557,1772413494,2026-03-01T17:04:54,76,24,yes,6
558,1772413494,2026-03-01T17:04:54,76,24,yes,10
559,1772413497,2026-03-01T17:04:57,76,24,yes,444
560,1772413499,2026-03-01T17:04:59,76,24,yes,549
561,1772413500,2026-03-01T17:05:00,76,24,yes,5
562,1772413501,2026-03-01T17:05:01,76,24,yes,384
563,1772413504,2026-03-01T17:05:04,76,24,yes,1
564,1772413508,2026-03-01T17:05:08,76,24,yes,1
565,1772413509,2026-03-01T17:05:09,76,24,yes,63
566,1772413509,2026-03-01T17:05:09,76,24,yes,2
567,1772413509,2026-03-01T17:05:09,76,24,yes,2337
568,1772413509,2026-03-01T17:05:09,76,24,yes,2680
569,1772413510,2026-03-01T17:05:10,76,24,yes,25
570,1772413511,2026-03-01T17:05:11,76,24,yes,194
571,1772413516,2026-03-01T17:05:16,76,24,yes,128
572,1772413517,2026-03-01T17:05:17,76,24,yes,38
573,1772413518,2026-03-01T17:05:18,76,24,yes,10
574,1772413518,2026-03-01T17:05:18,76,24,yes,258
575,1772413519,2026-03-01T17:05:19,76,24,yes,44
576,1772413521,2026-03-01T17:05:21,76,24,yes,11
577,1772413525,2026-03-01T17:05:25,75,25,no,4
578,1772413525,2026-03-01T17:05:25,75,25,no,10
579,1772413525,2026-03-01T17:05:25,75,25,no,6
580,1772413525,2026-03-01T17:05:25,75,25,no,140
581,1772413525,2026-03-01T17:05:25,75,25,yes,2
582,1772413530,2026-03-01T17:05:30,75,25,yes,6
583,1772413532,2026-03-01T17:05:32,75,25,yes,11
584,1772413533,2026-03-01T17:05:33,75,25,yes,1
585,1772413535,2026-03-01T17:05:35,75,25,yes,3
586,1772413538,2026-03-01T17:05:38,75,25,yes,32
587,1772413540,2026-03-01T17:05:40,75,25,yes,20
588,1772413541,2026-03-01T17:05:41,75,25,yes,11
589,1772413542,2026-03-01T17:05:42,75,25,yes,1
590,1772413543,2026-03-01T17:05:43,75,25,yes,39
591,1772413543,2026-03-01T17:05:43,75,25,yes,25
592,1772413546,2026-03-01T17:05:46,75,25,yes,6
593,1772413550,2026-03-01T17:05:50,75,25,yes,6
594,1772413551,2026-03-01T17:05:51,75,25,yes,321
595,1772413552,2026-03-01T17:05:52,75,25,yes,51
596,1772413554,2026-03-01T17:05:54,75,25,yes,26
597,1772413555,2026-03-01T17:05:55,75,25,yes,38
598,1772413556,2026-03-01T17:05:56,75,25,yes,1595
599,1772413556,2026-03-01T17:05:56,75,25,yes,405
600,1772413561,2026-03-01T17:06:01,75,25,yes,6
601,1772413562,2026-03-01T17:06:02,75,25,yes,13
602,1772413562,2026-03-01T17:06:02,75,25,yes,11
603,1772413568,2026-03-01T17:06:08,75,25,yes,5
604,1772413569,2026-03-01T17:06:09,75,25,yes,36
605,1772413569,2026-03-01T17:06:09,75,25,yes,2
606,1772413575,2026-03-01T17:06:15,75,25,yes,1
607,1772413575,2026-03-01T17:06:15,75,25,yes,6
608,1772413576,2026-03-01T17:06:16,75,25,yes,1298
609,1772413578,2026-03-01T17:06:18,76,24,yes,64
610,1772413580,2026-03-01T17:06:20,76,24,yes,122
611,1772413585,2026-03-01T17:06:25,76,24,yes,155
612,1772413587,2026-03-01T17:06:27,76,24,yes,2
613,1772413591,2026-03-01T17:06:31,75,25,yes,2
614,1772413593,2026-03-01T17:06:33,75,25,yes,25
615,1772413598,2026-03-01T17:06:38,75,25,yes,50
616,1772413599,2026-03-01T17:06:39,75,25,yes,12
617,1772413601,2026-03-01T17:06:41,75,25,yes,19
618,1772413606,2026-03-01T17:06:46,75,25,yes,1
619,1772413614,2026-03-01T17:06:54,75,25,yes,39
620,1772413616,2026-03-01T17:06:56,75,25,yes,1
621,1772413618,2026-03-01T17:06:58,75,25,yes,1
622,1772413621,2026-03-01T17:07:01,75,25,yes,3
623,1772413624,2026-03-01T17:07:04,75,25,yes,500
624,1772413624,2026-03-01T17:07:04,75,25,yes,1
625,1772413624,2026-03-01T17:07:04,75,25,yes,10
626,1772413625,2026-03-01T17:07:05,75,25,yes,32
627,1772413625,2026-03-01T17:07:05,76,24,yes,78
628,1772413628,2026-03-01T17:07:08,75,25,yes,25
629,1772413629,2026-03-01T17:07:09,75,25,yes,20
630,1772413645,2026-03-01T17:07:25,76,24,yes,202
631,1772413648,2026-03-01T17:07:28,76,24,yes,15
632,1772413650,2026-03-01T17:07:30,76,24,yes,19
633,1772413654,2026-03-01T17:07:34,76,24,yes,7
634,1772413655,2026-03-01T17:07:35,76,24,yes,25
635,1772413655,2026-03-01T17:07:35,76,24,yes,12
636,1772413661,2026-03-01T17:07:41,76,24,yes,51
637,1772413663,2026-03-01T17:07:43,76,24,yes,1
638,1772413665,2026-03-01T17:07:45,76,24,yes,1
639,1772413668,2026-03-01T17:07:48,76,24,yes,7
640,1772413668,2026-03-01T17:07:48,76,24,yes,10
641,1772413670,2026-03-01T17:07:50,76,24,yes,25
642,1772413670,2026-03-01T17:07:50,75,25,no,20
643,1772413671,2026-03-01T17:07:51,76,24,yes,64
644,1772413672,2026-03-01T17:07:52,75,25,yes,5
645,1772413673,2026-03-01T17:07:53,75,25,yes,1568
646,1772413677,2026-03-01T17:07:57,76,24,yes,19
647,1772413679,2026-03-01T17:07:59,76,24,yes,1
648,1772413684,2026-03-01T17:08:04,75,25,yes,70
649,1772413689,2026-03-01T17:08:09,75,25,yes,1
650,1772413691,2026-03-01T17:08:11,74,26,no,39
651,1772413692,2026-03-01T17:08:12,75,25,yes,131
652,1772413693,2026-03-01T17:08:13,75,25,yes,9
653,1772413697,2026-03-01T17:08:17,75,25,yes,65
654,1772413699,2026-03-01T17:08:19,75,25,yes,12
655,1772413700,2026-03-01T17:08:20,75,25,yes,110
656,1772413706,2026-03-01T17:08:26,75,25,yes,5
657,1772413711,2026-03-01T17:08:31,75,25,yes,25
658,1772413711,2026-03-01T17:08:31,75,25,yes,11
659,1772413712,2026-03-01T17:08:32,75,25,yes,602
660,1772413715,2026-03-01T17:08:35,75,25,yes,1203
661,1772413715,2026-03-01T17:08:35,75,25,yes,420
662,1772413715,2026-03-01T17:08:35,75,25,yes,970
663,1772413716,2026-03-01T17:08:36,75,25,yes,32
664,1772413718,2026-03-01T17:08:38,76,24,yes,83
665,1772413728,2026-03-01T17:08:48,76,24,yes,12
666,1772413733,2026-03-01T17:08:53,76,24,yes,5
667,1772413745,2026-03-01T17:09:05,76,24,yes,32
668,1772413746,2026-03-01T17:09:06,76,24,yes,30
669,1772413750,2026-03-01T17:09:10,76,24,yes,2
670,1772413752,2026-03-01T17:09:12,76,24,yes,19
671,1772413761,2026-03-01T17:09:21,76,24,yes,6
672,1772413762,2026-03-01T17:09:22,76,24,yes,12
673,1772413764,2026-03-01T17:09:24,76,24,yes,1
674,1772413765,2026-03-01T17:09:25,76,24,yes,24
675,1772413767,2026-03-01T17:09:27,76,24,yes,320
676,1772413767,2026-03-01T17:09:27,76,24,yes,32
677,1772413769,2026-03-01T17:09:29,76,24,yes,256
678,1772413769,2026-03-01T17:09:29,76,24,yes,338
679,1772413769,2026-03-01T17:09:29,76,24,yes,2
680,1772413772,2026-03-01T17:09:32,76,24,yes,18
681,1772413774,2026-03-01T17:09:34,76,24,yes,19
682,1772413775,2026-03-01T17:09:35,76,24,yes,51
683,1772413776,2026-03-01T17:09:36,76,24,yes,25
684,1772413776,2026-03-01T17:09:36,76,24,yes,22
685,1772413776,2026-03-01T17:09:36,76,24,yes,12
686,1772413779,2026-03-01T17:09:39,76,24,yes,10
687,1772413780,2026-03-01T17:09:40,76,24,yes,647
688,1772413788,2026-03-01T17:09:48,76,24,yes,5
689,1772413788,2026-03-01T17:09:48,76,24,yes,8
690,1772413789,2026-03-01T17:09:49,76,24,yes,2
691,1772413798,2026-03-01T17:09:58,76,24,yes,150
692,1772413798,2026-03-01T17:09:58,76,24,yes,19
693,1772413808,2026-03-01T17:10:08,76,24,yes,50
694,1772413808,2026-03-01T17:10:08,76,24,yes,150
695,1772413808,2026-03-01T17:10:08,76,24,yes,100
696,1772413810,2026-03-01T17:10:10,76,24,yes,123
697,1772413811,2026-03-01T17:10:11,76,24,yes,11
698,1772413811,2026-03-01T17:10:11,76,24,yes,5
699,1772413817,2026-03-01T17:10:17,76,24,yes,6
700,1772413820,2026-03-01T17:10:20,76,24,yes,19
701,1772413824,2026-03-01T17:10:24,76,24,yes,15
702,1772413825,2026-03-01T17:10:25,76,24,yes,45
703,1772413826,2026-03-01T17:10:26,76,24,yes,12
704,1772413826,2026-03-01T17:10:26,76,24,yes,103
705,1772413829,2026-03-01T17:10:29,76,24,yes,11
706,1772413831,2026-03-01T17:10:31,76,24,yes,3
707,1772413833,2026-03-01T17:10:33,76,24,yes,7
708,1772413837,2026-03-01T17:10:37,76,24,yes,64
709,1772413839,2026-03-01T17:10:39,76,24,yes,375
710,1772413839,2026-03-01T17:10:39,76,24,yes,12
711,1772413841,2026-03-01T17:10:41,76,24,yes,128
712,1772413841,2026-03-01T17:10:41,75,25,no,25
713,1772413841,2026-03-01T17:10:41,76,24,yes,5
714,1772413842,2026-03-01T17:10:42,76,24,yes,32
715,1772413844,2026-03-01T17:10:44,76,24,yes,164
716,1772413845,2026-03-01T17:10:45,76,24,yes,97
717,1772413846,2026-03-01T17:10:46,76,24,yes,11
718,1772413848,2026-03-01T17:10:48,76,24,yes,32
719,1772413848,2026-03-01T17:10:48,76,24,yes,129
720,1772413852,2026-03-01T17:10:52,76,24,yes,1
721,1772413856,2026-03-01T17:10:56,76,24,yes,6
722,1772413859,2026-03-01T17:10:59,76,24,yes,2
723,1772413859,2026-03-01T17:10:59,76,24,yes,32
724,1772413863,2026-03-01T17:11:03,76,24,yes,6
725,1772413864,2026-03-01T17:11:04,76,24,yes,70
726,1772413866,2026-03-01T17:11:06,76,24,yes,641
727,1772413870,2026-03-01T17:11:10,75,25,yes,500
728,1772413870,2026-03-01T17:11:10,75,25,yes,102
729,1772413873,2026-03-01T17:11:13,75,25,yes,360
730,1772413879,2026-03-01T17:11:19,75,25,yes,6
731,1772413884,2026-03-01T17:11:24,75,25,yes,6
732,1772413884,2026-03-01T17:11:24,75,25,yes,20
733,1772413887,2026-03-01T17:11:27,75,25,yes,519
734,1772413888,2026-03-01T17:11:28,75,25,yes,10
735,1772413888,2026-03-01T17:11:28,75,25,yes,19
736,1772413888,2026-03-01T17:11:28,75,25,yes,32
737,1772413889,2026-03-01T17:11:29,75,25,yes,1
738,1772413892,2026-03-01T17:11:32,75,25,yes,81
739,1772413893,2026-03-01T17:11:33,75,25,yes,450
740,1772413893,2026-03-01T17:11:33,75,25,yes,2
741,1772413896,2026-03-01T17:11:36,75,25,yes,9
742,1772413900,2026-03-01T17:11:40,75,25,yes,16
743,1772413909,2026-03-01T17:11:49,75,25,yes,1
744,1772413910,2026-03-01T17:11:50,75,25,yes,10
745,1772413915,2026-03-01T17:11:55,75,25,yes,32
746,1772413916,2026-03-01T17:11:56,75,25,yes,129
747,1772413916,2026-03-01T17:11:56,75,25,yes,13
748,1772413917,2026-03-01T17:11:57,75,25,yes,64
749,1772413918,2026-03-01T17:11:58,75,25,yes,7
750,1772413918,2026-03-01T17:11:58,75,25,yes,311
751,1772413918,2026-03-01T17:11:58,75,25,yes,9
752,1772413924,2026-03-01T17:12:04,75,25,yes,64
753,1772413925,2026-03-01T17:12:05,75,25,yes,13
754,1772413926,2026-03-01T17:12:06,75,25,yes,11
755,1772413928,2026-03-01T17:12:08,75,25,yes,131
756,1772413930,2026-03-01T17:12:10,75,25,yes,148
757,1772413934,2026-03-01T17:12:14,75,25,yes,2174
758,1772413934,2026-03-01T17:12:14,75,25,yes,436
759,1772413935,2026-03-01T17:12:15,76,24,yes,6
760,1772413938,2026-03-01T17:12:18,76,24,yes,1
761,1772413941,2026-03-01T17:12:21,76,24,yes,536
762,1772413942,2026-03-01T17:12:22,76,24,yes,72
763,1772413942,2026-03-01T17:12:22,76,24,yes,25
764,1772413943,2026-03-01T17:12:23,76,24,yes,129
765,1772413944,2026-03-01T17:12:24,76,24,yes,2
766,1772413945,2026-03-01T17:12:25,76,24,yes,1037
767,1772413946,2026-03-01T17:12:26,76,24,yes,64
768,1772413947,2026-03-01T17:12:27,76,24,yes,12
769,1772413953,2026-03-01T17:12:33,76,24,yes,32
770,1772413956,2026-03-01T17:12:36,76,24,yes,17
771,1772413958,2026-03-01T17:12:38,76,24,yes,12
772,1772413958,2026-03-01T17:12:38,76,24,yes,15
773,1772413965,2026-03-01T17:12:45,76,24,yes,32
774,1772413970,2026-03-01T17:12:50,75,25,yes,6
775,1772413971,2026-03-01T17:12:51,75,25,yes,28
776,1772413974,2026-03-01T17:12:54,75,25,yes,25
777,1772413975,2026-03-01T17:12:55,75,25,yes,13
778,1772413976,2026-03-01T17:12:56,75,25,yes,16
779,1772413976,2026-03-01T17:12:56,75,25,yes,3777
780,1772413976,2026-03-01T17:12:56,75,25,yes,723
781,1772413979,2026-03-01T17:12:59,75,25,yes,19
782,1772413980,2026-03-01T17:13:00,75,25,yes,12
783,1772413981,2026-03-01T17:13:01,74,26,no,1000
784,1772413981,2026-03-01T17:13:01,74,26,no,40
785,1772413982,2026-03-01T17:13:02,75,25,yes,1
786,1772413985,2026-03-01T17:13:05,75,25,yes,1
787,1772413985,2026-03-01T17:13:05,75,25,yes,131
788,1772413985,2026-03-01T17:13:05,75,25,yes,500
789,1772413992,2026-03-01T17:13:12,76,24,yes,5
790,1772413993,2026-03-01T17:13:13,75,25,yes,50
791,1772413995,2026-03-01T17:13:15,74,26,no,960
792,1772413995,2026-03-01T17:13:15,74,26,no,84
793,1772413996,2026-03-01T17:13:16,74,26,yes,50
794,1772414000,2026-03-01T17:13:20,74,26,yes,26
795,1772414000,2026-03-01T17:13:20,74,26,yes,264
796,1772414000,2026-03-01T17:13:20,74,26,yes,13
797,1772414001,2026-03-01T17:13:21,74,26,yes,19
798,1772414002,2026-03-01T17:13:22,73,27,no,15
799,1772414003,2026-03-01T17:13:23,72,28,no,22
800,1772414003,2026-03-01T17:13:23,72,28,no,2
801,1772414003,2026-03-01T17:13:23,72,28,yes,1
802,1772414003,2026-03-01T17:13:23,71,29,no,660
803,1772414003,2026-03-01T17:13:23,71,29,no,4
804,1772414003,2026-03-01T17:13:23,71,29,yes,20
805,1772414003,2026-03-01T17:13:23,71,29,yes,2
806,1772414004,2026-03-01T17:13:24,71,29,yes,10
807,1772414007,2026-03-01T17:13:27,71,29,yes,69
808,1772414008,2026-03-01T17:13:28,71,29,yes,273
809,1772414010,2026-03-01T17:13:30,71,29,yes,276
810,1772414011,2026-03-01T17:13:31,71,29,yes,56
811,1772414013,2026-03-01T17:13:33,71,29,yes,3
812,1772414014,2026-03-01T17:13:34,71,29,yes,27
813,1772414015,2026-03-01T17:13:35,71,29,yes,2
814,1772414019,2026-03-01T17:13:39,71,29,yes,20
815,1772414020,2026-03-01T17:13:40,70,30,no,2
816,1772414020,2026-03-01T17:13:40,71,29,yes,342
817,1772414021,2026-03-01T17:13:41,71,29,yes,12
818,1772414022,2026-03-01T17:13:42,70,30,no,48
819,1772414022,2026-03-01T17:13:42,70,30,no,10
820,1772414022,2026-03-01T17:13:42,70,30,no,25
821,1772414022,2026-03-01T17:13:42,70,30,no,18
822,1772414022,2026-03-01T17:13:42,70,30,no,100
823,1772414022,2026-03-01T17:13:42,70,30,no,1
824,1772414022,2026-03-01T17:13:42,70,30,no,200
825,1772414023,2026-03-01T17:13:43,70,30,yes,3
826,1772414023,2026-03-01T17:13:43,70,30,yes,69
827,1772414024,2026-03-01T17:13:44,70,30,yes,134
828,1772414024,2026-03-01T17:13:44,70,30,yes,6
829,1772414024,2026-03-01T17:13:44,70,30,yes,5
830,1772414025,2026-03-01T17:13:45,70,30,yes,27
831,1772414029,2026-03-01T17:13:49,70,30,yes,20
832,1772414030,2026-03-01T17:13:50,70,30,yes,15
833,1772414031,2026-03-01T17:13:51,70,30,yes,94
834,1772414031,2026-03-01T17:13:51,70,30,yes,34
835,1772414032,2026-03-01T17:13:52,70,30,yes,29
836,1772414032,2026-03-01T17:13:52,70,30,yes,26
837,1772414033,2026-03-01T17:13:53,70,30,yes,53
838,1772414033,2026-03-01T17:13:53,69,31,no,1
839,1772414033,2026-03-01T17:13:53,69,31,no,2
840,1772414033,2026-03-01T17:13:53,69,31,no,5
841,1772414033,2026-03-01T17:13:53,69,31,no,22
842,1772414035,2026-03-01T17:13:55,70,30,yes,90
843,1772414035,2026-03-01T17:13:55,70,30,yes,2
844,1772414035,2026-03-01T17:13:55,70,30,yes,91
845,1772414035,2026-03-01T17:13:55,70,30,yes,1073
846,1772414035,2026-03-01T17:13:55,70,30,yes,100
847,1772414035,2026-03-01T17:13:55,70,30,yes,717
848,1772414037,2026-03-01T17:13:57,72,28,yes,100
849,1772414040,2026-03-01T17:14:00,71,29,yes,100
850,1772414043,2026-03-01T17:14:03,71,29,yes,6
851,1772414046,2026-03-01T17:14:06,71,29,yes,1
852,1772414046,2026-03-01T17:14:06,71,29,yes,23
853,1772414046,2026-03-01T17:14:06,71,29,yes,27
854,1772414048,2026-03-01T17:14:08,71,29,yes,272
855,1772414048,2026-03-01T17:14:08,71,29,yes,44
856,1772414048,2026-03-01T17:14:08,71,29,yes,57
857,1772414048,2026-03-01T17:14:08,71,29,yes,12
858,1772414051,2026-03-01T17:14:11,71,29,yes,6
859,1772414052,2026-03-01T17:14:12,71,29,yes,25
860,1772414052,2026-03-01T17:14:12,71,29,yes,81
861,1772414053,2026-03-01T17:14:13,71,29,yes,60
862,1772414053,2026-03-01T17:14:13,71,29,yes,606
863,1772414054,2026-03-01T17:14:14,70,30,no,500
864,1772414054,2026-03-01T17:14:14,70,30,no,150
865,1772414054,2026-03-01T17:14:14,70,30,no,25
866,1772414054,2026-03-01T17:14:14,70,30,no,52
867,1772414054,2026-03-01T17:14:14,70,30,no,300
868,1772414055,2026-03-01T17:14:15,69,31,no,10
869,1772414055,2026-03-01T17:14:15,69,31,no,1
870,1772414055,2026-03-01T17:14:15,69,31,no,3
871,1772414055,2026-03-01T17:14:15,69,31,no,100
872,1772414055,2026-03-01T17:14:15,69,31,no,2
873,1772414055,2026-03-01T17:14:15,69,31,no,10
874,1772414055,2026-03-01T17:14:15,69,31,no,10
875,1772414055,2026-03-01T17:14:15,69,31,no,10
876,1772414055,2026-03-01T17:14:15,69,31,yes,63
877,1772414055,2026-03-01T17:14:15,69,31,yes,12
878,1772414056,2026-03-01T17:14:16,68,32,no,24
879,1772414056,2026-03-01T17:14:16,68,32,no,3
880,1772414056,2026-03-01T17:14:16,68,32,no,200
881,1772414056,2026-03-01T17:14:16,68,32,no,3
882,1772414056,2026-03-01T17:14:16,68,32,no,50
883,1772414056,2026-03-01T17:14:16,68,32,no,4
884,1772414056,2026-03-01T17:14:16,68,32,no,10
885,1772414058,2026-03-01T17:14:18,68,32,yes,2500
886,1772414058,2026-03-01T17:14:18,68,32,yes,35
887,1772414058,2026-03-01T17:14:18,68,32,yes,175
888,1772414058,2026-03-01T17:14:18,68,32,yes,325
889,1772414058,2026-03-01T17:14:18,68,32,yes,1018
890,1772414058,2026-03-01T17:14:18,68,32,yes,175
891,1772414059,2026-03-01T17:14:19,69,31,yes,2
892,1772414059,2026-03-01T17:14:19,69,31,yes,35
893,1772414060,2026-03-01T17:14:20,69,31,yes,52
894,1772414061,2026-03-01T17:14:21,69,31,yes,35
895,1772414062,2026-03-01T17:14:22,69,31,yes,14
896,1772414063,2026-03-01T17:14:23,69,31,yes,40
897,1772414063,2026-03-01T17:14:23,68,32,no,50
898,1772414066,2026-03-01T17:14:26,69,31,yes,7
899,1772414066,2026-03-01T17:14:26,69,31,yes,10
900,1772414067,2026-03-01T17:14:27,69,31,yes,2
901,1772414067,2026-03-01T17:14:27,69,31,yes,148
902,1772414068,2026-03-01T17:14:28,71,29,yes,2
903,1772414068,2026-03-01T17:14:28,71,29,yes,2
904,1772414070,2026-03-01T17:14:30,71,29,yes,1
905,1772414070,2026-03-01T17:14:30,71,29,yes,3
906,1772414070,2026-03-01T17:14:30,71,29,yes,55
907,1772414070,2026-03-01T17:14:30,72,28,yes,2
908,1772414072,2026-03-01T17:14:32,72,28,yes,1
909,1772414072,2026-03-01T17:14:32,72,28,yes,29
910,1772414073,2026-03-01T17:14:33,72,28,yes,4
911,1772414074,2026-03-01T17:14:34,72,28,yes,27
912,1772414074,2026-03-01T17:14:34,72,28,yes,1
913,1772414074,2026-03-01T17:14:34,72,28,yes,13
914,1772414074,2026-03-01T17:14:34,72,28,yes,67
915,1772414075,2026-03-01T17:14:35,72,28,yes,362
916,1772414075,2026-03-01T17:14:35,72,28,yes,3
917,1772414075,2026-03-01T17:14:35,72,28,yes,135
918,1772414075,2026-03-01T17:14:35,71,29,no,11
919,1772414075,2026-03-01T17:14:35,72,28,yes,5
920,1772414076,2026-03-01T17:14:36,72,28,yes,20
921,1772414076,2026-03-01T17:14:36,72,28,yes,272
922,1772414077,2026-03-01T17:14:37,72,28,yes,1
923,1772414077,2026-03-01T17:14:37,72,28,yes,34
924,1772414078,2026-03-01T17:14:38,72,28,yes,33
925,1772414078,2026-03-01T17:14:38,72,28,yes,5
926,1772414079,2026-03-01T17:14:39,72,28,yes,11
927,1772414079,2026-03-01T17:14:39,72,28,yes,1021
928,1772414079,2026-03-01T17:14:39,72,28,yes,1
929,1772414080,2026-03-01T17:14:40,72,28,yes,681
930,1772414080,2026-03-01T17:14:40,72,28,yes,136
931,1772414080,2026-03-01T17:14:40,72,28,yes,20
932,1772414080,2026-03-01T17:14:40,72,28,yes,13
933,1772414081,2026-03-01T17:14:41,72,28,yes,4
934,1772414082,2026-03-01T17:14:42,71,29,no,20
935,1772414082,2026-03-01T17:14:42,72,28,yes,996
936,1772414082,2026-03-01T17:14:42,72,28,yes,150
937,1772414082,2026-03-01T17:14:42,72,28,yes,745
938,1772414082,2026-03-01T17:14:42,72,28,yes,27
939,1772414082,2026-03-01T17:14:42,72,28,yes,1
940,1772414084,2026-03-01T17:14:44,72,28,yes,6
941,1772414085,2026-03-01T17:14:45,72,28,yes,2
942,1772414087,2026-03-01T17:14:47,72,28,yes,5
943,1772414087,2026-03-01T17:14:47,72,28,yes,130
944,1772414088,2026-03-01T17:14:48,72,28,yes,27
945,1772414089,2026-03-01T17:14:49,72,28,yes,4
946,1772414089,2026-03-01T17:14:49,72,28,yes,19
947,1772414090,2026-03-01T17:14:50,72,28,yes,56
948,1772414090,2026-03-01T17:14:50,72,28,yes,1000
949,1772414091,2026-03-01T17:14:51,73,27,yes,1
950,1772414092,2026-03-01T17:14:52,73,27,yes,30
951,1772414093,2026-03-01T17:14:53,73,27,yes,12
952,1772414095,2026-03-01T17:14:55,72,28,yes,6
953,1772414096,2026-03-01T17:14:56,72,28,yes,9
954,1772414097,2026-03-01T17:14:57,72,28,yes,18
955,1772414098,2026-03-01T17:14:58,73,27,yes,12
956,1772414099,2026-03-01T17:14:59,72,28,yes,1
957,1772414101,2026-03-01T17:15:01,72,28,yes,9
958,1772414102,2026-03-01T17:15:02,72,28,yes,1
959,1772414103,2026-03-01T17:15:03,72,28,yes,27
960,1772414104,2026-03-01T17:15:04,73,27,yes,866
961,1772414104,2026-03-01T17:15:04,73,27,yes,2
962,1772414104,2026-03-01T17:15:04,73,27,yes,3
963,1772414106,2026-03-01T17:15:06,74,26,yes,50
964,1772414106,2026-03-01T17:15:06,74,26,yes,149
965,1772414106,2026-03-01T17:15:06,74,26,yes,1
966,1772414106,2026-03-01T17:15:06,74,26,yes,3
967,1772414108,2026-03-01T17:15:08,75,25,yes,17
968,1772414108,2026-03-01T17:15:08,75,25,yes,79
969,1772414109,2026-03-01T17:15:09,75,25,yes,64
970,1772414109,2026-03-01T17:15:09,75,25,yes,32
971,1772414112,2026-03-01T17:15:12,75,25,yes,25
972,1772414112,2026-03-01T17:15:12,74,26,yes,7
973,1772414113,2026-03-01T17:15:13,74,26,yes,8
974,1772414113,2026-03-01T17:15:13,74,26,yes,26
975,1772414116,2026-03-01T17:15:16,74,26,yes,2
976,1772414116,2026-03-01T17:15:16,74,26,yes,40
977,1772414116,2026-03-01T17:15:16,73,27,yes,6
978,1772414116,2026-03-01T17:15:16,73,27,yes,13
979,1772414116,2026-03-01T17:15:16,74,26,yes,5
980,1772414117,2026-03-01T17:15:17,73,27,yes,1000
981,1772414117,2026-03-01T17:15:17,73,27,yes,769
982,1772414117,2026-03-01T17:15:17,74,26,yes,415
983,1772414118,2026-03-01T17:15:18,74,26,yes,2
984,1772414118,2026-03-01T17:15:18,74,26,yes,394
985,1772414119,2026-03-01T17:15:19,74,26,yes,4
986,1772414120,2026-03-01T17:15:20,74,26,yes,526
987,1772414120,2026-03-01T17:15:20,74,26,yes,6
988,1772414121,2026-03-01T17:15:21,74,26,yes,38
989,1772414121,2026-03-01T17:15:21,74,26,yes,5
990,1772414121,2026-03-01T17:15:21,74,26,yes,66
991,1772414122,2026-03-01T17:15:22,74,26,yes,125
992,1772414122,2026-03-01T17:15:22,74,26,yes,21
993,1772414122,2026-03-01T17:15:22,74,26,yes,152
994,1772414123,2026-03-01T17:15:23,74,26,yes,17
995,1772414123,2026-03-01T17:15:23,74,26,yes,50
996,1772414124,2026-03-01T17:15:24,74,26,yes,368
997,1772414124,2026-03-01T17:15:24,74,26,yes,9
998,1772414126,2026-03-01T17:15:26,74,26,yes,99
999,1772414127,2026-03-01T17:15:27,74,26,yes,6
1000,1772414127,2026-03-01T17:15:27,74,26,yes,131
1001,1772414128,2026-03-01T17:15:28,74,26,yes,88
1002,1772414129,2026-03-01T17:15:29,74,26,yes,65
1003,1772414129,2026-03-01T17:15:29,74,26,yes,1425
1004,1772414130,2026-03-01T17:15:30,74,26,yes,132
1005,1772414130,2026-03-01T17:15:30,74,26,yes,131
1006,1772414131,2026-03-01T17:15:31,74,26,yes,57
1007,1772414132,2026-03-01T17:15:32,74,26,yes,35
1008,1772414133,2026-03-01T17:15:33,74,26,yes,1
1009,1772414135,2026-03-01T17:15:35,73,27,no,15
1010,1772414137,2026-03-01T17:15:37,74,26,yes,5
1011,1772414137,2026-03-01T17:15:37,74,26,yes,1
1012,1772414137,2026-03-01T17:15:37,74,26,yes,165
1013,1772414137,2026-03-01T17:15:37,74,26,yes,163
1014,1772414138,2026-03-01T17:15:38,74,26,yes,6000
1015,1772414139,2026-03-01T17:15:39,74,26,yes,6
1016,1772414142,2026-03-01T17:15:42,75,25,yes,1298
1017,1772414143,2026-03-01T17:15:43,75,25,yes,64
1018,1772414143,2026-03-01T17:15:43,75,25,yes,1
1019,1772414143,2026-03-01T17:15:43,75,25,yes,65
1020,1772414143,2026-03-01T17:15:43,75,25,yes,112
1021,1772414143,2026-03-01T17:15:43,75,25,yes,32
1022,1772414144,2026-03-01T17:15:44,75,25,yes,9
1023,1772414145,2026-03-01T17:15:45,74,26,no,78
1024,1772414145,2026-03-01T17:15:45,75,25,yes,32
1025,1772414146,2026-03-01T17:15:46,75,25,yes,393
1026,1772414147,2026-03-01T17:15:47,75,25,yes,5
1027,1772414147,2026-03-01T17:15:47,75,25,yes,64
1028,1772414147,2026-03-01T17:15:47,75,25,yes,9
1029,1772414148,2026-03-01T17:15:48,75,25,yes,65
1030,1772414148,2026-03-01T17:15:48,75,25,yes,1000
1031,1772414150,2026-03-01T17:15:50,75,25,yes,11
1032,1772414151,2026-03-01T17:15:51,75,25,yes,52
1033,1772414154,2026-03-01T17:15:54,75,25,yes,5
1034,1772414155,2026-03-01T17:15:55,74,26,no,70
1035,1772414155,2026-03-01T17:15:55,74,26,yes,400
1036,1772414157,2026-03-01T17:15:57,74,26,yes,100
1037,1772414158,2026-03-01T17:15:58,73,27,yes,26
1038,1772414159,2026-03-01T17:15:59,73,27,yes,20
1039,1772414160,2026-03-01T17:16:00,73,27,yes,25
1040,1772414160,2026-03-01T17:16:00,73,27,yes,400
1041,1772414161,2026-03-01T17:16:01,73,27,yes,529
1042,1772414161,2026-03-01T17:16:01,73,27,yes,2137
1043,1772414161,2026-03-01T17:16:01,73,27,yes,50
1044,1772414161,2026-03-01T17:16:01,73,27,yes,14
1045,1772414162,2026-03-01T17:16:02,74,26,yes,68
1046,1772414163,2026-03-01T17:16:03,74,26,yes,3
1047,1772414163,2026-03-01T17:16:03,74,26,yes,144
1048,1772414163,2026-03-01T17:16:03,74,26,yes,13
1049,1772414164,2026-03-01T17:16:04,74,26,yes,474
1050,1772414164,2026-03-01T17:16:04,74,26,yes,26
1051,1772414166,2026-03-01T17:16:06,73,27,yes,13
1052,1772414166,2026-03-01T17:16:06,73,27,yes,100
1053,1772414167,2026-03-01T17:16:07,73,27,yes,3
1054,1772414167,2026-03-01T17:16:07,73,27,yes,40
1055,1772414167,2026-03-01T17:16:07,73,27,yes,39
1056,1772414169,2026-03-01T17:16:09,73,27,yes,21
1057,1772414169,2026-03-01T17:16:09,73,27,yes,66
1058,1772414169,2026-03-01T17:16:09,73,27,yes,40
1059,1772414169,2026-03-01T17:16:09,73,27,yes,2
1060,1772414173,2026-03-01T17:16:13,74,26,yes,19
1061,1772414174,2026-03-01T17:16:14,74,26,yes,65
1062,1772414174,2026-03-01T17:16:14,74,26,yes,65
1063,1772414175,2026-03-01T17:16:15,73,27,no,50
1064,1772414177,2026-03-01T17:16:17,72,28,no,10
1065,1772414177,2026-03-01T17:16:17,72,28,yes,50
1066,1772414178,2026-03-01T17:16:18,72,28,yes,133
1067,1772414179,2026-03-01T17:16:19,72,28,yes,20
1068,1772414179,2026-03-01T17:16:19,72,28,yes,101
1069,1772414180,2026-03-01T17:16:20,72,28,yes,136
1070,1772414180,2026-03-01T17:16:20,72,28,yes,5
1071,1772414182,2026-03-01T17:16:22,72,28,yes,67
1072,1772414182,2026-03-01T17:16:22,72,28,yes,29
1073,1772414183,2026-03-01T17:16:23,72,28,yes,19
1074,1772414184,2026-03-01T17:16:24,72,28,yes,1000
1075,1772414184,2026-03-01T17:16:24,72,28,yes,44
1076,1772414184,2026-03-01T17:16:24,72,28,yes,6
1077,1772414185,2026-03-01T17:16:25,72,28,yes,5
1078,1772414185,2026-03-01T17:16:25,72,28,yes,32
1079,1772414185,2026-03-01T17:16:25,72,28,yes,150
1080,1772414186,2026-03-01T17:16:26,72,28,yes,87
1081,1772414188,2026-03-01T17:16:28,73,27,yes,5
1082,1772414188,2026-03-01T17:16:28,73,27,yes,150
1083,1772414188,2026-03-01T17:16:28,73,27,yes,112
1084,1772414188,2026-03-01T17:16:28,73,27,yes,123
1085,1772414189,2026-03-01T17:16:29,73,27,yes,268
1086,1772414190,2026-03-01T17:16:30,73,27,yes,1
1087,1772414190,2026-03-01T17:16:30,73,27,yes,13
1088,1772414191,2026-03-01T17:16:31,73,27,yes,26
1089,1772414193,2026-03-01T17:16:33,73,27,yes,1
1090,1772414194,2026-03-01T17:16:34,73,27,yes,13
1091,1772414195,2026-03-01T17:16:35,73,27,yes,67
1092,1772414195,2026-03-01T17:16:35,73,27,yes,60
1093,1772414198,2026-03-01T17:16:38,74,26,yes,17
1094,1772414199,2026-03-01T17:16:39,74,26,yes,26
1095,1772414199,2026-03-01T17:16:39,74,26,yes,59
1096,1772414200,2026-03-01T17:16:40,73,27,yes,210
1097,1772414201,2026-03-01T17:16:41,73,27,yes,25
1098,1772414201,2026-03-01T17:16:41,73,27,yes,403
1099,1772414202,2026-03-01T17:16:42,73,27,yes,16
1100,1772414202,2026-03-01T17:16:42,72,28,no,51
1101,1772414202,2026-03-01T17:16:42,73,27,yes,13
1102,1772414202,2026-03-01T17:16:42,73,27,yes,67
1103,1772414203,2026-03-01T17:16:43,73,27,yes,53
1104,1772414203,2026-03-01T17:16:43,73,27,yes,13
1105,1772414206,2026-03-01T17:16:46,73,27,yes,67
1106,1772414206,2026-03-01T17:16:46,73,27,yes,364
1107,1772414207,2026-03-01T17:16:47,73,27,yes,34
1108,1772414207,2026-03-01T17:16:47,73,27,yes,54
1109,1772414208,2026-03-01T17:16:48,73,27,yes,4
1110,1772414209,2026-03-01T17:16:49,73,27,yes,14
1111,1772414210,2026-03-01T17:16:50,73,27,yes,134
1112,1772414210,2026-03-01T17:16:50,73,27,yes,1000
1113,1772414211,2026-03-01T17:16:51,73,27,yes,201
1114,1772414213,2026-03-01T17:16:53,74,26,yes,2
1115,1772414214,2026-03-01T17:16:54,73,27,yes,67
1116,1772414214,2026-03-01T17:16:54,73,27,yes,5
1117,1772414214,2026-03-01T17:16:54,74,26,yes,196
1118,1772414214,2026-03-01T17:16:54,74,26,yes,3
1119,1772414214,2026-03-01T17:16:54,74,26,yes,2
1120,1772414214,2026-03-01T17:16:54,74,26,yes,684
1121,1772414214,2026-03-01T17:16:54,74,26,yes,3091
1122,1772414215,2026-03-01T17:16:55,74,26,yes,3
1123,1772414215,2026-03-01T17:16:55,74,26,yes,81
1124,1772414215,2026-03-01T17:16:55,74,26,yes,66
1125,1772414218,2026-03-01T17:16:58,73,27,yes,18
1126,1772414219,2026-03-01T17:16:59,73,27,yes,5
1127,1772414219,2026-03-01T17:16:59,73,27,yes,8
1128,1772414220,2026-03-01T17:17:00,73,27,yes,3659
1129,1772414220,2026-03-01T17:17:00,73,27,yes,3007
1130,1772414220,2026-03-01T17:17:00,73,27,yes,133
1131,1772414222,2026-03-01T17:17:02,73,27,yes,67
1132,1772414223,2026-03-01T17:17:03,74,26,yes,1
1133,1772414224,2026-03-01T17:17:04,74,26,yes,631
1134,1772414225,2026-03-01T17:17:05,73,27,yes,104
1135,1772414227,2026-03-01T17:17:07,73,27,yes,30
1136,1772414227,2026-03-01T17:17:07,73,27,yes,274
1137,1772414230,2026-03-01T17:17:10,74,26,yes,7
1138,1772414230,2026-03-01T17:17:10,73,27,yes,1000
1139,1772414230,2026-03-01T17:17:10,74,26,yes,3051
1140,1772414230,2026-03-01T17:17:10,74,26,yes,921
1141,1772414230,2026-03-01T17:17:10,74,26,yes,150
1142,1772414230,2026-03-01T17:17:10,74,26,yes,40
1143,1772414230,2026-03-01T17:17:10,74,26,yes,834
1144,1772414234,2026-03-01T17:17:14,74,26,yes,116
1145,1772414235,2026-03-01T17:17:15,74,26,yes,331
1146,1772414235,2026-03-01T17:17:15,74,26,yes,1
1147,1772414235,2026-03-01T17:17:15,74,26,yes,1
1148,1772414236,2026-03-01T17:17:16,74,26,yes,333
1149,1772414237,2026-03-01T17:17:17,74,26,yes,99
1150,1772414238,2026-03-01T17:17:18,74,26,yes,107
1151,1772414239,2026-03-01T17:17:19,74,26,yes,26
1152,1772414241,2026-03-01T17:17:21,74,26,yes,150
1153,1772414241,2026-03-01T17:17:21,74,26,yes,1165
1154,1772414244,2026-03-01T17:17:24,74,26,yes,16
1155,1772414244,2026-03-01T17:17:24,74,26,yes,36
1156,1772414244,2026-03-01T17:17:24,74,26,yes,115
1157,1772414245,2026-03-01T17:17:25,74,26,yes,131
1158,1772414245,2026-03-01T17:17:25,74,26,yes,5
1159,1772414245,2026-03-01T17:17:25,74,26,yes,33
1160,1772414246,2026-03-01T17:17:26,74,26,yes,26
1161,1772414249,2026-03-01T17:17:29,74,26,yes,100
1162,1772414249,2026-03-01T17:17:29,74,26,yes,500
1163,1772414251,2026-03-01T17:17:31,74,26,yes,2000
1164,1772414252,2026-03-01T17:17:32,73,27,yes,50
1165,1772414252,2026-03-01T17:17:32,73,27,yes,66
1166,1772414252,2026-03-01T17:17:32,73,27,yes,500
1167,1772414252,2026-03-01T17:17:32,73,27,yes,605
1168,1772414252,2026-03-01T17:17:32,73,27,yes,98
1169,1772414252,2026-03-01T17:17:32,73,27,yes,1332
1170,1772414253,2026-03-01T17:17:33,73,27,yes,3000
1171,1772414254,2026-03-01T17:17:34,73,27,yes,17
1172,1772414256,2026-03-01T17:17:36,73,27,yes,1000
1173,1772414257,2026-03-01T17:17:37,73,27,yes,2
1174,1772414257,2026-03-01T17:17:37,73,27,yes,27
1175,1772414259,2026-03-01T17:17:39,73,27,yes,66
1176,1772414260,2026-03-01T17:17:40,73,27,yes,398
1177,1772414261,2026-03-01T17:17:41,74,26,yes,1
1178,1772414262,2026-03-01T17:17:42,74,26,yes,7
1179,1772414263,2026-03-01T17:17:43,74,26,yes,143
1180,1772414263,2026-03-01T17:17:43,75,25,yes,3
1181,1772414263,2026-03-01T17:17:43,75,25,yes,1
1182,1772414265,2026-03-01T17:17:45,75,25,yes,212
1183,1772414266,2026-03-01T17:17:46,75,25,yes,26
1184,1772414266,2026-03-01T17:17:46,75,25,yes,129
1185,1772414268,2026-03-01T17:17:48,75,25,yes,97
1186,1772414269,2026-03-01T17:17:49,75,25,yes,64
1187,1772414270,2026-03-01T17:17:50,74,26,no,120
1188,1772414270,2026-03-01T17:17:50,74,26,no,150
1189,1772414273,2026-03-01T17:17:53,73,27,no,62
1190,1772414273,2026-03-01T17:17:53,73,27,no,15
1191,1772414273,2026-03-01T17:17:53,73,27,yes,113
1192,1772414273,2026-03-01T17:17:53,73,27,yes,201
1193,1772414274,2026-03-01T17:17:54,73,27,yes,1550
1194,1772414274,2026-03-01T17:17:54,73,27,yes,950
1195,1772414276,2026-03-01T17:17:56,73,27,yes,33
1196,1772414276,2026-03-01T17:17:56,73,27,yes,66
1197,1772414277,2026-03-01T17:17:57,73,27,yes,66
1198,1772414278,2026-03-01T17:17:58,73,27,yes,73
1199,1772414278,2026-03-01T17:17:58,73,27,yes,2
1200,1772414278,2026-03-01T17:17:58,73,27,yes,24
1201,1772414278,2026-03-01T17:17:58,73,27,yes,10
1202,1772414280,2026-03-01T17:18:00,73,27,yes,6
1203,1772414280,2026-03-01T17:18:00,73,27,yes,13
1204,1772414281,2026-03-01T17:18:01,73,27,yes,15
1205,1772414281,2026-03-01T17:18:01,73,27,yes,150
1206,1772414281,2026-03-01T17:18:01,74,26,yes,11
1207,1772414282,2026-03-01T17:18:02,74,26,yes,2
1208,1772414287,2026-03-01T17:18:07,75,25,yes,129
1209,1772414287,2026-03-01T17:18:07,75,25,yes,171
1210,1772414288,2026-03-01T17:18:08,75,25,yes,65
1211,1772414288,2026-03-01T17:18:08,75,25,yes,11
1212,1772414289,2026-03-01T17:18:09,75,25,yes,19
1213,1772414289,2026-03-01T17:18:09,75,25,yes,131
1214,1772414290,2026-03-01T17:18:10,75,25,yes,32
1215,1772414290,2026-03-01T17:18:10,75,25,yes,37
1216,1772414290,2026-03-01T17:18:10,75,25,yes,35
1217,1772414292,2026-03-01T17:18:12,76,24,yes,3
1218,1772414292,2026-03-01T17:18:12,76,24,yes,4
1219,1772414292,2026-03-01T17:18:12,76,24,yes,9
1220,1772414295,2026-03-01T17:18:15,75,25,yes,8
1221,1772414295,2026-03-01T17:18:15,75,25,yes,65
1222,1772414296,2026-03-01T17:18:16,75,25,yes,7427
1223,1772414296,2026-03-01T17:18:16,75,25,yes,956
1224,1772414296,2026-03-01T17:18:16,75,25,yes,113
1225,1772414297,2026-03-01T17:18:17,76,24,yes,5
1226,1772414297,2026-03-01T17:18:17,76,24,yes,6
1227,1772414297,2026-03-01T17:18:17,76,24,yes,258
1228,1772414297,2026-03-01T17:18:17,75,25,yes,1
1229,1772414299,2026-03-01T17:18:19,74,26,yes,35
1230,1772414299,2026-03-01T17:18:19,74,26,yes,25
1231,1772414300,2026-03-01T17:18:20,74,26,yes,3
1232,1772414302,2026-03-01T17:18:22,74,26,yes,6
1233,1772414302,2026-03-01T17:18:22,74,26,yes,30
1234,1772414303,2026-03-01T17:18:23,74,26,yes,13
1235,1772414304,2026-03-01T17:18:24,74,26,yes,6
1236,1772414304,2026-03-01T17:18:24,74,26,yes,21
1237,1772414306,2026-03-01T17:18:26,74,26,yes,66
1238,1772414306,2026-03-01T17:18:26,74,26,yes,8
1239,1772414306,2026-03-01T17:18:26,74,26,yes,11
1240,1772414307,2026-03-01T17:18:27,74,26,yes,39
1241,1772414307,2026-03-01T17:18:27,74,26,yes,1
1242,1772414308,2026-03-01T17:18:28,74,26,yes,848
1243,1772414308,2026-03-01T17:18:28,74,26,yes,26
1244,1772414308,2026-03-01T17:18:28,74,26,yes,5
1245,1772414309,2026-03-01T17:18:29,74,26,yes,1
1246,1772414309,2026-03-01T17:18:29,74,26,yes,400
1247,1772414310,2026-03-01T17:18:30,74,26,yes,3
1248,1772414311,2026-03-01T17:18:31,74,26,yes,328
1249,1772414312,2026-03-01T17:18:32,74,26,yes,4
1250,1772414315,2026-03-01T17:18:35,74,26,yes,11
1251,1772414318,2026-03-01T17:18:38,74,26,yes,20
1252,1772414318,2026-03-01T17:18:38,74,26,yes,192
1253,1772414318,2026-03-01T17:18:38,74,26,yes,13
1254,1772414319,2026-03-01T17:18:39,74,26,yes,26
1255,1772414320,2026-03-01T17:18:40,74,26,yes,11
1256,1772414320,2026-03-01T17:18:40,74,26,yes,80
1257,1772414321,2026-03-01T17:18:41,73,27,no,1611
1258,1772414321,2026-03-01T17:18:41,73,27,no,239
1259,1772414321,2026-03-01T17:18:41,73,27,no,1
1260,1772414322,2026-03-01T17:18:42,72,28,no,200
1261,1772414322,2026-03-01T17:18:42,72,28,no,200
1262,1772414322,2026-03-01T17:18:42,72,28,no,136
1263,1772414323,2026-03-01T17:18:43,72,28,yes,11
1264,1772414325,2026-03-01T17:18:45,72,28,yes,340
1265,1772414326,2026-03-01T17:18:46,72,28,yes,540
1266,1772414327,2026-03-01T17:18:47,72,28,yes,12
1267,1772414328,2026-03-01T17:18:48,72,28,yes,20
1268,1772414328,2026-03-01T17:18:48,72,28,yes,27
1269,1772414329,2026-03-01T17:18:49,72,28,yes,125
1270,1772414329,2026-03-01T17:18:49,72,28,yes,375
1271,1772414333,2026-03-01T17:18:53,72,28,yes,4
1272,1772414334,2026-03-01T17:18:54,72,28,yes,4
1273,1772414334,2026-03-01T17:18:54,72,28,yes,27
1274,1772414334,2026-03-01T17:18:54,72,28,yes,5
1275,1772414335,2026-03-01T17:18:55,72,28,yes,12
1276,1772414336,2026-03-01T17:18:56,72,28,yes,1053
1277,1772414336,2026-03-01T17:18:56,72,28,yes,5703
1278,1772414336,2026-03-01T17:18:56,72,28,yes,385
1279,1772414336,2026-03-01T17:18:56,72,28,yes,33
1280,1772414337,2026-03-01T17:18:57,72,28,yes,12
1281,1772414337,2026-03-01T17:18:57,72,28,yes,27
1282,1772414337,2026-03-01T17:18:57,72,28,yes,68
1283,1772414341,2026-03-01T17:19:01,72,28,yes,10
1284,1772414341,2026-03-01T17:19:01,72,28,yes,14
1285,1772414344,2026-03-01T17:19:04,72,28,yes,1
1286,1772414345,2026-03-01T17:19:05,73,27,yes,12
1287,1772414350,2026-03-01T17:19:10,71,29,no,119
1288,1772414350,2026-03-01T17:19:10,71,29,no,50
1289,1772414350,2026-03-01T17:19:10,71,29,no,10
1290,1772414350,2026-03-01T17:19:10,71,29,no,947
1291,1772414350,2026-03-01T17:19:10,71,29,no,1
1292,1772414350,2026-03-01T17:19:10,71,29,no,15
1293,1772414350,2026-03-01T17:19:10,71,29,yes,1
1294,1772414350,2026-03-01T17:19:10,70,30,no,2
1295,1772414352,2026-03-01T17:19:12,71,29,yes,2
1296,1772414353,2026-03-01T17:19:13,71,29,yes,17
1297,1772414354,2026-03-01T17:19:14,71,29,yes,138
1298,1772414354,2026-03-01T17:19:14,71,29,yes,147
1299,1772414355,2026-03-01T17:19:15,71,29,yes,471
1300,1772414355,2026-03-01T17:19:15,71,29,yes,562
1301,1772414355,2026-03-01T17:19:15,71,29,yes,12
1302,1772414356,2026-03-01T17:19:16,71,29,yes,74
1303,1772414357,2026-03-01T17:19:17,71,29,yes,13
1304,1772414358,2026-03-01T17:19:18,71,29,yes,5
1305,1772414358,2026-03-01T17:19:18,70,30,no,8
1306,1772414358,2026-03-01T17:19:18,70,30,no,55
1307,1772414359,2026-03-01T17:19:19,70,30,yes,41
1308,1772414360,2026-03-01T17:19:20,70,30,yes,27
1309,1772414361,2026-03-01T17:19:21,70,30,yes,138
1310,1772414361,2026-03-01T17:19:21,70,30,no,27
1311,1772414363,2026-03-01T17:19:23,70,30,no,26
1312,1772414363,2026-03-01T17:19:23,71,29,yes,1035
1313,1772414364,2026-03-01T17:19:24,71,29,yes,69
1314,1772414364,2026-03-01T17:19:24,71,29,yes,479
1315,1772414366,2026-03-01T17:19:26,72,28,yes,12
1316,1772414367,2026-03-01T17:19:27,73,27,yes,134
1317,1772414368,2026-03-01T17:19:28,73,27,yes,16
1318,1772414368,2026-03-01T17:19:28,73,27,yes,30
1319,1772414369,2026-03-01T17:19:29,73,27,yes,25
1320,1772414369,2026-03-01T17:19:29,73,27,yes,1172
1321,1772414372,2026-03-01T17:19:32,73,27,yes,5
1322,1772414372,2026-03-01T17:19:32,73,27,yes,67
1323,1772414372,2026-03-01T17:19:32,73,27,yes,13
1324,1772414372,2026-03-01T17:19:32,73,27,yes,133
1325,1772414374,2026-03-01T17:19:34,73,27,yes,66
1326,1772414375,2026-03-01T17:19:35,73,27,yes,133
1327,1772414376,2026-03-01T17:19:36,73,27,yes,5
1328,1772414376,2026-03-01T17:19:36,72,28,no,26
1329,1772414378,2026-03-01T17:19:38,73,27,yes,403
1330,1772414379,2026-03-01T17:19:39,73,27,yes,20
1331,1772414379,2026-03-01T17:19:39,73,27,yes,12
1332,1772414380,2026-03-01T17:19:40,73,27,yes,134
1333,1772414380,2026-03-01T17:19:40,73,27,yes,108
1334,1772414380,2026-03-01T17:19:40,73,27,yes,5
1335,1772414382,2026-03-01T17:19:42,73,27,yes,134
1336,1772414383,2026-03-01T17:19:43,73,27,yes,26
1337,1772414383,2026-03-01T17:19:43,73,27,yes,14
1338,1772414384,2026-03-01T17:19:44,73,27,yes,2
1339,1772414385,2026-03-01T17:19:45,73,27,yes,1143
1340,1772414385,2026-03-01T17:19:45,73,27,yes,457
1341,1772414386,2026-03-01T17:19:46,72,28,no,100
1342,1772414387,2026-03-01T17:19:47,73,27,yes,122
1343,1772414387,2026-03-01T17:19:47,73,27,yes,1332
1344,1772414387,2026-03-01T17:19:47,73,27,yes,134
1345,1772414387,2026-03-01T17:19:47,73,27,yes,149
1346,1772414387,2026-03-01T17:19:47,73,27,yes,80
1347,1772414388,2026-03-01T17:19:48,73,27,yes,5
1348,1772414392,2026-03-01T17:19:52,73,27,yes,6
1349,1772414393,2026-03-01T17:19:53,72,28,no,132
1350,1772414394,2026-03-01T17:19:54,72,28,yes,12
1351,1772414395,2026-03-01T17:19:55,72,28,yes,20
1352,1772414396,2026-03-01T17:19:56,72,28,yes,674
1353,1772414397,2026-03-01T17:19:57,72,28,yes,200
1354,1772414397,2026-03-01T17:19:57,72,28,yes,13
1355,1772414397,2026-03-01T17:19:57,72,28,yes,20
1356,1772414400,2026-03-01T17:20:00,72,28,yes,67
1357,1772414401,2026-03-01T17:20:01,72,28,yes,135
1358,1772414404,2026-03-01T17:20:04,72,28,yes,6
1359,1772414405,2026-03-01T17:20:05,72,28,yes,12
1360,1772414405,2026-03-01T17:20:05,72,28,yes,20
1361,1772414407,2026-03-01T17:20:07,72,28,yes,16
1362,1772414407,2026-03-01T17:20:07,72,28,yes,6
1363,1772414411,2026-03-01T17:20:11,71,29,yes,6
1364,1772414412,2026-03-01T17:20:12,71,29,yes,2
1365,1772414412,2026-03-01T17:20:12,71,29,yes,2
1366,1772414412,2026-03-01T17:20:12,71,29,yes,990
1367,1772414413,2026-03-01T17:20:13,72,28,yes,16
1368,1772414414,2026-03-01T17:20:14,72,28,yes,27
1369,1772414414,2026-03-01T17:20:14,72,28,yes,8
1370,1772414417,2026-03-01T17:20:17,72,28,yes,6
1371,1772414418,2026-03-01T17:20:18,72,28,yes,24
1372,1772414419,2026-03-01T17:20:19,72,28,yes,306
1373,1772414419,2026-03-01T17:20:19,71,29,no,15
1374,1772414420,2026-03-01T17:20:20,72,28,yes,16
1375,1772414422,2026-03-01T17:20:22,72,28,yes,34
1376,1772414422,2026-03-01T17:20:22,72,28,yes,9
1377,1772414423,2026-03-01T17:20:23,72,28,yes,13
1378,1772414423,2026-03-01T17:20:23,72,28,yes,1
1379,1772414425,2026-03-01T17:20:25,72,28,yes,5000
1380,1772414428,2026-03-01T17:20:28,72,28,yes,6
1381,1772414429,2026-03-01T17:20:29,72,28,yes,2372
1382,1772414430,2026-03-01T17:20:30,72,28,yes,136
1383,1772414431,2026-03-01T17:20:31,72,28,yes,136
1384,1772414432,2026-03-01T17:20:32,72,28,yes,1013
1385,1772414432,2026-03-01T17:20:32,72,28,yes,20
1386,1772414433,2026-03-01T17:20:33,71,29,no,2
1387,1772414434,2026-03-01T17:20:34,72,28,yes,857
1388,1772414434,2026-03-01T17:20:34,72,28,yes,1845
1389,1772414436,2026-03-01T17:20:36,71,29,yes,4
1390,1772414436,2026-03-01T17:20:36,71,29,yes,1
1391,1772414438,2026-03-01T17:20:38,71,29,yes,1
1392,1772414439,2026-03-01T17:20:39,71,29,yes,69
1393,1772414439,2026-03-01T17:20:39,71,29,yes,27
1394,1772414440,2026-03-01T17:20:40,71,29,yes,10
1395,1772414440,2026-03-01T17:20:40,71,29,yes,27
1396,1772414440,2026-03-01T17:20:40,71,29,yes,10
1397,1772414440,2026-03-01T17:20:40,71,29,yes,50
1398,1772414442,2026-03-01T17:20:42,71,29,yes,12
1399,1772414442,2026-03-01T17:20:42,71,29,yes,27
1400,1772414444,2026-03-01T17:20:44,71,29,yes,762
1401,1772414444,2026-03-01T17:20:44,71,29,yes,1738
1402,1772414445,2026-03-01T17:20:45,71,29,yes,272
1403,1772414446,2026-03-01T17:20:46,71,29,yes,1
1404,1772414447,2026-03-01T17:20:47,71,29,yes,727
1405,1772414447,2026-03-01T17:20:47,71,29,yes,17
1406,1772414447,2026-03-01T17:20:47,71,29,yes,126
1407,1772414449,2026-03-01T17:20:49,72,28,yes,20
1408,1772414452,2026-03-01T17:20:52,72,28,yes,136
1409,1772414452,2026-03-01T17:20:52,72,28,yes,12
1410,1772414454,2026-03-01T17:20:54,72,28,yes,270
1411,1772414455,2026-03-01T17:20:55,72,28,yes,1
1412,1772414455,2026-03-01T17:20:55,72,28,yes,27
1413,1772414456,2026-03-01T17:20:56,71,29,no,15
1414,1772414456,2026-03-01T17:20:56,70,30,no,291
1415,1772414456,2026-03-01T17:20:56,71,29,yes,385
1416,1772414456,2026-03-01T17:20:56,71,29,yes,615
1417,1772414456,2026-03-01T17:20:56,71,29,yes,60
1418,1772414457,2026-03-01T17:20:57,71,29,yes,3
1419,1772414457,2026-03-01T17:20:57,71,29,yes,6
1420,1772414459,2026-03-01T17:20:59,71,29,yes,2070
1421,1772414460,2026-03-01T17:21:00,71,29,yes,1479
1422,1772414460,2026-03-01T17:21:00,71,29,yes,3558
1423,1772414460,2026-03-01T17:21:00,71,29,yes,1865
1424,1772414460,2026-03-01T17:21:00,70,30,no,1500
1425,1772414460,2026-03-01T17:21:00,71,29,yes,18
1426,1772414460,2026-03-01T17:21:00,71,29,yes,8
1427,1772414461,2026-03-01T17:21:01,71,29,yes,20
1428,1772414461,2026-03-01T17:21:01,71,29,yes,120
1429,1772414462,2026-03-01T17:21:02,71,29,yes,27
1430,1772414463,2026-03-01T17:21:03,71,29,yes,27
1431,1772414464,2026-03-01T17:21:04,71,29,yes,13
1432,1772414464,2026-03-01T17:21:04,71,29,yes,12
1433,1772414465,2026-03-01T17:21:05,71,29,yes,50
1434,1772414469,2026-03-01T17:21:09,71,29,yes,70
1435,1772414469,2026-03-01T17:21:09,71,29,yes,15
1436,1772414474,2026-03-01T17:21:14,71,29,yes,12
1437,1772414475,2026-03-01T17:21:15,72,28,yes,1
1438,1772414476,2026-03-01T17:21:16,72,28,yes,13
1439,1772414477,2026-03-01T17:21:17,72,28,yes,64
1440,1772414477,2026-03-01T17:21:17,72,28,yes,68
1441,1772414477,2026-03-01T17:21:17,72,28,yes,67
1442,1772414478,2026-03-01T17:21:18,72,28,yes,20
1443,1772414479,2026-03-01T17:21:19,72,28,yes,160
1444,1772414480,2026-03-01T17:21:20,72,28,yes,67
1445,1772414481,2026-03-01T17:21:21,72,28,yes,2
1446,1772414481,2026-03-01T17:21:21,72,28,yes,27
1447,1772414482,2026-03-01T17:21:22,72,28,yes,1
1448,1772414482,2026-03-01T17:21:22,72,28,yes,12
1449,1772414483,2026-03-01T17:21:23,72,28,yes,85
1450,1772414484,2026-03-01T17:21:24,72,28,yes,66
1451,1772414485,2026-03-01T17:21:25,71,29,no,1
1452,1772414485,2026-03-01T17:21:25,71,29,no,200
1453,1772414486,2026-03-01T17:21:26,72,28,yes,1
1454,1772414487,2026-03-01T17:21:27,71,29,yes,152
1455,1772414489,2026-03-01T17:21:29,71,29,yes,82
1456,1772414490,2026-03-01T17:21:30,71,29,yes,12
1457,1772414490,2026-03-01T17:21:30,71,29,yes,5
1458,1772414491,2026-03-01T17:21:31,71,29,yes,357
1459,1772414491,2026-03-01T17:21:31,71,29,yes,1571
1460,1772414491,2026-03-01T17:21:31,71,29,yes,369
1461,1772414492,2026-03-01T17:21:32,71,29,yes,6
1462,1772414492,2026-03-01T17:21:32,71,29,yes,138
1463,1772414492,2026-03-01T17:21:32,71,29,yes,6
1464,1772414494,2026-03-01T17:21:34,71,29,yes,13
1465,1772414495,2026-03-01T17:21:35,70,30,no,50
1466,1772414495,2026-03-01T17:21:35,70,30,no,84
1467,1772414496,2026-03-01T17:21:36,71,29,yes,136
1468,1772414497,2026-03-01T17:21:37,72,28,yes,27
1469,1772414498,2026-03-01T17:21:38,72,28,yes,12
1470,1772414499,2026-03-01T17:21:39,72,28,yes,5
1471,1772414500,2026-03-01T17:21:40,71,29,yes,19
1472,1772414500,2026-03-01T17:21:40,70,30,no,1
1473,1772414502,2026-03-01T17:21:42,71,29,yes,1
1474,1772414506,2026-03-01T17:21:46,71,29,yes,82
1475,1772414506,2026-03-01T17:21:46,71,29,yes,6
1476,1772414507,2026-03-01T17:21:47,71,29,yes,291
1477,1772414507,2026-03-01T17:21:47,71,29,yes,684
1478,1772414508,2026-03-01T17:21:48,72,28,yes,1
1479,1772414508,2026-03-01T17:21:48,72,28,yes,1
1480,1772414509,2026-03-01T17:21:49,72,28,yes,46
1481,1772414514,2026-03-01T17:21:54,72,28,yes,49
1482,1772414517,2026-03-01T17:21:57,72,28,yes,12
1483,1772414517,2026-03-01T17:21:57,72,28,yes,40
1484,1772414517,2026-03-01T17:21:57,72,28,yes,34
1485,1772414518,2026-03-01T17:21:58,72,28,yes,54
1486,1772414519,2026-03-01T17:21:59,72,28,yes,12
1487,1772414520,2026-03-01T17:22:00,72,28,yes,514
1488,1772414520,2026-03-01T17:22:00,72,28,yes,33
1489,1772414522,2026-03-01T17:22:02,72,28,yes,13
1490,1772414523,2026-03-01T17:22:03,72,28,yes,1
1491,1772414523,2026-03-01T17:22:03,72,28,yes,6
1492,1772414524,2026-03-01T17:22:04,72,28,yes,136
1493,1772414526,2026-03-01T17:22:06,72,28,yes,10
1494,1772414527,2026-03-01T17:22:07,72,28,yes,4
1495,1772414528,2026-03-01T17:22:08,72,28,yes,66
1496,1772414528,2026-03-01T17:22:08,72,28,yes,5448
1497,1772414528,2026-03-01T17:22:08,72,28,yes,1
1498,1772414529,2026-03-01T17:22:09,72,28,yes,136
1499,1772414531,2026-03-01T17:22:11,72,28,yes,34
1500,1772414531,2026-03-01T17:22:11,72,28,yes,40
1501,1772414532,2026-03-01T17:22:12,72,28,yes,42
1502,1772414533,2026-03-01T17:22:13,72,28,yes,12
1503,1772414536,2026-03-01T17:22:16,72,28,yes,246
1504,1772414536,2026-03-01T17:22:16,72,28,yes,154
1505,1772414537,2026-03-01T17:22:17,72,28,yes,13
1506,1772414539,2026-03-01T17:22:19,72,28,yes,179
1507,1772414539,2026-03-01T17:22:19,72,28,yes,12
1508,1772414541,2026-03-01T17:22:21,72,28,yes,101
1509,1772414541,2026-03-01T17:22:21,72,28,yes,10
1510,1772414543,2026-03-01T17:22:23,72,28,yes,12
1511,1772414543,2026-03-01T17:22:23,72,28,yes,67
1512,1772414544,2026-03-01T17:22:24,72,28,yes,270
1513,1772414546,2026-03-01T17:22:26,72,28,yes,100
1514,1772414546,2026-03-01T17:22:26,72,28,yes,10
1515,1772414548,2026-03-01T17:22:28,72,28,yes,135
1516,1772414548,2026-03-01T17:22:28,72,28,yes,1
1517,1772414549,2026-03-01T17:22:29,72,28,yes,100
1518,1772414549,2026-03-01T17:22:29,72,28,yes,1
1519,1772414550,2026-03-01T17:22:30,72,28,yes,40
1520,1772414551,2026-03-01T17:22:31,72,28,yes,67
1521,1772414551,2026-03-01T17:22:31,72,28,yes,81
1522,1772414551,2026-03-01T17:22:31,72,28,yes,135
1523,1772414553,2026-03-01T17:22:33,72,28,yes,2724
1524,1772414556,2026-03-01T17:22:36,72,28,yes,67
1525,1772414556,2026-03-01T17:22:36,72,28,yes,731
1526,1772414558,2026-03-01T17:22:38,72,28,yes,4
1527,1772414560,2026-03-01T17:22:40,72,28,yes,12
1528,1772414560,2026-03-01T17:22:40,72,28,yes,1
1529,1772414561,2026-03-01T17:22:41,72,28,yes,1
1530,1772414563,2026-03-01T17:22:43,72,28,yes,115
1531,1772414563,2026-03-01T17:22:43,72,28,yes,100
1532,1772414568,2026-03-01T17:22:48,72,28,yes,12
1533,1772414568,2026-03-01T17:22:48,72,28,yes,27
1534,1772414569,2026-03-01T17:22:49,72,28,yes,20
1535,1772414570,2026-03-01T17:22:50,72,28,yes,50
1536,1772414571,2026-03-01T17:22:51,72,28,yes,15
1537,1772414572,2026-03-01T17:22:52,72,28,yes,277
1538,1772414572,2026-03-01T17:22:52,72,28,yes,24
1539,1772414573,2026-03-01T17:22:53,72,28,yes,27
1540,1772414574,2026-03-01T17:22:54,72,28,yes,4
1541,1772414575,2026-03-01T17:22:55,72,28,yes,27
1542,1772414576,2026-03-01T17:22:56,72,28,yes,12
1543,1772414577,2026-03-01T17:22:57,72,28,yes,1
1544,1772414577,2026-03-01T17:22:57,72,28,yes,13
1545,1772414578,2026-03-01T17:22:58,72,28,yes,335
1546,1772414580,2026-03-01T17:23:00,71,29,no,38
1547,1772414580,2026-03-01T17:23:00,71,29,no,10
1548,1772414581,2026-03-01T17:23:01,71,29,yes,4
1549,1772414582,2026-03-01T17:23:02,71,29,yes,670
1550,1772414583,2026-03-01T17:23:03,71,29,yes,5
1551,1772414584,2026-03-01T17:23:04,71,29,yes,8
1552,1772414586,2026-03-01T17:23:06,71,29,yes,68
1553,1772414586,2026-03-01T17:23:06,71,29,yes,50
1554,1772414588,2026-03-01T17:23:08,71,29,yes,6
1555,1772414589,2026-03-01T17:23:09,71,29,yes,15
1556,1772414590,2026-03-01T17:23:10,71,29,yes,69
1557,1772414590,2026-03-01T17:23:10,71,29,yes,1142
1558,1772414591,2026-03-01T17:23:11,71,29,yes,5
1559,1772414591,2026-03-01T17:23:11,71,29,yes,95
1560,1772414592,2026-03-01T17:23:12,71,29,yes,34
1561,1772414593,2026-03-01T17:23:13,71,29,yes,12
1562,1772414593,2026-03-01T17:23:13,71,29,yes,69
1563,1772414594,2026-03-01T17:23:14,71,29,yes,34
1564,1772414597,2026-03-01T17:23:17,71,29,yes,1
1565,1772414598,2026-03-01T17:23:18,71,29,yes,1
1566,1772414599,2026-03-01T17:23:19,71,29,yes,41
1567,1772414599,2026-03-01T17:23:19,71,29,yes,13
1568,1772414601,2026-03-01T17:23:21,71,29,yes,69
1569,1772414601,2026-03-01T17:23:21,71,29,yes,12
1570,1772414602,2026-03-01T17:23:22,71,29,yes,34
1571,1772414604,2026-03-01T17:23:24,70,30,no,96
1572,1772414604,2026-03-01T17:23:24,71,29,yes,136
1573,1772414604,2026-03-01T17:23:24,71,29,yes,69
1574,1772414604,2026-03-01T17:23:24,70,30,no,1
1575,1772414606,2026-03-01T17:23:26,71,29,yes,11
1576,1772414606,2026-03-01T17:23:26,71,29,yes,2
1577,1772414607,2026-03-01T17:23:27,71,29,yes,6
1578,1772414608,2026-03-01T17:23:28,71,29,yes,1
1579,1772414609,2026-03-01T17:23:29,71,29,yes,1
1580,1772414612,2026-03-01T17:23:32,71,29,yes,10
1581,1772414612,2026-03-01T17:23:32,71,29,yes,136
1582,1772414613,2026-03-01T17:23:33,71,29,yes,5
1583,1772414616,2026-03-01T17:23:36,70,30,no,5
1584,1772414617,2026-03-01T17:23:37,71,29,yes,1
1585,1772414617,2026-03-01T17:23:37,71,29,yes,30
1586,1772414619,2026-03-01T17:23:39,71,29,yes,42
1587,1772414621,2026-03-01T17:23:41,71,29,yes,12767
1588,1772414621,2026-03-01T17:23:41,71,29,yes,1000
1589,1772414621,2026-03-01T17:23:41,71,29,yes,50
1590,1772414623,2026-03-01T17:23:43,72,28,yes,1
1591,1772414626,2026-03-01T17:23:46,72,28,yes,4
1592,1772414626,2026-03-01T17:23:46,72,28,yes,17
1593,1772414626,2026-03-01T17:23:46,71,29,no,5
1594,1772414627,2026-03-01T17:23:47,72,28,yes,33
1595,1772414627,2026-03-01T17:23:47,72,28,yes,39
1596,1772414628,2026-03-01T17:23:48,72,28,yes,40
1597,1772414628,2026-03-01T17:23:48,72,28,yes,21
1598,1772414628,2026-03-01T17:23:48,72,28,yes,79
1599,1772414629,2026-03-01T17:23:49,72,28,yes,68
1600,1772414630,2026-03-01T17:23:50,72,28,yes,1
1601,1772414631,2026-03-01T17:23:51,72,28,yes,12
1602,1772414631,2026-03-01T17:23:51,72,28,yes,67
1603,1772414631,2026-03-01T17:23:51,72,28,yes,1
1604,1772414632,2026-03-01T17:23:52,72,28,yes,1
1605,1772414633,2026-03-01T17:23:53,72,28,yes,135
1606,1772414634,2026-03-01T17:23:54,72,28,yes,7
1607,1772414636,2026-03-01T17:23:56,72,28,yes,134
1608,1772414636,2026-03-01T17:23:56,72,28,yes,160
1609,1772414636,2026-03-01T17:23:56,72,28,yes,100
1610,1772414637,2026-03-01T17:23:57,72,28,yes,27
1611,1772414638,2026-03-01T17:23:58,72,28,yes,1
1612,1772414639,2026-03-01T17:23:59,71,29,no,3
1613,1772414640,2026-03-01T17:24:00,72,28,yes,858
1614,1772414640,2026-03-01T17:24:00,72,28,yes,117
1615,1772414640,2026-03-01T17:24:00,72,28,yes,67
1616,1772414640,2026-03-01T17:24:00,72,28,yes,69
1617,1772414641,2026-03-01T17:24:01,72,28,yes,12
1618,1772414644,2026-03-01T17:24:04,72,28,yes,2
1619,1772414644,2026-03-01T17:24:04,72,28,yes,51
1620,1772414645,2026-03-01T17:24:05,72,28,yes,5
1621,1772414645,2026-03-01T17:24:05,72,28,yes,6
1622,1772414645,2026-03-01T17:24:05,72,28,yes,4
1623,1772414646,2026-03-01T17:24:06,71,29,no,30
1624,1772414646,2026-03-01T17:24:06,72,28,yes,20
1625,1772414647,2026-03-01T17:24:07,72,28,yes,162
1626,1772414648,2026-03-01T17:24:08,72,28,yes,68
1627,1772414648,2026-03-01T17:24:08,72,28,yes,10
1628,1772414648,2026-03-01T17:24:08,71,29,no,25000
1629,1772414650,2026-03-01T17:24:10,72,28,yes,340
1630,1772414650,2026-03-01T17:24:10,72,28,yes,67
1631,1772414650,2026-03-01T17:24:10,72,28,yes,8
1632,1772414650,2026-03-01T17:24:10,72,28,yes,6
1633,1772414651,2026-03-01T17:24:11,71,29,no,151
1634,1772414652,2026-03-01T17:24:12,72,28,yes,8
1635,1772414652,2026-03-01T17:24:12,72,28,yes,1
1636,1772414653,2026-03-01T17:24:13,72,28,yes,12
1637,1772414653,2026-03-01T17:24:13,71,29,no,10994
1638,1772414653,2026-03-01T17:24:13,71,29,no,200
1639,1772414653,2026-03-01T17:24:13,70,30,no,1000
1640,1772414653,2026-03-01T17:24:13,70,30,no,204
1641,1772414653,2026-03-01T17:24:13,70,30,yes,425
1642,1772414654,2026-03-01T17:24:14,70,30,yes,40
1643,1772414655,2026-03-01T17:24:15,70,30,yes,2
1644,1772414656,2026-03-01T17:24:16,70,30,yes,19
1645,1772414658,2026-03-01T17:24:18,70,30,yes,3
1646,1772414661,2026-03-01T17:24:21,70,30,yes,55
1647,1772414661,2026-03-01T17:24:21,70,30,yes,138
1648,1772414662,2026-03-01T17:24:22,70,30,yes,12
1649,1772414662,2026-03-01T17:24:22,70,30,yes,95
1650,1772414663,2026-03-01T17:24:23,70,30,yes,6
1651,1772414664,2026-03-01T17:24:24,70,30,yes,1
1652,1772414664,2026-03-01T17:24:24,70,30,yes,2
1653,1772414664,2026-03-01T17:24:24,70,30,yes,41
1654,1772414665,2026-03-01T17:24:25,70,30,yes,13
1655,1772414666,2026-03-01T17:24:26,70,30,yes,76
1656,1772414667,2026-03-01T17:24:27,70,30,yes,20
1657,1772414667,2026-03-01T17:24:27,70,30,yes,15
1658,1772414667,2026-03-01T17:24:27,70,30,yes,1
1659,1772414667,2026-03-01T17:24:27,70,30,yes,277
1660,1772414667,2026-03-01T17:24:27,70,30,yes,138
1661,1772414668,2026-03-01T17:24:28,69,31,no,166
1662,1772414668,2026-03-01T17:24:28,69,31,no,834
1663,1772414668,2026-03-01T17:24:28,69,31,no,100
1664,1772414668,2026-03-01T17:24:28,69,31,no,1
1665,1772414668,2026-03-01T17:24:28,69,31,no,1000
1666,1772414669,2026-03-01T17:24:29,69,31,yes,10
1667,1772414669,2026-03-01T17:24:29,69,31,yes,5
1668,1772414669,2026-03-01T17:24:29,68,32,no,30
1669,1772414669,2026-03-01T17:24:29,68,32,no,100
1670,1772414669,2026-03-01T17:24:29,68,32,no,100
1671,1772414669,2026-03-01T17:24:29,68,32,no,100
1672,1772414669,2026-03-01T17:24:29,68,32,no,100
1673,1772414669,2026-03-01T17:24:29,68,32,no,150
1674,1772414669,2026-03-01T17:24:29,68,32,no,5
1675,1772414669,2026-03-01T17:24:29,68,32,no,602
1676,1772414669,2026-03-01T17:24:29,68,32,no,500
1677,1772414669,2026-03-01T17:24:29,68,32,yes,192
1678,1772414669,2026-03-01T17:24:29,68,32,yes,108
1679,1772414670,2026-03-01T17:24:30,68,32,yes,21
1680,1772414670,2026-03-01T17:24:30,68,32,yes,12
1681,1772414671,2026-03-01T17:24:31,68,32,yes,337
1682,1772414672,2026-03-01T17:24:32,68,32,yes,200
1683,1772414672,2026-03-01T17:24:32,67,33,no,10
1684,1772414672,2026-03-01T17:24:32,67,33,no,10
1685,1772414672,2026-03-01T17:24:32,67,33,no,50
1686,1772414672,2026-03-01T17:24:32,67,33,no,55
1687,1772414673,2026-03-01T17:24:33,67,33,yes,1
1688,1772414673,2026-03-01T17:24:33,67,33,yes,100
1689,1772414674,2026-03-01T17:24:34,67,33,yes,2
1690,1772414674,2026-03-01T17:24:34,67,33,yes,1
1691,1772414675,2026-03-01T17:24:35,67,33,yes,14
1692,1772414675,2026-03-01T17:24:35,67,33,yes,10
1693,1772414675,2026-03-01T17:24:35,67,33,yes,43
1694,1772414677,2026-03-01T17:24:37,67,33,yes,87
1695,1772414677,2026-03-01T17:24:37,67,33,yes,7
1696,1772414678,2026-03-01T17:24:38,67,33,yes,547
1697,1772414679,2026-03-01T17:24:39,67,33,yes,250
1698,1772414679,2026-03-01T17:24:39,67,33,yes,13
1699,1772414680,2026-03-01T17:24:40,66,34,no,4
1700,1772414680,2026-03-01T17:24:40,67,33,yes,72
1701,1772414681,2026-03-01T17:24:41,67,33,yes,20
1702,1772414681,2026-03-01T17:24:41,67,33,yes,200
1703,1772414681,2026-03-01T17:24:41,67,33,yes,7
1704,1772414682,2026-03-01T17:24:42,67,33,yes,72
1705,1772414682,2026-03-01T17:24:42,67,33,yes,125
1706,1772414683,2026-03-01T17:24:43,66,34,no,3
1707,1772414683,2026-03-01T17:24:43,67,33,yes,50
1708,1772414684,2026-03-01T17:24:44,67,33,yes,59
1709,1772414684,2026-03-01T17:24:44,67,33,yes,147
1710,1772414684,2026-03-01T17:24:44,67,33,yes,53
1711,1772414684,2026-03-01T17:24:44,67,33,yes,27
1712,1772414684,2026-03-01T17:24:44,67,33,yes,43
1713,1772414684,2026-03-01T17:24:44,66,34,no,3
1714,1772414684,2026-03-01T17:24:44,66,34,no,200
1715,1772414684,2026-03-01T17:24:44,65,35,no,9
1716,1772414684,2026-03-01T17:24:44,66,34,yes,362
1717,1772414685,2026-03-01T17:24:45,66,34,yes,73
1718,1772414685,2026-03-01T17:24:45,66,34,yes,1
1719,1772414686,2026-03-01T17:24:46,66,34,yes,100
1720,1772414686,2026-03-01T17:24:46,66,34,yes,315
1721,1772414687,2026-03-01T17:24:47,65,35,no,1
1722,1772414687,2026-03-01T17:24:47,65,35,no,4
1723,1772414687,2026-03-01T17:24:47,65,35,no,300
1724,1772414687,2026-03-01T17:24:47,65,35,no,30
1725,1772414687,2026-03-01T17:24:47,65,35,no,1
1726,1772414687,2026-03-01T17:24:47,65,35,no,2
1727,1772414687,2026-03-01T17:24:47,65,35,no,10
1728,1772414687,2026-03-01T17:24:47,65,35,no,25
1729,1772414687,2026-03-01T17:24:47,65,35,no,20
1730,1772414687,2026-03-01T17:24:47,65,35,no,1200
1731,1772414687,2026-03-01T17:24:47,65,35,no,105
1732,1772414687,2026-03-01T17:24:47,65,35,no,10
1733,1772414687,2026-03-01T17:24:47,65,35,no,50
1734,1772414688,2026-03-01T17:24:48,65,35,yes,29
1735,1772414688,2026-03-01T17:24:48,65,35,yes,11
1736,1772414688,2026-03-01T17:24:48,65,35,yes,14
1737,1772414689,2026-03-01T17:24:49,65,35,yes,13
1738,1772414689,2026-03-01T17:24:49,65,35,yes,75
1739,1772414689,2026-03-01T17:24:49,65,35,yes,17
1740,1772414689,2026-03-01T17:24:49,65,35,yes,72
1741,1772414691,2026-03-01T17:24:51,65,35,yes,30
1742,1772414691,2026-03-01T17:24:51,65,35,yes,7
1743,1772414692,2026-03-01T17:24:52,65,35,yes,2
1744,1772414692,2026-03-01T17:24:52,65,35,yes,149
1745,1772414693,2026-03-01T17:24:53,65,35,yes,14
1746,1772414694,2026-03-01T17:24:54,65,35,yes,32
1747,1772414694,2026-03-01T17:24:54,65,35,yes,298
1748,1772414695,2026-03-01T17:24:55,65,35,yes,15
1749,1772414695,2026-03-01T17:24:55,65,35,yes,4
1750,1772414696,2026-03-01T17:24:56,65,35,yes,100
1751,1772414696,2026-03-01T17:24:56,65,35,yes,5
1752,1772414696,2026-03-01T17:24:56,65,35,yes,13
1753,1772414697,2026-03-01T17:24:57,65,35,yes,15
1754,1772414697,2026-03-01T17:24:57,64,36,no,10
1755,1772414697,2026-03-01T17:24:57,64,36,no,490
1756,1772414697,2026-03-01T17:24:57,65,35,yes,74
1757,1772414699,2026-03-01T17:24:59,65,35,yes,15
1758,1772414699,2026-03-01T17:24:59,65,35,yes,25
1759,1772414700,2026-03-01T17:25:00,64,36,no,245
1760,1772414700,2026-03-01T17:25:00,65,35,yes,298
1761,1772414700,2026-03-01T17:25:00,64,36,no,675
1762,1772414701,2026-03-01T17:25:01,65,35,yes,9
1763,1772414701,2026-03-01T17:25:01,65,35,yes,15
1764,1772414701,2026-03-01T17:25:01,64,36,no,500
1765,1772414701,2026-03-01T17:25:01,64,36,no,113
1766,1772414702,2026-03-01T17:25:02,65,35,yes,149
1767,1772414702,2026-03-01T17:25:02,65,35,yes,5
1768,1772414702,2026-03-01T17:25:02,65,35,yes,50
1769,1772414703,2026-03-01T17:25:03,65,35,yes,298
1770,1772414704,2026-03-01T17:25:04,65,35,yes,29
1771,1772414704,2026-03-01T17:25:04,64,36,no,9
1772,1772414705,2026-03-01T17:25:05,65,35,yes,13
1773,1772414705,2026-03-01T17:25:05,65,35,yes,1404
1774,1772414706,2026-03-01T17:25:06,64,36,no,7
1775,1772414706,2026-03-01T17:25:06,65,35,yes,1000
1776,1772414706,2026-03-01T17:25:06,65,35,yes,14
1777,1772414706,2026-03-01T17:25:06,65,35,yes,1
1778,1772414707,2026-03-01T17:25:07,65,35,yes,15
1779,1772414707,2026-03-01T17:25:07,65,35,yes,250
1780,1772414707,2026-03-01T17:25:07,65,35,yes,10
1781,1772414707,2026-03-01T17:25:07,65,35,yes,10
1782,1772414707,2026-03-01T17:25:07,65,35,yes,1
1783,1772414708,2026-03-01T17:25:08,65,35,yes,200
1784,1772414708,2026-03-01T17:25:08,65,35,yes,20
1785,1772414708,2026-03-01T17:25:08,65,35,yes,1
1786,1772414709,2026-03-01T17:25:09,65,35,yes,300
1787,1772414709,2026-03-01T17:25:09,65,35,yes,1
1788,1772414709,2026-03-01T17:25:09,65,35,yes,5
1789,1772414710,2026-03-01T17:25:10,65,35,yes,27
1790,1772414711,2026-03-01T17:25:11,64,36,no,72
1791,1772414711,2026-03-01T17:25:11,65,35,yes,74
1792,1772414711,2026-03-01T17:25:11,65,35,yes,6
1793,1772414712,2026-03-01T17:25:12,65,35,yes,60
1794,1772414712,2026-03-01T17:25:12,65,35,yes,44
1795,1772414713,2026-03-01T17:25:13,65,35,yes,2423
1796,1772414713,2026-03-01T17:25:13,65,35,yes,1024
1797,1772414713,2026-03-01T17:25:13,65,35,yes,10
1798,1772414713,2026-03-01T17:25:13,65,35,yes,3537
1799,1772414713,2026-03-01T17:25:13,65,35,yes,3537
1800,1772414713,2026-03-01T17:25:13,66,34,yes,931
1801,1772414713,2026-03-01T17:25:13,66,34,yes,3537
1802,1772414713,2026-03-01T17:25:13,66,34,yes,150
1803,1772414713,2026-03-01T17:25:13,67,33,yes,3537
1804,1772414713,2026-03-01T17:25:13,67,33,yes,3
1805,1772414713,2026-03-01T17:25:13,67,33,yes,718
1806,1772414713,2026-03-01T17:25:13,68,32,yes,12
1807,1772414713,2026-03-01T17:25:13,68,32,yes,884
1808,1772414713,2026-03-01T17:25:13,69,31,yes,32
1809,1772414713,2026-03-01T17:25:13,69,31,yes,117
1810,1772414713,2026-03-01T17:25:13,69,31,yes,12
1811,1772414713,2026-03-01T17:25:13,70,30,yes,12
1812,1772414713,2026-03-01T17:25:13,70,30,yes,151
1813,1772414713,2026-03-01T17:25:13,71,29,yes,629
1814,1772414713,2026-03-01T17:25:13,71,29,yes,1379
1815,1772414713,2026-03-01T17:25:13,71,29,yes,5000
1816,1772414713,2026-03-01T17:25:13,71,29,yes,1227
1817,1772414713,2026-03-01T17:25:13,71,29,yes,595
1818,1772414713,2026-03-01T17:25:13,72,28,yes,508
1819,1772414713,2026-03-01T17:25:13,72,28,yes,12000
1820,1772414713,2026-03-01T17:25:13,72,28,yes,65
1821,1772414713,2026-03-01T17:25:13,68,32,yes,7
1822,1772414713,2026-03-01T17:25:13,66,34,no,200
1823,1772414714,2026-03-01T17:25:14,67,33,yes,55
1824,1772414714,2026-03-01T17:25:14,67,33,yes,5
1825,1772414714,2026-03-01T17:25:14,67,33,yes,6
1826,1772414714,2026-03-01T17:25:14,67,33,yes,31
1827,1772414714,2026-03-01T17:25:14,67,33,yes,47
1828,1772414715,2026-03-01T17:25:15,67,33,yes,72
1829,1772414715,2026-03-01T17:25:15,67,33,yes,115
1830,1772414716,2026-03-01T17:25:16,67,33,yes,720
1831,1772414716,2026-03-01T17:25:16,67,33,yes,50
1832,1772414716,2026-03-01T17:25:16,67,33,yes,725
1833,1772414717,2026-03-01T17:25:17,67,33,yes,2
1834,1772414717,2026-03-01T17:25:17,67,33,yes,11
1835,1772414718,2026-03-01T17:25:18,67,33,yes,14
1836,1772414718,2026-03-01T17:25:18,67,33,yes,14
1837,1772414719,2026-03-01T17:25:19,67,33,yes,36
1838,1772414720,2026-03-01T17:25:20,67,33,yes,1731
1839,1772414720,2026-03-01T17:25:20,67,33,yes,3269
1840,1772414720,2026-03-01T17:25:20,67,33,yes,1
1841,1772414720,2026-03-01T17:25:20,67,33,yes,14
1842,1772414720,2026-03-01T17:25:20,66,34,yes,29
1843,1772414720,2026-03-01T17:25:20,66,34,yes,5
1844,1772414720,2026-03-01T17:25:20,66,34,yes,13
1845,1772414721,2026-03-01T17:25:21,66,34,yes,153
1846,1772414721,2026-03-01T17:25:21,66,34,yes,5
1847,1772414721,2026-03-01T17:25:21,67,33,yes,5
1848,1772414721,2026-03-01T17:25:21,67,33,yes,1286
1849,1772414721,2026-03-01T17:25:21,67,33,yes,72
1850,1772414722,2026-03-01T17:25:22,67,33,yes,13000
1851,1772414723,2026-03-01T17:25:23,66,34,no,250
1852,1772414723,2026-03-01T17:25:23,66,34,no,250
1853,1772414723,2026-03-01T17:25:23,65,35,no,200
1854,1772414723,2026-03-01T17:25:23,65,35,no,2550
1855,1772414724,2026-03-01T17:25:24,66,34,yes,12
1856,1772414724,2026-03-01T17:25:24,66,34,yes,3
1857,1772414724,2026-03-01T17:25:24,66,34,yes,14
1858,1772414724,2026-03-01T17:25:24,66,34,yes,57
1859,1772414725,2026-03-01T17:25:25,66,34,yes,72
1860,1772414725,2026-03-01T17:25:25,66,34,yes,15
1861,1772414726,2026-03-01T17:25:26,66,34,yes,31
1862,1772414726,2026-03-01T17:25:26,66,34,yes,14
1863,1772414726,2026-03-01T17:25:26,66,34,yes,27
1864,1772414727,2026-03-01T17:25:27,66,34,yes,150
1865,1772414727,2026-03-01T17:25:27,66,34,yes,71
1866,1772414727,2026-03-01T17:25:27,66,34,yes,214
1867,1772414727,2026-03-01T17:25:27,66,34,yes,51
1868,1772414728,2026-03-01T17:25:28,66,34,yes,11
1869,1772414729,2026-03-01T17:25:29,66,34,yes,5000
1870,1772414729,2026-03-01T17:25:29,66,34,yes,36
1871,1772414730,2026-03-01T17:25:30,66,34,yes,15
1872,1772414730,2026-03-01T17:25:30,66,34,yes,189
1873,1772414730,2026-03-01T17:25:30,65,35,no,100
1874,1772414730,2026-03-01T17:25:30,65,35,no,200
1875,1772414731,2026-03-01T17:25:31,65,35,yes,100
1876,1772414731,2026-03-01T17:25:31,65,35,yes,5
1877,1772414731,2026-03-01T17:25:31,66,34,yes,13
1878,1772414732,2026-03-01T17:25:32,66,34,yes,1
1879,1772414732,2026-03-01T17:25:32,66,34,yes,739
1880,1772414732,2026-03-01T17:25:32,66,34,yes,44
1881,1772414732,2026-03-01T17:25:32,66,34,yes,1
1882,1772414732,2026-03-01T17:25:32,66,34,yes,5
1883,1772414733,2026-03-01T17:25:33,66,34,yes,5
1884,1772414733,2026-03-01T17:25:33,66,34,yes,22
1885,1772414734,2026-03-01T17:25:34,66,34,yes,5
1886,1772414734,2026-03-01T17:25:34,66,34,yes,31
1887,1772414735,2026-03-01T17:25:35,66,34,yes,8
1888,1772414735,2026-03-01T17:25:35,66,34,yes,29
1889,1772414736,2026-03-01T17:25:36,66,34,yes,19
1890,1772414736,2026-03-01T17:25:36,66,34,yes,10
1891,1772414736,2026-03-01T17:25:36,66,34,yes,194
1892,1772414736,2026-03-01T17:25:36,66,34,yes,29
1893,1772414736,2026-03-01T17:25:36,67,33,yes,3
1894,1772414736,2026-03-01T17:25:36,67,33,yes,33
1895,1772414737,2026-03-01T17:25:37,66,34,no,25
1896,1772414737,2026-03-01T17:25:37,67,33,yes,28
1897,1772414737,2026-03-01T17:25:37,67,33,yes,580
1898,1772414737,2026-03-01T17:25:37,67,33,yes,3
1899,1772414737,2026-03-01T17:25:37,67,33,yes,6
1900,1772414737,2026-03-01T17:25:37,67,33,yes,2
1901,1772414738,2026-03-01T17:25:38,68,32,yes,7
1902,1772414739,2026-03-01T17:25:39,68,32,yes,3
1903,1772414739,2026-03-01T17:25:39,68,32,yes,49
1904,1772414739,2026-03-01T17:25:39,68,32,yes,55
1905,1772414739,2026-03-01T17:25:39,68,32,yes,150
1906,1772414739,2026-03-01T17:25:39,68,32,yes,200
1907,1772414739,2026-03-01T17:25:39,68,32,yes,290
1908,1772414739,2026-03-01T17:25:39,69,31,yes,573
1909,1772414739,2026-03-01T17:25:39,69,31,yes,712
1910,1772414739,2026-03-01T17:25:39,69,31,yes,12
1911,1772414739,2026-03-01T17:25:39,69,31,yes,30
1912,1772414739,2026-03-01T17:25:39,69,31,yes,43
1913,1772414739,2026-03-01T17:25:39,67,33,no,15
1914,1772414739,2026-03-01T17:25:39,67,33,yes,3
1915,1772414739,2026-03-01T17:25:39,67,33,yes,25
1916,1772414740,2026-03-01T17:25:40,66,34,no,475
1917,1772414740,2026-03-01T17:25:40,66,34,no,100
1918,1772414740,2026-03-01T17:25:40,66,34,no,5
1919,1772414740,2026-03-01T17:25:40,66,34,no,1187
1920,1772414740,2026-03-01T17:25:40,66,34,yes,7
1921,1772414740,2026-03-01T17:25:40,66,34,yes,287
1922,1772414740,2026-03-01T17:25:40,66,34,yes,12
1923,1772414741,2026-03-01T17:25:41,65,35,no,5
1924,1772414741,2026-03-01T17:25:41,65,35,no,125
1925,1772414741,2026-03-01T17:25:41,65,35,no,3
1926,1772414742,2026-03-01T17:25:42,65,35,yes,100
1927,1772414742,2026-03-01T17:25:42,65,35,yes,369
1928,1772414742,2026-03-01T17:25:42,65,35,yes,1470
1929,1772414743,2026-03-01T17:25:43,65,35,yes,164
1930,1772414743,2026-03-01T17:25:43,65,35,yes,13
1931,1772414743,2026-03-01T17:25:43,65,35,yes,2000
1932,1772414744,2026-03-01T17:25:44,66,34,yes,2
1933,1772414746,2026-03-01T17:25:46,65,35,yes,1
1934,1772414746,2026-03-01T17:25:46,64,36,no,39
1935,1772414746,2026-03-01T17:25:46,64,36,no,2
1936,1772414746,2026-03-01T17:25:46,64,36,no,100
1937,1772414746,2026-03-01T17:25:46,64,36,no,55
1938,1772414746,2026-03-01T17:25:46,65,35,yes,1
1939,1772414747,2026-03-01T17:25:47,65,35,yes,100
1940,1772414747,2026-03-01T17:25:47,65,35,yes,500
1941,1772414747,2026-03-01T17:25:47,65,35,yes,75
1942,1772414747,2026-03-01T17:25:47,65,35,yes,20
1943,1772414747,2026-03-01T17:25:47,65,35,yes,1303
1944,1772414747,2026-03-01T17:25:47,65,35,yes,1682
1945,1772414749,2026-03-01T17:25:49,64,36,no,3
1946,1772414749,2026-03-01T17:25:49,66,34,yes,10
1947,1772414750,2026-03-01T17:25:50,66,34,yes,60
1948,1772414751,2026-03-01T17:25:51,65,35,yes,1047
1949,1772414751,2026-03-01T17:25:51,64,36,no,192
1950,1772414751,2026-03-01T17:25:51,64,36,no,75
1951,1772414751,2026-03-01T17:25:51,64,36,no,10
1952,1772414751,2026-03-01T17:25:51,64,36,no,6
1953,1772414751,2026-03-01T17:25:51,64,36,no,41
1954,1772414751,2026-03-01T17:25:51,64,36,no,15
1955,1772414751,2026-03-01T17:25:51,64,36,no,104
1956,1772414753,2026-03-01T17:25:53,65,35,yes,73
1957,1772414753,2026-03-01T17:25:53,65,35,yes,5
1958,1772414753,2026-03-01T17:25:53,65,35,yes,57
1959,1772414753,2026-03-01T17:25:53,65,35,yes,735
1960,1772414753,2026-03-01T17:25:53,65,35,yes,147
1961,1772414754,2026-03-01T17:25:54,65,35,yes,25
1962,1772414755,2026-03-01T17:25:55,65,35,yes,20
1963,1772414755,2026-03-01T17:25:55,65,35,yes,4
1964,1772414755,2026-03-01T17:25:55,65,35,yes,22
1965,1772414755,2026-03-01T17:25:55,65,35,yes,200
1966,1772414756,2026-03-01T17:25:56,65,35,yes,2
1967,1772414756,2026-03-01T17:25:56,65,35,yes,37
1968,1772414756,2026-03-01T17:25:56,64,36,no,119
1969,1772414757,2026-03-01T17:25:57,65,35,yes,20
1970,1772414758,2026-03-01T17:25:58,64,36,no,6
1971,1772414758,2026-03-01T17:25:58,65,35,yes,30
1972,1772414758,2026-03-01T17:25:58,65,35,yes,11
1973,1772414758,2026-03-01T17:25:58,65,35,yes,9
1974,1772414759,2026-03-01T17:25:59,65,35,yes,26
1975,1772414759,2026-03-01T17:25:59,65,35,yes,5
1976,1772414759,2026-03-01T17:25:59,64,36,no,5
1977,1772414759,2026-03-01T17:25:59,64,36,no,5
1978,1772414759,2026-03-01T17:25:59,64,36,no,181
1979,1772414759,2026-03-01T17:25:59,65,35,yes,4
1980,1772414760,2026-03-01T17:26:00,65,35,yes,2
1981,1772414760,2026-03-01T17:26:00,65,35,yes,9
1982,1772414760,2026-03-01T17:26:00,65,35,yes,557
1983,1772414760,2026-03-01T17:26:00,65,35,yes,2446
1984,1772414761,2026-03-01T17:26:01,65,35,yes,75
1985,1772414761,2026-03-01T17:26:01,65,35,yes,17
1986,1772414761,2026-03-01T17:26:01,65,35,yes,100
1987,1772414761,2026-03-01T17:26:01,65,35,yes,10
1988,1772414761,2026-03-01T17:26:01,65,35,yes,15
1989,1772414761,2026-03-01T17:26:01,65,35,yes,151
1990,1772414763,2026-03-01T17:26:03,65,35,yes,6
1991,1772414763,2026-03-01T17:26:03,65,35,yes,500
1992,1772414764,2026-03-01T17:26:04,65,35,yes,150
1993,1772414764,2026-03-01T17:26:04,65,35,yes,52
1994,1772414764,2026-03-01T17:26:04,65,35,yes,75
1995,1772414764,2026-03-01T17:26:04,65,35,yes,500
1996,1772414764,2026-03-01T17:26:04,65,35,yes,7
1997,1772414764,2026-03-01T17:26:04,65,35,yes,1492
1998,1772414765,2026-03-01T17:26:05,65,35,yes,165
1999,1772414766,2026-03-01T17:26:06,64,36,no,10
2000,1772414766,2026-03-01T17:26:06,65,35,yes,10
2001,1772414766,2026-03-01T17:26:06,65,35,yes,149
2002,1772414766,2026-03-01T17:26:06,65,35,yes,74
2003,1772414767,2026-03-01T17:26:07,65,35,yes,124
2004,1772414767,2026-03-01T17:26:07,65,35,yes,76
2005,1772414767,2026-03-01T17:26:07,65,35,yes,75
2006,1772414767,2026-03-01T17:26:07,65,35,yes,10
2007,1772414767,2026-03-01T17:26:07,65,35,yes,74
2008,1772414767,2026-03-01T17:26:07,65,35,yes,115
2009,1772414767,2026-03-01T17:26:07,65,35,yes,17
2010,1772414767,2026-03-01T17:26:07,65,35,yes,41
2011,1772414767,2026-03-01T17:26:07,65,35,yes,562
2012,1772414767,2026-03-01T17:26:07,65,35,yes,673
2013,1772414767,2026-03-01T17:26:07,65,35,yes,870
2014,1772414769,2026-03-01T17:26:09,66,34,yes,22
2015,1772414769,2026-03-01T17:26:09,66,34,yes,65
2016,1772414769,2026-03-01T17:26:09,67,33,yes,3
2017,1772414769,2026-03-01T17:26:09,67,33,yes,2
2018,1772414769,2026-03-01T17:26:09,67,33,yes,1
2019,1772414769,2026-03-01T17:26:09,68,32,yes,150
2020,1772414769,2026-03-01T17:26:09,68,32,yes,3
2021,1772414769,2026-03-01T17:26:09,68,32,yes,9
2022,1772414769,2026-03-01T17:26:09,68,32,yes,714
2023,1772414769,2026-03-01T17:26:09,68,32,yes,767
2024,1772414770,2026-03-01T17:26:10,67,33,yes,95
2025,1772414770,2026-03-01T17:26:10,67,33,yes,29
2026,1772414770,2026-03-01T17:26:10,67,33,yes,3
2027,1772414770,2026-03-01T17:26:10,67,33,yes,56
2028,1772414770,2026-03-01T17:26:10,67,33,yes,7
2029,1772414772,2026-03-01T17:26:12,67,33,yes,1
2030,1772414773,2026-03-01T17:26:13,67,33,yes,45
2031,1772414773,2026-03-01T17:26:13,67,33,yes,72
2032,1772414774,2026-03-01T17:26:14,68,32,yes,1
2033,1772414774,2026-03-01T17:26:14,68,32,yes,19
2034,1772414776,2026-03-01T17:26:16,68,32,yes,714
2035,1772414778,2026-03-01T17:26:18,68,32,yes,55
2036,1772414778,2026-03-01T17:26:18,68,32,yes,1
2037,1772414779,2026-03-01T17:26:19,68,32,yes,21
2038,1772414780,2026-03-01T17:26:20,68,32,yes,44
2039,1772414780,2026-03-01T17:26:20,68,32,yes,2142
2040,1772414780,2026-03-01T17:26:20,68,32,yes,498
2041,1772414780,2026-03-01T17:26:20,68,32,yes,17
2042,1772414780,2026-03-01T17:26:20,68,32,yes,4
2043,1772414780,2026-03-01T17:26:20,68,32,yes,7
2044,1772414780,2026-03-01T17:26:20,68,32,yes,25
2045,1772414780,2026-03-01T17:26:20,68,32,yes,73
2046,1772414781,2026-03-01T17:26:21,68,32,yes,287
2047,1772414781,2026-03-01T17:26:21,68,32,yes,7
2048,1772414782,2026-03-01T17:26:22,68,32,yes,35
2049,1772414783,2026-03-01T17:26:23,68,32,yes,14
2050,1772414783,2026-03-01T17:26:23,68,32,yes,35
2051,1772414783,2026-03-01T17:26:23,68,32,yes,71
2052,1772414783,2026-03-01T17:26:23,68,32,yes,2
2053,1772414784,2026-03-01T17:26:24,68,32,yes,2
2054,1772414784,2026-03-01T17:26:24,68,32,yes,142
2055,1772414785,2026-03-01T17:26:25,68,32,yes,100
2056,1772414785,2026-03-01T17:26:25,67,33,no,5
2057,1772414785,2026-03-01T17:26:25,67,33,no,150
2058,1772414785,2026-03-01T17:26:25,67,33,yes,14
2059,1772414786,2026-03-01T17:26:26,67,33,yes,250
2060,1772414786,2026-03-01T17:26:26,67,33,yes,362
2061,1772414786,2026-03-01T17:26:26,66,34,no,3
2062,1772414786,2026-03-01T17:26:26,66,34,no,15
2063,1772414786,2026-03-01T17:26:26,66,34,no,15
2064,1772414786,2026-03-01T17:26:26,66,34,no,15
2065,1772414786,2026-03-01T17:26:26,66,34,no,55
2066,1772414786,2026-03-01T17:26:26,66,34,yes,2
2067,1772414786,2026-03-01T17:26:26,66,34,yes,500
2068,1772414786,2026-03-01T17:26:26,66,34,yes,6
2069,1772414786,2026-03-01T17:26:26,66,34,yes,1
2070,1772414787,2026-03-01T17:26:27,66,34,yes,2
2071,1772414787,2026-03-01T17:26:27,66,34,yes,548
2072,1772414788,2026-03-01T17:26:28,65,35,no,10
2073,1772414788,2026-03-01T17:26:28,65,35,no,4
2074,1772414788,2026-03-01T17:26:28,65,35,no,15
2075,1772414788,2026-03-01T17:26:28,65,35,no,15
2076,1772414788,2026-03-01T17:26:28,65,35,no,15
2077,1772414788,2026-03-01T17:26:28,65,35,no,150
2078,1772414788,2026-03-01T17:26:28,65,35,no,150
2079,1772414788,2026-03-01T17:26:28,65,35,yes,139
2080,1772414788,2026-03-01T17:26:28,65,35,yes,23
2081,1772414788,2026-03-01T17:26:28,65,35,yes,20
2082,1772414788,2026-03-01T17:26:28,65,35,yes,73
2083,1772414789,2026-03-01T17:26:29,65,35,yes,73
2084,1772414790,2026-03-01T17:26:30,65,35,yes,1
2085,1772414790,2026-03-01T17:26:30,65,35,yes,300
2086,1772414790,2026-03-01T17:26:30,65,35,yes,150
2087,1772414790,2026-03-01T17:26:30,65,35,yes,22
2088,1772414790,2026-03-01T17:26:30,65,35,yes,375
2089,1772414792,2026-03-01T17:26:32,65,35,yes,200
2090,1772414792,2026-03-01T17:26:32,65,35,yes,37
2091,1772414792,2026-03-01T17:26:32,65,35,yes,6
2092,1772414793,2026-03-01T17:26:33,65,35,yes,1718
2093,1772414793,2026-03-01T17:26:33,65,35,yes,3496
2094,1772414793,2026-03-01T17:26:33,65,35,yes,3059
2095,1772414793,2026-03-01T17:26:33,65,35,yes,886
2096,1772414793,2026-03-01T17:26:33,66,34,yes,1313
2097,1772414794,2026-03-01T17:26:34,66,34,yes,5
2098,1772414794,2026-03-01T17:26:34,66,34,yes,9
2099,1772414794,2026-03-01T17:26:34,66,34,yes,13
2100,1772414795,2026-03-01T17:26:35,65,35,yes,32
2101,1772414795,2026-03-01T17:26:35,65,35,yes,20
2102,1772414795,2026-03-01T17:26:35,65,35,yes,28
2103,1772414796,2026-03-01T17:26:36,65,35,yes,1
2104,1772414796,2026-03-01T17:26:36,65,35,yes,3
2105,1772414796,2026-03-01T17:26:36,65,35,yes,117
2106,1772414796,2026-03-01T17:26:36,66,34,yes,4
2107,1772414796,2026-03-01T17:26:36,66,34,yes,176
2108,1772414796,2026-03-01T17:26:36,66,34,yes,5
2109,1772414797,2026-03-01T17:26:37,66,34,yes,18
2110,1772414797,2026-03-01T17:26:37,66,34,yes,1
2111,1772414797,2026-03-01T17:26:37,66,34,yes,13
2112,1772414797,2026-03-01T17:26:37,66,34,yes,93
2113,1772414797,2026-03-01T17:26:37,66,34,yes,39
2114,1772414797,2026-03-01T17:26:37,66,34,yes,3147
2115,1772414797,2026-03-01T17:26:37,66,34,yes,87
2116,1772414797,2026-03-01T17:26:37,66,34,yes,5
2117,1772414797,2026-03-01T17:26:37,66,34,yes,6467
2118,1772414798,2026-03-01T17:26:38,66,34,yes,1
2119,1772414799,2026-03-01T17:26:39,66,34,yes,1
2120,1772414799,2026-03-01T17:26:39,66,34,yes,1
2121,1772414799,2026-03-01T17:26:39,66,34,yes,295
2122,1772414800,2026-03-01T17:26:40,66,34,yes,117
2123,1772414801,2026-03-01T17:26:41,66,34,yes,147
2124,1772414801,2026-03-01T17:26:41,66,34,yes,73
2125,1772414802,2026-03-01T17:26:42,66,34,yes,40
2126,1772414802,2026-03-01T17:26:42,66,34,yes,87
2127,1772414802,2026-03-01T17:26:42,66,34,yes,123
2128,1772414802,2026-03-01T17:26:42,66,34,yes,27
2129,1772414802,2026-03-01T17:26:42,66,34,yes,708
2130,1772414803,2026-03-01T17:26:43,66,34,yes,87
2131,1772414803,2026-03-01T17:26:43,66,34,yes,5
2132,1772414803,2026-03-01T17:26:43,66,34,yes,150
2133,1772414804,2026-03-01T17:26:44,66,34,yes,66
2134,1772414804,2026-03-01T17:26:44,66,34,yes,15
2135,1772414804,2026-03-01T17:26:44,66,34,yes,85
2136,1772414805,2026-03-01T17:26:45,66,34,yes,5
2137,1772414805,2026-03-01T17:26:45,66,34,yes,87
2138,1772414805,2026-03-01T17:26:45,66,34,yes,73
2139,1772414805,2026-03-01T17:26:45,65,35,no,6
2140,1772414805,2026-03-01T17:26:45,66,34,yes,2
2141,1772414805,2026-03-01T17:26:45,66,34,yes,71
2142,1772414806,2026-03-01T17:26:46,66,34,yes,77
2143,1772414806,2026-03-01T17:26:46,66,34,yes,658
2144,1772414806,2026-03-01T17:26:46,66,34,yes,345
2145,1772414806,2026-03-01T17:26:46,65,35,no,94
2146,1772414806,2026-03-01T17:26:46,65,35,no,25
2147,1772414806,2026-03-01T17:26:46,65,35,no,125
2148,1772414806,2026-03-01T17:26:46,66,34,yes,6497
2149,1772414806,2026-03-01T17:26:46,66,34,yes,1666
2150,1772414806,2026-03-01T17:26:46,66,34,yes,1666
2151,1772414806,2026-03-01T17:26:46,66,34,yes,1666
2152,1772414806,2026-03-01T17:26:46,66,34,yes,1666
2153,1772414806,2026-03-01T17:26:46,66,34,yes,1544
2154,1772414807,2026-03-01T17:26:47,65,35,yes,13
2155,1772414807,2026-03-01T17:26:47,65,35,yes,29
2156,1772414808,2026-03-01T17:26:48,65,35,yes,73
2157,1772414808,2026-03-01T17:26:48,65,35,yes,1
2158,1772414809,2026-03-01T17:26:49,65,35,yes,2
2159,1772414809,2026-03-01T17:26:49,65,35,yes,1275
2160,1772414809,2026-03-01T17:26:49,65,35,yes,750
2161,1772414809,2026-03-01T17:26:49,65,35,yes,150
2162,1772414809,2026-03-01T17:26:49,65,35,yes,60
2163,1772414809,2026-03-01T17:26:49,65,35,yes,400
2164,1772414810,2026-03-01T17:26:50,65,35,yes,15
2165,1772414810,2026-03-01T17:26:50,65,35,yes,13
2166,1772414810,2026-03-01T17:26:50,65,35,yes,671
2167,1772414810,2026-03-01T17:26:50,65,35,yes,150
2168,1772414810,2026-03-01T17:26:50,65,35,yes,150
2169,1772414810,2026-03-01T17:26:50,64,36,no,9
2170,1772414811,2026-03-01T17:26:51,64,36,yes,150
2171,1772414811,2026-03-01T17:26:51,64,36,yes,149
2172,1772414811,2026-03-01T17:26:51,64,36,yes,298
2173,1772414812,2026-03-01T17:26:52,64,36,yes,45
2174,1772414812,2026-03-01T17:26:52,64,36,yes,30
2175,1772414812,2026-03-01T17:26:52,64,36,yes,45
2176,1772414812,2026-03-01T17:26:52,64,36,yes,149
2177,1772414812,2026-03-01T17:26:52,64,36,yes,228
2178,1772414813,2026-03-01T17:26:53,64,36,yes,1
2179,1772414813,2026-03-01T17:26:53,64,36,yes,15
2180,1772414813,2026-03-01T17:26:53,64,36,yes,15
2181,1772414814,2026-03-01T17:26:54,64,36,yes,7
2182,1772414814,2026-03-01T17:26:54,64,36,yes,76
2183,1772414815,2026-03-01T17:26:55,64,36,yes,7
2184,1772414815,2026-03-01T17:26:55,64,36,yes,7
2185,1772414816,2026-03-01T17:26:56,64,36,yes,6
2186,1772414816,2026-03-01T17:26:56,64,36,yes,30
2187,1772414817,2026-03-01T17:26:57,64,36,yes,7
2188,1772414817,2026-03-01T17:26:57,64,36,yes,3
2189,1772414817,2026-03-01T17:26:57,64,36,yes,214
2190,1772414817,2026-03-01T17:26:57,64,36,yes,17
2191,1772414817,2026-03-01T17:26:57,64,36,yes,150
2192,1772414817,2026-03-01T17:26:57,64,36,yes,10
2193,1772414817,2026-03-01T17:26:57,64,36,yes,28
2194,1772414817,2026-03-01T17:26:57,64,36,yes,100
2195,1772414817,2026-03-01T17:26:57,64,36,yes,5
2196,1772414817,2026-03-01T17:26:57,64,36,yes,385
2197,1772414817,2026-03-01T17:26:57,64,36,yes,100
2198,1772414818,2026-03-01T17:26:58,64,36,yes,521
2199,1772414818,2026-03-01T17:26:58,65,35,yes,45
2200,1772414818,2026-03-01T17:26:58,63,37,no,10
2201,1772414818,2026-03-01T17:26:58,63,37,no,38
2202,1772414818,2026-03-01T17:26:58,62,38,no,10
2203,1772414818,2026-03-01T17:26:58,62,38,no,1
2204,1772414819,2026-03-01T17:26:59,63,37,yes,31
2205,1772414820,2026-03-01T17:27:00,63,37,yes,30
2206,1772414820,2026-03-01T17:27:00,63,37,yes,7
2207,1772414820,2026-03-01T17:27:00,63,37,yes,1
2208,1772414821,2026-03-01T17:27:01,63,37,yes,1
2209,1772414821,2026-03-01T17:27:01,63,37,yes,148
2210,1772414821,2026-03-01T17:27:01,63,37,yes,26
2211,1772414821,2026-03-01T17:27:01,62,38,no,1
2212,1772414821,2026-03-01T17:27:01,64,36,yes,125
2213,1772414822,2026-03-01T17:27:02,64,36,yes,76
2214,1772414823,2026-03-01T17:27:03,62,38,no,1
2215,1772414823,2026-03-01T17:27:03,64,36,yes,14
2216,1772414824,2026-03-01T17:27:04,65,35,yes,179
2217,1772414824,2026-03-01T17:27:04,64,36,yes,14
2218,1772414824,2026-03-01T17:27:04,65,35,yes,38
2219,1772414825,2026-03-01T17:27:05,63,37,no,9
2220,1772414825,2026-03-01T17:27:05,63,37,no,55
2221,1772414825,2026-03-01T17:27:05,64,36,no,1
2222,1772414825,2026-03-01T17:27:05,65,35,yes,12
2223,1772414826,2026-03-01T17:27:06,65,35,yes,13
2224,1772414826,2026-03-01T17:27:06,65,35,yes,513
2225,1772414826,2026-03-01T17:27:06,65,35,yes,6
2226,1772414826,2026-03-01T17:27:06,65,35,yes,231
2227,1772414827,2026-03-01T17:27:07,65,35,yes,5
2228,1772414828,2026-03-01T17:27:08,65,35,yes,764
2229,1772414829,2026-03-01T17:27:09,65,35,yes,74
2230,1772414829,2026-03-01T17:27:09,65,35,yes,15
2231,1772414829,2026-03-01T17:27:09,65,35,yes,75
2232,1772414829,2026-03-01T17:27:09,64,36,no,10
2233,1772414830,2026-03-01T17:27:10,65,35,yes,1
2234,1772414831,2026-03-01T17:27:11,65,35,yes,52
2235,1772414832,2026-03-01T17:27:12,65,35,yes,7
2236,1772414833,2026-03-01T17:27:13,65,35,yes,150
2237,1772414834,2026-03-01T17:27:14,65,35,yes,37
2238,1772414834,2026-03-01T17:27:14,65,35,yes,60
2239,1772414834,2026-03-01T17:27:14,65,35,yes,300
2240,1772414835,2026-03-01T17:27:15,65,35,yes,120
2241,1772414835,2026-03-01T17:27:15,65,35,yes,30
2242,1772414836,2026-03-01T17:27:16,65,35,yes,13
2243,1772414836,2026-03-01T17:27:16,65,35,yes,124
2244,1772414836,2026-03-01T17:27:16,65,35,yes,300
2245,1772414836,2026-03-01T17:27:16,65,35,yes,456
2246,1772414836,2026-03-01T17:27:16,65,35,yes,3454
2247,1772414836,2026-03-01T17:27:16,65,35,yes,560
2248,1772414836,2026-03-01T17:27:16,65,35,yes,3454
2249,1772414836,2026-03-01T17:27:16,65,35,yes,517
2250,1772414836,2026-03-01T17:27:16,65,35,yes,567
2251,1772414836,2026-03-01T17:27:16,65,35,yes,375
2252,1772414836,2026-03-01T17:27:16,65,35,yes,6
2253,1772414837,2026-03-01T17:27:17,64,36,no,200
2254,1772414838,2026-03-01T17:27:18,66,34,yes,36
2255,1772414838,2026-03-01T17:27:18,66,34,yes,5
2256,1772414839,2026-03-01T17:27:19,65,35,no,100
2257,1772414839,2026-03-01T17:27:19,65,35,no,10
2258,1772414839,2026-03-01T17:27:19,65,35,no,1000
2259,1772414840,2026-03-01T17:27:20,65,35,yes,232
2260,1772414841,2026-03-01T17:27:21,65,35,yes,105
2261,1772414842,2026-03-01T17:27:22,65,35,yes,1000
2262,1772414842,2026-03-01T17:27:22,65,35,yes,82
2263,1772414842,2026-03-01T17:27:22,65,35,yes,581
2264,1772414842,2026-03-01T17:27:22,65,35,yes,3454
2265,1772414844,2026-03-01T17:27:24,66,34,yes,13
2266,1772414844,2026-03-01T17:27:24,66,34,yes,4
2267,1772414844,2026-03-01T17:27:24,66,34,yes,730
2268,1772414844,2026-03-01T17:27:24,66,34,yes,2946
2269,1772414844,2026-03-01T17:27:24,66,34,yes,508
2270,1772414844,2026-03-01T17:27:24,66,34,yes,227
2271,1772414845,2026-03-01T17:27:25,66,34,yes,295
2272,1772414845,2026-03-01T17:27:25,66,34,yes,7
2273,1772414846,2026-03-01T17:27:26,66,34,yes,36
2274,1772414846,2026-03-01T17:27:26,66,34,yes,73
2275,1772414847,2026-03-01T17:27:27,66,34,yes,26
2276,1772414847,2026-03-01T17:27:27,66,34,yes,300
2277,1772414847,2026-03-01T17:27:27,66,34,yes,30
2278,1772414847,2026-03-01T17:27:27,65,35,no,12
2279,1772414849,2026-03-01T17:27:29,66,34,yes,73
2280,1772414850,2026-03-01T17:27:30,66,34,yes,29
2281,1772414851,2026-03-01T17:27:31,66,34,yes,22
2282,1772414851,2026-03-01T17:27:31,65,35,no,1
2283,1772414851,2026-03-01T17:27:31,66,34,yes,306
2284,1772414852,2026-03-01T17:27:32,65,35,no,64
2285,1772414852,2026-03-01T17:27:32,66,34,yes,13
2286,1772414852,2026-03-01T17:27:32,66,34,yes,21
2287,1772414853,2026-03-01T17:27:33,66,34,yes,7
2288,1772414854,2026-03-01T17:27:34,66,34,yes,735
2289,1772414854,2026-03-01T17:27:34,66,34,yes,10
2290,1772414854,2026-03-01T17:27:34,66,34,yes,178
2291,1772414854,2026-03-01T17:27:34,66,34,yes,1301
2292,1772414854,2026-03-01T17:27:34,66,34,yes,147
2293,1772414855,2026-03-01T17:27:35,66,34,yes,14
2294,1772414855,2026-03-01T17:27:35,65,35,no,188
2295,1772414855,2026-03-01T17:27:35,65,35,no,5
2296,1772414855,2026-03-01T17:27:35,66,34,yes,500
2297,1772414855,2026-03-01T17:27:35,67,33,yes,1
2298,1772414857,2026-03-01T17:27:37,66,34,yes,36
2299,1772414858,2026-03-01T17:27:38,66,34,yes,10
2300,1772414858,2026-03-01T17:27:38,66,34,yes,36
2301,1772414859,2026-03-01T17:27:39,66,34,yes,62
2302,1772414859,2026-03-01T17:27:39,66,34,yes,14
2303,1772414859,2026-03-01T17:27:39,66,34,yes,13
2304,1772414859,2026-03-01T17:27:39,66,34,yes,2
2305,1772414860,2026-03-01T17:27:40,65,35,no,100
2306,1772414860,2026-03-01T17:27:40,64,36,no,7
2307,1772414860,2026-03-01T17:27:40,64,36,no,7
2308,1772414860,2026-03-01T17:27:40,65,35,yes,52
2309,1772414861,2026-03-01T17:27:41,64,36,no,36
2310,1772414861,2026-03-01T17:27:41,64,36,no,10
2311,1772414861,2026-03-01T17:27:41,64,36,no,55
2312,1772414861,2026-03-01T17:27:41,64,36,no,30
2313,1772414863,2026-03-01T17:27:43,64,36,yes,22
2314,1772414864,2026-03-01T17:27:44,64,36,yes,1674
2315,1772414864,2026-03-01T17:27:44,64,36,yes,588
2316,1772414864,2026-03-01T17:27:44,64,36,yes,15
2317,1772414864,2026-03-01T17:27:44,64,36,yes,38
2318,1772414864,2026-03-01T17:27:44,64,36,yes,1827
2319,1772414864,2026-03-01T17:27:44,64,36,yes,850
2320,1772414864,2026-03-01T17:27:44,63,37,yes,521
2321,1772414864,2026-03-01T17:27:44,64,36,yes,1
2322,1772414865,2026-03-01T17:27:45,64,36,yes,15
2323,1772414865,2026-03-01T17:27:45,64,36,yes,5
2324,1772414865,2026-03-01T17:27:45,64,36,yes,390
2325,1772414865,2026-03-01T17:27:45,64,36,yes,7
2326,1772414866,2026-03-01T17:27:46,64,36,yes,30
2327,1772414867,2026-03-01T17:27:47,64,36,yes,29
2328,1772414867,2026-03-01T17:27:47,64,36,yes,6000
2329,1772414867,2026-03-01T17:27:47,64,36,yes,7
2330,1772414867,2026-03-01T17:27:47,64,36,yes,22
2331,1772414867,2026-03-01T17:27:47,64,36,yes,45
2332,1772414868,2026-03-01T17:27:48,64,36,yes,4
2333,1772414868,2026-03-01T17:27:48,64,36,yes,2
2334,1772414870,2026-03-01T17:27:50,64,36,yes,10
2335,1772414870,2026-03-01T17:27:50,64,36,yes,490
2336,1772414871,2026-03-01T17:27:51,65,35,yes,5
2337,1772414871,2026-03-01T17:27:51,65,35,yes,8
2338,1772414872,2026-03-01T17:27:52,64,36,yes,500
2339,1772414872,2026-03-01T17:27:52,65,35,yes,1
2340,1772414874,2026-03-01T17:27:54,63,37,no,5
2341,1772414874,2026-03-01T17:27:54,63,37,no,25
2342,1772414874,2026-03-01T17:27:54,63,37,no,7
2343,1772414874,2026-03-01T17:27:54,63,37,no,3
2344,1772414874,2026-03-01T17:27:54,63,37,no,50
2345,1772414874,2026-03-01T17:27:54,63,37,no,2
2346,1772414875,2026-03-01T17:27:55,63,37,yes,7
2347,1772414875,2026-03-01T17:27:55,63,37,yes,7
2348,1772414876,2026-03-01T17:27:56,63,37,yes,7
2349,1772414877,2026-03-01T17:27:57,63,37,yes,28
2350,1772414877,2026-03-01T17:27:57,63,37,yes,1
2351,1772414877,2026-03-01T17:27:57,63,37,yes,58
2352,1772414878,2026-03-01T17:27:58,63,37,yes,15
2353,1772414878,2026-03-01T17:27:58,63,37,yes,45
2354,1772414879,2026-03-01T17:27:59,63,37,yes,13
2355,1772414879,2026-03-01T17:27:59,62,38,no,9
2356,1772414880,2026-03-01T17:28:00,63,37,yes,61
2357,1772414880,2026-03-01T17:28:00,63,37,yes,100
2358,1772414880,2026-03-01T17:28:00,63,37,yes,23
2359,1772414881,2026-03-01T17:28:01,63,37,yes,1281
2360,1772414881,2026-03-01T17:28:01,63,37,yes,1409
2361,1772414882,2026-03-01T17:28:02,63,37,yes,15
2362,1772414882,2026-03-01T17:28:02,63,37,yes,15
2363,1772414882,2026-03-01T17:28:02,63,37,yes,1
2364,1772414882,2026-03-01T17:28:02,62,38,no,288
2365,1772414882,2026-03-01T17:28:02,62,38,no,1
2366,1772414882,2026-03-01T17:28:02,62,38,no,9
2367,1772414882,2026-03-01T17:28:02,62,38,no,100
2368,1772414882,2026-03-01T17:28:02,62,38,no,240
2369,1772414882,2026-03-01T17:28:02,62,38,no,5
2370,1772414882,2026-03-01T17:28:02,62,38,no,3
2371,1772414882,2026-03-01T17:28:02,62,38,no,177
2372,1772414883,2026-03-01T17:28:03,62,38,yes,83
2373,1772414883,2026-03-01T17:28:03,62,38,yes,1
2374,1772414883,2026-03-01T17:28:03,62,38,yes,1
2375,1772414884,2026-03-01T17:28:04,62,38,yes,25
2376,1772414884,2026-03-01T17:28:04,62,38,yes,2500
2377,1772414884,2026-03-01T17:28:04,62,38,yes,450
2378,1772414885,2026-03-01T17:28:05,62,38,yes,3
2379,1772414885,2026-03-01T17:28:05,62,38,yes,78
2380,1772414887,2026-03-01T17:28:07,62,38,yes,235
2381,1772414887,2026-03-01T17:28:07,62,38,yes,33
2382,1772414887,2026-03-01T17:28:07,62,38,yes,14
2383,1772414887,2026-03-01T17:28:07,61,39,no,1
2384,1772414889,2026-03-01T17:28:09,62,38,yes,79
2385,1772414889,2026-03-01T17:28:09,62,38,yes,1
2386,1772414890,2026-03-01T17:28:10,62,38,yes,312
2387,1772414891,2026-03-01T17:28:11,62,38,yes,31
2388,1772414891,2026-03-01T17:28:11,62,38,yes,30
2389,1772414892,2026-03-01T17:28:12,62,38,yes,78
2390,1772414892,2026-03-01T17:28:12,61,39,no,3
2391,1772414892,2026-03-01T17:28:12,61,39,no,1
2392,1772414892,2026-03-01T17:28:12,61,39,no,7
2393,1772414892,2026-03-01T17:28:12,61,39,no,49
2394,1772414892,2026-03-01T17:28:12,62,38,yes,156
2395,1772414893,2026-03-01T17:28:13,62,38,yes,500
2396,1772414893,2026-03-01T17:28:13,62,38,yes,25
2397,1772414894,2026-03-01T17:28:14,62,38,yes,39
2398,1772414894,2026-03-01T17:28:14,62,38,yes,157
2399,1772414894,2026-03-01T17:28:14,62,38,yes,1
2400,1772414894,2026-03-01T17:28:14,62,38,yes,3
2401,1772414895,2026-03-01T17:28:15,62,38,yes,14
2402,1772414895,2026-03-01T17:28:15,62,38,yes,60
2403,1772414897,2026-03-01T17:28:17,61,39,no,19
2404,1772414898,2026-03-01T17:28:18,62,38,yes,100
2405,1772414898,2026-03-01T17:28:18,62,38,yes,200
2406,1772414898,2026-03-01T17:28:18,62,38,yes,781
2407,1772414898,2026-03-01T17:28:18,62,38,yes,1
2408,1772414899,2026-03-01T17:28:19,62,38,yes,78
2409,1772414899,2026-03-01T17:28:19,62,38,yes,10
2410,1772414899,2026-03-01T17:28:19,62,38,yes,1562
2411,1772414900,2026-03-01T17:28:20,62,38,yes,3
2412,1772414900,2026-03-01T17:28:20,62,38,yes,234
2413,1772414901,2026-03-01T17:28:21,62,38,yes,117
2414,1772414901,2026-03-01T17:28:21,62,38,yes,1
2415,1772414902,2026-03-01T17:28:22,62,38,yes,1
2416,1772414902,2026-03-01T17:28:22,62,38,yes,312
2417,1772414903,2026-03-01T17:28:23,62,38,yes,20
2418,1772414904,2026-03-01T17:28:24,62,38,yes,3142
2419,1772414904,2026-03-01T17:28:24,61,39,no,66
2420,1772414905,2026-03-01T17:28:25,62,38,yes,12
2421,1772414905,2026-03-01T17:28:25,62,38,yes,1
2422,1772414906,2026-03-01T17:28:26,62,38,yes,2000
2423,1772414906,2026-03-01T17:28:26,62,38,yes,50
2424,1772414906,2026-03-01T17:28:26,62,38,yes,126
2425,1772414907,2026-03-01T17:28:27,61,39,no,1
2426,1772414907,2026-03-01T17:28:27,62,38,yes,6
2427,1772414907,2026-03-01T17:28:27,62,38,yes,15
2428,1772414907,2026-03-01T17:28:27,61,39,no,2
2429,1772414909,2026-03-01T17:28:29,62,38,yes,6
2430,1772414910,2026-03-01T17:28:30,62,38,yes,1
2431,1772414910,2026-03-01T17:28:30,62,38,yes,390
2432,1772414910,2026-03-01T17:28:30,62,38,yes,500
2433,1772414910,2026-03-01T17:28:30,62,38,yes,15
2434,1772414910,2026-03-01T17:28:30,62,38,yes,24
2435,1772414910,2026-03-01T17:28:30,62,38,yes,54
2436,1772414910,2026-03-01T17:28:30,62,38,yes,3
2437,1772414910,2026-03-01T17:28:30,61,39,no,1928
2438,1772414911,2026-03-01T17:28:31,62,38,yes,5
2439,1772414911,2026-03-01T17:28:31,62,38,yes,53
2440,1772414912,2026-03-01T17:28:32,62,38,yes,62
2441,1772414912,2026-03-01T17:28:32,62,38,yes,31
2442,1772414912,2026-03-01T17:28:32,62,38,yes,23
2443,1772414912,2026-03-01T17:28:32,62,38,yes,156
2444,1772414913,2026-03-01T17:28:33,62,38,yes,1335
2445,1772414914,2026-03-01T17:28:34,61,39,no,15
2446,1772414914,2026-03-01T17:28:34,62,38,yes,78
2447,1772414915,2026-03-01T17:28:35,62,38,yes,400
2448,1772414916,2026-03-01T17:28:36,62,38,yes,1053
2449,1772414916,2026-03-01T17:28:36,62,38,yes,1
2450,1772414916,2026-03-01T17:28:36,62,38,yes,24
2451,1772414917,2026-03-01T17:28:37,62,38,yes,23
2452,1772414917,2026-03-01T17:28:37,61,39,no,150
2453,1772414917,2026-03-01T17:28:37,62,38,yes,6068
2454,1772414918,2026-03-01T17:28:38,62,38,yes,1116
2455,1772414918,2026-03-01T17:28:38,62,38,yes,7
2456,1772414919,2026-03-01T17:28:39,62,38,yes,500
2457,1772414919,2026-03-01T17:28:39,62,38,yes,125
2458,1772414921,2026-03-01T17:28:41,62,38,yes,293
2459,1772414921,2026-03-01T17:28:41,62,38,yes,314
2460,1772414921,2026-03-01T17:28:41,62,38,yes,7266
2461,1772414921,2026-03-01T17:28:41,62,38,yes,3
2462,1772414921,2026-03-01T17:28:41,62,38,yes,6007
2463,1772414921,2026-03-01T17:28:41,62,38,yes,4618
2464,1772414921,2026-03-01T17:28:41,62,38,yes,31
2465,1772414922,2026-03-01T17:28:42,62,38,yes,6
2466,1772414923,2026-03-01T17:28:43,61,39,no,12
2467,1772414923,2026-03-01T17:28:43,62,38,yes,314
2468,1772414924,2026-03-01T17:28:44,62,38,yes,4
2469,1772414924,2026-03-01T17:28:44,62,38,yes,308
2470,1772414924,2026-03-01T17:28:44,62,38,yes,12
2471,1772414924,2026-03-01T17:28:44,62,38,yes,156
2472,1772414925,2026-03-01T17:28:45,62,38,yes,170
2473,1772414925,2026-03-01T17:28:45,62,38,yes,9
2474,1772414925,2026-03-01T17:28:45,61,39,no,100
2475,1772414926,2026-03-01T17:28:46,62,38,yes,49
2476,1772414926,2026-03-01T17:28:46,62,38,yes,150
2477,1772414926,2026-03-01T17:28:46,62,38,yes,23
2478,1772414926,2026-03-01T17:28:46,62,38,yes,15
2479,1772414927,2026-03-01T17:28:47,62,38,yes,1
2480,1772414928,2026-03-01T17:28:48,62,38,yes,157
2481,1772414928,2026-03-01T17:28:48,61,39,no,109
2482,1772414928,2026-03-01T17:28:48,62,38,yes,100
2483,1772414929,2026-03-01T17:28:49,62,38,yes,146
2484,1772414929,2026-03-01T17:28:49,62,38,yes,39
2485,1772414929,2026-03-01T17:28:49,62,38,yes,2
2486,1772414929,2026-03-01T17:28:49,62,38,yes,13
2487,1772414929,2026-03-01T17:28:49,62,38,yes,500
2488,1772414930,2026-03-01T17:28:50,62,38,yes,200
2489,1772414930,2026-03-01T17:28:50,62,38,yes,31
2490,1772414930,2026-03-01T17:28:50,61,39,no,200
2491,1772414931,2026-03-01T17:28:51,62,38,yes,70
2492,1772414932,2026-03-01T17:28:52,62,38,yes,157
2493,1772414933,2026-03-01T17:28:53,62,38,yes,101
2494,1772414933,2026-03-01T17:28:53,62,38,yes,156
2495,1772414933,2026-03-01T17:28:53,62,38,yes,50
2496,1772414934,2026-03-01T17:28:54,61,39,no,240
2497,1772414934,2026-03-01T17:28:54,62,38,yes,471
2498,1772414935,2026-03-01T17:28:55,62,38,yes,39
2499,1772414935,2026-03-01T17:28:55,62,38,yes,91
2500,1772414936,2026-03-01T17:28:56,62,38,yes,549
2501,1772414936,2026-03-01T17:28:56,62,38,yes,1
2502,1772414937,2026-03-01T17:28:57,62,38,yes,4
2503,1772414937,2026-03-01T17:28:57,62,38,yes,3
2504,1772414937,2026-03-01T17:28:57,62,38,yes,15
2505,1772414937,2026-03-01T17:28:57,62,38,yes,23
2506,1772414938,2026-03-01T17:28:58,62,38,yes,250
2507,1772414938,2026-03-01T17:28:58,62,38,yes,390
2508,1772414938,2026-03-01T17:28:58,62,38,yes,50
2509,1772414939,2026-03-01T17:28:59,62,38,yes,200
2510,1772414940,2026-03-01T17:29:00,62,38,yes,34
2511,1772414940,2026-03-01T17:29:00,62,38,yes,1
2512,1772414941,2026-03-01T17:29:01,62,38,yes,15
2513,1772414941,2026-03-01T17:29:01,62,38,yes,3
2514,1772414941,2026-03-01T17:29:01,62,38,yes,303
2515,1772414942,2026-03-01T17:29:02,62,38,yes,14
2516,1772414943,2026-03-01T17:29:03,62,38,yes,122
2517,1772414943,2026-03-01T17:29:03,62,38,yes,7
2518,1772414943,2026-03-01T17:29:03,62,38,yes,396
2519,1772414944,2026-03-01T17:29:04,62,38,yes,39
2520,1772414945,2026-03-01T17:29:05,62,38,yes,78
2521,1772414945,2026-03-01T17:29:05,62,38,yes,50
2522,1772414945,2026-03-01T17:29:05,62,38,yes,7
2523,1772414945,2026-03-01T17:29:05,62,38,yes,95
2524,1772414945,2026-03-01T17:29:05,62,38,yes,25
2525,1772414946,2026-03-01T17:29:06,61,39,no,96
2526,1772414947,2026-03-01T17:29:07,62,38,yes,12
2527,1772414948,2026-03-01T17:29:08,62,38,yes,3000
2528,1772414949,2026-03-01T17:29:09,62,38,yes,1000
2529,1772414949,2026-03-01T17:29:09,62,38,yes,14
2530,1772414949,2026-03-01T17:29:09,62,38,yes,1
2531,1772414949,2026-03-01T17:29:09,61,39,no,25
2532,1772414949,2026-03-01T17:29:09,62,38,yes,1000
2533,1772414950,2026-03-01T17:29:10,62,38,yes,3
2534,1772414950,2026-03-01T17:29:10,62,38,yes,1
2535,1772414951,2026-03-01T17:29:11,61,39,no,4
2536,1772414951,2026-03-01T17:29:11,62,38,yes,15
2537,1772414951,2026-03-01T17:29:11,62,38,yes,23
2538,1772414951,2026-03-01T17:29:11,62,38,yes,156
2539,1772414952,2026-03-01T17:29:12,62,38,yes,12
2540,1772414952,2026-03-01T17:29:12,62,38,yes,26
2541,1772414953,2026-03-01T17:29:13,62,38,yes,31
2542,1772414953,2026-03-01T17:29:13,62,38,yes,125
2543,1772414953,2026-03-01T17:29:13,62,38,yes,1562
2544,1772414954,2026-03-01T17:29:14,61,39,no,2
2545,1772414955,2026-03-01T17:29:15,61,39,no,50
2546,1772414955,2026-03-01T17:29:15,62,38,yes,117
2547,1772414956,2026-03-01T17:29:16,62,38,yes,14
2548,1772414956,2026-03-01T17:29:16,62,38,yes,5
2549,1772414956,2026-03-01T17:29:16,62,38,yes,39
2550,1772414956,2026-03-01T17:29:16,61,39,no,6
2551,1772414956,2026-03-01T17:29:16,62,38,yes,9
2552,1772414957,2026-03-01T17:29:17,62,38,yes,1
2553,1772414958,2026-03-01T17:29:18,62,38,yes,7
2554,1772414958,2026-03-01T17:29:18,62,38,yes,14
2555,1772414959,2026-03-01T17:29:19,62,38,yes,6950
2556,1772414959,2026-03-01T17:29:19,62,38,yes,4
2557,1772414959,2026-03-01T17:29:19,62,38,yes,1289
2558,1772414960,2026-03-01T17:29:20,62,38,yes,10
2559,1772414960,2026-03-01T17:29:20,62,38,yes,15
2560,1772414960,2026-03-01T17:29:20,62,38,yes,221
2561,1772414961,2026-03-01T17:29:21,62,38,yes,5
2562,1772414961,2026-03-01T17:29:21,62,38,yes,312
2563,1772414961,2026-03-01T17:29:21,62,38,yes,78
2564,1772414961,2026-03-01T17:29:21,62,38,yes,39
2565,1772414962,2026-03-01T17:29:22,61,39,no,24
2566,1772414962,2026-03-01T17:29:22,62,38,yes,218
2567,1772414962,2026-03-01T17:29:22,62,38,yes,12
2568,1772414963,2026-03-01T17:29:23,62,38,yes,8
2569,1772414963,2026-03-01T17:29:23,62,38,yes,7
2570,1772414964,2026-03-01T17:29:24,62,38,yes,1015
2571,1772414964,2026-03-01T17:29:24,62,38,yes,80
2572,1772414965,2026-03-01T17:29:25,62,38,yes,78
2573,1772414965,2026-03-01T17:29:25,62,38,yes,5
2574,1772414966,2026-03-01T17:29:26,62,38,yes,15
2575,1772414968,2026-03-01T17:29:28,62,38,yes,593
2576,1772414968,2026-03-01T17:29:28,62,38,yes,2063
2577,1772414968,2026-03-01T17:29:28,62,38,yes,15
2578,1772414968,2026-03-01T17:29:28,62,38,yes,157
2579,1772414970,2026-03-01T17:29:30,62,38,yes,1198
2580,1772414970,2026-03-01T17:29:30,62,38,yes,3433
2581,1772414970,2026-03-01T17:29:30,62,38,yes,56
2582,1772414970,2026-03-01T17:29:30,62,38,yes,12
2583,1772414971,2026-03-01T17:29:31,62,38,yes,7
2584,1772414971,2026-03-01T17:29:31,62,38,yes,6
2585,1772414971,2026-03-01T17:29:31,61,39,no,631
2586,1772414972,2026-03-01T17:29:32,62,38,yes,7
2587,1772414972,2026-03-01T17:29:32,62,38,yes,118
2588,1772414972,2026-03-01T17:29:32,62,38,yes,1289
2589,1772414972,2026-03-01T17:29:32,62,38,yes,478
2590,1772414972,2026-03-01T17:29:32,61,39,no,410
2591,1772414972,2026-03-01T17:29:32,62,38,yes,1462
2592,1772414972,2026-03-01T17:29:32,62,38,yes,1416
2593,1772414972,2026-03-01T17:29:32,62,38,yes,7
2594,1772414973,2026-03-01T17:29:33,62,38,yes,50
2595,1772414975,2026-03-01T17:29:35,61,39,no,20
2596,1772414976,2026-03-01T17:29:36,62,38,yes,804
2597,1772414976,2026-03-01T17:29:36,62,38,yes,39
2598,1772414977,2026-03-01T17:29:37,62,38,yes,392
2599,1772414977,2026-03-01T17:29:37,62,38,yes,157
2600,1772414978,2026-03-01T17:29:38,62,38,yes,9
2601,1772414978,2026-03-01T17:29:38,62,38,yes,402
2602,1772414979,2026-03-01T17:29:39,61,39,no,9
2603,1772414980,2026-03-01T17:29:40,62,38,yes,3
2604,1772414980,2026-03-01T17:29:40,62,38,yes,2
2605,1772414981,2026-03-01T17:29:41,62,38,yes,1650
2606,1772414981,2026-03-01T17:29:41,62,38,yes,1360
2607,1772414981,2026-03-01T17:29:41,62,38,yes,15
2608,1772414981,2026-03-01T17:29:41,62,38,yes,2985
2609,1772414981,2026-03-01T17:29:41,62,38,yes,14
2610,1772414981,2026-03-01T17:29:41,62,38,yes,393
2611,1772414982,2026-03-01T17:29:42,63,37,yes,10
2612,1772414982,2026-03-01T17:29:42,63,37,yes,18
2613,1772414982,2026-03-01T17:29:42,63,37,yes,7
2614,1772414983,2026-03-01T17:29:43,62,38,yes,12
2615,1772414983,2026-03-01T17:29:43,62,38,yes,39
2616,1772414984,2026-03-01T17:29:44,62,38,yes,1391
2617,1772414984,2026-03-01T17:29:44,63,37,yes,7
2618,1772414984,2026-03-01T17:29:44,62,38,no,50
2619,1772414985,2026-03-01T17:29:45,63,37,yes,20
2620,1772414985,2026-03-01T17:29:45,63,37,yes,1
2621,1772414986,2026-03-01T17:29:46,63,37,yes,38
2622,1772414986,2026-03-01T17:29:46,63,37,yes,70
2623,1772414986,2026-03-01T17:29:46,63,37,yes,3
2624,1772414987,2026-03-01T17:29:47,63,37,yes,500
2625,1772414988,2026-03-01T17:29:48,63,37,yes,15
2626,1772414988,2026-03-01T17:29:48,62,38,no,38
2627,1772414989,2026-03-01T17:29:49,63,37,yes,29
2628,1772414989,2026-03-01T17:29:49,62,38,no,25
2629,1772414990,2026-03-01T17:29:50,63,37,yes,13
2630,1772414990,2026-03-01T17:29:50,63,37,yes,111
2631,1772414991,2026-03-01T17:29:51,63,37,yes,5
2632,1772414992,2026-03-01T17:29:52,63,37,yes,2596
2633,1772414992,2026-03-01T17:29:52,63,37,yes,887
2634,1772414992,2026-03-01T17:29:52,63,37,yes,3
2635,1772414992,2026-03-01T17:29:52,63,37,yes,77
2636,1772414992,2026-03-01T17:29:52,63,37,yes,15
2637,1772414992,2026-03-01T17:29:52,63,37,yes,10
2638,1772414993,2026-03-01T17:29:53,63,37,yes,392
2639,1772414993,2026-03-01T17:29:53,63,37,yes,31
2640,1772414994,2026-03-01T17:29:54,63,37,yes,66
2641,1772414995,2026-03-01T17:29:55,63,37,yes,61
2642,1772414995,2026-03-01T17:29:55,63,37,yes,230
2643,1772414995,2026-03-01T17:29:55,63,37,yes,50
2644,1772414995,2026-03-01T17:29:55,62,38,no,1
2645,1772414995,2026-03-01T17:29:55,63,37,yes,38
2646,1772414995,2026-03-01T17:29:55,63,37,yes,100
2647,1772414996,2026-03-01T17:29:56,62,38,no,87
2648,1772414997,2026-03-01T17:29:57,63,37,yes,50
2649,1772414997,2026-03-01T17:29:57,63,37,yes,76
2650,1772414997,2026-03-01T17:29:57,63,37,yes,108
2651,1772414998,2026-03-01T17:29:58,63,37,yes,3
2652,1772414999,2026-03-01T17:29:59,63,37,yes,153
2653,1772415001,2026-03-01T17:30:01,63,37,yes,15
2654,1772415001,2026-03-01T17:30:01,63,37,yes,8
2655,1772415002,2026-03-01T17:30:02,62,38,no,25
2656,1772415006,2026-03-01T17:30:06,63,37,yes,16
2657,1772415006,2026-03-01T17:30:06,63,37,yes,77
2658,1772415006,2026-03-01T17:30:06,63,37,yes,75
2659,1772415007,2026-03-01T17:30:07,62,38,no,5
2660,1772415007,2026-03-01T17:30:07,63,37,yes,1000
2661,1772415007,2026-03-01T17:30:07,63,37,yes,154
2662,1772415007,2026-03-01T17:30:07,63,37,yes,100
2663,1772415007,2026-03-01T17:30:07,63,37,yes,30
2664,1772415008,2026-03-01T17:30:08,63,37,yes,100
2665,1772415008,2026-03-01T17:30:08,63,37,yes,23
2666,1772415008,2026-03-01T17:30:08,63,37,yes,153
2667,1772415008,2026-03-01T17:30:08,63,37,yes,30
2668,1772415008,2026-03-01T17:30:08,63,37,yes,100
2669,1772415008,2026-03-01T17:30:08,62,38,no,2
2670,1772415008,2026-03-01T17:30:08,63,37,yes,4
2671,1772415008,2026-03-01T17:30:08,63,37,yes,18
2672,1772415008,2026-03-01T17:30:08,63,37,yes,23
2673,1772415009,2026-03-01T17:30:09,63,37,yes,13
2674,1772415009,2026-03-01T17:30:09,63,37,yes,1
2675,1772415010,2026-03-01T17:30:10,63,37,yes,12
2676,1772415010,2026-03-01T17:30:10,63,37,yes,77
2677,1772415010,2026-03-01T17:30:10,63,37,yes,7
2678,1772415010,2026-03-01T17:30:10,63,37,yes,1876
2679,1772415010,2026-03-01T17:30:10,63,37,yes,10769
2680,1772415010,2026-03-01T17:30:10,63,37,yes,7
2681,1772415011,2026-03-01T17:30:11,63,37,yes,3
2682,1772415011,2026-03-01T17:30:11,63,37,yes,215
2683,1772415011,2026-03-01T17:30:11,63,37,yes,773
2684,1772415012,2026-03-01T17:30:12,63,37,yes,50
2685,1772415012,2026-03-01T17:30:12,63,37,yes,1538
2686,1772415013,2026-03-01T17:30:13,63,37,yes,300
2687,1772415013,2026-03-01T17:30:13,63,37,yes,5
2688,1772415014,2026-03-01T17:30:14,62,38,no,5
2689,1772415014,2026-03-01T17:30:14,62,38,no,595
2690,1772415014,2026-03-01T17:30:14,63,37,yes,53
2691,1772415014,2026-03-01T17:30:14,63,37,yes,1
2692,1772415014,2026-03-01T17:30:14,63,37,yes,1547
2693,1772415014,2026-03-01T17:30:14,63,37,yes,24
2694,1772415014,2026-03-01T17:30:14,63,37,yes,15
2695,1772415016,2026-03-01T17:30:16,63,37,yes,100
2696,1772415017,2026-03-01T17:30:17,63,37,yes,30
2697,1772415017,2026-03-01T17:30:17,63,37,yes,20
2698,1772415018,2026-03-01T17:30:18,63,37,yes,23
2699,1772415018,2026-03-01T17:30:18,63,37,yes,13
2700,1772415018,2026-03-01T17:30:18,63,37,yes,7
2701,1772415019,2026-03-01T17:30:19,63,37,yes,15
2702,1772415019,2026-03-01T17:30:19,63,37,yes,1
2703,1772415020,2026-03-01T17:30:20,63,37,yes,1
2704,1772415020,2026-03-01T17:30:20,63,37,yes,115
2705,1772415020,2026-03-01T17:30:20,63,37,yes,876
2706,1772415020,2026-03-01T17:30:20,63,37,yes,76
2707,1772415021,2026-03-01T17:30:21,63,37,yes,154
2708,1772415021,2026-03-01T17:30:21,63,37,yes,77
2709,1772415021,2026-03-01T17:30:21,63,37,yes,3
2710,1772415021,2026-03-01T17:30:21,63,37,yes,3
2711,1772415022,2026-03-01T17:30:22,63,37,yes,213
2712,1772415022,2026-03-01T17:30:22,63,37,yes,3
2713,1772415022,2026-03-01T17:30:22,63,37,yes,3
2714,1772415023,2026-03-01T17:30:23,63,37,yes,6
2715,1772415024,2026-03-01T17:30:24,63,37,yes,77
2716,1772415025,2026-03-01T17:30:25,63,37,yes,1
2717,1772415025,2026-03-01T17:30:25,63,37,yes,23
2718,1772415026,2026-03-01T17:30:26,63,37,yes,155
2719,1772415026,2026-03-01T17:30:26,63,37,yes,15
2720,1772415026,2026-03-01T17:30:26,63,37,yes,7
2721,1772415027,2026-03-01T17:30:27,63,37,yes,222
2722,1772415028,2026-03-01T17:30:28,62,38,no,5
2723,1772415028,2026-03-01T17:30:28,63,37,yes,13
2724,1772415030,2026-03-01T17:30:30,63,37,yes,27
2725,1772415033,2026-03-01T17:30:33,62,38,no,5
2726,1772415034,2026-03-01T17:30:34,63,37,yes,100
2727,1772415034,2026-03-01T17:30:34,63,37,yes,3
2728,1772415035,2026-03-01T17:30:35,62,38,no,5
2729,1772415035,2026-03-01T17:30:35,62,38,no,5
2730,1772415036,2026-03-01T17:30:36,63,37,yes,154
2731,1772415036,2026-03-01T17:30:36,63,37,yes,500
2732,1772415037,2026-03-01T17:30:37,63,37,yes,38
2733,1772415037,2026-03-01T17:30:37,63,37,yes,13
2734,1772415037,2026-03-01T17:30:37,63,37,yes,38
2735,1772415038,2026-03-01T17:30:38,63,37,yes,7
2736,1772415039,2026-03-01T17:30:39,63,37,yes,1273
2737,1772415039,2026-03-01T17:30:39,63,37,yes,727
2738,1772415039,2026-03-01T17:30:39,63,37,yes,3
2739,1772415039,2026-03-01T17:30:39,62,38,no,2
2740,1772415039,2026-03-01T17:30:39,63,37,yes,1
2741,1772415040,2026-03-01T17:30:40,63,37,yes,298
2742,1772415040,2026-03-01T17:30:40,63,37,yes,11
2743,1772415040,2026-03-01T17:30:40,63,37,yes,50
2744,1772415040,2026-03-01T17:30:40,63,37,yes,21
2745,1772415040,2026-03-01T17:30:40,63,37,yes,600
2746,1772415042,2026-03-01T17:30:42,62,38,no,18
2747,1772415042,2026-03-01T17:30:42,62,38,no,10
2748,1772415042,2026-03-01T17:30:42,62,38,no,28
2749,1772415043,2026-03-01T17:30:43,62,38,no,22
2750,1772415043,2026-03-01T17:30:43,62,38,no,5
2751,1772415043,2026-03-01T17:30:43,62,38,no,4
2752,1772415043,2026-03-01T17:30:43,63,37,yes,153
2753,1772415043,2026-03-01T17:30:43,63,37,yes,100
2754,1772415044,2026-03-01T17:30:44,63,37,yes,77
2755,1772415044,2026-03-01T17:30:44,63,37,yes,1
2756,1772415044,2026-03-01T17:30:44,63,37,yes,7
2757,1772415045,2026-03-01T17:30:45,63,37,yes,1
2758,1772415045,2026-03-01T17:30:45,63,37,yes,3
2759,1772415046,2026-03-01T17:30:46,63,37,yes,13
2760,1772415047,2026-03-01T17:30:47,63,37,yes,563
2761,1772415047,2026-03-01T17:30:47,62,38,no,2
2762,1772415047,2026-03-01T17:30:47,63,37,yes,20
2763,1772415048,2026-03-01T17:30:48,63,37,yes,50
2764,1772415048,2026-03-01T17:30:48,63,37,yes,37
2765,1772415048,2026-03-01T17:30:48,63,37,yes,3
2766,1772415050,2026-03-01T17:30:50,63,37,yes,93
2767,1772415050,2026-03-01T17:30:50,63,37,yes,43
2768,1772415051,2026-03-01T17:30:51,63,37,yes,68
2769,1772415051,2026-03-01T17:30:51,63,37,yes,80
2770,1772415051,2026-03-01T17:30:51,63,37,yes,263
2771,1772415051,2026-03-01T17:30:51,63,37,yes,40
2772,1772415052,2026-03-01T17:30:52,63,37,yes,20
2773,1772415052,2026-03-01T17:30:52,63,37,yes,94
2774,1772415053,2026-03-01T17:30:53,63,37,yes,1
2775,1772415053,2026-03-01T17:30:53,63,37,yes,309
2776,1772415054,2026-03-01T17:30:54,63,37,yes,1
2777,1772415054,2026-03-01T17:30:54,63,37,yes,2
2778,1772415054,2026-03-01T17:30:54,63,37,yes,123
2779,1772415056,2026-03-01T17:30:56,62,38,no,12
2780,1772415056,2026-03-01T17:30:56,62,38,no,16
2781,1772415056,2026-03-01T17:30:56,63,37,yes,100
2782,1772415056,2026-03-01T17:30:56,63,37,yes,3
2783,1772415056,2026-03-01T17:30:56,63,37,yes,5
2784,1772415057,2026-03-01T17:30:57,63,37,yes,23
2785,1772415057,2026-03-01T17:30:57,63,37,yes,50
2786,1772415057,2026-03-01T17:30:57,63,37,yes,27
2787,1772415057,2026-03-01T17:30:57,63,37,yes,999
2788,1772415059,2026-03-01T17:30:59,62,38,no,20
2789,1772415059,2026-03-01T17:30:59,62,38,no,25
2790,1772415059,2026-03-01T17:30:59,62,38,no,100
2791,1772415059,2026-03-01T17:30:59,62,38,no,5
2792,1772415060,2026-03-01T17:31:00,62,38,yes,15
2793,1772415060,2026-03-01T17:31:00,62,38,yes,153
2794,1772415060,2026-03-01T17:31:00,62,38,yes,307
2795,1772415060,2026-03-01T17:31:00,62,38,yes,785
2796,1772415061,2026-03-01T17:31:01,62,38,yes,785
2797,1772415061,2026-03-01T17:31:01,62,38,yes,30
2798,1772415061,2026-03-01T17:31:01,62,38,yes,41
2799,1772415061,2026-03-01T17:31:01,62,38,yes,14
2800,1772415062,2026-03-01T17:31:02,62,38,yes,200
2801,1772415062,2026-03-01T17:31:02,62,38,yes,39
2802,1772415063,2026-03-01T17:31:03,62,38,yes,41
2803,1772415063,2026-03-01T17:31:03,62,38,yes,50
2804,1772415063,2026-03-01T17:31:03,62,38,yes,1093
2805,1772415063,2026-03-01T17:31:03,62,38,yes,15
2806,1772415063,2026-03-01T17:31:03,62,38,yes,2
2807,1772415064,2026-03-01T17:31:04,62,38,yes,2430
2808,1772415064,2026-03-01T17:31:04,62,38,yes,5382
2809,1772415064,2026-03-01T17:31:04,62,38,yes,35
2810,1772415064,2026-03-01T17:31:04,62,38,yes,1
2811,1772415064,2026-03-01T17:31:04,62,38,yes,76
2812,1772415064,2026-03-01T17:31:04,62,38,yes,23
2813,1772415065,2026-03-01T17:31:05,62,38,yes,117
2814,1772415067,2026-03-01T17:31:07,62,38,yes,25
2815,1772415067,2026-03-01T17:31:07,62,38,yes,390
2816,1772415068,2026-03-01T17:31:08,62,38,yes,1
2817,1772415069,2026-03-01T17:31:09,62,38,yes,1
2818,1772415069,2026-03-01T17:31:09,61,39,no,1
2819,1772415069,2026-03-01T17:31:09,61,39,no,11
2820,1772415070,2026-03-01T17:31:10,62,38,yes,300
2821,1772415070,2026-03-01T17:31:10,62,38,yes,20
2822,1772415070,2026-03-01T17:31:10,62,38,yes,14
2823,1772415071,2026-03-01T17:31:11,62,38,yes,100
2824,1772415071,2026-03-01T17:31:11,62,38,yes,7
2825,1772415073,2026-03-01T17:31:13,62,38,yes,3
2826,1772415073,2026-03-01T17:31:13,62,38,yes,1
2827,1772415075,2026-03-01T17:31:15,62,38,yes,3
2828,1772415075,2026-03-01T17:31:15,62,38,yes,1571
2829,1772415076,2026-03-01T17:31:16,62,38,yes,83
2830,1772415076,2026-03-01T17:31:16,62,38,yes,200
2831,1772415078,2026-03-01T17:31:18,62,38,yes,40
2832,1772415079,2026-03-01T17:31:19,62,38,yes,212
2833,1772415079,2026-03-01T17:31:19,62,38,yes,10
2834,1772415079,2026-03-01T17:31:19,62,38,yes,14
2835,1772415080,2026-03-01T17:31:20,62,38,yes,56
2836,1772415080,2026-03-01T17:31:20,62,38,yes,5
2837,1772415080,2026-03-01T17:31:20,62,38,yes,469
2838,1772415080,2026-03-01T17:31:20,62,38,yes,54
2839,1772415081,2026-03-01T17:31:21,62,38,yes,157
2840,1772415081,2026-03-01T17:31:21,62,38,yes,156
2841,1772415081,2026-03-01T17:31:21,62,38,yes,50
2842,1772415081,2026-03-01T17:31:21,62,38,yes,31
2843,1772415082,2026-03-01T17:31:22,62,38,yes,1
2844,1772415082,2026-03-01T17:31:22,62,38,yes,30
2845,1772415082,2026-03-01T17:31:22,62,38,yes,6
2846,1772415083,2026-03-01T17:31:23,62,38,yes,1
2847,1772415083,2026-03-01T17:31:23,62,38,yes,8
2848,1772415084,2026-03-01T17:31:24,62,38,yes,156
2849,1772415084,2026-03-01T17:31:24,62,38,yes,157
2850,1772415085,2026-03-01T17:31:25,62,38,yes,1
2851,1772415088,2026-03-01T17:31:28,62,38,yes,15
2852,1772415090,2026-03-01T17:31:30,62,38,yes,21
2853,1772415092,2026-03-01T17:31:32,62,38,yes,15
2854,1772415093,2026-03-01T17:31:33,62,38,yes,78
2855,1772415093,2026-03-01T17:31:33,62,38,yes,1
2856,1772415094,2026-03-01T17:31:34,62,38,yes,14
2857,1772415094,2026-03-01T17:31:34,62,38,yes,15
2858,1772415094,2026-03-01T17:31:34,62,38,yes,142
2859,1772415095,2026-03-01T17:31:35,62,38,yes,78
2860,1772415095,2026-03-01T17:31:35,62,38,yes,1250
2861,1772415095,2026-03-01T17:31:35,62,38,yes,1
2862,1772415096,2026-03-01T17:31:36,61,39,no,4
2863,1772415096,2026-03-01T17:31:36,62,38,yes,31
2864,1772415096,2026-03-01T17:31:36,62,38,yes,15
2865,1772415097,2026-03-01T17:31:37,62,38,yes,47
2866,1772415097,2026-03-01T17:31:37,62,38,yes,109
2867,1772415098,2026-03-01T17:31:38,62,38,yes,39
2868,1772415099,2026-03-01T17:31:39,61,39,no,22
2869,1772415099,2026-03-01T17:31:39,62,38,yes,14
2870,1772415099,2026-03-01T17:31:39,62,38,yes,249
2871,1772415099,2026-03-01T17:31:39,62,38,yes,31
2872,1772415099,2026-03-01T17:31:39,62,38,yes,23
2873,1772415099,2026-03-01T17:31:39,62,38,yes,225
2874,1772415099,2026-03-01T17:31:39,62,38,yes,3
2875,1772415099,2026-03-01T17:31:39,62,38,yes,7
2876,1772415099,2026-03-01T17:31:39,61,39,no,13
2877,1772415099,2026-03-01T17:31:39,61,39,no,2
2878,1772415100,2026-03-01T17:31:40,62,38,yes,1
2879,1772415101,2026-03-01T17:31:41,62,38,yes,10
2880,1772415101,2026-03-01T17:31:41,62,38,yes,406
2881,1772415102,2026-03-01T17:31:42,62,38,yes,31
2882,1772415102,2026-03-01T17:31:42,62,38,yes,8
2883,1772415103,2026-03-01T17:31:43,62,38,yes,23
2884,1772415103,2026-03-01T17:31:43,62,38,yes,14
2885,1772415104,2026-03-01T17:31:44,62,38,yes,15
2886,1772415104,2026-03-01T17:31:44,62,38,yes,12
2887,1772415105,2026-03-01T17:31:45,62,38,yes,23
2888,1772415105,2026-03-01T17:31:45,62,38,yes,7
2889,1772415105,2026-03-01T17:31:45,62,38,yes,15
2890,1772415106,2026-03-01T17:31:46,62,38,yes,31
2891,1772415106,2026-03-01T17:31:46,61,39,no,7
2892,1772415106,2026-03-01T17:31:46,62,38,yes,69
2893,1772415106,2026-03-01T17:31:46,61,39,no,41
2894,1772415106,2026-03-01T17:31:46,61,39,no,100
2895,1772415106,2026-03-01T17:31:46,61,39,no,1
2896,1772415106,2026-03-01T17:31:46,61,39,no,5
2897,1772415106,2026-03-01T17:31:46,61,39,no,2
2898,1772415106,2026-03-01T17:31:46,61,39,no,3
2899,1772415106,2026-03-01T17:31:46,61,39,no,9
2900,1772415106,2026-03-01T17:31:46,61,39,no,10
2901,1772415106,2026-03-01T17:31:46,61,39,no,50
2902,1772415107,2026-03-01T17:31:47,61,39,yes,222
2903,1772415110,2026-03-01T17:31:50,61,39,yes,103
2904,1772415110,2026-03-01T17:31:50,61,39,yes,39
2905,1772415111,2026-03-01T17:31:51,61,39,yes,3
2906,1772415111,2026-03-01T17:31:51,61,39,yes,22
2907,1772415111,2026-03-01T17:31:51,61,39,yes,47
2908,1772415112,2026-03-01T17:31:52,61,39,yes,3
2909,1772415113,2026-03-01T17:31:53,61,39,yes,15
2910,1772415113,2026-03-01T17:31:53,61,39,yes,1000
2911,1772415114,2026-03-01T17:31:54,61,39,yes,14
2912,1772415114,2026-03-01T17:31:54,61,39,yes,39
2913,1772415114,2026-03-01T17:31:54,61,39,yes,32
2914,1772415115,2026-03-01T17:31:55,61,39,yes,10
2915,1772415116,2026-03-01T17:31:56,61,39,yes,158
2916,1772415116,2026-03-01T17:31:56,61,39,yes,15
2917,1772415116,2026-03-01T17:31:56,61,39,yes,84
2918,1772415116,2026-03-01T17:31:56,61,39,yes,745
2919,1772415116,2026-03-01T17:31:56,61,39,yes,79
2920,1772415117,2026-03-01T17:31:57,60,40,no,6
2921,1772415117,2026-03-01T17:31:57,60,40,no,10
2922,1772415117,2026-03-01T17:31:57,60,40,no,15
2923,1772415117,2026-03-01T17:31:57,60,40,no,100
2924,1772415117,2026-03-01T17:31:57,60,40,no,600
2925,1772415117,2026-03-01T17:31:57,60,40,no,10
2926,1772415117,2026-03-01T17:31:57,60,40,no,50
2927,1772415117,2026-03-01T17:31:57,60,40,no,10
2928,1772415117,2026-03-01T17:31:57,60,40,no,25
2929,1772415117,2026-03-01T17:31:57,60,40,no,1
2930,1772415117,2026-03-01T17:31:57,60,40,no,20
2931,1772415117,2026-03-01T17:31:57,60,40,no,50
2932,1772415117,2026-03-01T17:31:57,60,40,no,15
2933,1772415117,2026-03-01T17:31:57,60,40,no,5
2934,1772415117,2026-03-01T17:31:57,60,40,no,2
2935,1772415117,2026-03-01T17:31:57,60,40,no,200
2936,1772415117,2026-03-01T17:31:57,60,40,no,5
2937,1772415117,2026-03-01T17:31:57,60,40,no,100
2938,1772415117,2026-03-01T17:31:57,60,40,no,2
2939,1772415117,2026-03-01T17:31:57,60,40,no,100
2940,1772415117,2026-03-01T17:31:57,60,40,no,1
2941,1772415117,2026-03-01T17:31:57,60,40,no,20
2942,1772415117,2026-03-01T17:31:57,60,40,no,5
2943,1772415117,2026-03-01T17:31:57,60,40,no,5
2944,1772415117,2026-03-01T17:31:57,60,40,no,146
2945,1772415117,2026-03-01T17:31:57,60,40,no,154
2946,1772415118,2026-03-01T17:31:58,60,40,yes,3
2947,1772415118,2026-03-01T17:31:58,60,40,yes,29
2948,1772415118,2026-03-01T17:31:58,60,40,yes,31
2949,1772415120,2026-03-01T17:32:00,60,40,yes,128
2950,1772415121,2026-03-01T17:32:01,60,40,yes,80
2951,1772415122,2026-03-01T17:32:02,60,40,yes,887
2952,1772415122,2026-03-01T17:32:02,60,40,yes,1000
2953,1772415122,2026-03-01T17:32:02,60,40,yes,741
2954,1772415122,2026-03-01T17:32:02,60,40,yes,130
2955,1772415122,2026-03-01T17:32:02,59,41,no,19
2956,1772415122,2026-03-01T17:32:02,59,41,no,81
2957,1772415122,2026-03-01T17:32:02,59,41,no,200
2958,1772415122,2026-03-01T17:32:02,59,41,no,5
2959,1772415122,2026-03-01T17:32:02,59,41,no,2610
2960,1772415123,2026-03-01T17:32:03,59,41,yes,3
2961,1772415123,2026-03-01T17:32:03,59,41,yes,16
2962,1772415123,2026-03-01T17:32:03,59,41,yes,14
2963,1772415123,2026-03-01T17:32:03,59,41,yes,161
2964,1772415123,2026-03-01T17:32:03,59,41,yes,32
2965,1772415123,2026-03-01T17:32:03,59,41,yes,16
2966,1772415124,2026-03-01T17:32:04,59,41,yes,8
2967,1772415124,2026-03-01T17:32:04,59,41,yes,494
2968,1772415124,2026-03-01T17:32:04,59,41,yes,32
2969,1772415124,2026-03-01T17:32:04,59,41,yes,40
2970,1772415124,2026-03-01T17:32:04,59,41,yes,4
2971,1772415125,2026-03-01T17:32:05,59,41,yes,8
2972,1772415125,2026-03-01T17:32:05,59,41,yes,100
2973,1772415126,2026-03-01T17:32:06,59,41,yes,1000
2974,1772415127,2026-03-01T17:32:07,59,41,yes,81
2975,1772415127,2026-03-01T17:32:07,59,41,yes,123
2976,1772415127,2026-03-01T17:32:07,59,41,yes,163
2977,1772415127,2026-03-01T17:32:07,59,41,yes,14
2978,1772415128,2026-03-01T17:32:08,59,41,yes,245
2979,1772415129,2026-03-01T17:32:09,59,41,yes,163
2980,1772415130,2026-03-01T17:32:10,59,41,yes,40
2981,1772415130,2026-03-01T17:32:10,59,41,yes,1
2982,1772415131,2026-03-01T17:32:11,59,41,yes,29
2983,1772415131,2026-03-01T17:32:11,59,41,yes,50
2984,1772415131,2026-03-01T17:32:11,59,41,yes,49
2985,1772415131,2026-03-01T17:32:11,59,41,yes,3084
2986,1772415132,2026-03-01T17:32:12,59,41,yes,48
2987,1772415132,2026-03-01T17:32:12,59,41,yes,41
2988,1772415133,2026-03-01T17:32:13,59,41,yes,8
2989,1772415133,2026-03-01T17:32:13,59,41,yes,3295
2990,1772415134,2026-03-01T17:32:14,59,41,yes,100
2991,1772415135,2026-03-01T17:32:15,59,41,yes,360
2992,1772415135,2026-03-01T17:32:15,59,41,yes,16
2993,1772415136,2026-03-01T17:32:16,58,42,no,10
2994,1772415136,2026-03-01T17:32:16,59,41,yes,20
2995,1772415136,2026-03-01T17:32:16,59,41,yes,500
2996,1772415137,2026-03-01T17:32:17,59,41,yes,1481
2997,1772415138,2026-03-01T17:32:18,59,41,yes,5
2998,1772415139,2026-03-01T17:32:19,59,41,yes,31
2999,1772415139,2026-03-01T17:32:19,59,41,yes,85
3000,1772415139,2026-03-01T17:32:19,59,41,yes,883
3001,1772415139,2026-03-01T17:32:19,59,41,yes,41
3002,1772415139,2026-03-01T17:32:19,59,41,yes,164
3003,1772415139,2026-03-01T17:32:19,59,41,yes,3
3004,1772415140,2026-03-01T17:32:20,59,41,yes,8
3005,1772415140,2026-03-01T17:32:20,59,41,yes,52
3006,1772415141,2026-03-01T17:32:21,59,41,yes,1639
3007,1772415141,2026-03-01T17:32:21,59,41,yes,1
3008,1772415142,2026-03-01T17:32:22,59,41,yes,10
3009,1772415142,2026-03-01T17:32:22,59,41,yes,73
3010,1772415142,2026-03-01T17:32:22,59,41,yes,14
3011,1772415142,2026-03-01T17:32:22,59,41,yes,164
3012,1772415142,2026-03-01T17:32:22,59,41,yes,8
3013,1772415143,2026-03-01T17:32:23,59,41,yes,700
3014,1772415143,2026-03-01T17:32:23,59,41,yes,1
3015,1772415144,2026-03-01T17:32:24,59,41,yes,8
3016,1772415144,2026-03-01T17:32:24,59,41,yes,16
3017,1772415144,2026-03-01T17:32:24,59,41,yes,123
3018,1772415144,2026-03-01T17:32:24,59,41,yes,16
3019,1772415145,2026-03-01T17:32:25,59,41,yes,10
3020,1772415145,2026-03-01T17:32:25,59,41,yes,16
3021,1772415146,2026-03-01T17:32:26,59,41,yes,8
3022,1772415146,2026-03-01T17:32:26,59,41,yes,327
3023,1772415146,2026-03-01T17:32:26,59,41,yes,16
3024,1772415147,2026-03-01T17:32:27,59,41,yes,5
3025,1772415147,2026-03-01T17:32:27,59,41,yes,16
3026,1772415147,2026-03-01T17:32:27,59,41,yes,82
3027,1772415148,2026-03-01T17:32:28,59,41,yes,25
3028,1772415148,2026-03-01T17:32:28,59,41,yes,16
3029,1772415148,2026-03-01T17:32:28,59,41,yes,3954
3030,1772415150,2026-03-01T17:32:30,59,41,yes,32
3031,1772415150,2026-03-01T17:32:30,59,41,yes,32
3032,1772415151,2026-03-01T17:32:31,59,41,yes,164
3033,1772415151,2026-03-01T17:32:31,59,41,yes,14
3034,1772415152,2026-03-01T17:32:32,59,41,yes,8
3035,1772415153,2026-03-01T17:32:33,59,41,yes,1911
3036,1772415153,2026-03-01T17:32:33,59,41,yes,706
3037,1772415153,2026-03-01T17:32:33,59,41,yes,1183
3038,1772415153,2026-03-01T17:32:33,59,41,yes,69
3039,1772415154,2026-03-01T17:32:34,59,41,yes,8
3040,1772415154,2026-03-01T17:32:34,59,41,yes,163
3041,1772415154,2026-03-01T17:32:34,59,41,yes,986
3042,1772415155,2026-03-01T17:32:35,59,41,yes,125
3043,1772415155,2026-03-01T17:32:35,58,42,no,2
3044,1772415155,2026-03-01T17:32:35,59,41,yes,16
3045,1772415155,2026-03-01T17:32:35,59,41,yes,8
3046,1772415155,2026-03-01T17:32:35,59,41,yes,32
3047,1772415155,2026-03-01T17:32:35,59,41,yes,8
3048,1772415156,2026-03-01T17:32:36,59,41,yes,11
3049,1772415157,2026-03-01T17:32:37,59,41,yes,10
3050,1772415157,2026-03-01T17:32:37,59,41,yes,2
3051,1772415157,2026-03-01T17:32:37,60,40,yes,22
3052,1772415157,2026-03-01T17:32:37,60,40,yes,161
3053,1772415159,2026-03-01T17:32:39,60,40,yes,6
3054,1772415159,2026-03-01T17:32:39,60,40,yes,80
3055,1772415159,2026-03-01T17:32:39,60,40,yes,1
3056,1772415159,2026-03-01T17:32:39,60,40,yes,161
3057,1772415160,2026-03-01T17:32:40,60,40,yes,200
3058,1772415161,2026-03-01T17:32:41,60,40,yes,16
3059,1772415161,2026-03-01T17:32:41,60,40,yes,1290
3060,1772415161,2026-03-01T17:32:41,60,40,yes,81
3061,1772415162,2026-03-01T17:32:42,60,40,yes,14
3062,1772415162,2026-03-01T17:32:42,60,40,yes,241
3063,1772415164,2026-03-01T17:32:44,60,40,yes,163
3064,1772415166,2026-03-01T17:32:46,60,40,yes,16
3065,1772415166,2026-03-01T17:32:46,60,40,yes,3
3066,1772415166,2026-03-01T17:32:46,60,40,yes,80
3067,1772415167,2026-03-01T17:32:47,60,40,yes,39
3068,1772415167,2026-03-01T17:32:47,60,40,yes,8
3069,1772415167,2026-03-01T17:32:47,60,40,yes,10
3070,1772415167,2026-03-01T17:32:47,60,40,yes,250
3071,1772415169,2026-03-01T17:32:49,60,40,yes,16
3072,1772415169,2026-03-01T17:32:49,60,40,yes,14
3073,1772415170,2026-03-01T17:32:50,60,40,yes,61
3074,1772415170,2026-03-01T17:32:50,60,40,yes,3
3075,1772415170,2026-03-01T17:32:50,60,40,yes,40
3076,1772415170,2026-03-01T17:32:50,60,40,yes,16
3077,1772415170,2026-03-01T17:32:50,60,40,yes,1198
3078,1772415170,2026-03-01T17:32:50,60,40,yes,14
3079,1772415171,2026-03-01T17:32:51,60,40,yes,15
3080,1772415171,2026-03-01T17:32:51,60,40,yes,437
3081,1772415172,2026-03-01T17:32:52,60,40,yes,45
3082,1772415173,2026-03-01T17:32:53,60,40,yes,40
3083,1772415174,2026-03-01T17:32:54,59,41,no,15
3084,1772415174,2026-03-01T17:32:54,59,41,no,5
3085,1772415174,2026-03-01T17:32:54,59,41,no,30
3086,1772415174,2026-03-01T17:32:54,60,40,yes,3
3087,1772415174,2026-03-01T17:32:54,60,40,yes,193
3088,1772415175,2026-03-01T17:32:55,60,40,yes,50
3089,1772415175,2026-03-01T17:32:55,60,40,yes,104
3090,1772415175,2026-03-01T17:32:55,60,40,yes,4
3091,1772415175,2026-03-01T17:32:55,60,40,yes,14
3092,1772415176,2026-03-01T17:32:56,60,40,yes,32
3093,1772415176,2026-03-01T17:32:56,60,40,yes,24
3094,1772415177,2026-03-01T17:32:57,59,41,no,120
3095,1772415177,2026-03-01T17:32:57,59,41,no,1
3096,1772415177,2026-03-01T17:32:57,59,41,no,6
3097,1772415177,2026-03-01T17:32:57,60,40,yes,8
3098,1772415177,2026-03-01T17:32:57,60,40,yes,33
3099,1772415177,2026-03-01T17:32:57,60,40,yes,14
3100,1772415177,2026-03-01T17:32:57,60,40,yes,20
3101,1772415178,2026-03-01T17:32:58,59,41,no,4
3102,1772415178,2026-03-01T17:32:58,60,40,yes,14
3103,1772415178,2026-03-01T17:32:58,60,40,yes,526
3104,1772415179,2026-03-01T17:32:59,59,41,no,90
3105,1772415179,2026-03-01T17:32:59,59,41,yes,8
3106,1772415179,2026-03-01T17:32:59,59,41,yes,80
3107,1772415179,2026-03-01T17:32:59,59,41,yes,1
3108,1772415179,2026-03-01T17:32:59,59,41,yes,100
3109,1772415179,2026-03-01T17:32:59,59,41,yes,50
3110,1772415179,2026-03-01T17:32:59,59,41,yes,50
3111,1772415180,2026-03-01T17:33:00,59,41,yes,32
3112,1772415180,2026-03-01T17:33:00,59,41,yes,4
3113,1772415180,2026-03-01T17:33:00,59,41,yes,13
3114,1772415180,2026-03-01T17:33:00,59,41,yes,122
3115,1772415180,2026-03-01T17:33:00,59,41,yes,1067
3116,1772415180,2026-03-01T17:33:00,59,41,yes,87
3117,1772415180,2026-03-01T17:33:00,60,40,yes,150
3118,1772415180,2026-03-01T17:33:00,60,40,yes,5
3119,1772415180,2026-03-01T17:33:00,60,40,yes,117
3120,1772415180,2026-03-01T17:33:00,59,41,yes,164
3121,1772415181,2026-03-01T17:33:01,60,40,yes,21
3122,1772415181,2026-03-01T17:33:01,58,42,no,1
3123,1772415181,2026-03-01T17:33:01,60,40,yes,24
3124,1772415182,2026-03-01T17:33:02,60,40,yes,14
3125,1772415182,2026-03-01T17:33:02,60,40,yes,5
3126,1772415182,2026-03-01T17:33:02,60,40,yes,23
3127,1772415182,2026-03-01T17:33:02,60,40,yes,10
3128,1772415182,2026-03-01T17:33:02,60,40,yes,5
3129,1772415182,2026-03-01T17:33:02,60,40,yes,3
3130,1772415183,2026-03-01T17:33:03,60,40,yes,4
3131,1772415183,2026-03-01T17:33:03,60,40,yes,8
3132,1772415183,2026-03-01T17:33:03,59,41,no,1
3133,1772415183,2026-03-01T17:33:03,59,41,no,4
3134,1772415184,2026-03-01T17:33:04,60,40,yes,272
3135,1772415184,2026-03-01T17:33:04,60,40,yes,100
3136,1772415185,2026-03-01T17:33:05,61,39,yes,15
3137,1772415185,2026-03-01T17:33:05,61,39,yes,79
3138,1772415186,2026-03-01T17:33:06,61,39,yes,10
3139,1772415186,2026-03-01T17:33:06,61,39,yes,309
3140,1772415186,2026-03-01T17:33:06,61,39,yes,159
3141,1772415187,2026-03-01T17:33:07,61,39,yes,14
3142,1772415188,2026-03-01T17:33:08,61,39,yes,158
3143,1772415188,2026-03-01T17:33:08,61,39,yes,2
3144,1772415188,2026-03-01T17:33:08,61,39,yes,3
3145,1772415188,2026-03-01T17:33:08,61,39,yes,6
3146,1772415188,2026-03-01T17:33:08,61,39,yes,1400
3147,1772415188,2026-03-01T17:33:08,61,39,yes,1791
3148,1772415189,2026-03-01T17:33:09,61,39,yes,31
3149,1772415190,2026-03-01T17:33:10,61,39,yes,220
3150,1772415191,2026-03-01T17:33:11,61,39,yes,14
3151,1772415192,2026-03-01T17:33:12,61,39,yes,15
3152,1772415192,2026-03-01T17:33:12,61,39,yes,793
3153,1772415192,2026-03-01T17:33:12,61,39,yes,15
3154,1772415192,2026-03-01T17:33:12,61,39,yes,15
3155,1772415192,2026-03-01T17:33:12,60,40,no,5
3156,1772415192,2026-03-01T17:33:12,60,40,no,1
3157,1772415193,2026-03-01T17:33:13,61,39,yes,15
3158,1772415193,2026-03-01T17:33:13,61,39,yes,14
3159,1772415193,2026-03-01T17:33:13,61,39,yes,2234
3160,1772415193,2026-03-01T17:33:13,61,39,yes,25
3161,1772415193,2026-03-01T17:33:13,61,39,yes,50
3162,1772415194,2026-03-01T17:33:14,60,40,no,100
3163,1772415194,2026-03-01T17:33:14,61,39,yes,104
3164,1772415194,2026-03-01T17:33:14,61,39,yes,6
3165,1772415194,2026-03-01T17:33:14,61,39,yes,111
3166,1772415195,2026-03-01T17:33:15,61,39,yes,79
3167,1772415195,2026-03-01T17:33:15,61,39,yes,997
3168,1772415195,2026-03-01T17:33:15,60,40,no,20
3169,1772415196,2026-03-01T17:33:16,61,39,yes,87
3170,1772415198,2026-03-01T17:33:18,60,40,no,10
3171,1772415198,2026-03-01T17:33:18,60,40,no,10
3172,1772415198,2026-03-01T17:33:18,60,40,no,100
3173,1772415198,2026-03-01T17:33:18,60,40,no,10
3174,1772415198,2026-03-01T17:33:18,60,40,yes,43
3175,1772415198,2026-03-01T17:33:18,60,40,yes,14
3176,1772415198,2026-03-01T17:33:18,59,41,no,7
3177,1772415198,2026-03-01T17:33:18,59,41,no,20
3178,1772415199,2026-03-01T17:33:19,59,41,yes,277
3179,1772415199,2026-03-01T17:33:19,59,41,yes,163
3180,1772415199,2026-03-01T17:33:19,59,41,yes,3
3181,1772415200,2026-03-01T17:33:20,59,41,yes,100
3182,1772415200,2026-03-01T17:33:20,59,41,yes,14
3183,1772415200,2026-03-01T17:33:20,59,41,yes,640
3184,1772415201,2026-03-01T17:33:21,59,41,yes,397
3185,1772415201,2026-03-01T17:33:21,59,41,yes,541
3186,1772415201,2026-03-01T17:33:21,59,41,yes,150
3187,1772415201,2026-03-01T17:33:21,59,41,yes,163
3188,1772415201,2026-03-01T17:33:21,59,41,yes,81
3189,1772415201,2026-03-01T17:33:21,59,41,yes,8
3190,1772415201,2026-03-01T17:33:21,59,41,yes,494
3191,1772415203,2026-03-01T17:33:23,59,41,yes,1
3192,1772415203,2026-03-01T17:33:23,59,41,yes,8
3193,1772415203,2026-03-01T17:33:23,59,41,yes,4
3194,1772415204,2026-03-01T17:33:24,59,41,yes,100
3195,1772415204,2026-03-01T17:33:24,59,41,yes,115
3196,1772415205,2026-03-01T17:33:25,59,41,yes,5
3197,1772415205,2026-03-01T17:33:25,59,41,yes,329
3198,1772415205,2026-03-01T17:33:25,58,42,no,199
3199,1772415205,2026-03-01T17:33:25,58,42,no,5
3200,1772415205,2026-03-01T17:33:25,58,42,no,50
3201,1772415205,2026-03-01T17:33:25,58,42,no,100
3202,1772415205,2026-03-01T17:33:25,58,42,no,1000
3203,1772415205,2026-03-01T17:33:25,58,42,no,50
3204,1772415205,2026-03-01T17:33:25,58,42,yes,20
3205,1772415205,2026-03-01T17:33:25,58,42,yes,14
3206,1772415206,2026-03-01T17:33:26,58,42,yes,20
3207,1772415206,2026-03-01T17:33:26,58,42,yes,13
3208,1772415206,2026-03-01T17:33:26,58,42,yes,114
3209,1772415207,2026-03-01T17:33:27,58,42,yes,3
3210,1772415207,2026-03-01T17:33:27,58,42,yes,50
3211,1772415207,2026-03-01T17:33:27,58,42,yes,83
3212,1772415209,2026-03-01T17:33:29,58,42,yes,15
3213,1772415209,2026-03-01T17:33:29,58,42,yes,500
3214,1772415209,2026-03-01T17:33:29,57,43,no,8
3215,1772415209,2026-03-01T17:33:29,57,43,no,4
3216,1772415209,2026-03-01T17:33:29,57,43,no,5
3217,1772415209,2026-03-01T17:33:29,58,42,yes,167
3218,1772415209,2026-03-01T17:33:29,57,43,yes,4
3219,1772415209,2026-03-01T17:33:29,57,43,yes,83
3220,1772415209,2026-03-01T17:33:29,57,43,yes,300
3221,1772415210,2026-03-01T17:33:30,57,43,yes,1
3222,1772415210,2026-03-01T17:33:30,57,43,yes,15
3223,1772415211,2026-03-01T17:33:31,57,43,yes,100
3224,1772415211,2026-03-01T17:33:31,57,43,yes,258
3225,1772415212,2026-03-01T17:33:32,57,43,yes,847
3226,1772415212,2026-03-01T17:33:32,57,43,yes,12
3227,1772415212,2026-03-01T17:33:32,57,43,yes,2
3228,1772415213,2026-03-01T17:33:33,57,43,yes,16
3229,1772415213,2026-03-01T17:33:33,57,43,yes,1
3230,1772415213,2026-03-01T17:33:33,57,43,yes,16
3231,1772415213,2026-03-01T17:33:33,57,43,yes,272
3232,1772415213,2026-03-01T17:33:33,57,43,yes,51
3233,1772415213,2026-03-01T17:33:33,57,43,yes,50
3234,1772415213,2026-03-01T17:33:33,57,43,yes,170
3235,1772415214,2026-03-01T17:33:34,57,43,yes,886
3236,1772415214,2026-03-01T17:33:34,57,43,yes,4
3237,1772415214,2026-03-01T17:33:34,57,43,yes,5
3238,1772415214,2026-03-01T17:33:34,57,43,yes,50
3239,1772415214,2026-03-01T17:33:34,57,43,yes,68
3240,1772415214,2026-03-01T17:33:34,57,43,yes,170
3241,1772415216,2026-03-01T17:33:36,57,43,yes,15
3242,1772415216,2026-03-01T17:33:36,57,43,yes,15
3243,1772415216,2026-03-01T17:33:36,57,43,yes,84
3244,1772415216,2026-03-01T17:33:36,57,43,yes,676
3245,1772415217,2026-03-01T17:33:37,57,43,yes,42
3246,1772415218,2026-03-01T17:33:38,57,43,yes,20
3247,1772415218,2026-03-01T17:33:38,57,43,yes,94
3248,1772415218,2026-03-01T17:33:38,57,43,yes,2
3249,1772415218,2026-03-01T17:33:38,57,43,yes,1
3250,1772415219,2026-03-01T17:33:39,57,43,yes,1
3251,1772415219,2026-03-01T17:33:39,57,43,yes,37
3252,1772415219,2026-03-01T17:33:39,57,43,yes,338
3253,1772415220,2026-03-01T17:33:40,57,43,yes,1
3254,1772415220,2026-03-01T17:33:40,57,43,yes,425
3255,1772415220,2026-03-01T17:33:40,57,43,yes,8
3256,1772415220,2026-03-01T17:33:40,57,43,yes,860
3257,1772415220,2026-03-01T17:33:40,57,43,yes,140
3258,1772415220,2026-03-01T17:33:40,57,43,yes,87
3259,1772415221,2026-03-01T17:33:41,58,42,yes,20
3260,1772415221,2026-03-01T17:33:41,58,42,yes,6
3261,1772415222,2026-03-01T17:33:42,57,43,no,31
3262,1772415222,2026-03-01T17:33:42,57,43,no,1
3263,1772415223,2026-03-01T17:33:43,58,42,yes,6
3264,1772415223,2026-03-01T17:33:43,58,42,yes,275
3265,1772415223,2026-03-01T17:33:43,58,42,yes,15
3266,1772415224,2026-03-01T17:33:44,58,42,yes,83
3267,1772415224,2026-03-01T17:33:44,58,42,yes,3
3268,1772415224,2026-03-01T17:33:44,58,42,yes,6
3269,1772415224,2026-03-01T17:33:44,58,42,yes,500
3270,1772415224,2026-03-01T17:33:44,58,42,yes,16
3271,1772415225,2026-03-01T17:33:45,58,42,yes,10
3272,1772415225,2026-03-01T17:33:45,58,42,yes,157
3273,1772415225,2026-03-01T17:33:45,58,42,yes,1
3274,1772415225,2026-03-01T17:33:45,58,42,yes,83
3275,1772415225,2026-03-01T17:33:45,58,42,yes,418
3276,1772415226,2026-03-01T17:33:46,57,43,no,1
3277,1772415226,2026-03-01T17:33:46,58,42,yes,16
3278,1772415226,2026-03-01T17:33:46,58,42,yes,1
3279,1772415226,2026-03-01T17:33:46,58,42,yes,16
3280,1772415227,2026-03-01T17:33:47,58,42,yes,74
3281,1772415227,2026-03-01T17:33:47,58,42,yes,8
3282,1772415227,2026-03-01T17:33:47,58,42,yes,35
3283,1772415227,2026-03-01T17:33:47,58,42,yes,87
3284,1772415228,2026-03-01T17:33:48,59,41,yes,6
3285,1772415228,2026-03-01T17:33:48,59,41,yes,100
3286,1772415228,2026-03-01T17:33:48,59,41,yes,16
3287,1772415229,2026-03-01T17:33:49,59,41,yes,16
3288,1772415230,2026-03-01T17:33:50,59,41,yes,16
3289,1772415230,2026-03-01T17:33:50,59,41,yes,14
3290,1772415230,2026-03-01T17:33:50,59,41,yes,32
3291,1772415230,2026-03-01T17:33:50,59,41,yes,25
3292,1772415231,2026-03-01T17:33:51,59,41,yes,121
3293,1772415231,2026-03-01T17:33:51,59,41,yes,16
3294,1772415231,2026-03-01T17:33:51,59,41,yes,82
3295,1772415231,2026-03-01T17:33:51,59,41,yes,24
3296,1772415232,2026-03-01T17:33:52,59,41,yes,163
3297,1772415232,2026-03-01T17:33:52,59,41,yes,14
3298,1772415233,2026-03-01T17:33:53,59,41,yes,58
3299,1772415233,2026-03-01T17:33:53,59,41,yes,14
3300,1772415233,2026-03-01T17:33:53,59,41,yes,60
3301,1772415233,2026-03-01T17:33:53,59,41,yes,1
3302,1772415233,2026-03-01T17:33:53,59,41,yes,8
3303,1772415234,2026-03-01T17:33:54,59,41,yes,1
3304,1772415234,2026-03-01T17:33:54,59,41,yes,81
3305,1772415234,2026-03-01T17:33:54,59,41,yes,103
3306,1772415234,2026-03-01T17:33:54,59,41,yes,40
3307,1772415235,2026-03-01T17:33:55,59,41,yes,21
3308,1772415235,2026-03-01T17:33:55,59,41,yes,96
3309,1772415235,2026-03-01T17:33:55,59,41,yes,8
3310,1772415235,2026-03-01T17:33:55,58,42,no,27
3311,1772415236,2026-03-01T17:33:56,59,41,yes,8
3312,1772415236,2026-03-01T17:33:56,58,42,no,5
3313,1772415236,2026-03-01T17:33:56,59,41,yes,14
3314,1772415236,2026-03-01T17:33:56,59,41,yes,111
3315,1772415236,2026-03-01T17:33:56,59,41,yes,3
3316,1772415237,2026-03-01T17:33:57,59,41,yes,500
3317,1772415237,2026-03-01T17:33:57,59,41,yes,16
3318,1772415237,2026-03-01T17:33:57,59,41,yes,100
3319,1772415237,2026-03-01T17:33:57,59,41,yes,16
3320,1772415237,2026-03-01T17:33:57,59,41,yes,17
3321,1772415237,2026-03-01T17:33:57,59,41,yes,14
3322,1772415238,2026-03-01T17:33:58,59,41,yes,1
3323,1772415238,2026-03-01T17:33:58,59,41,yes,17
3324,1772415238,2026-03-01T17:33:58,59,41,yes,7
3325,1772415238,2026-03-01T17:33:58,59,41,yes,200
3326,1772415239,2026-03-01T17:33:59,59,41,yes,2
3327,1772415239,2026-03-01T17:33:59,59,41,yes,8
3328,1772415241,2026-03-01T17:34:01,59,41,yes,1
3329,1772415241,2026-03-01T17:34:01,59,41,yes,14
3330,1772415241,2026-03-01T17:34:01,59,41,yes,32
3331,1772415241,2026-03-01T17:34:01,59,41,yes,1
3332,1772415242,2026-03-01T17:34:02,59,41,yes,25
3333,1772415242,2026-03-01T17:34:02,59,41,yes,100
3334,1772415243,2026-03-01T17:34:03,60,40,yes,4
3335,1772415243,2026-03-01T17:34:03,60,40,yes,1
3336,1772415243,2026-03-01T17:34:03,60,40,yes,150
3337,1772415243,2026-03-01T17:34:03,60,40,yes,762
3338,1772415244,2026-03-01T17:34:04,61,39,yes,15
3339,1772415244,2026-03-01T17:34:04,61,39,yes,60
3340,1772415245,2026-03-01T17:34:05,61,39,yes,14
3341,1772415245,2026-03-01T17:34:05,61,39,yes,1744
3342,1772415245,2026-03-01T17:34:05,61,39,yes,14
3343,1772415245,2026-03-01T17:34:05,61,39,yes,476
3344,1772415246,2026-03-01T17:34:06,61,39,yes,2
3345,1772415246,2026-03-01T17:34:06,61,39,yes,8
3346,1772415246,2026-03-01T17:34:06,61,39,yes,44
3347,1772415247,2026-03-01T17:34:07,62,38,yes,50
3348,1772415247,2026-03-01T17:34:07,62,38,yes,1727
3349,1772415247,2026-03-01T17:34:07,62,38,yes,5
3350,1772415247,2026-03-01T17:34:07,62,38,yes,6
3351,1772415247,2026-03-01T17:34:07,63,37,yes,3
3352,1772415247,2026-03-01T17:34:07,63,37,yes,381
3353,1772415247,2026-03-01T17:34:07,63,37,yes,953
3354,1772415247,2026-03-01T17:34:07,62,38,yes,14
3355,1772415247,2026-03-01T17:34:07,61,39,no,1
3356,1772415248,2026-03-01T17:34:08,62,38,yes,31
3357,1772415248,2026-03-01T17:34:08,62,38,yes,47
3358,1772415248,2026-03-01T17:34:08,62,38,yes,78
3359,1772415249,2026-03-01T17:34:09,63,37,yes,5
3360,1772415249,2026-03-01T17:34:09,63,37,yes,150
3361,1772415249,2026-03-01T17:34:09,63,37,yes,6802
3362,1772415249,2026-03-01T17:34:09,63,37,yes,4
3363,1772415250,2026-03-01T17:34:10,61,39,no,7
3364,1772415250,2026-03-01T17:34:10,62,38,yes,6
3365,1772415250,2026-03-01T17:34:10,62,38,yes,30
3366,1772415251,2026-03-01T17:34:11,61,39,no,9
3367,1772415252,2026-03-01T17:34:12,63,37,yes,5
3368,1772415252,2026-03-01T17:34:12,63,37,yes,33
3369,1772415252,2026-03-01T17:34:12,63,37,yes,5
3370,1772415252,2026-03-01T17:34:12,63,37,yes,13
3371,1772415253,2026-03-01T17:34:13,63,37,yes,232
3372,1772415254,2026-03-01T17:34:14,63,37,yes,13
3373,1772415254,2026-03-01T17:34:14,63,37,yes,76
3374,1772415255,2026-03-01T17:34:15,62,38,yes,78
3375,1772415256,2026-03-01T17:34:16,62,38,yes,98
3376,1772415256,2026-03-01T17:34:16,62,38,yes,123
3377,1772415256,2026-03-01T17:34:16,62,38,yes,785
3378,1772415256,2026-03-01T17:34:16,62,38,yes,6
3379,1772415257,2026-03-01T17:34:17,62,38,yes,35
3380,1772415257,2026-03-01T17:34:17,62,38,yes,1
3381,1772415257,2026-03-01T17:34:17,62,38,yes,51
3382,1772415257,2026-03-01T17:34:17,62,38,yes,90
3383,1772415257,2026-03-01T17:34:17,62,38,yes,69
3384,1772415257,2026-03-01T17:34:17,62,38,yes,39
3385,1772415258,2026-03-01T17:34:18,62,38,yes,27
3386,1772415258,2026-03-01T17:34:18,62,38,yes,38
3387,1772415258,2026-03-01T17:34:18,62,38,yes,78
3388,1772415258,2026-03-01T17:34:18,62,38,yes,12
3389,1772415259,2026-03-01T17:34:19,62,38,yes,95
3390,1772415259,2026-03-01T17:34:19,62,38,yes,274
3391,1772415259,2026-03-01T17:34:19,61,39,no,21
3392,1772415260,2026-03-01T17:34:20,62,38,yes,75
3393,1772415260,2026-03-01T17:34:20,61,39,no,1
3394,1772415261,2026-03-01T17:34:21,63,37,yes,5
3395,1772415261,2026-03-01T17:34:21,63,37,yes,304
3396,1772415262,2026-03-01T17:34:22,63,37,yes,3076
3397,1772415262,2026-03-01T17:34:22,63,37,yes,767
3398,1772415263,2026-03-01T17:34:23,63,37,yes,15
3399,1772415263,2026-03-01T17:34:23,62,38,no,23
3400,1772415264,2026-03-01T17:34:24,63,37,yes,3
3401,1772415264,2026-03-01T17:34:24,62,38,no,100
3402,1772415264,2026-03-01T17:34:24,63,37,yes,50
3403,1772415264,2026-03-01T17:34:24,63,37,yes,12
3404,1772415265,2026-03-01T17:34:25,63,37,yes,154
3405,1772415266,2026-03-01T17:34:26,63,37,yes,375
3406,1772415266,2026-03-01T17:34:26,63,37,yes,30
3407,1772415266,2026-03-01T17:34:26,63,37,yes,153
3408,1772415266,2026-03-01T17:34:26,63,37,yes,2000
3409,1772415266,2026-03-01T17:34:26,63,37,yes,5
3410,1772415267,2026-03-01T17:34:27,63,37,yes,77
3411,1772415268,2026-03-01T17:34:28,63,37,yes,54
3412,1772415269,2026-03-01T17:34:29,63,37,yes,21
3413,1772415269,2026-03-01T17:34:29,63,37,yes,8
3414,1772415270,2026-03-01T17:34:30,63,37,yes,100
3415,1772415270,2026-03-01T17:34:30,63,37,yes,280
3416,1772415270,2026-03-01T17:34:30,63,37,yes,618
3417,1772415270,2026-03-01T17:34:30,63,37,yes,1
3418,1772415271,2026-03-01T17:34:31,63,37,yes,13
3419,1772415271,2026-03-01T17:34:31,63,37,yes,7
3420,1772415271,2026-03-01T17:34:31,63,37,yes,27
3421,1772415271,2026-03-01T17:34:31,63,37,yes,15
3422,1772415271,2026-03-01T17:34:31,63,37,yes,15
3423,1772415272,2026-03-01T17:34:32,63,37,yes,1
3424,1772415272,2026-03-01T17:34:32,63,37,yes,7
3425,1772415272,2026-03-01T17:34:32,63,37,yes,7
3426,1772415273,2026-03-01T17:34:33,63,37,yes,15
3427,1772415273,2026-03-01T17:34:33,63,37,yes,154
3428,1772415273,2026-03-01T17:34:33,63,37,yes,40
3429,1772415273,2026-03-01T17:34:33,63,37,yes,30
3430,1772415273,2026-03-01T17:34:33,63,37,yes,6
3431,1772415274,2026-03-01T17:34:34,63,37,yes,3000
3432,1772415274,2026-03-01T17:34:34,63,37,yes,23
3433,1772415275,2026-03-01T17:34:35,63,37,yes,7
3434,1772415276,2026-03-01T17:34:36,63,37,yes,76
3435,1772415276,2026-03-01T17:34:36,63,37,yes,10
3436,1772415277,2026-03-01T17:34:37,63,37,yes,1
3437,1772415277,2026-03-01T17:34:37,63,37,yes,154
3438,1772415278,2026-03-01T17:34:38,63,37,yes,15
3439,1772415279,2026-03-01T17:34:39,63,37,yes,6
3440,1772415279,2026-03-01T17:34:39,62,38,no,1
3441,1772415279,2026-03-01T17:34:39,63,37,yes,13
3442,1772415279,2026-03-01T17:34:39,63,37,yes,153
3443,1772415279,2026-03-01T17:34:39,63,37,yes,41
3444,1772415280,2026-03-01T17:34:40,63,37,yes,190
3445,1772415280,2026-03-01T17:34:40,63,37,yes,4641
3446,1772415281,2026-03-01T17:34:41,63,37,yes,7
3447,1772415281,2026-03-01T17:34:41,63,37,yes,47
3448,1772415281,2026-03-01T17:34:41,63,37,yes,95
3449,1772415281,2026-03-01T17:34:41,63,37,yes,100
3450,1772415281,2026-03-01T17:34:41,62,38,no,9
3451,1772415281,2026-03-01T17:34:41,62,38,no,104
3452,1772415281,2026-03-01T17:34:41,63,37,yes,307
3453,1772415281,2026-03-01T17:34:41,63,37,yes,769
3454,1772415282,2026-03-01T17:34:42,63,37,yes,237
3455,1772415282,2026-03-01T17:34:42,63,37,yes,15
3456,1772415283,2026-03-01T17:34:43,62,38,no,63
3457,1772415283,2026-03-01T17:34:43,63,37,yes,76
3458,1772415283,2026-03-01T17:34:43,63,37,yes,30
3459,1772415284,2026-03-01T17:34:44,62,38,no,25
3460,1772415284,2026-03-01T17:34:44,63,37,yes,200
3461,1772415285,2026-03-01T17:34:45,63,37,yes,1
3462,1772415285,2026-03-01T17:34:45,63,37,yes,300
3463,1772415285,2026-03-01T17:34:45,63,37,yes,154
3464,1772415285,2026-03-01T17:34:45,63,37,yes,15
3465,1772415285,2026-03-01T17:34:45,63,37,yes,54
3466,1772415286,2026-03-01T17:34:46,63,37,yes,6746
3467,1772415286,2026-03-01T17:34:46,63,37,yes,5
3468,1772415286,2026-03-01T17:34:46,63,37,yes,1000
3469,1772415286,2026-03-01T17:34:46,63,37,yes,749
3470,1772415286,2026-03-01T17:34:46,63,37,yes,15
3471,1772415287,2026-03-01T17:34:47,63,37,yes,13
3472,1772415287,2026-03-01T17:34:47,63,37,yes,7
3473,1772415288,2026-03-01T17:34:48,63,37,yes,30
3474,1772415289,2026-03-01T17:34:49,63,37,yes,85
3475,1772415289,2026-03-01T17:34:49,63,37,yes,31
3476,1772415289,2026-03-01T17:34:49,63,37,yes,38
3477,1772415289,2026-03-01T17:34:49,63,37,yes,7
3478,1772415289,2026-03-01T17:34:49,63,37,yes,15
3479,1772415289,2026-03-01T17:34:49,63,37,yes,1
3480,1772415290,2026-03-01T17:34:50,63,37,yes,1392
3481,1772415290,2026-03-01T17:34:50,63,37,yes,30
3482,1772415290,2026-03-01T17:34:50,63,37,yes,15
3483,1772415291,2026-03-01T17:34:51,63,37,yes,834
3484,1772415291,2026-03-01T17:34:51,63,37,yes,10
3485,1772415291,2026-03-01T17:34:51,63,37,yes,87
3486,1772415291,2026-03-01T17:34:51,63,37,yes,5
3487,1772415291,2026-03-01T17:34:51,63,37,yes,601
3488,1772415292,2026-03-01T17:34:52,63,37,yes,307
3489,1772415292,2026-03-01T17:34:52,63,37,yes,15
3490,1772415292,2026-03-01T17:34:52,63,37,yes,3
3491,1772415293,2026-03-01T17:34:53,63,37,yes,8
3492,1772415293,2026-03-01T17:34:53,62,38,no,12
3493,1772415293,2026-03-01T17:34:53,63,37,yes,72
3494,1772415293,2026-03-01T17:34:53,63,37,yes,30
3495,1772415294,2026-03-01T17:34:54,63,37,yes,650
3496,1772415294,2026-03-01T17:34:54,63,37,yes,4
3497,1772415294,2026-03-01T17:34:54,63,37,yes,1
3498,1772415294,2026-03-01T17:34:54,63,37,yes,61
3499,1772415295,2026-03-01T17:34:55,63,37,yes,2
3500,1772415295,2026-03-01T17:34:55,63,37,yes,15
3501,1772415296,2026-03-01T17:34:56,63,37,yes,77
3502,1772415296,2026-03-01T17:34:56,63,37,yes,13
3503,1772415296,2026-03-01T17:34:56,63,37,yes,7
3504,1772415296,2026-03-01T17:34:56,63,37,yes,153
3505,1772415296,2026-03-01T17:34:56,63,37,yes,111
3506,1772415297,2026-03-01T17:34:57,63,37,yes,386
3507,1772415297,2026-03-01T17:34:57,63,37,yes,77
3508,1772415297,2026-03-01T17:34:57,63,37,yes,5
3509,1772415297,2026-03-01T17:34:57,63,37,yes,23
3510,1772415297,2026-03-01T17:34:57,63,37,yes,15
3511,1772415298,2026-03-01T17:34:58,62,38,no,96
3512,1772415298,2026-03-01T17:34:58,62,38,no,50
3513,1772415298,2026-03-01T17:34:58,62,38,no,35
3514,1772415298,2026-03-01T17:34:58,62,38,no,2
3515,1772415298,2026-03-01T17:34:58,62,38,no,100
3516,1772415298,2026-03-01T17:34:58,62,38,no,6
3517,1772415298,2026-03-01T17:34:58,62,38,no,10
3518,1772415298,2026-03-01T17:34:58,62,38,no,5
3519,1772415298,2026-03-01T17:34:58,62,38,no,150
3520,1772415298,2026-03-01T17:34:58,62,38,yes,38
3521,1772415298,2026-03-01T17:34:58,62,38,yes,153
3522,1772415298,2026-03-01T17:34:58,62,38,yes,25
3523,1772415298,2026-03-01T17:34:58,62,38,yes,69
3524,1772415299,2026-03-01T17:34:59,62,38,yes,25
3525,1772415299,2026-03-01T17:34:59,62,38,yes,472
3526,1772415300,2026-03-01T17:35:00,62,38,yes,163
3527,1772415300,2026-03-01T17:35:00,62,38,yes,1766
3528,1772415300,2026-03-01T17:35:00,62,38,yes,1929
3529,1772415300,2026-03-01T17:35:00,62,38,yes,1000
3530,1772415300,2026-03-01T17:35:00,62,38,yes,305
3531,1772415300,2026-03-01T17:35:00,62,38,yes,10
3532,1772415301,2026-03-01T17:35:01,63,37,yes,464
3533,1772415302,2026-03-01T17:35:02,63,37,yes,1928
3534,1772415303,2026-03-01T17:35:03,63,37,yes,3
3535,1772415303,2026-03-01T17:35:03,63,37,yes,309
3536,1772415303,2026-03-01T17:35:03,63,37,yes,1450
3537,1772415303,2026-03-01T17:35:03,63,37,yes,23
3538,1772415303,2026-03-01T17:35:03,63,37,yes,23
3539,1772415304,2026-03-01T17:35:04,63,37,yes,170
3540,1772415304,2026-03-01T17:35:04,63,37,yes,30
3541,1772415305,2026-03-01T17:35:05,63,37,yes,307
3542,1772415305,2026-03-01T17:35:05,63,37,yes,7
3543,1772415306,2026-03-01T17:35:06,63,37,yes,821
3544,1772415306,2026-03-01T17:35:06,63,37,yes,53
3545,1772415306,2026-03-01T17:35:06,63,37,yes,853
3546,1772415307,2026-03-01T17:35:07,63,37,yes,13
3547,1772415307,2026-03-01T17:35:07,63,37,yes,1
3548,1772415307,2026-03-01T17:35:07,63,37,yes,10
3549,1772415307,2026-03-01T17:35:07,63,37,yes,77
3550,1772415307,2026-03-01T17:35:07,63,37,yes,406
3551,1772415307,2026-03-01T17:35:07,63,37,yes,15
3552,1772415307,2026-03-01T17:35:07,63,37,yes,1
3553,1772415308,2026-03-01T17:35:08,63,37,yes,1
3554,1772415308,2026-03-01T17:35:08,63,37,yes,228
3555,1772415308,2026-03-01T17:35:08,63,37,yes,1
3556,1772415308,2026-03-01T17:35:08,63,37,yes,4
3557,1772415309,2026-03-01T17:35:09,63,37,yes,293
3558,1772415309,2026-03-01T17:35:09,63,37,yes,10
3559,1772415310,2026-03-01T17:35:10,62,38,no,1
3560,1772415310,2026-03-01T17:35:10,63,37,yes,100
3561,1772415311,2026-03-01T17:35:11,63,37,yes,23
3562,1772415311,2026-03-01T17:35:11,63,37,yes,153
3563,1772415311,2026-03-01T17:35:11,63,37,yes,500
3564,1772415311,2026-03-01T17:35:11,63,37,yes,100
3565,1772415312,2026-03-01T17:35:12,63,37,yes,1
3566,1772415312,2026-03-01T17:35:12,63,37,yes,38
3567,1772415313,2026-03-01T17:35:13,63,37,yes,23
3568,1772415313,2026-03-01T17:35:13,63,37,yes,77
3569,1772415314,2026-03-01T17:35:14,63,37,yes,13
3570,1772415314,2026-03-01T17:35:14,64,36,yes,15
3571,1772415314,2026-03-01T17:35:14,64,36,yes,61
3572,1772415315,2026-03-01T17:35:15,63,37,no,1
3573,1772415317,2026-03-01T17:35:17,65,35,yes,8
3574,1772415317,2026-03-01T17:35:17,65,35,yes,5
3575,1772415317,2026-03-01T17:35:17,65,35,yes,1
3576,1772415318,2026-03-01T17:35:18,65,35,yes,4
3577,1772415318,2026-03-01T17:35:18,65,35,yes,25
3578,1772415318,2026-03-01T17:35:18,65,35,yes,139
3579,1772415318,2026-03-01T17:35:18,65,35,yes,70
3580,1772415319,2026-03-01T17:35:19,65,35,yes,30
3581,1772415319,2026-03-01T17:35:19,65,35,yes,220
3582,1772415319,2026-03-01T17:35:19,65,35,yes,298
3583,1772415319,2026-03-01T17:35:19,65,35,yes,14
3584,1772415319,2026-03-01T17:35:19,65,35,yes,2
3585,1772415320,2026-03-01T17:35:20,65,35,yes,73
3586,1772415321,2026-03-01T17:35:21,65,35,yes,7
3587,1772415322,2026-03-01T17:35:22,65,35,yes,4
3588,1772415322,2026-03-01T17:35:22,65,35,yes,15
3589,1772415322,2026-03-01T17:35:22,65,35,yes,10
3590,1772415322,2026-03-01T17:35:22,65,35,yes,30
3591,1772415322,2026-03-01T17:35:22,65,35,yes,607
3592,1772415322,2026-03-01T17:35:22,65,35,yes,6
3593,1772415322,2026-03-01T17:35:22,65,35,yes,2407
3594,1772415322,2026-03-01T17:35:22,64,36,no,150
3595,1772415322,2026-03-01T17:35:22,64,36,no,5
3596,1772415322,2026-03-01T17:35:22,63,37,no,88
3597,1772415323,2026-03-01T17:35:23,65,35,yes,14
3598,1772415323,2026-03-01T17:35:23,65,35,yes,300
3599,1772415323,2026-03-01T17:35:23,65,35,yes,22
3600,1772415324,2026-03-01T17:35:24,64,36,yes,74
3601,1772415324,2026-03-01T17:35:24,64,36,yes,151
3602,1772415324,2026-03-01T17:35:24,64,36,yes,2088
3603,1772415325,2026-03-01T17:35:25,64,36,yes,6
3604,1772415325,2026-03-01T17:35:25,65,35,yes,13
3605,1772415326,2026-03-01T17:35:26,66,34,yes,10
3606,1772415326,2026-03-01T17:35:26,66,34,yes,4
3607,1772415326,2026-03-01T17:35:26,66,34,yes,27
3608,1772415326,2026-03-01T17:35:26,65,35,no,1
3609,1772415327,2026-03-01T17:35:27,64,36,no,1
3610,1772415327,2026-03-01T17:35:27,64,36,no,50
3611,1772415327,2026-03-01T17:35:27,64,36,no,5
3612,1772415327,2026-03-01T17:35:27,64,36,no,9
3613,1772415327,2026-03-01T17:35:27,64,36,yes,447
3614,1772415328,2026-03-01T17:35:28,64,36,yes,100
3615,1772415328,2026-03-01T17:35:28,64,36,yes,2
3616,1772415328,2026-03-01T17:35:28,64,36,yes,1214
3617,1772415328,2026-03-01T17:35:28,64,36,yes,1828
3618,1772415328,2026-03-01T17:35:28,64,36,yes,1828
3619,1772415328,2026-03-01T17:35:28,64,36,yes,1828
3620,1772415328,2026-03-01T17:35:28,64,36,yes,1593
3621,1772415329,2026-03-01T17:35:29,64,36,yes,10
3622,1772415329,2026-03-01T17:35:29,65,35,yes,40
3623,1772415329,2026-03-01T17:35:29,65,35,yes,3
3624,1772415329,2026-03-01T17:35:29,65,35,yes,107
3625,1772415329,2026-03-01T17:35:29,65,35,yes,639
3626,1772415330,2026-03-01T17:35:30,65,35,yes,2
3627,1772415331,2026-03-01T17:35:31,65,35,yes,15
3628,1772415332,2026-03-01T17:35:32,65,35,yes,2
3629,1772415332,2026-03-01T17:35:32,65,35,yes,60
3630,1772415333,2026-03-01T17:35:33,65,35,yes,22
3631,1772415333,2026-03-01T17:35:33,65,35,yes,43
3632,1772415333,2026-03-01T17:35:33,64,36,no,6
3633,1772415333,2026-03-01T17:35:33,65,35,yes,45
3634,1772415333,2026-03-01T17:35:33,65,35,yes,100
3635,1772415333,2026-03-01T17:35:33,65,35,yes,3
3636,1772415334,2026-03-01T17:35:34,65,35,yes,30
3637,1772415334,2026-03-01T17:35:34,64,36,no,14
3638,1772415335,2026-03-01T17:35:35,65,35,yes,7
3639,1772415335,2026-03-01T17:35:35,65,35,yes,22
3640,1772415336,2026-03-01T17:35:36,65,35,yes,20
3641,1772415336,2026-03-01T17:35:36,65,35,yes,37
3642,1772415337,2026-03-01T17:35:37,65,35,yes,30
3643,1772415337,2026-03-01T17:35:37,65,35,yes,7
3644,1772415337,2026-03-01T17:35:37,65,35,yes,9
3645,1772415338,2026-03-01T17:35:38,65,35,no,75
3646,1772415339,2026-03-01T17:35:39,66,34,yes,150
3647,1772415341,2026-03-01T17:35:41,67,33,yes,25
3648,1772415341,2026-03-01T17:35:41,67,33,yes,6
3649,1772415341,2026-03-01T17:35:41,67,33,yes,406
3650,1772415343,2026-03-01T17:35:43,67,33,yes,72
3651,1772415343,2026-03-01T17:35:43,67,33,yes,434
3652,1772415343,2026-03-01T17:35:43,67,33,yes,72
3653,1772415343,2026-03-01T17:35:43,67,33,yes,1
3654,1772415344,2026-03-01T17:35:44,66,34,no,6
3655,1772415345,2026-03-01T17:35:45,66,34,no,60
3656,1772415346,2026-03-01T17:35:46,67,33,yes,36
3657,1772415347,2026-03-01T17:35:47,67,33,yes,45
3658,1772415347,2026-03-01T17:35:47,67,33,yes,134
3659,1772415347,2026-03-01T17:35:47,67,33,yes,75
3660,1772415347,2026-03-01T17:35:47,67,33,yes,144
3661,1772415348,2026-03-01T17:35:48,67,33,yes,2
3662,1772415348,2026-03-01T17:35:48,67,33,yes,16
3663,1772415349,2026-03-01T17:35:49,67,33,yes,8
3664,1772415349,2026-03-01T17:35:49,67,33,yes,144
3665,1772415349,2026-03-01T17:35:49,67,33,yes,72
3666,1772415350,2026-03-01T17:35:50,67,33,yes,8
3667,1772415351,2026-03-01T17:35:51,67,33,yes,456
3668,1772415351,2026-03-01T17:35:51,67,33,yes,1160
3669,1772415351,2026-03-01T17:35:51,67,33,yes,1160
3670,1772415351,2026-03-01T17:35:51,67,33,yes,7224
3671,1772415352,2026-03-01T17:35:52,68,32,yes,1
3672,1772415352,2026-03-01T17:35:52,68,32,yes,13
3673,1772415353,2026-03-01T17:35:53,68,32,yes,71
3674,1772415353,2026-03-01T17:35:53,68,32,yes,1
3675,1772415354,2026-03-01T17:35:54,68,32,yes,11
3676,1772415354,2026-03-01T17:35:54,68,32,yes,1
3677,1772415354,2026-03-01T17:35:54,68,32,yes,203
3678,1772415354,2026-03-01T17:35:54,68,32,yes,84
3679,1772415355,2026-03-01T17:35:55,68,32,yes,7
3680,1772415355,2026-03-01T17:35:55,67,33,no,11
3681,1772415355,2026-03-01T17:35:55,68,32,yes,57
3682,1772415355,2026-03-01T17:35:55,68,32,yes,14
3683,1772415356,2026-03-01T17:35:56,68,32,yes,388
3684,1772415357,2026-03-01T17:35:57,68,32,yes,117
3685,1772415357,2026-03-01T17:35:57,68,32,yes,50
3686,1772415357,2026-03-01T17:35:57,68,32,yes,975
3687,1772415357,2026-03-01T17:35:57,68,32,yes,29
3688,1772415357,2026-03-01T17:35:57,68,32,yes,150
3689,1772415357,2026-03-01T17:35:57,68,32,yes,15
3690,1772415357,2026-03-01T17:35:57,68,32,yes,117
3691,1772415358,2026-03-01T17:35:58,67,33,yes,143
3692,1772415359,2026-03-01T17:35:59,67,33,yes,7
3693,1772415361,2026-03-01T17:36:01,67,33,yes,25
3694,1772415361,2026-03-01T17:36:01,67,33,yes,2
3695,1772415361,2026-03-01T17:36:01,67,33,yes,14
3696,1772415362,2026-03-01T17:36:02,67,33,yes,36
3697,1772415362,2026-03-01T17:36:02,66,34,yes,23
3698,1772415362,2026-03-01T17:36:02,67,33,yes,6
3699,1772415362,2026-03-01T17:36:02,67,33,yes,729
3700,1772415362,2026-03-01T17:36:02,67,33,yes,145
3701,1772415362,2026-03-01T17:36:02,67,33,yes,34
3702,1772415363,2026-03-01T17:36:03,67,33,yes,43
3703,1772415363,2026-03-01T17:36:03,67,33,yes,10
3704,1772415364,2026-03-01T17:36:04,67,33,yes,2065
3705,1772415364,2026-03-01T17:36:04,67,33,yes,50
3706,1772415364,2026-03-01T17:36:04,67,33,yes,57
3707,1772415364,2026-03-01T17:36:04,67,33,yes,1448
3708,1772415365,2026-03-01T17:36:05,66,34,no,2
3709,1772415366,2026-03-01T17:36:06,67,33,yes,1
3710,1772415367,2026-03-01T17:36:07,67,33,yes,6000
3711,1772415367,2026-03-01T17:36:07,67,33,yes,1
3712,1772415367,2026-03-01T17:36:07,67,33,yes,1
3713,1772415367,2026-03-01T17:36:07,67,33,yes,207
3714,1772415368,2026-03-01T17:36:08,67,33,yes,72
3715,1772415368,2026-03-01T17:36:08,67,33,yes,5
3716,1772415368,2026-03-01T17:36:08,67,33,yes,10
3717,1772415368,2026-03-01T17:36:08,67,33,yes,1203
3718,1772415368,2026-03-01T17:36:08,67,33,yes,73
3719,1772415368,2026-03-01T17:36:08,67,33,yes,1
3720,1772415369,2026-03-01T17:36:09,67,33,yes,72
3721,1772415370,2026-03-01T17:36:10,67,33,yes,5
3722,1772415370,2026-03-01T17:36:10,67,33,yes,500
3723,1772415371,2026-03-01T17:36:11,67,33,yes,362
3724,1772415372,2026-03-01T17:36:12,67,33,yes,36
3725,1772415372,2026-03-01T17:36:12,67,33,yes,10
3726,1772415372,2026-03-01T17:36:12,67,33,yes,17
3727,1772415372,2026-03-01T17:36:12,67,33,yes,4
3728,1772415373,2026-03-01T17:36:13,67,33,yes,7
3729,1772415373,2026-03-01T17:36:13,67,33,yes,14
3730,1772415373,2026-03-01T17:36:13,67,33,yes,29
3731,1772415373,2026-03-01T17:36:13,67,33,yes,1449
3732,1772415374,2026-03-01T17:36:14,67,33,yes,13
3733,1772415374,2026-03-01T17:36:14,67,33,yes,36
3734,1772415374,2026-03-01T17:36:14,67,33,yes,1
3735,1772415375,2026-03-01T17:36:15,67,33,yes,7
3736,1772415375,2026-03-01T17:36:15,67,33,yes,50
3737,1772415375,2026-03-01T17:36:15,67,33,yes,121
3738,1772415376,2026-03-01T17:36:16,67,33,yes,19
3739,1772415376,2026-03-01T17:36:16,67,33,yes,8461
3740,1772415376,2026-03-01T17:36:16,67,33,yes,1
3741,1772415376,2026-03-01T17:36:16,67,33,yes,58
3742,1772415377,2026-03-01T17:36:17,67,33,yes,145
3743,1772415377,2026-03-01T17:36:17,67,33,yes,144
3744,1772415378,2026-03-01T17:36:18,67,33,yes,72
3745,1772415378,2026-03-01T17:36:18,67,33,yes,13
3746,1772415378,2026-03-01T17:36:18,67,33,yes,36
3747,1772415379,2026-03-01T17:36:19,67,33,yes,289
3748,1772415379,2026-03-01T17:36:19,67,33,yes,87
3749,1772415379,2026-03-01T17:36:19,67,33,yes,500
3750,1772415380,2026-03-01T17:36:20,67,33,yes,362
3751,1772415380,2026-03-01T17:36:20,67,33,yes,1159
3752,1772415380,2026-03-01T17:36:20,66,34,no,2
3753,1772415380,2026-03-01T17:36:20,67,33,yes,29
3754,1772415380,2026-03-01T17:36:20,67,33,yes,14
3755,1772415381,2026-03-01T17:36:21,67,33,yes,2
3756,1772415381,2026-03-01T17:36:21,67,33,yes,3
3757,1772415381,2026-03-01T17:36:21,67,33,yes,652
3758,1772415382,2026-03-01T17:36:22,67,33,yes,291
3759,1772415382,2026-03-01T17:36:22,67,33,yes,17
3760,1772415383,2026-03-01T17:36:23,67,33,yes,20
3761,1772415383,2026-03-01T17:36:23,67,33,yes,1458
3762,1772415383,2026-03-01T17:36:23,67,33,yes,10
3763,1772415383,2026-03-01T17:36:23,67,33,yes,14
3764,1772415383,2026-03-01T17:36:23,67,33,yes,2986
3765,1772415383,2026-03-01T17:36:23,67,33,yes,3259
3766,1772415383,2026-03-01T17:36:23,67,33,yes,3259
3767,1772415383,2026-03-01T17:36:23,67,33,yes,3259
3768,1772415383,2026-03-01T17:36:23,67,33,yes,3259
3769,1772415385,2026-03-01T17:36:25,68,32,yes,1
3770,1772415385,2026-03-01T17:36:25,68,32,yes,17
3771,1772415385,2026-03-01T17:36:25,68,32,yes,20
3772,1772415386,2026-03-01T17:36:26,67,33,no,1093
3773,1772415386,2026-03-01T17:36:26,68,32,yes,14
3774,1772415386,2026-03-01T17:36:26,68,32,yes,28
3775,1772415386,2026-03-01T17:36:26,67,33,no,26
3776,1772415386,2026-03-01T17:36:26,68,32,yes,1
3777,1772415386,2026-03-01T17:36:26,68,32,yes,69
3778,1772415386,2026-03-01T17:36:26,68,32,yes,38
3779,1772415387,2026-03-01T17:36:27,67,33,no,5
3780,1772415387,2026-03-01T17:36:27,68,32,yes,31
3781,1772415388,2026-03-01T17:36:28,68,32,yes,143
3782,1772415388,2026-03-01T17:36:28,68,32,yes,7
3783,1772415388,2026-03-01T17:36:28,68,32,yes,90
3784,1772415389,2026-03-01T17:36:29,68,32,yes,9
3785,1772415389,2026-03-01T17:36:29,68,32,yes,8
3786,1772415389,2026-03-01T17:36:29,68,32,yes,35
3787,1772415389,2026-03-01T17:36:29,68,32,yes,5
3788,1772415390,2026-03-01T17:36:30,68,32,yes,7
3789,1772415390,2026-03-01T17:36:30,68,32,yes,50
3790,1772415391,2026-03-01T17:36:31,68,32,yes,4
3791,1772415391,2026-03-01T17:36:31,67,33,no,128
3792,1772415392,2026-03-01T17:36:32,68,32,yes,3174
3793,1772415392,2026-03-01T17:36:32,68,32,yes,1
3794,1772415392,2026-03-01T17:36:32,68,32,yes,37
3795,1772415393,2026-03-01T17:36:33,68,32,yes,100
3796,1772415393,2026-03-01T17:36:33,68,32,yes,117
3797,1772415393,2026-03-01T17:36:33,68,32,yes,143
3798,1772415393,2026-03-01T17:36:33,67,33,no,100
3799,1772415393,2026-03-01T17:36:33,68,32,yes,32
3800,1772415394,2026-03-01T17:36:34,68,32,yes,142
3801,1772415394,2026-03-01T17:36:34,68,32,yes,51
3802,1772415395,2026-03-01T17:36:35,67,33,no,22626
3803,1772415395,2026-03-01T17:36:35,67,33,yes,81
3804,1772415396,2026-03-01T17:36:36,67,33,yes,500
3805,1772415396,2026-03-01T17:36:36,67,33,yes,17
3806,1772415396,2026-03-01T17:36:36,67,33,yes,72
3807,1772415397,2026-03-01T17:36:37,67,33,yes,72
3808,1772415397,2026-03-01T17:36:37,67,33,yes,12
3809,1772415397,2026-03-01T17:36:37,67,33,yes,5
3810,1772415397,2026-03-01T17:36:37,67,33,yes,70
3811,1772415398,2026-03-01T17:36:38,67,33,yes,17
3812,1772415398,2026-03-01T17:36:38,67,33,yes,14
3813,1772415398,2026-03-01T17:36:38,67,33,yes,147
3814,1772415398,2026-03-01T17:36:38,67,33,yes,36
3815,1772415399,2026-03-01T17:36:39,67,33,yes,65
3816,1772415399,2026-03-01T17:36:39,67,33,yes,933
3817,1772415400,2026-03-01T17:36:40,67,33,yes,13
3818,1772415400,2026-03-01T17:36:40,67,33,yes,10
3819,1772415400,2026-03-01T17:36:40,67,33,yes,20
3820,1772415402,2026-03-01T17:36:42,67,33,yes,10
3821,1772415403,2026-03-01T17:36:43,67,33,yes,400
3822,1772415403,2026-03-01T17:36:43,67,33,yes,51
3823,1772415403,2026-03-01T17:36:43,67,33,yes,14
3824,1772415403,2026-03-01T17:36:43,67,33,yes,16
3825,1772415404,2026-03-01T17:36:44,67,33,yes,21
3826,1772415404,2026-03-01T17:36:44,67,33,yes,36
3827,1772415404,2026-03-01T17:36:44,67,33,yes,144
3828,1772415404,2026-03-01T17:36:44,67,33,yes,28
3829,1772415405,2026-03-01T17:36:45,67,33,yes,14
3830,1772415405,2026-03-01T17:36:45,67,33,yes,108
3831,1772415405,2026-03-01T17:36:45,67,33,yes,472
3832,1772415405,2026-03-01T17:36:45,67,33,yes,32
3833,1772415405,2026-03-01T17:36:45,67,33,yes,36
3834,1772415405,2026-03-01T17:36:45,67,33,yes,1854
3835,1772415405,2026-03-01T17:36:45,67,33,yes,1253
3836,1772415406,2026-03-01T17:36:46,67,33,yes,7
3837,1772415406,2026-03-01T17:36:46,67,33,yes,8
3838,1772415407,2026-03-01T17:36:47,67,33,yes,9
3839,1772415409,2026-03-01T17:36:49,67,33,yes,1
3840,1772415410,2026-03-01T17:36:50,67,33,yes,5
3841,1772415410,2026-03-01T17:36:50,67,33,yes,6
3842,1772415411,2026-03-01T17:36:51,68,32,yes,258
3843,1772415413,2026-03-01T17:36:53,67,33,no,2
3844,1772415414,2026-03-01T17:36:54,68,32,yes,7
3845,1772415416,2026-03-01T17:36:56,68,32,yes,18
3846,1772415416,2026-03-01T17:36:56,69,31,yes,10
3847,1772415418,2026-03-01T17:36:58,69,31,yes,14
3848,1772415419,2026-03-01T17:36:59,69,31,yes,1
3849,1772415419,2026-03-01T17:36:59,69,31,yes,576
3850,1772415419,2026-03-01T17:36:59,69,31,yes,28
3851,1772415420,2026-03-01T17:37:00,69,31,yes,709
3852,1772415420,2026-03-01T17:37:00,69,31,yes,13
3853,1772415421,2026-03-01T17:37:01,69,31,yes,1
3854,1772415421,2026-03-01T17:37:01,69,31,yes,44
3855,1772415422,2026-03-01T17:37:02,69,31,yes,22
3856,1772415422,2026-03-01T17:37:02,69,31,yes,2
3857,1772415422,2026-03-01T17:37:02,69,31,yes,70
3858,1772415422,2026-03-01T17:37:02,69,31,yes,35
3859,1772415423,2026-03-01T17:37:03,69,31,yes,1
3860,1772415424,2026-03-01T17:37:04,68,32,no,100
3861,1772415424,2026-03-01T17:37:04,69,31,yes,42
3862,1772415425,2026-03-01T17:37:05,69,31,yes,132
3863,1772415426,2026-03-01T17:37:06,69,31,yes,92
3864,1772415426,2026-03-01T17:37:06,69,31,yes,10
3865,1772415426,2026-03-01T17:37:06,69,31,yes,14
3866,1772415426,2026-03-01T17:37:06,69,31,yes,49
3867,1772415426,2026-03-01T17:37:06,69,31,yes,140
3868,1772415426,2026-03-01T17:37:06,69,31,yes,352
3869,1772415426,2026-03-01T17:37:06,69,31,yes,5
3870,1772415427,2026-03-01T17:37:07,69,31,yes,35
3871,1772415427,2026-03-01T17:37:07,69,31,yes,20
3872,1772415427,2026-03-01T17:37:07,69,31,yes,3
3873,1772415428,2026-03-01T17:37:08,69,31,yes,140
3874,1772415429,2026-03-01T17:37:09,69,31,yes,20
3875,1772415429,2026-03-01T17:37:09,69,31,yes,28
3876,1772415429,2026-03-01T17:37:09,69,31,yes,140
3877,1772415429,2026-03-01T17:37:09,69,31,yes,40
3878,1772415430,2026-03-01T17:37:10,68,32,no,1
3879,1772415431,2026-03-01T17:37:11,70,30,yes,13
3880,1772415432,2026-03-01T17:37:12,70,30,yes,287
3881,1772415432,2026-03-01T17:37:12,70,30,yes,5
3882,1772415432,2026-03-01T17:37:12,70,30,yes,25
3883,1772415432,2026-03-01T17:37:12,70,30,yes,5
3884,1772415432,2026-03-01T17:37:12,70,30,yes,6
3885,1772415432,2026-03-01T17:37:12,70,30,yes,74
3886,1772415432,2026-03-01T17:37:12,70,30,yes,213
3887,1772415433,2026-03-01T17:37:13,70,30,yes,12
3888,1772415434,2026-03-01T17:37:14,70,30,yes,138
3889,1772415435,2026-03-01T17:37:15,70,30,yes,18
3890,1772415437,2026-03-01T17:37:17,69,31,no,1
3891,1772415437,2026-03-01T17:37:17,70,30,yes,1
3892,1772415437,2026-03-01T17:37:17,70,30,yes,9
3893,1772415438,2026-03-01T17:37:18,70,30,yes,15
3894,1772415438,2026-03-01T17:37:18,70,30,yes,27
3895,1772415438,2026-03-01T17:37:18,70,30,yes,69
3896,1772415439,2026-03-01T17:37:19,70,30,yes,183
3897,1772415439,2026-03-01T17:37:19,70,30,yes,50
3898,1772415439,2026-03-01T17:37:19,69,31,no,96
3899,1772415440,2026-03-01T17:37:20,70,30,yes,34
3900,1772415441,2026-03-01T17:37:21,70,30,yes,11
3901,1772415441,2026-03-01T17:37:21,70,30,yes,5
3902,1772415442,2026-03-01T17:37:22,70,30,yes,155
3903,1772415443,2026-03-01T17:37:23,70,30,yes,16
3904,1772415443,2026-03-01T17:37:23,70,30,yes,69
3905,1772415443,2026-03-01T17:37:23,68,32,no,1000
3906,1772415443,2026-03-01T17:37:23,70,30,yes,191
3907,1772415443,2026-03-01T17:37:23,70,30,yes,7
3908,1772415444,2026-03-01T17:37:24,68,32,no,16
3909,1772415445,2026-03-01T17:37:25,70,30,yes,280
3910,1772415445,2026-03-01T17:37:25,68,32,no,100
3911,1772415446,2026-03-01T17:37:26,70,30,yes,13
3912,1772415446,2026-03-01T17:37:26,70,30,yes,1003
3913,1772415446,2026-03-01T17:37:26,70,30,yes,104
3914,1772415446,2026-03-01T17:37:26,70,30,yes,5
3915,1772415447,2026-03-01T17:37:27,70,30,yes,5
3916,1772415447,2026-03-01T17:37:27,70,30,yes,139
3917,1772415447,2026-03-01T17:37:27,70,30,yes,279
3918,1772415447,2026-03-01T17:37:27,70,30,yes,100
3919,1772415448,2026-03-01T17:37:28,70,30,yes,15
3920,1772415448,2026-03-01T17:37:28,70,30,yes,26
3921,1772415448,2026-03-01T17:37:28,70,30,yes,1000
3922,1772415448,2026-03-01T17:37:28,70,30,yes,8
3923,1772415449,2026-03-01T17:37:29,70,30,yes,2
3924,1772415450,2026-03-01T17:37:30,70,30,yes,6
3925,1772415450,2026-03-01T17:37:30,70,30,yes,13
3926,1772415450,2026-03-01T17:37:30,70,30,yes,20
3927,1772415450,2026-03-01T17:37:30,70,30,yes,277
3928,1772415450,2026-03-01T17:37:30,70,30,yes,138
3929,1772415450,2026-03-01T17:37:30,70,30,yes,97
3930,1772415451,2026-03-01T17:37:31,70,30,yes,139
3931,1772415451,2026-03-01T17:37:31,70,30,yes,2
3932,1772415452,2026-03-01T17:37:32,70,30,yes,13
3933,1772415452,2026-03-01T17:37:32,70,30,yes,1
3934,1772415452,2026-03-01T17:37:32,70,30,yes,72
3935,1772415452,2026-03-01T17:37:32,70,30,yes,55
3936,1772415452,2026-03-01T17:37:32,70,30,yes,12
3937,1772415453,2026-03-01T17:37:33,70,30,yes,27
3938,1772415453,2026-03-01T17:37:33,70,30,yes,5
3939,1772415453,2026-03-01T17:37:33,69,31,yes,104
3940,1772415454,2026-03-01T17:37:34,69,31,yes,4896
3941,1772415454,2026-03-01T17:37:34,70,30,yes,43
3942,1772415454,2026-03-01T17:37:34,70,30,yes,7500
3943,1772415454,2026-03-01T17:37:34,70,30,yes,774
3944,1772415454,2026-03-01T17:37:34,70,30,yes,1787
3945,1772415455,2026-03-01T17:37:35,71,29,yes,34
3946,1772415456,2026-03-01T17:37:36,71,29,yes,70
3947,1772415456,2026-03-01T17:37:36,71,29,yes,9
3948,1772415457,2026-03-01T17:37:37,71,29,yes,102
3949,1772415458,2026-03-01T17:37:38,71,29,yes,338
3950,1772415458,2026-03-01T17:37:38,71,29,yes,121
3951,1772415458,2026-03-01T17:37:38,71,29,yes,4
3952,1772415459,2026-03-01T17:37:39,71,29,yes,730
3953,1772415459,2026-03-01T17:37:39,71,29,yes,13
3954,1772415460,2026-03-01T17:37:40,71,29,yes,41
3955,1772415460,2026-03-01T17:37:40,71,29,yes,63
3956,1772415461,2026-03-01T17:37:41,71,29,yes,75
3957,1772415463,2026-03-01T17:37:43,72,28,yes,2
3958,1772415463,2026-03-01T17:37:43,73,27,yes,4
3959,1772415465,2026-03-01T17:37:45,73,27,yes,9
3960,1772415466,2026-03-01T17:37:46,73,27,yes,2
3961,1772415466,2026-03-01T17:37:46,73,27,yes,44
3962,1772415466,2026-03-01T17:37:46,73,27,yes,138
3963,1772415467,2026-03-01T17:37:47,73,27,yes,336
3964,1772415469,2026-03-01T17:37:49,73,27,yes,2725
3965,1772415469,2026-03-01T17:37:49,73,27,yes,6
3966,1772415469,2026-03-01T17:37:49,73,27,yes,9
3967,1772415469,2026-03-01T17:37:49,73,27,yes,6
3968,1772415469,2026-03-01T17:37:49,72,28,no,5
3969,1772415470,2026-03-01T17:37:50,73,27,yes,134
3970,1772415470,2026-03-01T17:37:50,73,27,yes,199
3971,1772415470,2026-03-01T17:37:50,73,27,yes,100
3972,1772415470,2026-03-01T17:37:50,73,27,yes,533
3973,1772415470,2026-03-01T17:37:50,73,27,yes,211
3974,1772415470,2026-03-01T17:37:50,73,27,yes,133
3975,1772415471,2026-03-01T17:37:51,73,27,yes,66
3976,1772415471,2026-03-01T17:37:51,73,27,yes,134
3977,1772415472,2026-03-01T17:37:52,73,27,yes,53
3978,1772415473,2026-03-01T17:37:53,73,27,yes,1
3979,1772415474,2026-03-01T17:37:54,73,27,yes,53
3980,1772415474,2026-03-01T17:37:54,73,27,yes,672
3981,1772415474,2026-03-01T17:37:54,73,27,yes,66
3982,1772415474,2026-03-01T17:37:54,73,27,yes,50
3983,1772415475,2026-03-01T17:37:55,73,27,yes,8
3984,1772415475,2026-03-01T17:37:55,73,27,yes,93
3985,1772415475,2026-03-01T17:37:55,73,27,yes,50
3986,1772415476,2026-03-01T17:37:56,73,27,yes,541
3987,1772415476,2026-03-01T17:37:56,73,27,yes,102
3988,1772415476,2026-03-01T17:37:56,73,27,yes,10541
3989,1772415476,2026-03-01T17:37:56,73,27,yes,34
3990,1772415477,2026-03-01T17:37:57,73,27,yes,50
3991,1772415477,2026-03-01T17:37:57,73,27,yes,474
3992,1772415478,2026-03-01T17:37:58,73,27,yes,66
3993,1772415478,2026-03-01T17:37:58,73,27,yes,10083
3994,1772415478,2026-03-01T17:37:58,73,27,yes,793
3995,1772415478,2026-03-01T17:37:58,73,27,yes,1
3996,1772415478,2026-03-01T17:37:58,73,27,yes,8
3997,1772415478,2026-03-01T17:37:58,73,27,yes,13
3998,1772415478,2026-03-01T17:37:58,73,27,yes,245
3999,1772415479,2026-03-01T17:37:59,73,27,yes,40
4000,1772415480,2026-03-01T17:38:00,72,28,no,100
4001,1772415481,2026-03-01T17:38:01,73,27,yes,5
4002,1772415482,2026-03-01T17:38:02,73,27,yes,1
4003,1772415482,2026-03-01T17:38:02,73,27,yes,34
4004,1772415483,2026-03-01T17:38:03,72,28,no,406
4005,1772415483,2026-03-01T17:38:03,73,27,yes,115
4006,1772415483,2026-03-01T17:38:03,73,27,yes,1
4007,1772415483,2026-03-01T17:38:03,73,27,yes,117
4008,1772415483,2026-03-01T17:38:03,73,27,yes,4
4009,1772415483,2026-03-01T17:38:03,73,27,yes,201
4010,1772415484,2026-03-01T17:38:04,73,27,yes,10
4011,1772415485,2026-03-01T17:38:05,73,27,yes,545
4012,1772415485,2026-03-01T17:38:05,73,27,yes,2322
4013,1772415485,2026-03-01T17:38:05,73,27,yes,328
4014,1772415485,2026-03-01T17:38:05,74,26,yes,29
4015,1772415486,2026-03-01T17:38:06,74,26,yes,33
4016,1772415489,2026-03-01T17:38:09,74,26,yes,138
4017,1772415489,2026-03-01T17:38:09,74,26,yes,16
4018,1772415489,2026-03-01T17:38:09,74,26,yes,3199
4019,1772415489,2026-03-01T17:38:09,74,26,yes,594
4020,1772415489,2026-03-01T17:38:09,74,26,yes,20
4021,1772415489,2026-03-01T17:38:09,74,26,yes,25
4022,1772415489,2026-03-01T17:38:09,74,26,yes,1
4023,1772415490,2026-03-01T17:38:10,74,26,yes,72
4024,1772415490,2026-03-01T17:38:10,72,28,no,66
4025,1772415490,2026-03-01T17:38:10,74,26,yes,25
4026,1772415490,2026-03-01T17:38:10,74,26,yes,38
4027,1772415490,2026-03-01T17:38:10,74,26,yes,389
4028,1772415490,2026-03-01T17:38:10,74,26,yes,1
4029,1772415491,2026-03-01T17:38:11,74,26,yes,6
4030,1772415491,2026-03-01T17:38:11,74,26,yes,2
4031,1772415491,2026-03-01T17:38:11,74,26,yes,19
4032,1772415491,2026-03-01T17:38:11,74,26,yes,35
4033,1772415492,2026-03-01T17:38:12,74,26,yes,87
4034,1772415492,2026-03-01T17:38:12,74,26,yes,4913
4035,1772415493,2026-03-01T17:38:13,74,26,yes,8
4036,1772415494,2026-03-01T17:38:14,74,26,yes,72
4037,1772415495,2026-03-01T17:38:15,74,26,yes,1
4038,1772415495,2026-03-01T17:38:15,72,28,no,15
4039,1772415495,2026-03-01T17:38:15,74,26,yes,20
4040,1772415496,2026-03-01T17:38:16,74,26,yes,13
4041,1772415496,2026-03-01T17:38:16,74,26,yes,53
4042,1772415497,2026-03-01T17:38:17,74,26,yes,11
4043,1772415497,2026-03-01T17:38:17,74,26,yes,328
4044,1772415498,2026-03-01T17:38:18,74,26,yes,5
4045,1772415499,2026-03-01T17:38:19,72,28,no,199
4046,1772415499,2026-03-01T17:38:19,74,26,yes,13
4047,1772415501,2026-03-01T17:38:21,74,26,yes,14
4048,1772415502,2026-03-01T17:38:22,74,26,yes,27
4049,1772415503,2026-03-01T17:38:23,72,28,no,100
4050,1772415503,2026-03-01T17:38:23,73,27,yes,3
4051,1772415503,2026-03-01T17:38:23,73,27,yes,5
4052,1772415504,2026-03-01T17:38:24,73,27,yes,2
4053,1772415504,2026-03-01T17:38:24,74,26,yes,48
4054,1772415505,2026-03-01T17:38:25,74,26,yes,79
4055,1772415506,2026-03-01T17:38:26,72,28,no,5
4056,1772415506,2026-03-01T17:38:26,72,28,no,150
4057,1772415506,2026-03-01T17:38:26,72,28,no,55
4058,1772415506,2026-03-01T17:38:26,72,28,no,176
4059,1772415506,2026-03-01T17:38:26,74,26,yes,34
4060,1772415507,2026-03-01T17:38:27,74,26,yes,2
4061,1772415507,2026-03-01T17:38:27,74,26,yes,3
4062,1772415507,2026-03-01T17:38:27,74,26,yes,1
4063,1772415507,2026-03-01T17:38:27,72,28,no,10
4064,1772415508,2026-03-01T17:38:28,74,26,yes,1
4065,1772415508,2026-03-01T17:38:28,74,26,yes,32
4066,1772415508,2026-03-01T17:38:28,74,26,yes,1
4067,1772415508,2026-03-01T17:38:28,74,26,yes,10
4068,1772415509,2026-03-01T17:38:29,74,26,yes,3000
4069,1772415509,2026-03-01T17:38:29,74,26,yes,103
4070,1772415510,2026-03-01T17:38:30,73,27,no,15
4071,1772415510,2026-03-01T17:38:30,73,27,no,5
4072,1772415510,2026-03-01T17:38:30,72,28,no,480
4073,1772415510,2026-03-01T17:38:30,74,26,yes,263
4074,1772415511,2026-03-01T17:38:31,74,26,yes,13
4075,1772415511,2026-03-01T17:38:31,74,26,yes,1061
4076,1772415511,2026-03-01T17:38:31,74,26,yes,33
4077,1772415512,2026-03-01T17:38:32,74,26,yes,10
4078,1772415512,2026-03-01T17:38:32,74,26,yes,66
4079,1772415514,2026-03-01T17:38:34,74,26,yes,66
4080,1772415514,2026-03-01T17:38:34,74,26,yes,331
4081,1772415514,2026-03-01T17:38:34,74,26,yes,32
4082,1772415514,2026-03-01T17:38:34,74,26,yes,2
4083,1772415515,2026-03-01T17:38:35,72,28,no,3
4084,1772415515,2026-03-01T17:38:35,72,28,no,55
4085,1772415515,2026-03-01T17:38:35,72,28,no,2
4086,1772415515,2026-03-01T17:38:35,72,28,no,1
4087,1772415518,2026-03-01T17:38:38,74,26,yes,53
4088,1772415518,2026-03-01T17:38:38,74,26,yes,328
4089,1772415519,2026-03-01T17:38:39,74,26,yes,1622
4090,1772415519,2026-03-01T17:38:39,74,26,yes,53
4091,1772415519,2026-03-01T17:38:39,74,26,yes,26
4092,1772415521,2026-03-01T17:38:41,74,26,yes,650
4093,1772415521,2026-03-01T17:38:41,74,26,yes,260
4094,1772415521,2026-03-01T17:38:41,72,28,no,5
4095,1772415521,2026-03-01T17:38:41,72,28,no,55
4096,1772415521,2026-03-01T17:38:41,72,28,no,26
4097,1772415521,2026-03-01T17:38:41,72,28,no,14
4098,1772415521,2026-03-01T17:38:41,74,26,yes,13
4099,1772415523,2026-03-01T17:38:43,74,26,yes,11
4100,1772415524,2026-03-01T17:38:44,74,26,yes,26
4101,1772415525,2026-03-01T17:38:45,74,26,yes,9
4102,1772415525,2026-03-01T17:38:45,74,26,yes,2
4103,1772415526,2026-03-01T17:38:46,74,26,yes,369
4104,1772415526,2026-03-01T17:38:46,72,28,no,5
4105,1772415526,2026-03-01T17:38:46,72,28,no,55
4106,1772415526,2026-03-01T17:38:46,72,28,yes,1
4107,1772415528,2026-03-01T17:38:48,72,28,yes,59
4108,1772415528,2026-03-01T17:38:48,73,27,yes,49
4109,1772415530,2026-03-01T17:38:50,74,26,yes,1
4110,1772415530,2026-03-01T17:38:50,74,26,yes,32
4111,1772415530,2026-03-01T17:38:50,74,26,yes,33
4112,1772415530,2026-03-01T17:38:50,74,26,yes,135
4113,1772415530,2026-03-01T17:38:50,74,26,yes,522
4114,1772415531,2026-03-01T17:38:51,74,26,yes,37
4115,1772415532,2026-03-01T17:38:52,74,26,yes,13
4116,1772415533,2026-03-01T17:38:53,74,26,yes,398
4117,1772415534,2026-03-01T17:38:54,74,26,yes,5
4118,1772415534,2026-03-01T17:38:54,73,27,no,77
4119,1772415534,2026-03-01T17:38:54,74,26,yes,131
4120,1772415535,2026-03-01T17:38:55,74,26,yes,354
4121,1772415536,2026-03-01T17:38:56,74,26,yes,32
4122,1772415536,2026-03-01T17:38:56,74,26,yes,65
4123,1772415536,2026-03-01T17:38:56,74,26,yes,806
4124,1772415536,2026-03-01T17:38:56,74,26,yes,200
4125,1772415536,2026-03-01T17:38:56,74,26,yes,8204
4126,1772415536,2026-03-01T17:38:56,74,26,yes,230
4127,1772415537,2026-03-01T17:38:57,74,26,yes,1178
4128,1772415538,2026-03-01T17:38:58,74,26,yes,15
4129,1772415539,2026-03-01T17:38:59,74,26,yes,504
4130,1772415540,2026-03-01T17:39:00,74,26,yes,26
4131,1772415541,2026-03-01T17:39:01,74,26,yes,6
4132,1772415541,2026-03-01T17:39:01,73,27,no,173
4133,1772415542,2026-03-01T17:39:02,73,27,no,1253
4134,1772415542,2026-03-01T17:39:02,73,27,no,186
4135,1772415542,2026-03-01T17:39:02,74,26,yes,897
4136,1772415542,2026-03-01T17:39:02,73,27,no,250
4137,1772415542,2026-03-01T17:39:02,74,26,yes,1
4138,1772415544,2026-03-01T17:39:04,73,27,yes,46
4139,1772415545,2026-03-01T17:39:05,73,27,yes,46
4140,1772415546,2026-03-01T17:39:06,73,27,yes,133
4141,1772415546,2026-03-01T17:39:06,73,27,yes,25
4142,1772415546,2026-03-01T17:39:06,74,26,yes,15
4143,1772415547,2026-03-01T17:39:07,74,26,yes,26
4144,1772415548,2026-03-01T17:39:08,74,26,yes,260
4145,1772415549,2026-03-01T17:39:09,74,26,yes,65
4146,1772415549,2026-03-01T17:39:09,74,26,yes,91
4147,1772415550,2026-03-01T17:39:10,74,26,yes,25
4148,1772415550,2026-03-01T17:39:10,72,28,no,55
4149,1772415550,2026-03-01T17:39:10,72,28,no,5
4150,1772415550,2026-03-01T17:39:10,71,29,no,10
4151,1772415550,2026-03-01T17:39:10,71,29,no,5
4152,1772415550,2026-03-01T17:39:10,71,29,no,3
4153,1772415550,2026-03-01T17:39:10,71,29,yes,42
4154,1772415551,2026-03-01T17:39:11,71,29,yes,69
4155,1772415551,2026-03-01T17:39:11,71,29,yes,13
4156,1772415551,2026-03-01T17:39:11,71,29,yes,12
4157,1772415552,2026-03-01T17:39:12,71,29,yes,38
4158,1772415552,2026-03-01T17:39:12,70,30,no,27
4159,1772415552,2026-03-01T17:39:12,71,29,yes,46
4160,1772415552,2026-03-01T17:39:12,71,29,yes,25
4161,1772415553,2026-03-01T17:39:13,71,29,yes,205
4162,1772415554,2026-03-01T17:39:14,71,29,yes,34
4163,1772415554,2026-03-01T17:39:14,71,29,yes,36
4164,1772415554,2026-03-01T17:39:14,71,29,yes,20
4165,1772415554,2026-03-01T17:39:14,71,29,yes,11
4166,1772415554,2026-03-01T17:39:14,71,29,yes,2614
4167,1772415554,2026-03-01T17:39:14,71,29,yes,386
4168,1772415554,2026-03-01T17:39:14,71,29,yes,2
4169,1772415554,2026-03-01T17:39:14,71,29,yes,96
4170,1772415555,2026-03-01T17:39:15,71,29,yes,1369
4171,1772415555,2026-03-01T17:39:15,71,29,yes,34
4172,1772415556,2026-03-01T17:39:16,71,29,yes,16
4173,1772415557,2026-03-01T17:39:17,71,29,yes,1380
4174,1772415557,2026-03-01T17:39:17,71,29,yes,1
4175,1772415557,2026-03-01T17:39:17,71,29,yes,123
4176,1772415558,2026-03-01T17:39:18,71,29,yes,20
4177,1772415558,2026-03-01T17:39:18,71,29,yes,48
4178,1772415559,2026-03-01T17:39:19,71,29,yes,1
4179,1772415559,2026-03-01T17:39:19,71,29,yes,4
4180,1772415560,2026-03-01T17:39:20,70,30,no,73
4181,1772415560,2026-03-01T17:39:20,70,30,no,1
4182,1772415560,2026-03-01T17:39:20,70,30,no,120
4183,1772415560,2026-03-01T17:39:20,70,30,no,1072
4184,1772415560,2026-03-01T17:39:20,70,30,yes,13
4185,1772415561,2026-03-01T17:39:21,70,30,yes,1887
4186,1772415561,2026-03-01T17:39:21,70,30,yes,4
4187,1772415561,2026-03-01T17:39:21,70,30,yes,3166
4188,1772415561,2026-03-01T17:39:21,70,30,yes,8175
4189,1772415561,2026-03-01T17:39:21,70,30,yes,821
4190,1772415562,2026-03-01T17:39:22,70,30,yes,13
4191,1772415562,2026-03-01T17:39:22,70,30,yes,71
4192,1772415563,2026-03-01T17:39:23,70,30,yes,44
4193,1772415563,2026-03-01T17:39:23,70,30,yes,1
4194,1772415564,2026-03-01T17:39:24,70,30,yes,2
4195,1772415564,2026-03-01T17:39:24,69,31,no,763
4196,1772415565,2026-03-01T17:39:25,70,30,yes,5
4197,1772415565,2026-03-01T17:39:25,70,30,yes,91
4198,1772415565,2026-03-01T17:39:25,70,30,yes,69
4199,1772415565,2026-03-01T17:39:25,69,31,no,1
4200,1772415566,2026-03-01T17:39:26,70,30,yes,1399
4201,1772415566,2026-03-01T17:39:26,70,30,yes,298
4202,1772415567,2026-03-01T17:39:27,70,30,yes,10
4203,1772415567,2026-03-01T17:39:27,69,31,no,2
4204,1772415567,2026-03-01T17:39:27,69,31,no,56
4205,1772415569,2026-03-01T17:39:29,69,31,yes,100
4206,1772415569,2026-03-01T17:39:29,70,30,yes,250
4207,1772415569,2026-03-01T17:39:29,70,30,yes,416
4208,1772415569,2026-03-01T17:39:29,70,30,yes,11
4209,1772415570,2026-03-01T17:39:30,70,30,yes,20
4210,1772415571,2026-03-01T17:39:31,70,30,yes,277
4211,1772415572,2026-03-01T17:39:32,70,30,yes,300
4212,1772415574,2026-03-01T17:39:34,70,30,yes,2
4213,1772415574,2026-03-01T17:39:34,70,30,yes,59
4214,1772415574,2026-03-01T17:39:34,70,30,yes,277
4215,1772415574,2026-03-01T17:39:34,70,30,yes,1
4216,1772415577,2026-03-01T17:39:37,70,30,yes,133
4217,1772415578,2026-03-01T17:39:38,68,32,no,35
4218,1772415578,2026-03-01T17:39:38,70,30,yes,10
4219,1772415578,2026-03-01T17:39:38,70,30,yes,1
4220,1772415580,2026-03-01T17:39:40,69,31,no,200
4221,1772415580,2026-03-01T17:39:40,68,32,no,1848
4222,1772415580,2026-03-01T17:39:40,68,32,no,1
4223,1772415580,2026-03-01T17:39:40,68,32,no,934
4224,1772415580,2026-03-01T17:39:40,70,30,yes,69
4225,1772415581,2026-03-01T17:39:41,69,31,yes,104
4226,1772415581,2026-03-01T17:39:41,69,31,yes,1
4227,1772415581,2026-03-01T17:39:41,69,31,yes,400
4228,1772415582,2026-03-01T17:39:42,69,31,yes,138
4229,1772415582,2026-03-01T17:39:42,69,31,yes,62
4230,1772415583,2026-03-01T17:39:43,69,31,yes,126
4231,1772415584,2026-03-01T17:39:44,69,31,yes,87
4232,1772415585,2026-03-01T17:39:45,69,31,yes,138
4233,1772415585,2026-03-01T17:39:45,69,31,yes,14
4234,1772415586,2026-03-01T17:39:46,69,31,yes,70
4235,1772415586,2026-03-01T17:39:46,69,31,yes,57
4236,1772415586,2026-03-01T17:39:46,69,31,yes,15
4237,1772415587,2026-03-01T17:39:47,69,31,yes,9
4238,1772415587,2026-03-01T17:39:47,69,31,yes,1
4239,1772415588,2026-03-01T17:39:48,69,31,yes,9
4240,1772415588,2026-03-01T17:39:48,69,31,yes,25
4241,1772415588,2026-03-01T17:39:48,69,31,yes,638
4242,1772415588,2026-03-01T17:39:48,69,31,yes,35
4243,1772415588,2026-03-01T17:39:48,69,31,yes,42
4244,1772415590,2026-03-01T17:39:50,69,31,yes,70
4245,1772415590,2026-03-01T17:39:50,69,31,yes,35
4246,1772415590,2026-03-01T17:39:50,68,32,no,1
4247,1772415590,2026-03-01T17:39:50,68,32,no,1
4248,1772415590,2026-03-01T17:39:50,68,32,no,51
4249,1772415591,2026-03-01T17:39:51,69,31,yes,98
4250,1772415591,2026-03-01T17:39:51,69,31,yes,42
4251,1772415591,2026-03-01T17:39:51,69,31,yes,140
4252,1772415592,2026-03-01T17:39:52,69,31,yes,13
4253,1772415592,2026-03-01T17:39:52,69,31,yes,14
4254,1772415592,2026-03-01T17:39:52,69,31,yes,3
4255,1772415595,2026-03-01T17:39:55,69,31,yes,500
4256,1772415595,2026-03-01T17:39:55,70,30,yes,12
4257,1772415597,2026-03-01T17:39:57,70,30,yes,102
4258,1772415597,2026-03-01T17:39:57,70,30,yes,15
4259,1772415598,2026-03-01T17:39:58,70,30,yes,53
4260,1772415598,2026-03-01T17:39:58,70,30,yes,1
4261,1772415598,2026-03-01T17:39:58,70,30,yes,135
4262,1772415599,2026-03-01T17:39:59,70,30,yes,740
4263,1772415599,2026-03-01T17:39:59,70,30,yes,104
4264,1772415600,2026-03-01T17:40:00,70,30,yes,114
4265,1772415600,2026-03-01T17:40:00,70,30,yes,749
4266,1772415601,2026-03-01T17:40:01,70,30,yes,198
4267,1772415601,2026-03-01T17:40:01,70,30,yes,960
4268,1772415601,2026-03-01T17:40:01,70,30,yes,19
4269,1772415602,2026-03-01T17:40:02,70,30,yes,41
4270,1772415602,2026-03-01T17:40:02,70,30,yes,139
4271,1772415602,2026-03-01T17:40:02,70,30,yes,13
4272,1772415602,2026-03-01T17:40:02,70,30,yes,349
4273,1772415603,2026-03-01T17:40:03,70,30,yes,62
4274,1772415603,2026-03-01T17:40:03,70,30,yes,6
4275,1772415603,2026-03-01T17:40:03,70,30,yes,30
4276,1772415604,2026-03-01T17:40:04,70,30,yes,6
4277,1772415604,2026-03-01T17:40:04,70,30,yes,34
4278,1772415605,2026-03-01T17:40:05,70,30,yes,13
4279,1772415605,2026-03-01T17:40:05,70,30,yes,139
4280,1772415605,2026-03-01T17:40:05,70,30,yes,208
4281,1772415605,2026-03-01T17:40:05,70,30,yes,500
4282,1772415606,2026-03-01T17:40:06,69,31,no,1
4283,1772415606,2026-03-01T17:40:06,70,30,yes,833
4284,1772415606,2026-03-01T17:40:06,70,30,yes,1
4285,1772415607,2026-03-01T17:40:07,70,30,yes,11
4286,1772415608,2026-03-01T17:40:08,70,30,yes,198
4287,1772415608,2026-03-01T17:40:08,69,31,no,19
4288,1772415609,2026-03-01T17:40:09,70,30,yes,350
4289,1772415609,2026-03-01T17:40:09,70,30,yes,2
4290,1772415610,2026-03-01T17:40:10,70,30,yes,1
4291,1772415611,2026-03-01T17:40:11,70,30,yes,125
4292,1772415611,2026-03-01T17:40:11,70,30,yes,27
4293,1772415611,2026-03-01T17:40:11,70,30,yes,64
4294,1772415611,2026-03-01T17:40:11,70,30,yes,5
4295,1772415612,2026-03-01T17:40:12,70,30,yes,30
4296,1772415612,2026-03-01T17:40:12,70,30,yes,55
4297,1772415612,2026-03-01T17:40:12,70,30,yes,41
4298,1772415612,2026-03-01T17:40:12,69,31,no,6
4299,1772415612,2026-03-01T17:40:12,69,31,no,222
4300,1772415613,2026-03-01T17:40:13,70,30,yes,41
4301,1772415613,2026-03-01T17:40:13,70,30,yes,100
4302,1772415614,2026-03-01T17:40:14,70,30,yes,4
4303,1772415614,2026-03-01T17:40:14,70,30,yes,24
4304,1772415615,2026-03-01T17:40:15,69,31,no,5
4305,1772415616,2026-03-01T17:40:16,70,30,yes,699
4306,1772415617,2026-03-01T17:40:17,70,30,yes,72
4307,1772415617,2026-03-01T17:40:17,70,30,yes,11
4308,1772415618,2026-03-01T17:40:18,70,30,yes,6
4309,1772415618,2026-03-01T17:40:18,70,30,yes,10
4310,1772415618,2026-03-01T17:40:18,70,30,yes,9
4311,1772415619,2026-03-01T17:40:19,70,30,yes,1200
4312,1772415619,2026-03-01T17:40:19,70,30,yes,100
4313,1772415619,2026-03-01T17:40:19,70,30,yes,39
4314,1772415620,2026-03-01T17:40:20,70,30,yes,7
4315,1772415620,2026-03-01T17:40:20,70,30,yes,3
4316,1772415622,2026-03-01T17:40:22,70,30,yes,19
4317,1772415622,2026-03-01T17:40:22,70,30,yes,69
4318,1772415625,2026-03-01T17:40:25,70,30,yes,232
4319,1772415625,2026-03-01T17:40:25,70,30,yes,69
4320,1772415625,2026-03-01T17:40:25,70,30,yes,120
4321,1772415626,2026-03-01T17:40:26,70,30,yes,69
4322,1772415626,2026-03-01T17:40:26,70,30,yes,139
4323,1772415626,2026-03-01T17:40:26,70,30,yes,10
4324,1772415626,2026-03-01T17:40:26,70,30,yes,60
4325,1772415626,2026-03-01T17:40:26,70,30,yes,34
4326,1772415627,2026-03-01T17:40:27,70,30,yes,2
4327,1772415627,2026-03-01T17:40:27,70,30,yes,23
4328,1772415628,2026-03-01T17:40:28,70,30,yes,138
4329,1772415628,2026-03-01T17:40:28,70,30,yes,1000
4330,1772415629,2026-03-01T17:40:29,70,30,yes,333
4331,1772415630,2026-03-01T17:40:30,70,30,yes,27
4332,1772415630,2026-03-01T17:40:30,70,30,yes,1
4333,1772415631,2026-03-01T17:40:31,70,30,yes,1
4334,1772415632,2026-03-01T17:40:32,70,30,yes,139
4335,1772415632,2026-03-01T17:40:32,70,30,yes,13
4336,1772415632,2026-03-01T17:40:32,70,30,yes,5
4337,1772415633,2026-03-01T17:40:33,70,30,yes,2
4338,1772415634,2026-03-01T17:40:34,70,30,yes,3331
4339,1772415634,2026-03-01T17:40:34,70,30,yes,62
4340,1772415634,2026-03-01T17:40:34,70,30,yes,100
4341,1772415635,2026-03-01T17:40:35,70,30,yes,33
4342,1772415635,2026-03-01T17:40:35,70,30,yes,40
4343,1772415635,2026-03-01T17:40:35,70,30,yes,6
4344,1772415635,2026-03-01T17:40:35,70,30,yes,35
4345,1772415635,2026-03-01T17:40:35,70,30,yes,347
4346,1772415636,2026-03-01T17:40:36,70,30,yes,8
4347,1772415636,2026-03-01T17:40:36,69,31,no,378
4348,1772415637,2026-03-01T17:40:37,70,30,yes,41
4349,1772415637,2026-03-01T17:40:37,70,30,yes,81
4350,1772415638,2026-03-01T17:40:38,70,30,yes,1406
4351,1772415638,2026-03-01T17:40:38,70,30,yes,8
4352,1772415639,2026-03-01T17:40:39,70,30,yes,12
4353,1772415640,2026-03-01T17:40:40,69,31,no,3
4354,1772415640,2026-03-01T17:40:40,70,30,yes,2
4355,1772415641,2026-03-01T17:40:41,70,30,yes,27
4356,1772415642,2026-03-01T17:40:42,70,30,yes,36
4357,1772415646,2026-03-01T17:40:46,70,30,yes,1
4358,1772415647,2026-03-01T17:40:47,70,30,yes,34
4359,1772415647,2026-03-01T17:40:47,70,30,yes,100
4360,1772415648,2026-03-01T17:40:48,70,30,yes,586
4361,1772415648,2026-03-01T17:40:48,70,30,yes,75
4362,1772415651,2026-03-01T17:40:51,70,30,yes,136
4363,1772415652,2026-03-01T17:40:52,70,30,yes,6
4364,1772415653,2026-03-01T17:40:53,70,30,yes,69
4365,1772415654,2026-03-01T17:40:54,70,30,yes,69
4366,1772415655,2026-03-01T17:40:55,70,30,yes,6
4367,1772415656,2026-03-01T17:40:56,70,30,yes,11
4368,1772415657,2026-03-01T17:40:57,70,30,yes,200
4369,1772415660,2026-03-01T17:41:00,70,30,yes,33
4370,1772415660,2026-03-01T17:41:00,70,30,yes,69
4371,1772415660,2026-03-01T17:41:00,70,30,yes,1
4372,1772415661,2026-03-01T17:41:01,70,30,yes,279
4373,1772415661,2026-03-01T17:41:01,70,30,yes,34
4374,1772415661,2026-03-01T17:41:01,70,30,yes,115
4375,1772415661,2026-03-01T17:41:01,70,30,yes,1
4376,1772415663,2026-03-01T17:41:03,70,30,yes,16
4377,1772415665,2026-03-01T17:41:05,70,30,yes,1387
4378,1772415666,2026-03-01T17:41:06,70,30,yes,139
4379,1772415666,2026-03-01T17:41:06,70,30,yes,370
4380,1772415667,2026-03-01T17:41:07,70,30,yes,800
4381,1772415667,2026-03-01T17:41:07,70,30,yes,114
4382,1772415667,2026-03-01T17:41:07,70,30,yes,111
4383,1772415668,2026-03-01T17:41:08,70,30,yes,104
4384,1772415668,2026-03-01T17:41:08,70,30,yes,2
4385,1772415669,2026-03-01T17:41:09,70,30,yes,6
4386,1772415669,2026-03-01T17:41:09,70,30,yes,6450
4387,1772415669,2026-03-01T17:41:09,70,30,yes,6
4388,1772415670,2026-03-01T17:41:10,70,30,yes,1
4389,1772415671,2026-03-01T17:41:11,70,30,yes,13
4390,1772415671,2026-03-01T17:41:11,70,30,yes,41
4391,1772415672,2026-03-01T17:41:12,70,30,yes,104
4392,1772415674,2026-03-01T17:41:14,70,30,yes,503
4393,1772415675,2026-03-01T17:41:15,70,30,yes,50
4394,1772415676,2026-03-01T17:41:16,70,30,yes,1
4395,1772415677,2026-03-01T17:41:17,70,30,yes,2
4396,1772415678,2026-03-01T17:41:18,70,30,yes,69
4397,1772415678,2026-03-01T17:41:18,70,30,yes,62
4398,1772415678,2026-03-01T17:41:18,69,31,no,731
4399,1772415678,2026-03-01T17:41:18,70,30,yes,6
4400,1772415680,2026-03-01T17:41:20,70,30,yes,18
4401,1772415681,2026-03-01T17:41:21,70,30,yes,20
4402,1772415681,2026-03-01T17:41:21,70,30,yes,200
4403,1772415682,2026-03-01T17:41:22,70,30,yes,531
4404,1772415683,2026-03-01T17:41:23,70,30,yes,27
4405,1772415684,2026-03-01T17:41:24,70,30,yes,4
4406,1772415684,2026-03-01T17:41:24,69,31,no,478
4407,1772415685,2026-03-01T17:41:25,70,30,yes,27
4408,1772415685,2026-03-01T17:41:25,70,30,yes,15
4409,1772415685,2026-03-01T17:41:25,70,30,yes,19
4410,1772415685,2026-03-01T17:41:25,70,30,yes,1
4411,1772415686,2026-03-01T17:41:26,70,30,yes,7
4412,1772415686,2026-03-01T17:41:26,70,30,yes,26
4413,1772415687,2026-03-01T17:41:27,70,30,yes,27
4414,1772415687,2026-03-01T17:41:27,70,30,yes,1383
4415,1772415689,2026-03-01T17:41:29,70,30,yes,2384
4416,1772415689,2026-03-01T17:41:29,70,30,yes,6643
4417,1772415689,2026-03-01T17:41:29,70,30,yes,58
4418,1772415690,2026-03-01T17:41:30,70,30,yes,25
4419,1772415691,2026-03-01T17:41:31,69,31,no,100
4420,1772415692,2026-03-01T17:41:32,70,30,yes,13
4421,1772415693,2026-03-01T17:41:33,70,30,yes,505
4422,1772415694,2026-03-01T17:41:34,70,30,yes,27
4423,1772415694,2026-03-01T17:41:34,70,30,yes,104
4424,1772415695,2026-03-01T17:41:35,70,30,yes,20
4425,1772415695,2026-03-01T17:41:35,70,30,yes,2
4426,1772415696,2026-03-01T17:41:36,70,30,yes,16
4427,1772415696,2026-03-01T17:41:36,69,31,no,2
4428,1772415696,2026-03-01T17:41:36,70,30,yes,2
4429,1772415696,2026-03-01T17:41:36,70,30,yes,13
4430,1772415697,2026-03-01T17:41:37,70,30,yes,1
4431,1772415697,2026-03-01T17:41:37,70,30,yes,34
4432,1772415698,2026-03-01T17:41:38,70,30,yes,159
4433,1772415699,2026-03-01T17:41:39,70,30,yes,188
4434,1772415701,2026-03-01T17:41:41,70,30,yes,111
4435,1772415701,2026-03-01T17:41:41,70,30,yes,1
4436,1772415701,2026-03-01T17:41:41,70,30,yes,34
4437,1772415701,2026-03-01T17:41:41,70,30,yes,6
4438,1772415702,2026-03-01T17:41:42,70,30,yes,65
4439,1772415702,2026-03-01T17:41:42,70,30,yes,67
4440,1772415703,2026-03-01T17:41:43,70,30,yes,10
4441,1772415704,2026-03-01T17:41:44,70,30,yes,20
4442,1772415706,2026-03-01T17:41:46,70,30,yes,1
4443,1772415707,2026-03-01T17:41:47,70,30,yes,34
4444,1772415707,2026-03-01T17:41:47,69,31,no,23
4445,1772415707,2026-03-01T17:41:47,70,30,yes,139
4446,1772415708,2026-03-01T17:41:48,70,30,yes,1000
4447,1772415708,2026-03-01T17:41:48,70,30,yes,100
4448,1772415709,2026-03-01T17:41:49,70,30,yes,419
4449,1772415709,2026-03-01T17:41:49,70,30,yes,32
4450,1772415709,2026-03-01T17:41:49,70,30,yes,69
4451,1772415712,2026-03-01T17:41:52,70,30,yes,13
4452,1772415714,2026-03-01T17:41:54,70,30,yes,8
4453,1772415714,2026-03-01T17:41:54,70,30,yes,41
4454,1772415714,2026-03-01T17:41:54,70,30,yes,4
4455,1772415717,2026-03-01T17:41:57,70,30,yes,15
4456,1772415722,2026-03-01T17:42:02,70,30,yes,1
4457,1772415723,2026-03-01T17:42:03,70,30,yes,1
4458,1772415724,2026-03-01T17:42:04,70,30,yes,61
4459,1772415724,2026-03-01T17:42:04,70,30,yes,13
4460,1772415724,2026-03-01T17:42:04,70,30,yes,139
4461,1772415725,2026-03-01T17:42:05,70,30,yes,4
4462,1772415726,2026-03-01T17:42:06,70,30,yes,6
4463,1772415727,2026-03-01T17:42:07,70,30,yes,100
4464,1772415727,2026-03-01T17:42:07,70,30,yes,7
4465,1772415728,2026-03-01T17:42:08,70,30,yes,62
4466,1772415730,2026-03-01T17:42:10,70,30,yes,300
4467,1772415730,2026-03-01T17:42:10,69,31,no,41
4468,1772415730,2026-03-01T17:42:10,70,30,yes,6
4469,1772415733,2026-03-01T17:42:13,70,30,yes,34
4470,1772415733,2026-03-01T17:42:13,70,30,yes,149
4471,1772415735,2026-03-01T17:42:15,70,30,yes,101
4472,1772415736,2026-03-01T17:42:16,70,30,yes,1
4473,1772415736,2026-03-01T17:42:16,70,30,yes,625
4474,1772415737,2026-03-01T17:42:17,70,30,yes,347
4475,1772415737,2026-03-01T17:42:17,70,30,yes,158
4476,1772415737,2026-03-01T17:42:17,70,30,yes,13
4477,1772415739,2026-03-01T17:42:19,70,30,yes,108
4478,1772415739,2026-03-01T17:42:19,70,30,yes,3497
4479,1772415739,2026-03-01T17:42:19,70,30,yes,83
4480,1772415739,2026-03-01T17:42:19,70,30,yes,2
4481,1772415742,2026-03-01T17:42:22,70,30,yes,9
4482,1772415743,2026-03-01T17:42:23,70,30,yes,20
4483,1772415743,2026-03-01T17:42:23,69,31,no,100
4484,1772415745,2026-03-01T17:42:25,70,30,yes,905
4485,1772415746,2026-03-01T17:42:26,70,30,yes,1
4486,1772415747,2026-03-01T17:42:27,70,30,yes,72
4487,1772415748,2026-03-01T17:42:28,70,30,yes,2
4488,1772415750,2026-03-01T17:42:30,70,30,yes,34
4489,1772415750,2026-03-01T17:42:30,70,30,yes,134
4490,1772415752,2026-03-01T17:42:32,70,30,yes,27
4491,1772415752,2026-03-01T17:42:32,70,30,yes,2
4492,1772415753,2026-03-01T17:42:33,70,30,yes,19
4493,1772415753,2026-03-01T17:42:33,70,30,yes,34
4494,1772415753,2026-03-01T17:42:33,70,30,yes,11
4495,1772415755,2026-03-01T17:42:35,70,30,yes,20
4496,1772415759,2026-03-01T17:42:39,70,30,yes,18
4497,1772415759,2026-03-01T17:42:39,70,30,yes,3
4498,1772415759,2026-03-01T17:42:39,70,30,yes,4
4499,1772415760,2026-03-01T17:42:40,70,30,yes,13
4500,1772415761,2026-03-01T17:42:41,70,30,yes,1
4501,1772415763,2026-03-01T17:42:43,70,30,yes,27
4502,1772415763,2026-03-01T17:42:43,70,30,yes,34
4503,1772415765,2026-03-01T17:42:45,70,30,yes,118
4504,1772415765,2026-03-01T17:42:45,70,30,yes,13
4505,1772415766,2026-03-01T17:42:46,70,30,yes,69
4506,1772415766,2026-03-01T17:42:46,70,30,yes,200
4507,1772415767,2026-03-01T17:42:47,70,30,yes,1329
4508,1772415768,2026-03-01T17:42:48,70,30,yes,27
4509,1772415768,2026-03-01T17:42:48,70,30,yes,1
4510,1772415768,2026-03-01T17:42:48,70,30,yes,4
4511,1772415768,2026-03-01T17:42:48,70,30,yes,6032
4512,1772415768,2026-03-01T17:42:48,70,30,yes,963
4513,1772415769,2026-03-01T17:42:49,70,30,yes,50
4514,1772415769,2026-03-01T17:42:49,70,30,yes,180
4515,1772415769,2026-03-01T17:42:49,70,30,yes,70
4516,1772415769,2026-03-01T17:42:49,70,30,yes,4986
4517,1772415769,2026-03-01T17:42:49,70,30,yes,5
4518,1772415772,2026-03-01T17:42:52,70,30,yes,139
4519,1772415773,2026-03-01T17:42:53,70,30,yes,83
4520,1772415773,2026-03-01T17:42:53,70,30,yes,69
4521,1772415773,2026-03-01T17:42:53,69,31,no,5
4522,1772415774,2026-03-01T17:42:54,70,30,yes,6
4523,1772415774,2026-03-01T17:42:54,70,30,yes,1
4524,1772415775,2026-03-01T17:42:55,70,30,yes,173
4525,1772415776,2026-03-01T17:42:56,70,30,yes,1
4526,1772415776,2026-03-01T17:42:56,70,30,yes,13
4527,1772415777,2026-03-01T17:42:57,70,30,yes,1
4528,1772415777,2026-03-01T17:42:57,70,30,yes,132
4529,1772415778,2026-03-01T17:42:58,70,30,yes,13
4530,1772415779,2026-03-01T17:42:59,70,30,yes,4
4531,1772415779,2026-03-01T17:42:59,70,30,yes,2
4532,1772415781,2026-03-01T17:43:01,70,30,yes,2
4533,1772415782,2026-03-01T17:43:02,70,30,yes,13
4534,1772415783,2026-03-01T17:43:03,70,30,yes,153
4535,1772415784,2026-03-01T17:43:04,70,30,yes,13
4536,1772415784,2026-03-01T17:43:04,70,30,yes,91
4537,1772415786,2026-03-01T17:43:06,70,30,yes,600
4538,1772415786,2026-03-01T17:43:06,70,30,yes,519
4539,1772415786,2026-03-01T17:43:06,70,30,yes,103
4540,1772415789,2026-03-01T17:43:09,71,29,yes,3
4541,1772415789,2026-03-01T17:43:09,71,29,yes,3
4542,1772415789,2026-03-01T17:43:09,71,29,yes,4
4543,1772415794,2026-03-01T17:43:14,71,29,yes,112
4544,1772415794,2026-03-01T17:43:14,71,29,yes,2247
4545,1772415794,2026-03-01T17:43:14,71,29,yes,150
4546,1772415794,2026-03-01T17:43:14,71,29,yes,87
4547,1772415796,2026-03-01T17:43:16,72,28,yes,3
4548,1772415796,2026-03-01T17:43:16,72,28,yes,4
4549,1772415796,2026-03-01T17:43:16,72,28,yes,1355
4550,1772415796,2026-03-01T17:43:16,72,28,yes,17
4551,1772415796,2026-03-01T17:43:16,72,28,yes,17
4552,1772415796,2026-03-01T17:43:16,72,28,yes,150
4553,1772415796,2026-03-01T17:43:16,72,28,yes,2
4554,1772415797,2026-03-01T17:43:17,72,28,no,1
4555,1772415797,2026-03-01T17:43:17,73,27,yes,2
4556,1772415797,2026-03-01T17:43:17,73,27,yes,3
4557,1772415797,2026-03-01T17:43:17,73,27,yes,9
4558,1772415797,2026-03-01T17:43:17,73,27,yes,17
4559,1772415797,2026-03-01T17:43:17,73,27,yes,17
4560,1772415797,2026-03-01T17:43:17,74,26,yes,12
4561,1772415797,2026-03-01T17:43:17,73,27,no,1
4562,1772415798,2026-03-01T17:43:18,74,26,yes,2
4563,1772415800,2026-03-01T17:43:20,74,26,yes,50
4564,1772415800,2026-03-01T17:43:20,74,26,yes,5
4565,1772415800,2026-03-01T17:43:20,74,26,yes,4995
4566,1772415800,2026-03-01T17:43:20,73,27,no,100
4567,1772415801,2026-03-01T17:43:21,74,26,yes,31
4568,1772415802,2026-03-01T17:43:22,73,27,no,3
4569,1772415803,2026-03-01T17:43:23,74,26,yes,3000
4570,1772415804,2026-03-01T17:43:24,73,27,no,87
4571,1772415804,2026-03-01T17:43:24,72,28,no,8
4572,1772415804,2026-03-01T17:43:24,72,28,no,291
4573,1772415806,2026-03-01T17:43:26,74,26,yes,38
4574,1772415806,2026-03-01T17:43:26,74,26,yes,252
4575,1772415806,2026-03-01T17:43:26,74,26,yes,1
4576,1772415806,2026-03-01T17:43:26,74,26,yes,398
4577,1772415806,2026-03-01T17:43:26,74,26,yes,55
4578,1772415806,2026-03-01T17:43:26,74,26,yes,33
4579,1772415807,2026-03-01T17:43:27,74,26,yes,66
4580,1772415807,2026-03-01T17:43:27,74,26,yes,21
4581,1772415808,2026-03-01T17:43:28,73,27,yes,21
4582,1772415808,2026-03-01T17:43:28,73,27,yes,1
4583,1772415810,2026-03-01T17:43:30,73,27,yes,235
4584,1772415811,2026-03-01T17:43:31,72,28,yes,40
4585,1772415812,2026-03-01T17:43:32,72,28,yes,1
4586,1772415812,2026-03-01T17:43:32,72,28,yes,149
4587,1772415813,2026-03-01T17:43:33,72,28,yes,3
4588,1772415814,2026-03-01T17:43:34,72,28,yes,135
4589,1772415816,2026-03-01T17:43:36,72,28,yes,68
4590,1772415816,2026-03-01T17:43:36,72,28,yes,100
4591,1772415816,2026-03-01T17:43:36,72,28,yes,34
4592,1772415817,2026-03-01T17:43:37,72,28,yes,1
4593,1772415817,2026-03-01T17:43:37,72,28,yes,13
4594,1772415818,2026-03-01T17:43:38,72,28,yes,272
4595,1772415818,2026-03-01T17:43:38,72,28,yes,23
4596,1772415818,2026-03-01T17:43:38,72,28,yes,7205
4597,1772415818,2026-03-01T17:43:38,72,28,yes,2363
4598,1772415818,2026-03-01T17:43:38,72,28,yes,87
4599,1772415818,2026-03-01T17:43:38,72,28,yes,150
4600,1772415818,2026-03-01T17:43:38,72,28,yes,5
4601,1772415818,2026-03-01T17:43:38,72,28,yes,3328
4602,1772415818,2026-03-01T17:43:38,73,27,yes,5
4603,1772415818,2026-03-01T17:43:38,73,27,yes,8
4604,1772415820,2026-03-01T17:43:40,73,27,yes,32
4605,1772415820,2026-03-01T17:43:40,73,27,yes,33
4606,1772415821,2026-03-01T17:43:41,73,27,yes,20
4607,1772415821,2026-03-01T17:43:41,73,27,yes,4
4608,1772415823,2026-03-01T17:43:43,73,27,yes,8
4609,1772415824,2026-03-01T17:43:44,73,27,yes,26
4610,1772415824,2026-03-01T17:43:44,73,27,yes,53
4611,1772415824,2026-03-01T17:43:44,73,27,yes,21
4612,1772415826,2026-03-01T17:43:46,73,27,yes,13
4613,1772415826,2026-03-01T17:43:46,73,27,yes,16
4614,1772415827,2026-03-01T17:43:47,73,27,yes,242
4615,1772415827,2026-03-01T17:43:47,73,27,yes,2
4616,1772415827,2026-03-01T17:43:47,73,27,yes,10
4617,1772415827,2026-03-01T17:43:47,73,27,yes,902
4618,1772415827,2026-03-01T17:43:47,73,27,yes,3
4619,1772415827,2026-03-01T17:43:47,73,27,yes,2
4620,1772415827,2026-03-01T17:43:47,73,27,yes,93
4621,1772415827,2026-03-01T17:43:47,73,27,yes,3
4622,1772415829,2026-03-01T17:43:49,73,27,no,150
4623,1772415829,2026-03-01T17:43:49,73,27,no,10
4624,1772415829,2026-03-01T17:43:49,74,26,yes,8
4625,1772415829,2026-03-01T17:43:49,74,26,yes,44
4626,1772415829,2026-03-01T17:43:49,74,26,yes,4
4627,1772415829,2026-03-01T17:43:49,74,26,yes,48
4628,1772415831,2026-03-01T17:43:51,74,26,yes,263
4629,1772415833,2026-03-01T17:43:53,74,26,yes,263
4630,1772415833,2026-03-01T17:43:53,74,26,yes,3
4631,1772415833,2026-03-01T17:43:53,74,26,yes,8
4632,1772415835,2026-03-01T17:43:55,74,26,yes,3
4633,1772415836,2026-03-01T17:43:56,74,26,yes,1
4634,1772415836,2026-03-01T17:43:56,74,26,yes,1
4635,1772415836,2026-03-01T17:43:56,74,26,yes,98
4636,1772415836,2026-03-01T17:43:56,74,26,yes,13
4637,1772415836,2026-03-01T17:43:56,74,26,yes,2
4638,1772415837,2026-03-01T17:43:57,74,26,yes,8352
4639,1772415837,2026-03-01T17:43:57,74,26,yes,78
4640,1772415837,2026-03-01T17:43:57,73,27,no,8
4641,1772415838,2026-03-01T17:43:58,74,26,yes,32
4642,1772415838,2026-03-01T17:43:58,74,26,yes,19
4643,1772415838,2026-03-01T17:43:58,74,26,yes,22
4644,1772415838,2026-03-01T17:43:58,74,26,yes,157
4645,1772415840,2026-03-01T17:44:00,74,26,yes,1
4646,1772415840,2026-03-01T17:44:00,74,26,yes,12
4647,1772415841,2026-03-01T17:44:01,74,26,yes,131
4648,1772415841,2026-03-01T17:44:01,73,27,no,146
4649,1772415842,2026-03-01T17:44:02,74,26,yes,44
4650,1772415843,2026-03-01T17:44:03,74,26,yes,44
4651,1772415844,2026-03-01T17:44:04,74,26,yes,13
4652,1772415844,2026-03-01T17:44:04,74,26,yes,1
4653,1772415846,2026-03-01T17:44:06,74,26,yes,108
4654,1772415846,2026-03-01T17:44:06,74,26,yes,10
4655,1772415846,2026-03-01T17:44:06,74,26,yes,6
4656,1772415847,2026-03-01T17:44:07,74,26,yes,66
4657,1772415847,2026-03-01T17:44:07,74,26,yes,33
4658,1772415848,2026-03-01T17:44:08,74,26,yes,66
4659,1772415848,2026-03-01T17:44:08,74,26,yes,20
4660,1772415852,2026-03-01T17:44:12,74,26,yes,2
4661,1772415852,2026-03-01T17:44:12,74,26,yes,51
4662,1772415853,2026-03-01T17:44:13,74,26,yes,26
4663,1772415855,2026-03-01T17:44:15,73,27,no,30
4664,1772415855,2026-03-01T17:44:15,74,26,yes,70
4665,1772415856,2026-03-01T17:44:16,74,26,yes,106
4666,1772415856,2026-03-01T17:44:16,74,26,yes,1
4667,1772415857,2026-03-01T17:44:17,73,27,no,2
4668,1772415858,2026-03-01T17:44:18,74,26,yes,10
4669,1772415858,2026-03-01T17:44:18,74,26,yes,33
4670,1772415858,2026-03-01T17:44:18,73,27,no,10
4671,1772415858,2026-03-01T17:44:18,73,27,no,150
4672,1772415858,2026-03-01T17:44:18,73,27,no,100
4673,1772415858,2026-03-01T17:44:18,73,27,yes,242
4674,1772415859,2026-03-01T17:44:19,73,27,yes,19
4675,1772415859,2026-03-01T17:44:19,73,27,yes,159
4676,1772415859,2026-03-01T17:44:19,73,27,yes,588
4677,1772415860,2026-03-01T17:44:20,73,27,yes,13
4678,1772415860,2026-03-01T17:44:20,73,27,yes,34
4679,1772415860,2026-03-01T17:44:20,73,27,yes,26
4680,1772415861,2026-03-01T17:44:21,73,27,yes,33
4681,1772415861,2026-03-01T17:44:21,73,27,yes,26
4682,1772415862,2026-03-01T17:44:22,72,28,no,10
4683,1772415863,2026-03-01T17:44:23,73,27,yes,4
4684,1772415863,2026-03-01T17:44:23,73,27,yes,66
4685,1772415863,2026-03-01T17:44:23,73,27,yes,37
4686,1772415863,2026-03-01T17:44:23,72,28,no,40
4687,1772415865,2026-03-01T17:44:25,73,27,yes,21
4688,1772415866,2026-03-01T17:44:26,73,27,yes,133
4689,1772415866,2026-03-01T17:44:26,72,28,no,700
4690,1772415868,2026-03-01T17:44:28,73,27,yes,53
4691,1772415868,2026-03-01T17:44:28,73,27,yes,33
4692,1772415869,2026-03-01T17:44:29,73,27,yes,80
4693,1772415869,2026-03-01T17:44:29,73,27,yes,8
4694,1772415870,2026-03-01T17:44:30,73,27,yes,20
4695,1772415871,2026-03-01T17:44:31,73,27,yes,479
4696,1772415872,2026-03-01T17:44:32,72,28,no,1020
4697,1772415873,2026-03-01T17:44:33,73,27,yes,2
4698,1772415873,2026-03-01T17:44:33,73,27,yes,828
4699,1772415874,2026-03-01T17:44:34,73,27,yes,26
4700,1772415874,2026-03-01T17:44:34,73,27,yes,35
4701,1772415875,2026-03-01T17:44:35,73,27,yes,26
4702,1772415875,2026-03-01T17:44:35,73,27,yes,8
4703,1772415877,2026-03-01T17:44:37,73,27,yes,13
4704,1772415877,2026-03-01T17:44:37,73,27,yes,10
4705,1772415877,2026-03-01T17:44:37,73,27,yes,32
4706,1772415880,2026-03-01T17:44:40,73,27,yes,67
4707,1772415880,2026-03-01T17:44:40,73,27,yes,915
4708,1772415880,2026-03-01T17:44:40,73,27,yes,268
4709,1772415880,2026-03-01T17:44:40,73,27,yes,12
4710,1772415880,2026-03-01T17:44:40,73,27,yes,134
4711,1772415880,2026-03-01T17:44:40,73,27,yes,30
4712,1772415880,2026-03-01T17:44:40,72,28,no,15
4713,1772415882,2026-03-01T17:44:42,73,27,yes,14
4714,1772415882,2026-03-01T17:44:42,73,27,yes,8
4715,1772415884,2026-03-01T17:44:44,73,27,yes,268
4716,1772415885,2026-03-01T17:44:45,73,27,yes,1
4717,1772415886,2026-03-01T17:44:46,73,27,yes,201
4718,1772415887,2026-03-01T17:44:47,73,27,yes,4123
4719,1772415887,2026-03-01T17:44:47,73,27,yes,2363
4720,1772415887,2026-03-01T17:44:47,73,27,yes,5
4721,1772415887,2026-03-01T17:44:47,73,27,yes,5609
4722,1772415887,2026-03-01T17:44:47,73,27,yes,2
4723,1772415888,2026-03-01T17:44:48,73,27,yes,133
4724,1772415888,2026-03-01T17:44:48,73,27,yes,12
4725,1772415889,2026-03-01T17:44:49,73,27,yes,138
4726,1772415889,2026-03-01T17:44:49,73,27,yes,26
4727,1772415893,2026-03-01T17:44:53,73,27,yes,61
4728,1772415893,2026-03-01T17:44:53,73,27,yes,82
4729,1772415895,2026-03-01T17:44:55,73,27,yes,4
4730,1772415896,2026-03-01T17:44:56,73,27,yes,5
4731,1772415896,2026-03-01T17:44:56,73,27,yes,7
4732,1772415898,2026-03-01T17:44:58,74,26,yes,3
4733,1772415898,2026-03-01T17:44:58,74,26,yes,1
4734,1772415898,2026-03-01T17:44:58,74,26,yes,785
4735,1772415899,2026-03-01T17:44:59,75,25,yes,45
4736,1772415900,2026-03-01T17:45:00,75,25,yes,5
4737,1772415900,2026-03-01T17:45:00,75,25,yes,9
4738,1772415901,2026-03-01T17:45:01,75,25,yes,20
4739,1772415902,2026-03-01T17:45:02,75,25,yes,5
4740,1772415902,2026-03-01T17:45:02,75,25,yes,27
4741,1772415902,2026-03-01T17:45:02,75,25,yes,65
4742,1772415903,2026-03-01T17:45:03,75,25,yes,65
4743,1772415903,2026-03-01T17:45:03,74,26,no,32
4744,1772415904,2026-03-01T17:45:04,75,25,yes,47
4745,1772415904,2026-03-01T17:45:04,75,25,yes,25
4746,1772415904,2026-03-01T17:45:04,75,25,yes,39
4747,1772415904,2026-03-01T17:45:04,75,25,yes,96
4748,1772415904,2026-03-01T17:45:04,75,25,yes,602
4749,1772415904,2026-03-01T17:45:04,75,25,yes,3
4750,1772415904,2026-03-01T17:45:04,75,25,yes,4
4751,1772415904,2026-03-01T17:45:04,75,25,yes,368
4752,1772415905,2026-03-01T17:45:05,74,26,no,71
4753,1772415906,2026-03-01T17:45:06,75,25,yes,116
4754,1772415906,2026-03-01T17:45:06,75,25,yes,4
4755,1772415906,2026-03-01T17:45:06,75,25,yes,9
4756,1772415906,2026-03-01T17:45:06,75,25,yes,1972
4757,1772415906,2026-03-01T17:45:06,75,25,yes,19
4758,1772415906,2026-03-01T17:45:06,75,25,yes,32
4759,1772415907,2026-03-01T17:45:07,75,25,yes,215
4760,1772415907,2026-03-01T17:45:07,75,25,yes,365
4761,1772415907,2026-03-01T17:45:07,75,25,yes,351
4762,1772415908,2026-03-01T17:45:08,75,25,yes,98
4763,1772415908,2026-03-01T17:45:08,75,25,yes,4207
4764,1772415908,2026-03-01T17:45:08,75,25,yes,4
4765,1772415910,2026-03-01T17:45:10,75,25,yes,3
4766,1772415913,2026-03-01T17:45:13,75,25,yes,13
4767,1772415913,2026-03-01T17:45:13,75,25,yes,1
4768,1772415914,2026-03-01T17:45:14,75,25,yes,24
4769,1772415915,2026-03-01T17:45:15,74,26,no,1250
4770,1772415915,2026-03-01T17:45:15,75,25,yes,13
4771,1772415916,2026-03-01T17:45:16,75,25,yes,4
4772,1772415916,2026-03-01T17:45:16,75,25,yes,3092
4773,1772415916,2026-03-01T17:45:16,75,25,yes,3092
4774,1772415916,2026-03-01T17:45:16,75,25,yes,3092
4775,1772415916,2026-03-01T17:45:16,75,25,yes,23082
4776,1772415916,2026-03-01T17:45:16,74,26,yes,74
4777,1772415919,2026-03-01T17:45:19,74,26,no,1200
4778,1772415920,2026-03-01T17:45:20,76,24,yes,23
4779,1772415921,2026-03-01T17:45:21,75,25,no,51
4780,1772415921,2026-03-01T17:45:21,76,24,yes,12
4781,1772415922,2026-03-01T17:45:22,76,24,yes,1282
4782,1772415922,2026-03-01T17:45:22,76,24,yes,129
4783,1772415923,2026-03-01T17:45:23,76,24,yes,11167
4784,1772415924,2026-03-01T17:45:24,76,24,yes,50
4785,1772415924,2026-03-01T17:45:24,76,24,yes,64
4786,1772415925,2026-03-01T17:45:25,76,24,yes,64
4787,1772415925,2026-03-01T17:45:25,75,25,no,99
4788,1772415925,2026-03-01T17:45:25,75,25,no,1
4789,1772415926,2026-03-01T17:45:26,75,25,yes,64
4790,1772415927,2026-03-01T17:45:27,74,26,no,100
4791,1772415928,2026-03-01T17:45:28,75,25,yes,38
4792,1772415928,2026-03-01T17:45:28,75,25,yes,98
4793,1772415928,2026-03-01T17:45:28,76,24,yes,382
4794,1772415930,2026-03-01T17:45:30,76,24,yes,33
4795,1772415930,2026-03-01T17:45:30,76,24,yes,80
4796,1772415930,2026-03-01T17:45:30,76,24,yes,633
4797,1772415931,2026-03-01T17:45:31,74,26,no,253
4798,1772415932,2026-03-01T17:45:32,76,24,yes,11
4799,1772415932,2026-03-01T17:45:32,76,24,yes,38
4800,1772415932,2026-03-01T17:45:32,76,24,yes,79
4801,1772415933,2026-03-01T17:45:33,76,24,yes,194
4802,1772415933,2026-03-01T17:45:33,76,24,yes,5
4803,1772415933,2026-03-01T17:45:33,76,24,yes,1
4804,1772415937,2026-03-01T17:45:37,76,24,yes,256
4805,1772415937,2026-03-01T17:45:37,76,24,yes,53
4806,1772415938,2026-03-01T17:45:38,76,24,yes,94
4807,1772415938,2026-03-01T17:45:38,76,24,yes,2
4808,1772415939,2026-03-01T17:45:39,76,24,yes,11
4809,1772415940,2026-03-01T17:45:40,75,25,no,3
4810,1772415940,2026-03-01T17:45:40,75,25,no,97
4811,1772415940,2026-03-01T17:45:40,76,24,yes,38
4812,1772415941,2026-03-01T17:45:41,76,24,yes,194
4813,1772415942,2026-03-01T17:45:42,76,24,yes,39
4814,1772415943,2026-03-01T17:45:43,76,24,yes,6
4815,1772415943,2026-03-01T17:45:43,76,24,yes,913
4816,1772415944,2026-03-01T17:45:44,76,24,yes,90
4817,1772415944,2026-03-01T17:45:44,75,25,no,104
4818,1772415944,2026-03-01T17:45:44,76,24,yes,1
4819,1772415946,2026-03-01T17:45:46,76,24,yes,51
4820,1772415946,2026-03-01T17:45:46,76,24,yes,1
4821,1772415947,2026-03-01T17:45:47,76,24,yes,1
4822,1772415948,2026-03-01T17:45:48,76,24,yes,1
4823,1772415949,2026-03-01T17:45:49,76,24,yes,1
4824,1772415950,2026-03-01T17:45:50,76,24,yes,81
4825,1772415950,2026-03-01T17:45:50,76,24,yes,32
4826,1772415951,2026-03-01T17:45:51,76,24,yes,6
4827,1772415952,2026-03-01T17:45:52,76,24,yes,317
4828,1772415952,2026-03-01T17:45:52,75,25,no,196
4829,1772415952,2026-03-01T17:45:52,74,26,no,803
4830,1772415952,2026-03-01T17:45:52,76,24,yes,192
4831,1772415953,2026-03-01T17:45:53,76,24,yes,6
4832,1772415953,2026-03-01T17:45:53,76,24,yes,103
4833,1772415953,2026-03-01T17:45:53,75,25,yes,2
4834,1772415953,2026-03-01T17:45:53,75,25,yes,98
4835,1772415953,2026-03-01T17:45:53,76,24,yes,106
4836,1772415954,2026-03-01T17:45:54,76,24,yes,1652
4837,1772415954,2026-03-01T17:45:54,76,24,yes,28
4838,1772415955,2026-03-01T17:45:55,76,24,yes,1306
4839,1772415955,2026-03-01T17:45:55,76,24,yes,1000
4840,1772415957,2026-03-01T17:45:57,76,24,yes,25
4841,1772415957,2026-03-01T17:45:57,74,26,no,28
4842,1772415958,2026-03-01T17:45:58,76,24,yes,2221
4843,1772415958,2026-03-01T17:45:58,76,24,yes,97
4844,1772415958,2026-03-01T17:45:58,74,26,no,5
4845,1772415958,2026-03-01T17:45:58,76,24,yes,100
4846,1772415959,2026-03-01T17:45:59,76,24,yes,64
4847,1772415960,2026-03-01T17:46:00,74,26,no,1
4848,1772415960,2026-03-01T17:46:00,76,24,yes,200
4849,1772415961,2026-03-01T17:46:01,76,24,yes,12
4850,1772415961,2026-03-01T17:46:01,76,24,yes,51
4851,1772415961,2026-03-01T17:46:01,76,24,yes,27
4852,1772415962,2026-03-01T17:46:02,75,25,yes,19
4853,1772415962,2026-03-01T17:46:02,76,24,yes,28
4854,1772415965,2026-03-01T17:46:05,75,25,no,1
4855,1772415965,2026-03-01T17:46:05,76,24,yes,110
4856,1772415966,2026-03-01T17:46:06,76,24,yes,2
4857,1772415967,2026-03-01T17:46:07,75,25,no,1
4858,1772415967,2026-03-01T17:46:07,76,24,yes,1235
4859,1772415967,2026-03-01T17:46:07,76,24,yes,59
4860,1772415967,2026-03-01T17:46:07,75,25,yes,1
4861,1772415968,2026-03-01T17:46:08,74,26,no,1
4862,1772415968,2026-03-01T17:46:08,75,25,yes,90
4863,1772415968,2026-03-01T17:46:08,76,24,yes,105
4864,1772415968,2026-03-01T17:46:08,76,24,yes,65
4865,1772415969,2026-03-01T17:46:09,76,24,yes,51
4866,1772415970,2026-03-01T17:46:10,76,24,yes,25
4867,1772415970,2026-03-01T17:46:10,76,24,yes,3
4868,1772415970,2026-03-01T17:46:10,76,24,yes,1
4869,1772415971,2026-03-01T17:46:11,76,24,yes,132
4870,1772415971,2026-03-01T17:46:11,76,24,yes,32
4871,1772415972,2026-03-01T17:46:12,74,26,no,14
4872,1772415972,2026-03-01T17:46:12,76,24,yes,905
4873,1772415972,2026-03-01T17:46:12,76,24,yes,9
4874,1772415973,2026-03-01T17:46:13,75,25,yes,6
4875,1772415974,2026-03-01T17:46:14,75,25,yes,6
4876,1772415974,2026-03-01T17:46:14,75,25,yes,2
4877,1772415974,2026-03-01T17:46:14,75,25,yes,6
4878,1772415974,2026-03-01T17:46:14,75,25,yes,23
4879,1772415975,2026-03-01T17:46:15,75,25,yes,80
4880,1772415975,2026-03-01T17:46:15,75,25,yes,98
4881,1772415976,2026-03-01T17:46:16,75,25,yes,6
4882,1772415977,2026-03-01T17:46:17,74,26,no,100
4883,1772415978,2026-03-01T17:46:18,75,25,yes,352
4884,1772415978,2026-03-01T17:46:18,75,25,yes,36
4885,1772415978,2026-03-01T17:46:18,75,25,yes,5
4886,1772415978,2026-03-01T17:46:18,75,25,yes,36
4887,1772415979,2026-03-01T17:46:19,75,25,yes,9
4888,1772415979,2026-03-01T17:46:19,75,25,yes,5
4889,1772415979,2026-03-01T17:46:19,75,25,yes,129
4890,1772415980,2026-03-01T17:46:20,75,25,yes,1000
4891,1772415980,2026-03-01T17:46:20,75,25,yes,1143
4892,1772415980,2026-03-01T17:46:20,75,25,yes,1
4893,1772415980,2026-03-01T17:46:20,76,24,yes,1
4894,1772415981,2026-03-01T17:46:21,76,24,yes,1
4895,1772415983,2026-03-01T17:46:23,76,24,yes,19
4896,1772415984,2026-03-01T17:46:24,76,24,yes,6
4897,1772415984,2026-03-01T17:46:24,76,24,yes,5
4898,1772415985,2026-03-01T17:46:25,76,24,yes,5
4899,1772415985,2026-03-01T17:46:25,76,24,yes,13
4900,1772415986,2026-03-01T17:46:26,77,23,yes,10
4901,1772415986,2026-03-01T17:46:26,77,23,yes,10
4902,1772415986,2026-03-01T17:46:26,77,23,yes,5
4903,1772415986,2026-03-01T17:46:26,75,25,no,59
4904,1772415986,2026-03-01T17:46:26,76,24,yes,2
4905,1772415986,2026-03-01T17:46:26,76,24,yes,1
4906,1772415986,2026-03-01T17:46:26,76,24,yes,3
4907,1772415988,2026-03-01T17:46:28,77,23,yes,15
4908,1772415988,2026-03-01T17:46:28,77,23,yes,46
4909,1772415989,2026-03-01T17:46:29,76,24,no,5
4910,1772415989,2026-03-01T17:46:29,77,23,yes,11
4911,1772415989,2026-03-01T17:46:29,77,23,yes,52
4912,1772415989,2026-03-01T17:46:29,76,24,no,11
4913,1772415990,2026-03-01T17:46:30,77,23,yes,3
4914,1772415990,2026-03-01T17:46:30,77,23,yes,9
4915,1772415990,2026-03-01T17:46:30,77,23,yes,511
4916,1772415990,2026-03-01T17:46:30,77,23,no,4
4917,1772415992,2026-03-01T17:46:32,76,24,no,25
4918,1772415992,2026-03-01T17:46:32,77,23,yes,5
4919,1772415993,2026-03-01T17:46:33,77,23,yes,136
4920,1772415994,2026-03-01T17:46:34,77,23,yes,5
4921,1772415994,2026-03-01T17:46:34,77,23,yes,55
4922,1772415995,2026-03-01T17:46:35,76,24,no,3076
4923,1772415995,2026-03-01T17:46:35,76,24,no,2500
4924,1772415995,2026-03-01T17:46:35,76,24,no,3076
4925,1772415995,2026-03-01T17:46:35,76,24,no,136
4926,1772415995,2026-03-01T17:46:35,76,24,no,325
4927,1772415995,2026-03-01T17:46:35,75,25,no,40
4928,1772415996,2026-03-01T17:46:36,76,24,yes,10
4929,1772415996,2026-03-01T17:46:36,76,24,yes,6
4930,1772415997,2026-03-01T17:46:37,76,24,yes,2
4931,1772415997,2026-03-01T17:46:37,75,25,no,100
4932,1772415997,2026-03-01T17:46:37,76,24,yes,5
4933,1772415999,2026-03-01T17:46:39,77,23,yes,150
4934,1772415999,2026-03-01T17:46:39,77,23,yes,6
4935,1772415999,2026-03-01T17:46:39,77,23,yes,2531
4936,1772416000,2026-03-01T17:46:40,77,23,yes,1
4937,1772416001,2026-03-01T17:46:41,77,23,yes,162
4938,1772416001,2026-03-01T17:46:41,77,23,yes,31
4939,1772416001,2026-03-01T17:46:41,77,23,yes,12
4940,1772416001,2026-03-01T17:46:41,77,23,yes,40
4941,1772416001,2026-03-01T17:46:41,77,23,yes,70
4942,1772416001,2026-03-01T17:46:41,77,23,yes,73
4943,1772416001,2026-03-01T17:46:41,77,23,yes,3076
4944,1772416001,2026-03-01T17:46:41,77,23,yes,3076
4945,1772416001,2026-03-01T17:46:41,77,23,yes,104
4946,1772416003,2026-03-01T17:46:43,77,23,yes,4430
4947,1772416003,2026-03-01T17:46:43,78,22,yes,1
4948,1772416003,2026-03-01T17:46:43,78,22,yes,11
4949,1772416003,2026-03-01T17:46:43,77,23,yes,63
4950,1772416004,2026-03-01T17:46:44,78,22,yes,18
4951,1772416005,2026-03-01T17:46:45,78,22,yes,2
4952,1772416006,2026-03-01T17:46:46,78,22,yes,36
4953,1772416006,2026-03-01T17:46:46,78,22,yes,1
4954,1772416006,2026-03-01T17:46:46,78,22,yes,202
4955,1772416006,2026-03-01T17:46:46,78,22,yes,375
4956,1772416006,2026-03-01T17:46:46,78,22,yes,500
4957,1772416007,2026-03-01T17:46:47,78,22,yes,125
4958,1772416007,2026-03-01T17:46:47,78,22,yes,101
4959,1772416007,2026-03-01T17:46:47,78,22,yes,19
4960,1772416007,2026-03-01T17:46:47,78,22,yes,250
4961,1772416007,2026-03-01T17:46:47,78,22,yes,12
4962,1772416008,2026-03-01T17:46:48,78,22,yes,6
4963,1772416008,2026-03-01T17:46:48,78,22,yes,88
4964,1772416010,2026-03-01T17:46:50,78,22,yes,63
4965,1772416010,2026-03-01T17:46:50,77,23,no,20
4966,1772416011,2026-03-01T17:46:51,77,23,no,8
4967,1772416011,2026-03-01T17:46:51,77,23,yes,25
4968,1772416011,2026-03-01T17:46:51,77,23,yes,99
4969,1772416011,2026-03-01T17:46:51,77,23,yes,271
4970,1772416012,2026-03-01T17:46:52,77,23,yes,1
4971,1772416013,2026-03-01T17:46:53,77,23,yes,113
4972,1772416014,2026-03-01T17:46:54,76,24,no,50
4973,1772416014,2026-03-01T17:46:54,76,24,no,23
4974,1772416015,2026-03-01T17:46:55,75,25,no,81
4975,1772416015,2026-03-01T17:46:55,75,25,no,300
4976,1772416015,2026-03-01T17:46:55,75,25,no,1
4977,1772416015,2026-03-01T17:46:55,75,25,no,376
4978,1772416015,2026-03-01T17:46:55,76,24,yes,5
4979,1772416016,2026-03-01T17:46:56,75,25,no,100
4980,1772416017,2026-03-01T17:46:57,76,24,yes,19
4981,1772416017,2026-03-01T17:46:57,76,24,yes,62
4982,1772416017,2026-03-01T17:46:57,76,24,yes,129
4983,1772416019,2026-03-01T17:46:59,75,25,no,145
4984,1772416019,2026-03-01T17:46:59,75,25,yes,31
4985,1772416019,2026-03-01T17:46:59,76,24,yes,33
4986,1772416020,2026-03-01T17:47:00,75,25,yes,194
4987,1772416020,2026-03-01T17:47:00,75,25,yes,65
4988,1772416020,2026-03-01T17:47:00,75,25,yes,1
4989,1772416020,2026-03-01T17:47:00,75,25,yes,2
4990,1772416020,2026-03-01T17:47:00,75,25,yes,25
4991,1772416021,2026-03-01T17:47:01,75,25,yes,52
4992,1772416021,2026-03-01T17:47:01,75,25,yes,9
4993,1772416022,2026-03-01T17:47:02,74,26,no,5
4994,1772416022,2026-03-01T17:47:02,74,26,no,188
4995,1772416024,2026-03-01T17:47:04,75,25,yes,65
4996,1772416024,2026-03-01T17:47:04,75,25,yes,135
4997,1772416025,2026-03-01T17:47:05,75,25,yes,242
4998,1772416025,2026-03-01T17:47:05,75,25,yes,129
4999,1772416025,2026-03-01T17:47:05,75,25,yes,45
5000,1772416026,2026-03-01T17:47:06,75,25,yes,1
5001,1772416027,2026-03-01T17:47:07,75,25,yes,2
5002,1772416029,2026-03-01T17:47:09,75,25,yes,300
5003,1772416030,2026-03-01T17:47:10,75,25,yes,70
5004,1772416031,2026-03-01T17:47:11,74,26,no,62
5005,1772416031,2026-03-01T17:47:11,74,26,no,88
5006,1772416031,2026-03-01T17:47:11,75,25,yes,14
5007,1772416031,2026-03-01T17:47:11,75,25,yes,1005
5008,1772416031,2026-03-01T17:47:11,75,25,yes,3
5009,1772416031,2026-03-01T17:47:11,75,25,yes,26
5010,1772416031,2026-03-01T17:47:11,75,25,yes,31
5011,1772416032,2026-03-01T17:47:12,75,25,yes,52
5012,1772416032,2026-03-01T17:47:12,75,25,yes,62
5013,1772416032,2026-03-01T17:47:12,75,25,yes,150
5014,1772416033,2026-03-01T17:47:13,75,25,yes,2
5015,1772416033,2026-03-01T17:47:13,75,25,yes,50
5016,1772416033,2026-03-01T17:47:13,75,25,yes,18
5017,1772416034,2026-03-01T17:47:14,75,25,yes,13104
5018,1772416035,2026-03-01T17:47:15,75,25,yes,25
5019,1772416035,2026-03-01T17:47:15,74,26,no,158
5020,1772416035,2026-03-01T17:47:15,74,26,no,172
5021,1772416037,2026-03-01T17:47:17,75,25,yes,3896
5022,1772416038,2026-03-01T17:47:18,75,25,yes,25
5023,1772416038,2026-03-01T17:47:18,75,25,yes,94
5024,1772416039,2026-03-01T17:47:19,75,25,yes,104
5025,1772416040,2026-03-01T17:47:20,75,25,yes,58
5026,1772416040,2026-03-01T17:47:20,75,25,yes,65
5027,1772416040,2026-03-01T17:47:20,75,25,yes,15
5028,1772416041,2026-03-01T17:47:21,75,25,yes,6
5029,1772416042,2026-03-01T17:47:22,75,25,yes,13
5030,1772416042,2026-03-01T17:47:22,75,25,yes,1965
5031,1772416043,2026-03-01T17:47:23,75,25,yes,64
5032,1772416044,2026-03-01T17:47:24,75,25,yes,2
5033,1772416044,2026-03-01T17:47:24,75,25,yes,65
5034,1772416044,2026-03-01T17:47:24,75,25,yes,26
5035,1772416045,2026-03-01T17:47:25,74,26,no,5
5036,1772416045,2026-03-01T17:47:25,74,26,no,1
5037,1772416045,2026-03-01T17:47:25,74,26,no,55
5038,1772416045,2026-03-01T17:47:25,74,26,no,3054
5039,1772416045,2026-03-01T17:47:25,74,26,no,1
5040,1772416045,2026-03-01T17:47:25,73,27,no,7
5041,1772416045,2026-03-01T17:47:25,73,27,no,3054
5042,1772416045,2026-03-01T17:47:25,73,27,no,260
5043,1772416045,2026-03-01T17:47:25,74,26,yes,14
5044,1772416048,2026-03-01T17:47:28,73,27,yes,6
5045,1772416048,2026-03-01T17:47:28,73,27,yes,1
5046,1772416049,2026-03-01T17:47:29,73,27,yes,22
5047,1772416049,2026-03-01T17:47:29,73,27,yes,1
5048,1772416049,2026-03-01T17:47:29,73,27,yes,1
5049,1772416049,2026-03-01T17:47:29,73,27,yes,134
5050,1772416050,2026-03-01T17:47:30,73,27,yes,280
5051,1772416050,2026-03-01T17:47:30,73,27,yes,7
5052,1772416051,2026-03-01T17:47:31,73,27,yes,47
5053,1772416051,2026-03-01T17:47:31,73,27,yes,20
5054,1772416051,2026-03-01T17:47:31,73,27,yes,6
5055,1772416052,2026-03-01T17:47:32,73,27,yes,33
5056,1772416053,2026-03-01T17:47:33,73,27,yes,65
5057,1772416053,2026-03-01T17:47:33,73,27,yes,33
5058,1772416053,2026-03-01T17:47:33,73,27,yes,665
5059,1772416053,2026-03-01T17:47:33,73,27,yes,6117
5060,1772416054,2026-03-01T17:47:34,73,27,yes,62
5061,1772416054,2026-03-01T17:47:34,73,27,yes,4
5062,1772416054,2026-03-01T17:47:34,72,28,no,8500
5063,1772416055,2026-03-01T17:47:35,73,27,yes,44
5064,1772416056,2026-03-01T17:47:36,73,27,yes,6
5065,1772416056,2026-03-01T17:47:36,73,27,yes,26
5066,1772416057,2026-03-01T17:47:37,74,26,yes,1
5067,1772416057,2026-03-01T17:47:37,74,26,yes,6
5068,1772416059,2026-03-01T17:47:39,74,26,yes,148
5069,1772416059,2026-03-01T17:47:39,74,26,yes,191
5070,1772416060,2026-03-01T17:47:40,74,26,yes,13
5071,1772416062,2026-03-01T17:47:42,75,25,yes,1
5072,1772416065,2026-03-01T17:47:45,75,25,yes,28
5073,1772416067,2026-03-01T17:47:47,75,25,yes,171
5074,1772416067,2026-03-01T17:47:47,76,24,yes,1
5075,1772416067,2026-03-01T17:47:47,76,24,yes,587
5076,1772416067,2026-03-01T17:47:47,76,24,yes,5
5077,1772416067,2026-03-01T17:47:47,77,23,yes,1836
5078,1772416067,2026-03-01T17:47:47,77,23,yes,12
5079,1772416067,2026-03-01T17:47:47,77,23,yes,150
5080,1772416067,2026-03-01T17:47:47,78,22,yes,2278
5081,1772416069,2026-03-01T17:47:49,76,24,yes,150
5082,1772416070,2026-03-01T17:47:50,77,23,yes,5
5083,1772416071,2026-03-01T17:47:51,77,23,yes,18
5084,1772416072,2026-03-01T17:47:52,77,23,yes,15
5085,1772416073,2026-03-01T17:47:53,77,23,yes,88
5086,1772416076,2026-03-01T17:47:56,77,23,yes,126
5087,1772416077,2026-03-01T17:47:57,77,23,yes,7
5088,1772416077,2026-03-01T17:47:57,76,24,no,100
5089,1772416078,2026-03-01T17:47:58,77,23,yes,5
5090,1772416078,2026-03-01T17:47:58,77,23,yes,6
5091,1772416079,2026-03-01T17:47:59,77,23,yes,107
5092,1772416079,2026-03-01T17:47:59,76,24,no,2
5093,1772416080,2026-03-01T17:48:00,77,23,yes,10
5094,1772416080,2026-03-01T17:48:00,77,23,yes,2
5095,1772416080,2026-03-01T17:48:00,77,23,yes,37
5096,1772416082,2026-03-01T17:48:02,77,23,yes,6
5097,1772416082,2026-03-01T17:48:02,77,23,yes,15
5098,1772416082,2026-03-01T17:48:02,76,24,no,168
5099,1772416083,2026-03-01T17:48:03,77,23,yes,6
5100,1772416084,2026-03-01T17:48:04,77,23,yes,255
5101,1772416084,2026-03-01T17:48:04,77,23,yes,73
5102,1772416084,2026-03-01T17:48:04,77,23,yes,39
5103,1772416085,2026-03-01T17:48:05,77,23,yes,12
5104,1772416086,2026-03-01T17:48:06,77,23,yes,255
5105,1772416086,2026-03-01T17:48:06,76,24,no,5
5106,1772416086,2026-03-01T17:48:06,76,24,no,55
5107,1772416086,2026-03-01T17:48:06,76,24,no,30
5108,1772416087,2026-03-01T17:48:07,75,25,no,3
5109,1772416087,2026-03-01T17:48:07,75,25,no,7
5110,1772416087,2026-03-01T17:48:07,76,24,yes,64
5111,1772416087,2026-03-01T17:48:07,76,24,yes,6
5112,1772416088,2026-03-01T17:48:08,76,24,yes,51
5113,1772416088,2026-03-01T17:48:08,76,24,yes,110
5114,1772416089,2026-03-01T17:48:09,75,25,no,3
5115,1772416089,2026-03-01T17:48:09,76,24,yes,75
5116,1772416090,2026-03-01T17:48:10,76,24,yes,427
5117,1772416090,2026-03-01T17:48:10,76,24,yes,867
5118,1772416090,2026-03-01T17:48:10,76,24,yes,1
5119,1772416091,2026-03-01T17:48:11,76,24,yes,32
5120,1772416091,2026-03-01T17:48:11,76,24,yes,2
5121,1772416091,2026-03-01T17:48:11,75,25,no,50
5122,1772416091,2026-03-01T17:48:11,76,24,yes,12
5123,1772416092,2026-03-01T17:48:12,76,24,yes,1294
5124,1772416093,2026-03-01T17:48:13,76,24,yes,102
5125,1772416093,2026-03-01T17:48:13,76,24,yes,32
5126,1772416094,2026-03-01T17:48:14,76,24,yes,6
5127,1772416095,2026-03-01T17:48:15,76,24,yes,6
5128,1772416097,2026-03-01T17:48:17,76,24,yes,6
5129,1772416097,2026-03-01T17:48:17,76,24,yes,12
5130,1772416097,2026-03-01T17:48:17,76,24,yes,1
5131,1772416097,2026-03-01T17:48:17,76,24,yes,192
5132,1772416099,2026-03-01T17:48:19,76,24,yes,129
5133,1772416100,2026-03-01T17:48:20,76,24,yes,27
5134,1772416100,2026-03-01T17:48:20,76,24,yes,32
5135,1772416100,2026-03-01T17:48:20,76,24,yes,91
5136,1772416102,2026-03-01T17:48:22,76,24,yes,4
5137,1772416102,2026-03-01T17:48:22,76,24,yes,11
5138,1772416102,2026-03-01T17:48:22,76,24,yes,135
5139,1772416103,2026-03-01T17:48:23,77,23,yes,6
5140,1772416104,2026-03-01T17:48:24,77,23,yes,126
5141,1772416105,2026-03-01T17:48:25,77,23,yes,5
5142,1772416106,2026-03-01T17:48:26,77,23,yes,38
5143,1772416106,2026-03-01T17:48:26,77,23,yes,2
5144,1772416107,2026-03-01T17:48:27,77,23,yes,81
5145,1772416108,2026-03-01T17:48:28,77,23,yes,24
5146,1772416109,2026-03-01T17:48:29,77,23,yes,300
5147,1772416110,2026-03-01T17:48:30,77,23,yes,1
5148,1772416110,2026-03-01T17:48:30,77,23,yes,44
5149,1772416112,2026-03-01T17:48:32,77,23,yes,30
5150,1772416112,2026-03-01T17:48:32,77,23,yes,1
5151,1772416112,2026-03-01T17:48:32,77,23,yes,145
5152,1772416112,2026-03-01T17:48:32,77,23,yes,27
5153,1772416113,2026-03-01T17:48:33,77,23,yes,31
5154,1772416113,2026-03-01T17:48:33,77,23,yes,51
5155,1772416113,2026-03-01T17:48:33,77,23,yes,61
5156,1772416113,2026-03-01T17:48:33,77,23,yes,150
5157,1772416113,2026-03-01T17:48:33,77,23,yes,19
5158,1772416115,2026-03-01T17:48:35,77,23,yes,5
5159,1772416115,2026-03-01T17:48:35,77,23,yes,100
5160,1772416115,2026-03-01T17:48:35,77,23,yes,797
5161,1772416115,2026-03-01T17:48:35,77,23,yes,481
5162,1772416115,2026-03-01T17:48:35,77,23,yes,10
5163,1772416115,2026-03-01T17:48:35,77,23,yes,19
5164,1772416116,2026-03-01T17:48:36,76,24,no,100
5165,1772416117,2026-03-01T17:48:37,78,22,yes,35
5166,1772416117,2026-03-01T17:48:37,78,22,yes,878
5167,1772416117,2026-03-01T17:48:37,78,22,yes,10
5168,1772416117,2026-03-01T17:48:37,78,22,yes,151
5169,1772416117,2026-03-01T17:48:37,78,22,yes,116
5170,1772416117,2026-03-01T17:48:37,78,22,yes,1370
5171,1772416118,2026-03-01T17:48:38,78,22,yes,1630
5172,1772416118,2026-03-01T17:48:38,78,22,yes,870
5173,1772416119,2026-03-01T17:48:39,76,24,no,340
5174,1772416120,2026-03-01T17:48:40,78,22,yes,91
5175,1772416121,2026-03-01T17:48:41,77,23,yes,125
5176,1772416122,2026-03-01T17:48:42,76,24,no,5
5177,1772416122,2026-03-01T17:48:42,76,24,no,1658
5178,1772416124,2026-03-01T17:48:44,77,23,yes,19
5179,1772416124,2026-03-01T17:48:44,77,23,yes,50
5180,1772416125,2026-03-01T17:48:45,77,23,yes,127
5181,1772416125,2026-03-01T17:48:45,78,22,yes,5
5182,1772416125,2026-03-01T17:48:45,78,22,yes,98
5183,1772416126,2026-03-01T17:48:46,76,24,no,324
5184,1772416126,2026-03-01T17:48:46,76,24,no,5
5185,1772416126,2026-03-01T17:48:46,76,24,no,150
5186,1772416126,2026-03-01T17:48:46,76,24,no,2500
5187,1772416127,2026-03-01T17:48:47,76,24,yes,1
5188,1772416127,2026-03-01T17:48:47,76,24,yes,26
5189,1772416127,2026-03-01T17:48:47,76,24,yes,181
5190,1772416127,2026-03-01T17:48:47,76,24,yes,1
5191,1772416127,2026-03-01T17:48:47,76,24,yes,63
5192,1772416128,2026-03-01T17:48:48,76,24,yes,5
5193,1772416128,2026-03-01T17:48:48,76,24,yes,64
5194,1772416130,2026-03-01T17:48:50,76,24,yes,5
5195,1772416131,2026-03-01T17:48:51,76,24,yes,368
5196,1772416131,2026-03-01T17:48:51,76,24,yes,29
5197,1772416131,2026-03-01T17:48:51,76,24,yes,5
5198,1772416131,2026-03-01T17:48:51,76,24,yes,64
5199,1772416131,2026-03-01T17:48:51,76,24,yes,3179
5200,1772416132,2026-03-01T17:48:52,76,24,yes,5
5201,1772416132,2026-03-01T17:48:52,76,24,yes,12
5202,1772416132,2026-03-01T17:48:52,76,24,yes,5
5203,1772416132,2026-03-01T17:48:52,76,24,yes,2489
5204,1772416132,2026-03-01T17:48:52,76,24,yes,64
5205,1772416132,2026-03-01T17:48:52,76,24,yes,449
5206,1772416133,2026-03-01T17:48:53,76,24,yes,11
5207,1772416133,2026-03-01T17:48:53,76,24,yes,1244
5208,1772416134,2026-03-01T17:48:54,76,24,yes,475
5209,1772416134,2026-03-01T17:48:54,76,24,yes,128
5210,1772416134,2026-03-01T17:48:54,76,24,yes,80
5211,1772416134,2026-03-01T17:48:54,76,24,yes,68
5212,1772416134,2026-03-01T17:48:54,78,22,yes,80
5213,1772416136,2026-03-01T17:48:56,77,23,no,5
5214,1772416136,2026-03-01T17:48:56,77,23,no,245
5215,1772416136,2026-03-01T17:48:56,78,22,yes,58
5216,1772416137,2026-03-01T17:48:57,76,24,no,601
5217,1772416137,2026-03-01T17:48:57,76,24,no,8
5218,1772416137,2026-03-01T17:48:57,76,24,no,787
5219,1772416137,2026-03-01T17:48:57,76,24,no,110
5220,1772416137,2026-03-01T17:48:57,76,24,no,110
5221,1772416137,2026-03-01T17:48:57,75,25,no,1500
5222,1772416137,2026-03-01T17:48:57,75,25,no,40
5223,1772416137,2026-03-01T17:48:57,75,25,no,5
5224,1772416137,2026-03-01T17:48:57,75,25,no,515
5225,1772416137,2026-03-01T17:48:57,78,22,yes,6
5226,1772416137,2026-03-01T17:48:57,78,22,yes,1106
5227,1772416137,2026-03-01T17:48:57,78,22,yes,2012
5228,1772416137,2026-03-01T17:48:57,79,21,yes,9
5229,1772416138,2026-03-01T17:48:58,78,22,yes,126
5230,1772416138,2026-03-01T17:48:58,78,22,yes,1
5231,1772416140,2026-03-01T17:49:00,77,23,yes,125
5232,1772416141,2026-03-01T17:49:01,77,23,yes,18
5233,1772416141,2026-03-01T17:49:01,77,23,yes,1008
5234,1772416142,2026-03-01T17:49:02,77,23,yes,37
5235,1772416144,2026-03-01T17:49:04,77,23,yes,446
5236,1772416144,2026-03-01T17:49:04,77,23,yes,31
5237,1772416144,2026-03-01T17:49:04,77,23,yes,1
5238,1772416144,2026-03-01T17:49:04,77,23,yes,4
5239,1772416144,2026-03-01T17:49:04,77,23,yes,123
5240,1772416144,2026-03-01T17:49:04,77,23,yes,31
5241,1772416145,2026-03-01T17:49:05,77,23,yes,63
5242,1772416145,2026-03-01T17:49:05,77,23,yes,1
5243,1772416145,2026-03-01T17:49:05,77,23,yes,75
5244,1772416145,2026-03-01T17:49:05,77,23,yes,24
5245,1772416146,2026-03-01T17:49:06,77,23,yes,50
5246,1772416146,2026-03-01T17:49:06,76,24,no,105
5247,1772416147,2026-03-01T17:49:07,77,23,yes,4601
5248,1772416147,2026-03-01T17:49:07,77,23,yes,7
5249,1772416148,2026-03-01T17:49:08,77,23,yes,2
5250,1772416148,2026-03-01T17:49:08,77,23,yes,63
5251,1772416149,2026-03-01T17:49:09,77,23,yes,1278
5252,1772416149,2026-03-01T17:49:09,77,23,yes,1
5253,1772416149,2026-03-01T17:49:09,77,23,yes,3
5254,1772416150,2026-03-01T17:49:10,77,23,yes,51
5255,1772416150,2026-03-01T17:49:10,77,23,yes,27
5256,1772416150,2026-03-01T17:49:10,77,23,yes,23
5257,1772416151,2026-03-01T17:49:11,77,23,yes,12
5258,1772416151,2026-03-01T17:49:11,77,23,yes,1065
5259,1772416151,2026-03-01T17:49:11,77,23,yes,469
5260,1772416151,2026-03-01T17:49:11,77,23,yes,1
5261,1772416152,2026-03-01T17:49:12,77,23,yes,1007
5262,1772416152,2026-03-01T17:49:12,77,23,yes,27
5263,1772416153,2026-03-01T17:49:13,77,23,yes,166
5264,1772416153,2026-03-01T17:49:13,77,23,yes,466
5265,1772416154,2026-03-01T17:49:14,77,23,yes,1204
5266,1772416154,2026-03-01T17:49:14,77,23,yes,1670
5267,1772416154,2026-03-01T17:49:14,77,23,yes,682
5268,1772416154,2026-03-01T17:49:14,77,23,yes,1000
5269,1772416154,2026-03-01T17:49:14,77,23,yes,150
5270,1772416154,2026-03-01T17:49:14,77,23,yes,1623
5271,1772416156,2026-03-01T17:49:16,77,23,yes,11
5272,1772416156,2026-03-01T17:49:16,77,23,yes,15
5273,1772416156,2026-03-01T17:49:16,77,23,yes,111
5274,1772416158,2026-03-01T17:49:18,76,24,no,500
5275,1772416158,2026-03-01T17:49:18,76,24,no,5
5276,1772416158,2026-03-01T17:49:18,75,25,no,7
5277,1772416158,2026-03-01T17:49:18,75,25,no,5
5278,1772416158,2026-03-01T17:49:18,75,25,no,2
5279,1772416158,2026-03-01T17:49:18,75,25,no,205
5280,1772416158,2026-03-01T17:49:18,75,25,yes,37
5281,1772416158,2026-03-01T17:49:18,75,25,yes,12
5282,1772416158,2026-03-01T17:49:18,75,25,yes,146
5283,1772416158,2026-03-01T17:49:18,76,24,yes,104
5284,1772416161,2026-03-01T17:49:21,75,25,yes,2939
5285,1772416161,2026-03-01T17:49:21,75,25,yes,2939
5286,1772416161,2026-03-01T17:49:21,75,25,yes,615
5287,1772416161,2026-03-01T17:49:21,75,25,yes,100
5288,1772416161,2026-03-01T17:49:21,74,26,no,43
5289,1772416162,2026-03-01T17:49:22,74,26,no,77
5290,1772416162,2026-03-01T17:49:22,75,25,yes,78
5291,1772416162,2026-03-01T17:49:22,75,25,yes,97
5292,1772416163,2026-03-01T17:49:23,75,25,yes,1282
5293,1772416164,2026-03-01T17:49:24,75,25,yes,1298
5294,1772416165,2026-03-01T17:49:25,75,25,yes,129
5295,1772416165,2026-03-01T17:49:25,75,25,yes,1
5296,1772416165,2026-03-01T17:49:25,75,25,yes,1298
5297,1772416166,2026-03-01T17:49:26,75,25,yes,45
5298,1772416167,2026-03-01T17:49:27,75,25,yes,1310
5299,1772416167,2026-03-01T17:49:27,75,25,yes,6
5300,1772416167,2026-03-01T17:49:27,75,25,yes,245
5301,1772416167,2026-03-01T17:49:27,75,25,yes,64
5302,1772416167,2026-03-01T17:49:27,75,25,yes,9
5303,1772416168,2026-03-01T17:49:28,75,25,yes,19
5304,1772416169,2026-03-01T17:49:29,75,25,yes,129
5305,1772416169,2026-03-01T17:49:29,75,25,yes,52
5306,1772416170,2026-03-01T17:49:30,75,25,yes,2
5307,1772416170,2026-03-01T17:49:30,75,25,yes,131
5308,1772416171,2026-03-01T17:49:31,75,25,yes,2
5309,1772416171,2026-03-01T17:49:31,75,25,yes,3
5310,1772416172,2026-03-01T17:49:32,75,25,yes,39
5311,1772416172,2026-03-01T17:49:32,74,26,no,200
5312,1772416172,2026-03-01T17:49:32,75,25,yes,26
5313,1772416173,2026-03-01T17:49:33,74,26,yes,410
5314,1772416173,2026-03-01T17:49:33,74,26,yes,1700
5315,1772416174,2026-03-01T17:49:34,74,26,yes,265
5316,1772416174,2026-03-01T17:49:34,74,26,yes,25
5317,1772416174,2026-03-01T17:49:34,74,26,yes,376
5318,1772416174,2026-03-01T17:49:34,75,25,yes,1
5319,1772416174,2026-03-01T17:49:34,75,25,yes,2939
5320,1772416174,2026-03-01T17:49:34,75,25,yes,2060
5321,1772416175,2026-03-01T17:49:35,74,26,yes,259
5322,1772416176,2026-03-01T17:49:36,75,25,yes,6
5323,1772416176,2026-03-01T17:49:36,75,25,yes,1
5324,1772416177,2026-03-01T17:49:37,75,25,yes,65
5325,1772416177,2026-03-01T17:49:37,75,25,yes,78
5326,1772416177,2026-03-01T17:49:37,75,25,yes,5
5327,1772416177,2026-03-01T17:49:37,75,25,yes,48
5328,1772416178,2026-03-01T17:49:38,73,27,no,1
5329,1772416178,2026-03-01T17:49:38,75,25,yes,200
5330,1772416178,2026-03-01T17:49:38,75,25,yes,9
5331,1772416178,2026-03-01T17:49:38,75,25,yes,50
5332,1772416178,2026-03-01T17:49:38,75,25,yes,26
5333,1772416179,2026-03-01T17:49:39,75,25,yes,6
5334,1772416179,2026-03-01T17:49:39,75,25,yes,32
5335,1772416179,2026-03-01T17:49:39,75,25,yes,25
5336,1772416179,2026-03-01T17:49:39,75,25,yes,103
5337,1772416179,2026-03-01T17:49:39,75,25,yes,1256
5338,1772416180,2026-03-01T17:49:40,75,25,yes,224
5339,1772416180,2026-03-01T17:49:40,75,25,yes,131
5340,1772416181,2026-03-01T17:49:41,75,25,yes,13
5341,1772416182,2026-03-01T17:49:42,75,25,yes,32
5342,1772416183,2026-03-01T17:49:43,75,25,yes,1
5343,1772416183,2026-03-01T17:49:43,75,25,yes,29
5344,1772416185,2026-03-01T17:49:45,73,27,no,16
5345,1772416185,2026-03-01T17:49:45,74,26,yes,14
5346,1772416185,2026-03-01T17:49:45,74,26,yes,1
5347,1772416185,2026-03-01T17:49:45,74,26,yes,1
5348,1772416187,2026-03-01T17:49:47,74,26,yes,398
5349,1772416187,2026-03-01T17:49:47,74,26,yes,611
5350,1772416188,2026-03-01T17:49:48,75,25,yes,5
5351,1772416189,2026-03-01T17:49:49,75,25,yes,13
5352,1772416189,2026-03-01T17:49:49,75,25,yes,26
5353,1772416189,2026-03-01T17:49:49,73,27,no,7
5354,1772416189,2026-03-01T17:49:49,73,27,no,4
5355,1772416189,2026-03-01T17:49:49,75,25,yes,12
5356,1772416189,2026-03-01T17:49:49,73,27,no,1
5357,1772416191,2026-03-01T17:49:51,75,25,yes,1
5358,1772416191,2026-03-01T17:49:51,74,26,yes,5
5359,1772416192,2026-03-01T17:49:52,74,26,no,81
5360,1772416192,2026-03-01T17:49:52,75,25,yes,11
5361,1772416194,2026-03-01T17:49:54,74,26,yes,150
5362,1772416195,2026-03-01T17:49:55,75,25,yes,6
5363,1772416196,2026-03-01T17:49:56,75,25,yes,7
5364,1772416196,2026-03-01T17:49:56,75,25,yes,6
5365,1772416197,2026-03-01T17:49:57,75,25,yes,16
5366,1772416197,2026-03-01T17:49:57,75,25,yes,262
5367,1772416197,2026-03-01T17:49:57,74,26,no,125
5368,1772416201,2026-03-01T17:50:01,75,25,yes,56
5369,1772416202,2026-03-01T17:50:02,75,25,yes,1
5370,1772416202,2026-03-01T17:50:02,75,25,yes,32
5371,1772416203,2026-03-01T17:50:03,75,25,yes,39
5372,1772416204,2026-03-01T17:50:04,75,25,yes,52
5373,1772416204,2026-03-01T17:50:04,75,25,yes,25
5374,1772416204,2026-03-01T17:50:04,75,25,yes,194
5375,1772416204,2026-03-01T17:50:04,75,25,yes,19
5376,1772416204,2026-03-01T17:50:04,75,25,yes,65
5377,1772416205,2026-03-01T17:50:05,75,25,yes,51
5378,1772416205,2026-03-01T17:50:05,75,25,yes,45
5379,1772416206,2026-03-01T17:50:06,75,25,yes,131
5380,1772416207,2026-03-01T17:50:07,75,25,yes,1310
5381,1772416207,2026-03-01T17:50:07,75,25,yes,6
5382,1772416209,2026-03-01T17:50:09,76,24,yes,32
5383,1772416210,2026-03-01T17:50:10,76,24,yes,30
5384,1772416210,2026-03-01T17:50:10,76,24,yes,117
5385,1772416211,2026-03-01T17:50:11,77,23,yes,63
5386,1772416212,2026-03-01T17:50:12,77,23,yes,63
5387,1772416212,2026-03-01T17:50:12,77,23,yes,12
5388,1772416212,2026-03-01T17:50:12,77,23,yes,75
5389,1772416213,2026-03-01T17:50:13,78,22,yes,8
5390,1772416214,2026-03-01T17:50:14,78,22,yes,16
5391,1772416217,2026-03-01T17:50:17,78,22,yes,15
5392,1772416219,2026-03-01T17:50:19,78,22,yes,126
5393,1772416219,2026-03-01T17:50:19,78,22,yes,31
5394,1772416219,2026-03-01T17:50:19,78,22,yes,51
5395,1772416221,2026-03-01T17:50:21,78,22,yes,1
5396,1772416221,2026-03-01T17:50:21,78,22,yes,25
5397,1772416221,2026-03-01T17:50:21,77,23,no,87
5398,1772416222,2026-03-01T17:50:22,78,22,yes,227
5399,1772416222,2026-03-01T17:50:22,79,21,yes,11
5400,1772416222,2026-03-01T17:50:22,77,23,no,15
5401,1772416222,2026-03-01T17:50:22,78,22,yes,4
5402,1772416222,2026-03-01T17:50:22,79,21,yes,8
5403,1772416224,2026-03-01T17:50:24,78,22,yes,34
5404,1772416224,2026-03-01T17:50:24,77,23,no,20
5405,1772416224,2026-03-01T17:50:24,79,21,yes,9
5406,1772416224,2026-03-01T17:50:24,77,23,no,21
5407,1772416225,2026-03-01T17:50:25,79,21,yes,13
5408,1772416225,2026-03-01T17:50:25,79,21,yes,100
5409,1772416225,2026-03-01T17:50:25,79,21,yes,1945
5410,1772416225,2026-03-01T17:50:25,79,21,yes,6
5411,1772416225,2026-03-01T17:50:25,79,21,yes,14
5412,1772416226,2026-03-01T17:50:26,79,21,yes,73
5413,1772416227,2026-03-01T17:50:27,78,22,yes,41
5414,1772416228,2026-03-01T17:50:28,78,22,yes,21
5415,1772416229,2026-03-01T17:50:29,78,22,yes,89
5416,1772416230,2026-03-01T17:50:30,78,22,yes,14
5417,1772416230,2026-03-01T17:50:30,78,22,yes,53
5418,1772416231,2026-03-01T17:50:31,78,22,yes,74
5419,1772416231,2026-03-01T17:50:31,78,22,yes,1000
5420,1772416231,2026-03-01T17:50:31,78,22,yes,5
5421,1772416231,2026-03-01T17:50:31,78,22,yes,5
5422,1772416232,2026-03-01T17:50:32,78,22,yes,101
5423,1772416232,2026-03-01T17:50:32,78,22,yes,443
5424,1772416232,2026-03-01T17:50:32,78,22,yes,15
5425,1772416232,2026-03-01T17:50:32,78,22,yes,1
5426,1772416232,2026-03-01T17:50:32,78,22,yes,252
5427,1772416232,2026-03-01T17:50:32,78,22,yes,1
5428,1772416233,2026-03-01T17:50:33,78,22,yes,3
5429,1772416233,2026-03-01T17:50:33,78,22,yes,18
5430,1772416234,2026-03-01T17:50:34,78,22,yes,617
5431,1772416234,2026-03-01T17:50:34,78,22,yes,2
5432,1772416234,2026-03-01T17:50:34,78,22,yes,5
5433,1772416235,2026-03-01T17:50:35,78,22,yes,6
5434,1772416235,2026-03-01T17:50:35,78,22,yes,12
5435,1772416235,2026-03-01T17:50:35,78,22,yes,60
5436,1772416236,2026-03-01T17:50:36,78,22,yes,51
5437,1772416236,2026-03-01T17:50:36,78,22,yes,31
5438,1772416236,2026-03-01T17:50:36,78,22,yes,37
5439,1772416237,2026-03-01T17:50:37,78,22,yes,631
5440,1772416237,2026-03-01T17:50:37,78,22,yes,31
5441,1772416238,2026-03-01T17:50:38,78,22,yes,12
5442,1772416238,2026-03-01T17:50:38,78,22,yes,1
5443,1772416238,2026-03-01T17:50:38,77,23,no,21
5444,1772416238,2026-03-01T17:50:38,78,22,yes,40
5445,1772416239,2026-03-01T17:50:39,78,22,yes,1
5446,1772416239,2026-03-01T17:50:39,78,22,yes,15
5447,1772416240,2026-03-01T17:50:40,78,22,yes,25
5448,1772416241,2026-03-01T17:50:41,78,22,yes,375
5449,1772416241,2026-03-01T17:50:41,78,22,yes,3
5450,1772416241,2026-03-01T17:50:41,78,22,yes,16
5451,1772416242,2026-03-01T17:50:42,78,22,yes,5
5452,1772416242,2026-03-01T17:50:42,78,22,yes,250
5453,1772416243,2026-03-01T17:50:43,78,22,yes,10
5454,1772416243,2026-03-01T17:50:43,78,22,yes,63
5455,1772416244,2026-03-01T17:50:44,78,22,yes,1825
5456,1772416244,2026-03-01T17:50:44,78,22,yes,44
5457,1772416244,2026-03-01T17:50:44,78,22,yes,6
5458,1772416245,2026-03-01T17:50:45,78,22,yes,36
5459,1772416246,2026-03-01T17:50:46,78,22,yes,100
5460,1772416246,2026-03-01T17:50:46,78,22,yes,21
5461,1772416246,2026-03-01T17:50:46,78,22,yes,25
5462,1772416247,2026-03-01T17:50:47,78,22,yes,2525
5463,1772416248,2026-03-01T17:50:48,78,22,yes,125
5464,1772416248,2026-03-01T17:50:48,78,22,yes,2125
5465,1772416248,2026-03-01T17:50:48,78,22,yes,3535
5466,1772416248,2026-03-01T17:50:48,78,22,yes,1
5467,1772416249,2026-03-01T17:50:49,78,22,yes,20
5468,1772416249,2026-03-01T17:50:49,78,22,yes,31
5469,1772416250,2026-03-01T17:50:50,78,22,yes,125
5470,1772416250,2026-03-01T17:50:50,78,22,yes,1
5471,1772416250,2026-03-01T17:50:50,78,22,yes,62
5472,1772416251,2026-03-01T17:50:51,78,22,yes,20
5473,1772416251,2026-03-01T17:50:51,78,22,yes,6
5474,1772416252,2026-03-01T17:50:52,78,22,yes,56
5475,1772416252,2026-03-01T17:50:52,78,22,yes,1
5476,1772416252,2026-03-01T17:50:52,78,22,yes,25
5477,1772416253,2026-03-01T17:50:53,78,22,yes,125
5478,1772416253,2026-03-01T17:50:53,78,22,yes,1
5479,1772416254,2026-03-01T17:50:54,78,22,yes,100
5480,1772416254,2026-03-01T17:50:54,78,22,yes,125
5481,1772416254,2026-03-01T17:50:54,78,22,yes,500
5482,1772416254,2026-03-01T17:50:54,78,22,yes,347
5483,1772416254,2026-03-01T17:50:54,78,22,yes,6
5484,1772416254,2026-03-01T17:50:54,78,22,yes,10000
5485,1772416256,2026-03-01T17:50:56,78,22,yes,476
5486,1772416256,2026-03-01T17:50:56,78,22,yes,10
5487,1772416257,2026-03-01T17:50:57,78,22,yes,6
5488,1772416258,2026-03-01T17:50:58,78,22,yes,625
5489,1772416259,2026-03-01T17:50:59,78,22,yes,50
5490,1772416259,2026-03-01T17:50:59,78,22,yes,250
5491,1772416260,2026-03-01T17:51:00,78,22,yes,1
5492,1772416261,2026-03-01T17:51:01,78,22,yes,1
5493,1772416261,2026-03-01T17:51:01,78,22,yes,1
5494,1772416261,2026-03-01T17:51:01,78,22,yes,287
5495,1772416261,2026-03-01T17:51:01,78,22,yes,36
5496,1772416261,2026-03-01T17:51:01,78,22,yes,55
5497,1772416262,2026-03-01T17:51:02,78,22,yes,5
5498,1772416262,2026-03-01T17:51:02,78,22,yes,12
5499,1772416262,2026-03-01T17:51:02,77,23,no,60
5500,1772416262,2026-03-01T17:51:02,78,22,yes,125
5501,1772416262,2026-03-01T17:51:02,77,23,no,26
5502,1772416263,2026-03-01T17:51:03,78,22,yes,1
5503,1772416263,2026-03-01T17:51:03,78,22,yes,50
5504,1772416263,2026-03-01T17:51:03,78,22,yes,2
5505,1772416263,2026-03-01T17:51:03,78,22,yes,69
5506,1772416264,2026-03-01T17:51:04,78,22,yes,63
5507,1772416265,2026-03-01T17:51:05,78,22,yes,45
5508,1772416267,2026-03-01T17:51:07,78,22,yes,2
5509,1772416267,2026-03-01T17:51:07,78,22,yes,10
5510,1772416267,2026-03-01T17:51:07,78,22,yes,25
5511,1772416267,2026-03-01T17:51:07,78,22,yes,9
5512,1772416268,2026-03-01T17:51:08,78,22,yes,62
5513,1772416269,2026-03-01T17:51:09,78,22,yes,63
5514,1772416269,2026-03-01T17:51:09,78,22,yes,310
5515,1772416269,2026-03-01T17:51:09,78,22,yes,300
5516,1772416270,2026-03-01T17:51:10,78,22,yes,1
5517,1772416271,2026-03-01T17:51:11,78,22,yes,22
5518,1772416272,2026-03-01T17:51:12,77,23,no,50
5519,1772416272,2026-03-01T17:51:12,78,22,yes,34
5520,1772416272,2026-03-01T17:51:12,78,22,yes,631
5521,1772416273,2026-03-01T17:51:13,78,22,yes,541
5522,1772416273,2026-03-01T17:51:13,78,22,yes,8
5523,1772416273,2026-03-01T17:51:13,78,22,yes,308
5524,1772416273,2026-03-01T17:51:13,78,22,yes,2
5525,1772416275,2026-03-01T17:51:15,78,22,yes,150
5526,1772416275,2026-03-01T17:51:15,77,23,no,13
5527,1772416275,2026-03-01T17:51:15,78,22,yes,2
5528,1772416276,2026-03-01T17:51:16,78,22,yes,6
5529,1772416276,2026-03-01T17:51:16,78,22,yes,143
5530,1772416276,2026-03-01T17:51:16,77,23,no,986
5531,1772416276,2026-03-01T17:51:16,78,22,yes,69
5532,1772416278,2026-03-01T17:51:18,78,22,yes,25
5533,1772416278,2026-03-01T17:51:18,78,22,yes,126
5534,1772416278,2026-03-01T17:51:18,78,22,yes,185
5535,1772416278,2026-03-01T17:51:18,78,22,yes,8
5536,1772416278,2026-03-01T17:51:18,78,22,yes,62
5537,1772416278,2026-03-01T17:51:18,78,22,yes,1
5538,1772416278,2026-03-01T17:51:18,78,22,yes,44
5539,1772416279,2026-03-01T17:51:19,78,22,yes,315
5540,1772416279,2026-03-01T17:51:19,78,22,yes,11
5541,1772416280,2026-03-01T17:51:20,78,22,yes,15
5542,1772416281,2026-03-01T17:51:21,78,22,yes,37
5543,1772416281,2026-03-01T17:51:21,78,22,yes,5
5544,1772416281,2026-03-01T17:51:21,78,22,yes,126
5545,1772416282,2026-03-01T17:51:22,78,22,yes,25
5546,1772416282,2026-03-01T17:51:22,78,22,yes,1
5547,1772416282,2026-03-01T17:51:22,78,22,yes,25
5548,1772416282,2026-03-01T17:51:22,78,22,yes,24
5549,1772416283,2026-03-01T17:51:23,78,22,yes,92
5550,1772416283,2026-03-01T17:51:23,78,22,yes,902
5551,1772416283,2026-03-01T17:51:23,78,22,yes,1000
5552,1772416283,2026-03-01T17:51:23,78,22,yes,126
5553,1772416284,2026-03-01T17:51:24,78,22,yes,198
5554,1772416285,2026-03-01T17:51:25,78,22,yes,19
5555,1772416286,2026-03-01T17:51:26,77,23,no,24
5556,1772416288,2026-03-01T17:51:28,78,22,yes,88
5557,1772416289,2026-03-01T17:51:29,78,22,yes,141
5558,1772416289,2026-03-01T17:51:29,78,22,yes,12
5559,1772416289,2026-03-01T17:51:29,78,22,yes,1262
5560,1772416289,2026-03-01T17:51:29,78,22,yes,1199
5561,1772416290,2026-03-01T17:51:30,77,23,no,51
5562,1772416290,2026-03-01T17:51:30,78,22,yes,6
5563,1772416292,2026-03-01T17:51:32,78,22,yes,126
5564,1772416292,2026-03-01T17:51:32,78,22,yes,225
5565,1772416292,2026-03-01T17:51:32,78,22,yes,5
5566,1772416292,2026-03-01T17:51:32,78,22,yes,63
5567,1772416293,2026-03-01T17:51:33,78,22,yes,1262
5568,1772416294,2026-03-01T17:51:34,78,22,yes,825
5569,1772416295,2026-03-01T17:51:35,78,22,yes,6
5570,1772416295,2026-03-01T17:51:35,78,22,yes,6
5571,1772416296,2026-03-01T17:51:36,78,22,yes,10
5572,1772416296,2026-03-01T17:51:36,78,22,yes,10
5573,1772416297,2026-03-01T17:51:37,78,22,yes,100
5574,1772416297,2026-03-01T17:51:37,78,22,yes,14
5575,1772416297,2026-03-01T17:51:37,78,22,yes,73
5576,1772416298,2026-03-01T17:51:38,78,22,yes,125
5577,1772416298,2026-03-01T17:51:38,78,22,yes,8
5578,1772416298,2026-03-01T17:51:38,77,23,no,164
5579,1772416298,2026-03-01T17:51:38,78,22,yes,126
5580,1772416299,2026-03-01T17:51:39,78,22,yes,18
5581,1772416299,2026-03-01T17:51:39,78,22,yes,1262
5582,1772416300,2026-03-01T17:51:40,78,22,yes,1104
5583,1772416302,2026-03-01T17:51:42,78,22,yes,253
5584,1772416303,2026-03-01T17:51:43,77,23,no,1031
5585,1772416304,2026-03-01T17:51:44,78,22,yes,126
5586,1772416304,2026-03-01T17:51:44,78,22,yes,100
5587,1772416304,2026-03-01T17:51:44,78,22,yes,25
5588,1772416304,2026-03-01T17:51:44,78,22,yes,5
5589,1772416304,2026-03-01T17:51:44,78,22,yes,1
5590,1772416305,2026-03-01T17:51:45,78,22,yes,148
5591,1772416306,2026-03-01T17:51:46,78,22,yes,12
5592,1772416306,2026-03-01T17:51:46,78,22,yes,18
5593,1772416306,2026-03-01T17:51:46,78,22,yes,12
5594,1772416307,2026-03-01T17:51:47,77,23,no,5
5595,1772416307,2026-03-01T17:51:47,77,23,no,144
5596,1772416307,2026-03-01T17:51:47,78,22,yes,1199
5597,1772416308,2026-03-01T17:51:48,78,22,yes,315
5598,1772416308,2026-03-01T17:51:48,78,22,yes,31
5599,1772416308,2026-03-01T17:51:48,78,22,yes,6
5600,1772416309,2026-03-01T17:51:49,78,22,yes,6
5601,1772416309,2026-03-01T17:51:49,78,22,yes,1
5602,1772416310,2026-03-01T17:51:50,78,22,yes,66
5603,1772416310,2026-03-01T17:51:50,78,22,yes,12
5604,1772416311,2026-03-01T17:51:51,78,22,yes,25
5605,1772416311,2026-03-01T17:51:51,78,22,yes,3
5606,1772416311,2026-03-01T17:51:51,78,22,yes,31
5607,1772416312,2026-03-01T17:51:52,78,22,yes,117
5608,1772416313,2026-03-01T17:51:53,77,23,no,494
5609,1772416314,2026-03-01T17:51:54,78,22,yes,25
5610,1772416315,2026-03-01T17:51:55,78,22,yes,11
5611,1772416315,2026-03-01T17:51:55,78,22,yes,1986
5612,1772416316,2026-03-01T17:51:56,78,22,yes,375
5613,1772416316,2026-03-01T17:51:56,78,22,yes,21
5614,1772416317,2026-03-01T17:51:57,78,22,yes,1
5615,1772416317,2026-03-01T17:51:57,78,22,yes,70
5616,1772416318,2026-03-01T17:51:58,78,22,yes,71
5617,1772416319,2026-03-01T17:51:59,78,22,yes,100
5618,1772416320,2026-03-01T17:52:00,78,22,yes,56
5619,1772416321,2026-03-01T17:52:01,78,22,yes,170
5620,1772416321,2026-03-01T17:52:01,78,22,yes,10
5621,1772416322,2026-03-01T17:52:02,78,22,yes,12
5622,1772416322,2026-03-01T17:52:02,78,22,yes,1910
5623,1772416322,2026-03-01T17:52:02,78,22,yes,1390
5624,1772416322,2026-03-01T17:52:02,78,22,yes,13
5625,1772416323,2026-03-01T17:52:03,78,22,yes,220
5626,1772416323,2026-03-01T17:52:03,78,22,yes,63
5627,1772416324,2026-03-01T17:52:04,78,22,yes,2500
5628,1772416324,2026-03-01T17:52:04,78,22,yes,23
5629,1772416324,2026-03-01T17:52:04,78,22,yes,19
5630,1772416324,2026-03-01T17:52:04,77,23,no,29
5631,1772416324,2026-03-01T17:52:04,77,23,no,60
5632,1772416325,2026-03-01T17:52:05,78,22,yes,2
5633,1772416325,2026-03-01T17:52:05,78,22,yes,63
5634,1772416327,2026-03-01T17:52:07,78,22,yes,5
5635,1772416328,2026-03-01T17:52:08,78,22,yes,1
5636,1772416329,2026-03-01T17:52:09,78,22,yes,126
5637,1772416329,2026-03-01T17:52:09,78,22,yes,3
5638,1772416330,2026-03-01T17:52:10,78,22,yes,2
5639,1772416330,2026-03-01T17:52:10,78,22,yes,105
5640,1772416330,2026-03-01T17:52:10,77,23,no,1
5641,1772416331,2026-03-01T17:52:11,78,22,yes,68
5642,1772416331,2026-03-01T17:52:11,77,23,no,5
5643,1772416332,2026-03-01T17:52:12,78,22,yes,63
5644,1772416332,2026-03-01T17:52:12,78,22,yes,63
5645,1772416333,2026-03-01T17:52:13,78,22,yes,12
5646,1772416333,2026-03-01T17:52:13,78,22,yes,11
5647,1772416335,2026-03-01T17:52:15,78,22,yes,62
5648,1772416335,2026-03-01T17:52:15,78,22,yes,410
5649,1772416335,2026-03-01T17:52:15,78,22,yes,49
5650,1772416337,2026-03-01T17:52:17,78,22,yes,15
5651,1772416337,2026-03-01T17:52:17,78,22,yes,124
5652,1772416338,2026-03-01T17:52:18,78,22,yes,1600
5653,1772416339,2026-03-01T17:52:19,78,22,yes,35
5654,1772416339,2026-03-01T17:52:19,78,22,yes,31
5655,1772416340,2026-03-01T17:52:20,78,22,yes,1
5656,1772416340,2026-03-01T17:52:20,78,22,yes,50
5657,1772416341,2026-03-01T17:52:21,78,22,yes,190
5658,1772416341,2026-03-01T17:52:21,78,22,yes,126
5659,1772416341,2026-03-01T17:52:21,78,22,yes,1
5660,1772416341,2026-03-01T17:52:21,78,22,yes,1
5661,1772416341,2026-03-01T17:52:21,78,22,yes,539
5662,1772416342,2026-03-01T17:52:22,78,22,yes,210
5663,1772416342,2026-03-01T17:52:22,78,22,yes,3125
5664,1772416344,2026-03-01T17:52:24,78,22,yes,12
5665,1772416344,2026-03-01T17:52:24,78,22,yes,25
5666,1772416345,2026-03-01T17:52:25,77,23,no,69
5667,1772416347,2026-03-01T17:52:27,78,22,yes,2
5668,1772416349,2026-03-01T17:52:29,78,22,yes,411
5669,1772416349,2026-03-01T17:52:29,78,22,yes,10
5670,1772416349,2026-03-01T17:52:29,78,22,yes,9
5671,1772416350,2026-03-01T17:52:30,78,22,yes,2
5672,1772416350,2026-03-01T17:52:30,78,22,yes,56
5673,1772416350,2026-03-01T17:52:30,78,22,yes,6
5674,1772416352,2026-03-01T17:52:32,78,22,yes,2
5675,1772416353,2026-03-01T17:52:33,78,22,yes,63
5676,1772416353,2026-03-01T17:52:33,78,22,yes,3
5677,1772416353,2026-03-01T17:52:33,78,22,yes,5
5678,1772416354,2026-03-01T17:52:34,78,22,yes,36
5679,1772416354,2026-03-01T17:52:34,78,22,yes,100
5680,1772416355,2026-03-01T17:52:35,78,22,yes,1
5681,1772416355,2026-03-01T17:52:35,78,22,yes,31
5682,1772416355,2026-03-01T17:52:35,78,22,yes,101
5683,1772416355,2026-03-01T17:52:35,78,22,yes,378
5684,1772416355,2026-03-01T17:52:35,77,23,no,19
5685,1772416356,2026-03-01T17:52:36,78,22,yes,500
5686,1772416356,2026-03-01T17:52:36,78,22,yes,130
5687,1772416356,2026-03-01T17:52:36,78,22,yes,18
5688,1772416359,2026-03-01T17:52:39,78,22,yes,267
5689,1772416360,2026-03-01T17:52:40,78,22,yes,68
5690,1772416360,2026-03-01T17:52:40,78,22,yes,2
5691,1772416361,2026-03-01T17:52:41,78,22,yes,250
5692,1772416362,2026-03-01T17:52:42,78,22,yes,125
5693,1772416363,2026-03-01T17:52:43,78,22,yes,100
5694,1772416363,2026-03-01T17:52:43,78,22,yes,1
5695,1772416364,2026-03-01T17:52:44,78,22,yes,55
5696,1772416364,2026-03-01T17:52:44,78,22,yes,2
5697,1772416364,2026-03-01T17:52:44,78,22,yes,37
5698,1772416364,2026-03-01T17:52:44,78,22,yes,31
5699,1772416366,2026-03-01T17:52:46,78,22,yes,73
5700,1772416366,2026-03-01T17:52:46,78,22,yes,239
5701,1772416368,2026-03-01T17:52:48,78,22,yes,42
5702,1772416369,2026-03-01T17:52:49,78,22,yes,305
5703,1772416369,2026-03-01T17:52:49,78,22,yes,125
5704,1772416369,2026-03-01T17:52:49,78,22,yes,56
5705,1772416369,2026-03-01T17:52:49,78,22,yes,944
5706,1772416369,2026-03-01T17:52:49,78,22,yes,41
5707,1772416370,2026-03-01T17:52:50,78,22,yes,757
5708,1772416370,2026-03-01T17:52:50,78,22,yes,155
5709,1772416370,2026-03-01T17:52:50,78,22,yes,625
5710,1772416371,2026-03-01T17:52:51,77,23,no,3954
5711,1772416371,2026-03-01T17:52:51,78,22,yes,250
5712,1772416371,2026-03-01T17:52:51,78,22,yes,83
5713,1772416371,2026-03-01T17:52:51,78,22,yes,213
5714,1772416372,2026-03-01T17:52:52,78,22,yes,22
5715,1772416372,2026-03-01T17:52:52,78,22,yes,1
5716,1772416373,2026-03-01T17:52:53,78,22,yes,30
5717,1772416373,2026-03-01T17:52:53,78,22,yes,25
5718,1772416374,2026-03-01T17:52:54,78,22,yes,10
5719,1772416375,2026-03-01T17:52:55,78,22,yes,1
5720,1772416375,2026-03-01T17:52:55,77,23,no,34
5721,1772416375,2026-03-01T17:52:55,77,23,no,10
5722,1772416375,2026-03-01T17:52:55,78,22,yes,20
5723,1772416376,2026-03-01T17:52:56,78,22,yes,125
5724,1772416376,2026-03-01T17:52:56,78,22,yes,3
5725,1772416377,2026-03-01T17:52:57,78,22,yes,91
5726,1772416377,2026-03-01T17:52:57,78,22,yes,262
5727,1772416378,2026-03-01T17:52:58,78,22,yes,25
5728,1772416378,2026-03-01T17:52:58,78,22,yes,1
5729,1772416378,2026-03-01T17:52:58,78,22,yes,31
5730,1772416378,2026-03-01T17:52:58,78,22,yes,2
5731,1772416379,2026-03-01T17:52:59,78,22,yes,11
5732,1772416381,2026-03-01T17:53:01,78,22,yes,1
5733,1772416381,2026-03-01T17:53:01,78,22,yes,39
5734,1772416381,2026-03-01T17:53:01,78,22,yes,300
5735,1772416381,2026-03-01T17:53:01,78,22,yes,28
5736,1772416381,2026-03-01T17:53:01,78,22,yes,6
5737,1772416383,2026-03-01T17:53:03,78,22,yes,14
5738,1772416383,2026-03-01T17:53:03,78,22,yes,2
5739,1772416384,2026-03-01T17:53:04,78,22,yes,126
5740,1772416384,2026-03-01T17:53:04,78,22,yes,100
5741,1772416384,2026-03-01T17:53:04,78,22,yes,1
5742,1772416384,2026-03-01T17:53:04,78,22,yes,4
5743,1772416385,2026-03-01T17:53:05,78,22,yes,1147
5744,1772416386,2026-03-01T17:53:06,78,22,yes,75
5745,1772416387,2026-03-01T17:53:07,78,22,yes,25
5746,1772416388,2026-03-01T17:53:08,78,22,yes,32
5747,1772416388,2026-03-01T17:53:08,78,22,yes,1
5748,1772416388,2026-03-01T17:53:08,78,22,yes,1
5749,1772416391,2026-03-01T17:53:11,78,22,yes,80
5750,1772416391,2026-03-01T17:53:11,78,22,yes,21
5751,1772416391,2026-03-01T17:53:11,78,22,yes,29
5752,1772416391,2026-03-01T17:53:11,78,22,yes,25
5753,1772416391,2026-03-01T17:53:11,78,22,yes,46
5754,1772416391,2026-03-01T17:53:11,78,22,yes,6
5755,1772416392,2026-03-01T17:53:12,78,22,yes,5
5756,1772416392,2026-03-01T17:53:12,78,22,yes,5532
5757,1772416392,2026-03-01T17:53:12,77,23,no,63
5758,1772416392,2026-03-01T17:53:12,78,22,yes,2
5759,1772416393,2026-03-01T17:53:13,78,22,yes,1000
5760,1772416393,2026-03-01T17:53:13,78,22,yes,123
5761,1772416394,2026-03-01T17:53:14,78,22,yes,6
5762,1772416395,2026-03-01T17:53:15,78,22,yes,5
5763,1772416395,2026-03-01T17:53:15,78,22,yes,1
5764,1772416396,2026-03-01T17:53:16,78,22,yes,1
5765,1772416396,2026-03-01T17:53:16,78,22,yes,144
5766,1772416396,2026-03-01T17:53:16,78,22,yes,3
5767,1772416398,2026-03-01T17:53:18,78,22,yes,125
5768,1772416399,2026-03-01T17:53:19,78,22,yes,37
5769,1772416399,2026-03-01T17:53:19,78,22,yes,378
5770,1772416400,2026-03-01T17:53:20,78,22,yes,2
5771,1772416401,2026-03-01T17:53:21,78,22,yes,126
5772,1772416401,2026-03-01T17:53:21,78,22,yes,5
5773,1772416402,2026-03-01T17:53:22,78,22,yes,8
5774,1772416404,2026-03-01T17:53:24,78,22,yes,7445
5775,1772416404,2026-03-01T17:53:24,78,22,yes,2730
5776,1772416404,2026-03-01T17:53:24,78,22,yes,8546
5777,1772416404,2026-03-01T17:53:24,78,22,yes,1
5778,1772416404,2026-03-01T17:53:24,78,22,yes,2855
5779,1772416404,2026-03-01T17:53:24,78,22,yes,2855
5780,1772416404,2026-03-01T17:53:24,78,22,yes,2855
5781,1772416404,2026-03-01T17:53:24,78,22,yes,2855
5782,1772416404,2026-03-01T17:53:24,78,22,yes,1423
5783,1772416404,2026-03-01T17:53:24,78,22,yes,2
5784,1772416405,2026-03-01T17:53:25,78,22,yes,25
5785,1772416406,2026-03-01T17:53:26,78,22,yes,2
5786,1772416406,2026-03-01T17:53:26,78,22,yes,126
5787,1772416407,2026-03-01T17:53:27,78,22,yes,1000
5788,1772416407,2026-03-01T17:53:27,78,22,yes,252
5789,1772416407,2026-03-01T17:53:27,78,22,yes,2
5790,1772416409,2026-03-01T17:53:29,78,22,yes,694
5791,1772416410,2026-03-01T17:53:30,78,22,yes,31
5792,1772416410,2026-03-01T17:53:30,78,22,yes,68
5793,1772416410,2026-03-01T17:53:30,78,22,yes,10
5794,1772416410,2026-03-01T17:53:30,78,22,yes,95
5795,1772416411,2026-03-01T17:53:31,78,22,yes,51
5796,1772416412,2026-03-01T17:53:32,78,22,yes,1
5797,1772416413,2026-03-01T17:53:33,78,22,yes,25
5798,1772416414,2026-03-01T17:53:34,78,22,yes,25
5799,1772416414,2026-03-01T17:53:34,78,22,yes,78
5800,1772416414,2026-03-01T17:53:34,78,22,yes,1000
5801,1772416414,2026-03-01T17:53:34,78,22,yes,6
5802,1772416414,2026-03-01T17:53:34,78,22,yes,3
5803,1772416415,2026-03-01T17:53:35,78,22,yes,126
5804,1772416417,2026-03-01T17:53:37,78,22,yes,31
5805,1772416418,2026-03-01T17:53:38,78,22,yes,2
5806,1772416418,2026-03-01T17:53:38,78,22,yes,3
5807,1772416418,2026-03-01T17:53:38,78,22,yes,505
5808,1772416418,2026-03-01T17:53:38,78,22,yes,68
5809,1772416420,2026-03-01T17:53:40,78,22,yes,16
5810,1772416421,2026-03-01T17:53:41,78,22,yes,1
5811,1772416422,2026-03-01T17:53:42,78,22,yes,1
5812,1772416424,2026-03-01T17:53:44,78,22,yes,25
5813,1772416424,2026-03-01T17:53:44,78,22,yes,37
5814,1772416424,2026-03-01T17:53:44,78,22,yes,8
5815,1772416426,2026-03-01T17:53:46,78,22,yes,15
5816,1772416428,2026-03-01T17:53:48,78,22,yes,25
5817,1772416428,2026-03-01T17:53:48,78,22,yes,75
5818,1772416428,2026-03-01T17:53:48,77,23,no,3000
5819,1772416429,2026-03-01T17:53:49,78,22,yes,119
5820,1772416429,2026-03-01T17:53:49,78,22,yes,25
5821,1772416429,2026-03-01T17:53:49,78,22,yes,50
5822,1772416430,2026-03-01T17:53:50,78,22,yes,11
5823,1772416430,2026-03-01T17:53:50,78,22,yes,1
5824,1772416431,2026-03-01T17:53:51,78,22,yes,2
5825,1772416431,2026-03-01T17:53:51,78,22,yes,12
5826,1772416431,2026-03-01T17:53:51,78,22,yes,1250
5827,1772416431,2026-03-01T17:53:51,77,23,no,17118
5828,1772416431,2026-03-01T17:53:51,77,23,no,2882
5829,1772416432,2026-03-01T17:53:52,78,22,yes,25
5830,1772416432,2026-03-01T17:53:52,77,23,no,39
5831,1772416432,2026-03-01T17:53:52,78,22,yes,49
5832,1772416432,2026-03-01T17:53:52,77,23,no,8
5833,1772416433,2026-03-01T17:53:53,78,22,yes,5
5834,1772416433,2026-03-01T17:53:53,78,22,yes,93
5835,1772416433,2026-03-01T17:53:53,78,22,yes,152
5836,1772416433,2026-03-01T17:53:53,78,22,yes,31
5837,1772416436,2026-03-01T17:53:56,78,22,yes,5
5838,1772416437,2026-03-01T17:53:57,78,22,yes,1
5839,1772416437,2026-03-01T17:53:57,78,22,yes,51
5840,1772416439,2026-03-01T17:53:59,78,22,yes,62
5841,1772416440,2026-03-01T17:54:00,78,22,yes,4
5842,1772416440,2026-03-01T17:54:00,78,22,yes,1
5843,1772416440,2026-03-01T17:54:00,78,22,yes,12
5844,1772416440,2026-03-01T17:54:00,78,22,yes,2921
5845,1772416441,2026-03-01T17:54:01,78,22,yes,50
5846,1772416441,2026-03-01T17:54:01,78,22,yes,131
5847,1772416444,2026-03-01T17:54:04,77,23,no,1
5848,1772416444,2026-03-01T17:54:04,77,23,no,100
5849,1772416444,2026-03-01T17:54:04,77,23,no,100
5850,1772416444,2026-03-01T17:54:04,77,23,no,1
5851,1772416444,2026-03-01T17:54:04,77,23,no,100
5852,1772416444,2026-03-01T17:54:04,77,23,no,500
5853,1772416444,2026-03-01T17:54:04,77,23,no,5
5854,1772416446,2026-03-01T17:54:06,77,23,yes,1
5855,1772416447,2026-03-01T17:54:07,78,22,yes,566
5856,1772416447,2026-03-01T17:54:07,79,21,yes,2
5857,1772416448,2026-03-01T17:54:08,79,21,yes,11
5858,1772416448,2026-03-01T17:54:08,79,21,yes,137
5859,1772416449,2026-03-01T17:54:09,80,20,yes,1
5860,1772416450,2026-03-01T17:54:10,80,20,yes,49
5861,1772416450,2026-03-01T17:54:10,80,20,yes,60
5862,1772416450,2026-03-01T17:54:10,80,20,yes,10
5863,1772416450,2026-03-01T17:54:10,80,20,yes,5
5864,1772416450,2026-03-01T17:54:10,80,20,yes,7
5865,1772416450,2026-03-01T17:54:10,80,20,yes,5
5866,1772416450,2026-03-01T17:54:10,80,20,yes,126
5867,1772416450,2026-03-01T17:54:10,80,20,yes,7
5868,1772416450,2026-03-01T17:54:10,80,20,yes,2164
5869,1772416451,2026-03-01T17:54:11,80,20,yes,4
5870,1772416451,2026-03-01T17:54:11,80,20,yes,5
5871,1772416451,2026-03-01T17:54:11,81,19,yes,3
5872,1772416451,2026-03-01T17:54:11,81,19,yes,9
5873,1772416451,2026-03-01T17:54:11,81,19,yes,15
5874,1772416451,2026-03-01T17:54:11,81,19,yes,150
5875,1772416451,2026-03-01T17:54:11,81,19,yes,129
5876,1772416455,2026-03-01T17:54:15,80,20,no,72
5877,1772416456,2026-03-01T17:54:16,81,19,yes,205
5878,1772416456,2026-03-01T17:54:16,81,19,yes,77
5879,1772416457,2026-03-01T17:54:17,81,19,yes,1
5880,1772416458,2026-03-01T17:54:18,81,19,yes,8
5881,1772416458,2026-03-01T17:54:18,81,19,yes,1
5882,1772416459,2026-03-01T17:54:19,80,20,no,31
5883,1772416461,2026-03-01T17:54:21,81,19,yes,30
5884,1772416462,2026-03-01T17:54:22,81,19,yes,6
5885,1772416462,2026-03-01T17:54:22,80,20,no,21
5886,1772416462,2026-03-01T17:54:22,80,20,no,21
5887,1772416463,2026-03-01T17:54:23,81,19,yes,2468
5888,1772416463,2026-03-01T17:54:23,81,19,yes,243
5889,1772416463,2026-03-01T17:54:23,81,19,yes,2
5890,1772416465,2026-03-01T17:54:25,80,20,yes,6
5891,1772416465,2026-03-01T17:54:25,79,21,yes,120
5892,1772416465,2026-03-01T17:54:25,80,20,yes,34
5893,1772416465,2026-03-01T17:54:25,80,20,yes,10
5894,1772416465,2026-03-01T17:54:25,80,20,yes,30
5895,1772416467,2026-03-01T17:54:27,80,20,yes,1
5896,1772416468,2026-03-01T17:54:28,80,20,yes,136
5897,1772416468,2026-03-01T17:54:28,80,20,no,3250
5898,1772416468,2026-03-01T17:54:28,80,20,no,3250
5899,1772416468,2026-03-01T17:54:28,80,20,yes,2
5900,1772416469,2026-03-01T17:54:29,80,20,yes,13
5901,1772416470,2026-03-01T17:54:30,80,20,yes,172
5902,1772416470,2026-03-01T17:54:30,80,20,yes,293
5903,1772416471,2026-03-01T17:54:31,80,20,yes,1
5904,1772416471,2026-03-01T17:54:31,80,20,yes,30
5905,1772416472,2026-03-01T17:54:32,79,21,no,150
5906,1772416472,2026-03-01T17:54:32,79,21,no,5
5907,1772416472,2026-03-01T17:54:32,79,21,no,345
5908,1772416472,2026-03-01T17:54:32,80,20,yes,11
5909,1772416473,2026-03-01T17:54:33,80,20,yes,811
5910,1772416474,2026-03-01T17:54:34,80,20,yes,123
5911,1772416474,2026-03-01T17:54:34,80,20,yes,2
5912,1772416476,2026-03-01T17:54:36,78,22,no,100
5913,1772416476,2026-03-01T17:54:36,80,20,yes,30
5914,1772416476,2026-03-01T17:54:36,80,20,yes,61
5915,1772416477,2026-03-01T17:54:37,80,20,yes,33
5916,1772416478,2026-03-01T17:54:38,80,20,yes,123
5917,1772416479,2026-03-01T17:54:39,80,20,yes,36
5918,1772416481,2026-03-01T17:54:41,80,20,yes,6
5919,1772416481,2026-03-01T17:54:41,80,20,yes,60
5920,1772416481,2026-03-01T17:54:41,80,20,yes,121
5921,1772416481,2026-03-01T17:54:41,79,21,no,5
5922,1772416481,2026-03-01T17:54:41,79,21,no,63
5923,1772416481,2026-03-01T17:54:41,79,21,no,185
5924,1772416482,2026-03-01T17:54:42,79,21,no,34
5925,1772416483,2026-03-01T17:54:43,80,20,yes,8
5926,1772416484,2026-03-01T17:54:44,80,20,yes,6
5927,1772416484,2026-03-01T17:54:44,80,20,yes,2
5928,1772416485,2026-03-01T17:54:45,80,20,yes,11
5929,1772416485,2026-03-01T17:54:45,80,20,yes,41
5930,1772416485,2026-03-01T17:54:45,80,20,yes,1
5931,1772416488,2026-03-01T17:54:48,80,20,yes,1470
5932,1772416488,2026-03-01T17:54:48,80,20,yes,4220
5933,1772416488,2026-03-01T17:54:48,80,20,yes,3509
5934,1772416488,2026-03-01T17:54:48,80,20,yes,807
5935,1772416488,2026-03-01T17:54:48,81,19,yes,1
5936,1772416488,2026-03-01T17:54:48,81,19,yes,1
5937,1772416489,2026-03-01T17:54:49,81,19,yes,46
5938,1772416489,2026-03-01T17:54:49,81,19,yes,1
5939,1772416490,2026-03-01T17:54:50,81,19,yes,13
5940,1772416490,2026-03-01T17:54:50,81,19,yes,8
5941,1772416491,2026-03-01T17:54:51,81,19,yes,24
5942,1772416492,2026-03-01T17:54:52,81,19,yes,39
5943,1772416493,2026-03-01T17:54:53,81,19,yes,30
5944,1772416494,2026-03-01T17:54:54,81,19,yes,12
5945,1772416494,2026-03-01T17:54:54,81,19,yes,23
5946,1772416495,2026-03-01T17:54:55,81,19,yes,10
5947,1772416496,2026-03-01T17:54:56,81,19,yes,12
5948,1772416496,2026-03-01T17:54:56,81,19,yes,365
5949,1772416496,2026-03-01T17:54:56,81,19,yes,230
5950,1772416497,2026-03-01T17:54:57,81,19,yes,32
5951,1772416497,2026-03-01T17:54:57,81,19,yes,6
5952,1772416498,2026-03-01T17:54:58,80,20,yes,791
5953,1772416500,2026-03-01T17:55:00,80,20,yes,10
5954,1772416502,2026-03-01T17:55:02,80,20,yes,250
5955,1772416502,2026-03-01T17:55:02,80,20,yes,61
5956,1772416503,2026-03-01T17:55:03,80,20,yes,12
5957,1772416504,2026-03-01T17:55:04,80,20,yes,616
5958,1772416504,2026-03-01T17:55:04,80,20,yes,27
5959,1772416505,2026-03-01T17:55:05,80,20,yes,365
5960,1772416505,2026-03-01T17:55:05,80,20,yes,123
5961,1772416507,2026-03-01T17:55:07,80,20,yes,9
5962,1772416507,2026-03-01T17:55:07,80,20,yes,1
5963,1772416507,2026-03-01T17:55:07,80,20,yes,12
5964,1772416508,2026-03-01T17:55:08,80,20,yes,43
5965,1772416509,2026-03-01T17:55:09,80,20,yes,184
5966,1772416509,2026-03-01T17:55:09,80,20,yes,10
5967,1772416510,2026-03-01T17:55:10,80,20,yes,230
5968,1772416510,2026-03-01T17:55:10,80,20,yes,6
5969,1772416510,2026-03-01T17:55:10,78,22,no,4151
5970,1772416511,2026-03-01T17:55:11,80,20,yes,5
5971,1772416512,2026-03-01T17:55:12,80,20,yes,12
5972,1772416512,2026-03-01T17:55:12,80,20,yes,30
5973,1772416513,2026-03-01T17:55:13,80,20,yes,11
5974,1772416514,2026-03-01T17:55:14,80,20,yes,30
5975,1772416515,2026-03-01T17:55:15,80,20,yes,6097
5976,1772416515,2026-03-01T17:55:15,80,20,yes,602
5977,1772416516,2026-03-01T17:55:16,80,20,yes,1
5978,1772416516,2026-03-01T17:55:16,80,20,yes,20
5979,1772416517,2026-03-01T17:55:17,80,20,yes,5
5980,1772416518,2026-03-01T17:55:18,80,20,yes,123
5981,1772416519,2026-03-01T17:55:19,80,20,yes,1
5982,1772416519,2026-03-01T17:55:19,80,20,yes,25
5983,1772416519,2026-03-01T17:55:19,80,20,yes,30
5984,1772416521,2026-03-01T17:55:21,79,21,no,5
5985,1772416522,2026-03-01T17:55:22,79,21,yes,1300
5986,1772416523,2026-03-01T17:55:23,79,21,yes,58
5987,1772416523,2026-03-01T17:55:23,79,21,yes,215
5988,1772416523,2026-03-01T17:55:23,78,22,no,3
5989,1772416523,2026-03-01T17:55:23,78,22,no,3
5990,1772416523,2026-03-01T17:55:23,78,22,no,20
5991,1772416523,2026-03-01T17:55:23,78,22,no,131
5992,1772416524,2026-03-01T17:55:24,79,21,yes,678
5993,1772416524,2026-03-01T17:55:24,79,21,yes,116
5994,1772416527,2026-03-01T17:55:27,79,21,yes,1
5995,1772416527,2026-03-01T17:55:27,79,21,yes,37
5996,1772416528,2026-03-01T17:55:28,79,21,yes,6
5997,1772416529,2026-03-01T17:55:29,79,21,yes,124
5998,1772416530,2026-03-01T17:55:30,79,21,yes,353
5999,1772416530,2026-03-01T17:55:30,79,21,yes,124
6000,1772416530,2026-03-01T17:55:30,79,21,yes,250
6001,1772416531,2026-03-01T17:55:31,79,21,yes,30
6002,1772416532,2026-03-01T17:55:32,79,21,yes,21
6003,1772416532,2026-03-01T17:55:32,79,21,yes,1354
6004,1772416532,2026-03-01T17:55:32,79,21,yes,4672
6005,1772416532,2026-03-01T17:55:32,79,21,yes,1474
6006,1772416534,2026-03-01T17:55:34,79,21,yes,218
6007,1772416534,2026-03-01T17:55:34,79,21,yes,1
6008,1772416534,2026-03-01T17:55:34,79,21,yes,62
6009,1772416535,2026-03-01T17:55:35,79,21,yes,2
6010,1772416535,2026-03-01T17:55:35,79,21,yes,37
6011,1772416536,2026-03-01T17:55:36,79,21,yes,3
6012,1772416538,2026-03-01T17:55:38,79,21,yes,6
6013,1772416539,2026-03-01T17:55:39,79,21,yes,14
6014,1772416540,2026-03-01T17:55:40,78,22,no,10
6015,1772416541,2026-03-01T17:55:41,79,21,yes,1
6016,1772416543,2026-03-01T17:55:43,79,21,yes,1
6017,1772416544,2026-03-01T17:55:44,79,21,yes,1
6018,1772416546,2026-03-01T17:55:46,79,21,yes,1
6019,1772416547,2026-03-01T17:55:47,79,21,yes,30
6020,1772416549,2026-03-01T17:55:49,79,21,yes,2
6021,1772416549,2026-03-01T17:55:49,79,21,yes,160
6022,1772416550,2026-03-01T17:55:50,79,21,yes,70
6023,1772416552,2026-03-01T17:55:52,79,21,yes,2000
6024,1772416553,2026-03-01T17:55:53,79,21,yes,31
6025,1772416553,2026-03-01T17:55:53,79,21,yes,34
6026,1772416556,2026-03-01T17:55:56,79,21,yes,35
6027,1772416556,2026-03-01T17:55:56,79,21,yes,271
6028,1772416557,2026-03-01T17:55:57,79,21,yes,311
6029,1772416558,2026-03-01T17:55:58,79,21,yes,2
6030,1772416560,2026-03-01T17:56:00,79,21,yes,250
6031,1772416560,2026-03-01T17:56:00,79,21,yes,200
6032,1772416560,2026-03-01T17:56:00,79,21,yes,25
6033,1772416560,2026-03-01T17:56:00,79,21,yes,6
6034,1772416560,2026-03-01T17:56:00,79,21,yes,20
6035,1772416561,2026-03-01T17:56:01,79,21,yes,31
6036,1772416562,2026-03-01T17:56:02,79,21,yes,64
6037,1772416565,2026-03-01T17:56:05,79,21,yes,20
6038,1772416565,2026-03-01T17:56:05,78,22,no,5
6039,1772416565,2026-03-01T17:56:05,78,22,no,500
6040,1772416565,2026-03-01T17:56:05,78,22,no,5
6041,1772416565,2026-03-01T17:56:05,78,22,no,159
6042,1772416566,2026-03-01T17:56:06,79,21,yes,124
6043,1772416567,2026-03-01T17:56:07,79,21,yes,31
6044,1772416568,2026-03-01T17:56:08,78,22,yes,2
6045,1772416569,2026-03-01T17:56:09,78,22,yes,41
6046,1772416569,2026-03-01T17:56:09,78,22,yes,2
6047,1772416573,2026-03-01T17:56:13,78,22,yes,60
6048,1772416573,2026-03-01T17:56:13,78,22,yes,125
6049,1772416575,2026-03-01T17:56:15,78,22,yes,5
6050,1772416576,2026-03-01T17:56:16,79,21,yes,2
6051,1772416578,2026-03-01T17:56:18,79,21,yes,123
6052,1772416579,2026-03-01T17:56:19,79,21,yes,25
6053,1772416579,2026-03-01T17:56:19,79,21,yes,8
6054,1772416580,2026-03-01T17:56:20,79,21,yes,10
6055,1772416580,2026-03-01T17:56:20,79,21,yes,9
6056,1772416581,2026-03-01T17:56:21,79,21,yes,13
6057,1772416582,2026-03-01T17:56:22,79,21,yes,10
6058,1772416582,2026-03-01T17:56:22,79,21,yes,3
6059,1772416584,2026-03-01T17:56:24,78,22,yes,1
6060,1772416584,2026-03-01T17:56:24,78,22,yes,2
6061,1772416584,2026-03-01T17:56:24,78,22,yes,185
6062,1772416586,2026-03-01T17:56:26,78,22,yes,431
6063,1772416586,2026-03-01T17:56:26,79,21,yes,4
6064,1772416589,2026-03-01T17:56:29,79,21,yes,436
6065,1772416589,2026-03-01T17:56:29,79,21,yes,1937
6066,1772416590,2026-03-01T17:56:30,80,20,yes,1
6067,1772416591,2026-03-01T17:56:31,80,20,yes,12
6068,1772416592,2026-03-01T17:56:32,79,21,no,29
6069,1772416593,2026-03-01T17:56:33,81,19,yes,1
6070,1772416593,2026-03-01T17:56:33,81,19,yes,3
6071,1772416593,2026-03-01T17:56:33,81,19,yes,149
6072,1772416594,2026-03-01T17:56:34,81,19,yes,6
6073,1772416595,2026-03-01T17:56:35,81,19,yes,33
6074,1772416595,2026-03-01T17:56:35,81,19,yes,30
6075,1772416596,2026-03-01T17:56:36,81,19,yes,100
6076,1772416596,2026-03-01T17:56:36,81,19,yes,149
6077,1772416596,2026-03-01T17:56:36,81,19,yes,101
6078,1772416598,2026-03-01T17:56:38,81,19,yes,174
6079,1772416598,2026-03-01T17:56:38,81,19,yes,3
6080,1772416598,2026-03-01T17:56:38,81,19,yes,4
6081,1772416598,2026-03-01T17:56:38,81,19,yes,74
6082,1772416599,2026-03-01T17:56:39,81,19,yes,40
6083,1772416600,2026-03-01T17:56:40,81,19,yes,1086
6084,1772416600,2026-03-01T17:56:40,81,19,yes,100
6085,1772416600,2026-03-01T17:56:40,81,19,yes,4
6086,1772416600,2026-03-01T17:56:40,82,18,yes,151
6087,1772416600,2026-03-01T17:56:40,82,18,yes,7
6088,1772416600,2026-03-01T17:56:40,82,18,yes,150
6089,1772416600,2026-03-01T17:56:40,82,18,yes,116
6090,1772416600,2026-03-01T17:56:40,82,18,yes,773
6091,1772416602,2026-03-01T17:56:42,83,17,yes,1
6092,1772416602,2026-03-01T17:56:42,82,18,no,4
6093,1772416602,2026-03-01T17:56:42,83,17,yes,13
6094,1772416603,2026-03-01T17:56:43,83,17,yes,51
6095,1772416603,2026-03-01T17:56:43,83,17,yes,544
6096,1772416603,2026-03-01T17:56:43,83,17,yes,130
6097,1772416606,2026-03-01T17:56:46,82,18,no,1281
6098,1772416608,2026-03-01T17:56:48,83,17,yes,2
6099,1772416608,2026-03-01T17:56:48,83,17,yes,58
6100,1772416608,2026-03-01T17:56:48,83,17,yes,59
6101,1772416608,2026-03-01T17:56:48,83,17,yes,1
6102,1772416609,2026-03-01T17:56:49,83,17,yes,13
6103,1772416609,2026-03-01T17:56:49,83,17,yes,2434
6104,1772416609,2026-03-01T17:56:49,83,17,yes,29
6105,1772416610,2026-03-01T17:56:50,83,17,yes,238
6106,1772416612,2026-03-01T17:56:52,82,18,no,10
6107,1772416612,2026-03-01T17:56:52,83,17,yes,68
6108,1772416612,2026-03-01T17:56:52,83,17,yes,32
6109,1772416614,2026-03-01T17:56:54,82,18,no,3
6110,1772416615,2026-03-01T17:56:55,84,16,yes,5
6111,1772416615,2026-03-01T17:56:55,84,16,yes,12
6112,1772416616,2026-03-01T17:56:56,84,16,yes,17
6113,1772416618,2026-03-01T17:56:58,84,16,yes,9
6114,1772416619,2026-03-01T17:56:59,82,18,no,4
6115,1772416619,2026-03-01T17:56:59,84,16,yes,25
6116,1772416620,2026-03-01T17:57:00,84,16,yes,66
6117,1772416620,2026-03-01T17:57:00,84,16,yes,1
6118,1772416620,2026-03-01T17:57:00,84,16,yes,141
6119,1772416620,2026-03-01T17:57:00,84,16,yes,38
6120,1772416620,2026-03-01T17:57:00,84,16,yes,47
6121,1772416621,2026-03-01T17:57:01,82,18,no,36
6122,1772416621,2026-03-01T17:57:01,84,16,yes,170
6123,1772416621,2026-03-01T17:57:01,84,16,yes,57
6124,1772416623,2026-03-01T17:57:03,84,16,yes,1
6125,1772416623,2026-03-01T17:57:03,83,17,yes,200
6126,1772416623,2026-03-01T17:57:03,84,16,yes,330
6127,1772416625,2026-03-01T17:57:05,83,17,no,1
6128,1772416626,2026-03-01T17:57:06,83,17,no,1
6129,1772416629,2026-03-01T17:57:09,83,17,no,148
6130,1772416629,2026-03-01T17:57:09,83,17,no,202
6131,1772416629,2026-03-01T17:57:09,84,16,yes,7
6132,1772416629,2026-03-01T17:57:09,83,17,no,183
6133,1772416629,2026-03-01T17:57:09,83,17,no,5
6134,1772416629,2026-03-01T17:57:09,83,17,no,9
6135,1772416629,2026-03-01T17:57:09,84,16,yes,61
6136,1772416631,2026-03-01T17:57:11,84,16,yes,119
6137,1772416631,2026-03-01T17:57:11,84,16,yes,142
6138,1772416632,2026-03-01T17:57:12,84,16,yes,2
6139,1772416633,2026-03-01T17:57:13,84,16,yes,3
6140,1772416633,2026-03-01T17:57:13,84,16,yes,1
6141,1772416633,2026-03-01T17:57:13,84,16,yes,1
6142,1772416634,2026-03-01T17:57:14,84,16,yes,10
6143,1772416634,2026-03-01T17:57:14,84,16,yes,24
6144,1772416635,2026-03-01T17:57:15,82,18,no,8
6145,1772416637,2026-03-01T17:57:17,83,17,yes,29
6146,1772416637,2026-03-01T17:57:17,83,17,yes,1000
6147,1772416639,2026-03-01T17:57:19,82,18,no,53
6148,1772416639,2026-03-01T17:57:19,82,18,no,12
6149,1772416639,2026-03-01T17:57:19,84,16,yes,1
6150,1772416639,2026-03-01T17:57:19,84,16,yes,115
6151,1772416639,2026-03-01T17:57:19,83,17,yes,1
6152,1772416640,2026-03-01T17:57:20,83,17,yes,1
6153,1772416640,2026-03-01T17:57:20,83,17,yes,2616
6154,1772416640,2026-03-01T17:57:20,84,16,yes,612
6155,1772416640,2026-03-01T17:57:20,84,16,yes,5
6156,1772416640,2026-03-01T17:57:20,84,16,yes,150
6157,1772416640,2026-03-01T17:57:20,84,16,yes,2445
6158,1772416641,2026-03-01T17:57:21,82,18,no,35
6159,1772416641,2026-03-01T17:57:21,84,16,yes,1
6160,1772416641,2026-03-01T17:57:21,84,16,yes,100
6161,1772416641,2026-03-01T17:57:21,84,16,yes,2
6162,1772416641,2026-03-01T17:57:21,84,16,yes,6898
6163,1772416642,2026-03-01T17:57:22,84,16,yes,25
6164,1772416642,2026-03-01T17:57:22,82,18,no,20
6165,1772416642,2026-03-01T17:57:22,84,16,yes,5
6166,1772416644,2026-03-01T17:57:24,84,16,yes,29
6167,1772416644,2026-03-01T17:57:24,82,18,no,70
6168,1772416644,2026-03-01T17:57:24,82,18,no,75
6169,1772416644,2026-03-01T17:57:24,82,18,no,5
6170,1772416644,2026-03-01T17:57:24,82,18,no,55
6171,1772416645,2026-03-01T17:57:25,84,16,yes,1
6172,1772416646,2026-03-01T17:57:26,84,16,yes,116
6173,1772416646,2026-03-01T17:57:26,84,16,yes,116
6174,1772416646,2026-03-01T17:57:26,84,16,yes,2
6175,1772416647,2026-03-01T17:57:27,84,16,yes,235
6176,1772416648,2026-03-01T17:57:28,84,16,yes,43
6177,1772416649,2026-03-01T17:57:29,84,16,yes,41
6178,1772416649,2026-03-01T17:57:29,84,16,yes,47
6179,1772416650,2026-03-01T17:57:30,84,16,yes,58
6180,1772416650,2026-03-01T17:57:30,84,16,yes,23
6181,1772416651,2026-03-01T17:57:31,84,16,yes,100
6182,1772416652,2026-03-01T17:57:32,84,16,yes,503
6183,1772416653,2026-03-01T17:57:33,84,16,yes,117
6184,1772416653,2026-03-01T17:57:33,83,17,yes,20
6185,1772416653,2026-03-01T17:57:33,83,17,yes,5
6186,1772416653,2026-03-01T17:57:33,84,16,yes,33
6187,1772416654,2026-03-01T17:57:34,84,16,yes,930
6188,1772416654,2026-03-01T17:57:34,84,16,yes,750
6189,1772416654,2026-03-01T17:57:34,84,16,yes,10
6190,1772416654,2026-03-01T17:57:34,84,16,yes,29
6191,1772416654,2026-03-01T17:57:34,84,16,yes,300
6192,1772416654,2026-03-01T17:57:34,84,16,yes,5
6193,1772416655,2026-03-01T17:57:35,84,16,yes,27
6194,1772416655,2026-03-01T17:57:35,84,16,yes,3
6195,1772416656,2026-03-01T17:57:36,84,16,yes,104
6196,1772416656,2026-03-01T17:57:36,84,16,yes,2
6197,1772416657,2026-03-01T17:57:37,83,17,yes,465
6198,1772416657,2026-03-01T17:57:37,84,16,yes,3
6199,1772416657,2026-03-01T17:57:37,84,16,yes,2
6200,1772416657,2026-03-01T17:57:37,84,16,yes,357
6201,1772416658,2026-03-01T17:57:38,83,17,yes,2000
6202,1772416658,2026-03-01T17:57:38,83,17,yes,17
6203,1772416662,2026-03-01T17:57:42,83,17,yes,1
6204,1772416662,2026-03-01T17:57:42,83,17,yes,10
6205,1772416662,2026-03-01T17:57:42,83,17,yes,8
6206,1772416663,2026-03-01T17:57:43,82,18,no,345
6207,1772416663,2026-03-01T17:57:43,83,17,yes,6
6208,1772416663,2026-03-01T17:57:43,83,17,yes,3
6209,1772416663,2026-03-01T17:57:43,83,17,yes,117
6210,1772416665,2026-03-01T17:57:45,83,17,yes,29
6211,1772416665,2026-03-01T17:57:45,83,17,yes,292
6212,1772416666,2026-03-01T17:57:46,83,17,yes,38
6213,1772416666,2026-03-01T17:57:46,82,18,no,15
6214,1772416666,2026-03-01T17:57:46,83,17,yes,235
6215,1772416667,2026-03-01T17:57:47,83,17,yes,75
6216,1772416669,2026-03-01T17:57:49,83,17,yes,120
6217,1772416669,2026-03-01T17:57:49,83,17,yes,59
6218,1772416670,2026-03-01T17:57:50,83,17,yes,29
6219,1772416670,2026-03-01T17:57:50,82,18,no,104
6220,1772416670,2026-03-01T17:57:50,83,17,yes,7
6221,1772416671,2026-03-01T17:57:51,83,17,yes,10
6222,1772416671,2026-03-01T17:57:51,83,17,yes,5
6223,1772416673,2026-03-01T17:57:53,82,18,no,150
6224,1772416673,2026-03-01T17:57:53,83,17,yes,23
6225,1772416674,2026-03-01T17:57:54,83,17,yes,73
6226,1772416675,2026-03-01T17:57:55,83,17,yes,11
6227,1772416676,2026-03-01T17:57:56,82,18,no,551
6228,1772416676,2026-03-01T17:57:56,83,17,yes,29
6229,1772416677,2026-03-01T17:57:57,83,17,yes,238
6230,1772416677,2026-03-01T17:57:57,83,17,yes,50
6231,1772416677,2026-03-01T17:57:57,83,17,yes,238
6232,1772416678,2026-03-01T17:57:58,83,17,yes,119
6233,1772416678,2026-03-01T17:57:58,83,17,yes,10
6234,1772416678,2026-03-01T17:57:58,83,17,yes,1
6235,1772416679,2026-03-01T17:57:59,83,17,yes,50
6236,1772416679,2026-03-01T17:57:59,83,17,yes,5
6237,1772416680,2026-03-01T17:58:00,83,17,yes,11
6238,1772416680,2026-03-01T17:58:00,82,18,no,5
6239,1772416680,2026-03-01T17:58:00,82,18,no,8
6240,1772416680,2026-03-01T17:58:00,82,18,no,90
6241,1772416681,2026-03-01T17:58:01,82,18,no,500
6242,1772416681,2026-03-01T17:58:01,83,17,yes,52
6243,1772416681,2026-03-01T17:58:01,83,17,yes,8
6244,1772416682,2026-03-01T17:58:02,83,17,yes,100
6245,1772416682,2026-03-01T17:58:02,83,17,yes,5
6246,1772416682,2026-03-01T17:58:02,83,17,yes,100
6247,1772416682,2026-03-01T17:58:02,83,17,yes,2
6248,1772416683,2026-03-01T17:58:03,83,17,yes,24
6249,1772416683,2026-03-01T17:58:03,83,17,yes,600
6250,1772416683,2026-03-01T17:58:03,83,17,yes,23
6251,1772416683,2026-03-01T17:58:03,83,17,yes,100
6252,1772416683,2026-03-01T17:58:03,83,17,yes,300
6253,1772416684,2026-03-01T17:58:04,82,18,no,41
6254,1772416686,2026-03-01T17:58:06,82,18,no,361
6255,1772416686,2026-03-01T17:58:06,82,18,no,100
6256,1772416686,2026-03-01T17:58:06,82,18,no,332
6257,1772416687,2026-03-01T17:58:07,81,19,no,4
6258,1772416687,2026-03-01T17:58:07,81,19,no,3
6259,1772416687,2026-03-01T17:58:07,81,19,no,29
6260,1772416687,2026-03-01T17:58:07,83,17,yes,595
6261,1772416688,2026-03-01T17:58:08,83,17,yes,10
6262,1772416688,2026-03-01T17:58:08,83,17,yes,29
6263,1772416689,2026-03-01T17:58:09,83,17,yes,12
6264,1772416689,2026-03-01T17:58:09,82,18,no,141
6265,1772416689,2026-03-01T17:58:09,83,17,yes,2
6266,1772416689,2026-03-01T17:58:09,83,17,yes,47
6267,1772416689,2026-03-01T17:58:09,83,17,yes,8
6268,1772416690,2026-03-01T17:58:10,83,17,yes,100
6269,1772416692,2026-03-01T17:58:12,83,17,yes,119
6270,1772416692,2026-03-01T17:58:12,83,17,yes,117
6271,1772416693,2026-03-01T17:58:13,83,17,yes,11
6272,1772416694,2026-03-01T17:58:14,83,17,yes,26
6273,1772416694,2026-03-01T17:58:14,83,17,yes,70
6274,1772416696,2026-03-01T17:58:16,82,18,no,5
6275,1772416696,2026-03-01T17:58:16,82,18,no,21
6276,1772416696,2026-03-01T17:58:16,83,17,yes,178
6277,1772416697,2026-03-01T17:58:17,83,17,yes,485
6278,1772416697,2026-03-01T17:58:17,82,18,no,10
6279,1772416698,2026-03-01T17:58:18,83,17,yes,17
6280,1772416698,2026-03-01T17:58:18,83,17,yes,235
6281,1772416698,2026-03-01T17:58:18,83,17,yes,7
6282,1772416699,2026-03-01T17:58:19,83,17,yes,1
6283,1772416699,2026-03-01T17:58:19,82,18,no,2
6284,1772416699,2026-03-01T17:58:19,82,18,no,5
6285,1772416699,2026-03-01T17:58:19,82,18,no,5
6286,1772416700,2026-03-01T17:58:20,83,17,yes,7
6287,1772416700,2026-03-01T17:58:20,83,17,yes,27
6288,1772416700,2026-03-01T17:58:20,83,17,yes,8
6289,1772416700,2026-03-01T17:58:20,83,17,yes,58
6290,1772416700,2026-03-01T17:58:20,83,17,yes,2
6291,1772416701,2026-03-01T17:58:21,82,18,no,8
6292,1772416701,2026-03-01T17:58:21,83,17,yes,117
6293,1772416703,2026-03-01T17:58:23,83,17,yes,120
6294,1772416703,2026-03-01T17:58:23,83,17,yes,120
6295,1772416703,2026-03-01T17:58:23,83,17,yes,2123
6296,1772416703,2026-03-01T17:58:23,83,17,yes,200
6297,1772416704,2026-03-01T17:58:24,84,16,yes,23
6298,1772416705,2026-03-01T17:58:25,84,16,yes,5
6299,1772416705,2026-03-01T17:58:25,84,16,yes,95
6300,1772416705,2026-03-01T17:58:25,84,16,yes,9
6301,1772416706,2026-03-01T17:58:26,83,17,no,50
6302,1772416708,2026-03-01T17:58:28,83,17,no,39
6303,1772416708,2026-03-01T17:58:28,84,16,yes,42
6304,1772416709,2026-03-01T17:58:29,84,16,yes,94
6305,1772416709,2026-03-01T17:58:29,84,16,yes,10
6306,1772416710,2026-03-01T17:58:30,83,17,no,7
6307,1772416710,2026-03-01T17:58:30,83,17,no,154
6308,1772416711,2026-03-01T17:58:31,84,16,yes,7
6309,1772416713,2026-03-01T17:58:33,84,16,yes,23
6310,1772416713,2026-03-01T17:58:33,84,16,yes,720
6311,1772416714,2026-03-01T17:58:34,84,16,yes,11
6312,1772416714,2026-03-01T17:58:34,84,16,yes,117
6313,1772416714,2026-03-01T17:58:34,84,16,yes,10
6314,1772416715,2026-03-01T17:58:35,84,16,yes,1000
6315,1772416716,2026-03-01T17:58:36,84,16,yes,24
6316,1772416716,2026-03-01T17:58:36,84,16,yes,3
6317,1772416717,2026-03-01T17:58:37,83,17,no,268
6318,1772416718,2026-03-01T17:58:38,83,17,yes,16
6319,1772416718,2026-03-01T17:58:38,83,17,yes,5
6320,1772416718,2026-03-01T17:58:38,83,17,yes,1
6321,1772416718,2026-03-01T17:58:38,83,17,yes,2
6322,1772416719,2026-03-01T17:58:39,83,17,yes,1
6323,1772416720,2026-03-01T17:58:40,83,17,yes,12
6324,1772416720,2026-03-01T17:58:40,83,17,yes,95
6325,1772416720,2026-03-01T17:58:40,82,18,no,55
6326,1772416720,2026-03-01T17:58:40,82,18,no,85
6327,1772416720,2026-03-01T17:58:40,82,18,yes,4
6328,1772416721,2026-03-01T17:58:41,82,18,yes,221
6329,1772416721,2026-03-01T17:58:41,82,18,yes,26
6330,1772416722,2026-03-01T17:58:42,82,18,yes,3500
6331,1772416723,2026-03-01T17:58:43,82,18,yes,100
6332,1772416724,2026-03-01T17:58:44,82,18,yes,5
6333,1772416724,2026-03-01T17:58:44,82,18,yes,6
6334,1772416725,2026-03-01T17:58:45,82,18,yes,240
6335,1772416726,2026-03-01T17:58:46,83,17,yes,7
6336,1772416728,2026-03-01T17:58:48,84,16,yes,3
6337,1772416728,2026-03-01T17:58:48,84,16,yes,1
6338,1772416728,2026-03-01T17:58:48,84,16,yes,116
6339,1772416729,2026-03-01T17:58:49,84,16,yes,33
6340,1772416729,2026-03-01T17:58:49,84,16,yes,84
6341,1772416729,2026-03-01T17:58:49,82,18,no,2
6342,1772416729,2026-03-01T17:58:49,84,16,yes,2
6343,1772416729,2026-03-01T17:58:49,83,17,no,1
6344,1772416731,2026-03-01T17:58:51,84,16,yes,2
6345,1772416731,2026-03-01T17:58:51,84,16,yes,3
6346,1772416731,2026-03-01T17:58:51,84,16,yes,112
6347,1772416731,2026-03-01T17:58:51,85,15,yes,18
6348,1772416731,2026-03-01T17:58:51,84,16,yes,2
6349,1772416732,2026-03-01T17:58:52,83,17,no,8
6350,1772416736,2026-03-01T17:58:56,83,17,no,2
6351,1772416736,2026-03-01T17:58:56,84,16,yes,1
6352,1772416736,2026-03-01T17:58:56,84,16,yes,20
6353,1772416737,2026-03-01T17:58:57,84,16,yes,58
6354,1772416737,2026-03-01T17:58:57,83,17,no,5
6355,1772416737,2026-03-01T17:58:57,83,17,no,57
6356,1772416739,2026-03-01T17:58:59,83,17,no,5
6357,1772416739,2026-03-01T17:58:59,83,17,no,175
6358,1772416739,2026-03-01T17:58:59,83,17,no,150
6359,1772416739,2026-03-01T17:58:59,83,17,yes,116
6360,1772416739,2026-03-01T17:58:59,83,17,yes,294
6361,1772416740,2026-03-01T17:59:00,83,17,yes,29
6362,1772416740,2026-03-01T17:59:00,83,17,yes,1
6363,1772416741,2026-03-01T17:59:01,83,17,yes,10
6364,1772416741,2026-03-01T17:59:01,83,17,yes,55
6365,1772416741,2026-03-01T17:59:01,83,17,yes,8
6366,1772416741,2026-03-01T17:59:01,83,17,yes,56
6367,1772416741,2026-03-01T17:59:01,83,17,yes,2
6368,1772416741,2026-03-01T17:59:01,83,17,yes,1938
6369,1772416741,2026-03-01T17:59:01,83,17,yes,34
6370,1772416742,2026-03-01T17:59:02,83,17,yes,50
6371,1772416742,2026-03-01T17:59:02,83,17,yes,17
6372,1772416744,2026-03-01T17:59:04,83,17,yes,1000
6373,1772416745,2026-03-01T17:59:05,83,17,yes,100
6374,1772416747,2026-03-01T17:59:07,83,17,yes,9
6375,1772416747,2026-03-01T17:59:07,83,17,yes,141
6376,1772416747,2026-03-01T17:59:07,83,17,yes,144
6377,1772416748,2026-03-01T17:59:08,82,18,no,5
6378,1772416748,2026-03-01T17:59:08,82,18,no,643
6379,1772416748,2026-03-01T17:59:08,83,17,yes,2
6380,1772416748,2026-03-01T17:59:08,82,18,no,8
6381,1772416749,2026-03-01T17:59:09,83,17,yes,117
6382,1772416749,2026-03-01T17:59:09,83,17,yes,23
6383,1772416750,2026-03-01T17:59:10,83,17,yes,214
6384,1772416751,2026-03-01T17:59:11,83,17,yes,5953
6385,1772416751,2026-03-01T17:59:11,82,18,no,58
6386,1772416751,2026-03-01T17:59:11,83,17,yes,918
6387,1772416752,2026-03-01T17:59:12,83,17,yes,1
6388,1772416753,2026-03-01T17:59:13,82,18,no,250
6389,1772416753,2026-03-01T17:59:13,83,17,yes,2
6390,1772416753,2026-03-01T17:59:13,83,17,yes,70
6391,1772416754,2026-03-01T17:59:14,83,17,yes,7
6392,1772416755,2026-03-01T17:59:15,83,17,yes,49
6393,1772416755,2026-03-01T17:59:15,83,17,yes,546
6394,1772416755,2026-03-01T17:59:15,83,17,yes,238
6395,1772416755,2026-03-01T17:59:15,83,17,yes,1
6396,1772416755,2026-03-01T17:59:15,83,17,yes,21
6397,1772416756,2026-03-01T17:59:16,83,17,yes,1
6398,1772416758,2026-03-01T17:59:18,83,17,yes,45
6399,1772416759,2026-03-01T17:59:19,83,17,yes,1404
6400,1772416759,2026-03-01T17:59:19,82,18,no,243
6401,1772416760,2026-03-01T17:59:20,83,17,yes,11
6402,1772416760,2026-03-01T17:59:20,83,17,yes,25
6403,1772416761,2026-03-01T17:59:21,83,17,yes,3000
6404,1772416761,2026-03-01T17:59:21,83,17,yes,452
6405,1772416762,2026-03-01T17:59:22,84,16,yes,5
6406,1772416762,2026-03-01T17:59:22,84,16,yes,10
6407,1772416763,2026-03-01T17:59:23,84,16,yes,85
6408,1772416764,2026-03-01T17:59:24,84,16,yes,5
6409,1772416764,2026-03-01T17:59:24,84,16,yes,130
6410,1772416764,2026-03-01T17:59:24,84,16,yes,20
6411,1772416764,2026-03-01T17:59:24,84,16,yes,1
6412,1772416764,2026-03-01T17:59:24,84,16,yes,1
6413,1772416764,2026-03-01T17:59:24,84,16,yes,17
6414,1772416767,2026-03-01T17:59:27,83,17,yes,11
6415,1772416767,2026-03-01T17:59:27,83,17,yes,581
6416,1772416768,2026-03-01T17:59:28,83,17,yes,59
6417,1772416769,2026-03-01T17:59:29,83,17,yes,2349
6418,1772416769,2026-03-01T17:59:29,83,17,yes,2651
6419,1772416769,2026-03-01T17:59:29,83,17,yes,1832
6420,1772416769,2026-03-01T17:59:29,83,17,yes,4483
6421,1772416769,2026-03-01T17:59:29,83,17,yes,4483
6422,1772416769,2026-03-01T17:59:29,84,16,yes,3202
6423,1772416769,2026-03-01T17:59:29,84,16,yes,1007
6424,1772416769,2026-03-01T17:59:29,84,16,yes,1418
6425,1772416769,2026-03-01T17:59:29,84,16,yes,4483
6426,1772416769,2026-03-01T17:59:29,84,16,yes,1582
6427,1772416769,2026-03-01T17:59:29,84,16,yes,671
6428,1772416769,2026-03-01T17:59:29,84,16,yes,3876
6429,1772416769,2026-03-01T17:59:29,85,15,yes,23
6430,1772416769,2026-03-01T17:59:29,85,15,yes,6
6431,1772416769,2026-03-01T17:59:29,85,15,yes,27
6432,1772416769,2026-03-01T17:59:29,85,15,yes,344
6433,1772416769,2026-03-01T17:59:29,85,15,yes,656
6434,1772416769,2026-03-01T17:59:29,86,14,yes,5
6435,1772416769,2026-03-01T17:59:29,86,14,yes,7
6436,1772416769,2026-03-01T17:59:29,86,14,yes,300
6437,1772416769,2026-03-01T17:59:29,86,14,yes,117
6438,1772416769,2026-03-01T17:59:29,86,14,yes,150
6439,1772416769,2026-03-01T17:59:29,86,14,yes,475
6440,1772416770,2026-03-01T17:59:30,86,14,yes,5
6441,1772416770,2026-03-01T17:59:30,86,14,yes,13
6442,1772416771,2026-03-01T17:59:31,86,14,yes,11
6443,1772416771,2026-03-01T17:59:31,86,14,yes,3
6444,1772416771,2026-03-01T17:59:31,86,14,yes,57
6445,1772416772,2026-03-01T17:59:32,86,14,yes,406
6446,1772416773,2026-03-01T17:59:33,86,14,yes,5
6447,1772416774,2026-03-01T17:59:34,86,14,yes,8
6448,1772416776,2026-03-01T17:59:36,84,16,no,58
6449,1772416776,2026-03-01T17:59:36,86,14,yes,46
6450,1772416777,2026-03-01T17:59:37,86,14,yes,35
6451,1772416777,2026-03-01T17:59:37,86,14,yes,10
6452,1772416778,2026-03-01T17:59:38,86,14,yes,26
6453,1772416778,2026-03-01T17:59:38,86,14,yes,1
6454,1772416779,2026-03-01T17:59:39,85,15,yes,9
6455,1772416779,2026-03-01T17:59:39,85,15,yes,5
6456,1772416779,2026-03-01T17:59:39,85,15,yes,30
6457,1772416779,2026-03-01T17:59:39,85,15,yes,486
6458,1772416781,2026-03-01T17:59:41,84,16,no,149
6459,1772416782,2026-03-01T17:59:42,85,15,yes,127
6460,1772416782,2026-03-01T17:59:42,85,15,yes,17
6461,1772416783,2026-03-01T17:59:43,85,15,yes,34
6462,1772416784,2026-03-01T17:59:44,85,15,yes,1
6463,1772416784,2026-03-01T17:59:44,85,15,yes,22
6464,1772416785,2026-03-01T17:59:45,84,16,no,4276
6465,1772416785,2026-03-01T17:59:45,84,16,no,3
6466,1772416785,2026-03-01T17:59:45,84,16,no,288
6467,1772416785,2026-03-01T17:59:45,84,16,no,2500
6468,1772416785,2026-03-01T17:59:45,84,16,no,1469
6469,1772416786,2026-03-01T17:59:46,85,15,yes,8
6470,1772416786,2026-03-01T17:59:46,85,15,yes,5
6471,1772416787,2026-03-01T17:59:47,85,15,yes,7487
6472,1772416787,2026-03-01T17:59:47,85,15,yes,1391
6473,1772416787,2026-03-01T17:59:47,85,15,yes,11
6474,1772416787,2026-03-01T17:59:47,85,15,yes,90
6475,1772416788,2026-03-01T17:59:48,85,15,yes,29
6476,1772416788,2026-03-01T17:59:48,84,16,no,2
6477,1772416788,2026-03-01T17:59:48,84,16,no,3
6478,1772416788,2026-03-01T17:59:48,84,16,no,21
6479,1772416788,2026-03-01T17:59:48,85,15,yes,10
6480,1772416790,2026-03-01T17:59:50,85,15,yes,5
6481,1772416790,2026-03-01T17:59:50,85,15,yes,1
6482,1772416790,2026-03-01T17:59:50,85,15,yes,3
6483,1772416791,2026-03-01T17:59:51,85,15,yes,47
6484,1772416791,2026-03-01T17:59:51,85,15,yes,1
6485,1772416792,2026-03-01T17:59:52,84,16,yes,58
6486,1772416793,2026-03-01T17:59:53,83,17,no,30
6487,1772416793,2026-03-01T17:59:53,83,17,no,6
6488,1772416793,2026-03-01T17:59:53,83,17,no,4
6489,1772416793,2026-03-01T17:59:53,85,15,yes,7
6490,1772416794,2026-03-01T17:59:54,84,16,yes,37
6491,1772416794,2026-03-01T17:59:54,84,16,yes,58
6492,1772416795,2026-03-01T17:59:55,84,16,yes,11
6493,1772416795,2026-03-01T17:59:55,84,16,yes,25
6494,1772416796,2026-03-01T17:59:56,84,16,yes,348
6495,1772416796,2026-03-01T17:59:56,84,16,yes,95
6496,1772416796,2026-03-01T17:59:56,84,16,yes,9
6497,1772416797,2026-03-01T17:59:57,84,16,yes,10
6498,1772416797,2026-03-01T17:59:57,84,16,yes,20
6499,1772416797,2026-03-01T17:59:57,84,16,yes,25
6500,1772416798,2026-03-01T17:59:58,84,16,yes,1
6501,1772416798,2026-03-01T17:59:58,84,16,yes,10
6502,1772416798,2026-03-01T17:59:58,84,16,yes,1
6503,1772416799,2026-03-01T17:59:59,84,16,yes,5
6504,1772416799,2026-03-01T17:59:59,84,16,yes,11
6505,1772416799,2026-03-01T17:59:59,84,16,yes,5
6506,1772416799,2026-03-01T17:59:59,85,15,yes,58
6507,1772416800,2026-03-01T18:00:00,85,15,yes,1
6508,1772416802,2026-03-01T18:00:02,85,15,yes,3
6509,1772416802,2026-03-01T18:00:02,85,15,yes,2
6510,1772416803,2026-03-01T18:00:03,85,15,yes,1
6511,1772416803,2026-03-01T18:00:03,85,15,yes,639
6512,1772416803,2026-03-01T18:00:03,85,15,yes,81
6513,1772416804,2026-03-01T18:00:04,85,15,yes,2
6514,1772416805,2026-03-01T18:00:05,85,15,yes,67
6515,1772416805,2026-03-01T18:00:05,85,15,yes,162
6516,1772416805,2026-03-01T18:00:05,85,15,yes,116
6517,1772416805,2026-03-01T18:00:05,85,15,yes,37
6518,1772416805,2026-03-01T18:00:05,83,17,no,14
6519,1772416806,2026-03-01T18:00:06,85,15,yes,2
6520,1772416806,2026-03-01T18:00:06,85,15,yes,17
6521,1772416808,2026-03-01T18:00:08,85,15,yes,291
6522,1772416808,2026-03-01T18:00:08,85,15,yes,58
6523,1772416808,2026-03-01T18:00:08,85,15,yes,44
6524,1772416808,2026-03-01T18:00:08,85,15,yes,8
6525,1772416808,2026-03-01T18:00:08,85,15,yes,10
6526,1772416809,2026-03-01T18:00:09,85,15,yes,250
6527,1772416809,2026-03-01T18:00:09,83,17,no,150
6528,1772416810,2026-03-01T18:00:10,85,15,yes,6
6529,1772416810,2026-03-01T18:00:10,85,15,yes,15
6530,1772416811,2026-03-01T18:00:11,84,16,no,1121
6531,1772416811,2026-03-01T18:00:11,84,16,no,3119
6532,1772416811,2026-03-01T18:00:11,84,16,no,5
6533,1772416811,2026-03-01T18:00:11,84,16,no,2500
6534,1772416811,2026-03-01T18:00:11,84,16,no,3272
6535,1772416811,2026-03-01T18:00:11,83,17,no,66
6536,1772416811,2026-03-01T18:00:11,85,15,yes,114
6537,1772416813,2026-03-01T18:00:13,85,15,yes,92
6538,1772416813,2026-03-01T18:00:13,85,15,yes,148
6539,1772416815,2026-03-01T18:00:15,86,14,yes,9
6540,1772416816,2026-03-01T18:00:16,86,14,yes,2
6541,1772416818,2026-03-01T18:00:18,86,14,yes,293
6542,1772416819,2026-03-01T18:00:19,86,14,yes,100
6543,1772416819,2026-03-01T18:00:19,86,14,yes,107
6544,1772416819,2026-03-01T18:00:19,86,14,yes,5
6545,1772416819,2026-03-01T18:00:19,86,14,yes,3
6546,1772416819,2026-03-01T18:00:19,86,14,yes,147
6547,1772416819,2026-03-01T18:00:19,86,14,yes,313
6548,1772416819,2026-03-01T18:00:19,86,14,yes,11
6549,1772416819,2026-03-01T18:00:19,86,14,yes,10
6550,1772416819,2026-03-01T18:00:19,86,14,yes,500
6551,1772416821,2026-03-01T18:00:21,86,14,yes,11
6552,1772416821,2026-03-01T18:00:21,86,14,yes,75
6553,1772416821,2026-03-01T18:00:21,86,14,yes,56
6554,1772416821,2026-03-01T18:00:21,86,14,yes,4
6555,1772416821,2026-03-01T18:00:21,85,15,no,3
6556,1772416823,2026-03-01T18:00:23,86,14,yes,90
6557,1772416823,2026-03-01T18:00:23,86,14,yes,115
6558,1772416823,2026-03-01T18:00:23,86,14,yes,287
6559,1772416823,2026-03-01T18:00:23,86,14,yes,2
6560,1772416823,2026-03-01T18:00:23,86,14,yes,20
6561,1772416824,2026-03-01T18:00:24,86,14,yes,126
6562,1772416824,2026-03-01T18:00:24,86,14,yes,32
6563,1772416824,2026-03-01T18:00:24,86,14,yes,9
6564,1772416825,2026-03-01T18:00:25,86,14,yes,11
6565,1772416825,2026-03-01T18:00:25,86,14,yes,5
6566,1772416826,2026-03-01T18:00:26,86,14,yes,5
6567,1772416826,2026-03-01T18:00:26,86,14,yes,56
6568,1772416826,2026-03-01T18:00:26,85,15,no,17
6569,1772416826,2026-03-01T18:00:26,85,15,no,5
6570,1772416826,2026-03-01T18:00:26,85,15,no,55
6571,1772416826,2026-03-01T18:00:26,84,16,no,5
6572,1772416826,2026-03-01T18:00:26,84,16,no,67
6573,1772416826,2026-03-01T18:00:26,86,14,yes,1
6574,1772416826,2026-03-01T18:00:26,86,14,yes,73
6575,1772416827,2026-03-01T18:00:27,86,14,yes,1
6576,1772416828,2026-03-01T18:00:28,85,15,yes,1
6577,1772416828,2026-03-01T18:00:28,86,14,yes,27
6578,1772416830,2026-03-01T18:00:30,85,15,yes,27
6579,1772416830,2026-03-01T18:00:30,85,15,yes,1151
6580,1772416831,2026-03-01T18:00:31,85,15,yes,1000
6581,1772416831,2026-03-01T18:00:31,84,16,no,1
6582,1772416831,2026-03-01T18:00:31,84,16,no,3
6583,1772416831,2026-03-01T18:00:31,84,16,no,2
6584,1772416831,2026-03-01T18:00:31,84,16,no,10
6585,1772416832,2026-03-01T18:00:32,84,16,yes,726
6586,1772416833,2026-03-01T18:00:33,84,16,yes,182
6587,1772416834,2026-03-01T18:00:34,84,16,yes,2
6588,1772416835,2026-03-01T18:00:35,84,16,yes,232
6589,1772416835,2026-03-01T18:00:35,84,16,yes,6
6590,1772416835,2026-03-01T18:00:35,84,16,yes,114
6591,1772416836,2026-03-01T18:00:36,84,16,yes,1
6592,1772416837,2026-03-01T18:00:37,84,16,yes,1020
6593,1772416837,2026-03-01T18:00:37,84,16,yes,82
6594,1772416837,2026-03-01T18:00:37,84,16,yes,54
6595,1772416837,2026-03-01T18:00:37,84,16,yes,25
6596,1772416837,2026-03-01T18:00:37,84,16,yes,911
6597,1772416837,2026-03-01T18:00:37,84,16,yes,10
6598,1772416838,2026-03-01T18:00:38,84,16,yes,24
6599,1772416838,2026-03-01T18:00:38,84,16,yes,1769
6600,1772416838,2026-03-01T18:00:38,84,16,yes,1719
6601,1772416838,2026-03-01T18:00:38,84,16,yes,905
6602,1772416839,2026-03-01T18:00:39,84,16,yes,22
6603,1772416839,2026-03-01T18:00:39,84,16,yes,860
6604,1772416839,2026-03-01T18:00:39,84,16,yes,317
6605,1772416840,2026-03-01T18:00:40,84,16,yes,29
6606,1772416841,2026-03-01T18:00:41,84,16,yes,117
6607,1772416842,2026-03-01T18:00:42,84,16,yes,100
6608,1772416843,2026-03-01T18:00:43,83,17,no,10
6609,1772416843,2026-03-01T18:00:43,83,17,no,4
6610,1772416843,2026-03-01T18:00:43,83,17,no,4
6611,1772416843,2026-03-01T18:00:43,83,17,no,4
6612,1772416843,2026-03-01T18:00:43,83,17,no,100
6613,1772416843,2026-03-01T18:00:43,83,17,no,986
6614,1772416843,2026-03-01T18:00:43,82,18,no,369
6615,1772416843,2026-03-01T18:00:43,83,17,yes,3
6616,1772416844,2026-03-01T18:00:44,83,17,yes,23
6617,1772416845,2026-03-01T18:00:45,83,17,yes,1
6618,1772416845,2026-03-01T18:00:45,82,18,no,2631
6619,1772416845,2026-03-01T18:00:45,82,18,yes,1
6620,1772416845,2026-03-01T18:00:45,82,18,yes,71
6621,1772416846,2026-03-01T18:00:46,82,18,yes,23
6622,1772416846,2026-03-01T18:00:46,82,18,yes,135
6623,1772416846,2026-03-01T18:00:46,82,18,yes,222
6624,1772416847,2026-03-01T18:00:47,82,18,yes,1
6625,1772416848,2026-03-01T18:00:48,82,18,yes,10
6626,1772416848,2026-03-01T18:00:48,82,18,yes,10
6627,1772416848,2026-03-01T18:00:48,82,18,yes,8
6628,1772416848,2026-03-01T18:00:48,82,18,yes,1
6629,1772416849,2026-03-01T18:00:49,81,19,no,10
6630,1772416849,2026-03-01T18:00:49,81,19,no,10
6631,1772416849,2026-03-01T18:00:49,81,19,no,20
6632,1772416849,2026-03-01T18:00:49,82,18,yes,30
6633,1772416849,2026-03-01T18:00:49,82,18,yes,5
6634,1772416850,2026-03-01T18:00:50,81,19,yes,47
6635,1772416850,2026-03-01T18:00:50,81,19,yes,2
6636,1772416850,2026-03-01T18:00:50,81,19,yes,101
6637,1772416850,2026-03-01T18:00:50,82,18,yes,139
6638,1772416851,2026-03-01T18:00:51,82,18,yes,13
6639,1772416851,2026-03-01T18:00:51,82,18,yes,3571
6640,1772416852,2026-03-01T18:00:52,81,19,yes,10
6641,1772416852,2026-03-01T18:00:52,81,19,yes,36
6642,1772416852,2026-03-01T18:00:52,81,19,yes,10
6643,1772416853,2026-03-01T18:00:53,81,19,yes,94
6644,1772416853,2026-03-01T18:00:53,81,19,yes,636
6645,1772416856,2026-03-01T18:00:56,82,18,yes,12
6646,1772416857,2026-03-01T18:00:57,82,18,yes,60
6647,1772416857,2026-03-01T18:00:57,82,18,yes,57
6648,1772416857,2026-03-01T18:00:57,82,18,yes,1
6649,1772416857,2026-03-01T18:00:57,82,18,yes,1204
6650,1772416858,2026-03-01T18:00:58,82,18,yes,100
6651,1772416858,2026-03-01T18:00:58,82,18,yes,194
6652,1772416858,2026-03-01T18:00:58,82,18,yes,10
6653,1772416863,2026-03-01T18:01:03,84,16,yes,3
6654,1772416864,2026-03-01T18:01:04,83,17,no,25
6655,1772416864,2026-03-01T18:01:04,84,16,yes,11
6656,1772416865,2026-03-01T18:01:05,84,16,yes,86
6657,1772416865,2026-03-01T18:01:05,84,16,yes,29
6658,1772416866,2026-03-01T18:01:06,84,16,yes,5
6659,1772416867,2026-03-01T18:01:07,84,16,yes,13
6660,1772416867,2026-03-01T18:01:07,84,16,yes,10
6661,1772416868,2026-03-01T18:01:08,84,16,yes,2
6662,1772416868,2026-03-01T18:01:08,84,16,yes,70
6663,1772416869,2026-03-01T18:01:09,84,16,yes,1
6664,1772416869,2026-03-01T18:01:09,84,16,yes,235
6665,1772416870,2026-03-01T18:01:10,84,16,yes,41
6666,1772416871,2026-03-01T18:01:11,84,16,yes,14
6667,1772416872,2026-03-01T18:01:12,84,16,yes,5
6668,1772416872,2026-03-01T18:01:12,83,17,no,1
6669,1772416874,2026-03-01T18:01:14,84,16,yes,36
6670,1772416875,2026-03-01T18:01:15,84,16,yes,1
6671,1772416875,2026-03-01T18:01:15,84,16,yes,10
6672,1772416876,2026-03-01T18:01:16,84,16,yes,105
6673,1772416876,2026-03-01T18:01:16,84,16,yes,174
6674,1772416877,2026-03-01T18:01:17,84,16,yes,58
6675,1772416877,2026-03-01T18:01:17,84,16,yes,58
6676,1772416880,2026-03-01T18:01:20,83,17,no,4
6677,1772416880,2026-03-01T18:01:20,83,17,no,46
6678,1772416880,2026-03-01T18:01:20,84,16,yes,25
6679,1772416880,2026-03-01T18:01:20,84,16,yes,75
6680,1772416881,2026-03-01T18:01:21,84,16,yes,34
6681,1772416881,2026-03-01T18:01:21,84,16,yes,9
6682,1772416882,2026-03-01T18:01:22,84,16,yes,58
6683,1772416882,2026-03-01T18:01:22,84,16,yes,231
6684,1772416882,2026-03-01T18:01:22,84,16,yes,10
6685,1772416884,2026-03-01T18:01:24,84,16,yes,10
6686,1772416885,2026-03-01T18:01:25,84,16,yes,2
6687,1772416885,2026-03-01T18:01:25,84,16,yes,30
6688,1772416885,2026-03-01T18:01:25,84,16,yes,14
6689,1772416886,2026-03-01T18:01:26,84,16,yes,9
6690,1772416887,2026-03-01T18:01:27,84,16,yes,50
6691,1772416887,2026-03-01T18:01:27,84,16,yes,170
6692,1772416887,2026-03-01T18:01:27,84,16,yes,47
6693,1772416888,2026-03-01T18:01:28,83,17,no,100
6694,1772416888,2026-03-01T18:01:28,83,17,no,5
6695,1772416888,2026-03-01T18:01:28,83,17,no,45
6696,1772416888,2026-03-01T18:01:28,84,16,yes,188
6697,1772416891,2026-03-01T18:01:31,84,16,yes,1
6698,1772416891,2026-03-01T18:01:31,84,16,yes,46
6699,1772416893,2026-03-01T18:01:33,84,16,yes,147
6700,1772416895,2026-03-01T18:01:35,84,16,yes,1
6701,1772416896,2026-03-01T18:01:36,84,16,yes,10
6702,1772416896,2026-03-01T18:01:36,84,16,yes,2
6703,1772416896,2026-03-01T18:01:36,83,17,no,23
6704,1772416898,2026-03-01T18:01:38,84,16,yes,29
6705,1772416898,2026-03-01T18:01:38,84,16,yes,25
6706,1772416899,2026-03-01T18:01:39,84,16,yes,6
6707,1772416899,2026-03-01T18:01:39,84,16,yes,23
6708,1772416900,2026-03-01T18:01:40,83,17,no,70
6709,1772416901,2026-03-01T18:01:41,84,16,yes,9
6710,1772416901,2026-03-01T18:01:41,84,16,yes,1324
6711,1772416901,2026-03-01T18:01:41,84,16,yes,4348
6712,1772416901,2026-03-01T18:01:41,84,16,yes,141
6713,1772416901,2026-03-01T18:01:41,84,16,yes,58
6714,1772416902,2026-03-01T18:01:42,84,16,yes,1
6715,1772416903,2026-03-01T18:01:43,84,16,yes,37
6716,1772416904,2026-03-01T18:01:44,84,16,yes,1
6717,1772416905,2026-03-01T18:01:45,83,17,no,30
6718,1772416906,2026-03-01T18:01:46,84,16,yes,4
6719,1772416906,2026-03-01T18:01:46,84,16,yes,1
6720,1772416908,2026-03-01T18:01:48,84,16,yes,7398
6721,1772416908,2026-03-01T18:01:48,84,16,yes,2326
6722,1772416908,2026-03-01T18:01:48,84,16,yes,243
6723,1772416908,2026-03-01T18:01:48,84,16,yes,4
6724,1772416908,2026-03-01T18:01:48,84,16,yes,2037
6725,1772416908,2026-03-01T18:01:48,84,16,yes,1
6726,1772416908,2026-03-01T18:01:48,84,16,yes,2
6727,1772416909,2026-03-01T18:01:49,83,17,no,60
6728,1772416910,2026-03-01T18:01:50,84,16,yes,117
6729,1772416910,2026-03-01T18:01:50,84,16,yes,11
6730,1772416912,2026-03-01T18:01:52,84,16,yes,11
6731,1772416913,2026-03-01T18:01:53,83,17,no,11
6732,1772416914,2026-03-01T18:01:54,84,16,yes,17
6733,1772416915,2026-03-01T18:01:55,84,16,yes,2844
6734,1772416915,2026-03-01T18:01:55,84,16,yes,1925
6735,1772416916,2026-03-01T18:01:56,84,16,yes,7
6736,1772416916,2026-03-01T18:01:56,84,16,yes,28
6737,1772416916,2026-03-01T18:01:56,84,16,yes,3725
6738,1772416917,2026-03-01T18:01:57,83,17,no,1
6739,1772416917,2026-03-01T18:01:57,84,16,yes,3
6740,1772416918,2026-03-01T18:01:58,84,16,yes,8
6741,1772416919,2026-03-01T18:01:59,83,17,no,7
6742,1772416921,2026-03-01T18:02:01,84,16,yes,300
6743,1772416921,2026-03-01T18:02:01,83,17,no,8
6744,1772416922,2026-03-01T18:02:02,84,16,yes,100
6745,1772416925,2026-03-01T18:02:05,84,16,yes,10
6746,1772416927,2026-03-01T18:02:07,84,16,yes,68
6747,1772416928,2026-03-01T18:02:08,84,16,yes,10
6748,1772416928,2026-03-01T18:02:08,84,16,yes,18
6749,1772416928,2026-03-01T18:02:08,84,16,yes,5
6750,1772416929,2026-03-01T18:02:09,84,16,yes,117
6751,1772416929,2026-03-01T18:02:09,83,17,no,24
6752,1772416929,2026-03-01T18:02:09,84,16,yes,1176
6753,1772416929,2026-03-01T18:02:09,84,16,yes,124
6754,1772416929,2026-03-01T18:02:09,84,16,yes,1
6755,1772416930,2026-03-01T18:02:10,84,16,yes,23
6756,1772416930,2026-03-01T18:02:10,84,16,yes,34
6757,1772416932,2026-03-01T18:02:12,84,16,yes,1
6758,1772416933,2026-03-01T18:02:13,84,16,yes,17
6759,1772416933,2026-03-01T18:02:13,84,16,yes,16
6760,1772416933,2026-03-01T18:02:13,83,17,no,5
6761,1772416936,2026-03-01T18:02:16,84,16,yes,100
6762,1772416936,2026-03-01T18:02:16,84,16,yes,10
6763,1772416936,2026-03-01T18:02:16,84,16,yes,117
6764,1772416937,2026-03-01T18:02:17,84,16,yes,20
6765,1772416937,2026-03-01T18:02:17,84,16,yes,20
6766,1772416938,2026-03-01T18:02:18,84,16,yes,160
6767,1772416938,2026-03-01T18:02:18,84,16,yes,4
6768,1772416939,2026-03-01T18:02:19,84,16,yes,27
6769,1772416939,2026-03-01T18:02:19,84,16,yes,2
6770,1772416941,2026-03-01T18:02:21,84,16,yes,1000
6771,1772416942,2026-03-01T18:02:22,84,16,yes,36
6772,1772416942,2026-03-01T18:02:22,83,17,no,3
6773,1772416943,2026-03-01T18:02:23,84,16,yes,422
6774,1772416943,2026-03-01T18:02:23,84,16,yes,23
6775,1772416944,2026-03-01T18:02:24,84,16,yes,117
6776,1772416945,2026-03-01T18:02:25,83,17,no,353
6777,1772416945,2026-03-01T18:02:25,83,17,no,440
6778,1772416945,2026-03-01T18:02:25,84,16,yes,1
6779,1772416945,2026-03-01T18:02:25,84,16,yes,117
6780,1772416946,2026-03-01T18:02:26,84,16,yes,2
6781,1772416948,2026-03-01T18:02:28,84,16,yes,17
6782,1772416949,2026-03-01T18:02:29,84,16,yes,10
6783,1772416949,2026-03-01T18:02:29,84,16,yes,174
6784,1772416950,2026-03-01T18:02:30,84,16,yes,174
6785,1772416950,2026-03-01T18:02:30,84,16,yes,58
6786,1772416950,2026-03-01T18:02:30,84,16,yes,116
6787,1772416951,2026-03-01T18:02:31,84,16,yes,94
6788,1772416951,2026-03-01T18:02:31,84,16,yes,11
6789,1772416951,2026-03-01T18:02:31,84,16,yes,25
6790,1772416952,2026-03-01T18:02:32,84,16,yes,58
6791,1772416953,2026-03-01T18:02:33,83,17,no,2500
6792,1772416954,2026-03-01T18:02:34,84,16,yes,3
6793,1772416954,2026-03-01T18:02:34,84,16,yes,5
6794,1772416955,2026-03-01T18:02:35,84,16,yes,1
6795,1772416956,2026-03-01T18:02:36,84,16,yes,100
6796,1772416958,2026-03-01T18:02:38,84,16,yes,58
6797,1772416959,2026-03-01T18:02:39,84,16,yes,58
6798,1772416959,2026-03-01T18:02:39,84,16,yes,684
6799,1772416960,2026-03-01T18:02:40,84,16,yes,10
6800,1772416960,2026-03-01T18:02:40,84,16,yes,58
6801,1772416961,2026-03-01T18:02:41,84,16,yes,2
6802,1772416961,2026-03-01T18:02:41,84,16,yes,3
6803,1772416961,2026-03-01T18:02:41,83,17,no,175
6804,1772416961,2026-03-01T18:02:41,83,17,no,13
6805,1772416963,2026-03-01T18:02:43,84,16,yes,2
6806,1772416963,2026-03-01T18:02:43,84,16,yes,76
6807,1772416965,2026-03-01T18:02:45,84,16,yes,28
6808,1772416966,2026-03-01T18:02:46,84,16,yes,11
6809,1772416966,2026-03-01T18:02:46,84,16,yes,14
6810,1772416966,2026-03-01T18:02:46,84,16,yes,68
6811,1772416967,2026-03-01T18:02:47,83,17,no,117
6812,1772416968,2026-03-01T18:02:48,84,16,yes,10
6813,1772416968,2026-03-01T18:02:48,84,16,yes,69
6814,1772416969,2026-03-01T18:02:49,84,16,yes,58
6815,1772416970,2026-03-01T18:02:50,84,16,yes,353
6816,1772416970,2026-03-01T18:02:50,84,16,yes,3
6817,1772416970,2026-03-01T18:02:50,84,16,yes,13
6818,1772416972,2026-03-01T18:02:52,84,16,yes,76
6819,1772416973,2026-03-01T18:02:53,84,16,yes,2
6820,1772416975,2026-03-01T18:02:55,84,16,yes,11
6821,1772416976,2026-03-01T18:02:56,84,16,yes,18
6822,1772416976,2026-03-01T18:02:56,84,16,yes,29
6823,1772416979,2026-03-01T18:02:59,84,16,yes,10
6824,1772416982,2026-03-01T18:03:02,84,16,yes,1161
6825,1772416982,2026-03-01T18:03:02,84,16,yes,5
6826,1772416983,2026-03-01T18:03:03,84,16,yes,16
6827,1772416983,2026-03-01T18:03:03,84,16,yes,1
6828,1772416984,2026-03-01T18:03:04,84,16,yes,588
6829,1772416985,2026-03-01T18:03:05,84,16,yes,4
6830,1772416986,2026-03-01T18:03:06,84,16,yes,4
6831,1772416986,2026-03-01T18:03:06,84,16,yes,116
6832,1772416986,2026-03-01T18:03:06,84,16,yes,29
6833,1772416989,2026-03-01T18:03:09,84,16,yes,56
6834,1772416990,2026-03-01T18:03:10,84,16,yes,10
6835,1772416991,2026-03-01T18:03:11,84,16,yes,11
6836,1772416992,2026-03-01T18:03:12,84,16,yes,77
6837,1772416992,2026-03-01T18:03:12,84,16,yes,329
6838,1772416993,2026-03-01T18:03:13,84,16,yes,13
6839,1772416994,2026-03-01T18:03:14,84,16,yes,58
6840,1772416996,2026-03-01T18:03:16,84,16,yes,279
6841,1772416996,2026-03-01T18:03:16,84,16,yes,1
6842,1772416998,2026-03-01T18:03:18,83,17,no,1007
6843,1772416998,2026-03-01T18:03:18,84,16,yes,23
6844,1772416998,2026-03-01T18:03:18,84,16,yes,116
6845,1772416998,2026-03-01T18:03:18,83,17,no,131
6846,1772416999,2026-03-01T18:03:19,84,16,yes,41
6847,1772416999,2026-03-01T18:03:19,83,17,no,5
6848,1772416999,2026-03-01T18:03:19,83,17,no,28
6849,1772417000,2026-03-01T18:03:20,84,16,yes,37
6850,1772417001,2026-03-01T18:03:21,84,16,yes,63
6851,1772417001,2026-03-01T18:03:21,84,16,yes,41
6852,1772417003,2026-03-01T18:03:23,84,16,yes,2325
6853,1772417003,2026-03-01T18:03:23,84,16,yes,23
6854,1772417004,2026-03-01T18:03:24,84,16,yes,117
6855,1772417005,2026-03-01T18:03:25,84,16,yes,5
6856,1772417005,2026-03-01T18:03:25,83,17,no,2
6857,1772417006,2026-03-01T18:03:26,83,17,no,134
6858,1772417006,2026-03-01T18:03:26,83,17,no,250
6859,1772417006,2026-03-01T18:03:26,83,17,no,531
6860,1772417006,2026-03-01T18:03:26,84,16,yes,235
6861,1772417007,2026-03-01T18:03:27,84,16,yes,3
6862,1772417008,2026-03-01T18:03:28,84,16,yes,175
6863,1772417009,2026-03-01T18:03:29,84,16,yes,11
6864,1772417010,2026-03-01T18:03:30,84,16,yes,9
6865,1772417010,2026-03-01T18:03:30,84,16,yes,88
6866,1772417011,2026-03-01T18:03:31,84,16,yes,35
6867,1772417011,2026-03-01T18:03:31,84,16,yes,23
6868,1772417012,2026-03-01T18:03:32,84,16,yes,47
6869,1772417014,2026-03-01T18:03:34,84,16,yes,401
6870,1772417014,2026-03-01T18:03:34,84,16,yes,5
6871,1772417014,2026-03-01T18:03:34,84,16,yes,33
6872,1772417014,2026-03-01T18:03:34,84,16,yes,3049
6873,1772417014,2026-03-01T18:03:34,84,16,yes,10
6874,1772417015,2026-03-01T18:03:35,84,16,yes,1
6875,1772417016,2026-03-01T18:03:36,84,16,yes,15
6876,1772417016,2026-03-01T18:03:36,84,16,yes,14
6877,1772417019,2026-03-01T18:03:39,84,16,yes,1
6878,1772417020,2026-03-01T18:03:40,83,17,no,11
6879,1772417022,2026-03-01T18:03:42,84,16,yes,3116
6880,1772417022,2026-03-01T18:03:42,84,16,yes,232
6881,1772417023,2026-03-01T18:03:43,84,16,yes,10
6882,1772417023,2026-03-01T18:03:43,84,16,yes,17
6883,1772417024,2026-03-01T18:03:44,84,16,yes,10
6884,1772417024,2026-03-01T18:03:44,84,16,yes,164
6885,1772417025,2026-03-01T18:03:45,84,16,yes,35
6886,1772417025,2026-03-01T18:03:45,84,16,yes,503
6887,1772417025,2026-03-01T18:03:45,84,16,yes,32
6888,1772417025,2026-03-01T18:03:45,83,17,no,458
6889,1772417025,2026-03-01T18:03:45,83,17,no,500
6890,1772417025,2026-03-01T18:03:45,83,17,no,500
6891,1772417025,2026-03-01T18:03:45,83,17,no,194
6892,1772417025,2026-03-01T18:03:45,84,16,yes,1
6893,1772417026,2026-03-01T18:03:46,84,16,yes,9
6894,1772417026,2026-03-01T18:03:46,84,16,yes,72
6895,1772417026,2026-03-01T18:03:46,83,17,yes,58
6896,1772417028,2026-03-01T18:03:48,83,17,yes,14
6897,1772417030,2026-03-01T18:03:50,83,17,yes,1411
6898,1772417030,2026-03-01T18:03:50,83,17,yes,5
6899,1772417030,2026-03-01T18:03:50,83,17,yes,239
6900,1772417030,2026-03-01T18:03:50,83,17,yes,35
6901,1772417031,2026-03-01T18:03:51,83,17,yes,29
6902,1772417032,2026-03-01T18:03:52,83,17,yes,8
6903,1772417032,2026-03-01T18:03:52,83,17,yes,10
6904,1772417033,2026-03-01T18:03:53,83,17,yes,29
6905,1772417034,2026-03-01T18:03:54,82,18,no,15
6906,1772417034,2026-03-01T18:03:54,83,17,yes,15
6907,1772417035,2026-03-01T18:03:55,83,17,yes,735
6908,1772417036,2026-03-01T18:03:56,83,17,yes,309
6909,1772417036,2026-03-01T18:03:56,83,17,yes,41
6910,1772417037,2026-03-01T18:03:57,83,17,yes,13
6911,1772417038,2026-03-01T18:03:58,83,17,yes,11
6912,1772417039,2026-03-01T18:03:59,83,17,yes,1097
6913,1772417039,2026-03-01T18:03:59,83,17,yes,2381
6914,1772417042,2026-03-01T18:04:02,83,17,yes,3529
6915,1772417045,2026-03-01T18:04:05,83,17,yes,1
6916,1772417045,2026-03-01T18:04:05,83,17,yes,19
6917,1772417047,2026-03-01T18:04:07,82,18,no,50
6918,1772417047,2026-03-01T18:04:07,83,17,yes,7
6919,1772417048,2026-03-01T18:04:08,83,17,yes,647
6920,1772417050,2026-03-01T18:04:10,83,17,yes,4
6921,1772417050,2026-03-01T18:04:10,83,17,yes,47
6922,1772417052,2026-03-01T18:04:12,83,17,yes,339
6923,1772417052,2026-03-01T18:04:12,83,17,yes,21
6924,1772417053,2026-03-01T18:04:13,83,17,yes,10
6925,1772417053,2026-03-01T18:04:13,83,17,yes,29
6926,1772417053,2026-03-01T18:04:13,83,17,yes,60
6927,1772417057,2026-03-01T18:04:17,82,18,no,1
6928,1772417058,2026-03-01T18:04:18,83,17,yes,110
6929,1772417058,2026-03-01T18:04:18,83,17,yes,2
6930,1772417058,2026-03-01T18:04:18,83,17,yes,119
6931,1772417059,2026-03-01T18:04:19,83,17,yes,55
6932,1772417062,2026-03-01T18:04:22,83,17,yes,1
6933,1772417062,2026-03-01T18:04:22,83,17,yes,217
6934,1772417062,2026-03-01T18:04:22,83,17,yes,70
6935,1772417064,2026-03-01T18:04:24,83,17,yes,2
6936,1772417065,2026-03-01T18:04:25,83,17,yes,55
6937,1772417066,2026-03-01T18:04:26,83,17,yes,210
6938,1772417066,2026-03-01T18:04:26,83,17,yes,35
6939,1772417069,2026-03-01T18:04:29,83,17,yes,25
6940,1772417070,2026-03-01T18:04:30,83,17,yes,2
6941,1772417070,2026-03-01T18:04:30,83,17,yes,1
6942,1772417072,2026-03-01T18:04:32,83,17,yes,55
6943,1772417072,2026-03-01T18:04:32,83,17,yes,24
6944,1772417072,2026-03-01T18:04:32,83,17,yes,187
6945,1772417074,2026-03-01T18:04:34,83,17,yes,29
6946,1772417074,2026-03-01T18:04:34,83,17,yes,5
6947,1772417074,2026-03-01T18:04:34,82,18,no,376
6948,1772417075,2026-03-01T18:04:35,83,17,yes,1
6949,1772417075,2026-03-01T18:04:35,83,17,yes,17
6950,1772417076,2026-03-01T18:04:36,83,17,yes,1
6951,1772417076,2026-03-01T18:04:36,83,17,yes,869
6952,1772417077,2026-03-01T18:04:37,83,17,yes,1
6953,1772417077,2026-03-01T18:04:37,83,17,yes,1
6954,1772417077,2026-03-01T18:04:37,83,17,yes,45
6955,1772417079,2026-03-01T18:04:39,83,17,yes,10
6956,1772417081,2026-03-01T18:04:41,83,17,yes,1770
6957,1772417081,2026-03-01T18:04:41,83,17,yes,4849
6958,1772417082,2026-03-01T18:04:42,83,17,yes,20
6959,1772417082,2026-03-01T18:04:42,83,17,yes,10
6960,1772417084,2026-03-01T18:04:44,83,17,yes,2
6961,1772417084,2026-03-01T18:04:44,82,18,no,258
6962,1772417085,2026-03-01T18:04:45,83,17,yes,58
6963,1772417086,2026-03-01T18:04:46,83,17,yes,50
6964,1772417087,2026-03-01T18:04:47,83,17,yes,10
6965,1772417087,2026-03-01T18:04:47,83,17,yes,5
6966,1772417087,2026-03-01T18:04:47,83,17,yes,595
6967,1772417088,2026-03-01T18:04:48,83,17,yes,95
6968,1772417089,2026-03-01T18:04:49,83,17,yes,391
6969,1772417089,2026-03-01T18:04:49,83,17,yes,404
6970,1772417089,2026-03-01T18:04:49,83,17,yes,178
6971,1772417090,2026-03-01T18:04:50,83,17,yes,300
6972,1772417090,2026-03-01T18:04:50,83,17,yes,59
6973,1772417091,2026-03-01T18:04:51,82,18,no,208
6974,1772417091,2026-03-01T18:04:51,83,17,yes,100
6975,1772417093,2026-03-01T18:04:53,83,17,yes,11
6976,1772417094,2026-03-01T18:04:54,83,17,yes,1
6977,1772417094,2026-03-01T18:04:54,83,17,yes,21
6978,1772417096,2026-03-01T18:04:56,83,17,yes,11
6979,1772417097,2026-03-01T18:04:57,83,17,yes,10
6980,1772417097,2026-03-01T18:04:57,83,17,yes,3
6981,1772417099,2026-03-01T18:04:59,83,17,yes,1
6982,1772417100,2026-03-01T18:05:00,83,17,yes,400
6983,1772417103,2026-03-01T18:05:03,83,17,yes,211
6984,1772417104,2026-03-01T18:05:04,83,17,yes,13
6985,1772417104,2026-03-01T18:05:04,83,17,yes,100
6986,1772417105,2026-03-01T18:05:05,83,17,yes,1
6987,1772417105,2026-03-01T18:05:05,83,17,yes,32
6988,1772417106,2026-03-01T18:05:06,83,17,yes,42059
6989,1772417106,2026-03-01T18:05:06,83,17,yes,2865
6990,1772417106,2026-03-01T18:05:06,83,17,yes,4334
6991,1772417106,2026-03-01T18:05:06,83,17,yes,742
6992,1772417106,2026-03-01T18:05:06,83,17,yes,10
6993,1772417108,2026-03-01T18:05:08,84,16,yes,11
6994,1772417110,2026-03-01T18:05:10,83,17,no,100
6995,1772417112,2026-03-01T18:05:12,84,16,yes,1
6996,1772417113,2026-03-01T18:05:13,84,16,yes,179
6997,1772417114,2026-03-01T18:05:14,84,16,yes,1
6998,1772417115,2026-03-01T18:05:15,83,17,no,80
6999,1772417116,2026-03-01T18:05:16,83,17,yes,9
7000,1772417118,2026-03-01T18:05:18,83,17,yes,1
7001,1772417120,2026-03-01T18:05:20,82,18,no,7
7002,1772417120,2026-03-01T18:05:20,83,17,yes,19
7003,1772417122,2026-03-01T18:05:22,83,17,yes,47
7004,1772417122,2026-03-01T18:05:22,83,17,yes,3
7005,1772417123,2026-03-01T18:05:23,83,17,yes,117
7006,1772417124,2026-03-01T18:05:24,83,17,yes,713
7007,1772417124,2026-03-01T18:05:24,83,17,yes,59
7008,1772417124,2026-03-01T18:05:24,83,17,yes,29
7009,1772417126,2026-03-01T18:05:26,83,17,yes,3
7010,1772417126,2026-03-01T18:05:26,83,17,yes,7
7011,1772417127,2026-03-01T18:05:27,83,17,yes,8
7012,1772417127,2026-03-01T18:05:27,83,17,yes,11
7013,1772417128,2026-03-01T18:05:28,83,17,yes,52
7014,1772417128,2026-03-01T18:05:28,83,17,yes,23
7015,1772417129,2026-03-01T18:05:29,83,17,yes,232
7016,1772417129,2026-03-01T18:05:29,83,17,yes,10
7017,1772417131,2026-03-01T18:05:31,83,17,yes,50
7018,1772417133,2026-03-01T18:05:33,83,17,yes,100
7019,1772417134,2026-03-01T18:05:34,83,17,yes,2761
7020,1772417134,2026-03-01T18:05:34,83,17,yes,1239
7021,1772417134,2026-03-01T18:05:34,83,17,yes,113
7022,1772417137,2026-03-01T18:05:37,83,17,yes,5
7023,1772417137,2026-03-01T18:05:37,83,17,yes,1
7024,1772417138,2026-03-01T18:05:38,83,17,yes,117
7025,1772417138,2026-03-01T18:05:38,83,17,yes,19
7026,1772417138,2026-03-01T18:05:38,83,17,yes,30
7027,1772417139,2026-03-01T18:05:39,83,17,yes,1
7028,1772417139,2026-03-01T18:05:39,83,17,yes,119
7029,1772417140,2026-03-01T18:05:40,83,17,yes,2
7030,1772417145,2026-03-01T18:05:45,84,16,yes,5
7031,1772417145,2026-03-01T18:05:45,84,16,yes,19
7032,1772417146,2026-03-01T18:05:46,83,17,yes,5
7033,1772417146,2026-03-01T18:05:46,83,17,yes,4
7034,1772417146,2026-03-01T18:05:46,82,18,no,8
7035,1772417147,2026-03-01T18:05:47,83,17,yes,89
7036,1772417149,2026-03-01T18:05:49,83,17,yes,11
7037,1772417152,2026-03-01T18:05:52,84,16,yes,117
7038,1772417152,2026-03-01T18:05:52,84,16,yes,50
7039,1772417154,2026-03-01T18:05:54,85,15,yes,4
7040,1772417157,2026-03-01T18:05:57,85,15,yes,23
7041,1772417158,2026-03-01T18:05:58,85,15,yes,5
7042,1772417159,2026-03-01T18:05:59,83,17,no,500
7043,1772417159,2026-03-01T18:05:59,83,17,no,642
7044,1772417160,2026-03-01T18:06:00,84,16,yes,116
7045,1772417161,2026-03-01T18:06:01,84,16,yes,1
7046,1772417161,2026-03-01T18:06:01,84,16,yes,55
7047,1772417162,2026-03-01T18:06:02,83,17,no,385
7048,1772417162,2026-03-01T18:06:02,84,16,yes,11
7049,1772417164,2026-03-01T18:06:04,83,17,no,119
7050,1772417164,2026-03-01T18:06:04,84,16,yes,1
7051,1772417165,2026-03-01T18:06:05,84,16,yes,1
7052,1772417165,2026-03-01T18:06:05,84,16,yes,5
7053,1772417167,2026-03-01T18:06:07,84,16,yes,100
7054,1772417167,2026-03-01T18:06:07,85,15,yes,68
7055,1772417167,2026-03-01T18:06:07,85,15,yes,41
7056,1772417169,2026-03-01T18:06:09,85,15,yes,10
7057,1772417171,2026-03-01T18:06:11,85,15,yes,5
7058,1772417173,2026-03-01T18:06:13,85,15,yes,57
7059,1772417174,2026-03-01T18:06:14,85,15,yes,17
7060,1772417179,2026-03-01T18:06:19,85,15,yes,5
7061,1772417181,2026-03-01T18:06:21,83,17,no,15
7062,1772417181,2026-03-01T18:06:21,83,17,no,65
7063,1772417182,2026-03-01T18:06:22,84,16,yes,15
7064,1772417183,2026-03-01T18:06:23,84,16,yes,1659
7065,1772417183,2026-03-01T18:06:23,84,16,yes,650
7066,1772417185,2026-03-01T18:06:25,84,16,yes,33
7067,1772417186,2026-03-01T18:06:26,83,17,no,3
7068,1772417186,2026-03-01T18:06:26,83,17,no,272
7069,1772417186,2026-03-01T18:06:26,83,17,no,2
7070,1772417186,2026-03-01T18:06:26,83,17,no,175
7071,1772417186,2026-03-01T18:06:26,83,17,no,12
7072,1772417186,2026-03-01T18:06:26,83,17,yes,14
7073,1772417186,2026-03-01T18:06:26,83,17,yes,1
7074,1772417187,2026-03-01T18:06:27,83,17,yes,4
7075,1772417188,2026-03-01T18:06:28,83,17,yes,9
7076,1772417189,2026-03-01T18:06:29,83,17,yes,2469
7077,1772417189,2026-03-01T18:06:29,83,17,yes,1049
7078,1772417189,2026-03-01T18:06:29,83,17,yes,346
7079,1772417190,2026-03-01T18:06:30,83,17,yes,100
7080,1772417190,2026-03-01T18:06:30,83,17,yes,7
7081,1772417193,2026-03-01T18:06:33,83,17,yes,100
7082,1772417194,2026-03-01T18:06:34,83,17,no,6
7083,1772417194,2026-03-01T18:06:34,83,17,no,5
7084,1772417194,2026-03-01T18:06:34,83,17,no,29
7085,1772417194,2026-03-01T18:06:34,83,17,yes,5
7086,1772417195,2026-03-01T18:06:35,83,17,yes,2
7087,1772417197,2026-03-01T18:06:37,85,15,yes,500
7088,1772417197,2026-03-01T18:06:37,85,15,yes,150
7089,1772417198,2026-03-01T18:06:38,86,14,yes,34
7090,1772417200,2026-03-01T18:06:40,86,14,yes,16
7091,1772417200,2026-03-01T18:06:40,86,14,yes,1000
7092,1772417200,2026-03-01T18:06:40,86,14,yes,4269
7093,1772417200,2026-03-01T18:06:40,86,14,yes,4269
7094,1772417200,2026-03-01T18:06:40,86,14,yes,4269
7095,1772417200,2026-03-01T18:06:40,86,14,yes,4269
7096,1772417200,2026-03-01T18:06:40,86,14,yes,298
7097,1772417201,2026-03-01T18:06:41,87,13,yes,22
7098,1772417202,2026-03-01T18:06:42,87,13,yes,68
7099,1772417204,2026-03-01T18:06:44,87,13,yes,55
7100,1772417204,2026-03-01T18:06:44,87,13,yes,3
7101,1772417206,2026-03-01T18:06:46,87,13,yes,56
7102,1772417206,2026-03-01T18:06:46,87,13,yes,28
7103,1772417207,2026-03-01T18:06:47,87,13,yes,2
7104,1772417209,2026-03-01T18:06:49,87,13,yes,266
7105,1772417209,2026-03-01T18:06:49,87,13,yes,5
7106,1772417209,2026-03-01T18:06:49,87,13,yes,7
7107,1772417209,2026-03-01T18:06:49,87,13,yes,117
7108,1772417209,2026-03-01T18:06:49,87,13,yes,728
7109,1772417211,2026-03-01T18:06:51,86,14,yes,1337
7110,1772417211,2026-03-01T18:06:51,86,14,yes,4
7111,1772417212,2026-03-01T18:06:52,85,15,no,1
7112,1772417212,2026-03-01T18:06:52,85,15,no,300
7113,1772417212,2026-03-01T18:06:52,86,14,yes,5
7114,1772417212,2026-03-01T18:06:52,86,14,yes,115
7115,1772417212,2026-03-01T18:06:52,86,14,yes,610
7116,1772417212,2026-03-01T18:06:52,86,14,yes,5
7117,1772417212,2026-03-01T18:06:52,87,13,yes,28
7118,1772417213,2026-03-01T18:06:53,86,14,yes,23
7119,1772417215,2026-03-01T18:06:55,87,13,yes,85
7120,1772417215,2026-03-01T18:06:55,87,13,yes,35
7121,1772417217,2026-03-01T18:06:57,87,13,yes,50
7122,1772417218,2026-03-01T18:06:58,87,13,no,64
7123,1772417219,2026-03-01T18:06:59,88,12,yes,2
7124,1772417222,2026-03-01T18:07:02,87,13,no,50
7125,1772417223,2026-03-01T18:07:03,88,12,yes,498
7126,1772417223,2026-03-01T18:07:03,88,12,yes,50
7127,1772417223,2026-03-01T18:07:03,88,12,yes,5
7128,1772417223,2026-03-01T18:07:03,88,12,yes,7
7129,1772417223,2026-03-01T18:07:03,88,12,yes,1
7130,1772417223,2026-03-01T18:07:03,88,12,yes,50
7131,1772417223,2026-03-01T18:07:03,88,12,yes,2094
7132,1772417223,2026-03-01T18:07:03,88,12,yes,3072
7133,1772417224,2026-03-01T18:07:04,89,11,yes,5
7134,1772417226,2026-03-01T18:07:06,89,11,yes,7
7135,1772417226,2026-03-01T18:07:06,89,11,yes,26
7136,1772417226,2026-03-01T18:07:06,89,11,yes,43
7137,1772417226,2026-03-01T18:07:06,89,11,yes,5
7138,1772417226,2026-03-01T18:07:06,89,11,yes,1
7139,1772417227,2026-03-01T18:07:07,89,11,yes,350
7140,1772417230,2026-03-01T18:07:10,89,11,yes,117
7141,1772417230,2026-03-01T18:07:10,89,11,yes,5
7142,1772417230,2026-03-01T18:07:10,89,11,yes,4
7143,1772417230,2026-03-01T18:07:10,89,11,yes,2062
7144,1772417230,2026-03-01T18:07:10,89,11,yes,1714
7145,1772417230,2026-03-01T18:07:10,89,11,yes,27
7146,1772417230,2026-03-01T18:07:10,89,11,yes,57
7147,1772417231,2026-03-01T18:07:11,87,13,no,39
7148,1772417231,2026-03-01T18:07:11,89,11,yes,55
7149,1772417231,2026-03-01T18:07:11,87,13,no,28
7150,1772417232,2026-03-01T18:07:12,87,13,no,6
7151,1772417232,2026-03-01T18:07:12,89,11,yes,223
7152,1772417232,2026-03-01T18:07:12,89,11,yes,93
7153,1772417233,2026-03-01T18:07:13,87,13,no,5
7154,1772417233,2026-03-01T18:07:13,89,11,yes,77
7155,1772417233,2026-03-01T18:07:13,89,11,yes,105
7156,1772417233,2026-03-01T18:07:13,89,11,yes,168
7157,1772417235,2026-03-01T18:07:15,89,11,yes,1097
7158,1772417235,2026-03-01T18:07:15,87,13,no,62
7159,1772417236,2026-03-01T18:07:16,89,11,yes,11
7160,1772417236,2026-03-01T18:07:16,89,11,yes,55
7161,1772417237,2026-03-01T18:07:17,89,11,yes,1
7162,1772417237,2026-03-01T18:07:17,89,11,yes,21
7163,1772417241,2026-03-01T18:07:21,89,11,yes,34
7164,1772417245,2026-03-01T18:07:25,89,11,yes,188
7165,1772417245,2026-03-01T18:07:25,89,11,yes,334
7166,1772417246,2026-03-01T18:07:26,89,11,yes,5
7167,1772417247,2026-03-01T18:07:27,89,11,yes,7
7168,1772417248,2026-03-01T18:07:28,89,11,yes,50
7169,1772417248,2026-03-01T18:07:28,87,13,no,5
7170,1772417248,2026-03-01T18:07:28,87,13,no,10
7171,1772417249,2026-03-01T18:07:29,89,11,yes,13
7172,1772417249,2026-03-01T18:07:29,89,11,yes,10
7173,1772417250,2026-03-01T18:07:30,88,12,yes,108
7174,1772417252,2026-03-01T18:07:32,87,13,yes,900
7175,1772417253,2026-03-01T18:07:33,87,13,yes,1200
7176,1772417254,2026-03-01T18:07:34,87,13,yes,300
7177,1772417255,2026-03-01T18:07:35,87,13,yes,1
7178,1772417255,2026-03-01T18:07:35,87,13,yes,862
7179,1772417255,2026-03-01T18:07:35,87,13,yes,1200
7180,1772417255,2026-03-01T18:07:35,87,13,yes,671
7181,1772417257,2026-03-01T18:07:37,87,13,yes,22
7182,1772417258,2026-03-01T18:07:38,87,13,yes,112
7183,1772417259,2026-03-01T18:07:39,87,13,yes,94
7184,1772417259,2026-03-01T18:07:39,87,13,yes,2
7185,1772417261,2026-03-01T18:07:41,87,13,yes,12
7186,1772417261,2026-03-01T18:07:41,87,13,yes,50
7187,1772417263,2026-03-01T18:07:43,86,14,no,2
7188,1772417264,2026-03-01T18:07:44,87,13,yes,1
7189,1772417264,2026-03-01T18:07:44,87,13,yes,55
7190,1772417265,2026-03-01T18:07:45,87,13,yes,30
7191,1772417265,2026-03-01T18:07:45,87,13,yes,109
7192,1772417265,2026-03-01T18:07:45,87,13,yes,11
7193,1772417266,2026-03-01T18:07:46,87,13,yes,2
7194,1772417266,2026-03-01T18:07:46,87,13,yes,224
7195,1772417266,2026-03-01T18:07:46,86,14,no,10
7196,1772417267,2026-03-01T18:07:47,87,13,yes,224
7197,1772417267,2026-03-01T18:07:47,86,14,no,17
7198,1772417268,2026-03-01T18:07:48,87,13,yes,22
7199,1772417270,2026-03-01T18:07:50,87,13,yes,50
7200,1772417271,2026-03-01T18:07:51,87,13,yes,56
7201,1772417271,2026-03-01T18:07:51,86,14,no,1
7202,1772417271,2026-03-01T18:07:51,87,13,yes,25
7203,1772417271,2026-03-01T18:07:51,87,13,yes,4
7204,1772417273,2026-03-01T18:07:53,87,13,yes,1
7205,1772417273,2026-03-01T18:07:53,87,13,yes,148
7206,1772417275,2026-03-01T18:07:55,87,13,yes,56
7207,1772417275,2026-03-01T18:07:55,87,13,yes,1
7208,1772417275,2026-03-01T18:07:55,87,13,yes,55
7209,1772417276,2026-03-01T18:07:56,87,13,yes,247
7210,1772417277,2026-03-01T18:07:57,87,13,yes,53
7211,1772417278,2026-03-01T18:07:58,87,13,yes,11
7212,1772417278,2026-03-01T18:07:58,86,14,no,22
7213,1772417278,2026-03-01T18:07:58,85,15,no,3
7214,1772417278,2026-03-01T18:07:58,85,15,no,4
7215,1772417278,2026-03-01T18:07:58,85,15,no,27
7216,1772417279,2026-03-01T18:07:59,86,14,yes,100
7217,1772417280,2026-03-01T18:08:00,86,14,yes,23
7218,1772417280,2026-03-01T18:08:00,86,14,yes,23
7219,1772417280,2026-03-01T18:08:00,86,14,yes,9
7220,1772417281,2026-03-01T18:08:01,86,14,yes,56
7221,1772417282,2026-03-01T18:08:02,86,14,yes,20
7222,1772417283,2026-03-01T18:08:03,86,14,yes,392
7223,1772417283,2026-03-01T18:08:03,86,14,yes,100
7224,1772417285,2026-03-01T18:08:05,86,14,yes,50
7225,1772417286,2026-03-01T18:08:06,86,14,yes,28
7226,1772417286,2026-03-01T18:08:06,86,14,yes,1
7227,1772417287,2026-03-01T18:08:07,86,14,yes,35
7228,1772417288,2026-03-01T18:08:08,86,14,yes,10
7229,1772417288,2026-03-01T18:08:08,86,14,yes,153
7230,1772417288,2026-03-01T18:08:08,86,14,yes,2
7231,1772417289,2026-03-01T18:08:09,86,14,yes,115
7232,1772417289,2026-03-01T18:08:09,86,14,yes,89
7233,1772417290,2026-03-01T18:08:10,86,14,yes,36
7234,1772417290,2026-03-01T18:08:10,86,14,yes,2
7235,1772417291,2026-03-01T18:08:11,86,14,yes,37
7236,1772417291,2026-03-01T18:08:11,86,14,yes,25
7237,1772417291,2026-03-01T18:08:11,86,14,yes,2
7238,1772417291,2026-03-01T18:08:11,86,14,yes,34
7239,1772417293,2026-03-01T18:08:13,86,14,yes,436
7240,1772417294,2026-03-01T18:08:14,85,15,no,250
7241,1772417294,2026-03-01T18:08:14,85,15,no,5
7242,1772417294,2026-03-01T18:08:14,85,15,no,200
7243,1772417295,2026-03-01T18:08:15,85,15,yes,1
7244,1772417295,2026-03-01T18:08:15,85,15,yes,18
7245,1772417296,2026-03-01T18:08:16,85,15,yes,87
7246,1772417299,2026-03-01T18:08:19,85,15,yes,38
7247,1772417299,2026-03-01T18:08:19,85,15,yes,23
7248,1772417299,2026-03-01T18:08:19,85,15,yes,57
7249,1772417300,2026-03-01T18:08:20,85,15,yes,114
7250,1772417301,2026-03-01T18:08:21,85,15,yes,541
7251,1772417301,2026-03-01T18:08:21,85,15,yes,227
7252,1772417301,2026-03-01T18:08:21,85,15,yes,352
7253,1772417301,2026-03-01T18:08:21,85,15,yes,98
7254,1772417302,2026-03-01T18:08:22,85,15,yes,57
7255,1772417302,2026-03-01T18:08:22,85,15,yes,271
7256,1772417303,2026-03-01T18:08:23,85,15,yes,8
7257,1772417303,2026-03-01T18:08:23,85,15,yes,58
7258,1772417303,2026-03-01T18:08:23,85,15,yes,23
7259,1772417303,2026-03-01T18:08:23,85,15,yes,106
7260,1772417305,2026-03-01T18:08:25,85,15,yes,1
7261,1772417306,2026-03-01T18:08:26,85,15,yes,10
7262,1772417306,2026-03-01T18:08:26,85,15,yes,556
7263,1772417307,2026-03-01T18:08:27,85,15,yes,287
7264,1772417307,2026-03-01T18:08:27,85,15,yes,22
7265,1772417308,2026-03-01T18:08:28,85,15,yes,3
7266,1772417308,2026-03-01T18:08:28,85,15,yes,11
7267,1772417309,2026-03-01T18:08:29,85,15,yes,57
7268,1772417310,2026-03-01T18:08:30,85,15,yes,16
7269,1772417310,2026-03-01T18:08:30,85,15,yes,3
7270,1772417310,2026-03-01T18:08:30,85,15,yes,11
7271,1772417311,2026-03-01T18:08:31,85,15,yes,44
7272,1772417312,2026-03-01T18:08:32,85,15,yes,15
7273,1772417312,2026-03-01T18:08:32,85,15,yes,300
7274,1772417312,2026-03-01T18:08:32,85,15,yes,1
7275,1772417312,2026-03-01T18:08:32,85,15,yes,4
7276,1772417313,2026-03-01T18:08:33,85,15,yes,2
7277,1772417314,2026-03-01T18:08:34,85,15,yes,5
7278,1772417314,2026-03-01T18:08:34,85,15,yes,10
7279,1772417314,2026-03-01T18:08:34,85,15,yes,10
7280,1772417315,2026-03-01T18:08:35,85,15,yes,29
7281,1772417315,2026-03-01T18:08:35,85,15,yes,50
7282,1772417316,2026-03-01T18:08:36,85,15,yes,114
7283,1772417316,2026-03-01T18:08:36,85,15,yes,4
7284,1772417316,2026-03-01T18:08:36,85,15,yes,3
7285,1772417316,2026-03-01T18:08:36,85,15,yes,349
7286,1772417316,2026-03-01T18:08:36,85,15,yes,115
7287,1772417316,2026-03-01T18:08:36,84,16,no,7
7288,1772417317,2026-03-01T18:08:37,85,15,yes,4
7289,1772417317,2026-03-01T18:08:37,85,15,yes,73
7290,1772417318,2026-03-01T18:08:38,85,15,yes,2
7291,1772417320,2026-03-01T18:08:40,84,16,no,33
7292,1772417320,2026-03-01T18:08:40,84,16,no,1
7293,1772417320,2026-03-01T18:08:40,85,15,yes,5
7294,1772417320,2026-03-01T18:08:40,85,15,yes,352
7295,1772417321,2026-03-01T18:08:41,85,15,yes,448
7296,1772417323,2026-03-01T18:08:43,85,15,yes,30
7297,1772417324,2026-03-01T18:08:44,84,16,no,4
7298,1772417324,2026-03-01T18:08:44,84,16,no,40
7299,1772417324,2026-03-01T18:08:44,85,15,yes,5
7300,1772417324,2026-03-01T18:08:44,85,15,yes,156
7301,1772417326,2026-03-01T18:08:46,85,15,yes,19
7302,1772417326,2026-03-01T18:08:46,85,15,yes,290
7303,1772417326,2026-03-01T18:08:46,85,15,yes,11
7304,1772417326,2026-03-01T18:08:46,85,15,yes,1
7305,1772417327,2026-03-01T18:08:47,85,15,yes,150
7306,1772417329,2026-03-01T18:08:49,86,14,yes,13
7307,1772417329,2026-03-01T18:08:49,86,14,yes,43
7308,1772417329,2026-03-01T18:08:49,85,15,no,150
7309,1772417329,2026-03-01T18:08:49,86,14,yes,3
7310,1772417329,2026-03-01T18:08:49,86,14,yes,57
7311,1772417329,2026-03-01T18:08:49,86,14,yes,5
7312,1772417331,2026-03-01T18:08:51,86,14,yes,8
7313,1772417331,2026-03-01T18:08:51,86,14,yes,129
7314,1772417331,2026-03-01T18:08:51,86,14,yes,563
7315,1772417331,2026-03-01T18:08:51,86,14,yes,1266
7316,1772417337,2026-03-01T18:08:57,87,13,yes,56
7317,1772417337,2026-03-01T18:08:57,87,13,yes,94
7318,1772417337,2026-03-01T18:08:57,87,13,yes,22
7319,1772417337,2026-03-01T18:08:57,85,15,no,1
7320,1772417337,2026-03-01T18:08:57,85,15,no,5
7321,1772417337,2026-03-01T18:08:57,85,15,no,4
7322,1772417338,2026-03-01T18:08:58,87,13,yes,18
7323,1772417339,2026-03-01T18:08:59,87,13,yes,42
7324,1772417340,2026-03-01T18:09:00,87,13,yes,50
7325,1772417340,2026-03-01T18:09:00,87,13,yes,5
7326,1772417340,2026-03-01T18:09:00,88,12,yes,4
7327,1772417343,2026-03-01T18:09:03,88,12,yes,1
7328,1772417343,2026-03-01T18:09:03,88,12,yes,3
7329,1772417343,2026-03-01T18:09:03,89,11,yes,4
7330,1772417343,2026-03-01T18:09:03,89,11,yes,160
7331,1772417344,2026-03-01T18:09:04,89,11,yes,51
7332,1772417344,2026-03-01T18:09:04,88,12,no,1
7333,1772417345,2026-03-01T18:09:05,88,12,no,58
7334,1772417347,2026-03-01T18:09:07,88,12,no,14
7335,1772417347,2026-03-01T18:09:07,89,11,yes,2152
7336,1772417347,2026-03-01T18:09:07,89,11,yes,45
7337,1772417347,2026-03-01T18:09:07,89,11,yes,55
7338,1772417348,2026-03-01T18:09:08,89,11,yes,945
7339,1772417348,2026-03-01T18:09:08,88,12,no,15
7340,1772417350,2026-03-01T18:09:10,88,12,no,37
7341,1772417351,2026-03-01T18:09:11,90,10,yes,5
7342,1772417351,2026-03-01T18:09:11,90,10,yes,5
7343,1772417352,2026-03-01T18:09:12,90,10,yes,2
7344,1772417352,2026-03-01T18:09:12,90,10,yes,25
7345,1772417352,2026-03-01T18:09:12,90,10,yes,100
7346,1772417353,2026-03-01T18:09:13,90,10,yes,109
7347,1772417353,2026-03-01T18:09:13,90,10,yes,56
7348,1772417353,2026-03-01T18:09:13,90,10,yes,200
7349,1772417353,2026-03-01T18:09:13,90,10,yes,135
7350,1772417353,2026-03-01T18:09:13,90,10,yes,100
7351,1772417353,2026-03-01T18:09:13,90,10,yes,44
7352,1772417353,2026-03-01T18:09:13,88,12,no,40
7353,1772417354,2026-03-01T18:09:14,90,10,yes,100
7354,1772417354,2026-03-01T18:09:14,90,10,yes,1
7355,1772417354,2026-03-01T18:09:14,90,10,yes,100
7356,1772417357,2026-03-01T18:09:17,88,12,no,228
7357,1772417357,2026-03-01T18:09:17,88,12,no,105
7358,1772417359,2026-03-01T18:09:19,89,11,yes,1
7359,1772417359,2026-03-01T18:09:19,89,11,yes,557
7360,1772417360,2026-03-01T18:09:20,88,12,no,16
7361,1772417362,2026-03-01T18:09:22,89,11,yes,549
7362,1772417362,2026-03-01T18:09:22,89,11,yes,2363
7363,1772417362,2026-03-01T18:09:22,89,11,yes,50
7364,1772417363,2026-03-01T18:09:23,88,12,no,40
7365,1772417363,2026-03-01T18:09:23,88,12,no,4
7366,1772417364,2026-03-01T18:09:24,89,11,yes,165
7367,1772417365,2026-03-01T18:09:25,89,11,yes,166
7368,1772417365,2026-03-01T18:09:25,88,12,no,5
7369,1772417365,2026-03-01T18:09:25,88,12,no,150
7370,1772417365,2026-03-01T18:09:25,87,13,no,5
7371,1772417365,2026-03-01T18:09:25,87,13,no,1
7372,1772417365,2026-03-01T18:09:25,87,13,no,100
7373,1772417365,2026-03-01T18:09:25,87,13,no,175
7374,1772417365,2026-03-01T18:09:25,87,13,no,811
7375,1772417366,2026-03-01T18:09:26,87,13,yes,65
7376,1772417366,2026-03-01T18:09:26,87,13,yes,1
7377,1772417366,2026-03-01T18:09:26,87,13,yes,2
7378,1772417367,2026-03-01T18:09:27,87,13,yes,22
7379,1772417367,2026-03-01T18:09:27,87,13,yes,56
7380,1772417368,2026-03-01T18:09:28,86,14,no,4
7381,1772417368,2026-03-01T18:09:28,86,14,no,152
7382,1772417368,2026-03-01T18:09:28,86,14,no,69
7383,1772417368,2026-03-01T18:09:28,87,13,yes,1139
7384,1772417369,2026-03-01T18:09:29,87,13,yes,34
7385,1772417369,2026-03-01T18:09:29,87,13,yes,662
7386,1772417370,2026-03-01T18:09:30,87,13,yes,5
7387,1772417371,2026-03-01T18:09:31,87,13,yes,500
7388,1772417372,2026-03-01T18:09:32,87,13,yes,4
7389,1772417372,2026-03-01T18:09:32,87,13,yes,1122
7390,1772417372,2026-03-01T18:09:32,87,13,yes,4047
7391,1772417374,2026-03-01T18:09:34,87,13,yes,4
7392,1772417374,2026-03-01T18:09:34,87,13,yes,78
7393,1772417375,2026-03-01T18:09:35,87,13,yes,341
7394,1772417375,2026-03-01T18:09:35,87,13,yes,224
7395,1772417375,2026-03-01T18:09:35,87,13,yes,65
7396,1772417376,2026-03-01T18:09:36,87,13,yes,10
7397,1772417377,2026-03-01T18:09:37,87,13,yes,10
7398,1772417377,2026-03-01T18:09:37,87,13,yes,5
7399,1772417377,2026-03-01T18:09:37,87,13,yes,1
7400,1772417377,2026-03-01T18:09:37,86,14,no,12
7401,1772417377,2026-03-01T18:09:37,87,13,yes,56
7402,1772417379,2026-03-01T18:09:39,87,13,yes,1
7403,1772417379,2026-03-01T18:09:39,86,14,no,63
7404,1772417379,2026-03-01T18:09:39,87,13,yes,9
7405,1772417380,2026-03-01T18:09:40,87,13,yes,1
7406,1772417380,2026-03-01T18:09:40,87,13,yes,40
7407,1772417381,2026-03-01T18:09:41,87,13,yes,3238
7408,1772417381,2026-03-01T18:09:41,87,13,yes,1000
7409,1772417381,2026-03-01T18:09:41,87,13,yes,4083
7410,1772417381,2026-03-01T18:09:41,87,13,yes,2363
7411,1772417381,2026-03-01T18:09:41,87,13,yes,4083
7412,1772417382,2026-03-01T18:09:42,86,14,no,1
7413,1772417382,2026-03-01T18:09:42,88,12,yes,11
7414,1772417383,2026-03-01T18:09:43,87,13,no,1
7415,1772417384,2026-03-01T18:09:44,88,12,yes,10
7416,1772417386,2026-03-01T18:09:46,88,12,yes,72
7417,1772417386,2026-03-01T18:09:46,88,12,yes,930
7418,1772417386,2026-03-01T18:09:46,88,12,yes,100
7419,1772417386,2026-03-01T18:09:46,88,12,yes,5
7420,1772417386,2026-03-01T18:09:46,88,12,yes,4083
7421,1772417386,2026-03-01T18:09:46,88,12,yes,365
7422,1772417387,2026-03-01T18:09:47,87,13,no,188
7423,1772417387,2026-03-01T18:09:47,88,12,yes,250
7424,1772417390,2026-03-01T18:09:50,88,12,yes,100
7425,1772417391,2026-03-01T18:09:51,88,12,yes,2
7426,1772417391,2026-03-01T18:09:51,88,12,yes,6
7427,1772417392,2026-03-01T18:09:52,88,12,yes,10
7428,1772417392,2026-03-01T18:09:52,88,12,yes,563
7429,1772417392,2026-03-01T18:09:52,88,12,yes,111
7430,1772417392,2026-03-01T18:09:52,88,12,yes,50
7431,1772417394,2026-03-01T18:09:54,87,13,yes,150
7432,1772417394,2026-03-01T18:09:54,88,12,yes,906
7433,1772417394,2026-03-01T18:09:54,88,12,yes,3571
7434,1772417394,2026-03-01T18:09:54,88,12,yes,1190
7435,1772417394,2026-03-01T18:09:54,88,12,yes,558
7436,1772417395,2026-03-01T18:09:55,87,13,yes,65
7437,1772417396,2026-03-01T18:09:56,87,13,yes,55
7438,1772417396,2026-03-01T18:09:56,87,13,yes,30
7439,1772417396,2026-03-01T18:09:56,88,12,yes,82
7440,1772417398,2026-03-01T18:09:58,88,12,yes,10
7441,1772417399,2026-03-01T18:09:59,88,12,yes,95
7442,1772417400,2026-03-01T18:10:00,88,12,yes,5
7443,1772417400,2026-03-01T18:10:00,89,11,yes,1
7444,1772417404,2026-03-01T18:10:04,89,11,yes,4
7445,1772417404,2026-03-01T18:10:04,89,11,yes,3
7446,1772417404,2026-03-01T18:10:04,89,11,yes,117
7447,1772417404,2026-03-01T18:10:04,89,11,yes,48
7448,1772417404,2026-03-01T18:10:04,89,11,yes,5
7449,1772417405,2026-03-01T18:10:05,89,11,yes,10
7450,1772417406,2026-03-01T18:10:06,89,11,yes,28
7451,1772417406,2026-03-01T18:10:06,89,11,yes,1
7452,1772417409,2026-03-01T18:10:09,87,13,no,29
7453,1772417409,2026-03-01T18:10:09,87,13,no,6
7454,1772417410,2026-03-01T18:10:10,89,11,yes,22
7455,1772417413,2026-03-01T18:10:13,89,11,yes,10
7456,1772417415,2026-03-01T18:10:15,89,11,yes,1
7457,1772417416,2026-03-01T18:10:16,89,11,yes,2
7458,1772417417,2026-03-01T18:10:17,89,11,yes,75
7459,1772417418,2026-03-01T18:10:18,89,11,yes,166
7460,1772417418,2026-03-01T18:10:18,87,13,no,3
7461,1772417420,2026-03-01T18:10:20,89,11,yes,27
7462,1772417421,2026-03-01T18:10:21,87,13,no,1
7463,1772417421,2026-03-01T18:10:21,89,11,yes,22
7464,1772417421,2026-03-01T18:10:21,89,11,yes,109
7465,1772417422,2026-03-01T18:10:22,89,11,yes,10
7466,1772417422,2026-03-01T18:10:22,89,11,yes,36
7467,1772417422,2026-03-01T18:10:22,89,11,yes,22
7468,1772417423,2026-03-01T18:10:23,87,13,no,3997
7469,1772417423,2026-03-01T18:10:23,87,13,no,4036
7470,1772417423,2026-03-01T18:10:23,87,13,no,898
7471,1772417423,2026-03-01T18:10:23,87,13,no,1069
7472,1772417424,2026-03-01T18:10:24,88,12,yes,54
7473,1772417425,2026-03-01T18:10:25,88,12,yes,83
7474,1772417426,2026-03-01T18:10:26,88,12,yes,18
7475,1772417426,2026-03-01T18:10:26,87,13,no,98
7476,1772417427,2026-03-01T18:10:27,88,12,yes,27
7477,1772417427,2026-03-01T18:10:27,88,12,yes,67
7478,1772417429,2026-03-01T18:10:29,88,12,yes,44
7479,1772417430,2026-03-01T18:10:30,88,12,yes,22
7480,1772417431,2026-03-01T18:10:31,88,12,yes,10
7481,1772417431,2026-03-01T18:10:31,88,12,yes,55
7482,1772417432,2026-03-01T18:10:32,88,12,yes,1
7483,1772417432,2026-03-01T18:10:32,88,12,yes,1
7484,1772417433,2026-03-01T18:10:33,88,12,yes,11
7485,1772417434,2026-03-01T18:10:34,88,12,yes,11
7486,1772417434,2026-03-01T18:10:34,87,13,no,21
7487,1772417436,2026-03-01T18:10:36,88,12,yes,4
7488,1772417437,2026-03-01T18:10:37,89,11,yes,22
7489,1772417442,2026-03-01T18:10:42,89,11,yes,117
7490,1772417442,2026-03-01T18:10:42,89,11,yes,663
7491,1772417444,2026-03-01T18:10:44,88,12,no,7
7492,1772417444,2026-03-01T18:10:44,89,11,yes,111
7493,1772417444,2026-03-01T18:10:44,88,12,no,12
7494,1772417445,2026-03-01T18:10:45,89,11,yes,10
7495,1772417445,2026-03-01T18:10:45,89,11,yes,111
7496,1772417446,2026-03-01T18:10:46,89,11,yes,55
7497,1772417447,2026-03-01T18:10:47,89,11,yes,16
7498,1772417447,2026-03-01T18:10:47,89,11,yes,267
7499,1772417447,2026-03-01T18:10:47,88,12,no,36
7500,1772417448,2026-03-01T18:10:48,88,12,no,200
7501,1772417448,2026-03-01T18:10:48,89,11,yes,49
7502,1772417448,2026-03-01T18:10:48,88,12,no,40
7503,1772417449,2026-03-01T18:10:49,89,11,yes,5
7504,1772417450,2026-03-01T18:10:50,88,12,no,11
7505,1772417452,2026-03-01T18:10:52,89,11,yes,2230
7506,1772417453,2026-03-01T18:10:53,89,11,yes,1
7507,1772417454,2026-03-01T18:10:54,89,11,yes,10
7508,1772417455,2026-03-01T18:10:55,88,12,no,35
7509,1772417455,2026-03-01T18:10:55,89,11,yes,27
7510,1772417460,2026-03-01T18:11:00,89,11,yes,1
7511,1772417462,2026-03-01T18:11:02,89,11,yes,2
7512,1772417463,2026-03-01T18:11:03,89,11,yes,55
7513,1772417464,2026-03-01T18:11:04,88,12,no,104
7514,1772417464,2026-03-01T18:11:04,90,10,yes,54
7515,1772417465,2026-03-01T18:11:05,90,10,yes,220
7516,1772417466,2026-03-01T18:11:06,90,10,yes,6
7517,1772417466,2026-03-01T18:11:06,90,10,yes,16
7518,1772417469,2026-03-01T18:11:09,88,12,no,142
7519,1772417470,2026-03-01T18:11:10,89,11,yes,12
7520,1772417471,2026-03-01T18:11:11,88,12,no,62
7521,1772417471,2026-03-01T18:11:11,89,11,yes,171
7522,1772417472,2026-03-01T18:11:12,89,11,no,11
7523,1772417473,2026-03-01T18:11:13,90,10,yes,55
7524,1772417474,2026-03-01T18:11:14,90,10,yes,24
7525,1772417474,2026-03-01T18:11:14,89,11,no,50
7526,1772417475,2026-03-01T18:11:15,89,11,no,268
7527,1772417475,2026-03-01T18:11:15,89,11,no,1
7528,1772417475,2026-03-01T18:11:15,89,11,yes,11
7529,1772417476,2026-03-01T18:11:16,89,11,yes,28
7530,1772417477,2026-03-01T18:11:17,89,11,yes,41
7531,1772417478,2026-03-01T18:11:18,88,12,no,200
7532,1772417478,2026-03-01T18:11:18,88,12,no,150
7533,1772417478,2026-03-01T18:11:18,88,12,no,2
7534,1772417478,2026-03-01T18:11:18,88,12,no,3
7535,1772417478,2026-03-01T18:11:18,88,12,no,99
7536,1772417478,2026-03-01T18:11:18,89,11,yes,78
7537,1772417478,2026-03-01T18:11:18,89,11,yes,5
7538,1772417479,2026-03-01T18:11:19,89,11,yes,2
7539,1772417479,2026-03-01T18:11:19,89,11,yes,1098
7540,1772417481,2026-03-01T18:11:21,89,11,yes,1
7541,1772417481,2026-03-01T18:11:21,89,11,yes,111
7542,1772417482,2026-03-01T18:11:22,89,11,yes,2
7543,1772417482,2026-03-01T18:11:22,89,11,yes,7
7544,1772417483,2026-03-01T18:11:23,89,11,yes,2142
7545,1772417483,2026-03-01T18:11:23,89,11,yes,25
7546,1772417488,2026-03-01T18:11:28,89,11,yes,1
7547,1772417488,2026-03-01T18:11:28,89,11,yes,43
7548,1772417488,2026-03-01T18:11:28,89,11,yes,27
7549,1772417488,2026-03-01T18:11:28,89,11,yes,5
7550,1772417488,2026-03-01T18:11:28,89,11,yes,109
7551,1772417490,2026-03-01T18:11:30,89,11,yes,1
7552,1772417490,2026-03-01T18:11:30,88,12,no,78
7553,1772417491,2026-03-01T18:11:31,89,11,yes,5
7554,1772417491,2026-03-01T18:11:31,89,11,yes,1098
7555,1772417491,2026-03-01T18:11:31,89,11,yes,27
7556,1772417492,2026-03-01T18:11:32,89,11,yes,11
7557,1772417492,2026-03-01T18:11:32,88,12,no,100
7558,1772417493,2026-03-01T18:11:33,88,12,no,13
7559,1772417493,2026-03-01T18:11:33,88,12,no,136
7560,1772417493,2026-03-01T18:11:33,89,11,yes,20
7561,1772417494,2026-03-01T18:11:34,89,11,yes,55
7562,1772417494,2026-03-01T18:11:34,89,11,yes,20
7563,1772417496,2026-03-01T18:11:36,88,12,no,117
7564,1772417496,2026-03-01T18:11:36,89,11,yes,200
7565,1772417497,2026-03-01T18:11:37,89,11,yes,55
7566,1772417497,2026-03-01T18:11:37,89,11,yes,10
7567,1772417498,2026-03-01T18:11:38,89,11,yes,1
7568,1772417498,2026-03-01T18:11:38,89,11,yes,6
7569,1772417498,2026-03-01T18:11:38,89,11,yes,329
7570,1772417498,2026-03-01T18:11:38,88,12,no,36
7571,1772417500,2026-03-01T18:11:40,89,11,yes,200
7572,1772417500,2026-03-01T18:11:40,88,12,no,1310
7573,1772417501,2026-03-01T18:11:41,88,12,no,198
7574,1772417501,2026-03-01T18:11:41,89,11,yes,141
7575,1772417501,2026-03-01T18:11:41,89,11,yes,9
7576,1772417501,2026-03-01T18:11:41,89,11,yes,11
7577,1772417501,2026-03-01T18:11:41,89,11,yes,90
7578,1772417503,2026-03-01T18:11:43,89,11,yes,879
7579,1772417503,2026-03-01T18:11:43,89,11,yes,3791
7580,1772417503,2026-03-01T18:11:43,89,11,yes,1895
7581,1772417504,2026-03-01T18:11:44,89,11,yes,13
7582,1772417504,2026-03-01T18:11:44,89,11,yes,219
7583,1772417505,2026-03-01T18:11:45,89,11,yes,593
7584,1772417505,2026-03-01T18:11:45,89,11,yes,522
7585,1772417506,2026-03-01T18:11:46,89,11,yes,100
7586,1772417507,2026-03-01T18:11:47,88,12,no,100
7587,1772417507,2026-03-01T18:11:47,88,12,no,22
7588,1772417507,2026-03-01T18:11:47,88,12,no,3917
7589,1772417507,2026-03-01T18:11:47,88,12,no,462
7590,1772417507,2026-03-01T18:11:47,89,11,yes,76
7591,1772417508,2026-03-01T18:11:48,89,11,yes,54
7592,1772417508,2026-03-01T18:11:48,88,12,no,55
7593,1772417508,2026-03-01T18:11:48,89,11,yes,1
7594,1772417508,2026-03-01T18:11:48,89,11,yes,51
7595,1772417509,2026-03-01T18:11:49,89,11,yes,7
7596,1772417509,2026-03-01T18:11:49,89,11,yes,5
7597,1772417509,2026-03-01T18:11:49,88,12,no,1266
7598,1772417510,2026-03-01T18:11:50,89,11,yes,1
7599,1772417512,2026-03-01T18:11:52,89,11,yes,500
7600,1772417514,2026-03-01T18:11:54,88,12,no,34
7601,1772417514,2026-03-01T18:11:54,89,11,yes,1
7602,1772417514,2026-03-01T18:11:54,89,11,yes,165
7603,1772417514,2026-03-01T18:11:54,89,11,yes,1122
7604,1772417514,2026-03-01T18:11:54,89,11,yes,216
7605,1772417514,2026-03-01T18:11:54,89,11,yes,734
7606,1772417514,2026-03-01T18:11:54,89,11,yes,873
7607,1772417514,2026-03-01T18:11:54,89,11,yes,2547
7608,1772417516,2026-03-01T18:11:56,89,11,yes,1
7609,1772417517,2026-03-01T18:11:57,88,12,no,36
7610,1772417518,2026-03-01T18:11:58,89,11,yes,67
7611,1772417518,2026-03-01T18:11:58,88,12,no,5
7612,1772417521,2026-03-01T18:12:01,89,11,yes,3
7613,1772417522,2026-03-01T18:12:02,89,11,yes,21
7614,1772417523,2026-03-01T18:12:03,89,11,yes,3
7615,1772417523,2026-03-01T18:12:03,89,11,yes,2230
7616,1772417525,2026-03-01T18:12:05,89,11,yes,130
7617,1772417525,2026-03-01T18:12:05,89,11,yes,1
7618,1772417525,2026-03-01T18:12:05,89,11,yes,21
7619,1772417528,2026-03-01T18:12:08,89,11,yes,720
7620,1772417529,2026-03-01T18:12:09,88,12,no,30
7621,1772417530,2026-03-01T18:12:10,89,11,yes,11
7622,1772417531,2026-03-01T18:12:11,89,11,yes,2
7623,1772417531,2026-03-01T18:12:11,89,11,yes,68
7624,1772417532,2026-03-01T18:12:12,89,11,yes,5
7625,1772417532,2026-03-01T18:12:12,89,11,yes,434
7626,1772417532,2026-03-01T18:12:12,89,11,yes,109
7627,1772417533,2026-03-01T18:12:13,89,11,yes,223
7628,1772417533,2026-03-01T18:12:13,89,11,yes,6
7629,1772417534,2026-03-01T18:12:14,89,11,yes,5
7630,1772417535,2026-03-01T18:12:15,89,11,yes,27
7631,1772417537,2026-03-01T18:12:17,89,11,yes,5
7632,1772417538,2026-03-01T18:12:18,88,12,no,45
7633,1772417539,2026-03-01T18:12:19,88,12,no,350
7634,1772417540,2026-03-01T18:12:20,89,11,yes,205
7635,1772417541,2026-03-01T18:12:21,89,11,yes,3
7636,1772417543,2026-03-01T18:12:23,89,11,yes,4
7637,1772417543,2026-03-01T18:12:23,88,12,no,10
7638,1772417543,2026-03-01T18:12:23,89,11,yes,109
7639,1772417545,2026-03-01T18:12:25,89,11,yes,540
7640,1772417545,2026-03-01T18:12:25,89,11,yes,150
7641,1772417545,2026-03-01T18:12:25,89,11,yes,507
7642,1772417545,2026-03-01T18:12:25,89,11,yes,107
7643,1772417547,2026-03-01T18:12:27,88,12,no,40
7644,1772417547,2026-03-01T18:12:27,89,11,yes,3
7645,1772417547,2026-03-01T18:12:27,89,11,yes,446
7646,1772417549,2026-03-01T18:12:29,88,12,no,39
7647,1772417552,2026-03-01T18:12:32,89,11,yes,98
7648,1772417553,2026-03-01T18:12:33,88,12,no,977
7649,1772417553,2026-03-01T18:12:33,88,12,no,846
7650,1772417553,2026-03-01T18:12:33,88,12,no,735
7651,1772417553,2026-03-01T18:12:33,88,12,no,637
7652,1772417553,2026-03-01T18:12:33,88,12,no,553
7653,1772417553,2026-03-01T18:12:33,88,12,no,479
7654,1772417553,2026-03-01T18:12:33,89,11,yes,2
7655,1772417553,2026-03-01T18:12:33,89,11,yes,53
7656,1772417553,2026-03-01T18:12:33,88,12,no,415
7657,1772417554,2026-03-01T18:12:34,88,12,no,360
7658,1772417554,2026-03-01T18:12:34,88,12,no,313
7659,1772417554,2026-03-01T18:12:34,88,12,no,271
7660,1772417554,2026-03-01T18:12:34,88,12,no,235
7661,1772417554,2026-03-01T18:12:34,88,12,no,204
7662,1772417554,2026-03-01T18:12:34,88,12,no,177
7663,1772417555,2026-03-01T18:12:35,88,12,no,1
7664,1772417555,2026-03-01T18:12:35,89,11,yes,23
7665,1772417555,2026-03-01T18:12:35,89,11,yes,27
7666,1772417555,2026-03-01T18:12:35,88,12,no,41887
7667,1772417555,2026-03-01T18:12:35,88,12,no,19
7668,1772417555,2026-03-01T18:12:35,88,12,no,1
7669,1772417555,2026-03-01T18:12:35,88,12,yes,12
7670,1772417556,2026-03-01T18:12:36,88,12,yes,11
7671,1772417557,2026-03-01T18:12:37,87,13,no,7
7672,1772417558,2026-03-01T18:12:38,88,12,yes,112
7673,1772417558,2026-03-01T18:12:38,87,13,no,74
7674,1772417558,2026-03-01T18:12:38,87,13,no,1
7675,1772417560,2026-03-01T18:12:40,87,13,yes,1
7676,1772417560,2026-03-01T18:12:40,87,13,yes,1122
7677,1772417562,2026-03-01T18:12:42,87,13,yes,113
7678,1772417564,2026-03-01T18:12:44,87,13,yes,102
7679,1772417565,2026-03-01T18:12:45,87,13,yes,310
7680,1772417565,2026-03-01T18:12:45,87,13,yes,100
7681,1772417565,2026-03-01T18:12:45,87,13,yes,419
7682,1772417566,2026-03-01T18:12:46,86,14,no,12
7683,1772417566,2026-03-01T18:12:46,87,13,yes,569
7684,1772417569,2026-03-01T18:12:49,87,13,yes,17
7685,1772417569,2026-03-01T18:12:49,87,13,yes,28
7686,1772417569,2026-03-01T18:12:49,87,13,yes,2
7687,1772417572,2026-03-01T18:12:52,87,13,yes,4
7688,1772417573,2026-03-01T18:12:53,87,13,yes,78
7689,1772417573,2026-03-01T18:12:53,87,13,yes,47060
7690,1772417573,2026-03-01T18:12:53,87,13,yes,7500
7691,1772417573,2026-03-01T18:12:53,87,13,yes,2363
7692,1772417573,2026-03-01T18:12:53,87,13,yes,5
7693,1772417573,2026-03-01T18:12:53,87,13,yes,150
7694,1772417573,2026-03-01T18:12:53,87,13,yes,7
7695,1772417573,2026-03-01T18:12:53,88,12,yes,290
7696,1772417573,2026-03-01T18:12:53,88,12,yes,146
7697,1772417573,2026-03-01T18:12:53,88,12,yes,737
7698,1772417573,2026-03-01T18:12:53,88,12,yes,2
7699,1772417573,2026-03-01T18:12:53,88,12,yes,3
7700,1772417573,2026-03-01T18:12:53,88,12,yes,3
7701,1772417573,2026-03-01T18:12:53,89,11,yes,197
7702,1772417573,2026-03-01T18:12:53,89,11,yes,291
7703,1772417573,2026-03-01T18:12:53,89,11,yes,5
7704,1772417573,2026-03-01T18:12:53,89,11,yes,141
7705,1772417573,2026-03-01T18:12:53,89,11,yes,3
7706,1772417573,2026-03-01T18:12:53,89,11,yes,4
7707,1772417573,2026-03-01T18:12:53,89,11,yes,3636
7708,1772417573,2026-03-01T18:12:53,90,10,yes,2053
7709,1772417575,2026-03-01T18:12:55,86,14,no,97
7710,1772417577,2026-03-01T18:12:57,87,13,yes,85
7711,1772417577,2026-03-01T18:12:57,86,14,no,13
7712,1772417577,2026-03-01T18:12:57,87,13,yes,1479
7713,1772417578,2026-03-01T18:12:58,87,13,yes,17
7714,1772417578,2026-03-01T18:12:58,87,13,yes,8
7715,1772417578,2026-03-01T18:12:58,86,14,no,31
7716,1772417580,2026-03-01T18:13:00,87,13,yes,15
7717,1772417581,2026-03-01T18:13:01,86,14,no,154
7718,1772417581,2026-03-01T18:13:01,86,14,no,36
7719,1772417581,2026-03-01T18:13:01,86,14,no,250
7720,1772417581,2026-03-01T18:13:01,86,14,no,90
7721,1772417581,2026-03-01T18:13:01,86,14,no,250
7722,1772417581,2026-03-01T18:13:01,86,14,no,1107
7723,1772417581,2026-03-01T18:13:01,86,14,no,10
7724,1772417582,2026-03-01T18:13:02,86,14,yes,561
7725,1772417583,2026-03-01T18:13:03,86,14,yes,36
7726,1772417584,2026-03-01T18:13:04,86,14,yes,1
7727,1772417585,2026-03-01T18:13:05,86,14,yes,7463
7728,1772417585,2026-03-01T18:13:05,86,14,yes,2363
7729,1772417585,2026-03-01T18:13:05,86,14,yes,5
7730,1772417585,2026-03-01T18:13:05,86,14,yes,169
7731,1772417585,2026-03-01T18:13:05,85,15,no,50
7732,1772417585,2026-03-01T18:13:05,85,15,no,200
7733,1772417585,2026-03-01T18:13:05,85,15,no,1
7734,1772417586,2026-03-01T18:13:06,85,15,yes,11
7735,1772417587,2026-03-01T18:13:07,84,16,no,250
7736,1772417587,2026-03-01T18:13:07,84,16,no,50
7737,1772417587,2026-03-01T18:13:07,84,16,no,150
7738,1772417587,2026-03-01T18:13:07,84,16,no,6
7739,1772417587,2026-03-01T18:13:07,84,16,no,150
7740,1772417587,2026-03-01T18:13:07,84,16,no,1
7741,1772417587,2026-03-01T18:13:07,84,16,yes,1
7742,1772417588,2026-03-01T18:13:08,84,16,yes,5
7743,1772417588,2026-03-01T18:13:08,84,16,yes,3
7744,1772417589,2026-03-01T18:13:09,84,16,yes,9
7745,1772417590,2026-03-01T18:13:10,83,17,no,1
7746,1772417590,2026-03-01T18:13:10,84,16,yes,807
7747,1772417590,2026-03-01T18:13:10,84,16,yes,35
7748,1772417590,2026-03-01T18:13:10,84,16,yes,3
7749,1772417591,2026-03-01T18:13:11,84,16,yes,581
7750,1772417594,2026-03-01T18:13:14,83,17,no,9
7751,1772417594,2026-03-01T18:13:14,84,16,yes,1
7752,1772417595,2026-03-01T18:13:15,83,17,no,40
7753,1772417595,2026-03-01T18:13:15,83,17,no,100
7754,1772417595,2026-03-01T18:13:15,83,17,no,5
7755,1772417595,2026-03-01T18:13:15,83,17,no,58
7756,1772417595,2026-03-01T18:13:15,84,16,yes,27
7757,1772417595,2026-03-01T18:13:15,84,16,yes,2
7758,1772417595,2026-03-01T18:13:15,83,17,no,100
7759,1772417596,2026-03-01T18:13:16,83,17,no,100
7760,1772417596,2026-03-01T18:13:16,83,17,no,100
7761,1772417597,2026-03-01T18:13:17,83,17,no,100
7762,1772417597,2026-03-01T18:13:17,84,16,yes,1
7763,1772417599,2026-03-01T18:13:19,84,16,yes,2
7764,1772417601,2026-03-01T18:13:21,84,16,no,195
7765,1772417601,2026-03-01T18:13:21,85,15,yes,23
7766,1772417602,2026-03-01T18:13:22,84,16,no,1180
7767,1772417603,2026-03-01T18:13:23,85,15,yes,29
7768,1772417604,2026-03-01T18:13:24,84,16,no,2
7769,1772417606,2026-03-01T18:13:26,84,16,no,100
7770,1772417607,2026-03-01T18:13:27,85,15,yes,3
7771,1772417607,2026-03-01T18:13:27,85,15,yes,74
7772,1772417608,2026-03-01T18:13:28,85,15,yes,75
7773,1772417610,2026-03-01T18:13:30,85,15,yes,114
7774,1772417610,2026-03-01T18:13:30,85,15,yes,58
7775,1772417610,2026-03-01T18:13:30,84,16,no,545
7776,1772417610,2026-03-01T18:13:30,85,15,yes,17
7777,1772417610,2026-03-01T18:13:30,84,16,no,16
7778,1772417611,2026-03-01T18:13:31,84,16,no,77
7779,1772417611,2026-03-01T18:13:31,85,15,yes,40
7780,1772417612,2026-03-01T18:13:32,85,15,yes,13
7781,1772417612,2026-03-01T18:13:32,85,15,yes,17
7782,1772417613,2026-03-01T18:13:33,85,15,yes,114
7783,1772417613,2026-03-01T18:13:33,85,15,yes,22
7784,1772417614,2026-03-01T18:13:34,85,15,yes,114
7785,1772417614,2026-03-01T18:13:34,85,15,yes,23
7786,1772417615,2026-03-01T18:13:35,84,16,no,1746
7787,1772417615,2026-03-01T18:13:35,85,15,yes,3
7788,1772417615,2026-03-01T18:13:35,85,15,yes,500
7789,1772417616,2026-03-01T18:13:36,85,15,yes,1
7790,1772417616,2026-03-01T18:13:36,85,15,yes,1
7791,1772417617,2026-03-01T18:13:37,84,16,no,25
7792,1772417619,2026-03-01T18:13:39,85,15,yes,29
7793,1772417619,2026-03-01T18:13:39,85,15,yes,58
7794,1772417621,2026-03-01T18:13:41,84,16,no,114
7795,1772417622,2026-03-01T18:13:42,85,15,yes,17
7796,1772417622,2026-03-01T18:13:42,85,15,yes,41
7797,1772417623,2026-03-01T18:13:43,85,15,yes,58
7798,1772417624,2026-03-01T18:13:44,86,14,yes,5
7799,1772417624,2026-03-01T18:13:44,86,14,yes,34
7800,1772417624,2026-03-01T18:13:44,86,14,yes,22
7801,1772417624,2026-03-01T18:13:44,86,14,yes,61
7802,1772417624,2026-03-01T18:13:44,86,14,yes,514
7803,1772417625,2026-03-01T18:13:45,85,15,yes,23
7804,1772417626,2026-03-01T18:13:46,85,15,yes,10
7805,1772417627,2026-03-01T18:13:47,85,15,yes,1030
7806,1772417628,2026-03-01T18:13:48,86,14,yes,1
7807,1772417630,2026-03-01T18:13:50,86,14,yes,2586
7808,1772417631,2026-03-01T18:13:51,86,14,no,1500
7809,1772417631,2026-03-01T18:13:51,86,14,no,5
7810,1772417631,2026-03-01T18:13:51,85,15,no,910
7811,1772417632,2026-03-01T18:13:52,87,13,yes,3
7812,1772417634,2026-03-01T18:13:54,87,13,yes,50
7813,1772417639,2026-03-01T18:13:59,88,12,yes,150
7814,1772417639,2026-03-01T18:13:59,88,12,yes,1531
7815,1772417639,2026-03-01T18:13:59,89,11,yes,20
7816,1772417641,2026-03-01T18:14:01,89,11,yes,3
7817,1772417641,2026-03-01T18:14:01,89,11,yes,52
7818,1772417641,2026-03-01T18:14:01,89,11,yes,1003
7819,1772417644,2026-03-01T18:14:04,88,12,no,98
7820,1772417645,2026-03-01T18:14:05,89,11,yes,21
7821,1772417645,2026-03-01T18:14:05,88,12,no,767
7822,1772417645,2026-03-01T18:14:05,88,12,no,1000
7823,1772417647,2026-03-01T18:14:07,89,11,yes,557
7824,1772417648,2026-03-01T18:14:08,88,12,no,5
7825,1772417648,2026-03-01T18:14:08,88,12,no,1
7826,1772417648,2026-03-01T18:14:08,88,12,no,30
7827,1772417651,2026-03-01T18:14:11,89,11,yes,22
7828,1772417651,2026-03-01T18:14:11,89,11,yes,227
7829,1772417651,2026-03-01T18:14:11,88,12,no,249
7830,1772417653,2026-03-01T18:14:13,89,11,yes,3
7831,1772417655,2026-03-01T18:14:15,89,11,yes,2
7832,1772417655,2026-03-01T18:14:15,88,12,no,25
7833,1772417655,2026-03-01T18:14:15,88,12,no,3
7834,1772417656,2026-03-01T18:14:16,88,12,no,51
7835,1772417656,2026-03-01T18:14:16,89,11,yes,1000
7836,1772417656,2026-03-01T18:14:16,89,11,yes,928
7837,1772417656,2026-03-01T18:14:16,89,11,yes,609
7838,1772417656,2026-03-01T18:14:16,89,11,yes,111
7839,1772417657,2026-03-01T18:14:17,89,11,yes,5
7840,1772417658,2026-03-01T18:14:18,88,12,no,58
7841,1772417658,2026-03-01T18:14:18,89,11,yes,400
7842,1772417658,2026-03-01T18:14:18,88,12,no,901
7843,1772417659,2026-03-01T18:14:19,89,11,yes,107
7844,1772417659,2026-03-01T18:14:19,89,11,yes,20
7845,1772417660,2026-03-01T18:14:20,89,11,yes,73
7846,1772417661,2026-03-01T18:14:21,88,12,no,41
7847,1772417663,2026-03-01T18:14:23,89,11,yes,55
7848,1772417663,2026-03-01T18:14:23,89,11,yes,2197
7849,1772417664,2026-03-01T18:14:24,89,11,yes,13
7850,1772417665,2026-03-01T18:14:25,89,11,yes,111
7851,1772417665,2026-03-01T18:14:25,89,11,yes,2
7852,1772417666,2026-03-01T18:14:26,89,11,yes,100
7853,1772417666,2026-03-01T18:14:26,89,11,yes,12
7854,1772417666,2026-03-01T18:14:26,89,11,yes,88
7855,1772417667,2026-03-01T18:14:27,89,11,yes,100
7856,1772417668,2026-03-01T18:14:28,89,11,yes,55
7857,1772417668,2026-03-01T18:14:28,89,11,yes,100
7858,1772417669,2026-03-01T18:14:29,89,11,yes,1
7859,1772417670,2026-03-01T18:14:30,89,11,yes,219
7860,1772417670,2026-03-01T18:14:30,89,11,yes,5
7861,1772417670,2026-03-01T18:14:30,89,11,yes,5
7862,1772417670,2026-03-01T18:14:30,89,11,yes,1
7863,1772417671,2026-03-01T18:14:31,89,11,yes,10
7864,1772417671,2026-03-01T18:14:31,89,11,yes,557
7865,1772417672,2026-03-01T18:14:32,88,12,no,631
7866,1772417673,2026-03-01T18:14:33,88,12,no,25
7867,1772417673,2026-03-01T18:14:33,88,12,no,25
7868,1772417674,2026-03-01T18:14:34,89,11,yes,4
7869,1772417675,2026-03-01T18:14:35,89,11,yes,2
7870,1772417675,2026-03-01T18:14:35,89,11,yes,2
7871,1772417675,2026-03-01T18:14:35,88,12,no,89
7872,1772417676,2026-03-01T18:14:36,89,11,yes,5
7873,1772417676,2026-03-01T18:14:36,89,11,yes,2
7874,1772417679,2026-03-01T18:14:39,90,10,yes,2
7875,1772417680,2026-03-01T18:14:40,88,12,no,15
7876,1772417680,2026-03-01T18:14:40,90,10,yes,1
7877,1772417680,2026-03-01T18:14:40,90,10,yes,13
7878,1772417681,2026-03-01T18:14:41,90,10,yes,5
7879,1772417681,2026-03-01T18:14:41,90,10,yes,55
7880,1772417683,2026-03-01T18:14:43,90,10,yes,977
7881,1772417683,2026-03-01T18:14:43,90,10,yes,5
7882,1772417684,2026-03-01T18:14:44,90,10,yes,10
7883,1772417684,2026-03-01T18:14:44,90,10,yes,1
7884,1772417685,2026-03-01T18:14:45,89,11,yes,54
7885,1772417686,2026-03-01T18:14:46,88,12,no,9
7886,1772417686,2026-03-01T18:14:46,88,12,no,15
7887,1772417687,2026-03-01T18:14:47,88,12,no,17
7888,1772417687,2026-03-01T18:14:47,89,11,yes,31
7889,1772417687,2026-03-01T18:14:47,89,11,no,1969
7890,1772417687,2026-03-01T18:14:47,88,12,no,31
7891,1772417689,2026-03-01T18:14:49,90,10,yes,3
7892,1772417692,2026-03-01T18:14:52,90,10,yes,64
7893,1772417693,2026-03-01T18:14:53,90,10,yes,55
7894,1772417693,2026-03-01T18:14:53,88,12,no,34
7895,1772417693,2026-03-01T18:14:53,90,10,yes,110
7896,1772417694,2026-03-01T18:14:54,90,10,yes,1324
7897,1772417695,2026-03-01T18:14:55,90,10,yes,38
7898,1772417696,2026-03-01T18:14:56,90,10,yes,11
7899,1772417696,2026-03-01T18:14:56,90,10,yes,110
7900,1772417697,2026-03-01T18:14:57,90,10,yes,10
7901,1772417698,2026-03-01T18:14:58,90,10,yes,206
7902,1772417698,2026-03-01T18:14:58,90,10,yes,300
7903,1772417698,2026-03-01T18:14:58,90,10,yes,62
7904,1772417698,2026-03-01T18:14:58,90,10,yes,513
7905,1772417698,2026-03-01T18:14:58,90,10,yes,1
7906,1772417698,2026-03-01T18:14:58,90,10,yes,54
7907,1772417698,2026-03-01T18:14:58,90,10,yes,110
7908,1772417700,2026-03-01T18:15:00,90,10,yes,3
7909,1772417702,2026-03-01T18:15:02,90,10,yes,16
7910,1772417704,2026-03-01T18:15:04,90,10,yes,27
7911,1772417704,2026-03-01T18:15:04,90,10,yes,326
7912,1772417706,2026-03-01T18:15:06,90,10,yes,7
7913,1772417706,2026-03-01T18:15:06,90,10,yes,108
7914,1772417706,2026-03-01T18:15:06,89,11,no,40
7915,1772417706,2026-03-01T18:15:06,90,10,yes,1
7916,1772417707,2026-03-01T18:15:07,89,11,no,135
7917,1772417707,2026-03-01T18:15:07,89,11,no,5
7918,1772417707,2026-03-01T18:15:07,88,12,no,114
7919,1772417707,2026-03-01T18:15:07,89,11,yes,2
7920,1772417709,2026-03-01T18:15:09,89,11,yes,2
7921,1772417709,2026-03-01T18:15:09,89,11,yes,550
7922,1772417712,2026-03-01T18:15:12,88,12,no,121
7923,1772417713,2026-03-01T18:15:13,89,11,yes,55
7924,1772417713,2026-03-01T18:15:13,89,11,yes,43
7925,1772417713,2026-03-01T18:15:13,89,11,yes,408
7926,1772417714,2026-03-01T18:15:14,89,11,no,39
7927,1772417714,2026-03-01T18:15:14,89,11,no,352
7928,1772417717,2026-03-01T18:15:17,90,10,yes,6
7929,1772417719,2026-03-01T18:15:19,90,10,yes,2
7930,1772417719,2026-03-01T18:15:19,90,10,yes,1
7931,1772417719,2026-03-01T18:15:19,90,10,yes,12
7932,1772417720,2026-03-01T18:15:20,90,10,yes,110
7933,1772417720,2026-03-01T18:15:20,90,10,yes,1
7934,1772417722,2026-03-01T18:15:22,89,11,no,17
7935,1772417723,2026-03-01T18:15:23,90,10,yes,165
7936,1772417723,2026-03-01T18:15:23,89,11,no,40
7937,1772417723,2026-03-01T18:15:23,90,10,yes,53
7938,1772417724,2026-03-01T18:15:24,89,11,no,117
7939,1772417724,2026-03-01T18:15:24,90,10,yes,20
7940,1772417724,2026-03-01T18:15:24,89,11,no,21
7941,1772417725,2026-03-01T18:15:25,89,11,no,50
7942,1772417725,2026-03-01T18:15:25,89,11,no,750
7943,1772417725,2026-03-01T18:15:25,90,10,yes,25
7944,1772417726,2026-03-01T18:15:26,90,10,yes,146
7945,1772417727,2026-03-01T18:15:27,90,10,yes,34
7946,1772417727,2026-03-01T18:15:27,89,11,no,26
7947,1772417728,2026-03-01T18:15:28,89,11,no,194
7948,1772417729,2026-03-01T18:15:29,89,11,no,1
7949,1772417729,2026-03-01T18:15:29,89,11,no,174
7950,1772417729,2026-03-01T18:15:29,89,11,no,5
7951,1772417729,2026-03-01T18:15:29,89,11,no,821
7952,1772417730,2026-03-01T18:15:30,90,10,yes,55
7953,1772417731,2026-03-01T18:15:31,89,11,no,23
7954,1772417733,2026-03-01T18:15:33,89,11,no,58
7955,1772417733,2026-03-01T18:15:33,89,11,no,31
7956,1772417735,2026-03-01T18:15:35,90,10,yes,44
7957,1772417736,2026-03-01T18:15:36,89,11,no,20
7958,1772417736,2026-03-01T18:15:36,89,11,no,45
7959,1772417736,2026-03-01T18:15:36,90,10,yes,27
7960,1772417739,2026-03-01T18:15:39,89,11,no,105
7961,1772417739,2026-03-01T18:15:39,90,10,yes,5
7962,1772417741,2026-03-01T18:15:41,90,10,yes,22
7963,1772417742,2026-03-01T18:15:42,89,11,no,49
7964,1772417744,2026-03-01T18:15:44,89,11,no,59
7965,1772417746,2026-03-01T18:15:46,90,10,yes,2
7966,1772417749,2026-03-01T18:15:49,90,10,yes,2
7967,1772417750,2026-03-01T18:15:50,89,11,no,30
7968,1772417751,2026-03-01T18:15:51,90,10,yes,27
7969,1772417752,2026-03-01T18:15:52,89,11,no,70
7970,1772417752,2026-03-01T18:15:52,89,11,no,5
7971,1772417752,2026-03-01T18:15:52,89,11,no,28
7972,1772417755,2026-03-01T18:15:55,90,10,yes,3
7973,1772417756,2026-03-01T18:15:56,90,10,yes,91
7974,1772417756,2026-03-01T18:15:56,90,10,yes,11
7975,1772417756,2026-03-01T18:15:56,90,10,yes,11
7976,1772417759,2026-03-01T18:15:59,90,10,yes,27
7977,1772417760,2026-03-01T18:16:00,90,10,yes,26
7978,1772417760,2026-03-01T18:16:00,88,12,no,30
7979,1772417761,2026-03-01T18:16:01,90,10,yes,478
7980,1772417761,2026-03-01T18:16:01,90,10,yes,1439
7981,1772417761,2026-03-01T18:16:01,90,10,yes,1
7982,1772417763,2026-03-01T18:16:03,90,10,yes,20
7983,1772417763,2026-03-01T18:16:03,90,10,yes,20
7984,1772417763,2026-03-01T18:16:03,90,10,yes,11
7985,1772417764,2026-03-01T18:16:04,90,10,yes,22
7986,1772417766,2026-03-01T18:16:06,88,12,no,4165
7987,1772417769,2026-03-01T18:16:09,89,11,yes,438
7988,1772417770,2026-03-01T18:16:10,89,11,yes,1
7989,1772417770,2026-03-01T18:16:10,89,11,yes,225
7990,1772417770,2026-03-01T18:16:10,88,12,no,410
7991,1772417770,2026-03-01T18:16:10,89,11,yes,40
7992,1772417771,2026-03-01T18:16:11,89,11,yes,8
7993,1772417771,2026-03-01T18:16:11,89,11,yes,112
7994,1772417772,2026-03-01T18:16:12,89,11,yes,56
7995,1772417772,2026-03-01T18:16:12,88,12,no,1
7996,1772417772,2026-03-01T18:16:12,89,11,yes,219
7997,1772417773,2026-03-01T18:16:13,89,11,yes,5
7998,1772417773,2026-03-01T18:16:13,89,11,yes,5
7999,1772417773,2026-03-01T18:16:13,89,11,yes,33
8000,1772417775,2026-03-01T18:16:15,88,12,no,10
8001,1772417775,2026-03-01T18:16:15,90,10,yes,22
8002,1772417777,2026-03-01T18:16:17,89,11,no,175
8003,1772417777,2026-03-01T18:16:17,89,11,no,5
8004,1772417777,2026-03-01T18:16:17,88,12,no,577
8005,1772417778,2026-03-01T18:16:18,89,11,no,142
8006,1772417779,2026-03-01T18:16:19,90,10,yes,32
8007,1772417779,2026-03-01T18:16:19,89,11,no,1
8008,1772417784,2026-03-01T18:16:24,89,11,no,3
8009,1772417784,2026-03-01T18:16:24,89,11,no,5
8010,1772417784,2026-03-01T18:16:24,88,12,no,17353
8011,1772417784,2026-03-01T18:16:24,88,12,no,5000
8012,1772417784,2026-03-01T18:16:24,88,12,no,23651
8013,1772417785,2026-03-01T18:16:25,90,10,yes,1
8014,1772417785,2026-03-01T18:16:25,90,10,yes,1
8015,1772417786,2026-03-01T18:16:26,90,10,yes,10
8016,1772417786,2026-03-01T18:16:26,90,10,yes,1
8017,1772417787,2026-03-01T18:16:27,90,10,yes,551
8018,1772417789,2026-03-01T18:16:29,90,10,yes,83
8019,1772417789,2026-03-01T18:16:29,90,10,yes,217
8020,1772417789,2026-03-01T18:16:29,89,11,no,50
8021,1772417789,2026-03-01T18:16:29,89,11,no,5
8022,1772417789,2026-03-01T18:16:29,88,12,no,3
8023,1772417790,2026-03-01T18:16:30,90,10,yes,5
8024,1772417790,2026-03-01T18:16:30,88,12,no,24
8025,1772417791,2026-03-01T18:16:31,90,10,yes,551
8026,1772417792,2026-03-01T18:16:32,88,12,no,23
8027,1772417794,2026-03-01T18:16:34,88,12,no,15
8028,1772417794,2026-03-01T18:16:34,88,12,no,62
8029,1772417795,2026-03-01T18:16:35,90,10,yes,123
8030,1772417795,2026-03-01T18:16:35,89,11,yes,5
8031,1772417798,2026-03-01T18:16:38,88,12,no,49
8032,1772417798,2026-03-01T18:16:38,89,11,yes,195
8033,1772417798,2026-03-01T18:16:38,90,10,yes,167
8034,1772417799,2026-03-01T18:16:39,88,12,no,2
8035,1772417802,2026-03-01T18:16:42,90,10,yes,110
8036,1772417803,2026-03-01T18:16:43,90,10,yes,220
8037,1772417803,2026-03-01T18:16:43,88,12,no,15
8038,1772417803,2026-03-01T18:16:43,88,12,no,511
8039,1772417805,2026-03-01T18:16:45,90,10,yes,163
8040,1772417805,2026-03-01T18:16:45,90,10,yes,54
8041,1772417807,2026-03-01T18:16:47,90,10,yes,5
8042,1772417808,2026-03-01T18:16:48,90,10,yes,12
8043,1772417808,2026-03-01T18:16:48,90,10,yes,430
8044,1772417809,2026-03-01T18:16:49,90,10,yes,1086
8045,1772417809,2026-03-01T18:16:49,90,10,yes,3
8046,1772417810,2026-03-01T18:16:50,90,10,yes,22
8047,1772417811,2026-03-01T18:16:51,89,11,no,42
8048,1772417813,2026-03-01T18:16:53,89,11,no,8
8049,1772417815,2026-03-01T18:16:55,90,10,yes,5
8050,1772417816,2026-03-01T18:16:56,89,11,no,579
8051,1772417819,2026-03-01T18:16:59,89,11,yes,10
8052,1772417819,2026-03-01T18:16:59,89,11,yes,39
8053,1772417820,2026-03-01T18:17:00,89,11,yes,1
8054,1772417820,2026-03-01T18:17:00,89,11,yes,17
8055,1772417820,2026-03-01T18:17:00,88,12,no,7
8056,1772417821,2026-03-01T18:17:01,89,11,yes,20
8057,1772417826,2026-03-01T18:17:06,88,12,no,157
8058,1772417826,2026-03-01T18:17:06,89,11,yes,10
8059,1772417826,2026-03-01T18:17:06,89,11,yes,3
8060,1772417827,2026-03-01T18:17:07,89,11,yes,27
8061,1772417828,2026-03-01T18:17:08,89,11,yes,10
8062,1772417829,2026-03-01T18:17:09,89,11,yes,1
8063,1772417830,2026-03-01T18:17:10,89,11,yes,22
8064,1772417830,2026-03-01T18:17:10,89,11,yes,215
8065,1772417831,2026-03-01T18:17:11,89,11,yes,25
8066,1772417831,2026-03-01T18:17:11,90,10,yes,20
8067,1772417834,2026-03-01T18:17:14,90,10,yes,8
8068,1772417836,2026-03-01T18:17:16,89,11,yes,22
8069,1772417837,2026-03-01T18:17:17,89,11,yes,251
8070,1772417837,2026-03-01T18:17:17,89,11,yes,55
8071,1772417838,2026-03-01T18:17:18,88,12,no,4
8072,1772417839,2026-03-01T18:17:19,89,11,yes,2197
8073,1772417840,2026-03-01T18:17:20,89,11,yes,33
8074,1772417840,2026-03-01T18:17:20,88,12,no,57
8075,1772417840,2026-03-01T18:17:20,89,11,yes,16
8076,1772417841,2026-03-01T18:17:21,89,11,yes,60
8077,1772417842,2026-03-01T18:17:22,89,11,yes,201
8078,1772417846,2026-03-01T18:17:26,89,11,yes,50
8079,1772417847,2026-03-01T18:17:27,88,12,no,41
8080,1772417847,2026-03-01T18:17:27,89,11,yes,3
8081,1772417848,2026-03-01T18:17:28,89,11,yes,15
8082,1772417849,2026-03-01T18:17:29,89,11,yes,637
8083,1772417850,2026-03-01T18:17:30,89,11,yes,278
8084,1772417850,2026-03-01T18:17:30,89,11,yes,111
8085,1772417851,2026-03-01T18:17:31,89,11,yes,490
8086,1772417852,2026-03-01T18:17:32,88,12,no,155
8087,1772417853,2026-03-01T18:17:33,89,11,yes,722
8088,1772417853,2026-03-01T18:17:33,89,11,yes,36
8089,1772417854,2026-03-01T18:17:34,88,12,no,10
8090,1772417854,2026-03-01T18:17:34,89,11,yes,55750
8091,1772417855,2026-03-01T18:17:35,88,12,no,162
8092,1772417856,2026-03-01T18:17:36,89,11,yes,54
8093,1772417857,2026-03-01T18:17:37,89,11,yes,4794
8094,1772417858,2026-03-01T18:17:38,88,12,no,9
8095,1772417861,2026-03-01T18:17:41,89,11,yes,4
8096,1772417863,2026-03-01T18:17:43,89,11,yes,322
8097,1772417864,2026-03-01T18:17:44,89,11,yes,379
8098,1772417864,2026-03-01T18:17:44,89,11,yes,375
8099,1772417865,2026-03-01T18:17:45,89,11,yes,278
8100,1772417866,2026-03-01T18:17:46,89,11,yes,1
8101,1772417867,2026-03-01T18:17:47,89,11,yes,111
8102,1772417867,2026-03-01T18:17:47,88,12,no,43
8103,1772417867,2026-03-01T18:17:47,88,12,no,7
8104,1772417868,2026-03-01T18:17:48,89,11,yes,16
8105,1772417869,2026-03-01T18:17:49,89,11,yes,1
8106,1772417869,2026-03-01T18:17:49,88,12,no,90
8107,1772417872,2026-03-01T18:17:52,89,11,yes,800
8108,1772417875,2026-03-01T18:17:55,88,12,no,20
8109,1772417876,2026-03-01T18:17:56,89,11,yes,2197
8110,1772417879,2026-03-01T18:17:59,89,11,yes,120
8111,1772417879,2026-03-01T18:17:59,89,11,yes,20
8112,1772417880,2026-03-01T18:18:00,89,11,yes,306
8113,1772417881,2026-03-01T18:18:01,89,11,yes,2
8114,1772417881,2026-03-01T18:18:01,89,11,yes,10
8115,1772417884,2026-03-01T18:18:04,89,11,yes,10
8116,1772417884,2026-03-01T18:18:04,89,11,yes,1040
8117,1772417887,2026-03-01T18:18:07,89,11,yes,150
8118,1772417888,2026-03-01T18:18:08,88,12,no,50
8119,1772417888,2026-03-01T18:18:08,89,11,yes,217
8120,1772417888,2026-03-01T18:18:08,89,11,yes,27
8121,1772417889,2026-03-01T18:18:09,88,12,no,150
8122,1772417889,2026-03-01T18:18:09,89,11,yes,22
8123,1772417891,2026-03-01T18:18:11,88,12,no,1
8124,1772417892,2026-03-01T18:18:12,89,11,yes,4
8125,1772417892,2026-03-01T18:18:12,88,12,no,26
8126,1772417895,2026-03-01T18:18:15,89,11,yes,111
8127,1772417895,2026-03-01T18:18:15,89,11,yes,46
8128,1772417896,2026-03-01T18:18:16,89,11,yes,2
8129,1772417898,2026-03-01T18:18:18,89,11,yes,73
8130,1772417898,2026-03-01T18:18:18,89,11,yes,60
8131,1772417899,2026-03-01T18:18:19,89,11,yes,2
8132,1772417900,2026-03-01T18:18:20,89,11,yes,5
8133,1772417901,2026-03-01T18:18:21,89,11,yes,450
8134,1772417901,2026-03-01T18:18:21,89,11,yes,822
8135,1772417903,2026-03-01T18:18:23,89,11,yes,44
8136,1772417904,2026-03-01T18:18:24,89,11,yes,113
8137,1772417904,2026-03-01T18:18:24,89,11,yes,69
8138,1772417905,2026-03-01T18:18:25,89,11,yes,14
8139,1772417905,2026-03-01T18:18:25,89,11,yes,38
8140,1772417906,2026-03-01T18:18:26,89,11,yes,230
8141,1772417907,2026-03-01T18:18:27,89,11,yes,187
8142,1772417907,2026-03-01T18:18:27,89,11,yes,3
8143,1772417908,2026-03-01T18:18:28,89,11,yes,437
8144,1772417908,2026-03-01T18:18:28,89,11,yes,22
8145,1772417914,2026-03-01T18:18:34,89,11,yes,274
8146,1772417916,2026-03-01T18:18:36,89,11,yes,37
8147,1772417917,2026-03-01T18:18:37,89,11,yes,5
8148,1772417919,2026-03-01T18:18:39,88,12,no,300
8149,1772417923,2026-03-01T18:18:43,89,11,yes,57
8150,1772417923,2026-03-01T18:18:43,88,12,no,28
8151,1772417923,2026-03-01T18:18:43,89,11,yes,100
8152,1772417924,2026-03-01T18:18:44,89,11,yes,71
8153,1772417927,2026-03-01T18:18:47,89,11,yes,13
8154,1772417927,2026-03-01T18:18:47,88,12,no,444
8155,1772417928,2026-03-01T18:18:48,88,12,no,179
8156,1772417929,2026-03-01T18:18:49,88,12,no,1275
8157,1772417930,2026-03-01T18:18:50,89,11,yes,15
8158,1772417931,2026-03-01T18:18:51,89,11,yes,57
8159,1772417931,2026-03-01T18:18:51,88,12,no,1
8160,1772417932,2026-03-01T18:18:52,89,11,yes,21
8161,1772417932,2026-03-01T18:18:52,89,11,yes,91
8162,1772417933,2026-03-01T18:18:53,89,11,yes,100
8163,1772417933,2026-03-01T18:18:53,89,11,yes,996
8164,1772417934,2026-03-01T18:18:54,89,11,yes,74
8165,1772417935,2026-03-01T18:18:55,89,11,yes,11
8166,1772417936,2026-03-01T18:18:56,88,12,no,71
8167,1772417936,2026-03-01T18:18:56,89,11,yes,3
8168,1772417938,2026-03-01T18:18:58,89,11,yes,2
8169,1772417940,2026-03-01T18:19:00,89,11,yes,65
8170,1772417940,2026-03-01T18:19:00,89,11,yes,76
8171,1772417943,2026-03-01T18:19:03,89,11,yes,59
8172,1772417946,2026-03-01T18:19:06,89,11,yes,5
8173,1772417947,2026-03-01T18:19:07,89,11,yes,33
8174,1772417952,2026-03-01T18:19:12,89,11,yes,5
8175,1772417953,2026-03-01T18:19:13,88,12,no,115
8176,1772417956,2026-03-01T18:19:16,89,11,yes,1
8177,1772417957,2026-03-01T18:19:17,89,11,yes,25
8178,1772417957,2026-03-01T18:19:17,89,11,yes,1
8179,1772417959,2026-03-01T18:19:19,89,11,yes,1
8180,1772417959,2026-03-01T18:19:19,89,11,yes,109
8181,1772417961,2026-03-01T18:19:21,89,11,yes,14
8182,1772417961,2026-03-01T18:19:21,88,12,no,14
8183,1772417962,2026-03-01T18:19:22,89,11,yes,1
8184,1772417962,2026-03-01T18:19:22,89,11,yes,120
8185,1772417965,2026-03-01T18:19:25,89,11,yes,772
8186,1772417966,2026-03-01T18:19:26,89,11,yes,2
8187,1772417966,2026-03-01T18:19:26,89,11,yes,2
8188,1772417966,2026-03-01T18:19:26,89,11,yes,25
8189,1772417967,2026-03-01T18:19:27,89,11,yes,1
8190,1772417968,2026-03-01T18:19:28,89,11,yes,549
8191,1772417969,2026-03-01T18:19:29,89,11,yes,6
8192,1772417970,2026-03-01T18:19:30,89,11,yes,111
8193,1772417970,2026-03-01T18:19:30,89,11,yes,82
8194,1772417972,2026-03-01T18:19:32,88,12,no,108
8195,1772417974,2026-03-01T18:19:34,89,11,yes,20
8196,1772417979,2026-03-01T18:19:39,89,11,yes,110
8197,1772417979,2026-03-01T18:19:39,88,12,no,917
8198,1772417979,2026-03-01T18:19:39,88,12,no,6
8199,1772417979,2026-03-01T18:19:39,88,12,no,100
8200,1772417979,2026-03-01T18:19:39,88,12,no,41
8201,1772417979,2026-03-01T18:19:39,88,12,no,28
8202,1772417979,2026-03-01T18:19:39,88,12,no,14
8203,1772417979,2026-03-01T18:19:39,88,12,no,3796
8204,1772417979,2026-03-01T18:19:39,88,12,no,1098
8205,1772417980,2026-03-01T18:19:40,89,11,yes,111
8206,1772417980,2026-03-01T18:19:40,89,11,yes,1
8207,1772417981,2026-03-01T18:19:41,89,11,yes,288
8208,1772417981,2026-03-01T18:19:41,89,11,yes,11
8209,1772417984,2026-03-01T18:19:44,89,11,yes,20
8210,1772417984,2026-03-01T18:19:44,88,12,no,10
8211,1772417984,2026-03-01T18:19:44,88,12,no,2
8212,1772417984,2026-03-01T18:19:44,89,11,yes,153
8213,1772417985,2026-03-01T18:19:45,88,12,no,93
8214,1772417985,2026-03-01T18:19:45,89,11,yes,15
8215,1772417989,2026-03-01T18:19:49,89,11,yes,46
8216,1772417990,2026-03-01T18:19:50,89,11,yes,2197
8217,1772417990,2026-03-01T18:19:50,89,11,yes,879
8218,1772417992,2026-03-01T18:19:52,89,11,yes,27
8219,1772417992,2026-03-01T18:19:52,89,11,yes,1
8220,1772417995,2026-03-01T18:19:55,89,11,yes,55
8221,1772417995,2026-03-01T18:19:55,88,12,no,546
8222,1772417996,2026-03-01T18:19:56,88,12,no,3
8223,1772417997,2026-03-01T18:19:57,89,11,yes,111
8224,1772417998,2026-03-01T18:19:58,88,12,no,494
8225,1772418000,2026-03-01T18:20:00,89,11,yes,13
8226,1772418000,2026-03-01T18:20:00,88,12,no,50
8227,1772418000,2026-03-01T18:20:00,88,12,no,32
8228,1772418001,2026-03-01T18:20:01,89,11,yes,989
8229,1772418005,2026-03-01T18:20:05,89,11,yes,554
8230,1772418006,2026-03-01T18:20:06,89,11,yes,11
8231,1772418006,2026-03-01T18:20:06,89,11,yes,154
8232,1772418010,2026-03-01T18:20:10,89,11,yes,1
8233,1772418012,2026-03-01T18:20:12,89,11,yes,1
8234,1772418012,2026-03-01T18:20:12,88,12,no,35
8235,1772418014,2026-03-01T18:20:14,89,11,yes,54
8236,1772418018,2026-03-01T18:20:18,89,11,yes,109
8237,1772418022,2026-03-01T18:20:22,89,11,yes,20
8238,1772418022,2026-03-01T18:20:22,88,12,no,245
8239,1772418022,2026-03-01T18:20:22,88,12,no,816
8240,1772418023,2026-03-01T18:20:23,89,11,yes,1
8241,1772418023,2026-03-01T18:20:23,89,11,yes,41
8242,1772418023,2026-03-01T18:20:23,89,11,yes,5
8243,1772418023,2026-03-01T18:20:23,89,11,yes,50
8244,1772418024,2026-03-01T18:20:24,89,11,yes,35
8245,1772418025,2026-03-01T18:20:25,88,12,no,75
8246,1772418026,2026-03-01T18:20:26,89,11,yes,243
8247,1772418028,2026-03-01T18:20:28,89,11,yes,89
8248,1772418028,2026-03-01T18:20:28,89,11,yes,777
8249,1772418028,2026-03-01T18:20:28,89,11,yes,1
8250,1772418028,2026-03-01T18:20:28,89,11,yes,26
8251,1772418029,2026-03-01T18:20:29,89,11,yes,11
8252,1772418034,2026-03-01T18:20:34,89,11,yes,6
8253,1772418036,2026-03-01T18:20:36,89,11,yes,2453
8254,1772418040,2026-03-01T18:20:40,89,11,yes,450
8255,1772418042,2026-03-01T18:20:42,88,12,no,100
8256,1772418042,2026-03-01T18:20:42,89,11,yes,201
8257,1772418044,2026-03-01T18:20:44,88,12,no,78
8258,1772418047,2026-03-01T18:20:47,88,12,no,34
8259,1772418048,2026-03-01T18:20:48,89,11,yes,2
8260,1772418049,2026-03-01T18:20:49,88,12,no,32
8261,1772418049,2026-03-01T18:20:49,88,12,no,490
8262,1772418049,2026-03-01T18:20:49,89,11,yes,111
8263,1772418050,2026-03-01T18:20:50,89,11,yes,2
8264,1772418053,2026-03-01T18:20:53,88,12,no,70
8265,1772418054,2026-03-01T18:20:54,89,11,yes,2
8266,1772418054,2026-03-01T18:20:54,88,12,no,23
8267,1772418055,2026-03-01T18:20:55,89,11,yes,2
8268,1772418056,2026-03-01T18:20:56,89,11,yes,11
8269,1772418062,2026-03-01T18:21:02,88,12,no,26
8270,1772418063,2026-03-01T18:21:03,89,11,yes,111
8271,1772418064,2026-03-01T18:21:04,89,11,yes,1
8272,1772418066,2026-03-01T18:21:06,89,11,yes,11
8273,1772418067,2026-03-01T18:21:07,89,11,yes,1
8274,1772418068,2026-03-01T18:21:08,89,11,yes,111
8275,1772418073,2026-03-01T18:21:13,89,11,yes,30
8276,1772418073,2026-03-01T18:21:13,89,11,yes,12
8277,1772418073,2026-03-01T18:21:13,88,12,no,262
8278,1772418075,2026-03-01T18:21:15,89,11,yes,83
8279,1772418076,2026-03-01T18:21:16,89,11,yes,111
8280,1772418077,2026-03-01T18:21:17,89,11,yes,150
8281,1772418079,2026-03-01T18:21:19,89,11,yes,549
8282,1772418079,2026-03-01T18:21:19,89,11,yes,247
8283,1772418080,2026-03-01T18:21:20,89,11,yes,11
8284,1772418081,2026-03-01T18:21:21,89,11,yes,3
8285,1772418082,2026-03-01T18:21:22,89,11,yes,3
8286,1772418083,2026-03-01T18:21:23,89,11,yes,21
8287,1772418085,2026-03-01T18:21:25,88,12,no,13
8288,1772418086,2026-03-01T18:21:26,89,11,yes,11
8289,1772418086,2026-03-01T18:21:26,89,11,yes,4
8290,1772418086,2026-03-01T18:21:26,88,12,no,2981
8291,1772418086,2026-03-01T18:21:26,88,12,no,1519
8292,1772418087,2026-03-01T18:21:27,88,12,no,51
8293,1772418089,2026-03-01T18:21:29,89,11,yes,1
8294,1772418091,2026-03-01T18:21:31,89,11,yes,12
8295,1772418091,2026-03-01T18:21:31,89,11,yes,549
8296,1772418091,2026-03-01T18:21:31,89,11,yes,1
8297,1772418092,2026-03-01T18:21:32,89,11,yes,50
8298,1772418092,2026-03-01T18:21:32,89,11,yes,5
8299,1772418092,2026-03-01T18:21:32,89,11,yes,111
8300,1772418094,2026-03-01T18:21:34,89,11,yes,2
8301,1772418096,2026-03-01T18:21:36,89,11,yes,62
8302,1772418096,2026-03-01T18:21:36,89,11,yes,20
8303,1772418096,2026-03-01T18:21:36,89,11,yes,20
8304,1772418097,2026-03-01T18:21:37,89,11,yes,5
8305,1772418097,2026-03-01T18:21:37,89,11,yes,125
8306,1772418098,2026-03-01T18:21:38,89,11,yes,130
8307,1772418098,2026-03-01T18:21:38,89,11,yes,2
8308,1772418099,2026-03-01T18:21:39,89,11,yes,3
8309,1772418100,2026-03-01T18:21:40,89,11,yes,54
8310,1772418101,2026-03-01T18:21:41,88,12,no,1004
8311,1772418101,2026-03-01T18:21:41,89,11,yes,2
8312,1772418102,2026-03-01T18:21:42,89,11,yes,10
8313,1772418107,2026-03-01T18:21:47,89,11,yes,100
8314,1772418110,2026-03-01T18:21:50,89,11,yes,111
8315,1772418112,2026-03-01T18:21:52,89,11,yes,6
8316,1772418112,2026-03-01T18:21:52,88,12,no,26
8317,1772418112,2026-03-01T18:21:52,89,11,yes,1
8318,1772418115,2026-03-01T18:21:55,89,11,yes,2161
8319,1772418118,2026-03-01T18:21:58,89,11,yes,1
8320,1772418119,2026-03-01T18:21:59,89,11,yes,54
8321,1772418120,2026-03-01T18:22:00,89,11,yes,4
8322,1772418122,2026-03-01T18:22:02,88,12,no,35
8323,1772418122,2026-03-01T18:22:02,89,11,yes,6893
8324,1772418123,2026-03-01T18:22:03,89,11,yes,27
8325,1772418123,2026-03-01T18:22:03,89,11,yes,98
8326,1772418125,2026-03-01T18:22:05,89,11,yes,11
8327,1772418125,2026-03-01T18:22:05,88,12,no,90
8328,1772418129,2026-03-01T18:22:09,88,12,no,100
8329,1772418129,2026-03-01T18:22:09,89,11,yes,2
8330,1772418129,2026-03-01T18:22:09,89,11,yes,167
8331,1772418130,2026-03-01T18:22:10,89,11,yes,64
8332,1772418130,2026-03-01T18:22:10,89,11,yes,2
8333,1772418130,2026-03-01T18:22:10,89,11,yes,50
8334,1772418131,2026-03-01T18:22:11,88,12,no,8
8335,1772418132,2026-03-01T18:22:12,89,11,yes,84
8336,1772418133,2026-03-01T18:22:13,89,11,yes,27
8337,1772418135,2026-03-01T18:22:15,89,11,yes,7
8338,1772418136,2026-03-01T18:22:16,89,11,yes,32
8339,1772418136,2026-03-01T18:22:16,89,11,yes,6
8340,1772418137,2026-03-01T18:22:17,88,12,no,5000
8341,1772418138,2026-03-01T18:22:18,89,11,yes,3
8342,1772418138,2026-03-01T18:22:18,89,11,yes,400
8343,1772418142,2026-03-01T18:22:22,88,12,no,25
8344,1772418142,2026-03-01T18:22:22,89,11,yes,20
8345,1772418142,2026-03-01T18:22:22,89,11,yes,334
8346,1772418142,2026-03-01T18:22:22,89,11,yes,2
8347,1772418142,2026-03-01T18:22:22,89,11,yes,55
8348,1772418143,2026-03-01T18:22:23,88,12,no,14
8349,1772418145,2026-03-01T18:22:25,89,11,yes,5251
8350,1772418145,2026-03-01T18:22:25,89,11,yes,5
8351,1772418145,2026-03-01T18:22:25,88,12,no,7
8352,1772418145,2026-03-01T18:22:25,88,12,no,600
8353,1772418145,2026-03-01T18:22:25,89,11,yes,15
8354,1772418148,2026-03-01T18:22:28,89,11,yes,13
8355,1772418148,2026-03-01T18:22:28,88,12,no,84
8356,1772418149,2026-03-01T18:22:29,89,11,yes,302
8357,1772418149,2026-03-01T18:22:29,89,11,yes,2
8358,1772418150,2026-03-01T18:22:30,89,11,yes,2
8359,1772418151,2026-03-01T18:22:31,89,11,yes,4
8360,1772418152,2026-03-01T18:22:32,89,11,yes,69
8361,1772418154,2026-03-01T18:22:34,89,11,yes,3
8362,1772418157,2026-03-01T18:22:37,89,11,yes,420
8363,1772418160,2026-03-01T18:22:40,89,11,yes,1
8364,1772418160,2026-03-01T18:22:40,89,11,yes,109
8365,1772418160,2026-03-01T18:22:40,88,12,no,7
8366,1772418165,2026-03-01T18:22:45,89,11,yes,130
8367,1772418166,2026-03-01T18:22:46,89,11,yes,1
8368,1772418166,2026-03-01T18:22:46,89,11,yes,326
8369,1772418166,2026-03-01T18:22:46,88,12,no,130
8370,1772418167,2026-03-01T18:22:47,89,11,yes,2197
8371,1772418170,2026-03-01T18:22:50,88,12,no,44
8372,1772418172,2026-03-01T18:22:52,89,11,yes,10
8373,1772418173,2026-03-01T18:22:53,89,11,yes,1
8374,1772418173,2026-03-01T18:22:53,89,11,yes,1
8375,1772418175,2026-03-01T18:22:55,89,11,yes,3000
8376,1772418177,2026-03-01T18:22:57,88,12,no,2
8377,1772418177,2026-03-01T18:22:57,89,11,yes,8
8378,1772418177,2026-03-01T18:22:57,89,11,yes,7
8379,1772418179,2026-03-01T18:22:59,89,11,yes,10
8380,1772418179,2026-03-01T18:22:59,88,12,no,85
8381,1772418179,2026-03-01T18:22:59,88,12,no,1
8382,1772418181,2026-03-01T18:23:01,89,11,yes,2
8383,1772418182,2026-03-01T18:23:02,89,11,yes,50
8384,1772418182,2026-03-01T18:23:02,89,11,yes,5
8385,1772418184,2026-03-01T18:23:04,89,11,yes,50
8386,1772418184,2026-03-01T18:23:04,89,11,yes,680
8387,1772418185,2026-03-01T18:23:05,89,11,yes,50
8388,1772418185,2026-03-01T18:23:05,89,11,yes,1
8389,1772418186,2026-03-01T18:23:06,89,11,yes,2
8390,1772418186,2026-03-01T18:23:06,89,11,yes,27
8391,1772418187,2026-03-01T18:23:07,89,11,yes,3
8392,1772418187,2026-03-01T18:23:07,89,11,yes,4
8393,1772418188,2026-03-01T18:23:08,89,11,yes,4338
8394,1772418189,2026-03-01T18:23:09,89,11,yes,10
8395,1772418193,2026-03-01T18:23:13,89,11,yes,55
8396,1772418194,2026-03-01T18:23:14,89,11,yes,57
8397,1772418195,2026-03-01T18:23:15,89,11,yes,16
8398,1772418196,2026-03-01T18:23:16,89,11,yes,109
8399,1772418198,2026-03-01T18:23:18,89,11,yes,5
8400,1772418200,2026-03-01T18:23:20,89,11,yes,100
8401,1772418200,2026-03-01T18:23:20,89,11,yes,11
8402,1772418201,2026-03-01T18:23:21,89,11,yes,1034
8403,1772418204,2026-03-01T18:23:24,89,11,yes,3000
8404,1772418205,2026-03-01T18:23:25,89,11,yes,5
8405,1772418205,2026-03-01T18:23:25,89,11,yes,3
8406,1772418207,2026-03-01T18:23:27,89,11,yes,14
8407,1772418213,2026-03-01T18:23:33,89,11,yes,1
8408,1772418214,2026-03-01T18:23:34,89,11,yes,60
8409,1772418214,2026-03-01T18:23:34,89,11,yes,10
8410,1772418215,2026-03-01T18:23:35,89,11,yes,22
8411,1772418216,2026-03-01T18:23:36,89,11,yes,8
8412,1772418218,2026-03-01T18:23:38,89,11,yes,20
8413,1772418218,2026-03-01T18:23:38,89,11,yes,55
8414,1772418220,2026-03-01T18:23:40,89,11,yes,1000
8415,1772418221,2026-03-01T18:23:41,89,11,yes,27
8416,1772418222,2026-03-01T18:23:42,89,11,yes,4
8417,1772418222,2026-03-01T18:23:42,89,11,yes,1
8418,1772418222,2026-03-01T18:23:42,89,11,yes,39
8419,1772418225,2026-03-01T18:23:45,88,12,no,360
8420,1772418229,2026-03-01T18:23:49,89,11,yes,1
8421,1772418229,2026-03-01T18:23:49,88,12,no,10
8422,1772418230,2026-03-01T18:23:50,89,11,yes,10
8423,1772418233,2026-03-01T18:23:53,88,12,no,3000
8424,1772418234,2026-03-01T18:23:54,89,11,yes,39
8425,1772418234,2026-03-01T18:23:54,89,11,yes,334
8426,1772418235,2026-03-01T18:23:55,88,12,no,1256
8427,1772418237,2026-03-01T18:23:57,89,11,yes,2
8428,1772418238,2026-03-01T18:23:58,89,11,yes,40
8429,1772418238,2026-03-01T18:23:58,89,11,yes,2
8430,1772418242,2026-03-01T18:24:02,88,12,no,125
8431,1772418246,2026-03-01T18:24:06,89,11,yes,53
8432,1772418248,2026-03-01T18:24:08,89,11,yes,131
8433,1772418248,2026-03-01T18:24:08,89,11,yes,30
8434,1772418252,2026-03-01T18:24:12,89,11,yes,1
8435,1772418253,2026-03-01T18:24:13,88,12,no,79
8436,1772418254,2026-03-01T18:24:14,89,11,yes,17
8437,1772418256,2026-03-01T18:24:16,89,11,yes,28
8438,1772418259,2026-03-01T18:24:19,89,11,yes,10
8439,1772418261,2026-03-01T18:24:21,89,11,yes,43
8440,1772418264,2026-03-01T18:24:24,89,11,yes,98
8441,1772418264,2026-03-01T18:24:24,89,11,yes,334
8442,1772418264,2026-03-01T18:24:24,88,12,no,201
8443,1772418266,2026-03-01T18:24:26,89,11,yes,3296
8444,1772418266,2026-03-01T18:24:26,89,11,yes,5
8445,1772418272,2026-03-01T18:24:32,89,11,yes,1
8446,1772418275,2026-03-01T18:24:35,88,12,no,131
8447,1772418275,2026-03-01T18:24:35,89,11,yes,100
8448,1772418275,2026-03-01T18:24:35,89,11,yes,22
8449,1772418276,2026-03-01T18:24:36,89,11,yes,11
8450,1772418277,2026-03-01T18:24:37,89,11,yes,5
8451,1772418279,2026-03-01T18:24:39,89,11,yes,27
8452,1772418280,2026-03-01T18:24:40,89,11,yes,11
8453,1772418282,2026-03-01T18:24:42,88,12,no,435
8454,1772418282,2026-03-01T18:24:42,88,12,no,1
8455,1772418284,2026-03-01T18:24:44,89,11,yes,32058
8456,1772418286,2026-03-01T18:24:46,88,12,no,82
8457,1772418288,2026-03-01T18:24:48,89,11,yes,32
8458,1772418289,2026-03-01T18:24:49,89,11,yes,49
8459,1772418289,2026-03-01T18:24:49,89,11,yes,27
8460,1772418289,2026-03-01T18:24:49,89,11,yes,1
8461,1772418292,2026-03-01T18:24:52,88,12,no,235
8462,1772418292,2026-03-01T18:24:52,89,11,yes,4
8463,1772418293,2026-03-01T18:24:53,89,11,yes,61
8464,1772418294,2026-03-01T18:24:54,89,11,yes,60
8465,1772418297,2026-03-01T18:24:57,88,12,no,375
8466,1772418300,2026-03-01T18:25:00,89,11,yes,219
8467,1772418303,2026-03-01T18:25:03,89,11,yes,4
8468,1772418303,2026-03-01T18:25:03,89,11,yes,120
8469,1772418304,2026-03-01T18:25:04,89,11,yes,791
8470,1772418304,2026-03-01T18:25:04,89,11,yes,2
8471,1772418305,2026-03-01T18:25:05,89,11,yes,1
8472,1772418308,2026-03-01T18:25:08,89,11,yes,1
8473,1772418309,2026-03-01T18:25:09,89,11,yes,5
8474,1772418311,2026-03-01T18:25:11,89,11,yes,109
8475,1772418313,2026-03-01T18:25:13,89,11,yes,605
8476,1772418313,2026-03-01T18:25:13,89,11,yes,3
8477,1772418313,2026-03-01T18:25:13,89,11,yes,230
8478,1772418324,2026-03-01T18:25:24,89,11,yes,370
8479,1772418324,2026-03-01T18:25:24,89,11,yes,1335
8480,1772418326,2026-03-01T18:25:26,88,12,no,15
8481,1772418330,2026-03-01T18:25:30,89,11,yes,100
8482,1772418330,2026-03-01T18:25:30,89,11,yes,34
8483,1772418331,2026-03-01T18:25:31,88,12,no,14
8484,1772418333,2026-03-01T18:25:33,89,11,yes,11
8485,1772418338,2026-03-01T18:25:38,89,11,yes,1
8486,1772418338,2026-03-01T18:25:38,89,11,yes,104
8487,1772418339,2026-03-01T18:25:39,89,11,yes,11
8488,1772418341,2026-03-01T18:25:41,89,11,yes,1
8489,1772418343,2026-03-01T18:25:43,88,12,no,24
8490,1772418347,2026-03-01T18:25:47,89,11,yes,156
8491,1772418350,2026-03-01T18:25:50,88,12,no,63
8492,1772418352,2026-03-01T18:25:52,89,11,yes,557
8493,1772418353,2026-03-01T18:25:53,89,11,yes,5
8494,1772418354,2026-03-01T18:25:54,89,11,yes,50
8495,1772418356,2026-03-01T18:25:56,88,12,no,263
8496,1772418357,2026-03-01T18:25:57,89,11,yes,1
8497,1772418357,2026-03-01T18:25:57,89,11,yes,2
8498,1772418360,2026-03-01T18:26:00,89,11,yes,15
8499,1772418361,2026-03-01T18:26:01,88,12,no,425
8500,1772418364,2026-03-01T18:26:04,89,11,yes,10
8501,1772418364,2026-03-01T18:26:04,89,11,yes,1
8502,1772418364,2026-03-01T18:26:04,88,12,no,51
8503,1772418366,2026-03-01T18:26:06,89,11,yes,23
8504,1772418367,2026-03-01T18:26:07,89,11,yes,38
8505,1772418368,2026-03-01T18:26:08,89,11,yes,82
8506,1772418369,2026-03-01T18:26:09,88,12,no,36
8507,1772418369,2026-03-01T18:26:09,88,12,no,200
8508,1772418370,2026-03-01T18:26:10,89,11,yes,21
8509,1772418370,2026-03-01T18:26:10,89,11,yes,8
8510,1772418371,2026-03-01T18:26:11,89,11,yes,2
8511,1772418372,2026-03-01T18:26:12,88,12,no,5
8512,1772418372,2026-03-01T18:26:12,88,12,no,1622
8513,1772418372,2026-03-01T18:26:12,89,11,yes,5
8514,1772418373,2026-03-01T18:26:13,89,11,yes,2
8515,1772418373,2026-03-01T18:26:13,88,12,no,15
8516,1772418374,2026-03-01T18:26:14,89,11,yes,111
8517,1772418374,2026-03-01T18:26:14,89,11,yes,100
8518,1772418375,2026-03-01T18:26:15,89,11,yes,268
8519,1772418376,2026-03-01T18:26:16,89,11,yes,998
8520,1772418376,2026-03-01T18:26:16,89,11,yes,30
8521,1772418380,2026-03-01T18:26:20,89,11,yes,1
8522,1772418382,2026-03-01T18:26:22,89,11,yes,109
8523,1772418384,2026-03-01T18:26:24,89,11,yes,2
8524,1772418384,2026-03-01T18:26:24,88,12,no,227
8525,1772418386,2026-03-01T18:26:26,89,11,yes,50
8526,1772418386,2026-03-01T18:26:26,88,12,no,26
8527,1772418387,2026-03-01T18:26:27,89,11,yes,10
8528,1772418389,2026-03-01T18:26:29,89,11,yes,1
8529,1772418389,2026-03-01T18:26:29,89,11,yes,55
8530,1772418391,2026-03-01T18:26:31,89,11,yes,21
8531,1772418391,2026-03-01T18:26:31,89,11,yes,557
8532,1772418391,2026-03-01T18:26:31,89,11,yes,13
8533,1772418395,2026-03-01T18:26:35,89,11,yes,5
8534,1772418396,2026-03-01T18:26:36,89,11,yes,892
8535,1772418397,2026-03-01T18:26:37,89,11,yes,22
8536,1772418397,2026-03-01T18:26:37,89,11,yes,50000
8537,1772418398,2026-03-01T18:26:38,89,11,yes,5575
8538,1772418398,2026-03-01T18:26:38,89,11,yes,200
8539,1772418399,2026-03-01T18:26:39,89,11,yes,58
8540,1772418401,2026-03-01T18:26:41,88,12,no,70
8541,1772418401,2026-03-01T18:26:41,89,11,yes,6
8542,1772418402,2026-03-01T18:26:42,89,11,yes,1
8543,1772418403,2026-03-01T18:26:43,89,11,yes,16
8544,1772418405,2026-03-01T18:26:45,89,11,yes,22
8545,1772418406,2026-03-01T18:26:46,89,11,yes,109
8546,1772418409,2026-03-01T18:26:49,89,11,yes,2197
8547,1772418411,2026-03-01T18:26:51,88,12,no,79
8548,1772418414,2026-03-01T18:26:54,89,11,yes,1003
8549,1772418414,2026-03-01T18:26:54,89,11,yes,2
8550,1772418414,2026-03-01T18:26:54,89,11,yes,11
8551,1772418416,2026-03-01T18:26:56,89,11,yes,55
8552,1772418416,2026-03-01T18:26:56,89,11,yes,669
8553,1772418417,2026-03-01T18:26:57,88,12,no,45
8554,1772418418,2026-03-01T18:26:58,89,11,yes,300
8555,1772418420,2026-03-01T18:27:00,89,11,yes,10
8556,1772418420,2026-03-01T18:27:00,89,11,yes,33
8557,1772418420,2026-03-01T18:27:00,89,11,yes,177
8558,1772418420,2026-03-01T18:27:00,89,11,yes,20
8559,1772418421,2026-03-01T18:27:01,89,11,yes,11
8560,1772418424,2026-03-01T18:27:04,89,11,yes,11
8561,1772418424,2026-03-01T18:27:04,89,11,yes,10
8562,1772418424,2026-03-01T18:27:04,89,11,yes,1
8563,1772418425,2026-03-01T18:27:05,88,12,no,6
8564,1772418425,2026-03-01T18:27:05,89,11,yes,2
8565,1772418428,2026-03-01T18:27:08,89,11,yes,19
8566,1772418428,2026-03-01T18:27:08,88,12,no,384
8567,1772418428,2026-03-01T18:27:08,89,11,yes,4
8568,1772418428,2026-03-01T18:27:08,89,11,yes,55
8569,1772418433,2026-03-01T18:27:13,89,11,yes,109
8570,1772418434,2026-03-01T18:27:14,89,11,yes,1
8571,1772418434,2026-03-01T18:27:14,89,11,yes,200
8572,1772418435,2026-03-01T18:27:15,89,11,yes,1
8573,1772418441,2026-03-01T18:27:21,89,11,yes,3
8574,1772418442,2026-03-01T18:27:22,89,11,yes,44
8575,1772418442,2026-03-01T18:27:22,89,11,yes,166
8576,1772418444,2026-03-01T18:27:24,89,11,yes,1
8577,1772418444,2026-03-01T18:27:24,89,11,yes,633
8578,1772418445,2026-03-01T18:27:25,89,11,yes,196
8579,1772418445,2026-03-01T18:27:25,89,11,yes,7
8580,1772418446,2026-03-01T18:27:26,89,11,yes,1672
8581,1772418448,2026-03-01T18:27:28,89,11,yes,160
8582,1772418449,2026-03-01T18:27:29,89,11,yes,2
8583,1772418450,2026-03-01T18:27:30,89,11,yes,4
8584,1772418451,2026-03-01T18:27:31,89,11,yes,1
8585,1772418452,2026-03-01T18:27:32,89,11,yes,1
8586,1772418453,2026-03-01T18:27:33,89,11,yes,1
8587,1772418455,2026-03-01T18:27:35,89,11,yes,55
8588,1772418455,2026-03-01T18:27:35,89,11,yes,1
8589,1772418456,2026-03-01T18:27:36,89,11,yes,55
8590,1772418459,2026-03-01T18:27:39,89,11,yes,4
8591,1772418460,2026-03-01T18:27:40,89,11,yes,10
8592,1772418461,2026-03-01T18:27:41,89,11,yes,27
8593,1772418461,2026-03-01T18:27:41,89,11,yes,1
8594,1772418462,2026-03-01T18:27:42,89,11,yes,3190
8595,1772418464,2026-03-01T18:27:44,89,11,yes,526
8596,1772418464,2026-03-01T18:27:44,89,11,yes,6
8597,1772418465,2026-03-01T18:27:45,89,11,yes,2
8598,1772418465,2026-03-01T18:27:45,89,11,yes,494
8599,1772418466,2026-03-01T18:27:46,89,11,yes,4
8600,1772418466,2026-03-01T18:27:46,89,11,yes,111
8601,1772418469,2026-03-01T18:27:49,89,11,yes,1
8602,1772418470,2026-03-01T18:27:50,89,11,yes,1
8603,1772418472,2026-03-01T18:27:52,89,11,yes,162
8604,1772418473,2026-03-01T18:27:53,89,11,yes,2
8605,1772418473,2026-03-01T18:27:53,89,11,yes,150
8606,1772418473,2026-03-01T18:27:53,89,11,yes,5
8607,1772418473,2026-03-01T18:27:53,89,11,yes,22
8608,1772418474,2026-03-01T18:27:54,89,11,yes,219
8609,1772418474,2026-03-01T18:27:54,89,11,yes,20
8610,1772418475,2026-03-01T18:27:55,89,11,yes,10
8611,1772418479,2026-03-01T18:27:59,89,11,yes,1115
8612,1772418479,2026-03-01T18:27:59,89,11,yes,5
8613,1772418481,2026-03-01T18:28:01,89,11,yes,140
8614,1772418481,2026-03-01T18:28:01,89,11,yes,194
8615,1772418481,2026-03-01T18:28:01,88,12,no,117
8616,1772418482,2026-03-01T18:28:02,89,11,yes,1098
8617,1772418484,2026-03-01T18:28:04,89,11,yes,3
8618,1772418486,2026-03-01T18:28:06,89,11,yes,12
8619,1772418486,2026-03-01T18:28:06,89,11,yes,10
8620,1772418490,2026-03-01T18:28:10,89,11,yes,100
8621,1772418490,2026-03-01T18:28:10,89,11,yes,11
8622,1772418490,2026-03-01T18:28:10,89,11,yes,15
8623,1772418490,2026-03-01T18:28:10,89,11,yes,3
8624,1772418491,2026-03-01T18:28:11,89,11,yes,12314
8625,1772418491,2026-03-01T18:28:11,89,11,yes,22
8626,1772418492,2026-03-01T18:28:12,89,11,yes,1
8627,1772418493,2026-03-01T18:28:13,89,11,yes,27
8628,1772418496,2026-03-01T18:28:16,89,11,yes,1
8629,1772418496,2026-03-01T18:28:16,89,11,yes,100
8630,1772418500,2026-03-01T18:28:20,89,11,yes,2
8631,1772418501,2026-03-01T18:28:21,89,11,yes,10
8632,1772418501,2026-03-01T18:28:21,89,11,yes,10
8633,1772418502,2026-03-01T18:28:22,89,11,yes,10
8634,1772418506,2026-03-01T18:28:26,88,12,no,23
8635,1772418507,2026-03-01T18:28:27,89,11,yes,3
8636,1772418507,2026-03-01T18:28:27,89,11,yes,1
8637,1772418507,2026-03-01T18:28:27,89,11,yes,194
8638,1772418507,2026-03-01T18:28:27,89,11,yes,549
8639,1772418507,2026-03-01T18:28:27,89,11,yes,1
8640,1772418510,2026-03-01T18:28:30,89,11,yes,5
8641,1772418510,2026-03-01T18:28:30,89,11,yes,1000
8642,1772418513,2026-03-01T18:28:33,89,11,yes,27
8643,1772418513,2026-03-01T18:28:33,89,11,yes,5
8644,1772418515,2026-03-01T18:28:35,89,11,yes,773
8645,1772418515,2026-03-01T18:28:35,89,11,yes,108
8646,1772418516,2026-03-01T18:28:36,89,11,yes,1
8647,1772418517,2026-03-01T18:28:37,89,11,yes,12
8648,1772418517,2026-03-01T18:28:37,88,12,no,27
8649,1772418517,2026-03-01T18:28:37,89,11,yes,1
8650,1772418517,2026-03-01T18:28:37,89,11,yes,1115
8651,1772418519,2026-03-01T18:28:39,89,11,yes,6
8652,1772418519,2026-03-01T18:28:39,89,11,yes,11
8653,1772418520,2026-03-01T18:28:40,88,12,no,56
8654,1772418520,2026-03-01T18:28:40,89,11,yes,3
8655,1772418522,2026-03-01T18:28:42,89,11,yes,111
8656,1772418522,2026-03-01T18:28:42,89,11,yes,39
8657,1772418523,2026-03-01T18:28:43,89,11,yes,167
8658,1772418523,2026-03-01T18:28:43,89,11,yes,2
8659,1772418524,2026-03-01T18:28:44,89,11,yes,223
8660,1772418525,2026-03-01T18:28:45,89,11,yes,1
8661,1772418525,2026-03-01T18:28:45,89,11,yes,2
8662,1772418527,2026-03-01T18:28:47,89,11,yes,186
8663,1772418529,2026-03-01T18:28:49,89,11,yes,446
8664,1772418529,2026-03-01T18:28:49,89,11,yes,1
8665,1772418530,2026-03-01T18:28:50,89,11,yes,10
8666,1772418530,2026-03-01T18:28:50,89,11,yes,11
8667,1772418530,2026-03-01T18:28:50,89,11,yes,44
8668,1772418530,2026-03-01T18:28:50,89,11,yes,1000
8669,1772418531,2026-03-01T18:28:51,89,11,yes,557
8670,1772418533,2026-03-01T18:28:53,89,11,yes,183
8671,1772418533,2026-03-01T18:28:53,89,11,yes,18
8672,1772418533,2026-03-01T18:28:53,89,11,yes,10
8673,1772418534,2026-03-01T18:28:54,89,11,yes,2
8674,1772418534,2026-03-01T18:28:54,89,11,yes,2
8675,1772418534,2026-03-01T18:28:54,89,11,yes,30
8676,1772418535,2026-03-01T18:28:55,89,11,yes,5
8677,1772418536,2026-03-01T18:28:56,89,11,yes,178
8678,1772418537,2026-03-01T18:28:57,89,11,yes,24
8679,1772418537,2026-03-01T18:28:57,89,11,yes,1
8680,1772418538,2026-03-01T18:28:58,89,11,yes,22
8681,1772418539,2026-03-01T18:28:59,89,11,yes,1
8682,1772418540,2026-03-01T18:29:00,89,11,yes,28
8683,1772418540,2026-03-01T18:29:00,88,12,no,3
8684,1772418540,2026-03-01T18:29:00,89,11,yes,76
8685,1772418540,2026-03-01T18:29:00,89,11,yes,780
8686,1772418542,2026-03-01T18:29:02,89,11,yes,43
8687,1772418542,2026-03-01T18:29:02,89,11,yes,1
8688,1772418545,2026-03-01T18:29:05,88,12,no,59
8689,1772418545,2026-03-01T18:29:05,89,11,yes,600
8690,1772418546,2026-03-01T18:29:06,89,11,yes,5
8691,1772418547,2026-03-01T18:29:07,89,11,yes,66
8692,1772418547,2026-03-01T18:29:07,89,11,yes,10
8693,1772418548,2026-03-01T18:29:08,89,11,yes,50
8694,1772418550,2026-03-01T18:29:10,88,12,no,34
8695,1772418550,2026-03-01T18:29:10,89,11,yes,10
8696,1772418551,2026-03-01T18:29:11,88,12,no,12
8697,1772418551,2026-03-01T18:29:11,88,12,no,110
8698,1772418552,2026-03-01T18:29:12,89,11,yes,163
8699,1772418553,2026-03-01T18:29:13,89,11,yes,39
8700,1772418553,2026-03-01T18:29:13,89,11,yes,1
8701,1772418553,2026-03-01T18:29:13,89,11,yes,55
8702,1772418554,2026-03-01T18:29:14,89,11,yes,10
8703,1772418554,2026-03-01T18:29:14,89,11,yes,20
8704,1772418554,2026-03-01T18:29:14,89,11,yes,27
8705,1772418554,2026-03-01T18:29:14,89,11,yes,18
8706,1772418555,2026-03-01T18:29:15,89,11,yes,13
8707,1772418556,2026-03-01T18:29:16,89,11,yes,10
8708,1772418558,2026-03-01T18:29:18,88,12,no,1
8709,1772418560,2026-03-01T18:29:20,89,11,yes,10
8710,1772418561,2026-03-01T18:29:21,89,11,yes,20
8711,1772418561,2026-03-01T18:29:21,89,11,yes,20
8712,1772418562,2026-03-01T18:29:22,88,12,no,15
8713,1772418562,2026-03-01T18:29:22,88,12,no,36
8714,1772418564,2026-03-01T18:29:24,89,11,yes,463
8715,1772418565,2026-03-01T18:29:25,89,11,yes,177
8716,1772418568,2026-03-01T18:29:28,89,11,yes,55
8717,1772418568,2026-03-01T18:29:28,89,11,yes,1
8718,1772418569,2026-03-01T18:29:29,89,11,yes,4
8719,1772418570,2026-03-01T18:29:30,89,11,yes,3
8720,1772418572,2026-03-01T18:29:32,89,11,yes,11
8721,1772418577,2026-03-01T18:29:37,89,11,yes,5
8722,1772418580,2026-03-01T18:29:40,89,11,yes,4
8723,1772418582,2026-03-01T18:29:42,89,11,yes,3
8724,1772418582,2026-03-01T18:29:42,88,12,no,7
8725,1772418582,2026-03-01T18:29:42,88,12,no,18
8726,1772418583,2026-03-01T18:29:43,89,11,yes,40
8727,1772418585,2026-03-01T18:29:45,89,11,yes,5
8728,1772418585,2026-03-01T18:29:45,89,11,yes,8
8729,1772418585,2026-03-01T18:29:45,89,11,yes,1562
8730,1772418587,2026-03-01T18:29:47,89,11,yes,22
8731,1772418587,2026-03-01T18:29:47,89,11,yes,2
8732,1772418588,2026-03-01T18:29:48,89,11,yes,1
8733,1772418589,2026-03-01T18:29:49,89,11,yes,2230
8734,1772418589,2026-03-01T18:29:49,89,11,yes,2
8735,1772418595,2026-03-01T18:29:55,89,11,yes,2
8736,1772418597,2026-03-01T18:29:57,89,11,yes,20
8737,1772418597,2026-03-01T18:29:57,89,11,yes,20
8738,1772418598,2026-03-01T18:29:58,89,11,yes,2
8739,1772418598,2026-03-01T18:29:58,89,11,yes,6
8740,1772418601,2026-03-01T18:30:01,89,11,yes,223
8741,1772418601,2026-03-01T18:30:01,89,11,yes,24
8742,1772418604,2026-03-01T18:30:04,89,11,yes,2
8743,1772418607,2026-03-01T18:30:07,88,12,no,157
8744,1772418607,2026-03-01T18:30:07,88,12,no,443
8745,1772418607,2026-03-01T18:30:07,89,11,yes,619
8746,1772418609,2026-03-01T18:30:09,89,11,yes,340
8747,1772418612,2026-03-01T18:30:12,88,12,no,27
8748,1772418612,2026-03-01T18:30:12,89,11,yes,5
8749,1772418613,2026-03-01T18:30:13,88,12,no,29
8750,1772418613,2026-03-01T18:30:13,89,11,yes,11
8751,1772418615,2026-03-01T18:30:15,89,11,yes,174
8752,1772418615,2026-03-01T18:30:15,89,11,yes,5
8753,1772418616,2026-03-01T18:30:16,89,11,yes,37
8754,1772418619,2026-03-01T18:30:19,89,11,yes,194
8755,1772418625,2026-03-01T18:30:25,89,11,yes,10
8756,1772418625,2026-03-01T18:30:25,89,11,yes,6
8757,1772418626,2026-03-01T18:30:26,89,11,yes,22
8758,1772418628,2026-03-01T18:30:28,88,12,no,101
8759,1772418628,2026-03-01T18:30:28,88,12,no,25
8760,1772418628,2026-03-01T18:30:28,88,12,no,161
8761,1772418631,2026-03-01T18:30:31,89,11,yes,54
8762,1772418632,2026-03-01T18:30:32,89,11,yes,73
8763,1772418632,2026-03-01T18:30:32,89,11,yes,415
8764,1772418633,2026-03-01T18:30:33,89,11,yes,111
8765,1772418634,2026-03-01T18:30:34,89,11,yes,10
8766,1772418635,2026-03-01T18:30:35,89,11,yes,247
8767,1772418635,2026-03-01T18:30:35,89,11,yes,94
8768,1772418636,2026-03-01T18:30:36,88,12,no,223
8769,1772418636,2026-03-01T18:30:36,89,11,yes,112
8770,1772418636,2026-03-01T18:30:36,88,12,no,4
8771,1772418637,2026-03-01T18:30:37,89,11,yes,20
8772,1772418637,2026-03-01T18:30:37,89,11,yes,20
8773,1772418638,2026-03-01T18:30:38,88,12,no,69
8774,1772418646,2026-03-01T18:30:46,89,11,yes,10
8775,1772418646,2026-03-01T18:30:46,88,12,no,143
8776,1772418647,2026-03-01T18:30:47,89,11,yes,20
8777,1772418647,2026-03-01T18:30:47,88,12,no,22
8778,1772418650,2026-03-01T18:30:50,89,11,yes,100
8779,1772418651,2026-03-01T18:30:51,89,11,yes,27
8780,1772418653,2026-03-01T18:30:53,89,11,yes,5
8781,1772418653,2026-03-01T18:30:53,89,11,yes,22238
8782,1772418654,2026-03-01T18:30:54,88,12,no,16
8783,1772418656,2026-03-01T18:30:56,88,12,no,41
8784,1772418656,2026-03-01T18:30:56,89,11,yes,1
8785,1772418656,2026-03-01T18:30:56,89,11,yes,73
8786,1772418657,2026-03-01T18:30:57,88,12,no,3
8787,1772418657,2026-03-01T18:30:57,88,12,no,1
8788,1772418657,2026-03-01T18:30:57,89,11,yes,111
8789,1772418657,2026-03-01T18:30:57,89,11,yes,33
8790,1772418657,2026-03-01T18:30:57,89,11,yes,16
8791,1772418659,2026-03-01T18:30:59,89,11,yes,50000
8792,1772418659,2026-03-01T18:30:59,89,11,yes,750
8793,1772418659,2026-03-01T18:30:59,89,11,yes,2969
8794,1772418660,2026-03-01T18:31:00,89,11,yes,17
8795,1772418660,2026-03-01T18:31:00,89,11,yes,11233
8796,1772418660,2026-03-01T18:31:00,89,11,yes,11233
8797,1772418660,2026-03-01T18:31:00,89,11,yes,2190
8798,1772418660,2026-03-01T18:31:00,89,11,yes,11233
8799,1772418660,2026-03-01T18:31:00,89,11,yes,10120
8800,1772418660,2026-03-01T18:31:00,89,11,yes,11233
8801,1772418660,2026-03-01T18:31:00,89,11,yes,5000
8802,1772418660,2026-03-01T18:31:00,89,11,yes,1870
8803,1772418661,2026-03-01T18:31:01,89,11,yes,11233
8804,1772418661,2026-03-01T18:31:01,89,11,yes,11233
8805,1772418661,2026-03-01T18:31:01,89,11,yes,11233
8806,1772418661,2026-03-01T18:31:01,89,11,yes,53
8807,1772418661,2026-03-01T18:31:01,89,11,yes,1095
8808,1772418661,2026-03-01T18:31:01,89,11,yes,836
8809,1772418662,2026-03-01T18:31:02,89,11,yes,1053
8810,1772418662,2026-03-01T18:31:02,89,11,yes,10
8811,1772418663,2026-03-01T18:31:03,89,11,yes,1
8812,1772418663,2026-03-01T18:31:03,89,11,yes,14
8813,1772418663,2026-03-01T18:31:03,89,11,yes,2
8814,1772418663,2026-03-01T18:31:03,89,11,yes,100
8815,1772418663,2026-03-01T18:31:03,90,10,yes,102
8816,1772418665,2026-03-01T18:31:05,90,10,yes,100
8817,1772418666,2026-03-01T18:31:06,90,10,yes,1302
8818,1772418667,2026-03-01T18:31:07,90,10,yes,17
8819,1772418667,2026-03-01T18:31:07,90,10,yes,302
8820,1772418669,2026-03-01T18:31:09,90,10,yes,44
8821,1772418669,2026-03-01T18:31:09,90,10,yes,5
8822,1772418669,2026-03-01T18:31:09,90,10,yes,132
8823,1772418669,2026-03-01T18:31:09,90,10,yes,1086
8824,1772418669,2026-03-01T18:31:09,90,10,yes,20
8825,1772418669,2026-03-01T18:31:09,90,10,yes,1
8826,1772418670,2026-03-01T18:31:10,90,10,yes,1
8827,1772418671,2026-03-01T18:31:11,90,10,yes,67
8828,1772418671,2026-03-01T18:31:11,90,10,yes,98
8829,1772418673,2026-03-01T18:31:13,90,10,yes,2
8830,1772418673,2026-03-01T18:31:13,90,10,yes,1
8831,1772418673,2026-03-01T18:31:13,90,10,yes,3
8832,1772418673,2026-03-01T18:31:13,91,9,yes,12
8833,1772418673,2026-03-01T18:31:13,91,9,yes,5
8834,1772418673,2026-03-01T18:31:13,91,9,yes,7
8835,1772418673,2026-03-01T18:31:13,91,9,yes,19
8836,1772418673,2026-03-01T18:31:13,91,9,yes,1
8837,1772418673,2026-03-01T18:31:13,90,10,no,37
8838,1772418674,2026-03-01T18:31:14,91,9,yes,51
8839,1772418674,2026-03-01T18:31:14,91,9,yes,41
8840,1772418676,2026-03-01T18:31:16,91,9,yes,31
8841,1772418676,2026-03-01T18:31:16,91,9,yes,374
8842,1772418677,2026-03-01T18:31:17,91,9,yes,75
8843,1772418678,2026-03-01T18:31:18,91,9,yes,5
8844,1772418678,2026-03-01T18:31:18,90,10,no,188
8845,1772418678,2026-03-01T18:31:18,91,9,yes,153
8846,1772418678,2026-03-01T18:31:18,91,9,yes,5
8847,1772418678,2026-03-01T18:31:18,91,9,yes,500
8848,1772418678,2026-03-01T18:31:18,91,9,yes,6438
8849,1772418679,2026-03-01T18:31:19,91,9,yes,8
8850,1772418681,2026-03-01T18:31:21,91,9,yes,2
8851,1772418682,2026-03-01T18:31:22,91,9,yes,11
8852,1772418682,2026-03-01T18:31:22,91,9,yes,3709
8853,1772418682,2026-03-01T18:31:22,91,9,yes,3720
8854,1772418683,2026-03-01T18:31:23,91,9,no,296
8855,1772418683,2026-03-01T18:31:23,92,8,yes,13
8856,1772418683,2026-03-01T18:31:23,92,8,yes,10
8857,1772418683,2026-03-01T18:31:23,92,8,yes,24
8858,1772418683,2026-03-01T18:31:23,92,8,yes,3
8859,1772418685,2026-03-01T18:31:25,93,7,yes,15
8860,1772418685,2026-03-01T18:31:25,93,7,yes,6
8861,1772418685,2026-03-01T18:31:25,93,7,yes,5
8862,1772418685,2026-03-01T18:31:25,93,7,yes,3
8863,1772418685,2026-03-01T18:31:25,93,7,yes,2
8864,1772418686,2026-03-01T18:31:26,93,7,yes,23
8865,1772418686,2026-03-01T18:31:26,93,7,yes,150
8866,1772418686,2026-03-01T18:31:26,93,7,yes,55
8867,1772418688,2026-03-01T18:31:28,92,8,no,8
8868,1772418691,2026-03-01T18:31:31,94,6,yes,7
8869,1772418691,2026-03-01T18:31:31,94,6,yes,11
8870,1772418691,2026-03-01T18:31:31,94,6,yes,10
8871,1772418691,2026-03-01T18:31:31,94,6,yes,131
8872,1772418691,2026-03-01T18:31:31,94,6,yes,52
8873,1772418692,2026-03-01T18:31:32,93,7,yes,1322
8874,1772418692,2026-03-01T18:31:32,93,7,yes,520
8875,1772418692,2026-03-01T18:31:32,92,8,no,3
8876,1772418694,2026-03-01T18:31:34,94,6,yes,125
8877,1772418694,2026-03-01T18:31:34,94,6,yes,1125
8878,1772418696,2026-03-01T18:31:36,94,6,yes,21
8879,1772418698,2026-03-01T18:31:38,94,6,yes,785
8880,1772418699,2026-03-01T18:31:39,94,6,yes,125
8881,1772418699,2026-03-01T18:31:39,94,6,yes,685
8882,1772418699,2026-03-01T18:31:39,94,6,yes,74
8883,1772418700,2026-03-01T18:31:40,94,6,yes,46
8884,1772418700,2026-03-01T18:31:40,94,6,yes,520
8885,1772418701,2026-03-01T18:31:41,92,8,no,17
8886,1772418701,2026-03-01T18:31:41,92,8,no,2
8887,1772418701,2026-03-01T18:31:41,92,8,no,100
8888,1772418701,2026-03-01T18:31:41,92,8,no,55
8889,1772418701,2026-03-01T18:31:41,92,8,no,1095
8890,1772418701,2026-03-01T18:31:41,92,8,no,1049
8891,1772418701,2026-03-01T18:31:41,94,6,yes,16
8892,1772418703,2026-03-01T18:31:43,94,6,yes,35
8893,1772418703,2026-03-01T18:31:43,93,7,no,8
8894,1772418703,2026-03-01T18:31:43,94,6,yes,8
8895,1772418703,2026-03-01T18:31:43,94,6,yes,28
8896,1772418704,2026-03-01T18:31:44,94,6,yes,107
8897,1772418708,2026-03-01T18:31:48,94,6,yes,9
8898,1772418709,2026-03-01T18:31:49,95,5,yes,2
8899,1772418710,2026-03-01T18:31:50,94,6,no,20
8900,1772418710,2026-03-01T18:31:50,95,5,yes,116
8901,1772418713,2026-03-01T18:31:53,95,5,yes,20
8902,1772418713,2026-03-01T18:31:53,95,5,yes,8
8903,1772418714,2026-03-01T18:31:54,94,6,no,24
8904,1772418715,2026-03-01T18:31:55,94,6,no,36
8905,1772418715,2026-03-01T18:31:55,94,6,yes,163
8906,1772418715,2026-03-01T18:31:55,95,5,yes,354
8907,1772418715,2026-03-01T18:31:55,95,5,yes,10
8908,1772418715,2026-03-01T18:31:55,95,5,yes,14
8909,1772418715,2026-03-01T18:31:55,95,5,yes,1
8910,1772418715,2026-03-01T18:31:55,95,5,yes,76
8911,1772418715,2026-03-01T18:31:55,95,5,yes,4
8912,1772418715,2026-03-01T18:31:55,95,5,yes,1
8913,1772418715,2026-03-01T18:31:55,95,5,yes,300
8914,1772418715,2026-03-01T18:31:55,95,5,yes,61
8915,1772418715,2026-03-01T18:31:55,95,5,yes,150
8916,1772418715,2026-03-01T18:31:55,95,5,yes,117
8917,1772418715,2026-03-01T18:31:55,95,5,yes,119
8918,1772418715,2026-03-01T18:31:55,95,5,yes,92
8919,1772418715,2026-03-01T18:31:55,95,5,yes,81
8920,1772418716,2026-03-01T18:31:56,93,7,no,5
8921,1772418716,2026-03-01T18:31:56,93,7,no,13
8922,1772418716,2026-03-01T18:31:56,94,6,yes,1000
8923,1772418716,2026-03-01T18:31:56,95,5,yes,7327
8924,1772418716,2026-03-01T18:31:56,95,5,yes,901
8925,1772418716,2026-03-01T18:31:56,95,5,yes,1000
8926,1772418716,2026-03-01T18:31:56,95,5,yes,15
8927,1772418716,2026-03-01T18:31:56,95,5,yes,66
8928,1772418717,2026-03-01T18:31:57,95,5,yes,5
8929,1772418717,2026-03-01T18:31:57,94,6,yes,2
8930,1772418718,2026-03-01T18:31:58,94,6,yes,21
8931,1772418719,2026-03-01T18:31:59,94,6,yes,2538
8932,1772418719,2026-03-01T18:31:59,94,6,yes,1000
8933,1772418719,2026-03-01T18:31:59,94,6,yes,2561
8934,1772418719,2026-03-01T18:31:59,94,6,yes,236
8935,1772418721,2026-03-01T18:32:01,93,7,no,198
8936,1772418723,2026-03-01T18:32:03,94,6,yes,591
8937,1772418723,2026-03-01T18:32:03,94,6,yes,7
8938,1772418724,2026-03-01T18:32:04,94,6,yes,472
8939,1772418724,2026-03-01T18:32:04,94,6,yes,1041
8940,1772418725,2026-03-01T18:32:05,94,6,yes,300
8941,1772418727,2026-03-01T18:32:07,94,6,yes,5
8942,1772418728,2026-03-01T18:32:08,94,6,yes,70
8943,1772418728,2026-03-01T18:32:08,92,8,no,100
8944,1772418728,2026-03-01T18:32:08,92,8,no,3128
8945,1772418728,2026-03-01T18:32:08,92,8,no,922
8946,1772418728,2026-03-01T18:32:08,92,8,no,121
8947,1772418728,2026-03-01T18:32:08,94,6,yes,5014
8948,1772418728,2026-03-01T18:32:08,94,6,yes,282
8949,1772418729,2026-03-01T18:32:09,94,6,yes,9
8950,1772418730,2026-03-01T18:32:10,92,8,no,100
8951,1772418732,2026-03-01T18:32:12,93,7,yes,1038
8952,1772418732,2026-03-01T18:32:12,93,7,yes,709
8953,1772418733,2026-03-01T18:32:13,93,7,no,1
8954,1772418733,2026-03-01T18:32:13,93,7,no,189
8955,1772418733,2026-03-01T18:32:13,94,6,yes,5
8956,1772418733,2026-03-01T18:32:13,94,6,yes,2
8957,1772418734,2026-03-01T18:32:14,94,6,yes,143
8958,1772418734,2026-03-01T18:32:14,94,6,yes,26
8959,1772418734,2026-03-01T18:32:14,94,6,yes,872
8960,1772418735,2026-03-01T18:32:15,93,7,no,20
8961,1772418736,2026-03-01T18:32:16,94,6,yes,4
8962,1772418737,2026-03-01T18:32:17,94,6,no,23
8963,1772418737,2026-03-01T18:32:17,95,5,yes,356
8964,1772418738,2026-03-01T18:32:18,95,5,yes,144
8965,1772418738,2026-03-01T18:32:18,95,5,yes,380
8966,1772418738,2026-03-01T18:32:18,95,5,yes,3240
8967,1772418738,2026-03-01T18:32:18,95,5,yes,384
8968,1772418738,2026-03-01T18:32:18,95,5,yes,116
8969,1772418738,2026-03-01T18:32:18,95,5,yes,3168
8970,1772418740,2026-03-01T18:32:20,95,5,yes,2
8971,1772418742,2026-03-01T18:32:22,94,6,no,135
8972,1772418743,2026-03-01T18:32:23,95,5,yes,460
8973,1772418743,2026-03-01T18:32:23,95,5,yes,12500
8974,1772418743,2026-03-01T18:32:23,95,5,yes,3630
8975,1772418743,2026-03-01T18:32:23,95,5,yes,3630
8976,1772418743,2026-03-01T18:32:23,95,5,yes,3630
8977,1772418743,2026-03-01T18:32:23,95,5,yes,3630
8978,1772418743,2026-03-01T18:32:23,95,5,yes,120
8979,1772418743,2026-03-01T18:32:23,95,5,yes,116
8980,1772418743,2026-03-01T18:32:23,95,5,yes,100
8981,1772418743,2026-03-01T18:32:23,95,5,yes,3630
8982,1772418743,2026-03-01T18:32:23,95,5,yes,7500
8983,1772418743,2026-03-01T18:32:23,95,5,yes,3322
8984,1772418743,2026-03-01T18:32:23,95,5,yes,1
8985,1772418743,2026-03-01T18:32:23,95,5,yes,104
8986,1772418744,2026-03-01T18:32:24,95,5,yes,3
8987,1772418744,2026-03-01T18:32:24,94,6,no,22
8988,1772418746,2026-03-01T18:32:26,94,6,no,42
8989,1772418746,2026-03-01T18:32:26,94,6,no,2301
8990,1772418746,2026-03-01T18:32:26,94,6,no,699
8991,1772418748,2026-03-01T18:32:28,95,5,yes,1
8992,1772418749,2026-03-01T18:32:29,95,5,yes,24
8993,1772418751,2026-03-01T18:32:31,94,6,no,100
8994,1772418753,2026-03-01T18:32:33,95,5,yes,1
8995,1772418753,2026-03-01T18:32:33,95,5,yes,20
8996,1772418754,2026-03-01T18:32:34,95,5,yes,2
8997,1772418754,2026-03-01T18:32:34,95,5,yes,600
8998,1772418754,2026-03-01T18:32:34,94,6,no,100
8999,1772418754,2026-03-01T18:32:34,94,6,no,250
9000,1772418756,2026-03-01T18:32:36,95,5,yes,1030
9001,1772418758,2026-03-01T18:32:38,94,6,no,76
9002,1772418758,2026-03-01T18:32:38,95,5,yes,6
9003,1772418760,2026-03-01T18:32:40,95,5,yes,50
9004,1772418760,2026-03-01T18:32:40,94,6,no,7
9005,1772418760,2026-03-01T18:32:40,95,5,yes,64
9006,1772418760,2026-03-01T18:32:40,95,5,yes,116
9007,1772418760,2026-03-01T18:32:40,95,5,yes,679
9008,1772418761,2026-03-01T18:32:41,94,6,no,3
9009,1772418763,2026-03-01T18:32:43,94,6,no,200
9010,1772418764,2026-03-01T18:32:44,94,6,no,1958
9011,1772418764,2026-03-01T18:32:44,94,6,no,958
9012,1772418764,2026-03-01T18:32:44,94,6,no,25
9013,1772418764,2026-03-01T18:32:44,94,6,yes,654
9014,1772418768,2026-03-01T18:32:48,94,6,yes,1
9015,1772418769,2026-03-01T18:32:49,94,6,yes,2
9016,1772418770,2026-03-01T18:32:50,94,6,yes,1059
9017,1772418770,2026-03-01T18:32:50,94,6,yes,52
9018,1772418771,2026-03-01T18:32:51,93,7,no,29
9019,1772418772,2026-03-01T18:32:52,94,6,yes,90
9020,1772418772,2026-03-01T18:32:52,94,6,yes,105
9021,1772418773,2026-03-01T18:32:53,94,6,yes,105
9022,1772418773,2026-03-01T18:32:53,94,6,yes,47
9023,1772418775,2026-03-01T18:32:55,94,6,yes,4
9024,1772418775,2026-03-01T18:32:55,94,6,yes,1
9025,1772418775,2026-03-01T18:32:55,94,6,yes,105
9026,1772418775,2026-03-01T18:32:55,94,6,yes,5
9027,1772418776,2026-03-01T18:32:56,94,6,yes,20
9028,1772418777,2026-03-01T18:32:57,94,6,yes,382
9029,1772418777,2026-03-01T18:32:57,94,6,yes,876
9030,1772418779,2026-03-01T18:32:59,94,6,yes,1
9031,1772418779,2026-03-01T18:32:59,94,6,yes,312
9032,1772418781,2026-03-01T18:33:01,94,6,yes,19
9033,1772418782,2026-03-01T18:33:02,93,7,no,971
9034,1772418782,2026-03-01T18:33:02,93,7,no,47
9035,1772418783,2026-03-01T18:33:03,92,8,no,10
9036,1772418783,2026-03-01T18:33:03,92,8,no,55
9037,1772418783,2026-03-01T18:33:03,91,9,no,64
9038,1772418783,2026-03-01T18:33:03,93,7,yes,2381
9039,1772418783,2026-03-01T18:33:03,93,7,yes,2381
9040,1772418783,2026-03-01T18:33:03,93,7,yes,2381
9041,1772418783,2026-03-01T18:33:03,93,7,yes,2381
9042,1772418783,2026-03-01T18:33:03,93,7,yes,2381
9043,1772418783,2026-03-01T18:33:03,93,7,yes,595
9044,1772418783,2026-03-01T18:33:03,92,8,yes,1633
9045,1772418784,2026-03-01T18:33:04,92,8,no,62
9046,1772418785,2026-03-01T18:33:05,94,6,yes,5
9047,1772418786,2026-03-01T18:33:06,92,8,no,10
9048,1772418786,2026-03-01T18:33:06,94,6,yes,370
9049,1772418787,2026-03-01T18:33:07,94,6,yes,10593
9050,1772418790,2026-03-01T18:33:10,93,7,yes,106
9051,1772418791,2026-03-01T18:33:11,93,7,yes,44
9052,1772418791,2026-03-01T18:33:11,93,7,yes,2651
9053,1772418791,2026-03-01T18:33:11,93,7,yes,1
9054,1772418791,2026-03-01T18:33:11,93,7,yes,5
9055,1772418791,2026-03-01T18:33:11,92,8,no,25
9056,1772418791,2026-03-01T18:33:11,92,8,no,3584
9057,1772418791,2026-03-01T18:33:11,92,8,no,2500
9058,1772418791,2026-03-01T18:33:11,92,8,no,3605
9059,1772418791,2026-03-01T18:33:11,92,8,no,3605
9060,1772418792,2026-03-01T18:33:12,92,8,yes,5
9061,1772418793,2026-03-01T18:33:13,92,8,yes,1
9062,1772418793,2026-03-01T18:33:13,92,8,yes,540
9063,1772418793,2026-03-01T18:33:13,90,10,no,2
9064,1772418794,2026-03-01T18:33:14,92,8,yes,1461
9065,1772418794,2026-03-01T18:33:14,91,9,no,150
9066,1772418795,2026-03-01T18:33:15,91,9,yes,21
9067,1772418796,2026-03-01T18:33:16,91,9,yes,1397
9068,1772418796,2026-03-01T18:33:16,91,9,yes,25
9069,1772418797,2026-03-01T18:33:17,90,10,no,882
9070,1772418797,2026-03-01T18:33:17,90,10,no,150
9071,1772418797,2026-03-01T18:33:17,89,11,no,100
9072,1772418797,2026-03-01T18:33:17,89,11,no,150
9073,1772418797,2026-03-01T18:33:17,89,11,no,55
9074,1772418797,2026-03-01T18:33:17,89,11,no,150
9075,1772418798,2026-03-01T18:33:18,89,11,yes,27
9076,1772418798,2026-03-01T18:33:18,89,11,yes,1324
9077,1772418799,2026-03-01T18:33:19,89,11,yes,47
9078,1772418800,2026-03-01T18:33:20,89,11,yes,52
9079,1772418800,2026-03-01T18:33:20,89,11,yes,66
9080,1772418801,2026-03-01T18:33:21,89,11,yes,39
9081,1772418801,2026-03-01T18:33:21,89,11,yes,1079
9082,1772418801,2026-03-01T18:33:21,89,11,yes,100
9083,1772418803,2026-03-01T18:33:23,89,11,yes,5
9084,1772418803,2026-03-01T18:33:23,89,11,yes,169
9085,1772418803,2026-03-01T18:33:23,89,11,yes,242
9086,1772418803,2026-03-01T18:33:23,89,11,yes,558
9087,1772418804,2026-03-01T18:33:24,89,11,yes,93
9088,1772418804,2026-03-01T18:33:24,89,11,yes,175
9089,1772418804,2026-03-01T18:33:24,89,11,yes,11
9090,1772418805,2026-03-01T18:33:25,89,11,yes,187
9091,1772418805,2026-03-01T18:33:25,89,11,yes,7034
9092,1772418805,2026-03-01T18:33:25,89,11,yes,436
9093,1772418806,2026-03-01T18:33:26,89,11,yes,139
9094,1772418807,2026-03-01T18:33:27,89,11,yes,11
9095,1772418807,2026-03-01T18:33:27,90,10,yes,44
9096,1772418807,2026-03-01T18:33:27,89,11,yes,110
9097,1772418807,2026-03-01T18:33:27,89,11,yes,40
9098,1772418807,2026-03-01T18:33:27,90,10,yes,953
9099,1772418807,2026-03-01T18:33:27,90,10,yes,187
9100,1772418808,2026-03-01T18:33:28,90,10,yes,6
9101,1772418809,2026-03-01T18:33:29,90,10,yes,2
9102,1772418811,2026-03-01T18:33:31,90,10,yes,30
9103,1772418811,2026-03-01T18:33:31,90,10,yes,42
9104,1772418811,2026-03-01T18:33:31,90,10,yes,1
9105,1772418812,2026-03-01T18:33:32,90,10,yes,1
9106,1772418812,2026-03-01T18:33:32,90,10,yes,1
9107,1772418812,2026-03-01T18:33:32,90,10,yes,110
9108,1772418813,2026-03-01T18:33:33,90,10,yes,5
9109,1772418814,2026-03-01T18:33:34,90,10,yes,950
9110,1772418815,2026-03-01T18:33:35,89,11,no,23
9111,1772418816,2026-03-01T18:33:36,90,10,yes,200
9112,1772418816,2026-03-01T18:33:36,90,10,yes,130
9113,1772418816,2026-03-01T18:33:36,90,10,yes,164
9114,1772418816,2026-03-01T18:33:36,89,11,no,2
9115,1772418816,2026-03-01T18:33:36,90,10,yes,375
9116,1772418817,2026-03-01T18:33:37,90,10,yes,218
9117,1772418817,2026-03-01T18:33:37,90,10,yes,50
9118,1772418818,2026-03-01T18:33:38,90,10,yes,1320
9119,1772418819,2026-03-01T18:33:39,89,11,no,787
9120,1772418819,2026-03-01T18:33:39,89,11,no,5
9121,1772418820,2026-03-01T18:33:40,88,12,no,49
9122,1772418820,2026-03-01T18:33:40,88,12,no,138
9123,1772418820,2026-03-01T18:33:40,89,11,yes,1
9124,1772418821,2026-03-01T18:33:41,89,11,yes,22
9125,1772418822,2026-03-01T18:33:42,89,11,yes,1
9126,1772418822,2026-03-01T18:33:42,89,11,yes,60
9127,1772418823,2026-03-01T18:33:43,89,11,yes,50
9128,1772418823,2026-03-01T18:33:43,88,12,no,155
9129,1772418825,2026-03-01T18:33:45,89,11,yes,1
9130,1772418825,2026-03-01T18:33:45,89,11,yes,4
9131,1772418826,2026-03-01T18:33:46,89,11,yes,82
9132,1772418827,2026-03-01T18:33:47,89,11,yes,1418
9133,1772418827,2026-03-01T18:33:47,89,11,yes,1
9134,1772418828,2026-03-01T18:33:48,88,12,no,57
9135,1772418828,2026-03-01T18:33:48,89,11,yes,19
9136,1772418828,2026-03-01T18:33:48,89,11,yes,10
9137,1772418829,2026-03-01T18:33:49,89,11,yes,825
9138,1772418829,2026-03-01T18:33:49,89,11,yes,43
9139,1772418829,2026-03-01T18:33:49,89,11,yes,1
9140,1772418830,2026-03-01T18:33:50,89,11,yes,1
9141,1772418831,2026-03-01T18:33:51,88,12,no,52
9142,1772418832,2026-03-01T18:33:52,89,11,yes,5
9143,1772418833,2026-03-01T18:33:53,89,11,yes,1
9144,1772418833,2026-03-01T18:33:53,89,11,yes,5
9145,1772418834,2026-03-01T18:33:54,89,11,yes,94
9146,1772418835,2026-03-01T18:33:55,89,11,yes,165
9147,1772418835,2026-03-01T18:33:55,89,11,yes,933
9148,1772418836,2026-03-01T18:33:56,89,11,yes,4175
9149,1772418836,2026-03-01T18:33:56,88,12,no,5575
9150,1772418836,2026-03-01T18:33:56,88,12,no,9
9151,1772418837,2026-03-01T18:33:57,89,11,yes,7
9152,1772418839,2026-03-01T18:33:59,89,11,yes,5
9153,1772418839,2026-03-01T18:33:59,89,11,yes,32
9154,1772418839,2026-03-01T18:33:59,89,11,yes,111
9155,1772418839,2026-03-01T18:33:59,89,11,yes,1
9156,1772418840,2026-03-01T18:34:00,89,11,yes,4
9157,1772418841,2026-03-01T18:34:01,88,12,no,700
9158,1772418843,2026-03-01T18:34:03,88,12,no,2
9159,1772418843,2026-03-01T18:34:03,89,11,yes,11
9160,1772418843,2026-03-01T18:34:03,89,11,yes,97
9161,1772418843,2026-03-01T18:34:03,89,11,yes,94
9162,1772418844,2026-03-01T18:34:04,88,12,no,198
9163,1772418844,2026-03-01T18:34:04,89,11,yes,11
9164,1772418845,2026-03-01T18:34:05,89,11,yes,49
9165,1772418845,2026-03-01T18:34:05,89,11,yes,8
9166,1772418845,2026-03-01T18:34:05,89,11,yes,10
9167,1772418846,2026-03-01T18:34:06,88,12,no,3114
9168,1772418846,2026-03-01T18:34:06,88,12,no,5
9169,1772418846,2026-03-01T18:34:06,88,12,no,1000
9170,1772418846,2026-03-01T18:34:06,88,12,no,3000
9171,1772418846,2026-03-01T18:34:06,88,12,no,100
9172,1772418846,2026-03-01T18:34:06,88,12,no,88
9173,1772418846,2026-03-01T18:34:06,88,12,no,68
9174,1772418846,2026-03-01T18:34:06,88,12,no,718
9175,1772418846,2026-03-01T18:34:06,88,12,no,250
9176,1772418846,2026-03-01T18:34:06,88,12,no,100
9177,1772418846,2026-03-01T18:34:06,88,12,no,100
9178,1772418846,2026-03-01T18:34:06,88,12,no,100
9179,1772418846,2026-03-01T18:34:06,87,13,no,10
9180,1772418846,2026-03-01T18:34:06,87,13,no,25
9181,1772418846,2026-03-01T18:34:06,87,13,no,100
9182,1772418846,2026-03-01T18:34:06,87,13,yes,84
9183,1772418846,2026-03-01T18:34:06,87,13,yes,25
9184,1772418846,2026-03-01T18:34:06,87,13,yes,16
9185,1772418847,2026-03-01T18:34:07,87,13,yes,1
9186,1772418848,2026-03-01T18:34:08,87,13,yes,5
9187,1772418849,2026-03-01T18:34:09,87,13,yes,7
9188,1772418850,2026-03-01T18:34:10,87,13,yes,10
9189,1772418850,2026-03-01T18:34:10,87,13,yes,280
9190,1772418850,2026-03-01T18:34:10,87,13,yes,2247
9191,1772418851,2026-03-01T18:34:11,87,13,yes,2
9192,1772418852,2026-03-01T18:34:12,87,13,yes,113
9193,1772418853,2026-03-01T18:34:13,86,14,no,13
9194,1772418854,2026-03-01T18:34:14,87,13,yes,112
9195,1772418855,2026-03-01T18:34:15,87,13,yes,369
9196,1772418857,2026-03-01T18:34:17,87,13,yes,3115
9197,1772418857,2026-03-01T18:34:17,87,13,yes,297
9198,1772418857,2026-03-01T18:34:17,87,13,yes,337
9199,1772418857,2026-03-01T18:34:17,87,13,yes,1
9200,1772418857,2026-03-01T18:34:17,87,13,yes,116
9201,1772418859,2026-03-01T18:34:19,87,13,yes,22
9202,1772418860,2026-03-01T18:34:20,87,13,yes,150
9203,1772418861,2026-03-01T18:34:21,87,13,yes,5
9204,1772418861,2026-03-01T18:34:21,87,13,yes,5
9205,1772418862,2026-03-01T18:34:22,86,14,no,87
9206,1772418862,2026-03-01T18:34:22,86,14,no,145
9207,1772418862,2026-03-01T18:34:22,87,13,yes,561
9208,1772418862,2026-03-01T18:34:22,87,13,yes,50
9209,1772418862,2026-03-01T18:34:22,87,13,yes,3
9210,1772418863,2026-03-01T18:34:23,87,13,yes,56
9211,1772418864,2026-03-01T18:34:24,87,13,yes,6194
9212,1772418864,2026-03-01T18:34:24,87,13,yes,11783
9213,1772418865,2026-03-01T18:34:25,87,13,yes,1
9214,1772418865,2026-03-01T18:34:25,87,13,yes,24
9215,1772418866,2026-03-01T18:34:26,87,13,yes,183
9216,1772418866,2026-03-01T18:34:26,87,13,yes,1600
9217,1772418867,2026-03-01T18:34:27,87,13,yes,17
9218,1772418867,2026-03-01T18:34:27,87,13,yes,22
9219,1772418867,2026-03-01T18:34:27,87,13,yes,85
9220,1772418867,2026-03-01T18:34:27,87,13,yes,42
9221,1772418870,2026-03-01T18:34:30,87,13,yes,2
9222,1772418870,2026-03-01T18:34:30,86,14,no,50
9223,1772418871,2026-03-01T18:34:31,87,13,yes,1000
9224,1772418873,2026-03-01T18:34:33,87,13,yes,2
9225,1772418874,2026-03-01T18:34:34,87,13,yes,21
9226,1772418874,2026-03-01T18:34:34,87,13,yes,170
9227,1772418874,2026-03-01T18:34:34,87,13,yes,5
9228,1772418876,2026-03-01T18:34:36,87,13,yes,121
9229,1772418877,2026-03-01T18:34:37,87,13,yes,6
9230,1772418877,2026-03-01T18:34:37,87,13,yes,341
9231,1772418877,2026-03-01T18:34:37,87,13,yes,73
9232,1772418877,2026-03-01T18:34:37,87,13,yes,20
9233,1772418878,2026-03-01T18:34:38,87,13,yes,56
9234,1772418881,2026-03-01T18:34:41,87,13,yes,1
9235,1772418881,2026-03-01T18:34:41,87,13,yes,22
9236,1772418881,2026-03-01T18:34:41,87,13,yes,113
9237,1772418882,2026-03-01T18:34:42,87,13,yes,22
9238,1772418882,2026-03-01T18:34:42,87,13,yes,269
9239,1772418883,2026-03-01T18:34:43,87,13,yes,19
9240,1772418883,2026-03-01T18:34:43,87,13,yes,5
9241,1772418884,2026-03-01T18:34:44,87,13,yes,56
9242,1772418885,2026-03-01T18:34:45,87,13,yes,7
9243,1772418885,2026-03-01T18:34:45,87,13,yes,50
9244,1772418885,2026-03-01T18:34:45,87,13,yes,10
9245,1772418885,2026-03-01T18:34:45,87,13,yes,113
9246,1772418888,2026-03-01T18:34:48,87,13,yes,1
9247,1772418889,2026-03-01T18:34:49,87,13,yes,2
9248,1772418890,2026-03-01T18:34:50,87,13,yes,210
9249,1772418890,2026-03-01T18:34:50,87,13,yes,1
9250,1772418892,2026-03-01T18:34:52,87,13,yes,85
9251,1772418893,2026-03-01T18:34:53,87,13,yes,11
9252,1772418894,2026-03-01T18:34:54,87,13,yes,449
9253,1772418895,2026-03-01T18:34:55,87,13,yes,1
9254,1772418895,2026-03-01T18:34:55,87,13,yes,7
9255,1772418895,2026-03-01T18:34:55,87,13,yes,224
9256,1772418895,2026-03-01T18:34:55,87,13,yes,5
9257,1772418896,2026-03-01T18:34:56,87,13,yes,911
9258,1772418896,2026-03-01T18:34:56,87,13,yes,46
9259,1772418896,2026-03-01T18:34:56,87,13,yes,1300
9260,1772418896,2026-03-01T18:34:56,87,13,yes,1123
9261,1772418896,2026-03-01T18:34:56,87,13,yes,10
9262,1772418897,2026-03-01T18:34:57,87,13,yes,280
9263,1772418897,2026-03-01T18:34:57,86,14,no,30
9264,1772418897,2026-03-01T18:34:57,86,14,no,42
9265,1772418897,2026-03-01T18:34:57,87,13,yes,568
9266,1772418898,2026-03-01T18:34:58,87,13,yes,625
9267,1772418898,2026-03-01T18:34:58,87,13,yes,561
9268,1772418899,2026-03-01T18:34:59,86,14,no,17
9269,1772418900,2026-03-01T18:35:00,87,13,yes,100
9270,1772418900,2026-03-01T18:35:00,87,13,yes,300
9271,1772418901,2026-03-01T18:35:01,87,13,yes,113
9272,1772418901,2026-03-01T18:35:01,87,13,yes,32
9273,1772418902,2026-03-01T18:35:02,87,13,yes,56
9274,1772418902,2026-03-01T18:35:02,86,14,no,36
9275,1772418903,2026-03-01T18:35:03,87,13,yes,2
9276,1772418904,2026-03-01T18:35:04,86,14,no,151
9277,1772418905,2026-03-01T18:35:05,87,13,yes,1
9278,1772418906,2026-03-01T18:35:06,87,13,yes,3
9279,1772418906,2026-03-01T18:35:06,87,13,yes,24
9280,1772418906,2026-03-01T18:35:06,87,13,yes,112
9281,1772418906,2026-03-01T18:35:06,87,13,yes,14
9282,1772418907,2026-03-01T18:35:07,87,13,yes,170
9283,1772418907,2026-03-01T18:35:07,87,13,yes,1
9284,1772418908,2026-03-01T18:35:08,86,14,no,392
9285,1772418908,2026-03-01T18:35:08,87,13,yes,2247
9286,1772418908,2026-03-01T18:35:08,87,13,yes,80
9287,1772418908,2026-03-01T18:35:08,87,13,yes,11
9288,1772418909,2026-03-01T18:35:09,87,13,yes,2
9289,1772418909,2026-03-01T18:35:09,87,13,yes,10
9290,1772418910,2026-03-01T18:35:10,87,13,yes,25
9291,1772418910,2026-03-01T18:35:10,87,13,yes,1410
9292,1772418910,2026-03-01T18:35:10,87,13,yes,1
9293,1772418911,2026-03-01T18:35:11,87,13,yes,26
9294,1772418911,2026-03-01T18:35:11,86,14,no,15062
9295,1772418911,2026-03-01T18:35:11,86,14,no,100
9296,1772418911,2026-03-01T18:35:11,86,14,no,10
9297,1772418911,2026-03-01T18:35:11,86,14,no,44
9298,1772418911,2026-03-01T18:35:11,86,14,no,250
9299,1772418911,2026-03-01T18:35:11,86,14,no,100
9300,1772418911,2026-03-01T18:35:11,86,14,no,10
9301,1772418911,2026-03-01T18:35:11,85,15,no,25
9302,1772418911,2026-03-01T18:35:11,85,15,no,15
9303,1772418911,2026-03-01T18:35:11,85,15,no,100
9304,1772418911,2026-03-01T18:35:11,85,15,no,57
9305,1772418911,2026-03-01T18:35:11,85,15,no,500
9306,1772418911,2026-03-01T18:35:11,85,15,no,25
9307,1772418912,2026-03-01T18:35:12,84,16,no,300
9308,1772418912,2026-03-01T18:35:12,84,16,no,500
9309,1772418912,2026-03-01T18:35:12,84,16,no,5
9310,1772418913,2026-03-01T18:35:13,84,16,yes,23
9311,1772418914,2026-03-01T18:35:14,84,16,yes,15
9312,1772418915,2026-03-01T18:35:15,85,15,yes,10
9313,1772418916,2026-03-01T18:35:16,85,15,yes,50
9314,1772418917,2026-03-01T18:35:17,85,15,yes,57
9315,1772418918,2026-03-01T18:35:18,85,15,yes,58
9316,1772418918,2026-03-01T18:35:18,85,15,yes,200
9317,1772418919,2026-03-01T18:35:19,86,14,yes,572
9318,1772418920,2026-03-01T18:35:20,86,14,yes,1
9319,1772418922,2026-03-01T18:35:22,87,13,yes,1
9320,1772418924,2026-03-01T18:35:24,87,13,yes,73
9321,1772418924,2026-03-01T18:35:24,87,13,yes,127
9322,1772418924,2026-03-01T18:35:24,87,13,yes,30
9323,1772418925,2026-03-01T18:35:25,87,13,yes,35
9324,1772418926,2026-03-01T18:35:26,87,13,yes,56
9325,1772418926,2026-03-01T18:35:26,87,13,yes,2
9326,1772418927,2026-03-01T18:35:27,87,13,yes,1123
9327,1772418927,2026-03-01T18:35:27,87,13,yes,1235
9328,1772418927,2026-03-01T18:35:27,87,13,yes,5
9329,1772418930,2026-03-01T18:35:30,87,13,yes,113
9330,1772418930,2026-03-01T18:35:30,87,13,yes,109
9331,1772418931,2026-03-01T18:35:31,87,13,yes,5
9332,1772418932,2026-03-01T18:35:32,85,15,no,30
9333,1772418933,2026-03-01T18:35:33,87,13,yes,904
9334,1772418936,2026-03-01T18:35:36,87,13,yes,10
9335,1772418937,2026-03-01T18:35:37,87,13,yes,2
9336,1772418937,2026-03-01T18:35:37,87,13,yes,342
9337,1772418937,2026-03-01T18:35:37,87,13,yes,755
9338,1772418937,2026-03-01T18:35:37,87,13,yes,384
9339,1772418938,2026-03-01T18:35:38,87,13,yes,1
9340,1772418940,2026-03-01T18:35:40,87,13,yes,56
9341,1772418943,2026-03-01T18:35:43,87,13,yes,280
9342,1772418945,2026-03-01T18:35:45,87,13,yes,21
9343,1772418947,2026-03-01T18:35:47,87,13,yes,10
9344,1772418948,2026-03-01T18:35:48,87,13,yes,2
9345,1772418948,2026-03-01T18:35:48,87,13,yes,899
9346,1772418949,2026-03-01T18:35:49,87,13,yes,111
9347,1772418953,2026-03-01T18:35:53,87,13,yes,10
9348,1772418956,2026-03-01T18:35:56,87,13,yes,21
9349,1772418956,2026-03-01T18:35:56,87,13,yes,91
9350,1772418956,2026-03-01T18:35:56,87,13,yes,25
9351,1772418956,2026-03-01T18:35:56,87,13,yes,3
9352,1772418957,2026-03-01T18:35:57,87,13,yes,44
9353,1772418958,2026-03-01T18:35:58,87,13,yes,10
9354,1772418959,2026-03-01T18:35:59,87,13,yes,10
9355,1772418960,2026-03-01T18:36:00,87,13,yes,80
9356,1772418960,2026-03-01T18:36:00,87,13,yes,1043
9357,1772418961,2026-03-01T18:36:01,87,13,yes,43
9358,1772418963,2026-03-01T18:36:03,87,13,yes,44
9359,1772418964,2026-03-01T18:36:04,86,14,no,57
9360,1772418964,2026-03-01T18:36:04,86,14,no,25
9361,1772418964,2026-03-01T18:36:04,85,15,no,100
9362,1772418966,2026-03-01T18:36:06,85,15,yes,10
9363,1772418966,2026-03-01T18:36:06,85,15,yes,20
9364,1772418967,2026-03-01T18:36:07,85,15,yes,293
9365,1772418968,2026-03-01T18:36:08,85,15,yes,50
9366,1772418968,2026-03-01T18:36:08,85,15,yes,1
9367,1772418969,2026-03-01T18:36:09,85,15,yes,976
9368,1772418969,2026-03-01T18:36:09,85,15,yes,1524
9369,1772418970,2026-03-01T18:36:10,85,15,yes,11
9370,1772418971,2026-03-01T18:36:11,85,15,yes,100
9371,1772418971,2026-03-01T18:36:11,85,15,yes,51
9372,1772418972,2026-03-01T18:36:12,85,15,yes,99
9373,1772418974,2026-03-01T18:36:14,86,14,yes,5
9374,1772418974,2026-03-01T18:36:14,86,14,yes,82
9375,1772418977,2026-03-01T18:36:17,87,13,yes,3
9376,1772418979,2026-03-01T18:36:19,87,13,yes,4
9377,1772418979,2026-03-01T18:36:19,87,13,yes,87
9378,1772418981,2026-03-01T18:36:21,88,12,yes,22
9379,1772418985,2026-03-01T18:36:25,88,12,yes,5
9380,1772418985,2026-03-01T18:36:25,88,12,yes,18
9381,1772418987,2026-03-01T18:36:27,87,13,no,23
9382,1772418987,2026-03-01T18:36:27,88,12,yes,56
9383,1772418989,2026-03-01T18:36:29,87,13,no,10
9384,1772418989,2026-03-01T18:36:29,88,12,yes,5
9385,1772418989,2026-03-01T18:36:29,87,13,no,138
9386,1772418991,2026-03-01T18:36:31,87,13,no,27
9387,1772418991,2026-03-01T18:36:31,88,12,yes,10
9388,1772418991,2026-03-01T18:36:31,88,12,yes,2210
9389,1772418991,2026-03-01T18:36:31,88,12,yes,277
9390,1772418992,2026-03-01T18:36:32,88,12,yes,659
9391,1772418994,2026-03-01T18:36:34,88,12,yes,50
9392,1772418994,2026-03-01T18:36:34,88,12,yes,5
9393,1772418995,2026-03-01T18:36:35,88,12,yes,1
9394,1772418997,2026-03-01T18:36:37,88,12,yes,64
9395,1772418997,2026-03-01T18:36:37,88,12,yes,274
9396,1772418997,2026-03-01T18:36:37,88,12,yes,65
9397,1772418998,2026-03-01T18:36:38,88,12,yes,4
9398,1772418998,2026-03-01T18:36:38,88,12,no,20
9399,1772418999,2026-03-01T18:36:39,89,11,yes,1
9400,1772419000,2026-03-01T18:36:40,89,11,yes,111
9401,1772419000,2026-03-01T18:36:40,89,11,yes,27
9402,1772419001,2026-03-01T18:36:41,89,11,yes,55
9403,1772419001,2026-03-01T18:36:41,89,11,yes,7
9404,1772419003,2026-03-01T18:36:43,89,11,yes,5
9405,1772419004,2026-03-01T18:36:44,89,11,yes,20
9406,1772419005,2026-03-01T18:36:45,89,11,yes,30
9407,1772419007,2026-03-01T18:36:47,89,11,yes,2
9408,1772419008,2026-03-01T18:36:48,89,11,yes,11
9409,1772419009,2026-03-01T18:36:49,89,11,yes,24
9410,1772419010,2026-03-01T18:36:50,89,11,yes,549
9411,1772419010,2026-03-01T18:36:50,89,11,yes,2
9412,1772419010,2026-03-01T18:36:50,89,11,yes,1
9413,1772419010,2026-03-01T18:36:50,89,11,yes,2
9414,1772419015,2026-03-01T18:36:55,89,11,yes,2355
9415,1772419015,2026-03-01T18:36:55,89,11,yes,100
9416,1772419015,2026-03-01T18:36:55,89,11,yes,4
9417,1772419015,2026-03-01T18:36:55,89,11,yes,55
9418,1772419017,2026-03-01T18:36:57,90,10,yes,9
9419,1772419018,2026-03-01T18:36:58,90,10,yes,1
9420,1772419018,2026-03-01T18:36:58,91,9,yes,12
9421,1772419020,2026-03-01T18:37:00,91,9,yes,96
9422,1772419021,2026-03-01T18:37:01,91,9,yes,8
9423,1772419021,2026-03-01T18:37:01,91,9,yes,18
9424,1772419022,2026-03-01T18:37:02,91,9,yes,2688
9425,1772419022,2026-03-01T18:37:02,89,11,no,50
9426,1772419022,2026-03-01T18:37:02,91,9,yes,322
9427,1772419023,2026-03-01T18:37:03,91,9,yes,5
9428,1772419026,2026-03-01T18:37:06,91,9,yes,43
9429,1772419027,2026-03-01T18:37:07,91,9,yes,1
9430,1772419028,2026-03-01T18:37:08,91,9,yes,25
9431,1772419030,2026-03-01T18:37:10,91,9,yes,1
9432,1772419033,2026-03-01T18:37:13,91,9,yes,200
9433,1772419034,2026-03-01T18:37:14,91,9,yes,14
9434,1772419035,2026-03-01T18:37:15,91,9,yes,1
9435,1772419035,2026-03-01T18:37:15,91,9,yes,108
9436,1772419036,2026-03-01T18:37:16,91,9,yes,31
9437,1772419036,2026-03-01T18:37:16,91,9,yes,78
9438,1772419036,2026-03-01T18:37:16,91,9,yes,1
9439,1772419036,2026-03-01T18:37:16,91,9,yes,10
9440,1772419038,2026-03-01T18:37:18,91,9,yes,28
9441,1772419038,2026-03-01T18:37:18,91,9,yes,93
9442,1772419038,2026-03-01T18:37:18,91,9,yes,107
9443,1772419039,2026-03-01T18:37:19,91,9,yes,1
9444,1772419040,2026-03-01T18:37:20,91,9,yes,11
9445,1772419040,2026-03-01T18:37:20,91,9,yes,489
9446,1772419041,2026-03-01T18:37:21,91,9,yes,2
9447,1772419042,2026-03-01T18:37:22,90,10,yes,217
9448,1772419044,2026-03-01T18:37:24,90,10,yes,130
9449,1772419045,2026-03-01T18:37:25,90,10,yes,220
9450,1772419047,2026-03-01T18:37:27,90,10,yes,9
9451,1772419048,2026-03-01T18:37:28,90,10,yes,4
9452,1772419048,2026-03-01T18:37:28,90,10,yes,12
9453,1772419050,2026-03-01T18:37:30,90,10,yes,407
9454,1772419050,2026-03-01T18:37:30,90,10,yes,1332
9455,1772419052,2026-03-01T18:37:32,91,9,yes,108
9456,1772419053,2026-03-01T18:37:33,91,9,yes,67
9457,1772419053,2026-03-01T18:37:33,91,9,yes,5
9458,1772419055,2026-03-01T18:37:35,89,11,no,22
9459,1772419056,2026-03-01T18:37:36,91,9,yes,414
9460,1772419056,2026-03-01T18:37:36,91,9,yes,5
9461,1772419057,2026-03-01T18:37:37,91,9,yes,489
9462,1772419058,2026-03-01T18:37:38,91,9,yes,25
9463,1772419059,2026-03-01T18:37:39,91,9,yes,10
9464,1772419059,2026-03-01T18:37:39,91,9,yes,327
9465,1772419060,2026-03-01T18:37:40,91,9,yes,25
9466,1772419061,2026-03-01T18:37:41,90,10,no,40
9467,1772419062,2026-03-01T18:37:42,89,11,no,375
9468,1772419062,2026-03-01T18:37:42,89,11,no,56
9469,1772419063,2026-03-01T18:37:43,89,11,no,6
9470,1772419063,2026-03-01T18:37:43,91,9,yes,19
9471,1772419063,2026-03-01T18:37:43,91,9,yes,80
9472,1772419064,2026-03-01T18:37:44,91,9,yes,2
9473,1772419064,2026-03-01T18:37:44,91,9,yes,1
9474,1772419065,2026-03-01T18:37:45,91,9,yes,225
9475,1772419067,2026-03-01T18:37:47,91,9,yes,5
9476,1772419068,2026-03-01T18:37:48,91,9,yes,27
9477,1772419068,2026-03-01T18:37:48,91,9,yes,98
9478,1772419069,2026-03-01T18:37:49,91,9,yes,2
9479,1772419071,2026-03-01T18:37:51,91,9,yes,40
9480,1772419071,2026-03-01T18:37:51,91,9,yes,21
9481,1772419073,2026-03-01T18:37:53,90,10,yes,5
9482,1772419075,2026-03-01T18:37:55,90,10,yes,100
9483,1772419076,2026-03-01T18:37:56,89,11,no,139
9484,1772419077,2026-03-01T18:37:57,89,11,no,324
9485,1772419077,2026-03-01T18:37:57,90,10,yes,2216
9486,1772419079,2026-03-01T18:37:59,90,10,yes,5
9487,1772419080,2026-03-01T18:38:00,90,10,yes,5
9488,1772419080,2026-03-01T18:38:00,90,10,yes,10
9489,1772419081,2026-03-01T18:38:01,90,10,yes,15
9490,1772419082,2026-03-01T18:38:02,90,10,yes,100
9491,1772419083,2026-03-01T18:38:03,90,10,yes,10
9492,1772419083,2026-03-01T18:38:03,90,10,yes,2
9493,1772419083,2026-03-01T18:38:03,90,10,yes,551
9494,1772419084,2026-03-01T18:38:04,90,10,yes,5
9495,1772419085,2026-03-01T18:38:05,90,10,yes,13
9496,1772419087,2026-03-01T18:38:07,90,10,yes,2
9497,1772419087,2026-03-01T18:38:07,90,10,yes,11
9498,1772419089,2026-03-01T18:38:09,90,10,yes,22
9499,1772419089,2026-03-01T18:38:09,90,10,yes,100
9500,1772419090,2026-03-01T18:38:10,89,11,no,2
9501,1772419090,2026-03-01T18:38:10,90,10,yes,1103
9502,1772419093,2026-03-01T18:38:13,90,10,yes,2
9503,1772419094,2026-03-01T18:38:14,90,10,yes,275
9504,1772419094,2026-03-01T18:38:14,90,10,yes,6
9505,1772419096,2026-03-01T18:38:16,90,10,yes,55
9506,1772419096,2026-03-01T18:38:16,90,10,yes,27
9507,1772419097,2026-03-01T18:38:17,90,10,yes,513
9508,1772419097,2026-03-01T18:38:17,90,10,yes,217
9509,1772419097,2026-03-01T18:38:17,89,11,no,100
9510,1772419098,2026-03-01T18:38:18,90,10,yes,1
9511,1772419099,2026-03-01T18:38:19,90,10,yes,15
9512,1772419099,2026-03-01T18:38:19,90,10,yes,110
9513,1772419100,2026-03-01T18:38:20,90,10,yes,5
9514,1772419103,2026-03-01T18:38:23,90,10,yes,11
9515,1772419105,2026-03-01T18:38:25,90,10,yes,1
9516,1772419106,2026-03-01T18:38:26,90,10,yes,64
9517,1772419106,2026-03-01T18:38:26,90,10,yes,50
9518,1772419107,2026-03-01T18:38:27,90,10,yes,1
9519,1772419108,2026-03-01T18:38:28,90,10,yes,1304
9520,1772419108,2026-03-01T18:38:28,90,10,yes,2
9521,1772419108,2026-03-01T18:38:28,90,10,yes,1
9522,1772419109,2026-03-01T18:38:29,90,10,yes,2
9523,1772419110,2026-03-01T18:38:30,90,10,yes,275
9524,1772419111,2026-03-01T18:38:31,90,10,yes,1
9525,1772419111,2026-03-01T18:38:31,90,10,yes,55
9526,1772419113,2026-03-01T18:38:33,90,10,yes,143
9527,1772419113,2026-03-01T18:38:33,90,10,yes,55
9528,1772419115,2026-03-01T18:38:35,90,10,yes,11
9529,1772419115,2026-03-01T18:38:35,90,10,yes,97
9530,1772419117,2026-03-01T18:38:37,90,10,yes,31
9531,1772419117,2026-03-01T18:38:37,90,10,yes,355
9532,1772419117,2026-03-01T18:38:37,90,10,yes,1875
9533,1772419118,2026-03-01T18:38:38,90,10,yes,55
9534,1772419118,2026-03-01T18:38:38,90,10,yes,2
9535,1772419119,2026-03-01T18:38:39,89,11,no,2
9536,1772419120,2026-03-01T18:38:40,89,11,no,10
9537,1772419120,2026-03-01T18:38:40,90,10,yes,8
9538,1772419121,2026-03-01T18:38:41,90,10,yes,4
9539,1772419121,2026-03-01T18:38:41,90,10,yes,3
9540,1772419123,2026-03-01T18:38:43,90,10,yes,2
9541,1772419124,2026-03-01T18:38:44,90,10,yes,5
9542,1772419125,2026-03-01T18:38:45,90,10,yes,1
9543,1772419125,2026-03-01T18:38:45,90,10,yes,137
9544,1772419126,2026-03-01T18:38:46,90,10,yes,331
9545,1772419127,2026-03-01T18:38:47,90,10,yes,72
9546,1772419127,2026-03-01T18:38:47,90,10,yes,108
9547,1772419127,2026-03-01T18:38:47,90,10,yes,50
9548,1772419130,2026-03-01T18:38:50,90,10,yes,100
9549,1772419131,2026-03-01T18:38:51,90,10,yes,10
9550,1772419132,2026-03-01T18:38:52,90,10,yes,100
9551,1772419134,2026-03-01T18:38:54,90,10,yes,108
9552,1772419135,2026-03-01T18:38:55,90,10,yes,163
9553,1772419135,2026-03-01T18:38:55,90,10,yes,20
9554,1772419136,2026-03-01T18:38:56,90,10,yes,154
9555,1772419139,2026-03-01T18:38:59,90,10,yes,1
9556,1772419140,2026-03-01T18:39:00,90,10,yes,110
9557,1772419140,2026-03-01T18:39:00,90,10,yes,3463
9558,1772419140,2026-03-01T18:39:00,90,10,yes,1537
9559,1772419140,2026-03-01T18:39:00,90,10,yes,2
9560,1772419142,2026-03-01T18:39:02,90,10,yes,13
9561,1772419145,2026-03-01T18:39:05,89,11,no,6
9562,1772419147,2026-03-01T18:39:07,89,11,no,42
9563,1772419150,2026-03-01T18:39:10,90,10,yes,1
9564,1772419152,2026-03-01T18:39:12,90,10,yes,4
9565,1772419153,2026-03-01T18:39:13,90,10,yes,54
9566,1772419157,2026-03-01T18:39:17,90,10,yes,66
9567,1772419157,2026-03-01T18:39:17,90,10,yes,1
9568,1772419160,2026-03-01T18:39:20,90,10,yes,1103
9569,1772419160,2026-03-01T18:39:20,89,11,no,16
9570,1772419161,2026-03-01T18:39:21,90,10,yes,2
9571,1772419163,2026-03-01T18:39:23,90,10,yes,1
9572,1772419165,2026-03-01T18:39:25,90,10,yes,1
9573,1772419165,2026-03-01T18:39:25,90,10,yes,20
9574,1772419165,2026-03-01T18:39:25,90,10,yes,2
9575,1772419166,2026-03-01T18:39:26,90,10,yes,110
9576,1772419167,2026-03-01T18:39:27,90,10,yes,108
9577,1772419169,2026-03-01T18:39:29,90,10,yes,1
9578,1772419169,2026-03-01T18:39:29,90,10,yes,1843
9579,1772419169,2026-03-01T18:39:29,90,10,yes,1
9580,1772419170,2026-03-01T18:39:30,90,10,yes,20
9581,1772419170,2026-03-01T18:39:30,90,10,yes,20
9582,1772419171,2026-03-01T18:39:31,90,10,yes,273
9583,1772419171,2026-03-01T18:39:31,90,10,yes,25
9584,1772419172,2026-03-01T18:39:32,90,10,yes,5
9585,1772419172,2026-03-01T18:39:32,90,10,yes,9
9586,1772419174,2026-03-01T18:39:34,89,11,no,1
9587,1772419176,2026-03-01T18:39:36,90,10,yes,500
9588,1772419179,2026-03-01T18:39:39,90,10,yes,108
9589,1772419179,2026-03-01T18:39:39,90,10,yes,2
9590,1772419182,2026-03-01T18:39:42,90,10,yes,698
9591,1772419183,2026-03-01T18:39:43,90,10,yes,5
9592,1772419184,2026-03-01T18:39:44,90,10,yes,9
9593,1772419184,2026-03-01T18:39:44,90,10,yes,70
9594,1772419185,2026-03-01T18:39:45,90,10,yes,220
9595,1772419186,2026-03-01T18:39:46,90,10,yes,7
9596,1772419190,2026-03-01T18:39:50,90,10,yes,54
9597,1772419190,2026-03-01T18:39:50,90,10,yes,128
9598,1772419191,2026-03-01T18:39:51,90,10,yes,50
9599,1772419192,2026-03-01T18:39:52,90,10,yes,3478
9600,1772419192,2026-03-01T18:39:52,90,10,yes,2
9601,1772419193,2026-03-01T18:39:53,90,10,yes,5
9602,1772419193,2026-03-01T18:39:53,90,10,yes,20
9603,1772419195,2026-03-01T18:39:55,90,10,yes,33
9604,1772419196,2026-03-01T18:39:56,90,10,yes,424
9605,1772419197,2026-03-01T18:39:57,89,11,no,44
9606,1772419197,2026-03-01T18:39:57,90,10,yes,1086
9607,1772419198,2026-03-01T18:39:58,89,11,no,85
9608,1772419201,2026-03-01T18:40:01,90,10,yes,55
9609,1772419202,2026-03-01T18:40:02,90,10,yes,1
9610,1772419202,2026-03-01T18:40:02,90,10,yes,5
9611,1772419203,2026-03-01T18:40:03,90,10,yes,2
9612,1772419205,2026-03-01T18:40:05,90,10,yes,2
9613,1772419205,2026-03-01T18:40:05,90,10,yes,2
9614,1772419206,2026-03-01T18:40:06,90,10,yes,80
9615,1772419207,2026-03-01T18:40:07,90,10,yes,10
9616,1772419209,2026-03-01T18:40:09,90,10,yes,27
9617,1772419209,2026-03-01T18:40:09,90,10,yes,110
9618,1772419211,2026-03-01T18:40:11,90,10,yes,5
9619,1772419212,2026-03-01T18:40:12,90,10,yes,5
9620,1772419212,2026-03-01T18:40:12,90,10,yes,3
9621,1772419212,2026-03-01T18:40:12,90,10,yes,100
9622,1772419212,2026-03-01T18:40:12,90,10,yes,20
9623,1772419212,2026-03-01T18:40:12,90,10,yes,20
9624,1772419214,2026-03-01T18:40:14,90,10,yes,2664
9625,1772419214,2026-03-01T18:40:14,90,10,yes,22
9626,1772419214,2026-03-01T18:40:14,90,10,yes,16
9627,1772419215,2026-03-01T18:40:15,90,10,yes,275
9628,1772419216,2026-03-01T18:40:16,90,10,yes,5
9629,1772419217,2026-03-01T18:40:17,90,10,yes,436
9630,1772419219,2026-03-01T18:40:19,90,10,yes,6
9631,1772419220,2026-03-01T18:40:20,90,10,yes,165
9632,1772419222,2026-03-01T18:40:22,90,10,yes,1
9633,1772419222,2026-03-01T18:40:22,90,10,yes,53
9634,1772419223,2026-03-01T18:40:23,90,10,yes,8
9635,1772419225,2026-03-01T18:40:25,90,10,yes,7
9636,1772419226,2026-03-01T18:40:26,90,10,yes,3
9637,1772419226,2026-03-01T18:40:26,90,10,yes,104
9638,1772419226,2026-03-01T18:40:26,90,10,yes,7
9639,1772419227,2026-03-01T18:40:27,90,10,yes,55
9640,1772419229,2026-03-01T18:40:29,90,10,yes,110
9641,1772419229,2026-03-01T18:40:29,90,10,yes,5
9642,1772419229,2026-03-01T18:40:29,90,10,yes,155
9643,1772419233,2026-03-01T18:40:33,90,10,yes,39
9644,1772419233,2026-03-01T18:40:33,89,11,no,557
9645,1772419234,2026-03-01T18:40:34,90,10,yes,2
9646,1772419235,2026-03-01T18:40:35,90,10,yes,1818
9647,1772419235,2026-03-01T18:40:35,90,10,yes,5
9648,1772419238,2026-03-01T18:40:38,90,10,yes,11
9649,1772419238,2026-03-01T18:40:38,90,10,yes,7
9650,1772419238,2026-03-01T18:40:38,90,10,yes,110
9651,1772419241,2026-03-01T18:40:41,90,10,yes,220
9652,1772419243,2026-03-01T18:40:43,90,10,yes,207
9653,1772419245,2026-03-01T18:40:45,90,10,yes,83
9654,1772419246,2026-03-01T18:40:46,90,10,yes,551
9655,1772419247,2026-03-01T18:40:47,90,10,yes,2171
9656,1772419249,2026-03-01T18:40:49,90,10,yes,100
9657,1772419249,2026-03-01T18:40:49,90,10,yes,10
9658,1772419249,2026-03-01T18:40:49,90,10,yes,5
9659,1772419250,2026-03-01T18:40:50,89,11,no,100
9660,1772419250,2026-03-01T18:40:50,89,11,no,100
9661,1772419250,2026-03-01T18:40:50,89,11,no,5
9662,1772419250,2026-03-01T18:40:50,89,11,no,1
9663,1772419250,2026-03-01T18:40:50,89,11,no,83
9664,1772419250,2026-03-01T18:40:50,89,11,no,45
9665,1772419250,2026-03-01T18:40:50,89,11,no,8
9666,1772419251,2026-03-01T18:40:51,90,10,yes,11
9667,1772419251,2026-03-01T18:40:51,89,11,no,39
9668,1772419252,2026-03-01T18:40:52,90,10,yes,49
9669,1772419253,2026-03-01T18:40:53,90,10,yes,14
9670,1772419254,2026-03-01T18:40:54,90,10,yes,1103
9671,1772419254,2026-03-01T18:40:54,90,10,yes,20
9672,1772419254,2026-03-01T18:40:54,90,10,yes,20
9673,1772419255,2026-03-01T18:40:55,90,10,yes,55
9674,1772419255,2026-03-01T18:40:55,90,10,yes,209
9675,1772419255,2026-03-01T18:40:55,90,10,yes,331
9676,1772419255,2026-03-01T18:40:55,90,10,yes,45
9677,1772419255,2026-03-01T18:40:55,90,10,yes,110
9678,1772419256,2026-03-01T18:40:56,90,10,yes,16
9679,1772419257,2026-03-01T18:40:57,90,10,yes,6
9680,1772419257,2026-03-01T18:40:57,90,10,yes,36
9681,1772419258,2026-03-01T18:40:58,90,10,yes,1
9682,1772419258,2026-03-01T18:40:58,90,10,yes,200
9683,1772419258,2026-03-01T18:40:58,90,10,yes,500
9684,1772419260,2026-03-01T18:41:00,90,10,yes,2
9685,1772419261,2026-03-01T18:41:01,89,11,no,153
9686,1772419261,2026-03-01T18:41:01,89,11,no,1
9687,1772419261,2026-03-01T18:41:01,89,11,yes,551
9688,1772419264,2026-03-01T18:41:04,90,10,yes,600
9689,1772419265,2026-03-01T18:41:05,89,11,no,5
9690,1772419270,2026-03-01T18:41:10,91,9,yes,1
9691,1772419271,2026-03-01T18:41:11,91,9,yes,1
9692,1772419271,2026-03-01T18:41:11,91,9,yes,8
9693,1772419271,2026-03-01T18:41:11,91,9,yes,132
9694,1772419271,2026-03-01T18:41:11,91,9,yes,405
9695,1772419272,2026-03-01T18:41:12,91,9,yes,3
9696,1772419274,2026-03-01T18:41:14,91,9,yes,6
9697,1772419275,2026-03-01T18:41:15,91,9,yes,1612
9698,1772419276,2026-03-01T18:41:16,91,9,yes,49
9699,1772419279,2026-03-01T18:41:19,91,9,yes,3
9700,1772419280,2026-03-01T18:41:20,91,9,yes,150
9701,1772419280,2026-03-01T18:41:20,91,9,yes,638
9702,1772419280,2026-03-01T18:41:20,91,9,yes,5
9703,1772419281,2026-03-01T18:41:21,91,9,yes,2311
9704,1772419281,2026-03-01T18:41:21,91,9,yes,531
9705,1772419281,2026-03-01T18:41:21,91,9,yes,169
9706,1772419281,2026-03-01T18:41:21,91,9,yes,1
9707,1772419281,2026-03-01T18:41:21,91,9,yes,82
9708,1772419282,2026-03-01T18:41:22,91,9,yes,666
9709,1772419282,2026-03-01T18:41:22,91,9,yes,27
9710,1772419285,2026-03-01T18:41:25,91,9,yes,3
9711,1772419286,2026-03-01T18:41:26,91,9,yes,25
9712,1772419286,2026-03-01T18:41:26,91,9,yes,146
9713,1772419286,2026-03-01T18:41:26,91,9,yes,24
9714,1772419288,2026-03-01T18:41:28,91,9,yes,259
9715,1772419288,2026-03-01T18:41:28,90,10,yes,196
9716,1772419288,2026-03-01T18:41:28,90,10,yes,3369
9717,1772419288,2026-03-01T18:41:28,90,10,yes,2083
9718,1772419290,2026-03-01T18:41:30,91,9,yes,1564
9719,1772419295,2026-03-01T18:41:35,91,9,yes,107
9720,1772419295,2026-03-01T18:41:35,91,9,yes,12
9721,1772419297,2026-03-01T18:41:37,91,9,yes,1
9722,1772419297,2026-03-01T18:41:37,91,9,yes,327
9723,1772419298,2026-03-01T18:41:38,91,9,yes,109
9724,1772419300,2026-03-01T18:41:40,91,9,yes,30
9725,1772419302,2026-03-01T18:41:42,91,9,yes,4
9726,1772419302,2026-03-01T18:41:42,91,9,yes,6
9727,1772419303,2026-03-01T18:41:43,90,10,yes,609
9728,1772419303,2026-03-01T18:41:43,91,9,yes,4
9729,1772419303,2026-03-01T18:41:43,91,9,yes,4
9730,1772419303,2026-03-01T18:41:43,91,9,yes,1941
9731,1772419303,2026-03-01T18:41:43,91,9,yes,87
9732,1772419303,2026-03-01T18:41:43,91,9,yes,1941
9733,1772419303,2026-03-01T18:41:43,91,9,yes,609
9734,1772419303,2026-03-01T18:41:43,91,9,yes,1941
9735,1772419303,2026-03-01T18:41:43,91,9,yes,1941
9736,1772419303,2026-03-01T18:41:43,91,9,yes,1887
9737,1772419304,2026-03-01T18:41:44,92,8,yes,150
9738,1772419304,2026-03-01T18:41:44,92,8,yes,87
9739,1772419304,2026-03-01T18:41:44,92,8,yes,4
9740,1772419304,2026-03-01T18:41:44,92,8,yes,4
9741,1772419307,2026-03-01T18:41:47,93,7,yes,2
9742,1772419307,2026-03-01T18:41:47,93,7,yes,23
9743,1772419307,2026-03-01T18:41:47,93,7,yes,1
9744,1772419307,2026-03-01T18:41:47,93,7,yes,4
9745,1772419307,2026-03-01T18:41:47,92,8,no,504
9746,1772419308,2026-03-01T18:41:48,92,8,no,1
9747,1772419309,2026-03-01T18:41:49,93,7,yes,10
9748,1772419312,2026-03-01T18:41:52,93,7,yes,3554
9749,1772419312,2026-03-01T18:41:52,93,7,yes,1172
9750,1772419314,2026-03-01T18:41:54,93,7,yes,52
9751,1772419316,2026-03-01T18:41:56,93,7,yes,1
9752,1772419317,2026-03-01T18:41:57,92,8,no,1
9753,1772419317,2026-03-01T18:41:57,92,8,yes,12
9754,1772419319,2026-03-01T18:41:59,92,8,yes,108
9755,1772419320,2026-03-01T18:42:00,92,8,yes,15300
9756,1772419320,2026-03-01T18:42:00,92,8,yes,51
9757,1772419321,2026-03-01T18:42:01,91,9,no,1
9758,1772419321,2026-03-01T18:42:01,91,9,no,9
9759,1772419323,2026-03-01T18:42:03,92,8,yes,100
9760,1772419324,2026-03-01T18:42:04,92,8,yes,161
9761,1772419324,2026-03-01T18:42:04,92,8,yes,10
9762,1772419326,2026-03-01T18:42:06,91,9,yes,18
9763,1772419326,2026-03-01T18:42:06,91,9,yes,10
9764,1772419326,2026-03-01T18:42:06,91,9,yes,1049
9765,1772419326,2026-03-01T18:42:06,91,9,yes,2008
9766,1772419326,2026-03-01T18:42:06,91,9,yes,2000
9767,1772419327,2026-03-01T18:42:07,92,8,yes,1
9768,1772419329,2026-03-01T18:42:09,91,9,yes,3
9769,1772419329,2026-03-01T18:42:09,91,9,yes,532
9770,1772419330,2026-03-01T18:42:10,92,8,yes,6
9771,1772419330,2026-03-01T18:42:10,92,8,yes,89
9772,1772419330,2026-03-01T18:42:10,92,8,yes,21
9773,1772419331,2026-03-01T18:42:11,92,8,yes,7
9774,1772419331,2026-03-01T18:42:11,92,8,yes,28
9775,1772419332,2026-03-01T18:42:12,92,8,yes,62
9776,1772419332,2026-03-01T18:42:12,92,8,yes,28
9777,1772419333,2026-03-01T18:42:13,91,9,no,100
9778,1772419333,2026-03-01T18:42:13,91,9,no,2438
9779,1772419333,2026-03-01T18:42:13,91,9,no,952
9780,1772419333,2026-03-01T18:42:13,91,9,yes,21502
9781,1772419333,2026-03-01T18:42:13,91,9,yes,8
9782,1772419334,2026-03-01T18:42:14,91,9,yes,110
9783,1772419335,2026-03-01T18:42:15,91,9,yes,10
9784,1772419335,2026-03-01T18:42:15,90,10,no,150
9785,1772419335,2026-03-01T18:42:15,90,10,no,1275
9786,1772419335,2026-03-01T18:42:15,90,10,no,1405
9787,1772419335,2026-03-01T18:42:15,90,10,no,713
9788,1772419335,2026-03-01T18:42:15,90,10,no,858
9789,1772419336,2026-03-01T18:42:16,90,10,no,672
9790,1772419336,2026-03-01T18:42:16,90,10,no,438
9791,1772419338,2026-03-01T18:42:18,90,10,yes,220
9792,1772419339,2026-03-01T18:42:19,90,10,yes,227
9793,1772419340,2026-03-01T18:42:20,90,10,yes,45
9794,1772419340,2026-03-01T18:42:20,90,10,yes,1033
9795,1772419341,2026-03-01T18:42:21,90,10,yes,220
9796,1772419341,2026-03-01T18:42:21,90,10,yes,2
9797,1772419343,2026-03-01T18:42:23,91,9,yes,26
9798,1772419347,2026-03-01T18:42:27,92,8,yes,17
9799,1772419347,2026-03-01T18:42:27,92,8,yes,25
9800,1772419347,2026-03-01T18:42:27,90,10,no,5
9801,1772419350,2026-03-01T18:42:30,91,9,yes,5
9802,1772419352,2026-03-01T18:42:32,91,9,yes,40
9803,1772419355,2026-03-01T18:42:35,91,9,yes,3547
9804,1772419355,2026-03-01T18:42:35,91,9,yes,1829
9805,1772419355,2026-03-01T18:42:35,91,9,yes,599
9806,1772419356,2026-03-01T18:42:36,91,9,yes,1
9807,1772419356,2026-03-01T18:42:36,91,9,yes,24
9808,1772419357,2026-03-01T18:42:37,91,9,yes,54
9809,1772419357,2026-03-01T18:42:37,90,10,no,269
9810,1772419357,2026-03-01T18:42:37,90,10,no,17
9811,1772419359,2026-03-01T18:42:39,91,9,yes,5
9812,1772419359,2026-03-01T18:42:39,91,9,yes,32
9813,1772419359,2026-03-01T18:42:39,91,9,yes,2122
9814,1772419359,2026-03-01T18:42:39,91,9,yes,540
9815,1772419359,2026-03-01T18:42:39,91,9,yes,100
9816,1772419360,2026-03-01T18:42:40,90,10,no,8
9817,1772419360,2026-03-01T18:42:40,91,9,yes,546
9818,1772419362,2026-03-01T18:42:42,90,10,no,1332
9819,1772419364,2026-03-01T18:42:44,90,10,no,2000
9820,1772419365,2026-03-01T18:42:45,90,10,no,25
9821,1772419365,2026-03-01T18:42:45,90,10,no,2000
9822,1772419365,2026-03-01T18:42:45,91,9,yes,570
9823,1772419366,2026-03-01T18:42:46,90,10,no,230
9824,1772419366,2026-03-01T18:42:46,90,10,no,25
9825,1772419367,2026-03-01T18:42:47,90,10,no,1778
9826,1772419367,2026-03-01T18:42:47,90,10,no,142
9827,1772419367,2026-03-01T18:42:47,90,10,no,222
9828,1772419367,2026-03-01T18:42:47,90,10,no,1180
9829,1772419367,2026-03-01T18:42:47,90,10,no,1180
9830,1772419367,2026-03-01T18:42:47,90,10,no,1022
9831,1772419367,2026-03-01T18:42:47,90,10,no,866
9832,1772419367,2026-03-01T18:42:47,90,10,no,730
9833,1772419367,2026-03-01T18:42:47,90,10,no,4
9834,1772419367,2026-03-01T18:42:47,90,10,no,1520
9835,1772419367,2026-03-01T18:42:47,89,11,no,2
9836,1772419367,2026-03-01T18:42:47,89,11,no,40
9837,1772419368,2026-03-01T18:42:48,90,10,yes,3
9838,1772419368,2026-03-01T18:42:48,90,10,yes,64
9839,1772419369,2026-03-01T18:42:49,89,11,yes,39
9840,1772419370,2026-03-01T18:42:50,89,11,yes,48
9841,1772419370,2026-03-01T18:42:50,89,11,yes,3
9842,1772419370,2026-03-01T18:42:50,90,10,yes,3
9843,1772419370,2026-03-01T18:42:50,90,10,yes,3
9844,1772419370,2026-03-01T18:42:50,90,10,yes,39
9845,1772419371,2026-03-01T18:42:51,90,10,yes,3
9846,1772419371,2026-03-01T18:42:51,91,9,yes,3
9847,1772419371,2026-03-01T18:42:51,91,9,yes,1
9848,1772419372,2026-03-01T18:42:52,89,11,no,3
9849,1772419374,2026-03-01T18:42:54,90,10,yes,100
9850,1772419374,2026-03-01T18:42:54,90,10,yes,10
9851,1772419375,2026-03-01T18:42:55,91,9,yes,2
9852,1772419376,2026-03-01T18:42:56,91,9,yes,1
9853,1772419376,2026-03-01T18:42:56,91,9,yes,4
9854,1772419377,2026-03-01T18:42:57,91,9,yes,32
9855,1772419377,2026-03-01T18:42:57,89,11,no,737
9856,1772419377,2026-03-01T18:42:57,89,11,no,44
9857,1772419379,2026-03-01T18:42:59,89,11,no,210
9858,1772419379,2026-03-01T18:42:59,89,11,no,192
9859,1772419379,2026-03-01T18:42:59,91,9,yes,65
9860,1772419380,2026-03-01T18:43:00,91,9,yes,5
9861,1772419381,2026-03-01T18:43:01,89,11,no,88
9862,1772419383,2026-03-01T18:43:03,91,9,yes,10
9863,1772419383,2026-03-01T18:43:03,91,9,yes,1
9864,1772419385,2026-03-01T18:43:05,91,9,no,114
9865,1772419385,2026-03-01T18:43:05,92,8,yes,11
9866,1772419388,2026-03-01T18:43:08,91,9,no,1000
9867,1772419388,2026-03-01T18:43:08,91,9,no,150
9868,1772419389,2026-03-01T18:43:09,92,8,yes,10
9869,1772419394,2026-03-01T18:43:14,92,8,yes,3
9870,1772419397,2026-03-01T18:43:17,91,9,no,116
9871,1772419397,2026-03-01T18:43:17,91,9,no,20
9872,1772419398,2026-03-01T18:43:18,92,8,yes,4
9873,1772419398,2026-03-01T18:43:18,92,8,yes,3
9874,1772419398,2026-03-01T18:43:18,92,8,yes,73
9875,1772419398,2026-03-01T18:43:18,92,8,yes,3
9876,1772419398,2026-03-01T18:43:18,92,8,yes,55
9877,1772419400,2026-03-01T18:43:20,93,7,yes,34
9878,1772419400,2026-03-01T18:43:20,93,7,yes,26
9879,1772419400,2026-03-01T18:43:20,93,7,yes,150
9880,1772419403,2026-03-01T18:43:23,94,6,yes,500
9881,1772419403,2026-03-01T18:43:23,93,7,no,2290
9882,1772419403,2026-03-01T18:43:23,93,7,no,3534
9883,1772419403,2026-03-01T18:43:23,93,7,no,3534
9884,1772419403,2026-03-01T18:43:23,93,7,no,3534
9885,1772419403,2026-03-01T18:43:23,93,7,no,3
9886,1772419404,2026-03-01T18:43:24,94,6,yes,1
9887,1772419405,2026-03-01T18:43:25,92,8,no,100
9888,1772419409,2026-03-01T18:43:29,94,6,yes,105
9889,1772419409,2026-03-01T18:43:29,94,6,yes,60
9890,1772419410,2026-03-01T18:43:30,94,6,yes,5
9891,1772419410,2026-03-01T18:43:30,94,6,yes,116
9892,1772419411,2026-03-01T18:43:31,93,7,no,150
9893,1772419411,2026-03-01T18:43:31,92,8,no,1043
9894,1772419411,2026-03-01T18:43:31,94,6,yes,533
9895,1772419412,2026-03-01T18:43:32,94,6,yes,10
9896,1772419413,2026-03-01T18:43:33,94,6,yes,3
9897,1772419414,2026-03-01T18:43:34,94,6,yes,169
9898,1772419414,2026-03-01T18:43:34,94,6,yes,105
9899,1772419415,2026-03-01T18:43:35,94,6,yes,5
9900,1772419416,2026-03-01T18:43:36,94,6,yes,133
9901,1772419416,2026-03-01T18:43:36,93,7,no,150
9902,1772419417,2026-03-01T18:43:37,93,7,yes,20
9903,1772419418,2026-03-01T18:43:38,93,7,yes,9
9904,1772419418,2026-03-01T18:43:38,93,7,yes,10
9905,1772419419,2026-03-01T18:43:39,92,8,no,3
9906,1772419419,2026-03-01T18:43:39,92,8,no,307
9907,1772419419,2026-03-01T18:43:39,92,8,no,15
9908,1772419422,2026-03-01T18:43:42,92,8,yes,5
9909,1772419422,2026-03-01T18:43:42,92,8,yes,106
9910,1772419422,2026-03-01T18:43:42,92,8,yes,144
9911,1772419425,2026-03-01T18:43:45,92,8,yes,284
9912,1772419426,2026-03-01T18:43:46,92,8,yes,200
9913,1772419426,2026-03-01T18:43:46,92,8,yes,123
9914,1772419427,2026-03-01T18:43:47,91,9,no,3
9915,1772419428,2026-03-01T18:43:48,92,8,yes,346
9916,1772419428,2026-03-01T18:43:48,92,8,yes,108
9917,1772419428,2026-03-01T18:43:48,92,8,yes,100
9918,1772419428,2026-03-01T18:43:48,92,8,yes,22
9919,1772419428,2026-03-01T18:43:48,92,8,yes,3
9920,1772419429,2026-03-01T18:43:49,92,8,yes,9
9921,1772419430,2026-03-01T18:43:50,92,8,yes,4
9922,1772419432,2026-03-01T18:43:52,92,8,yes,58
9923,1772419432,2026-03-01T18:43:52,92,8,yes,236
9924,1772419433,2026-03-01T18:43:53,92,8,yes,99
9925,1772419433,2026-03-01T18:43:53,92,8,yes,70
9926,1772419433,2026-03-01T18:43:53,92,8,yes,1
9927,1772419434,2026-03-01T18:43:54,92,8,yes,162
9928,1772419435,2026-03-01T18:43:55,92,8,yes,5
9929,1772419437,2026-03-01T18:43:57,92,8,yes,425
9930,1772419438,2026-03-01T18:43:58,92,8,yes,150
9931,1772419440,2026-03-01T18:44:00,93,7,yes,2
9932,1772419442,2026-03-01T18:44:02,92,8,no,75
9933,1772419442,2026-03-01T18:44:02,92,8,no,3
9934,1772419442,2026-03-01T18:44:02,91,9,no,161
9935,1772419442,2026-03-01T18:44:02,91,9,no,814
9936,1772419443,2026-03-01T18:44:03,93,7,yes,10
9937,1772419443,2026-03-01T18:44:03,93,7,yes,145
9938,1772419444,2026-03-01T18:44:04,93,7,yes,392
9939,1772419445,2026-03-01T18:44:05,93,7,yes,1
9940,1772419445,2026-03-01T18:44:05,91,9,no,1
9941,1772419446,2026-03-01T18:44:06,93,7,yes,105
9942,1772419447,2026-03-01T18:44:07,93,7,yes,1337
9943,1772419447,2026-03-01T18:44:07,93,7,yes,162
9944,1772419447,2026-03-01T18:44:07,93,7,yes,12
9945,1772419449,2026-03-01T18:44:09,93,7,yes,25
9946,1772419452,2026-03-01T18:44:12,92,8,no,3
9947,1772419452,2026-03-01T18:44:12,92,8,no,31
9948,1772419453,2026-03-01T18:44:13,93,7,yes,1
9949,1772419454,2026-03-01T18:44:14,93,7,yes,25
9950,1772419454,2026-03-01T18:44:14,91,9,no,295
9951,1772419459,2026-03-01T18:44:19,93,7,yes,2
9952,1772419464,2026-03-01T18:44:24,94,6,yes,1
9953,1772419464,2026-03-01T18:44:24,94,6,yes,1
9954,1772419466,2026-03-01T18:44:26,94,6,yes,49
9955,1772419466,2026-03-01T18:44:26,94,6,yes,3
9956,1772419466,2026-03-01T18:44:26,94,6,yes,100
9957,1772419466,2026-03-01T18:44:26,94,6,yes,271
9958,1772419467,2026-03-01T18:44:27,94,6,yes,61
9959,1772419467,2026-03-01T18:44:27,94,6,yes,1061
9960,1772419468,2026-03-01T18:44:28,92,8,no,3
9961,1772419468,2026-03-01T18:44:28,92,8,no,150
9962,1772419468,2026-03-01T18:44:28,92,8,no,683
9963,1772419468,2026-03-01T18:44:28,92,8,no,200
9964,1772419468,2026-03-01T18:44:28,92,8,no,3525
9965,1772419468,2026-03-01T18:44:28,92,8,no,521
9966,1772419468,2026-03-01T18:44:28,92,8,no,109
9967,1772419469,2026-03-01T18:44:29,93,7,yes,1
9968,1772419472,2026-03-01T18:44:32,92,8,no,3
9969,1772419472,2026-03-01T18:44:32,92,8,no,15
9970,1772419472,2026-03-01T18:44:32,92,8,no,4
9971,1772419473,2026-03-01T18:44:33,93,7,yes,200
9972,1772419475,2026-03-01T18:44:35,93,7,yes,642
9973,1772419475,2026-03-01T18:44:35,92,8,no,22
9974,1772419475,2026-03-01T18:44:35,93,7,yes,53
9975,1772419475,2026-03-01T18:44:35,93,7,yes,632
9976,1772419475,2026-03-01T18:44:35,93,7,yes,150
9977,1772419475,2026-03-01T18:44:35,92,8,no,728
9978,1772419475,2026-03-01T18:44:35,92,8,no,3
9979,1772419475,2026-03-01T18:44:35,92,8,yes,300
9980,1772419475,2026-03-01T18:44:35,92,8,yes,500
9981,1772419476,2026-03-01T18:44:36,92,8,yes,121
9982,1772419476,2026-03-01T18:44:36,92,8,yes,300
9983,1772419477,2026-03-01T18:44:37,92,8,yes,2
9984,1772419478,2026-03-01T18:44:38,92,8,yes,300
9985,1772419478,2026-03-01T18:44:38,92,8,yes,108
9986,1772419479,2026-03-01T18:44:39,92,8,yes,5
9987,1772419480,2026-03-01T18:44:40,93,7,yes,100
9988,1772419480,2026-03-01T18:44:40,93,7,yes,9
9989,1772419481,2026-03-01T18:44:41,91,9,no,200
9990,1772419481,2026-03-01T18:44:41,91,9,no,3
9991,1772419481,2026-03-01T18:44:41,91,9,no,970
9992,1772419481,2026-03-01T18:44:41,91,9,no,150
9993,1772419481,2026-03-01T18:44:41,90,10,no,50
9994,1772419481,2026-03-01T18:44:41,90,10,no,127
9995,1772419482,2026-03-01T18:44:42,92,8,yes,1014
9996,1772419482,2026-03-01T18:44:42,92,8,yes,1640
9997,1772419483,2026-03-01T18:44:43,92,8,yes,3
9998,1772419483,2026-03-01T18:44:43,93,7,yes,2
9999,1772419483,2026-03-01T18:44:43,93,7,yes,1
10000,1772419484,2026-03-01T18:44:44,92,8,yes,64
10001,1772419485,2026-03-01T18:44:45,92,8,yes,79
10002,1772419487,2026-03-01T18:44:47,92,8,yes,313
10003,1772419487,2026-03-01T18:44:47,92,8,yes,1
10004,1772419487,2026-03-01T18:44:47,92,8,yes,55
10005,1772419487,2026-03-01T18:44:47,92,8,yes,459
10006,1772419488,2026-03-01T18:44:48,92,8,yes,95
10007,1772419488,2026-03-01T18:44:48,92,8,yes,540
10008,1772419488,2026-03-01T18:44:48,92,8,yes,172
10009,1772419488,2026-03-01T18:44:48,92,8,yes,98
10010,1772419489,2026-03-01T18:44:49,92,8,yes,10
10011,1772419489,2026-03-01T18:44:49,92,8,yes,47
10012,1772419489,2026-03-01T18:44:49,92,8,yes,22636
10013,1772419489,2026-03-01T18:44:49,92,8,yes,397
10014,1772419490,2026-03-01T18:44:50,92,8,yes,34
10015,1772419490,2026-03-01T18:44:50,92,8,yes,1029
10016,1772419490,2026-03-01T18:44:50,92,8,yes,27
10017,1772419490,2026-03-01T18:44:50,91,9,yes,3520
10018,1772419490,2026-03-01T18:44:50,91,9,yes,3520
10019,1772419490,2026-03-01T18:44:50,91,9,yes,3520
10020,1772419490,2026-03-01T18:44:50,91,9,yes,3520
10021,1772419490,2026-03-01T18:44:50,91,9,yes,3520
10022,1772419490,2026-03-01T18:44:50,91,9,yes,485
10023,1772419491,2026-03-01T18:44:51,91,9,yes,270
10024,1772419492,2026-03-01T18:44:52,92,8,yes,3
10025,1772419492,2026-03-01T18:44:52,92,8,yes,7
10026,1772419492,2026-03-01T18:44:52,92,8,yes,80
10027,1772419492,2026-03-01T18:44:52,92,8,yes,451
10028,1772419492,2026-03-01T18:44:52,92,8,yes,21
10029,1772419492,2026-03-01T18:44:52,92,8,yes,3
10030,1772419492,2026-03-01T18:44:52,92,8,yes,26
10031,1772419494,2026-03-01T18:44:54,92,8,yes,5
10032,1772419495,2026-03-01T18:44:55,91,9,yes,5
10033,1772419496,2026-03-01T18:44:56,91,9,yes,110
10034,1772419497,2026-03-01T18:44:57,91,9,yes,2
10035,1772419498,2026-03-01T18:44:58,91,9,yes,546
10036,1772419499,2026-03-01T18:44:59,91,9,yes,3
10037,1772419499,2026-03-01T18:44:59,91,9,yes,2
10038,1772419500,2026-03-01T18:45:00,91,9,yes,5
10039,1772419501,2026-03-01T18:45:01,91,9,yes,17
10040,1772419504,2026-03-01T18:45:04,91,9,yes,4
10041,1772419504,2026-03-01T18:45:04,91,9,yes,10000
10042,1772419504,2026-03-01T18:45:04,91,9,yes,600
10043,1772419506,2026-03-01T18:45:06,91,9,yes,1935
10044,1772419507,2026-03-01T18:45:07,90,10,no,1054
10045,1772419507,2026-03-01T18:45:07,90,10,no,881
10046,1772419507,2026-03-01T18:45:07,90,10,no,400
10047,1772419507,2026-03-01T18:45:07,90,10,no,1
10048,1772419507,2026-03-01T18:45:07,90,10,no,2167
10049,1772419507,2026-03-01T18:45:07,90,10,no,55
10050,1772419507,2026-03-01T18:45:07,90,10,no,1000
10051,1772419507,2026-03-01T18:45:07,90,10,no,1
10052,1772419507,2026-03-01T18:45:07,91,9,yes,5
10053,1772419508,2026-03-01T18:45:08,91,9,yes,294
10054,1772419508,2026-03-01T18:45:08,91,9,yes,908
10055,1772419508,2026-03-01T18:45:08,90,10,no,131
10056,1772419508,2026-03-01T18:45:08,91,9,yes,185
10057,1772419508,2026-03-01T18:45:08,91,9,yes,18
10058,1772419508,2026-03-01T18:45:08,90,10,no,4183
10059,1772419508,2026-03-01T18:45:08,90,10,no,10
10060,1772419508,2026-03-01T18:45:08,90,10,no,100
10061,1772419508,2026-03-01T18:45:08,90,10,no,10
10062,1772419508,2026-03-01T18:45:08,90,10,no,10
10063,1772419509,2026-03-01T18:45:09,88,12,no,5
10064,1772419509,2026-03-01T18:45:09,88,12,no,88
10065,1772419509,2026-03-01T18:45:09,88,12,no,1
10066,1772419509,2026-03-01T18:45:09,88,12,yes,5
10067,1772419511,2026-03-01T18:45:11,88,12,yes,112
10068,1772419511,2026-03-01T18:45:11,88,12,yes,56
10069,1772419512,2026-03-01T18:45:12,88,12,yes,563
10070,1772419513,2026-03-01T18:45:13,88,12,yes,11
10071,1772419513,2026-03-01T18:45:13,88,12,yes,450
10072,1772419514,2026-03-01T18:45:14,88,12,yes,1
10073,1772419515,2026-03-01T18:45:15,88,12,yes,300
10074,1772419515,2026-03-01T18:45:15,88,12,yes,14
10075,1772419515,2026-03-01T18:45:15,88,12,yes,225
10076,1772419517,2026-03-01T18:45:17,88,12,yes,1098
10077,1772419517,2026-03-01T18:45:17,88,12,yes,1
10078,1772419517,2026-03-01T18:45:17,88,12,yes,79
10079,1772419517,2026-03-01T18:45:17,88,12,yes,15
10080,1772419517,2026-03-01T18:45:17,88,12,yes,209
10081,1772419517,2026-03-01T18:45:17,88,12,yes,267
10082,1772419518,2026-03-01T18:45:18,88,12,yes,11
10083,1772419518,2026-03-01T18:45:18,88,12,yes,3511
10084,1772419518,2026-03-01T18:45:18,88,12,yes,2031
10085,1772419518,2026-03-01T18:45:18,88,12,yes,338
10086,1772419519,2026-03-01T18:45:19,88,12,yes,5
10087,1772419519,2026-03-01T18:45:19,88,12,yes,211
10088,1772419519,2026-03-01T18:45:19,88,12,yes,2
10089,1772419520,2026-03-01T18:45:20,88,12,yes,11
10090,1772419520,2026-03-01T18:45:20,88,12,yes,11
10091,1772419521,2026-03-01T18:45:21,88,12,yes,28
10092,1772419521,2026-03-01T18:45:21,88,12,yes,394
10093,1772419521,2026-03-01T18:45:21,88,12,yes,1
10094,1772419522,2026-03-01T18:45:22,88,12,yes,50
10095,1772419522,2026-03-01T18:45:22,88,12,yes,277
10096,1772419522,2026-03-01T18:45:22,87,13,no,2
10097,1772419522,2026-03-01T18:45:22,87,13,no,5
10098,1772419522,2026-03-01T18:45:22,87,13,no,20
10099,1772419522,2026-03-01T18:45:22,88,12,yes,1
10100,1772419522,2026-03-01T18:45:22,88,12,yes,100
10101,1772419524,2026-03-01T18:45:24,87,13,yes,68
10102,1772419524,2026-03-01T18:45:24,87,13,yes,5
10103,1772419525,2026-03-01T18:45:25,87,13,yes,1
10104,1772419525,2026-03-01T18:45:25,87,13,yes,76
10105,1772419527,2026-03-01T18:45:27,88,12,yes,111
10106,1772419529,2026-03-01T18:45:29,88,12,yes,11
10107,1772419529,2026-03-01T18:45:29,88,12,yes,214
10108,1772419530,2026-03-01T18:45:30,88,12,yes,183
10109,1772419531,2026-03-01T18:45:31,88,12,yes,11
10110,1772419534,2026-03-01T18:45:34,88,12,yes,11
10111,1772419537,2026-03-01T18:45:37,87,13,yes,1
10112,1772419540,2026-03-01T18:45:40,87,13,yes,20
10113,1772419542,2026-03-01T18:45:42,87,13,yes,56
10114,1772419542,2026-03-01T18:45:42,86,14,no,1
10115,1772419542,2026-03-01T18:45:42,86,14,no,5
10116,1772419543,2026-03-01T18:45:43,87,13,yes,113
10117,1772419543,2026-03-01T18:45:43,87,13,yes,74
10118,1772419545,2026-03-01T18:45:45,87,13,yes,25
10119,1772419545,2026-03-01T18:45:45,87,13,yes,1
10120,1772419545,2026-03-01T18:45:45,87,13,yes,1
10121,1772419546,2026-03-01T18:45:46,87,13,yes,22
10122,1772419546,2026-03-01T18:45:46,87,13,yes,3199
10123,1772419546,2026-03-01T18:45:46,87,13,yes,3511
10124,1772419546,2026-03-01T18:45:46,87,13,yes,2290
10125,1772419548,2026-03-01T18:45:48,87,13,yes,3
10126,1772419549,2026-03-01T18:45:49,87,13,no,15
10127,1772419549,2026-03-01T18:45:49,86,14,no,45
10128,1772419549,2026-03-01T18:45:49,86,14,no,1502
10129,1772419549,2026-03-01T18:45:49,87,13,yes,11
10130,1772419550,2026-03-01T18:45:50,87,13,yes,119
10131,1772419551,2026-03-01T18:45:51,87,13,yes,34
10132,1772419551,2026-03-01T18:45:51,87,13,yes,56
10133,1772419551,2026-03-01T18:45:51,87,13,yes,10
10134,1772419554,2026-03-01T18:45:54,87,13,yes,40
10135,1772419555,2026-03-01T18:45:55,87,13,yes,7
10136,1772419556,2026-03-01T18:45:56,87,13,yes,5
10137,1772419557,2026-03-01T18:45:57,87,13,yes,5000
10138,1772419557,2026-03-01T18:45:57,87,13,yes,100
10139,1772419557,2026-03-01T18:45:57,87,13,yes,1
10140,1772419558,2026-03-01T18:45:58,87,13,yes,1
10141,1772419559,2026-03-01T18:45:59,87,13,yes,87
10142,1772419559,2026-03-01T18:45:59,87,13,yes,11
10143,1772419559,2026-03-01T18:45:59,87,13,yes,56
10144,1772419562,2026-03-01T18:46:02,87,13,yes,7
10145,1772419562,2026-03-01T18:46:02,86,14,no,40
10146,1772419562,2026-03-01T18:46:02,87,13,yes,64
10147,1772419563,2026-03-01T18:46:03,86,14,no,100
10148,1772419564,2026-03-01T18:46:04,87,13,yes,34
10149,1772419564,2026-03-01T18:46:04,87,13,yes,20
10150,1772419564,2026-03-01T18:46:04,87,13,yes,96
10151,1772419564,2026-03-01T18:46:04,87,13,yes,2
10152,1772419565,2026-03-01T18:46:05,87,13,yes,1
10153,1772419565,2026-03-01T18:46:05,87,13,yes,7
10154,1772419566,2026-03-01T18:46:06,87,13,yes,2000
10155,1772419566,2026-03-01T18:46:06,87,13,yes,227
10156,1772419567,2026-03-01T18:46:07,87,13,yes,911
10157,1772419568,2026-03-01T18:46:08,87,13,yes,28
10158,1772419568,2026-03-01T18:46:08,87,13,yes,206
10159,1772419569,2026-03-01T18:46:09,87,13,yes,11
10160,1772419569,2026-03-01T18:46:09,87,13,yes,20
10161,1772419571,2026-03-01T18:46:11,87,13,yes,11
10162,1772419571,2026-03-01T18:46:11,87,13,yes,3
10163,1772419572,2026-03-01T18:46:12,87,13,yes,11235
10164,1772419572,2026-03-01T18:46:12,87,13,yes,2
10165,1772419572,2026-03-01T18:46:12,86,14,no,200
10166,1772419576,2026-03-01T18:46:16,87,13,yes,2
10167,1772419576,2026-03-01T18:46:16,87,13,yes,10000
10168,1772419577,2026-03-01T18:46:17,87,13,yes,1030
10169,1772419580,2026-03-01T18:46:20,87,13,yes,5980
10170,1772419580,2026-03-01T18:46:20,87,13,yes,7973
10171,1772419580,2026-03-01T18:46:20,87,13,yes,1
10172,1772419581,2026-03-01T18:46:21,87,13,yes,112
10173,1772419582,2026-03-01T18:46:22,87,13,yes,1
10174,1772419583,2026-03-01T18:46:23,87,13,yes,10
10175,1772419583,2026-03-01T18:46:23,87,13,yes,84
10176,1772419586,2026-03-01T18:46:26,87,13,yes,100
10177,1772419587,2026-03-01T18:46:27,87,13,yes,1
10178,1772419589,2026-03-01T18:46:29,87,13,yes,5
10179,1772419590,2026-03-01T18:46:30,87,13,yes,44
10180,1772419591,2026-03-01T18:46:31,87,13,yes,50
10181,1772419591,2026-03-01T18:46:31,87,13,yes,8
10182,1772419592,2026-03-01T18:46:32,87,13,yes,113
10183,1772419592,2026-03-01T18:46:32,87,13,yes,10
10184,1772419593,2026-03-01T18:46:33,87,13,yes,1116
10185,1772419593,2026-03-01T18:46:33,87,13,yes,217
10186,1772419594,2026-03-01T18:46:34,87,13,yes,561
10187,1772419596,2026-03-01T18:46:36,87,13,yes,1
10188,1772419596,2026-03-01T18:46:36,87,13,yes,2158
10189,1772419596,2026-03-01T18:46:36,87,13,yes,1259
10190,1772419597,2026-03-01T18:46:37,87,13,yes,17
10191,1772419597,2026-03-01T18:46:37,87,13,yes,113
10192,1772419597,2026-03-01T18:46:37,87,13,yes,797
10193,1772419597,2026-03-01T18:46:37,87,13,yes,33
10194,1772419598,2026-03-01T18:46:38,86,14,no,154
10195,1772419599,2026-03-01T18:46:39,86,14,no,153
10196,1772419599,2026-03-01T18:46:39,87,13,yes,113
10197,1772419599,2026-03-01T18:46:39,87,13,yes,11
10198,1772419600,2026-03-01T18:46:40,87,13,yes,45
10199,1772419601,2026-03-01T18:46:41,87,13,yes,2247
10200,1772419601,2026-03-01T18:46:41,87,13,yes,37
10201,1772419602,2026-03-01T18:46:42,87,13,yes,22
10202,1772419602,2026-03-01T18:46:42,87,13,yes,5695
10203,1772419606,2026-03-01T18:46:46,87,13,yes,9
10204,1772419606,2026-03-01T18:46:46,87,13,yes,1
10205,1772419606,2026-03-01T18:46:46,86,14,no,56
10206,1772419608,2026-03-01T18:46:48,87,13,yes,85
10207,1772419608,2026-03-01T18:46:48,86,14,no,72
10208,1772419609,2026-03-01T18:46:49,87,13,yes,3
10209,1772419610,2026-03-01T18:46:50,86,14,no,472
10210,1772419610,2026-03-01T18:46:50,87,13,yes,28
10211,1772419610,2026-03-01T18:46:50,87,13,yes,1
10212,1772419611,2026-03-01T18:46:51,87,13,yes,6816
10213,1772419611,2026-03-01T18:46:51,87,13,yes,30
10214,1772419611,2026-03-01T18:46:51,87,13,yes,2000
10215,1772419611,2026-03-01T18:46:51,87,13,yes,1154
10216,1772419612,2026-03-01T18:46:52,87,13,yes,175
10217,1772419613,2026-03-01T18:46:53,87,13,yes,10
10218,1772419613,2026-03-01T18:46:53,87,13,yes,1
10219,1772419614,2026-03-01T18:46:54,87,13,yes,29
10220,1772419614,2026-03-01T18:46:54,87,13,yes,2
10221,1772419614,2026-03-01T18:46:54,87,13,yes,22
10222,1772419615,2026-03-01T18:46:55,87,13,yes,17
10223,1772419615,2026-03-01T18:46:55,87,13,yes,2
10224,1772419615,2026-03-01T18:46:55,87,13,yes,561
10225,1772419615,2026-03-01T18:46:55,87,13,yes,8
10226,1772419616,2026-03-01T18:46:56,87,13,yes,22
10227,1772419618,2026-03-01T18:46:58,87,13,yes,11
10228,1772419619,2026-03-01T18:46:59,87,13,yes,1
10229,1772419619,2026-03-01T18:46:59,87,13,yes,379
10230,1772419620,2026-03-01T18:47:00,87,13,yes,75
10231,1772419622,2026-03-01T18:47:02,86,14,no,909
10232,1772419622,2026-03-01T18:47:02,87,13,yes,1
10233,1772419623,2026-03-01T18:47:03,87,13,yes,10
10234,1772419624,2026-03-01T18:47:04,87,13,yes,100
10235,1772419625,2026-03-01T18:47:05,87,13,yes,9
10236,1772419625,2026-03-01T18:47:05,87,13,yes,11
10237,1772419626,2026-03-01T18:47:06,87,13,yes,100
10238,1772419626,2026-03-01T18:47:06,87,13,yes,8
10239,1772419627,2026-03-01T18:47:07,86,14,no,110
10240,1772419628,2026-03-01T18:47:08,87,13,yes,2
10241,1772419628,2026-03-01T18:47:08,87,13,yes,1
10242,1772419629,2026-03-01T18:47:09,87,13,yes,568
10243,1772419629,2026-03-01T18:47:09,87,13,yes,2
10244,1772419629,2026-03-01T18:47:09,86,14,no,1481
10245,1772419629,2026-03-01T18:47:09,86,14,no,250
10246,1772419629,2026-03-01T18:47:09,86,14,no,150
10247,1772419629,2026-03-01T18:47:09,86,14,no,15
10248,1772419629,2026-03-01T18:47:09,86,14,no,200
10249,1772419629,2026-03-01T18:47:09,86,14,no,1
10250,1772419629,2026-03-01T18:47:09,86,14,no,3511
10251,1772419629,2026-03-01T18:47:09,86,14,no,3511
10252,1772419629,2026-03-01T18:47:09,87,13,yes,28
10253,1772419630,2026-03-01T18:47:10,87,13,yes,202
10254,1772419630,2026-03-01T18:47:10,87,13,yes,25
10255,1772419630,2026-03-01T18:47:10,85,15,no,5
10256,1772419630,2026-03-01T18:47:10,85,15,no,3
10257,1772419630,2026-03-01T18:47:10,85,15,no,2
10258,1772419632,2026-03-01T18:47:12,87,13,yes,9
10259,1772419633,2026-03-01T18:47:13,87,13,yes,10
10260,1772419634,2026-03-01T18:47:14,87,13,yes,25
10261,1772419635,2026-03-01T18:47:15,87,13,yes,82
10262,1772419636,2026-03-01T18:47:16,87,13,yes,3360
10263,1772419636,2026-03-01T18:47:16,87,13,yes,1033
10264,1772419637,2026-03-01T18:47:17,85,15,no,10
10265,1772419637,2026-03-01T18:47:17,87,13,yes,113
10266,1772419638,2026-03-01T18:47:18,87,13,yes,651
10267,1772419638,2026-03-01T18:47:18,85,15,no,3499
10268,1772419638,2026-03-01T18:47:18,85,15,no,31
10269,1772419638,2026-03-01T18:47:18,85,15,no,155
10270,1772419638,2026-03-01T18:47:18,85,15,no,100
10271,1772419638,2026-03-01T18:47:18,85,15,no,722
10272,1772419638,2026-03-01T18:47:18,85,15,no,219
10273,1772419639,2026-03-01T18:47:19,87,13,yes,15
10274,1772419640,2026-03-01T18:47:20,87,13,yes,1
10275,1772419640,2026-03-01T18:47:20,87,13,yes,112
10276,1772419640,2026-03-01T18:47:20,87,13,yes,1586
10277,1772419640,2026-03-01T18:47:20,87,13,yes,293
10278,1772419641,2026-03-01T18:47:21,87,13,yes,20
10279,1772419643,2026-03-01T18:47:23,87,13,yes,1123
10280,1772419643,2026-03-01T18:47:23,87,13,yes,13
10281,1772419643,2026-03-01T18:47:23,87,13,yes,1
10282,1772419644,2026-03-01T18:47:24,87,13,yes,76
10283,1772419646,2026-03-01T18:47:26,87,13,yes,10
10284,1772419646,2026-03-01T18:47:26,86,14,no,10
10285,1772419646,2026-03-01T18:47:26,86,14,no,18
10286,1772419646,2026-03-01T18:47:26,87,13,yes,1000
10287,1772419647,2026-03-01T18:47:27,87,13,yes,20
10288,1772419648,2026-03-01T18:47:28,87,13,yes,11
10289,1772419649,2026-03-01T18:47:29,87,13,yes,17
10290,1772419649,2026-03-01T18:47:29,87,13,yes,1
10291,1772419650,2026-03-01T18:47:30,87,13,yes,11
10292,1772419651,2026-03-01T18:47:31,87,13,yes,200
10293,1772419651,2026-03-01T18:47:31,87,13,yes,381
10294,1772419651,2026-03-01T18:47:31,87,13,yes,365
10295,1772419651,2026-03-01T18:47:31,87,13,yes,56
10296,1772419652,2026-03-01T18:47:32,87,13,yes,112
10297,1772419652,2026-03-01T18:47:32,87,13,yes,113
10298,1772419654,2026-03-01T18:47:34,87,13,yes,14
10299,1772419656,2026-03-01T18:47:36,87,13,yes,337
10300,1772419658,2026-03-01T18:47:38,87,13,yes,1
10301,1772419659,2026-03-01T18:47:39,87,13,yes,140
10302,1772419661,2026-03-01T18:47:41,87,13,yes,10
10303,1772419661,2026-03-01T18:47:41,86,14,no,27
10304,1772419661,2026-03-01T18:47:41,87,13,yes,14
10305,1772419662,2026-03-01T18:47:42,87,13,yes,3
10306,1772419666,2026-03-01T18:47:46,87,13,yes,56
10307,1772419667,2026-03-01T18:47:47,87,13,yes,561
10308,1772419669,2026-03-01T18:47:49,87,13,yes,9
10309,1772419671,2026-03-01T18:47:51,86,14,no,1
10310,1772419671,2026-03-01T18:47:51,87,13,yes,2247
10311,1772419672,2026-03-01T18:47:52,87,13,yes,100
10312,1772419674,2026-03-01T18:47:54,87,13,yes,28
10313,1772419675,2026-03-01T18:47:55,87,13,yes,5
10314,1772419676,2026-03-01T18:47:56,87,13,yes,1
10315,1772419676,2026-03-01T18:47:56,87,13,yes,3
10316,1772419677,2026-03-01T18:47:57,87,13,yes,1460
10317,1772419681,2026-03-01T18:48:01,87,13,yes,33
10318,1772419682,2026-03-01T18:48:02,87,13,yes,5
10319,1772419683,2026-03-01T18:48:03,87,13,yes,74
10320,1772419683,2026-03-01T18:48:03,87,13,yes,98
10321,1772419683,2026-03-01T18:48:03,86,14,no,2
10322,1772419684,2026-03-01T18:48:04,87,13,yes,1
10323,1772419686,2026-03-01T18:48:06,87,13,yes,113
10324,1772419687,2026-03-01T18:48:07,87,13,yes,112
10325,1772419687,2026-03-01T18:48:07,87,13,yes,5
10326,1772419687,2026-03-01T18:48:07,87,13,yes,28
10327,1772419688,2026-03-01T18:48:08,87,13,yes,1
10328,1772419688,2026-03-01T18:48:08,87,13,yes,91
10329,1772419689,2026-03-01T18:48:09,87,13,yes,1
10330,1772419689,2026-03-01T18:48:09,87,13,yes,126
10331,1772419690,2026-03-01T18:48:10,87,13,yes,337
10332,1772419690,2026-03-01T18:48:10,87,13,yes,71
10333,1772419690,2026-03-01T18:48:10,87,13,yes,50
10334,1772419691,2026-03-01T18:48:11,86,14,no,70
10335,1772419691,2026-03-01T18:48:11,86,14,no,30
10336,1772419692,2026-03-01T18:48:12,87,13,yes,20
10337,1772419692,2026-03-01T18:48:12,87,13,yes,5
10338,1772419693,2026-03-01T18:48:13,87,13,yes,2
10339,1772419693,2026-03-01T18:48:13,87,13,yes,1
10340,1772419693,2026-03-01T18:48:13,87,13,yes,5
10341,1772419694,2026-03-01T18:48:14,87,13,yes,9
10342,1772419694,2026-03-01T18:48:14,87,13,yes,5
10343,1772419694,2026-03-01T18:48:14,87,13,yes,1
10344,1772419694,2026-03-01T18:48:14,87,13,yes,28
10345,1772419694,2026-03-01T18:48:14,86,14,no,16
10346,1772419695,2026-03-01T18:48:15,87,13,yes,731
10347,1772419697,2026-03-01T18:48:17,87,13,yes,28
10348,1772419698,2026-03-01T18:48:18,87,13,yes,113
10349,1772419698,2026-03-01T18:48:18,87,13,yes,22
10350,1772419700,2026-03-01T18:48:20,87,13,yes,20
10351,1772419700,2026-03-01T18:48:20,87,13,yes,55
10352,1772419701,2026-03-01T18:48:21,87,13,yes,5
10353,1772419701,2026-03-01T18:48:21,87,13,yes,10
10354,1772419705,2026-03-01T18:48:25,87,13,yes,2
10355,1772419707,2026-03-01T18:48:27,87,13,yes,200
10356,1772419711,2026-03-01T18:48:31,86,14,no,15
10357,1772419711,2026-03-01T18:48:31,87,13,yes,268
10358,1772419712,2026-03-01T18:48:32,86,14,no,153
10359,1772419713,2026-03-01T18:48:33,87,13,yes,20
10360,1772419713,2026-03-01T18:48:33,87,13,yes,651
10361,1772419713,2026-03-01T18:48:33,87,13,yes,20
10362,1772419713,2026-03-01T18:48:33,87,13,yes,26
10363,1772419715,2026-03-01T18:48:35,87,13,yes,561
10364,1772419715,2026-03-01T18:48:35,87,13,yes,227
10365,1772419716,2026-03-01T18:48:36,87,13,yes,227
10366,1772419718,2026-03-01T18:48:38,87,13,yes,10
10367,1772419718,2026-03-01T18:48:38,87,13,yes,19
10368,1772419719,2026-03-01T18:48:39,87,13,yes,1
10369,1772419720,2026-03-01T18:48:40,87,13,yes,12
10370,1772419720,2026-03-01T18:48:40,87,13,yes,9
10371,1772419720,2026-03-01T18:48:40,87,13,yes,9
10372,1772419721,2026-03-01T18:48:41,87,13,yes,2
10373,1772419721,2026-03-01T18:48:41,87,13,yes,4
10374,1772419721,2026-03-01T18:48:41,87,13,yes,6
10375,1772419723,2026-03-01T18:48:43,87,13,yes,22
10376,1772419725,2026-03-01T18:48:45,87,13,yes,17
10377,1772419727,2026-03-01T18:48:47,87,13,yes,90
10378,1772419727,2026-03-01T18:48:47,87,13,yes,10
10379,1772419728,2026-03-01T18:48:48,87,13,yes,37
10380,1772419729,2026-03-01T18:48:49,87,13,yes,11
10381,1772419732,2026-03-01T18:48:52,87,13,yes,1081
10382,1772419732,2026-03-01T18:48:52,88,12,yes,2
10383,1772419732,2026-03-01T18:48:52,88,12,yes,1
10384,1772419732,2026-03-01T18:48:52,88,12,yes,52
10385,1772419734,2026-03-01T18:48:54,88,12,yes,10
10386,1772419736,2026-03-01T18:48:56,88,12,no,200
10387,1772419737,2026-03-01T18:48:57,89,11,yes,50
10388,1772419737,2026-03-01T18:48:57,89,11,yes,37
10389,1772419737,2026-03-01T18:48:57,89,11,yes,40
10390,1772419737,2026-03-01T18:48:57,89,11,yes,41
10391,1772419737,2026-03-01T18:48:57,89,11,yes,98
10392,1772419737,2026-03-01T18:48:57,89,11,yes,8
10393,1772419740,2026-03-01T18:49:00,88,12,no,3482
10394,1772419740,2026-03-01T18:49:00,88,12,no,3
10395,1772419740,2026-03-01T18:49:00,88,12,no,2500
10396,1772419740,2026-03-01T18:49:00,88,12,no,3482
10397,1772419740,2026-03-01T18:49:00,88,12,no,2
10398,1772419741,2026-03-01T18:49:01,88,12,yes,223
10399,1772419741,2026-03-01T18:49:01,88,12,yes,446
10400,1772419742,2026-03-01T18:49:02,88,12,yes,582
10401,1772419743,2026-03-01T18:49:03,88,12,yes,20
10402,1772419743,2026-03-01T18:49:03,88,12,yes,20
10403,1772419744,2026-03-01T18:49:04,88,12,yes,42
10404,1772419744,2026-03-01T18:49:04,88,12,yes,28
10405,1772419744,2026-03-01T18:49:04,88,12,yes,105
10406,1772419745,2026-03-01T18:49:05,88,12,yes,56
10407,1772419745,2026-03-01T18:49:05,88,12,yes,17
10408,1772419745,2026-03-01T18:49:05,88,12,yes,2
10409,1772419746,2026-03-01T18:49:06,88,12,yes,304
10410,1772419747,2026-03-01T18:49:07,88,12,yes,11
10411,1772419747,2026-03-01T18:49:07,88,12,yes,6
10412,1772419749,2026-03-01T18:49:09,88,12,yes,130
10413,1772419749,2026-03-01T18:49:09,88,12,yes,1182
10414,1772419749,2026-03-01T18:49:09,88,12,yes,1
10415,1772419749,2026-03-01T18:49:09,88,12,yes,19
10416,1772419750,2026-03-01T18:49:10,88,12,yes,5
10417,1772419750,2026-03-01T18:49:10,88,12,yes,21
10418,1772419751,2026-03-01T18:49:11,88,12,yes,22
10419,1772419751,2026-03-01T18:49:11,88,12,yes,18
10420,1772419752,2026-03-01T18:49:12,88,12,yes,100
10421,1772419752,2026-03-01T18:49:12,88,12,yes,169
10422,1772419756,2026-03-01T18:49:16,89,11,yes,4
10423,1772419757,2026-03-01T18:49:17,89,11,yes,11
10424,1772419758,2026-03-01T18:49:18,89,11,yes,3
10425,1772419758,2026-03-01T18:49:18,89,11,yes,4
10426,1772419759,2026-03-01T18:49:19,89,11,yes,16
10427,1772419759,2026-03-01T18:49:19,88,12,no,111
10428,1772419759,2026-03-01T18:49:19,88,12,no,49
10429,1772419761,2026-03-01T18:49:21,89,11,yes,16
10430,1772419762,2026-03-01T18:49:22,90,10,yes,55
10431,1772419762,2026-03-01T18:49:22,90,10,yes,39
10432,1772419762,2026-03-01T18:49:22,90,10,yes,8
10433,1772419762,2026-03-01T18:49:22,90,10,yes,21
10434,1772419766,2026-03-01T18:49:26,90,10,yes,1
10435,1772419767,2026-03-01T18:49:27,90,10,yes,85
10436,1772419767,2026-03-01T18:49:27,90,10,yes,2299
10437,1772419768,2026-03-01T18:49:28,89,11,no,3
10438,1772419768,2026-03-01T18:49:28,89,11,no,46
10439,1772419768,2026-03-01T18:49:28,89,11,yes,100
10440,1772419768,2026-03-01T18:49:28,88,12,no,150
10441,1772419768,2026-03-01T18:49:28,88,12,no,2
10442,1772419768,2026-03-01T18:49:28,88,12,yes,551
10443,1772419768,2026-03-01T18:49:28,88,12,yes,1761
10444,1772419768,2026-03-01T18:49:28,89,11,yes,110
10445,1772419768,2026-03-01T18:49:28,89,11,yes,20
10446,1772419771,2026-03-01T18:49:31,88,12,yes,21
10447,1772419772,2026-03-01T18:49:32,88,12,yes,1
10448,1772419772,2026-03-01T18:49:32,88,12,yes,66
10449,1772419772,2026-03-01T18:49:32,88,12,yes,10
10450,1772419774,2026-03-01T18:49:34,88,12,yes,25
10451,1772419777,2026-03-01T18:49:37,88,12,yes,27
10452,1772419777,2026-03-01T18:49:37,88,12,yes,64
10453,1772419778,2026-03-01T18:49:38,89,11,yes,3
10454,1772419779,2026-03-01T18:49:39,89,11,yes,3
10455,1772419779,2026-03-01T18:49:39,89,11,yes,150
10456,1772419779,2026-03-01T18:49:39,89,11,yes,393
10457,1772419780,2026-03-01T18:49:40,90,10,yes,29
10458,1772419780,2026-03-01T18:49:40,90,10,yes,17
10459,1772419781,2026-03-01T18:49:41,90,10,yes,42
10460,1772419781,2026-03-01T18:49:41,90,10,yes,18
10461,1772419782,2026-03-01T18:49:42,89,11,no,7
10462,1772419783,2026-03-01T18:49:43,89,11,no,17
10463,1772419784,2026-03-01T18:49:44,90,10,yes,50
10464,1772419784,2026-03-01T18:49:44,90,10,yes,110
10465,1772419785,2026-03-01T18:49:45,90,10,yes,171
10466,1772419785,2026-03-01T18:49:45,90,10,no,17
10467,1772419787,2026-03-01T18:49:47,91,9,yes,23
10468,1772419787,2026-03-01T18:49:47,91,9,yes,1
10469,1772419788,2026-03-01T18:49:48,91,9,yes,6
10470,1772419788,2026-03-01T18:49:48,91,9,yes,80
10471,1772419791,2026-03-01T18:49:51,91,9,yes,53
10472,1772419792,2026-03-01T18:49:52,90,10,no,291
10473,1772419792,2026-03-01T18:49:52,91,9,yes,9
10474,1772419792,2026-03-01T18:49:52,91,9,yes,1
10475,1772419794,2026-03-01T18:49:54,90,10,no,284
10476,1772419795,2026-03-01T18:49:55,91,9,yes,32
10477,1772419799,2026-03-01T18:49:59,91,9,yes,3
10478,1772419799,2026-03-01T18:49:59,91,9,yes,876
10479,1772419799,2026-03-01T18:49:59,91,9,yes,43
10480,1772419799,2026-03-01T18:49:59,91,9,yes,1
10481,1772419799,2026-03-01T18:49:59,91,9,yes,1227
10482,1772419799,2026-03-01T18:49:59,91,9,yes,2
10483,1772419799,2026-03-01T18:49:59,91,9,yes,1
10484,1772419799,2026-03-01T18:49:59,91,9,yes,1
10485,1772419801,2026-03-01T18:50:01,90,10,no,1
10486,1772419801,2026-03-01T18:50:01,90,10,no,100
10487,1772419801,2026-03-01T18:50:01,90,10,no,1
10488,1772419801,2026-03-01T18:50:01,90,10,no,100
10489,1772419801,2026-03-01T18:50:01,90,10,yes,9
10490,1772419801,2026-03-01T18:50:01,89,11,no,100
10491,1772419801,2026-03-01T18:50:01,89,11,no,3
10492,1772419801,2026-03-01T18:50:01,89,11,no,848
10493,1772419801,2026-03-01T18:50:01,89,11,no,150
10494,1772419801,2026-03-01T18:50:01,89,11,yes,20
10495,1772419802,2026-03-01T18:50:02,89,11,yes,5
10496,1772419803,2026-03-01T18:50:03,89,11,yes,1041
10497,1772419803,2026-03-01T18:50:03,89,11,yes,74
10498,1772419803,2026-03-01T18:50:03,89,11,yes,60
10499,1772419804,2026-03-01T18:50:04,89,11,yes,11
10500,1772419805,2026-03-01T18:50:05,89,11,yes,50
10501,1772419806,2026-03-01T18:50:06,89,11,yes,9
10502,1772419806,2026-03-01T18:50:06,89,11,yes,164
10503,1772419807,2026-03-01T18:50:07,89,11,yes,54
10504,1772419807,2026-03-01T18:50:07,89,11,yes,50
10505,1772419808,2026-03-01T18:50:08,89,11,yes,50
10506,1772419808,2026-03-01T18:50:08,89,11,yes,111
10507,1772419810,2026-03-01T18:50:10,89,11,yes,22
10508,1772419811,2026-03-01T18:50:11,89,11,yes,16
10509,1772419811,2026-03-01T18:50:11,89,11,yes,223
10510,1772419811,2026-03-01T18:50:11,89,11,yes,20
10511,1772419811,2026-03-01T18:50:11,89,11,yes,10
10512,1772419812,2026-03-01T18:50:12,89,11,yes,1243
10513,1772419812,2026-03-01T18:50:12,89,11,yes,405
10514,1772419812,2026-03-01T18:50:12,89,11,yes,57
10515,1772419812,2026-03-01T18:50:12,89,11,yes,5
10516,1772419814,2026-03-01T18:50:14,88,12,no,1
10517,1772419814,2026-03-01T18:50:14,89,11,yes,100
10518,1772419817,2026-03-01T18:50:17,89,11,yes,2
10519,1772419818,2026-03-01T18:50:18,89,11,yes,50
10520,1772419819,2026-03-01T18:50:19,89,11,yes,54
10521,1772419820,2026-03-01T18:50:20,89,11,yes,156
10522,1772419821,2026-03-01T18:50:21,88,12,no,100
10523,1772419821,2026-03-01T18:50:21,88,12,no,1
10524,1772419823,2026-03-01T18:50:23,88,12,yes,1
10525,1772419825,2026-03-01T18:50:25,88,12,yes,5
10526,1772419826,2026-03-01T18:50:26,88,12,yes,140
10527,1772419826,2026-03-01T18:50:26,88,12,yes,2222
10528,1772419828,2026-03-01T18:50:28,88,12,yes,222
10529,1772419828,2026-03-01T18:50:28,88,12,yes,56
10530,1772419828,2026-03-01T18:50:28,88,12,yes,55
10531,1772419829,2026-03-01T18:50:29,88,12,yes,5
10532,1772419829,2026-03-01T18:50:29,88,12,yes,2
10533,1772419829,2026-03-01T18:50:29,87,13,no,5
10534,1772419829,2026-03-01T18:50:29,87,13,no,720
10535,1772419830,2026-03-01T18:50:30,88,12,yes,23
10536,1772419831,2026-03-01T18:50:31,88,12,yes,50
10537,1772419831,2026-03-01T18:50:31,88,12,yes,22
10538,1772419831,2026-03-01T18:50:31,88,12,yes,2
10539,1772419832,2026-03-01T18:50:32,87,13,no,2
10540,1772419832,2026-03-01T18:50:32,87,13,no,1
10541,1772419832,2026-03-01T18:50:32,87,13,no,5
10542,1772419833,2026-03-01T18:50:33,88,12,yes,555
10543,1772419833,2026-03-01T18:50:33,88,12,yes,11
10544,1772419834,2026-03-01T18:50:34,88,12,yes,264
10545,1772419835,2026-03-01T18:50:35,88,12,yes,112
10546,1772419836,2026-03-01T18:50:36,88,12,yes,111
10547,1772419836,2026-03-01T18:50:36,87,13,no,95
10548,1772419836,2026-03-01T18:50:36,87,13,no,1
10549,1772419836,2026-03-01T18:50:36,87,13,no,2
10550,1772419836,2026-03-01T18:50:36,87,13,no,1
10551,1772419836,2026-03-01T18:50:36,86,14,no,3
10552,1772419836,2026-03-01T18:50:36,86,14,no,28
10553,1772419836,2026-03-01T18:50:36,86,14,no,550
10554,1772419837,2026-03-01T18:50:37,88,12,yes,50
10555,1772419838,2026-03-01T18:50:38,88,12,yes,450
10556,1772419839,2026-03-01T18:50:39,88,12,yes,59
10557,1772419840,2026-03-01T18:50:40,88,12,yes,2
10558,1772419841,2026-03-01T18:50:41,88,12,yes,111
10559,1772419841,2026-03-01T18:50:41,88,12,yes,1000
10560,1772419842,2026-03-01T18:50:42,88,12,yes,16
10561,1772419842,2026-03-01T18:50:42,88,12,yes,3
10562,1772419843,2026-03-01T18:50:43,87,13,yes,33
10563,1772419843,2026-03-01T18:50:43,87,13,yes,10
10564,1772419844,2026-03-01T18:50:44,86,14,no,673
10565,1772419845,2026-03-01T18:50:45,87,13,yes,17
10566,1772419845,2026-03-01T18:50:45,87,13,yes,20
10567,1772419845,2026-03-01T18:50:45,87,13,yes,50
10568,1772419847,2026-03-01T18:50:47,87,13,yes,569
10569,1772419848,2026-03-01T18:50:48,87,13,yes,6
10570,1772419848,2026-03-01T18:50:48,87,13,yes,1
10571,1772419849,2026-03-01T18:50:49,87,13,yes,28
10572,1772419851,2026-03-01T18:50:51,87,13,yes,2
10573,1772419851,2026-03-01T18:50:51,87,13,yes,500
10574,1772419854,2026-03-01T18:50:54,87,13,yes,1
10575,1772419854,2026-03-01T18:50:54,87,13,yes,10
10576,1772419854,2026-03-01T18:50:54,87,13,yes,11
10577,1772419855,2026-03-01T18:50:55,87,13,yes,1
10578,1772419855,2026-03-01T18:50:55,87,13,yes,200
10579,1772419855,2026-03-01T18:50:55,87,13,yes,76
10580,1772419856,2026-03-01T18:50:56,87,13,yes,5
10581,1772419856,2026-03-01T18:50:56,87,13,yes,34
10582,1772419857,2026-03-01T18:50:57,87,13,yes,15
10583,1772419859,2026-03-01T18:50:59,87,13,yes,11
10584,1772419859,2026-03-01T18:50:59,87,13,yes,2
10585,1772419859,2026-03-01T18:50:59,87,13,yes,5
10586,1772419860,2026-03-01T18:51:00,87,13,yes,5
10587,1772419861,2026-03-01T18:51:01,87,13,yes,152
10588,1772419862,2026-03-01T18:51:02,86,14,no,200
10589,1772419863,2026-03-01T18:51:03,87,13,yes,11
10590,1772419864,2026-03-01T18:51:04,87,13,yes,56
10591,1772419864,2026-03-01T18:51:04,87,13,yes,11
10592,1772419865,2026-03-01T18:51:05,87,13,yes,68
10593,1772419868,2026-03-01T18:51:08,87,13,yes,100
10594,1772419868,2026-03-01T18:51:08,87,13,yes,1400
10595,1772419869,2026-03-01T18:51:09,86,14,no,323
10596,1772419869,2026-03-01T18:51:09,87,13,yes,561
10597,1772419869,2026-03-01T18:51:09,87,13,yes,17
10598,1772419869,2026-03-01T18:51:09,87,13,yes,67
10599,1772419871,2026-03-01T18:51:11,87,13,yes,93
10600,1772419871,2026-03-01T18:51:11,87,13,yes,14
10601,1772419872,2026-03-01T18:51:12,87,13,yes,50
10602,1772419873,2026-03-01T18:51:13,87,13,yes,5
10603,1772419873,2026-03-01T18:51:13,87,13,yes,28
10604,1772419873,2026-03-01T18:51:13,87,13,yes,26
10605,1772419874,2026-03-01T18:51:14,87,13,yes,45
10606,1772419874,2026-03-01T18:51:14,87,13,yes,561
10607,1772419875,2026-03-01T18:51:15,87,13,yes,11
10608,1772419876,2026-03-01T18:51:16,87,13,yes,54
10609,1772419877,2026-03-01T18:51:17,86,14,no,200
10610,1772419878,2026-03-01T18:51:18,87,13,yes,1
10611,1772419878,2026-03-01T18:51:18,87,13,yes,5
10612,1772419878,2026-03-01T18:51:18,87,13,yes,1
10613,1772419880,2026-03-01T18:51:20,87,13,yes,1
10614,1772419880,2026-03-01T18:51:20,87,13,yes,1000
10615,1772419881,2026-03-01T18:51:21,87,13,yes,136
10616,1772419882,2026-03-01T18:51:22,87,13,yes,115
10617,1772419882,2026-03-01T18:51:22,87,13,yes,10
10618,1772419882,2026-03-01T18:51:22,87,13,yes,487
10619,1772419883,2026-03-01T18:51:23,87,13,yes,9
10620,1772419883,2026-03-01T18:51:23,86,14,no,34
10621,1772419883,2026-03-01T18:51:23,87,13,yes,87
10622,1772419884,2026-03-01T18:51:24,87,13,yes,2
10623,1772419884,2026-03-01T18:51:24,87,13,yes,145
10624,1772419884,2026-03-01T18:51:24,87,13,yes,493
10625,1772419884,2026-03-01T18:51:24,87,13,yes,50
10626,1772419885,2026-03-01T18:51:25,86,14,no,72
10627,1772419886,2026-03-01T18:51:26,87,13,yes,8
10628,1772419888,2026-03-01T18:51:28,87,13,yes,56
10629,1772419888,2026-03-01T18:51:28,86,14,no,3
10630,1772419888,2026-03-01T18:51:28,86,14,no,689
10631,1772419889,2026-03-01T18:51:29,87,13,yes,17
10632,1772419891,2026-03-01T18:51:31,87,13,yes,896
10633,1772419891,2026-03-01T18:51:31,87,13,yes,115
10634,1772419892,2026-03-01T18:51:32,87,13,yes,99
10635,1772419893,2026-03-01T18:51:33,86,14,no,100
10636,1772419894,2026-03-01T18:51:34,87,13,yes,11
10637,1772419894,2026-03-01T18:51:34,87,13,yes,10
10638,1772419895,2026-03-01T18:51:35,87,13,yes,113
10639,1772419896,2026-03-01T18:51:36,87,13,yes,337
10640,1772419897,2026-03-01T18:51:37,87,13,yes,25
10641,1772419897,2026-03-01T18:51:37,87,13,yes,75
10642,1772419898,2026-03-01T18:51:38,88,12,yes,11
10643,1772419899,2026-03-01T18:51:39,88,12,yes,84
10644,1772419900,2026-03-01T18:51:40,88,12,yes,1
10645,1772419901,2026-03-01T18:51:41,88,12,yes,80
10646,1772419902,2026-03-01T18:51:42,88,12,yes,222
10647,1772419902,2026-03-01T18:51:42,88,12,yes,22
10648,1772419903,2026-03-01T18:51:43,88,12,yes,1
10649,1772419904,2026-03-01T18:51:44,88,12,yes,173
10650,1772419905,2026-03-01T18:51:45,88,12,yes,534
10651,1772419905,2026-03-01T18:51:45,88,12,yes,4
10652,1772419906,2026-03-01T18:51:46,88,12,yes,80
10653,1772419906,2026-03-01T18:51:46,88,12,yes,1
10654,1772419908,2026-03-01T18:51:48,88,12,yes,10
10655,1772419908,2026-03-01T18:51:48,88,12,yes,50
10656,1772419909,2026-03-01T18:51:49,88,12,yes,5
10657,1772419910,2026-03-01T18:51:50,87,13,no,3
10658,1772419910,2026-03-01T18:51:50,87,13,no,1
10659,1772419910,2026-03-01T18:51:50,87,13,no,55
10660,1772419910,2026-03-01T18:51:50,87,13,no,89
10661,1772419911,2026-03-01T18:51:51,87,13,yes,20
10662,1772419913,2026-03-01T18:51:53,87,13,yes,5
10663,1772419914,2026-03-01T18:51:54,87,13,yes,5
10664,1772419914,2026-03-01T18:51:54,87,13,yes,16
10665,1772419916,2026-03-01T18:51:56,87,13,yes,11
10666,1772419916,2026-03-01T18:51:56,86,14,no,5
10667,1772419918,2026-03-01T18:51:58,87,13,yes,44
10668,1772419919,2026-03-01T18:51:59,87,13,yes,34
10669,1772419919,2026-03-01T18:51:59,87,13,yes,5
10670,1772419919,2026-03-01T18:51:59,87,13,yes,2
10671,1772419919,2026-03-01T18:51:59,87,13,yes,12
10672,1772419919,2026-03-01T18:51:59,87,13,yes,2
10673,1772419919,2026-03-01T18:51:59,87,13,yes,112
10674,1772419919,2026-03-01T18:51:59,87,13,yes,398
10675,1772419920,2026-03-01T18:52:00,87,13,yes,672
10676,1772419920,2026-03-01T18:52:00,87,13,yes,25
10677,1772419920,2026-03-01T18:52:00,87,13,yes,46
10678,1772419921,2026-03-01T18:52:01,87,13,yes,1
10679,1772419922,2026-03-01T18:52:02,87,13,yes,224
10680,1772419922,2026-03-01T18:52:02,87,13,yes,16
10681,1772419923,2026-03-01T18:52:03,87,13,yes,56
10682,1772419925,2026-03-01T18:52:05,87,13,yes,59
10683,1772419927,2026-03-01T18:52:07,87,13,yes,62
10684,1772419928,2026-03-01T18:52:08,87,13,yes,86
10685,1772419928,2026-03-01T18:52:08,87,13,yes,2245
10686,1772419929,2026-03-01T18:52:09,87,13,yes,41
10687,1772419929,2026-03-01T18:52:09,88,12,yes,27
10688,1772419930,2026-03-01T18:52:10,88,12,yes,2
10689,1772419932,2026-03-01T18:52:12,88,12,yes,33
10690,1772419932,2026-03-01T18:52:12,88,12,yes,5
10691,1772419933,2026-03-01T18:52:13,88,12,yes,38
10692,1772419933,2026-03-01T18:52:13,88,12,yes,2
10693,1772419933,2026-03-01T18:52:13,88,12,yes,1
10694,1772419933,2026-03-01T18:52:13,89,11,yes,1
10695,1772419933,2026-03-01T18:52:13,89,11,yes,24
10696,1772419933,2026-03-01T18:52:13,89,11,yes,6
10697,1772419933,2026-03-01T18:52:13,89,11,yes,47
10698,1772419936,2026-03-01T18:52:16,88,12,no,18
10699,1772419937,2026-03-01T18:52:17,89,11,yes,29
10700,1772419937,2026-03-01T18:52:17,89,11,yes,258
10701,1772419937,2026-03-01T18:52:17,89,11,yes,223
10702,1772419939,2026-03-01T18:52:19,89,11,yes,111
10703,1772419939,2026-03-01T18:52:19,89,11,yes,10
10704,1772419940,2026-03-01T18:52:20,89,11,yes,1
10705,1772419941,2026-03-01T18:52:21,89,11,yes,945
10706,1772419942,2026-03-01T18:52:22,89,11,yes,334
10707,1772419944,2026-03-01T18:52:24,89,11,yes,10
10708,1772419945,2026-03-01T18:52:25,89,11,yes,111
10709,1772419945,2026-03-01T18:52:25,89,11,yes,55
10710,1772419947,2026-03-01T18:52:27,89,11,yes,245
10711,1772419947,2026-03-01T18:52:27,89,11,yes,22
10712,1772419947,2026-03-01T18:52:27,89,11,yes,717
10713,1772419949,2026-03-01T18:52:29,89,11,yes,2
10714,1772419949,2026-03-01T18:52:29,89,11,yes,21
10715,1772419950,2026-03-01T18:52:30,89,11,yes,100
10716,1772419950,2026-03-01T18:52:30,89,11,yes,5
10717,1772419952,2026-03-01T18:52:32,89,11,yes,111
10718,1772419953,2026-03-01T18:52:33,89,11,yes,55
10719,1772419954,2026-03-01T18:52:34,89,11,yes,132
10720,1772419955,2026-03-01T18:52:35,89,11,yes,37
10721,1772419956,2026-03-01T18:52:36,89,11,yes,5
10722,1772419958,2026-03-01T18:52:38,89,11,yes,7
10723,1772419958,2026-03-01T18:52:38,89,11,yes,100
10724,1772419960,2026-03-01T18:52:40,89,11,yes,163
10725,1772419960,2026-03-01T18:52:40,89,11,yes,53
10726,1772419961,2026-03-01T18:52:41,88,12,no,77
10727,1772419961,2026-03-01T18:52:41,89,11,yes,6
10728,1772419961,2026-03-01T18:52:41,89,11,yes,5964
10729,1772419961,2026-03-01T18:52:41,89,11,yes,29
10730,1772419961,2026-03-01T18:52:41,89,11,yes,3466
10731,1772419961,2026-03-01T18:52:41,89,11,yes,3466
10732,1772419961,2026-03-01T18:52:41,89,11,yes,3466
10733,1772419961,2026-03-01T18:52:41,89,11,yes,3466
10734,1772419961,2026-03-01T18:52:41,89,11,yes,3466
10735,1772419961,2026-03-01T18:52:41,89,11,yes,3466
10736,1772419961,2026-03-01T18:52:41,89,11,yes,3236
10737,1772419961,2026-03-01T18:52:41,89,11,yes,3466
10738,1772419961,2026-03-01T18:52:41,89,11,yes,3
10739,1772419961,2026-03-01T18:52:41,90,10,yes,750
10740,1772419961,2026-03-01T18:52:41,90,10,yes,100
10741,1772419961,2026-03-01T18:52:41,90,10,yes,11
10742,1772419961,2026-03-01T18:52:41,90,10,yes,10
10743,1772419961,2026-03-01T18:52:41,90,10,yes,704
10744,1772419961,2026-03-01T18:52:41,90,10,yes,21
10745,1772419961,2026-03-01T18:52:41,90,10,yes,2887
10746,1772419963,2026-03-01T18:52:43,90,10,yes,150
10747,1772419963,2026-03-01T18:52:43,90,10,yes,1
10748,1772419963,2026-03-01T18:52:43,90,10,yes,118
10749,1772419963,2026-03-01T18:52:43,90,10,yes,2
10750,1772419963,2026-03-01T18:52:43,90,10,yes,2259
10751,1772419965,2026-03-01T18:52:45,89,11,no,3273
10752,1772419966,2026-03-01T18:52:46,90,10,yes,118
10753,1772419966,2026-03-01T18:52:46,90,10,yes,967
10754,1772419966,2026-03-01T18:52:46,90,10,yes,15
10755,1772419966,2026-03-01T18:52:46,90,10,yes,3
10756,1772419966,2026-03-01T18:52:46,90,10,yes,3
10757,1772419970,2026-03-01T18:52:50,90,10,yes,16
10758,1772419971,2026-03-01T18:52:51,90,10,yes,1
10759,1772419972,2026-03-01T18:52:52,89,11,yes,155
10760,1772419975,2026-03-01T18:52:55,89,11,no,7
10761,1772419975,2026-03-01T18:52:55,90,10,yes,18
10762,1772419976,2026-03-01T18:52:56,91,9,yes,10
10763,1772419976,2026-03-01T18:52:56,91,9,yes,5
10764,1772419978,2026-03-01T18:52:58,89,11,no,85
10765,1772419980,2026-03-01T18:53:00,90,10,yes,18
10766,1772419980,2026-03-01T18:53:00,91,9,yes,255
10767,1772419981,2026-03-01T18:53:01,91,9,yes,26
10768,1772419982,2026-03-01T18:53:02,91,9,yes,109
10769,1772419983,2026-03-01T18:53:03,91,9,yes,3
10770,1772419984,2026-03-01T18:53:04,91,9,yes,16
10771,1772419986,2026-03-01T18:53:06,91,9,yes,5
10772,1772419986,2026-03-01T18:53:06,91,9,yes,101
10773,1772419986,2026-03-01T18:53:06,91,9,yes,1
10774,1772419987,2026-03-01T18:53:07,91,9,yes,219
10775,1772419987,2026-03-01T18:53:07,91,9,yes,16
10776,1772419987,2026-03-01T18:53:07,91,9,yes,41
10777,1772419987,2026-03-01T18:53:07,91,9,yes,724
10778,1772419988,2026-03-01T18:53:08,91,9,yes,2
10779,1772419989,2026-03-01T18:53:09,91,9,yes,26
10780,1772419990,2026-03-01T18:53:10,89,11,no,117
10781,1772419991,2026-03-01T18:53:11,89,11,no,129
10782,1772419991,2026-03-01T18:53:11,91,9,yes,90
10783,1772419991,2026-03-01T18:53:11,91,9,yes,29
10784,1772419992,2026-03-01T18:53:12,91,9,yes,215
10785,1772419994,2026-03-01T18:53:14,91,9,yes,1
10786,1772419994,2026-03-01T18:53:14,91,9,yes,1
10787,1772419996,2026-03-01T18:53:16,90,10,yes,50
10788,1772419996,2026-03-01T18:53:16,90,10,yes,5
10789,1772419997,2026-03-01T18:53:17,90,10,yes,3456
10790,1772419997,2026-03-01T18:53:17,90,10,yes,7500
10791,1772419997,2026-03-01T18:53:17,90,10,yes,3456
10792,1772419997,2026-03-01T18:53:17,90,10,yes,3456
10793,1772419997,2026-03-01T18:53:17,90,10,yes,3456
10794,1772419997,2026-03-01T18:53:17,90,10,yes,20
10795,1772419997,2026-03-01T18:53:17,91,9,yes,28
10796,1772419997,2026-03-01T18:53:17,91,9,yes,90
10797,1772419997,2026-03-01T18:53:17,91,9,yes,2
10798,1772419997,2026-03-01T18:53:17,91,9,yes,20
10799,1772419997,2026-03-01T18:53:17,91,9,yes,3456
10800,1772419997,2026-03-01T18:53:17,91,9,yes,38
10801,1772419997,2026-03-01T18:53:17,91,9,yes,7
10802,1772420000,2026-03-01T18:53:20,92,8,yes,5
10803,1772420000,2026-03-01T18:53:20,92,8,yes,3
10804,1772420001,2026-03-01T18:53:21,91,9,yes,2
10805,1772420001,2026-03-01T18:53:21,91,9,yes,4
10806,1772420002,2026-03-01T18:53:22,91,9,yes,35
10807,1772420002,2026-03-01T18:53:22,91,9,yes,1
10808,1772420002,2026-03-01T18:53:22,90,10,no,102
10809,1772420004,2026-03-01T18:53:24,91,9,yes,21
10810,1772420005,2026-03-01T18:53:25,91,9,yes,87
10811,1772420005,2026-03-01T18:53:25,91,9,yes,20
10812,1772420006,2026-03-01T18:53:26,91,9,yes,27
10813,1772420006,2026-03-01T18:53:26,90,10,no,2
10814,1772420006,2026-03-01T18:53:26,90,10,no,88
10815,1772420006,2026-03-01T18:53:26,91,9,yes,11
10816,1772420008,2026-03-01T18:53:28,90,10,no,207
10817,1772420008,2026-03-01T18:53:28,91,9,yes,230
10818,1772420009,2026-03-01T18:53:29,91,9,yes,5
10819,1772420009,2026-03-01T18:53:29,91,9,yes,1
10820,1772420010,2026-03-01T18:53:30,91,9,yes,5
10821,1772420010,2026-03-01T18:53:30,91,9,yes,5
10822,1772420012,2026-03-01T18:53:32,91,9,yes,50
10823,1772420012,2026-03-01T18:53:32,91,9,yes,546
10824,1772420013,2026-03-01T18:53:33,91,9,yes,5
10825,1772420014,2026-03-01T18:53:34,91,9,yes,1100
10826,1772420014,2026-03-01T18:53:34,91,9,yes,43
10827,1772420014,2026-03-01T18:53:34,91,9,yes,32
10828,1772420017,2026-03-01T18:53:37,91,9,yes,21
10829,1772420017,2026-03-01T18:53:37,91,9,yes,3
10830,1772420018,2026-03-01T18:53:38,91,9,yes,2335
10831,1772420019,2026-03-01T18:53:39,91,9,yes,53
10832,1772420020,2026-03-01T18:53:40,91,9,yes,14
10833,1772420022,2026-03-01T18:53:42,91,9,yes,2994
10834,1772420022,2026-03-01T18:53:42,91,9,yes,2
10835,1772420022,2026-03-01T18:53:42,91,9,yes,1024
10836,1772420022,2026-03-01T18:53:42,91,9,yes,20
10837,1772420022,2026-03-01T18:53:42,91,9,yes,18
10838,1772420024,2026-03-01T18:53:44,91,9,yes,5
10839,1772420024,2026-03-01T18:53:44,91,9,yes,321
10840,1772420025,2026-03-01T18:53:45,90,10,no,40
10841,1772420027,2026-03-01T18:53:47,91,9,yes,21
10842,1772420028,2026-03-01T18:53:48,90,10,no,50
10843,1772420028,2026-03-01T18:53:48,91,9,yes,1
10844,1772420029,2026-03-01T18:53:49,91,9,yes,13
10845,1772420030,2026-03-01T18:53:50,91,9,yes,50
10846,1772420030,2026-03-01T18:53:50,91,9,yes,327
10847,1772420033,2026-03-01T18:53:53,91,9,yes,8
10848,1772420033,2026-03-01T18:53:53,91,9,yes,16
10849,1772420034,2026-03-01T18:53:54,91,9,yes,54
10850,1772420036,2026-03-01T18:53:56,91,9,yes,689
10851,1772420037,2026-03-01T18:53:57,91,9,yes,1933
10852,1772420037,2026-03-01T18:53:57,91,9,yes,251
10853,1772420037,2026-03-01T18:53:57,91,9,yes,1511
10854,1772420040,2026-03-01T18:54:00,91,9,yes,19
10855,1772420040,2026-03-01T18:54:00,91,9,yes,124
10856,1772420040,2026-03-01T18:54:00,91,9,yes,7
10857,1772420040,2026-03-01T18:54:00,90,10,no,53
10858,1772420040,2026-03-01T18:54:00,91,9,yes,12
10859,1772420042,2026-03-01T18:54:02,90,10,no,28
10860,1772420042,2026-03-01T18:54:02,91,9,yes,2
10861,1772420043,2026-03-01T18:54:03,90,10,no,28
10862,1772420043,2026-03-01T18:54:03,90,10,no,506
10863,1772420043,2026-03-01T18:54:03,90,10,no,492
10864,1772420044,2026-03-01T18:54:04,91,9,yes,2
10865,1772420044,2026-03-01T18:54:04,91,9,yes,18
10866,1772420045,2026-03-01T18:54:05,90,10,no,140
10867,1772420046,2026-03-01T18:54:06,91,9,yes,114
10868,1772420046,2026-03-01T18:54:06,90,10,no,22
10869,1772420047,2026-03-01T18:54:07,91,9,yes,6
10870,1772420047,2026-03-01T18:54:07,91,9,yes,121
10871,1772420049,2026-03-01T18:54:09,91,9,yes,128
10872,1772420049,2026-03-01T18:54:09,91,9,yes,879
10873,1772420049,2026-03-01T18:54:09,91,9,yes,193
10874,1772420053,2026-03-01T18:54:13,91,9,yes,2
10875,1772420054,2026-03-01T18:54:14,91,9,yes,3
10876,1772420054,2026-03-01T18:54:14,91,9,yes,24
10877,1772420056,2026-03-01T18:54:16,91,9,yes,31
10878,1772420056,2026-03-01T18:54:16,91,9,yes,21
10879,1772420056,2026-03-01T18:54:16,91,9,yes,14
10880,1772420057,2026-03-01T18:54:17,91,9,yes,2
10881,1772420058,2026-03-01T18:54:18,91,9,yes,1
10882,1772420060,2026-03-01T18:54:20,91,9,yes,870
10883,1772420061,2026-03-01T18:54:21,91,9,yes,6
10884,1772420061,2026-03-01T18:54:21,91,9,yes,822
10885,1772420062,2026-03-01T18:54:22,91,9,yes,107
10886,1772420062,2026-03-01T18:54:22,91,9,yes,250
10887,1772420063,2026-03-01T18:54:23,91,9,yes,5
10888,1772420064,2026-03-01T18:54:24,90,10,no,1846
10889,1772420064,2026-03-01T18:54:24,90,10,no,401
10890,1772420065,2026-03-01T18:54:25,90,10,no,21
10891,1772420065,2026-03-01T18:54:25,91,9,yes,28
10892,1772420066,2026-03-01T18:54:26,91,9,yes,10
10893,1772420068,2026-03-01T18:54:28,91,9,yes,2
10894,1772420069,2026-03-01T18:54:29,91,9,yes,1
10895,1772420070,2026-03-01T18:54:30,90,10,no,8
10896,1772420070,2026-03-01T18:54:30,90,10,no,143
10897,1772420070,2026-03-01T18:54:30,90,10,no,27
10898,1772420070,2026-03-01T18:54:30,91,9,yes,5
10899,1772420070,2026-03-01T18:54:30,91,9,yes,26
10900,1772420071,2026-03-01T18:54:31,91,9,yes,10
10901,1772420071,2026-03-01T18:54:31,91,9,yes,2
10902,1772420073,2026-03-01T18:54:33,91,9,yes,3
10903,1772420074,2026-03-01T18:54:34,91,9,yes,1
10904,1772420075,2026-03-01T18:54:35,91,9,yes,1
10905,1772420075,2026-03-01T18:54:35,90,10,no,5
10906,1772420075,2026-03-01T18:54:35,91,9,yes,1
10907,1772420079,2026-03-01T18:54:39,91,9,yes,178
10908,1772420081,2026-03-01T18:54:41,91,9,yes,1
10909,1772420083,2026-03-01T18:54:43,91,9,yes,5
10910,1772420083,2026-03-01T18:54:43,91,9,yes,10
10911,1772420084,2026-03-01T18:54:44,91,9,yes,1070
10912,1772420085,2026-03-01T18:54:45,91,9,yes,3
10913,1772420085,2026-03-01T18:54:45,91,9,yes,6
10914,1772420087,2026-03-01T18:54:47,91,9,yes,1075
10915,1772420087,2026-03-01T18:54:47,91,9,yes,118
10916,1772420087,2026-03-01T18:54:47,91,9,yes,28
10917,1772420087,2026-03-01T18:54:47,91,9,yes,2
10918,1772420087,2026-03-01T18:54:47,91,9,yes,7500
10919,1772420087,2026-03-01T18:54:47,91,9,yes,3925
10920,1772420089,2026-03-01T18:54:49,91,9,yes,19
10921,1772420089,2026-03-01T18:54:49,90,10,no,170
10922,1772420089,2026-03-01T18:54:49,90,10,no,100
10923,1772420090,2026-03-01T18:54:50,90,10,yes,10
10924,1772420091,2026-03-01T18:54:51,90,10,yes,88
10925,1772420092,2026-03-01T18:54:52,89,11,no,1
10926,1772420092,2026-03-01T18:54:52,89,11,no,100
10927,1772420092,2026-03-01T18:54:52,89,11,no,25
10928,1772420092,2026-03-01T18:54:52,89,11,no,2
10929,1772420092,2026-03-01T18:54:52,88,12,no,100
10930,1772420092,2026-03-01T18:54:52,88,12,no,820
10931,1772420092,2026-03-01T18:54:52,88,12,no,37
10932,1772420092,2026-03-01T18:54:52,88,12,no,4
10933,1772420092,2026-03-01T18:54:52,88,12,no,34
10934,1772420092,2026-03-01T18:54:52,88,12,no,150
10935,1772420092,2026-03-01T18:54:52,88,12,no,912
10936,1772420092,2026-03-01T18:54:52,89,11,yes,5
10937,1772420093,2026-03-01T18:54:53,88,12,yes,455
10938,1772420093,2026-03-01T18:54:53,88,12,yes,159
10939,1772420094,2026-03-01T18:54:54,87,13,no,9
10940,1772420094,2026-03-01T18:54:54,87,13,no,57
10941,1772420094,2026-03-01T18:54:54,87,13,no,2
10942,1772420094,2026-03-01T18:54:54,87,13,no,15
10943,1772420094,2026-03-01T18:54:54,87,13,yes,56
10944,1772420095,2026-03-01T18:54:55,87,13,yes,1769
10945,1772420096,2026-03-01T18:54:56,87,13,yes,1
10946,1772420096,2026-03-01T18:54:56,86,14,no,206
10947,1772420096,2026-03-01T18:54:56,86,14,no,5000
10948,1772420096,2026-03-01T18:54:56,86,14,no,1000
10949,1772420096,2026-03-01T18:54:56,86,14,no,10
10950,1772420096,2026-03-01T18:54:56,86,14,no,10000
10951,1772420096,2026-03-01T18:54:56,86,14,no,10
10952,1772420096,2026-03-01T18:54:56,86,14,no,2
10953,1772420097,2026-03-01T18:54:57,86,14,yes,1480
10954,1772420098,2026-03-01T18:54:58,86,14,yes,25
10955,1772420098,2026-03-01T18:54:58,86,14,yes,38
10956,1772420099,2026-03-01T18:54:59,86,14,yes,2
10957,1772420100,2026-03-01T18:55:00,86,14,yes,454
10958,1772420100,2026-03-01T18:55:00,86,14,yes,567
10959,1772420101,2026-03-01T18:55:01,86,14,yes,30
10960,1772420101,2026-03-01T18:55:01,86,14,yes,35
10961,1772420101,2026-03-01T18:55:01,86,14,yes,3564
10962,1772420101,2026-03-01T18:55:01,86,14,yes,3
10963,1772420102,2026-03-01T18:55:02,86,14,yes,22
10964,1772420102,2026-03-01T18:55:02,86,14,yes,30
10965,1772420102,2026-03-01T18:55:02,86,14,yes,2
10966,1772420103,2026-03-01T18:55:03,86,14,yes,2520
10967,1772420103,2026-03-01T18:55:03,86,14,yes,1247
10968,1772420103,2026-03-01T18:55:03,86,14,yes,3437
10969,1772420103,2026-03-01T18:55:03,86,14,yes,636
10970,1772420103,2026-03-01T18:55:03,86,14,yes,115
10971,1772420104,2026-03-01T18:55:04,86,14,yes,681
10972,1772420105,2026-03-01T18:55:05,86,14,yes,454
10973,1772420105,2026-03-01T18:55:05,86,14,yes,408
10974,1772420105,2026-03-01T18:55:05,86,14,yes,4
10975,1772420105,2026-03-01T18:55:05,86,14,yes,5
10976,1772420106,2026-03-01T18:55:06,86,14,yes,11
10977,1772420106,2026-03-01T18:55:06,86,14,yes,195
10978,1772420107,2026-03-01T18:55:07,86,14,yes,200
10979,1772420107,2026-03-01T18:55:07,86,14,yes,9
10980,1772420107,2026-03-01T18:55:07,86,14,yes,2272
10981,1772420108,2026-03-01T18:55:08,86,14,yes,500
10982,1772420108,2026-03-01T18:55:08,85,15,no,8
10983,1772420110,2026-03-01T18:55:10,86,14,yes,80
10984,1772420110,2026-03-01T18:55:10,86,14,yes,56
10985,1772420112,2026-03-01T18:55:12,86,14,yes,4
10986,1772420113,2026-03-01T18:55:13,86,14,yes,57
10987,1772420113,2026-03-01T18:55:13,86,14,yes,2
10988,1772420114,2026-03-01T18:55:14,86,14,yes,1
10989,1772420114,2026-03-01T18:55:14,85,15,no,2
10990,1772420114,2026-03-01T18:55:14,86,14,yes,345
10991,1772420114,2026-03-01T18:55:14,86,14,yes,5
10992,1772420115,2026-03-01T18:55:15,85,15,no,81
10993,1772420116,2026-03-01T18:55:16,86,14,yes,2500
10994,1772420116,2026-03-01T18:55:16,85,15,no,9
10995,1772420116,2026-03-01T18:55:16,85,15,no,16
10996,1772420116,2026-03-01T18:55:16,85,15,no,9
10997,1772420116,2026-03-01T18:55:16,85,15,no,91
10998,1772420116,2026-03-01T18:55:16,85,15,no,9
10999,1772420116,2026-03-01T18:55:16,85,15,no,91
11000,1772420117,2026-03-01T18:55:17,86,14,yes,22
11001,1772420117,2026-03-01T18:55:17,85,15,no,100
11002,1772420117,2026-03-01T18:55:17,85,15,no,100
11003,1772420118,2026-03-01T18:55:18,86,14,yes,93
11004,1772420119,2026-03-01T18:55:19,86,14,yes,268
11005,1772420119,2026-03-01T18:55:19,85,15,no,31
11006,1772420120,2026-03-01T18:55:20,85,15,no,1
11007,1772420120,2026-03-01T18:55:20,86,14,yes,9
11008,1772420120,2026-03-01T18:55:20,86,14,yes,47
11009,1772420120,2026-03-01T18:55:20,85,15,no,50
11010,1772420121,2026-03-01T18:55:21,86,14,yes,4
11011,1772420121,2026-03-01T18:55:21,85,15,no,24
11012,1772420121,2026-03-01T18:55:21,86,14,yes,1
11013,1772420121,2026-03-01T18:55:21,86,14,yes,15
11014,1772420121,2026-03-01T18:55:21,86,14,yes,330
11015,1772420121,2026-03-01T18:55:21,86,14,yes,79
11016,1772420121,2026-03-01T18:55:21,86,14,yes,4270
11017,1772420121,2026-03-01T18:55:21,86,14,yes,129
11018,1772420125,2026-03-01T18:55:25,86,14,yes,11
11019,1772420125,2026-03-01T18:55:25,86,14,yes,87
11020,1772420126,2026-03-01T18:55:26,86,14,yes,20
11021,1772420126,2026-03-01T18:55:26,86,14,yes,2
11022,1772420126,2026-03-01T18:55:26,86,14,yes,947
11023,1772420126,2026-03-01T18:55:26,86,14,yes,3437
11024,1772420126,2026-03-01T18:55:26,86,14,yes,3437
11025,1772420126,2026-03-01T18:55:26,86,14,yes,150
11026,1772420126,2026-03-01T18:55:26,86,14,yes,2007
11027,1772420126,2026-03-01T18:55:26,86,14,yes,4
11028,1772420126,2026-03-01T18:55:26,86,14,yes,3
11029,1772420127,2026-03-01T18:55:27,86,14,yes,1
11030,1772420127,2026-03-01T18:55:27,86,14,yes,170
11031,1772420128,2026-03-01T18:55:28,86,14,yes,1000
11032,1772420129,2026-03-01T18:55:29,86,14,yes,1
11033,1772420130,2026-03-01T18:55:30,86,14,yes,4
11034,1772420132,2026-03-01T18:55:32,85,15,no,1052
11035,1772420132,2026-03-01T18:55:32,85,15,no,1
11036,1772420132,2026-03-01T18:55:32,86,14,yes,32
11037,1772420132,2026-03-01T18:55:32,86,14,yes,25
11038,1772420133,2026-03-01T18:55:33,86,14,yes,23
11039,1772420133,2026-03-01T18:55:33,86,14,yes,10
11040,1772420134,2026-03-01T18:55:34,85,15,no,76
11041,1772420134,2026-03-01T18:55:34,86,14,yes,5
11042,1772420134,2026-03-01T18:55:34,85,15,no,431
11043,1772420134,2026-03-01T18:55:34,86,14,yes,11
11044,1772420134,2026-03-01T18:55:34,86,14,yes,24
11045,1772420134,2026-03-01T18:55:34,86,14,yes,2
11046,1772420134,2026-03-01T18:55:34,86,14,yes,11
11047,1772420134,2026-03-01T18:55:34,86,14,yes,42
11048,1772420135,2026-03-01T18:55:35,86,14,yes,17
11049,1772420135,2026-03-01T18:55:35,86,14,yes,45
11050,1772420135,2026-03-01T18:55:35,86,14,yes,182
11051,1772420135,2026-03-01T18:55:35,86,14,yes,10
11052,1772420136,2026-03-01T18:55:36,86,14,yes,1
11053,1772420137,2026-03-01T18:55:37,86,14,yes,100
11054,1772420138,2026-03-01T18:55:38,86,14,yes,59
11055,1772420139,2026-03-01T18:55:39,86,14,yes,113
11056,1772420139,2026-03-01T18:55:39,86,14,yes,20
11057,1772420140,2026-03-01T18:55:40,86,14,yes,3
11058,1772420141,2026-03-01T18:55:41,86,14,yes,100
11059,1772420142,2026-03-01T18:55:42,85,15,no,43
11060,1772420143,2026-03-01T18:55:43,86,14,yes,26
11061,1772420143,2026-03-01T18:55:43,86,14,yes,139
11062,1772420143,2026-03-01T18:55:43,86,14,yes,33
11063,1772420143,2026-03-01T18:55:43,86,14,yes,11
11064,1772420143,2026-03-01T18:55:43,86,14,yes,40
11065,1772420143,2026-03-01T18:55:43,86,14,yes,2
11066,1772420143,2026-03-01T18:55:43,86,14,yes,45
11067,1772420143,2026-03-01T18:55:43,86,14,yes,4
11068,1772420144,2026-03-01T18:55:44,87,13,yes,3
11069,1772420144,2026-03-01T18:55:44,87,13,yes,2
11070,1772420144,2026-03-01T18:55:44,87,13,yes,2
11071,1772420144,2026-03-01T18:55:44,87,13,yes,17
11072,1772420144,2026-03-01T18:55:44,87,13,yes,17
11073,1772420144,2026-03-01T18:55:44,87,13,yes,13
11074,1772420144,2026-03-01T18:55:44,87,13,yes,150
11075,1772420144,2026-03-01T18:55:44,88,12,yes,17
11076,1772420144,2026-03-01T18:55:44,88,12,yes,11
11077,1772420144,2026-03-01T18:55:44,88,12,yes,32
11078,1772420144,2026-03-01T18:55:44,88,12,yes,16
11079,1772420144,2026-03-01T18:55:44,88,12,yes,2
11080,1772420144,2026-03-01T18:55:44,88,12,no,131
11081,1772420144,2026-03-01T18:55:44,88,12,no,1475
11082,1772420148,2026-03-01T18:55:48,90,10,yes,5
11083,1772420150,2026-03-01T18:55:50,90,10,yes,551
11084,1772420151,2026-03-01T18:55:51,90,10,yes,50
11085,1772420151,2026-03-01T18:55:51,89,11,yes,1
11086,1772420152,2026-03-01T18:55:52,88,12,no,164
11087,1772420153,2026-03-01T18:55:53,89,11,yes,2
11088,1772420153,2026-03-01T18:55:53,89,11,yes,7
11089,1772420153,2026-03-01T18:55:53,89,11,yes,1
11090,1772420153,2026-03-01T18:55:53,89,11,yes,4
11091,1772420153,2026-03-01T18:55:53,89,11,yes,3
11092,1772420153,2026-03-01T18:55:53,89,11,yes,33
11093,1772420153,2026-03-01T18:55:53,89,11,yes,286
11094,1772420154,2026-03-01T18:55:54,89,11,yes,109
11095,1772420155,2026-03-01T18:55:55,89,11,yes,110
11096,1772420155,2026-03-01T18:55:55,89,11,yes,5
11097,1772420156,2026-03-01T18:55:56,89,11,yes,223
11098,1772420156,2026-03-01T18:55:56,89,11,yes,25
11099,1772420157,2026-03-01T18:55:57,89,11,yes,65
11100,1772420160,2026-03-01T18:56:00,89,11,yes,25
11101,1772420160,2026-03-01T18:56:00,89,11,yes,3
11102,1772420160,2026-03-01T18:56:00,89,11,yes,5
11103,1772420160,2026-03-01T18:56:00,89,11,yes,24
11104,1772420160,2026-03-01T18:56:00,89,11,yes,111
11105,1772420163,2026-03-01T18:56:03,89,11,yes,75
11106,1772420163,2026-03-01T18:56:03,89,11,yes,24
11107,1772420164,2026-03-01T18:56:04,89,11,yes,100
11108,1772420164,2026-03-01T18:56:04,89,11,yes,10
11109,1772420165,2026-03-01T18:56:05,88,12,yes,25
11110,1772420165,2026-03-01T18:56:05,87,13,no,150
11111,1772420166,2026-03-01T18:56:06,86,14,no,297
11112,1772420166,2026-03-01T18:56:06,86,14,no,4
11113,1772420166,2026-03-01T18:56:06,87,13,yes,10
11114,1772420167,2026-03-01T18:56:07,86,14,yes,54
11115,1772420169,2026-03-01T18:56:09,86,14,yes,56
11116,1772420169,2026-03-01T18:56:09,86,14,yes,2837
11117,1772420169,2026-03-01T18:56:09,86,14,yes,57
11118,1772420169,2026-03-01T18:56:09,86,14,yes,3
11119,1772420170,2026-03-01T18:56:10,86,14,yes,57
11120,1772420170,2026-03-01T18:56:10,86,14,yes,144
11121,1772420172,2026-03-01T18:56:12,86,14,yes,33
11122,1772420174,2026-03-01T18:56:14,85,15,no,500
11123,1772420174,2026-03-01T18:56:14,85,15,no,10
11124,1772420174,2026-03-01T18:56:14,85,15,no,1
11125,1772420174,2026-03-01T18:56:14,85,15,no,5
11126,1772420174,2026-03-01T18:56:14,85,15,no,100
11127,1772420174,2026-03-01T18:56:14,85,15,no,50
11128,1772420174,2026-03-01T18:56:14,85,15,no,80
11129,1772420174,2026-03-01T18:56:14,85,15,no,23
11130,1772420174,2026-03-01T18:56:14,85,15,no,30
11131,1772420174,2026-03-01T18:56:14,85,15,no,3
11132,1772420174,2026-03-01T18:56:14,85,15,no,10
11133,1772420174,2026-03-01T18:56:14,85,15,no,10
11134,1772420174,2026-03-01T18:56:14,85,15,no,12
11135,1772420174,2026-03-01T18:56:14,85,15,no,166
11136,1772420174,2026-03-01T18:56:14,86,14,yes,23
11137,1772420174,2026-03-01T18:56:14,86,14,yes,113
11138,1772420174,2026-03-01T18:56:14,86,14,yes,100
11139,1772420175,2026-03-01T18:56:15,85,15,no,3
11140,1772420175,2026-03-01T18:56:15,86,14,yes,10
11141,1772420175,2026-03-01T18:56:15,86,14,yes,115
11142,1772420176,2026-03-01T18:56:16,85,15,no,6
11143,1772420176,2026-03-01T18:56:16,86,14,yes,12
11144,1772420176,2026-03-01T18:56:16,86,14,yes,61
11145,1772420176,2026-03-01T18:56:16,86,14,yes,275
11146,1772420177,2026-03-01T18:56:17,86,14,yes,5
11147,1772420178,2026-03-01T18:56:18,86,14,yes,5
11148,1772420178,2026-03-01T18:56:18,86,14,yes,13
11149,1772420178,2026-03-01T18:56:18,86,14,yes,130
11150,1772420178,2026-03-01T18:56:18,86,14,yes,115
11151,1772420181,2026-03-01T18:56:21,86,14,yes,1
11152,1772420181,2026-03-01T18:56:21,86,14,yes,100
11153,1772420181,2026-03-01T18:56:21,85,15,no,4991
11154,1772420181,2026-03-01T18:56:21,85,15,no,6
11155,1772420181,2026-03-01T18:56:21,84,16,no,110
11156,1772420181,2026-03-01T18:56:21,84,16,no,50
11157,1772420181,2026-03-01T18:56:21,84,16,no,1000
11158,1772420181,2026-03-01T18:56:21,84,16,no,55
11159,1772420181,2026-03-01T18:56:21,84,16,no,2
11160,1772420181,2026-03-01T18:56:21,84,16,yes,312
11161,1772420182,2026-03-01T18:56:22,84,16,yes,20
11162,1772420183,2026-03-01T18:56:23,84,16,yes,9
11163,1772420183,2026-03-01T18:56:23,84,16,yes,49
11164,1772420184,2026-03-01T18:56:24,84,16,yes,200
11165,1772420184,2026-03-01T18:56:24,84,16,yes,10
11166,1772420186,2026-03-01T18:56:26,84,16,yes,100
11167,1772420186,2026-03-01T18:56:26,84,16,yes,941
11168,1772420186,2026-03-01T18:56:26,84,16,yes,62
11169,1772420186,2026-03-01T18:56:26,84,16,yes,1708
11170,1772420186,2026-03-01T18:56:26,84,16,yes,3411
11171,1772420186,2026-03-01T18:56:26,84,16,yes,3411
11172,1772420186,2026-03-01T18:56:26,84,16,yes,3411
11173,1772420186,2026-03-01T18:56:26,84,16,yes,47
11174,1772420186,2026-03-01T18:56:26,84,16,yes,7500
11175,1772420186,2026-03-01T18:56:26,84,16,yes,1106
11176,1772420186,2026-03-01T18:56:26,84,16,yes,25000
11177,1772420186,2026-03-01T18:56:26,84,16,yes,917
11178,1772420187,2026-03-01T18:56:27,83,17,no,20
11179,1772420187,2026-03-01T18:56:27,83,17,no,23
11180,1772420188,2026-03-01T18:56:28,83,17,no,2
11181,1772420191,2026-03-01T18:56:31,83,17,no,4
11182,1772420191,2026-03-01T18:56:31,83,17,no,21
11183,1772420191,2026-03-01T18:56:31,83,17,no,20
11184,1772420191,2026-03-01T18:56:31,83,17,no,5
11185,1772420191,2026-03-01T18:56:31,83,17,no,3
11186,1772420191,2026-03-01T18:56:31,83,17,no,441
11187,1772420191,2026-03-01T18:56:31,84,16,yes,113
11188,1772420192,2026-03-01T18:56:32,84,16,yes,23
11189,1772420192,2026-03-01T18:56:32,84,16,yes,35
11190,1772420193,2026-03-01T18:56:33,84,16,yes,7
11191,1772420193,2026-03-01T18:56:33,85,15,yes,10
11192,1772420194,2026-03-01T18:56:34,85,15,yes,20
11193,1772420194,2026-03-01T18:56:34,85,15,yes,20
11194,1772420196,2026-03-01T18:56:36,85,15,yes,28
11195,1772420196,2026-03-01T18:56:36,85,15,yes,28
11196,1772420196,2026-03-01T18:56:36,83,17,no,180
11197,1772420196,2026-03-01T18:56:36,85,15,yes,11
11198,1772420197,2026-03-01T18:56:37,85,15,yes,5
11199,1772420197,2026-03-01T18:56:37,85,15,yes,459
11200,1772420198,2026-03-01T18:56:38,85,15,yes,118
11201,1772420198,2026-03-01T18:56:38,85,15,yes,10
11202,1772420199,2026-03-01T18:56:39,85,15,yes,43
11203,1772420199,2026-03-01T18:56:39,85,15,yes,58
11204,1772420200,2026-03-01T18:56:40,85,15,yes,57
11205,1772420200,2026-03-01T18:56:40,85,15,yes,2
11206,1772420201,2026-03-01T18:56:41,83,17,no,759
11207,1772420201,2026-03-01T18:56:41,83,17,no,2031
11208,1772420201,2026-03-01T18:56:41,83,17,no,6
11209,1772420201,2026-03-01T18:56:41,83,17,no,2500
11210,1772420201,2026-03-01T18:56:41,83,17,no,104
11211,1772420202,2026-03-01T18:56:42,85,15,yes,862
11212,1772420202,2026-03-01T18:56:42,85,15,yes,17
11213,1772420202,2026-03-01T18:56:42,85,15,yes,58
11214,1772420204,2026-03-01T18:56:44,84,16,yes,232
11215,1772420204,2026-03-01T18:56:44,84,16,yes,58
11216,1772420205,2026-03-01T18:56:45,84,16,yes,30
11217,1772420205,2026-03-01T18:56:45,84,16,yes,1
11218,1772420206,2026-03-01T18:56:46,84,16,yes,25
11219,1772420207,2026-03-01T18:56:47,84,16,yes,5
11220,1772420207,2026-03-01T18:56:47,83,17,no,300
11221,1772420207,2026-03-01T18:56:47,83,17,no,50
11222,1772420207,2026-03-01T18:56:47,83,17,no,25
11223,1772420207,2026-03-01T18:56:47,83,17,no,2500
11224,1772420207,2026-03-01T18:56:47,83,17,no,10
11225,1772420207,2026-03-01T18:56:47,83,17,yes,5
11226,1772420207,2026-03-01T18:56:47,83,17,yes,26
11227,1772420207,2026-03-01T18:56:47,83,17,yes,15
11228,1772420208,2026-03-01T18:56:48,83,17,yes,10
11229,1772420208,2026-03-01T18:56:48,83,17,yes,1
11230,1772420209,2026-03-01T18:56:49,83,17,yes,29
11231,1772420209,2026-03-01T18:56:49,83,17,yes,200
11232,1772420209,2026-03-01T18:56:49,83,17,yes,23
11233,1772420212,2026-03-01T18:56:52,84,16,yes,82
11234,1772420212,2026-03-01T18:56:52,84,16,yes,69
11235,1772420213,2026-03-01T18:56:53,84,16,yes,100
11236,1772420213,2026-03-01T18:56:53,83,17,no,5
11237,1772420213,2026-03-01T18:56:53,83,17,no,1
11238,1772420214,2026-03-01T18:56:54,83,17,no,9
11239,1772420215,2026-03-01T18:56:55,83,17,yes,9
11240,1772420215,2026-03-01T18:56:55,83,17,yes,6
11241,1772420215,2026-03-01T18:56:55,83,17,yes,12
11242,1772420215,2026-03-01T18:56:55,84,16,yes,40
11243,1772420216,2026-03-01T18:56:56,82,18,no,10
11244,1772420216,2026-03-01T18:56:56,82,18,no,300
11245,1772420216,2026-03-01T18:56:56,82,18,no,3
11246,1772420216,2026-03-01T18:56:56,82,18,no,100
11247,1772420216,2026-03-01T18:56:56,82,18,no,1
11248,1772420216,2026-03-01T18:56:56,82,18,no,84
11249,1772420216,2026-03-01T18:56:56,82,18,no,2
11250,1772420216,2026-03-01T18:56:56,82,18,no,10
11251,1772420216,2026-03-01T18:56:56,82,18,no,652
11252,1772420216,2026-03-01T18:56:56,82,18,no,200
11253,1772420217,2026-03-01T18:56:57,83,17,yes,10
11254,1772420218,2026-03-01T18:56:58,83,17,yes,6
11255,1772420218,2026-03-01T18:56:58,83,17,yes,55
11256,1772420218,2026-03-01T18:56:58,83,17,yes,12
11257,1772420219,2026-03-01T18:56:59,82,18,no,10
11258,1772420219,2026-03-01T18:56:59,82,18,no,5
11259,1772420219,2026-03-01T18:56:59,83,17,yes,15
11260,1772420219,2026-03-01T18:56:59,83,17,yes,52
11261,1772420220,2026-03-01T18:57:00,82,18,no,109
11262,1772420220,2026-03-01T18:57:00,83,17,yes,2
11263,1772420220,2026-03-01T18:57:00,83,17,yes,1
11264,1772420220,2026-03-01T18:57:00,83,17,yes,2
11265,1772420221,2026-03-01T18:57:01,83,17,yes,5
11266,1772420221,2026-03-01T18:57:01,82,18,no,113
11267,1772420222,2026-03-01T18:57:02,83,17,yes,3
11268,1772420222,2026-03-01T18:57:02,83,17,yes,2
11269,1772420222,2026-03-01T18:57:02,83,17,yes,12
11270,1772420222,2026-03-01T18:57:02,83,17,yes,52
11271,1772420222,2026-03-01T18:57:02,83,17,yes,3
11272,1772420222,2026-03-01T18:57:02,83,17,yes,3
11273,1772420223,2026-03-01T18:57:03,83,17,yes,30
11274,1772420223,2026-03-01T18:57:03,83,17,yes,87
11275,1772420223,2026-03-01T18:57:03,84,16,yes,3
11276,1772420225,2026-03-01T18:57:05,84,16,yes,15
11277,1772420225,2026-03-01T18:57:05,84,16,yes,5
11278,1772420225,2026-03-01T18:57:05,84,16,yes,2
11279,1772420225,2026-03-01T18:57:05,84,16,yes,330
11280,1772420225,2026-03-01T18:57:05,84,16,yes,150
11281,1772420225,2026-03-01T18:57:05,84,16,yes,15
11282,1772420225,2026-03-01T18:57:05,84,16,yes,416
11283,1772420226,2026-03-01T18:57:06,83,17,no,66
11284,1772420226,2026-03-01T18:57:06,84,16,yes,22
11285,1772420226,2026-03-01T18:57:06,84,16,yes,14
11286,1772420226,2026-03-01T18:57:06,84,16,yes,37
11287,1772420226,2026-03-01T18:57:06,84,16,yes,10
11288,1772420227,2026-03-01T18:57:07,84,16,yes,8
11289,1772420227,2026-03-01T18:57:07,84,16,yes,2
11290,1772420227,2026-03-01T18:57:07,84,16,yes,15
11291,1772420227,2026-03-01T18:57:07,84,16,yes,34
11292,1772420227,2026-03-01T18:57:07,84,16,yes,41
11293,1772420227,2026-03-01T18:57:07,84,16,yes,6
11294,1772420227,2026-03-01T18:57:07,84,16,yes,2
11295,1772420227,2026-03-01T18:57:07,84,16,yes,10
11296,1772420229,2026-03-01T18:57:09,84,16,yes,6
11297,1772420229,2026-03-01T18:57:09,84,16,yes,2
11298,1772420229,2026-03-01T18:57:09,83,17,no,34
11299,1772420229,2026-03-01T18:57:09,83,17,no,50
11300,1772420229,2026-03-01T18:57:09,83,17,no,162
11301,1772420229,2026-03-01T18:57:09,84,16,yes,42
11302,1772420229,2026-03-01T18:57:09,84,16,yes,9
11303,1772420230,2026-03-01T18:57:10,83,17,no,73
11304,1772420230,2026-03-01T18:57:10,84,16,yes,2211
11305,1772420231,2026-03-01T18:57:11,83,17,no,100
11306,1772420232,2026-03-01T18:57:12,84,16,yes,5000
11307,1772420232,2026-03-01T18:57:12,84,16,yes,11
11308,1772420233,2026-03-01T18:57:13,84,16,yes,12
11309,1772420234,2026-03-01T18:57:14,84,16,yes,23
11310,1772420237,2026-03-01T18:57:17,84,16,yes,96
11311,1772420237,2026-03-01T18:57:17,84,16,yes,76
11312,1772420237,2026-03-01T18:57:17,84,16,yes,71
11313,1772420238,2026-03-01T18:57:18,84,16,yes,10
11314,1772420238,2026-03-01T18:57:18,84,16,yes,4
11315,1772420238,2026-03-01T18:57:18,84,16,yes,13
11316,1772420238,2026-03-01T18:57:18,84,16,yes,2
11317,1772420238,2026-03-01T18:57:18,84,16,yes,5
11318,1772420238,2026-03-01T18:57:18,83,17,no,165
11319,1772420238,2026-03-01T18:57:18,83,17,no,40
11320,1772420239,2026-03-01T18:57:19,83,17,yes,10
11321,1772420241,2026-03-01T18:57:21,83,17,yes,844
11322,1772420241,2026-03-01T18:57:21,82,18,no,1
11323,1772420241,2026-03-01T18:57:21,83,17,yes,1
11324,1772420241,2026-03-01T18:57:21,83,17,yes,500
11325,1772420242,2026-03-01T18:57:22,83,17,yes,250
11326,1772420242,2026-03-01T18:57:22,83,17,yes,100
11327,1772420243,2026-03-01T18:57:23,83,17,yes,176
11328,1772420243,2026-03-01T18:57:23,83,17,yes,117
11329,1772420243,2026-03-01T18:57:23,83,17,yes,40
11330,1772420246,2026-03-01T18:57:26,83,17,yes,10
11331,1772420247,2026-03-01T18:57:27,83,17,yes,117
11332,1772420247,2026-03-01T18:57:27,83,17,yes,1
11333,1772420248,2026-03-01T18:57:28,83,17,yes,45
11334,1772420248,2026-03-01T18:57:28,83,17,yes,59
11335,1772420248,2026-03-01T18:57:28,83,17,yes,10
11336,1772420248,2026-03-01T18:57:28,83,17,yes,5
11337,1772420249,2026-03-01T18:57:29,83,17,yes,100
11338,1772420250,2026-03-01T18:57:30,83,17,yes,11
11339,1772420251,2026-03-01T18:57:31,83,17,yes,20
11340,1772420251,2026-03-01T18:57:31,83,17,yes,98
11341,1772420251,2026-03-01T18:57:31,82,18,no,1
11342,1772420251,2026-03-01T18:57:31,82,18,no,10
11343,1772420252,2026-03-01T18:57:32,83,17,yes,588
11344,1772420253,2026-03-01T18:57:33,83,17,yes,10
11345,1772420253,2026-03-01T18:57:33,83,17,yes,13
11346,1772420253,2026-03-01T18:57:33,82,18,no,25
11347,1772420254,2026-03-01T18:57:34,83,17,yes,1
11348,1772420255,2026-03-01T18:57:35,83,17,yes,1
11349,1772420255,2026-03-01T18:57:35,83,17,yes,28
11350,1772420256,2026-03-01T18:57:36,83,17,yes,5
11351,1772420256,2026-03-01T18:57:36,83,17,yes,164
11352,1772420257,2026-03-01T18:57:37,83,17,yes,119
11353,1772420257,2026-03-01T18:57:37,83,17,yes,900
11354,1772420260,2026-03-01T18:57:40,83,17,yes,100
11355,1772420261,2026-03-01T18:57:41,83,17,yes,1
11356,1772420261,2026-03-01T18:57:41,83,17,yes,8
11357,1772420261,2026-03-01T18:57:41,83,17,yes,1176
11358,1772420262,2026-03-01T18:57:42,83,17,yes,5
11359,1772420262,2026-03-01T18:57:42,83,17,yes,59
11360,1772420263,2026-03-01T18:57:43,83,17,yes,5
11361,1772420263,2026-03-01T18:57:43,83,17,yes,588
11362,1772420263,2026-03-01T18:57:43,83,17,yes,16
11363,1772420263,2026-03-01T18:57:43,83,17,yes,2
11364,1772420264,2026-03-01T18:57:44,83,17,yes,15
11365,1772420264,2026-03-01T18:57:44,83,17,yes,119
11366,1772420264,2026-03-01T18:57:44,82,18,no,245
11367,1772420267,2026-03-01T18:57:47,83,17,yes,294
11368,1772420268,2026-03-01T18:57:48,83,17,yes,7
11369,1772420268,2026-03-01T18:57:48,83,17,yes,13
11370,1772420268,2026-03-01T18:57:48,83,17,yes,35
11371,1772420268,2026-03-01T18:57:48,83,17,yes,1176
11372,1772420268,2026-03-01T18:57:48,83,17,yes,5
11373,1772420269,2026-03-01T18:57:49,82,18,no,17
11374,1772420269,2026-03-01T18:57:49,83,17,yes,880
11375,1772420270,2026-03-01T18:57:50,83,17,yes,9
11376,1772420271,2026-03-01T18:57:51,82,18,no,153
11377,1772420271,2026-03-01T18:57:51,82,18,no,50
11378,1772420271,2026-03-01T18:57:51,82,18,no,15
11379,1772420271,2026-03-01T18:57:51,83,17,yes,116
11380,1772420271,2026-03-01T18:57:51,83,17,yes,58
11381,1772420272,2026-03-01T18:57:52,83,17,yes,23
11382,1772420272,2026-03-01T18:57:52,83,17,yes,50
11383,1772420273,2026-03-01T18:57:53,83,17,yes,30
11384,1772420274,2026-03-01T18:57:54,83,17,yes,49
11385,1772420274,2026-03-01T18:57:54,83,17,yes,238
11386,1772420275,2026-03-01T18:57:55,83,17,yes,57
11387,1772420275,2026-03-01T18:57:55,83,17,yes,13
11388,1772420276,2026-03-01T18:57:56,83,17,yes,26
11389,1772420276,2026-03-01T18:57:56,82,18,no,61
11390,1772420276,2026-03-01T18:57:56,83,17,yes,54
11391,1772420279,2026-03-01T18:57:59,83,17,yes,200
11392,1772420279,2026-03-01T18:57:59,83,17,yes,1
11393,1772420280,2026-03-01T18:58:00,83,17,yes,238
11394,1772420280,2026-03-01T18:58:00,83,17,yes,259
11395,1772420281,2026-03-01T18:58:01,83,17,yes,200
11396,1772420281,2026-03-01T18:58:01,83,17,yes,100
11397,1772420282,2026-03-01T18:58:02,83,17,yes,5
11398,1772420283,2026-03-01T18:58:03,83,17,yes,2
11399,1772420284,2026-03-01T18:58:04,83,17,yes,17
11400,1772420284,2026-03-01T18:58:04,83,17,yes,3483
11401,1772420284,2026-03-01T18:58:04,82,18,no,76
11402,1772420285,2026-03-01T18:58:05,83,17,yes,5
11403,1772420288,2026-03-01T18:58:08,83,17,yes,1000
11404,1772420289,2026-03-01T18:58:09,83,17,yes,117
11405,1772420291,2026-03-01T18:58:11,83,17,yes,29
11406,1772420292,2026-03-01T18:58:12,83,17,yes,2
11407,1772420293,2026-03-01T18:58:13,83,17,yes,2188
11408,1772420293,2026-03-01T18:58:13,83,17,yes,788
11409,1772420294,2026-03-01T18:58:14,83,17,yes,10
11410,1772420295,2026-03-01T18:58:15,83,17,yes,59
11411,1772420295,2026-03-01T18:58:15,83,17,yes,40
11412,1772420298,2026-03-01T18:58:18,83,17,yes,75
11413,1772420298,2026-03-01T18:58:18,83,17,yes,59
11414,1772420299,2026-03-01T18:58:19,83,17,yes,25
11415,1772420300,2026-03-01T18:58:20,83,17,yes,70
11416,1772420300,2026-03-01T18:58:20,83,17,yes,2
11417,1772420301,2026-03-01T18:58:21,83,17,yes,8
11418,1772420302,2026-03-01T18:58:22,82,18,no,6
11419,1772420302,2026-03-01T18:58:22,83,17,yes,11
11420,1772420302,2026-03-01T18:58:22,83,17,yes,10
11421,1772420303,2026-03-01T18:58:23,83,17,yes,47
11422,1772420303,2026-03-01T18:58:23,83,17,yes,100
11423,1772420304,2026-03-01T18:58:24,83,17,yes,59
11424,1772420305,2026-03-01T18:58:25,83,17,yes,7
11425,1772420307,2026-03-01T18:58:27,83,17,yes,58
11426,1772420308,2026-03-01T18:58:28,83,17,yes,47
11427,1772420308,2026-03-01T18:58:28,82,18,no,100
11428,1772420308,2026-03-01T18:58:28,83,17,yes,100
11429,1772420309,2026-03-01T18:58:29,83,17,yes,188
11430,1772420309,2026-03-01T18:58:29,82,18,no,35
11431,1772420309,2026-03-01T18:58:29,83,17,yes,2
11432,1772420309,2026-03-01T18:58:29,83,17,yes,7
11433,1772420310,2026-03-01T18:58:30,83,17,yes,1188
11434,1772420310,2026-03-01T18:58:30,83,17,yes,1
11435,1772420310,2026-03-01T18:58:30,83,17,yes,32
11436,1772420311,2026-03-01T18:58:31,82,18,no,126
11437,1772420312,2026-03-01T18:58:32,82,18,no,38
11438,1772420313,2026-03-01T18:58:33,83,17,yes,20
11439,1772420314,2026-03-01T18:58:34,83,17,yes,117
11440,1772420314,2026-03-01T18:58:34,83,17,yes,97
11441,1772420314,2026-03-01T18:58:34,82,18,no,1311
11442,1772420316,2026-03-01T18:58:36,83,17,yes,10
11443,1772420317,2026-03-01T18:58:37,83,17,yes,1
11444,1772420321,2026-03-01T18:58:41,83,17,yes,1
11445,1772420321,2026-03-01T18:58:41,83,17,yes,1176
11446,1772420322,2026-03-01T18:58:42,83,17,yes,5
11447,1772420322,2026-03-01T18:58:42,83,17,yes,7
11448,1772420323,2026-03-01T18:58:43,83,17,yes,10
11449,1772420324,2026-03-01T18:58:44,83,17,yes,11
11450,1772420325,2026-03-01T18:58:45,83,17,yes,128
11451,1772420325,2026-03-01T18:58:45,83,17,yes,15
11452,1772420326,2026-03-01T18:58:46,83,17,yes,1
11453,1772420327,2026-03-01T18:58:47,83,17,yes,52
11454,1772420328,2026-03-01T18:58:48,83,17,yes,1
11455,1772420328,2026-03-01T18:58:48,83,17,yes,82
11456,1772420329,2026-03-01T18:58:49,82,18,no,92
11457,1772420329,2026-03-01T18:58:49,83,17,yes,117
11458,1772420332,2026-03-01T18:58:52,83,17,yes,10
11459,1772420332,2026-03-01T18:58:52,82,18,no,25
11460,1772420332,2026-03-01T18:58:52,83,17,yes,23
11461,1772420333,2026-03-01T18:58:53,83,17,yes,595
11462,1772420333,2026-03-01T18:58:53,83,17,yes,178
11463,1772420335,2026-03-01T18:58:55,82,18,no,5
11464,1772420335,2026-03-01T18:58:55,83,17,yes,5
11465,1772420335,2026-03-01T18:58:55,83,17,yes,800
11466,1772420336,2026-03-01T18:58:56,83,17,yes,235
11467,1772420336,2026-03-01T18:58:56,83,17,yes,600
11468,1772420336,2026-03-01T18:58:56,83,17,yes,4
11469,1772420337,2026-03-01T18:58:57,82,18,no,5
11470,1772420338,2026-03-01T18:58:58,83,17,yes,1
11471,1772420339,2026-03-01T18:58:59,83,17,yes,1000
11472,1772420340,2026-03-01T18:59:00,83,17,yes,2
11473,1772420340,2026-03-01T18:59:00,83,17,yes,73
11474,1772420340,2026-03-01T18:59:00,83,17,yes,14
11475,1772420342,2026-03-01T18:59:02,83,17,yes,146
11476,1772420343,2026-03-01T18:59:03,83,17,yes,10
11477,1772420343,2026-03-01T18:59:03,83,17,yes,35
11478,1772420344,2026-03-01T18:59:04,83,17,yes,1744
11479,1772420344,2026-03-01T18:59:04,83,17,yes,5
11480,1772420346,2026-03-01T18:59:06,83,17,yes,2352
11481,1772420346,2026-03-01T18:59:06,82,18,no,162
11482,1772420346,2026-03-01T18:59:06,83,17,yes,12
11483,1772420347,2026-03-01T18:59:07,83,17,yes,2
11484,1772420348,2026-03-01T18:59:08,83,17,yes,265
11485,1772420349,2026-03-01T18:59:09,83,17,yes,588
11486,1772420349,2026-03-01T18:59:09,82,18,no,10
11487,1772420349,2026-03-01T18:59:09,83,17,yes,7
11488,1772420349,2026-03-01T18:59:09,83,17,yes,36
11489,1772420350,2026-03-01T18:59:10,83,17,yes,45
11490,1772420353,2026-03-01T18:59:13,83,17,yes,2
11491,1772420353,2026-03-01T18:59:13,83,17,yes,300
11492,1772420354,2026-03-01T18:59:14,83,17,yes,2
11493,1772420355,2026-03-01T18:59:15,82,18,no,23
11494,1772420358,2026-03-01T18:59:18,83,17,yes,86
11495,1772420361,2026-03-01T18:59:21,83,17,yes,11
11496,1772420362,2026-03-01T18:59:22,82,18,no,357
11497,1772420363,2026-03-01T18:59:23,83,17,yes,50
11498,1772420363,2026-03-01T18:59:23,82,18,no,53
11499,1772420363,2026-03-01T18:59:23,82,18,no,7001
11500,1772420364,2026-03-01T18:59:24,83,17,yes,1
11501,1772420364,2026-03-01T18:59:24,83,17,yes,174
11502,1772420365,2026-03-01T18:59:25,83,17,yes,23
11503,1772420365,2026-03-01T18:59:25,83,17,yes,1
11504,1772420365,2026-03-01T18:59:25,83,17,yes,5
11505,1772420365,2026-03-01T18:59:25,83,17,yes,89
11506,1772420365,2026-03-01T18:59:25,83,17,yes,9995
11507,1772420367,2026-03-01T18:59:27,83,17,yes,40
11508,1772420367,2026-03-01T18:59:27,83,17,yes,7
11509,1772420367,2026-03-01T18:59:27,83,17,yes,59
11510,1772420369,2026-03-01T18:59:29,83,17,yes,1
11511,1772420369,2026-03-01T18:59:29,83,17,yes,5
11512,1772420369,2026-03-01T18:59:29,83,17,yes,100
11513,1772420370,2026-03-01T18:59:30,83,17,yes,25
11514,1772420370,2026-03-01T18:59:30,83,17,yes,23
11515,1772420372,2026-03-01T18:59:32,83,17,yes,10
11516,1772420373,2026-03-01T18:59:33,83,17,yes,190
11517,1772420373,2026-03-01T18:59:33,83,17,yes,89
11518,1772420375,2026-03-01T18:59:35,83,17,yes,2
11519,1772420375,2026-03-01T18:59:35,83,17,yes,5
11520,1772420376,2026-03-01T18:59:36,83,17,yes,14
11521,1772420377,2026-03-01T18:59:37,83,17,yes,32
11522,1772420378,2026-03-01T18:59:38,83,17,yes,500
11523,1772420378,2026-03-01T18:59:38,83,17,yes,10
11524,1772420379,2026-03-01T18:59:39,83,17,yes,117
11525,1772420379,2026-03-01T18:59:39,83,17,yes,100
11526,1772420380,2026-03-01T18:59:40,83,17,yes,2
11527,1772420384,2026-03-01T18:59:44,83,17,yes,313
11528,1772420385,2026-03-01T18:59:45,83,17,yes,100
11529,1772420385,2026-03-01T18:59:45,83,17,yes,184
11530,1772420386,2026-03-01T18:59:46,83,17,yes,1
11531,1772420386,2026-03-01T18:59:46,83,17,yes,470
11532,1772420386,2026-03-01T18:59:46,83,17,yes,117
11533,1772420388,2026-03-01T18:59:48,83,17,yes,5
11534,1772420390,2026-03-01T18:59:50,83,17,yes,50
11535,1772420391,2026-03-01T18:59:51,83,17,yes,18
11536,1772420392,2026-03-01T18:59:52,83,17,yes,238
11537,1772420393,2026-03-01T18:59:53,82,18,no,30
11538,1772420394,2026-03-01T18:59:54,83,17,yes,8
11539,1772420395,2026-03-01T18:59:55,83,17,yes,10
11540,1772420396,2026-03-01T18:59:56,83,17,yes,1
11541,1772420400,2026-03-01T19:00:00,83,17,yes,14
11542,1772420400,2026-03-01T19:00:00,83,17,yes,87
11543,1772420401,2026-03-01T19:00:01,83,17,yes,87
11544,1772420401,2026-03-01T19:00:01,83,17,yes,11
11545,1772420402,2026-03-01T19:00:02,83,17,yes,3
11546,1772420403,2026-03-01T19:00:03,83,17,yes,29
11547,1772420403,2026-03-01T19:00:03,83,17,yes,55
11548,1772420403,2026-03-01T19:00:03,83,17,yes,12
11549,1772420404,2026-03-01T19:00:04,82,18,no,5
11550,1772420404,2026-03-01T19:00:04,82,18,no,26
11551,1772420405,2026-03-01T19:00:05,83,17,yes,87
11552,1772420405,2026-03-01T19:00:05,83,17,yes,12
11553,1772420405,2026-03-01T19:00:05,82,18,no,278
11554,1772420406,2026-03-01T19:00:06,83,17,yes,47
11555,1772420406,2026-03-01T19:00:06,83,17,yes,35
11556,1772420406,2026-03-01T19:00:06,83,17,yes,5
11557,1772420406,2026-03-01T19:00:06,83,17,yes,6
11558,1772420407,2026-03-01T19:00:07,83,17,yes,4
11559,1772420407,2026-03-01T19:00:07,83,17,yes,7
11560,1772420407,2026-03-01T19:00:07,83,17,yes,1
11561,1772420408,2026-03-01T19:00:08,83,17,yes,21
11562,1772420408,2026-03-01T19:00:08,83,17,yes,5
11563,1772420408,2026-03-01T19:00:08,83,17,yes,10
11564,1772420409,2026-03-01T19:00:09,83,17,yes,50
11565,1772420409,2026-03-01T19:00:09,83,17,yes,11
11566,1772420409,2026-03-01T19:00:09,83,17,yes,64
11567,1772420410,2026-03-01T19:00:10,83,17,yes,11
11568,1772420410,2026-03-01T19:00:10,83,17,yes,87
11569,1772420411,2026-03-01T19:00:11,83,17,yes,87
11570,1772420411,2026-03-01T19:00:11,83,17,yes,11
11571,1772420412,2026-03-01T19:00:12,84,16,yes,16
11572,1772420412,2026-03-01T19:00:12,83,17,no,309
11573,1772420412,2026-03-01T19:00:12,83,17,no,370
11574,1772420413,2026-03-01T19:00:13,83,17,yes,101
11575,1772420413,2026-03-01T19:00:13,83,17,yes,119
11576,1772420413,2026-03-01T19:00:13,83,17,yes,15
11577,1772420416,2026-03-01T19:00:16,83,17,yes,20
11578,1772420417,2026-03-01T19:00:17,83,17,yes,10
11579,1772420420,2026-03-01T19:00:20,83,17,yes,10
11580,1772420420,2026-03-01T19:00:20,83,17,yes,47
11581,1772420420,2026-03-01T19:00:20,83,17,yes,7
11582,1772420420,2026-03-01T19:00:20,83,17,yes,17
11583,1772420420,2026-03-01T19:00:20,83,17,yes,270
11584,1772420420,2026-03-01T19:00:20,83,17,yes,4
11585,1772420421,2026-03-01T19:00:21,83,17,yes,62
11586,1772420422,2026-03-01T19:00:22,82,18,no,5
11587,1772420423,2026-03-01T19:00:23,83,17,yes,785
11588,1772420423,2026-03-01T19:00:23,83,17,yes,53
11589,1772420424,2026-03-01T19:00:24,83,17,yes,117
11590,1772420424,2026-03-01T19:00:24,83,17,yes,5
11591,1772420425,2026-03-01T19:00:25,83,17,yes,440
11592,1772420425,2026-03-01T19:00:25,83,17,yes,13707
11593,1772420426,2026-03-01T19:00:26,83,17,yes,11
11594,1772420426,2026-03-01T19:00:26,83,17,yes,105
11595,1772420431,2026-03-01T19:00:31,83,17,yes,1483
11596,1772420431,2026-03-01T19:00:31,83,17,yes,51
11597,1772420434,2026-03-01T19:00:34,83,17,yes,9
11598,1772420436,2026-03-01T19:00:36,83,17,yes,11
11599,1772420437,2026-03-01T19:00:37,83,17,yes,11
11600,1772420438,2026-03-01T19:00:38,83,17,yes,5
11601,1772420439,2026-03-01T19:00:39,83,17,yes,941
11602,1772420440,2026-03-01T19:00:40,83,17,yes,117
11603,1772420441,2026-03-01T19:00:41,83,17,yes,7
11604,1772420446,2026-03-01T19:00:46,83,17,yes,1
11605,1772420447,2026-03-01T19:00:47,83,17,yes,400
11606,1772420449,2026-03-01T19:00:49,83,17,yes,5
11607,1772420450,2026-03-01T19:00:50,83,17,yes,41
11608,1772420451,2026-03-01T19:00:51,83,17,yes,10
11609,1772420451,2026-03-01T19:00:51,83,17,yes,3
11610,1772420453,2026-03-01T19:00:53,83,17,yes,5
11611,1772420454,2026-03-01T19:00:54,83,17,yes,132
11612,1772420457,2026-03-01T19:00:57,84,16,yes,2
11613,1772420458,2026-03-01T19:00:58,84,16,yes,5
11614,1772420458,2026-03-01T19:00:58,84,16,yes,6
11615,1772420458,2026-03-01T19:00:58,84,16,yes,5
11616,1772420459,2026-03-01T19:00:59,84,16,yes,7
11617,1772420459,2026-03-01T19:00:59,84,16,yes,3
11618,1772420459,2026-03-01T19:00:59,84,16,yes,2
11619,1772420459,2026-03-01T19:00:59,84,16,yes,1
11620,1772420460,2026-03-01T19:01:00,84,16,yes,30
11621,1772420460,2026-03-01T19:01:00,84,16,yes,58
11622,1772420461,2026-03-01T19:01:01,84,16,yes,61
11623,1772420461,2026-03-01T19:01:01,84,16,yes,39
11624,1772420462,2026-03-01T19:01:02,84,16,yes,102
11625,1772420463,2026-03-01T19:01:03,83,17,no,22
11626,1772420463,2026-03-01T19:01:03,83,17,no,577
11627,1772420464,2026-03-01T19:01:04,84,16,yes,47
11628,1772420464,2026-03-01T19:01:04,84,16,yes,90
11629,1772420465,2026-03-01T19:01:05,84,16,yes,5
11630,1772420465,2026-03-01T19:01:05,84,16,yes,10
11631,1772420466,2026-03-01T19:01:06,84,16,yes,58
11632,1772420467,2026-03-01T19:01:07,85,15,yes,13
11633,1772420467,2026-03-01T19:01:07,85,15,yes,16
11634,1772420467,2026-03-01T19:01:07,85,15,yes,9
11635,1772420467,2026-03-01T19:01:07,85,15,yes,13
11636,1772420467,2026-03-01T19:01:07,85,15,yes,25
11637,1772420467,2026-03-01T19:01:07,85,15,yes,355
11638,1772420468,2026-03-01T19:01:08,84,16,no,59
11639,1772420470,2026-03-01T19:01:10,83,17,no,125
11640,1772420471,2026-03-01T19:01:11,85,15,yes,10
11641,1772420471,2026-03-01T19:01:11,85,15,yes,525
11642,1772420471,2026-03-01T19:01:11,85,15,yes,5
11643,1772420473,2026-03-01T19:01:13,85,15,yes,100
11644,1772420473,2026-03-01T19:01:13,85,15,yes,291
11645,1772420473,2026-03-01T19:01:13,85,15,yes,180
11646,1772420474,2026-03-01T19:01:14,85,15,yes,8
11647,1772420474,2026-03-01T19:01:14,85,15,yes,11
11648,1772420475,2026-03-01T19:01:15,86,14,yes,6
11649,1772420475,2026-03-01T19:01:15,86,14,yes,1
11650,1772420477,2026-03-01T19:01:17,86,14,yes,10
11651,1772420477,2026-03-01T19:01:17,86,14,yes,10
11652,1772420477,2026-03-01T19:01:17,86,14,yes,11
11653,1772420477,2026-03-01T19:01:17,86,14,yes,25
11654,1772420477,2026-03-01T19:01:17,86,14,yes,254
11655,1772420477,2026-03-01T19:01:17,87,13,yes,8
11656,1772420477,2026-03-01T19:01:17,87,13,yes,17
11657,1772420477,2026-03-01T19:01:17,87,13,yes,972
11658,1772420477,2026-03-01T19:01:17,87,13,yes,22
11659,1772420477,2026-03-01T19:01:17,87,13,yes,23
11660,1772420477,2026-03-01T19:01:17,87,13,yes,2
11661,1772420477,2026-03-01T19:01:17,87,13,yes,6
11662,1772420477,2026-03-01T19:01:17,88,12,yes,1
11663,1772420477,2026-03-01T19:01:17,88,12,yes,668
11664,1772420477,2026-03-01T19:01:17,88,12,yes,4
11665,1772420477,2026-03-01T19:01:17,88,12,yes,24
11666,1772420477,2026-03-01T19:01:17,88,12,yes,714
11667,1772420478,2026-03-01T19:01:18,87,13,no,12
11668,1772420478,2026-03-01T19:01:18,88,12,yes,22
11669,1772420479,2026-03-01T19:01:19,88,12,no,196
11670,1772420479,2026-03-01T19:01:19,89,11,yes,7
11671,1772420479,2026-03-01T19:01:19,89,11,yes,21
11672,1772420479,2026-03-01T19:01:19,89,11,yes,34
11673,1772420480,2026-03-01T19:01:20,89,11,yes,14
11674,1772420480,2026-03-01T19:01:20,90,10,yes,40
11675,1772420480,2026-03-01T19:01:20,89,11,yes,549
11676,1772420482,2026-03-01T19:01:22,89,11,yes,2
11677,1772420482,2026-03-01T19:01:22,88,12,no,595
11678,1772420482,2026-03-01T19:01:22,89,11,yes,100
11679,1772420483,2026-03-01T19:01:23,89,11,yes,9
11680,1772420483,2026-03-01T19:01:23,89,11,yes,23
11681,1772420483,2026-03-01T19:01:23,89,11,yes,86
11682,1772420484,2026-03-01T19:01:24,89,11,yes,11
11683,1772420484,2026-03-01T19:01:24,88,12,no,41
11684,1772420485,2026-03-01T19:01:25,88,12,no,100
11685,1772420486,2026-03-01T19:01:26,88,12,no,59
11686,1772420488,2026-03-01T19:01:28,89,11,yes,8
11687,1772420489,2026-03-01T19:01:29,89,11,yes,50
11688,1772420489,2026-03-01T19:01:29,89,11,yes,10
11689,1772420490,2026-03-01T19:01:30,89,11,yes,20
11690,1772420490,2026-03-01T19:01:30,89,11,yes,1
11691,1772420492,2026-03-01T19:01:32,89,11,yes,5
11692,1772420494,2026-03-01T19:01:34,89,11,yes,1
11693,1772420495,2026-03-01T19:01:35,89,11,yes,39
11694,1772420496,2026-03-01T19:01:36,89,11,yes,10
11695,1772420496,2026-03-01T19:01:36,89,11,yes,11
11696,1772420497,2026-03-01T19:01:37,88,12,no,2
11697,1772420497,2026-03-01T19:01:37,88,12,no,927
11698,1772420497,2026-03-01T19:01:37,88,12,no,18
11699,1772420497,2026-03-01T19:01:37,88,12,no,627
11700,1772420497,2026-03-01T19:01:37,87,13,no,4
11701,1772420497,2026-03-01T19:01:37,87,13,yes,111
11702,1772420498,2026-03-01T19:01:38,86,14,no,1
11703,1772420498,2026-03-01T19:01:38,86,14,no,500
11704,1772420498,2026-03-01T19:01:38,86,14,no,4
11705,1772420498,2026-03-01T19:01:38,86,14,no,44
11706,1772420498,2026-03-01T19:01:38,86,14,yes,1000
11707,1772420498,2026-03-01T19:01:38,86,14,yes,1000
11708,1772420498,2026-03-01T19:01:38,86,14,yes,500
11709,1772420498,2026-03-01T19:01:38,86,14,yes,26
11710,1772420498,2026-03-01T19:01:38,86,14,yes,1000
11711,1772420498,2026-03-01T19:01:38,86,14,yes,498
11712,1772420499,2026-03-01T19:01:39,86,14,yes,1081
11713,1772420501,2026-03-01T19:01:41,86,14,yes,56
11714,1772420501,2026-03-01T19:01:41,86,14,yes,10
11715,1772420503,2026-03-01T19:01:43,86,14,yes,227
11716,1772420503,2026-03-01T19:01:43,86,14,yes,157
11717,1772420503,2026-03-01T19:01:43,86,14,yes,115
11718,1772420503,2026-03-01T19:01:43,86,14,yes,57
11719,1772420504,2026-03-01T19:01:44,86,14,yes,91
11720,1772420504,2026-03-01T19:01:44,86,14,yes,81
11721,1772420504,2026-03-01T19:01:44,85,15,no,3
11722,1772420504,2026-03-01T19:01:44,86,14,yes,113
11723,1772420505,2026-03-01T19:01:45,86,14,yes,92
11724,1772420505,2026-03-01T19:01:45,86,14,yes,1
11725,1772420505,2026-03-01T19:01:45,86,14,yes,6
11726,1772420505,2026-03-01T19:01:45,86,14,yes,18
11727,1772420505,2026-03-01T19:01:45,86,14,yes,16
11728,1772420505,2026-03-01T19:01:45,86,14,yes,527
11729,1772420505,2026-03-01T19:01:45,86,14,yes,96
11730,1772420505,2026-03-01T19:01:45,86,14,yes,2403
11731,1772420506,2026-03-01T19:01:46,86,14,yes,1139
11732,1772420506,2026-03-01T19:01:46,86,14,yes,55
11733,1772420506,2026-03-01T19:01:46,86,14,yes,181
11734,1772420506,2026-03-01T19:01:46,86,14,yes,340
11735,1772420506,2026-03-01T19:01:46,86,14,yes,4
11736,1772420507,2026-03-01T19:01:47,85,15,no,12
11737,1772420507,2026-03-01T19:01:47,86,14,yes,28
11738,1772420508,2026-03-01T19:01:48,86,14,yes,340
11739,1772420508,2026-03-01T19:01:48,86,14,yes,10
11740,1772420508,2026-03-01T19:01:48,85,15,no,15
11741,1772420508,2026-03-01T19:01:48,86,14,yes,69
11742,1772420511,2026-03-01T19:01:51,86,14,yes,150
11743,1772420511,2026-03-01T19:01:51,86,14,yes,22
11744,1772420511,2026-03-01T19:01:51,86,14,yes,147
11745,1772420511,2026-03-01T19:01:51,86,14,yes,11
11746,1772420512,2026-03-01T19:01:52,86,14,yes,1
11747,1772420512,2026-03-01T19:01:52,86,14,yes,1
11748,1772420512,2026-03-01T19:01:52,86,14,yes,1
11749,1772420512,2026-03-01T19:01:52,86,14,yes,1
11750,1772420512,2026-03-01T19:01:52,86,14,yes,1
11751,1772420512,2026-03-01T19:01:52,86,14,yes,1
11752,1772420512,2026-03-01T19:01:52,86,14,yes,1
11753,1772420512,2026-03-01T19:01:52,85,15,no,133
11754,1772420512,2026-03-01T19:01:52,86,14,yes,1
11755,1772420513,2026-03-01T19:01:53,86,14,yes,1
11756,1772420513,2026-03-01T19:01:53,86,14,yes,1
11757,1772420513,2026-03-01T19:01:53,86,14,yes,1
11758,1772420513,2026-03-01T19:01:53,86,14,yes,1
11759,1772420513,2026-03-01T19:01:53,86,14,yes,1
11760,1772420513,2026-03-01T19:01:53,86,14,yes,1
11761,1772420513,2026-03-01T19:01:53,86,14,yes,28
11762,1772420513,2026-03-01T19:01:53,86,14,yes,5
11763,1772420513,2026-03-01T19:01:53,86,14,yes,3165
11764,1772420513,2026-03-01T19:01:53,86,14,yes,3392
11765,1772420513,2026-03-01T19:01:53,86,14,yes,3392
11766,1772420513,2026-03-01T19:01:53,86,14,yes,1566
11767,1772420513,2026-03-01T19:01:53,86,14,yes,354
11768,1772420514,2026-03-01T19:01:54,86,14,yes,100
11769,1772420514,2026-03-01T19:01:54,86,14,yes,10
11770,1772420514,2026-03-01T19:01:54,86,14,yes,100
11771,1772420515,2026-03-01T19:01:55,86,14,yes,886
11772,1772420515,2026-03-01T19:01:55,86,14,yes,100
11773,1772420515,2026-03-01T19:01:55,86,14,yes,1000
11774,1772420516,2026-03-01T19:01:56,86,14,yes,1304
11775,1772420516,2026-03-01T19:01:56,86,14,yes,15
11776,1772420516,2026-03-01T19:01:56,86,14,yes,1067
11777,1772420516,2026-03-01T19:01:56,86,14,yes,100
11778,1772420517,2026-03-01T19:01:57,86,14,yes,3
11779,1772420517,2026-03-01T19:01:57,87,13,yes,91
11780,1772420517,2026-03-01T19:01:57,87,13,yes,41
11781,1772420518,2026-03-01T19:01:58,86,14,yes,1
11782,1772420518,2026-03-01T19:01:58,87,13,yes,110
11783,1772420518,2026-03-01T19:01:58,87,13,yes,2
11784,1772420519,2026-03-01T19:01:59,86,14,yes,1
11785,1772420519,2026-03-01T19:01:59,87,13,yes,2
11786,1772420519,2026-03-01T19:01:59,87,13,yes,25
11787,1772420520,2026-03-01T19:02:00,88,12,yes,11
11788,1772420521,2026-03-01T19:02:01,88,12,yes,10
11789,1772420522,2026-03-01T19:02:02,87,13,yes,1000
11790,1772420522,2026-03-01T19:02:02,87,13,yes,2
11791,1772420522,2026-03-01T19:02:02,87,13,yes,122
11792,1772420522,2026-03-01T19:02:02,87,13,yes,10
11793,1772420522,2026-03-01T19:02:02,87,13,yes,127
11794,1772420522,2026-03-01T19:02:02,87,13,yes,183
11795,1772420523,2026-03-01T19:02:03,87,13,yes,5
11796,1772420523,2026-03-01T19:02:03,87,13,yes,10
11797,1772420523,2026-03-01T19:02:03,87,13,yes,555
11798,1772420523,2026-03-01T19:02:03,86,14,no,2
11799,1772420523,2026-03-01T19:02:03,86,14,no,1
11800,1772420523,2026-03-01T19:02:03,86,14,no,100
11801,1772420524,2026-03-01T19:02:04,85,15,no,250
11802,1772420524,2026-03-01T19:02:04,85,15,no,1
11803,1772420524,2026-03-01T19:02:04,85,15,yes,100
11804,1772420525,2026-03-01T19:02:05,85,15,yes,294
11805,1772420527,2026-03-01T19:02:07,85,15,yes,57
11806,1772420527,2026-03-01T19:02:07,85,15,yes,10
11807,1772420528,2026-03-01T19:02:08,85,15,yes,1038
11808,1772420528,2026-03-01T19:02:08,85,15,yes,308
11809,1772420528,2026-03-01T19:02:08,85,15,yes,841
11810,1772420528,2026-03-01T19:02:08,85,15,yes,150
11811,1772420528,2026-03-01T19:02:08,85,15,yes,49
11812,1772420528,2026-03-01T19:02:08,85,15,yes,12
11813,1772420528,2026-03-01T19:02:08,85,15,yes,39
11814,1772420529,2026-03-01T19:02:09,85,15,yes,29
11815,1772420529,2026-03-01T19:02:09,84,16,no,1
11816,1772420529,2026-03-01T19:02:09,84,16,no,55
11817,1772420529,2026-03-01T19:02:09,83,17,no,3
11818,1772420529,2026-03-01T19:02:09,83,17,no,35
11819,1772420531,2026-03-01T19:02:11,84,16,yes,2
11820,1772420531,2026-03-01T19:02:11,84,16,yes,1
11821,1772420531,2026-03-01T19:02:11,84,16,yes,55
11822,1772420531,2026-03-01T19:02:11,84,16,yes,3500
11823,1772420532,2026-03-01T19:02:12,83,17,no,100
11824,1772420533,2026-03-01T19:02:13,83,17,no,100
11825,1772420533,2026-03-01T19:02:13,84,16,yes,40
11826,1772420533,2026-03-01T19:02:13,83,17,no,15
11827,1772420533,2026-03-01T19:02:13,83,17,no,1
11828,1772420533,2026-03-01T19:02:13,83,17,no,84
11829,1772420533,2026-03-01T19:02:13,84,16,yes,6
11830,1772420534,2026-03-01T19:02:14,84,16,yes,25
11831,1772420534,2026-03-01T19:02:14,83,17,no,100
11832,1772420534,2026-03-01T19:02:14,84,16,yes,17
11833,1772420534,2026-03-01T19:02:14,84,16,yes,119
11834,1772420534,2026-03-01T19:02:14,84,16,yes,546
11835,1772420535,2026-03-01T19:02:15,84,16,yes,22
11836,1772420535,2026-03-01T19:02:15,85,15,yes,46
11837,1772420535,2026-03-01T19:02:15,86,14,yes,23
11838,1772420535,2026-03-01T19:02:15,86,14,yes,23
11839,1772420535,2026-03-01T19:02:15,86,14,yes,389
11840,1772420535,2026-03-01T19:02:15,86,14,yes,4
11841,1772420535,2026-03-01T19:02:15,87,13,yes,1
11842,1772420535,2026-03-01T19:02:15,87,13,yes,1314
11843,1772420537,2026-03-01T19:02:17,86,14,yes,10
11844,1772420537,2026-03-01T19:02:17,86,14,yes,4
11845,1772420538,2026-03-01T19:02:18,85,15,no,27
11846,1772420539,2026-03-01T19:02:19,86,14,yes,15
11847,1772420541,2026-03-01T19:02:21,87,13,yes,15
11848,1772420541,2026-03-01T19:02:21,87,13,yes,322
11849,1772420541,2026-03-01T19:02:21,86,14,no,2
11850,1772420542,2026-03-01T19:02:22,87,13,yes,135
11851,1772420542,2026-03-01T19:02:22,87,13,yes,18
11852,1772420543,2026-03-01T19:02:23,87,13,yes,28
11853,1772420543,2026-03-01T19:02:23,87,13,yes,2
11854,1772420544,2026-03-01T19:02:24,87,13,yes,1122
11855,1772420545,2026-03-01T19:02:25,88,12,yes,1
11856,1772420545,2026-03-01T19:02:25,87,13,yes,10
11857,1772420546,2026-03-01T19:02:26,87,13,yes,28
11858,1772420547,2026-03-01T19:02:27,87,13,yes,56
11859,1772420547,2026-03-01T19:02:27,86,14,no,2
11860,1772420547,2026-03-01T19:02:27,86,14,no,1
11861,1772420547,2026-03-01T19:02:27,86,14,no,3
11862,1772420547,2026-03-01T19:02:27,88,12,yes,25
11863,1772420547,2026-03-01T19:02:27,88,12,yes,40
11864,1772420547,2026-03-01T19:02:27,88,12,yes,922
11865,1772420547,2026-03-01T19:02:27,89,11,yes,50
11866,1772420547,2026-03-01T19:02:27,89,11,yes,2
11867,1772420547,2026-03-01T19:02:27,89,11,yes,150
11868,1772420547,2026-03-01T19:02:27,89,11,yes,26
11869,1772420547,2026-03-01T19:02:27,89,11,yes,23
11870,1772420547,2026-03-01T19:02:27,89,11,yes,2
11871,1772420547,2026-03-01T19:02:27,89,11,yes,1
11872,1772420547,2026-03-01T19:02:27,87,13,no,210
11873,1772420548,2026-03-01T19:02:28,89,11,yes,4
11874,1772420548,2026-03-01T19:02:28,87,13,no,829
11875,1772420548,2026-03-01T19:02:28,87,13,yes,1171
11876,1772420548,2026-03-01T19:02:28,87,13,yes,26
11877,1772420549,2026-03-01T19:02:29,88,12,yes,5
11878,1772420549,2026-03-01T19:02:29,88,12,yes,4
11879,1772420550,2026-03-01T19:02:30,87,13,no,155
11880,1772420551,2026-03-01T19:02:31,88,12,yes,11
11881,1772420551,2026-03-01T19:02:31,87,13,no,246
11882,1772420551,2026-03-01T19:02:31,88,12,yes,145
11883,1772420552,2026-03-01T19:02:32,87,13,no,100
11884,1772420556,2026-03-01T19:02:36,89,11,yes,17
11885,1772420556,2026-03-01T19:02:36,89,11,yes,3374
11886,1772420556,2026-03-01T19:02:36,89,11,yes,899
11887,1772420556,2026-03-01T19:02:36,89,11,yes,1000
11888,1772420556,2026-03-01T19:02:36,89,11,yes,710
11889,1772420556,2026-03-01T19:02:36,89,11,yes,11
11890,1772420556,2026-03-01T19:02:36,89,11,yes,5
11891,1772420556,2026-03-01T19:02:36,89,11,yes,5
11892,1772420556,2026-03-01T19:02:36,89,11,yes,1
11893,1772420558,2026-03-01T19:02:38,88,12,no,10
11894,1772420559,2026-03-01T19:02:39,89,11,yes,106
11895,1772420559,2026-03-01T19:02:39,89,11,yes,3
11896,1772420560,2026-03-01T19:02:40,88,12,no,50
11897,1772420560,2026-03-01T19:02:40,88,12,no,990
11898,1772420560,2026-03-01T19:02:40,88,12,no,2
11899,1772420560,2026-03-01T19:02:40,88,12,no,3374
11900,1772420560,2026-03-01T19:02:40,88,12,no,2500
11901,1772420560,2026-03-01T19:02:40,88,12,no,3374
11902,1772420560,2026-03-01T19:02:40,88,12,no,1
11903,1772420560,2026-03-01T19:02:40,88,12,no,150
11904,1772420561,2026-03-01T19:02:41,89,11,yes,121
11905,1772420561,2026-03-01T19:02:41,89,11,yes,4
11906,1772420561,2026-03-01T19:02:41,89,11,yes,1
11907,1772420561,2026-03-01T19:02:41,88,12,no,1
11908,1772420562,2026-03-01T19:02:42,89,11,yes,10
11909,1772420562,2026-03-01T19:02:42,89,11,yes,121
11910,1772420563,2026-03-01T19:02:43,87,13,no,2
11911,1772420563,2026-03-01T19:02:43,87,13,no,20
11912,1772420563,2026-03-01T19:02:43,87,13,no,5
11913,1772420563,2026-03-01T19:02:43,87,13,no,1
11914,1772420563,2026-03-01T19:02:43,87,13,no,150
11915,1772420563,2026-03-01T19:02:43,86,14,no,5000
11916,1772420563,2026-03-01T19:02:43,86,14,no,6997
11917,1772420563,2026-03-01T19:02:43,86,14,no,3
11918,1772420563,2026-03-01T19:02:43,85,15,no,250
11919,1772420563,2026-03-01T19:02:43,85,15,no,75
11920,1772420563,2026-03-01T19:02:43,85,15,no,44
11921,1772420563,2026-03-01T19:02:43,85,15,no,5
11922,1772420563,2026-03-01T19:02:43,85,15,no,16
11923,1772420563,2026-03-01T19:02:43,85,15,no,2
11924,1772420563,2026-03-01T19:02:43,84,16,no,100
11925,1772420563,2026-03-01T19:02:43,86,14,no,1
11926,1772420564,2026-03-01T19:02:44,84,16,no,44
11927,1772420564,2026-03-01T19:02:44,84,16,no,15
11928,1772420564,2026-03-01T19:02:44,84,16,no,55
11929,1772420564,2026-03-01T19:02:44,84,16,yes,262
11930,1772420564,2026-03-01T19:02:44,84,16,yes,25
11931,1772420565,2026-03-01T19:02:45,84,16,yes,29
11932,1772420565,2026-03-01T19:02:45,84,16,yes,1
11933,1772420566,2026-03-01T19:02:46,84,16,yes,232
11934,1772420567,2026-03-01T19:02:47,84,16,yes,950
11935,1772420567,2026-03-01T19:02:47,84,16,yes,45
11936,1772420567,2026-03-01T19:02:47,84,16,yes,2
11937,1772420567,2026-03-01T19:02:47,84,16,yes,11
11938,1772420567,2026-03-01T19:02:47,84,16,yes,968
11939,1772420568,2026-03-01T19:02:48,84,16,yes,8
11940,1772420569,2026-03-01T19:02:49,84,16,yes,117
11941,1772420569,2026-03-01T19:02:49,84,16,yes,10
11942,1772420570,2026-03-01T19:02:50,84,16,yes,25
11943,1772420570,2026-03-01T19:02:50,84,16,yes,13
11944,1772420570,2026-03-01T19:02:50,84,16,yes,22
11945,1772420571,2026-03-01T19:02:51,84,16,yes,100
11946,1772420572,2026-03-01T19:02:52,84,16,yes,14
11947,1772420573,2026-03-01T19:02:53,84,16,yes,1
11948,1772420573,2026-03-01T19:02:53,84,16,yes,2
11949,1772420575,2026-03-01T19:02:55,83,17,no,2
11950,1772420575,2026-03-01T19:02:55,85,15,yes,10
11951,1772420575,2026-03-01T19:02:55,85,15,yes,28
11952,1772420575,2026-03-01T19:02:55,85,15,yes,2
11953,1772420575,2026-03-01T19:02:55,85,15,yes,1
11954,1772420575,2026-03-01T19:02:55,85,15,yes,85
11955,1772420575,2026-03-01T19:02:55,85,15,yes,22
11956,1772420576,2026-03-01T19:02:56,85,15,yes,1
11957,1772420576,2026-03-01T19:02:56,85,15,yes,229
11958,1772420577,2026-03-01T19:02:57,85,15,yes,202
11959,1772420578,2026-03-01T19:02:58,85,15,yes,11
11960,1772420578,2026-03-01T19:02:58,85,15,yes,3
11961,1772420578,2026-03-01T19:02:58,85,15,yes,50
11962,1772420578,2026-03-01T19:02:58,85,15,yes,183
11963,1772420578,2026-03-01T19:02:58,85,15,yes,5
11964,1772420578,2026-03-01T19:02:58,85,15,yes,1
11965,1772420578,2026-03-01T19:02:58,85,15,yes,11
11966,1772420579,2026-03-01T19:02:59,84,16,yes,10
11967,1772420579,2026-03-01T19:02:59,84,16,yes,28
11968,1772420579,2026-03-01T19:02:59,85,15,yes,204
11969,1772420580,2026-03-01T19:03:00,84,16,yes,34
11970,1772420580,2026-03-01T19:03:00,84,16,yes,1704
11971,1772420581,2026-03-01T19:03:01,84,16,yes,10
11972,1772420581,2026-03-01T19:03:01,84,16,yes,3
11973,1772420581,2026-03-01T19:03:01,84,16,yes,1
11974,1772420582,2026-03-01T19:03:02,84,16,yes,6
11975,1772420582,2026-03-01T19:03:02,84,16,yes,20
11976,1772420582,2026-03-01T19:03:02,85,15,yes,198
11977,1772420582,2026-03-01T19:03:02,84,16,yes,4
11978,1772420583,2026-03-01T19:03:03,83,17,no,48
11979,1772420583,2026-03-01T19:03:03,83,17,no,47
11980,1772420583,2026-03-01T19:03:03,84,16,yes,23
11981,1772420583,2026-03-01T19:03:03,84,16,yes,13
11982,1772420584,2026-03-01T19:03:04,84,16,yes,39
11983,1772420584,2026-03-01T19:03:04,84,16,yes,110
11984,1772420584,2026-03-01T19:03:04,84,16,yes,115
11985,1772420584,2026-03-01T19:03:04,84,16,yes,30
11986,1772420584,2026-03-01T19:03:04,85,15,yes,148
11987,1772420586,2026-03-01T19:03:06,84,16,yes,117
11988,1772420586,2026-03-01T19:03:06,84,16,yes,29
11989,1772420587,2026-03-01T19:03:07,84,16,yes,7
11990,1772420587,2026-03-01T19:03:07,84,16,yes,219
11991,1772420587,2026-03-01T19:03:07,85,15,yes,10
11992,1772420587,2026-03-01T19:03:07,85,15,yes,23
11993,1772420588,2026-03-01T19:03:08,85,15,yes,29
11994,1772420588,2026-03-01T19:03:08,85,15,yes,9
11995,1772420588,2026-03-01T19:03:08,85,15,yes,56
11996,1772420589,2026-03-01T19:03:09,85,15,yes,114
11997,1772420590,2026-03-01T19:03:10,83,17,no,5
11998,1772420590,2026-03-01T19:03:10,83,17,no,2
11999,1772420590,2026-03-01T19:03:10,83,17,no,7
12000,1772420590,2026-03-01T19:03:10,84,16,yes,27
12001,1772420591,2026-03-01T19:03:11,84,16,yes,116
12002,1772420591,2026-03-01T19:03:11,84,16,yes,9
12003,1772420592,2026-03-01T19:03:12,83,17,no,2
12004,1772420592,2026-03-01T19:03:12,83,17,no,55
12005,1772420592,2026-03-01T19:03:12,83,17,no,150
12006,1772420592,2026-03-01T19:03:12,84,16,yes,350
12007,1772420593,2026-03-01T19:03:13,83,17,yes,588
12008,1772420593,2026-03-01T19:03:13,82,18,no,123
12009,1772420593,2026-03-01T19:03:13,82,18,no,20
12010,1772420594,2026-03-01T19:03:14,83,17,yes,500
12011,1772420594,2026-03-01T19:03:14,82,18,no,32
12012,1772420595,2026-03-01T19:03:15,83,17,yes,1908
12013,1772420595,2026-03-01T19:03:15,83,17,yes,7500
12014,1772420595,2026-03-01T19:03:15,83,17,yes,16
12015,1772420595,2026-03-01T19:03:15,83,17,yes,2408
12016,1772420595,2026-03-01T19:03:15,83,17,yes,2408
12017,1772420595,2026-03-01T19:03:15,83,17,yes,2408
12018,1772420595,2026-03-01T19:03:15,83,17,yes,2408
12019,1772420595,2026-03-01T19:03:15,83,17,yes,42
12020,1772420595,2026-03-01T19:03:15,83,17,yes,150
12021,1772420595,2026-03-01T19:03:15,83,17,yes,349
12022,1772420595,2026-03-01T19:03:15,83,17,yes,302
12023,1772420595,2026-03-01T19:03:15,84,16,yes,909
12024,1772420595,2026-03-01T19:03:15,84,16,yes,2408
12025,1772420595,2026-03-01T19:03:15,84,16,yes,60
12026,1772420595,2026-03-01T19:03:15,84,16,yes,2
12027,1772420595,2026-03-01T19:03:15,84,16,yes,23
12028,1772420596,2026-03-01T19:03:16,83,17,yes,5
12029,1772420597,2026-03-01T19:03:17,83,17,yes,2
12030,1772420597,2026-03-01T19:03:17,83,17,yes,116
12031,1772420598,2026-03-01T19:03:18,82,18,no,4
12032,1772420598,2026-03-01T19:03:18,83,17,yes,28
12033,1772420598,2026-03-01T19:03:18,83,17,yes,16
12034,1772420599,2026-03-01T19:03:19,83,17,yes,25
12035,1772420599,2026-03-01T19:03:19,83,17,yes,196
12036,1772420599,2026-03-01T19:03:19,83,17,yes,7
12037,1772420599,2026-03-01T19:03:19,83,17,yes,10
12038,1772420600,2026-03-01T19:03:20,83,17,yes,1
12039,1772420600,2026-03-01T19:03:20,83,17,yes,117
12040,1772420600,2026-03-01T19:03:20,83,17,yes,20
12041,1772420601,2026-03-01T19:03:21,83,17,yes,50
12042,1772420601,2026-03-01T19:03:21,83,17,yes,28
12043,1772420601,2026-03-01T19:03:21,82,18,no,1364
12044,1772420601,2026-03-01T19:03:21,83,17,yes,30
12045,1772420602,2026-03-01T19:03:22,83,17,yes,27
12046,1772420602,2026-03-01T19:03:22,82,18,no,900
12047,1772420603,2026-03-01T19:03:23,83,17,yes,4
12048,1772420603,2026-03-01T19:03:23,82,18,no,300
12049,1772420603,2026-03-01T19:03:23,82,18,no,289
12050,1772420603,2026-03-01T19:03:23,82,18,no,1968
12051,1772420603,2026-03-01T19:03:23,82,18,no,10
12052,1772420603,2026-03-01T19:03:23,82,18,no,10
12053,1772420603,2026-03-01T19:03:23,82,18,no,1
12054,1772420603,2026-03-01T19:03:23,82,18,no,230
12055,1772420603,2026-03-01T19:03:23,82,18,no,1
12056,1772420603,2026-03-01T19:03:23,82,18,no,5
12057,1772420603,2026-03-01T19:03:23,82,18,no,50
12058,1772420603,2026-03-01T19:03:23,81,19,no,2
12059,1772420603,2026-03-01T19:03:23,81,19,no,50
12060,1772420603,2026-03-01T19:03:23,81,19,no,1
12061,1772420603,2026-03-01T19:03:23,81,19,no,100
12062,1772420603,2026-03-01T19:03:23,81,19,no,387
12063,1772420604,2026-03-01T19:03:24,81,19,yes,2500
12064,1772420604,2026-03-01T19:03:24,81,19,yes,25
12065,1772420604,2026-03-01T19:03:24,81,19,yes,235
12066,1772420605,2026-03-01T19:03:25,81,19,yes,6
12067,1772420605,2026-03-01T19:03:25,81,19,yes,83
12068,1772420605,2026-03-01T19:03:25,81,19,yes,10
12069,1772420606,2026-03-01T19:03:26,81,19,yes,843
12070,1772420606,2026-03-01T19:03:26,81,19,yes,121
12071,1772420606,2026-03-01T19:03:26,81,19,yes,124
12072,1772420607,2026-03-01T19:03:27,81,19,yes,29
12073,1772420607,2026-03-01T19:03:27,81,19,yes,180
12074,1772420608,2026-03-01T19:03:28,81,19,yes,6
12075,1772420608,2026-03-01T19:03:28,81,19,yes,200
12076,1772420609,2026-03-01T19:03:29,81,19,yes,120
12077,1772420610,2026-03-01T19:03:30,81,19,yes,500
12078,1772420610,2026-03-01T19:03:30,81,19,yes,245
12079,1772420610,2026-03-01T19:03:30,81,19,yes,105
12080,1772420610,2026-03-01T19:03:30,81,19,yes,1214
12081,1772420611,2026-03-01T19:03:31,81,19,yes,6
12082,1772420611,2026-03-01T19:03:31,81,19,yes,292
12083,1772420611,2026-03-01T19:03:31,81,19,yes,10
12084,1772420611,2026-03-01T19:03:31,81,19,yes,100
12085,1772420612,2026-03-01T19:03:32,81,19,yes,30
12086,1772420613,2026-03-01T19:03:33,80,20,no,3
12087,1772420613,2026-03-01T19:03:33,80,20,no,100
12088,1772420613,2026-03-01T19:03:33,80,20,no,5
12089,1772420613,2026-03-01T19:03:33,80,20,no,5
12090,1772420613,2026-03-01T19:03:33,80,20,no,177
12091,1772420613,2026-03-01T19:03:33,81,19,yes,30
12092,1772420613,2026-03-01T19:03:33,80,20,no,68
12093,1772420614,2026-03-01T19:03:34,81,19,yes,51
12094,1772420614,2026-03-01T19:03:34,81,19,yes,25
12095,1772420614,2026-03-01T19:03:34,81,19,yes,6
12096,1772420616,2026-03-01T19:03:36,81,19,yes,128
12097,1772420616,2026-03-01T19:03:36,81,19,yes,2
12098,1772420617,2026-03-01T19:03:37,81,19,yes,25
12099,1772420618,2026-03-01T19:03:38,81,19,yes,442
12100,1772420618,2026-03-01T19:03:38,81,19,yes,2
12101,1772420619,2026-03-01T19:03:39,81,19,yes,60
12102,1772420619,2026-03-01T19:03:39,81,19,yes,50
12103,1772420619,2026-03-01T19:03:39,81,19,yes,602
12104,1772420619,2026-03-01T19:03:39,81,19,yes,725
12105,1772420621,2026-03-01T19:03:41,81,19,yes,335
12106,1772420621,2026-03-01T19:03:41,81,19,yes,61
12107,1772420621,2026-03-01T19:03:41,81,19,yes,3
12108,1772420621,2026-03-01T19:03:41,81,19,yes,1
12109,1772420621,2026-03-01T19:03:41,81,19,yes,120
12110,1772420622,2026-03-01T19:03:42,81,19,yes,12
12111,1772420622,2026-03-01T19:03:42,81,19,yes,60
12112,1772420622,2026-03-01T19:03:42,81,19,yes,150
12113,1772420623,2026-03-01T19:03:43,81,19,yes,12
12114,1772420623,2026-03-01T19:03:43,80,20,no,230
12115,1772420623,2026-03-01T19:03:43,81,19,yes,731
12116,1772420624,2026-03-01T19:03:44,81,19,yes,5
12117,1772420624,2026-03-01T19:03:44,81,19,yes,115
12118,1772420625,2026-03-01T19:03:45,81,19,yes,50
12119,1772420625,2026-03-01T19:03:45,81,19,yes,10
12120,1772420626,2026-03-01T19:03:46,80,20,no,265
12121,1772420626,2026-03-01T19:03:46,81,19,yes,121
12122,1772420626,2026-03-01T19:03:46,81,19,yes,30
12123,1772420627,2026-03-01T19:03:47,81,19,yes,6
12124,1772420627,2026-03-01T19:03:47,81,19,yes,60
12125,1772420628,2026-03-01T19:03:48,81,19,yes,3
12126,1772420628,2026-03-01T19:03:48,81,19,yes,1
12127,1772420629,2026-03-01T19:03:49,80,20,no,25
12128,1772420629,2026-03-01T19:03:49,80,20,no,705
12129,1772420630,2026-03-01T19:03:50,81,19,yes,20
12130,1772420631,2026-03-01T19:03:51,81,19,yes,182
12131,1772420631,2026-03-01T19:03:51,81,19,yes,2
12132,1772420631,2026-03-01T19:03:51,81,19,yes,1
12133,1772420631,2026-03-01T19:03:51,81,19,yes,10
12134,1772420631,2026-03-01T19:03:51,81,19,yes,25
12135,1772420631,2026-03-01T19:03:51,81,19,yes,24
12136,1772420633,2026-03-01T19:03:53,80,20,no,2
12137,1772420634,2026-03-01T19:03:54,81,19,yes,23
12138,1772420634,2026-03-01T19:03:54,81,19,yes,175
12139,1772420635,2026-03-01T19:03:55,82,18,no,20
12140,1772420635,2026-03-01T19:03:55,82,18,no,24
12141,1772420637,2026-03-01T19:03:57,83,17,no,10
12142,1772420638,2026-03-01T19:03:58,84,16,yes,55
12143,1772420638,2026-03-01T19:03:58,84,16,yes,150
12144,1772420640,2026-03-01T19:04:00,84,16,no,1
12145,1772420640,2026-03-01T19:04:00,84,16,no,1
12146,1772420641,2026-03-01T19:04:01,84,16,no,3
12147,1772420641,2026-03-01T19:04:01,85,15,yes,3
12148,1772420641,2026-03-01T19:04:01,85,15,yes,36
12149,1772420642,2026-03-01T19:04:02,85,15,yes,5
12150,1772420642,2026-03-01T19:04:02,84,16,no,1
12151,1772420643,2026-03-01T19:04:03,83,17,no,1
12152,1772420643,2026-03-01T19:04:03,83,17,no,1567
12153,1772420643,2026-03-01T19:04:03,84,16,yes,14
12154,1772420643,2026-03-01T19:04:03,84,16,yes,8
12155,1772420644,2026-03-01T19:04:04,84,16,yes,1054
12156,1772420644,2026-03-01T19:04:04,84,16,yes,54
12157,1772420644,2026-03-01T19:04:04,84,16,yes,6
12158,1772420644,2026-03-01T19:04:04,85,15,yes,1
12159,1772420644,2026-03-01T19:04:04,84,16,yes,581
12160,1772420644,2026-03-01T19:04:04,83,17,no,10
12161,1772420646,2026-03-01T19:04:06,85,15,yes,32
12162,1772420647,2026-03-01T19:04:07,84,16,no,1
12163,1772420647,2026-03-01T19:04:07,84,16,no,24
12164,1772420647,2026-03-01T19:04:07,86,14,yes,5
12165,1772420647,2026-03-01T19:04:07,86,14,yes,16
12166,1772420647,2026-03-01T19:04:07,86,14,yes,1
12167,1772420647,2026-03-01T19:04:07,86,14,yes,22
12168,1772420647,2026-03-01T19:04:07,86,14,yes,23
12169,1772420647,2026-03-01T19:04:07,86,14,yes,25
12170,1772420647,2026-03-01T19:04:07,86,14,yes,8
12171,1772420648,2026-03-01T19:04:08,87,13,yes,2000
12172,1772420648,2026-03-01T19:04:08,87,13,yes,14
12173,1772420648,2026-03-01T19:04:08,87,13,yes,150
12174,1772420648,2026-03-01T19:04:08,87,13,yes,6
12175,1772420648,2026-03-01T19:04:08,87,13,yes,3
12176,1772420648,2026-03-01T19:04:08,87,13,yes,22
12177,1772420648,2026-03-01T19:04:08,87,13,yes,19
12178,1772420648,2026-03-01T19:04:08,87,13,yes,23
12179,1772420648,2026-03-01T19:04:08,88,12,yes,1
12180,1772420648,2026-03-01T19:04:08,88,12,yes,15
12181,1772420648,2026-03-01T19:04:08,88,12,yes,60
12182,1772420648,2026-03-01T19:04:08,88,12,yes,27
12183,1772420650,2026-03-01T19:04:10,88,12,yes,5
12184,1772420650,2026-03-01T19:04:10,88,12,yes,2
12185,1772420651,2026-03-01T19:04:11,87,13,no,1
12186,1772420651,2026-03-01T19:04:11,87,13,no,100
12187,1772420651,2026-03-01T19:04:11,88,12,yes,1
12188,1772420652,2026-03-01T19:04:12,87,13,no,1
12189,1772420652,2026-03-01T19:04:12,87,13,no,150
12190,1772420653,2026-03-01T19:04:13,87,13,yes,355
12191,1772420653,2026-03-01T19:04:13,87,13,yes,200
12192,1772420653,2026-03-01T19:04:13,87,13,yes,22
12193,1772420654,2026-03-01T19:04:14,86,14,no,200
12194,1772420655,2026-03-01T19:04:15,86,14,no,2242
12195,1772420655,2026-03-01T19:04:15,86,14,no,83
12196,1772420655,2026-03-01T19:04:15,86,14,no,1458
12197,1772420655,2026-03-01T19:04:15,87,13,yes,1
12198,1772420655,2026-03-01T19:04:15,87,13,yes,9
12199,1772420656,2026-03-01T19:04:16,87,13,yes,13
12200,1772420656,2026-03-01T19:04:16,87,13,yes,1
12201,1772420656,2026-03-01T19:04:16,87,13,yes,14
12202,1772420656,2026-03-01T19:04:16,87,13,yes,50
12203,1772420656,2026-03-01T19:04:16,87,13,yes,14
12204,1772420656,2026-03-01T19:04:16,88,12,yes,189
12205,1772420656,2026-03-01T19:04:16,87,13,yes,38
12206,1772420657,2026-03-01T19:04:17,87,13,yes,2
12207,1772420657,2026-03-01T19:04:17,87,13,yes,27
12208,1772420657,2026-03-01T19:04:17,87,13,yes,1
12209,1772420658,2026-03-01T19:04:18,87,13,yes,2
12210,1772420659,2026-03-01T19:04:19,87,13,yes,5
12211,1772420659,2026-03-01T19:04:19,86,14,no,116
12212,1772420659,2026-03-01T19:04:19,87,13,yes,28
12213,1772420659,2026-03-01T19:04:19,87,13,yes,72
12214,1772420659,2026-03-01T19:04:19,88,12,yes,10
12215,1772420659,2026-03-01T19:04:19,86,14,no,843
12216,1772420659,2026-03-01T19:04:19,86,14,no,1
12217,1772420659,2026-03-01T19:04:19,86,14,no,193
12218,1772420660,2026-03-01T19:04:20,87,13,yes,31
12219,1772420660,2026-03-01T19:04:20,87,13,yes,4
12220,1772420660,2026-03-01T19:04:20,86,14,no,549
12221,1772420661,2026-03-01T19:04:21,86,14,no,16
12222,1772420661,2026-03-01T19:04:21,87,13,yes,22
12223,1772420663,2026-03-01T19:04:23,87,13,yes,10
12224,1772420663,2026-03-01T19:04:23,87,13,yes,25
12225,1772420663,2026-03-01T19:04:23,87,13,yes,62
12226,1772420663,2026-03-01T19:04:23,87,13,yes,28
12227,1772420664,2026-03-01T19:04:24,87,13,yes,1
12228,1772420665,2026-03-01T19:04:25,87,13,yes,250
12229,1772420666,2026-03-01T19:04:26,87,13,yes,5
12230,1772420667,2026-03-01T19:04:27,87,13,yes,1
12231,1772420667,2026-03-01T19:04:27,87,13,yes,26
12232,1772420668,2026-03-01T19:04:28,87,13,yes,30
12233,1772420668,2026-03-01T19:04:28,87,13,yes,1
12234,1772420669,2026-03-01T19:04:29,87,13,yes,106
12235,1772420669,2026-03-01T19:04:29,87,13,yes,11
12236,1772420670,2026-03-01T19:04:30,87,13,yes,968
12237,1772420670,2026-03-01T19:04:30,87,13,yes,1
12238,1772420672,2026-03-01T19:04:32,87,13,yes,25
12239,1772420672,2026-03-01T19:04:32,87,13,yes,88
12240,1772420674,2026-03-01T19:04:34,87,13,yes,2
12241,1772420675,2026-03-01T19:04:35,88,12,yes,1
12242,1772420675,2026-03-01T19:04:35,88,12,yes,851
12243,1772420675,2026-03-01T19:04:35,88,12,yes,3562
12244,1772420675,2026-03-01T19:04:35,88,12,yes,23
12245,1772420675,2026-03-01T19:04:35,88,12,yes,50
12246,1772420675,2026-03-01T19:04:35,88,12,yes,20
12247,1772420675,2026-03-01T19:04:35,88,12,yes,2000
12248,1772420675,2026-03-01T19:04:35,89,11,yes,2
12249,1772420675,2026-03-01T19:04:35,89,11,yes,15
12250,1772420675,2026-03-01T19:04:35,89,11,yes,1295
12251,1772420675,2026-03-01T19:04:35,89,11,yes,1
12252,1772420675,2026-03-01T19:04:35,89,11,yes,21
12253,1772420675,2026-03-01T19:04:35,89,11,yes,1
12254,1772420675,2026-03-01T19:04:35,89,11,yes,200
12255,1772420675,2026-03-01T19:04:35,89,11,no,12
12256,1772420675,2026-03-01T19:04:35,90,10,yes,12
12257,1772420675,2026-03-01T19:04:35,89,11,no,10
12258,1772420675,2026-03-01T19:04:35,89,11,no,402
12259,1772420675,2026-03-01T19:04:35,89,11,no,801
12260,1772420675,2026-03-01T19:04:35,89,11,no,569
12261,1772420675,2026-03-01T19:04:35,89,11,no,68
12262,1772420675,2026-03-01T19:04:35,89,11,no,530
12263,1772420675,2026-03-01T19:04:35,89,11,no,455
12264,1772420676,2026-03-01T19:04:36,89,11,no,53
12265,1772420677,2026-03-01T19:04:37,89,11,no,10
12266,1772420677,2026-03-01T19:04:37,90,10,yes,98
12267,1772420677,2026-03-01T19:04:37,90,10,yes,1
12268,1772420677,2026-03-01T19:04:37,90,10,yes,1
12269,1772420677,2026-03-01T19:04:37,90,10,yes,23
12270,1772420677,2026-03-01T19:04:37,90,10,yes,299
12271,1772420678,2026-03-01T19:04:38,90,10,yes,90
12272,1772420678,2026-03-01T19:04:38,89,11,no,336
12273,1772420679,2026-03-01T19:04:39,90,10,yes,15
12274,1772420679,2026-03-01T19:04:39,90,10,yes,30
12275,1772420680,2026-03-01T19:04:40,89,11,no,213
12276,1772420680,2026-03-01T19:04:40,90,10,yes,1
12277,1772420681,2026-03-01T19:04:41,89,11,no,1664
12278,1772420681,2026-03-01T19:04:41,89,11,no,3329
12279,1772420681,2026-03-01T19:04:41,89,11,no,1074
12280,1772420681,2026-03-01T19:04:41,89,11,no,1
12281,1772420682,2026-03-01T19:04:42,90,10,yes,1044
12282,1772420682,2026-03-01T19:04:42,90,10,yes,11
12283,1772420682,2026-03-01T19:04:42,89,11,no,149
12284,1772420682,2026-03-01T19:04:42,88,12,no,27
12285,1772420682,2026-03-01T19:04:42,88,12,no,6
12286,1772420682,2026-03-01T19:04:42,88,12,no,1
12287,1772420682,2026-03-01T19:04:42,88,12,no,6
12288,1772420682,2026-03-01T19:04:42,88,12,no,3
12289,1772420682,2026-03-01T19:04:42,87,13,no,5
12290,1772420682,2026-03-01T19:04:42,87,13,no,1
12291,1772420682,2026-03-01T19:04:42,87,13,no,2
12292,1772420682,2026-03-01T19:04:42,87,13,no,100
12293,1772420683,2026-03-01T19:04:43,88,12,no,11
12294,1772420683,2026-03-01T19:04:43,89,11,no,15
12295,1772420683,2026-03-01T19:04:43,88,12,no,168
12296,1772420684,2026-03-01T19:04:44,90,10,yes,1
12297,1772420684,2026-03-01T19:04:44,90,10,yes,55
12298,1772420684,2026-03-01T19:04:44,91,9,yes,46
12299,1772420684,2026-03-01T19:04:44,91,9,yes,3
12300,1772420684,2026-03-01T19:04:44,91,9,yes,35
12301,1772420684,2026-03-01T19:04:44,91,9,yes,22
12302,1772420684,2026-03-01T19:04:44,91,9,yes,6
12303,1772420684,2026-03-01T19:04:44,92,8,yes,5
12304,1772420685,2026-03-01T19:04:45,92,8,yes,16
12305,1772420686,2026-03-01T19:04:46,92,8,yes,3
12306,1772420687,2026-03-01T19:04:47,92,8,yes,106
12307,1772420687,2026-03-01T19:04:47,91,9,no,5
12308,1772420689,2026-03-01T19:04:49,92,8,yes,8
12309,1772420689,2026-03-01T19:04:49,92,8,yes,1
12310,1772420689,2026-03-01T19:04:49,91,9,no,963
12311,1772420689,2026-03-01T19:04:49,91,9,no,237
12312,1772420690,2026-03-01T19:04:50,91,9,no,83
12313,1772420691,2026-03-01T19:04:51,91,9,no,100
12314,1772420691,2026-03-01T19:04:51,91,9,no,69
12315,1772420691,2026-03-01T19:04:51,91,9,no,16
12316,1772420691,2026-03-01T19:04:51,91,9,no,113
12317,1772420692,2026-03-01T19:04:52,92,8,yes,27
12318,1772420694,2026-03-01T19:04:54,91,9,no,681
12319,1772420694,2026-03-01T19:04:54,91,9,no,46
12320,1772420695,2026-03-01T19:04:55,91,9,no,15
12321,1772420695,2026-03-01T19:04:55,92,8,yes,1
12322,1772420695,2026-03-01T19:04:55,91,9,no,1140
12323,1772420695,2026-03-01T19:04:55,91,9,no,290
12324,1772420697,2026-03-01T19:04:57,92,8,yes,5
12325,1772420697,2026-03-01T19:04:57,92,8,yes,106
12326,1772420697,2026-03-01T19:04:57,91,9,no,100
12327,1772420697,2026-03-01T19:04:57,91,9,no,16
12328,1772420698,2026-03-01T19:04:58,92,8,yes,22
12329,1772420698,2026-03-01T19:04:58,92,8,yes,28
12330,1772420698,2026-03-01T19:04:58,92,8,yes,8
12331,1772420698,2026-03-01T19:04:58,92,8,yes,51
12332,1772420698,2026-03-01T19:04:58,93,7,yes,105
12333,1772420699,2026-03-01T19:04:59,92,8,yes,2000
12334,1772420699,2026-03-01T19:04:59,92,8,yes,6
12335,1772420700,2026-03-01T19:05:00,92,8,no,822
12336,1772420700,2026-03-01T19:05:00,93,7,yes,1015
12337,1772420700,2026-03-01T19:05:00,93,7,yes,1
12338,1772420703,2026-03-01T19:05:03,94,6,yes,20
12339,1772420703,2026-03-01T19:05:03,94,6,yes,1
12340,1772420703,2026-03-01T19:05:03,94,6,yes,3
12341,1772420703,2026-03-01T19:05:03,94,6,yes,58
12342,1772420703,2026-03-01T19:05:03,95,5,yes,18
12343,1772420704,2026-03-01T19:05:04,94,6,yes,3
12344,1772420704,2026-03-01T19:05:04,94,6,yes,3
12345,1772420704,2026-03-01T19:05:04,93,7,no,8
12346,1772420705,2026-03-01T19:05:05,94,6,yes,24
12347,1772420705,2026-03-01T19:05:05,94,6,yes,3
12348,1772420705,2026-03-01T19:05:05,94,6,yes,3
12349,1772420705,2026-03-01T19:05:05,94,6,yes,3
12350,1772420705,2026-03-01T19:05:05,94,6,yes,3
12351,1772420705,2026-03-01T19:05:05,94,6,yes,7
12352,1772420705,2026-03-01T19:05:05,94,6,yes,55
12353,1772420705,2026-03-01T19:05:05,95,5,yes,472
12354,1772420707,2026-03-01T19:05:07,93,7,no,63
12355,1772420707,2026-03-01T19:05:07,93,7,no,104
12356,1772420708,2026-03-01T19:05:08,93,7,no,85
12357,1772420708,2026-03-01T19:05:08,94,6,yes,5
12358,1772420708,2026-03-01T19:05:08,94,6,yes,1
12359,1772420709,2026-03-01T19:05:09,93,7,no,106
12360,1772420709,2026-03-01T19:05:09,93,7,no,1
12361,1772420709,2026-03-01T19:05:09,93,7,no,222
12362,1772420710,2026-03-01T19:05:10,93,7,no,15
12363,1772420711,2026-03-01T19:05:11,94,6,yes,27
12364,1772420711,2026-03-01T19:05:11,94,6,yes,90
12365,1772420711,2026-03-01T19:05:11,94,6,yes,299
12366,1772420711,2026-03-01T19:05:11,93,7,no,144
12367,1772420711,2026-03-01T19:05:11,93,7,no,154
12368,1772420711,2026-03-01T19:05:11,94,6,yes,10
12369,1772420712,2026-03-01T19:05:12,93,7,no,28
12370,1772420712,2026-03-01T19:05:12,94,6,yes,10
12371,1772420712,2026-03-01T19:05:12,94,6,yes,7
12372,1772420712,2026-03-01T19:05:12,93,7,no,1337
12373,1772420714,2026-03-01T19:05:14,93,7,no,100
12374,1772420714,2026-03-01T19:05:14,94,6,yes,3000
12375,1772420715,2026-03-01T19:05:15,93,7,no,40
12376,1772420715,2026-03-01T19:05:15,95,5,yes,7
12377,1772420716,2026-03-01T19:05:16,95,5,yes,3
12378,1772420716,2026-03-01T19:05:16,95,5,yes,2
12379,1772420716,2026-03-01T19:05:16,95,5,yes,4
12380,1772420719,2026-03-01T19:05:19,95,5,yes,5
12381,1772420722,2026-03-01T19:05:22,95,5,yes,5
12382,1772420723,2026-03-01T19:05:23,94,6,no,10
12383,1772420723,2026-03-01T19:05:23,94,6,no,4
12384,1772420723,2026-03-01T19:05:23,95,5,yes,11
12385,1772420723,2026-03-01T19:05:23,95,5,yes,20
12386,1772420725,2026-03-01T19:05:25,94,6,no,310
12387,1772420725,2026-03-01T19:05:25,94,6,no,425
12388,1772420726,2026-03-01T19:05:26,94,6,no,116
12389,1772420727,2026-03-01T19:05:27,95,5,yes,3
12390,1772420727,2026-03-01T19:05:27,95,5,yes,1
12391,1772420727,2026-03-01T19:05:27,95,5,yes,88
12392,1772420727,2026-03-01T19:05:27,95,5,yes,7
12393,1772420727,2026-03-01T19:05:27,95,5,yes,14
12394,1772420727,2026-03-01T19:05:27,95,5,yes,45
12395,1772420727,2026-03-01T19:05:27,95,5,yes,104
12396,1772420727,2026-03-01T19:05:27,95,5,yes,1
12397,1772420727,2026-03-01T19:05:27,95,5,yes,1048
12398,1772420727,2026-03-01T19:05:27,95,5,yes,45
12399,1772420728,2026-03-01T19:05:28,94,6,no,561
12400,1772420728,2026-03-01T19:05:28,95,5,yes,20
12401,1772420728,2026-03-01T19:05:28,95,5,yes,26
12402,1772420728,2026-03-01T19:05:28,95,5,yes,104
12403,1772420729,2026-03-01T19:05:29,95,5,yes,39
12404,1772420730,2026-03-01T19:05:30,95,5,yes,250
12405,1772420730,2026-03-01T19:05:30,94,6,no,78
12406,1772420730,2026-03-01T19:05:30,95,5,yes,100
12407,1772420730,2026-03-01T19:05:30,95,5,yes,314
12408,1772420732,2026-03-01T19:05:32,95,5,yes,645
12409,1772420732,2026-03-01T19:05:32,95,5,yes,2696
12410,1772420732,2026-03-01T19:05:32,95,5,yes,481
12411,1772420732,2026-03-01T19:05:32,95,5,yes,2786
12412,1772420733,2026-03-01T19:05:33,95,5,yes,120
12413,1772420734,2026-03-01T19:05:34,95,5,yes,3
12414,1772420734,2026-03-01T19:05:34,95,5,yes,524
12415,1772420734,2026-03-01T19:05:34,94,6,no,1
12416,1772420734,2026-03-01T19:05:34,94,6,no,658
12417,1772420734,2026-03-01T19:05:34,95,5,yes,75
12418,1772420735,2026-03-01T19:05:35,94,6,no,50
12419,1772420735,2026-03-01T19:05:35,94,6,no,100
12420,1772420735,2026-03-01T19:05:35,94,6,no,8
12421,1772420736,2026-03-01T19:05:36,94,6,no,30
12422,1772420736,2026-03-01T19:05:36,95,5,yes,290
12423,1772420736,2026-03-01T19:05:36,95,5,yes,14
12424,1772420736,2026-03-01T19:05:36,95,5,yes,26
12425,1772420738,2026-03-01T19:05:38,95,5,yes,524
12426,1772420740,2026-03-01T19:05:40,94,6,no,672
12427,1772420741,2026-03-01T19:05:41,95,5,yes,622
12428,1772420741,2026-03-01T19:05:41,95,5,yes,305
12429,1772420741,2026-03-01T19:05:41,95,5,yes,5
12430,1772420742,2026-03-01T19:05:42,94,6,no,19
12431,1772420743,2026-03-01T19:05:43,94,6,no,821
12432,1772420743,2026-03-01T19:05:43,94,6,no,28
12433,1772420743,2026-03-01T19:05:43,95,5,yes,54
12434,1772420743,2026-03-01T19:05:43,95,5,yes,1
12435,1772420744,2026-03-01T19:05:44,95,5,yes,104
12436,1772420744,2026-03-01T19:05:44,95,5,yes,1
12437,1772420746,2026-03-01T19:05:46,95,5,yes,1
12438,1772420746,2026-03-01T19:05:46,94,6,no,495
12439,1772420747,2026-03-01T19:05:47,95,5,yes,10
12440,1772420748,2026-03-01T19:05:48,95,5,yes,95
12441,1772420748,2026-03-01T19:05:48,94,6,no,431
12442,1772420748,2026-03-01T19:05:48,94,6,no,1941
12443,1772420748,2026-03-01T19:05:48,95,5,yes,5
12444,1772420749,2026-03-01T19:05:49,95,5,yes,290
12445,1772420749,2026-03-01T19:05:49,95,5,yes,3
12446,1772420749,2026-03-01T19:05:49,95,5,yes,10
12447,1772420749,2026-03-01T19:05:49,94,6,no,8
12448,1772420749,2026-03-01T19:05:49,94,6,no,551
12449,1772420749,2026-03-01T19:05:49,94,6,no,1
12450,1772420749,2026-03-01T19:05:49,94,6,no,200
12451,1772420749,2026-03-01T19:05:49,94,6,no,150
12452,1772420751,2026-03-01T19:05:51,93,7,no,1
12453,1772420751,2026-03-01T19:05:51,93,7,no,2
12454,1772420751,2026-03-01T19:05:51,93,7,no,1
12455,1772420751,2026-03-01T19:05:51,93,7,no,24
12456,1772420751,2026-03-01T19:05:51,93,7,no,15
12457,1772420751,2026-03-01T19:05:51,92,8,no,3
12458,1772420751,2026-03-01T19:05:51,92,8,no,242
12459,1772420751,2026-03-01T19:05:51,93,7,yes,966
12460,1772420751,2026-03-01T19:05:51,94,6,yes,105
12461,1772420752,2026-03-01T19:05:52,93,7,no,11
12462,1772420755,2026-03-01T19:05:55,94,6,yes,26
12463,1772420755,2026-03-01T19:05:55,94,6,yes,180
12464,1772420755,2026-03-01T19:05:55,94,6,yes,276
12465,1772420756,2026-03-01T19:05:56,94,6,yes,520
12466,1772420757,2026-03-01T19:05:57,94,6,yes,31
12467,1772420757,2026-03-01T19:05:57,94,6,yes,2
12468,1772420757,2026-03-01T19:05:57,92,8,no,42
12469,1772420758,2026-03-01T19:05:58,94,6,yes,19
12470,1772420759,2026-03-01T19:05:59,94,6,yes,317
12471,1772420759,2026-03-01T19:05:59,94,6,yes,1041
12472,1772420759,2026-03-01T19:05:59,94,6,yes,10
12473,1772420760,2026-03-01T19:06:00,94,6,yes,92
12474,1772420761,2026-03-01T19:06:01,94,6,yes,200
12475,1772420761,2026-03-01T19:06:01,93,7,no,1
12476,1772420761,2026-03-01T19:06:01,93,7,no,3
12477,1772420761,2026-03-01T19:06:01,93,7,no,36
12478,1772420761,2026-03-01T19:06:01,93,7,no,1
12479,1772420762,2026-03-01T19:06:02,94,6,yes,41
12480,1772420764,2026-03-01T19:06:04,94,6,yes,25
12481,1772420765,2026-03-01T19:06:05,94,6,yes,2
12482,1772420765,2026-03-01T19:06:05,94,6,yes,5
12483,1772420767,2026-03-01T19:06:07,95,5,yes,9
12484,1772420768,2026-03-01T19:06:08,93,7,no,300
12485,1772420770,2026-03-01T19:06:10,94,6,yes,4
12486,1772420771,2026-03-01T19:06:11,94,6,yes,10
12487,1772420771,2026-03-01T19:06:11,94,6,yes,32
12488,1772420771,2026-03-01T19:06:11,94,6,yes,63
12489,1772420772,2026-03-01T19:06:12,94,6,yes,271
12490,1772420773,2026-03-01T19:06:13,94,6,yes,22
12491,1772420776,2026-03-01T19:06:16,93,7,no,1
12492,1772420776,2026-03-01T19:06:16,93,7,no,21
12493,1772420776,2026-03-01T19:06:16,94,6,yes,32
12494,1772420776,2026-03-01T19:06:16,94,6,yes,30
12495,1772420777,2026-03-01T19:06:17,94,6,yes,7
12496,1772420777,2026-03-01T19:06:17,94,6,yes,81
12497,1772420778,2026-03-01T19:06:18,94,6,yes,2
12498,1772420778,2026-03-01T19:06:18,94,6,yes,5
12499,1772420778,2026-03-01T19:06:18,94,6,yes,51
12500,1772420778,2026-03-01T19:06:18,93,7,no,29
12501,1772420778,2026-03-01T19:06:18,93,7,no,1
12502,1772420778,2026-03-01T19:06:18,93,7,no,55
12503,1772420778,2026-03-01T19:06:18,92,8,no,547
12504,1772420778,2026-03-01T19:06:18,94,6,yes,169
12505,1772420779,2026-03-01T19:06:19,94,6,yes,1336
12506,1772420779,2026-03-01T19:06:19,94,6,yes,570
12507,1772420779,2026-03-01T19:06:19,94,6,yes,3
12508,1772420780,2026-03-01T19:06:20,94,6,yes,1750
12509,1772420780,2026-03-01T19:06:20,94,6,yes,156
12510,1772420782,2026-03-01T19:06:22,92,8,no,155
12511,1772420782,2026-03-01T19:06:22,92,8,no,5
12512,1772420782,2026-03-01T19:06:22,93,7,yes,42
12513,1772420783,2026-03-01T19:06:23,93,7,yes,1
12514,1772420784,2026-03-01T19:06:24,93,7,yes,107
12515,1772420784,2026-03-01T19:06:24,94,6,yes,38
12516,1772420785,2026-03-01T19:06:25,94,6,yes,31
12517,1772420786,2026-03-01T19:06:26,94,6,yes,2
12518,1772420789,2026-03-01T19:06:29,94,6,yes,69
12519,1772420789,2026-03-01T19:06:29,94,6,yes,275
12520,1772420789,2026-03-01T19:06:29,93,7,no,152
12521,1772420789,2026-03-01T19:06:29,93,7,no,28
12522,1772420790,2026-03-01T19:06:30,93,7,no,83
12523,1772420790,2026-03-01T19:06:30,94,6,yes,5
12524,1772420790,2026-03-01T19:06:30,94,6,yes,1593
12525,1772420791,2026-03-01T19:06:31,94,6,yes,2
12526,1772420791,2026-03-01T19:06:31,94,6,yes,38
12527,1772420792,2026-03-01T19:06:32,94,6,yes,7
12528,1772420793,2026-03-01T19:06:33,94,6,yes,484
12529,1772420793,2026-03-01T19:06:33,93,7,no,576
12530,1772420794,2026-03-01T19:06:34,94,6,yes,36
12531,1772420797,2026-03-01T19:06:37,94,6,yes,24
12532,1772420797,2026-03-01T19:06:37,94,6,yes,1
12533,1772420798,2026-03-01T19:06:38,94,6,yes,77
12534,1772420798,2026-03-01T19:06:38,94,6,yes,105
12535,1772420798,2026-03-01T19:06:38,94,6,yes,1
12536,1772420799,2026-03-01T19:06:39,93,7,no,100
12537,1772420800,2026-03-01T19:06:40,94,6,yes,1
12538,1772420800,2026-03-01T19:06:40,94,6,yes,41
12539,1772420802,2026-03-01T19:06:42,94,6,yes,8
12540,1772420802,2026-03-01T19:06:42,93,7,no,23
12541,1772420803,2026-03-01T19:06:43,94,6,yes,2
12542,1772420803,2026-03-01T19:06:43,93,7,no,38
12543,1772420803,2026-03-01T19:06:43,93,7,no,1
12544,1772420803,2026-03-01T19:06:43,92,8,no,105
12545,1772420803,2026-03-01T19:06:43,93,7,yes,31
12546,1772420805,2026-03-01T19:06:45,93,7,yes,48
12547,1772420805,2026-03-01T19:06:45,93,7,yes,47
12548,1772420805,2026-03-01T19:06:45,93,7,yes,46
12549,1772420807,2026-03-01T19:06:47,92,8,no,57
12550,1772420808,2026-03-01T19:06:48,92,8,no,11
12551,1772420809,2026-03-01T19:06:49,93,7,yes,2
12552,1772420810,2026-03-01T19:06:50,93,7,yes,60
12553,1772420811,2026-03-01T19:06:51,93,7,yes,21
12554,1772420811,2026-03-01T19:06:51,93,7,yes,1428
12555,1772420814,2026-03-01T19:06:54,93,7,yes,1
12556,1772420814,2026-03-01T19:06:54,93,7,yes,50
12557,1772420814,2026-03-01T19:06:54,93,7,yes,39
12558,1772420814,2026-03-01T19:06:54,93,7,yes,535
12559,1772420815,2026-03-01T19:06:55,93,7,yes,1
12560,1772420815,2026-03-01T19:06:55,93,7,yes,107
12561,1772420815,2026-03-01T19:06:55,93,7,yes,477
12562,1772420815,2026-03-01T19:06:55,93,7,yes,25
12563,1772420815,2026-03-01T19:06:55,92,8,no,135
12564,1772420816,2026-03-01T19:06:56,93,7,yes,107
12565,1772420817,2026-03-01T19:06:57,93,7,yes,59
12566,1772420817,2026-03-01T19:06:57,93,7,yes,401
12567,1772420818,2026-03-01T19:06:58,92,8,no,6
12568,1772420818,2026-03-01T19:06:58,93,7,yes,37
12569,1772420818,2026-03-01T19:06:58,93,7,yes,1
12570,1772420819,2026-03-01T19:06:59,93,7,yes,194
12571,1772420820,2026-03-01T19:07:00,93,7,yes,1
12572,1772420821,2026-03-01T19:07:01,92,8,no,208
12573,1772420823,2026-03-01T19:07:03,93,7,yes,214
12574,1772420823,2026-03-01T19:07:03,92,8,no,1583
12575,1772420823,2026-03-01T19:07:03,93,7,yes,68
12576,1772420823,2026-03-01T19:07:03,93,7,yes,36
12577,1772420823,2026-03-01T19:07:03,92,8,no,201
12578,1772420823,2026-03-01T19:07:03,92,8,no,93
12579,1772420825,2026-03-01T19:07:05,93,7,yes,10
12580,1772420826,2026-03-01T19:07:06,93,7,yes,5
12581,1772420827,2026-03-01T19:07:07,93,7,yes,10
12582,1772420827,2026-03-01T19:07:07,93,7,yes,194
12583,1772420828,2026-03-01T19:07:08,93,7,yes,408
12584,1772420830,2026-03-01T19:07:10,93,7,yes,1
12585,1772420833,2026-03-01T19:07:13,92,8,no,200
12586,1772420833,2026-03-01T19:07:13,93,7,yes,10
12587,1772420835,2026-03-01T19:07:15,93,7,yes,52
12588,1772420836,2026-03-01T19:07:16,93,7,yes,107
12589,1772420837,2026-03-01T19:07:17,93,7,yes,5
12590,1772420838,2026-03-01T19:07:18,93,7,yes,707
12591,1772420838,2026-03-01T19:07:18,93,7,yes,24
12592,1772420838,2026-03-01T19:07:18,93,7,yes,1530
12593,1772420839,2026-03-01T19:07:19,93,7,yes,53
12594,1772420840,2026-03-01T19:07:20,93,7,yes,214
12595,1772420840,2026-03-01T19:07:20,93,7,yes,452
12596,1772420841,2026-03-01T19:07:21,93,7,yes,105
12597,1772420841,2026-03-01T19:07:21,93,7,yes,1
12598,1772420842,2026-03-01T19:07:22,93,7,yes,70
12599,1772420843,2026-03-01T19:07:23,93,7,yes,5
12600,1772420843,2026-03-01T19:07:23,93,7,yes,1000
12601,1772420843,2026-03-01T19:07:23,93,7,yes,1
12602,1772420844,2026-03-01T19:07:24,93,7,yes,99
12603,1772420844,2026-03-01T19:07:24,93,7,yes,500
12604,1772420844,2026-03-01T19:07:24,94,6,yes,5
12605,1772420845,2026-03-01T19:07:25,94,6,yes,7
12606,1772420849,2026-03-01T19:07:29,93,7,no,71
12607,1772420850,2026-03-01T19:07:30,93,7,no,21
12608,1772420850,2026-03-01T19:07:30,94,6,yes,5
12609,1772420851,2026-03-01T19:07:31,93,7,no,1000
12610,1772420852,2026-03-01T19:07:32,94,6,yes,57
12611,1772420853,2026-03-01T19:07:33,94,6,yes,30
12612,1772420853,2026-03-01T19:07:33,94,6,yes,370
12613,1772420856,2026-03-01T19:07:36,93,7,no,10
12614,1772420856,2026-03-01T19:07:36,94,6,yes,20
12615,1772420859,2026-03-01T19:07:39,94,6,yes,208
12616,1772420860,2026-03-01T19:07:40,94,6,yes,529
12617,1772420863,2026-03-01T19:07:43,94,6,yes,5
12618,1772420863,2026-03-01T19:07:43,94,6,yes,132
12619,1772420865,2026-03-01T19:07:45,94,6,yes,25
12620,1772420865,2026-03-01T19:07:45,94,6,yes,25
12621,1772420867,2026-03-01T19:07:47,93,7,no,126
12622,1772420869,2026-03-01T19:07:49,94,6,yes,88
12623,1772420869,2026-03-01T19:07:49,94,6,yes,37
12624,1772420869,2026-03-01T19:07:49,93,7,no,1
12625,1772420869,2026-03-01T19:07:49,93,7,no,32
12626,1772420875,2026-03-01T19:07:55,94,6,yes,161
12627,1772420875,2026-03-01T19:07:55,94,6,yes,296
12628,1772420875,2026-03-01T19:07:55,94,6,yes,66
12629,1772420875,2026-03-01T19:07:55,94,6,yes,477
12630,1772420876,2026-03-01T19:07:56,94,6,yes,56
12631,1772420877,2026-03-01T19:07:57,94,6,yes,39
12632,1772420878,2026-03-01T19:07:58,93,7,no,43
12633,1772420878,2026-03-01T19:07:58,94,6,yes,520
12634,1772420879,2026-03-01T19:07:59,94,6,yes,666
12635,1772420879,2026-03-01T19:07:59,93,7,no,171
12636,1772420880,2026-03-01T19:08:00,94,6,yes,15
12637,1772420881,2026-03-01T19:08:01,94,6,yes,105
12638,1772420881,2026-03-01T19:08:01,94,6,yes,1
12639,1772420882,2026-03-01T19:08:02,94,6,yes,1412
12640,1772420882,2026-03-01T19:08:02,94,6,yes,3291
12641,1772420882,2026-03-01T19:08:02,94,6,yes,3291
12642,1772420882,2026-03-01T19:08:02,94,6,yes,3291
12643,1772420882,2026-03-01T19:08:02,94,6,yes,3291
12644,1772420882,2026-03-01T19:08:02,94,6,yes,1424
12645,1772420882,2026-03-01T19:08:02,94,6,yes,11
12646,1772420882,2026-03-01T19:08:02,94,6,yes,97
12647,1772420882,2026-03-01T19:08:02,94,6,yes,1
12648,1772420882,2026-03-01T19:08:02,94,6,yes,93
12649,1772420882,2026-03-01T19:08:02,94,6,yes,1310
12650,1772420882,2026-03-01T19:08:02,94,6,yes,6467
12651,1772420883,2026-03-01T19:08:03,94,6,yes,104
12652,1772420883,2026-03-01T19:08:03,94,6,yes,300
12653,1772420884,2026-03-01T19:08:04,94,6,yes,1
12654,1772420885,2026-03-01T19:08:05,94,6,yes,14128
12655,1772420885,2026-03-01T19:08:05,94,6,yes,300
12656,1772420885,2026-03-01T19:08:05,94,6,yes,8863
12657,1772420886,2026-03-01T19:08:06,95,5,yes,100
12658,1772420886,2026-03-01T19:08:06,95,5,yes,200
12659,1772420886,2026-03-01T19:08:06,95,5,yes,1
12660,1772420886,2026-03-01T19:08:06,95,5,yes,50
12661,1772420886,2026-03-01T19:08:06,95,5,yes,37
12662,1772420886,2026-03-01T19:08:06,95,5,yes,60
12663,1772420886,2026-03-01T19:08:06,95,5,yes,2552
12664,1772420887,2026-03-01T19:08:07,95,5,yes,17
12665,1772420888,2026-03-01T19:08:08,94,6,no,264
12666,1772420889,2026-03-01T19:08:09,95,5,yes,1
12667,1772420890,2026-03-01T19:08:10,95,5,yes,36
12668,1772420890,2026-03-01T19:08:10,95,5,yes,32
12669,1772420892,2026-03-01T19:08:12,95,5,yes,9
12670,1772420893,2026-03-01T19:08:13,95,5,yes,100
12671,1772420894,2026-03-01T19:08:14,94,6,no,134
12672,1772420896,2026-03-01T19:08:16,95,5,yes,334
12673,1772420896,2026-03-01T19:08:16,94,6,no,1000
12674,1772420897,2026-03-01T19:08:17,95,5,yes,22
12675,1772420898,2026-03-01T19:08:18,95,5,yes,20
12676,1772420899,2026-03-01T19:08:19,95,5,yes,1
12677,1772420899,2026-03-01T19:08:19,94,6,no,172
12678,1772420902,2026-03-01T19:08:22,94,6,no,9
12679,1772420903,2026-03-01T19:08:23,95,5,yes,5
12680,1772420903,2026-03-01T19:08:23,95,5,yes,1
12681,1772420903,2026-03-01T19:08:23,95,5,yes,9
12682,1772420905,2026-03-01T19:08:25,95,5,yes,22
12683,1772420905,2026-03-01T19:08:25,95,5,yes,6
12684,1772420906,2026-03-01T19:08:26,94,6,no,1
12685,1772420907,2026-03-01T19:08:27,95,5,yes,524
12686,1772420908,2026-03-01T19:08:28,95,5,yes,209
12687,1772420910,2026-03-01T19:08:30,95,5,yes,1
12688,1772420911,2026-03-01T19:08:31,95,5,yes,52
12689,1772420912,2026-03-01T19:08:32,95,5,yes,515
12690,1772420914,2026-03-01T19:08:34,94,6,no,707
12691,1772420914,2026-03-01T19:08:34,94,6,no,76
12692,1772420915,2026-03-01T19:08:35,95,5,yes,5
12693,1772420915,2026-03-01T19:08:35,94,6,no,10
12694,1772420916,2026-03-01T19:08:36,95,5,yes,6188
12695,1772420916,2026-03-01T19:08:36,95,5,yes,3291
12696,1772420916,2026-03-01T19:08:36,95,5,yes,1010
12697,1772420917,2026-03-01T19:08:37,95,5,yes,1503
12698,1772420917,2026-03-01T19:08:37,95,5,yes,1497
12699,1772420919,2026-03-01T19:08:39,94,6,no,10
12700,1772420919,2026-03-01T19:08:39,94,6,no,30
12701,1772420919,2026-03-01T19:08:39,95,5,yes,104
12702,1772420920,2026-03-01T19:08:40,95,5,yes,17
12703,1772420920,2026-03-01T19:08:40,95,5,yes,515
12704,1772420922,2026-03-01T19:08:42,94,6,no,9
12705,1772420923,2026-03-01T19:08:43,95,5,yes,78
12706,1772420923,2026-03-01T19:08:43,95,5,yes,5
12707,1772420924,2026-03-01T19:08:44,95,5,yes,4733
12708,1772420924,2026-03-01T19:08:44,95,5,yes,25
12709,1772420925,2026-03-01T19:08:45,95,5,yes,4
12710,1772420926,2026-03-01T19:08:46,95,5,yes,103
12711,1772420928,2026-03-01T19:08:48,94,6,no,2
12712,1772420928,2026-03-01T19:08:48,95,5,yes,4
12713,1772420930,2026-03-01T19:08:50,94,6,no,276
12714,1772420930,2026-03-01T19:08:50,94,6,no,5000
12715,1772420931,2026-03-01T19:08:51,95,5,yes,104
12716,1772420931,2026-03-01T19:08:51,94,6,no,47
12717,1772420932,2026-03-01T19:08:52,94,6,no,804
12718,1772420932,2026-03-01T19:08:52,95,5,yes,50
12719,1772420932,2026-03-01T19:08:52,95,5,yes,25
12720,1772420934,2026-03-01T19:08:54,95,5,yes,2
12721,1772420934,2026-03-01T19:08:54,94,6,no,15
12722,1772420936,2026-03-01T19:08:56,95,5,yes,78
12723,1772420937,2026-03-01T19:08:57,95,5,yes,104
12724,1772420938,2026-03-01T19:08:58,95,5,yes,10
12725,1772420941,2026-03-01T19:09:01,94,6,no,794
12726,1772420942,2026-03-01T19:09:02,94,6,no,15
12727,1772420942,2026-03-01T19:09:02,95,5,yes,44
12728,1772420945,2026-03-01T19:09:05,95,5,yes,1361
12729,1772420945,2026-03-01T19:09:05,95,5,yes,3430
12730,1772420946,2026-03-01T19:09:06,95,5,yes,47
12731,1772420946,2026-03-01T19:09:06,95,5,yes,22
12732,1772420948,2026-03-01T19:09:08,95,5,yes,1993
12733,1772420949,2026-03-01T19:09:09,95,5,yes,178
12734,1772420950,2026-03-01T19:09:10,95,5,yes,1
12735,1772420951,2026-03-01T19:09:11,95,5,yes,1
12736,1772420951,2026-03-01T19:09:11,94,6,no,57
12737,1772420952,2026-03-01T19:09:12,95,5,yes,26
12738,1772420954,2026-03-01T19:09:14,95,5,yes,57
12739,1772420958,2026-03-01T19:09:18,95,5,yes,125
12740,1772420962,2026-03-01T19:09:22,95,5,yes,157
12741,1772420962,2026-03-01T19:09:22,94,6,no,4
12742,1772420962,2026-03-01T19:09:22,94,6,no,277
12743,1772420964,2026-03-01T19:09:24,95,5,yes,1
12744,1772420964,2026-03-01T19:09:24,95,5,yes,2
12745,1772420964,2026-03-01T19:09:24,95,5,yes,524
12746,1772420965,2026-03-01T19:09:25,94,6,no,3
12747,1772420965,2026-03-01T19:09:25,95,5,yes,314
12748,1772420966,2026-03-01T19:09:26,95,5,yes,61
12749,1772420967,2026-03-01T19:09:27,95,5,yes,1
12750,1772420969,2026-03-01T19:09:29,94,6,no,700
12751,1772420972,2026-03-01T19:09:32,94,6,no,1180
12752,1772420972,2026-03-01T19:09:32,95,5,yes,10
12753,1772420975,2026-03-01T19:09:35,95,5,yes,164
12754,1772420975,2026-03-01T19:09:35,95,5,yes,104
12755,1772420976,2026-03-01T19:09:36,95,5,yes,11
12756,1772420977,2026-03-01T19:09:37,95,5,yes,41
12757,1772420978,2026-03-01T19:09:38,95,5,yes,50
12758,1772420978,2026-03-01T19:09:38,95,5,yes,1
12759,1772420981,2026-03-01T19:09:41,94,6,no,1
12760,1772420981,2026-03-01T19:09:41,94,6,no,1
12761,1772420981,2026-03-01T19:09:41,94,6,no,32
12762,1772420982,2026-03-01T19:09:42,94,6,no,468
12763,1772420982,2026-03-01T19:09:42,94,6,no,250
12764,1772420982,2026-03-01T19:09:42,94,6,no,100
12765,1772420982,2026-03-01T19:09:42,94,6,no,1
12766,1772420983,2026-03-01T19:09:43,94,6,yes,5
12767,1772420983,2026-03-01T19:09:43,94,6,yes,1000
12768,1772420983,2026-03-01T19:09:43,93,7,no,1
12769,1772420983,2026-03-01T19:09:43,93,7,no,20
12770,1772420983,2026-03-01T19:09:43,93,7,no,33
12771,1772420984,2026-03-01T19:09:44,94,6,yes,100
12772,1772420984,2026-03-01T19:09:44,94,6,yes,5
12773,1772420984,2026-03-01T19:09:44,94,6,yes,100
12774,1772420984,2026-03-01T19:09:44,93,7,no,117
12775,1772420984,2026-03-01T19:09:44,93,7,no,2554
12776,1772420984,2026-03-01T19:09:44,93,7,no,1
12777,1772420984,2026-03-01T19:09:44,93,7,no,1570
12778,1772420984,2026-03-01T19:09:44,93,7,no,1570
12779,1772420984,2026-03-01T19:09:44,93,7,no,1570
12780,1772420984,2026-03-01T19:09:44,93,7,no,1570
12781,1772420985,2026-03-01T19:09:45,93,7,yes,50
12782,1772420985,2026-03-01T19:09:45,93,7,yes,44
12783,1772420985,2026-03-01T19:09:45,93,7,yes,500
12784,1772420986,2026-03-01T19:09:46,93,7,yes,255
12785,1772420988,2026-03-01T19:09:48,92,8,no,32
12786,1772420988,2026-03-01T19:09:48,93,7,yes,15
12787,1772420988,2026-03-01T19:09:48,93,7,yes,1958
12788,1772420988,2026-03-01T19:09:48,93,7,yes,16
12789,1772420989,2026-03-01T19:09:49,93,7,yes,1
12790,1772420989,2026-03-01T19:09:49,93,7,yes,105
12791,1772420990,2026-03-01T19:09:50,93,7,yes,150
12792,1772420991,2026-03-01T19:09:51,93,7,yes,136
12793,1772420992,2026-03-01T19:09:52,93,7,yes,1
12794,1772420992,2026-03-01T19:09:52,93,7,yes,5
12795,1772420994,2026-03-01T19:09:54,93,7,yes,10
12796,1772420994,2026-03-01T19:09:54,93,7,yes,1530
12797,1772420994,2026-03-01T19:09:54,93,7,yes,1199
12798,1772420994,2026-03-01T19:09:54,93,7,yes,150
12799,1772420994,2026-03-01T19:09:54,93,7,yes,1
12800,1772420994,2026-03-01T19:09:54,93,7,yes,1530
12801,1772420996,2026-03-01T19:09:56,94,6,yes,104
12802,1772420997,2026-03-01T19:09:57,94,6,yes,90
12803,1772420999,2026-03-01T19:09:59,94,6,yes,423
12804,1772421001,2026-03-01T19:10:01,94,6,yes,4
12805,1772421001,2026-03-01T19:10:01,94,6,yes,5
12806,1772421001,2026-03-01T19:10:01,93,7,no,9
12807,1772421001,2026-03-01T19:10:01,94,6,yes,2
12808,1772421003,2026-03-01T19:10:03,94,6,yes,50
12809,1772421003,2026-03-01T19:10:03,94,6,yes,4
12810,1772421005,2026-03-01T19:10:05,94,6,yes,1465
12811,1772421005,2026-03-01T19:10:05,94,6,yes,3
12812,1772421006,2026-03-01T19:10:06,94,6,yes,2
12813,1772421006,2026-03-01T19:10:06,94,6,yes,10
12814,1772421006,2026-03-01T19:10:06,94,6,yes,101
12815,1772421006,2026-03-01T19:10:06,94,6,yes,207
12816,1772421007,2026-03-01T19:10:07,95,5,yes,23
12817,1772421007,2026-03-01T19:10:07,95,5,yes,1
12818,1772421007,2026-03-01T19:10:07,95,5,yes,1
12819,1772421008,2026-03-01T19:10:08,95,5,yes,51
12820,1772421008,2026-03-01T19:10:08,93,7,no,1
12821,1772421008,2026-03-01T19:10:08,95,5,yes,2
12822,1772421012,2026-03-01T19:10:12,93,7,no,1
12823,1772421012,2026-03-01T19:10:12,93,7,no,100
12824,1772421012,2026-03-01T19:10:12,93,7,no,1
12825,1772421012,2026-03-01T19:10:12,92,8,no,468
12826,1772421012,2026-03-01T19:10:12,92,8,no,1
12827,1772421012,2026-03-01T19:10:12,92,8,no,43
12828,1772421012,2026-03-01T19:10:12,92,8,no,1
12829,1772421012,2026-03-01T19:10:12,92,8,no,1
12830,1772421012,2026-03-01T19:10:12,92,8,no,1
12831,1772421012,2026-03-01T19:10:12,92,8,no,1
12832,1772421012,2026-03-01T19:10:12,92,8,no,1
12833,1772421012,2026-03-01T19:10:12,92,8,no,1
12834,1772421012,2026-03-01T19:10:12,92,8,no,654
12835,1772421012,2026-03-01T19:10:12,92,8,no,1
12836,1772421012,2026-03-01T19:10:12,92,8,no,200
12837,1772421012,2026-03-01T19:10:12,92,8,no,1
12838,1772421012,2026-03-01T19:10:12,92,8,no,2
12839,1772421012,2026-03-01T19:10:12,92,8,yes,300
12840,1772421012,2026-03-01T19:10:12,92,8,yes,1598
12841,1772421012,2026-03-01T19:10:12,93,7,yes,10
12842,1772421012,2026-03-01T19:10:12,93,7,yes,1162
12843,1772421012,2026-03-01T19:10:12,93,7,no,2114
12844,1772421012,2026-03-01T19:10:12,93,7,yes,1
12845,1772421015,2026-03-01T19:10:15,93,7,yes,32
12846,1772421016,2026-03-01T19:10:16,92,8,no,1
12847,1772421016,2026-03-01T19:10:16,92,8,no,55
12848,1772421016,2026-03-01T19:10:16,92,8,yes,2115
12849,1772421016,2026-03-01T19:10:16,92,8,yes,1
12850,1772421018,2026-03-01T19:10:18,93,7,yes,1
12851,1772421019,2026-03-01T19:10:19,93,7,yes,83
12852,1772421019,2026-03-01T19:10:19,93,7,yes,10
12853,1772421019,2026-03-01T19:10:19,93,7,yes,1562
12854,1772421019,2026-03-01T19:10:19,93,7,yes,5
12855,1772421020,2026-03-01T19:10:20,93,7,yes,1
12856,1772421022,2026-03-01T19:10:22,93,7,yes,5
12857,1772421022,2026-03-01T19:10:22,93,7,yes,53
12858,1772421024,2026-03-01T19:10:24,93,7,yes,802
12859,1772421025,2026-03-01T19:10:25,93,7,yes,50
12860,1772421027,2026-03-01T19:10:27,93,7,yes,1
12861,1772421028,2026-03-01T19:10:28,93,7,yes,31
12862,1772421029,2026-03-01T19:10:29,92,8,no,1000
12863,1772421030,2026-03-01T19:10:30,93,7,yes,2
12864,1772421031,2026-03-01T19:10:31,93,7,yes,107
12865,1772421031,2026-03-01T19:10:31,93,7,yes,749
12866,1772421031,2026-03-01T19:10:31,93,7,yes,9
12867,1772421031,2026-03-01T19:10:31,92,8,no,11
12868,1772421033,2026-03-01T19:10:33,93,7,yes,107
12869,1772421034,2026-03-01T19:10:34,91,9,no,150
12870,1772421035,2026-03-01T19:10:35,93,7,yes,43
12871,1772421035,2026-03-01T19:10:35,93,7,yes,22
12872,1772421036,2026-03-01T19:10:36,93,7,yes,10
12873,1772421036,2026-03-01T19:10:36,93,7,yes,21
12874,1772421036,2026-03-01T19:10:36,93,7,yes,1
12875,1772421038,2026-03-01T19:10:38,93,7,yes,210
12876,1772421039,2026-03-01T19:10:39,93,7,yes,9
12877,1772421046,2026-03-01T19:10:46,93,7,yes,9
12878,1772421046,2026-03-01T19:10:46,93,7,yes,1
12879,1772421048,2026-03-01T19:10:48,91,9,no,3
12880,1772421048,2026-03-01T19:10:48,91,9,no,23
12881,1772421049,2026-03-01T19:10:49,91,9,no,20
12882,1772421051,2026-03-01T19:10:51,93,7,yes,5
12883,1772421052,2026-03-01T19:10:52,93,7,yes,9
12884,1772421052,2026-03-01T19:10:52,93,7,yes,5
12885,1772421052,2026-03-01T19:10:52,93,7,yes,421
12886,1772421053,2026-03-01T19:10:53,93,7,yes,487
12887,1772421053,2026-03-01T19:10:53,93,7,yes,5
12888,1772421053,2026-03-01T19:10:53,91,9,no,309
12889,1772421054,2026-03-01T19:10:54,93,7,yes,53
12890,1772421056,2026-03-01T19:10:56,92,8,yes,53
12891,1772421057,2026-03-01T19:10:57,92,8,yes,54
12892,1772421057,2026-03-01T19:10:57,92,8,yes,5724
12893,1772421057,2026-03-01T19:10:57,92,8,yes,1000
12894,1772421058,2026-03-01T19:10:58,93,7,yes,9
12895,1772421058,2026-03-01T19:10:58,93,7,yes,5
12896,1772421058,2026-03-01T19:10:58,93,7,yes,32
12897,1772421059,2026-03-01T19:10:59,93,7,yes,1
12898,1772421060,2026-03-01T19:11:00,93,7,yes,1
12899,1772421061,2026-03-01T19:11:01,93,7,yes,1
12900,1772421064,2026-03-01T19:11:04,94,6,yes,1
12901,1772421064,2026-03-01T19:11:04,94,6,yes,7
12902,1772421065,2026-03-01T19:11:05,94,6,yes,64
12903,1772421066,2026-03-01T19:11:06,94,6,yes,9
12904,1772421067,2026-03-01T19:11:07,94,6,yes,70
12905,1772421067,2026-03-01T19:11:07,94,6,yes,141
12906,1772421069,2026-03-01T19:11:09,94,6,yes,13
12907,1772421069,2026-03-01T19:11:09,94,6,yes,146
12908,1772421069,2026-03-01T19:11:09,94,6,yes,1
12909,1772421069,2026-03-01T19:11:09,94,6,yes,251
12910,1772421072,2026-03-01T19:11:12,94,6,yes,300
12911,1772421072,2026-03-01T19:11:12,94,6,yes,2
12912,1772421073,2026-03-01T19:11:13,94,6,yes,21
12913,1772421074,2026-03-01T19:11:14,94,6,yes,1
12914,1772421074,2026-03-01T19:11:14,94,6,yes,5
12915,1772421074,2026-03-01T19:11:14,94,6,yes,9
12916,1772421076,2026-03-01T19:11:16,94,6,yes,1
12917,1772421076,2026-03-01T19:11:16,94,6,yes,4
12918,1772421078,2026-03-01T19:11:18,94,6,yes,100
12919,1772421079,2026-03-01T19:11:19,93,7,no,140
12920,1772421079,2026-03-01T19:11:19,92,8,no,1
12921,1772421079,2026-03-01T19:11:19,92,8,no,55
12922,1772421079,2026-03-01T19:11:19,92,8,yes,300
12923,1772421080,2026-03-01T19:11:20,91,9,no,250
12924,1772421080,2026-03-01T19:11:20,91,9,no,100
12925,1772421080,2026-03-01T19:11:20,91,9,no,50
12926,1772421080,2026-03-01T19:11:20,91,9,no,250
12927,1772421080,2026-03-01T19:11:20,91,9,no,44
12928,1772421080,2026-03-01T19:11:20,91,9,no,2
12929,1772421080,2026-03-01T19:11:20,91,9,no,1000
12930,1772421080,2026-03-01T19:11:20,91,9,no,150
12931,1772421081,2026-03-01T19:11:21,91,9,yes,9
12932,1772421081,2026-03-01T19:11:21,91,9,yes,27
12933,1772421082,2026-03-01T19:11:22,90,10,no,3
12934,1772421082,2026-03-01T19:11:22,90,10,no,117
12935,1772421082,2026-03-01T19:11:22,91,9,yes,1
12936,1772421083,2026-03-01T19:11:23,91,9,yes,1
12937,1772421085,2026-03-01T19:11:25,91,9,yes,4
12938,1772421085,2026-03-01T19:11:25,91,9,yes,3
12939,1772421085,2026-03-01T19:11:25,90,10,no,176
12940,1772421085,2026-03-01T19:11:25,90,10,no,20
12941,1772421085,2026-03-01T19:11:25,90,10,no,100
12942,1772421085,2026-03-01T19:11:25,90,10,no,80
12943,1772421085,2026-03-01T19:11:25,91,9,yes,100
12944,1772421086,2026-03-01T19:11:26,91,9,yes,9
12945,1772421086,2026-03-01T19:11:26,91,9,yes,1
12946,1772421086,2026-03-01T19:11:26,91,9,yes,1409
12947,1772421088,2026-03-01T19:11:28,91,9,yes,9
12948,1772421089,2026-03-01T19:11:29,91,9,yes,120
12949,1772421089,2026-03-01T19:11:29,91,9,yes,21
12950,1772421089,2026-03-01T19:11:29,91,9,yes,1
12951,1772421089,2026-03-01T19:11:29,92,8,yes,150
12952,1772421090,2026-03-01T19:11:30,93,7,yes,23
12953,1772421090,2026-03-01T19:11:30,93,7,no,134
12954,1772421091,2026-03-01T19:11:31,94,6,yes,1
12955,1772421091,2026-03-01T19:11:31,94,6,yes,15
12956,1772421091,2026-03-01T19:11:31,95,5,yes,1
12957,1772421091,2026-03-01T19:11:31,95,5,yes,1
12958,1772421091,2026-03-01T19:11:31,95,5,yes,60
12959,1772421091,2026-03-01T19:11:31,95,5,yes,128
12960,1772421092,2026-03-01T19:11:32,94,6,yes,1
12961,1772421092,2026-03-01T19:11:32,93,7,no,104
12962,1772421093,2026-03-01T19:11:33,93,7,no,8
12963,1772421094,2026-03-01T19:11:34,94,6,yes,20
12964,1772421094,2026-03-01T19:11:34,94,6,yes,9
12965,1772421095,2026-03-01T19:11:35,94,6,yes,40
12966,1772421096,2026-03-01T19:11:36,93,7,no,1
12967,1772421096,2026-03-01T19:11:36,93,7,no,45
12968,1772421096,2026-03-01T19:11:36,93,7,no,61
12969,1772421097,2026-03-01T19:11:37,94,6,yes,700
12970,1772421097,2026-03-01T19:11:37,93,7,no,44
12971,1772421098,2026-03-01T19:11:38,93,7,no,150
12972,1772421098,2026-03-01T19:11:38,92,8,no,121
12973,1772421099,2026-03-01T19:11:39,93,7,yes,54
12974,1772421099,2026-03-01T19:11:39,93,7,yes,26
12975,1772421101,2026-03-01T19:11:41,93,7,yes,9
12976,1772421102,2026-03-01T19:11:42,92,8,no,1
12977,1772421102,2026-03-01T19:11:42,92,8,no,6
12978,1772421104,2026-03-01T19:11:44,93,7,yes,5911
12979,1772421104,2026-03-01T19:11:44,93,7,yes,2417
12980,1772421105,2026-03-01T19:11:45,93,7,yes,52
12981,1772421106,2026-03-01T19:11:46,93,7,yes,1
12982,1772421106,2026-03-01T19:11:46,93,7,yes,2
12983,1772421108,2026-03-01T19:11:48,93,7,yes,3201
12984,1772421108,2026-03-01T19:11:48,93,7,yes,3256
12985,1772421108,2026-03-01T19:11:48,93,7,yes,3256
12986,1772421108,2026-03-01T19:11:48,93,7,yes,4448
12987,1772421108,2026-03-01T19:11:48,93,7,yes,3256
12988,1772421108,2026-03-01T19:11:48,93,7,yes,524
12989,1772421108,2026-03-01T19:11:48,93,7,yes,3256
12990,1772421109,2026-03-01T19:11:49,94,6,yes,211
12991,1772421109,2026-03-01T19:11:49,93,7,no,2236
12992,1772421110,2026-03-01T19:11:50,94,6,yes,1
12993,1772421111,2026-03-01T19:11:51,94,6,yes,6
12994,1772421112,2026-03-01T19:11:52,94,6,yes,37
12995,1772421113,2026-03-01T19:11:53,94,6,yes,495
12996,1772421113,2026-03-01T19:11:53,94,6,yes,564
12997,1772421113,2026-03-01T19:11:53,94,6,yes,9
12998,1772421115,2026-03-01T19:11:55,94,6,yes,20
12999,1772421115,2026-03-01T19:11:55,94,6,yes,1
13000,1772421116,2026-03-01T19:11:56,93,7,no,1
13001,1772421116,2026-03-01T19:11:56,93,7,no,100
13002,1772421118,2026-03-01T19:11:58,94,6,yes,1
13003,1772421121,2026-03-01T19:12:01,94,6,yes,208
13004,1772421125,2026-03-01T19:12:05,93,7,no,106
13005,1772421125,2026-03-01T19:12:05,95,5,yes,1
13006,1772421125,2026-03-01T19:12:05,95,5,yes,9
13007,1772421126,2026-03-01T19:12:06,93,7,no,1
13008,1772421126,2026-03-01T19:12:06,93,7,no,20
13009,1772421127,2026-03-01T19:12:07,95,5,yes,5
13010,1772421127,2026-03-01T19:12:07,95,5,yes,736
13011,1772421127,2026-03-01T19:12:07,95,5,yes,100
13012,1772421128,2026-03-01T19:12:08,96,4,yes,9
13013,1772421131,2026-03-01T19:12:11,96,4,yes,1
13014,1772421132,2026-03-01T19:12:12,96,4,yes,4
13015,1772421132,2026-03-01T19:12:12,96,4,yes,20
13016,1772421132,2026-03-01T19:12:12,96,4,yes,156
13017,1772421132,2026-03-01T19:12:12,96,4,yes,1739
13018,1772421132,2026-03-01T19:12:12,96,4,yes,1
13019,1772421132,2026-03-01T19:12:12,96,4,yes,600
13020,1772421132,2026-03-01T19:12:12,96,4,yes,24
13021,1772421132,2026-03-01T19:12:12,96,4,yes,100
13022,1772421132,2026-03-01T19:12:12,96,4,yes,50
13023,1772421132,2026-03-01T19:12:12,96,4,yes,750
13024,1772421133,2026-03-01T19:12:13,96,4,no,108
13025,1772421134,2026-03-01T19:12:14,97,3,yes,92
13026,1772421136,2026-03-01T19:12:16,97,3,yes,22
13027,1772421137,2026-03-01T19:12:17,97,3,yes,5
13028,1772421137,2026-03-01T19:12:17,96,4,no,20
13029,1772421140,2026-03-01T19:12:20,97,3,yes,1
13030,1772421140,2026-03-01T19:12:20,96,4,no,160
13031,1772421140,2026-03-01T19:12:20,96,4,no,79
13032,1772421141,2026-03-01T19:12:21,96,4,no,109
13033,1772421142,2026-03-01T19:12:22,96,4,no,2893
13034,1772421142,2026-03-01T19:12:22,96,4,no,3241
13035,1772421142,2026-03-01T19:12:22,96,4,no,105
13036,1772421142,2026-03-01T19:12:22,96,4,no,38
13037,1772421142,2026-03-01T19:12:22,95,5,no,17
13038,1772421143,2026-03-01T19:12:23,96,4,yes,170
13039,1772421143,2026-03-01T19:12:23,96,4,yes,1
13040,1772421144,2026-03-01T19:12:24,96,4,yes,3
13041,1772421145,2026-03-01T19:12:25,96,4,yes,204
13042,1772421146,2026-03-01T19:12:26,96,4,yes,204
13043,1772421146,2026-03-01T19:12:26,95,5,no,105
13044,1772421146,2026-03-01T19:12:26,95,5,no,1
13045,1772421146,2026-03-01T19:12:26,95,5,no,55
13046,1772421146,2026-03-01T19:12:26,95,5,no,94
13047,1772421146,2026-03-01T19:12:26,96,4,yes,1
13048,1772421146,2026-03-01T19:12:26,96,4,yes,103
13049,1772421147,2026-03-01T19:12:27,95,5,no,100
13050,1772421147,2026-03-01T19:12:27,96,4,yes,200
13051,1772421149,2026-03-01T19:12:29,96,4,yes,5
13052,1772421149,2026-03-01T19:12:29,96,4,yes,1
13053,1772421150,2026-03-01T19:12:30,96,4,yes,334
13054,1772421151,2026-03-01T19:12:31,96,4,yes,96
13055,1772421151,2026-03-01T19:12:31,96,4,yes,200
13056,1772421151,2026-03-01T19:12:31,96,4,yes,5193
13057,1772421151,2026-03-01T19:12:31,95,5,no,25
13058,1772421151,2026-03-01T19:12:31,96,4,yes,5
13059,1772421152,2026-03-01T19:12:32,96,4,yes,103
13060,1772421153,2026-03-01T19:12:33,95,5,no,381
13061,1772421153,2026-03-01T19:12:33,95,5,no,500
13062,1772421153,2026-03-01T19:12:33,95,5,no,1
13063,1772421153,2026-03-01T19:12:33,95,5,no,93
13064,1772421154,2026-03-01T19:12:34,95,5,no,1811
13065,1772421156,2026-03-01T19:12:36,95,5,no,65
13066,1772421156,2026-03-01T19:12:36,95,5,no,1364
13067,1772421156,2026-03-01T19:12:36,95,5,no,1
13068,1772421156,2026-03-01T19:12:36,95,5,no,172
13069,1772421156,2026-03-01T19:12:36,96,4,yes,77
13070,1772421156,2026-03-01T19:12:36,96,4,yes,16
13071,1772421157,2026-03-01T19:12:37,96,4,yes,1020
13072,1772421158,2026-03-01T19:12:38,96,4,yes,24
13073,1772421158,2026-03-01T19:12:38,96,4,yes,306
13074,1772421160,2026-03-01T19:12:40,95,5,no,1304
13075,1772421161,2026-03-01T19:12:41,95,5,no,199
13076,1772421161,2026-03-01T19:12:41,96,4,yes,172
13077,1772421162,2026-03-01T19:12:42,96,4,yes,1
13078,1772421162,2026-03-01T19:12:42,96,4,yes,5
13079,1772421162,2026-03-01T19:12:42,96,4,yes,4
13080,1772421163,2026-03-01T19:12:43,94,6,no,1
13081,1772421163,2026-03-01T19:12:43,94,6,no,500
13082,1772421163,2026-03-01T19:12:43,94,6,no,324
13083,1772421163,2026-03-01T19:12:43,96,4,yes,1
13084,1772421163,2026-03-01T19:12:43,96,4,yes,9
13085,1772421163,2026-03-01T19:12:43,96,4,yes,5000
13086,1772421164,2026-03-01T19:12:44,95,5,yes,20
13087,1772421165,2026-03-01T19:12:45,95,5,yes,7
13088,1772421165,2026-03-01T19:12:45,94,6,no,1
13089,1772421165,2026-03-01T19:12:45,94,6,no,28
13090,1772421166,2026-03-01T19:12:46,95,5,yes,27
13091,1772421167,2026-03-01T19:12:47,95,5,yes,1000
13092,1772421168,2026-03-01T19:12:48,95,5,yes,26
13093,1772421168,2026-03-01T19:12:48,95,5,yes,102
13094,1772421168,2026-03-01T19:12:48,95,5,yes,20
13095,1772421169,2026-03-01T19:12:49,95,5,yes,78
13096,1772421170,2026-03-01T19:12:50,95,5,yes,1048
13097,1772421170,2026-03-01T19:12:50,95,5,yes,131
13098,1772421170,2026-03-01T19:12:50,95,5,yes,5
13099,1772421172,2026-03-01T19:12:52,95,5,yes,41
13100,1772421172,2026-03-01T19:12:52,95,5,yes,6
13101,1772421172,2026-03-01T19:12:52,95,5,yes,98
13102,1772421172,2026-03-01T19:12:52,95,5,yes,2553
13103,1772421172,2026-03-01T19:12:52,95,5,yes,432
13104,1772421172,2026-03-01T19:12:52,95,5,yes,1
13105,1772421173,2026-03-01T19:12:53,95,5,yes,200
13106,1772421174,2026-03-01T19:12:54,95,5,yes,40
13107,1772421176,2026-03-01T19:12:56,95,5,yes,5
13108,1772421176,2026-03-01T19:12:56,95,5,yes,122
13109,1772421176,2026-03-01T19:12:56,95,5,yes,5
13110,1772421176,2026-03-01T19:12:56,95,5,yes,126
13111,1772421176,2026-03-01T19:12:56,95,5,yes,2
13112,1772421176,2026-03-01T19:12:56,94,6,no,1
13113,1772421177,2026-03-01T19:12:57,94,6,no,4971
13114,1772421177,2026-03-01T19:12:57,94,6,no,1
13115,1772421177,2026-03-01T19:12:57,94,6,no,10
13116,1772421177,2026-03-01T19:12:57,94,6,no,100
13117,1772421177,2026-03-01T19:12:57,93,7,no,1
13118,1772421178,2026-03-01T19:12:58,94,6,yes,68
13119,1772421178,2026-03-01T19:12:58,94,6,yes,1000
13120,1772421178,2026-03-01T19:12:58,94,6,yes,8
13121,1772421179,2026-03-01T19:12:59,94,6,yes,847
13122,1772421179,2026-03-01T19:12:59,93,7,no,54
13123,1772421180,2026-03-01T19:13:00,94,6,yes,1
13124,1772421181,2026-03-01T19:13:01,94,6,yes,5
13125,1772421181,2026-03-01T19:13:01,94,6,yes,403
13126,1772421182,2026-03-01T19:13:02,94,6,yes,59
13127,1772421183,2026-03-01T19:13:03,94,6,yes,529
13128,1772421186,2026-03-01T19:13:06,94,6,yes,1
13129,1772421187,2026-03-01T19:13:07,94,6,yes,105
13130,1772421187,2026-03-01T19:13:07,94,6,yes,1
13131,1772421187,2026-03-01T19:13:07,94,6,yes,992
13132,1772421190,2026-03-01T19:13:10,94,6,yes,105
13133,1772421190,2026-03-01T19:13:10,94,6,yes,10
13134,1772421191,2026-03-01T19:13:11,94,6,yes,55
13135,1772421192,2026-03-01T19:13:12,94,6,yes,2
13136,1772421193,2026-03-01T19:13:13,94,6,yes,47
13137,1772421194,2026-03-01T19:13:14,94,6,yes,312
13138,1772421195,2026-03-01T19:13:15,94,6,yes,11
13139,1772421195,2026-03-01T19:13:15,94,6,yes,100
13140,1772421196,2026-03-01T19:13:16,94,6,yes,350
13141,1772421197,2026-03-01T19:13:17,94,6,yes,5
13142,1772421197,2026-03-01T19:13:17,94,6,yes,10
13143,1772421197,2026-03-01T19:13:17,94,6,yes,15
13144,1772421198,2026-03-01T19:13:18,94,6,yes,342
13145,1772421200,2026-03-01T19:13:20,93,7,no,100
13146,1772421200,2026-03-01T19:13:20,94,6,yes,1
13147,1772421201,2026-03-01T19:13:21,94,6,yes,4
13148,1772421202,2026-03-01T19:13:22,93,7,no,18
13149,1772421202,2026-03-01T19:13:22,94,6,yes,312
13150,1772421203,2026-03-01T19:13:23,94,6,yes,105
13151,1772421204,2026-03-01T19:13:24,94,6,yes,172
13152,1772421204,2026-03-01T19:13:24,93,7,no,403
13153,1772421206,2026-03-01T19:13:26,94,6,yes,21
13154,1772421206,2026-03-01T19:13:26,93,7,no,13
13155,1772421206,2026-03-01T19:13:26,93,7,no,49
13156,1772421206,2026-03-01T19:13:26,93,7,no,362
13157,1772421206,2026-03-01T19:13:26,93,7,no,300
13158,1772421206,2026-03-01T19:13:26,93,7,no,420
13159,1772421206,2026-03-01T19:13:26,93,7,no,1
13160,1772421206,2026-03-01T19:13:26,93,7,no,2500
13161,1772421206,2026-03-01T19:13:26,93,7,no,3209
13162,1772421206,2026-03-01T19:13:26,93,7,no,3209
13163,1772421206,2026-03-01T19:13:26,93,7,no,3209
13164,1772421206,2026-03-01T19:13:26,93,7,no,6239
13165,1772421206,2026-03-01T19:13:26,93,7,no,3187
13166,1772421207,2026-03-01T19:13:27,94,6,yes,42
13167,1772421212,2026-03-01T19:13:32,94,6,yes,18
13168,1772421212,2026-03-01T19:13:32,94,6,yes,1333
13169,1772421212,2026-03-01T19:13:32,94,6,yes,551
13170,1772421212,2026-03-01T19:13:32,94,6,yes,5
13171,1772421214,2026-03-01T19:13:34,93,7,no,38
13172,1772421215,2026-03-01T19:13:35,94,6,yes,10
13173,1772421217,2026-03-01T19:13:37,94,6,yes,152
13174,1772421218,2026-03-01T19:13:38,93,7,no,62
13175,1772421218,2026-03-01T19:13:38,93,7,no,1
13176,1772421218,2026-03-01T19:13:38,93,7,no,100
13177,1772421218,2026-03-01T19:13:38,93,7,no,250
13178,1772421219,2026-03-01T19:13:39,93,7,yes,87
13179,1772421219,2026-03-01T19:13:39,94,6,yes,300
13180,1772421219,2026-03-01T19:13:39,94,6,yes,208
13181,1772421220,2026-03-01T19:13:40,93,7,no,21
13182,1772421222,2026-03-01T19:13:42,94,6,yes,49
13183,1772421223,2026-03-01T19:13:43,94,6,yes,717
13184,1772421223,2026-03-01T19:13:43,94,6,yes,2
13185,1772421223,2026-03-01T19:13:43,94,6,yes,1
13186,1772421224,2026-03-01T19:13:44,94,6,yes,1
13187,1772421225,2026-03-01T19:13:45,93,7,no,107
13188,1772421226,2026-03-01T19:13:46,94,6,yes,103
13189,1772421226,2026-03-01T19:13:46,94,6,yes,5
13190,1772421226,2026-03-01T19:13:46,94,6,yes,1
13191,1772421226,2026-03-01T19:13:46,94,6,yes,1
13192,1772421227,2026-03-01T19:13:47,94,6,yes,31
13193,1772421228,2026-03-01T19:13:48,94,6,yes,82
13194,1772421229,2026-03-01T19:13:49,94,6,yes,2
13195,1772421230,2026-03-01T19:13:50,94,6,yes,7
13196,1772421233,2026-03-01T19:13:53,94,6,yes,52
13197,1772421233,2026-03-01T19:13:53,94,6,yes,369
13198,1772421233,2026-03-01T19:13:53,94,6,yes,4
13199,1772421234,2026-03-01T19:13:54,93,7,no,52
13200,1772421234,2026-03-01T19:13:54,93,7,no,24
13201,1772421235,2026-03-01T19:13:55,93,7,no,20
13202,1772421235,2026-03-01T19:13:55,94,6,yes,5
13203,1772421235,2026-03-01T19:13:55,93,7,no,2
13204,1772421235,2026-03-01T19:13:55,94,6,yes,10
13205,1772421235,2026-03-01T19:13:55,94,6,yes,2
13206,1772421235,2026-03-01T19:13:55,93,7,no,134
13207,1772421236,2026-03-01T19:13:56,93,7,no,2
13208,1772421237,2026-03-01T19:13:57,94,6,yes,100
13209,1772421237,2026-03-01T19:13:57,94,6,yes,8
13210,1772421238,2026-03-01T19:13:58,94,6,yes,76
13211,1772421238,2026-03-01T19:13:58,94,6,yes,52
13212,1772421238,2026-03-01T19:13:58,94,6,yes,855
13213,1772421238,2026-03-01T19:13:58,94,6,yes,31
13214,1772421238,2026-03-01T19:13:58,94,6,yes,52
13215,1772421240,2026-03-01T19:14:00,93,7,no,2757
13216,1772421240,2026-03-01T19:14:00,93,7,no,1
13217,1772421240,2026-03-01T19:14:00,93,7,no,3206
13218,1772421240,2026-03-01T19:14:00,93,7,no,3206
13219,1772421240,2026-03-01T19:14:00,93,7,no,300
13220,1772421240,2026-03-01T19:14:00,93,7,no,1055
13221,1772421240,2026-03-01T19:14:00,92,8,no,40
13222,1772421240,2026-03-01T19:14:00,92,8,no,250
13223,1772421240,2026-03-01T19:14:00,92,8,no,365
13224,1772421240,2026-03-01T19:14:00,92,8,no,3209
13225,1772421240,2026-03-01T19:14:00,92,8,no,3209
13226,1772421240,2026-03-01T19:14:00,92,8,no,769
13227,1772421240,2026-03-01T19:14:00,92,8,no,3206
13228,1772421240,2026-03-01T19:14:00,92,8,no,44
13229,1772421240,2026-03-01T19:14:00,92,8,no,3206
13230,1772421240,2026-03-01T19:14:00,92,8,no,34
13231,1772421240,2026-03-01T19:14:00,92,8,no,552
13232,1772421240,2026-03-01T19:14:00,92,8,no,1788
13233,1772421240,2026-03-01T19:14:00,92,8,no,1
13234,1772421240,2026-03-01T19:14:00,93,7,yes,3800
13235,1772421240,2026-03-01T19:14:00,92,8,no,34
13236,1772421241,2026-03-01T19:14:01,93,7,yes,21
13237,1772421241,2026-03-01T19:14:01,93,7,yes,111
13238,1772421241,2026-03-01T19:14:01,93,7,yes,160
13239,1772421242,2026-03-01T19:14:02,93,7,yes,1041
13240,1772421242,2026-03-01T19:14:02,93,7,yes,10
13241,1772421242,2026-03-01T19:14:02,93,7,yes,196
13242,1772421244,2026-03-01T19:14:04,93,7,yes,322
13243,1772421246,2026-03-01T19:14:06,93,7,yes,339
13244,1772421246,2026-03-01T19:14:06,93,7,yes,713
13245,1772421246,2026-03-01T19:14:06,93,7,yes,541
13246,1772421246,2026-03-01T19:14:06,93,7,yes,61
13247,1772421247,2026-03-01T19:14:07,93,7,yes,3
13248,1772421248,2026-03-01T19:14:08,93,7,yes,52
13249,1772421249,2026-03-01T19:14:09,93,7,yes,5
13250,1772421249,2026-03-01T19:14:09,93,7,yes,94
13251,1772421249,2026-03-01T19:14:09,93,7,yes,526
13252,1772421249,2026-03-01T19:14:09,94,6,yes,1
13253,1772421250,2026-03-01T19:14:10,92,8,no,9
13254,1772421250,2026-03-01T19:14:10,94,6,yes,2
13255,1772421251,2026-03-01T19:14:11,94,6,yes,46
13256,1772421251,2026-03-01T19:14:11,92,8,no,7
13257,1772421251,2026-03-01T19:14:11,94,6,yes,21
13258,1772421251,2026-03-01T19:14:11,94,6,yes,127
13259,1772421252,2026-03-01T19:14:12,94,6,yes,144
13260,1772421252,2026-03-01T19:14:12,94,6,yes,5
13261,1772421253,2026-03-01T19:14:13,92,8,no,1
13262,1772421254,2026-03-01T19:14:14,94,6,yes,2169
13263,1772421255,2026-03-01T19:14:15,94,6,yes,1
13264,1772421255,2026-03-01T19:14:15,94,6,yes,1
13265,1772421256,2026-03-01T19:14:16,94,6,yes,4
13266,1772421256,2026-03-01T19:14:16,94,6,yes,211
13267,1772421259,2026-03-01T19:14:19,93,7,no,46
13268,1772421259,2026-03-01T19:14:19,93,7,no,8
13269,1772421260,2026-03-01T19:14:20,94,6,yes,52
13270,1772421260,2026-03-01T19:14:20,94,6,yes,1
13271,1772421260,2026-03-01T19:14:20,94,6,yes,871
13272,1772421260,2026-03-01T19:14:20,94,6,yes,2000
13273,1772421260,2026-03-01T19:14:20,94,6,yes,2760
13274,1772421260,2026-03-01T19:14:20,94,6,yes,2933
13275,1772421261,2026-03-01T19:14:21,94,6,yes,80
13276,1772421261,2026-03-01T19:14:21,94,6,yes,1041
13277,1772421263,2026-03-01T19:14:23,94,6,yes,318
13278,1772421265,2026-03-01T19:14:25,93,7,no,46
13279,1772421265,2026-03-01T19:14:25,93,7,no,1
13280,1772421267,2026-03-01T19:14:27,94,6,yes,26
13281,1772421268,2026-03-01T19:14:28,94,6,yes,208
13282,1772421268,2026-03-01T19:14:28,94,6,yes,500
13283,1772421268,2026-03-01T19:14:28,94,6,yes,102
13284,1772421269,2026-03-01T19:14:29,93,7,no,77
13285,1772421269,2026-03-01T19:14:29,93,7,no,1
13286,1772421269,2026-03-01T19:14:29,93,7,no,38
13287,1772421269,2026-03-01T19:14:29,94,6,yes,100
13288,1772421270,2026-03-01T19:14:30,92,8,no,153
13289,1772421270,2026-03-01T19:14:30,94,6,yes,1
13290,1772421270,2026-03-01T19:14:30,94,6,yes,5
13291,1772421271,2026-03-01T19:14:31,94,6,yes,19
13292,1772421272,2026-03-01T19:14:32,94,6,yes,29
13293,1772421272,2026-03-01T19:14:32,94,6,yes,26
13294,1772421274,2026-03-01T19:14:34,94,6,yes,851
13295,1772421274,2026-03-01T19:14:34,94,6,yes,38
13296,1772421275,2026-03-01T19:14:35,94,6,yes,727
13297,1772421275,2026-03-01T19:14:35,92,8,no,211
13298,1772421276,2026-03-01T19:14:36,92,8,no,199
13299,1772421276,2026-03-01T19:14:36,94,6,yes,93
13300,1772421277,2026-03-01T19:14:37,92,8,no,97
13301,1772421277,2026-03-01T19:14:37,92,8,no,44
13302,1772421277,2026-03-01T19:14:37,92,8,no,1
13303,1772421277,2026-03-01T19:14:37,92,8,no,5900
13304,1772421277,2026-03-01T19:14:37,92,8,no,548
13305,1772421277,2026-03-01T19:14:37,94,6,yes,5
13306,1772421278,2026-03-01T19:14:38,94,6,yes,211
13307,1772421278,2026-03-01T19:14:38,94,6,yes,153
13308,1772421278,2026-03-01T19:14:38,94,6,yes,20
13309,1772421279,2026-03-01T19:14:39,92,8,no,1
13310,1772421280,2026-03-01T19:14:40,93,7,yes,535
13311,1772421282,2026-03-01T19:14:42,92,8,no,10
13312,1772421282,2026-03-01T19:14:42,93,7,yes,2850
13313,1772421283,2026-03-01T19:14:43,93,7,yes,30
13314,1772421283,2026-03-01T19:14:43,93,7,yes,168
13315,1772421283,2026-03-01T19:14:43,93,7,yes,109
13316,1772421284,2026-03-01T19:14:44,93,7,yes,1
13317,1772421284,2026-03-01T19:14:44,93,7,yes,71
13318,1772421284,2026-03-01T19:14:44,93,7,yes,42
13319,1772421284,2026-03-01T19:14:44,93,7,yes,5
13320,1772421286,2026-03-01T19:14:46,93,7,yes,10
13321,1772421286,2026-03-01T19:14:46,92,8,no,85
13322,1772421287,2026-03-01T19:14:47,93,7,yes,609
13323,1772421287,2026-03-01T19:14:47,93,7,yes,526
13324,1772421290,2026-03-01T19:14:50,93,7,yes,3
13325,1772421291,2026-03-01T19:14:51,93,7,yes,1
13326,1772421291,2026-03-01T19:14:51,93,7,yes,4
13327,1772421291,2026-03-01T19:14:51,93,7,yes,5
13328,1772421292,2026-03-01T19:14:52,93,7,yes,260
13329,1772421292,2026-03-01T19:14:52,93,7,yes,106
13330,1772421294,2026-03-01T19:14:54,92,8,no,38
13331,1772421294,2026-03-01T19:14:54,93,7,yes,50
13332,1772421295,2026-03-01T19:14:55,93,7,yes,2
13333,1772421296,2026-03-01T19:14:56,93,7,yes,107
13334,1772421296,2026-03-01T19:14:56,93,7,yes,100
13335,1772421297,2026-03-01T19:14:57,93,7,yes,101
13336,1772421298,2026-03-01T19:14:58,92,8,no,23
13337,1772421299,2026-03-01T19:14:59,93,7,yes,12
13338,1772421300,2026-03-01T19:15:00,93,7,yes,193
13339,1772421300,2026-03-01T19:15:00,94,6,yes,26
13340,1772421301,2026-03-01T19:15:01,94,6,yes,1
13341,1772421303,2026-03-01T19:15:03,94,6,yes,847
13342,1772421303,2026-03-01T19:15:03,94,6,yes,656
13343,1772421303,2026-03-01T19:15:03,94,6,yes,1194
13344,1772421303,2026-03-01T19:15:03,94,6,yes,3206
13345,1772421303,2026-03-01T19:15:03,94,6,yes,3206
13346,1772421303,2026-03-01T19:15:03,94,6,yes,2737
13347,1772421304,2026-03-01T19:15:04,94,6,yes,1038
13348,1772421307,2026-03-01T19:15:07,94,6,yes,58
13349,1772421307,2026-03-01T19:15:07,94,6,yes,75
13350,1772421308,2026-03-01T19:15:08,94,6,yes,1059
13351,1772421308,2026-03-01T19:15:08,94,6,yes,208
13352,1772421310,2026-03-01T19:15:10,94,6,yes,1
13353,1772421312,2026-03-01T19:15:12,94,6,yes,49
13354,1772421312,2026-03-01T19:15:12,93,7,no,72
13355,1772421312,2026-03-01T19:15:12,93,7,no,1
13356,1772421312,2026-03-01T19:15:12,93,7,no,38
13357,1772421312,2026-03-01T19:15:12,94,6,yes,1
13358,1772421313,2026-03-01T19:15:13,94,6,yes,14
13359,1772421313,2026-03-01T19:15:13,94,6,yes,104
13360,1772421313,2026-03-01T19:15:13,94,6,yes,211
13361,1772421313,2026-03-01T19:15:13,94,6,yes,14
13362,1772421314,2026-03-01T19:15:14,94,6,yes,10
13363,1772421314,2026-03-01T19:15:14,94,6,yes,3
13364,1772421315,2026-03-01T19:15:15,93,7,no,17
13365,1772421315,2026-03-01T19:15:15,93,7,no,9
13366,1772421315,2026-03-01T19:15:15,94,6,yes,61
13367,1772421317,2026-03-01T19:15:17,94,6,yes,10
13368,1772421317,2026-03-01T19:15:17,94,6,yes,4306
13369,1772421319,2026-03-01T19:15:19,93,7,no,43
13370,1772421320,2026-03-01T19:15:20,94,6,yes,390
13371,1772421321,2026-03-01T19:15:21,94,6,yes,1
13372,1772421323,2026-03-01T19:15:23,94,6,yes,2
13373,1772421323,2026-03-01T19:15:23,94,6,yes,260
13374,1772421326,2026-03-01T19:15:26,93,7,no,1
13375,1772421326,2026-03-01T19:15:26,93,7,no,1
13376,1772421326,2026-03-01T19:15:26,93,7,no,26
13377,1772421327,2026-03-01T19:15:27,94,6,yes,20
13378,1772421327,2026-03-01T19:15:27,94,6,yes,2
13379,1772421328,2026-03-01T19:15:28,94,6,yes,104
13380,1772421328,2026-03-01T19:15:28,94,6,yes,39
13381,1772421329,2026-03-01T19:15:29,93,7,no,1
13382,1772421329,2026-03-01T19:15:29,93,7,no,55
13383,1772421329,2026-03-01T19:15:29,93,7,no,500
13384,1772421329,2026-03-01T19:15:29,93,7,no,1103
13385,1772421331,2026-03-01T19:15:31,94,6,yes,264
13386,1772421332,2026-03-01T19:15:32,94,6,yes,105
13387,1772421332,2026-03-01T19:15:32,94,6,yes,208
13388,1772421332,2026-03-01T19:15:32,94,6,yes,272
13389,1772421333,2026-03-01T19:15:33,94,6,yes,229
13390,1772421335,2026-03-01T19:15:35,94,6,yes,121
13391,1772421335,2026-03-01T19:15:35,94,6,yes,200
13392,1772421335,2026-03-01T19:15:35,94,6,yes,1985
13393,1772421337,2026-03-01T19:15:37,93,7,no,1
13394,1772421337,2026-03-01T19:15:37,93,7,no,38
13395,1772421337,2026-03-01T19:15:37,94,6,yes,20
13396,1772421338,2026-03-01T19:15:38,94,6,yes,10
13397,1772421339,2026-03-01T19:15:39,94,6,yes,20
13398,1772421339,2026-03-01T19:15:39,94,6,yes,21
13399,1772421340,2026-03-01T19:15:40,94,6,yes,11
13400,1772421340,2026-03-01T19:15:40,94,6,yes,123
13401,1772421340,2026-03-01T19:15:40,94,6,yes,3371
13402,1772421340,2026-03-01T19:15:40,94,6,yes,750
13403,1772421340,2026-03-01T19:15:40,94,6,yes,133
13404,1772421340,2026-03-01T19:15:40,94,6,yes,1042
13405,1772421341,2026-03-01T19:15:41,94,6,yes,26
13406,1772421341,2026-03-01T19:15:41,94,6,yes,2
13407,1772421341,2026-03-01T19:15:41,94,6,yes,520
13408,1772421343,2026-03-01T19:15:43,94,6,yes,317
13409,1772421344,2026-03-01T19:15:44,94,6,yes,1
13410,1772421344,2026-03-01T19:15:44,94,6,yes,10
13411,1772421348,2026-03-01T19:15:48,94,6,yes,2
13412,1772421348,2026-03-01T19:15:48,94,6,yes,20
13413,1772421349,2026-03-01T19:15:49,94,6,yes,156
13414,1772421350,2026-03-01T19:15:50,93,7,no,1
13415,1772421350,2026-03-01T19:15:50,94,6,yes,529
13416,1772421351,2026-03-01T19:15:51,94,6,yes,6
13417,1772421352,2026-03-01T19:15:52,94,6,yes,60
13418,1772421353,2026-03-01T19:15:53,94,6,yes,10
13419,1772421356,2026-03-01T19:15:56,94,6,yes,21
13420,1772421359,2026-03-01T19:15:59,94,6,yes,30
13421,1772421359,2026-03-01T19:15:59,94,6,yes,300
13422,1772421360,2026-03-01T19:16:00,94,6,yes,2
13423,1772421360,2026-03-01T19:16:00,94,6,yes,2
13424,1772421361,2026-03-01T19:16:01,94,6,yes,500
13425,1772421361,2026-03-01T19:16:01,94,6,yes,2
13426,1772421362,2026-03-01T19:16:02,94,6,yes,3
13427,1772421362,2026-03-01T19:16:02,94,6,yes,10
13428,1772421362,2026-03-01T19:16:02,94,6,yes,1059
13429,1772421363,2026-03-01T19:16:03,94,6,yes,52
13430,1772421363,2026-03-01T19:16:03,94,6,yes,7
13431,1772421364,2026-03-01T19:16:04,94,6,yes,381
13432,1772421366,2026-03-01T19:16:06,94,6,yes,18
13433,1772421367,2026-03-01T19:16:07,94,6,yes,18
13434,1772421368,2026-03-01T19:16:08,94,6,yes,2
13435,1772421368,2026-03-01T19:16:08,94,6,yes,550
13436,1772421370,2026-03-01T19:16:10,94,6,yes,98
13437,1772421372,2026-03-01T19:16:12,94,6,yes,10
13438,1772421372,2026-03-01T19:16:12,94,6,yes,2
13439,1772421373,2026-03-01T19:16:13,94,6,yes,500
13440,1772421375,2026-03-01T19:16:15,94,6,yes,52
13441,1772421375,2026-03-01T19:16:15,94,6,yes,42
13442,1772421375,2026-03-01T19:16:15,94,6,yes,96
13443,1772421375,2026-03-01T19:16:15,94,6,yes,21
13444,1772421377,2026-03-01T19:16:17,94,6,yes,2
13445,1772421377,2026-03-01T19:16:17,94,6,yes,2
13446,1772421378,2026-03-01T19:16:18,94,6,yes,48
13447,1772421378,2026-03-01T19:16:18,94,6,yes,30
13448,1772421379,2026-03-01T19:16:19,94,6,yes,1170
13449,1772421379,2026-03-01T19:16:19,94,6,yes,164
13450,1772421379,2026-03-01T19:16:19,94,6,yes,6
13451,1772421380,2026-03-01T19:16:20,94,6,yes,10
13452,1772421381,2026-03-01T19:16:21,94,6,yes,3
13453,1772421382,2026-03-01T19:16:22,94,6,yes,9
13454,1772421382,2026-03-01T19:16:22,93,7,no,16
13455,1772421382,2026-03-01T19:16:22,93,7,no,4
13456,1772421382,2026-03-01T19:16:22,93,7,no,38
13457,1772421382,2026-03-01T19:16:22,93,7,no,1
13458,1772421382,2026-03-01T19:16:22,93,7,no,1
13459,1772421382,2026-03-01T19:16:22,93,7,no,271
13460,1772421382,2026-03-01T19:16:22,94,6,yes,10
13461,1772421383,2026-03-01T19:16:23,93,7,no,12
13462,1772421384,2026-03-01T19:16:24,94,6,yes,93
13463,1772421384,2026-03-01T19:16:24,94,6,yes,2
13464,1772421385,2026-03-01T19:16:25,94,6,yes,747
13465,1772421385,2026-03-01T19:16:25,94,6,yes,1535
13466,1772421385,2026-03-01T19:16:25,94,6,yes,3206
13467,1772421385,2026-03-01T19:16:25,94,6,yes,3206
13468,1772421385,2026-03-01T19:16:25,94,6,yes,3206
13469,1772421385,2026-03-01T19:16:25,94,6,yes,1097
13470,1772421385,2026-03-01T19:16:25,94,6,yes,36
13471,1772421385,2026-03-01T19:16:25,94,6,yes,56
13472,1772421385,2026-03-01T19:16:25,93,7,no,609
13473,1772421386,2026-03-01T19:16:26,94,6,yes,52
13474,1772421387,2026-03-01T19:16:27,94,6,yes,10
13475,1772421387,2026-03-01T19:16:27,94,6,yes,16
13476,1772421387,2026-03-01T19:16:27,94,6,yes,1906
13477,1772421390,2026-03-01T19:16:30,94,6,yes,1
13478,1772421390,2026-03-01T19:16:30,94,6,yes,7
13479,1772421390,2026-03-01T19:16:30,94,6,yes,1
13480,1772421393,2026-03-01T19:16:33,94,6,yes,751
13481,1772421394,2026-03-01T19:16:34,94,6,yes,5
13482,1772421395,2026-03-01T19:16:35,94,6,yes,15
13483,1772421397,2026-03-01T19:16:37,94,6,yes,423
13484,1772421400,2026-03-01T19:16:40,94,6,yes,264
13485,1772421401,2026-03-01T19:16:41,94,6,yes,2
13486,1772421402,2026-03-01T19:16:42,94,6,yes,1
13487,1772421402,2026-03-01T19:16:42,94,6,yes,9
13488,1772421403,2026-03-01T19:16:43,94,6,yes,1906
13489,1772421403,2026-03-01T19:16:43,94,6,yes,529
13490,1772421406,2026-03-01T19:16:46,93,7,no,389
13491,1772421406,2026-03-01T19:16:46,93,7,no,478
13492,1772421408,2026-03-01T19:16:48,94,6,yes,516
13493,1772421409,2026-03-01T19:16:49,94,6,yes,6
13494,1772421409,2026-03-01T19:16:49,94,6,yes,5
13495,1772421410,2026-03-01T19:16:50,94,6,yes,52
13496,1772421410,2026-03-01T19:16:50,94,6,yes,2
13497,1772421412,2026-03-01T19:16:52,94,6,yes,1
13498,1772421412,2026-03-01T19:16:52,94,6,yes,19
13499,1772421412,2026-03-01T19:16:52,94,6,yes,1958
13500,1772421412,2026-03-01T19:16:52,94,6,yes,8117
13501,1772421412,2026-03-01T19:16:52,94,6,yes,1883
13502,1772421412,2026-03-01T19:16:52,94,6,yes,750
13503,1772421412,2026-03-01T19:16:52,94,6,yes,5000
13504,1772421412,2026-03-01T19:16:52,94,6,yes,2461
13505,1772421414,2026-03-01T19:16:54,95,5,yes,750
13506,1772421414,2026-03-01T19:16:54,95,5,yes,5
13507,1772421414,2026-03-01T19:16:54,96,4,yes,31
13508,1772421418,2026-03-01T19:16:58,96,4,yes,10
13509,1772421418,2026-03-01T19:16:58,96,4,yes,559
13510,1772421418,2026-03-01T19:16:58,96,4,yes,750
13511,1772421418,2026-03-01T19:16:58,96,4,yes,1
13512,1772421418,2026-03-01T19:16:58,96,4,yes,3790
13513,1772421419,2026-03-01T19:16:59,96,4,no,57
13514,1772421420,2026-03-01T19:17:00,97,3,yes,1
13515,1772421421,2026-03-01T19:17:01,96,4,no,478
13516,1772421423,2026-03-01T19:17:03,97,3,yes,22
13517,1772421424,2026-03-01T19:17:04,97,3,yes,1
13518,1772421424,2026-03-01T19:17:04,97,3,yes,10
13519,1772421425,2026-03-01T19:17:05,97,3,yes,346
13520,1772421425,2026-03-01T19:17:05,97,3,yes,22
13521,1772421425,2026-03-01T19:17:05,97,3,yes,31
13522,1772421425,2026-03-01T19:17:05,97,3,yes,1
13523,1772421425,2026-03-01T19:17:05,97,3,yes,650
13524,1772421425,2026-03-01T19:17:05,97,3,yes,750
13525,1772421425,2026-03-01T19:17:05,97,3,yes,3
13526,1772421425,2026-03-01T19:17:05,97,3,yes,3208
13527,1772421425,2026-03-01T19:17:05,97,3,yes,3208
13528,1772421425,2026-03-01T19:17:05,97,3,yes,1368
13529,1772421427,2026-03-01T19:17:07,96,4,no,148
13530,1772421428,2026-03-01T19:17:08,97,3,yes,36
13531,1772421429,2026-03-01T19:17:09,97,3,yes,1000
13532,1772421430,2026-03-01T19:17:10,96,4,no,166
13533,1772421431,2026-03-01T19:17:11,96,4,no,83
13534,1772421431,2026-03-01T19:17:11,97,3,yes,118
13535,1772421431,2026-03-01T19:17:11,96,4,no,5
13536,1772421432,2026-03-01T19:17:12,96,4,no,20
13537,1772421432,2026-03-01T19:17:12,96,4,no,307
13538,1772421432,2026-03-01T19:17:12,96,4,no,77
13539,1772421432,2026-03-01T19:17:12,97,3,yes,40
13540,1772421432,2026-03-01T19:17:12,96,4,no,37
13541,1772421432,2026-03-01T19:17:12,96,4,no,13
13542,1772421433,2026-03-01T19:17:13,97,3,yes,102
13543,1772421434,2026-03-01T19:17:14,96,4,no,23
13544,1772421435,2026-03-01T19:17:15,97,3,yes,103
13545,1772421436,2026-03-01T19:17:16,96,4,no,24
13546,1772421436,2026-03-01T19:17:16,97,3,yes,100
13547,1772421436,2026-03-01T19:17:16,97,3,yes,341
13548,1772421436,2026-03-01T19:17:16,97,3,yes,687
13549,1772421439,2026-03-01T19:17:19,97,3,yes,10
13550,1772421440,2026-03-01T19:17:20,97,3,yes,173
13551,1772421442,2026-03-01T19:17:22,97,3,yes,720
13552,1772421442,2026-03-01T19:17:22,97,3,yes,1
13553,1772421442,2026-03-01T19:17:22,97,3,yes,200
13554,1772421443,2026-03-01T19:17:23,97,3,yes,5
13555,1772421445,2026-03-01T19:17:25,96,4,no,1
13556,1772421445,2026-03-01T19:17:25,96,4,no,277
13557,1772421445,2026-03-01T19:17:25,96,4,no,200
13558,1772421445,2026-03-01T19:17:25,96,4,no,574
13559,1772421446,2026-03-01T19:17:26,97,3,yes,78
13560,1772421446,2026-03-01T19:17:26,97,3,yes,103
13561,1772421446,2026-03-01T19:17:26,96,4,no,70
13562,1772421448,2026-03-01T19:17:28,97,3,yes,1028
13563,1772421449,2026-03-01T19:17:29,96,4,no,5
13564,1772421450,2026-03-01T19:17:30,97,3,yes,2
13565,1772421451,2026-03-01T19:17:31,97,3,yes,5
13566,1772421451,2026-03-01T19:17:31,97,3,yes,40
13567,1772421451,2026-03-01T19:17:31,96,4,no,1000
13568,1772421452,2026-03-01T19:17:32,97,3,yes,2
13569,1772421452,2026-03-01T19:17:32,97,3,yes,154
13570,1772421454,2026-03-01T19:17:34,97,3,yes,10
13571,1772421456,2026-03-01T19:17:36,97,3,yes,4
13572,1772421456,2026-03-01T19:17:36,96,4,no,7
13573,1772421457,2026-03-01T19:17:37,97,3,yes,9
13574,1772421457,2026-03-01T19:17:37,96,4,no,588
13575,1772421458,2026-03-01T19:17:38,97,3,yes,101
13576,1772421459,2026-03-01T19:17:39,96,4,no,920
13577,1772421460,2026-03-01T19:17:40,97,3,yes,1
13578,1772421461,2026-03-01T19:17:41,97,3,yes,51
13579,1772421461,2026-03-01T19:17:41,96,4,no,396
13580,1772421463,2026-03-01T19:17:43,96,4,no,1333
13581,1772421464,2026-03-01T19:17:44,97,3,yes,154
13582,1772421464,2026-03-01T19:17:44,97,3,yes,5
13583,1772421465,2026-03-01T19:17:45,97,3,yes,289
13584,1772421469,2026-03-01T19:17:49,97,3,yes,533
13585,1772421469,2026-03-01T19:17:49,97,3,yes,82
13586,1772421469,2026-03-01T19:17:49,96,4,no,6
13587,1772421470,2026-03-01T19:17:50,97,3,yes,5
13588,1772421470,2026-03-01T19:17:50,97,3,yes,2
13589,1772421472,2026-03-01T19:17:52,97,3,yes,1
13590,1772421473,2026-03-01T19:17:53,97,3,yes,51
13591,1772421473,2026-03-01T19:17:53,97,3,yes,2
13592,1772421474,2026-03-01T19:17:54,96,4,no,535
13593,1772421477,2026-03-01T19:17:57,96,4,no,1038
13594,1772421477,2026-03-01T19:17:57,97,3,yes,18
13595,1772421478,2026-03-01T19:17:58,96,4,no,23
13596,1772421479,2026-03-01T19:17:59,97,3,yes,5
13597,1772421482,2026-03-01T19:18:02,97,3,yes,1
13598,1772421482,2026-03-01T19:18:02,97,3,yes,579
13599,1772421483,2026-03-01T19:18:03,97,3,yes,1
13600,1772421484,2026-03-01T19:18:04,97,3,yes,151
13601,1772421484,2026-03-01T19:18:04,97,3,yes,288
13602,1772421486,2026-03-01T19:18:06,97,3,yes,941
13603,1772421486,2026-03-01T19:18:06,97,3,yes,59
13604,1772421490,2026-03-01T19:18:10,96,4,no,36
13605,1772421491,2026-03-01T19:18:11,97,3,yes,51
13606,1772421496,2026-03-01T19:18:16,96,4,no,157
13607,1772421497,2026-03-01T19:18:17,97,3,yes,505
13608,1772421497,2026-03-01T19:18:17,97,3,yes,102
13609,1772421504,2026-03-01T19:18:24,97,3,yes,18
13610,1772421506,2026-03-01T19:18:26,97,3,yes,1
13611,1772421512,2026-03-01T19:18:32,97,3,yes,221
13612,1772421516,2026-03-01T19:18:36,97,3,yes,97
13613,1772421516,2026-03-01T19:18:36,97,3,yes,1107
13614,1772421516,2026-03-01T19:18:36,97,3,yes,1879
13615,1772421516,2026-03-01T19:18:36,97,3,yes,750
13616,1772421516,2026-03-01T19:18:36,97,3,yes,750
13617,1772421516,2026-03-01T19:18:36,97,3,yes,20
13618,1772421516,2026-03-01T19:18:36,97,3,yes,644
13619,1772421516,2026-03-01T19:18:36,97,3,yes,365
13620,1772421516,2026-03-01T19:18:36,97,3,yes,1685
13621,1772421518,2026-03-01T19:18:38,97,3,yes,150
13622,1772421522,2026-03-01T19:18:42,97,3,yes,10
13623,1772421526,2026-03-01T19:18:46,97,3,yes,25
13624,1772421527,2026-03-01T19:18:47,96,4,no,25
13625,1772421528,2026-03-01T19:18:48,97,3,yes,500
13626,1772421530,2026-03-01T19:18:50,97,3,yes,10
13627,1772421531,2026-03-01T19:18:51,97,3,yes,2648
13628,1772421531,2026-03-01T19:18:51,97,3,yes,1352
13629,1772421533,2026-03-01T19:18:53,97,3,yes,5000
13630,1772421534,2026-03-01T19:18:54,97,3,yes,237
13631,1772421540,2026-03-01T19:19:00,97,3,yes,500
13632,1772421540,2026-03-01T19:19:00,97,3,yes,3500
13633,1772421542,2026-03-01T19:19:02,98,2,yes,1
13634,1772421542,2026-03-01T19:19:02,98,2,yes,2
13635,1772421542,2026-03-01T19:19:02,98,2,yes,32
13636,1772421544,2026-03-01T19:19:04,98,2,yes,108
13637,1772421544,2026-03-01T19:19:04,96,4,no,96
13638,1772421548,2026-03-01T19:19:08,97,3,no,25
13639,1772421549,2026-03-01T19:19:09,98,2,yes,4
13640,1772421550,2026-03-01T19:19:10,97,3,no,200
13641,1772421552,2026-03-01T19:19:12,98,2,yes,5
13642,1772421553,2026-03-01T19:19:13,97,3,no,102
13643,1772421555,2026-03-01T19:19:15,97,3,no,400
13644,1772421557,2026-03-01T19:19:17,97,3,no,8
13645,1772421558,2026-03-01T19:19:18,97,3,no,108
13646,1772421559,2026-03-01T19:19:19,98,2,yes,56
13647,1772421560,2026-03-01T19:19:20,98,2,yes,15
13648,1772421561,2026-03-01T19:19:21,97,3,no,28
13649,1772421563,2026-03-01T19:19:23,98,2,yes,15
13650,1772421566,2026-03-01T19:19:26,97,3,no,23
13651,1772421566,2026-03-01T19:19:26,98,2,yes,725
13652,1772421567,2026-03-01T19:19:27,97,3,no,18
13653,1772421569,2026-03-01T19:19:29,97,3,no,80
13654,1772421571,2026-03-01T19:19:31,97,3,no,195
13655,1772421571,2026-03-01T19:19:31,97,3,no,514
13656,1772421573,2026-03-01T19:19:33,97,3,no,41
13657,1772421574,2026-03-01T19:19:34,97,3,no,366
13658,1772421574,2026-03-01T19:19:34,97,3,no,78
13659,1772421577,2026-03-01T19:19:37,97,3,no,96
13660,1772421578,2026-03-01T19:19:38,97,3,no,91
13661,1772421581,2026-03-01T19:19:41,98,2,yes,5
13662,1772421583,2026-03-01T19:19:43,97,3,no,534
13663,1772421583,2026-03-01T19:19:43,97,3,no,100
13664,1772421583,2026-03-01T19:19:43,98,2,yes,340
13665,1772421584,2026-03-01T19:19:44,98,2,yes,5
13666,1772421584,2026-03-01T19:19:44,97,3,no,50
13667,1772421584,2026-03-01T19:19:44,97,3,no,25
13668,1772421585,2026-03-01T19:19:45,98,2,yes,4
13669,1772421585,2026-03-01T19:19:45,98,2,yes,10
13670,1772421588,2026-03-01T19:19:48,97,3,no,12
13671,1772421588,2026-03-01T19:19:48,98,2,yes,5
13672,1772421590,2026-03-01T19:19:50,97,3,no,3
13673,1772421590,2026-03-01T19:19:50,97,3,no,581
13674,1772421591,2026-03-01T19:19:51,97,3,no,381
13675,1772421592,2026-03-01T19:19:52,97,3,no,250
13676,1772421592,2026-03-01T19:19:52,98,2,yes,2
13677,1772421594,2026-03-01T19:19:54,97,3,no,134
13678,1772421594,2026-03-01T19:19:54,98,2,yes,113
13679,1772421594,2026-03-01T19:19:54,98,2,yes,53
13680,1772421594,2026-03-01T19:19:54,98,2,yes,207
13681,1772421595,2026-03-01T19:19:55,97,3,no,64
13682,1772421596,2026-03-01T19:19:56,97,3,no,100
13683,1772421597,2026-03-01T19:19:57,98,2,yes,13
13684,1772421597,2026-03-01T19:19:57,97,3,no,120
13685,1772421598,2026-03-01T19:19:58,97,3,no,1000
13686,1772421599,2026-03-01T19:19:59,97,3,no,129
13687,1772421601,2026-03-01T19:20:01,97,3,no,389
13688,1772421602,2026-03-01T19:20:02,98,2,yes,1
13689,1772421602,2026-03-01T19:20:02,98,2,yes,20
13690,1772421603,2026-03-01T19:20:03,97,3,no,172
13691,1772421604,2026-03-01T19:20:04,98,2,yes,2259
13692,1772421604,2026-03-01T19:20:04,98,2,yes,500
13693,1772421604,2026-03-01T19:20:04,98,2,yes,41
13694,1772421604,2026-03-01T19:20:04,98,2,yes,58
13695,1772421604,2026-03-01T19:20:04,98,2,yes,120
13696,1772421604,2026-03-01T19:20:04,98,2,yes,186
13697,1772421604,2026-03-01T19:20:04,98,2,yes,800
13698,1772421604,2026-03-01T19:20:04,98,2,yes,50
13699,1772421604,2026-03-01T19:20:04,98,2,yes,24
13700,1772421604,2026-03-01T19:20:04,98,2,yes,10
13701,1772421604,2026-03-01T19:20:04,98,2,yes,750
13702,1772421604,2026-03-01T19:20:04,98,2,yes,75
13703,1772421604,2026-03-01T19:20:04,98,2,yes,205
13704,1772421604,2026-03-01T19:20:04,98,2,yes,3208
13705,1772421604,2026-03-01T19:20:04,98,2,yes,1714
13706,1772421606,2026-03-01T19:20:06,97,3,no,84
13707,1772421606,2026-03-01T19:20:06,97,3,no,1
13708,1772421606,2026-03-01T19:20:06,97,3,no,39
13709,1772421607,2026-03-01T19:20:07,98,2,yes,102
13710,1772421608,2026-03-01T19:20:08,97,3,no,331
13711,1772421610,2026-03-01T19:20:10,97,3,no,997
13712,1772421610,2026-03-01T19:20:10,98,2,yes,1
13713,1772421612,2026-03-01T19:20:12,98,2,yes,107
13714,1772421612,2026-03-01T19:20:12,98,2,yes,893
13715,1772421612,2026-03-01T19:20:12,98,2,yes,50
13716,1772421612,2026-03-01T19:20:12,98,2,yes,847
13717,1772421612,2026-03-01T19:20:12,98,2,yes,1153
13718,1772421613,2026-03-01T19:20:13,97,3,no,1
13719,1772421613,2026-03-01T19:20:13,97,3,no,27
13720,1772421616,2026-03-01T19:20:16,98,2,yes,37
13721,1772421617,2026-03-01T19:20:17,98,2,yes,4
13722,1772421618,2026-03-01T19:20:18,98,2,yes,170
13723,1772421619,2026-03-01T19:20:19,97,3,no,49
13724,1772421619,2026-03-01T19:20:19,97,3,no,57
13725,1772421619,2026-03-01T19:20:19,98,2,yes,2
13726,1772421621,2026-03-01T19:20:21,98,2,yes,2
13727,1772421621,2026-03-01T19:20:21,98,2,yes,575
13728,1772421622,2026-03-01T19:20:22,97,3,no,214
13729,1772421622,2026-03-01T19:20:22,97,3,no,93
13730,1772421625,2026-03-01T19:20:25,98,2,yes,57
13731,1772421625,2026-03-01T19:20:25,98,2,yes,56
13732,1772421626,2026-03-01T19:20:26,97,3,no,178
13733,1772421626,2026-03-01T19:20:26,98,2,yes,2
13734,1772421628,2026-03-01T19:20:28,97,3,no,44
13735,1772421629,2026-03-01T19:20:29,98,2,yes,5
13736,1772421630,2026-03-01T19:20:30,97,3,no,26
13737,1772421630,2026-03-01T19:20:30,97,3,no,70
13738,1772421635,2026-03-01T19:20:35,98,2,yes,5
13739,1772421637,2026-03-01T19:20:37,97,3,no,310
13740,1772421638,2026-03-01T19:20:38,97,3,no,3076
13741,1772421639,2026-03-01T19:20:39,98,2,yes,11
13742,1772421644,2026-03-01T19:20:44,98,2,yes,5
13743,1772421646,2026-03-01T19:20:46,97,3,no,1568
13744,1772421646,2026-03-01T19:20:46,97,3,no,23
13745,1772421648,2026-03-01T19:20:48,97,3,no,2000
13746,1772421649,2026-03-01T19:20:49,98,2,yes,2
13747,1772421649,2026-03-01T19:20:49,98,2,yes,5
13748,1772421649,2026-03-01T19:20:49,97,3,no,200
13749,1772421653,2026-03-01T19:20:53,98,2,yes,5
13750,1772421654,2026-03-01T19:20:54,98,2,yes,113
13751,1772421654,2026-03-01T19:20:54,98,2,yes,46
13752,1772421661,2026-03-01T19:21:01,98,2,yes,5
13753,1772421661,2026-03-01T19:21:01,97,3,no,209
13754,1772421661,2026-03-01T19:21:01,97,3,no,200
13755,1772421661,2026-03-01T19:21:01,97,3,no,210
13756,1772421661,2026-03-01T19:21:01,98,2,yes,490
13757,1772421661,2026-03-01T19:21:01,98,2,yes,6
13758,1772421661,2026-03-01T19:21:01,98,2,yes,13
13759,1772421661,2026-03-01T19:21:01,98,2,yes,1
13760,1772421665,2026-03-01T19:21:05,97,3,no,10
13761,1772421665,2026-03-01T19:21:05,97,3,no,10
13762,1772421665,2026-03-01T19:21:05,98,2,yes,509
13763,1772421667,2026-03-01T19:21:07,97,3,no,162
13764,1772421667,2026-03-01T19:21:07,98,2,yes,25
13765,1772421668,2026-03-01T19:21:08,98,2,yes,25
13766,1772421669,2026-03-01T19:21:09,98,2,yes,423
13767,1772421670,2026-03-01T19:21:10,97,3,no,78
13768,1772421670,2026-03-01T19:21:10,97,3,no,169
13769,1772421670,2026-03-01T19:21:10,97,3,no,1
13770,1772421670,2026-03-01T19:21:10,97,3,no,66
13771,1772421670,2026-03-01T19:21:10,98,2,yes,1018
13772,1772421670,2026-03-01T19:21:10,98,2,yes,8
13773,1772421672,2026-03-01T19:21:12,98,2,yes,8
13774,1772421673,2026-03-01T19:21:13,97,3,no,39
13775,1772421673,2026-03-01T19:21:13,97,3,no,5
13776,1772421673,2026-03-01T19:21:13,98,2,yes,9
13777,1772421678,2026-03-01T19:21:18,97,3,no,35
13778,1772421680,2026-03-01T19:21:20,97,3,no,300
13779,1772421680,2026-03-01T19:21:20,97,3,no,19
13780,1772421680,2026-03-01T19:21:20,98,2,yes,241
13781,1772421683,2026-03-01T19:21:23,98,2,yes,4
13782,1772421685,2026-03-01T19:21:25,97,3,no,100
13783,1772421685,2026-03-01T19:21:25,97,3,no,1496
13784,1772421685,2026-03-01T19:21:25,97,3,no,500
13785,1772421685,2026-03-01T19:21:25,97,3,no,50
13786,1772421685,2026-03-01T19:21:25,97,3,no,1000
13787,1772421685,2026-03-01T19:21:25,97,3,no,98
13788,1772421685,2026-03-01T19:21:25,97,3,no,100
13789,1772421685,2026-03-01T19:21:25,97,3,no,1500
13790,1772421685,2026-03-01T19:21:25,97,3,no,500
13791,1772421685,2026-03-01T19:21:25,97,3,no,14756
13792,1772421686,2026-03-01T19:21:26,97,3,no,9079
13793,1772421686,2026-03-01T19:21:26,97,3,no,64
13794,1772421687,2026-03-01T19:21:27,97,3,yes,220
13795,1772421690,2026-03-01T19:21:30,97,3,yes,50
13796,1772421691,2026-03-01T19:21:31,97,3,yes,370
13797,1772421691,2026-03-01T19:21:31,97,3,yes,10
13798,1772421691,2026-03-01T19:21:31,97,3,yes,505
13799,1772421692,2026-03-01T19:21:32,96,4,no,1
13800,1772421695,2026-03-01T19:21:35,97,3,yes,20
13801,1772421697,2026-03-01T19:21:37,97,3,yes,100
13802,1772421698,2026-03-01T19:21:38,97,3,yes,514
13803,1772421699,2026-03-01T19:21:39,96,4,no,999
13804,1772421699,2026-03-01T19:21:39,96,4,no,175
13805,1772421699,2026-03-01T19:21:39,96,4,no,30
13806,1772421699,2026-03-01T19:21:39,96,4,no,10
13807,1772421699,2026-03-01T19:21:39,96,4,no,500
13808,1772421699,2026-03-01T19:21:39,96,4,no,200
13809,1772421699,2026-03-01T19:21:39,96,4,no,3176
13810,1772421699,2026-03-01T19:21:39,96,4,no,1
13811,1772421699,2026-03-01T19:21:39,96,4,no,2500
13812,1772421699,2026-03-01T19:21:39,96,4,no,900
13813,1772421702,2026-03-01T19:21:42,96,4,yes,154
13814,1772421703,2026-03-01T19:21:43,95,5,no,100
13815,1772421703,2026-03-01T19:21:43,95,5,no,100
13816,1772421703,2026-03-01T19:21:43,95,5,no,100
13817,1772421703,2026-03-01T19:21:43,95,5,no,500
13818,1772421703,2026-03-01T19:21:43,95,5,no,650
13819,1772421703,2026-03-01T19:21:43,95,5,no,500
13820,1772421703,2026-03-01T19:21:43,95,5,yes,10
13821,1772421704,2026-03-01T19:21:44,95,5,yes,250
13822,1772421704,2026-03-01T19:21:44,95,5,yes,12
13823,1772421706,2026-03-01T19:21:46,95,5,yes,1700
13824,1772421708,2026-03-01T19:21:48,95,5,yes,2551
13825,1772421709,2026-03-01T19:21:49,95,5,yes,3449
13826,1772421709,2026-03-01T19:21:49,95,5,yes,2289
13827,1772421713,2026-03-01T19:21:53,96,4,yes,9
13828,1772421715,2026-03-01T19:21:55,96,4,yes,50
13829,1772421715,2026-03-01T19:21:55,96,4,yes,94
13830,1772421716,2026-03-01T19:21:56,94,6,no,100
13831,1772421716,2026-03-01T19:21:56,94,6,no,20
13832,1772421716,2026-03-01T19:21:56,96,4,yes,1
13833,1772421716,2026-03-01T19:21:56,96,4,yes,51
13834,1772421717,2026-03-01T19:21:57,96,4,yes,10
13835,1772421717,2026-03-01T19:21:57,96,4,yes,10
13836,1772421719,2026-03-01T19:21:59,96,4,yes,5
13837,1772421719,2026-03-01T19:21:59,96,4,yes,45
13838,1772421720,2026-03-01T19:22:00,95,5,no,22
13839,1772421720,2026-03-01T19:22:00,96,4,yes,5
13840,1772421721,2026-03-01T19:22:01,96,4,yes,3
13841,1772421721,2026-03-01T19:22:01,95,5,no,78
13842,1772421721,2026-03-01T19:22:01,95,5,no,300
13843,1772421721,2026-03-01T19:22:01,94,6,no,30
13844,1772421721,2026-03-01T19:22:01,94,6,no,234
13845,1772421724,2026-03-01T19:22:04,96,4,yes,10
13846,1772421724,2026-03-01T19:22:04,96,4,yes,51
13847,1772421725,2026-03-01T19:22:05,96,4,yes,103
13848,1772421726,2026-03-01T19:22:06,96,4,yes,53
13849,1772421726,2026-03-01T19:22:06,96,4,yes,661
13850,1772421730,2026-03-01T19:22:10,94,6,no,1000
13851,1772421730,2026-03-01T19:22:10,94,6,yes,300
13852,1772421730,2026-03-01T19:22:10,94,6,yes,1845
13853,1772421730,2026-03-01T19:22:10,94,6,yes,300
13854,1772421730,2026-03-01T19:22:10,94,6,yes,200
13855,1772421730,2026-03-01T19:22:10,94,6,yes,2645
13856,1772421730,2026-03-01T19:22:10,94,6,yes,14
13857,1772421730,2026-03-01T19:22:10,95,5,yes,1710
13858,1772421735,2026-03-01T19:22:15,95,5,yes,3145
13859,1772421735,2026-03-01T19:22:15,95,5,yes,3145
13860,1772421735,2026-03-01T19:22:15,95,5,yes,3145
13861,1772421735,2026-03-01T19:22:15,95,5,yes,565
13862,1772421735,2026-03-01T19:22:15,95,5,yes,10
13863,1772421735,2026-03-01T19:22:15,95,5,yes,40
13864,1772421736,2026-03-01T19:22:16,95,5,yes,1
13865,1772421736,2026-03-01T19:22:16,95,5,yes,25
13866,1772421738,2026-03-01T19:22:18,94,6,no,105
13867,1772421738,2026-03-01T19:22:18,95,5,yes,25
13868,1772421741,2026-03-01T19:22:21,94,6,no,85
13869,1772421741,2026-03-01T19:22:21,95,5,yes,24
13870,1772421741,2026-03-01T19:22:21,95,5,yes,31
13871,1772421742,2026-03-01T19:22:22,94,6,no,78
13872,1772421743,2026-03-01T19:22:23,94,6,no,1461
13873,1772421743,2026-03-01T19:22:23,95,5,yes,200
13874,1772421745,2026-03-01T19:22:25,95,5,yes,1
13875,1772421746,2026-03-01T19:22:26,94,6,no,156
13876,1772421747,2026-03-01T19:22:27,94,6,no,2
13877,1772421747,2026-03-01T19:22:27,95,5,yes,3
13878,1772421747,2026-03-01T19:22:27,95,5,yes,17
13879,1772421748,2026-03-01T19:22:28,94,6,no,10
13880,1772421748,2026-03-01T19:22:28,95,5,yes,223
13881,1772421749,2026-03-01T19:22:29,94,6,no,21
13882,1772421750,2026-03-01T19:22:30,95,5,yes,500
13883,1772421751,2026-03-01T19:22:31,94,6,no,1227
13884,1772421751,2026-03-01T19:22:31,94,6,no,2500
13885,1772421752,2026-03-01T19:22:32,93,7,no,5
13886,1772421752,2026-03-01T19:22:32,93,7,no,33
13887,1772421753,2026-03-01T19:22:33,94,6,yes,428
13888,1772421755,2026-03-01T19:22:35,93,7,no,62
13889,1772421755,2026-03-01T19:22:35,93,7,no,25
13890,1772421755,2026-03-01T19:22:35,93,7,no,130
13891,1772421755,2026-03-01T19:22:35,93,7,no,468
13892,1772421757,2026-03-01T19:22:37,92,8,no,10
13893,1772421757,2026-03-01T19:22:37,92,8,no,29
13894,1772421757,2026-03-01T19:22:37,93,7,yes,105
13895,1772421758,2026-03-01T19:22:38,92,8,no,71
13896,1772421758,2026-03-01T19:22:38,92,8,no,1
13897,1772421758,2026-03-01T19:22:38,92,8,no,100
13898,1772421758,2026-03-01T19:22:38,92,8,no,132
13899,1772421759,2026-03-01T19:22:39,93,7,yes,2
13900,1772421759,2026-03-01T19:22:39,92,8,no,80
13901,1772421760,2026-03-01T19:22:40,93,7,yes,50
13902,1772421760,2026-03-01T19:22:40,92,8,no,788
13903,1772421760,2026-03-01T19:22:40,92,8,no,250
13904,1772421760,2026-03-01T19:22:40,92,8,yes,5
13905,1772421760,2026-03-01T19:22:40,92,8,yes,25
13906,1772421762,2026-03-01T19:22:42,92,8,yes,25
13907,1772421766,2026-03-01T19:22:46,91,9,no,533
13908,1772421766,2026-03-01T19:22:46,91,9,no,8
13909,1772421766,2026-03-01T19:22:46,92,8,yes,50
13910,1772421767,2026-03-01T19:22:47,91,9,no,28
13911,1772421767,2026-03-01T19:22:47,92,8,yes,45
13912,1772421768,2026-03-01T19:22:48,92,8,yes,5850
13913,1772421768,2026-03-01T19:22:48,92,8,yes,5
13914,1772421768,2026-03-01T19:22:48,92,8,yes,3411
13915,1772421768,2026-03-01T19:22:48,92,8,yes,9768
13916,1772421768,2026-03-01T19:22:48,92,8,yes,27
13917,1772421769,2026-03-01T19:22:49,91,9,no,431
13918,1772421769,2026-03-01T19:22:49,91,9,no,100
13919,1772421769,2026-03-01T19:22:49,91,9,no,90
13920,1772421769,2026-03-01T19:22:49,91,9,no,100
13921,1772421769,2026-03-01T19:22:49,91,9,no,1
13922,1772421769,2026-03-01T19:22:49,91,9,no,250
13923,1772421769,2026-03-01T19:22:49,91,9,no,20
13924,1772421769,2026-03-01T19:22:49,91,9,no,80
13925,1772421770,2026-03-01T19:22:50,92,8,yes,6794
13926,1772421770,2026-03-01T19:22:50,92,8,yes,50
13927,1772421770,2026-03-01T19:22:50,92,8,yes,5
13928,1772421772,2026-03-01T19:22:52,93,7,yes,162
13929,1772421773,2026-03-01T19:22:53,93,7,yes,400
13930,1772421774,2026-03-01T19:22:54,93,7,yes,16
13931,1772421774,2026-03-01T19:22:54,92,8,no,1324
13932,1772421774,2026-03-01T19:22:54,93,7,yes,100
13933,1772421777,2026-03-01T19:22:57,92,8,yes,3
13934,1772421778,2026-03-01T19:22:58,92,8,yes,31
13935,1772421780,2026-03-01T19:23:00,91,9,no,46
13936,1772421781,2026-03-01T19:23:01,91,9,no,1462
13937,1772421781,2026-03-01T19:23:01,91,9,no,334
13938,1772421782,2026-03-01T19:23:02,92,8,yes,10
13939,1772421783,2026-03-01T19:23:03,92,8,yes,1
13940,1772421784,2026-03-01T19:23:04,92,8,yes,134
13941,1772421784,2026-03-01T19:23:04,91,9,no,41
13942,1772421784,2026-03-01T19:23:04,92,8,yes,1000
13943,1772421785,2026-03-01T19:23:05,92,8,yes,100
13944,1772421786,2026-03-01T19:23:06,92,8,yes,42
13945,1772421787,2026-03-01T19:23:07,91,9,no,22
13946,1772421788,2026-03-01T19:23:08,91,9,yes,100
13947,1772421789,2026-03-01T19:23:09,91,9,yes,1
13948,1772421790,2026-03-01T19:23:10,90,10,no,300
13949,1772421790,2026-03-01T19:23:10,90,10,no,451
13950,1772421790,2026-03-01T19:23:10,91,9,yes,72
13951,1772421791,2026-03-01T19:23:11,91,9,yes,27
13952,1772421793,2026-03-01T19:23:13,91,9,yes,41
13953,1772421794,2026-03-01T19:23:14,91,9,yes,100
13954,1772421794,2026-03-01T19:23:14,91,9,yes,25
13955,1772421796,2026-03-01T19:23:16,91,9,yes,537
13956,1772421796,2026-03-01T19:23:16,91,9,yes,138
13957,1772421797,2026-03-01T19:23:17,91,9,yes,1000
13958,1772421798,2026-03-01T19:23:18,91,9,yes,27
13959,1772421798,2026-03-01T19:23:18,91,9,yes,2
13960,1772421798,2026-03-01T19:23:18,91,9,yes,1000
13961,1772421799,2026-03-01T19:23:19,91,9,yes,1500
13962,1772421799,2026-03-01T19:23:19,91,9,yes,5
13963,1772421800,2026-03-01T19:23:20,91,9,no,2610
13964,1772421801,2026-03-01T19:23:21,92,8,yes,27
13965,1772421801,2026-03-01T19:23:21,91,9,no,113
13966,1772421801,2026-03-01T19:23:21,91,9,no,26
13967,1772421802,2026-03-01T19:23:22,91,9,no,10
13968,1772421804,2026-03-01T19:23:24,91,9,no,351
13969,1772421804,2026-03-01T19:23:24,91,9,no,2500
13970,1772421804,2026-03-01T19:23:24,90,10,no,49
13971,1772421804,2026-03-01T19:23:24,90,10,no,50
13972,1772421804,2026-03-01T19:23:24,90,10,no,1
13973,1772421804,2026-03-01T19:23:24,90,10,no,50
13974,1772421804,2026-03-01T19:23:24,90,10,no,100
13975,1772421804,2026-03-01T19:23:24,90,10,no,135
13976,1772421804,2026-03-01T19:23:24,91,9,yes,18
13977,1772421804,2026-03-01T19:23:24,91,9,yes,1
13978,1772421806,2026-03-01T19:23:26,91,9,yes,440
13979,1772421807,2026-03-01T19:23:27,91,9,yes,50
13980,1772421808,2026-03-01T19:23:28,91,9,yes,18
13981,1772421808,2026-03-01T19:23:28,91,9,yes,38
13982,1772421808,2026-03-01T19:23:28,91,9,yes,12
13983,1772421809,2026-03-01T19:23:29,90,10,no,10
13984,1772421809,2026-03-01T19:23:29,91,9,yes,50
13985,1772421810,2026-03-01T19:23:30,91,9,yes,537
13986,1772421812,2026-03-01T19:23:32,91,9,yes,275
13987,1772421813,2026-03-01T19:23:33,90,10,no,833
13988,1772421813,2026-03-01T19:23:33,91,9,yes,1
13989,1772421814,2026-03-01T19:23:34,91,9,yes,1
13990,1772421815,2026-03-01T19:23:35,90,10,no,16
13991,1772421815,2026-03-01T19:23:35,91,9,yes,323
13992,1772421817,2026-03-01T19:23:37,90,10,no,55
13993,1772421818,2026-03-01T19:23:38,91,9,yes,5
13994,1772421818,2026-03-01T19:23:38,91,9,yes,16
13995,1772421820,2026-03-01T19:23:40,90,10,no,55
13996,1772421823,2026-03-01T19:23:43,91,9,yes,40
13997,1772421823,2026-03-01T19:23:43,90,10,no,47
13998,1772421823,2026-03-01T19:23:43,91,9,yes,174
13999,1772421823,2026-03-01T19:23:43,91,9,yes,5
14000,1772421825,2026-03-01T19:23:45,91,9,yes,430
14001,1772421826,2026-03-01T19:23:46,91,9,yes,200
14002,1772421826,2026-03-01T19:23:46,91,9,yes,2
14003,1772421829,2026-03-01T19:23:49,90,10,no,1
14004,1772421829,2026-03-01T19:23:49,91,9,yes,6
14005,1772421829,2026-03-01T19:23:49,90,10,no,133
14006,1772421829,2026-03-01T19:23:49,90,10,no,25
14007,1772421829,2026-03-01T19:23:49,91,9,yes,352
14008,1772421829,2026-03-01T19:23:49,91,9,yes,6000
14009,1772421829,2026-03-01T19:23:49,91,9,yes,1000
14010,1772421829,2026-03-01T19:23:49,91,9,yes,401
14011,1772421830,2026-03-01T19:23:50,91,9,yes,70
14012,1772421830,2026-03-01T19:23:50,91,9,yes,53
14013,1772421830,2026-03-01T19:23:50,91,9,yes,30
14014,1772421832,2026-03-01T19:23:52,90,10,no,48
14015,1772421835,2026-03-01T19:23:55,90,10,no,785
14016,1772421836,2026-03-01T19:23:56,91,9,yes,5
14017,1772421837,2026-03-01T19:23:57,91,9,yes,15
14018,1772421837,2026-03-01T19:23:57,92,8,yes,135
14019,1772421838,2026-03-01T19:23:58,92,8,yes,162
14020,1772421839,2026-03-01T19:23:59,92,8,yes,1
14021,1772421841,2026-03-01T19:24:01,90,10,no,82
14022,1772421841,2026-03-01T19:24:01,90,10,no,30
14023,1772421842,2026-03-01T19:24:02,92,8,yes,106
14024,1772421844,2026-03-01T19:24:04,92,8,yes,2
14025,1772421847,2026-03-01T19:24:07,92,8,yes,4
14026,1772421847,2026-03-01T19:24:07,92,8,yes,98
14027,1772421849,2026-03-01T19:24:09,91,9,no,90
14028,1772421849,2026-03-01T19:24:09,91,9,no,2000
14029,1772421850,2026-03-01T19:24:10,91,9,yes,700
14030,1772421851,2026-03-01T19:24:11,91,9,yes,10
14031,1772421853,2026-03-01T19:24:13,91,9,yes,10
14032,1772421853,2026-03-01T19:24:13,91,9,yes,15
14033,1772421854,2026-03-01T19:24:14,91,9,yes,107
14034,1772421855,2026-03-01T19:24:15,91,9,yes,1
14035,1772421856,2026-03-01T19:24:16,90,10,no,99
14036,1772421857,2026-03-01T19:24:17,91,9,yes,1
14037,1772421857,2026-03-01T19:24:17,91,9,yes,4
14038,1772421857,2026-03-01T19:24:17,91,9,yes,1
14039,1772421858,2026-03-01T19:24:18,91,9,yes,5
14040,1772421859,2026-03-01T19:24:19,90,10,no,37
14041,1772421860,2026-03-01T19:24:20,91,9,yes,196
14042,1772421860,2026-03-01T19:24:20,91,9,yes,120
14043,1772421860,2026-03-01T19:24:20,90,10,no,724
14044,1772421860,2026-03-01T19:24:20,90,10,no,100
14045,1772421860,2026-03-01T19:24:20,90,10,no,400
14046,1772421860,2026-03-01T19:24:20,90,10,no,2376
14047,1772421861,2026-03-01T19:24:21,90,10,no,8
14048,1772421862,2026-03-01T19:24:22,91,9,yes,121
14049,1772421862,2026-03-01T19:24:22,91,9,yes,250
14050,1772421865,2026-03-01T19:24:25,90,10,no,78
14051,1772421865,2026-03-01T19:24:25,91,9,yes,186
14052,1772421865,2026-03-01T19:24:25,91,9,yes,10
14053,1772421867,2026-03-01T19:24:27,91,9,yes,942
14054,1772421867,2026-03-01T19:24:27,91,9,yes,993
14055,1772421867,2026-03-01T19:24:27,91,9,yes,220
14056,1772421871,2026-03-01T19:24:31,91,9,yes,14
14057,1772421871,2026-03-01T19:24:31,91,9,yes,400
14058,1772421871,2026-03-01T19:24:31,90,10,no,100
14059,1772421873,2026-03-01T19:24:33,91,9,yes,114
14060,1772421874,2026-03-01T19:24:34,91,9,yes,30
14061,1772421875,2026-03-01T19:24:35,91,9,yes,48
14062,1772421877,2026-03-01T19:24:37,91,9,yes,1
14063,1772421878,2026-03-01T19:24:38,90,10,no,100
14064,1772421878,2026-03-01T19:24:38,91,9,yes,16
14065,1772421878,2026-03-01T19:24:38,91,9,yes,10
14066,1772421878,2026-03-01T19:24:38,91,9,yes,4
14067,1772421880,2026-03-01T19:24:40,90,10,no,122
14068,1772421881,2026-03-01T19:24:41,90,10,no,100
14069,1772421885,2026-03-01T19:24:45,90,10,no,204
14070,1772421886,2026-03-01T19:24:46,91,9,yes,12
14071,1772421889,2026-03-01T19:24:49,91,9,yes,6
14072,1772421890,2026-03-01T19:24:50,90,10,no,18
14073,1772421890,2026-03-01T19:24:50,90,10,no,38
14074,1772421891,2026-03-01T19:24:51,91,9,yes,5
14075,1772421893,2026-03-01T19:24:53,91,9,yes,1
14076,1772421893,2026-03-01T19:24:53,90,10,no,126
14077,1772421894,2026-03-01T19:24:54,91,9,yes,69
14078,1772421894,2026-03-01T19:24:54,91,9,yes,10
14079,1772421895,2026-03-01T19:24:55,90,10,no,150
14080,1772421895,2026-03-01T19:24:55,91,9,yes,3
14081,1772421896,2026-03-01T19:24:56,91,9,yes,27
14082,1772421897,2026-03-01T19:24:57,91,9,yes,518
14083,1772421897,2026-03-01T19:24:57,90,10,no,123
14084,1772421897,2026-03-01T19:24:57,90,10,no,19
14085,1772421899,2026-03-01T19:24:59,91,9,yes,80
14086,1772421900,2026-03-01T19:25:00,90,10,no,879
14087,1772421901,2026-03-01T19:25:01,90,10,no,334
14088,1772421903,2026-03-01T19:25:03,91,9,yes,1
14089,1772421903,2026-03-01T19:25:03,91,9,yes,72
14090,1772421903,2026-03-01T19:25:03,91,9,yes,211
14091,1772421903,2026-03-01T19:25:03,91,9,yes,750
14092,1772421903,2026-03-01T19:25:03,91,9,yes,750
14093,1772421903,2026-03-01T19:25:03,91,9,yes,750
14094,1772421903,2026-03-01T19:25:03,91,9,yes,750
14095,1772421903,2026-03-01T19:25:03,91,9,yes,1197
14096,1772421903,2026-03-01T19:25:03,91,9,yes,17
14097,1772421903,2026-03-01T19:25:03,91,9,yes,54
14098,1772421904,2026-03-01T19:25:04,90,10,no,55
14099,1772421904,2026-03-01T19:25:04,91,9,yes,1
14100,1772421904,2026-03-01T19:25:04,90,10,no,18
14101,1772421906,2026-03-01T19:25:06,92,8,yes,4
14102,1772421906,2026-03-01T19:25:06,90,10,no,300
14103,1772421907,2026-03-01T19:25:07,92,8,yes,9
14104,1772421913,2026-03-01T19:25:13,90,10,no,5040
14105,1772421916,2026-03-01T19:25:16,91,9,yes,127
14106,1772421916,2026-03-01T19:25:16,90,10,no,221
14107,1772421917,2026-03-01T19:25:17,91,9,yes,273
14108,1772421917,2026-03-01T19:25:17,91,9,yes,21
14109,1772421918,2026-03-01T19:25:18,91,9,yes,400
14110,1772421920,2026-03-01T19:25:20,91,9,yes,1092
14111,1772421921,2026-03-01T19:25:21,91,9,yes,547
14112,1772421922,2026-03-01T19:25:22,91,9,yes,88
14113,1772421924,2026-03-01T19:25:24,91,9,yes,121
14114,1772421925,2026-03-01T19:25:25,90,10,no,45000
14115,1772421926,2026-03-01T19:25:26,91,9,yes,500
14116,1772421929,2026-03-01T19:25:29,90,10,no,94
14117,1772421930,2026-03-01T19:25:30,91,9,yes,14
14118,1772421930,2026-03-01T19:25:30,91,9,yes,2
14119,1772421932,2026-03-01T19:25:32,91,9,yes,215
14120,1772421933,2026-03-01T19:25:33,91,9,yes,54
14121,1772421934,2026-03-01T19:25:34,91,9,yes,54
14122,1772421937,2026-03-01T19:25:37,90,10,no,34
14123,1772421938,2026-03-01T19:25:38,91,9,yes,5
14124,1772421942,2026-03-01T19:25:42,90,10,no,31
14125,1772421943,2026-03-01T19:25:43,91,9,yes,1
14126,1772421944,2026-03-01T19:25:44,91,9,yes,75
14127,1772421945,2026-03-01T19:25:45,91,9,yes,1075
14128,1772421946,2026-03-01T19:25:46,90,10,no,557
14129,1772421946,2026-03-01T19:25:46,91,9,yes,537
14130,1772421946,2026-03-01T19:25:46,91,9,yes,1
14131,1772421947,2026-03-01T19:25:47,91,9,yes,5
14132,1772421948,2026-03-01T19:25:48,91,9,yes,6
14133,1772421949,2026-03-01T19:25:49,91,9,yes,278
14134,1772421949,2026-03-01T19:25:49,91,9,yes,10
14135,1772421952,2026-03-01T19:25:52,90,10,no,1
14136,1772421954,2026-03-01T19:25:54,91,9,yes,7
14137,1772421954,2026-03-01T19:25:54,91,9,yes,211
14138,1772421954,2026-03-01T19:25:54,91,9,yes,525
14139,1772421958,2026-03-01T19:25:58,91,9,yes,2
14140,1772421960,2026-03-01T19:26:00,91,9,yes,86
14141,1772421962,2026-03-01T19:26:02,90,10,no,49
14142,1772421962,2026-03-01T19:26:02,90,10,no,150
14143,1772421962,2026-03-01T19:26:02,90,10,no,11
14144,1772421964,2026-03-01T19:26:04,91,9,yes,5
14145,1772421966,2026-03-01T19:26:06,90,10,no,137
14146,1772421966,2026-03-01T19:26:06,91,9,yes,1
14147,1772421967,2026-03-01T19:26:07,91,9,yes,1
14148,1772421969,2026-03-01T19:26:09,91,9,yes,4062
14149,1772421970,2026-03-01T19:26:10,90,10,no,31
14150,1772421970,2026-03-01T19:26:10,91,9,yes,38
14151,1772421970,2026-03-01T19:26:10,90,10,no,50
14152,1772421971,2026-03-01T19:26:11,91,9,yes,546
14153,1772421971,2026-03-01T19:26:11,91,9,yes,200
14154,1772421973,2026-03-01T19:26:13,91,9,yes,13
14155,1772421973,2026-03-01T19:26:13,91,9,yes,2
14156,1772421973,2026-03-01T19:26:13,91,9,yes,914
14157,1772421975,2026-03-01T19:26:15,91,9,yes,100
14158,1772421975,2026-03-01T19:26:15,91,9,yes,1
14159,1772421975,2026-03-01T19:26:15,91,9,yes,164
14160,1772421977,2026-03-01T19:26:17,91,9,yes,1
14161,1772421977,2026-03-01T19:26:17,91,9,yes,2
14162,1772421978,2026-03-01T19:26:18,91,9,yes,7
14163,1772421983,2026-03-01T19:26:23,91,9,yes,200
14164,1772421983,2026-03-01T19:26:23,91,9,yes,115
14165,1772421984,2026-03-01T19:26:24,91,9,yes,90
14166,1772421986,2026-03-01T19:26:26,90,10,no,47
14167,1772421987,2026-03-01T19:26:27,91,9,yes,537
14168,1772421988,2026-03-01T19:26:28,91,9,yes,109
14169,1772421989,2026-03-01T19:26:29,91,9,yes,262
14170,1772421990,2026-03-01T19:26:30,91,9,yes,109
14171,1772421990,2026-03-01T19:26:30,91,9,yes,3
14172,1772421990,2026-03-01T19:26:30,91,9,yes,70
14173,1772421991,2026-03-01T19:26:31,90,10,no,695
14174,1772421991,2026-03-01T19:26:31,91,9,yes,100
14175,1772421992,2026-03-01T19:26:32,91,9,yes,4
14176,1772421992,2026-03-01T19:26:32,91,9,yes,7
14177,1772421992,2026-03-01T19:26:32,91,9,yes,120
14178,1772421993,2026-03-01T19:26:33,91,9,yes,70
14179,1772421993,2026-03-01T19:26:33,91,9,yes,11
14180,1772421993,2026-03-01T19:26:33,91,9,yes,100
14181,1772421993,2026-03-01T19:26:33,91,9,yes,19
14182,1772421994,2026-03-01T19:26:34,91,9,yes,5
14183,1772421994,2026-03-01T19:26:34,91,9,yes,65
14184,1772421995,2026-03-01T19:26:35,91,9,yes,1
14185,1772421997,2026-03-01T19:26:37,91,9,yes,218
14186,1772421998,2026-03-01T19:26:38,91,9,yes,16
14187,1772422000,2026-03-01T19:26:40,91,9,yes,8
14188,1772422000,2026-03-01T19:26:40,91,9,yes,10
14189,1772422001,2026-03-01T19:26:41,90,10,no,54
14190,1772422002,2026-03-01T19:26:42,91,9,yes,7
14191,1772422003,2026-03-01T19:26:43,90,10,no,393
14192,1772422005,2026-03-01T19:26:45,91,9,yes,1
14193,1772422006,2026-03-01T19:26:46,91,9,yes,188
14194,1772422006,2026-03-01T19:26:46,90,10,no,326
14195,1772422008,2026-03-01T19:26:48,90,10,no,108
14196,1772422009,2026-03-01T19:26:49,90,10,no,258
14197,1772422010,2026-03-01T19:26:50,91,9,yes,161
14198,1772422012,2026-03-01T19:26:52,91,9,yes,109
14199,1772422013,2026-03-01T19:26:53,91,9,yes,6
14200,1772422014,2026-03-01T19:26:54,90,10,no,120
14201,1772422015,2026-03-01T19:26:55,91,9,yes,86
14202,1772422015,2026-03-01T19:26:55,91,9,yes,23
14203,1772422016,2026-03-01T19:26:56,91,9,yes,5
14204,1772422017,2026-03-01T19:26:57,90,10,no,865
14205,1772422017,2026-03-01T19:26:57,90,10,no,2000
14206,1772422018,2026-03-01T19:26:58,90,10,yes,85
14207,1772422018,2026-03-01T19:26:58,90,10,no,4
14208,1772422028,2026-03-01T19:27:08,90,10,no,7
14209,1772422029,2026-03-01T19:27:09,90,10,no,128
14210,1772422029,2026-03-01T19:27:09,90,10,no,611
14211,1772422029,2026-03-01T19:27:09,92,8,yes,1
14212,1772422030,2026-03-01T19:27:10,92,8,yes,1
14213,1772422031,2026-03-01T19:27:11,90,10,no,23
14214,1772422036,2026-03-01T19:27:16,89,11,no,3
14215,1772422036,2026-03-01T19:27:16,89,11,no,10
14216,1772422036,2026-03-01T19:27:16,89,11,no,148
14217,1772422038,2026-03-01T19:27:18,89,11,no,40
14218,1772422039,2026-03-01T19:27:19,91,9,yes,3
14219,1772422039,2026-03-01T19:27:19,91,9,yes,21
14220,1772422040,2026-03-01T19:27:20,91,9,yes,54
14221,1772422042,2026-03-01T19:27:22,90,10,no,5
14222,1772422042,2026-03-01T19:27:22,90,10,no,53
14223,1772422044,2026-03-01T19:27:24,91,9,yes,109
14224,1772422044,2026-03-01T19:27:24,91,9,yes,10
14225,1772422045,2026-03-01T19:27:25,91,9,yes,1
14226,1772422049,2026-03-01T19:27:29,91,9,yes,2975
14227,1772422049,2026-03-01T19:27:29,91,9,yes,3095
14228,1772422049,2026-03-01T19:27:29,91,9,yes,1730
14229,1772422049,2026-03-01T19:27:29,91,9,yes,2
14230,1772422049,2026-03-01T19:27:29,91,9,yes,5
14231,1772422052,2026-03-01T19:27:32,89,11,no,10
14232,1772422052,2026-03-01T19:27:32,89,11,no,7
14233,1772422052,2026-03-01T19:27:32,91,9,yes,234
14234,1772422053,2026-03-01T19:27:33,89,11,no,1
14235,1772422054,2026-03-01T19:27:34,89,11,no,54
14236,1772422055,2026-03-01T19:27:35,91,9,yes,950
14237,1772422055,2026-03-01T19:27:35,91,9,yes,141
14238,1772422056,2026-03-01T19:27:36,91,9,yes,150
14239,1772422059,2026-03-01T19:27:39,89,11,no,4
14240,1772422060,2026-03-01T19:27:40,90,10,yes,56
14241,1772422060,2026-03-01T19:27:40,89,11,no,1284
14242,1772422064,2026-03-01T19:27:44,90,10,yes,59
14243,1772422066,2026-03-01T19:27:46,90,10,yes,369
14244,1772422066,2026-03-01T19:27:46,89,11,no,255
14245,1772422067,2026-03-01T19:27:47,90,10,yes,12
14246,1772422069,2026-03-01T19:27:49,89,11,no,10
14247,1772422070,2026-03-01T19:27:50,90,10,yes,4
14248,1772422073,2026-03-01T19:27:53,89,11,no,116
14249,1772422073,2026-03-01T19:27:53,89,11,no,551
14250,1772422073,2026-03-01T19:27:53,90,10,yes,165
14251,1772422074,2026-03-01T19:27:54,89,11,no,375
14252,1772422074,2026-03-01T19:27:54,90,10,yes,55
14253,1772422076,2026-03-01T19:27:56,90,10,yes,380
14254,1772422076,2026-03-01T19:27:56,90,10,yes,5
14255,1772422079,2026-03-01T19:27:59,89,11,no,105
14256,1772422080,2026-03-01T19:28:00,90,10,yes,1
14257,1772422080,2026-03-01T19:28:00,90,10,yes,62
14258,1772422081,2026-03-01T19:28:01,90,10,yes,55
14259,1772422082,2026-03-01T19:28:02,89,11,no,125
14260,1772422083,2026-03-01T19:28:03,90,10,yes,551
14261,1772422085,2026-03-01T19:28:05,90,10,yes,50
14262,1772422087,2026-03-01T19:28:07,90,10,yes,108
14263,1772422087,2026-03-01T19:28:07,90,10,yes,3
14264,1772422089,2026-03-01T19:28:09,89,11,no,1
14265,1772422089,2026-03-01T19:28:09,89,11,no,24
14266,1772422090,2026-03-01T19:28:10,90,10,yes,2708
14267,1772422090,2026-03-01T19:28:10,90,10,no,136
14268,1772422091,2026-03-01T19:28:11,88,12,no,3
14269,1772422091,2026-03-01T19:28:11,88,12,no,3
14270,1772422091,2026-03-01T19:28:11,88,12,no,3
14271,1772422092,2026-03-01T19:28:12,90,10,yes,4
14272,1772422094,2026-03-01T19:28:14,90,10,yes,36
14273,1772422094,2026-03-01T19:28:14,90,10,yes,772
14274,1772422094,2026-03-01T19:28:14,90,10,yes,4568
14275,1772422094,2026-03-01T19:28:14,91,9,yes,1
14276,1772422096,2026-03-01T19:28:16,90,10,yes,210
14277,1772422097,2026-03-01T19:28:17,90,10,yes,268
14278,1772422098,2026-03-01T19:28:18,90,10,yes,143
14279,1772422101,2026-03-01T19:28:21,91,9,yes,9
14280,1772422101,2026-03-01T19:28:21,91,9,yes,18
14281,1772422103,2026-03-01T19:28:23,91,9,yes,2
14282,1772422103,2026-03-01T19:28:23,91,9,yes,8
14283,1772422104,2026-03-01T19:28:24,89,11,no,2400
14284,1772422105,2026-03-01T19:28:25,90,10,yes,8
14285,1772422106,2026-03-01T19:28:26,91,9,yes,1095
14286,1772422106,2026-03-01T19:28:26,91,9,yes,750
14287,1772422106,2026-03-01T19:28:26,91,9,yes,7500
14288,1772422106,2026-03-01T19:28:26,90,10,no,17
14289,1772422107,2026-03-01T19:28:27,92,8,yes,1092
14290,1772422107,2026-03-01T19:28:27,92,8,yes,100
14291,1772422107,2026-03-01T19:28:27,92,8,yes,750
14292,1772422107,2026-03-01T19:28:27,92,8,yes,6
14293,1772422107,2026-03-01T19:28:27,93,7,no,5
14294,1772422107,2026-03-01T19:28:27,94,6,yes,5
14295,1772422108,2026-03-01T19:28:28,94,6,yes,45
14296,1772422109,2026-03-01T19:28:29,94,6,yes,1
14297,1772422109,2026-03-01T19:28:29,95,5,yes,9
14298,1772422109,2026-03-01T19:28:29,94,6,no,1397
14299,1772422110,2026-03-01T19:28:30,92,8,no,24
14300,1772422110,2026-03-01T19:28:30,94,6,yes,52
14301,1772422111,2026-03-01T19:28:31,92,8,no,97
14302,1772422112,2026-03-01T19:28:32,94,6,yes,739
14303,1772422112,2026-03-01T19:28:32,94,6,yes,826
14304,1772422113,2026-03-01T19:28:33,92,8,no,19
14305,1772422113,2026-03-01T19:28:33,94,6,yes,1
14306,1772422115,2026-03-01T19:28:35,94,6,yes,5
14307,1772422117,2026-03-01T19:28:37,94,6,yes,2
14308,1772422120,2026-03-01T19:28:40,94,6,yes,21
14309,1772422120,2026-03-01T19:28:40,94,6,yes,4
14310,1772422120,2026-03-01T19:28:40,94,6,yes,7500
14311,1772422121,2026-03-01T19:28:41,95,5,yes,51
14312,1772422121,2026-03-01T19:28:41,95,5,yes,1
14313,1772422121,2026-03-01T19:28:41,95,5,yes,150
14314,1772422121,2026-03-01T19:28:41,96,4,yes,1000
14315,1772422122,2026-03-01T19:28:42,96,4,no,10
14316,1772422124,2026-03-01T19:28:44,97,3,yes,25
14317,1772422124,2026-03-01T19:28:44,97,3,yes,5
14318,1772422124,2026-03-01T19:28:44,97,3,yes,155
14319,1772422126,2026-03-01T19:28:46,96,4,no,45
14320,1772422127,2026-03-01T19:28:47,96,4,no,69
14321,1772422127,2026-03-01T19:28:47,97,3,yes,2
14322,1772422127,2026-03-01T19:28:47,96,4,no,122
14323,1772422127,2026-03-01T19:28:47,97,3,yes,1
14324,1772422128,2026-03-01T19:28:48,96,4,no,1
14325,1772422129,2026-03-01T19:28:49,96,4,no,242
14326,1772422129,2026-03-01T19:28:49,97,3,yes,5555
14327,1772422129,2026-03-01T19:28:49,97,3,yes,8
14328,1772422129,2026-03-01T19:28:49,97,3,yes,2
14329,1772422130,2026-03-01T19:28:50,96,4,no,22
14330,1772422130,2026-03-01T19:28:50,96,4,no,43
14331,1772422131,2026-03-01T19:28:51,96,4,no,547
14332,1772422132,2026-03-01T19:28:52,96,4,no,529
14333,1772422132,2026-03-01T19:28:52,96,4,no,447
14334,1772422132,2026-03-01T19:28:52,96,4,no,558
14335,1772422132,2026-03-01T19:28:52,96,4,no,10
14336,1772422134,2026-03-01T19:28:54,96,4,no,191
14337,1772422134,2026-03-01T19:28:54,97,3,yes,4
14338,1772422134,2026-03-01T19:28:54,96,4,no,196
14339,1772422134,2026-03-01T19:28:54,97,3,yes,16
14340,1772422136,2026-03-01T19:28:56,97,3,yes,5
14341,1772422136,2026-03-01T19:28:56,96,4,no,48
14342,1772422137,2026-03-01T19:28:57,96,4,no,1425
14343,1772422137,2026-03-01T19:28:57,97,3,yes,116
14344,1772422138,2026-03-01T19:28:58,96,4,no,204
14345,1772422138,2026-03-01T19:28:58,96,4,no,1
14346,1772422138,2026-03-01T19:28:58,97,3,yes,102
14347,1772422139,2026-03-01T19:28:59,96,4,no,230
14348,1772422139,2026-03-01T19:28:59,96,4,no,25
14349,1772422141,2026-03-01T19:29:01,96,4,no,9
14350,1772422141,2026-03-01T19:29:01,96,4,no,106
14351,1772422141,2026-03-01T19:29:01,97,3,yes,10
14352,1772422142,2026-03-01T19:29:02,97,3,yes,650
14353,1772422142,2026-03-01T19:29:02,96,4,no,1330
14354,1772422142,2026-03-01T19:29:02,96,4,no,374
14355,1772422143,2026-03-01T19:29:03,96,4,no,1
14356,1772422144,2026-03-01T19:29:04,96,4,no,214
14357,1772422145,2026-03-01T19:29:05,97,3,yes,4
14358,1772422145,2026-03-01T19:29:05,97,3,yes,5143
14359,1772422146,2026-03-01T19:29:06,97,3,yes,5
14360,1772422147,2026-03-01T19:29:07,97,3,yes,60
14361,1772422148,2026-03-01T19:29:08,97,3,yes,8
14362,1772422149,2026-03-01T19:29:09,97,3,yes,1
14363,1772422149,2026-03-01T19:29:09,96,4,no,15
14364,1772422149,2026-03-01T19:29:09,97,3,yes,257
14365,1772422149,2026-03-01T19:29:09,96,4,no,9
14366,1772422150,2026-03-01T19:29:10,97,3,yes,257
14367,1772422150,2026-03-01T19:29:10,97,3,yes,327
14368,1772422150,2026-03-01T19:29:10,97,3,yes,54
14369,1772422151,2026-03-01T19:29:11,97,3,yes,514
14370,1772422152,2026-03-01T19:29:12,97,3,yes,2000
14371,1772422153,2026-03-01T19:29:13,96,4,no,30
14372,1772422153,2026-03-01T19:29:13,97,3,yes,316
14373,1772422153,2026-03-01T19:29:13,96,4,no,14
14374,1772422153,2026-03-01T19:29:13,97,3,yes,93
14375,1772422153,2026-03-01T19:29:13,97,3,yes,25
14376,1772422154,2026-03-01T19:29:14,97,3,yes,14310
14377,1772422154,2026-03-01T19:29:14,97,3,yes,175
14378,1772422154,2026-03-01T19:29:14,97,3,yes,131
14379,1772422154,2026-03-01T19:29:14,97,3,yes,806
14380,1772422154,2026-03-01T19:29:14,97,3,yes,20
14381,1772422154,2026-03-01T19:29:14,97,3,yes,750
14382,1772422154,2026-03-01T19:29:14,97,3,yes,750
14383,1772422154,2026-03-01T19:29:14,97,3,yes,500
14384,1772422154,2026-03-01T19:29:14,97,3,yes,1677
14385,1772422154,2026-03-01T19:29:14,97,3,yes,2431
14386,1772422154,2026-03-01T19:29:14,96,4,no,178
14387,1772422154,2026-03-01T19:29:14,97,3,yes,646
14388,1772422154,2026-03-01T19:29:14,96,4,no,3777
14389,1772422154,2026-03-01T19:29:14,96,4,no,2462
14390,1772422154,2026-03-01T19:29:14,97,3,yes,1
14391,1772422155,2026-03-01T19:29:15,97,3,yes,10
14392,1772422156,2026-03-01T19:29:16,96,4,no,13
14393,1772422156,2026-03-01T19:29:16,96,4,no,16
14394,1772422156,2026-03-01T19:29:16,97,3,yes,737
14395,1772422157,2026-03-01T19:29:17,96,4,no,7
14396,1772422158,2026-03-01T19:29:18,96,4,no,207
14397,1772422159,2026-03-01T19:29:19,97,3,yes,10
14398,1772422159,2026-03-01T19:29:19,97,3,yes,689
14399,1772422159,2026-03-01T19:29:19,97,3,yes,3
14400,1772422160,2026-03-01T19:29:20,96,4,no,82
14401,1772422160,2026-03-01T19:29:20,97,3,yes,202
14402,1772422161,2026-03-01T19:29:21,96,4,no,50
14403,1772422163,2026-03-01T19:29:23,97,3,yes,4115
14404,1772422163,2026-03-01T19:29:23,96,4,no,201
14405,1772422164,2026-03-01T19:29:24,97,3,yes,12
14406,1772422164,2026-03-01T19:29:24,97,3,yes,1043
14407,1772422164,2026-03-01T19:29:24,97,3,yes,99
14408,1772422164,2026-03-01T19:29:24,96,4,no,5000
14409,1772422164,2026-03-01T19:29:24,97,3,yes,579
14410,1772422164,2026-03-01T19:29:24,97,3,yes,1478
14411,1772422164,2026-03-01T19:29:24,96,4,no,1963
14412,1772422164,2026-03-01T19:29:24,96,4,no,2000
14413,1772422165,2026-03-01T19:29:25,96,4,yes,2
14414,1772422166,2026-03-01T19:29:26,96,4,yes,1
14415,1772422166,2026-03-01T19:29:26,96,4,yes,24
14416,1772422167,2026-03-01T19:29:27,96,4,yes,79
14417,1772422167,2026-03-01T19:29:27,96,4,yes,5
14418,1772422168,2026-03-01T19:29:28,96,4,yes,24
14419,1772422168,2026-03-01T19:29:28,95,5,no,94
14420,1772422169,2026-03-01T19:29:29,96,4,yes,120
14421,1772422171,2026-03-01T19:29:31,95,5,no,6
14422,1772422172,2026-03-01T19:29:32,96,4,yes,5612
14423,1772422172,2026-03-01T19:29:32,96,4,yes,204
14424,1772422173,2026-03-01T19:29:33,95,5,no,400
14425,1772422173,2026-03-01T19:29:33,95,5,no,100
14426,1772422173,2026-03-01T19:29:33,96,4,yes,44
14427,1772422173,2026-03-01T19:29:33,95,5,yes,1
14428,1772422174,2026-03-01T19:29:34,95,5,yes,52
14429,1772422174,2026-03-01T19:29:34,95,5,yes,1
14430,1772422174,2026-03-01T19:29:34,95,5,yes,4
14431,1772422174,2026-03-01T19:29:34,95,5,yes,17
14432,1772422175,2026-03-01T19:29:35,95,5,yes,314
14433,1772422175,2026-03-01T19:29:35,95,5,yes,9
14434,1772422176,2026-03-01T19:29:36,95,5,yes,300
14435,1772422176,2026-03-01T19:29:36,95,5,yes,38
14436,1772422176,2026-03-01T19:29:36,95,5,yes,25
14437,1772422176,2026-03-01T19:29:36,95,5,yes,1
14438,1772422176,2026-03-01T19:29:36,95,5,yes,105
14439,1772422176,2026-03-01T19:29:36,95,5,yes,52
14440,1772422176,2026-03-01T19:29:36,95,5,yes,84
14441,1772422177,2026-03-01T19:29:37,95,5,yes,3757
14442,1772422177,2026-03-01T19:29:37,96,4,yes,5
14443,1772422178,2026-03-01T19:29:38,96,4,yes,415
14444,1772422179,2026-03-01T19:29:39,96,4,yes,259
14445,1772422180,2026-03-01T19:29:40,95,5,yes,1
14446,1772422180,2026-03-01T19:29:40,95,5,yes,1
14447,1772422180,2026-03-01T19:29:40,95,5,yes,10
14448,1772422181,2026-03-01T19:29:41,94,6,no,1
14449,1772422181,2026-03-01T19:29:41,96,4,yes,510
14450,1772422182,2026-03-01T19:29:42,96,4,yes,1
14451,1772422183,2026-03-01T19:29:43,94,6,no,1862
14452,1772422184,2026-03-01T19:29:44,96,4,yes,4
14453,1772422184,2026-03-01T19:29:44,96,4,yes,15
14454,1772422184,2026-03-01T19:29:44,96,4,yes,3012
14455,1772422186,2026-03-01T19:29:46,96,4,yes,103
14456,1772422186,2026-03-01T19:29:46,96,4,yes,600
14457,1772422186,2026-03-01T19:29:46,94,6,no,2
14458,1772422187,2026-03-01T19:29:47,96,4,yes,27
14459,1772422187,2026-03-01T19:29:47,96,4,yes,816
14460,1772422187,2026-03-01T19:29:47,94,6,no,14
14461,1772422188,2026-03-01T19:29:48,96,4,yes,29
14462,1772422189,2026-03-01T19:29:49,96,4,yes,22
14463,1772422190,2026-03-01T19:29:50,96,4,yes,1811
14464,1772422190,2026-03-01T19:29:50,96,4,yes,13
14465,1772422191,2026-03-01T19:29:51,96,4,yes,5
14466,1772422191,2026-03-01T19:29:51,96,4,yes,250
14467,1772422191,2026-03-01T19:29:51,96,4,yes,1142
14468,1772422194,2026-03-01T19:29:54,95,5,no,1
14469,1772422195,2026-03-01T19:29:55,94,6,no,69
14470,1772422195,2026-03-01T19:29:55,96,4,yes,20
14471,1772422196,2026-03-01T19:29:56,96,4,yes,1
14472,1772422197,2026-03-01T19:29:57,96,4,yes,1
14473,1772422197,2026-03-01T19:29:57,96,4,yes,2974
14474,1772422197,2026-03-01T19:29:57,96,4,yes,1026
14475,1772422198,2026-03-01T19:29:58,96,4,yes,10
14476,1772422198,2026-03-01T19:29:58,96,4,yes,1
14477,1772422198,2026-03-01T19:29:58,96,4,yes,500
14478,1772422198,2026-03-01T19:29:58,97,3,yes,3
14479,1772422198,2026-03-01T19:29:58,97,3,yes,747
14480,1772422198,2026-03-01T19:29:58,97,3,no,808
14481,1772422200,2026-03-01T19:30:00,97,3,yes,1
14482,1772422201,2026-03-01T19:30:01,96,4,no,5
14483,1772422201,2026-03-01T19:30:01,96,4,no,28
14484,1772422201,2026-03-01T19:30:01,97,3,yes,514
14485,1772422201,2026-03-01T19:30:01,96,4,no,6
14486,1772422202,2026-03-01T19:30:02,96,4,no,72
14487,1772422203,2026-03-01T19:30:03,96,4,no,2161
14488,1772422203,2026-03-01T19:30:03,96,4,no,258
14489,1772422203,2026-03-01T19:30:03,96,4,no,500
14490,1772422203,2026-03-01T19:30:03,96,4,no,3
14491,1772422203,2026-03-01T19:30:03,96,4,no,108
14492,1772422204,2026-03-01T19:30:04,96,4,no,565
14493,1772422205,2026-03-01T19:30:05,97,3,yes,896
14494,1772422205,2026-03-01T19:30:05,97,3,yes,7
14495,1772422206,2026-03-01T19:30:06,97,3,yes,1000
14496,1772422206,2026-03-01T19:30:06,97,3,yes,1
14497,1772422206,2026-03-01T19:30:06,97,3,yes,514
14498,1772422206,2026-03-01T19:30:06,98,2,yes,10
14499,1772422207,2026-03-01T19:30:07,96,4,no,9
14500,1772422208,2026-03-01T19:30:08,98,2,yes,75
14501,1772422208,2026-03-01T19:30:08,98,2,yes,30
14502,1772422208,2026-03-01T19:30:08,98,2,yes,120
14503,1772422208,2026-03-01T19:30:08,98,2,yes,590
14504,1772422208,2026-03-01T19:30:08,96,4,no,123
14505,1772422209,2026-03-01T19:30:09,97,3,yes,10
14506,1772422209,2026-03-01T19:30:09,97,3,yes,5
14507,1772422210,2026-03-01T19:30:10,96,4,no,505
14508,1772422212,2026-03-01T19:30:12,96,4,no,419
14509,1772422215,2026-03-01T19:30:15,97,3,yes,1
14510,1772422217,2026-03-01T19:30:17,97,3,yes,515
14511,1772422218,2026-03-01T19:30:18,97,3,yes,1
14512,1772422218,2026-03-01T19:30:18,97,3,yes,208
14513,1772422219,2026-03-01T19:30:19,96,4,no,42
14514,1772422220,2026-03-01T19:30:20,96,4,no,32
14515,1772422220,2026-03-01T19:30:20,97,3,yes,1000
14516,1772422222,2026-03-01T19:30:22,97,3,yes,786
14517,1772422224,2026-03-01T19:30:24,97,3,yes,515
14518,1772422224,2026-03-01T19:30:24,97,3,yes,508
14519,1772422224,2026-03-01T19:30:24,97,3,yes,551
14520,1772422224,2026-03-01T19:30:24,97,3,yes,449
14521,1772422225,2026-03-01T19:30:25,97,3,yes,164
14522,1772422228,2026-03-01T19:30:28,96,4,no,21
14523,1772422228,2026-03-01T19:30:28,96,4,no,213
14524,1772422228,2026-03-01T19:30:28,97,3,yes,977
14525,1772422230,2026-03-01T19:30:30,97,3,yes,4
14526,1772422231,2026-03-01T19:30:31,97,3,yes,2
14527,1772422232,2026-03-01T19:30:32,97,3,yes,1
14528,1772422233,2026-03-01T19:30:33,97,3,yes,1444
14529,1772422233,2026-03-01T19:30:33,97,3,yes,10
14530,1772422233,2026-03-01T19:30:33,97,3,yes,3047
14531,1772422233,2026-03-01T19:30:33,97,3,yes,3047
14532,1772422233,2026-03-01T19:30:33,97,3,yes,750
14533,1772422233,2026-03-01T19:30:33,97,3,yes,750
14534,1772422233,2026-03-01T19:30:33,97,3,yes,750
14535,1772422234,2026-03-01T19:30:34,97,3,no,100
14536,1772422236,2026-03-01T19:30:36,96,4,no,287
14537,1772422236,2026-03-01T19:30:36,96,4,no,601
14538,1772422236,2026-03-01T19:30:36,98,2,yes,30
14539,1772422238,2026-03-01T19:30:38,96,4,no,500
14540,1772422238,2026-03-01T19:30:38,98,2,yes,5
14541,1772422242,2026-03-01T19:30:42,96,4,no,23
14542,1772422244,2026-03-01T19:30:44,96,4,no,100
14543,1772422245,2026-03-01T19:30:45,96,4,no,1
14544,1772422246,2026-03-01T19:30:46,96,4,no,144
14545,1772422246,2026-03-01T19:30:46,96,4,no,3752
14546,1772422249,2026-03-01T19:30:49,96,4,no,63
14547,1772422249,2026-03-01T19:30:49,96,4,no,20
14548,1772422249,2026-03-01T19:30:49,97,3,yes,21
14549,1772422249,2026-03-01T19:30:49,97,3,yes,55
14550,1772422250,2026-03-01T19:30:50,98,2,yes,9
14551,1772422250,2026-03-01T19:30:50,98,2,yes,25
14552,1772422254,2026-03-01T19:30:54,98,2,yes,70
14553,1772422254,2026-03-01T19:30:54,97,3,no,5
14554,1772422254,2026-03-01T19:30:54,97,3,no,627
14555,1772422255,2026-03-01T19:30:55,97,3,no,415
14556,1772422256,2026-03-01T19:30:56,96,4,no,55
14557,1772422256,2026-03-01T19:30:56,96,4,no,12
14558,1772422256,2026-03-01T19:30:56,96,4,no,135
14559,1772422260,2026-03-01T19:31:00,97,3,no,172
14560,1772422260,2026-03-01T19:31:00,97,3,no,102
14561,1772422260,2026-03-01T19:31:00,97,3,no,126
14562,1772422261,2026-03-01T19:31:01,98,2,yes,5
14563,1772422262,2026-03-01T19:31:02,97,3,no,24
14564,1772422263,2026-03-01T19:31:03,97,3,no,31
14565,1772422263,2026-03-01T19:31:03,97,3,no,142
14566,1772422263,2026-03-01T19:31:03,97,3,no,110
14567,1772422263,2026-03-01T19:31:03,98,2,yes,16
14568,1772422263,2026-03-01T19:31:03,98,2,yes,238
14569,1772422263,2026-03-01T19:31:03,97,3,no,110
14570,1772422264,2026-03-01T19:31:04,97,3,no,156
14571,1772422267,2026-03-01T19:31:07,97,3,no,128
14572,1772422267,2026-03-01T19:31:07,97,3,no,86
14573,1772422270,2026-03-01T19:31:10,98,2,yes,20
14574,1772422271,2026-03-01T19:31:11,97,3,no,31
14575,1772422272,2026-03-01T19:31:12,97,3,no,4
14576,1772422273,2026-03-01T19:31:13,97,3,no,1200
14577,1772422273,2026-03-01T19:31:13,97,3,no,163
14578,1772422274,2026-03-01T19:31:14,97,3,no,90
14579,1772422274,2026-03-01T19:31:14,97,3,no,363
14580,1772422274,2026-03-01T19:31:14,97,3,no,697
14581,1772422274,2026-03-01T19:31:14,97,3,no,1303
14582,1772422274,2026-03-01T19:31:14,97,3,no,572
14583,1772422274,2026-03-01T19:31:14,98,2,yes,492
14584,1772422274,2026-03-01T19:31:14,98,2,yes,15
14585,1772422274,2026-03-01T19:31:14,98,2,yes,100
14586,1772422274,2026-03-01T19:31:14,98,2,yes,25
14587,1772422274,2026-03-01T19:31:14,98,2,yes,750
14588,1772422274,2026-03-01T19:31:14,98,2,yes,750
14589,1772422274,2026-03-01T19:31:14,98,2,yes,750
14590,1772422274,2026-03-01T19:31:14,98,2,yes,1118
14591,1772422276,2026-03-01T19:31:16,97,3,no,70
14592,1772422276,2026-03-01T19:31:16,98,2,yes,509
14593,1772422276,2026-03-01T19:31:16,97,3,no,24
14594,1772422276,2026-03-01T19:31:16,98,2,yes,373
14595,1772422276,2026-03-01T19:31:16,98,2,yes,200
14596,1772422276,2026-03-01T19:31:16,98,2,yes,1260
14597,1772422277,2026-03-01T19:31:17,97,3,no,12
14598,1772422277,2026-03-01T19:31:17,98,2,yes,415
14599,1772422277,2026-03-01T19:31:17,98,2,yes,8
14600,1772422278,2026-03-01T19:31:18,97,3,no,2
14601,1772422283,2026-03-01T19:31:23,98,2,yes,317
14602,1772422283,2026-03-01T19:31:23,98,2,yes,500
14603,1772422283,2026-03-01T19:31:23,98,2,yes,349
14604,1772422283,2026-03-01T19:31:23,97,3,no,63
14605,1772422283,2026-03-01T19:31:23,98,2,yes,2692
14606,1772422283,2026-03-01T19:31:23,98,2,yes,3041
14607,1772422283,2026-03-01T19:31:23,98,2,yes,3041
14608,1772422283,2026-03-01T19:31:23,98,2,yes,2434
14609,1772422284,2026-03-01T19:31:24,98,2,yes,73
14610,1772422284,2026-03-01T19:31:24,97,3,no,364
14611,1772422284,2026-03-01T19:31:24,97,3,no,174
14612,1772422285,2026-03-01T19:31:25,98,2,yes,77
14613,1772422285,2026-03-01T19:31:25,98,2,yes,126
14614,1772422287,2026-03-01T19:31:27,98,2,yes,4
14615,1772422287,2026-03-01T19:31:27,98,2,yes,2
14616,1772422287,2026-03-01T19:31:27,98,2,yes,3462
14617,1772422287,2026-03-01T19:31:27,97,3,no,46
14618,1772422288,2026-03-01T19:31:28,97,3,no,8
14619,1772422288,2026-03-01T19:31:28,98,2,yes,4
14620,1772422289,2026-03-01T19:31:29,98,2,yes,101
14621,1772422289,2026-03-01T19:31:29,97,3,no,602
14622,1772422290,2026-03-01T19:31:30,97,3,no,17
14623,1772422290,2026-03-01T19:31:30,98,2,yes,560
14624,1772422291,2026-03-01T19:31:31,99,1,yes,618
14625,1772422292,2026-03-01T19:31:32,98,2,no,5
14626,1772422292,2026-03-01T19:31:32,98,2,no,15
14627,1772422293,2026-03-01T19:31:33,99,1,yes,933
14628,1772422293,2026-03-01T19:31:33,98,2,no,84
14629,1772422293,2026-03-01T19:31:33,98,2,no,202
14630,1772422293,2026-03-01T19:31:33,98,2,no,55
14631,1772422294,2026-03-01T19:31:34,98,2,no,1
14632,1772422295,2026-03-01T19:31:35,98,2,no,62
14633,1772422296,2026-03-01T19:31:36,98,2,no,351
14634,1772422296,2026-03-01T19:31:36,99,1,yes,80
14635,1772422297,2026-03-01T19:31:37,99,1,yes,10
14636,1772422298,2026-03-01T19:31:38,98,2,no,227
14637,1772422299,2026-03-01T19:31:39,98,2,no,2
14638,1772422299,2026-03-01T19:31:39,98,2,no,843
14639,1772422299,2026-03-01T19:31:39,98,2,no,278
14640,1772422302,2026-03-01T19:31:42,98,2,no,20
14641,1772422302,2026-03-01T19:31:42,99,1,yes,2359
14642,1772422302,2026-03-01T19:31:42,99,1,yes,500
14643,1772422302,2026-03-01T19:31:42,99,1,yes,250
14644,1772422302,2026-03-01T19:31:42,99,1,yes,2000
14645,1772422302,2026-03-01T19:31:42,99,1,yes,700
14646,1772422302,2026-03-01T19:31:42,99,1,yes,3000
14647,1772422302,2026-03-01T19:31:42,99,1,yes,1000
14648,1772422302,2026-03-01T19:31:42,99,1,yes,7
14649,1772422302,2026-03-01T19:31:42,99,1,yes,6450
14650,1772422302,2026-03-01T19:31:42,99,1,yes,1128
14651,1772422303,2026-03-01T19:31:43,99,1,yes,11
14652,1772422304,2026-03-01T19:31:44,99,1,yes,5
14653,1772422304,2026-03-01T19:31:44,98,2,no,74
14654,1772422304,2026-03-01T19:31:44,99,1,yes,10
14655,1772422304,2026-03-01T19:31:44,98,2,no,187
14656,1772422305,2026-03-01T19:31:45,99,1,yes,115
14657,1772422305,2026-03-01T19:31:45,98,2,no,83
14658,1772422305,2026-03-01T19:31:45,98,2,no,31
14659,1772422305,2026-03-01T19:31:45,98,2,no,15550
14660,1772422305,2026-03-01T19:31:45,98,2,no,200
14661,1772422305,2026-03-01T19:31:45,98,2,no,50
14662,1772422305,2026-03-01T19:31:45,98,2,no,3039
14663,1772422305,2026-03-01T19:31:45,98,2,no,6239
14664,1772422305,2026-03-01T19:31:45,98,2,no,6239
14665,1772422305,2026-03-01T19:31:45,98,2,no,5000
14666,1772422305,2026-03-01T19:31:45,98,2,no,10
14667,1772422305,2026-03-01T19:31:45,98,2,no,200
14668,1772422305,2026-03-01T19:31:45,98,2,no,700
14669,1772422305,2026-03-01T19:31:45,98,2,no,500
14670,1772422305,2026-03-01T19:31:45,97,3,no,219
14671,1772422305,2026-03-01T19:31:45,98,2,no,37
14672,1772422306,2026-03-01T19:31:46,99,1,yes,487
14673,1772422306,2026-03-01T19:31:46,99,1,yes,252
14674,1772422306,2026-03-01T19:31:46,98,2,no,208
14675,1772422306,2026-03-01T19:31:46,98,2,no,36
14676,1772422307,2026-03-01T19:31:47,99,1,yes,2
14677,1772422308,2026-03-01T19:31:48,98,2,no,61
14678,1772422309,2026-03-01T19:31:49,99,1,yes,25
14679,1772422310,2026-03-01T19:31:50,99,1,yes,5
14680,1772422310,2026-03-01T19:31:50,98,2,no,32
14681,1772422310,2026-03-01T19:31:50,99,1,yes,114
14682,1772422310,2026-03-01T19:31:50,99,1,yes,1
14683,1772422310,2026-03-01T19:31:50,99,1,yes,1
14684,1772422310,2026-03-01T19:31:50,99,1,yes,4
14685,1772422310,2026-03-01T19:31:50,99,1,yes,298
14686,1772422310,2026-03-01T19:31:50,99,1,yes,10
14687,1772422310,2026-03-01T19:31:50,99,1,yes,9
14688,1772422310,2026-03-01T19:31:50,99,1,yes,60
14689,1772422310,2026-03-01T19:31:50,99,1,yes,21
14690,1772422310,2026-03-01T19:31:50,99,1,yes,482
14691,1772422310,2026-03-01T19:31:50,98,2,no,212
14692,1772422310,2026-03-01T19:31:50,99,1,yes,100
14693,1772422311,2026-03-01T19:31:51,98,2,no,437
14694,1772422311,2026-03-01T19:31:51,98,2,no,9
14695,1772422313,2026-03-01T19:31:53,99,1,yes,1
14696,1772422313,2026-03-01T19:31:53,98,2,no,14
14697,1772422314,2026-03-01T19:31:54,99,1,yes,19
14698,1772422314,2026-03-01T19:31:54,99,1,yes,425
14699,1772422314,2026-03-01T19:31:54,99,1,yes,12
14700,1772422314,2026-03-01T19:31:54,99,1,yes,10
14701,1772422314,2026-03-01T19:31:54,99,1,yes,26
14702,1772422314,2026-03-01T19:31:54,99,1,yes,12
14703,1772422314,2026-03-01T19:31:54,99,1,yes,157
14704,1772422314,2026-03-01T19:31:54,99,1,yes,132
14705,1772422314,2026-03-01T19:31:54,99,1,yes,300
14706,1772422314,2026-03-01T19:31:54,99,1,yes,4000
14707,1772422314,2026-03-01T19:31:54,99,1,yes,675
14708,1772422314,2026-03-01T19:31:54,99,1,yes,8564
14709,1772422314,2026-03-01T19:31:54,99,1,yes,5
14710,1772422314,2026-03-01T19:31:54,99,1,yes,750
14711,1772422314,2026-03-01T19:31:54,99,1,yes,119
14712,1772422314,2026-03-01T19:31:54,99,1,yes,750
14713,1772422314,2026-03-01T19:31:54,99,1,yes,580
14714,1772422314,2026-03-01T19:31:54,99,1,yes,750
14715,1772422314,2026-03-01T19:31:54,99,1,yes,750
14716,1772422314,2026-03-01T19:31:54,99,1,yes,2000
14717,1772422314,2026-03-01T19:31:54,99,1,yes,5468
14718,1772422314,2026-03-01T19:31:54,99,1,yes,252
14719,1772422317,2026-03-01T19:31:57,98,2,no,18
14720,1772422317,2026-03-01T19:31:57,99,1,yes,252
14721,1772422317,2026-03-01T19:31:57,99,1,yes,2702
14722,1772422317,2026-03-01T19:31:57,99,1,yes,1559
14723,1772422317,2026-03-01T19:31:57,99,1,yes,25
14724,1772422318,2026-03-01T19:31:58,99,1,yes,50
14725,1772422318,2026-03-01T19:31:58,99,1,yes,522
14726,1772422318,2026-03-01T19:31:58,98,2,no,120
14727,1772422318,2026-03-01T19:31:58,98,2,no,74
14728,1772422319,2026-03-01T19:31:59,98,2,no,88
14729,1772422320,2026-03-01T19:32:00,98,2,no,11
14730,1772422320,2026-03-01T19:32:00,98,2,no,32
14731,1772422321,2026-03-01T19:32:01,98,2,no,6
14732,1772422323,2026-03-01T19:32:03,99,1,yes,121
14733,1772422323,2026-03-01T19:32:03,98,2,no,39
14734,1772422324,2026-03-01T19:32:04,98,2,no,23
14735,1772422324,2026-03-01T19:32:04,99,1,yes,565
14736,1772422326,2026-03-01T19:32:06,98,2,no,88
14737,1772422326,2026-03-01T19:32:06,98,2,no,23
14738,1772422327,2026-03-01T19:32:07,99,1,yes,504
14739,1772422327,2026-03-01T19:32:07,99,1,yes,168
14740,1772422327,2026-03-01T19:32:07,99,1,yes,25
14741,1772422327,2026-03-01T19:32:07,99,1,yes,25
14742,1772422327,2026-03-01T19:32:07,99,1,yes,286
14743,1772422328,2026-03-01T19:32:08,98,2,no,36
14744,1772422328,2026-03-01T19:32:08,98,2,no,48
14745,1772422328,2026-03-01T19:32:08,98,2,no,375
14746,1772422329,2026-03-01T19:32:09,99,1,yes,714
14747,1772422329,2026-03-01T19:32:09,99,1,yes,90
14748,1772422329,2026-03-01T19:32:09,99,1,yes,1
14749,1772422329,2026-03-01T19:32:09,99,1,yes,750
14750,1772422329,2026-03-01T19:32:09,99,1,yes,10
14751,1772422329,2026-03-01T19:32:09,99,1,yes,500
14752,1772422329,2026-03-01T19:32:09,99,1,yes,377
14753,1772422329,2026-03-01T19:32:09,99,1,yes,50
14754,1772422329,2026-03-01T19:32:09,99,1,yes,50
14755,1772422329,2026-03-01T19:32:09,99,1,yes,10
14756,1772422333,2026-03-01T19:32:13,99,1,yes,30
14757,1772422334,2026-03-01T19:32:14,98,2,no,13
14758,1772422334,2026-03-01T19:32:14,98,2,no,9
14759,1772422334,2026-03-01T19:32:14,98,2,no,44
14760,1772422334,2026-03-01T19:32:14,99,1,yes,1000
14761,1772422336,2026-03-01T19:32:16,98,2,no,1
14762,1772422339,2026-03-01T19:32:19,99,1,yes,3028
14763,1772422339,2026-03-01T19:32:19,99,1,yes,5
14764,1772422340,2026-03-01T19:32:20,98,2,no,18
14765,1772422341,2026-03-01T19:32:21,98,2,no,39
14766,1772422341,2026-03-01T19:32:21,98,2,no,27
14767,1772422342,2026-03-01T19:32:22,98,2,no,811
14768,1772422342,2026-03-01T19:32:22,98,2,no,50
14769,1772422342,2026-03-01T19:32:22,98,2,no,17
14770,1772422343,2026-03-01T19:32:23,98,2,no,3
14771,1772422343,2026-03-01T19:32:23,99,1,yes,1
14772,1772422343,2026-03-01T19:32:23,99,1,yes,5
14773,1772422345,2026-03-01T19:32:25,98,2,no,58
14774,1772422345,2026-03-01T19:32:25,98,2,no,913
14775,1772422346,2026-03-01T19:32:26,99,1,yes,50
14776,1772422347,2026-03-01T19:32:27,98,2,no,449
14777,1772422348,2026-03-01T19:32:28,99,1,yes,2
14778,1772422349,2026-03-01T19:32:29,98,2,no,51
14779,1772422350,2026-03-01T19:32:30,99,1,yes,7
14780,1772422350,2026-03-01T19:32:30,98,2,no,326
14781,1772422352,2026-03-01T19:32:32,98,2,no,258
14782,1772422352,2026-03-01T19:32:32,98,2,no,170
14783,1772422352,2026-03-01T19:32:32,99,1,yes,239
14784,1772422353,2026-03-01T19:32:33,99,1,yes,35
14785,1772422353,2026-03-01T19:32:33,98,2,no,200
14786,1772422355,2026-03-01T19:32:35,98,2,no,223
14787,1772422355,2026-03-01T19:32:35,98,2,no,131
14788,1772422356,2026-03-01T19:32:36,98,2,no,28
14789,1772422357,2026-03-01T19:32:37,98,2,no,13
14790,1772422357,2026-03-01T19:32:37,98,2,no,19
14791,1772422361,2026-03-01T19:32:41,99,1,yes,1350
14792,1772422361,2026-03-01T19:32:41,99,1,yes,258
14793,1772422362,2026-03-01T19:32:42,98,2,no,62
14794,1772422363,2026-03-01T19:32:43,98,2,no,16
14795,1772422363,2026-03-01T19:32:43,99,1,yes,1
14796,1772422363,2026-03-01T19:32:43,99,1,yes,2
14797,1772422368,2026-03-01T19:32:48,99,1,yes,70
14798,1772422368,2026-03-01T19:32:48,99,1,yes,5
14799,1772422370,2026-03-01T19:32:50,98,2,no,46
14800,1772422372,2026-03-01T19:32:52,98,2,no,17
14801,1772422372,2026-03-01T19:32:52,98,2,no,86
14802,1772422372,2026-03-01T19:32:52,98,2,no,680
14803,1772422372,2026-03-01T19:32:52,98,2,no,120
14804,1772422372,2026-03-01T19:32:52,98,2,no,104
14805,1772422372,2026-03-01T19:32:52,99,1,yes,2
14806,1772422372,2026-03-01T19:32:52,98,2,no,24
14807,1772422375,2026-03-01T19:32:55,98,2,no,64
14808,1772422379,2026-03-01T19:32:59,98,2,no,100
14809,1772422379,2026-03-01T19:32:59,98,2,no,50
14810,1772422381,2026-03-01T19:33:01,99,1,yes,706
14811,1772422381,2026-03-01T19:33:01,98,2,no,75
14812,1772422383,2026-03-01T19:33:03,98,2,no,1
14813,1772422384,2026-03-01T19:33:04,99,1,yes,25
14814,1772422384,2026-03-01T19:33:04,99,1,yes,12
14815,1772422384,2026-03-01T19:33:04,98,2,no,3
14816,1772422386,2026-03-01T19:33:06,99,1,yes,1
14817,1772422387,2026-03-01T19:33:07,99,1,yes,3
14818,1772422388,2026-03-01T19:33:08,99,1,yes,353
14819,1772422389,2026-03-01T19:33:09,98,2,no,1
14820,1772422390,2026-03-01T19:33:10,99,1,yes,182
14821,1772422390,2026-03-01T19:33:10,98,2,no,430
14822,1772422391,2026-03-01T19:33:11,98,2,no,1958
14823,1772422391,2026-03-01T19:33:11,98,2,no,13
14824,1772422394,2026-03-01T19:33:14,98,2,no,323
14825,1772422394,2026-03-01T19:33:14,98,2,no,20
14826,1772422395,2026-03-01T19:33:15,98,2,no,6714
14827,1772422395,2026-03-01T19:33:15,98,2,no,200
14828,1772422395,2026-03-01T19:33:15,98,2,no,3019
14829,1772422395,2026-03-01T19:33:15,98,2,no,772
14830,1772422399,2026-03-01T19:33:19,98,2,no,1334
14831,1772422402,2026-03-01T19:33:22,99,1,yes,5
14832,1772422402,2026-03-01T19:33:22,99,1,yes,19
14833,1772422402,2026-03-01T19:33:22,98,2,no,146
14834,1772422402,2026-03-01T19:33:22,99,1,yes,187
14835,1772422402,2026-03-01T19:33:22,99,1,yes,750
14836,1772422402,2026-03-01T19:33:22,99,1,yes,300
14837,1772422402,2026-03-01T19:33:22,99,1,yes,430
14838,1772422402,2026-03-01T19:33:22,99,1,yes,290
14839,1772422402,2026-03-01T19:33:22,99,1,yes,500
14840,1772422402,2026-03-01T19:33:22,99,1,yes,2543
14841,1772422402,2026-03-01T19:33:22,99,1,yes,454
14842,1772422402,2026-03-01T19:33:22,99,1,yes,1
14843,1772422403,2026-03-01T19:33:23,98,2,no,659
14844,1772422403,2026-03-01T19:33:23,99,1,yes,1
14845,1772422404,2026-03-01T19:33:24,98,2,no,19
14846,1772422405,2026-03-01T19:33:25,98,2,no,63
14847,1772422405,2026-03-01T19:33:25,98,2,no,2007
14848,1772422405,2026-03-01T19:33:25,98,2,no,349
14849,1772422408,2026-03-01T19:33:28,98,2,no,136
14850,1772422411,2026-03-01T19:33:31,99,1,yes,10
14851,1772422411,2026-03-01T19:33:31,99,1,yes,10
14852,1772422411,2026-03-01T19:33:31,99,1,yes,999
14853,1772422413,2026-03-01T19:33:33,98,2,no,154
14854,1772422413,2026-03-01T19:33:33,98,2,no,3
14855,1772422414,2026-03-01T19:33:34,99,1,yes,20
14856,1772422414,2026-03-01T19:33:34,99,1,yes,3
14857,1772422415,2026-03-01T19:33:35,98,2,no,1
14858,1772422415,2026-03-01T19:33:35,99,1,yes,4
14859,1772422418,2026-03-01T19:33:38,98,2,no,288
14860,1772422421,2026-03-01T19:33:41,98,2,no,1
14861,1772422422,2026-03-01T19:33:42,99,1,yes,2
14862,1772422425,2026-03-01T19:33:45,99,1,yes,233
14863,1772422426,2026-03-01T19:33:46,99,1,yes,100
14864,1772422432,2026-03-01T19:33:52,98,2,no,105
14865,1772422432,2026-03-01T19:33:52,99,1,yes,3
14866,1772422433,2026-03-01T19:33:53,98,2,no,165
14867,1772422434,2026-03-01T19:33:54,98,2,no,6
14868,1772422434,2026-03-01T19:33:54,99,1,yes,5
14869,1772422434,2026-03-01T19:33:54,98,2,no,72
14870,1772422436,2026-03-01T19:33:56,98,2,no,1
14871,1772422438,2026-03-01T19:33:58,98,2,no,100
14872,1772422439,2026-03-01T19:33:59,98,2,no,1870
14873,1772422440,2026-03-01T19:34:00,99,1,yes,504
14874,1772422442,2026-03-01T19:34:02,99,1,yes,1
14875,1772422443,2026-03-01T19:34:03,99,1,yes,5
14876,1772422443,2026-03-01T19:34:03,98,2,no,20
14877,1772422443,2026-03-01T19:34:03,99,1,yes,2
14878,1772422446,2026-03-01T19:34:06,99,1,yes,302
14879,1772422446,2026-03-01T19:34:06,98,2,no,136
14880,1772422447,2026-03-01T19:34:07,98,2,no,1
14881,1772422448,2026-03-01T19:34:08,98,2,no,553
14882,1772422448,2026-03-01T19:34:08,98,2,no,18
14883,1772422450,2026-03-01T19:34:10,98,2,no,25
14884,1772422451,2026-03-01T19:34:11,98,2,no,75
14885,1772422451,2026-03-01T19:34:11,98,2,no,125
14886,1772422452,2026-03-01T19:34:12,98,2,no,25
14887,1772422452,2026-03-01T19:34:12,99,1,yes,350
14888,1772422453,2026-03-01T19:34:13,98,2,no,58
14889,1772422455,2026-03-01T19:34:15,99,1,yes,5
14890,1772422455,2026-03-01T19:34:15,99,1,yes,481
14891,1772422455,2026-03-01T19:34:15,99,1,yes,276
14892,1772422456,2026-03-01T19:34:16,98,2,no,192
14893,1772422458,2026-03-01T19:34:18,99,1,yes,231
14894,1772422460,2026-03-01T19:34:20,99,1,yes,1917
14895,1772422461,2026-03-01T19:34:21,98,2,no,10
14896,1772422463,2026-03-01T19:34:23,99,1,yes,454
14897,1772422465,2026-03-01T19:34:25,99,1,yes,296
14898,1772422465,2026-03-01T19:34:25,99,1,yes,750
14899,1772422465,2026-03-01T19:34:25,99,1,yes,750
14900,1772422465,2026-03-01T19:34:25,99,1,yes,750
14901,1772422465,2026-03-01T19:34:25,99,1,yes,440
14902,1772422465,2026-03-01T19:34:25,99,1,yes,750
14903,1772422465,2026-03-01T19:34:25,99,1,yes,750
14904,1772422465,2026-03-01T19:34:25,99,1,yes,5000
14905,1772422465,2026-03-01T19:34:25,99,1,yes,219
14906,1772422465,2026-03-01T19:34:25,99,1,yes,1
14907,1772422465,2026-03-01T19:34:25,99,1,yes,3
14908,1772422465,2026-03-01T19:34:25,99,1,yes,430
14909,1772422465,2026-03-01T19:34:25,99,1,yes,800
14910,1772422465,2026-03-01T19:34:25,99,1,yes,567
14911,1772422465,2026-03-01T19:34:25,99,1,yes,200
14912,1772422465,2026-03-01T19:34:25,99,1,yes,750
14913,1772422466,2026-03-01T19:34:26,99,1,no,477
14914,1772422467,2026-03-01T19:34:27,99,1,no,288
14915,1772422468,2026-03-01T19:34:28,99,1,no,8
14916,1772422468,2026-03-01T19:34:28,99,1,no,362
14917,1772422470,2026-03-01T19:34:30,99,1,no,406
14918,1772422470,2026-03-01T19:34:30,99,1,no,6176
14919,1772422473,2026-03-01T19:34:33,99,1,no,213
14920,1772422474,2026-03-01T19:34:34,99,1,no,115
14921,1772422475,2026-03-01T19:34:35,99,1,no,2088
14922,1772422475,2026-03-01T19:34:35,99,1,no,56
14923,1772422476,2026-03-01T19:34:36,99,1,no,66
14924,1772422477,2026-03-01T19:34:37,99,1,no,170
14925,1772422478,2026-03-01T19:34:38,99,1,no,352
14926,1772422479,2026-03-01T19:34:39,99,1,no,152
14927,1772422480,2026-03-01T19:34:40,99,1,no,1
14928,1772422481,2026-03-01T19:34:41,99,1,no,13
14929,1772422481,2026-03-01T19:34:41,99,1,no,325
14930,1772422482,2026-03-01T19:34:42,99,1,no,309
14931,1772422482,2026-03-01T19:34:42,99,1,no,276
14932,1772422482,2026-03-01T19:34:42,99,1,no,44
14933,1772422483,2026-03-01T19:34:43,99,1,no,12
14934,1772422484,2026-03-01T19:34:44,99,1,no,955
14935,1772422485,2026-03-01T19:34:45,99,1,no,206
14936,1772422487,2026-03-01T19:34:47,99,1,no,196
14937,1772422487,2026-03-01T19:34:47,99,1,no,49
14938,1772422488,2026-03-01T19:34:48,99,1,no,1600
14939,1772422488,2026-03-01T19:34:48,99,1,no,20
14940,1772422490,2026-03-01T19:34:50,99,1,no,2403
14941,1772422491,2026-03-01T19:34:51,99,1,no,260
14942,1772422491,2026-03-01T19:34:51,99,1,no,133
14943,1772422491,2026-03-01T19:34:51,99,1,no,1198
14944,1772422492,2026-03-01T19:34:52,99,1,no,526
14945,1772422493,2026-03-01T19:34:53,99,1,no,8328
14946,1772422493,2026-03-01T19:34:53,99,1,no,245
14947,1772422494,2026-03-01T19:34:54,99,1,no,75
14948,1772422495,2026-03-01T19:34:55,99,1,no,8461
14949,1772422495,2026-03-01T19:34:55,99,1,no,122
14950,1772422499,2026-03-01T19:34:59,99,1,no,29
14951,1772422501,2026-03-01T19:35:01,99,1,no,547
14952,1772422503,2026-03-01T19:35:03,99,1,no,725
14953,1772422505,2026-03-01T19:35:05,99,1,no,44
14954,1772422505,2026-03-01T19:35:05,99,1,no,70
14955,1772422506,2026-03-01T19:35:06,99,1,no,153
14956,1772422507,2026-03-01T19:35:07,99,1,no,2
14957,1772422511,2026-03-01T19:35:11,99,1,no,27
14958,1772422511,2026-03-01T19:35:11,99,1,no,9008
14959,1772422512,2026-03-01T19:35:12,99,1,no,187
14960,1772422513,2026-03-01T19:35:13,99,1,no,157
14961,1772422517,2026-03-01T19:35:17,99,1,no,6
14962,1772422523,2026-03-01T19:35:23,99,1,no,83
14963,1772422524,2026-03-01T19:35:24,99,1,no,1
14964,1772422525,2026-03-01T19:35:25,99,1,no,52
14965,1772422527,2026-03-01T19:35:27,99,1,no,1600
14966,1772422528,2026-03-01T19:35:28,99,1,no,541
14967,1772422532,2026-03-01T19:35:32,99,1,no,83
14968,1772422532,2026-03-01T19:35:32,99,1,no,1
14969,1772422532,2026-03-01T19:35:32,99,1,no,194
14970,1772422534,2026-03-01T19:35:34,99,1,no,240
14971,1772422534,2026-03-01T19:35:34,99,1,no,2
14972,1772422539,2026-03-01T19:35:39,99,1,no,362
14973,1772422540,2026-03-01T19:35:40,99,1,no,129
14974,1772422542,2026-03-01T19:35:42,99,1,no,68
14975,1772422542,2026-03-01T19:35:42,99,1,no,41
14976,1772422544,2026-03-01T19:35:44,99,1,no,1219
14977,1772422544,2026-03-01T19:35:44,99,1,no,13
14978,1772422546,2026-03-01T19:35:46,99,1,no,52
14979,1772422550,2026-03-01T19:35:50,99,1,no,1462
14980,1772422552,2026-03-01T19:35:52,99,1,no,181
14981,1772422553,2026-03-01T19:35:53,99,1,no,101
14982,1772422554,2026-03-01T19:35:54,99,1,no,99
14983,1772422554,2026-03-01T19:35:54,99,1,no,900
14984,1772422555,2026-03-01T19:35:55,99,1,no,12
14985,1772422558,2026-03-01T19:35:58,99,1,no,63
14986,1772422562,2026-03-01T19:36:02,99,1,no,31
14987,1772422567,2026-03-01T19:36:07,99,1,no,5
14988,1772422567,2026-03-01T19:36:07,99,1,no,1103
14989,1772422569,2026-03-01T19:36:09,99,1,no,61
14990,1772422573,2026-03-01T19:36:13,99,1,no,6204
14991,1772422573,2026-03-01T19:36:13,99,1,no,289
14992,1772422574,2026-03-01T19:36:14,99,1,no,17
14993,1772422576,2026-03-01T19:36:16,99,1,no,125
14994,1772422582,2026-03-01T19:36:22,99,1,no,60
14995,1772422586,2026-03-01T19:36:26,99,1,no,7266
14996,1772422587,2026-03-01T19:36:27,99,1,no,92
14997,1772422590,2026-03-01T19:36:30,99,1,no,15
14998,1772422591,2026-03-01T19:36:31,99,1,no,154
14999,1772422591,2026-03-01T19:36:31,99,1,no,219
15000,1772422596,2026-03-01T19:36:36,99,1,no,2677
15001,1772422596,2026-03-01T19:36:36,99,1,no,259
15002,1772422599,2026-03-01T19:36:39,99,1,no,100
15003,1772422599,2026-03-01T19:36:39,99,1,no,250
15004,1772422600,2026-03-01T19:36:40,99,1,no,9995
15005,1772422601,2026-03-01T19:36:41,99,1,no,100
15006,1772422606,2026-03-01T19:36:46,99,1,no,337
15007,1772422609,2026-03-01T19:36:49,99,1,no,150
15008,1772422610,2026-03-01T19:36:50,99,1,no,105
15009,1772422610,2026-03-01T19:36:50,99,1,no,307
15010,1772422611,2026-03-01T19:36:51,99,1,no,30
15011,1772422611,2026-03-01T19:36:51,99,1,no,52
15012,1772422611,2026-03-01T19:36:51,99,1,no,672
15013,1772422612,2026-03-01T19:36:52,99,1,no,250
15014,1772422612,2026-03-01T19:36:52,99,1,no,18
15015,1772422619,2026-03-01T19:36:59,99,1,no,69
15016,1772422621,2026-03-01T19:37:01,99,1,no,3725
15017,1772422623,2026-03-01T19:37:03,99,1,no,33
15018,1772422627,2026-03-01T19:37:07,99,1,no,20
15019,1772422629,2026-03-01T19:37:09,99,1,no,156
15020,1772422631,2026-03-01T19:37:11,99,1,no,3118
15021,1772422635,2026-03-01T19:37:15,99,1,no,727
15022,1772422637,2026-03-01T19:37:17,99,1,no,111
15023,1772422637,2026-03-01T19:37:17,99,1,no,20
15024,1772422638,2026-03-01T19:37:18,99,1,no,251
15025,1772422640,2026-03-01T19:37:20,99,1,no,2237
15026,1772422645,2026-03-01T19:37:25,99,1,no,5
15027,1772422645,2026-03-01T19:37:25,99,1,no,1696
15028,1772422646,2026-03-01T19:37:26,99,1,no,1467
15029,1772422647,2026-03-01T19:37:27,99,1,no,73
15030,1772422647,2026-03-01T19:37:27,99,1,no,2530
15031,1772422652,2026-03-01T19:37:32,99,1,no,36
15032,1772422654,2026-03-01T19:37:34,99,1,no,20
15033,1772422654,2026-03-01T19:37:34,99,1,no,11
15034,1772422656,2026-03-01T19:37:36,99,1,no,300
15035,1772422657,2026-03-01T19:37:37,99,1,no,4
15036,1772422658,2026-03-01T19:37:38,99,1,no,20
15037,1772422661,2026-03-01T19:37:41,99,1,no,130
15038,1772422663,2026-03-01T19:37:43,99,1,no,265
15039,1772422663,2026-03-01T19:37:43,99,1,no,110
15040,1772422663,2026-03-01T19:37:43,99,1,no,19
15041,1772422666,2026-03-01T19:37:46,99,1,no,21
15042,1772422666,2026-03-01T19:37:46,99,1,no,13013
15043,1772422668,2026-03-01T19:37:48,99,1,no,37
15044,1772422671,2026-03-01T19:37:51,99,1,no,112
15045,1772422672,2026-03-01T19:37:52,99,1,no,271
15046,1772422673,2026-03-01T19:37:53,99,1,no,104
15047,1772422675,2026-03-01T19:37:55,99,1,no,1594
15048,1772422678,2026-03-01T19:37:58,99,1,no,1
15049,1772422679,2026-03-01T19:37:59,99,1,no,23
15050,1772422679,2026-03-01T19:37:59,99,1,no,1419
15051,1772422680,2026-03-01T19:38:00,99,1,no,5
15052,1772422681,2026-03-01T19:38:01,99,1,no,235
15053,1772422683,2026-03-01T19:38:03,99,1,no,64
15054,1772422684,2026-03-01T19:38:04,99,1,no,205
15055,1772422685,2026-03-01T19:38:05,99,1,no,2
15056,1772422686,2026-03-01T19:38:06,99,1,no,7
15057,1772422688,2026-03-01T19:38:08,99,1,no,19
15058,1772422692,2026-03-01T19:38:12,99,1,no,7731
15059,1772422692,2026-03-01T19:38:12,99,1,no,6239
15060,1772422692,2026-03-01T19:38:12,99,1,no,172
15061,1772422692,2026-03-01T19:38:12,99,1,no,18220
15062,1772422693,2026-03-01T19:38:13,99,1,no,19
15063,1772422694,2026-03-01T19:38:14,99,1,no,5
15064,1772422694,2026-03-01T19:38:14,99,1,no,89
15065,1772422697,2026-03-01T19:38:17,99,1,no,1055
15066,1772422699,2026-03-01T19:38:19,99,1,no,44
15067,1772422703,2026-03-01T19:38:23,99,1,no,95
15068,1772422705,2026-03-01T19:38:25,99,1,no,18
15069,1772422705,2026-03-01T19:38:25,99,1,no,31
15070,1772422706,2026-03-01T19:38:26,99,1,no,39
15071,1772422709,2026-03-01T19:38:29,99,1,no,1828
15072,1772422713,2026-03-01T19:38:33,99,1,no,1000
