ts,price_yes,price_no,3sec_norm_OFI,3sec_yes_vol,3sec_no_vol,3sec_total_vol,3sec_note,5sec_norm_OFI,5sec_yes_vol,5sec_no_vol,5sec_total_vol,5sec_note,30sec_norm_OFI,30sec_yes_vol,30sec_no_vol,30sec_total_vol,30sec_note,1sec_yes_vol,1sec_no_vol,1sec_total_vol,60sec_yes_vol,60sec_no_vol,60sec_total_vol,ask_total_depth,bid_total_depth,depth_imbalance,ask_depth_change_3s,ask_depth_change_10s,ask_levels,bid_levels,best_ask,best_bid,spread
1773520173,,,0,0,0,0,no_volume,0,0,0,0,no_volume,0,0,0,0,no_volume,0,0,0,0,0,0,0,0,0,0,0,0,0,,,
1773520174,,,0,0,0,0,no_volume,0,0,0,0,no_volume,0,0,0,0,no_volume,0,0,0,0,0,0,0,0,0,0,0,0,0,,,
1773520175,66,27,0,0,0,0,no_volume,0,0,0,0,no_volume,0,0,0,0,no_volume,0,0,0,0,0,0,10598,9631,-0.0478,10598,10598,27,16,73,66,7
1773520176,66,27,0,0,0,0,no_volume,0,0,0,0,no_volume,0,0,0,0,no_volume,0,0,0,0,0,0,10598,9631,-0.0478,10598,10598,27,16,73,66,7
1773520177,66,27,0,0,0,0,no_volume,0,0,0,0,no_volume,0,0,0,0,no_volume,0,0,0,0,0,0,10598,9631,-0.0478,10598,10598,27,16,73,66,7
1773520178,66,27,0,0,0,0,no_volume,0,0,0,0,no_volume,0,0,0,0,no_volume,0,0,0,0,0,0,10598,9631,-0.0478,0,10598,27,16,73,66,7
1773520179,66,27,0,0,0,0,no_volume,0,0,0,0,no_volume,0,0,0,0,no_volume,0,0,0,0,0,0,10598,9631,-0.0478,0,10598,27,16,73,66,7
1773520180,66,27,0,0,0,0,no_volume,0,0,0,0,no_volume,0,0,0,0,no_volume,0,0,0,0,0,0,10598,9631,-0.0478,0,10598,27,16,73,66,7
1773520181,66,27,0,0,0,0,no_volume,0,0,0,0,no_volume,0,0,0,0,no_volume,0,0,0,0,0,0,10598,9631,-0.0478,0,10598,27,16,73,66,7
1773520182,66,27,0,0,0,0,no_volume,0,0,0,0,no_volume,0,0,0,0,no_volume,0,0,0,0,0,0,10598,9631,-0.0478,0,10598,27,16,73,66,7
1773520183,66,27,0,0,0,0,no_volume,0,0,0,0,no_volume,0,0,0,0,no_volume,0,0,0,0,0,0,10598,9631,-0.0478,0,10598,27,16,73,66,7
1773520184,66,27,0,0,0,0,no_volume,0,0,0,0,no_volume,0,0,0,0,no_volume,0,0,0,0,0,0,10598,9631,-0.0478,0,10598,27,16,73,66,7
1773520185,66,27,0,0,0,0,no_volume,0,0,0,0,no_volume,0,0,0,0,no_volume,0,0,0,0,0,0,10598,9631,-0.0478,0,0,27,16,73,66,7
1773520186,66,27,0,0,0,0,no_volume,0,0,0,0,no_volume,0,0,0,0,no_volume,0,0,0,0,0,0,10598,9631,-0.0478,0,0,27,16,73,66,7
1773520187,66,27,0,0,0,0,no_volume,0,0,0,0,no_volume,0,0,0,0,no_volume,0,0,0,0,0,0,10598,9631,-0.0478,0,0,27,16,73,66,7
1773520188,66,27,0,0,0,0,no_volume,0,0,0,0,no_volume,0,0,0,0,no_volume,0,0,0,0,0,0,10598,9631,-0.0478,0,0,27,16,73,66,7
1773520189,66,27,0,0,0,0,no_volume,0,0,0,0,no_volume,0,0,0,0,no_volume,0,0,0,0,0,0,10598,9631,-0.0478,0,0,27,16,73,66,7
1773520190,66,27,0,0,0,0,no_volume,0,0,0,0,no_volume,0,0,0,0,no_volume,0,0,0,0,0,0,10598,9631,-0.0478,0,0,27,16,73,66,7
1773520191,66,27,0,0,0,0,no_volume,0,0,0,0,no_volume,0,0,0,0,no_volume,0,0,0,0,0,0,10598,9631,-0.0478,0,0,27,16,73,66,7
1773520192,66,27,0,0,0,0,no_volume,0,0,0,0,no_volume,0,0,0,0,no_volume,0,0,0,0,0,0,10598,9631,-0.0478,0,0,27,16,73,66,7
1773520193,66,27,0,0,0,0,no_volume,0,0,0,0,no_volume,0,0,0,0,no_volume,0,0,0,0,0,0,10598,9631,-0.0478,0,0,27,16,73,66,7
1773520194,66,27,0,0,0,0,no_volume,0,0,0,0,no_volume,0,0,0,0,no_volume,0,0,0,0,0,0,10598,9631,-0.0478,0,0,27,16,73,66,7
1773520195,66,27,0,0,0,0,no_volume,0,0,0,0,no_volume,0,0,0,0,no_volume,0,0,0,0,0,0,10598,9631,-0.0478,0,0,27,16,73,66,7
1773520196,66,27,0,0,0,0,no_volume,0,0,0,0,no_volume,0,0,0,0,no_volume,0,0,0,0,0,0,10598,9631,-0.0478,0,0,27,16,73,66,7
1773520197,66,27,0,0,0,0,no_volume,0,0,0,0,no_volume,0,0,0,0,no_volume,0,0,0,0,0,0,10598,9631,-0.0478,0,0,27,16,73,66,7
1773520198,66,27,0,0,0,0,no_volume,0,0,0,0,no_volume,0,0,0,0,no_volume,0,0,0,0,0,0,10598,9631,-0.0478,0,0,27,16,73,66,7
1773520199,66,27,0,0,0,0,no_volume,0,0,0,0,no_volume,0,0,0,0,no_volume,0,0,0,0,0,0,10598,9631,-0.0478,0,0,27,16,73,66,7
1773520200,66,27,0,0,0,0,no_volume,0,0,0,0,no_volume,0,0,0,0,no_volume,0,0,0,0,0,0,10598,9631,-0.0478,0,0,27,16,73,66,7
1773520201,66,27,0,0,0,0,no_volume,0,0,0,0,no_volume,0,0,0,0,no_volume,0,0,0,0,0,0,10598,9631,-0.0478,0,0,27,16,73,66,7
1773520202,66,27,0,0,0,0,no_volume,0,0,0,0,no_volume,0,0,0,0,no_volume,0,0,0,0,0,0,10598,9631,-0.0478,0,0,27,16,73,66,7
1773520203,66,27,0,0,0,0,no_volume,0,0,0,0,no_volume,0,0,0,0,no_volume,0,0,0,0,0,0,10598,9631,-0.0478,0,0,27,16,73,66,7
1773520204,66,27,0,0,0,0,no_volume,0,0,0,0,no_volume,0,0,0,0,no_volume,0,0,0,0,0,0,10598,9631,-0.0478,0,0,27,16,73,66,7
1773520205,66,27,0,0,0,0,no_volume,0,0,0,0,no_volume,0,0,0,0,no_volume,0,0,0,0,0,0,10598,9631,-0.0478,0,0,27,16,73,66,7
1773520206,66,27,0,0,0,0,no_volume,0,0,0,0,no_volume,0,0,0,0,no_volume,0,0,0,0,0,0,10598,9631,-0.0478,0,0,27,16,73,66,7
1773520207,66,27,0,0,0,0,no_volume,0,0,0,0,no_volume,0,0,0,0,no_volume,0,0,0,0,0,0,10598,9631,-0.0478,0,0,27,16,73,66,7
1773520208,66,27,0,0,0,0,no_volume,0,0,0,0,no_volume,0,0,0,0,no_volume,0,0,0,0,0,0,10598,9631,-0.0478,0,0,27,16,73,66,7
1773520209,66,27,0,0,0,0,no_volume,0,0,0,0,no_volume,0,0,0,0,no_volume,0,0,0,0,0,0,10598,9631,-0.0478,0,0,27,16,73,66,7
1773520210,66,27,0,0,0,0,no_volume,0,0,0,0,no_volume,0,0,0,0,no_volume,0,0,0,0,0,0,10598,9631,-0.0478,0,0,27,16,73,66,7
1773520211,66,27,0,0,0,0,no_volume,0,0,0,0,no_volume,0,0,0,0,no_volume,0,0,0,0,0,0,10598,9631,-0.0478,0,0,27,16,73,66,7
1773520212,66,27,0,0,0,0,no_volume,0,0,0,0,no_volume,0,0,0,0,no_volume,0,0,0,0,0,0,10598,9631,-0.0478,0,0,27,16,73,66,7
1773520213,66,27,0,0,0,0,no_volume,0,0,0,0,no_volume,0,0,0,0,no_volume,0,0,0,0,0,0,10598,9631,-0.0478,0,0,27,16,73,66,7
1773520214,66,27,0,0,0,0,no_volume,0,0,0,0,no_volume,0,0,0,0,no_volume,0,0,0,0,0,0,10598,9631,-0.0478,0,0,27,16,73,66,7
1773520215,66,27,0,0,0,0,no_volume,0,0,0,0,no_volume,0,0,0,0,no_volume,0,0,0,0,0,0,10598,9631,-0.0478,0,0,27,16,73,66,7
1773520216,66,27,0,0,0,0,no_volume,0,0,0,0,no_volume,0,0,0,0,no_volume,0,0,0,0,0,0,10598,9631,-0.0478,0,0,27,16,73,66,7
1773520217,66,27,0,0,0,0,no_volume,0,0,0,0,no_volume,0,0,0,0,no_volume,0,0,0,0,0,0,10598,9631,-0.0478,0,0,27,16,73,66,7
1773520218,66,27,0,0,0,0,no_volume,0,0,0,0,no_volume,0,0,0,0,no_volume,0,0,0,0,0,0,10598,9631,-0.0478,0,0,27,16,73,66,7
1773520219,66,27,0,0,0,0,no_volume,0,0,0,0,no_volume,0,0,0,0,no_volume,0,0,0,0,0,0,10598,9631,-0.0478,0,0,27,16,73,66,7
1773520220,66,27,0,0,0,0,no_volume,0,0,0,0,no_volume,0,0,0,0,no_volume,0,0,0,0,0,0,10598,9631,-0.0478,0,0,27,16,73,66,7
1773520221,66,27,0,0,0,0,no_volume,0,0,0,0,no_volume,0,0,0,0,no_volume,0,0,0,0,0,0,10598,9631,-0.0478,0,0,27,16,73,66,7
ts,price_yes,price_no,3sec_norm_OFI,3sec_yes_vol,3sec_no_vol,3sec_total_vol,3sec_note,5sec_norm_OFI,5sec_yes_vol,5sec_no_vol,5sec_total_vol,5sec_note,30sec_norm_OFI,30sec_yes_vol,30sec_no_vol,30sec_total_vol,30sec_note,1sec_yes_vol,1sec_no_vol,1sec_total_vol,60sec_yes_vol,60sec_no_vol,60sec_total_vol,ask_total_depth,bid_total_depth,depth_imbalance,ask_depth_change_3s,ask_depth_change_10s,ask_levels,bid_levels,best_ask,best_bid,spread
1773521000,,,0,0,0,0,no_volume,0,0,0,0,no_volume,0,0,0,0,no_volume,0,0,0,0,0,0,0,0,0,0,0,0,0,,,
1773521001,69,25,0,0,0,0,no_volume,0,0,0,0,no_volume,0,0,0,0,no_volume,0,0,0,0,0,0,9011,9736,0.0387,9011,9011,24,17,75,69,6
1773521002,69,25,0,0,0,0,no_volume,0,0,0,0,no_volume,0,0,0,0,no_volume,0,0,0,0,0,0,9011,9736,0.0387,9011,9011,24,17,75,69,6
1773521003,69,25,0,0,0,0,no_volume,0,0,0,0,no_volume,0,0,0,0,no_volume,0,0,0,0,0,0,9011,9736,0.0387,9011,9011,24,17,75,69,6
1773521004,69,25,0,0,0,0,no_volume,0,0,0,0,no_volume,0,0,0,0,no_volume,0,0,0,0,0,0,9011,9736,0.0387,0,9011,24,17,75,69,6
1773521005,69,25,0,0,0,0,no_volume,0,0,0,0,no_volume,0,0,0,0,no_volume,0,0,0,0,0,0,9011,9736,0.0387,0,9011,24,17,75,69,6
1773521006,69,25,0,0,0,0,no_volume,0,0,0,0,no_volume,0,0,0,0,no_volume,0,0,0,0,0,0,9011,9736,0.0387,0,9011,24,17,75,69,6
1773521007,69,25,0,0,0,0,no_volume,0,0,0,0,no_volume,0,0,0,0,no_volume,0,0,0,0,0,0,9011,9731,0.0384,0,9011,24,17,75,69,6
1773521008,69,25,0,0,0,0,no_volume,0,0,0,0,no_volume,0,0,0,0,no_volume,0,0,0,0,0,0,9011,9731,0.0384,0,9011,24,17,75,69,6
1773521009,69,25,0,0,0,0,no_volume,0,0,0,0,no_volume,0,0,0,0,no_volume,0,0,0,0,0,0,9011,9731,0.0384,0,9011,24,17,75,69,6
1773521010,69,25,0,0,0,0,no_volume,0,0,0,0,no_volume,0,0,0,0,no_volume,0,0,0,0,0,0,9011,9731,0.0384,0,9011,24,17,75,69,6
1773521011,69,25,0,0,0,0,no_volume,0,0,0,0,no_volume,0,0,0,0,no_volume,0,0,0,0,0,0,9011,9731,0.0384,0,0,24,17,75,69,6
1773521012,69,25,0,0,0,0,no_volume,0,0,0,0,no_volume,0,0,0,0,no_volume,0,0,0,0,0,0,9011,9712,0.0374,0,0,24,16,75,69,6
1773521013,71,25,0,0,0,0,no_volume,0,0,0,0,no_volume,0,0,0,0,no_volume,0,0,0,0,0,0,9011,9712,0.0374,0,0,24,17,75,71,4
1773521014,71,25,0,0,0,0,no_volume,0,0,0,0,no_volume,0,0,0,0,no_volume,0,0,0,0,0,0,8011,9698,0.0953,-1000,-1000,24,17,75,71,4
1773521015,71,26,0,0,0,0,no_volume,0,0,0,0,no_volume,0,0,0,0,no_volume,0,0,0,0,0,0,9011,9712,0.0374,0,0,24,17,74,71,3
1773521016,71,26,0,0,0,0,no_volume,0,0,0,0,no_volume,0,0,0,0,no_volume,0,0,0,0,0,0,10330,8672,-0.0873,1319,1319,24,16,74,71,3
1773521017,71,26,0,0,0,0,no_volume,0,0,0,0,no_volume,0,0,0,0,no_volume,0,0,0,0,0,0,9330,9672,0.018,1319,319,24,16,74,71,3
1773521018,71,26,0,0,0,0,no_volume,0,0,0,0,no_volume,0,0,0,0,no_volume,0,0,0,0,0,0,9330,9672,0.018,319,319,24,16,74,71,3
1773521019,71,26,0,0,0,0,no_volume,0,0,0,0,no_volume,0,0,0,0,no_volume,0,0,0,0,0,0,10330,9672,-0.0329,0,1319,24,16,74,71,3
1773521020,71,26,0,0,0,0,no_volume,0,0,0,0,no_volume,0,0,0,0,no_volume,0,0,0,0,0,0,10337,9667,-0.0335,1007,1326,24,16,74,71,3
1773521021,71,26,0,0,0,0,no_volume,0,0,0,0,no_volume,0,0,0,0,no_volume,0,0,0,0,0,0,10337,9667,-0.0335,1007,1326,24,16,74,71,3
1773521022,71,26,0,0,0,0,no_volume,0,0,0,0,no_volume,0,0,0,0,no_volume,0,0,0,0,0,0,10337,9667,-0.0335,7,1326,24,16,74,71,3
1773521023,71,26,0,0,0,0,no_volume,0,0,0,0,no_volume,0,0,0,0,no_volume,0,0,0,0,0,0,10337,9667,-0.0335,0,1326,24,16,74,71,3
1773521024,71,26,0,0,0,0,no_volume,0,0,0,0,no_volume,0,0,0,0,no_volume,0,0,0,0,0,0,10337,9667,-0.0335,0,2326,24,16,74,71,3
1773521025,71,26,0,0,0,0,no_volume,0,0,0,0,no_volume,0,0,0,0,no_volume,0,0,0,0,0,0,9337,9667,0.0174,-1000,326,24,16,74,71,3
1773521026,71,26,0,0,0,0,no_volume,0,0,0,0,no_volume,0,0,0,0,no_volume,0,0,0,0,0,0,9337,9667,0.0174,-1000,-993,24,16,74,71,3
1773521027,71,26,0,0,0,0,no_volume,0,0,0,0,no_volume,0,0,0,0,no_volume,0,0,0,0,0,0,9337,9667,0.0174,-1000,7,24,16,74,71,3
1773521028,71,26,0,0,0,0,no_volume,0,0,0,0,no_volume,0,0,0,0,no_volume,0,0,0,0,0,0,9337,9667,0.0174,0,7,24,16,74,71,3
1773521029,71,26,0,0,0,0,no_volume,0,0,0,0,no_volume,0,0,0,0,no_volume,0,0,0,0,0,0,10330,9667,-0.0332,993,0,24,16,74,71,3
1773521030,71,26,0,0,0,0,no_volume,0,0,0,0,no_volume,0,0,0,0,no_volume,0,0,0,0,0,0,10330,9667,-0.0332,993,-7,24,16,74,71,3
1773521031,71,26,0,0,0,0,no_volume,0,0,0,0,no_volume,0,0,0,0,no_volume,0,0,0,0,0,0,10330,9667,-0.0332,993,-7,24,16,74,71,3
1773521032,71,26,0,0,0,0,no_volume,0,0,0,0,no_volume,0,0,0,0,no_volume,0,0,0,0,0,0,10330,9667,-0.0332,0,-7,24,16,74,71,3
1773521033,71,26,0,0,0,0,no_volume,0,0,0,0,no_volume,0,0,0,0,no_volume,0,0,0,0,0,0,10330,9667,-0.0332,0,-7,24,16,74,71,3
1773521034,71,26,0,0,0,0,no_volume,0,0,0,0,no_volume,0,0,0,0,no_volume,0,0,0,0,0,0,10330,9667,-0.0332,0,-7,24,16,74,71,3
1773521035,71,26,0,0,0,0,no_volume,0,0,0,0,no_volume,0,0,0,0,no_volume,0,0,0,0,0,0,10330,9667,-0.0332,0,993,24,16,74,71,3
1773521036,71,26,0,0,0,0,no_volume,0,0,0,0,no_volume,0,0,0,0,no_volume,0,0,0,0,0,0,10330,9667,-0.0332,0,993,24,16,74,71,3
1773521037,71,25,0,0,0,0,no_volume,0,0,0,0,no_volume,0,0,0,0,no_volume,0,0,0,0,0,0,8028,9576,0.0879,-2302,-1309,23,15,75,71,4
1773521038,71,25,0,0,0,0,no_volume,0,0,0,0,no_volume,0,0,0,0,no_volume,0,0,0,0,0,0,9028,9576,0.0295,-1302,-309,23,15,75,71,4
1773521039,71,25,0,0,0,0,no_volume,0,0,0,0,no_volume,0,0,0,0,no_volume,0,0,0,0,0,0,9028,9576,0.0295,-1302,-1302,23,15,75,71,4
1773521040,71,25,0,0,0,0,no_volume,0,0,0,0,no_volume,0,0,0,0,no_volume,0,0,0,0,0,0,9028,9576,0.0295,1000,-1302,23,15,75,71,4
1773521041,71,25,0,0,0,0,no_volume,0,0,0,0,no_volume,0,0,0,0,no_volume,0,0,0,0,0,0,9028,9576,0.0295,0,-1302,23,15,75,71,4
1773521042,71,25,0,0,0,0,no_volume,0,0,0,0,no_volume,0,0,0,0,no_volume,0,0,0,0,0,0,9028,9576,0.0295,0,-1302,23,15,75,71,4
1773521043,71,25,0,0,0,0,no_volume,0,0,0,0,no_volume,0,0,0,0,no_volume,0,0,0,0,0,0,9028,9576,0.0295,0,-1302,23,15,75,71,4
1773521044,71,25,0,0,0,0,no_volume,0,0,0,0,no_volume,0,0,0,0,no_volume,0,0,0,0,0,0,9028,9576,0.0295,0,-1302,23,15,75,71,4
1773521045,71,25,0,0,0,0,no_volume,0,0,0,0,no_volume,0,0,0,0,no_volume,0,0,0,0,0,0,9028,9576,0.0295,0,-1302,23,15,75,71,4
1773521046,71,25,0,0,0,0,no_volume,0,0,0,0,no_volume,0,0,0,0,no_volume,0,0,0,0,0,0,9028,9576,0.0295,0,-1302,23,15,75,71,4
1773521047,71,25,0,0,0,0,no_volume,0,0,0,0,no_volume,0,0,0,0,no_volume,0,0,0,0,0,0,9028,9576,0.0295,0,1000,23,15,75,71,4
1773521048,71,25,0,0,0,0,no_volume,0,0,0,0,no_volume,0,0,0,0,no_volume,0,0,0,0,0,0,9028,9576,0.0295,0,0,23,15,75,71,4
1773521049,71,25,0,0,0,0,no_volume,0,0,0,0,no_volume,0,0,0,0,no_volume,0,0,0,0,0,0,9028,9576,0.0295,0,0,23,15,75,71,4
1773521050,71,25,0,0,0,0,no_volume,0,0,0,0,no_volume,0,0,0,0,no_volume,0,0,0,0,0,0,9028,9581,0.0297,0,0,23,15,75,71,4
1773521051,71,25,0,0,0,0,no_volume,0,0,0,0,no_volume,0,0,0,0,no_volume,0,0,0,0,0,0,9028,9581,0.0297,0,0,23,15,75,71,4
1773521052,71,25,0,0,0,0,no_volume,0,0,0,0,no_volume,0,0,0,0,no_volume,0,0,0,0,0,0,9028,9581,0.0297,0,0,23,15,75,71,4
1773521053,71,25,0,0,0,0,no_volume,0,0,0,0,no_volume,0,0,0,0,no_volume,0,0,0,0,0,0,9028,9581,0.0297,0,0,23,15,75,71,4
1773521054,71,25,0,0,0,0,no_volume,0,0,0,0,no_volume,0,0,0,0,no_volume,0,0,0,0,0,0,9028,9581,0.0297,0,0,23,15,75,71,4
1773521055,71,25,0,0,0,0,no_volume,0,0,0,0,no_volume,0,0,0,0,no_volume,0,0,0,0,0,0,9028,9581,0.0297,0,0,23,15,75,71,4
1773521056,71,25,0,0,0,0,no_volume,0,0,0,0,no_volume,0,0,0,0,no_volume,0,0,0,0,0,0,9028,9581,0.0297,0,0,23,15,75,71,4
1773521057,71,25,0,0,0,0,no_volume,0,0,0,0,no_volume,0,0,0,0,no_volume,0,0,0,0,0,0,9028,9581,0.0297,0,0,23,15,75,71,4
1773521058,71,25,0,0,0,0,no_volume,0,0,0,0,no_volume,0,0,0,0,no_volume,0,0,0,0,0,0,9028,9581,0.0297,0,0,23,15,75,71,4
1773521059,71,25,0,0,0,0,no_volume,0,0,0,0,no_volume,0,0,0,0,no_volume,0,0,0,0,0,0,9028,9581,0.0297,0,0,23,15,75,71,4
1773521060,71,25,0,0,0,0,no_volume,0,0,0,0,no_volume,0,0,0,0,no_volume,0,0,0,0,0,0,9028,9581,0.0297,0,0,23,15,75,71,4
1773521061,71,25,0,0,0,0,no_volume,0,0,0,0,no_volume,0,0,0,0,no_volume,0,0,0,0,0,0,9028,9581,0.0297,0,0,23,15,75,71,4
1773521062,71,25,0,0,0,0,no_volume,0,0,0,0,no_volume,0,0,0,0,no_volume,0,0,0,0,0,0,9028,9581,0.0297,0,0,23,15,75,71,4
1773521063,71,25,0,0,0,0,no_volume,0,0,0,0,no_volume,0,0,0,0,no_volume,0,0,0,0,0,0,9028,9581,0.0297,0,0,23,15,75,71,4
1773521064,71,25,0,0,0,0,no_volume,0,0,0,0,no_volume,0,0,0,0,no_volume,0,0,0,0,0,0,9028,9581,0.0297,0,0,23,15,75,71,4
1773521065,71,25,0,0,0,0,no_volume,0,0,0,0,no_volume,0,0,0,0,no_volume,0,0,0,0,0,0,9028,9581,0.0297,0,0,23,15,75,71,4
1773521066,71,25,0,0,0,0,no_volume,0,0,0,0,no_volume,0,0,0,0,no_volume,0,0,0,0,0,0,9028,9581,0.0297,0,0,23,15,75,71,4
1773521067,71,25,0,0,0,0,no_volume,0,0,0,0,no_volume,0,0,0,0,no_volume,0,0,0,0,0,0,9028,9581,0.0297,0,0,23,15,75,71,4
1773521068,71,25,0,0,0,0,no_volume,0,0,0,0,no_volume,0,0,0,0,no_volume,0,0,0,0,0,0,9028,9581,0.0297,0,0,23,15,75,71,4
1773521069,71,25,0,0,0,0,no_volume,0,0,0,0,no_volume,0,0,0,0,no_volume,0,0,0,0,0,0,9028,9581,0.0297,0,0,23,15,75,71,4
1773521070,71,25,0,0,0,0,no_volume,0,0,0,0,no_volume,0,0,0,0,no_volume,0,0,0,0,0,0,9028,9581,0.0297,0,0,23,15,75,71,4
1773521071,71,25,0,0,0,0,no_volume,0,0,0,0,no_volume,0,0,0,0,no_volume,0,0,0,0,0,0,9028,9581,0.0297,0,0,23,15,75,71,4
1773521072,69,25,0,0,0,0,no_volume,0,0,0,0,no_volume,0,0,0,0,no_volume,0,0,0,0,0,0,9028,6236,-0.1829,0,0,23,12,75,69,6
1773521073,69,25,0,0,0,0,no_volume,0,0,0,0,no_volume,0,0,0,0,no_volume,0,0,0,0,0,0,9028,9669,0.0343,0,0,23,15,75,69,6
1773521074,69,25,0,0,0,0,no_volume,0,0,0,0,no_volume,0,0,0,0,no_volume,0,0,0,0,0,0,9028,9669,0.0343,0,0,23,15,75,69,6
1773521075,69,25,0,0,0,0,no_volume,0,0,0,0,no_volume,0,0,0,0,no_volume,0,0,0,0,0,0,9048,9669,0.0332,20,20,23,15,75,69,6
1773521076,69,25,0,0,0,0,no_volume,0,0,0,0,no_volume,0,0,0,0,no_volume,0,0,0,0,0,0,9048,9669,0.0332,20,20,23,15,75,69,6
1773521077,69,25,0,0,0,0,no_volume,0,0,0,0,no_volume,0,0,0,0,no_volume,0,0,0,0,0,0,9048,9669,0.0332,20,20,23,15,75,69,6
1773521078,69,25,0,0,0,0,no_volume,0,0,0,0,no_volume,0,0,0,0,no_volume,0,0,0,0,0,0,9048,9669,0.0332,0,20,23,15,75,69,6
1773521079,69,25,0,0,0,0,no_volume,0,0,0,0,no_volume,0,0,0,0,no_volume,0,0,0,0,0,0,9048,9669,0.0332,0,20,23,15,75,69,6
ts,price_yes,price_no,3sec_norm_OFI,3sec_yes_vol,3sec_no_vol,3sec_total_vol,3sec_note,5sec_norm_OFI,5sec_yes_vol,5sec_no_vol,5sec_total_vol,5sec_note,30sec_norm_OFI,30sec_yes_vol,30sec_no_vol,30sec_total_vol,30sec_note,1sec_yes_vol,1sec_no_vol,1sec_total_vol,60sec_yes_vol,60sec_no_vol,60sec_total_vol,ask_total_depth,bid_total_depth,depth_imbalance,ask_depth_change_3s,ask_depth_change_10s,ask_levels,bid_levels,best_ask,best_bid,spread
1773521156,,,0,0,0,0,no_volume,0,0,0,0,no_volume,0,0,0,0,no_volume,0,0,0,0,0,0,0,0,0,0,0,0,0,,,
1773521157,76,20,0,0,0,0,no_volume,0,0,0,0,no_volume,0,0,0,0,no_volume,0,0,0,0,0,0,9498,9583,0.0045,9498,9498,20,16,80,76,4
1773521158,76,20,0,0,0,0,low_activity,0,0,0,0,low_activity,0,0,0,0,low_activity,0,0,0,0,0,0,8530,9583,0.0581,8530,8530,20,16,80,76,4
1773521159,76,20,0,0,0,0,low_activity,0,0,0,0,low_activity,0,0,0,0,low_activity,0,0,0,0,0,0,9377,9597,0.0116,9377,9377,20,16,80,76,4
1773521160,76,20,0,0,0,0,low_activity,0,0,0,0,low_activity,0,0,0,0,low_activity,0,0,0,0,0,0,9998,9597,-0.0205,500,9998,20,16,80,76,4
1773521161,76,19,0,0,0,0,low_activity,0,0,0,0,low_activity,0,0,0,0,low_activity,0,0,0,0,0,0,9990,9597,-0.0201,1460,9990,19,16,81,76,5
1773521162,76,19,0,0,0,0,no_volume,0,0,0,0,low_activity,0,0,0,0,low_activity,0,0,0,0,0,0,9998,9597,-0.0205,621,9998,19,16,81,76,5
1773521163,76,19,0,0,0,0,no_volume,0,0,0,0,low_activity,0,0,0,0,low_activity,0,0,0,0,0,0,9998,9597,-0.0205,0,9998,19,16,81,76,5
1773521164,76,19,0,0,0,0,no_volume,0,0,0,0,no_volume,0,0,0,0,low_activity,0,0,0,0,0,0,9372,9597,0.0119,-618,9372,19,16,81,76,5
1773521165,76,19,0,0,0,0,no_volume,0,0,0,0,no_volume,0,0,0,0,low_activity,0,0,0,0,0,0,9372,9597,0.0119,-626,9372,19,16,81,76,5
1773521166,76,19,0,0,0,0,no_volume,0,0,0,0,no_volume,0,0,0,0,low_activity,0,0,0,0,0,0,9998,9597,-0.0205,0,9998,19,16,81,76,5
1773521167,76,19,0,0,0,0,no_volume,0,0,0,0,no_volume,0,0,0,0,low_activity,0,0,0,0,0,0,9998,9597,-0.0205,626,500,19,16,81,76,5
1773521168,76,19,0,0,0,0,no_volume,0,0,0,0,no_volume,0,0,0,0,low_activity,0,0,0,0,0,0,9998,9597,-0.0205,626,1468,19,16,81,76,5
1773521169,76,19,0,0,0,0,no_volume,0,0,0,0,no_volume,0,0,0,0,low_activity,0,0,0,0,0,0,8509,9597,0.0601,-1489,-868,19,16,81,76,5
1773521170,76,19,0,0,0,0,no_volume,0,0,0,0,no_volume,0,0,0,0,low_activity,0,0,0,0,0,0,8509,9597,0.0601,-1489,-1489,19,16,81,76,5
1773521171,76,19,0,0,0,0,no_volume,0,0,0,0,no_volume,0,0,0,0,low_activity,0,0,0,0,0,0,8509,9597,0.0601,-1489,-1481,19,16,81,76,5
1773521172,76,19,0,0,0,0,no_volume,0,0,0,0,no_volume,0,0,0,0,low_activity,0,0,0,0,0,0,9135,9597,0.0247,626,-863,19,16,81,76,5
1773521173,76,19,0,0,0,0,no_volume,0,0,0,0,no_volume,0,0,0,0,low_activity,0,0,0,0,0,0,9135,9597,0.0247,626,-863,19,16,81,76,5
1773521174,76,19,0,0,0,0,low_activity,0,0,0,0,low_activity,0,0,0,0,low_activity,0,0,0,0,0,0,9081,9597,0.0276,572,-291,17,16,81,76,5
1773521175,76,19,0,0,0,0,low_activity,0,0,0,0,low_activity,0,0,0,0,low_activity,0,0,0,0,0,0,9081,9597,0.0276,-54,-291,16,16,81,76,5
1773521176,76,19,0,0,0,0,low_activity,0,0,0,0,low_activity,0,0,0,0,low_activity,0,0,0,0,0,0,8455,9597,0.0633,-680,-1543,16,16,81,76,5
1773521177,76,19,0,0,0,0,no_volume,0,0,0,0,low_activity,0,0,0,0,low_activity,0,0,0,0,0,0,8455,9597,0.0633,-626,-1543,16,16,81,76,5
1773521178,76,19,0,0,0,0,no_volume,0,0,0,0,low_activity,0,0,0,0,low_activity,0,0,0,0,0,0,9081,9597,0.0276,0,-917,16,16,81,76,5
1773521179,76,19,0,0,0,0,no_volume,0,0,0,0,no_volume,0,0,0,0,low_activity,0,0,0,0,0,0,9081,9597,0.0276,626,572,16,16,81,76,5
1773521180,76,19,0,0,0,0,no_volume,0,0,0,0,no_volume,0,0,0,0,low_activity,0,0,0,0,0,0,9081,9597,0.0276,626,572,16,16,81,76,5
1773521181,76,19,0,0,0,0,no_volume,0,0,0,0,no_volume,0,0,0,0,low_activity,0,0,0,0,0,0,9081,9597,0.0276,0,572,16,16,81,76,5
1773521182,76,19,0,0,0,0,no_volume,0,0,0,0,no_volume,0,0,0,0,low_activity,0,0,0,0,0,0,8455,9597,0.0633,-626,-680,16,16,81,76,5
1773521183,76,19,0,0,0,0,no_volume,0,0,0,0,no_volume,0,0,0,0,low_activity,0,0,0,0,0,0,8455,9597,0.0633,-626,-680,16,16,81,76,5
1773521184,76,19,0,0,0,0,no_volume,0,0,0,0,no_volume,0,0,0,0,low_activity,0,0,0,0,0,0,9081,9597,0.0276,0,0,16,16,81,76,5
1773521185,76,19,0,0,0,0,no_volume,0,0,0,0,no_volume,0,0,0,0,low_activity,0,0,0,0,0,0,9081,9597,0.0276,626,0,16,16,81,76,5
1773521186,76,19,0,0,0,0,no_volume,0,0,0,0,no_volume,0,0,0,0,low_activity,0,0,0,0,0,0,9081,9597,0.0276,626,626,16,16,81,76,5
1773521187,76,19,0,0,0,0,no_volume,0,0,0,0,no_volume,0,0,0,0,low_activity,0,0,0,0,0,0,9081,9597,0.0276,0,626,16,16,81,76,5
1773521188,76,19,0,0,0,0,no_volume,0,0,0,0,no_volume,0,0,0,0,low_activity,0,0,0,0,0,0,8455,9597,0.0633,-626,-626,16,16,81,76,5
1773521189,76,19,0,0,0,0,no_volume,0,0,0,0,no_volume,0,0,0,0,low_activity,0,0,0,0,0,0,9081,9597,0.0276,0,0,16,16,81,76,5
1773521190,76,19,0,0,0,0,no_volume,0,0,0,0,no_volume,0,0,0,0,low_activity,0,0,0,0,0,0,9081,9597,0.0276,0,0,16,16,81,76,5
1773521191,76,19,0,0,0,0,no_volume,0,0,0,0,no_volume,0,0,0,0,low_activity,0,0,0,0,0,0,9015,9564,0.0295,560,-66,16,15,81,76,5
1773521192,76,19,0,0,0,0,no_volume,0,0,0,0,no_volume,0,0,0,0,low_activity,0,0,0,0,0,0,9015,9564,0.0295,-66,560,16,15,81,76,5
1773521193,76,19,0,0,0,0,no_volume,0,0,0,0,no_volume,0,0,0,0,low_activity,0,0,0,0,0,0,9015,9564,0.0295,-66,560,16,15,81,76,5
1773521194,76,19,0,0,0,0,no_volume,0,0,0,0,no_volume,0,0,0,0,low_activity,0,0,0,0,0,0,7378,6570,-0.0579,-1637,-1703,16,13,81,76,5
1773521195,76,19,0,0,0,0,no_volume,0,0,0,0,no_volume,0,0,0,0,low_activity,0,0,0,0,0,0,8378,9570,0.0664,-637,-703,16,16,81,76,5
1773521196,76,19,0,0,0,0,no_volume,0,0,0,0,no_volume,0,0,0,0,low_activity,0,0,0,0,0,0,9004,9570,0.0305,-11,-77,16,16,81,76,5
1773521197,76,19,0,0,0,0,no_volume,0,0,0,0,no_volume,0,0,0,0,low_activity,0,0,0,0,0,0,9004,9570,0.0305,1626,-77,16,16,81,76,5
1773521198,76,19,0,0,0,0,no_volume,0,0,0,0,no_volume,0,0,0,0,low_activity,0,0,0,0,0,0,9004,9570,0.0305,626,549,16,16,81,76,5
1773521199,76,19,0,0,0,0,no_volume,0,0,0,0,no_volume,0,0,0,0,low_activity,0,0,0,0,0,0,9004,9570,0.0305,0,-77,16,16,81,76,5
1773521200,76,19,0,0,0,0,no_volume,0,0,0,0,no_volume,0,0,0,0,low_activity,0,0,0,0,0,0,8378,9570,0.0664,-626,-703,16,16,81,76,5
1773521201,76,19,0,0,0,0,no_volume,0,0,0,0,no_volume,0,0,0,0,low_activity,0,0,0,0,0,0,9004,9570,0.0305,0,-11,16,16,81,76,5
1773521202,76,19,0,0,0,0,no_volume,0,0,0,0,no_volume,0,0,0,0,low_activity,0,0,0,0,0,0,9004,9570,0.0305,0,-11,16,16,81,76,5
1773521203,76,19,0,0,0,0,no_volume,0,0,0,0,no_volume,0,0,0,0,low_activity,0,0,0,0,0,0,9034,9600,0.0304,656,19,17,16,81,76,5
1773521204,76,19,0,0,0,0,no_volume,0,0,0,0,no_volume,0,0,0,0,no_volume,0,0,0,0,0,0,9034,9600,0.0304,30,1656,17,16,81,76,5
1773521205,76,19,0,0,0,0,no_volume,0,0,0,0,no_volume,0,0,0,0,no_volume,0,0,0,0,0,0,8029,9600,0.0891,-975,-349,17,16,81,76,5
1773521206,74,19,0,0,0,0,no_volume,0,0,0,0,no_volume,0,0,0,0,no_volume,0,0,0,0,0,0,7403,6572,-0.0595,-1631,-1601,17,12,81,74,7
1773521207,74,19,0,0,0,0,no_volume,0,0,0,0,no_volume,0,0,0,0,no_volume,0,0,0,0,0,0,8029,9572,0.0877,-1005,-975,17,14,81,74,7
1773521208,74,19,0,0,0,0,no_volume,0,0,0,0,no_volume,0,0,0,0,no_volume,0,0,0,0,0,0,8029,9572,0.0877,0,-975,17,15,81,74,7
1773521209,74,19,0,0,0,0,no_volume,0,0,0,0,no_volume,0,0,0,0,no_volume,0,0,0,0,0,0,8049,9572,0.0864,646,-955,17,15,81,74,7
1773521210,74,19,0,0,0,0,no_volume,0,0,0,0,no_volume,0,0,0,0,no_volume,0,0,0,0,0,0,8049,9572,0.0864,20,-329,17,15,81,74,7
1773521211,74,19,0,0,0,0,no_volume,0,0,0,0,no_volume,0,0,0,0,no_volume,0,0,0,0,0,0,8049,9572,0.0864,20,-955,17,14,81,74,7
1773521212,74,19,0,0,0,0,no_volume,0,0,0,0,no_volume,0,0,0,0,no_volume,0,0,0,0,0,0,7423,9572,0.1264,-626,-1581,17,14,81,74,7
1773521213,74,19,0,0,0,0,no_volume,0,0,0,0,no_volume,0,0,0,0,no_volume,0,0,0,0,0,0,8049,9572,0.0864,0,-985,17,14,81,74,7
1773521214,74,19,0,0,0,0,no_volume,0,0,0,0,no_volume,0,0,0,0,no_volume,0,0,0,0,0,0,8049,9572,0.0864,0,-985,17,14,81,74,7
1773521215,74,19,0,0,0,0,no_volume,0,0,0,0,no_volume,0,0,0,0,no_volume,0,0,0,0,0,0,8049,9572,0.0864,626,20,17,14,81,74,7
1773521216,74,19,0,0,0,0,no_volume,0,0,0,0,no_volume,0,0,0,0,no_volume,0,0,0,0,0,0,7423,9572,0.1264,-626,20,17,14,81,74,7
1773521217,74,19,0,0,0,0,no_volume,0,0,0,0,no_volume,0,0,0,0,no_volume,0,0,0,0,0,0,8049,9572,0.0864,0,20,17,14,81,74,7
1773521218,74,19,0,0,0,0,no_volume,0,0,0,0,no_volume,0,0,0,0,no_volume,0,0,0,0,0,0,7423,9572,0.1264,-626,-606,17,14,81,74,7
1773521219,74,19,0,0,0,0,no_volume,0,0,0,0,no_volume,0,0,0,0,no_volume,0,0,0,0,0,0,8049,7566,-0.0309,626,0,17,13,81,74,7
1773521220,73,21,0,0,0,0,no_volume,0,0,0,0,no_volume,0,0,0,0,no_volume,0,0,0,0,0,0,8228,6669,-0.1047,179,179,19,15,79,73,6
1773521221,73,21,0,0,0,0,no_volume,0,0,0,0,no_volume,0,0,0,0,no_volume,0,0,0,0,0,0,7752,9669,0.11,329,-297,20,18,79,73,6
1773521222,73,21,0,0,0,0,no_volume,0,0,0,0,no_volume,0,0,0,0,no_volume,0,0,0,0,0,0,8752,9669,0.0498,703,1329,20,18,79,73,6
1773521223,73,21,0,0,0,0,no_volume,0,0,0,0,no_volume,0,0,0,0,no_volume,0,0,0,0,0,0,7626,9669,0.1181,-602,-423,20,18,79,73,6
1773521224,73,21,0,0,0,0,no_volume,0,0,0,0,no_volume,0,0,0,0,no_volume,0,0,0,0,0,0,7626,9669,0.1181,-126,-423,20,18,79,73,6
1773521225,72,21,0,0,0,0,no_volume,0,0,0,0,no_volume,0,0,0,0,no_volume,0,0,0,0,0,0,8692,9663,0.0529,-60,643,20,17,79,72,7
1773521226,69,21,0,0,0,0,no_volume,0,0,0,0,no_volume,0,0,0,0,no_volume,0,0,0,0,0,0,8692,9673,0.0534,1066,1269,20,17,79,69,10
1773521227,69,21,0,0,0,0,no_volume,0,0,0,0,no_volume,0,0,0,0,no_volume,0,0,0,0,0,0,8692,9673,0.0534,1066,643,20,17,79,69,10
1773521228,69,21,0,0,0,0,no_volume,0,0,0,0,no_volume,0,0,0,0,no_volume,0,0,0,0,0,0,8692,9673,0.0534,0,1269,20,17,79,69,10
1773521229,69,21,0,0,0,0,no_volume,0,0,0,0,no_volume,0,0,0,0,no_volume,0,0,0,0,0,0,8692,9673,0.0534,0,643,20,17,79,69,10
1773521230,69,21,0,0,0,0,no_volume,0,0,0,0,no_volume,0,0,0,0,no_volume,0,0,0,0,0,0,8066,9668,0.0903,-626,-162,20,17,79,69,10
1773521231,69,21,0,0,0,0,no_volume,0,0,0,0,no_volume,0,0,0,0,no_volume,0,0,0,0,0,0,8692,9668,0.0532,0,940,20,17,79,69,10
1773521232,69,21,0,0,0,0,no_volume,0,0,0,0,no_volume,0,0,0,0,no_volume,0,0,0,0,0,0,8692,9668,0.0532,0,-60,20,17,79,69,10
1773521233,69,21,0,0,0,0,no_volume,0,0,0,0,no_volume,0,0,0,0,no_volume,0,0,0,0,0,0,8692,9668,0.0532,626,1066,20,17,79,69,10
1773521234,69,21,0,0,0,0,no_volume,0,0,0,0,no_volume,0,0,0,0,no_volume,0,0,0,0,0,0,8697,9673,0.0531,5,1071,20,17,79,69,10
1773521235,69,23,0,0,0,0,no_volume,0,0,0,0,no_volume,0,0,0,0,no_volume,0,0,0,0,0,0,8697,9673,0.0531,5,5,22,17,77,69,8
1773521236,69,23,0,0,0,0,no_volume,0,0,0,0,no_volume,0,0,0,0,no_volume,0,0,0,0,0,0,8064,9673,0.0907,-628,-628,22,17,77,69,8
1773521237,69,24,0,0,0,0,no_volume,0,0,0,0,no_volume,0,0,0,0,no_volume,0,0,0,0,0,0,8783,9719,0.0506,86,91,22,18,76,69,7
1773521238,69,25,0,0,0,0,no_volume,0,0,0,0,no_volume,0,0,0,0,no_volume,0,0,0,0,0,0,8477,9719,0.0683,-220,-215,22,18,75,69,6
1773521239,69,25,0,0,0,0,no_volume,0,0,0,0,no_volume,0,0,0,0,no_volume,0,0,0,0,0,0,8477,9719,0.0683,413,-215,21,18,75,69,6
1773521240,69,25,0,0,0,0,no_volume,0,0,0,0,no_volume,0,0,0,0,no_volume,0,0,0,0,0,0,8477,9719,0.0683,-306,411,21,18,75,69,6
1773521241,69,25,0,0,0,0,no_volume,0,0,0,0,no_volume,0,0,0,0,no_volume,0,0,0,0,0,0,7851,9719,0.1063,-626,-841,21,18,75,69,6
1773521242,69,25,0,0,0,0,low_activity,0,0,0,0,low_activity,0,0,0,0,low_activity,0,0,0,0,0,0,7849,9719,0.1064,-628,-843,21,18,75,69,6
1773521243,69,25,0,0,0,0,low_activity,0,0,0,0,low_activity,0,0,0,0,low_activity,0,0,0,0,0,0,8475,9719,0.0684,-2,-217,21,18,75,69,6
1773521244,69,24,0,0,0,0,low_activity,0,0,0,0,low_activity,0,0,0,0,low_activity,0,0,0,0,0,0,8540,9719,0.0646,689,-157,20,18,76,69,7
1773521245,69,26,0,0,0,0,no_volume,0,0,0,0,low_activity,0,0,0,0,low_activity,0,0,0,0,0,0,9034,8729,-0.0172,1185,337,21,17,74,69,5
1773521246,69,25,0,0,0,0,no_volume,0,0,0,0,low_activity,0,0,0,0,low_activity,0,0,0,0,0,0,8897,9729,0.0447,422,833,20,16,75,69,6
1773521247,69,25,0,0,0,0,no_volume,0,0,0,0,no_volume,0,0,0,0,low_activity,0,0,0,0,0,0,8271,9729,0.081,-269,-512,20,15,75,69,6
1773521248,69,25,0,0,0,0,no_volume,0,0,0,0,no_volume,0,0,0,0,low_activity,0,0,0,0,0,0,8271,9729,0.081,-763,-206,20,15,75,69,6
1773521249,69,25,0,0,0,0,low_activity,0,0,0,0,low_activity,0,0,0,0,low_activity,0,0,0,0,0,0,8891,9729,0.045,-6,414,19,15,75,69,6
1773521250,69,25,0,0,0,0,low_activity,0,0,0,0,low_activity,0,0,0,0,low_activity,0,0,0,0,0,0,8890,9729,0.0451,619,413,19,15,75,69,6
1773521251,69,25,0,0,0,0,low_activity,0,0,0,0,low_activity,0,0,0,0,low_activity,0,0,0,0,0,0,8890,9729,0.0451,619,1039,19,15,75,69,6
1773521252,69,25,0,0,0,0,no_volume,0,0,0,0,low_activity,0,0,0,0,low_activity,0,0,0,0,0,0,8890,9729,0.0451,-1,1041,19,15,75,69,6
1773521253,69,25,0,0,0,0,no_volume,0,0,0,0,low_activity,0,0,0,0,low_activity,0,0,0,0,0,0,8264,9729,0.0814,-626,-211,19,15,75,69,6
1773521254,69,25,0,0,0,0,no_volume,0,0,0,0,no_volume,0,0,0,0,low_activity,0,0,0,0,0,0,8264,9729,0.0814,-626,-276,19,15,75,69,6
1773521255,69,25,0,0,0,0,no_volume,0,0,0,0,no_volume,0,0,0,0,low_activity,0,0,0,0,0,0,8890,9729,0.0451,0,-144,20,15,75,69,6
1773521256,69,25,0,0,0,0,no_volume,0,0,0,0,no_volume,0,0,0,0,low_activity,0,0,0,0,0,0,8890,9729,0.0451,626,-7,20,15,75,69,6
1773521257,69,25,0,0,0,0,no_volume,0,0,0,0,no_volume,0,0,0,0,low_activity,0,0,0,0,0,0,8890,9731,0.0452,626,619,20,15,75,69,6
1773521258,69,24,0,0,0,0,low_activity,0,0,0,0,low_activity,0,0,0,0,low_activity,0,0,0,0,0,0,8846,9731,0.0476,-44,575,19,15,76,69,7
1773521259,69,24,0,0,0,0,low_activity,0,0,0,0,low_activity,0,0,0,0,low_activity,0,0,0,0,0,0,7296,9731,0.143,-1594,-1595,20,15,76,69,7
1773521260,69,24,0,0,0,0,low_activity,0,0,0,0,low_activity,0,0,0,0,low_activity,0,0,0,0,0,0,8316,9745,0.0791,-574,-574,20,15,76,69,7
1773521261,69,24,0,0,0,0,no_volume,0,0,0,0,low_activity,0,0,0,0,low_activity,0,0,0,0,0,0,8942,9745,0.043,96,52,20,15,76,69,7
1773521262,69,24,0,0,0,0,no_volume,0,0,0,0,low_activity,0,0,0,0,low_activity,0,0,0,0,0,0,8942,9745,0.043,1646,52,20,15,76,69,7
1773521263,69,24,0,0,0,0,no_volume,0,0,0,0,no_volume,0,0,0,0,low_activity,0,0,0,0,0,0,8947,9745,0.0427,631,683,20,15,76,69,7
1773521264,69,24,0,0,0,0,no_volume,0,0,0,0,no_volume,0,0,0,0,low_activity,0,0,0,0,0,0,8942,9745,0.043,0,678,20,15,76,69,7
1773521265,69,24,0,0,0,0,no_volume,0,0,0,0,no_volume,0,0,0,0,low_activity,0,0,0,0,0,0,8316,9745,0.0791,-626,-574,20,15,76,69,7
1773521266,69,24,0,0,0,0,no_volume,0,0,0,0,no_volume,0,0,0,0,low_activity,0,0,0,0,0,0,8316,9745,0.0791,-631,-574,20,15,76,69,7
1773521267,69,24,0,0,0,0,no_volume,0,0,0,0,no_volume,0,0,0,0,low_activity,0,0,0,0,0,0,8942,9745,0.043,0,52,20,15,76,69,7
1773521268,69,24,0,0,0,0,no_volume,0,0,0,0,no_volume,0,0,0,0,low_activity,0,0,0,0,0,0,8942,9745,0.043,626,96,20,15,76,69,7
1773521269,69,24,0,0,0,0,no_volume,0,0,0,0,no_volume,0,0,0,0,low_activity,0,0,0,0,0,0,8942,9745,0.043,626,1646,20,15,76,69,7
1773521270,69,24,0,0,0,0,no_volume,0,0,0,0,no_volume,0,0,0,0,low_activity,0,0,0,0,0,0,8947,9745,0.0427,5,631,20,15,76,69,7
1773521271,69,24,0,0,0,0,no_volume,0,0,0,0,no_volume,0,0,0,0,low_activity,0,0,0,0,0,0,8316,9745,0.0791,-626,-626,20,15,76,69,7
1773521272,69,24,0,0,0,0,no_volume,0,0,0,0,no_volume,0,0,0,0,low_activity,0,0,0,0,0,0,8316,9745,0.0791,-626,-626,20,15,76,69,7
1773521273,69,24,0,0,0,0,no_volume,0,0,0,0,no_volume,0,0,0,0,low_activity,0,0,0,0,0,0,8947,9745,0.0427,0,0,20,15,76,69,7
1773521274,69,24,0,0,0,0,no_volume,0,0,0,0,no_volume,0,0,0,0,low_activity,0,0,0,0,0,0,8942,9745,0.043,626,0,20,15,76,69,7
1773521275,69,24,0,0,0,0,no_volume,0,0,0,0,no_volume,0,0,0,0,low_activity,0,0,0,0,0,0,9079,9745,0.0354,763,763,20,15,76,69,7
1773521276,69,24,0,0,0,0,no_volume,0,0,0,0,no_volume,0,0,0,0,low_activity,0,0,0,0,0,0,9044,9748,0.0375,97,728,20,15,76,69,7
1773521277,69,24,0,0,0,0,no_volume,0,0,0,0,no_volume,0,0,0,0,low_activity,0,0,0,0,0,0,8417,9748,0.0733,-525,-525,21,15,76,69,7
1773521278,69,24,0,0,0,0,no_volume,0,0,0,0,no_volume,0,0,0,0,low_activity,0,0,0,0,0,0,8412,9748,0.0736,-667,-530,20,15,76,69,7
1773521279,69,24,0,0,0,0,no_volume,0,0,0,0,no_volume,0,0,0,0,low_activity,0,0,0,0,0,0,9038,9748,0.0378,-6,96,20,15,76,69,7
1773521280,69,24,0,0,0,0,no_volume,0,0,0,0,no_volume,0,0,0,0,low_activity,0,0,0,0,0,0,9038,9748,0.0378,621,91,20,15,76,69,7
1773521281,69,24,0,0,0,0,no_volume,0,0,0,0,no_volume,0,0,0,0,low_activity,0,0,0,0,0,0,9038,9748,0.0378,626,722,20,15,76,69,7
1773521282,69,24,0,0,0,0,no_volume,0,0,0,0,no_volume,0,0,0,0,low_activity,0,0,0,0,0,0,9038,9748,0.0378,0,722,20,15,76,69,7
1773521283,69,24,0,0,0,0,no_volume,0,0,0,0,no_volume,0,0,0,0,low_activity,0,0,0,0,0,0,8412,9748,0.0736,-626,-535,20,15,76,69,7
1773521284,69,24,0,0,0,0,no_volume,0,0,0,0,no_volume,0,0,0,0,low_activity,0,0,0,0,0,0,9038,9748,0.0378,0,96,20,15,76,69,7
1773521285,69,24,0,0,0,0,no_volume,0,0,0,0,no_volume,0,0,0,0,low_activity,0,0,0,0,0,0,9038,9748,0.0378,0,-41,20,15,76,69,7
1773521286,69,24,0,0,0,0,no_volume,0,0,0,0,no_volume,0,0,0,0,low_activity,0,0,0,0,0,0,9038,9748,0.0378,626,-6,20,15,76,69,7
1773521287,69,24,0,0,0,0,no_volume,0,0,0,0,no_volume,0,0,0,0,low_activity,0,0,0,0,0,0,9038,9748,0.0378,0,621,20,15,76,69,7
1773521288,69,24,0,0,0,0,no_volume,0,0,0,0,no_volume,0,0,0,0,no_volume,0,0,0,0,0,0,9038,9748,0.0378,0,626,20,15,76,69,7
1773521289,69,24,0,0,0,0,no_volume,0,0,0,0,no_volume,0,0,0,0,no_volume,0,0,0,0,0,0,8412,9748,0.0736,-626,-626,20,15,76,69,7
1773521290,69,24,0,0,0,0,no_volume,0,0,0,0,no_volume,0,0,0,0,no_volume,0,0,0,0,0,0,8412,9748,0.0736,-626,-626,20,15,76,69,7
1773521291,69,24,0,0,0,0,no_volume,0,0,0,0,no_volume,0,0,0,0,no_volume,0,0,0,0,0,0,9038,9748,0.0378,0,0,20,15,76,69,7
1773521292,69,24,0,0,0,0,no_volume,0,0,0,0,no_volume,0,0,0,0,no_volume,0,0,0,0,0,0,9175,9748,0.0303,763,137,20,15,76,69,7
1773521293,69,24,0,0,0,0,no_volume,0,0,0,0,no_volume,0,0,0,0,no_volume,0,0,0,0,0,0,9043,9748,0.0375,631,631,20,15,76,69,7
1773521294,69,24,0,0,0,0,no_volume,0,0,0,0,no_volume,0,0,0,0,no_volume,0,0,0,0,0,0,9038,9748,0.0378,0,0,20,15,76,69,7
1773521295,69,24,0,0,0,0,no_volume,0,0,0,0,no_volume,0,0,0,0,no_volume,0,0,0,0,0,0,8412,9748,0.0736,-763,-626,20,15,76,69,7
1773521296,69,24,0,0,0,0,no_volume,0,0,0,0,no_volume,0,0,0,0,no_volume,0,0,0,0,0,0,8549,9748,0.0655,-494,-489,20,15,76,69,7
1773521297,69,24,0,0,0,0,no_volume,0,0,0,0,no_volume,0,0,0,0,no_volume,0,0,0,0,0,0,9180,9748,0.03,142,142,20,15,76,69,7
1773521298,69,24,0,0,0,0,no_volume,0,0,0,0,no_volume,0,0,0,0,no_volume,0,0,0,0,0,0,9038,9748,0.0378,626,0,20,15,76,69,7
1773521299,69,24,0,0,0,0,no_volume,0,0,0,0,no_volume,0,0,0,0,no_volume,0,0,0,0,0,0,9175,6744,-0.1527,626,763,20,14,76,69,7
1773521300,69,24,0,0,0,0,no_volume,0,0,0,0,no_volume,0,0,0,0,no_volume,0,0,0,0,0,0,9175,9744,0.0301,-5,763,20,17,76,69,7
1773521301,69,24,0,0,0,0,no_volume,0,0,0,0,no_volume,0,0,0,0,no_volume,0,0,0,0,0,0,7412,9744,0.1359,-1626,-1626,20,17,76,69,7
1773521302,69,24,0,0,0,0,no_volume,0,0,0,0,no_volume,0,0,0,0,no_volume,0,0,0,0,0,0,8412,9744,0.0734,-763,-763,20,17,76,69,7
1773521303,69,24,0,0,0,0,no_volume,0,0,0,0,no_volume,0,0,0,0,no_volume,0,0,0,0,0,0,9175,9744,0.0301,0,132,20,17,76,69,7
1773521304,69,24,0,0,0,0,no_volume,0,0,0,0,no_volume,0,0,0,0,no_volume,0,0,0,0,0,0,9038,9744,0.0376,1626,0,20,17,76,69,7
1773521305,69,24,0,0,0,0,no_volume,0,0,0,0,no_volume,0,0,0,0,no_volume,0,0,0,0,0,0,9175,9744,0.0301,763,763,20,17,76,69,7
1773521306,70,24,0,0,0,0,no_volume,0,0,0,0,no_volume,0,0,0,0,no_volume,0,0,0,0,0,0,9071,9748,0.036,-104,522,20,18,76,70,6
1773521307,70,24,0,0,0,0,no_volume,0,0,0,0,no_volume,0,0,0,0,no_volume,0,0,0,0,0,0,8440,9748,0.0719,-598,-740,20,18,76,70,6
1773521308,70,24,0,0,0,0,no_volume,0,0,0,0,no_volume,0,0,0,0,no_volume,0,0,0,0,0,0,7577,9748,0.1253,-1598,-1461,20,18,76,70,6
1773521309,70,24,0,0,0,0,no_volume,0,0,0,0,no_volume,0,0,0,0,no_volume,0,0,0,0,0,0,9066,9748,0.0362,-5,-109,20,18,76,70,6
1773521310,70,24,0,0,0,0,no_volume,0,0,0,0,no_volume,0,0,0,0,no_volume,0,0,0,0,0,0,9203,9748,0.0288,763,28,20,18,76,70,6
1773521311,70,24,0,0,0,0,no_volume,0,0,0,0,no_volume,0,0,0,0,no_volume,0,0,0,0,0,0,9071,9748,0.036,1494,1659,20,18,76,70,6
1773521312,70,24,0,0,0,0,no_volume,0,0,0,0,no_volume,0,0,0,0,no_volume,0,0,0,0,0,0,9066,9748,0.0362,0,654,20,18,76,70,6
1773521313,70,24,0,0,0,0,no_volume,0,0,0,0,no_volume,0,0,0,0,no_volume,0,0,0,0,0,0,8582,9748,0.0636,-621,-593,20,18,76,70,6
1773521314,70,24,0,0,0,0,no_volume,0,0,0,0,no_volume,0,0,0,0,no_volume,0,0,0,0,0,0,8440,9748,0.0719,-631,-598,20,18,76,70,6
1773521315,70,24,0,0,0,0,no_volume,0,0,0,0,no_volume,0,0,0,0,no_volume,0,0,0,0,0,0,9066,9748,0.0362,0,-109,20,18,76,70,6
1773521316,70,24,0,0,0,0,no_volume,0,0,0,0,no_volume,0,0,0,0,no_volume,0,0,0,0,0,0,9066,9748,0.0362,484,-5,20,18,76,70,6
1773521317,70,24,0,0,0,0,no_volume,0,0,0,0,no_volume,0,0,0,0,no_volume,0,0,0,0,0,0,9066,9748,0.0362,626,626,20,18,76,70,6
1773521318,70,24,0,0,0,0,no_volume,0,0,0,0,no_volume,0,0,0,0,no_volume,0,0,0,0,0,0,9066,9748,0.0362,0,1489,20,18,76,70,6
1773521319,70,24,0,0,0,0,no_volume,0,0,0,0,no_volume,0,0,0,0,no_volume,0,0,0,0,0,0,8440,9748,0.0719,-626,-626,20,18,76,70,6
1773521320,70,24,0,0,0,0,no_volume,0,0,0,0,no_volume,0,0,0,0,no_volume,0,0,0,0,0,0,9066,9748,0.0362,0,-137,20,18,76,70,6
1773521321,70,24,0,0,0,0,no_volume,0,0,0,0,no_volume,0,0,0,0,no_volume,0,0,0,0,0,0,9066,9748,0.0362,0,-5,20,18,76,70,6
1773521322,70,24,0,0,0,0,no_volume,0,0,0,0,no_volume,0,0,0,0,no_volume,0,0,0,0,0,0,9066,9748,0.0362,626,0,20,18,76,70,6
1773521323,70,24,0,0,0,0,no_volume,0,0,0,0,no_volume,0,0,0,0,no_volume,0,0,0,0,0,0,9066,9748,0.0362,0,484,20,18,76,70,6
1773521324,70,24,0,0,0,0,no_volume,0,0,0,0,no_volume,0,0,0,0,no_volume,0,0,0,0,0,0,9066,9748,0.0362,0,626,20,18,76,70,6
1773521325,70,24,0,0,0,0,no_volume,0,0,0,0,no_volume,0,0,0,0,no_volume,0,0,0,0,0,0,8440,9748,0.0719,-626,-626,20,18,76,70,6
1773521326,70,24,0,0,0,0,no_volume,0,0,0,0,no_volume,0,0,0,0,no_volume,0,0,0,0,0,0,8440,9748,0.0719,-626,-626,20,18,76,70,6
1773521327,70,24,0,0,0,0,no_volume,0,0,0,0,no_volume,0,0,0,0,no_volume,0,0,0,0,0,0,9066,9748,0.0362,0,0,20,18,76,70,6
1773521328,70,24,0,0,0,0,no_volume,0,0,0,0,no_volume,0,0,0,0,no_volume,0,0,0,0,0,0,9066,9748,0.0362,626,0,20,18,76,70,6
1773521329,70,24,0,0,0,0,no_volume,0,0,0,0,no_volume,0,0,0,0,no_volume,0,0,0,0,0,0,9066,9748,0.0362,626,626,20,18,76,70,6
1773521330,70,24,0,0,0,0,no_volume,0,0,0,0,no_volume,0,0,0,0,no_volume,0,0,0,0,0,0,9066,9748,0.0362,0,0,20,18,76,70,6
1773521331,70,24,0,0,0,0,no_volume,0,0,0,0,no_volume,0,0,0,0,no_volume,0,0,0,0,0,0,8440,9748,0.0719,-626,-626,20,18,76,70,6
1773521332,70,24,0,0,0,0,no_volume,0,0,0,0,no_volume,0,0,0,0,no_volume,0,0,0,0,0,0,8440,9748,0.0719,-626,-626,20,18,76,70,6
1773521333,70,24,0,0,0,0,no_volume,0,0,0,0,no_volume,0,0,0,0,no_volume,0,0,0,0,0,0,9066,9748,0.0362,0,0,20,18,76,70,6
1773521334,70,24,0,0,0,0,no_volume,0,0,0,0,no_volume,0,0,0,0,no_volume,0,0,0,0,0,0,9066,9748,0.0362,626,0,20,18,76,70,6
1773521335,70,24,0,0,0,0,no_volume,0,0,0,0,no_volume,0,0,0,0,no_volume,0,0,0,0,0,0,9066,9748,0.0362,626,626,20,18,76,70,6
1773521336,70,24,0,0,0,0,no_volume,0,0,0,0,no_volume,0,0,0,0,no_volume,0,0,0,0,0,0,9066,9748,0.0362,0,626,20,18,76,70,6
1773521337,70,24,0,0,0,0,no_volume,0,0,0,0,no_volume,0,0,0,0,no_volume,0,0,0,0,0,0,8440,9748,0.0719,-626,-626,20,18,76,70,6
1773521338,70,24,0,0,0,0,no_volume,0,0,0,0,no_volume,0,0,0,0,no_volume,0,0,0,0,0,0,9066,9748,0.0362,0,0,20,18,76,70,6
1773521339,70,24,0,0,0,0,no_volume,0,0,0,0,no_volume,0,0,0,0,no_volume,0,0,0,0,0,0,9066,9748,0.0362,0,0,20,18,76,70,6
1773521340,70,24,0,0,0,0,no_volume,0,0,0,0,no_volume,0,0,0,0,no_volume,0,0,0,0,0,0,9066,9748,0.0362,626,0,20,18,76,70,6
1773521341,70,24,0,0,0,0,no_volume,0,0,0,0,no_volume,0,0,0,0,no_volume,0,0,0,0,0,0,9066,9748,0.0362,0,626,20,18,76,70,6
1773521342,70,24,0,0,0,0,no_volume,0,0,0,0,no_volume,0,0,0,0,no_volume,0,0,0,0,0,0,9066,9748,0.0362,0,626,20,18,76,70,6
1773521343,70,24,0,0,0,0,no_volume,0,0,0,0,no_volume,0,0,0,0,no_volume,0,0,0,0,0,0,8440,9748,0.0719,-626,-626,20,18,76,70,6
1773521344,70,24,0,0,0,0,no_volume,0,0,0,0,no_volume,0,0,0,0,no_volume,0,0,0,0,0,0,8577,9748,0.0639,-489,-489,20,18,76,70,6
1773521345,70,24,0,0,0,0,no_volume,0,0,0,0,no_volume,0,0,0,0,no_volume,0,0,0,0,0,0,9208,9748,0.0285,142,142,20,18,76,70,6
1773521346,70,24,0,0,0,0,no_volume,0,0,0,0,no_volume,0,0,0,0,no_volume,0,0,0,0,0,0,9189,9748,0.0295,749,123,20,18,76,70,6
1773521347,70,24,0,0,0,0,no_volume,0,0,0,0,no_volume,0,0,0,0,no_volume,0,0,0,0,0,0,9189,9748,0.0295,612,749,20,18,76,70,6
1773521348,70,24,0,0,0,0,no_volume,0,0,0,0,no_volume,0,0,0,0,no_volume,0,0,0,0,0,0,9189,9748,0.0295,-19,123,20,18,76,70,6
1773521349,70,24,0,0,0,0,no_volume,0,0,0,0,no_volume,0,0,0,0,no_volume,0,0,0,0,0,0,8563,9748,0.0647,-626,-503,20,18,76,70,6
1773521350,70,24,0,0,0,0,no_volume,0,0,0,0,no_volume,0,0,0,0,no_volume,0,0,0,0,0,0,9052,9748,0.037,-137,-14,20,18,76,70,6
1773521351,70,24,0,0,0,0,no_volume,0,0,0,0,no_volume,0,0,0,0,no_volume,0,0,0,0,0,0,9047,9748,0.0373,-142,-19,20,18,76,70,6
1773521352,70,24,0,0,0,0,no_volume,0,0,0,0,no_volume,0,0,0,0,no_volume,0,0,0,0,0,0,9047,9748,0.0373,484,-19,20,18,76,70,6
1773521353,70,24,0,0,0,0,no_volume,0,0,0,0,no_volume,0,0,0,0,no_volume,0,0,0,0,0,0,9047,9748,0.0373,-5,607,20,18,76,70,6
1773521354,70,24,0,0,0,0,no_volume,0,0,0,0,no_volume,0,0,0,0,no_volume,0,0,0,0,0,0,9184,9778,0.0313,137,607,20,18,76,70,6
1773521355,70,24,0,0,0,0,no_volume,0,0,0,0,no_volume,0,0,0,0,no_volume,0,0,0,0,0,0,8421,9778,0.0746,-626,-787,20,18,76,70,6
1773521356,70,24,0,0,0,0,no_volume,0,0,0,0,no_volume,0,0,0,0,no_volume,0,0,0,0,0,0,8043,9773,0.0971,-1004,-1146,20,17,76,70,6
1773521357,70,24,0,0,0,0,no_volume,0,0,0,0,no_volume,0,0,0,0,no_volume,0,0,0,0,0,0,9043,9746,0.0374,-141,-146,20,17,76,70,6
1773521358,70,24,0,0,0,0,no_volume,0,0,0,0,no_volume,0,0,0,0,no_volume,0,0,0,0,0,0,9043,9746,0.0374,622,-146,20,17,76,70,6
1773521359,70,24,0,0,0,0,no_volume,0,0,0,0,no_volume,0,0,0,0,no_volume,0,0,0,0,0,0,9043,9746,0.0374,1000,480,20,17,76,70,6
1773521360,70,24,0,0,0,0,no_volume,0,0,0,0,no_volume,0,0,0,0,no_volume,0,0,0,0,0,0,8417,9746,0.0732,-626,-635,20,17,76,70,6
1773521361,70,24,0,0,0,0,no_volume,0,0,0,0,no_volume,0,0,0,0,no_volume,0,0,0,0,0,0,8417,9746,0.0732,-626,-630,20,17,76,70,6
1773521362,70,24,0,0,0,0,no_volume,0,0,0,0,no_volume,0,0,0,0,no_volume,0,0,0,0,0,0,9043,9746,0.0374,0,-4,20,17,76,70,6
1773521363,70,24,0,0,0,0,no_volume,0,0,0,0,no_volume,0,0,0,0,no_volume,0,0,0,0,0,0,9043,9746,0.0374,626,-4,20,17,76,70,6
1773521364,70,24,0,0,0,0,no_volume,0,0,0,0,no_volume,0,0,0,0,no_volume,0,0,0,0,0,0,9043,8746,-0.0167,626,-141,20,16,76,70,6
1773521365,70,24,0,0,0,0,no_volume,0,0,0,0,no_volume,0,0,0,0,no_volume,0,0,0,0,0,0,9043,9746,0.0374,0,622,20,18,76,70,6
1773521366,70,24,0,0,0,0,no_volume,0,0,0,0,no_volume,0,0,0,0,no_volume,0,0,0,0,0,0,8417,9746,0.0732,-626,374,20,18,76,70,6
1773521367,70,24,0,0,0,0,no_volume,0,0,0,0,no_volume,0,0,0,0,no_volume,0,0,0,0,0,0,8417,9746,0.0732,-626,-626,20,18,76,70,6
1773521368,70,24,0,0,0,0,no_volume,0,0,0,0,no_volume,0,0,0,0,no_volume,0,0,0,0,0,0,9043,9746,0.0374,0,0,20,18,76,70,6
1773521369,70,24,0,0,0,0,no_volume,0,0,0,0,no_volume,0,0,0,0,no_volume,0,0,0,0,0,0,9043,9746,0.0374,626,0,20,18,76,70,6
1773521370,70,24,0,0,0,0,no_volume,0,0,0,0,no_volume,0,0,0,0,no_volume,0,0,0,0,0,0,9043,9746,0.0374,626,626,20,18,76,70,6
1773521371,70,24,0,0,0,0,no_volume,0,0,0,0,no_volume,0,0,0,0,no_volume,0,0,0,0,0,0,9043,9746,0.0374,0,626,20,18,76,70,6
1773521372,70,24,0,0,0,0,no_volume,0,0,0,0,no_volume,0,0,0,0,no_volume,0,0,0,0,0,0,8043,9746,0.0957,-1000,-1000,20,18,76,70,6
1773521373,70,24,0,0,0,0,no_volume,0,0,0,0,no_volume,0,0,0,0,no_volume,0,0,0,0,0,0,8417,9746,0.0732,-626,-626,20,18,76,70,6
1773521374,70,24,0,0,0,0,no_volume,0,0,0,0,no_volume,0,0,0,0,no_volume,0,0,0,0,0,0,9043,9746,0.0374,0,0,20,18,76,70,6
1773521375,70,24,0,0,0,0,no_volume,0,0,0,0,no_volume,0,0,0,0,no_volume,0,0,0,0,0,0,9043,9746,0.0374,1000,0,20,18,76,70,6
1773521376,70,24,0,0,0,0,no_volume,0,0,0,0,no_volume,0,0,0,0,no_volume,0,0,0,0,0,0,9043,9746,0.0374,626,626,20,18,76,70,6
1773521377,70,24,0,0,0,0,no_volume,0,0,0,0,no_volume,0,0,0,0,no_volume,0,0,0,0,0,0,9043,9746,0.0374,0,626,20,18,76,70,6
1773521378,70,24,0,0,0,0,no_volume,0,0,0,0,no_volume,0,0,0,0,no_volume,0,0,0,0,0,0,8417,9746,0.0732,-626,-626,20,18,76,70,6
1773521379,70,24,0,0,0,0,no_volume,0,0,0,0,no_volume,0,0,0,0,no_volume,0,0,0,0,0,0,8417,9746,0.0732,-626,-626,20,18,76,70,6
1773521380,70,24,0,0,0,0,no_volume,0,0,0,0,no_volume,0,0,0,0,no_volume,0,0,0,0,0,0,9043,9746,0.0374,0,0,20,18,76,70,6
1773521381,70,24,0,0,0,0,no_volume,0,0,0,0,no_volume,0,0,0,0,no_volume,0,0,0,0,0,0,9043,9746,0.0374,626,0,20,18,76,70,6
1773521382,70,24,0,0,0,0,no_volume,0,0,0,0,no_volume,0,0,0,0,no_volume,0,0,0,0,0,0,9043,9746,0.0374,626,1000,20,18,76,70,6
1773521383,70,24,0,0,0,0,no_volume,0,0,0,0,no_volume,0,0,0,0,no_volume,0,0,0,0,0,0,9043,9746,0.0374,0,626,20,18,76,70,6
1773521384,70,24,0,0,0,0,no_volume,0,0,0,0,no_volume,0,0,0,0,no_volume,0,0,0,0,0,0,8417,9746,0.0732,-626,-626,20,18,76,70,6
1773521385,70,24,0,0,0,0,no_volume,0,0,0,0,no_volume,0,0,0,0,no_volume,0,0,0,0,0,0,8417,9746,0.0732,-626,-626,20,18,76,70,6
1773521386,70,24,0,0,0,0,no_volume,0,0,0,0,no_volume,0,0,0,0,no_volume,0,0,0,0,0,0,9043,9746,0.0374,0,0,20,18,76,70,6
1773521387,70,24,0,0,0,0,no_volume,0,0,0,0,no_volume,0,0,0,0,no_volume,0,0,0,0,0,0,9043,9746,0.0374,626,0,20,18,76,70,6
1773521388,70,24,0,0,0,0,no_volume,0,0,0,0,no_volume,0,0,0,0,no_volume,0,0,0,0,0,0,8043,6666,-0.0936,-374,-374,20,16,76,70,6
1773521389,70,24,0,0,0,0,no_volume,0,0,0,0,no_volume,0,0,0,0,no_volume,0,0,0,0,0,0,8043,9666,0.0916,-1000,-374,20,18,76,70,6
1773521390,70,24,0,0,0,0,no_volume,0,0,0,0,no_volume,0,0,0,0,no_volume,0,0,0,0,0,0,8417,9666,0.0691,-626,-626,20,18,76,70,6
1773521391,70,24,0,0,0,0,no_volume,0,0,0,0,no_volume,0,0,0,0,no_volume,0,0,0,0,0,0,8417,9666,0.0691,374,-626,20,18,76,70,6
1773521392,70,24,0,0,0,0,no_volume,0,0,0,0,no_volume,0,0,0,0,no_volume,0,0,0,0,0,0,9043,9666,0.0333,1000,0,20,18,76,70,6
1773521393,70,24,0,0,0,0,no_volume,0,0,0,0,no_volume,0,0,0,0,no_volume,0,0,0,0,0,0,9043,9666,0.0333,626,0,20,18,76,70,6
1773521394,70,24,0,0,0,0,no_volume,0,0,0,0,no_volume,0,0,0,0,no_volume,0,0,0,0,0,0,8043,9666,0.0916,-374,-374,20,18,76,70,6
1773521395,70,24,0,0,0,0,no_volume,0,0,0,0,no_volume,0,0,0,0,no_volume,0,0,0,0,0,0,8043,9666,0.0916,-1000,-374,20,18,76,70,6
1773521396,70,24,0,0,0,0,no_volume,0,0,0,0,no_volume,0,0,0,0,no_volume,0,0,0,0,0,0,7417,9666,0.1317,-1626,-1626,20,18,76,70,6
1773521397,70,24,0,0,0,0,no_volume,0,0,0,0,no_volume,0,0,0,0,no_volume,0,0,0,0,0,0,7417,9666,0.1317,-626,-1626,20,18,76,70,6
1773521398,70,24,0,0,0,0,no_volume,0,0,0,0,no_volume,0,0,0,0,no_volume,0,0,0,0,0,0,8043,9666,0.0916,0,0,20,18,76,70,6
1773521399,70,24,0,0,0,0,no_volume,0,0,0,0,no_volume,0,0,0,0,no_volume,0,0,0,0,0,0,8043,9666,0.0916,626,0,20,18,76,70,6
1773521400,70,24,0,0,0,0,no_volume,0,0,0,0,no_volume,0,0,0,0,no_volume,0,0,0,0,0,0,9043,9666,0.0333,1626,626,20,18,76,70,6
1773521401,70,24,0,0,0,0,no_volume,0,0,0,0,no_volume,0,0,0,0,no_volume,0,0,0,0,0,0,9043,9666,0.0333,1000,626,20,18,76,70,6
1773521402,70,24,0,0,0,0,no_volume,0,0,0,0,no_volume,0,0,0,0,no_volume,0,0,0,0,0,0,8417,9666,0.0691,374,-626,20,18,76,70,6
1773521403,70,24,0,0,0,0,no_volume,0,0,0,0,no_volume,0,0,0,0,no_volume,0,0,0,0,0,0,8417,9666,0.0691,-626,-626,20,18,76,70,6
1773521404,70,24,0,0,0,0,no_volume,0,0,0,0,no_volume,0,0,0,0,no_volume,0,0,0,0,0,0,9043,9666,0.0333,0,1000,20,18,76,70,6
1773521405,70,24,0,0,0,0,no_volume,0,0,0,0,no_volume,0,0,0,0,no_volume,0,0,0,0,0,0,9043,9666,0.0333,626,1000,20,18,76,70,6
1773521406,70,24,0,0,0,0,no_volume,0,0,0,0,no_volume,0,0,0,0,no_volume,0,0,0,0,0,0,9043,9666,0.0333,626,1626,20,18,76,70,6
1773521407,70,24,0,0,0,0,no_volume,0,0,0,0,no_volume,0,0,0,0,no_volume,0,0,0,0,0,0,9043,9666,0.0333,0,1626,20,18,76,70,6
1773521408,70,24,0,0,0,0,no_volume,0,0,0,0,no_volume,0,0,0,0,no_volume,0,0,0,0,0,0,8417,9666,0.0691,-626,374,20,18,76,70,6
1773521409,70,24,0,0,0,0,no_volume,0,0,0,0,no_volume,0,0,0,0,no_volume,0,0,0,0,0,0,8417,9666,0.0691,-626,374,20,18,76,70,6
1773521410,70,24,0,0,0,0,no_volume,0,0,0,0,no_volume,0,0,0,0,no_volume,0,0,0,0,0,0,9043,9666,0.0333,0,0,20,18,76,70,6
1773521411,70,24,0,0,0,0,no_volume,0,0,0,0,no_volume,0,0,0,0,no_volume,0,0,0,0,0,0,8043,6666,-0.0936,-374,-1000,20,16,76,70,6
1773521412,70,24,0,0,0,0,no_volume,0,0,0,0,no_volume,0,0,0,0,no_volume,0,0,0,0,0,0,8043,6666,-0.0936,-374,-374,20,16,76,70,6
1773521413,70,24,0,0,0,0,no_volume,0,0,0,0,no_volume,0,0,0,0,no_volume,0,0,0,0,0,0,8043,6666,-0.0936,-1000,-374,20,16,76,70,6
1773521414,70,24,0,0,0,0,no_volume,0,0,0,0,no_volume,0,0,0,0,no_volume,0,0,0,0,0,0,7417,6666,-0.0533,-626,-1626,20,16,76,70,6
1773521415,70,24,0,0,0,0,low_activity,0,0,0,0,low_activity,0,0,0,0,low_activity,0,0,0,0,0,0,7414,6666,-0.0531,-629,-1629,20,16,76,70,6
1773521416,70,24,0,0,0,0,low_activity,0,0,0,0,low_activity,0,0,0,0,low_activity,0,0,0,0,0,0,8040,6666,-0.0934,-3,-1003,20,16,76,70,6
1773521417,70,24,0,0,0,0,low_activity,0,0,0,0,low_activity,0,0,0,0,low_activity,0,0,0,0,0,0,8040,6666,-0.0934,623,-1003,20,16,76,70,6
1773521418,70,24,0,0,0,0,no_volume,0,0,0,0,low_activity,0,0,0,0,low_activity,0,0,0,0,0,0,8040,6666,-0.0934,626,-377,20,16,76,70,6
1773521419,70,21,0,0,0,0,low_activity,0,0,0,0,low_activity,0,0,0,0,low_activity,0,0,0,0,0,0,8012,6666,-0.0917,-28,-405,19,16,79,70,9
1773521420,70,21,0,0,0,0,low_activity,0,0,0,0,low_activity,0,0,0,0,low_activity,0,0,0,0,0,0,7395,6715,-0.0482,-645,-1648,20,16,79,70,9
1773521421,70,21,0,0,0,0,low_activity,0,0,0,0,low_activity,0,0,0,0,low_activity,0,0,0,0,0,0,7395,6715,-0.0482,-645,-648,19,16,79,70,9
1773521422,70,21,0,0,0,0,no_volume,0,0,0,0,low_activity,0,0,0,0,low_activity,0,0,0,0,0,0,8021,6715,-0.0886,9,-22,20,16,79,70,9
1773521423,70,21,0,0,0,0,no_volume,0,0,0,0,low_activity,0,0,0,0,low_activity,0,0,0,0,0,0,8021,6715,-0.0886,626,-22,19,16,79,70,9
1773521424,70,21,0,0,0,0,no_volume,0,0,0,0,no_volume,0,0,0,0,low_activity,0,0,0,0,0,0,8021,6715,-0.0886,626,604,20,16,79,70,9
1773521425,70,21,0,0,0,0,no_volume,0,0,0,0,no_volume,0,0,0,0,low_activity,0,0,0,0,0,0,8021,6715,-0.0886,0,607,20,16,79,70,9
1773521426,70,21,0,0,0,0,no_volume,0,0,0,0,no_volume,0,0,0,0,low_activity,0,0,0,0,0,0,7395,6715,-0.0482,-626,-645,20,16,79,70,9
1773521427,70,21,0,0,0,0,no_volume,0,0,0,0,no_volume,0,0,0,0,low_activity,0,0,0,0,0,0,7395,6715,-0.0482,-626,-645,20,16,79,70,9
1773521428,70,21,0,0,0,0,no_volume,0,0,0,0,no_volume,0,0,0,0,low_activity,0,0,0,0,0,0,8021,6715,-0.0886,0,-19,19,16,79,70,9
1773521429,70,21,0,0,0,0,no_volume,0,0,0,0,no_volume,0,0,0,0,low_activity,0,0,0,0,0,0,8021,6715,-0.0886,626,9,20,16,79,70,9
1773521430,70,21,0,0,0,0,no_volume,0,0,0,0,no_volume,0,0,0,0,low_activity,0,0,0,0,0,0,8021,6715,-0.0886,626,626,19,16,79,70,9
1773521431,70,21,0,0,0,0,no_volume,0,0,0,0,no_volume,0,0,0,0,low_activity,0,0,0,0,0,0,8021,6715,-0.0886,0,626,20,16,79,70,9
1773521432,70,21,0,0,0,0,no_volume,0,0,0,0,no_volume,0,0,0,0,low_activity,0,0,0,0,0,0,7395,6715,-0.0482,-626,-626,19,16,79,70,9
1773521433,70,21,0,0,0,0,no_volume,0,0,0,0,no_volume,0,0,0,0,low_activity,0,0,0,0,0,0,8021,6715,-0.0886,0,0,19,16,79,70,9
1773521434,70,21,0,0,0,0,no_volume,0,0,0,0,no_volume,0,0,0,0,low_activity,0,0,0,0,0,0,8021,6715,-0.0886,0,0,20,16,79,70,9
1773521435,70,21,0,0,0,0,no_volume,0,0,0,0,no_volume,0,0,0,0,low_activity,0,0,0,0,0,0,8021,6715,-0.0886,626,0,19,16,79,70,9
1773521436,70,21,0,0,0,0,no_volume,0,0,0,0,no_volume,0,0,0,0,low_activity,0,0,0,0,0,0,8021,6715,-0.0886,0,626,20,16,79,70,9
1773521437,72,21,0,0,0,0,no_volume,0,0,0,0,no_volume,0,0,0,0,low_activity,0,0,0,0,0,0,8021,6730,-0.0875,0,626,19,17,79,72,7
1773521438,72,21,0,0,0,0,no_volume,0,0,0,0,no_volume,0,0,0,0,low_activity,0,0,0,0,0,0,7395,6730,-0.0471,-626,-626,19,17,79,72,7
1773521439,72,21,0,0,0,0,no_volume,0,0,0,0,no_volume,0,0,0,0,low_activity,0,0,0,0,0,0,7395,6730,-0.0471,-626,-626,19,17,79,72,7
1773521440,72,21,0,0,0,0,no_volume,0,0,0,0,no_volume,0,0,0,0,low_activity,0,0,0,0,0,0,8021,6728,-0.0877,0,0,19,17,79,72,7
1773521441,72,21,0,0,0,0,no_volume,0,0,0,0,no_volume,0,0,0,0,low_activity,0,0,0,0,0,0,8021,6728,-0.0877,626,0,19,17,79,72,7
1773521442,72,21,0,0,0,0,no_volume,0,0,0,0,no_volume,0,0,0,0,low_activity,0,0,0,0,0,0,8021,6728,-0.0877,626,626,19,17,79,72,7
1773521443,72,21,0,0,0,0,no_volume,0,0,0,0,no_volume,0,0,0,0,low_activity,0,0,0,0,0,0,8021,6728,-0.0877,0,0,19,17,79,72,7
1773521444,79,19,0,0,0,0,low_activity,0,0,0,0,low_activity,0,0,0,0,low_activity,0,0,0,0,0,0,7394,6701,-0.0492,-627,-627,19,16,81,79,2
1773521445,79,19,0,0,0,0,low_activity,0,0,0,0,low_activity,0,0,0,0,low_activity,0,0,0,0,0,0,7394,6701,-0.0492,-627,-627,19,16,81,79,2
1773521446,79,19,0,0,0,0,low_activity,0,0,0,0,low_activity,0,0,0,0,low_activity,0,0,0,0,0,0,8020,6701,-0.0896,-1,-1,19,16,81,79,2
1773521447,79,19,0,0,0,0,no_volume,0,0,0,0,low_activity,0,0,0,0,low_activity,0,0,0,0,0,0,8020,6715,-0.0886,626,-1,19,16,81,79,2
1773521448,79,19,0,0,0,0,no_volume,0,0,0,0,low_activity,0,0,0,0,low_activity,0,0,0,0,0,0,8020,6705,-0.0893,626,625,19,16,81,79,2
1773521449,79,19,0,0,0,0,no_volume,0,0,0,0,no_volume,0,0,0,0,low_activity,0,0,0,0,0,0,8020,6705,-0.0893,0,625,19,16,81,79,2
1773521450,79,19,0,0,0,0,no_volume,0,0,0,0,no_volume,0,0,0,0,low_activity,0,0,0,0,0,0,7394,6705,-0.0489,-626,-627,19,16,81,79,2
1773521451,79,19,0,0,0,0,no_volume,0,0,0,0,no_volume,0,0,0,0,low_activity,0,0,0,0,0,0,7394,6705,-0.0489,-626,-627,19,16,81,79,2
1773521452,79,19,0,0,0,0,no_volume,0,0,0,0,no_volume,0,0,0,0,low_activity,0,0,0,0,0,0,8020,6705,-0.0893,0,-1,19,15,81,79,2
1773521453,79,19,0,0,0,0,no_volume,0,0,0,0,no_volume,0,0,0,0,low_activity,0,0,0,0,0,0,8020,6705,-0.0893,626,-1,19,15,81,79,2
1773521454,79,19,0,0,0,0,no_volume,0,0,0,0,no_volume,0,0,0,0,low_activity,0,0,0,0,0,0,8020,6705,-0.0893,626,626,19,15,81,79,2
1773521455,79,19,0,0,0,0,no_volume,0,0,0,0,no_volume,0,0,0,0,low_activity,0,0,0,0,0,0,8020,6705,-0.0893,0,626,19,15,81,79,2
1773521456,79,19,0,0,0,0,no_volume,0,0,0,0,no_volume,0,0,0,0,low_activity,0,0,0,0,0,0,7394,6705,-0.0489,-626,-626,19,15,81,79,2
1773521457,79,19,0,0,0,0,no_volume,0,0,0,0,no_volume,0,0,0,0,low_activity,0,0,0,0,0,0,7394,6705,-0.0489,-626,-626,19,15,81,79,2
1773521458,79,19,0,0,0,0,no_volume,0,0,0,0,no_volume,0,0,0,0,low_activity,0,0,0,0,0,0,8020,6705,-0.0893,0,0,19,15,81,79,2
1773521459,79,19,0,0,0,0,no_volume,0,0,0,0,no_volume,0,0,0,0,low_activity,0,0,0,0,0,0,8020,6705,-0.0893,626,0,19,15,81,79,2
1773521460,79,19,0,0,0,0,no_volume,0,0,0,0,no_volume,0,0,0,0,low_activity,0,0,0,0,0,0,8020,6705,-0.0893,626,626,19,15,81,79,2
1773521461,79,19,0,0,0,0,no_volume,0,0,0,0,no_volume,0,0,0,0,low_activity,0,0,0,0,0,0,8020,6705,-0.0893,0,626,19,15,81,79,2
1773521462,79,19,0,0,0,0,no_volume,0,0,0,0,no_volume,0,0,0,0,low_activity,0,0,0,0,0,0,7394,6705,-0.0489,-626,-626,19,15,81,79,2
1773521463,79,19,0,0,0,0,no_volume,0,0,0,0,no_volume,0,0,0,0,low_activity,0,0,0,0,0,0,7394,6705,-0.0489,-626,-626,19,15,81,79,2
1773521464,79,19,0,0,0,0,no_volume,0,0,0,0,no_volume,0,0,0,0,low_activity,0,0,0,0,0,0,8020,6705,-0.0893,0,0,19,15,81,79,2
1773521465,79,19,0,0,0,0,no_volume,0,0,0,0,no_volume,0,0,0,0,low_activity,0,0,0,0,0,0,8020,6705,-0.0893,626,0,19,15,81,79,2
1773521466,79,19,0,0,0,0,no_volume,0,0,0,0,no_volume,0,0,0,0,low_activity,0,0,0,0,0,0,8020,6705,-0.0893,626,626,19,15,81,79,2
1773521467,79,19,0,0,0,0,no_volume,0,0,0,0,no_volume,0,0,0,0,low_activity,0,0,0,0,0,0,7394,6705,-0.0489,-626,0,19,15,81,79,2
1773521468,79,19,0,0,0,0,no_volume,0,0,0,0,no_volume,0,0,0,0,low_activity,0,0,0,0,0,0,7394,6705,-0.0489,-626,-626,19,15,81,79,2
1773521469,79,19,0,0,0,0,no_volume,0,0,0,0,no_volume,0,0,0,0,low_activity,0,0,0,0,0,0,8020,6705,-0.0893,0,0,19,15,81,79,2
1773521470,79,19,0,0,0,0,no_volume,0,0,0,0,no_volume,0,0,0,0,low_activity,0,0,0,0,0,0,8020,6705,-0.0893,626,0,19,15,81,79,2
1773521471,79,19,0,0,0,0,no_volume,0,0,0,0,no_volume,0,0,0,0,low_activity,0,0,0,0,0,0,8020,6705,-0.0893,626,0,19,15,81,79,2
1773521472,79,19,0,0,0,0,no_volume,0,0,0,0,no_volume,0,0,0,0,low_activity,0,0,0,0,0,0,8020,6705,-0.0893,0,626,19,15,81,79,2
1773521473,79,19,0,0,0,0,no_volume,0,0,0,0,no_volume,0,0,0,0,low_activity,0,0,0,0,0,0,8020,6705,-0.0893,0,626,19,15,81,79,2
1773521474,79,19,0,0,0,0,no_volume,0,0,0,0,no_volume,0,0,0,0,no_volume,0,0,0,0,0,0,7394,6705,-0.0489,-626,-626,19,15,81,79,2
1773521475,79,19,0,0,0,0,no_volume,0,0,0,0,no_volume,0,0,0,0,no_volume,0,0,0,0,0,0,8020,6705,-0.0893,0,0,19,15,81,79,2
1773521476,79,19,0,0,0,0,no_volume,0,0,0,0,no_volume,0,0,0,0,no_volume,0,0,0,0,0,0,8020,6705,-0.0893,0,0,19,15,81,79,2
1773521477,79,19,0,0,0,0,no_volume,0,0,0,0,no_volume,0,0,0,0,no_volume,0,0,0,0,0,0,8020,6705,-0.0893,626,626,19,15,81,79,2
1773521478,79,19,0,0,0,0,no_volume,0,0,0,0,no_volume,0,0,0,0,no_volume,0,0,0,0,0,0,8020,6705,-0.0893,0,626,19,15,81,79,2
1773521479,79,19,0,0,0,0,no_volume,0,0,0,0,no_volume,0,0,0,0,no_volume,0,0,0,0,0,0,8020,6705,-0.0893,0,0,19,15,81,79,2
1773521480,79,19,0,0,0,0,no_volume,0,0,0,0,no_volume,0,0,0,0,no_volume,0,0,0,0,0,0,7394,6705,-0.0489,-626,-626,19,15,81,79,2
1773521481,79,19,0,0,0,0,no_volume,0,0,0,0,no_volume,0,0,0,0,no_volume,0,0,0,0,0,0,8020,6705,-0.0893,0,0,19,15,81,79,2
1773521482,79,19,0,0,0,0,no_volume,0,0,0,0,no_volume,0,0,0,0,no_volume,0,0,0,0,0,0,8020,6705,-0.0893,0,0,19,15,81,79,2
1773521483,79,19,0,0,0,0,no_volume,0,0,0,0,no_volume,0,0,0,0,no_volume,0,0,0,0,0,0,8020,6705,-0.0893,626,0,19,15,81,79,2
1773521484,79,19,0,0,0,0,no_volume,0,0,0,0,no_volume,0,0,0,0,no_volume,0,0,0,0,0,0,8020,6705,-0.0893,0,626,19,15,81,79,2
1773521485,79,19,0,0,0,0,no_volume,0,0,0,0,no_volume,0,0,0,0,no_volume,0,0,0,0,0,0,8020,6705,-0.0893,0,0,19,15,81,79,2
1773521486,79,19,0,0,0,0,no_volume,0,0,0,0,no_volume,0,0,0,0,no_volume,0,0,0,0,0,0,7394,6705,-0.0489,-626,-626,19,15,81,79,2
1773521487,79,19,0,0,0,0,no_volume,0,0,0,0,no_volume,0,0,0,0,no_volume,0,0,0,0,0,0,8020,6705,-0.0893,0,0,19,15,81,79,2
1773521488,79,19,0,0,0,0,no_volume,0,0,0,0,no_volume,0,0,0,0,no_volume,0,0,0,0,0,0,8020,6705,-0.0893,0,0,19,15,81,79,2
1773521489,79,19,0,0,0,0,no_volume,0,0,0,0,no_volume,0,0,0,0,no_volume,0,0,0,0,0,0,8020,6705,-0.0893,626,0,19,15,81,79,2
1773521490,79,19,0,0,0,0,no_volume,0,0,0,0,no_volume,0,0,0,0,no_volume,0,0,0,0,0,0,8020,6705,-0.0893,0,626,19,15,81,79,2
1773521491,79,19,0,0,0,0,no_volume,0,0,0,0,no_volume,0,0,0,0,no_volume,0,0,0,0,0,0,8020,6705,-0.0893,0,0,19,15,81,79,2
1773521492,79,19,0,0,0,0,no_volume,0,0,0,0,no_volume,0,0,0,0,no_volume,0,0,0,0,0,0,7394,6705,-0.0489,-626,-626,19,15,81,79,2
1773521493,79,19,0,0,0,0,no_volume,0,0,0,0,no_volume,0,0,0,0,no_volume,0,0,0,0,0,0,8020,6705,-0.0893,0,0,19,15,81,79,2
1773521494,79,19,0,0,0,0,no_volume,0,0,0,0,no_volume,0,0,0,0,no_volume,0,0,0,0,0,0,8020,6705,-0.0893,0,0,19,15,81,79,2
1773521495,79,19,0,0,0,0,no_volume,0,0,0,0,no_volume,0,0,0,0,no_volume,0,0,0,0,0,0,8020,6705,-0.0893,626,0,19,15,81,79,2
1773521496,79,19,0,0,0,0,no_volume,0,0,0,0,no_volume,0,0,0,0,no_volume,0,0,0,0,0,0,8020,6705,-0.0893,0,626,19,15,81,79,2
1773521497,79,19,0,0,0,0,no_volume,0,0,0,0,no_volume,0,0,0,0,no_volume,0,0,0,0,0,0,8020,6705,-0.0893,0,0,19,15,81,79,2
1773521498,79,19,0,0,0,0,no_volume,0,0,0,0,no_volume,0,0,0,0,no_volume,0,0,0,0,0,0,7394,6705,-0.0489,-626,-626,19,15,81,79,2
1773521499,79,19,0,0,0,0,no_volume,0,0,0,0,no_volume,0,0,0,0,no_volume,0,0,0,0,0,0,8020,6705,-0.0893,0,0,19,15,81,79,2
1773521500,79,19,0,0,0,0,low_activity,0,0,0,0,low_activity,0,0,0,0,low_activity,0,0,0,0,0,0,8020,6663,-0.0924,0,0,19,15,81,79,2
1773521501,79,19,0,0,0,0,low_activity,0,0,0,0,low_activity,0,0,0,0,low_activity,0,0,0,0,0,0,8020,6663,-0.0924,626,0,19,15,81,79,2
1773521502,79,19,0,0,0,0,low_activity,0,0,0,0,low_activity,0,0,0,0,low_activity,0,0,0,0,0,0,8020,6663,-0.0924,0,626,19,15,81,79,2
1773521503,79,19,0,0,0,0,no_volume,0,0,0,0,low_activity,0,0,0,0,low_activity,0,0,0,0,0,0,7394,6663,-0.052,-626,-626,19,15,81,79,2
1773521504,79,19,0,0,0,0,no_volume,0,0,0,0,low_activity,0,0,0,0,low_activity,0,0,0,0,0,0,7394,6663,-0.052,-626,-626,19,15,81,79,2
1773521505,79,19,0,0,0,0,no_volume,0,0,0,0,no_volume,0,0,0,0,low_activity,0,0,0,0,0,0,8020,6663,-0.0924,0,0,19,15,81,79,2
1773521506,79,19,0,0,0,0,no_volume,0,0,0,0,no_volume,0,0,0,0,low_activity,0,0,0,0,0,0,8020,6663,-0.0924,626,0,19,15,81,79,2
1773521507,79,19,0,0,0,0,no_volume,0,0,0,0,no_volume,0,0,0,0,low_activity,0,0,0,0,0,0,8020,6663,-0.0924,626,0,19,15,81,79,2
1773521508,79,19,0,0,0,0,no_volume,0,0,0,0,no_volume,0,0,0,0,low_activity,0,0,0,0,0,0,8020,6663,-0.0924,0,626,19,15,81,79,2
1773521509,79,19,0,0,0,0,no_volume,0,0,0,0,no_volume,0,0,0,0,low_activity,0,0,0,0,0,0,7394,6663,-0.052,-626,-626,19,15,81,79,2
1773521510,79,19,0,0,0,0,no_volume,0,0,0,0,no_volume,0,0,0,0,low_activity,0,0,0,0,0,0,7394,6663,-0.052,-626,-626,19,15,81,79,2
1773521511,79,19,0,0,0,0,no_volume,0,0,0,0,no_volume,0,0,0,0,low_activity,0,0,0,0,0,0,8040,6681,-0.0923,20,20,19,15,81,79,2
1773521512,72,19,0,0,0,0,low_activity,0,0,0,0,low_activity,0,0,0,0,low_activity,0,0,0,0,0,0,8055,6694,-0.0923,661,35,18,14,81,72,9
1773521513,70,20,0,0,0,0,low_activity,0,0,0,0,low_activity,0,0,0,0,low_activity,0,0,0,0,0,0,8050,6709,-0.0909,656,656,19,14,80,70,10
1773521514,70,20,0,0,0,0,low_activity,0,0,0,0,low_activity,0,0,0,0,low_activity,0,0,0,0,0,0,8050,6709,-0.0909,10,656,19,14,80,70,10
1773521515,70,20,0,0,0,0,no_volume,0,0,0,0,low_activity,0,0,0,0,low_activity,0,0,0,0,0,0,8055,6709,-0.0912,0,35,19,14,80,70,10
1773521516,70,21,0,0,0,0,no_volume,0,0,0,0,low_activity,0,0,0,0,low_activity,0,0,0,0,0,0,7429,6709,-0.0509,-621,-591,20,14,79,70,9
1773521517,70,21,0,0,0,0,no_volume,0,0,0,0,no_volume,0,0,0,0,low_activity,0,0,0,0,0,0,8055,6709,-0.0912,5,35,20,14,79,70,9
1773521518,70,21,0,0,0,0,no_volume,0,0,0,0,no_volume,0,0,0,0,low_activity,0,0,0,0,0,0,8055,6709,-0.0912,0,35,20,14,79,70,9
1773521519,70,21,0,0,0,0,no_volume,0,0,0,0,no_volume,0,0,0,0,low_activity,0,0,0,0,0,0,8055,6709,-0.0912,626,661,20,14,79,70,9
1773521520,70,21,0,0,0,0,no_volume,0,0,0,0,no_volume,0,0,0,0,low_activity,0,0,0,0,0,0,8064,6723,-0.0907,9,670,20,14,79,70,9
1773521521,70,21,0,0,0,0,no_volume,0,0,0,0,no_volume,0,0,0,0,low_activity,0,0,0,0,0,0,7438,6723,-0.0505,-617,-602,20,14,79,70,9
1773521522,70,21,0,0,0,0,no_volume,0,0,0,0,no_volume,0,0,0,0,low_activity,0,0,0,0,0,0,7438,6701,-0.0521,-617,-617,20,14,79,70,9
1773521523,71,21,0,0,0,0,no_volume,0,0,0,0,no_volume,0,0,0,0,low_activity,0,0,0,0,0,0,8064,6715,-0.0913,0,14,20,15,79,71,8
1773521524,71,21,0,0,0,0,no_volume,0,0,0,0,no_volume,0,0,0,0,low_activity,0,0,0,0,0,0,8064,6715,-0.0913,626,14,20,15,79,71,8
1773521525,71,19,0,0,0,0,no_volume,0,0,0,0,no_volume,0,0,0,0,low_activity,0,0,0,0,0,0,8077,6715,-0.0921,639,22,18,14,81,71,10
1773521526,71,19,0,0,0,0,no_volume,0,0,0,0,no_volume,0,0,0,0,low_activity,0,0,0,0,0,0,8077,6715,-0.0921,13,648,18,14,81,71,10
1773521527,71,19,0,0,0,0,no_volume,0,0,0,0,no_volume,0,0,0,0,low_activity,0,0,0,0,0,0,7451,6715,-0.052,-613,-604,18,14,81,71,10
1773521528,71,19,0,0,0,0,no_volume,0,0,0,0,no_volume,0,0,0,0,low_activity,0,0,0,0,0,0,7451,6730,-0.0508,-626,-604,18,14,81,71,10
1773521529,71,19,0,0,0,0,no_volume,0,0,0,0,no_volume,0,0,0,0,low_activity,0,0,0,0,0,0,8077,6730,-0.091,0,22,18,14,81,71,10
1773521530,71,19,0,0,0,0,no_volume,0,0,0,0,no_volume,0,0,0,0,low_activity,0,0,0,0,0,0,8077,6702,-0.093,626,13,18,14,81,71,10
1773521531,71,20,0,0,0,0,no_volume,0,0,0,0,no_volume,0,0,0,0,low_activity,0,0,0,0,0,0,8059,6702,-0.0919,608,621,19,14,80,71,9
1773521532,71,20,0,0,0,0,no_volume,0,0,0,0,no_volume,0,0,0,0,low_activity,0,0,0,0,0,0,8059,6702,-0.0919,-18,621,19,14,80,71,9
1773521533,71,20,0,0,0,0,no_volume,0,0,0,0,no_volume,0,0,0,0,low_activity,0,0,0,0,0,0,7433,6702,-0.0517,-644,-631,19,14,80,71,9
1773521534,71,20,0,0,0,0,no_volume,0,0,0,0,no_volume,0,0,0,0,low_activity,0,0,0,0,0,0,7433,6702,-0.0517,-626,-631,19,14,80,71,9
1773521535,71,20,0,0,0,0,no_volume,0,0,0,0,no_volume,0,0,0,0,low_activity,0,0,0,0,0,0,8059,6702,-0.0919,0,-18,19,14,80,71,9
1773521536,71,21,0,0,0,0,no_volume,0,0,0,0,no_volume,0,0,0,0,low_activity,0,0,0,0,0,0,8064,6702,-0.0922,631,-13,20,14,79,71,8
1773521537,71,21,0,0,0,0,no_volume,0,0,0,0,no_volume,0,0,0,0,low_activity,0,0,0,0,0,0,8064,6702,-0.0922,631,613,20,14,79,71,8
1773521538,71,21,0,0,0,0,no_volume,0,0,0,0,no_volume,0,0,0,0,low_activity,0,0,0,0,0,0,8064,6702,-0.0922,5,613,20,14,79,71,8
1773521539,71,21,0,0,0,0,no_volume,0,0,0,0,no_volume,0,0,0,0,low_activity,0,0,0,0,0,0,7438,6702,-0.0521,-626,-639,20,14,79,71,8
1773521540,71,21,0,0,0,0,no_volume,0,0,0,0,no_volume,0,0,0,0,low_activity,0,0,0,0,0,0,7438,6699,-0.0523,-626,-639,20,14,79,71,8
1773521541,71,21,0,0,0,0,no_volume,0,0,0,0,no_volume,0,0,0,0,low_activity,0,0,0,0,0,0,8064,6699,-0.0925,0,5,20,14,79,71,8
1773521542,71,21,0,0,0,0,no_volume,0,0,0,0,no_volume,0,0,0,0,no_volume,0,0,0,0,0,0,8064,6699,-0.0925,626,5,20,14,79,71,8
1773521543,71,21,0,0,0,0,no_volume,0,0,0,0,no_volume,0,0,0,0,no_volume,0,0,0,0,0,0,8064,6699,-0.0925,626,631,19,14,79,71,8
1773521544,71,21,0,0,0,0,no_volume,0,0,0,0,no_volume,0,0,0,0,no_volume,0,0,0,0,0,0,8064,6699,-0.0925,0,631,20,14,79,71,8
1773521545,71,21,0,0,0,0,low_activity,0,0,0,0,low_activity,0,0,0,0,low_activity,0,0,0,0,0,0,7401,6699,-0.0498,-663,-658,20,14,79,71,8
1773521546,71,19,0,0,0,0,low_activity,0,0,0,0,low_activity,0,0,0,0,low_activity,0,0,0,0,0,0,7419,6699,-0.051,-645,-645,19,14,81,71,10
1773521547,71,19,0,0,0,0,low_activity,0,0,0,0,low_activity,0,0,0,0,low_activity,0,0,0,0,0,0,8045,6699,-0.0913,-19,-19,19,14,81,71,10
1773521548,71,19,0,0,0,0,no_volume,0,0,0,0,low_activity,0,0,0,0,low_activity,0,0,0,0,0,0,8045,6699,-0.0913,644,-19,19,14,81,71,10
1773521549,71,19,0,0,0,0,no_volume,0,0,0,0,low_activity,0,0,0,0,low_activity,0,0,0,0,0,0,8045,6699,-0.0913,626,607,19,14,81,71,10
1773521550,71,19,0,0,0,0,no_volume,0,0,0,0,no_volume,0,0,0,0,low_activity,0,0,0,0,0,0,7414,6699,-0.0507,-631,-24,19,14,81,71,10
1773521551,71,19,0,0,0,0,no_volume,0,0,0,0,no_volume,0,0,0,0,low_activity,0,0,0,0,0,0,7414,6699,-0.0507,-631,-650,18,14,81,71,10
1773521552,71,19,0,0,0,0,no_volume,0,0,0,0,no_volume,0,0,0,0,low_activity,0,0,0,0,0,0,7414,6699,-0.0507,-631,-650,19,14,81,71,10
1773521553,71,19,0,0,0,0,no_volume,0,0,0,0,no_volume,0,0,0,0,low_activity,0,0,0,0,0,0,8040,6699,-0.091,626,-24,18,14,81,71,10
1773521554,71,19,0,0,0,0,no_volume,0,0,0,0,no_volume,0,0,0,0,low_activity,0,0,0,0,0,0,8040,6699,-0.091,626,-24,19,14,81,71,10
1773521555,71,19,0,0,0,0,no_volume,0,0,0,0,no_volume,0,0,0,0,low_activity,0,0,0,0,0,0,8040,6699,-0.091,626,639,18,14,81,71,10
1773521556,71,19,0,0,0,0,no_volume,0,0,0,0,no_volume,0,0,0,0,low_activity,0,0,0,0,0,0,8040,6699,-0.091,0,621,18,14,81,71,10
1773521557,71,19,0,0,0,0,no_volume,0,0,0,0,no_volume,0,0,0,0,low_activity,0,0,0,0,0,0,7414,6699,-0.0507,-626,-631,19,15,81,71,10
1773521558,71,19,0,0,0,0,no_volume,0,0,0,0,no_volume,0,0,0,0,low_activity,0,0,0,0,0,0,7414,6699,-0.0507,-626,-631,18,15,81,71,10
1773521559,71,19,0,0,0,0,no_volume,0,0,0,0,no_volume,0,0,0,0,low_activity,0,0,0,0,0,0,8040,6700,-0.0909,0,-5,19,15,81,71,10
1773521560,71,19,0,0,0,0,no_volume,0,0,0,0,no_volume,0,0,0,0,low_activity,0,0,0,0,0,0,8040,6700,-0.0909,626,626,18,15,81,71,10
1773521561,71,19,0,0,0,0,no_volume,0,0,0,0,no_volume,0,0,0,0,low_activity,0,0,0,0,0,0,8061,6731,-0.0899,647,647,19,15,81,71,10
1773521562,71,19,0,0,0,0,no_volume,0,0,0,0,no_volume,0,0,0,0,low_activity,0,0,0,0,0,0,8061,6731,-0.0899,21,647,18,15,81,71,10
1773521563,71,19,0,0,0,0,no_volume,0,0,0,0,no_volume,0,0,0,0,low_activity,0,0,0,0,0,0,7435,6731,-0.0497,-605,-605,18,15,81,71,10
1773521564,71,19,0,0,0,0,no_volume,0,0,0,0,no_volume,0,0,0,0,low_activity,0,0,0,0,0,0,7435,6731,-0.0497,-626,-605,19,15,81,71,10
1773521565,71,19,0,0,0,0,no_volume,0,0,0,0,no_volume,0,0,0,0,low_activity,0,0,0,0,0,0,8061,6731,-0.0899,0,21,18,15,81,71,10
1773521566,71,19,0,0,0,0,no_volume,0,0,0,0,no_volume,0,0,0,0,low_activity,0,0,0,0,0,0,8061,6731,-0.0899,626,21,19,15,81,71,10
1773521567,71,19,0,0,0,0,no_volume,0,0,0,0,no_volume,0,0,0,0,low_activity,0,0,0,0,0,0,8061,6731,-0.0899,626,647,18,15,81,71,10
1773521568,71,19,0,0,0,0,no_volume,0,0,0,0,no_volume,0,0,0,0,low_activity,0,0,0,0,0,0,8061,6731,-0.0899,0,647,18,15,81,71,10
1773521569,71,19,0,0,0,0,no_volume,0,0,0,0,no_volume,0,0,0,0,low_activity,0,0,0,0,0,0,7435,6731,-0.0497,-626,-605,19,15,81,71,10
1773521570,71,19,0,0,0,0,no_volume,0,0,0,0,no_volume,0,0,0,0,low_activity,0,0,0,0,0,0,7435,6731,-0.0497,-626,-605,18,15,81,71,10
1773521571,71,19,0,0,0,0,no_volume,0,0,0,0,no_volume,0,0,0,0,low_activity,0,0,0,0,0,0,8061,6731,-0.0899,0,0,19,15,81,71,10
1773521572,71,19,0,0,0,0,no_volume,0,0,0,0,no_volume,0,0,0,0,low_activity,0,0,0,0,0,0,8061,6731,-0.0899,626,0,18,15,81,71,10
1773521573,71,19,0,0,0,0,no_volume,0,0,0,0,no_volume,0,0,0,0,low_activity,0,0,0,0,0,0,8061,6731,-0.0899,626,626,19,15,81,71,10
1773521574,71,19,0,0,0,0,no_volume,0,0,0,0,no_volume,0,0,0,0,low_activity,0,0,0,0,0,0,8061,6731,-0.0899,0,626,19,15,81,71,10
1773521575,71,19,0,0,0,0,no_volume,0,0,0,0,no_volume,0,0,0,0,no_volume,0,0,0,0,0,0,7435,6731,-0.0497,-626,-626,18,15,81,71,10
1773521576,71,19,0,0,0,0,no_volume,0,0,0,0,no_volume,0,0,0,0,no_volume,0,0,0,0,0,0,7435,6731,-0.0497,-626,-626,19,15,81,71,10
1773521577,71,19,0,0,0,0,no_volume,0,0,0,0,no_volume,0,0,0,0,no_volume,0,0,0,0,0,0,8061,6731,-0.0899,0,0,19,15,81,71,10
1773521578,71,19,0,0,0,0,no_volume,0,0,0,0,no_volume,0,0,0,0,no_volume,0,0,0,0,0,0,8061,6731,-0.0899,626,0,18,15,81,71,10
1773521579,71,19,0,0,0,0,no_volume,0,0,0,0,no_volume,0,0,0,0,no_volume,0,0,0,0,0,0,8061,6731,-0.0899,626,626,19,15,81,71,10
1773521580,71,19,0,0,0,0,no_volume,0,0,0,0,no_volume,0,0,0,0,no_volume,0,0,0,0,0,0,8061,6731,-0.0899,0,626,18,15,81,71,10
1773521581,71,19,0,0,0,0,no_volume,0,0,0,0,no_volume,0,0,0,0,no_volume,0,0,0,0,0,0,7435,6731,-0.0497,-626,-626,19,15,81,71,10
1773521582,71,19,0,0,0,0,no_volume,0,0,0,0,no_volume,0,0,0,0,no_volume,0,0,0,0,0,0,7435,6731,-0.0497,-626,-626,19,15,81,71,10
1773521583,71,19,0,0,0,0,no_volume,0,0,0,0,no_volume,0,0,0,0,no_volume,0,0,0,0,0,0,8061,6729,-0.0901,0,0,18,15,81,71,10
1773521584,71,19,0,0,0,0,no_volume,0,0,0,0,no_volume,0,0,0,0,no_volume,0,0,0,0,0,0,8061,6729,-0.0901,626,0,19,15,81,71,10
1773521585,71,19,0,0,0,0,no_volume,0,0,0,0,no_volume,0,0,0,0,no_volume,0,0,0,0,0,0,8061,6729,-0.0901,626,626,18,15,81,71,10
1773521586,71,19,0,0,0,0,no_volume,0,0,0,0,no_volume,0,0,0,0,no_volume,0,0,0,0,0,0,8061,6729,-0.0901,0,626,19,15,81,71,10
1773521587,71,18,0,0,0,0,low_activity,0,0,0,0,low_activity,0,0,0,0,low_activity,0,0,0,0,0,0,7471,6729,-0.0523,-590,-590,18,15,82,71,11
1773521588,71,19,0,0,0,0,low_activity,0,0,0,0,low_activity,0,0,0,0,low_activity,0,0,0,0,0,0,7401,6743,-0.0465,-660,-660,18,15,81,71,10
1773521589,71,19,0,0,0,0,low_activity,0,0,0,0,low_activity,0,0,0,0,low_activity,0,0,0,0,0,0,8047,6757,-0.0871,-14,-14,18,15,81,71,10
1773521590,71,19,0,0,0,0,no_volume,0,0,0,0,low_activity,0,0,0,0,low_activity,0,0,0,0,0,0,8047,6757,-0.0871,576,-14,18,15,81,71,10
1773521591,71,19,0,0,0,0,no_volume,0,0,0,0,low_activity,0,0,0,0,low_activity,0,0,0,0,0,0,8047,6757,-0.0871,646,612,18,15,81,71,10
1773521592,71,19,0,0,0,0,no_volume,0,0,0,0,no_volume,0,0,0,0,low_activity,0,0,0,0,0,0,8047,6757,-0.0871,0,612,18,15,81,71,10
1773521593,71,19,0,0,0,0,no_volume,0,0,0,0,no_volume,0,0,0,0,low_activity,0,0,0,0,0,0,7421,6757,-0.0468,-626,-640,18,15,81,71,10
1773521594,71,19,0,0,0,0,no_volume,0,0,0,0,no_volume,0,0,0,0,low_activity,0,0,0,0,0,0,8047,6757,-0.0871,0,-14,18,15,81,71,10
1773521595,71,19,0,0,0,0,no_volume,0,0,0,0,no_volume,0,0,0,0,low_activity,0,0,0,0,0,0,8047,6757,-0.0871,0,-14,18,15,81,71,10
1773521596,71,19,0,0,0,0,no_volume,0,0,0,0,no_volume,0,0,0,0,low_activity,0,0,0,0,0,0,8047,6757,-0.0871,626,-14,18,15,81,71,10
1773521597,71,19,0,0,0,0,no_volume,0,0,0,0,no_volume,0,0,0,0,low_activity,0,0,0,0,0,0,8069,6757,-0.0885,22,598,18,15,81,71,10
1773521598,71,19,0,0,0,0,no_volume,0,0,0,0,no_volume,0,0,0,0,low_activity,0,0,0,0,0,0,8069,6757,-0.0885,22,668,18,15,81,71,10
1773521599,71,19,0,0,0,0,no_volume,0,0,0,0,no_volume,0,0,0,0,low_activity,0,0,0,0,0,0,7443,6757,-0.0483,-604,-604,18,15,81,71,10
1773521600,71,19,0,0,0,0,no_volume,0,0,0,0,no_volume,0,0,0,0,low_activity,0,0,0,0,0,0,7443,6757,-0.0483,-626,-604,18,15,81,71,10
1773521601,71,20,0,0,0,0,no_volume,0,0,0,0,no_volume,0,0,0,0,low_activity,0,0,0,0,0,0,8056,6757,-0.0877,-13,9,19,15,80,71,9
1773521602,71,20,0,0,0,0,no_volume,0,0,0,0,no_volume,0,0,0,0,low_activity,0,0,0,0,0,0,8056,6757,-0.0877,613,9,19,15,80,71,9
1773521603,71,20,0,0,0,0,no_volume,0,0,0,0,no_volume,0,0,0,0,low_activity,0,0,0,0,0,0,8056,6757,-0.0877,613,635,19,15,80,71,9
1773521604,71,20,0,0,0,0,no_volume,0,0,0,0,no_volume,0,0,0,0,low_activity,0,0,0,0,0,0,8056,6757,-0.0877,0,9,19,15,80,71,9
1773521605,71,20,0,0,0,0,no_volume,0,0,0,0,no_volume,0,0,0,0,low_activity,0,0,0,0,0,0,7430,6757,-0.0474,-626,-617,19,15,80,71,9
1773521606,71,20,0,0,0,0,no_volume,0,0,0,0,no_volume,0,0,0,0,low_activity,0,0,0,0,0,0,7430,6757,-0.0474,-626,-617,19,15,80,71,9
1773521607,71,20,0,0,0,0,no_volume,0,0,0,0,no_volume,0,0,0,0,low_activity,0,0,0,0,0,0,8056,6757,-0.0877,0,-13,19,15,80,71,9
1773521608,71,20,0,0,0,0,no_volume,0,0,0,0,no_volume,0,0,0,0,low_activity,0,0,0,0,0,0,8056,6757,-0.0877,626,-13,19,15,80,71,9
1773521609,71,20,0,0,0,0,no_volume,0,0,0,0,no_volume,0,0,0,0,low_activity,0,0,0,0,0,0,8056,6757,-0.0877,626,613,19,15,80,71,9
1773521610,71,19,0,0,0,0,no_volume,0,0,0,0,no_volume,0,0,0,0,low_activity,0,0,0,0,0,0,8071,6757,-0.0886,15,628,18,15,81,71,10
1773521611,71,19,0,0,0,0,no_volume,0,0,0,0,no_volume,0,0,0,0,low_activity,0,0,0,0,0,0,7445,6757,-0.0484,-611,-611,18,15,81,71,10
1773521612,71,19,0,0,0,0,no_volume,0,0,0,0,no_volume,0,0,0,0,low_activity,0,0,0,0,0,0,7445,6757,-0.0484,-611,-611,18,15,81,71,10
1773521613,71,19,0,0,0,0,no_volume,0,0,0,0,no_volume,0,0,0,0,low_activity,0,0,0,0,0,0,8082,6776,-0.0879,11,26,18,14,81,71,10
1773521614,71,20,0,0,0,0,no_volume,0,0,0,0,no_volume,0,0,0,0,low_activity,0,0,0,0,0,0,8074,6776,-0.0874,629,18,19,15,80,71,9
1773521615,71,20,0,0,0,0,no_volume,0,0,0,0,no_volume,0,0,0,0,low_activity,0,0,0,0,0,0,8074,6776,-0.0874,629,644,19,15,80,71,9
1773521616,71,20,0,0,0,0,no_volume,0,0,0,0,no_volume,0,0,0,0,low_activity,0,0,0,0,0,0,8074,6776,-0.0874,-8,644,19,15,80,71,9
1773521617,71,20,0,0,0,0,no_volume,0,0,0,0,no_volume,0,0,0,0,no_volume,0,0,0,0,0,0,7448,6776,-0.0472,-626,-608,19,15,80,71,9
1773521618,71,20,0,0,0,0,low_activity,0,0,0,0,low_activity,0,0,0,0,low_activity,0,0,0,0,0,0,8062,6776,-0.0867,-12,6,19,15,80,71,9
1773521619,71,20,0,0,0,0,low_activity,0,0,0,0,low_activity,0,0,0,0,low_activity,0,0,0,0,0,0,8062,6776,-0.0867,-12,6,19,15,80,71,9
1773521620,71,20,0,0,0,0,low_activity,0,0,0,0,low_activity,0,0,0,0,low_activity,0,0,0,0,0,0,8062,6776,-0.0867,614,-9,19,15,80,71,9
1773521621,71,20,0,0,0,0,no_volume,0,0,0,0,low_activity,0,0,0,0,low_activity,0,0,0,0,0,0,8062,6776,-0.0867,0,617,19,15,80,71,9
1773521622,71,20,0,0,0,0,no_volume,0,0,0,0,low_activity,0,0,0,0,low_activity,0,0,0,0,0,0,8074,6776,-0.0874,12,629,19,15,80,71,9
1773521623,71,20,0,0,0,0,no_volume,0,0,0,0,no_volume,0,0,0,0,low_activity,0,0,0,0,0,0,7448,6776,-0.0472,-614,-634,20,15,80,71,9
1773521624,71,19,0,0,0,0,no_volume,0,0,0,0,no_volume,0,0,0,0,low_activity,0,0,0,0,0,0,7461,6776,-0.0481,-601,-613,18,15,81,71,10
1773521625,71,19,0,0,0,0,no_volume,0,0,0,0,no_volume,0,0,0,0,low_activity,0,0,0,0,0,0,8082,6776,-0.0879,8,8,18,15,81,71,10
1773521626,71,19,0,0,0,0,no_volume,0,0,0,0,no_volume,0,0,0,0,low_activity,0,0,0,0,0,0,8082,6776,-0.0879,634,8,18,15,81,71,10
1773521627,71,19,0,0,0,0,no_volume,0,0,0,0,no_volume,0,0,0,0,low_activity,0,0,0,0,0,0,8082,6776,-0.0879,621,634,18,15,81,71,10
1773521628,71,19,0,0,0,0,no_volume,0,0,0,0,no_volume,0,0,0,0,low_activity,0,0,0,0,0,0,8082,6776,-0.0879,0,20,18,15,81,71,10
1773521629,71,20,0,0,0,0,no_volume,0,0,0,0,no_volume,0,0,0,0,low_activity,0,0,0,0,0,0,7448,6776,-0.0472,-634,-614,19,15,80,71,9
1773521630,71,20,0,0,0,0,no_volume,0,0,0,0,no_volume,0,0,0,0,low_activity,0,0,0,0,0,0,7451,6776,-0.0474,-631,-611,19,15,80,71,9
1773521631,71,20,0,0,0,0,no_volume,0,0,0,0,no_volume,0,0,0,0,low_activity,0,0,0,0,0,0,8077,6776,-0.0876,-5,15,19,15,80,71,9
1773521632,71,20,0,0,0,0,no_volume,0,0,0,0,no_volume,0,0,0,0,low_activity,0,0,0,0,0,0,8077,6776,-0.0876,629,3,19,15,80,71,9
1773521633,71,20,0,0,0,0,no_volume,0,0,0,0,no_volume,0,0,0,0,low_activity,0,0,0,0,0,0,8077,6776,-0.0876,626,629,19,15,80,71,9
1773521634,71,20,0,0,0,0,no_volume,0,0,0,0,no_volume,0,0,0,0,low_activity,0,0,0,0,0,0,8077,6776,-0.0876,0,616,19,15,80,71,9
1773521635,71,20,0,0,0,0,no_volume,0,0,0,0,no_volume,0,0,0,0,low_activity,0,0,0,0,0,0,7451,6776,-0.0474,-626,-631,19,15,80,71,9
1773521636,71,20,0,0,0,0,no_volume,0,0,0,0,no_volume,0,0,0,0,low_activity,0,0,0,0,0,0,7451,6776,-0.0474,-626,-631,20,15,80,71,9
1773521637,71,20,0,0,0,0,no_volume,0,0,0,0,no_volume,0,0,0,0,low_activity,0,0,0,0,0,0,8077,6776,-0.0876,0,-5,20,15,80,71,9
1773521638,71,20,0,0,0,0,no_volume,0,0,0,0,no_volume,0,0,0,0,low_activity,0,0,0,0,0,0,8077,6776,-0.0876,626,-5,19,15,80,71,9
1773521639,71,20,0,0,0,0,no_volume,0,0,0,0,no_volume,0,0,0,0,low_activity,0,0,0,0,0,0,8077,6776,-0.0876,626,629,19,15,80,71,9
1773521640,71,20,0,0,0,0,no_volume,0,0,0,0,no_volume,0,0,0,0,low_activity,0,0,0,0,0,0,7451,6776,-0.0474,-626,0,20,15,80,71,9
1773521641,71,19,0,0,0,0,no_volume,0,0,0,0,no_volume,0,0,0,0,low_activity,0,0,0,0,0,0,7444,6776,-0.047,-633,-633,19,15,81,71,10
1773521642,71,19,0,0,0,0,no_volume,0,0,0,0,no_volume,0,0,0,0,low_activity,0,0,0,0,0,0,7444,6776,-0.047,-633,-633,19,15,81,71,10
1773521643,71,19,0,0,0,0,no_volume,0,0,0,0,no_volume,0,0,0,0,low_activity,0,0,0,0,0,0,8090,6776,-0.0884,639,13,19,15,81,71,10
1773521644,71,20,0,0,0,0,no_volume,0,0,0,0,no_volume,0,0,0,0,low_activity,0,0,0,0,0,0,8077,6776,-0.0876,633,0,19,15,80,71,9
1773521645,71,20,0,0,0,0,no_volume,0,0,0,0,no_volume,0,0,0,0,low_activity,0,0,0,0,0,0,8077,6776,-0.0876,633,626,19,15,80,71,9
1773521646,71,20,0,0,0,0,no_volume,0,0,0,0,no_volume,0,0,0,0,low_activity,0,0,0,0,0,0,8077,6776,-0.0876,-13,626,19,15,80,71,9
1773521647,71,20,0,0,0,0,no_volume,0,0,0,0,no_volume,0,0,0,0,low_activity,0,0,0,0,0,0,7451,6776,-0.0474,-626,-626,19,15,80,71,9
1773521648,71,20,0,0,0,0,no_volume,0,0,0,0,no_volume,0,0,0,0,no_volume,0,0,0,0,0,0,7451,6776,-0.0474,-626,-626,19,15,80,71,9
1773521649,71,20,0,0,0,0,no_volume,0,0,0,0,no_volume,0,0,0,0,no_volume,0,0,0,0,0,0,8077,6776,-0.0876,0,0,19,15,80,71,9
1773521650,71,20,0,0,0,0,no_volume,0,0,0,0,no_volume,0,0,0,0,no_volume,0,0,0,0,0,0,8077,6776,-0.0876,626,626,19,15,80,71,9
1773521651,71,20,0,0,0,0,no_volume,0,0,0,0,no_volume,0,0,0,0,no_volume,0,0,0,0,0,0,8077,6776,-0.0876,626,633,19,15,80,71,9
1773521652,71,20,0,0,0,0,no_volume,0,0,0,0,no_volume,0,0,0,0,no_volume,0,0,0,0,0,0,8077,6776,-0.0876,0,633,19,15,80,71,9
1773521653,71,20,0,0,0,0,no_volume,0,0,0,0,no_volume,0,0,0,0,no_volume,0,0,0,0,0,0,7451,6776,-0.0474,-626,-639,20,15,80,71,9
1773521654,71,20,0,0,0,0,no_volume,0,0,0,0,no_volume,0,0,0,0,no_volume,0,0,0,0,0,0,7451,6776,-0.0474,-626,-626,19,15,80,71,9
1773521655,71,19,0,0,0,0,no_volume,0,0,0,0,no_volume,0,0,0,0,no_volume,0,0,0,0,0,0,8090,6776,-0.0884,13,13,19,15,81,71,10
1773521656,71,19,0,0,0,0,no_volume,0,0,0,0,no_volume,0,0,0,0,no_volume,0,0,0,0,0,0,8090,6776,-0.0884,639,13,19,15,81,71,10
1773521657,71,19,0,0,0,0,no_volume,0,0,0,0,no_volume,0,0,0,0,no_volume,0,0,0,0,0,0,8090,6776,-0.0884,639,639,19,15,81,71,10
1773521658,71,20,0,0,0,0,no_volume,0,0,0,0,no_volume,0,0,0,0,no_volume,0,0,0,0,0,0,7451,6776,-0.0474,-639,0,19,15,80,71,9
1773521659,71,20,0,0,0,0,no_volume,0,0,0,0,no_volume,0,0,0,0,no_volume,0,0,0,0,0,0,7451,6776,-0.0474,-639,-626,19,15,80,71,9
1773521660,71,20,0,0,0,0,no_volume,0,0,0,0,no_volume,0,0,0,0,no_volume,0,0,0,0,0,0,8077,6776,-0.0876,-13,0,19,15,80,71,9
1773521661,71,20,0,0,0,0,no_volume,0,0,0,0,no_volume,0,0,0,0,no_volume,0,0,0,0,0,0,8047,6232,-0.1271,596,-30,19,13,80,71,9
1773521662,71,20,0,0,0,0,no_volume,0,0,0,0,no_volume,0,0,0,0,no_volume,0,0,0,0,0,0,8047,6232,-0.1271,596,-30,19,14,80,71,9
1773521663,71,20,0,0,0,0,no_volume,0,0,0,0,no_volume,0,0,0,0,no_volume,0,0,0,0,0,0,8047,6232,-0.1271,-30,596,19,14,80,71,9
1773521664,71,20,0,0,0,0,no_volume,0,0,0,0,no_volume,0,0,0,0,no_volume,0,0,0,0,0,0,8047,6232,-0.1271,0,596,19,14,80,71,9
1773521665,71,19,0,0,0,0,no_volume,0,0,0,0,no_volume,0,0,0,0,no_volume,0,0,0,0,0,0,7434,6232,-0.088,-613,-656,18,14,81,71,10
1773521666,71,19,0,0,0,0,no_volume,0,0,0,0,no_volume,0,0,0,0,no_volume,0,0,0,0,0,0,8060,6232,-0.1279,13,-30,18,14,81,71,10
1773521667,71,19,0,0,0,0,no_volume,0,0,0,0,no_volume,0,0,0,0,no_volume,0,0,0,0,0,0,8060,6232,-0.1279,13,-30,18,14,81,71,10
1773521668,71,19,0,0,0,0,no_volume,0,0,0,0,no_volume,0,0,0,0,no_volume,0,0,0,0,0,0,8060,6232,-0.1279,626,609,18,14,81,71,10
1773521669,71,19,0,0,0,0,no_volume,0,0,0,0,no_volume,0,0,0,0,no_volume,0,0,0,0,0,0,8060,6232,-0.1279,0,609,18,14,81,71,10
1773521670,71,20,0,0,0,0,no_volume,0,0,0,0,no_volume,0,0,0,0,no_volume,0,0,0,0,0,0,7421,6232,-0.0871,-639,-656,19,14,80,71,9
1773521671,71,20,0,0,0,0,no_volume,0,0,0,0,no_volume,0,0,0,0,no_volume,0,0,0,0,0,0,7421,6232,-0.0871,-639,-626,19,14,80,71,9
1773521672,71,20,0,0,0,0,no_volume,0,0,0,0,no_volume,0,0,0,0,no_volume,0,0,0,0,0,0,8047,6232,-0.1271,-13,0,19,14,80,71,9
1773521673,71,20,0,0,0,0,no_volume,0,0,0,0,no_volume,0,0,0,0,no_volume,0,0,0,0,0,0,8047,6232,-0.1271,626,0,19,14,80,71,9
1773521674,71,20,0,0,0,0,no_volume,0,0,0,0,no_volume,0,0,0,0,no_volume,0,0,0,0,0,0,8047,6232,-0.1271,626,0,19,14,80,71,9
1773521675,71,20,0,0,0,0,no_volume,0,0,0,0,no_volume,0,0,0,0,no_volume,0,0,0,0,0,0,8047,6232,-0.1271,0,613,19,14,80,71,9
1773521676,71,20,0,0,0,0,no_volume,0,0,0,0,no_volume,0,0,0,0,no_volume,0,0,0,0,0,0,8047,6232,-0.1271,0,-13,19,14,80,71,9
1773521677,71,20,0,0,0,0,no_volume,0,0,0,0,no_volume,0,0,0,0,no_volume,0,0,0,0,0,0,7421,6232,-0.0871,-626,-639,19,14,80,71,9
1773521678,71,20,0,0,0,0,no_volume,0,0,0,0,no_volume,0,0,0,0,no_volume,0,0,0,0,0,0,8047,6232,-0.1271,0,-13,19,14,80,71,9
1773521679,71,20,0,0,0,0,no_volume,0,0,0,0,no_volume,0,0,0,0,no_volume,0,0,0,0,0,0,8047,6232,-0.1271,0,-13,19,14,80,71,9
1773521680,71,20,0,0,0,0,no_volume,0,0,0,0,no_volume,0,0,0,0,no_volume,0,0,0,0,0,0,8047,6232,-0.1271,626,626,19,14,80,71,9
1773521681,71,20,0,0,0,0,no_volume,0,0,0,0,no_volume,0,0,0,0,no_volume,0,0,0,0,0,0,8047,6232,-0.1271,0,626,19,14,80,71,9
1773521682,71,20,0,0,0,0,no_volume,0,0,0,0,no_volume,0,0,0,0,no_volume,0,0,0,0,0,0,8047,6232,-0.1271,0,0,19,14,80,71,9
1773521683,71,19,0,0,0,0,no_volume,0,0,0,0,no_volume,0,0,0,0,no_volume,0,0,0,0,0,0,7414,6232,-0.0866,-633,-633,18,14,81,71,10
1773521684,71,19,0,0,0,0,no_volume,0,0,0,0,no_volume,0,0,0,0,no_volume,0,0,0,0,0,0,8040,6232,-0.1267,-7,-7,18,14,81,71,10
1773521685,71,19,0,0,0,0,no_volume,0,0,0,0,no_volume,0,0,0,0,no_volume,0,0,0,0,0,0,8060,6232,-0.1279,13,13,18,14,81,71,10
1773521686,71,19,0,0,0,0,no_volume,0,0,0,0,no_volume,0,0,0,0,no_volume,0,0,0,0,0,0,8060,6232,-0.1279,646,13,18,14,81,71,10
1773521687,71,19,0,0,0,0,no_volume,0,0,0,0,no_volume,0,0,0,0,no_volume,0,0,0,0,0,0,8060,6232,-0.1279,20,639,18,14,81,71,10
1773521688,71,19,0,0,0,0,no_volume,0,0,0,0,no_volume,0,0,0,0,no_volume,0,0,0,0,0,0,7434,6232,-0.088,-626,-613,18,14,81,71,10
1773521689,71,20,0,0,0,0,no_volume,0,0,0,0,no_volume,0,0,0,0,no_volume,0,0,0,0,0,0,7421,6232,-0.0871,-639,-626,19,14,80,71,9
1773521690,71,20,0,0,0,0,no_volume,0,0,0,0,no_volume,0,0,0,0,no_volume,0,0,0,0,0,0,8047,6232,-0.1271,-13,0,19,14,80,71,9
1773521691,71,20,0,0,0,0,no_volume,0,0,0,0,no_volume,0,0,0,0,no_volume,0,0,0,0,0,0,8047,6232,-0.1271,613,0,19,14,80,71,9
1773521692,71,20,0,0,0,0,no_volume,0,0,0,0,no_volume,0,0,0,0,no_volume,0,0,0,0,0,0,8047,6232,-0.1271,626,0,19,14,80,71,9
1773521693,71,20,0,0,0,0,no_volume,0,0,0,0,no_volume,0,0,0,0,no_volume,0,0,0,0,0,0,8047,6232,-0.1271,0,633,19,14,80,71,9
1773521694,71,20,0,0,0,0,no_volume,0,0,0,0,no_volume,0,0,0,0,no_volume,0,0,0,0,0,0,7421,6232,-0.0871,-626,-619,19,14,80,71,9
1773521695,71,20,0,0,0,0,no_volume,0,0,0,0,no_volume,0,0,0,0,no_volume,0,0,0,0,0,0,7421,6232,-0.0871,-626,-639,19,14,80,71,9
1773521696,71,20,0,0,0,0,no_volume,0,0,0,0,no_volume,0,0,0,0,no_volume,0,0,0,0,0,0,8047,6232,-0.1271,0,-13,19,14,80,71,9
1773521697,71,20,0,0,0,0,no_volume,0,0,0,0,no_volume,0,0,0,0,no_volume,0,0,0,0,0,0,8047,6232,-0.1271,626,-13,19,14,80,71,9
1773521698,71,20,0,0,0,0,no_volume,0,0,0,0,no_volume,0,0,0,0,no_volume,0,0,0,0,0,0,8047,6232,-0.1271,626,613,19,14,80,71,9
1773521699,71,19,0,0,0,0,no_volume,0,0,0,0,no_volume,0,0,0,0,no_volume,0,0,0,0,0,0,8055,6232,-0.1276,8,634,18,14,81,71,10
1773521700,71,19,0,0,0,0,no_volume,0,0,0,0,no_volume,0,0,0,0,no_volume,0,0,0,0,0,0,7429,6232,-0.0876,-618,-618,18,14,81,71,10
1773521701,71,20,0,0,0,0,no_volume,0,0,0,0,no_volume,0,0,0,0,no_volume,0,0,0,0,0,0,7416,6232,-0.0868,-631,-631,18,14,80,71,9
1773521702,71,20,0,0,0,0,no_volume,0,0,0,0,no_volume,0,0,0,0,no_volume,0,0,0,0,0,0,8047,6232,-0.1271,-8,0,19,14,80,71,9
1773521703,71,20,0,0,0,0,no_volume,0,0,0,0,no_volume,0,0,0,0,no_volume,0,0,0,0,0,0,8047,6232,-0.1271,618,0,19,14,80,71,9
1773521704,71,20,0,0,0,0,no_volume,0,0,0,0,no_volume,0,0,0,0,no_volume,0,0,0,0,0,0,8047,6232,-0.1271,631,626,19,14,80,71,9
1773521705,71,20,0,0,0,0,no_volume,0,0,0,0,no_volume,0,0,0,0,no_volume,0,0,0,0,0,0,8047,6232,-0.1271,0,626,19,14,80,71,9
1773521706,71,20,0,0,0,0,no_volume,0,0,0,0,no_volume,0,0,0,0,no_volume,0,0,0,0,0,0,7421,6232,-0.0871,-626,-626,19,14,80,71,9
1773521707,71,20,0,0,0,0,no_volume,0,0,0,0,no_volume,0,0,0,0,no_volume,0,0,0,0,0,0,7421,6232,-0.0871,-626,-626,19,14,80,71,9
1773521708,71,20,0,0,0,0,no_volume,0,0,0,0,no_volume,0,0,0,0,no_volume,0,0,0,0,0,0,8039,6227,-0.127,-8,-8,19,14,80,71,9
1773521709,71,19,0,0,0,0,no_volume,0,0,0,0,no_volume,0,0,0,0,no_volume,0,0,0,0,0,0,8052,6227,-0.1278,631,-3,18,14,81,71,10
1773521710,71,19,0,0,0,0,no_volume,0,0,0,0,no_volume,0,0,0,0,no_volume,0,0,0,0,0,0,8052,6227,-0.1278,631,623,18,14,81,71,10
1773521711,71,19,0,0,0,0,no_volume,0,0,0,0,no_volume,0,0,0,0,no_volume,0,0,0,0,0,0,8052,6227,-0.1278,13,636,18,14,81,71,10
1773521712,71,19,0,0,0,0,no_volume,0,0,0,0,no_volume,0,0,0,0,no_volume,0,0,0,0,0,0,7426,6232,-0.0874,-626,-621,18,14,81,71,10
1773521713,71,19,0,0,0,0,no_volume,0,0,0,0,no_volume,0,0,0,0,no_volume,0,0,0,0,0,0,7426,6232,-0.0874,-626,-621,18,14,81,71,10
1773521714,71,20,0,0,0,0,no_volume,0,0,0,0,no_volume,0,0,0,0,no_volume,0,0,0,0,0,0,8047,6232,-0.1271,-5,0,19,14,80,71,9
1773521715,71,20,0,0,0,0,no_volume,0,0,0,0,no_volume,0,0,0,0,no_volume,0,0,0,0,0,0,8047,6232,-0.1271,621,0,19,14,80,71,9
1773521716,71,20,0,0,0,0,no_volume,0,0,0,0,no_volume,0,0,0,0,no_volume,0,0,0,0,0,0,8047,6232,-0.1271,621,626,19,14,80,71,9
1773521717,71,20,0,0,0,0,no_volume,0,0,0,0,no_volume,0,0,0,0,no_volume,0,0,0,0,0,0,8047,6232,-0.1271,0,626,19,14,80,71,9
1773521718,71,20,0,0,0,0,no_volume,0,0,0,0,no_volume,0,0,0,0,no_volume,0,0,0,0,0,0,7421,6232,-0.0871,-626,-618,19,14,80,71,9
1773521719,71,20,0,0,0,0,no_volume,0,0,0,0,no_volume,0,0,0,0,no_volume,0,0,0,0,0,0,7421,6232,-0.0871,-626,-631,19,14,80,71,9
1773521720,71,20,0,0,0,0,no_volume,0,0,0,0,no_volume,0,0,0,0,no_volume,0,0,0,0,0,0,8047,6232,-0.1271,0,-5,19,14,80,71,9
1773521721,71,20,0,0,0,0,no_volume,0,0,0,0,no_volume,0,0,0,0,no_volume,0,0,0,0,0,0,8047,6232,-0.1271,626,-5,19,14,80,71,9
1773521722,71,20,0,0,0,0,no_volume,0,0,0,0,no_volume,0,0,0,0,no_volume,0,0,0,0,0,0,8047,6232,-0.1271,626,621,19,14,80,71,9
1773521723,71,20,0,0,0,0,no_volume,0,0,0,0,no_volume,0,0,0,0,no_volume,0,0,0,0,0,0,8047,6232,-0.1271,0,621,19,14,80,71,9
1773521724,71,20,0,0,0,0,no_volume,0,0,0,0,no_volume,0,0,0,0,no_volume,0,0,0,0,0,0,7421,6232,-0.0871,-626,-626,19,14,80,71,9
1773521725,71,20,0,0,0,0,no_volume,0,0,0,0,no_volume,0,0,0,0,no_volume,0,0,0,0,0,0,7421,6232,-0.0871,-626,-626,19,14,80,71,9
1773521726,71,20,0,0,0,0,no_volume,0,0,0,0,no_volume,0,0,0,0,no_volume,0,0,0,0,0,0,8047,6232,-0.1271,0,0,19,14,80,71,9
1773521727,71,20,0,0,0,0,no_volume,0,0,0,0,no_volume,0,0,0,0,no_volume,0,0,0,0,0,0,8047,6232,-0.1271,626,0,19,14,80,71,9
1773521728,71,20,0,0,0,0,no_volume,0,0,0,0,no_volume,0,0,0,0,no_volume,0,0,0,0,0,0,8047,6232,-0.1271,626,626,19,14,80,71,9
1773521729,71,20,0,0,0,0,low_activity,0,0,0,0,low_activity,0,0,0,0,low_activity,0,0,0,0,0,0,8035,6232,-0.1264,-12,614,19,14,80,71,9
1773521730,71,20,0,0,0,0,low_activity,0,0,0,0,low_activity,0,0,0,0,low_activity,0,0,0,0,0,0,7409,6232,-0.0863,-638,-638,19,14,80,71,9
1773521731,71,20,0,0,0,0,low_activity,0,0,0,0,low_activity,0,0,0,0,low_activity,0,0,0,0,0,0,7409,6232,-0.0863,-638,-638,19,14,80,71,9
1773521732,71,20,0,0,0,0,no_volume,0,0,0,0,low_activity,0,0,0,0,low_activity,0,0,0,0,0,0,8035,6232,-0.1264,0,-12,19,14,80,71,9
1773521733,71,20,0,0,0,0,no_volume,0,0,0,0,low_activity,0,0,0,0,low_activity,0,0,0,0,0,0,8035,6232,-0.1264,626,-12,19,14,80,71,9
1773521734,71,20,0,0,0,0,no_volume,0,0,0,0,no_volume,0,0,0,0,low_activity,0,0,0,0,0,0,8035,6232,-0.1264,626,614,19,14,80,71,9
1773521735,71,20,0,0,0,0,no_volume,0,0,0,0,no_volume,0,0,0,0,low_activity,0,0,0,0,0,0,8035,6232,-0.1264,0,614,19,14,80,71,9
1773521736,71,20,0,0,0,0,no_volume,0,0,0,0,no_volume,0,0,0,0,low_activity,0,0,0,0,0,0,7409,6232,-0.0863,-626,-638,19,14,80,71,9
1773521737,71,20,0,0,0,0,no_volume,0,0,0,0,no_volume,0,0,0,0,low_activity,0,0,0,0,0,0,7409,6232,-0.0863,-626,-638,19,14,80,71,9
1773521738,71,20,0,0,0,0,no_volume,0,0,0,0,no_volume,0,0,0,0,low_activity,0,0,0,0,0,0,8035,6230,-0.1265,0,-12,19,14,80,71,9
1773521739,71,20,0,0,0,0,no_volume,0,0,0,0,no_volume,0,0,0,0,low_activity,0,0,0,0,0,0,8035,6230,-0.1265,626,0,19,14,80,71,9
1773521740,71,20,0,0,0,0,no_volume,0,0,0,0,no_volume,0,0,0,0,low_activity,0,0,0,0,0,0,8035,6230,-0.1265,626,626,19,14,80,71,9
1773521741,71,20,0,0,0,0,no_volume,0,0,0,0,no_volume,0,0,0,0,low_activity,0,0,0,0,0,0,8035,6230,-0.1265,0,626,19,14,80,71,9
1773521742,71,20,0,0,0,0,no_volume,0,0,0,0,no_volume,0,0,0,0,low_activity,0,0,0,0,0,0,7409,6230,-0.0864,-626,-626,19,14,80,71,9
1773521743,71,20,0,0,0,0,no_volume,0,0,0,0,no_volume,0,0,0,0,low_activity,0,0,0,0,0,0,7409,6230,-0.0864,-626,-626,19,14,80,71,9
1773521744,71,20,0,0,0,0,no_volume,0,0,0,0,no_volume,0,0,0,0,low_activity,0,0,0,0,0,0,8035,6230,-0.1265,0,0,19,14,80,71,9
1773521745,71,20,0,0,0,0,no_volume,0,0,0,0,no_volume,0,0,0,0,low_activity,0,0,0,0,0,0,8035,6230,-0.1265,626,0,19,14,80,71,9
1773521746,71,20,0,0,0,0,no_volume,0,0,0,0,no_volume,0,0,0,0,low_activity,0,0,0,0,0,0,8035,6230,-0.1265,626,626,19,14,80,71,9
1773521747,71,20,0,0,0,0,no_volume,0,0,0,0,no_volume,0,0,0,0,low_activity,0,0,0,0,0,0,8035,6230,-0.1265,0,626,19,14,80,71,9
1773521748,71,20,0,0,0,0,no_volume,0,0,0,0,no_volume,0,0,0,0,low_activity,0,0,0,0,0,0,7409,6230,-0.0864,-626,-626,19,14,80,71,9
1773521749,71,20,0,0,0,0,no_volume,0,0,0,0,no_volume,0,0,0,0,low_activity,0,0,0,0,0,0,7409,6230,-0.0864,-626,-626,19,14,80,71,9
1773521750,71,20,0,0,0,0,no_volume,0,0,0,0,no_volume,0,0,0,0,low_activity,0,0,0,0,0,0,8035,6729,-0.0885,0,0,19,15,80,71,9
1773521751,71,20,0,0,0,0,no_volume,0,0,0,0,no_volume,0,0,0,0,low_activity,0,0,0,0,0,0,8035,6729,-0.0885,626,0,19,15,80,71,9
1773521752,71,20,0,0,0,0,no_volume,0,0,0,0,no_volume,0,0,0,0,low_activity,0,0,0,0,0,0,8035,6729,-0.0885,626,626,19,15,80,71,9
1773521753,71,20,0,0,0,0,no_volume,0,0,0,0,no_volume,0,0,0,0,low_activity,0,0,0,0,0,0,8035,6729,-0.0885,0,626,19,15,80,71,9
1773521754,71,20,0,0,0,0,no_volume,0,0,0,0,no_volume,0,0,0,0,low_activity,0,0,0,0,0,0,7409,6729,-0.0481,-626,-626,19,15,80,71,9
1773521755,71,20,0,0,0,0,no_volume,0,0,0,0,no_volume,0,0,0,0,low_activity,0,0,0,0,0,0,7409,6729,-0.0481,-626,-626,19,15,80,71,9
1773521756,71,20,0,0,0,0,no_volume,0,0,0,0,no_volume,0,0,0,0,low_activity,0,0,0,0,0,0,8035,6729,-0.0885,0,0,19,15,80,71,9
1773521757,71,20,0,0,0,0,no_volume,0,0,0,0,no_volume,0,0,0,0,low_activity,0,0,0,0,0,0,8035,6729,-0.0885,626,0,19,15,80,71,9
1773521758,71,20,0,0,0,0,no_volume,0,0,0,0,no_volume,0,0,0,0,low_activity,0,0,0,0,0,0,8035,6729,-0.0885,626,626,19,15,80,71,9
1773521759,71,20,0,0,0,0,no_volume,0,0,0,0,no_volume,0,0,0,0,no_volume,0,0,0,0,0,0,7409,6729,-0.0481,-626,0,19,15,80,71,9
1773521760,71,20,0,0,0,0,no_volume,0,0,0,0,no_volume,0,0,0,0,no_volume,0,0,0,0,0,0,7409,6729,-0.0481,-626,-626,19,15,80,71,9
1773521761,71,20,0,0,0,0,no_volume,0,0,0,0,no_volume,0,0,0,0,no_volume,0,0,0,0,0,0,7409,6729,-0.0481,-626,-626,19,15,80,71,9
1773521762,71,20,0,0,0,0,no_volume,0,0,0,0,no_volume,0,0,0,0,no_volume,0,0,0,0,0,0,8035,6729,-0.0885,626,0,19,15,80,71,9
1773521763,73,20,0,0,0,0,no_volume,0,0,0,0,no_volume,0,0,0,0,no_volume,0,0,0,0,0,0,8035,6729,-0.0885,626,0,19,16,80,73,7
1773521764,73,20,0,0,0,0,no_volume,0,0,0,0,no_volume,0,0,0,0,no_volume,0,0,0,0,0,0,8035,6729,-0.0885,626,626,19,16,80,73,7
1773521765,73,20,0,0,0,0,no_volume,0,0,0,0,no_volume,0,0,0,0,no_volume,0,0,0,0,0,0,8035,6731,-0.0883,0,626,19,16,80,73,7
1773521766,73,20,0,0,0,0,no_volume,0,0,0,0,no_volume,0,0,0,0,no_volume,0,0,0,0,0,0,7401,6731,-0.0474,-634,-634,19,16,80,73,7
1773521767,73,20,0,0,0,0,no_volume,0,0,0,0,no_volume,0,0,0,0,no_volume,0,0,0,0,0,0,7401,6731,-0.0474,-634,-634,19,16,80,73,7
1773521768,73,20,0,0,0,0,no_volume,0,0,0,0,no_volume,0,0,0,0,no_volume,0,0,0,0,0,0,8027,6731,-0.0878,-8,-8,19,16,80,73,7
1773521769,73,20,0,0,0,0,no_volume,0,0,0,0,no_volume,0,0,0,0,no_volume,0,0,0,0,0,0,8027,6731,-0.0878,626,618,19,16,80,73,7
1773521770,73,20,0,0,0,0,low_activity,0,0,0,0,low_activity,0,0,0,0,low_activity,0,0,0,0,0,0,8026,6731,-0.0878,625,617,19,16,80,73,7
1773521771,73,20,0,0,0,0,low_activity,0,0,0,0,low_activity,0,0,0,0,low_activity,0,0,0,0,0,0,7400,6731,-0.0473,-627,-9,19,16,80,73,7
1773521772,73,20,0,0,0,0,low_activity,0,0,0,0,low_activity,0,0,0,0,low_activity,0,0,0,0,0,0,7400,6731,-0.0473,-627,-635,19,16,80,73,7
1773521773,73,20,0,0,0,0,no_volume,0,0,0,0,low_activity,0,0,0,0,low_activity,0,0,0,0,0,0,7400,6731,-0.0473,-626,-635,19,16,80,73,7
1773521774,73,20,0,0,0,0,no_volume,0,0,0,0,low_activity,0,0,0,0,low_activity,0,0,0,0,0,0,8026,6731,-0.0878,626,-9,19,16,80,73,7
1773521775,71,20,0,0,0,0,no_volume,0,0,0,0,no_volume,0,0,0,0,low_activity,0,0,0,0,0,0,8026,6717,-0.0888,626,-9,19,14,80,71,9
1773521776,71,20,0,0,0,0,no_volume,0,0,0,0,no_volume,0,0,0,0,low_activity,0,0,0,0,0,0,8026,6724,-0.0883,626,625,19,14,80,71,9
1773521777,71,20,0,0,0,0,no_volume,0,0,0,0,no_volume,0,0,0,0,low_activity,0,0,0,0,0,0,8026,6724,-0.0883,0,625,19,14,80,71,9
1773521778,71,20,0,0,0,0,no_volume,0,0,0,0,no_volume,0,0,0,0,low_activity,0,0,0,0,0,0,7400,6724,-0.0479,-626,-627,19,14,80,71,9
1773521779,71,20,0,0,0,0,no_volume,0,0,0,0,no_volume,0,0,0,0,low_activity,0,0,0,0,0,0,7400,6724,-0.0479,-626,-627,19,14,80,71,9
1773521780,71,20,0,0,0,0,no_volume,0,0,0,0,no_volume,0,0,0,0,low_activity,0,0,0,0,0,0,8026,6724,-0.0883,0,0,19,14,80,71,9
1773521781,71,20,0,0,0,0,no_volume,0,0,0,0,no_volume,0,0,0,0,low_activity,0,0,0,0,0,0,8026,6719,-0.0886,626,626,19,14,80,71,9
1773521782,71,20,0,0,0,0,no_volume,0,0,0,0,no_volume,0,0,0,0,low_activity,0,0,0,0,0,0,8026,6719,-0.0886,626,626,19,14,80,71,9
1773521783,71,20,0,0,0,0,no_volume,0,0,0,0,no_volume,0,0,0,0,low_activity,0,0,0,0,0,0,8026,6719,-0.0886,0,626,19,14,80,71,9
1773521784,71,20,0,0,0,0,no_volume,0,0,0,0,no_volume,0,0,0,0,low_activity,0,0,0,0,0,0,7400,6719,-0.0482,-626,-626,19,14,80,71,9
1773521785,71,20,0,0,0,0,no_volume,0,0,0,0,no_volume,0,0,0,0,low_activity,0,0,0,0,0,0,7400,6719,-0.0482,-626,-626,19,14,80,71,9
1773521786,71,20,0,0,0,0,no_volume,0,0,0,0,no_volume,0,0,0,0,low_activity,0,0,0,0,0,0,8026,6719,-0.0886,0,0,19,14,80,71,9
1773521787,71,20,0,0,0,0,no_volume,0,0,0,0,no_volume,0,0,0,0,low_activity,0,0,0,0,0,0,8026,6719,-0.0886,626,0,19,14,80,71,9
1773521788,71,20,0,0,0,0,no_volume,0,0,0,0,no_volume,0,0,0,0,low_activity,0,0,0,0,0,0,8026,6719,-0.0886,626,626,19,14,80,71,9
1773521789,71,20,0,0,0,0,no_volume,0,0,0,0,no_volume,0,0,0,0,low_activity,0,0,0,0,0,0,7400,6719,-0.0482,-626,0,19,14,80,71,9
1773521790,71,20,0,0,0,0,no_volume,0,0,0,0,no_volume,0,0,0,0,low_activity,0,0,0,0,0,0,7400,6719,-0.0482,-626,-626,19,14,80,71,9
1773521791,71,20,0,0,0,0,no_volume,0,0,0,0,no_volume,0,0,0,0,low_activity,0,0,0,0,0,0,7400,6719,-0.0482,-626,-626,19,14,80,71,9
1773521792,71,20,0,0,0,0,no_volume,0,0,0,0,no_volume,0,0,0,0,low_activity,0,0,0,0,0,0,8026,6719,-0.0886,626,0,19,14,80,71,9
1773521793,71,20,0,0,0,0,no_volume,0,0,0,0,no_volume,0,0,0,0,low_activity,0,0,0,0,0,0,8026,6719,-0.0886,626,0,19,14,80,71,9
1773521794,71,20,0,0,0,0,no_volume,0,0,0,0,no_volume,0,0,0,0,low_activity,0,0,0,0,0,0,8026,6719,-0.0886,626,626,19,14,80,71,9
1773521795,71,20,0,0,0,0,no_volume,0,0,0,0,no_volume,0,0,0,0,low_activity,0,0,0,0,0,0,7400,6719,-0.0482,-626,0,19,14,80,71,9
1773521796,71,20,0,0,0,0,no_volume,0,0,0,0,no_volume,0,0,0,0,low_activity,0,0,0,0,0,0,7400,6719,-0.0482,-626,-626,19,14,80,71,9
1773521797,71,20,0,0,0,0,no_volume,0,0,0,0,no_volume,0,0,0,0,low_activity,0,0,0,0,0,0,7400,6719,-0.0482,-626,-626,19,14,80,71,9
1773521798,73,20,0,0,0,0,no_volume,0,0,0,0,no_volume,0,0,0,0,low_activity,0,0,0,0,0,0,8026,6720,-0.0886,626,0,19,16,80,73,7
1773521799,73,20,0,0,0,0,no_volume,0,0,0,0,no_volume,0,0,0,0,low_activity,0,0,0,0,0,0,8026,6725,-0.0882,626,626,19,16,80,73,7
1773521800,73,20,0,0,0,0,no_volume,0,0,0,0,no_volume,0,0,0,0,no_volume,0,0,0,0,0,0,8026,6725,-0.0882,626,626,19,16,80,73,7
1773521801,73,20,0,0,0,0,no_volume,0,0,0,0,no_volume,0,0,0,0,no_volume,0,0,0,0,0,0,8026,6725,-0.0882,0,626,19,16,80,73,7
1773521802,73,20,0,0,0,0,no_volume,0,0,0,0,no_volume,0,0,0,0,no_volume,0,0,0,0,0,0,7400,6725,-0.0478,-626,-626,19,16,80,73,7
1773521803,73,20,0,0,0,0,no_volume,0,0,0,0,no_volume,0,0,0,0,no_volume,0,0,0,0,0,0,8026,6725,-0.0882,0,0,19,16,80,73,7
1773521804,73,20,0,0,0,0,no_volume,0,0,0,0,no_volume,0,0,0,0,no_volume,0,0,0,0,0,0,8026,6725,-0.0882,0,0,19,16,80,73,7
1773521805,73,20,0,0,0,0,no_volume,0,0,0,0,no_volume,0,0,0,0,no_volume,0,0,0,0,0,0,8026,6725,-0.0882,626,626,19,16,80,73,7
1773521806,73,20,0,0,0,0,no_volume,0,0,0,0,no_volume,0,0,0,0,no_volume,0,0,0,0,0,0,8026,6725,-0.0882,0,626,19,16,80,73,7
1773521807,73,20,0,0,0,0,no_volume,0,0,0,0,no_volume,0,0,0,0,no_volume,0,0,0,0,0,0,8026,6725,-0.0882,0,626,19,16,80,73,7
1773521808,73,20,0,0,0,0,no_volume,0,0,0,0,no_volume,0,0,0,0,no_volume,0,0,0,0,0,0,7400,6725,-0.0478,-626,-626,19,16,80,73,7
1773521809,73,20,0,0,0,0,no_volume,0,0,0,0,no_volume,0,0,0,0,no_volume,0,0,0,0,0,0,8026,6725,-0.0882,0,0,19,16,80,73,7
1773521810,73,20,0,0,0,0,no_volume,0,0,0,0,no_volume,0,0,0,0,no_volume,0,0,0,0,0,0,8026,6725,-0.0882,0,0,19,16,80,73,7
1773521811,73,20,0,0,0,0,no_volume,0,0,0,0,no_volume,0,0,0,0,no_volume,0,0,0,0,0,0,8026,6725,-0.0882,626,0,19,16,80,73,7
1773521812,73,20,0,0,0,0,no_volume,0,0,0,0,no_volume,0,0,0,0,no_volume,0,0,0,0,0,0,8026,6725,-0.0882,0,626,19,16,80,73,7
1773521813,73,20,0,0,0,0,no_volume,0,0,0,0,no_volume,0,0,0,0,no_volume,0,0,0,0,0,0,8026,6725,-0.0882,0,0,19,16,80,73,7
1773521814,73,20,0,0,0,0,no_volume,0,0,0,0,no_volume,0,0,0,0,no_volume,0,0,0,0,0,0,7400,6725,-0.0478,-626,-626,19,16,80,73,7
1773521815,73,20,0,0,0,0,no_volume,0,0,0,0,no_volume,0,0,0,0,no_volume,0,0,0,0,0,0,8026,6725,-0.0882,0,0,19,16,80,73,7
1773521816,73,20,0,0,0,0,no_volume,0,0,0,0,no_volume,0,0,0,0,no_volume,0,0,0,0,0,0,8026,6725,-0.0882,0,0,19,16,80,73,7
1773521817,73,20,0,0,0,0,no_volume,0,0,0,0,no_volume,0,0,0,0,no_volume,0,0,0,0,0,0,8026,6725,-0.0882,626,0,19,16,80,73,7
1773521818,73,20,0,0,0,0,no_volume,0,0,0,0,no_volume,0,0,0,0,no_volume,0,0,0,0,0,0,8026,6725,-0.0882,0,626,19,16,80,73,7
1773521819,73,20,0,0,0,0,no_volume,0,0,0,0,no_volume,0,0,0,0,no_volume,0,0,0,0,0,0,8026,6725,-0.0882,0,0,19,16,80,73,7
1773521820,73,20,0,0,0,0,no_volume,0,0,0,0,no_volume,0,0,0,0,no_volume,0,0,0,0,0,0,7400,6725,-0.0478,-626,-626,19,16,80,73,7
1773521821,71,20,0,0,0,0,no_volume,0,0,0,0,no_volume,0,0,0,0,no_volume,0,0,0,0,0,0,8026,6742,-0.0869,0,0,19,15,80,71,9
1773521822,71,20,0,0,0,0,no_volume,0,0,0,0,no_volume,0,0,0,0,no_volume,0,0,0,0,0,0,8026,6742,-0.0869,0,0,19,15,80,71,9
1773521823,71,20,0,0,0,0,no_volume,0,0,0,0,no_volume,0,0,0,0,no_volume,0,0,0,0,0,0,8026,6742,-0.0869,626,0,19,15,80,71,9
1773521824,71,20,0,0,0,0,no_volume,0,0,0,0,no_volume,0,0,0,0,no_volume,0,0,0,0,0,0,8026,6742,-0.0869,0,626,19,15,80,71,9
1773521825,71,18,0,0,0,0,low_activity,0,0,0,0,low_activity,0,0,0,0,low_activity,0,0,0,0,0,0,8259,6717,-0.103,233,233,17,14,82,71,11
1773521826,71,19,0,0,0,0,low_activity,0,0,0,0,low_activity,0,0,0,0,low_activity,0,0,0,0,0,0,7480,6724,-0.0532,-546,-546,17,14,81,71,10
1773521827,71,19,0,0,0,0,low_activity,0,0,0,0,low_activity,0,0,0,0,low_activity,0,0,0,0,0,0,8106,6724,-0.0932,80,80,17,14,81,71,10
1773521828,71,18,0,0,0,0,low_activity,0,0,0,0,low_activity,0,0,0,0,low_activity,0,0,0,0,0,0,8010,6719,-0.0877,-249,-16,17,14,82,71,11
1773521829,71,18,0,0,0,0,low_activity,0,0,0,0,low_activity,0,0,0,0,low_activity,0,0,0,0,0,0,8010,6703,-0.0888,530,-16,17,15,82,71,11
1773521830,73,18,0,0,0,0,low_activity,0,0,0,0,low_activity,0,0,0,0,low_activity,0,0,0,0,0,0,8010,6718,-0.0877,-96,610,17,16,82,73,9
1773521831,73,18,0,0,0,0,no_volume,0,0,0,0,low_activity,0,0,0,0,low_activity,0,0,0,0,0,0,7384,6697,-0.0488,-626,-642,17,14,82,73,9
1773521832,73,18,0,0,0,0,no_volume,0,0,0,0,low_activity,0,0,0,0,low_activity,0,0,0,0,0,0,7384,6697,-0.0488,-626,-642,17,14,82,73,9
1773521833,73,18,0,0,0,0,no_volume,0,0,0,0,no_volume,0,0,0,0,low_activity,0,0,0,0,0,0,8010,6712,-0.0882,0,-16,17,14,82,73,9
1773521834,73,18,0,0,0,0,no_volume,0,0,0,0,no_volume,0,0,0,0,low_activity,0,0,0,0,0,0,8010,6712,-0.0882,626,-16,17,14,82,73,9
1773521835,73,18,0,0,0,0,no_volume,0,0,0,0,no_volume,0,0,0,0,low_activity,0,0,0,0,0,0,8010,6712,-0.0882,626,-249,17,14,82,73,9
1773521836,73,18,0,0,0,0,no_volume,0,0,0,0,no_volume,0,0,0,0,low_activity,0,0,0,0,0,0,8010,6712,-0.0882,0,530,17,14,82,73,9
1773521837,73,18,0,0,0,0,no_volume,0,0,0,0,no_volume,0,0,0,0,low_activity,0,0,0,0,0,0,8010,6712,-0.0882,0,-96,17,14,82,73,9
1773521838,73,18,0,0,0,0,no_volume,0,0,0,0,no_volume,0,0,0,0,low_activity,0,0,0,0,0,0,7384,6712,-0.0477,-626,-626,17,14,82,73,9
1773521839,73,18,0,0,0,0,no_volume,0,0,0,0,no_volume,0,0,0,0,low_activity,0,0,0,0,0,0,8010,6712,-0.0882,0,0,17,14,82,73,9
1773521840,73,18,0,0,0,0,no_volume,0,0,0,0,no_volume,0,0,0,0,low_activity,0,0,0,0,0,0,8010,6712,-0.0882,0,0,17,14,82,73,9
1773521841,73,18,0,0,0,0,no_volume,0,0,0,0,no_volume,0,0,0,0,low_activity,0,0,0,0,0,0,8010,6712,-0.0882,626,626,17,14,82,73,9
1773521842,73,18,0,0,0,0,no_volume,0,0,0,0,no_volume,0,0,0,0,low_activity,0,0,0,0,0,0,8010,6712,-0.0882,0,626,17,14,82,73,9
1773521843,73,18,0,0,0,0,no_volume,0,0,0,0,no_volume,0,0,0,0,low_activity,0,0,0,0,0,0,7384,6712,-0.0477,-626,-626,17,14,82,73,9
1773521844,73,18,0,0,0,0,no_volume,0,0,0,0,no_volume,0,0,0,0,low_activity,0,0,0,0,0,0,7384,6712,-0.0477,-626,-626,17,14,82,73,9
1773521845,73,18,0,0,0,0,no_volume,0,0,0,0,no_volume,0,0,0,0,low_activity,0,0,0,0,0,0,8010,6712,-0.0882,0,0,17,14,82,73,9
1773521846,73,18,0,0,0,0,no_volume,0,0,0,0,no_volume,0,0,0,0,low_activity,0,0,0,0,0,0,8010,6717,-0.0878,626,0,17,14,82,73,9
1773521847,73,18,0,0,0,0,no_volume,0,0,0,0,no_volume,0,0,0,0,low_activity,0,0,0,0,0,0,8010,6717,-0.0878,626,0,17,13,82,73,9
1773521848,73,18,0,0,0,0,no_volume,0,0,0,0,no_volume,0,0,0,0,low_activity,0,0,0,0,0,0,8010,6717,-0.0878,0,626,17,13,82,73,9
1773521849,73,18,0,0,0,0,no_volume,0,0,0,0,no_volume,0,0,0,0,low_activity,0,0,0,0,0,0,8010,6717,-0.0878,0,0,17,13,82,73,9
1773521850,73,18,0,0,0,0,no_volume,0,0,0,0,no_volume,0,0,0,0,low_activity,0,0,0,0,0,0,7384,6717,-0.0473,-626,-626,17,13,82,73,9
1773521851,73,18,0,0,0,0,no_volume,0,0,0,0,no_volume,0,0,0,0,low_activity,0,0,0,0,0,0,8010,6712,-0.0882,0,0,17,13,82,73,9
1773521852,73,18,0,0,0,0,no_volume,0,0,0,0,no_volume,0,0,0,0,low_activity,0,0,0,0,0,0,8010,6712,-0.0882,0,0,17,13,82,73,9
1773521853,73,15,0,0,0,0,low_activity,0,0,0,0,low_activity,0,0,0,0,low_activity,0,0,0,0,0,0,7485,6681,-0.0568,101,101,15,14,85,73,12
1773521854,73,16,0,0,0,0,low_activity,0,0,0,0,low_activity,0,0,0,0,low_activity,0,0,0,0,0,0,7940,6652,-0.0883,-70,556,16,14,84,73,11
1773521855,73,16,0,0,0,0,no_volume,0,0,0,0,low_activity,0,0,0,0,low_activity,0,0,0,0,0,0,7321,6656,-0.0476,-689,-689,16,14,84,73,11
1773521856,73,16,0,0,0,0,no_volume,0,0,0,0,low_activity,0,0,0,0,low_activity,0,0,0,0,0,0,6917,6652,-0.0195,-568,-1093,16,14,84,73,11
1773521857,73,16,0,0,0,0,no_volume,0,0,0,0,no_volume,0,0,0,0,low_activity,0,0,0,0,0,0,7543,6652,-0.0628,-397,-467,16,14,84,73,11
1773521858,73,16,0,0,0,0,no_volume,0,0,0,0,no_volume,0,0,0,0,low_activity,0,0,0,0,0,0,7464,6652,-0.0575,143,-546,16,14,84,73,11
1773521859,73,16,0,0,0,0,no_volume,0,0,0,0,no_volume,0,0,0,0,low_activity,0,0,0,0,0,0,7461,6652,-0.0573,544,-549,16,15,84,73,11
1773521860,73,16,0,0,0,0,no_volume,0,0,0,0,no_volume,0,0,0,0,low_activity,0,0,0,0,0,0,7961,6652,-0.0896,418,577,16,15,84,73,11
1773521861,73,16,0,0,0,0,no_volume,0,0,0,0,no_volume,0,0,0,0,low_activity,0,0,0,0,0,0,7341,6652,-0.0492,-123,-669,16,15,84,73,11
1773521862,73,16,0,0,0,0,no_volume,0,0,0,0,no_volume,0,0,0,0,low_activity,0,0,0,0,0,0,7341,6652,-0.0492,-120,-669,16,15,84,73,11
1773521863,73,16,0,0,0,0,no_volume,0,0,0,0,no_volume,0,0,0,0,low_activity,0,0,0,0,0,0,7972,6652,-0.0903,11,487,16,15,84,73,11
1773521864,73,16,0,0,0,0,no_volume,0,0,0,0,no_volume,0,0,0,0,low_activity,0,0,0,0,0,0,7972,9613,0.0933,631,32,16,17,84,73,11
1773521865,73,16,0,0,0,0,no_volume,0,0,0,0,no_volume,0,0,0,0,low_activity,0,0,0,0,0,0,7972,9613,0.0933,631,651,16,17,84,73,11
1773521866,73,16,0,0,0,0,no_volume,0,0,0,0,no_volume,0,0,0,0,low_activity,0,0,0,0,0,0,7972,9631,0.0942,0,1055,16,17,84,73,11
1773521867,73,16,0,0,0,0,no_volume,0,0,0,0,no_volume,0,0,0,0,low_activity,0,0,0,0,0,0,7346,9627,0.1344,-626,-197,16,17,84,73,11
1773521868,73,16,0,0,0,0,no_volume,0,0,0,0,no_volume,0,0,0,0,low_activity,0,0,0,0,0,0,7346,9627,0.1344,-626,-118,16,17,84,73,11
1773521869,73,16,0,0,0,0,no_volume,0,0,0,0,no_volume,0,0,0,0,low_activity,0,0,0,0,0,0,7972,9627,0.094,0,511,16,17,84,73,11
1773521870,73,16,0,0,0,0,no_volume,0,0,0,0,no_volume,0,0,0,0,low_activity,0,0,0,0,0,0,7972,9627,0.094,626,11,16,17,84,73,11
1773521871,73,16,0,0,0,0,no_volume,0,0,0,0,no_volume,0,0,0,0,low_activity,0,0,0,0,0,0,7972,9627,0.094,626,631,16,17,84,73,11
1773521872,73,16,0,0,0,0,no_volume,0,0,0,0,no_volume,0,0,0,0,low_activity,0,0,0,0,0,0,7972,9627,0.094,0,631,16,17,84,73,11
1773521873,73,16,0,0,0,0,no_volume,0,0,0,0,no_volume,0,0,0,0,low_activity,0,0,0,0,0,0,7346,9627,0.1344,-626,-626,16,17,84,73,11
1773521874,73,16,0,0,0,0,no_volume,0,0,0,0,no_volume,0,0,0,0,low_activity,0,0,0,0,0,0,7346,9627,0.1344,-626,-626,16,17,84,73,11
1773521875,73,16,0,0,0,0,no_volume,0,0,0,0,no_volume,0,0,0,0,low_activity,0,0,0,0,0,0,7972,9627,0.094,0,0,16,17,84,73,11
1773521876,73,16,0,0,0,0,no_volume,0,0,0,0,no_volume,0,0,0,0,low_activity,0,0,0,0,0,0,7972,9627,0.094,626,0,16,17,84,73,11
1773521877,73,16,0,0,0,0,no_volume,0,0,0,0,no_volume,0,0,0,0,low_activity,0,0,0,0,0,0,7972,9627,0.094,626,626,16,17,84,73,11
1773521878,73,16,0,0,0,0,no_volume,0,0,0,0,no_volume,0,0,0,0,low_activity,0,0,0,0,0,0,7972,9627,0.094,0,626,16,17,84,73,11
1773521879,73,16,0,0,0,0,no_volume,0,0,0,0,no_volume,0,0,0,0,low_activity,0,0,0,0,0,0,7346,8579,0.0774,-626,-626,16,16,84,73,11
1773521880,73,16,0,0,0,0,no_volume,0,0,0,0,no_volume,0,0,0,0,low_activity,0,0,0,0,0,0,7346,9579,0.1319,-626,-626,16,17,84,73,11
1773521881,73,16,0,0,0,0,no_volume,0,0,0,0,no_volume,0,0,0,0,low_activity,0,0,0,0,0,0,7972,9579,0.0916,0,0,16,17,84,73,11
1773521882,73,16,0,0,0,0,no_volume,0,0,0,0,no_volume,0,0,0,0,no_volume,0,0,0,0,0,0,7972,9579,0.0916,626,0,16,17,84,73,11
1773521883,73,16,0,0,0,0,no_volume,0,0,0,0,no_volume,0,0,0,0,no_volume,0,0,0,0,0,0,7972,9579,0.0916,626,626,16,17,84,73,11
1773521884,73,16,0,0,0,0,no_volume,0,0,0,0,no_volume,0,0,0,0,no_volume,0,0,0,0,0,0,7994,9583,0.0904,22,648,16,17,84,73,11
1773521885,73,16,0,0,0,0,no_volume,0,0,0,0,no_volume,0,0,0,0,no_volume,0,0,0,0,0,0,7368,9583,0.1307,-604,-604,16,17,84,73,11
1773521886,73,16,0,0,0,0,no_volume,0,0,0,0,no_volume,0,0,0,0,no_volume,0,0,0,0,0,0,7368,9579,0.1305,-604,-604,16,17,84,73,11
1773521887,73,16,0,0,0,0,no_volume,0,0,0,0,no_volume,0,0,0,0,no_volume,0,0,0,0,0,0,7994,9583,0.0904,0,22,16,17,84,73,11
1773521888,73,16,0,0,0,0,no_volume,0,0,0,0,no_volume,0,0,0,0,no_volume,0,0,0,0,0,0,7994,9579,0.0902,626,22,16,17,84,73,11
1773521889,73,16,0,0,0,0,no_volume,0,0,0,0,no_volume,0,0,0,0,no_volume,0,0,0,0,0,0,7994,9583,0.0904,626,648,16,17,84,73,11
1773521890,73,16,0,0,0,0,no_volume,0,0,0,0,no_volume,0,0,0,0,no_volume,0,0,0,0,0,0,7994,9583,0.0904,0,648,16,17,84,73,11
1773521891,73,16,0,0,0,0,no_volume,0,0,0,0,no_volume,0,0,0,0,no_volume,0,0,0,0,0,0,7368,9579,0.1305,-626,-604,16,17,84,73,11
1773521892,73,16,0,0,0,0,no_volume,0,0,0,0,no_volume,0,0,0,0,no_volume,0,0,0,0,0,0,7994,9583,0.0904,0,22,16,17,84,73,11
1773521893,73,16,0,0,0,0,no_volume,0,0,0,0,no_volume,0,0,0,0,no_volume,0,0,0,0,0,0,7994,9579,0.0902,0,22,16,17,84,73,11
1773521894,73,16,0,0,0,0,no_volume,0,0,0,0,no_volume,0,0,0,0,no_volume,0,0,0,0,0,0,7994,9579,0.0902,626,0,16,17,84,73,11
1773521895,73,16,0,0,0,0,no_volume,0,0,0,0,no_volume,0,0,0,0,no_volume,0,0,0,0,0,0,7994,9579,0.0902,0,626,16,17,84,73,11
1773521896,73,16,0,0,0,0,no_volume,0,0,0,0,no_volume,0,0,0,0,no_volume,0,0,0,0,0,0,7368,9583,0.1307,-626,0,16,17,84,73,11
1773521897,73,16,0,0,0,0,no_volume,0,0,0,0,no_volume,0,0,0,0,no_volume,0,0,0,0,0,0,7368,9579,0.1305,-626,-626,16,17,84,73,11
1773521898,73,16,0,0,0,0,no_volume,0,0,0,0,no_volume,0,0,0,0,no_volume,0,0,0,0,0,0,7368,9583,0.1307,-626,-626,16,17,84,73,11
1773521899,73,16,0,0,0,0,no_volume,0,0,0,0,no_volume,0,0,0,0,no_volume,0,0,0,0,0,0,7994,9579,0.0902,626,0,16,17,84,73,11
1773521900,73,16,0,0,0,0,no_volume,0,0,0,0,no_volume,0,0,0,0,no_volume,0,0,0,0,0,0,7994,9579,0.0902,626,0,16,17,84,73,11
1773521901,73,16,0,0,0,0,no_volume,0,0,0,0,no_volume,0,0,0,0,no_volume,0,0,0,0,0,0,7994,9583,0.0904,626,626,16,17,84,73,11
1773521902,73,16,0,0,0,0,no_volume,0,0,0,0,no_volume,0,0,0,0,no_volume,0,0,0,0,0,0,7368,9579,0.1305,-626,-626,16,17,84,73,11
1773521903,73,16,0,0,0,0,no_volume,0,0,0,0,no_volume,0,0,0,0,no_volume,0,0,0,0,0,0,7368,9583,0.1307,-626,-626,16,17,84,73,11
1773521904,73,16,0,0,0,0,no_volume,0,0,0,0,no_volume,0,0,0,0,no_volume,0,0,0,0,0,0,7994,9579,0.0902,0,0,16,17,84,73,11
1773521905,73,16,0,0,0,0,no_volume,0,0,0,0,no_volume,0,0,0,0,no_volume,0,0,0,0,0,0,7994,9579,0.0902,626,0,16,17,84,73,11
1773521906,73,16,0,0,0,0,no_volume,0,0,0,0,no_volume,0,0,0,0,no_volume,0,0,0,0,0,0,7994,9583,0.0904,626,626,16,17,84,73,11
1773521907,73,16,0,0,0,0,no_volume,0,0,0,0,no_volume,0,0,0,0,no_volume,0,0,0,0,0,0,7994,9579,0.0902,0,626,16,17,84,73,11
1773521908,73,16,0,0,0,0,no_volume,0,0,0,0,no_volume,0,0,0,0,no_volume,0,0,0,0,0,0,7994,9583,0.0904,0,626,16,17,84,73,11
1773521909,73,16,0,0,0,0,no_volume,0,0,0,0,no_volume,0,0,0,0,no_volume,0,0,0,0,0,0,7368,9579,0.1305,-626,-626,16,17,84,73,11
1773521910,73,16,0,0,0,0,no_volume,0,0,0,0,no_volume,0,0,0,0,no_volume,0,0,0,0,0,0,7994,9579,0.0902,0,0,16,17,84,73,11
1773521911,73,16,0,0,0,0,no_volume,0,0,0,0,no_volume,0,0,0,0,no_volume,0,0,0,0,0,0,7994,9579,0.0902,0,0,16,17,84,73,11
1773521912,73,16,0,0,0,0,no_volume,0,0,0,0,no_volume,0,0,0,0,no_volume,0,0,0,0,0,0,7994,9579,0.0902,626,626,16,17,84,73,11
1773521913,73,16,0,0,0,0,no_volume,0,0,0,0,no_volume,0,0,0,0,no_volume,0,0,0,0,0,0,7994,9583,0.0904,0,626,16,17,84,73,11
1773521914,73,16,0,0,0,0,no_volume,0,0,0,0,no_volume,0,0,0,0,no_volume,0,0,0,0,0,0,7368,9583,0.1307,-626,-626,16,17,84,73,11
1773521915,73,16,0,0,0,0,no_volume,0,0,0,0,no_volume,0,0,0,0,no_volume,0,0,0,0,0,0,7361,9579,0.1309,-633,-633,16,17,84,73,11
1773521916,73,16,0,0,0,0,no_volume,0,0,0,0,no_volume,0,0,0,0,no_volume,0,0,0,0,0,0,7973,9583,0.0917,-21,-21,16,17,84,73,11
1773521917,73,16,0,0,0,0,no_volume,0,0,0,0,no_volume,0,0,0,0,no_volume,0,0,0,0,0,0,7994,9579,0.0902,626,0,16,17,84,73,11
1773521918,73,16,0,0,0,0,no_volume,0,0,0,0,no_volume,0,0,0,0,no_volume,0,0,0,0,0,0,7994,9583,0.0904,633,0,16,17,84,73,11
1773521919,73,16,0,0,0,0,no_volume,0,0,0,0,no_volume,0,0,0,0,no_volume,0,0,0,0,0,0,7467,6579,-0.0632,-506,99,16,15,84,73,11
1773521920,73,16,0,0,0,0,no_volume,0,0,0,0,no_volume,0,0,0,0,no_volume,0,0,0,0,0,0,7967,9583,0.0921,-27,-27,16,17,84,73,11
1773521921,73,16,0,0,0,0,no_volume,0,0,0,0,no_volume,0,0,0,0,no_volume,0,0,0,0,0,0,7341,9579,0.1323,-653,-653,16,17,84,73,11
1773521922,73,16,0,0,0,0,no_volume,0,0,0,0,no_volume,0,0,0,0,no_volume,0,0,0,0,0,0,7967,9579,0.0919,500,-27,16,17,84,73,11
1773521923,73,16,0,0,0,0,no_volume,0,0,0,0,no_volume,0,0,0,0,no_volume,0,0,0,0,0,0,7967,9583,0.0921,0,-27,16,17,84,73,11
1773521924,73,16,0,0,0,0,no_volume,0,0,0,0,no_volume,0,0,0,0,no_volume,0,0,0,0,0,0,7967,9579,0.0919,626,599,16,17,84,73,11
1773521925,73,16,0,0,0,0,no_volume,0,0,0,0,no_volume,0,0,0,0,no_volume,0,0,0,0,0,0,7967,9583,0.0921,0,606,16,17,84,73,11
1773521926,73,16,0,0,0,0,no_volume,0,0,0,0,no_volume,0,0,0,0,no_volume,0,0,0,0,0,0,7967,9583,0.0921,0,-6,16,17,84,73,11
1773521927,73,16,0,0,0,0,no_volume,0,0,0,0,no_volume,0,0,0,0,no_volume,0,0,0,0,0,0,7341,9579,0.1323,-626,-653,16,17,84,73,11
1773521928,73,16,0,0,0,0,no_volume,0,0,0,0,no_volume,0,0,0,0,no_volume,0,0,0,0,0,0,7967,9579,0.0919,0,-27,16,17,84,73,11
1773521929,73,16,0,0,0,0,no_volume,0,0,0,0,no_volume,0,0,0,0,no_volume,0,0,0,0,0,0,7967,9579,0.0919,0,500,16,17,84,73,11
1773521930,73,16,0,0,0,0,no_volume,0,0,0,0,no_volume,0,0,0,0,no_volume,0,0,0,0,0,0,7967,9583,0.0921,626,0,16,17,84,73,11
1773521931,73,16,0,0,0,0,no_volume,0,0,0,0,no_volume,0,0,0,0,no_volume,0,0,0,0,0,0,7962,9579,0.0922,-5,621,16,17,84,73,11
1773521932,73,16,0,0,0,0,no_volume,0,0,0,0,no_volume,0,0,0,0,no_volume,0,0,0,0,0,0,7962,9579,0.0922,-5,-5,16,17,84,73,11
1773521933,73,16,0,0,0,0,no_volume,0,0,0,0,no_volume,0,0,0,0,no_volume,0,0,0,0,0,0,7336,9583,0.1328,-631,-631,16,17,84,73,11
1773521934,73,16,0,0,0,0,no_volume,0,0,0,0,no_volume,0,0,0,0,no_volume,0,0,0,0,0,0,7962,9579,0.0922,0,-5,16,17,84,73,11
1773521935,73,16,0,0,0,0,no_volume,0,0,0,0,no_volume,0,0,0,0,no_volume,0,0,0,0,0,0,7962,9583,0.0924,0,-5,16,17,84,73,11
1773521936,73,16,0,0,0,0,no_volume,0,0,0,0,no_volume,0,0,0,0,no_volume,0,0,0,0,0,0,7962,9579,0.0922,626,-5,16,17,84,73,11
1773521937,73,16,0,0,0,0,no_volume,0,0,0,0,no_volume,0,0,0,0,no_volume,0,0,0,0,0,0,7962,9583,0.0924,0,621,16,17,84,73,11
1773521938,73,16,0,0,0,0,no_volume,0,0,0,0,no_volume,0,0,0,0,no_volume,0,0,0,0,0,0,7336,9583,0.1328,-626,-631,16,17,84,73,11
1773521939,73,16,0,0,0,0,no_volume,0,0,0,0,no_volume,0,0,0,0,no_volume,0,0,0,0,0,0,7336,9579,0.1326,-626,-631,16,17,84,73,11
1773521940,73,16,0,0,0,0,no_volume,0,0,0,0,no_volume,0,0,0,0,no_volume,0,0,0,0,0,0,7962,9583,0.0924,0,-5,16,17,84,73,11
1773521941,73,16,0,0,0,0,no_volume,0,0,0,0,no_volume,0,0,0,0,no_volume,0,0,0,0,0,0,7962,9583,0.0924,626,0,16,17,84,73,11
1773521942,73,16,0,0,0,0,no_volume,0,0,0,0,no_volume,0,0,0,0,no_volume,0,0,0,0,0,0,7962,9579,0.0922,626,0,16,17,84,73,11
1773521943,73,16,0,0,0,0,no_volume,0,0,0,0,no_volume,0,0,0,0,no_volume,0,0,0,0,0,0,7962,9583,0.0924,0,626,16,17,84,73,11
1773521944,73,16,0,0,0,0,no_volume,0,0,0,0,no_volume,0,0,0,0,no_volume,0,0,0,0,0,0,7336,9579,0.1326,-626,-626,16,17,84,73,11
1773521945,73,16,0,0,0,0,no_volume,0,0,0,0,no_volume,0,0,0,0,no_volume,0,0,0,0,0,0,7336,9579,0.1326,-626,-626,16,17,84,73,11
1773521946,73,16,0,0,0,0,no_volume,0,0,0,0,no_volume,0,0,0,0,no_volume,0,0,0,0,0,0,7962,9579,0.0922,0,0,16,17,84,73,11
1773521947,73,17,0,0,0,0,no_volume,0,0,0,0,no_volume,0,0,0,0,no_volume,0,0,0,0,0,0,7964,6581,-0.0951,628,2,17,15,83,73,10
1773521948,73,17,0,0,0,0,no_volume,0,0,0,0,no_volume,0,0,0,0,no_volume,0,0,0,0,0,0,7950,9151,0.0702,614,614,16,16,83,73,10
1773521949,73,17,0,0,0,0,no_volume,0,0,0,0,no_volume,0,0,0,0,no_volume,0,0,0,0,0,0,7950,9151,0.0702,-12,614,16,16,83,73,10
1773521950,73,17,0,0,0,0,no_volume,0,0,0,0,no_volume,0,0,0,0,no_volume,0,0,0,0,0,0,7324,9151,0.1109,-640,-638,16,16,83,73,10
1773521951,73,17,0,0,0,0,no_volume,0,0,0,0,no_volume,0,0,0,0,no_volume,0,0,0,0,0,0,7950,9151,0.0702,0,-12,16,16,83,73,10
1773521952,73,17,0,0,0,0,no_volume,0,0,0,0,no_volume,0,0,0,0,no_volume,0,0,0,0,0,0,7950,9151,0.0702,0,-12,16,16,83,73,10
1773521953,73,17,0,0,0,0,no_volume,0,0,0,0,no_volume,0,0,0,0,no_volume,0,0,0,0,0,0,7950,9151,0.0702,626,-12,16,16,83,73,10
1773521954,73,17,0,0,0,0,no_volume,0,0,0,0,no_volume,0,0,0,0,no_volume,0,0,0,0,0,0,7950,9151,0.0702,0,614,16,16,83,73,10
1773521955,73,17,0,0,0,0,no_volume,0,0,0,0,no_volume,0,0,0,0,no_volume,0,0,0,0,0,0,7950,9151,0.0702,0,614,16,16,83,73,10
1773521956,73,17,0,0,0,0,no_volume,0,0,0,0,no_volume,0,0,0,0,no_volume,0,0,0,0,0,0,7324,9151,0.1109,-626,-638,16,16,83,73,10
1773521957,73,17,0,0,0,0,no_volume,0,0,0,0,no_volume,0,0,0,0,no_volume,0,0,0,0,0,0,7324,9151,0.1109,-626,-640,16,16,83,73,10
1773521958,73,17,0,0,0,0,no_volume,0,0,0,0,no_volume,0,0,0,0,no_volume,0,0,0,0,0,0,7950,9151,0.0702,0,0,16,16,83,73,10
1773521959,73,17,0,0,0,0,no_volume,0,0,0,0,no_volume,0,0,0,0,no_volume,0,0,0,0,0,0,7950,9151,0.0702,626,0,16,16,83,73,10
1773521960,73,17,0,0,0,0,no_volume,0,0,0,0,no_volume,0,0,0,0,no_volume,0,0,0,0,0,0,7950,9151,0.0702,626,626,16,16,83,73,10
1773521961,73,17,0,0,0,0,no_volume,0,0,0,0,no_volume,0,0,0,0,no_volume,0,0,0,0,0,0,7950,9151,0.0702,0,0,16,16,83,73,10
1773521962,73,17,0,0,0,0,no_volume,0,0,0,0,no_volume,0,0,0,0,no_volume,0,0,0,0,0,0,7324,9151,0.1109,-626,-626,16,16,83,73,10
1773521963,73,17,0,0,0,0,no_volume,0,0,0,0,no_volume,0,0,0,0,no_volume,0,0,0,0,0,0,7950,9151,0.0702,0,0,16,16,83,73,10
1773521964,73,17,0,0,0,0,no_volume,0,0,0,0,no_volume,0,0,0,0,no_volume,0,0,0,0,0,0,7950,9150,0.0702,0,0,16,15,83,73,10
1773521965,73,17,0,0,0,0,no_volume,0,0,0,0,no_volume,0,0,0,0,no_volume,0,0,0,0,0,0,7950,9150,0.0702,626,0,16,15,83,73,10
1773521966,73,17,0,0,0,0,no_volume,0,0,0,0,no_volume,0,0,0,0,no_volume,0,0,0,0,0,0,7950,9150,0.0702,0,626,16,15,83,73,10
1773521967,73,17,0,0,0,0,no_volume,0,0,0,0,no_volume,0,0,0,0,no_volume,0,0,0,0,0,0,7324,9150,0.1108,-626,0,16,15,83,73,10
1773521968,73,17,0,0,0,0,no_volume,0,0,0,0,no_volume,0,0,0,0,no_volume,0,0,0,0,0,0,7950,9150,0.0702,0,0,16,15,83,73,10
1773521969,73,17,0,0,0,0,no_volume,0,0,0,0,no_volume,0,0,0,0,no_volume,0,0,0,0,0,0,7950,9150,0.0702,0,0,16,15,83,73,10
1773521970,73,17,0,0,0,0,no_volume,0,0,0,0,no_volume,0,0,0,0,no_volume,0,0,0,0,0,0,7950,9150,0.0702,626,0,16,15,83,73,10
1773521971,73,17,0,0,0,0,no_volume,0,0,0,0,no_volume,0,0,0,0,no_volume,0,0,0,0,0,0,7950,9150,0.0702,0,0,16,15,83,73,10
1773521972,73,17,0,0,0,0,no_volume,0,0,0,0,no_volume,0,0,0,0,no_volume,0,0,0,0,0,0,7950,9150,0.0702,0,626,16,15,83,73,10
1773521973,73,17,0,0,0,0,no_volume,0,0,0,0,no_volume,0,0,0,0,no_volume,0,0,0,0,0,0,7324,9150,0.1108,-626,-626,16,15,83,73,10
1773521974,73,17,0,0,0,0,no_volume,0,0,0,0,no_volume,0,0,0,0,no_volume,0,0,0,0,0,0,7950,9150,0.0702,0,0,16,15,83,73,10
1773521975,73,17,0,0,0,0,no_volume,0,0,0,0,no_volume,0,0,0,0,no_volume,0,0,0,0,0,0,7950,9150,0.0702,0,0,16,15,83,73,10
1773521976,73,17,0,0,0,0,no_volume,0,0,0,0,no_volume,0,0,0,0,no_volume,0,0,0,0,0,0,7950,9150,0.0702,626,0,16,15,83,73,10
1773521977,73,17,0,0,0,0,no_volume,0,0,0,0,no_volume,0,0,0,0,no_volume,0,0,0,0,0,0,7950,9150,0.0702,0,626,16,15,83,73,10
1773521978,73,17,0,0,0,0,no_volume,0,0,0,0,no_volume,0,0,0,0,no_volume,0,0,0,0,0,0,7950,9150,0.0702,0,0,16,15,83,73,10
1773521979,73,17,0,0,0,0,no_volume,0,0,0,0,no_volume,0,0,0,0,no_volume,0,0,0,0,0,0,7319,9152,0.1113,-631,-631,16,15,83,73,10
1773521980,73,17,0,0,0,0,no_volume,0,0,0,0,no_volume,0,0,0,0,no_volume,0,0,0,0,0,0,7945,9152,0.0706,-5,-5,16,15,83,73,10
1773521981,73,17,0,0,0,0,no_volume,0,0,0,0,no_volume,0,0,0,0,no_volume,0,0,0,0,0,0,7945,9152,0.0706,-5,-5,16,15,83,73,10
1773521982,73,17,0,0,0,0,no_volume,0,0,0,0,no_volume,0,0,0,0,no_volume,0,0,0,0,0,0,7945,9152,0.0706,626,-5,16,15,83,73,10
1773521983,73,17,0,0,0,0,no_volume,0,0,0,0,no_volume,0,0,0,0,no_volume,0,0,0,0,0,0,7945,9152,0.0706,0,621,16,15,83,73,10
1773521984,73,17,0,0,0,0,no_volume,0,0,0,0,no_volume,0,0,0,0,no_volume,0,0,0,0,0,0,7945,9152,0.0706,0,-5,16,15,83,73,10
1773521985,73,17,0,0,0,0,no_volume,0,0,0,0,no_volume,0,0,0,0,no_volume,0,0,0,0,0,0,7319,9152,0.1113,-626,-631,16,15,83,73,10
1773521986,73,17,0,0,0,0,no_volume,0,0,0,0,no_volume,0,0,0,0,no_volume,0,0,0,0,0,0,7945,9152,0.0706,0,-5,16,15,83,73,10
1773521987,73,17,0,0,0,0,no_volume,0,0,0,0,no_volume,0,0,0,0,no_volume,0,0,0,0,0,0,7945,9152,0.0706,0,-5,16,15,83,73,10
1773521988,73,17,0,0,0,0,no_volume,0,0,0,0,no_volume,0,0,0,0,no_volume,0,0,0,0,0,0,7945,9152,0.0706,626,-5,16,15,83,73,10
1773521989,73,17,0,0,0,0,no_volume,0,0,0,0,no_volume,0,0,0,0,no_volume,0,0,0,0,0,0,7945,9152,0.0706,0,626,16,15,83,73,10
1773521990,73,17,0,0,0,0,no_volume,0,0,0,0,no_volume,0,0,0,0,no_volume,0,0,0,0,0,0,7945,9152,0.0706,0,0,16,15,83,73,10
1773521991,73,17,0,0,0,0,no_volume,0,0,0,0,no_volume,0,0,0,0,no_volume,0,0,0,0,0,0,7319,9152,0.1113,-626,-626,16,15,83,73,10
1773521992,73,17,0,0,0,0,no_volume,0,0,0,0,no_volume,0,0,0,0,no_volume,0,0,0,0,0,0,7945,9152,0.0706,0,0,16,15,83,73,10
1773521993,73,17,0,0,0,0,no_volume,0,0,0,0,no_volume,0,0,0,0,no_volume,0,0,0,0,0,0,7945,9152,0.0706,0,0,16,15,83,73,10
1773521994,73,17,0,0,0,0,no_volume,0,0,0,0,no_volume,0,0,0,0,no_volume,0,0,0,0,0,0,7945,9152,0.0706,626,0,16,15,83,73,10
1773521995,73,17,0,0,0,0,no_volume,0,0,0,0,no_volume,0,0,0,0,no_volume,0,0,0,0,0,0,7945,9152,0.0706,0,626,16,15,83,73,10
1773521996,73,17,0,0,0,0,no_volume,0,0,0,0,no_volume,0,0,0,0,no_volume,0,0,0,0,0,0,7319,9152,0.1113,-626,-626,16,15,83,73,10
1773521997,73,17,0,0,0,0,no_volume,0,0,0,0,no_volume,0,0,0,0,no_volume,0,0,0,0,0,0,7319,9152,0.1113,-626,-626,16,15,83,73,10
1773521998,73,17,0,0,0,0,no_volume,0,0,0,0,no_volume,0,0,0,0,no_volume,0,0,0,0,0,0,7945,9152,0.0706,0,0,16,15,83,73,10
1773521999,73,17,0,0,0,0,no_volume,0,0,0,0,no_volume,0,0,0,0,no_volume,0,0,0,0,0,0,7945,9152,0.0706,626,0,16,15,83,73,10
1773522000,73,17,0,0,0,0,no_volume,0,0,0,0,no_volume,0,0,0,0,no_volume,0,0,0,0,0,0,7945,9152,0.0706,626,0,16,15,83,73,10
1773522001,73,17,0,0,0,0,no_volume,0,0,0,0,no_volume,0,0,0,0,no_volume,0,0,0,0,0,0,7945,9152,0.0706,0,626,16,15,83,73,10
1773522002,73,17,0,0,0,0,no_volume,0,0,0,0,no_volume,0,0,0,0,no_volume,0,0,0,0,0,0,7945,9152,0.0706,0,0,16,15,83,73,10
1773522003,73,17,0,0,0,0,no_volume,0,0,0,0,no_volume,0,0,0,0,no_volume,0,0,0,0,0,0,7319,9152,0.1113,-626,-626,16,15,83,73,10
1773522004,73,17,0,0,0,0,no_volume,0,0,0,0,no_volume,0,0,0,0,no_volume,0,0,0,0,0,0,7945,9152,0.0706,0,0,16,15,83,73,10
1773522005,73,17,0,0,0,0,no_volume,0,0,0,0,no_volume,0,0,0,0,no_volume,0,0,0,0,0,0,7945,9152,0.0706,0,0,16,15,83,73,10
1773522006,73,17,0,0,0,0,no_volume,0,0,0,0,no_volume,0,0,0,0,no_volume,0,0,0,0,0,0,7945,9152,0.0706,626,626,16,15,83,73,10
1773522007,73,17,0,0,0,0,no_volume,0,0,0,0,no_volume,0,0,0,0,no_volume,0,0,0,0,0,0,7945,9152,0.0706,0,626,16,15,83,73,10
1773522008,73,17,0,0,0,0,no_volume,0,0,0,0,no_volume,0,0,0,0,no_volume,0,0,0,0,0,0,7312,9152,0.1118,-633,-633,16,15,83,73,10
1773522009,73,17,0,0,0,0,no_volume,0,0,0,0,no_volume,0,0,0,0,no_volume,0,0,0,0,0,0,7312,6582,-0.0525,-633,-633,16,15,83,73,10
1773522010,73,17,0,0,0,0,no_volume,0,0,0,0,no_volume,0,0,0,0,no_volume,0,0,0,0,0,0,7945,9538,0.0911,0,0,16,17,83,73,10
1773522011,73,17,0,0,0,0,no_volume,0,0,0,0,no_volume,0,0,0,0,no_volume,0,0,0,0,0,0,7945,9538,0.0911,633,0,16,17,83,73,10
1773522012,73,17,0,0,0,0,no_volume,0,0,0,0,no_volume,0,0,0,0,no_volume,0,0,0,0,0,0,7945,9538,0.0911,633,0,16,17,83,73,10
1773522013,73,17,0,0,0,0,no_volume,0,0,0,0,no_volume,0,0,0,0,no_volume,0,0,0,0,0,0,7945,9538,0.0911,0,626,16,17,83,73,10
1773522014,73,17,0,0,0,0,no_volume,0,0,0,0,no_volume,0,0,0,0,no_volume,0,0,0,0,0,0,7319,9538,0.1316,-626,-626,16,17,83,73,10
1773522015,73,17,0,0,0,0,no_volume,0,0,0,0,no_volume,0,0,0,0,no_volume,0,0,0,0,0,0,7319,9538,0.1316,-626,-626,16,17,83,73,10
1773522016,73,17,0,0,0,0,no_volume,0,0,0,0,no_volume,0,0,0,0,no_volume,0,0,0,0,0,0,7945,9538,0.0911,0,0,16,17,83,73,10
1773522017,73,17,0,0,0,0,no_volume,0,0,0,0,no_volume,0,0,0,0,no_volume,0,0,0,0,0,0,7945,9538,0.0911,626,0,16,17,83,73,10
1773522018,73,17,0,0,0,0,no_volume,0,0,0,0,no_volume,0,0,0,0,no_volume,0,0,0,0,0,0,7945,9582,0.0934,626,633,16,16,83,73,10
1773522019,73,17,0,0,0,0,no_volume,0,0,0,0,no_volume,0,0,0,0,no_volume,0,0,0,0,0,0,7945,9582,0.0934,0,633,16,16,83,73,10
1773522020,73,17,0,0,0,0,no_volume,0,0,0,0,no_volume,0,0,0,0,no_volume,0,0,0,0,0,0,7319,9582,0.1339,-626,-626,16,16,83,73,10
1773522021,73,17,0,0,0,0,no_volume,0,0,0,0,no_volume,0,0,0,0,no_volume,0,0,0,0,0,0,7319,9582,0.1339,-626,-626,16,16,83,73,10
1773522022,73,17,0,0,0,0,no_volume,0,0,0,0,no_volume,0,0,0,0,no_volume,0,0,0,0,0,0,7945,9582,0.0934,0,0,16,16,83,73,10
1773522023,73,17,0,0,0,0,no_volume,0,0,0,0,no_volume,0,0,0,0,no_volume,0,0,0,0,0,0,7945,9582,0.0934,626,0,16,16,83,73,10
1773522024,73,17,0,0,0,0,no_volume,0,0,0,0,no_volume,0,0,0,0,no_volume,0,0,0,0,0,0,7945,9582,0.0934,626,626,16,16,83,73,10
1773522025,73,17,0,0,0,0,no_volume,0,0,0,0,no_volume,0,0,0,0,no_volume,0,0,0,0,0,0,7945,9582,0.0934,0,626,16,16,83,73,10
1773522026,73,17,0,0,0,0,no_volume,0,0,0,0,no_volume,0,0,0,0,no_volume,0,0,0,0,0,0,7319,9582,0.1339,-626,-626,16,16,83,73,10
1773522027,73,17,0,0,0,0,no_volume,0,0,0,0,no_volume,0,0,0,0,no_volume,0,0,0,0,0,0,7319,9582,0.1339,-626,-626,16,16,83,73,10
1773522028,73,17,0,0,0,0,no_volume,0,0,0,0,no_volume,0,0,0,0,no_volume,0,0,0,0,0,0,7945,9582,0.0934,0,0,16,16,83,73,10
1773522029,73,17,0,0,0,0,no_volume,0,0,0,0,no_volume,0,0,0,0,no_volume,0,0,0,0,0,0,7945,9582,0.0934,626,0,16,16,83,73,10
1773522030,73,17,0,0,0,0,no_volume,0,0,0,0,no_volume,0,0,0,0,no_volume,0,0,0,0,0,0,7945,9582,0.0934,626,626,16,16,83,73,10
1773522031,73,17,0,0,0,0,no_volume,0,0,0,0,no_volume,0,0,0,0,no_volume,0,0,0,0,0,0,7945,9582,0.0934,0,626,16,16,83,73,10
1773522032,73,17,0,0,0,0,no_volume,0,0,0,0,no_volume,0,0,0,0,no_volume,0,0,0,0,0,0,7319,9582,0.1339,-626,-626,16,16,83,73,10
1773522033,73,17,0,0,0,0,no_volume,0,0,0,0,no_volume,0,0,0,0,no_volume,0,0,0,0,0,0,7319,9582,0.1339,-626,-626,16,16,83,73,10
1773522034,73,17,0,0,0,0,no_volume,0,0,0,0,no_volume,0,0,0,0,no_volume,0,0,0,0,0,0,7945,9582,0.0934,0,0,16,16,83,73,10
1773522035,73,17,0,0,0,0,no_volume,0,0,0,0,no_volume,0,0,0,0,no_volume,0,0,0,0,0,0,7945,9582,0.0934,626,0,16,16,83,73,10
1773522036,73,17,0,0,0,0,no_volume,0,0,0,0,no_volume,0,0,0,0,no_volume,0,0,0,0,0,0,7945,9582,0.0934,626,626,16,16,83,73,10
1773522037,73,17,0,0,0,0,no_volume,0,0,0,0,no_volume,0,0,0,0,no_volume,0,0,0,0,0,0,8069,9582,0.0857,124,750,16,16,83,73,10
1773522038,73,17,0,0,0,0,no_volume,0,0,0,0,no_volume,0,0,0,0,no_volume,0,0,0,0,0,0,7443,9582,0.1256,-502,-502,16,16,83,73,10
1773522039,73,17,0,0,0,0,no_volume,0,0,0,0,no_volume,0,0,0,0,no_volume,0,0,0,0,0,0,8069,9582,0.0857,124,124,16,16,83,73,10
1773522040,73,17,0,0,0,0,no_volume,0,0,0,0,no_volume,0,0,0,0,no_volume,0,0,0,0,0,0,8069,9582,0.0857,0,124,16,16,83,73,10
1773522041,75,17,0,0,0,0,no_volume,0,0,0,0,no_volume,0,0,0,0,no_volume,0,0,0,0,0,0,8069,9557,0.0844,626,124,16,18,83,75,8
1773522042,75,17,0,0,0,0,no_volume,0,0,0,0,no_volume,0,0,0,0,no_volume,0,0,0,0,0,0,8069,9557,0.0844,0,750,16,18,83,75,8
1773522043,75,17,0,0,0,0,no_volume,0,0,0,0,no_volume,0,0,0,0,no_volume,0,0,0,0,0,0,8069,9557,0.0844,0,750,16,18,83,75,8
1773522044,75,17,0,0,0,0,no_volume,0,0,0,0,no_volume,0,0,0,0,no_volume,0,0,0,0,0,0,7325,9550,0.1319,-744,-620,16,18,83,75,8
1773522045,73,17,0,0,0,0,no_volume,0,0,0,0,no_volume,0,0,0,0,no_volume,0,0,0,0,0,0,7333,8639,0.0818,-736,-612,16,15,83,73,10
1773522046,76,17,0,0,0,0,low_activity,0,0,0,0,low_activity,0,0,0,0,low_activity,0,0,0,0,0,0,7965,9553,0.0906,-104,20,16,17,83,76,7
1773522047,76,17,0,0,0,0,low_activity,0,0,0,0,low_activity,0,0,0,0,low_activity,0,0,0,0,0,0,7965,9553,0.0906,640,-104,16,17,83,76,7
1773522048,76,17,0,0,0,0,low_activity,0,0,0,0,low_activity,0,0,0,0,low_activity,0,0,0,0,0,0,7965,9553,0.0906,632,522,16,16,83,76,7
1773522049,76,17,0,0,0,0,no_volume,0,0,0,0,low_activity,0,0,0,0,low_activity,0,0,0,0,0,0,7965,9553,0.0906,0,-104,16,17,83,76,7
1773522050,76,17,0,0,0,0,no_volume,0,0,0,0,low_activity,0,0,0,0,low_activity,0,0,0,0,0,0,7339,9553,0.1311,-626,-730,16,17,83,76,7
1773522051,76,15,0,0,0,0,no_volume,0,0,0,0,no_volume,0,0,0,0,low_activity,0,0,0,0,0,0,6924,9553,0.1596,-1041,-1145,15,17,85,76,9
1773522052,76,15,0,0,0,0,no_volume,0,0,0,0,no_volume,0,0,0,0,low_activity,0,0,0,0,0,0,7435,9553,0.1247,-530,-634,15,17,85,76,9
1773522053,76,15,0,0,0,0,no_volume,0,0,0,0,no_volume,0,0,0,0,low_activity,0,0,0,0,0,0,7435,9553,0.1247,96,-634,15,17,85,76,9
1773522054,76,15,0,0,0,0,no_volume,0,0,0,0,no_volume,0,0,0,0,low_activity,0,0,0,0,0,0,7935,9553,0.0925,1011,610,15,17,85,76,9
1773522055,76,15,0,0,0,0,no_volume,0,0,0,0,no_volume,0,0,0,0,low_activity,0,0,0,0,0,0,7935,9553,0.0925,500,602,15,17,85,76,9
1773522056,76,15,0,0,0,0,no_volume,0,0,0,0,no_volume,0,0,0,0,low_activity,0,0,0,0,0,0,7314,9553,0.1327,-121,-651,15,17,85,76,9
1773522057,76,15,0,0,0,0,no_volume,0,0,0,0,no_volume,0,0,0,0,low_activity,0,0,0,0,0,0,7314,9560,0.1331,-621,-651,15,17,85,76,9
1773522058,76,15,0,0,0,0,no_volume,0,0,0,0,no_volume,0,0,0,0,low_activity,0,0,0,0,0,0,7940,9546,0.0918,5,-25,15,17,85,76,9
1773522059,76,15,0,0,0,0,no_volume,0,0,0,0,no_volume,0,0,0,0,low_activity,0,0,0,0,0,0,8045,9553,0.0857,731,80,15,16,85,76,9
1773522060,76,15,0,0,0,0,no_volume,0,0,0,0,no_volume,0,0,0,0,low_activity,0,0,0,0,0,0,8045,9567,0.0864,731,706,15,17,85,76,9
1773522061,76,15,0,0,0,0,no_volume,0,0,0,0,no_volume,0,0,0,0,low_activity,0,0,0,0,0,0,8045,9567,0.0864,105,1121,15,17,85,76,9
1773522062,76,15,0,0,0,0,no_volume,0,0,0,0,no_volume,0,0,0,0,low_activity,0,0,0,0,0,0,7419,9567,0.1265,-626,-16,15,17,85,76,9
1773522063,77,15,0,0,0,0,no_volume,0,0,0,0,no_volume,0,0,0,0,low_activity,0,0,0,0,0,0,7419,9672,0.1318,-626,-16,15,17,85,77,8
