ts,price_yes,price_no,3sec_norm_OFI,3sec_yes_vol,3sec_no_vol,3sec_total_vol,3sec_note,5sec_norm_OFI,5sec_yes_vol,5sec_no_vol,5sec_total_vol,5sec_note,30sec_norm_OFI,30sec_yes_vol,30sec_no_vol,30sec_total_vol,30sec_note,1sec_yes_vol,1sec_no_vol,1sec_total_vol,60sec_yes_vol,60sec_no_vol,60sec_total_vol,ask_total_depth,bid_total_depth,depth_imbalance,ask_depth_change_3s,ask_depth_change_10s,ask_levels,bid_levels,best_ask,best_bid,spread
1774103399,64,35,0,0,0,0,no_volume,0,0,0,0,no_volume,0,0,0,0,no_volume,0,0,0,0,0,0,875026,980406,0.0568,0,0,21,32,65,64,1
1774103400,64,35,0,0,0,0,no_volume,0,0,0,0,no_volume,0,0,0,0,no_volume,0,0,0,0,0,0,875026,980406,0.0568,0,0,21,32,65,64,1
1774103401,64,35,0,0,0,0,no_volume,0,0,0,0,no_volume,0,0,0,0,no_volume,0,0,0,0,0,0,875026,980406,0.0568,0,0,21,32,65,64,1
1774103402,64,35,0,0,0,0,no_volume,0,0,0,0,no_volume,0,0,0,0,no_volume,0,0,0,0,0,0,867356,985684,0.0639,-7670,-7670,21,32,65,64,1
1774103403,64,35,0,0,0,0,no_volume,0,0,0,0,no_volume,0,0,0,0,no_volume,0,0,0,0,0,0,867356,985684,0.0639,-7670,-7670,21,32,65,64,1
1774103404,64,35,0,0,0,0,no_volume,0,0,0,0,no_volume,0,0,0,0,no_volume,0,0,0,0,0,0,867356,980406,0.0612,-7670,-7670,21,32,65,64,1
1774103405,64,35,0,0,0,0,no_volume,0,0,0,0,no_volume,0,0,0,0,no_volume,0,0,0,0,0,0,867356,980406,0.0612,0,-7670,21,32,65,64,1
1774103406,64,35,0,0,0,0,no_volume,0,0,0,0,no_volume,0,0,0,0,no_volume,0,0,0,0,0,0,867356,980406,0.0612,0,-7670,21,32,65,64,1
1774103407,64,35,0,0,0,0,no_volume,0,0,0,0,no_volume,0,0,0,0,no_volume,0,0,0,0,0,0,867356,985684,0.0639,0,-7670,21,32,65,64,1
1774103408,64,35,0,0,0,0,no_volume,0,0,0,0,no_volume,0,0,0,0,no_volume,0,0,0,0,0,0,867356,985684,0.0639,0,-7670,21,32,65,64,1
1774103409,64,35,0,0,0,0,no_volume,0,0,0,0,no_volume,0,0,0,0,no_volume,0,0,0,0,0,0,867356,985684,0.0639,0,-7670,21,32,65,64,1
1774103410,64,35,0,0,0,0,no_volume,0,0,0,0,no_volume,0,0,0,0,no_volume,0,0,0,0,0,0,869856,982906,0.061,2500,-5170,21,33,65,64,1
1774103411,64,35,0,0,0,0,no_volume,0,0,0,0,no_volume,0,0,0,0,no_volume,0,0,0,0,0,0,869856,982906,0.061,2500,-5170,21,33,65,64,1
1774103412,64,35,0,0,0,0,no_volume,0,0,0,0,no_volume,0,0,0,0,no_volume,0,0,0,0,0,0,869856,988184,0.0637,2500,2500,21,33,65,64,1
1774103413,64,35,0,0,0,0,no_volume,0,0,0,0,no_volume,0,0,0,0,no_volume,0,0,0,0,0,0,869856,988184,0.0637,0,2500,21,33,65,64,1
1774103414,64,35,0,0,0,0,no_volume,0,0,0,0,no_volume,0,0,0,0,no_volume,0,0,0,0,0,0,899856,988184,0.0468,30000,32500,21,33,65,64,1
1774103415,64,35,0,0,0,0,no_volume,0,0,0,0,no_volume,0,0,0,0,no_volume,0,0,0,0,0,0,869856,988184,0.0637,0,2500,21,33,65,64,1
1774103416,64,35,0,0,0,0,no_volume,0,0,0,0,no_volume,0,0,0,0,no_volume,0,0,0,0,0,0,869856,988184,0.0637,0,2500,21,33,65,64,1
1774103417,64,35,0,0,0,0,no_volume,0,0,0,0,no_volume,0,0,0,0,no_volume,0,0,0,0,0,0,869856,988184,0.0637,-30000,2500,21,33,65,64,1
1774103418,64,35,0,0,0,0,no_volume,0,0,0,0,no_volume,0,0,0,0,no_volume,0,0,0,0,0,0,869856,988184,0.0637,0,2500,21,33,65,64,1
1774103419,64,35,0,0,0,0,no_volume,0,0,0,0,no_volume,0,0,0,0,no_volume,0,0,0,0,0,0,869856,988184,0.0637,0,2500,21,33,65,64,1
1774103420,64,35,0,0,0,0,no_volume,0,0,0,0,no_volume,0,0,0,0,no_volume,0,0,0,0,0,0,869856,988184,0.0637,0,0,21,33,65,64,1
1774103421,64,35,0,0,0,0,no_volume,0,0,0,0,no_volume,0,0,0,0,no_volume,0,0,0,0,0,0,925437,988184,0.0328,55581,55581,21,33,65,64,1
1774103422,64,35,0,0,0,0,no_volume,0,0,0,0,no_volume,0,0,0,0,no_volume,0,0,0,0,0,0,925437,988184,0.0328,55581,55581,21,33,65,64,1
1774103423,64,35,0,0,0,0,no_volume,0,0,0,0,no_volume,0,0,0,0,no_volume,0,0,0,0,0,0,925437,988184,0.0328,55581,55581,21,33,65,64,1
1774103424,64,35,0,0,0,0,no_volume,0,0,0,0,no_volume,0,0,0,0,no_volume,0,0,0,0,0,0,925437,988184,0.0328,0,25581,21,33,65,64,1
1774103425,64,35,0,0,0,0,no_volume,0,0,0,0,no_volume,0,0,0,0,no_volume,0,0,0,0,0,0,925437,988184,0.0328,0,55581,21,33,65,64,1
1774103426,64,35,0,0,0,0,no_volume,0,0,0,0,no_volume,0,0,0,0,no_volume,0,0,0,0,0,0,925437,988184,0.0328,0,55581,21,33,65,64,1
1774103427,64,35,0,0,0,0,no_volume,0,0,0,0,no_volume,0,0,0,0,no_volume,0,0,0,0,0,0,925437,988184,0.0328,0,55581,21,33,65,64,1
1774103428,64,35,0,0,0,0,no_volume,0,0,0,0,no_volume,0,0,0,0,no_volume,0,0,0,0,0,0,925437,988184,0.0328,0,55581,21,33,65,64,1
1774103429,64,35,0,0,0,0,no_volume,0,0,0,0,no_volume,0,0,0,0,no_volume,0,0,0,0,0,0,925437,988184,0.0328,0,55581,21,33,65,64,1
1774103430,64,35,0,0,0,0,no_volume,0,0,0,0,no_volume,0,0,0,0,no_volume,0,0,0,0,0,0,931437,984906,0.0279,6000,61581,21,33,65,64,1
1774103431,64,35,0,0,0,0,no_volume,0,0,0,0,no_volume,0,0,0,0,no_volume,0,0,0,0,0,0,931437,984906,0.0279,6000,6000,21,33,65,64,1
1774103432,64,35,0,0,0,0,no_volume,0,0,0,0,no_volume,0,0,0,0,no_volume,0,0,0,0,0,0,931437,990184,0.0306,6000,6000,21,33,65,64,1
1774103433,64,35,0,0,0,0,no_volume,0,0,0,0,no_volume,0,0,0,0,no_volume,0,0,0,0,0,0,931437,984906,0.0279,0,6000,21,33,65,64,1
1774103434,64,35,0,0,0,0,no_volume,0,0,0,0,no_volume,0,0,0,0,no_volume,0,0,0,0,0,0,931437,984906,0.0279,0,6000,21,33,65,64,1
1774103435,64,35,0,0,0,0,no_volume,0,0,0,0,no_volume,0,0,0,0,no_volume,0,0,0,0,0,0,931437,984906,0.0279,0,6000,21,33,65,64,1
1774103436,64,35,0,0,0,0,low_activity,0,0,0,0,low_activity,0,0,0,0,low_activity,0,0,0,0,0,0,929979,984906,0.0287,-1458,4542,21,33,65,64,1
1774103437,64,35,0,0,0,0,low_activity,0,0,0,0,low_activity,0,0,0,0,low_activity,0,0,0,0,0,0,929979,984906,0.0287,-1458,4542,21,33,65,64,1
1774103438,64,35,0,0,0,0,low_activity,0,0,0,0,low_activity,0,0,0,0,low_activity,0,0,0,0,0,0,960055,984906,0.0128,28618,34618,21,33,65,64,1
1774103439,64,35,0,0,0,0,no_volume,0,0,0,0,low_activity,0,0,0,0,low_activity,0,0,0,0,0,0,960055,984906,0.0128,30076,34618,21,33,65,64,1
1774103440,64,35,0,0,0,0,no_volume,0,0,0,0,low_activity,0,0,0,0,low_activity,0,0,0,0,0,0,960055,984906,0.0128,30076,28618,21,33,65,64,1
1774103441,64,35,0,0,0,0,no_volume,0,0,0,0,no_volume,0,0,0,0,low_activity,0,0,0,0,0,0,960055,984906,0.0128,0,28618,21,33,65,64,1
1774103442,64,35,0,0,0,0,no_volume,0,0,0,0,no_volume,0,0,0,0,low_activity,0,0,0,0,0,0,960055,984906,0.0128,0,28618,21,33,65,64,1
1774103443,64,35,0,0,0,0,no_volume,0,0,0,0,no_volume,0,0,0,0,low_activity,0,0,0,0,0,0,960055,984906,0.0128,0,28618,21,33,65,64,1
1774103444,64,35,0,0,0,0,no_volume,0,0,0,0,no_volume,0,0,0,0,low_activity,0,0,0,0,0,0,960055,984906,0.0128,0,28618,21,33,65,64,1
1774103445,64,35,0,0,0,0,no_volume,0,0,0,0,no_volume,0,0,0,0,low_activity,0,0,0,0,0,0,960055,984906,0.0128,0,28618,21,33,65,64,1
1774103446,64,35,0,0,0,0,no_volume,0,0,0,0,no_volume,0,0,0,0,low_activity,0,0,0,0,0,0,960055,984906,0.0128,0,30076,21,33,65,64,1
1774103447,64,35,0,0,0,0,no_volume,0,0,0,0,no_volume,0,0,0,0,low_activity,0,0,0,0,0,0,960055,984906,0.0128,0,30076,21,33,65,64,1
1774103448,64,35,0,0,0,0,no_volume,0,0,0,0,no_volume,0,0,0,0,low_activity,0,0,0,0,0,0,960055,984906,0.0128,0,0,21,33,65,64,1
1774103449,64,35,0,0,0,0,no_volume,0,0,0,0,no_volume,0,0,0,0,low_activity,0,0,0,0,0,0,960055,984906,0.0128,0,0,21,33,65,64,1
1774103450,64,35,0,0,0,0,no_volume,0,0,0,0,no_volume,0,0,0,0,low_activity,0,0,0,0,0,0,960055,984906,0.0128,0,0,21,33,65,64,1
1774103451,64,35,0,0,0,0,no_volume,0,0,0,0,no_volume,0,0,0,0,low_activity,0,0,0,0,0,0,960055,984906,0.0128,0,0,21,33,65,64,1
1774103452,64,35,0,0,0,0,no_volume,0,0,0,0,no_volume,0,0,0,0,low_activity,0,0,0,0,0,0,960055,984906,0.0128,0,0,21,33,65,64,1
1774103453,64,35,0,0,0,0,no_volume,0,0,0,0,no_volume,0,0,0,0,low_activity,0,0,0,0,0,0,960055,984906,0.0128,0,0,21,33,65,64,1
1774103454,64,35,0,0,0,0,no_volume,0,0,0,0,no_volume,0,0,0,0,low_activity,0,0,0,0,0,0,960055,984906,0.0128,0,0,21,33,65,64,1
1774103455,64,35,0,0,0,0,no_volume,0,0,0,0,no_volume,0,0,0,0,low_activity,0,0,0,0,0,0,960055,984906,0.0128,0,0,21,33,65,64,1
1774103456,64,35,0,0,0,0,no_volume,0,0,0,0,no_volume,0,0,0,0,low_activity,0,0,0,0,0,0,929979,984906,0.0287,-30076,-30076,21,33,65,64,1
1774103457,64,35,0,0,0,0,no_volume,0,0,0,0,no_volume,0,0,0,0,low_activity,0,0,0,0,0,0,929979,984906,0.0287,-30076,-30076,21,33,65,64,1
1774103458,64,35,0,0,0,0,no_volume,0,0,0,0,no_volume,0,0,0,0,low_activity,0,0,0,0,0,0,929979,984906,0.0287,-30076,-30076,21,33,65,64,1
1774103459,64,35,0,0,0,0,no_volume,0,0,0,0,no_volume,0,0,0,0,low_activity,0,0,0,0,0,0,929979,984906,0.0287,0,-30076,21,33,65,64,1
1774103460,64,35,0,0,0,0,no_volume,0,0,0,0,no_volume,0,0,0,0,low_activity,0,0,0,0,0,0,929979,984906,0.0287,0,-30076,21,33,65,64,1
1774103461,64,35,0,0,0,0,no_volume,0,0,0,0,no_volume,0,0,0,0,low_activity,0,0,0,0,0,0,929979,984906,0.0287,0,-30076,21,33,65,64,1
1774103462,64,35,0,0,0,0,no_volume,0,0,0,0,no_volume,0,0,0,0,low_activity,0,0,0,0,0,0,929979,984906,0.0287,0,-30076,21,33,65,64,1
1774103463,64,35,0,0,0,0,no_volume,0,0,0,0,no_volume,0,0,0,0,low_activity,0,0,0,0,0,0,929979,984906,0.0287,0,-30076,21,33,65,64,1
1774103464,64,35,0,0,0,0,no_volume,0,0,0,0,no_volume,0,0,0,0,low_activity,0,0,0,0,0,0,929979,984906,0.0287,0,-30076,21,33,65,64,1
1774103465,64,35,0,0,0,0,no_volume,0,0,0,0,no_volume,0,0,0,0,low_activity,0,0,0,0,0,0,960055,984906,0.0128,30076,0,21,33,65,64,1
1774103466,64,35,0,0,0,0,no_volume,0,0,0,0,no_volume,0,0,0,0,no_volume,0,0,0,0,0,0,960055,984906,0.0128,30076,30076,21,33,65,64,1
1774103467,64,35,0,0,0,0,no_volume,0,0,0,0,no_volume,0,0,0,0,no_volume,0,0,0,0,0,0,960055,984906,0.0128,30076,30076,21,33,65,64,1
1774103468,64,35,0,0,0,0,no_volume,0,0,0,0,no_volume,0,0,0,0,no_volume,0,0,0,0,0,0,960055,984906,0.0128,0,30076,21,33,65,64,1
1774103469,64,35,0,0,0,0,no_volume,0,0,0,0,no_volume,0,0,0,0,no_volume,0,0,0,0,0,0,960055,984906,0.0128,0,30076,21,33,65,64,1
1774103470,64,35,0,0,0,0,no_volume,0,0,0,0,no_volume,0,0,0,0,no_volume,0,0,0,0,0,0,959448,984906,0.0131,-607,29469,21,33,65,64,1
1774103471,64,35,0,0,0,0,no_volume,0,0,0,0,no_volume,0,0,0,0,no_volume,0,0,0,0,0,0,959448,984906,0.0131,-607,29469,21,33,65,64,1
1774103472,64,35,0,0,0,0,no_volume,0,0,0,0,no_volume,0,0,0,0,no_volume,0,0,0,0,0,0,959448,984906,0.0131,-607,29469,21,33,65,64,1
1774103473,64,35,0,0,0,0,no_volume,0,0,0,0,no_volume,0,0,0,0,no_volume,0,0,0,0,0,0,960055,984906,0.0128,607,30076,21,33,65,64,1
1774103474,64,35,0,0,0,0,no_volume,0,0,0,0,no_volume,0,0,0,0,no_volume,0,0,0,0,0,0,1019524,984906,-0.0173,60076,89545,21,33,65,64,1
1774103475,64,35,0,0,0,0,no_volume,0,0,0,0,no_volume,0,0,0,0,no_volume,0,0,0,0,0,0,989524,984906,-0.0023,30076,29469,21,33,65,64,1
1774103476,64,35,0,0,0,0,no_volume,0,0,0,0,no_volume,0,0,0,0,no_volume,0,0,0,0,0,0,989524,984906,-0.0023,29469,29469,21,33,65,64,1
1774103477,64,35,0,0,0,0,no_volume,0,0,0,0,no_volume,0,0,0,0,no_volume,0,0,0,0,0,0,1006692,984906,-0.0109,-12832,46637,21,33,65,64,1
1774103478,64,35,0,0,0,0,no_volume,0,0,0,0,no_volume,0,0,0,0,no_volume,0,0,0,0,0,0,1006692,984906,-0.0109,17168,46637,21,33,65,64,1
1774103479,64,35,0,0,0,0,no_volume,0,0,0,0,no_volume,0,0,0,0,no_volume,0,0,0,0,0,0,1006692,984906,-0.0109,17168,46637,21,33,65,64,1
1774103480,64,35,0,0,0,0,no_volume,0,0,0,0,no_volume,0,0,0,0,no_volume,0,0,0,0,0,0,1074320,984906,-0.0434,67628,114872,21,33,65,64,1
1774103481,64,35,0,0,0,0,no_volume,0,0,0,0,no_volume,0,0,0,0,no_volume,0,0,0,0,0,0,1074927,984906,-0.0437,68235,115479,21,33,65,64,1
1774103482,64,35,0,0,0,0,no_volume,0,0,0,0,no_volume,0,0,0,0,no_volume,0,0,0,0,0,0,1044851,984906,-0.0295,38159,85403,21,33,65,64,1
1774103483,64,35,0,0,0,0,no_volume,0,0,0,0,no_volume,0,0,0,0,no_volume,0,0,0,0,0,0,1044851,984906,-0.0295,-29469,84796,21,33,65,64,1
1774103484,64,35,0,0,0,0,no_volume,0,0,0,0,no_volume,0,0,0,0,no_volume,0,0,0,0,0,0,1014775,984906,-0.0149,-60152,-4749,21,33,65,64,1
1774103485,64,35,0,0,0,0,no_volume,0,0,0,0,no_volume,0,0,0,0,no_volume,0,0,0,0,0,0,1014775,984906,-0.0149,-30076,25251,21,33,65,64,1
1774103486,64,35,0,0,0,0,no_volume,0,0,0,0,no_volume,0,0,0,0,no_volume,0,0,0,0,0,0,1014775,984906,-0.0149,-30076,25251,21,33,65,64,1
1774103487,64,35,0,0,0,0,no_volume,0,0,0,0,no_volume,0,0,0,0,no_volume,0,0,0,0,0,0,1017632,986518,-0.0155,2857,10940,21,33,65,64,1
1774103488,64,35,0,0,0,0,no_volume,0,0,0,0,no_volume,0,0,0,0,no_volume,0,0,0,0,0,0,1020346,991796,-0.0142,5571,13654,21,33,65,64,1
1774103489,64,35,0,0,0,0,no_volume,0,0,0,0,no_volume,0,0,0,0,no_volume,0,0,0,0,0,0,1020346,991796,-0.0142,5571,13654,21,33,65,64,1
1774103490,64,35,0,0,0,0,no_volume,0,0,0,0,no_volume,0,0,0,0,no_volume,0,0,0,0,0,0,1020346,986518,-0.0169,2714,-53974,21,33,65,64,1
1774103491,64,35,0,0,0,0,no_volume,0,0,0,0,no_volume,0,0,0,0,no_volume,0,0,0,0,0,0,1020346,986518,-0.0169,0,-54581,21,33,65,64,1
1774103492,64,35,0,0,0,0,no_volume,0,0,0,0,no_volume,0,0,0,0,no_volume,0,0,0,0,0,0,1020346,986518,-0.0169,0,-24505,21,33,65,64,1
1774103493,64,35,0,0,0,0,no_volume,0,0,0,0,no_volume,0,0,0,0,no_volume,0,0,0,0,0,0,1020346,986518,-0.0169,0,-24505,21,33,65,64,1
1774103494,64,35,0,0,0,0,no_volume,0,0,0,0,no_volume,0,0,0,0,no_volume,0,0,0,0,0,0,1020346,986518,-0.0169,0,5571,21,33,65,64,1
1774103495,64,35,0,0,0,0,no_volume,0,0,0,0,no_volume,0,0,0,0,no_volume,0,0,0,0,0,0,1020346,986518,-0.0169,0,5571,21,33,65,64,1
1774103496,64,35,0,0,0,0,no_volume,0,0,0,0,no_volume,0,0,0,0,no_volume,0,0,0,0,0,0,1020346,986518,-0.0169,0,5571,21,33,65,64,1
1774103497,64,35,0,0,0,0,no_volume,0,0,0,0,no_volume,0,0,0,0,no_volume,0,0,0,0,0,0,1020346,991796,-0.0142,0,2714,21,33,65,64,1
1774103498,64,35,0,0,0,0,no_volume,0,0,0,0,no_volume,0,0,0,0,no_volume,0,0,0,0,0,0,1020346,986518,-0.0169,0,0,21,33,65,64,1
1774103499,64,35,0,0,0,0,no_volume,0,0,0,0,no_volume,0,0,0,0,no_volume,0,0,0,0,0,0,954010,986518,0.0168,-66336,-66336,21,33,65,64,1
1774103500,64,35,0,0,0,0,no_volume,0,0,0,0,no_volume,0,0,0,0,no_volume,0,0,0,0,0,0,954010,986518,0.0168,-66336,-66336,21,33,65,64,1
1774103501,64,35,0,0,0,0,low_activity,0,0,0,0,low_activity,0,0,0,0,low_activity,0,0,0,0,0,0,953976,986518,0.0168,-66370,-66370,21,33,65,64,1
1774103502,64,35,0,0,0,0,low_activity,0,0,0,0,low_activity,0,0,0,0,low_activity,0,0,0,0,0,0,955814,986552,0.0158,1804,-64532,21,33,65,64,1
1774103503,64,35,0,0,0,0,low_activity,0,0,0,0,low_activity,0,0,0,0,low_activity,0,0,0,0,0,0,955814,986552,0.0158,1804,-64532,21,33,65,64,1
1774103504,64,35,0,0,0,0,no_volume,0,0,0,0,low_activity,0,0,0,0,low_activity,0,0,0,0,0,0,955814,986552,0.0158,1838,-64532,21,33,65,64,1
1774103505,64,35,0,0,0,0,no_volume,0,0,0,0,low_activity,0,0,0,0,low_activity,0,0,0,0,0,0,955814,986552,0.0158,0,-64532,21,33,65,64,1
1774103506,64,35,0,0,0,0,no_volume,0,0,0,0,no_volume,0,0,0,0,low_activity,0,0,0,0,0,0,955814,986519,0.0158,0,-64532,21,33,65,64,1
1774103507,64,35,0,0,0,0,low_activity,0,0,0,0,low_activity,0,0,0,0,low_activity,0,0,0,0,0,0,955807,986519,0.0158,-7,-64539,21,33,65,64,1
1774103508,64,35,0,0,0,0,low_activity,0,0,0,0,low_activity,0,0,0,0,low_activity,0,0,0,0,0,0,955807,986519,0.0158,-7,-64539,21,33,65,64,1
1774103509,64,35,0,0,0,0,low_activity,0,0,0,0,low_activity,0,0,0,0,low_activity,0,0,0,0,0,0,1037851,986519,-0.0254,82037,83841,21,33,65,64,1
1774103510,64,35,0,0,0,0,no_volume,0,0,0,0,low_activity,0,0,0,0,low_activity,0,0,0,0,0,0,1037851,986519,-0.0254,82044,83841,21,33,65,64,1
1774103511,64,35,0,0,0,0,no_volume,0,0,0,0,low_activity,0,0,0,0,low_activity,0,0,0,0,0,0,1037851,986519,-0.0254,82044,83875,21,33,65,64,1
1774103512,64,35,0,0,0,0,no_volume,0,0,0,0,no_volume,0,0,0,0,low_activity,0,0,0,0,0,0,970223,986519,0.0083,-67628,14409,21,33,65,64,1
1774103513,64,35,0,0,0,0,no_volume,0,0,0,0,no_volume,0,0,0,0,low_activity,0,0,0,0,0,0,970223,986519,0.0083,-67628,14409,21,33,65,64,1
1774103514,64,35,0,0,0,0,no_volume,0,0,0,0,no_volume,0,0,0,0,low_activity,0,0,0,0,0,0,970223,986519,0.0083,-67628,14409,21,33,65,64,1
1774103515,64,35,0,0,0,0,no_volume,0,0,0,0,no_volume,0,0,0,0,low_activity,0,0,0,0,0,0,970223,986519,0.0083,0,14409,21,33,65,64,1
1774103516,64,35,0,0,0,0,no_volume,0,0,0,0,no_volume,0,0,0,0,low_activity,0,0,0,0,0,0,970223,986519,0.0083,0,14409,21,33,65,64,1
1774103517,64,35,0,0,0,0,no_volume,0,0,0,0,no_volume,0,0,0,0,low_activity,0,0,0,0,0,0,970223,986519,0.0083,0,14416,21,33,65,64,1
1774103518,64,35,0,0,0,0,no_volume,0,0,0,0,no_volume,0,0,0,0,low_activity,0,0,0,0,0,0,970223,991797,0.011,0,14416,21,33,65,64,1
1774103519,64,35,0,0,0,0,no_volume,0,0,0,0,no_volume,0,0,0,0,low_activity,0,0,0,0,0,0,970223,991797,0.011,0,-67628,21,33,65,64,1
1774103520,64,35,0,0,0,0,no_volume,0,0,0,0,no_volume,0,0,0,0,low_activity,0,0,0,0,0,0,970223,991797,0.011,0,-67628,21,33,65,64,1
1774103521,64,35,0,0,0,0,no_volume,0,0,0,0,no_volume,0,0,0,0,low_activity,0,0,0,0,0,0,970223,986519,0.0083,0,-67628,21,33,65,64,1
1774103522,64,35,0,0,0,0,no_volume,0,0,0,0,no_volume,0,0,0,0,low_activity,0,0,0,0,0,0,970223,991796,0.011,0,0,21,33,65,64,1
1774103523,64,35,0,0,0,0,no_volume,0,0,0,0,no_volume,0,0,0,0,low_activity,0,0,0,0,0,0,970223,991796,0.011,0,0,21,33,65,64,1
1774103524,64,35,0,0,0,0,no_volume,0,0,0,0,no_volume,0,0,0,0,low_activity,0,0,0,0,0,0,970223,991796,0.011,0,0,21,33,65,64,1
1774103525,64,35,0,0,0,0,no_volume,0,0,0,0,no_volume,0,0,0,0,low_activity,0,0,0,0,0,0,970223,986518,0.0083,0,0,21,33,65,64,1
1774103526,64,35,0,0,0,0,no_volume,0,0,0,0,no_volume,0,0,0,0,low_activity,0,0,0,0,0,0,970223,991796,0.011,0,0,21,33,65,64,1
1774103527,64,35,0,0,0,0,no_volume,0,0,0,0,no_volume,0,0,0,0,low_activity,0,0,0,0,0,0,970223,991796,0.011,0,0,21,33,65,64,1
1774103528,64,35,0,0,0,0,no_volume,0,0,0,0,no_volume,0,0,0,0,low_activity,0,0,0,0,0,0,1037816,991796,-0.0227,67593,67593,21,33,65,64,1
1774103529,64,35,0,0,0,0,no_volume,0,0,0,0,no_volume,0,0,0,0,low_activity,0,0,0,0,0,0,1037816,991796,-0.0227,67593,67593,21,33,65,64,1
1774103530,64,35,0,0,0,0,no_volume,0,0,0,0,no_volume,0,0,0,0,low_activity,0,0,0,0,0,0,1037817,991796,-0.0227,67594,67594,21,33,65,64,1
1774103531,64,35,0,0,0,0,no_volume,0,0,0,0,no_volume,0,0,0,0,low_activity,0,0,0,0,0,0,1037817,991796,-0.0227,1,67594,21,33,65,64,1
1774103532,64,35,0,0,0,0,no_volume,0,0,0,0,no_volume,0,0,0,0,low_activity,0,0,0,0,0,0,1037817,991796,-0.0227,1,67594,21,33,65,64,1
1774103533,64,35,0,0,0,0,no_volume,0,0,0,0,no_volume,0,0,0,0,low_activity,0,0,0,0,0,0,1037817,991796,-0.0227,0,67594,21,33,65,64,1
1774103534,64,35,0,0,0,0,no_volume,0,0,0,0,no_volume,0,0,0,0,low_activity,0,0,0,0,0,0,1037817,991796,-0.0227,0,67594,21,33,65,64,1
1774103535,64,35,0,0,0,0,no_volume,0,0,0,0,no_volume,0,0,0,0,low_activity,0,0,0,0,0,0,970224,991796,0.011,-67593,1,21,33,65,64,1
1774103536,64,35,0,0,0,0,no_volume,0,0,0,0,no_volume,0,0,0,0,low_activity,0,0,0,0,0,0,1000224,991796,-0.0042,-37593,30001,21,33,65,64,1
1774103537,64,35,0,0,0,0,no_volume,0,0,0,0,no_volume,0,0,0,0,no_volume,0,0,0,0,0,0,1000224,991796,-0.0042,-37593,30001,21,33,65,64,1
1774103538,64,35,0,0,0,0,no_volume,0,0,0,0,no_volume,0,0,0,0,no_volume,0,0,0,0,0,0,1084228,991796,-0.0445,114004,46412,21,33,65,64,1
1774103539,64,35,0,0,0,0,no_volume,0,0,0,0,no_volume,0,0,0,0,no_volume,0,0,0,0,0,0,972184,991796,0.01,-28040,-65632,21,33,65,64,1
1774103540,64,35,0,0,0,0,no_volume,0,0,0,0,no_volume,0,0,0,0,no_volume,0,0,0,0,0,0,972184,986518,0.0073,-28040,-65633,21,33,65,64,1
1774103541,64,35,0,0,0,0,no_volume,0,0,0,0,no_volume,0,0,0,0,no_volume,0,0,0,0,0,0,972184,986518,0.0073,-112044,-65633,21,33,65,64,1
1774103542,64,35,0,0,0,0,no_volume,0,0,0,0,no_volume,0,0,0,0,no_volume,0,0,0,0,0,0,972184,986518,0.0073,0,-65633,21,33,65,64,1
1774103543,64,35,0,0,0,0,no_volume,0,0,0,0,no_volume,0,0,0,0,no_volume,0,0,0,0,0,0,972184,991482,0.0098,0,-65633,21,33,65,64,1
1774103544,64,35,0,0,0,0,no_volume,0,0,0,0,no_volume,0,0,0,0,no_volume,0,0,0,0,0,0,888180,991482,0.055,-84004,-149637,21,33,65,64,1
1774103545,64,35,0,0,0,0,no_volume,0,0,0,0,no_volume,0,0,0,0,no_volume,0,0,0,0,0,0,972184,991482,0.0098,0,1960,21,33,65,64,1
1774103546,64,35,0,0,0,0,no_volume,0,0,0,0,no_volume,0,0,0,0,no_volume,0,0,0,0,0,0,972184,991482,0.0098,0,-28040,21,33,65,64,1
1774103547,64,35,0,0,0,0,no_volume,0,0,0,0,no_volume,0,0,0,0,no_volume,0,0,0,0,0,0,971577,991482,0.0101,83397,-28647,21,33,65,64,1
1774103548,64,35,0,0,0,0,no_volume,0,0,0,0,no_volume,0,0,0,0,no_volume,0,0,0,0,0,0,971577,991482,0.0101,-607,-112651,21,33,65,64,1
1774103549,64,35,0,0,0,0,no_volume,0,0,0,0,no_volume,0,0,0,0,no_volume,0,0,0,0,0,0,971577,991482,0.0101,-607,-607,21,33,65,64,1
1774103550,64,35,0,0,0,0,no_volume,0,0,0,0,no_volume,0,0,0,0,no_volume,0,0,0,0,0,0,971577,991482,0.0101,0,-607,21,33,65,64,1
1774103551,64,35,0,0,0,0,no_volume,0,0,0,0,no_volume,0,0,0,0,no_volume,0,0,0,0,0,0,971577,991482,0.0101,0,-607,21,33,65,64,1
1774103552,64,35,0,0,0,0,no_volume,0,0,0,0,no_volume,0,0,0,0,no_volume,0,0,0,0,0,0,887573,986204,0.0526,-84004,-84611,21,33,65,64,1
1774103553,64,35,0,0,0,0,no_volume,0,0,0,0,no_volume,0,0,0,0,no_volume,0,0,0,0,0,0,887573,986204,0.0526,-84004,-84611,21,33,65,64,1
1774103554,64,35,0,0,0,0,no_volume,0,0,0,0,no_volume,0,0,0,0,no_volume,0,0,0,0,0,0,971577,991482,0.0101,0,83397,21,33,65,64,1
1774103555,64,35,0,0,0,0,no_volume,0,0,0,0,no_volume,0,0,0,0,no_volume,0,0,0,0,0,0,971577,991482,0.0101,84004,-607,21,33,65,64,1
1774103556,64,35,0,0,0,0,no_volume,0,0,0,0,no_volume,0,0,0,0,no_volume,0,0,0,0,0,0,971577,986204,0.0075,84004,-607,21,33,65,64,1
1774103557,64,35,0,0,0,0,no_volume,0,0,0,0,no_volume,0,0,0,0,no_volume,0,0,0,0,0,0,971577,986204,0.0075,0,0,21,33,65,64,1
1774103558,64,35,0,0,0,0,no_volume,0,0,0,0,no_volume,0,0,0,0,no_volume,0,0,0,0,0,0,971577,986204,0.0075,0,0,21,33,65,64,1
1774103559,64,35,0,0,0,0,no_volume,0,0,0,0,no_volume,0,0,0,0,no_volume,0,0,0,0,0,0,972184,986204,0.0072,607,607,21,33,65,64,1
1774103560,64,35,0,0,0,0,no_volume,0,0,0,0,no_volume,0,0,0,0,no_volume,0,0,0,0,0,0,972184,986204,0.0072,607,607,21,33,65,64,1
1774103561,64,35,0,0,0,0,no_volume,0,0,0,0,no_volume,0,0,0,0,no_volume,0,0,0,0,0,0,972184,986204,0.0072,607,607,21,33,65,64,1
1774103562,64,35,0,0,0,0,no_volume,0,0,0,0,no_volume,0,0,0,0,no_volume,0,0,0,0,0,0,971577,986204,0.0075,-607,84004,21,33,65,64,1
1774103563,64,35,0,0,0,0,no_volume,0,0,0,0,no_volume,0,0,0,0,no_volume,0,0,0,0,0,0,971577,986204,0.0075,-607,84004,21,33,65,64,1
1774103564,64,35,0,0,0,0,no_volume,0,0,0,0,no_volume,0,0,0,0,no_volume,0,0,0,0,0,0,971577,986204,0.0075,-607,0,21,33,65,64,1
1774103565,64,35,0,0,0,0,no_volume,0,0,0,0,no_volume,0,0,0,0,no_volume,0,0,0,0,0,0,923446,986204,0.0329,-48131,-48131,21,33,65,64,1
1774103566,64,35,0,0,0,0,no_volume,0,0,0,0,no_volume,0,0,0,0,no_volume,0,0,0,0,0,0,923446,986204,0.0329,-48131,-48131,21,33,65,64,1
1774103567,64,35,0,0,0,0,no_volume,0,0,0,0,no_volume,0,0,0,0,no_volume,0,0,0,0,0,0,971577,986204,0.0075,0,0,21,33,65,64,1
1774103568,64,35,0,0,0,0,no_volume,0,0,0,0,no_volume,0,0,0,0,no_volume,0,0,0,0,0,0,971577,986204,0.0075,48131,0,21,33,65,64,1
1774103569,64,35,0,0,0,0,no_volume,0,0,0,0,no_volume,0,0,0,0,no_volume,0,0,0,0,0,0,971577,986204,0.0075,48131,-607,21,33,65,64,1
1774103570,64,35,0,0,0,0,no_volume,0,0,0,0,no_volume,0,0,0,0,no_volume,0,0,0,0,0,0,972184,986204,0.0072,607,0,21,33,65,64,1
1774103571,64,35,0,0,0,0,no_volume,0,0,0,0,no_volume,0,0,0,0,no_volume,0,0,0,0,0,0,972184,986204,0.0072,607,0,21,33,65,64,1
1774103572,64,35,0,0,0,0,low_activity,0,0,0,0,low_activity,0,0,0,0,low_activity,0,0,0,0,0,0,972125,986237,0.0072,548,548,21,33,65,64,1
1774103573,64,35,0,0,0,0,low_activity,0,0,0,0,low_activity,0,0,0,0,low_activity,0,0,0,0,0,0,972125,986237,0.0072,-59,548,21,33,65,64,1
1774103574,64,35,0,0,0,0,low_activity,0,0,0,0,low_activity,0,0,0,0,low_activity,0,0,0,0,0,0,972125,986237,0.0072,-59,548,21,33,65,64,1
1774103575,64,35,0,0,0,0,no_volume,0,0,0,0,low_activity,0,0,0,0,low_activity,0,0,0,0,0,0,972125,986237,0.0072,0,48679,21,33,65,64,1
1774103576,64,35,0,0,0,0,no_volume,0,0,0,0,low_activity,0,0,0,0,low_activity,0,0,0,0,0,0,972125,986237,0.0072,0,48679,21,33,65,64,1
1774103577,64,35,0,0,0,0,no_volume,0,0,0,0,no_volume,0,0,0,0,low_activity,0,0,0,0,0,0,972125,986237,0.0072,0,548,21,33,65,64,1
1774103578,64,35,0,0,0,0,no_volume,0,0,0,0,no_volume,0,0,0,0,low_activity,0,0,0,0,0,0,972125,986237,0.0072,0,548,21,33,65,64,1
1774103579,64,35,0,0,0,0,no_volume,0,0,0,0,no_volume,0,0,0,0,low_activity,0,0,0,0,0,0,972125,986237,0.0072,0,548,21,33,65,64,1
1774103580,64,35,0,0,0,0,no_volume,0,0,0,0,no_volume,0,0,0,0,low_activity,0,0,0,0,0,0,923994,986237,0.0326,-48131,-48190,21,33,65,64,1
1774103581,64,35,0,0,0,0,no_volume,0,0,0,0,no_volume,0,0,0,0,low_activity,0,0,0,0,0,0,923994,991515,0.0352,-48131,-48190,21,33,65,64,1
1774103582,64,35,0,0,0,0,no_volume,0,0,0,0,no_volume,0,0,0,0,low_activity,0,0,0,0,0,0,990722,991482,0.0004,18597,18597,21,33,65,64,1
1774103583,64,35,0,0,0,0,no_volume,0,0,0,0,no_volume,0,0,0,0,low_activity,0,0,0,0,0,0,990808,991482,0.0003,66814,18683,21,33,65,64,1
1774103584,64,35,0,0,0,0,no_volume,0,0,0,0,no_volume,0,0,0,0,low_activity,0,0,0,0,0,0,990808,986204,-0.0023,66814,18683,21,33,65,64,1
1774103585,64,35,0,0,0,0,no_volume,0,0,0,0,no_volume,0,0,0,0,low_activity,0,0,0,0,0,0,971346,986204,0.0076,-19376,-779,21,33,65,64,1
1774103586,64,35,0,0,0,0,no_volume,0,0,0,0,no_volume,0,0,0,0,low_activity,0,0,0,0,0,0,971346,986204,0.0076,-19462,-779,21,33,65,64,1
1774103587,64,35,0,0,0,0,no_volume,0,0,0,0,no_volume,0,0,0,0,low_activity,0,0,0,0,0,0,971346,986204,0.0076,-19462,-779,21,33,65,64,1
1774103588,64,35,0,0,0,0,no_volume,0,0,0,0,no_volume,0,0,0,0,low_activity,0,0,0,0,0,0,971346,986204,0.0076,0,-779,21,33,65,64,1
1774103589,64,35,0,0,0,0,no_volume,0,0,0,0,no_volume,0,0,0,0,low_activity,0,0,0,0,0,0,971346,986204,0.0076,0,-779,21,33,65,64,1
1774103590,64,35,0,0,0,0,no_volume,0,0,0,0,no_volume,0,0,0,0,low_activity,0,0,0,0,0,0,971346,991482,0.0103,0,47352,21,33,65,64,1
1774103591,64,35,0,0,0,0,no_volume,0,0,0,0,no_volume,0,0,0,0,low_activity,0,0,0,0,0,0,971346,991482,0.0103,0,47352,21,33,65,64,1
1774103592,64,35,0,0,0,0,no_volume,0,0,0,0,no_volume,0,0,0,0,low_activity,0,0,0,0,0,0,971346,986204,0.0076,0,-19376,21,33,65,64,1
1774103593,64,35,0,0,0,0,no_volume,0,0,0,0,no_volume,0,0,0,0,low_activity,0,0,0,0,0,0,971346,986204,0.0076,0,-19462,21,33,65,64,1
1774103594,64,35,0,0,0,0,no_volume,0,0,0,0,no_volume,0,0,0,0,low_activity,0,0,0,0,0,0,971346,986204,0.0076,0,-19462,21,33,65,64,1
1774103595,64,35,0,0,0,0,no_volume,0,0,0,0,no_volume,0,0,0,0,low_activity,0,0,0,0,0,0,971346,986204,0.0076,0,0,21,33,65,64,1
1774103596,64,35,0,0,0,0,no_volume,0,0,0,0,no_volume,0,0,0,0,low_activity,0,0,0,0,0,0,1039718,986204,-0.0264,68372,68372,21,33,65,64,1
1774103597,64,35,0,0,0,0,no_volume,0,0,0,0,no_volume,0,0,0,0,low_activity,0,0,0,0,0,0,1039718,986204,-0.0264,68372,68372,21,33,65,64,1
1774103598,64,35,0,0,0,0,no_volume,0,0,0,0,no_volume,0,0,0,0,low_activity,0,0,0,0,0,0,1039718,986204,-0.0264,68372,68372,21,33,65,64,1
1774103599,64,35,0,0,0,0,no_volume,0,0,0,0,no_volume,0,0,0,0,low_activity,0,0,0,0,0,0,1059959,986204,-0.036,20241,88613,21,33,65,64,1
1774103600,64,35,0,0,0,0,no_volume,0,0,0,0,no_volume,0,0,0,0,low_activity,0,0,0,0,0,0,1059959,986204,-0.036,20241,88613,21,33,65,64,1
1774103601,64,35,0,0,0,0,no_volume,0,0,0,0,no_volume,0,0,0,0,low_activity,0,0,0,0,0,0,1059959,986203,-0.036,20241,88613,21,33,65,64,1
1774103602,64,35,0,0,0,0,no_volume,0,0,0,0,no_volume,0,0,0,0,no_volume,0,0,0,0,0,0,1059955,986203,-0.036,-4,88609,21,33,65,64,1
1774103603,64,35,0,0,0,0,no_volume,0,0,0,0,no_volume,0,0,0,0,no_volume,0,0,0,0,0,0,1059955,991481,-0.0334,-4,88609,21,33,65,64,1
1774103604,64,35,0,0,0,0,no_volume,0,0,0,0,no_volume,0,0,0,0,no_volume,0,0,0,0,0,0,1059955,986203,-0.036,-4,88609,21,33,65,64,1
1774103605,64,35,0,0,0,0,no_volume,0,0,0,0,no_volume,0,0,0,0,no_volume,0,0,0,0,0,0,1039714,986203,-0.0264,-20241,68368,21,33,65,64,1
1774103606,64,35,0,0,0,0,no_volume,0,0,0,0,no_volume,0,0,0,0,no_volume,0,0,0,0,0,0,971294,986137,0.0076,-88661,-68424,21,33,65,64,1
1774103607,64,35,0,0,0,0,no_volume,0,0,0,0,no_volume,0,0,0,0,no_volume,0,0,0,0,0,0,971294,991481,0.0103,-88661,-68424,21,33,65,64,1
1774103608,64,35,0,0,0,0,no_volume,0,0,0,0,no_volume,0,0,0,0,no_volume,0,0,0,0,0,0,971294,991481,0.0103,-68420,-68424,21,33,65,64,1
1774103609,64,35,0,0,0,0,no_volume,0,0,0,0,no_volume,0,0,0,0,no_volume,0,0,0,0,0,0,923180,991481,0.0357,-48114,-136779,21,33,65,64,1
1774103610,64,35,0,0,0,0,no_volume,0,0,0,0,no_volume,0,0,0,0,no_volume,0,0,0,0,0,0,923180,991481,0.0357,-48114,-136779,21,33,65,64,1
1774103611,64,35,0,0,0,0,no_volume,0,0,0,0,no_volume,0,0,0,0,no_volume,0,0,0,0,0,0,923180,991481,0.0357,-48114,-136779,21,33,65,64,1
1774103612,64,35,0,0,0,0,no_volume,0,0,0,0,no_volume,0,0,0,0,no_volume,0,0,0,0,0,0,923180,991481,0.0357,0,-136775,21,33,65,64,1
1774103613,64,35,0,0,0,0,no_volume,0,0,0,0,no_volume,0,0,0,0,no_volume,0,0,0,0,0,0,971332,986203,0.0076,48152,-88623,21,33,65,64,1
1774103614,64,35,0,0,0,0,no_volume,0,0,0,0,no_volume,0,0,0,0,no_volume,0,0,0,0,0,0,971332,986203,0.0076,48152,-88623,21,33,65,64,1
1774103615,64,35,0,0,0,0,no_volume,0,0,0,0,no_volume,0,0,0,0,no_volume,0,0,0,0,0,0,971332,986203,0.0076,48152,-68382,21,33,65,64,1
1774103616,64,35,0,0,0,0,no_volume,0,0,0,0,no_volume,0,0,0,0,no_volume,0,0,0,0,0,0,971332,991481,0.0103,0,38,21,33,65,64,1
1774103617,64,35,0,0,0,0,no_volume,0,0,0,0,no_volume,0,0,0,0,no_volume,0,0,0,0,0,0,1019463,986203,-0.0166,48131,48169,21,33,65,64,1
1774103618,64,35,0,0,0,0,no_volume,0,0,0,0,no_volume,0,0,0,0,no_volume,0,0,0,0,0,0,1019463,986203,-0.0166,48131,48169,21,33,65,64,1
1774103619,64,35,0,0,0,0,no_volume,0,0,0,0,no_volume,0,0,0,0,no_volume,0,0,0,0,0,0,1019463,986203,-0.0166,48131,96283,21,33,65,64,1
1774103620,64,35,0,0,0,0,no_volume,0,0,0,0,no_volume,0,0,0,0,no_volume,0,0,0,0,0,0,1019463,986203,-0.0166,0,96283,21,33,65,64,1
1774103621,64,35,0,0,0,0,no_volume,0,0,0,0,no_volume,0,0,0,0,no_volume,0,0,0,0,0,0,971332,986203,0.0076,-48131,48152,21,33,65,64,1
1774103622,64,35,0,0,0,0,no_volume,0,0,0,0,no_volume,0,0,0,0,no_volume,0,0,0,0,0,0,1039701,986203,-0.0264,20238,116521,21,33,65,64,1
1774103623,64,35,0,0,0,0,no_volume,0,0,0,0,no_volume,0,0,0,0,no_volume,0,0,0,0,0,0,1039701,986203,-0.0264,20238,68369,21,33,65,64,1
1774103624,64,35,0,0,0,0,no_volume,0,0,0,0,no_volume,0,0,0,0,no_volume,0,0,0,0,0,0,1039701,986203,-0.0264,68369,68369,21,33,65,64,1
1774103625,64,35,0,0,0,0,low_activity,0,0,0,0,low_activity,0,0,0,0,low_activity,0,0,0,0,0,0,936482,986203,0.0259,-103219,-34850,21,33,65,64,1
1774103626,64,35,0,0,0,0,low_activity,0,0,0,0,low_activity,0,0,0,0,low_activity,0,0,0,0,0,0,936482,986203,0.0259,-103219,-34850,21,33,65,64,1
1774103627,64,35,0,0,0,0,low_activity,0,0,0,0,low_activity,0,0,0,0,low_activity,0,0,0,0,0,0,936482,986203,0.0259,-103219,-82981,21,33,65,64,1
1774103628,64,35,0,0,0,0,no_volume,0,0,0,0,low_activity,0,0,0,0,low_activity,0,0,0,0,0,0,936482,986203,0.0259,0,-82981,21,33,65,64,1
1774103629,64,35,0,0,0,0,no_volume,0,0,0,0,low_activity,0,0,0,0,low_activity,0,0,0,0,0,0,936482,986203,0.0259,0,-82981,21,33,65,64,1
1774103630,64,35,0,0,0,0,no_volume,0,0,0,0,no_volume,0,0,0,0,low_activity,0,0,0,0,0,0,936482,986203,0.0259,0,-82981,21,33,65,64,1
1774103631,64,35,0,0,0,0,no_volume,0,0,0,0,no_volume,0,0,0,0,low_activity,0,0,0,0,0,0,971274,986203,0.0076,34792,-58,21,33,65,64,1
1774103632,64,35,0,0,0,0,no_volume,0,0,0,0,no_volume,0,0,0,0,low_activity,0,0,0,0,0,0,971274,986203,0.0076,34792,-68427,21,33,65,64,1
1774103633,64,35,0,0,0,0,no_volume,0,0,0,0,no_volume,0,0,0,0,low_activity,0,0,0,0,0,0,971274,986203,0.0076,34792,-68427,21,33,65,64,1
1774103634,64,35,0,0,0,0,no_volume,0,0,0,0,no_volume,0,0,0,0,low_activity,0,0,0,0,0,0,971274,986203,0.0076,0,-68427,21,33,65,64,1
1774103635,64,35,0,0,0,0,no_volume,0,0,0,0,no_volume,0,0,0,0,low_activity,0,0,0,0,0,0,971274,986203,0.0076,0,34792,21,33,65,64,1
1774103636,64,35,0,0,0,0,no_volume,0,0,0,0,no_volume,0,0,0,0,low_activity,0,0,0,0,0,0,971274,986203,0.0076,0,34792,21,33,65,64,1
1774103637,64,35,0,0,0,0,no_volume,0,0,0,0,no_volume,0,0,0,0,low_activity,0,0,0,0,0,0,971274,986203,0.0076,0,34792,21,33,65,64,1
1774103638,64,35,0,0,0,0,no_volume,0,0,0,0,no_volume,0,0,0,0,low_activity,0,0,0,0,0,0,971274,986203,0.0076,0,34792,21,33,65,64,1
1774103639,64,35,0,0,0,0,no_volume,0,0,0,0,no_volume,0,0,0,0,low_activity,0,0,0,0,0,0,971274,986203,0.0076,0,34792,21,33,65,64,1
1774103640,64,35,0,0,0,0,no_volume,0,0,0,0,no_volume,0,0,0,0,low_activity,0,0,0,0,0,0,971274,986203,0.0076,0,34792,21,33,65,64,1
1774103641,64,35,0,0,0,0,no_volume,0,0,0,0,no_volume,0,0,0,0,low_activity,0,0,0,0,0,0,971274,986203,0.0076,0,0,21,33,65,64,1
1774103642,64,35,0,0,0,0,no_volume,0,0,0,0,no_volume,0,0,0,0,low_activity,0,0,0,0,0,0,971274,986203,0.0076,0,0,21,33,65,64,1
1774103643,64,35,0,0,0,0,no_volume,0,0,0,0,no_volume,0,0,0,0,low_activity,0,0,0,0,0,0,971274,986203,0.0076,0,0,21,33,65,64,1
1774103644,64,35,0,0,0,0,no_volume,0,0,0,0,no_volume,0,0,0,0,low_activity,0,0,0,0,0,0,971274,986203,0.0076,0,0,21,33,65,64,1
1774103645,64,35,0,0,0,0,no_volume,0,0,0,0,no_volume,0,0,0,0,low_activity,0,0,0,0,0,0,970738,986203,0.0079,-536,-536,21,33,65,64,1
1774103646,64,35,0,0,0,0,no_volume,0,0,0,0,no_volume,0,0,0,0,low_activity,0,0,0,0,0,0,970738,986203,0.0079,-536,-536,21,33,65,64,1
1774103647,64,35,0,0,0,0,no_volume,0,0,0,0,no_volume,0,0,0,0,low_activity,0,0,0,0,0,0,970738,986203,0.0079,-536,-536,21,33,65,64,1
1774103648,64,35,0,0,0,0,no_volume,0,0,0,0,no_volume,0,0,0,0,low_activity,0,0,0,0,0,0,970738,986203,0.0079,0,-536,21,33,65,64,1
1774103649,64,35,0,0,0,0,no_volume,0,0,0,0,no_volume,0,0,0,0,low_activity,0,0,0,0,0,0,970738,986203,0.0079,0,-536,21,33,65,64,1
1774103650,64,35,0,0,0,0,no_volume,0,0,0,0,no_volume,0,0,0,0,low_activity,0,0,0,0,0,0,970738,986203,0.0079,0,-536,21,33,65,64,1
1774103651,64,35,0,0,0,0,no_volume,0,0,0,0,no_volume,0,0,0,0,low_activity,0,0,0,0,0,0,970738,986203,0.0079,0,-536,21,33,65,64,1
1774103652,64,35,0,0,0,0,no_volume,0,0,0,0,no_volume,0,0,0,0,low_activity,0,0,0,0,0,0,970738,986203,0.0079,0,-536,21,33,65,64,1
1774103653,64,35,0,0,0,0,no_volume,0,0,0,0,no_volume,0,0,0,0,low_activity,0,0,0,0,0,0,970738,986203,0.0079,0,-536,21,33,65,64,1
1774103654,64,35,0,0,0,0,no_volume,0,0,0,0,no_volume,0,0,0,0,low_activity,0,0,0,0,0,0,970661,986203,0.0079,-77,-613,21,33,65,64,1
1774103655,64,35,0,0,0,0,no_volume,0,0,0,0,no_volume,0,0,0,0,no_volume,0,0,0,0,0,0,970661,986203,0.0079,-77,-77,21,33,65,64,1
1774103656,64,35,0,0,0,0,no_volume,0,0,0,0,no_volume,0,0,0,0,no_volume,0,0,0,0,0,0,970661,986203,0.0079,-77,-77,21,33,65,64,1
1774103657,64,35,0,0,0,0,no_volume,0,0,0,0,no_volume,0,0,0,0,no_volume,0,0,0,0,0,0,970661,986203,0.0079,0,-77,21,33,65,64,1
1774103658,64,35,0,0,0,0,no_volume,0,0,0,0,no_volume,0,0,0,0,no_volume,0,0,0,0,0,0,970661,986203,0.0079,0,-77,21,33,65,64,1
1774103659,64,35,0,0,0,0,no_volume,0,0,0,0,no_volume,0,0,0,0,no_volume,0,0,0,0,0,0,1039693,986203,-0.0264,69032,68955,21,33,65,64,1
1774103660,64,35,0,0,0,0,no_volume,0,0,0,0,no_volume,0,0,0,0,no_volume,0,0,0,0,0,0,1039693,986203,-0.0264,69032,68955,21,33,65,64,1
1774103661,64,35,0,0,0,0,no_volume,0,0,0,0,no_volume,0,0,0,0,no_volume,0,0,0,0,0,0,970661,991481,0.0106,0,-77,21,33,65,64,1
1774103662,64,35,0,0,0,0,no_volume,0,0,0,0,no_volume,0,0,0,0,no_volume,0,0,0,0,0,0,970661,991481,0.0106,-69032,-77,21,33,65,64,1
1774103663,64,35,0,0,0,0,no_volume,0,0,0,0,no_volume,0,0,0,0,no_volume,0,0,0,0,0,0,970661,991481,0.0106,-69032,-77,21,33,65,64,1
1774103664,64,35,0,0,0,0,no_volume,0,0,0,0,no_volume,0,0,0,0,no_volume,0,0,0,0,0,0,935825,991481,0.0289,-34836,-34836,21,33,65,64,1
1774103665,64,35,0,0,0,0,no_volume,0,0,0,0,no_volume,0,0,0,0,no_volume,0,0,0,0,0,0,935825,991481,0.0289,-34836,-34836,21,33,65,64,1
1774103666,64,35,0,0,0,0,no_volume,0,0,0,0,no_volume,0,0,0,0,no_volume,0,0,0,0,0,0,935825,991481,0.0289,-34836,-34836,21,33,65,64,1
1774103667,64,35,0,0,0,0,no_volume,0,0,0,0,no_volume,0,0,0,0,no_volume,0,0,0,0,0,0,935825,991481,0.0289,0,-34836,21,33,65,64,1
1774103668,64,35,0,0,0,0,no_volume,0,0,0,0,no_volume,0,0,0,0,no_volume,0,0,0,0,0,0,935825,991481,0.0289,0,-34836,21,33,65,64,1
1774103669,64,35,0,0,0,0,no_volume,0,0,0,0,no_volume,0,0,0,0,no_volume,0,0,0,0,0,0,935825,991481,0.0289,0,-103868,21,33,65,64,1
1774103670,64,35,0,0,0,0,no_volume,0,0,0,0,no_volume,0,0,0,0,no_volume,0,0,0,0,0,0,935825,991481,0.0289,0,-103868,21,33,65,64,1
1774103671,64,35,0,0,0,0,low_activity,0,0,0,0,low_activity,0,0,0,0,low_activity,0,0,0,0,0,0,935823,991514,0.0289,-2,-34838,21,33,65,64,1
1774103672,64,35,0,0,0,0,low_activity,0,0,0,0,low_activity,0,0,0,0,low_activity,0,0,0,0,0,0,1004855,991481,-0.0067,69030,34194,21,33,65,64,1
1774103673,64,35,0,0,0,0,low_activity,0,0,0,0,low_activity,0,0,0,0,low_activity,0,0,0,0,0,0,1004855,991481,-0.0067,69030,34194,21,33,65,64,1
1774103674,64,35,0,0,0,0,no_volume,0,0,0,0,low_activity,0,0,0,0,low_activity,0,0,0,0,0,0,1004855,986203,-0.0094,69032,69030,21,33,65,64,1
1774103675,64,35,0,0,0,0,no_volume,0,0,0,0,low_activity,0,0,0,0,low_activity,0,0,0,0,0,0,1004855,986203,-0.0094,0,69030,21,33,65,64,1
1774103676,64,35,0,0,0,0,no_volume,0,0,0,0,no_volume,0,0,0,0,low_activity,0,0,0,0,0,0,935823,991481,0.0289,-69032,-2,21,33,65,64,1
1774103677,64,35,0,0,0,0,no_volume,0,0,0,0,no_volume,0,0,0,0,low_activity,0,0,0,0,0,0,935823,991481,0.0289,-69032,-2,21,33,65,64,1
1774103678,64,35,0,0,0,0,no_volume,0,0,0,0,no_volume,0,0,0,0,low_activity,0,0,0,0,0,0,935823,986203,0.0262,-69032,-2,21,33,65,64,1
1774103679,64,35,0,0,0,0,no_volume,0,0,0,0,no_volume,0,0,0,0,low_activity,0,0,0,0,0,0,935823,986203,0.0262,0,-2,21,33,65,64,1
1774103680,64,35,0,0,0,0,no_volume,0,0,0,0,no_volume,0,0,0,0,low_activity,0,0,0,0,0,0,935823,986203,0.0262,0,-2,21,33,65,64,1
1774103681,64,35,0,0,0,0,no_volume,0,0,0,0,no_volume,0,0,0,0,low_activity,0,0,0,0,0,0,1004855,986203,-0.0094,69032,69032,21,33,65,64,1
1774103682,64,35,0,0,0,0,no_volume,0,0,0,0,no_volume,0,0,0,0,low_activity,0,0,0,0,0,0,1073115,986203,-0.0422,137292,68260,21,33,65,64,1
1774103683,64,35,0,0,0,0,no_volume,0,0,0,0,no_volume,0,0,0,0,low_activity,0,0,0,0,0,0,1004083,986203,-0.009,68260,-772,21,33,65,64,1
1774103684,64,35,0,0,0,0,no_volume,0,0,0,0,no_volume,0,0,0,0,low_activity,0,0,0,0,0,0,935235,986203,0.0265,-69620,-69620,21,33,65,64,1
1774103685,64,35,0,0,0,0,no_volume,0,0,0,0,no_volume,0,0,0,0,low_activity,0,0,0,0,0,0,935235,986203,0.0265,-137880,-69620,21,33,65,64,1
1774103686,64,35,0,0,0,0,no_volume,0,0,0,0,no_volume,0,0,0,0,low_activity,0,0,0,0,0,0,935235,986203,0.0265,-68848,-588,21,33,65,64,1
1774103687,64,35,0,0,0,0,no_volume,0,0,0,0,no_volume,0,0,0,0,low_activity,0,0,0,0,0,0,935235,986203,0.0265,0,-588,21,33,65,64,1
1774103688,64,35,0,0,0,0,no_volume,0,0,0,0,no_volume,0,0,0,0,low_activity,0,0,0,0,0,0,935842,985596,0.0259,607,19,21,33,65,64,1
1774103689,64,35,0,0,0,0,no_volume,0,0,0,0,no_volume,0,0,0,0,low_activity,0,0,0,0,0,0,935842,985596,0.0259,607,19,21,33,65,64,1
1774103690,64,35,0,0,0,0,no_volume,0,0,0,0,no_volume,0,0,0,0,low_activity,0,0,0,0,0,0,970678,985596,0.0076,35443,34855,21,33,65,64,1
1774103691,64,35,0,0,0,0,no_volume,0,0,0,0,no_volume,0,0,0,0,low_activity,0,0,0,0,0,0,935235,986203,0.0265,-607,-69620,21,33,65,64,1
1774103692,64,35,0,0,0,0,no_volume,0,0,0,0,no_volume,0,0,0,0,low_activity,0,0,0,0,0,0,935235,986203,0.0265,-607,-137880,21,33,65,64,1
1774103693,64,35,0,0,0,0,no_volume,0,0,0,0,no_volume,0,0,0,0,low_activity,0,0,0,0,0,0,983161,986203,0.0015,12483,-20922,21,33,65,64,1
1774103694,64,35,0,0,0,0,no_volume,0,0,0,0,no_volume,0,0,0,0,low_activity,0,0,0,0,0,0,983161,986203,0.0015,47926,47926,21,33,65,64,1
1774103695,64,35,0,0,0,0,low_activity,0,0,0,0,low_activity,0,0,0,0,low_activity,0,0,0,0,0,0,983146,986236,0.0016,47911,47911,21,33,65,64,1
1774103696,64,35,0,0,0,0,low_activity,0,0,0,0,low_activity,0,0,0,0,low_activity,0,0,0,0,0,0,983146,986810,0.0019,-15,47911,21,33,65,64,1
1774103697,64,35,0,0,0,0,low_activity,0,0,0,0,low_activity,0,0,0,0,low_activity,0,0,0,0,0,0,983146,986203,0.0016,-15,47911,21,33,65,64,1
1774103698,64,35,0,0,0,0,no_volume,0,0,0,0,low_activity,0,0,0,0,low_activity,0,0,0,0,0,0,1009701,986203,-0.0118,26555,73859,21,33,65,64,1
1774103699,64,35,0,0,0,0,no_volume,0,0,0,0,low_activity,0,0,0,0,low_activity,0,0,0,0,0,0,1009701,986203,-0.0118,26555,73859,21,33,65,64,1
1774103700,64,35,0,0,0,0,no_volume,0,0,0,0,no_volume,0,0,0,0,low_activity,0,0,0,0,0,0,1009701,986203,-0.0118,26555,39023,21,33,65,64,1
1774103701,64,35,0,0,0,0,no_volume,0,0,0,0,no_volume,0,0,0,0,low_activity,0,0,0,0,0,0,1010289,991481,-0.0094,588,75054,21,33,65,64,1
1774103702,64,35,0,0,0,0,no_volume,0,0,0,0,no_volume,0,0,0,0,low_activity,0,0,0,0,0,0,983734,991481,0.0039,-25967,48499,21,33,65,64,1
1774103703,64,35,0,0,0,0,no_volume,0,0,0,0,no_volume,0,0,0,0,low_activity,0,0,0,0,0,0,983734,986203,0.0013,-25967,573,21,33,65,64,1
1774103704,64,35,0,0,0,0,no_volume,0,0,0,0,no_volume,0,0,0,0,low_activity,0,0,0,0,0,0,983734,986203,0.0013,-26555,573,21,33,65,64,1
1774103705,64,35,0,0,0,0,no_volume,0,0,0,0,no_volume,0,0,0,0,low_activity,0,0,0,0,0,0,983734,991481,0.0039,0,588,21,33,65,64,1
1774103706,64,35,0,0,0,0,no_volume,0,0,0,0,no_volume,0,0,0,0,low_activity,0,0,0,0,0,0,970644,991481,0.0106,-13090,-12502,21,33,65,64,1
1774103707,64,35,0,0,0,0,low_activity,0,0,0,0,low_activity,0,0,0,0,low_activity,0,0,0,0,0,0,935711,986203,0.0263,-48023,-47435,21,33,65,64,1
1774103708,64,35,0,0,0,0,low_activity,0,0,0,0,low_activity,0,0,0,0,low_activity,0,0,0,0,0,0,935711,986203,0.0263,-48023,-73990,21,33,65,64,1
1774103709,64,35,0,0,0,0,low_activity,0,0,0,0,low_activity,0,0,0,0,low_activity,0,0,0,0,0,0,935711,986203,0.0263,-34933,-73990,21,33,65,64,1
1774103710,64,35,0,0,0,0,no_volume,0,0,0,0,low_activity,0,0,0,0,low_activity,0,0,0,0,0,0,935711,991481,0.0289,0,-73990,21,33,65,64,1
1774103711,64,35,0,0,0,0,no_volume,0,0,0,0,low_activity,0,0,0,0,low_activity,0,0,0,0,0,0,962148,986203,0.0123,26437,-48141,21,33,65,64,1
1774103712,64,35,0,0,0,0,no_volume,0,0,0,0,no_volume,0,0,0,0,low_activity,0,0,0,0,0,0,962148,986203,0.0123,26437,-21586,21,33,65,64,1
1774103713,64,35,0,0,0,0,no_volume,0,0,0,0,no_volume,0,0,0,0,low_activity,0,0,0,0,0,0,1036511,991481,-0.0222,100800,52777,21,33,65,64,1
1774103714,64,35,0,0,0,0,no_volume,0,0,0,0,no_volume,0,0,0,0,low_activity,0,0,0,0,0,0,1036511,991481,-0.0222,74363,52777,21,33,65,64,1
1774103715,64,35,0,0,0,0,no_volume,0,0,0,0,no_volume,0,0,0,0,low_activity,0,0,0,0,0,0,962148,991481,0.015,0,-21586,21,33,65,64,1
1774103716,64,35,0,0,0,0,no_volume,0,0,0,0,no_volume,0,0,0,0,low_activity,0,0,0,0,0,0,992148,991481,-0.0003,-44363,21504,21,33,65,64,1
1774103717,64,35,0,0,0,0,no_volume,0,0,0,0,no_volume,0,0,0,0,low_activity,0,0,0,0,0,0,1026984,991481,-0.0176,-9527,91273,21,33,65,64,1
1774103718,64,35,0,0,0,0,no_volume,0,0,0,0,no_volume,0,0,0,0,low_activity,0,0,0,0,0,0,1043059,991481,-0.0254,80911,107348,21,33,65,64,1
1774103719,64,35,0,0,0,0,no_volume,0,0,0,0,no_volume,0,0,0,0,low_activity,0,0,0,0,0,0,1016622,991481,-0.0125,24474,80911,21,33,65,64,1
1774103720,64,35,0,0,0,0,no_volume,0,0,0,0,no_volume,0,0,0,0,low_activity,0,0,0,0,0,0,1016622,991481,-0.0125,-10362,80911,21,33,65,64,1
1774103721,64,35,0,0,0,0,no_volume,0,0,0,0,no_volume,0,0,0,0,low_activity,0,0,0,0,0,0,981786,991481,0.0049,-61273,19638,21,33,65,64,1
1774103722,64,35,0,0,0,0,no_volume,0,0,0,0,no_volume,0,0,0,0,low_activity,0,0,0,0,0,0,1062192,991481,-0.0344,45570,100044,21,33,65,64,1
1774103723,64,35,0,0,0,0,no_volume,0,0,0,0,no_volume,0,0,0,0,low_activity,0,0,0,0,0,0,1062192,991481,-0.0344,45570,25681,21,33,65,64,1
1774103724,64,35,0,0,0,0,no_volume,0,0,0,0,no_volume,0,0,0,0,low_activity,0,0,0,0,0,0,1136555,991481,-0.0682,154769,100044,21,33,65,64,1
1774103725,64,35,0,0,0,0,no_volume,0,0,0,0,no_volume,0,0,0,0,low_activity,0,0,0,0,0,0,1136555,991481,-0.0682,74363,174407,21,33,65,64,1
1774103726,64,35,0,0,0,0,low_activity,0,0,0,0,low_activity,0,0,0,0,low_activity,0,0,0,0,0,0,1136554,991481,-0.0682,74362,144406,21,33,65,64,1
1774103727,64,35,0,0,0,0,low_activity,0,0,0,0,low_activity,0,0,0,0,low_activity,0,0,0,0,0,0,1136554,991481,-0.0682,-1,109570,21,33,65,64,1
1774103728,64,35,0,0,0,0,low_activity,0,0,0,0,low_activity,0,0,0,0,low_activity,0,0,0,0,0,0,1062154,991481,-0.0344,-74401,19095,21,33,65,64,1
1774103729,64,35,0,0,0,0,low_activity,0,0,0,0,low_activity,0,0,0,0,low_activity,0,0,0,0,0,0,1062154,991481,-0.0344,-74400,45532,21,33,65,64,1
1774103730,64,35,0,0,0,0,low_activity,0,0,0,0,low_activity,0,0,0,0,low_activity,0,0,0,0,0,0,1062154,991481,-0.0344,-74400,45532,21,33,65,64,1
1774103731,64,35,0,0,0,0,low_activity,0,0,0,0,low_activity,0,0,0,0,low_activity,0,0,0,0,0,0,1062139,991481,-0.0344,-15,80353,21,33,65,64,1
1774103732,64,35,0,0,0,0,low_activity,0,0,0,0,low_activity,0,0,0,0,low_activity,0,0,0,0,0,0,1062139,986203,-0.0371,-15,-53,21,33,65,64,1
1774103733,64,35,0,0,0,0,low_activity,0,0,0,0,low_activity,0,0,0,0,low_activity,0,0,0,0,0,0,1062139,986203,-0.0371,-15,-53,21,33,65,64,1
1774103734,64,35,0,0,0,0,no_volume,0,0,0,0,low_activity,0,0,0,0,low_activity,0,0,0,0,0,0,1136502,986203,-0.0708,74363,-53,21,33,65,64,1
1774103735,64,35,0,0,0,0,no_volume,0,0,0,0,low_activity,0,0,0,0,low_activity,0,0,0,0,0,0,1136502,991481,-0.0681,74363,-53,21,33,65,64,1
1774103736,64,35,0,0,0,0,no_volume,0,0,0,0,no_volume,0,0,0,0,low_activity,0,0,0,0,0,0,1136502,991481,-0.0681,74363,-52,21,33,65,64,1
1774103737,64,35,0,0,0,0,no_volume,0,0,0,0,no_volume,0,0,0,0,low_activity,0,0,0,0,0,0,1136502,986203,-0.0708,0,-52,21,33,65,64,1
1774103738,64,35,0,0,0,0,low_activity,0,0,0,0,low_activity,0,0,0,0,low_activity,0,0,0,0,0,0,1136204,986203,-0.0707,-298,74050,21,33,65,64,1
1774103739,64,35,0,0,0,0,low_activity,0,0,0,0,low_activity,0,0,0,0,low_activity,0,0,0,0,0,0,1136204,986203,-0.0707,-298,74050,21,33,65,64,1
1774103740,64,35,0,0,0,0,low_activity,0,0,0,0,low_activity,0,0,0,0,low_activity,0,0,0,0,0,0,1136204,986203,-0.0707,-298,74050,21,33,65,64,1
1774103741,64,35,0,0,0,0,no_volume,0,0,0,0,low_activity,0,0,0,0,low_activity,0,0,0,0,0,0,1136204,986203,-0.0707,0,74065,21,33,65,64,1
1774103742,64,35,0,0,0,0,no_volume,0,0,0,0,low_activity,0,0,0,0,low_activity,0,0,0,0,0,0,1136204,986203,-0.0707,0,74065,21,33,65,64,1
1774103743,64,35,0,0,0,0,no_volume,0,0,0,0,no_volume,0,0,0,0,low_activity,0,0,0,0,0,0,1210540,986203,-0.1021,74336,148401,21,33,65,64,1
1774103744,64,35,0,0,0,0,no_volume,0,0,0,0,no_volume,0,0,0,0,low_activity,0,0,0,0,0,0,1210540,986203,-0.1021,74336,74038,21,33,65,64,1
1774103745,64,35,0,0,0,0,no_volume,0,0,0,0,no_volume,0,0,0,0,low_activity,0,0,0,0,0,0,1136177,986203,-0.0707,-27,-325,21,33,65,64,1
1774103746,64,35,0,0,0,0,no_volume,0,0,0,0,no_volume,0,0,0,0,low_activity,0,0,0,0,0,0,1208539,986203,-0.1013,-2001,72037,21,33,65,64,1
1774103747,64,35,0,0,0,0,low_activity,0,0,0,0,low_activity,0,0,0,0,low_activity,0,0,0,0,0,0,1053797,986188,-0.0331,-156743,-82705,21,33,65,64,1
1774103748,64,35,0,0,0,0,low_activity,0,0,0,0,low_activity,0,0,0,0,low_activity,0,0,0,0,0,0,1053797,986188,-0.0331,-82380,-82407,21,33,65,64,1
1774103749,64,35,0,0,0,0,low_activity,0,0,0,0,low_activity,0,0,0,0,low_activity,0,0,0,0,0,0,1053797,986188,-0.0331,-154742,-82407,21,33,65,64,1
1774103750,64,35,0,0,0,0,no_volume,0,0,0,0,low_activity,0,0,0,0,low_activity,0,0,0,0,0,0,1053797,986173,-0.0331,0,-82407,21,33,65,64,1
1774103751,64,35,0,0,0,0,no_volume,0,0,0,0,low_activity,0,0,0,0,low_activity,0,0,0,0,0,0,1053797,986173,-0.0331,0,-82407,21,33,65,64,1
1774103752,64,35,0,0,0,0,no_volume,0,0,0,0,no_volume,0,0,0,0,low_activity,0,0,0,0,0,0,1053797,986173,-0.0331,0,-82407,21,33,65,64,1
1774103753,64,35,0,0,0,0,no_volume,0,0,0,0,no_volume,0,0,0,0,low_activity,0,0,0,0,0,0,1134203,986173,-0.0698,80406,-76337,21,33,65,64,1
1774103754,64,35,0,0,0,0,no_volume,0,0,0,0,no_volume,0,0,0,0,low_activity,0,0,0,0,0,0,1134203,986173,-0.0698,80406,-76337,21,33,65,64,1
1774103755,64,35,0,0,0,0,no_volume,0,0,0,0,no_volume,0,0,0,0,low_activity,0,0,0,0,0,0,1053797,986173,-0.0331,0,-82380,21,33,65,64,1
1774103756,64,35,0,0,0,0,no_volume,0,0,0,0,no_volume,0,0,0,0,low_activity,0,0,0,0,0,0,1053797,986173,-0.0331,-80406,-154742,21,33,65,64,1
1774103757,64,35,0,0,0,0,no_volume,0,0,0,0,no_volume,0,0,0,0,low_activity,0,0,0,0,0,0,1053797,986173,-0.0331,-80406,0,21,33,65,64,1
1774103758,64,35,0,0,0,0,no_volume,0,0,0,0,no_volume,0,0,0,0,low_activity,0,0,0,0,0,0,1053797,986173,-0.0331,0,0,21,33,65,64,1
1774103759,64,35,0,0,0,0,no_volume,0,0,0,0,no_volume,0,0,0,0,low_activity,0,0,0,0,0,0,1053797,986173,-0.0331,0,0,21,33,65,64,1
1774103760,64,35,0,0,0,0,no_volume,0,0,0,0,no_volume,0,0,0,0,low_activity,0,0,0,0,0,0,1053797,986173,-0.0331,0,0,21,33,65,64,1
1774103761,64,35,0,0,0,0,no_volume,0,0,0,0,no_volume,0,0,0,0,low_activity,0,0,0,0,0,0,981435,986173,0.0024,-72362,-72362,21,33,65,64,1
1774103762,64,35,0,0,0,0,no_volume,0,0,0,0,no_volume,0,0,0,0,low_activity,0,0,0,0,0,0,981435,991451,0.0051,-72362,-72362,21,33,65,64,1
1774103763,64,35,0,0,0,0,no_volume,0,0,0,0,no_volume,0,0,0,0,low_activity,0,0,0,0,0,0,981435,985508,0.0021,-72362,-152768,21,33,65,64,1
1774103764,64,35,0,0,0,0,no_volume,0,0,0,0,no_volume,0,0,0,0,low_activity,0,0,0,0,0,0,981435,985508,0.0021,0,-152768,21,33,65,64,1
1774103765,64,35,0,0,0,0,no_volume,0,0,0,0,no_volume,0,0,0,0,low_activity,0,0,0,0,0,0,1053797,985508,-0.0335,72362,0,21,33,65,64,1
1774103766,64,35,0,0,0,0,no_volume,0,0,0,0,no_volume,0,0,0,0,low_activity,0,0,0,0,0,0,1053797,985508,-0.0335,72362,0,21,33,65,64,1
1774103767,64,35,0,0,0,0,no_volume,0,0,0,0,no_volume,0,0,0,0,low_activity,0,0,0,0,0,0,1134203,985508,-0.0701,152768,80406,21,33,65,64,1
1774103768,64,35,0,0,0,0,no_volume,0,0,0,0,no_volume,0,0,0,0,low_activity,0,0,0,0,0,0,1134203,990786,-0.0675,80406,80406,21,33,65,64,1
1774103769,64,35,0,0,0,0,no_volume,0,0,0,0,no_volume,0,0,0,0,low_activity,0,0,0,0,0,0,1061841,990786,-0.0346,8044,8044,21,33,65,64,1
1774103770,64,35,0,0,0,0,no_volume,0,0,0,0,no_volume,0,0,0,0,low_activity,0,0,0,0,0,0,1061841,985508,-0.0373,-72362,8044,21,33,65,64,1
1774103771,64,35,0,0,0,0,no_volume,0,0,0,0,no_volume,0,0,0,0,low_activity,0,0,0,0,0,0,1061841,985508,-0.0373,-72362,80406,21,33,65,64,1
1774103772,64,35,0,0,0,0,no_volume,0,0,0,0,no_volume,0,0,0,0,low_activity,0,0,0,0,0,0,980847,985508,0.0024,-80994,-588,21,33,65,64,1
1774103773,64,35,0,0,0,0,no_volume,0,0,0,0,no_volume,0,0,0,0,low_activity,0,0,0,0,0,0,980847,990786,0.005,-80994,-588,21,33,65,64,1
1774103774,64,35,0,0,0,0,no_volume,0,0,0,0,no_volume,0,0,0,0,low_activity,0,0,0,0,0,0,980847,990786,0.005,-80994,-588,21,33,65,64,1
1774103775,64,35,0,0,0,0,no_volume,0,0,0,0,no_volume,0,0,0,0,low_activity,0,0,0,0,0,0,980847,990786,0.005,0,-72950,21,33,65,64,1
1774103776,64,35,0,0,0,0,no_volume,0,0,0,0,no_volume,0,0,0,0,low_activity,0,0,0,0,0,0,1010847,985508,-0.0127,30000,-42950,21,33,65,64,1
1774103777,64,35,0,0,0,0,no_volume,0,0,0,0,no_volume,0,0,0,0,no_volume,0,0,0,0,0,0,980847,985508,0.0024,0,-153356,21,33,65,64,1
1774103778,64,35,0,0,0,0,no_volume,0,0,0,0,no_volume,0,0,0,0,no_volume,0,0,0,0,0,0,980847,985508,0.0024,0,-153356,21,33,65,64,1
1774103779,64,35,0,0,0,0,no_volume,0,0,0,0,no_volume,0,0,0,0,no_volume,0,0,0,0,0,0,1061841,990786,-0.0346,50994,0,21,33,65,64,1
1774103780,64,35,0,0,0,0,no_volume,0,0,0,0,no_volume,0,0,0,0,no_volume,0,0,0,0,0,0,1142835,990786,-0.0713,161988,80994,21,33,65,64,1
1774103781,64,35,0,0,0,0,no_volume,0,0,0,0,no_volume,0,0,0,0,no_volume,0,0,0,0,0,0,1142835,990786,-0.0713,161988,80994,21,33,65,64,1
1774103782,64,35,0,0,0,0,no_volume,0,0,0,0,no_volume,0,0,0,0,no_volume,0,0,0,0,0,0,1142228,990786,-0.071,80387,161381,21,33,65,64,1
1774103783,64,35,0,0,0,0,no_volume,0,0,0,0,no_volume,0,0,0,0,no_volume,0,0,0,0,0,0,1142835,990786,-0.0713,0,161988,21,33,65,64,1
1774103784,64,35,0,0,0,0,no_volume,0,0,0,0,no_volume,0,0,0,0,no_volume,0,0,0,0,0,0,1061841,990786,-0.0346,-80994,80994,21,33,65,64,1
1774103785,64,35,0,0,0,0,no_volume,0,0,0,0,no_volume,0,0,0,0,no_volume,0,0,0,0,0,0,1061841,990786,-0.0346,-80387,80994,21,33,65,64,1
1774103786,64,35,0,0,0,0,no_volume,0,0,0,0,no_volume,0,0,0,0,no_volume,0,0,0,0,0,0,1061841,990786,-0.0346,-80994,50994,21,33,65,64,1
1774103787,64,35,0,0,0,0,no_volume,0,0,0,0,no_volume,0,0,0,0,no_volume,0,0,0,0,0,0,1142835,990786,-0.0713,80994,161988,21,33,65,64,1
1774103788,64,35,0,0,0,0,low_activity,0,0,0,0,low_activity,0,0,0,0,low_activity,0,0,0,0,0,0,1142775,990786,-0.0712,80934,161928,21,33,65,64,1
1774103789,64,35,0,0,0,0,low_activity,0,0,0,0,low_activity,0,0,0,0,low_activity,0,0,0,0,0,0,1215124,990761,-0.1017,153283,153283,21,33,65,64,1
1774103790,64,35,0,0,0,0,low_activity,0,0,0,0,low_activity,0,0,0,0,low_activity,0,0,0,0,0,0,1215124,990761,-0.1017,72289,72289,21,33,65,64,1
1774103791,64,35,0,0,0,0,no_volume,0,0,0,0,low_activity,0,0,0,0,low_activity,0,0,0,0,0,0,1142775,986073,-0.0736,0,-60,21,33,65,64,1
1774103792,64,35,0,0,0,0,no_volume,0,0,0,0,low_activity,0,0,0,0,low_activity,0,0,0,0,0,0,1134714,986073,-0.0701,-80410,-7514,21,33,65,64,1
1774103793,64,35,0,0,0,0,no_volume,0,0,0,0,no_volume,0,0,0,0,low_activity,0,0,0,0,0,0,1134714,980796,-0.0728,-80410,-8121,21,33,65,64,1
1774103794,64,35,0,0,0,0,no_volume,0,0,0,0,no_volume,0,0,0,0,low_activity,0,0,0,0,0,0,1134714,980796,-0.0728,-8061,72873,21,33,65,64,1
1774103795,64,35,0,0,0,0,no_volume,0,0,0,0,no_volume,0,0,0,0,low_activity,0,0,0,0,0,0,981375,986073,0.0024,-153339,-80466,21,33,65,64,1
1774103796,64,35,0,0,0,0,no_volume,0,0,0,0,no_volume,0,0,0,0,low_activity,0,0,0,0,0,0,981375,986073,0.0024,-153339,-80466,21,33,65,64,1
1774103797,64,35,0,0,0,0,no_volume,0,0,0,0,no_volume,0,0,0,0,low_activity,0,0,0,0,0,0,981375,980796,-0.0003,-153339,-161460,21,33,65,64,1
1774103798,64,35,0,0,0,0,no_volume,0,0,0,0,no_volume,0,0,0,0,low_activity,0,0,0,0,0,0,981375,980796,-0.0003,0,-161400,21,33,65,64,1
1774103799,64,35,0,0,0,0,no_volume,0,0,0,0,no_volume,0,0,0,0,low_activity,0,0,0,0,0,0,1069144,980796,-0.0431,87769,-145980,21,33,65,64,1
1774103800,64,35,0,0,0,0,no_volume,0,0,0,0,no_volume,0,0,0,0,low_activity,0,0,0,0,0,0,1069144,980796,-0.0431,87769,-145980,21,33,65,64,1
1774103801,64,35,0,0,0,0,no_volume,0,0,0,0,no_volume,0,0,0,0,low_activity,0,0,0,0,0,0,1069144,980796,-0.0431,87769,-73631,21,33,65,64,1
1774103802,64,35,0,0,0,0,no_volume,0,0,0,0,no_volume,0,0,0,0,low_activity,0,0,0,0,0,0,1224188,980796,-0.1104,155044,89474,21,33,65,64,1
1774103803,64,35,0,0,0,0,no_volume,0,0,0,0,no_volume,0,0,0,0,low_activity,0,0,0,0,0,0,1224188,980796,-0.1104,155044,89474,21,33,65,64,1
1774103804,64,35,0,0,0,0,no_volume,0,0,0,0,no_volume,0,0,0,0,low_activity,0,0,0,0,0,0,1062556,980796,-0.04,-6588,-72158,21,33,65,64,1
1774103805,64,35,0,0,0,0,no_volume,0,0,0,0,no_volume,0,0,0,0,low_activity,0,0,0,0,0,0,1062556,980796,-0.04,-161632,81181,21,33,65,64,1
1774103806,64,35,0,0,0,0,no_volume,0,0,0,0,no_volume,0,0,0,0,low_activity,0,0,0,0,0,0,1062556,980796,-0.04,-161632,81181,21,33,65,64,1
1774103807,64,35,0,0,0,0,no_volume,0,0,0,0,no_volume,0,0,0,0,low_activity,0,0,0,0,0,0,1062556,980796,-0.04,0,81181,21,33,65,64,1
1774103808,64,35,0,0,0,0,no_volume,0,0,0,0,no_volume,0,0,0,0,low_activity,0,0,0,0,0,0,1062556,980796,-0.04,0,81181,21,33,65,64,1
1774103809,64,35,0,0,0,0,no_volume,0,0,0,0,no_volume,0,0,0,0,low_activity,0,0,0,0,0,0,1140403,980796,-0.0752,77847,71259,21,33,65,64,1
1774103810,64,35,0,0,0,0,no_volume,0,0,0,0,no_volume,0,0,0,0,low_activity,0,0,0,0,0,0,1139796,980796,-0.075,77240,70652,21,33,65,64,1
1774103811,64,35,0,0,0,0,no_volume,0,0,0,0,no_volume,0,0,0,0,low_activity,0,0,0,0,0,0,1140403,980821,-0.0752,77847,71259,21,33,65,64,1
1774103812,64,35,0,0,0,0,no_volume,0,0,0,0,no_volume,0,0,0,0,low_activity,0,0,0,0,0,0,1220809,980821,-0.109,80406,-3379,21,33,65,64,1
1774103813,64,35,0,0,0,0,no_volume,0,0,0,0,no_volume,0,0,0,0,low_activity,0,0,0,0,0,0,1220202,980821,-0.1088,80406,-3986,21,33,65,64,1
1774103814,64,35,0,0,0,0,no_volume,0,0,0,0,no_volume,0,0,0,0,low_activity,0,0,0,0,0,0,1137503,980821,-0.074,-2900,74947,21,33,65,64,1
1774103815,64,35,0,0,0,0,no_volume,0,0,0,0,no_volume,0,0,0,0,low_activity,0,0,0,0,0,0,1137503,980821,-0.074,-83306,74947,21,33,65,64,1
1774103816,64,35,0,0,0,0,no_volume,0,0,0,0,no_volume,0,0,0,0,low_activity,0,0,0,0,0,0,1057097,980821,-0.0374,-163105,-5459,21,33,65,64,1
1774103817,64,35,0,0,0,0,low_activity,0,0,0,0,low_activity,0,0,0,0,low_activity,0,0,0,0,0,0,1056856,980821,-0.0373,-80647,-5700,21,33,65,64,1
1774103818,64,35,0,0,0,0,low_activity,0,0,0,0,low_activity,0,0,0,0,low_activity,0,0,0,0,0,0,1056856,980821,-0.0373,-80647,-5700,21,33,65,64,1
1774103819,64,35,0,0,0,0,low_activity,0,0,0,0,low_activity,0,0,0,0,low_activity,0,0,0,0,0,0,1057463,980821,-0.0376,366,-82940,21,33,65,64,1
1774103820,64,35,0,0,0,0,no_volume,0,0,0,0,low_activity,0,0,0,0,low_activity,0,0,0,0,0,0,1057463,980821,-0.0376,607,-82333,21,33,65,64,1
1774103821,64,35,0,0,0,0,no_volume,0,0,0,0,low_activity,0,0,0,0,low_activity,0,0,0,0,0,0,1059756,980821,-0.0387,2900,-80647,21,33,65,64,1
1774103822,64,35,0,0,0,0,no_volume,0,0,0,0,no_volume,0,0,0,0,low_activity,0,0,0,0,0,0,1132101,980821,-0.0716,74638,-88708,21,33,65,64,1
1774103823,64,35,0,0,0,0,no_volume,0,0,0,0,no_volume,0,0,0,0,low_activity,0,0,0,0,0,0,1132101,980821,-0.0716,74638,-88101,21,33,65,64,1
1774103824,64,35,0,0,0,0,no_volume,0,0,0,0,no_volume,0,0,0,0,low_activity,0,0,0,0,0,0,1132101,980821,-0.0716,72345,-5402,21,33,65,64,1
1774103825,64,35,0,0,0,0,no_volume,0,0,0,0,no_volume,0,0,0,0,low_activity,0,0,0,0,0,0,1132101,980821,-0.0716,0,-5402,21,33,65,64,1
1774103826,64,35,0,0,0,0,no_volume,0,0,0,0,no_volume,0,0,0,0,low_activity,0,0,0,0,0,0,1132101,980821,-0.0716,0,75004,21,33,65,64,1
1774103827,64,35,0,0,0,0,no_volume,0,0,0,0,no_volume,0,0,0,0,low_activity,0,0,0,0,0,0,1132708,980821,-0.0719,607,75852,21,33,65,64,1
1774103828,64,35,0,0,0,0,no_volume,0,0,0,0,no_volume,0,0,0,0,low_activity,0,0,0,0,0,0,1132101,980821,-0.0716,0,75245,21,33,65,64,1
1774103829,64,35,0,0,0,0,no_volume,0,0,0,0,no_volume,0,0,0,0,low_activity,0,0,0,0,0,0,1132101,980821,-0.0716,0,74638,21,33,65,64,1
1774103830,64,35,0,0,0,0,no_volume,0,0,0,0,no_volume,0,0,0,0,low_activity,0,0,0,0,0,0,1117353,980214,-0.0654,-15355,59890,21,33,65,64,1
1774103831,64,35,0,0,0,0,no_volume,0,0,0,0,no_volume,0,0,0,0,low_activity,0,0,0,0,0,0,1117353,980821,-0.0651,-14748,57597,21,33,65,64,1
1774103832,64,35,0,0,0,0,no_volume,0,0,0,0,no_volume,0,0,0,0,low_activity,0,0,0,0,0,0,1117353,980821,-0.0651,-14748,-14748,21,33,65,64,1
1774103833,64,35,0,0,0,0,no_volume,0,0,0,0,no_volume,0,0,0,0,low_activity,0,0,0,0,0,0,1117353,980821,-0.0651,0,-14748,21,33,65,64,1
1774103834,64,35,0,0,0,0,no_volume,0,0,0,0,no_volume,0,0,0,0,low_activity,0,0,0,0,0,0,1117353,980821,-0.0651,0,-14748,21,33,65,64,1
1774103835,64,35,0,0,0,0,low_activity,0,0,0,0,low_activity,0,0,0,0,low_activity,0,0,0,0,0,0,1117352,980214,-0.0654,-1,-14749,21,33,65,64,1
1774103836,64,35,0,0,0,0,low_activity,0,0,0,0,low_activity,0,0,0,0,low_activity,0,0,0,0,0,0,1117352,980247,-0.0654,-1,-14749,21,33,65,64,1
1774103837,64,35,0,0,0,0,low_activity,0,0,0,0,low_activity,0,0,0,0,low_activity,0,0,0,0,0,0,1147352,980214,-0.0786,29999,14644,21,33,65,64,1
1774103838,64,35,0,0,0,0,no_volume,0,0,0,0,low_activity,0,0,0,0,low_activity,0,0,0,0,0,0,1147352,980214,-0.0786,30000,15251,21,33,65,64,1
1774103839,64,35,0,0,0,0,no_volume,0,0,0,0,low_activity,0,0,0,0,low_activity,0,0,0,0,0,0,1147352,980821,-0.0783,30000,15251,21,33,65,64,1
1774103840,64,35,0,0,0,0,no_volume,0,0,0,0,no_volume,0,0,0,0,low_activity,0,0,0,0,0,0,1147352,980821,-0.0783,0,29999,21,33,65,64,1
1774103841,64,35,0,0,0,0,no_volume,0,0,0,0,no_volume,0,0,0,0,low_activity,0,0,0,0,0,0,1117352,980821,-0.0651,-30000,-1,21,33,65,64,1
1774103842,64,35,0,0,0,0,no_volume,0,0,0,0,no_volume,0,0,0,0,low_activity,0,0,0,0,0,0,1117352,980821,-0.0651,-30000,-1,21,33,65,64,1
1774103843,64,35,0,0,0,0,no_volume,0,0,0,0,no_volume,0,0,0,0,low_activity,0,0,0,0,0,0,1110855,980821,-0.0622,-36497,-6498,21,33,65,64,1
1774103844,64,35,0,0,0,0,no_volume,0,0,0,0,no_volume,0,0,0,0,low_activity,0,0,0,0,0,0,1110855,980821,-0.0622,-6497,-6498,21,33,65,64,1
1774103845,64,35,0,0,0,0,no_volume,0,0,0,0,no_volume,0,0,0,0,low_activity,0,0,0,0,0,0,1100530,980821,-0.0575,-16822,-16822,21,33,65,64,1
1774103846,64,35,0,0,0,0,low_activity,0,0,0,0,low_activity,0,0,0,0,low_activity,0,0,0,0,0,0,1100527,980821,-0.0575,-10328,-16825,21,33,65,64,1
1774103847,64,35,0,0,0,0,low_activity,0,0,0,0,low_activity,0,0,0,0,low_activity,0,0,0,0,0,0,1088511,980821,-0.052,-22344,-58841,21,33,65,64,1
1774103848,64,35,0,0,0,0,low_activity,0,0,0,0,low_activity,0,0,0,0,low_activity,0,0,0,0,0,0,1030914,980821,-0.0249,-69616,-116438,21,33,65,64,1
1774103849,64,35,0,0,0,0,no_volume,0,0,0,0,low_activity,0,0,0,0,low_activity,0,0,0,0,0,0,1030914,980821,-0.0249,-69613,-116438,21,33,65,64,1
1774103850,64,35,0,0,0,0,no_volume,0,0,0,0,low_activity,0,0,0,0,low_activity,0,0,0,0,0,0,1029960,986098,-0.0218,-58551,-117392,21,33,65,64,1
1774103851,64,35,0,0,0,0,no_volume,0,0,0,0,no_volume,0,0,0,0,low_activity,0,0,0,0,0,0,1029960,986098,-0.0218,-954,-87392,21,33,65,64,1
1774103852,64,35,0,0,0,0,no_volume,0,0,0,0,no_volume,0,0,0,0,low_activity,0,0,0,0,0,0,1029960,986098,-0.0218,-954,-87392,21,33,65,64,1
1774103853,64,35,0,0,0,0,no_volume,0,0,0,0,no_volume,0,0,0,0,low_activity,0,0,0,0,0,0,1029960,980821,-0.0244,0,-80895,21,33,65,64,1
1774103854,64,35,0,0,0,0,no_volume,0,0,0,0,no_volume,0,0,0,0,low_activity,0,0,0,0,0,0,1029960,980821,-0.0244,0,-80895,21,33,65,64,1
1774103855,64,35,0,0,0,0,no_volume,0,0,0,0,no_volume,0,0,0,0,low_activity,0,0,0,0,0,0,1029960,980821,-0.0244,0,-70570,21,33,65,64,1
1774103856,64,35,0,0,0,0,no_volume,0,0,0,0,no_volume,0,0,0,0,low_activity,0,0,0,0,0,0,1040280,986098,-0.0267,10320,-60247,21,33,65,64,1
1774103857,64,35,0,0,0,0,no_volume,0,0,0,0,no_volume,0,0,0,0,low_activity,0,0,0,0,0,0,1040280,986098,-0.0267,10320,-48231,21,33,65,64,1
1774103858,64,35,0,0,0,0,no_volume,0,0,0,0,no_volume,0,0,0,0,low_activity,0,0,0,0,0,0,1040280,980776,-0.0294,10320,9366,21,33,65,64,1
1774103859,64,35,0,0,0,0,no_volume,0,0,0,0,no_volume,0,0,0,0,low_activity,0,0,0,0,0,0,1040280,980776,-0.0294,0,9366,21,33,65,64,1
1774103860,64,35,0,0,0,0,no_volume,0,0,0,0,no_volume,0,0,0,0,low_activity,0,0,0,0,0,0,1040280,980776,-0.0294,0,10320,21,33,65,64,1
1774103861,64,35,0,0,0,0,low_activity,0,0,0,0,low_activity,0,0,0,0,low_activity,0,0,0,0,0,0,1040243,980776,-0.0294,-37,10283,21,33,65,64,1
1774103862,64,35,0,0,0,0,low_activity,0,0,0,0,low_activity,0,0,0,0,low_activity,0,0,0,0,0,0,1040821,980776,-0.0297,541,10861,21,33,65,64,1
1774103863,64,35,0,0,0,0,low_activity,0,0,0,0,low_activity,0,0,0,0,low_activity,0,0,0,0,0,0,1066411,978352,-0.0431,26131,36451,21,33,65,64,1
1774103864,64,35,0,0,0,0,no_volume,0,0,0,0,low_activity,0,0,0,0,low_activity,0,0,0,0,0,0,1055513,978352,-0.0379,15270,25553,21,33,65,64,1
1774103865,64,35,0,0,0,0,low_activity,0,0,0,0,low_activity,0,0,0,0,low_activity,0,0,0,0,0,0,1055499,978385,-0.0379,14678,25539,21,33,65,64,1
1774103866,64,35,0,0,0,0,low_activity,0,0,0,0,low_activity,0,0,0,0,low_activity,0,0,0,0,0,0,1055499,978385,-0.0379,-10912,15219,21,33,65,64,1
1774103867,64,35,0,0,0,0,low_activity,0,0,0,0,low_activity,0,0,0,0,low_activity,0,0,0,0,0,0,1055499,978385,-0.0379,-14,15219,21,33,65,64,1
1774103868,64,35,0,0,0,0,no_volume,0,0,0,0,low_activity,0,0,0,0,low_activity,0,0,0,0,0,0,1055454,978365,-0.0379,-45,15174,21,33,65,64,1
1774103869,64,35,0,0,0,0,no_volume,0,0,0,0,low_activity,0,0,0,0,low_activity,0,0,0,0,0,0,1076672,978365,-0.0478,21173,36392,21,33,65,64,1
1774103870,64,35,0,0,0,0,no_volume,0,0,0,0,no_volume,0,0,0,0,low_activity,0,0,0,0,0,0,1076672,978365,-0.0478,21173,36392,21,33,65,64,1
1774103871,64,35,0,0,0,0,no_volume,0,0,0,0,no_volume,0,0,0,0,low_activity,0,0,0,0,0,0,1076672,978365,-0.0478,21218,36429,21,33,65,64,1
1774103872,64,35,0,0,0,0,no_volume,0,0,0,0,no_volume,0,0,0,0,low_activity,0,0,0,0,0,0,1076672,978365,-0.0478,0,35851,21,33,65,64,1
1774103873,64,35,0,0,0,0,no_volume,0,0,0,0,no_volume,0,0,0,0,low_activity,0,0,0,0,0,0,1076514,978365,-0.0478,-158,10103,21,33,65,64,1
1774103874,64,35,0,0,0,0,no_volume,0,0,0,0,no_volume,0,0,0,0,low_activity,0,0,0,0,0,0,1152514,1030365,-0.056,75842,97001,23,34,65,64,1
1774103875,64,35,0,0,0,0,no_volume,0,0,0,0,no_volume,0,0,0,0,low_activity,0,0,0,0,0,0,1152514,1012126,-0.0649,75842,97015,23,34,65,64,1
1774103876,64,35,0,0,0,0,no_volume,0,0,0,0,no_volume,0,0,0,0,low_activity,0,0,0,0,0,0,1152514,1025342,-0.0584,76000,97015,23,34,65,64,1
1774103877,64,35,0,0,0,0,no_volume,0,0,0,0,no_volume,0,0,0,0,low_activity,0,0,0,0,0,0,1131296,1025342,-0.0491,-21218,75797,23,34,65,64,1
1774103878,64,35,0,0,0,0,no_volume,0,0,0,0,no_volume,0,0,0,0,low_activity,0,0,0,0,0,0,1131296,1025342,-0.0491,-21218,75842,23,34,65,64,1
1774103879,64,35,0,0,0,0,no_volume,0,0,0,0,no_volume,0,0,0,0,low_activity,0,0,0,0,0,0,1131296,1025342,-0.0491,-21218,54624,23,34,65,64,1
1774103880,64,35,0,0,0,0,no_volume,0,0,0,0,no_volume,0,0,0,0,low_activity,0,0,0,0,0,0,1131296,1025342,-0.0491,0,54624,23,34,65,64,1
1774103881,64,35,0,0,0,0,no_volume,0,0,0,0,no_volume,0,0,0,0,low_activity,0,0,0,0,0,0,1131296,1025342,-0.0491,0,54624,23,34,65,64,1
1774103882,64,35,0,0,0,0,no_volume,0,0,0,0,no_volume,0,0,0,0,low_activity,0,0,0,0,0,0,1131296,1030618,-0.0466,0,54624,23,34,65,64,1
1774103883,64,35,0,0,0,0,no_volume,0,0,0,0,no_volume,0,0,0,0,low_activity,0,0,0,0,0,0,1131296,1030618,-0.0466,0,54782,23,34,65,64,1
1774103884,64,35,0,0,0,0,no_volume,0,0,0,0,no_volume,0,0,0,0,low_activity,0,0,0,0,0,0,1131296,1025341,-0.0491,0,-21218,23,34,65,64,1
1774103885,64,35,0,0,0,0,no_volume,0,0,0,0,no_volume,0,0,0,0,low_activity,0,0,0,0,0,0,1131296,1025341,-0.0491,0,-21218,23,34,65,64,1
1774103886,64,35,0,0,0,0,no_volume,0,0,0,0,no_volume,0,0,0,0,low_activity,0,0,0,0,0,0,1131296,1030618,-0.0466,0,-21218,23,34,65,64,1
1774103887,64,35,0,0,0,0,no_volume,0,0,0,0,no_volume,0,0,0,0,low_activity,0,0,0,0,0,0,1131296,1025341,-0.0491,0,0,23,34,65,64,1
1774103888,64,35,0,0,0,0,no_volume,0,0,0,0,no_volume,0,0,0,0,low_activity,0,0,0,0,0,0,1131296,1025341,-0.0491,0,0,23,34,65,64,1
1774103889,64,35,0,0,0,0,no_volume,0,0,0,0,no_volume,0,0,0,0,low_activity,0,0,0,0,0,0,1131296,1025341,-0.0491,0,0,23,34,65,64,1
1774103890,64,35,0,0,0,0,no_volume,0,0,0,0,no_volume,0,0,0,0,low_activity,0,0,0,0,0,0,1131296,1025341,-0.0491,0,0,23,34,65,64,1
1774103891,64,35,0,0,0,0,low_activity,0,0,0,0,low_activity,0,0,0,0,low_activity,0,0,0,0,0,0,1130937,1025374,-0.049,-359,-359,23,34,65,64,1
1774103892,64,35,0,0,0,0,low_activity,0,0,0,0,low_activity,0,0,0,0,low_activity,0,0,0,0,0,0,1130937,1025374,-0.049,-359,-359,23,34,65,64,1
1774103893,64,35,0,0,0,0,low_activity,0,0,0,0,low_activity,0,0,0,0,low_activity,0,0,0,0,0,0,1152178,1025341,-0.0582,20882,20882,23,34,65,64,1
1774103894,64,35,0,0,0,0,no_volume,0,0,0,0,low_activity,0,0,0,0,low_activity,0,0,0,0,0,0,1152178,1025341,-0.0582,21241,20882,23,34,65,64,1
1774103895,64,35,0,0,0,0,no_volume,0,0,0,0,low_activity,0,0,0,0,low_activity,0,0,0,0,0,0,1152178,1025341,-0.0582,21241,20882,23,34,65,64,1
1774103896,64,35,0,0,0,0,no_volume,0,0,0,0,no_volume,0,0,0,0,low_activity,0,0,0,0,0,0,1173395,1025341,-0.0673,21217,42099,23,34,65,64,1
1774103897,64,35,0,0,0,0,no_volume,0,0,0,0,no_volume,0,0,0,0,low_activity,0,0,0,0,0,0,1203395,1025341,-0.0799,51217,72099,23,34,65,64,1
1774103898,64,35,0,0,0,0,no_volume,0,0,0,0,no_volume,0,0,0,0,low_activity,0,0,0,0,0,0,1203395,1025341,-0.0799,51217,72099,23,34,65,64,1
1774103899,64,35,0,0,0,0,no_volume,0,0,0,0,no_volume,0,0,0,0,low_activity,0,0,0,0,0,0,1202982,1025341,-0.0797,29587,71686,23,34,65,64,1
1774103900,64,35,0,0,0,0,no_volume,0,0,0,0,no_volume,0,0,0,0,low_activity,0,0,0,0,0,0,1181741,1025341,-0.0709,-21654,50445,23,34,65,64,1
1774103901,64,35,0,0,0,0,no_volume,0,0,0,0,no_volume,0,0,0,0,low_activity,0,0,0,0,0,0,1151741,1025341,-0.0581,-51654,20804,23,34,65,64,1
1774103902,64,35,0,0,0,0,no_volume,0,0,0,0,no_volume,0,0,0,0,low_activity,0,0,0,0,0,0,1151741,1025341,-0.0581,-51241,20804,23,34,65,64,1
1774103903,64,35,0,0,0,0,no_volume,0,0,0,0,no_volume,0,0,0,0,low_activity,0,0,0,0,0,0,1151741,1025341,-0.0581,-30000,-437,23,34,65,64,1
1774103904,64,35,0,0,0,0,no_volume,0,0,0,0,no_volume,0,0,0,0,low_activity,0,0,0,0,0,0,1151741,1025341,-0.0581,0,-437,23,34,65,64,1
1774103905,64,35,0,0,0,0,no_volume,0,0,0,0,no_volume,0,0,0,0,low_activity,0,0,0,0,0,0,1068966,1025341,-0.0208,-82775,-83212,23,34,65,64,1
1774103906,64,35,0,0,0,0,no_volume,0,0,0,0,no_volume,0,0,0,0,low_activity,0,0,0,0,0,0,1068966,1025341,-0.0208,-82775,-104429,23,34,65,64,1
1774103907,64,35,0,0,0,0,no_volume,0,0,0,0,no_volume,0,0,0,0,low_activity,0,0,0,0,0,0,1068966,1025341,-0.0208,-82775,-134429,23,34,65,64,1
1774103908,64,35,0,0,0,0,no_volume,0,0,0,0,no_volume,0,0,0,0,low_activity,0,0,0,0,0,0,1068966,1025341,-0.0208,0,-134429,23,34,65,64,1
1774103909,64,35,0,0,0,0,no_volume,0,0,0,0,no_volume,0,0,0,0,low_activity,0,0,0,0,0,0,1068966,1025341,-0.0208,0,-134016,23,34,65,64,1
1774103910,64,35,0,0,0,0,no_volume,0,0,0,0,no_volume,0,0,0,0,low_activity,0,0,0,0,0,0,1068966,1025341,-0.0208,0,-112775,23,34,65,64,1
1774103911,64,35,0,0,0,0,no_volume,0,0,0,0,no_volume,0,0,0,0,low_activity,0,0,0,0,0,0,1068966,1025341,-0.0208,0,-82775,23,34,65,64,1
1774103912,64,35,0,0,0,0,no_volume,0,0,0,0,no_volume,0,0,0,0,low_activity,0,0,0,0,0,0,1151665,1025341,-0.058,82699,-76,23,34,65,64,1
1774103913,64,35,0,0,0,0,no_volume,0,0,0,0,no_volume,0,0,0,0,low_activity,0,0,0,0,0,0,1151665,1025341,-0.058,82699,-76,23,34,65,64,1
1774103914,64,35,0,0,0,0,no_volume,0,0,0,0,no_volume,0,0,0,0,low_activity,0,0,0,0,0,0,1151665,1025341,-0.058,82699,-76,23,34,65,64,1
1774103915,64,35,0,0,0,0,no_volume,0,0,0,0,no_volume,0,0,0,0,low_activity,0,0,0,0,0,0,1151665,1025341,-0.058,0,82699,23,34,65,64,1
1774103916,64,35,0,0,0,0,no_volume,0,0,0,0,no_volume,0,0,0,0,low_activity,0,0,0,0,0,0,1151665,1024522,-0.0584,0,82699,23,34,65,64,1
1774103917,64,35,0,0,0,0,no_volume,0,0,0,0,no_volume,0,0,0,0,low_activity,0,0,0,0,0,0,1151665,1024522,-0.0584,0,82699,23,34,65,64,1
1774103918,64,35,0,0,0,0,no_volume,0,0,0,0,no_volume,0,0,0,0,low_activity,0,0,0,0,0,0,1151665,1024522,-0.0584,0,82699,23,34,65,64,1
1774103919,64,35,0,0,0,0,no_volume,0,0,0,0,no_volume,0,0,0,0,low_activity,0,0,0,0,0,0,1151665,1024522,-0.0584,0,82699,23,34,65,64,1
1774103920,64,35,0,0,0,0,no_volume,0,0,0,0,no_volume,0,0,0,0,low_activity,0,0,0,0,0,0,1151665,1024522,-0.0584,0,82699,23,34,65,64,1
1774103921,64,35,0,0,0,0,no_volume,0,0,0,0,no_volume,0,0,0,0,no_volume,0,0,0,0,0,0,1151665,1024522,-0.0584,0,82699,23,34,65,64,1
1774103922,64,35,0,0,0,0,no_volume,0,0,0,0,no_volume,0,0,0,0,no_volume,0,0,0,0,0,0,1151665,1024522,-0.0584,0,0,23,34,65,64,1
1774103923,64,35,0,0,0,0,no_volume,0,0,0,0,no_volume,0,0,0,0,no_volume,0,0,0,0,0,0,1152078,1024522,-0.0586,413,413,23,34,65,64,1
1774103924,64,35,0,0,0,0,no_volume,0,0,0,0,no_volume,0,0,0,0,no_volume,0,0,0,0,0,0,1152078,1024522,-0.0586,413,413,23,34,65,64,1
1774103925,64,35,0,0,0,0,no_volume,0,0,0,0,no_volume,0,0,0,0,no_volume,0,0,0,0,0,0,1152078,1024522,-0.0586,413,413,23,34,65,64,1
1774103926,64,35,0,0,0,0,low_activity,0,0,0,0,low_activity,0,0,0,0,low_activity,0,0,0,0,0,0,1151978,1024522,-0.0586,-100,313,23,34,65,64,1
1774103927,64,35,0,0,0,0,low_activity,0,0,0,0,low_activity,0,0,0,0,low_activity,0,0,0,0,0,0,1151978,1024522,-0.0586,-100,313,23,34,65,64,1
1774103928,64,35,0,0,0,0,low_activity,0,0,0,0,low_activity,0,0,0,0,low_activity,0,0,0,0,0,0,1151565,1024522,-0.0584,-513,-100,23,34,65,64,1
1774103929,64,35,0,0,0,0,no_volume,0,0,0,0,low_activity,0,0,0,0,low_activity,0,0,0,0,0,0,1151565,1015225,-0.0629,-413,-100,23,34,65,64,1
1774103930,64,35,0,0,0,0,no_volume,0,0,0,0,low_activity,0,0,0,0,low_activity,0,0,0,0,0,0,1151565,1015225,-0.0629,-413,-100,23,34,65,64,1
1774103931,64,35,0,0,0,0,no_volume,0,0,0,0,no_volume,0,0,0,0,low_activity,0,0,0,0,0,0,1151565,1015225,-0.0629,0,-100,23,34,65,64,1
1774103932,64,35,0,0,0,0,no_volume,0,0,0,0,no_volume,0,0,0,0,low_activity,0,0,0,0,0,0,1151565,1015225,-0.0629,0,-100,23,34,65,64,1
1774103933,64,35,0,0,0,0,no_volume,0,0,0,0,no_volume,0,0,0,0,low_activity,0,0,0,0,0,0,1151565,1015225,-0.0629,0,-513,23,34,65,64,1
1774103934,64,35,0,0,0,0,no_volume,0,0,0,0,no_volume,0,0,0,0,low_activity,0,0,0,0,0,0,1151565,1015225,-0.0629,0,-513,23,34,65,64,1
1774103935,64,35,0,0,0,0,no_volume,0,0,0,0,no_volume,0,0,0,0,low_activity,0,0,0,0,0,0,1151565,1015225,-0.0629,0,-513,23,34,65,64,1
1774103936,64,35,0,0,0,0,low_activity,0,0,0,0,low_activity,0,0,0,0,low_activity,0,0,0,0,0,0,1151551,1015225,-0.0629,-14,-427,23,34,65,64,1
1774103937,64,35,0,0,0,0,low_activity,0,0,0,0,low_activity,0,0,0,0,low_activity,0,0,0,0,0,0,1151551,1015225,-0.0629,-14,-427,23,34,65,64,1
1774103938,64,35,0,0,0,0,low_activity,0,0,0,0,low_activity,0,0,0,0,low_activity,0,0,0,0,0,0,1151551,1015225,-0.0629,-14,-14,23,34,65,64,1
1774103939,64,35,0,0,0,0,no_volume,0,0,0,0,low_activity,0,0,0,0,low_activity,0,0,0,0,0,0,1151551,1015225,-0.0629,0,-14,23,34,65,64,1
1774103940,64,35,0,0,0,0,no_volume,0,0,0,0,low_activity,0,0,0,0,low_activity,0,0,0,0,0,0,1151551,1015225,-0.0629,0,-14,23,34,65,64,1
1774103941,64,35,0,0,0,0,no_volume,0,0,0,0,no_volume,0,0,0,0,low_activity,0,0,0,0,0,0,1151551,1015225,-0.0629,0,-14,23,34,65,64,1
1774103942,64,35,0,0,0,0,no_volume,0,0,0,0,no_volume,0,0,0,0,low_activity,0,0,0,0,0,0,1151551,1015225,-0.0629,0,-14,23,34,65,64,1
1774103943,64,35,0,0,0,0,low_activity,0,0,0,0,low_activity,0,0,0,0,low_activity,0,0,0,0,0,0,1151477,1020502,-0.0603,-74,-88,23,34,65,64,1
1774103944,64,35,0,0,0,0,low_activity,0,0,0,0,low_activity,0,0,0,0,low_activity,0,0,0,0,0,0,1157031,1020502,-0.0627,5480,5466,23,34,65,64,1
1774103945,64,35,0,0,0,0,low_activity,0,0,0,0,low_activity,0,0,0,0,low_activity,0,0,0,0,0,0,1157031,1015225,-0.0653,5480,5466,23,34,65,64,1
1774103946,64,35,0,0,0,0,no_volume,0,0,0,0,low_activity,0,0,0,0,low_activity,0,0,0,0,0,0,1157031,1015225,-0.0653,5554,5480,23,34,65,64,1
1774103947,64,35,0,0,0,0,no_volume,0,0,0,0,low_activity,0,0,0,0,low_activity,0,0,0,0,0,0,1157031,1020502,-0.0627,0,5480,23,34,65,64,1
1774103948,64,35,0,0,0,0,no_volume,0,0,0,0,no_volume,0,0,0,0,low_activity,0,0,0,0,0,0,1157031,1020502,-0.0627,0,5480,23,34,65,64,1
1774103949,64,35,0,0,0,0,no_volume,0,0,0,0,no_volume,0,0,0,0,low_activity,0,0,0,0,0,0,1156914,1015225,-0.0652,-117,5363,23,34,65,64,1
1774103950,64,35,0,0,0,0,no_volume,0,0,0,0,no_volume,0,0,0,0,low_activity,0,0,0,0,0,0,1156914,1015225,-0.0652,-117,5363,23,34,65,64,1
1774103951,64,35,0,0,0,0,no_volume,0,0,0,0,no_volume,0,0,0,0,low_activity,0,0,0,0,0,0,1156914,1020502,-0.0626,-117,5363,23,34,65,64,1
1774103952,64,35,0,0,0,0,no_volume,0,0,0,0,no_volume,0,0,0,0,low_activity,0,0,0,0,0,0,1156914,1020502,-0.0626,0,5363,23,34,65,64,1
1774103953,64,35,0,0,0,0,low_activity,0,0,0,0,low_activity,0,0,0,0,low_activity,0,0,0,0,0,0,1156870,1015225,-0.0652,-44,5393,23,34,65,64,1
1774103954,64,35,0,0,0,0,low_activity,0,0,0,0,low_activity,0,0,0,0,low_activity,0,0,0,0,0,0,1156870,1015225,-0.0652,-44,-161,23,34,65,64,1
1774103955,64,35,0,0,0,0,low_activity,0,0,0,0,low_activity,0,0,0,0,low_activity,0,0,0,0,0,0,1156870,1020502,-0.0626,-44,-161,23,34,65,64,1
1774103956,64,35,0,0,0,0,no_volume,0,0,0,0,low_activity,0,0,0,0,low_activity,0,0,0,0,0,0,1181548,1055637,-0.0563,24678,24517,23,35,65,64,1
1774103957,64,35,0,0,0,0,no_volume,0,0,0,0,low_activity,0,0,0,0,low_activity,0,0,0,0,0,0,1181548,1055637,-0.0563,24678,24517,23,35,65,64,1
1774103958,64,35,0,0,0,0,no_volume,0,0,0,0,no_volume,0,0,0,0,low_activity,0,0,0,0,0,0,1212657,1025318,-0.0837,55787,55626,23,34,65,64,1
1774103959,64,35,0,0,0,0,no_volume,0,0,0,0,no_volume,0,0,0,0,low_activity,0,0,0,0,0,0,1216657,1025318,-0.0853,35109,59743,23,34,65,64,1
1774103960,64,35,0,0,0,0,no_volume,0,0,0,0,no_volume,0,0,0,0,low_activity,0,0,0,0,0,0,1197658,1046401,-0.0674,16110,40744,23,35,65,64,1
1774103961,64,35,0,0,0,0,no_volume,0,0,0,0,no_volume,0,0,0,0,low_activity,0,0,0,0,0,0,1203014,1046401,-0.0696,-9643,46100,23,35,65,64,1
1774103962,64,35,0,0,0,0,no_volume,0,0,0,0,no_volume,0,0,0,0,low_activity,0,0,0,0,0,0,1203014,1046401,-0.0696,-13643,46100,23,35,65,64,1
1774103963,64,35,0,0,0,0,no_volume,0,0,0,0,no_volume,0,0,0,0,low_activity,0,0,0,0,0,0,1203014,1046401,-0.0696,5356,46144,23,35,65,64,1
1774103964,64,35,0,0,0,0,no_volume,0,0,0,0,no_volume,0,0,0,0,low_activity,0,0,0,0,0,0,1203014,1046401,-0.0696,0,46144,23,35,65,64,1
1774103965,64,35,0,0,0,0,low_activity,0,0,0,0,low_activity,0,0,0,0,low_activity,0,0,0,0,0,0,1203003,1046401,-0.0696,-11,46133,24,35,65,64,1
1774103966,64,35,0,0,0,0,low_activity,0,0,0,0,low_activity,0,0,0,0,low_activity,0,0,0,0,0,0,1197358,1025318,-0.0774,-5656,15810,23,34,65,64,1
1774103967,64,35,0,0,0,0,low_activity,0,0,0,0,low_activity,0,0,0,0,low_activity,0,0,0,0,0,0,1197358,1025318,-0.0774,-5656,15810,23,34,65,64,1
1774103968,64,35,0,0,0,0,no_volume,0,0,0,0,low_activity,0,0,0,0,low_activity,0,0,0,0,0,0,1197358,1025318,-0.0774,-5645,-15299,23,34,65,64,1
1774103969,64,35,0,0,0,0,no_volume,0,0,0,0,low_activity,0,0,0,0,low_activity,0,0,0,0,0,0,1212933,1046401,-0.0737,15575,-3724,23,35,65,64,1
1774103970,64,35,0,0,0,0,no_volume,0,0,0,0,no_volume,0,0,0,0,low_activity,0,0,0,0,0,0,1207577,1046401,-0.0715,10219,9919,23,35,65,64,1
1774103971,64,35,0,0,0,0,no_volume,0,0,0,0,no_volume,0,0,0,0,low_activity,0,0,0,0,0,0,1207577,1046401,-0.0715,10219,4563,23,35,65,64,1
1774103972,64,35,0,0,0,0,no_volume,0,0,0,0,no_volume,0,0,0,0,low_activity,0,0,0,0,0,0,1207577,1046401,-0.0715,-5356,4563,23,35,65,64,1
1774103973,64,35,0,0,0,0,no_volume,0,0,0,0,no_volume,0,0,0,0,low_activity,0,0,0,0,0,0,1197653,1046401,-0.0674,-9924,-5361,24,35,65,64,1
1774103974,64,35,0,0,0,0,no_volume,0,0,0,0,no_volume,0,0,0,0,low_activity,0,0,0,0,0,0,1197653,1039247,-0.0708,-9924,-5361,24,35,65,64,1
1774103975,64,35,0,0,0,0,no_volume,0,0,0,0,no_volume,0,0,0,0,low_activity,0,0,0,0,0,0,1197653,1039247,-0.0708,-9924,-5350,24,35,65,64,1
1774103976,64,35,0,0,0,0,no_volume,0,0,0,0,no_volume,0,0,0,0,low_activity,0,0,0,0,0,0,1197653,1044524,-0.0683,0,295,24,35,65,64,1
1774103977,64,35,0,0,0,0,no_volume,0,0,0,0,no_volume,0,0,0,0,low_activity,0,0,0,0,0,0,1207577,1044524,-0.0724,9924,10219,24,35,65,64,1
1774103978,64,35,0,0,0,0,low_activity,0,0,0,0,low_activity,0,0,0,0,low_activity,0,0,0,0,0,0,1113872,1023474,-0.0423,-83781,-83486,23,34,65,64,1
1774103979,64,35,0,0,0,0,low_activity,0,0,0,0,low_activity,0,0,0,0,low_activity,0,0,0,0,0,0,1113872,1018164,-0.0449,-83781,-99061,23,34,65,64,1
1774103980,64,35,0,0,0,0,low_activity,0,0,0,0,low_activity,0,0,0,0,low_activity,0,0,0,0,0,0,1113872,1018164,-0.0449,-93705,-93705,23,34,65,64,1
1774103981,64,35,0,0,0,0,no_volume,0,0,0,0,low_activity,0,0,0,0,low_activity,0,0,0,0,0,0,1113872,1018164,-0.0449,0,-93705,23,34,65,64,1
1774103982,64,35,0,0,0,0,no_volume,0,0,0,0,low_activity,0,0,0,0,low_activity,0,0,0,0,0,0,1113872,1018164,-0.0449,0,-93705,23,34,65,64,1
1774103983,64,35,0,0,0,0,no_volume,0,0,0,0,no_volume,0,0,0,0,low_activity,0,0,0,0,0,0,1207572,1039247,-0.0749,93700,9919,23,35,65,64,1
1774103984,64,35,0,0,0,0,no_volume,0,0,0,0,no_volume,0,0,0,0,low_activity,0,0,0,0,0,0,1207572,1039247,-0.0749,93700,9919,23,35,65,64,1
1774103985,64,35,0,0,0,0,no_volume,0,0,0,0,no_volume,0,0,0,0,low_activity,0,0,0,0,0,0,1207572,1039247,-0.0749,93700,9919,23,35,65,64,1
1774103986,64,35,0,0,0,0,no_volume,0,0,0,0,no_volume,0,0,0,0,low_activity,0,0,0,0,0,0,1207572,1039247,-0.0749,0,9919,23,35,65,64,1
1774103987,64,35,0,0,0,0,no_volume,0,0,0,0,no_volume,0,0,0,0,low_activity,0,0,0,0,0,0,1211364,1039247,-0.0765,3792,3787,24,35,65,64,1
1774103988,64,35,0,0,0,0,no_volume,0,0,0,0,no_volume,0,0,0,0,low_activity,0,0,0,0,0,0,1222678,1039247,-0.0811,15106,108806,24,35,65,64,1
1774103989,64,35,0,0,0,0,no_volume,0,0,0,0,no_volume,0,0,0,0,low_activity,0,0,0,0,0,0,1222678,1039247,-0.0811,15106,108806,24,35,65,64,1
1774103990,64,35,0,0,0,0,no_volume,0,0,0,0,no_volume,0,0,0,0,low_activity,0,0,0,0,0,0,1222678,1039247,-0.0811,11314,108806,24,35,65,64,1
1774103991,64,35,0,0,0,0,no_volume,0,0,0,0,no_volume,0,0,0,0,low_activity,0,0,0,0,0,0,1222678,1039247,-0.0811,0,108806,24,35,65,64,1
1774103992,64,35,0,0,0,0,no_volume,0,0,0,0,no_volume,0,0,0,0,low_activity,0,0,0,0,0,0,1139979,1039247,-0.0462,-82699,26107,24,35,65,64,1
1774103993,64,35,0,0,0,0,no_volume,0,0,0,0,no_volume,0,0,0,0,low_activity,0,0,0,0,0,0,1139979,1039247,-0.0462,-82699,-67593,24,35,65,64,1
1774103994,64,35,0,0,0,0,no_volume,0,0,0,0,no_volume,0,0,0,0,low_activity,0,0,0,0,0,0,1139979,1039247,-0.0462,-82699,-67593,24,35,65,64,1
1774103995,64,35,0,0,0,0,no_volume,0,0,0,0,no_volume,0,0,0,0,low_activity,0,0,0,0,0,0,1139979,1039247,-0.0462,0,-67593,24,35,65,64,1
1774103996,64,35,0,0,0,0,no_volume,0,0,0,0,no_volume,0,0,0,0,low_activity,0,0,0,0,0,0,1139979,1039247,-0.0462,0,-67593,24,35,65,64,1
1774103997,64,35,0,0,0,0,no_volume,0,0,0,0,no_volume,0,0,0,0,low_activity,0,0,0,0,0,0,1139979,1039247,-0.0462,0,-71385,24,35,65,64,1
1774103998,64,35,0,0,0,0,no_volume,0,0,0,0,no_volume,0,0,0,0,low_activity,0,0,0,0,0,0,1139979,1039247,-0.0462,0,-82699,24,35,65,64,1
1774103999,64,35,0,0,0,0,low_activity,0,0,0,0,low_activity,0,0,0,0,low_activity,0,0,0,0,0,0,1215902,1039247,-0.0783,75923,-6776,22,34,65,64,1
1774104000,64,35,0,0,0,0,low_activity,0,0,0,0,low_activity,0,0,0,0,low_activity,0,0,0,0,0,0,1215902,1039247,-0.0783,75923,-6776,22,34,65,64,1
1774104001,64,35,0,0,0,0,low_activity,0,0,0,0,low_activity,0,0,0,0,low_activity,0,0,0,0,0,0,1215902,1039247,-0.0783,75923,-6776,22,34,65,64,1
1774104002,64,35,0,0,0,0,low_activity,0,0,0,0,low_activity,0,0,0,0,low_activity,0,0,0,0,0,0,1215677,1039247,-0.0782,-225,75698,24,35,65,64,1
1774104003,64,35,0,0,0,0,low_activity,0,0,0,0,low_activity,0,0,0,0,low_activity,0,0,0,0,0,0,1204676,1018164,-0.0839,-11226,64697,23,34,65,64,1
1774104004,64,35,0,0,0,0,low_activity,0,0,0,0,low_activity,0,0,0,0,low_activity,0,0,0,0,0,0,1204676,1018164,-0.0839,-11226,64697,23,34,65,64,1
1774104005,64,35,0,0,0,0,no_volume,0,0,0,0,low_activity,0,0,0,0,low_activity,0,0,0,0,0,0,1204676,1018164,-0.0839,-11001,64697,23,34,65,64,1
1774104006,64,35,0,0,0,0,no_volume,0,0,0,0,low_activity,0,0,0,0,low_activity,0,0,0,0,0,0,1215677,1044524,-0.0757,11001,75698,23,35,65,64,1
1774104007,64,35,0,0,0,0,no_volume,0,0,0,0,no_volume,0,0,0,0,low_activity,0,0,0,0,0,0,1149986,1044524,-0.0481,-54690,10007,23,35,65,64,1
1774104008,64,35,0,0,0,0,no_volume,0,0,0,0,no_volume,0,0,0,0,low_activity,0,0,0,0,0,0,1149986,1039247,-0.0506,-54690,10007,23,35,65,64,1
1774104009,64,35,0,0,0,0,no_volume,0,0,0,0,no_volume,0,0,0,0,low_activity,0,0,0,0,0,0,1164661,1018164,-0.0671,-51016,-51241,23,34,65,64,1
1774104010,64,35,0,0,0,0,no_volume,0,0,0,0,no_volume,0,0,0,0,low_activity,0,0,0,0,0,0,1164661,1018164,-0.0671,14675,-51241,23,34,65,64,1
1774104011,64,35,0,0,0,0,no_volume,0,0,0,0,no_volume,0,0,0,0,low_activity,0,0,0,0,0,0,1164661,1018164,-0.0671,14675,-51241,23,34,65,64,1
1774104012,64,35,0,0,0,0,no_volume,0,0,0,0,no_volume,0,0,0,0,low_activity,0,0,0,0,0,0,1164661,1023441,-0.0645,0,-51016,23,34,65,64,1
1774104013,64,35,0,0,0,0,low_activity,0,0,0,0,low_activity,0,0,0,0,low_activity,0,0,0,0,0,0,1175662,1044427,-0.0591,11001,-29014,23,35,65,64,1
1774104014,64,35,0,0,0,0,low_activity,0,0,0,0,low_activity,0,0,0,0,low_activity,0,0,0,0,0,0,1175662,1044427,-0.0591,11001,-29014,23,35,65,64,1
1774104015,64,35,0,0,0,0,low_activity,0,0,0,0,low_activity,0,0,0,0,low_activity,0,0,0,0,0,0,1247360,1023214,-0.0987,82699,42684,23,34,65,64,1
1774104016,64,35,0,0,0,0,no_volume,0,0,0,0,low_activity,0,0,0,0,low_activity,0,0,0,0,0,0,1258361,1044264,-0.093,82699,42684,23,35,65,64,1
1774104017,64,35,0,0,0,0,no_volume,0,0,0,0,low_activity,0,0,0,0,low_activity,0,0,0,0,0,0,1145661,994181,-0.0708,-30001,-4325,21,33,65,64,1
1774104018,64,35,0,0,0,0,no_volume,0,0,0,0,no_volume,0,0,0,0,low_activity,0,0,0,0,0,0,1184661,1023181,-0.0731,-62699,34675,23,34,65,64,1
1774104019,64,35,0,0,0,0,low_activity,0,0,0,0,low_activity,0,0,0,0,low_activity,0,0,0,0,0,0,1205644,1044297,-0.0717,-52717,40983,23,35,65,64,1
1774104020,64,35,0,0,0,0,low_activity,0,0,0,0,low_activity,0,0,0,0,low_activity,0,0,0,0,0,0,1205644,1044297,-0.0717,59983,40983,23,35,65,64,1
1774104021,64,35,0,0,0,0,low_activity,0,0,0,0,low_activity,0,0,0,0,low_activity,0,0,0,0,0,0,1236159,1023181,-0.0943,51498,71498,23,34,65,64,1
1774104022,64,35,0,0,0,0,no_volume,0,0,0,0,low_activity,0,0,0,0,low_activity,0,0,0,0,0,0,1236159,1023181,-0.0943,30515,71498,23,34,65,64,1
1774104023,64,35,0,0,0,0,low_activity,0,0,0,0,low_activity,0,0,0,0,low_activity,0,0,0,0,0,0,1287018,1044297,-0.1041,81374,111356,23,35,65,64,1
1774104024,64,35,0,0,0,0,low_activity,0,0,0,0,low_activity,0,0,0,0,low_activity,0,0,0,0,0,0,1257018,1044264,-0.0925,20859,81356,23,35,65,64,1
1774104025,64,35,0,0,0,0,low_activity,0,0,0,0,low_activity,0,0,0,0,low_activity,0,0,0,0,0,0,1257018,1044264,-0.0925,20859,9658,23,35,65,64,1
1774104026,64,35,0,0,0,0,no_volume,0,0,0,0,low_activity,0,0,0,0,low_activity,0,0,0,0,0,0,1246017,1017885,-0.1008,-41001,-12344,23,34,65,64,1
1774104027,64,35,0,0,0,0,no_volume,0,0,0,0,low_activity,0,0,0,0,low_activity,0,0,0,0,0,0,1298201,1044245,-0.1084,41183,152540,23,35,65,64,1
1774104028,64,35,0,0,0,0,no_volume,0,0,0,0,no_volume,0,0,0,0,low_activity,0,0,0,0,0,0,1298201,1044245,-0.1084,41183,113540,23,35,65,64,1
1774104029,64,35,0,0,0,0,no_volume,0,0,0,0,no_volume,0,0,0,0,low_activity,0,0,0,0,0,0,1298201,1044245,-0.1084,52184,92557,23,35,65,64,1
1774104030,64,35,0,0,0,0,no_volume,0,0,0,0,no_volume,0,0,0,0,low_activity,0,0,0,0,0,0,1298201,1044245,-0.1084,0,92557,23,35,65,64,1
1774104031,64,35,0,0,0,0,no_volume,0,0,0,0,no_volume,0,0,0,0,low_activity,0,0,0,0,0,0,1298201,1044245,-0.1084,0,62042,23,35,65,64,1
1774104032,64,35,0,0,0,0,no_volume,0,0,0,0,no_volume,0,0,0,0,low_activity,0,0,0,0,0,0,1298201,1044245,-0.1084,0,62042,23,35,65,64,1
1774104033,64,35,0,0,0,0,no_volume,0,0,0,0,no_volume,0,0,0,0,low_activity,0,0,0,0,0,0,1298201,1044245,-0.1084,0,11183,23,35,65,64,1
1774104034,64,35,0,0,0,0,low_activity,0,0,0,0,low_activity,0,0,0,0,low_activity,0,0,0,0,0,0,1298187,1044245,-0.1084,-14,41169,23,35,65,64,1
1774104035,64,35,0,0,0,0,low_activity,0,0,0,0,low_activity,0,0,0,0,low_activity,0,0,0,0,0,0,1298187,1044278,-0.1084,-14,41169,24,35,65,64,1
1774104036,64,35,0,0,0,0,low_activity,0,0,0,0,low_activity,0,0,0,0,low_activity,0,0,0,0,0,0,1298187,1044278,-0.1084,-14,52170,24,35,65,64,1
1774104037,64,35,0,0,0,0,no_volume,0,0,0,0,low_activity,0,0,0,0,low_activity,0,0,0,0,0,0,1247178,1023195,-0.0987,-51009,-51023,23,34,65,64,1
1774104038,64,35,0,0,0,0,no_volume,0,0,0,0,low_activity,0,0,0,0,low_activity,0,0,0,0,0,0,1247178,1023195,-0.0987,-51009,-51023,23,34,65,64,1
1774104039,64,35,0,0,0,0,no_volume,0,0,0,0,no_volume,0,0,0,0,low_activity,0,0,0,0,0,0,1247178,1023195,-0.0987,-51009,-51023,23,34,65,64,1
1774104040,64,35,0,0,0,0,no_volume,0,0,0,0,no_volume,0,0,0,0,low_activity,0,0,0,0,0,0,1261644,1044245,-0.0943,14466,-36557,23,35,65,64,1
1774104041,64,35,0,0,0,0,no_volume,0,0,0,0,no_volume,0,0,0,0,low_activity,0,0,0,0,0,0,1261644,1044245,-0.0943,14466,-36557,23,35,65,64,1
1774104042,64,35,0,0,0,0,no_volume,0,0,0,0,no_volume,0,0,0,0,low_activity,0,0,0,0,0,0,1261644,1044245,-0.0943,14466,-36557,23,35,65,64,1
1774104043,64,35,0,0,0,0,no_volume,0,0,0,0,no_volume,0,0,0,0,low_activity,0,0,0,0,0,0,1235364,1044245,-0.0838,-26280,-62837,24,35,65,64,1
1774104044,64,35,0,0,0,0,no_volume,0,0,0,0,no_volume,0,0,0,0,low_activity,0,0,0,0,0,0,1235364,1044245,-0.0838,-26280,-62823,24,35,65,64,1
1774104045,64,35,0,0,0,0,no_volume,0,0,0,0,no_volume,0,0,0,0,low_activity,0,0,0,0,0,0,1275188,1044245,-0.0996,13544,-22999,24,35,65,64,1
1774104046,64,35,0,0,0,0,no_volume,0,0,0,0,no_volume,0,0,0,0,low_activity,0,0,0,0,0,0,1275188,1044245,-0.0996,39824,-22999,24,35,65,64,1
1774104047,64,35,0,0,0,0,no_volume,0,0,0,0,no_volume,0,0,0,0,low_activity,0,0,0,0,0,0,1275188,1044245,-0.0996,39824,28010,24,35,65,64,1
1774104048,64,35,0,0,0,0,no_volume,0,0,0,0,no_volume,0,0,0,0,low_activity,0,0,0,0,0,0,1275188,1044245,-0.0996,0,28010,24,35,65,64,1
1774104049,64,35,0,0,0,0,no_volume,0,0,0,0,no_volume,0,0,0,0,low_activity,0,0,0,0,0,0,1301450,1044245,-0.1096,26262,54272,24,35,65,64,1
1774104050,64,35,0,0,0,0,no_volume,0,0,0,0,no_volume,0,0,0,0,low_activity,0,0,0,0,0,0,1218163,1044245,-0.0769,-57025,-43481,24,35,65,64,1
1774104051,64,35,0,0,0,0,no_volume,0,0,0,0,no_volume,0,0,0,0,low_activity,0,0,0,0,0,0,1218163,1044245,-0.0769,-57025,-43481,24,35,65,64,1
1774104052,64,35,0,0,0,0,no_volume,0,0,0,0,no_volume,0,0,0,0,low_activity,0,0,0,0,0,0,1218163,1044245,-0.0769,-83287,-43481,24,35,65,64,1
1774104053,64,35,0,0,0,0,low_activity,0,0,0,0,low_activity,0,0,0,0,low_activity,0,0,0,0,0,0,1217722,1044278,-0.0767,-441,-17642,22,34,65,64,1
1774104054,64,35,0,0,0,0,low_activity,0,0,0,0,low_activity,0,0,0,0,low_activity,0,0,0,0,0,0,1263197,1044245,-0.0949,45034,27833,22,34,65,64,1
1774104055,64,35,0,0,0,0,low_activity,0,0,0,0,low_activity,0,0,0,0,low_activity,0,0,0,0,0,0,1250651,1008162,-0.1074,32488,-24537,22,34,65,64,1
1774104056,64,35,0,0,0,0,no_volume,0,0,0,0,low_activity,0,0,0,0,low_activity,0,0,0,0,0,0,1252784,1023162,-0.1009,35062,-22404,23,34,65,64,1
1774104057,64,35,0,0,0,0,no_volume,0,0,0,0,low_activity,0,0,0,0,low_activity,0,0,0,0,0,0,1218310,1044245,-0.0769,-44887,-56878,23,35,65,64,1
1774104058,64,35,0,0,0,0,no_volume,0,0,0,0,no_volume,0,0,0,0,low_activity,0,0,0,0,0,0,1218310,1044245,-0.0769,-32341,-56878,23,35,65,64,1
1774104059,64,35,0,0,0,0,no_volume,0,0,0,0,no_volume,0,0,0,0,low_activity,0,0,0,0,0,0,1218310,1044245,-0.0769,-34474,-83140,23,35,65,64,1
1774104060,64,35,0,0,0,0,no_volume,0,0,0,0,no_volume,0,0,0,0,low_activity,0,0,0,0,0,0,1248386,1044245,-0.089,30076,30223,24,35,65,64,1
1774104061,64,35,0,0,0,0,no_volume,0,0,0,0,no_volume,0,0,0,0,low_activity,0,0,0,0,0,0,1248386,1044245,-0.089,30076,30223,24,35,65,64,1
1774104062,64,35,0,0,0,0,no_volume,0,0,0,0,no_volume,0,0,0,0,low_activity,0,0,0,0,0,0,1248386,1044245,-0.089,30076,30223,24,35,65,64,1
1774104063,64,35,0,0,0,0,no_volume,0,0,0,0,no_volume,0,0,0,0,low_activity,0,0,0,0,0,0,1248386,1044245,-0.089,0,30664,24,35,65,64,1
1774104064,64,35,0,0,0,0,no_volume,0,0,0,0,no_volume,0,0,0,0,low_activity,0,0,0,0,0,0,1248386,1044245,-0.089,0,-14811,24,35,65,64,1
1774104065,64,35,0,0,0,0,no_volume,0,0,0,0,no_volume,0,0,0,0,low_activity,0,0,0,0,0,0,1218310,1044245,-0.0769,-30076,-32341,24,35,65,64,1
1774104066,64,35,0,0,0,0,no_volume,0,0,0,0,no_volume,0,0,0,0,low_activity,0,0,0,0,0,0,1218310,1044245,-0.0769,-30076,-34474,24,35,65,64,1
1774104067,64,35,0,0,0,0,no_volume,0,0,0,0,no_volume,0,0,0,0,low_activity,0,0,0,0,0,0,1207309,1022488,-0.0829,-41077,-11001,23,34,65,64,1
1774104068,64,35,0,0,0,0,no_volume,0,0,0,0,no_volume,0,0,0,0,low_activity,0,0,0,0,0,0,1218310,1038293,-0.0798,0,0,23,35,65,64,1
1774104069,64,35,0,0,0,0,no_volume,0,0,0,0,no_volume,0,0,0,0,low_activity,0,0,0,0,0,0,1218310,1038293,-0.0798,0,0,23,35,65,64,1
1774104070,64,35,0,0,0,0,no_volume,0,0,0,0,no_volume,0,0,0,0,low_activity,0,0,0,0,0,0,1263670,1038293,-0.0979,56361,15284,23,35,65,64,1
1774104071,64,35,0,0,0,0,no_volume,0,0,0,0,no_volume,0,0,0,0,low_activity,0,0,0,0,0,0,1263670,1038293,-0.0979,45360,15284,23,35,65,64,1
1774104072,64,35,0,0,0,0,no_volume,0,0,0,0,no_volume,0,0,0,0,low_activity,0,0,0,0,0,0,1218310,1043571,-0.0773,0,-30076,24,35,65,64,1
1774104073,64,35,0,0,0,0,no_volume,0,0,0,0,no_volume,0,0,0,0,low_activity,0,0,0,0,0,0,1167485,1017210,-0.0688,-96185,-80901,23,34,65,64,1
1774104074,64,35,0,0,0,0,no_volume,0,0,0,0,no_volume,0,0,0,0,low_activity,0,0,0,0,0,0,1212842,1017210,-0.0877,-50828,-35544,23,34,65,64,1
1774104075,64,35,0,0,0,0,no_volume,0,0,0,0,no_volume,0,0,0,0,low_activity,0,0,0,0,0,0,1306542,1043571,-0.1119,88232,88232,23,35,65,64,1
1774104076,64,35,0,0,0,0,no_volume,0,0,0,0,no_volume,0,0,0,0,low_activity,0,0,0,0,0,0,1306542,1043571,-0.1119,139057,88232,23,35,65,64,1
1774104077,64,35,0,0,0,0,no_volume,0,0,0,0,no_volume,0,0,0,0,low_activity,0,0,0,0,0,0,1306542,1043571,-0.1119,93700,99233,23,35,65,64,1
1774104078,64,35,0,0,0,0,no_volume,0,0,0,0,no_volume,0,0,0,0,low_activity,0,0,0,0,0,0,1261185,1043571,-0.0944,-45357,42875,23,35,65,64,1
1774104079,64,35,0,0,0,0,no_volume,0,0,0,0,no_volume,0,0,0,0,low_activity,0,0,0,0,0,0,1264934,1043571,-0.0959,-41608,46624,23,35,65,64,1
1774104080,64,35,0,0,0,0,no_volume,0,0,0,0,no_volume,0,0,0,0,low_activity,0,0,0,0,0,0,1253922,1037488,-0.0945,-52620,-9748,23,34,65,64,1
1774104081,64,35,0,0,0,0,no_volume,0,0,0,0,no_volume,0,0,0,0,low_activity,0,0,0,0,0,0,1253922,1022488,-0.1017,-7263,-9748,23,34,65,64,1
1774104082,64,35,0,0,0,0,no_volume,0,0,0,0,no_volume,0,0,0,0,low_activity,0,0,0,0,0,0,1253922,1022488,-0.1017,-11012,35612,23,34,65,64,1
1774104083,64,35,0,0,0,0,no_volume,0,0,0,0,no_volume,0,0,0,0,no_volume,0,0,0,0,0,0,1295029,1043571,-0.1075,41107,127544,23,35,65,64,1
1774104084,64,35,0,0,0,0,no_volume,0,0,0,0,no_volume,0,0,0,0,no_volume,0,0,0,0,0,0,1295029,1043571,-0.1075,41107,82187,23,35,65,64,1
1774104085,64,35,0,0,0,0,no_volume,0,0,0,0,no_volume,0,0,0,0,no_volume,0,0,0,0,0,0,1284108,1022488,-0.1134,30186,-22434,24,34,65,64,1
1774104086,64,35,0,0,0,0,no_volume,0,0,0,0,no_volume,0,0,0,0,no_volume,0,0,0,0,0,0,1321348,1043571,-0.1175,26319,14806,24,35,65,64,1
1774104087,64,35,0,0,0,0,no_volume,0,0,0,0,no_volume,0,0,0,0,no_volume,0,0,0,0,0,0,1321348,1043571,-0.1175,26319,14806,24,35,65,64,1
1774104088,64,35,0,0,0,0,no_volume,0,0,0,0,no_volume,0,0,0,0,no_volume,0,0,0,0,0,0,1372663,1043571,-0.1362,88555,111478,24,35,65,64,1
1774104089,64,35,0,0,0,0,no_volume,0,0,0,0,no_volume,0,0,0,0,no_volume,0,0,0,0,0,0,1248933,1022488,-0.0997,-72415,-16001,24,34,65,64,1
1774104090,64,35,0,0,0,0,no_volume,0,0,0,0,no_volume,0,0,0,0,no_volume,0,0,0,0,0,0,1233695,1043571,-0.0835,-87653,-20227,24,35,65,64,1
1774104091,64,35,0,0,0,0,no_volume,0,0,0,0,no_volume,0,0,0,0,no_volume,0,0,0,0,0,0,1181072,1043571,-0.0618,-191591,-72850,24,35,65,64,1
1774104092,64,35,0,0,0,0,low_activity,0,0,0,0,low_activity,0,0,0,0,low_activity,0,0,0,0,0,0,1169971,1037521,-0.06,-78962,-83951,23,34,65,64,1
1774104093,64,35,0,0,0,0,low_activity,0,0,0,0,low_activity,0,0,0,0,low_activity,0,0,0,0,0,0,1180972,1043637,-0.0617,-52723,-114057,24,35,65,64,1
1774104094,64,35,0,0,0,0,low_activity,0,0,0,0,low_activity,0,0,0,0,low_activity,0,0,0,0,0,0,1180972,1043604,-0.0618,-100,-114057,25,35,65,64,1
1774104095,64,35,0,0,0,0,no_volume,0,0,0,0,low_activity,0,0,0,0,low_activity,0,0,0,0,0,0,1180972,1043571,-0.0618,11001,-103136,25,35,65,64,1
1774104096,64,35,0,0,0,0,no_volume,0,0,0,0,low_activity,0,0,0,0,low_activity,0,0,0,0,0,0,1169971,1032206,-0.0626,-11001,-151377,23,34,65,64,1
1774104097,64,35,0,0,0,0,no_volume,0,0,0,0,no_volume,0,0,0,0,low_activity,0,0,0,0,0,0,1233595,1038289,-0.086,52623,-87753,25,35,65,64,1
1774104098,64,35,0,0,0,0,no_volume,0,0,0,0,no_volume,0,0,0,0,low_activity,0,0,0,0,0,0,1233595,1043566,-0.0834,52623,-139068,25,35,65,64,1
1774104099,64,35,0,0,0,0,no_volume,0,0,0,0,no_volume,0,0,0,0,low_activity,0,0,0,0,0,0,1233595,1043566,-0.0834,63624,-15338,25,35,65,64,1
1774104100,64,35,0,0,0,0,no_volume,0,0,0,0,no_volume,0,0,0,0,low_activity,0,0,0,0,0,0,1233595,1043566,-0.0834,0,-100,25,35,65,64,1
1774104101,64,35,0,0,0,0,no_volume,0,0,0,0,no_volume,0,0,0,0,low_activity,0,0,0,0,0,0,1233595,1038319,-0.086,0,52523,25,35,65,64,1
1774104102,64,35,0,0,0,0,no_volume,0,0,0,0,no_volume,0,0,0,0,low_activity,0,0,0,0,0,0,1233595,1038319,-0.086,0,63624,25,35,65,64,1
1774104103,64,35,0,0,0,0,no_volume,0,0,0,0,no_volume,0,0,0,0,low_activity,0,0,0,0,0,0,1236319,1032236,-0.09,2724,55347,25,34,65,64,1
1774104104,64,35,0,0,0,0,no_volume,0,0,0,0,no_volume,0,0,0,0,low_activity,0,0,0,0,0,0,1242402,1038319,-0.0895,8807,61430,24,34,65,64,1
1774104105,64,35,0,0,0,0,no_volume,0,0,0,0,no_volume,0,0,0,0,low_activity,0,0,0,0,0,0,1242402,1038319,-0.0895,8807,61430,24,34,65,64,1
1774104106,64,35,0,0,0,0,no_volume,0,0,0,0,no_volume,0,0,0,0,low_activity,0,0,0,0,0,0,1242402,1038319,-0.0895,6083,72431,24,34,65,64,1
1774104107,64,35,0,0,0,0,no_volume,0,0,0,0,no_volume,0,0,0,0,low_activity,0,0,0,0,0,0,1242402,1038319,-0.0895,0,8807,24,34,65,64,1
1774104108,64,35,0,0,0,0,no_volume,0,0,0,0,no_volume,0,0,0,0,low_activity,0,0,0,0,0,0,1269944,1038319,-0.1003,27542,36349,23,35,65,64,1
1774104109,64,35,0,0,0,0,no_volume,0,0,0,0,no_volume,0,0,0,0,low_activity,0,0,0,0,0,0,1269944,1038319,-0.1003,27542,36349,23,35,65,64,1
1774104110,64,35,0,0,0,0,no_volume,0,0,0,0,no_volume,0,0,0,0,low_activity,0,0,0,0,0,0,1269944,1038319,-0.1003,27542,36349,23,35,65,64,1
1774104111,64,35,0,0,0,0,no_volume,0,0,0,0,no_volume,0,0,0,0,low_activity,0,0,0,0,0,0,1269944,1038319,-0.1003,0,36349,23,35,65,64,1
1774104112,64,35,0,0,0,0,no_volume,0,0,0,0,no_volume,0,0,0,0,low_activity,0,0,0,0,0,0,1187245,1023319,-0.0742,-82699,-46350,24,36,65,64,1
1774104113,64,35,0,0,0,0,no_volume,0,0,0,0,no_volume,0,0,0,0,low_activity,0,0,0,0,0,0,1192163,1038319,-0.069,-77781,-44156,25,35,65,64,1
1774104114,64,35,0,0,0,0,no_volume,0,0,0,0,no_volume,0,0,0,0,low_activity,0,0,0,0,0,0,1164621,1038319,-0.0573,-105323,-77781,25,35,65,64,1
1774104115,64,35,0,0,0,0,no_volume,0,0,0,0,no_volume,0,0,0,0,low_activity,0,0,0,0,0,0,1164621,1038319,-0.0573,-22624,-77781,25,35,65,64,1
1774104116,64,35,0,0,0,0,no_volume,0,0,0,0,no_volume,0,0,0,0,low_activity,0,0,0,0,0,0,1164621,1038319,-0.0573,-27542,-77781,25,35,65,64,1
1774104117,64,35,0,0,0,0,no_volume,0,0,0,0,no_volume,0,0,0,0,low_activity,0,0,0,0,0,0,1164621,1038319,-0.0573,0,-77781,25,35,65,64,1
1774104118,64,35,0,0,0,0,no_volume,0,0,0,0,no_volume,0,0,0,0,low_activity,0,0,0,0,0,0,1164621,1038319,-0.0573,0,-105323,25,35,65,64,1
1774104119,64,35,0,0,0,0,low_activity,0,0,0,0,low_activity,0,0,0,0,low_activity,0,0,0,0,0,0,1159626,1038319,-0.0552,-4995,-110318,24,35,65,64,1
1774104120,64,35,0,0,0,0,low_activity,0,0,0,0,low_activity,0,0,0,0,low_activity,0,0,0,0,0,0,1159626,1038319,-0.0552,-4995,-110318,24,35,65,64,1
1774104121,64,35,0,0,0,0,low_activity,0,0,0,0,low_activity,0,0,0,0,low_activity,0,0,0,0,0,0,1219551,1017236,-0.0904,54930,-50393,24,35,65,64,1
1774104122,64,35,0,0,0,0,no_volume,0,0,0,0,low_activity,0,0,0,0,low_activity,0,0,0,0,0,0,1230552,1038319,-0.0847,70926,43307,24,35,65,64,1
1774104123,64,35,0,0,0,0,no_volume,0,0,0,0,low_activity,0,0,0,0,low_activity,0,0,0,0,0,0,1230552,1042853,-0.0826,70926,38389,24,35,65,64,1
1774104124,64,35,0,0,0,0,no_volume,0,0,0,0,no_volume,0,0,0,0,low_activity,0,0,0,0,0,0,1268500,1021770,-0.1077,48949,103879,24,34,65,64,1
1774104125,64,35,0,0,0,0,no_volume,0,0,0,0,no_volume,0,0,0,0,low_activity,0,0,0,0,0,0,1268500,1021770,-0.1077,37948,103879,24,34,65,64,1
1774104126,64,35,0,0,0,0,no_volume,0,0,0,0,no_volume,0,0,0,0,low_activity,0,0,0,0,0,0,1268500,1021770,-0.1077,37948,103879,24,34,65,64,1
1774104127,64,35,0,0,0,0,no_volume,0,0,0,0,no_volume,0,0,0,0,low_activity,0,0,0,0,0,0,1268500,1021770,-0.1077,0,103879,24,34,65,64,1
1774104128,64,35,0,0,0,0,no_volume,0,0,0,0,no_volume,0,0,0,0,low_activity,0,0,0,0,0,0,1268500,1021770,-0.1077,0,103879,24,34,65,64,1
1774104129,64,35,0,0,0,0,no_volume,0,0,0,0,no_volume,0,0,0,0,low_activity,0,0,0,0,0,0,1278913,1042853,-0.1017,10413,119287,24,35,65,64,1
1774104130,64,35,0,0,0,0,no_volume,0,0,0,0,no_volume,0,0,0,0,low_activity,0,0,0,0,0,0,1278913,1042853,-0.1017,10413,119287,24,35,65,64,1
1774104131,64,35,0,0,0,0,no_volume,0,0,0,0,no_volume,0,0,0,0,low_activity,0,0,0,0,0,0,1218963,1021770,-0.088,-49537,-588,24,34,65,64,1
1774104132,64,35,0,0,0,0,no_volume,0,0,0,0,no_volume,0,0,0,0,low_activity,0,0,0,0,0,0,1218963,1021770,-0.088,-59950,-11589,24,34,65,64,1
1774104133,64,35,0,0,0,0,no_volume,0,0,0,0,no_volume,0,0,0,0,low_activity,0,0,0,0,0,0,1218963,1021770,-0.088,-59950,-11589,24,34,65,64,1
1774104134,64,35,0,0,0,0,no_volume,0,0,0,0,no_volume,0,0,0,0,low_activity,0,0,0,0,0,0,1196214,1042853,-0.0685,-22749,-72286,24,35,65,64,1
1774104135,64,35,0,0,0,0,no_volume,0,0,0,0,no_volume,0,0,0,0,low_activity,0,0,0,0,0,0,1196214,1042853,-0.0685,-22749,-72286,24,35,65,64,1
1774104136,64,35,0,0,0,0,no_volume,0,0,0,0,no_volume,0,0,0,0,low_activity,0,0,0,0,0,0,1196214,1042853,-0.0685,-22749,-72286,24,35,65,64,1
1774104137,64,35,0,0,0,0,no_volume,0,0,0,0,no_volume,0,0,0,0,low_activity,0,0,0,0,0,0,1229964,1042853,-0.0823,33750,-38536,25,35,65,64,1
1774104138,64,35,0,0,0,0,no_volume,0,0,0,0,no_volume,0,0,0,0,low_activity,0,0,0,0,0,0,1313251,1042853,-0.1148,117037,44751,25,35,65,64,1
1774104139,64,35,0,0,0,0,no_volume,0,0,0,0,no_volume,0,0,0,0,low_activity,0,0,0,0,0,0,1279501,1042853,-0.1019,83287,588,25,35,65,64,1
1774104140,64,35,0,0,0,0,no_volume,0,0,0,0,no_volume,0,0,0,0,low_activity,0,0,0,0,0,0,1298500,1021770,-0.1193,68536,19587,24,34,65,64,1
1774104141,64,35,0,0,0,0,no_volume,0,0,0,0,no_volume,0,0,0,0,low_activity,0,0,0,0,0,0,1298500,1021770,-0.1193,-14751,79537,24,34,65,64,1
1774104142,64,35,0,0,0,0,no_volume,0,0,0,0,no_volume,0,0,0,0,low_activity,0,0,0,0,0,0,1229951,1042853,-0.0823,-49550,10988,24,35,65,64,1
1774104143,64,35,0,0,0,0,no_volume,0,0,0,0,no_volume,0,0,0,0,low_activity,0,0,0,0,0,0,1229951,1042853,-0.0823,-68549,10988,24,35,65,64,1
1774104144,64,35,0,0,0,0,no_volume,0,0,0,0,no_volume,0,0,0,0,low_activity,0,0,0,0,0,0,1229951,1042853,-0.0823,-68549,33737,24,35,65,64,1
1774104145,64,35,0,0,0,0,no_volume,0,0,0,0,no_volume,0,0,0,0,low_activity,0,0,0,0,0,0,1229951,1042853,-0.0823,0,33737,24,35,65,64,1
1774104146,64,35,0,0,0,0,no_volume,0,0,0,0,no_volume,0,0,0,0,low_activity,0,0,0,0,0,0,1229951,1042853,-0.0823,0,33737,24,35,65,64,1
1774104147,64,35,0,0,0,0,no_volume,0,0,0,0,no_volume,0,0,0,0,low_activity,0,0,0,0,0,0,1196214,1042853,-0.0685,-33737,-33750,25,35,65,64,1
1774104148,64,35,0,0,0,0,no_volume,0,0,0,0,no_volume,0,0,0,0,low_activity,0,0,0,0,0,0,1185213,1020941,-0.0745,-44738,-128038,24,35,65,64,1
1774104149,64,35,0,0,0,0,no_volume,0,0,0,0,no_volume,0,0,0,0,no_volume,0,0,0,0,0,0,1185213,1020941,-0.0745,-44738,-94288,24,35,65,64,1
1774104150,64,35,0,0,0,0,no_volume,0,0,0,0,no_volume,0,0,0,0,no_volume,0,0,0,0,0,0,1185213,1020911,-0.0745,-11001,-113287,24,34,65,64,1
1774104151,64,35,0,0,0,0,no_volume,0,0,0,0,no_volume,0,0,0,0,no_volume,0,0,0,0,0,0,1185213,1020911,-0.0745,0,-113287,24,34,65,64,1
1774104152,64,35,0,0,0,0,no_volume,0,0,0,0,no_volume,0,0,0,0,no_volume,0,0,0,0,0,0,1185213,1020911,-0.0745,0,-44738,24,34,65,64,1
1774104153,64,35,0,0,0,0,no_volume,0,0,0,0,no_volume,0,0,0,0,no_volume,0,0,0,0,0,0,1159038,1041994,-0.0532,-26175,-70913,24,35,65,64,1
1774104154,64,35,0,0,0,0,no_volume,0,0,0,0,no_volume,0,0,0,0,no_volume,0,0,0,0,0,0,1159038,1041994,-0.0532,-26175,-70913,24,35,65,64,1
1774104155,64,35,0,0,0,0,no_volume,0,0,0,0,no_volume,0,0,0,0,no_volume,0,0,0,0,0,0,1182358,1020911,-0.0733,-2855,-47593,24,34,65,64,1
1774104156,64,35,0,0,0,0,no_volume,0,0,0,0,no_volume,0,0,0,0,no_volume,0,0,0,0,0,0,1182358,1020911,-0.0733,23320,-47593,24,34,65,64,1
1774104157,64,35,0,0,0,0,no_volume,0,0,0,0,no_volume,0,0,0,0,no_volume,0,0,0,0,0,0,1182358,1020911,-0.0733,23320,-13856,24,34,65,64,1
1774104158,64,35,0,0,0,0,no_volume,0,0,0,0,no_volume,0,0,0,0,no_volume,0,0,0,0,0,0,1182358,1020911,-0.0733,0,-2855,24,34,65,64,1
1774104159,64,35,0,0,0,0,no_volume,0,0,0,0,no_volume,0,0,0,0,no_volume,0,0,0,0,0,0,1182358,1020911,-0.0733,0,-2855,24,34,65,64,1
1774104160,64,35,0,0,0,0,no_volume,0,0,0,0,no_volume,0,0,0,0,no_volume,0,0,0,0,0,0,1182358,1020911,-0.0733,0,-2855,24,34,65,64,1
1774104161,64,35,0,0,0,0,no_volume,0,0,0,0,no_volume,0,0,0,0,no_volume,0,0,0,0,0,0,1230535,1041994,-0.083,48177,45322,24,35,65,64,1
1774104162,64,35,0,0,0,0,low_activity,0,0,0,0,low_activity,0,0,0,0,low_activity,0,0,0,0,0,0,1260608,1041994,-0.0949,78250,75395,24,35,65,64,1
1774104163,64,35,0,0,0,0,low_activity,0,0,0,0,low_activity,0,0,0,0,low_activity,0,0,0,0,0,0,1178673,1020911,-0.0717,-3685,19635,24,34,65,64,1
1774104164,64,35,0,0,0,0,low_activity,0,0,0,0,low_activity,0,0,0,0,low_activity,0,0,0,0,0,0,1178673,1020911,-0.0717,-51862,19635,24,34,65,64,1
1774104165,64,35,0,0,0,0,low_activity,0,0,0,0,low_activity,0,0,0,0,low_activity,0,0,0,0,0,0,1178673,1020911,-0.0717,-81935,-3685,24,34,65,64,1
1774104166,64,35,0,0,0,0,no_volume,0,0,0,0,low_activity,0,0,0,0,low_activity,0,0,0,0,0,0,1279473,1041994,-0.1023,100800,97115,24,35,65,64,1
1774104167,64,35,0,0,0,0,no_volume,0,0,0,0,low_activity,0,0,0,0,low_activity,0,0,0,0,0,0,1279473,1041994,-0.1023,100800,97115,24,35,65,64,1
1774104168,64,35,0,0,0,0,no_volume,0,0,0,0,no_volume,0,0,0,0,low_activity,0,0,0,0,0,0,1279473,1041994,-0.1023,100800,97115,24,35,65,64,1
1774104169,64,35,0,0,0,0,no_volume,0,0,0,0,no_volume,0,0,0,0,low_activity,0,0,0,0,0,0,1189674,1041994,-0.0662,-89799,7316,25,35,65,64,1
1774104170,64,35,0,0,0,0,no_volume,0,0,0,0,no_volume,0,0,0,0,low_activity,0,0,0,0,0,0,1189674,1041994,-0.0662,-89799,7316,25,35,65,64,1
1774104171,64,35,0,0,0,0,no_volume,0,0,0,0,no_volume,0,0,0,0,low_activity,0,0,0,0,0,0,1189674,1041994,-0.0662,-89799,-40861,25,35,65,64,1
1774104172,64,35,0,0,0,0,no_volume,0,0,0,0,no_volume,0,0,0,0,low_activity,0,0,0,0,0,0,1189674,1041994,-0.0662,0,-70934,25,35,65,64,1
1774104173,64,35,0,0,0,0,low_activity,0,0,0,0,low_activity,0,0,0,0,low_activity,0,0,0,0,0,0,1279458,1041994,-0.1023,89784,100785,25,35,65,64,1
1774104174,64,35,0,0,0,0,low_activity,0,0,0,0,low_activity,0,0,0,0,low_activity,0,0,0,0,0,0,1279458,1041994,-0.1023,89784,100785,25,35,65,64,1
1774104175,64,35,0,0,0,0,low_activity,0,0,0,0,low_activity,0,0,0,0,low_activity,0,0,0,0,0,0,1176658,1020911,-0.0709,-13016,-2015,24,34,65,64,1
1774104176,64,35,0,0,0,0,no_volume,0,0,0,0,low_activity,0,0,0,0,low_activity,0,0,0,0,0,0,1176658,1020911,-0.0709,-102800,-102815,24,34,65,64,1
1774104177,64,35,0,0,0,0,low_activity,0,0,0,0,low_activity,0,0,0,0,low_activity,0,0,0,0,0,0,1187361,1042027,-0.0652,-92097,-92112,24,35,65,64,1
1774104178,64,35,0,0,0,0,low_activity,0,0,0,0,low_activity,0,0,0,0,low_activity,0,0,0,0,0,0,1187361,1042027,-0.0652,10703,-92112,24,35,65,64,1
1774104179,64,35,0,0,0,0,low_activity,0,0,0,0,low_activity,0,0,0,0,low_activity,0,0,0,0,0,0,1187361,1042027,-0.0652,10703,-2313,24,35,65,64,1
1774104180,64,35,0,0,0,0,no_volume,0,0,0,0,low_activity,0,0,0,0,low_activity,0,0,0,0,0,0,1187361,1042027,-0.0652,0,-2313,25,35,65,64,1
1774104181,64,35,0,0,0,0,no_volume,0,0,0,0,low_activity,0,0,0,0,low_activity,0,0,0,0,0,0,1243430,1041994,-0.0881,56069,53756,25,35,65,64,1
1774104182,64,35,0,0,0,0,no_volume,0,0,0,0,no_volume,0,0,0,0,low_activity,0,0,0,0,0,0,1243430,1041994,-0.0881,56069,53756,25,35,65,64,1
1774104183,64,35,0,0,0,0,no_volume,0,0,0,0,no_volume,0,0,0,0,low_activity,0,0,0,0,0,0,1243430,1041994,-0.0881,56069,-36028,25,35,65,64,1
1774104184,64,35,0,0,0,0,no_volume,0,0,0,0,no_volume,0,0,0,0,low_activity,0,0,0,0,0,0,1243430,1041994,-0.0881,0,-36028,25,35,65,64,1
1774104185,64,35,0,0,0,0,no_volume,0,0,0,0,no_volume,0,0,0,0,low_activity,0,0,0,0,0,0,1243430,1041994,-0.0881,0,66772,25,35,65,64,1
1774104186,64,35,0,0,0,0,no_volume,0,0,0,0,no_volume,0,0,0,0,low_activity,0,0,0,0,0,0,1243430,1041994,-0.0881,0,66772,25,35,65,64,1
1774104187,64,35,0,0,0,0,no_volume,0,0,0,0,no_volume,0,0,0,0,low_activity,0,0,0,0,0,0,1243430,1041994,-0.0881,0,56069,25,35,65,64,1
1774104188,64,35,0,0,0,0,no_volume,0,0,0,0,no_volume,0,0,0,0,low_activity,0,0,0,0,0,0,1243430,1041994,-0.0881,0,56069,25,35,65,64,1
1774104189,64,35,0,0,0,0,no_volume,0,0,0,0,no_volume,0,0,0,0,low_activity,0,0,0,0,0,0,1243430,1041994,-0.0881,0,56069,25,35,65,64,1
1774104190,64,35,0,0,0,0,no_volume,0,0,0,0,no_volume,0,0,0,0,low_activity,0,0,0,0,0,0,1243430,1041994,-0.0881,0,56069,25,35,65,64,1
1774104191,64,35,0,0,0,0,no_volume,0,0,0,0,no_volume,0,0,0,0,low_activity,0,0,0,0,0,0,1243430,1041994,-0.0881,0,0,25,35,65,64,1
1774104192,64,35,0,0,0,0,no_volume,0,0,0,0,no_volume,0,0,0,0,low_activity,0,0,0,0,0,0,1243430,1041994,-0.0881,0,0,25,35,65,64,1
1774104193,64,35,0,0,0,0,no_volume,0,0,0,0,no_volume,0,0,0,0,low_activity,0,0,0,0,0,0,1277160,1041994,-0.1014,33730,33730,25,35,65,64,1
1774104194,64,35,0,0,0,0,no_volume,0,0,0,0,no_volume,0,0,0,0,low_activity,0,0,0,0,0,0,1277160,1041994,-0.1014,33730,33730,25,35,65,64,1
1774104195,64,35,0,0,0,0,no_volume,0,0,0,0,no_volume,0,0,0,0,low_activity,0,0,0,0,0,0,1277160,1041994,-0.1014,33730,33730,25,35,65,64,1
1774104196,64,35,0,0,0,0,no_volume,0,0,0,0,no_volume,0,0,0,0,low_activity,0,0,0,0,0,0,1277160,1041994,-0.1014,0,33730,25,35,65,64,1
1774104197,64,35,0,0,0,0,no_volume,0,0,0,0,no_volume,0,0,0,0,low_activity,0,0,0,0,0,0,1277160,1041994,-0.1014,0,33730,25,35,65,64,1
1774104198,64,35,0,0,0,0,no_volume,0,0,0,0,no_volume,0,0,0,0,low_activity,0,0,0,0,0,0,1239984,1041994,-0.0868,-37176,-3446,23,34,65,64,1
1774104199,64,35,0,0,0,0,no_volume,0,0,0,0,no_volume,0,0,0,0,low_activity,0,0,0,0,0,0,1254117,1041994,-0.0924,-23043,10687,23,34,65,64,1
1774104200,64,35,0,0,0,0,no_volume,0,0,0,0,no_volume,0,0,0,0,low_activity,0,0,0,0,0,0,1296179,1020911,-0.1188,19019,52749,24,34,65,64,1
1774104201,64,35,0,0,0,0,no_volume,0,0,0,0,no_volume,0,0,0,0,low_activity,0,0,0,0,0,0,1296179,1020911,-0.1188,56195,52749,24,34,65,64,1
1774104202,64,35,0,0,0,0,low_activity,0,0,0,0,low_activity,0,0,0,0,low_activity,0,0,0,0,0,0,1306957,1042027,-0.1128,52840,63527,24,35,65,64,1
1774104203,64,35,0,0,0,0,low_activity,0,0,0,0,low_activity,0,0,0,0,low_activity,0,0,0,0,0,0,1295956,1020911,-0.1187,-223,18796,24,34,65,64,1
1774104204,64,35,0,0,0,0,low_activity,0,0,0,0,low_activity,0,0,0,0,low_activity,0,0,0,0,0,0,1265956,1020911,-0.1072,-30223,-11204,24,34,65,64,1
1774104205,64,35,0,0,0,0,no_volume,0,0,0,0,low_activity,0,0,0,0,low_activity,0,0,0,0,0,0,1265956,1020911,-0.1072,-41001,-11204,24,34,65,64,1
1774104206,64,35,0,0,0,0,low_activity,0,0,0,0,low_activity,0,0,0,0,low_activity,0,0,0,0,0,0,1276942,1041994,-0.1013,-19014,-218,24,35,65,64,1
1774104207,64,35,0,0,0,0,low_activity,0,0,0,0,low_activity,0,0,0,0,low_activity,0,0,0,0,0,0,1276942,1041994,-0.1013,10986,-218,24,35,65,64,1
1774104208,64,35,0,0,0,0,low_activity,0,0,0,0,low_activity,0,0,0,0,low_activity,0,0,0,0,0,0,1276942,1041994,-0.1013,10986,36958,24,35,65,64,1
1774104209,64,35,0,0,0,0,no_volume,0,0,0,0,low_activity,0,0,0,0,low_activity,0,0,0,0,0,0,1276942,1041994,-0.1013,0,22825,24,35,65,64,1
1774104210,64,35,0,0,0,0,no_volume,0,0,0,0,low_activity,0,0,0,0,low_activity,0,0,0,0,0,0,1276942,1041994,-0.1013,0,-19237,24,35,65,64,1
1774104211,64,35,0,0,0,0,no_volume,0,0,0,0,no_volume,0,0,0,0,low_activity,0,0,0,0,0,0,1229079,1041994,-0.0824,-47863,-67100,25,35,65,64,1
1774104212,64,35,0,0,0,0,no_volume,0,0,0,0,no_volume,0,0,0,0,low_activity,0,0,0,0,0,0,1229079,1041994,-0.0824,-47863,-77878,25,35,65,64,1
1774104213,64,35,0,0,0,0,no_volume,0,0,0,0,no_volume,0,0,0,0,low_activity,0,0,0,0,0,0,1224846,1020911,-0.0908,-52096,-71110,24,34,65,64,1
1774104214,64,35,0,0,0,0,no_volume,0,0,0,0,no_volume,0,0,0,0,low_activity,0,0,0,0,0,0,1224846,1020911,-0.0908,-4233,-41110,24,34,65,64,1
1774104215,64,35,0,0,0,0,no_volume,0,0,0,0,no_volume,0,0,0,0,low_activity,0,0,0,0,0,0,1235847,1036746,-0.0876,6768,-30109,24,35,65,64,1
1774104216,64,35,0,0,0,0,no_volume,0,0,0,0,no_volume,0,0,0,0,low_activity,0,0,0,0,0,0,1235847,1036746,-0.0876,11001,-41095,24,35,65,64,1
1774104217,64,35,0,0,0,0,low_activity,0,0,0,0,low_activity,0,0,0,0,low_activity,0,0,0,0,0,0,1224797,1015666,-0.0933,-49,-52145,24,34,65,64,1
1774104218,64,35,0,0,0,0,low_activity,0,0,0,0,low_activity,0,0,0,0,low_activity,0,0,0,0,0,0,1235798,1042027,-0.0851,-49,-41144,24,35,65,64,1
1774104219,64,35,0,0,0,0,low_activity,0,0,0,0,low_activity,0,0,0,0,low_activity,0,0,0,0,0,0,1235798,1042027,-0.0851,-49,-41144,24,35,65,64,1
1774104220,64,35,0,0,0,0,no_volume,0,0,0,0,low_activity,0,0,0,0,low_activity,0,0,0,0,0,0,1232147,1015663,-0.0963,7350,-44795,24,34,65,64,1
1774104221,64,35,0,0,0,0,no_volume,0,0,0,0,low_activity,0,0,0,0,low_activity,0,0,0,0,0,0,1232147,1015663,-0.0963,-3651,3068,24,34,65,64,1
1774104222,64,35,0,0,0,0,no_volume,0,0,0,0,no_volume,0,0,0,0,low_activity,0,0,0,0,0,0,1243148,1042024,-0.088,7350,14069,24,36,65,64,1
1774104223,64,35,0,0,0,0,no_volume,0,0,0,0,no_volume,0,0,0,0,low_activity,0,0,0,0,0,0,1243148,1041994,-0.088,11001,18302,24,35,65,64,1
1774104224,64,35,0,0,0,0,no_volume,0,0,0,0,no_volume,0,0,0,0,low_activity,0,0,0,0,0,0,1238230,1035926,-0.089,6083,13384,24,34,65,64,1
1774104225,64,35,0,0,0,0,no_volume,0,0,0,0,no_volume,0,0,0,0,low_activity,0,0,0,0,0,0,1232147,1020926,-0.0937,-11001,-3700,24,34,65,64,1
1774104226,64,35,0,0,0,0,no_volume,0,0,0,0,no_volume,0,0,0,0,low_activity,0,0,0,0,0,0,1232147,1020926,-0.0937,-11001,-3700,24,34,65,64,1
1774104227,64,35,0,0,0,0,low_activity,0,0,0,0,low_activity,0,0,0,0,low_activity,0,0,0,0,0,0,1243111,1042042,-0.088,4881,18314,24,35,65,64,1
1774104228,64,35,0,0,0,0,low_activity,0,0,0,0,low_activity,0,0,0,0,low_activity,0,0,0,0,0,0,1243111,1042042,-0.088,10964,7313,24,35,65,64,1
1774104229,64,35,0,0,0,0,low_activity,0,0,0,0,low_activity,0,0,0,0,low_activity,0,0,0,0,0,0,1243111,1042042,-0.088,10964,7313,24,35,65,64,1
1774104230,64,35,0,0,0,0,no_volume,0,0,0,0,low_activity,0,0,0,0,low_activity,0,0,0,0,0,0,1243111,1042009,-0.088,0,10964,25,35,65,64,1
1774104231,64,35,0,0,0,0,no_volume,0,0,0,0,low_activity,0,0,0,0,low_activity,0,0,0,0,0,0,1290974,1042009,-0.1067,47863,58827,25,35,65,64,1
1774104232,64,35,0,0,0,0,no_volume,0,0,0,0,no_volume,0,0,0,0,low_activity,0,0,0,0,0,0,1290974,1042009,-0.1067,47863,47826,25,35,65,64,1
1774104233,64,35,0,0,0,0,no_volume,0,0,0,0,no_volume,0,0,0,0,low_activity,0,0,0,0,0,0,1290974,1042009,-0.1067,47863,47826,25,35,65,64,1
1774104234,64,35,0,0,0,0,no_volume,0,0,0,0,no_volume,0,0,0,0,low_activity,0,0,0,0,0,0,1290974,1042009,-0.1067,0,52744,25,35,65,64,1
1774104235,64,35,0,0,0,0,no_volume,0,0,0,0,no_volume,0,0,0,0,low_activity,0,0,0,0,0,0,1290974,1042009,-0.1067,0,58827,25,35,65,64,1
1774104236,64,35,0,0,0,0,no_volume,0,0,0,0,no_volume,0,0,0,0,low_activity,0,0,0,0,0,0,1290974,1042009,-0.1067,0,58827,25,35,65,64,1
1774104237,64,35,0,0,0,0,low_activity,0,0,0,0,low_activity,0,0,0,0,low_activity,0,0,0,0,0,0,1290914,1036761,-0.1092,-60,47803,25,35,65,64,1
1774104238,64,35,0,0,0,0,low_activity,0,0,0,0,low_activity,0,0,0,0,low_activity,0,0,0,0,0,0,1290914,1036761,-0.1092,-60,47803,25,35,65,64,1
1774104239,64,35,0,0,0,0,low_activity,0,0,0,0,low_activity,0,0,0,0,low_activity,0,0,0,0,0,0,1232050,1020926,-0.0937,-58924,-11061,24,34,65,64,1
1774104240,64,35,0,0,0,0,no_volume,0,0,0,0,low_activity,0,0,0,0,low_activity,0,0,0,0,0,0,1232050,1020926,-0.0937,-58864,-11061,24,34,65,64,1
1774104241,64,35,0,0,0,0,no_volume,0,0,0,0,low_activity,0,0,0,0,low_activity,0,0,0,0,0,0,1225918,1007761,-0.0977,-64996,-65056,23,36,65,64,1
1774104242,64,35,0,0,0,0,no_volume,0,0,0,0,no_volume,0,0,0,0,low_activity,0,0,0,0,0,0,1290914,1036761,-0.1092,58864,-60,24,36,65,64,1
1774104243,64,35,0,0,0,0,no_volume,0,0,0,0,no_volume,0,0,0,0,low_activity,0,0,0,0,0,0,1290914,1036761,-0.1092,58864,-60,24,36,65,64,1
1774104244,64,35,0,0,0,0,no_volume,0,0,0,0,no_volume,0,0,0,0,low_activity,0,0,0,0,0,0,1290914,1036761,-0.1092,64996,-60,24,36,65,64,1
1774104245,64,35,0,0,0,0,no_volume,0,0,0,0,no_volume,0,0,0,0,low_activity,0,0,0,0,0,0,1246368,1036761,-0.0918,-44546,-44606,25,36,65,64,1
1774104246,64,35,0,0,0,0,no_volume,0,0,0,0,no_volume,0,0,0,0,low_activity,0,0,0,0,0,0,1246368,1036761,-0.0918,-44546,-44606,25,36,65,64,1
1774104247,64,35,0,0,0,0,no_volume,0,0,0,0,no_volume,0,0,0,0,low_activity,0,0,0,0,0,0,1246368,1036761,-0.0918,-44546,-44546,25,36,65,64,1
1774104248,64,35,0,0,0,0,no_volume,0,0,0,0,no_volume,0,0,0,0,low_activity,0,0,0,0,0,0,1290868,1036761,-0.1092,44500,-46,25,36,65,64,1
1774104249,64,35,0,0,0,0,no_volume,0,0,0,0,no_volume,0,0,0,0,low_activity,0,0,0,0,0,0,1290868,1036761,-0.1092,44500,58818,25,36,65,64,1
1774104250,64,35,0,0,0,0,no_volume,0,0,0,0,no_volume,0,0,0,0,low_activity,0,0,0,0,0,0,1290868,1036761,-0.1092,44500,58818,25,36,65,64,1
1774104251,64,35,0,0,0,0,no_volume,0,0,0,0,no_volume,0,0,0,0,low_activity,0,0,0,0,0,0,1290868,1036761,-0.1092,0,64950,25,36,65,64,1
1774104252,64,35,0,0,0,0,no_volume,0,0,0,0,no_volume,0,0,0,0,low_activity,0,0,0,0,0,0,1290868,1036761,-0.1092,0,-46,25,36,65,64,1
1774104253,64,35,0,0,0,0,no_volume,0,0,0,0,no_volume,0,0,0,0,low_activity,0,0,0,0,0,0,1290868,1036761,-0.1092,0,-46,25,36,65,64,1
1774104254,64,35,0,0,0,0,no_volume,0,0,0,0,no_volume,0,0,0,0,low_activity,0,0,0,0,0,0,1290868,1036761,-0.1092,0,-46,25,36,65,64,1
1774104255,64,35,0,0,0,0,no_volume,0,0,0,0,no_volume,0,0,0,0,low_activity,0,0,0,0,0,0,1290868,1036761,-0.1092,0,44500,25,36,65,64,1
1774104256,64,35,0,0,0,0,no_volume,0,0,0,0,no_volume,0,0,0,0,low_activity,0,0,0,0,0,0,1290799,1036761,-0.1091,-69,44431,25,36,65,64,1
1774104257,64,35,0,0,0,0,no_volume,0,0,0,0,no_volume,0,0,0,0,low_activity,0,0,0,0,0,0,1290799,1036761,-0.1091,-69,44431,23,35,65,64,1
1774104258,64,35,0,0,0,0,no_volume,0,0,0,0,no_volume,0,0,0,0,low_activity,0,0,0,0,0,0,1290799,1036761,-0.1091,-69,-69,23,35,65,64,1
1774104259,64,35,0,0,0,0,no_volume,0,0,0,0,no_volume,0,0,0,0,low_activity,0,0,0,0,0,0,1290799,1036761,-0.1091,0,-69,23,35,65,64,1
1774104260,64,35,0,0,0,0,low_activity,0,0,0,0,low_activity,0,0,0,0,low_activity,0,0,0,0,0,0,1298417,1018659,-0.1207,7618,7549,25,35,65,64,1
1774104261,64,35,0,0,0,0,low_activity,0,0,0,0,low_activity,0,0,0,0,low_activity,0,0,0,0,0,0,1298417,1018659,-0.1207,7618,7549,25,35,65,64,1
1774104262,64,35,0,0,0,0,low_activity,0,0,0,0,low_activity,0,0,0,0,low_activity,0,0,0,0,0,0,1303035,1018626,-0.1225,12236,12167,25,35,65,64,1
1774104263,64,35,0,0,0,0,no_volume,0,0,0,0,low_activity,0,0,0,0,low_activity,0,0,0,0,0,0,1296952,997573,-0.1305,-1465,6084,24,35,65,64,1
1774104264,64,35,0,0,0,0,no_volume,0,0,0,0,low_activity,0,0,0,0,low_activity,0,0,0,0,0,0,1296952,997573,-0.1305,-1465,6084,24,35,65,64,1
1774104265,64,35,0,0,0,0,low_activity,0,0,0,0,low_activity,0,0,0,0,low_activity,0,0,0,0,0,0,1301063,1018656,-0.1217,-1972,10195,24,36,65,64,1
1774104266,64,35,0,0,0,0,low_activity,0,0,0,0,low_activity,0,0,0,0,low_activity,0,0,0,0,0,0,1301063,1018656,-0.1217,4111,10264,24,36,65,64,1
1774104267,64,35,0,0,0,0,low_activity,0,0,0,0,low_activity,0,0,0,0,low_activity,0,0,0,0,0,0,1211420,997573,-0.0968,-85532,-79379,24,35,65,64,1
1774104268,64,35,0,0,0,0,no_volume,0,0,0,0,low_activity,0,0,0,0,low_activity,0,0,0,0,0,0,1255851,997573,-0.1146,-45212,-34948,24,35,65,64,1
1774104269,64,35,0,0,0,0,no_volume,0,0,0,0,low_activity,0,0,0,0,low_activity,0,0,0,0,0,0,1255851,997573,-0.1146,-45212,-34948,24,35,65,64,1
1774104270,64,35,0,0,0,0,no_volume,0,0,0,0,no_volume,0,0,0,0,low_activity,0,0,0,0,0,0,1255851,997573,-0.1146,44431,-42566,24,35,65,64,1
1774104271,64,35,0,0,0,0,no_volume,0,0,0,0,no_volume,0,0,0,0,low_activity,0,0,0,0,0,0,1255851,997573,-0.1146,0,-42566,24,35,65,64,1
1774104272,64,35,0,0,0,0,no_volume,0,0,0,0,no_volume,0,0,0,0,low_activity,0,0,0,0,0,0,1255851,997573,-0.1146,0,-47184,24,35,65,64,1
1774104273,64,35,0,0,0,0,no_volume,0,0,0,0,no_volume,0,0,0,0,low_activity,0,0,0,0,0,0,1255851,997573,-0.1146,0,-41101,24,35,65,64,1
1774104274,64,35,0,0,0,0,no_volume,0,0,0,0,no_volume,0,0,0,0,low_activity,0,0,0,0,0,0,1255851,997573,-0.1146,0,-41101,24,35,65,64,1
1774104275,64,35,0,0,0,0,no_volume,0,0,0,0,no_volume,0,0,0,0,low_activity,0,0,0,0,0,0,1266852,1025778,-0.1052,11001,-34211,24,35,65,64,1
1774104276,64,35,0,0,0,0,no_volume,0,0,0,0,no_volume,0,0,0,0,low_activity,0,0,0,0,0,0,1266852,1025778,-0.1052,11001,-34211,24,35,65,64,1
1774104277,64,35,0,0,0,0,no_volume,0,0,0,0,no_volume,0,0,0,0,low_activity,0,0,0,0,0,0,1304493,999418,-0.1324,48642,93073,24,34,65,64,1
1774104278,64,35,0,0,0,0,no_volume,0,0,0,0,no_volume,0,0,0,0,low_activity,0,0,0,0,0,0,1304493,999418,-0.1324,37641,48642,24,34,65,64,1
1774104279,64,35,0,0,0,0,no_volume,0,0,0,0,no_volume,0,0,0,0,low_activity,0,0,0,0,0,0,1304493,999418,-0.1324,37641,48642,24,34,65,64,1
1774104280,64,35,0,0,0,0,no_volume,0,0,0,0,no_volume,0,0,0,0,low_activity,0,0,0,0,0,0,1315494,1011778,-0.1305,11001,59643,24,34,65,64,1
1774104281,64,35,0,0,0,0,low_activity,0,0,0,0,low_activity,0,0,0,0,low_activity,0,0,0,0,0,0,1307004,1005695,-0.1303,2511,51153,24,34,65,64,1
1774104282,64,35,0,0,0,0,low_activity,0,0,0,0,low_activity,0,0,0,0,low_activity,0,0,0,0,0,0,1307004,1005695,-0.1303,2511,51153,24,34,65,64,1
1774104283,64,35,0,0,0,0,low_activity,0,0,0,0,low_activity,0,0,0,0,low_activity,0,0,0,0,0,0,1307004,1005695,-0.1303,-8490,51153,24,34,65,64,1
1774104284,64,35,0,0,0,0,no_volume,0,0,0,0,low_activity,0,0,0,0,low_activity,0,0,0,0,0,0,1259141,1005695,-0.1119,-47863,3290,24,34,65,64,1
1774104285,64,35,0,0,0,0,no_volume,0,0,0,0,low_activity,0,0,0,0,low_activity,0,0,0,0,0,0,1259141,1005695,-0.1119,-47863,-7711,24,34,65,64,1
1774104286,64,35,0,0,0,0,no_volume,0,0,0,0,no_volume,0,0,0,0,low_activity,0,0,0,0,0,0,1259141,1005695,-0.1119,-47863,-7711,24,34,65,64,1
1774104287,64,35,0,0,0,0,low_activity,0,0,0,0,low_activity,0,0,0,0,low_activity,0,0,0,0,0,0,1259126,1005728,-0.1119,-15,-45367,24,34,65,64,1
1774104288,64,35,0,0,0,0,low_activity,0,0,0,0,low_activity,0,0,0,0,low_activity,0,0,0,0,0,0,1211195,1005695,-0.0927,-47946,-93298,24,34,65,64,1
1774104289,64,35,0,0,0,0,low_activity,0,0,0,0,low_activity,0,0,0,0,low_activity,0,0,0,0,0,0,1211195,1005695,-0.0927,-47946,-93298,24,34,65,64,1
1774104290,64,35,0,0,0,0,no_volume,0,0,0,0,low_activity,0,0,0,0,low_activity,0,0,0,0,0,0,1211195,1005695,-0.0927,-47931,-104299,24,34,65,64,1
1774104291,64,35,0,0,0,0,no_volume,0,0,0,0,low_activity,0,0,0,0,low_activity,0,0,0,0,0,0,1211195,1005695,-0.0927,0,-95809,24,34,65,64,1
1774104292,64,35,0,0,0,0,no_volume,0,0,0,0,no_volume,0,0,0,0,low_activity,0,0,0,0,0,0,1211195,1005695,-0.0927,0,-95809,24,34,65,64,1
1774104293,64,35,0,0,0,0,low_activity,0,0,0,0,low_activity,0,0,0,0,low_activity,0,0,0,0,0,0,1187874,1024513,-0.0738,-23321,-119130,24,34,65,64,1
1774104294,64,35,0,0,0,0,low_activity,0,0,0,0,low_activity,0,0,0,0,low_activity,0,0,0,0,0,0,1187874,1024513,-0.0738,-23321,-71267,24,34,65,64,1
1774104295,64,35,0,0,0,0,low_activity,0,0,0,0,low_activity,0,0,0,0,low_activity,0,0,0,0,0,0,1187874,1024513,-0.0738,-23321,-71267,24,34,65,64,1
1774104296,64,35,0,0,0,0,no_volume,0,0,0,0,low_activity,0,0,0,0,low_activity,0,0,0,0,0,0,1187874,1024513,-0.0738,0,-71267,24,34,65,64,1
1774104297,64,35,0,0,0,0,no_volume,0,0,0,0,low_activity,0,0,0,0,low_activity,0,0,0,0,0,0,1187874,1044596,-0.0642,0,-71252,24,35,65,64,1
1774104298,64,35,0,0,0,0,no_volume,0,0,0,0,no_volume,0,0,0,0,low_activity,0,0,0,0,0,0,1283639,1044596,-0.1027,95765,72444,24,35,65,64,1
1774104299,64,35,0,0,0,0,low_activity,0,0,0,0,low_activity,0,0,0,0,low_activity,0,0,0,0,0,0,1283564,1023546,-0.1127,95690,72369,24,34,65,64,1
1774104300,64,35,0,0,0,0,low_activity,0,0,0,0,low_activity,0,0,0,0,low_activity,0,0,0,0,0,0,1283564,1023546,-0.1127,95690,72369,24,34,65,64,1
1774104301,64,35,0,0,0,0,low_activity,0,0,0,0,low_activity,0,0,0,0,low_activity,0,0,0,0,0,0,1278564,1011546,-0.1166,-5075,67369,24,34,65,64,1
1774104302,64,35,0,0,0,0,no_volume,0,0,0,0,low_activity,0,0,0,0,low_activity,0,0,0,0,0,0,1273564,1024602,-0.1083,-10000,62369,24,35,65,64,1
1774104303,64,35,0,0,0,0,no_volume,0,0,0,0,low_activity,0,0,0,0,low_activity,0,0,0,0,0,0,1273564,1024602,-0.1083,-10000,85690,24,35,65,64,1
1774104304,64,35,0,0,0,0,no_volume,0,0,0,0,no_volume,0,0,0,0,low_activity,0,0,0,0,0,0,1225662,1003519,-0.0997,-52902,37788,24,34,65,64,1
1774104305,64,35,0,0,0,0,no_volume,0,0,0,0,no_volume,0,0,0,0,low_activity,0,0,0,0,0,0,1177799,1024602,-0.0696,-95765,-10075,24,35,65,64,1
1774104306,64,35,0,0,0,0,no_volume,0,0,0,0,no_volume,0,0,0,0,low_activity,0,0,0,0,0,0,1177799,1014620,-0.0744,-95765,-10075,24,35,65,64,1
1774104307,64,35,0,0,0,0,no_volume,0,0,0,0,no_volume,0,0,0,0,low_activity,0,0,0,0,0,0,1177755,1008537,-0.0774,-47907,-10119,24,34,65,64,1
1774104308,64,35,0,0,0,0,no_volume,0,0,0,0,no_volume,0,0,0,0,low_activity,0,0,0,0,0,0,1177755,993537,-0.0848,-44,-105884,24,34,65,64,1
1774104309,64,35,0,0,0,0,no_volume,0,0,0,0,no_volume,0,0,0,0,low_activity,0,0,0,0,0,0,1177755,1019897,-0.0718,-44,-105809,24,35,65,64,1
1774104310,64,35,0,0,0,0,no_volume,0,0,0,0,no_volume,0,0,0,0,low_activity,0,0,0,0,0,0,1177755,1014620,-0.0744,0,-105809,24,35,65,64,1
1774104311,64,35,0,0,0,0,no_volume,0,0,0,0,no_volume,0,0,0,0,low_activity,0,0,0,0,0,0,1172398,1008537,-0.0751,-5357,-106166,24,34,65,64,1
1774104312,64,35,0,0,0,0,no_volume,0,0,0,0,no_volume,0,0,0,0,low_activity,0,0,0,0,0,0,1268158,1014620,-0.1111,90403,-5406,24,35,65,64,1
1774104313,64,35,0,0,0,0,no_volume,0,0,0,0,no_volume,0,0,0,0,low_activity,0,0,0,0,0,0,1268158,1019897,-0.1085,90403,-5406,24,35,65,64,1
1774104314,64,35,0,0,0,0,no_volume,0,0,0,0,no_volume,0,0,0,0,low_activity,0,0,0,0,0,0,1268158,1019897,-0.1085,95760,42496,24,35,65,64,1
1774104315,64,35,0,0,0,0,no_volume,0,0,0,0,no_volume,0,0,0,0,low_activity,0,0,0,0,0,0,1268158,1019897,-0.1085,0,90359,24,35,65,64,1
1774104316,64,35,0,0,0,0,no_volume,0,0,0,0,no_volume,0,0,0,0,low_activity,0,0,0,0,0,0,1171862,1008537,-0.0749,-96296,-5937,24,34,65,64,1
1774104317,64,35,0,0,0,0,no_volume,0,0,0,0,no_volume,0,0,0,0,low_activity,0,0,0,0,0,0,1171862,1013814,-0.0723,-96296,-5893,24,34,65,64,1
1774104318,64,35,0,0,0,0,no_volume,0,0,0,0,no_volume,0,0,0,0,low_activity,0,0,0,0,0,0,1267666,1013814,-0.1113,-492,89911,24,34,65,64,1
1774104319,64,35,0,0,0,0,no_volume,0,0,0,0,no_volume,0,0,0,0,low_activity,0,0,0,0,0,0,1267666,1014620,-0.1109,95804,89911,24,35,65,64,1
1774104320,64,35,0,0,0,0,no_volume,0,0,0,0,no_volume,0,0,0,0,low_activity,0,0,0,0,0,0,1267666,1014620,-0.1109,95804,89911,24,35,65,64,1
1774104321,64,35,0,0,0,0,no_volume,0,0,0,0,no_volume,0,0,0,0,low_activity,0,0,0,0,0,0,1267666,1014620,-0.1109,0,95268,24,35,65,64,1
1774104322,64,35,0,0,0,0,no_volume,0,0,0,0,no_volume,0,0,0,0,low_activity,0,0,0,0,0,0,1267666,1014620,-0.1109,0,-492,24,35,65,64,1
1774104323,64,35,0,0,0,0,no_volume,0,0,0,0,no_volume,0,0,0,0,low_activity,0,0,0,0,0,0,1363987,1014620,-0.1469,96321,95829,24,34,65,64,1
1774104324,64,35,0,0,0,0,no_volume,0,0,0,0,no_volume,0,0,0,0,low_activity,0,0,0,0,0,0,1363987,1014620,-0.1469,96321,95829,24,34,65,64,1
1774104325,64,35,0,0,0,0,no_volume,0,0,0,0,no_volume,0,0,0,0,low_activity,0,0,0,0,0,0,1363987,1014620,-0.1469,96321,95829,24,34,65,64,1
1774104326,64,35,0,0,0,0,no_volume,0,0,0,0,no_volume,0,0,0,0,low_activity,0,0,0,0,0,0,1363987,1014620,-0.1469,0,192125,24,34,65,64,1
1774104327,64,35,0,0,0,0,no_volume,0,0,0,0,no_volume,0,0,0,0,low_activity,0,0,0,0,0,0,1363987,1014620,-0.1469,0,192125,24,34,65,64,1
1774104328,64,35,0,0,0,0,no_volume,0,0,0,0,no_volume,0,0,0,0,low_activity,0,0,0,0,0,0,1363987,1014620,-0.1469,0,96321,24,34,65,64,1
1774104329,64,35,0,0,0,0,no_volume,0,0,0,0,no_volume,0,0,0,0,no_volume,0,0,0,0,0,0,1326539,1014620,-0.1332,-37448,58873,24,35,65,64,1
1774104330,64,35,0,0,0,0,low_activity,0,0,0,0,low_activity,0,0,0,0,low_activity,0,0,0,0,0,0,1326525,1014620,-0.1332,-37462,58859,24,35,65,64,1
1774104331,64,35,0,0,0,0,low_activity,0,0,0,0,low_activity,0,0,0,0,low_activity,0,0,0,0,0,0,1326525,1014620,-0.1332,-37462,58859,24,35,65,64,1
1774104332,64,35,0,0,0,0,low_activity,0,0,0,0,low_activity,0,0,0,0,low_activity,0,0,0,0,0,0,1230721,1014620,-0.0962,-95818,-36945,24,35,65,64,1
1774104333,64,35,0,0,0,0,no_volume,0,0,0,0,low_activity,0,0,0,0,low_activity,0,0,0,0,0,0,1182186,1014620,-0.0763,-144339,-181801,24,35,65,64,1
1774104334,64,35,0,0,0,0,no_volume,0,0,0,0,low_activity,0,0,0,0,low_activity,0,0,0,0,0,0,1182186,998051,-0.0845,-144339,-181801,24,34,65,64,1
1774104335,64,35,0,0,0,0,no_volume,0,0,0,0,no_volume,0,0,0,0,low_activity,0,0,0,0,0,0,1182186,998051,-0.0845,-48535,-181801,24,34,65,64,1
1774104336,64,35,0,0,0,0,low_activity,0,0,0,0,low_activity,0,0,0,0,low_activity,0,0,0,0,0,0,1238831,1019164,-0.0973,56645,-125156,24,35,65,64,1
1774104337,64,35,0,0,0,0,low_activity,0,0,0,0,low_activity,0,0,0,0,low_activity,0,0,0,0,0,0,1238831,1013884,-0.0999,56645,-125156,24,35,65,64,1
1774104338,64,35,0,0,0,0,low_activity,0,0,0,0,low_activity,0,0,0,0,low_activity,0,0,0,0,0,0,1238831,1013884,-0.0999,56645,-125156,24,35,65,64,1
1774104339,64,35,0,0,0,0,no_volume,0,0,0,0,low_activity,0,0,0,0,low_activity,0,0,0,0,0,0,1238831,1019131,-0.0973,0,-87708,24,35,65,64,1
1774104340,64,35,0,0,0,0,no_volume,0,0,0,0,low_activity,0,0,0,0,low_activity,0,0,0,0,0,0,1238831,1019131,-0.0973,0,-87694,24,35,65,64,1
1774104341,64,35,0,0,0,0,no_volume,0,0,0,0,no_volume,0,0,0,0,low_activity,0,0,0,0,0,0,1238831,1019131,-0.0973,0,-87694,24,35,65,64,1
1774104342,64,35,0,0,0,0,no_volume,0,0,0,0,no_volume,0,0,0,0,low_activity,0,0,0,0,0,0,1230042,998048,-0.1041,-8789,-679,24,34,65,64,1
1774104343,64,35,0,0,0,0,no_volume,0,0,0,0,no_volume,0,0,0,0,low_activity,0,0,0,0,0,0,1230042,998048,-0.1041,-8789,47856,24,34,65,64,1
1774104344,64,35,0,0,0,0,no_volume,0,0,0,0,no_volume,0,0,0,0,low_activity,0,0,0,0,0,0,1147343,1019483,-0.059,-91488,-34843,24,35,65,64,1
1774104345,64,35,0,0,0,0,low_activity,0,0,0,0,low_activity,0,0,0,0,low_activity,0,0,0,0,0,0,1167605,1002978,-0.0758,-62437,-14581,24,37,65,64,1
1774104346,64,35,0,0,0,0,low_activity,0,0,0,0,low_activity,0,0,0,0,low_activity,0,0,0,0,0,0,1126210,979418,-0.0697,-103832,-112621,24,35,65,64,1
1774104347,64,35,0,0,0,0,low_activity,0,0,0,0,low_activity,0,0,0,0,low_activity,0,0,0,0,0,0,1126210,979418,-0.0697,-21133,-112621,24,35,65,64,1
1774104348,64,35,0,0,0,0,no_volume,0,0,0,0,low_activity,0,0,0,0,low_activity,0,0,0,0,0,0,1119553,991965,-0.0604,-48052,-119278,24,35,65,64,1
1774104349,64,35,0,0,0,0,no_volume,0,0,0,0,low_activity,0,0,0,0,low_activity,0,0,0,0,0,0,1176875,987769,-0.0874,50665,-61956,24,35,65,64,1
1774104350,64,35,0,0,0,0,no_volume,0,0,0,0,no_volume,0,0,0,0,low_activity,0,0,0,0,0,0,1176875,966894,-0.0979,50665,-61956,24,34,65,64,1
1774104351,64,35,0,0,0,0,no_volume,0,0,0,0,no_volume,0,0,0,0,low_activity,0,0,0,0,0,0,1176875,966894,-0.0979,57322,-61956,24,34,65,64,1
1774104352,64,35,0,0,0,0,no_volume,0,0,0,0,no_volume,0,0,0,0,low_activity,0,0,0,0,0,0,1176875,966894,-0.0979,0,-53167,24,34,65,64,1
1774104353,64,35,0,0,0,0,no_volume,0,0,0,0,no_volume,0,0,0,0,low_activity,0,0,0,0,0,0,1176875,1004537,-0.079,0,-53167,24,35,65,64,1
1774104354,64,35,0,0,0,0,no_volume,0,0,0,0,no_volume,0,0,0,0,low_activity,0,0,0,0,0,0,1259574,1004537,-0.1126,82699,112231,24,35,65,64,1
1774104355,64,35,0,0,0,0,no_volume,0,0,0,0,no_volume,0,0,0,0,low_activity,0,0,0,0,0,0,1259574,1004537,-0.1126,82699,91969,24,35,65,64,1
1774104356,64,35,0,0,0,0,no_volume,0,0,0,0,no_volume,0,0,0,0,low_activity,0,0,0,0,0,0,1350827,983454,-0.1574,173952,224617,24,34,65,64,1
1774104357,64,35,0,0,0,0,no_volume,0,0,0,0,no_volume,0,0,0,0,low_activity,0,0,0,0,0,0,1268128,1004537,-0.116,8554,141918,24,35,65,64,1
1774104358,64,35,0,0,0,0,no_volume,0,0,0,0,no_volume,0,0,0,0,low_activity,0,0,0,0,0,0,1268128,1004537,-0.116,8554,148575,24,35,65,64,1
1774104359,64,35,0,0,0,0,no_volume,0,0,0,0,no_volume,0,0,0,0,low_activity,0,0,0,0,0,0,1268128,1004537,-0.116,-82699,91253,24,35,65,64,1
1774104360,64,35,0,0,0,0,no_volume,0,0,0,0,no_volume,0,0,0,0,low_activity,0,0,0,0,0,0,1268128,1004537,-0.116,0,91253,24,35,65,64,1
1774104361,64,35,0,0,0,0,no_volume,0,0,0,0,no_volume,0,0,0,0,low_activity,0,0,0,0,0,0,1268128,1004537,-0.116,0,91253,24,35,65,64,1
1774104362,64,35,0,0,0,0,no_volume,0,0,0,0,no_volume,0,0,0,0,low_activity,0,0,0,0,0,0,1268128,1004537,-0.116,0,91253,24,35,65,64,1
1774104363,64,35,0,0,0,0,low_activity,0,0,0,0,low_activity,0,0,0,0,low_activity,0,0,0,0,0,0,1268104,998421,-0.119,-24,91229,24,34,65,64,1
1774104364,64,35,0,0,0,0,low_activity,0,0,0,0,low_activity,0,0,0,0,low_activity,0,0,0,0,0,0,1268104,1004504,-0.116,-24,8530,24,35,65,64,1
1774104365,64,35,0,0,0,0,low_activity,0,0,0,0,low_activity,0,0,0,0,low_activity,0,0,0,0,0,0,1209282,998421,-0.0955,-58846,-50292,24,34,65,64,1
1774104366,64,35,0,0,0,0,low_activity,0,0,0,0,low_activity,0,0,0,0,low_activity,0,0,0,0,0,0,1209282,983421,-0.103,-58822,-141545,24,34,65,64,1
1774104367,64,35,0,0,0,0,low_activity,0,0,0,0,low_activity,0,0,0,0,low_activity,0,0,0,0,0,0,1209282,983421,-0.103,-58822,-58846,24,34,65,64,1
1774104368,64,35,0,0,0,0,no_volume,0,0,0,0,low_activity,0,0,0,0,low_activity,0,0,0,0,0,0,1209282,983421,-0.103,0,-58846,24,34,65,64,1
1774104369,64,35,0,0,0,0,no_volume,0,0,0,0,low_activity,0,0,0,0,low_activity,0,0,0,0,0,0,1268982,1011752,-0.1128,59700,854,24,35,65,64,1
1774104370,64,35,0,0,0,0,no_volume,0,0,0,0,no_volume,0,0,0,0,low_activity,0,0,0,0,0,0,1209282,1011752,-0.0889,0,-58846,24,35,65,64,1
1774104371,64,35,0,0,0,0,no_volume,0,0,0,0,no_volume,0,0,0,0,low_activity,0,0,0,0,0,0,1209282,1011752,-0.0889,0,-58846,24,35,65,64,1
1774104372,64,35,0,0,0,0,low_activity,0,0,0,0,low_activity,0,0,0,0,low_activity,0,0,0,0,0,0,1209045,1006475,-0.0914,-59937,-59083,24,35,65,64,1
1774104373,64,35,0,0,0,0,low_activity,0,0,0,0,low_activity,0,0,0,0,low_activity,0,0,0,0,0,0,1208970,1011752,-0.0888,-312,-59134,24,35,65,64,1
1774104374,64,35,0,0,0,0,low_activity,0,0,0,0,low_activity,0,0,0,0,low_activity,0,0,0,0,0,0,1208970,1011752,-0.0888,-312,-59134,24,35,65,64,1
1774104375,64,35,0,0,0,0,low_activity,0,0,0,0,low_activity,0,0,0,0,low_activity,0,0,0,0,0,0,1266230,990669,-0.1221,57185,56948,24,34,65,64,1
1774104376,64,35,0,0,0,0,no_volume,0,0,0,0,low_activity,0,0,0,0,low_activity,0,0,0,0,0,0,1266230,985392,-0.1247,57260,56948,24,34,65,64,1
1774104377,64,35,0,0,0,0,no_volume,0,0,0,0,low_activity,0,0,0,0,low_activity,0,0,0,0,0,0,1266230,985392,-0.1247,57260,56948,24,34,65,64,1
1774104378,64,35,0,0,0,0,no_volume,0,0,0,0,no_volume,0,0,0,0,low_activity,0,0,0,0,0,0,1266230,990669,-0.1221,0,56948,24,34,65,64,1
1774104379,64,35,0,0,0,0,no_volume,0,0,0,0,no_volume,0,0,0,0,low_activity,0,0,0,0,0,0,1266230,990669,-0.1221,0,-2752,24,34,65,64,1
1774104380,64,35,0,0,0,0,no_volume,0,0,0,0,no_volume,0,0,0,0,low_activity,0,0,0,0,0,0,1160824,1011752,-0.0686,-105406,-48458,24,35,65,64,1
1774104381,64,35,0,0,0,0,no_volume,0,0,0,0,no_volume,0,0,0,0,low_activity,0,0,0,0,0,0,1190824,1005702,-0.0843,-75406,-18458,24,34,65,64,1
1774104382,64,35,0,0,0,0,no_volume,0,0,0,0,no_volume,0,0,0,0,low_activity,0,0,0,0,0,0,1190824,990702,-0.0917,-75406,-18221,24,34,65,64,1
1774104383,64,35,0,0,0,0,no_volume,0,0,0,0,no_volume,0,0,0,0,low_activity,0,0,0,0,0,0,1190824,990702,-0.0917,30000,-18146,24,34,65,64,1
1774104384,64,35,0,0,0,0,low_activity,0,0,0,0,low_activity,0,0,0,0,low_activity,0,0,0,0,0,0,1190792,1011785,-0.0813,-32,-18178,24,35,65,64,1
1774104385,64,35,0,0,0,0,low_activity,0,0,0,0,low_activity,0,0,0,0,low_activity,0,0,0,0,0,0,1190692,1011752,-0.0812,-132,-75538,24,35,65,64,1
1774104386,64,35,0,0,0,0,low_activity,0,0,0,0,low_activity,0,0,0,0,low_activity,0,0,0,0,0,0,1160692,990702,-0.079,-30132,-105538,24,34,65,64,1
1774104387,64,35,0,0,0,0,low_activity,0,0,0,0,low_activity,0,0,0,0,low_activity,0,0,0,0,0,0,1161192,990702,-0.0792,-29600,-105038,25,34,65,64,1
1774104388,64,35,0,0,0,0,no_volume,0,0,0,0,low_activity,0,0,0,0,low_activity,0,0,0,0,0,0,1161192,990702,-0.0792,-29500,-105038,25,34,65,64,1
1774104389,64,35,0,0,0,0,low_activity,0,0,0,0,low_activity,0,0,0,0,low_activity,0,0,0,0,0,0,1265107,1011785,-0.1113,104415,-1123,25,35,65,64,1
1774104390,64,35,0,0,0,0,low_activity,0,0,0,0,low_activity,0,0,0,0,low_activity,0,0,0,0,0,0,1265107,1011785,-0.1113,103915,104283,25,35,65,64,1
1774104391,64,35,0,0,0,0,low_activity,0,0,0,0,low_activity,0,0,0,0,low_activity,0,0,0,0,0,0,1265107,1011785,-0.1113,103915,74283,25,35,65,64,1
1774104392,64,35,0,0,0,0,no_volume,0,0,0,0,low_activity,0,0,0,0,low_activity,0,0,0,0,0,0,1159671,990702,-0.0786,-105436,-31153,25,34,65,64,1
1774104393,64,35,0,0,0,0,no_volume,0,0,0,0,low_activity,0,0,0,0,low_activity,0,0,0,0,0,0,1159671,990702,-0.0786,-105436,-31153,25,34,65,64,1
1774104394,64,35,0,0,0,0,no_volume,0,0,0,0,no_volume,0,0,0,0,low_activity,0,0,0,0,0,0,1159671,990702,-0.0786,-105436,-31121,25,34,65,64,1
1774104395,64,35,0,0,0,0,no_volume,0,0,0,0,no_volume,0,0,0,0,low_activity,0,0,0,0,0,0,1186324,1011785,-0.0794,26653,-4368,25,35,65,64,1
1774104396,64,35,0,0,0,0,low_activity,0,0,0,0,low_activity,0,0,0,0,low_activity,0,0,0,0,0,0,1210237,1007130,-0.0916,50566,49545,25,35,65,64,1
1774104397,64,35,0,0,0,0,low_activity,0,0,0,0,low_activity,0,0,0,0,low_activity,0,0,0,0,0,0,1210237,1007130,-0.0916,50566,49045,25,35,65,64,1
1774104398,64,35,0,0,0,0,low_activity,0,0,0,0,low_activity,0,0,0,0,low_activity,0,0,0,0,0,0,1210437,1007163,-0.0917,24113,49245,25,35,65,64,1
1774104399,64,35,0,0,0,0,no_volume,0,0,0,0,low_activity,0,0,0,0,low_activity,0,0,0,0,0,0,1210250,1014534,-0.088,13,-54857,25,35,65,64,1
1774104400,64,35,0,0,0,0,no_volume,0,0,0,0,low_activity,0,0,0,0,low_activity,0,0,0,0,0,0,1189951,1003170,-0.0852,-20286,-75156,25,34,65,64,1
1774104401,64,35,0,0,0,0,no_volume,0,0,0,0,no_volume,0,0,0,0,low_activity,0,0,0,0,0,0,1189951,1003170,-0.0852,-20486,-75156,25,34,65,64,1
1774104402,64,35,0,0,0,0,no_volume,0,0,0,0,no_volume,0,0,0,0,low_activity,0,0,0,0,0,0,1188832,1022247,-0.0753,-21418,29161,25,35,65,64,1
1774104403,64,35,0,0,0,0,low_activity,0,0,0,0,low_activity,0,0,0,0,low_activity,0,0,0,0,0,0,1188810,1028891,-0.0721,-1141,29139,25,35,65,64,1
1774104404,64,35,0,0,0,0,low_activity,0,0,0,0,low_activity,0,0,0,0,low_activity,0,0,0,0,0,0,1188810,1028891,-0.0721,-1141,29139,25,35,65,64,1
1774104405,64,35,0,0,0,0,low_activity,0,0,0,0,low_activity,0,0,0,0,low_activity,0,0,0,0,0,0,1188780,1043375,-0.0651,-52,2456,25,35,65,64,1
1774104406,64,35,0,0,0,0,low_activity,0,0,0,0,low_activity,0,0,0,0,low_activity,0,0,0,0,0,0,1249667,1043375,-0.09,60857,39430,25,35,65,64,1
1774104407,64,35,0,0,0,0,low_activity,0,0,0,0,low_activity,0,0,0,0,low_activity,0,0,0,0,0,0,1249667,1043375,-0.09,60857,39430,25,35,65,64,1
1774104408,64,35,0,0,0,0,low_activity,0,0,0,0,low_activity,0,0,0,0,low_activity,0,0,0,0,0,0,1249667,1043375,-0.09,60887,39230,25,35,65,64,1
1774104409,64,35,0,0,0,0,no_volume,0,0,0,0,low_activity,0,0,0,0,low_activity,0,0,0,0,0,0,1249667,1043375,-0.09,0,39417,25,35,65,64,1
1774104410,64,35,0,0,0,0,no_volume,0,0,0,0,low_activity,0,0,0,0,low_activity,0,0,0,0,0,0,1249667,1001681,-0.1102,0,59716,25,34,65,64,1
1774104411,64,35,0,0,0,0,low_activity,0,0,0,0,low_activity,0,0,0,0,low_activity,0,0,0,0,0,0,1249630,1045681,-0.0889,-37,59679,25,35,65,64,1
1774104412,64,35,0,0,0,0,low_activity,0,0,0,0,low_activity,0,0,0,0,low_activity,0,0,0,0,0,0,1249630,1045681,-0.0889,-37,60798,25,35,65,64,1
1774104413,64,35,0,0,0,0,low_activity,0,0,0,0,low_activity,0,0,0,0,low_activity,0,0,0,0,0,0,1249630,1045681,-0.0889,-37,60820,25,35,65,64,1
1774104414,64,35,0,0,0,0,no_volume,0,0,0,0,low_activity,0,0,0,0,low_activity,0,0,0,0,0,0,1249630,1045681,-0.0889,0,60820,25,35,65,64,1
1774104415,64,35,0,0,0,0,no_volume,0,0,0,0,low_activity,0,0,0,0,low_activity,0,0,0,0,0,0,1249630,1045681,-0.0889,0,60850,25,35,65,64,1
1774104416,64,35,0,0,0,0,no_volume,0,0,0,0,no_volume,0,0,0,0,low_activity,0,0,0,0,0,0,1249630,1045681,-0.0889,0,-37,25,35,65,64,1
1774104417,64,35,0,0,0,0,no_volume,0,0,0,0,no_volume,0,0,0,0,low_activity,0,0,0,0,0,0,1249630,1045681,-0.0889,0,-37,25,35,65,64,1
1774104418,64,35,0,0,0,0,no_volume,0,0,0,0,no_volume,0,0,0,0,low_activity,0,0,0,0,0,0,1249630,1045681,-0.0889,0,-37,25,35,65,64,1
1774104419,64,35,0,0,0,0,no_volume,0,0,0,0,no_volume,0,0,0,0,low_activity,0,0,0,0,0,0,1249630,1045681,-0.0889,0,-37,25,35,65,64,1
1774104420,64,35,0,0,0,0,no_volume,0,0,0,0,no_volume,0,0,0,0,low_activity,0,0,0,0,0,0,1249630,1045681,-0.0889,0,-37,25,35,65,64,1
1774104421,64,35,0,0,0,0,no_volume,0,0,0,0,no_volume,0,0,0,0,low_activity,0,0,0,0,0,0,1249630,1045681,-0.0889,0,0,25,35,65,64,1
1774104422,64,35,0,0,0,0,no_volume,0,0,0,0,no_volume,0,0,0,0,low_activity,0,0,0,0,0,0,1249630,1045681,-0.0889,0,0,25,35,65,64,1
1774104423,64,35,0,0,0,0,no_volume,0,0,0,0,no_volume,0,0,0,0,low_activity,0,0,0,0,0,0,1249630,1043342,-0.09,0,0,25,34,65,64,1
1774104424,64,35,0,0,0,0,no_volume,0,0,0,0,no_volume,0,0,0,0,low_activity,0,0,0,0,0,0,1249630,1043342,-0.09,0,0,25,34,65,64,1
1774104425,64,35,0,0,0,0,no_volume,0,0,0,0,no_volume,0,0,0,0,low_activity,0,0,0,0,0,0,1249630,1043342,-0.09,0,0,25,34,65,64,1
1774104426,64,35,0,0,0,0,no_volume,0,0,0,0,no_volume,0,0,0,0,low_activity,0,0,0,0,0,0,1249630,1043342,-0.09,0,0,25,34,65,64,1
1774104427,64,35,0,0,0,0,no_volume,0,0,0,0,no_volume,0,0,0,0,low_activity,0,0,0,0,0,0,1249630,1043342,-0.09,0,0,25,34,65,64,1
1774104428,64,35,0,0,0,0,no_volume,0,0,0,0,no_volume,0,0,0,0,low_activity,0,0,0,0,0,0,1249630,1043342,-0.09,0,0,25,34,65,64,1
1774104429,64,35,0,0,0,0,no_volume,0,0,0,0,no_volume,0,0,0,0,low_activity,0,0,0,0,0,0,1249630,1043342,-0.09,0,0,25,34,65,64,1
1774104430,64,35,0,0,0,0,low_activity,0,0,0,0,low_activity,0,0,0,0,low_activity,0,0,0,0,0,0,1248807,1043342,-0.0896,-823,-823,25,35,65,64,1
1774104431,64,35,0,0,0,0,low_activity,0,0,0,0,low_activity,0,0,0,0,low_activity,0,0,0,0,0,0,1248807,1043342,-0.0896,-823,-823,25,35,65,64,1
1774104432,64,35,0,0,0,0,no_volume,0,0,0,0,low_activity,0,0,0,0,low_activity,0,0,0,0,0,0,1248807,1022292,-0.0997,-823,-823,25,34,65,64,1
1774104433,64,35,0,0,0,0,no_volume,0,0,0,0,low_activity,0,0,0,0,low_activity,0,0,0,0,0,0,1248807,1022292,-0.0997,0,-823,25,34,65,64,1
1774104434,64,35,0,0,0,0,no_volume,0,0,0,0,no_volume,0,0,0,0,low_activity,0,0,0,0,0,0,1248837,1043405,-0.0896,30,-793,25,35,65,64,1
1774104435,64,35,0,0,0,0,no_volume,0,0,0,0,no_volume,0,0,0,0,low_activity,0,0,0,0,0,0,1254194,1043405,-0.0917,5387,4564,25,35,65,64,1
1774104436,64,35,0,0,0,0,no_volume,0,0,0,0,no_volume,0,0,0,0,low_activity,0,0,0,0,0,0,1254194,1043405,-0.0917,5387,4564,25,35,65,64,1
1774104437,64,35,0,0,0,0,no_volume,0,0,0,0,no_volume,0,0,0,0,low_activity,0,0,0,0,0,0,1254194,1022289,-0.1019,5357,4564,25,34,65,64,1
1774104438,64,35,0,0,0,0,no_volume,0,0,0,0,no_volume,0,0,0,0,low_activity,0,0,0,0,0,0,1254194,1045678,-0.0907,0,4564,25,35,65,64,1
1774104439,64,35,0,0,0,0,no_volume,0,0,0,0,no_volume,0,0,0,0,low_activity,0,0,0,0,0,0,1254194,1045678,-0.0907,0,4564,25,35,65,64,1
1774104440,64,35,0,0,0,0,no_volume,0,0,0,0,no_volume,0,0,0,0,low_activity,0,0,0,0,0,0,1254194,1045678,-0.0907,0,5387,25,35,65,64,1
1774104441,64,35,0,0,0,0,no_volume,0,0,0,0,no_volume,0,0,0,0,low_activity,0,0,0,0,0,0,1254194,1045678,-0.0907,0,5387,25,35,65,64,1
1774104442,64,35,0,0,0,0,no_volume,0,0,0,0,no_volume,0,0,0,0,low_activity,0,0,0,0,0,0,1254194,1045678,-0.0907,0,5387,25,35,65,64,1
1774104443,64,35,0,0,0,0,no_volume,0,0,0,0,no_volume,0,0,0,0,low_activity,0,0,0,0,0,0,1284194,1045678,-0.1024,30000,35387,25,35,65,64,1
1774104444,64,35,0,0,0,0,low_activity,0,0,0,0,low_activity,0,0,0,0,low_activity,0,0,0,0,0,0,1284164,1045678,-0.1024,29970,35327,25,35,65,64,1
1774104445,64,35,0,0,0,0,low_activity,0,0,0,0,low_activity,0,0,0,0,low_activity,0,0,0,0,0,0,1284164,1045678,-0.1024,29970,29970,25,35,65,64,1
1774104446,64,35,0,0,0,0,low_activity,0,0,0,0,low_activity,0,0,0,0,low_activity,0,0,0,0,0,0,1254164,1024595,-0.1007,-30030,-30,25,34,65,64,1
1774104447,64,35,0,0,0,0,no_volume,0,0,0,0,low_activity,0,0,0,0,low_activity,0,0,0,0,0,0,1254164,1024595,-0.1007,-30000,-30,25,34,65,64,1
1774104448,64,35,0,0,0,0,no_volume,0,0,0,0,low_activity,0,0,0,0,low_activity,0,0,0,0,0,0,1170253,1045678,-0.0562,-113911,-83941,25,35,65,64,1
1774104449,64,35,0,0,0,0,no_volume,0,0,0,0,no_volume,0,0,0,0,low_activity,0,0,0,0,0,0,1170253,1045678,-0.0562,-83911,-83941,25,35,65,64,1
1774104450,64,35,0,0,0,0,no_volume,0,0,0,0,no_volume,0,0,0,0,low_activity,0,0,0,0,0,0,1170253,1045678,-0.0562,-83911,-83941,25,35,65,64,1
1774104451,64,35,0,0,0,0,no_volume,0,0,0,0,no_volume,0,0,0,0,low_activity,0,0,0,0,0,0,1170253,1045678,-0.0562,0,-83941,25,35,65,64,1
1774104452,64,35,0,0,0,0,no_volume,0,0,0,0,no_volume,0,0,0,0,low_activity,0,0,0,0,0,0,1170253,1045678,-0.0562,0,-83941,25,35,65,64,1
1774104453,64,35,0,0,0,0,no_volume,0,0,0,0,no_volume,0,0,0,0,low_activity,0,0,0,0,0,0,1252952,1045678,-0.0902,82699,-31242,25,35,65,64,1
1774104454,64,35,0,0,0,0,no_volume,0,0,0,0,no_volume,0,0,0,0,low_activity,0,0,0,0,0,0,1252952,1045678,-0.0902,82699,-31212,25,35,65,64,1
1774104455,64,35,0,0,0,0,no_volume,0,0,0,0,no_volume,0,0,0,0,low_activity,0,0,0,0,0,0,1252952,1045678,-0.0902,82699,-31212,25,35,65,64,1
1774104456,64,35,0,0,0,0,no_volume,0,0,0,0,no_volume,0,0,0,0,low_activity,0,0,0,0,0,0,1252952,1045678,-0.0902,0,-1212,25,35,65,64,1
1774104457,64,35,0,0,0,0,no_volume,0,0,0,0,no_volume,0,0,0,0,low_activity,0,0,0,0,0,0,1252952,1045678,-0.0902,0,-1212,25,35,65,64,1
1774104458,64,35,0,0,0,0,no_volume,0,0,0,0,no_volume,0,0,0,0,low_activity,0,0,0,0,0,0,1252952,1045678,-0.0902,0,82699,25,35,65,64,1
1774104459,64,35,0,0,0,0,no_volume,0,0,0,0,no_volume,0,0,0,0,low_activity,0,0,0,0,0,0,1252952,1045678,-0.0902,0,82699,25,35,65,64,1
1774104460,64,35,0,0,0,0,no_volume,0,0,0,0,no_volume,0,0,0,0,low_activity,0,0,0,0,0,0,1252952,1045678,-0.0902,0,82699,25,35,65,64,1
1774104461,64,35,0,0,0,0,low_activity,0,0,0,0,low_activity,0,0,0,0,low_activity,0,0,0,0,0,0,1250644,1045678,-0.0893,-2308,80391,25,35,65,64,1
1774104462,64,35,0,0,0,0,low_activity,0,0,0,0,low_activity,0,0,0,0,low_activity,0,0,0,0,0,0,1250644,1045678,-0.0893,-2308,80391,25,35,65,64,1
1774104463,64,35,0,0,0,0,low_activity,0,0,0,0,low_activity,0,0,0,0,low_activity,0,0,0,0,0,0,1250531,1039595,-0.0921,-2421,-2421,25,34,65,64,1
1774104464,64,35,0,0,0,0,low_activity,0,0,0,0,low_activity,0,0,0,0,low_activity,0,0,0,0,0,0,1250531,1024595,-0.0993,-113,-2421,25,34,65,64,1
1774104465,64,35,0,0,0,0,low_activity,0,0,0,0,low_activity,0,0,0,0,low_activity,0,0,0,0,0,0,1250531,1024595,-0.0993,-113,-2421,25,34,65,64,1
1774104466,64,35,0,0,0,0,no_volume,0,0,0,0,low_activity,0,0,0,0,low_activity,0,0,0,0,0,0,1250531,1045711,-0.0892,0,-2421,25,35,65,64,1
1774104467,64,35,0,0,0,0,no_volume,0,0,0,0,low_activity,0,0,0,0,low_activity,0,0,0,0,0,0,1250531,1045711,-0.0892,0,-2421,25,35,65,64,1
1774104468,64,35,0,0,0,0,no_volume,0,0,0,0,no_volume,0,0,0,0,low_activity,0,0,0,0,0,0,1363031,1024595,-0.1417,112500,110079,25,34,65,64,1
1774104469,64,35,0,0,0,0,no_volume,0,0,0,0,no_volume,0,0,0,0,low_activity,0,0,0,0,0,0,1365324,1045678,-0.1326,114793,112372,25,35,65,64,1
1774104470,64,35,0,0,0,0,low_activity,0,0,0,0,low_activity,0,0,0,0,low_activity,0,0,0,0,0,0,1477591,1045678,-0.1712,227060,224639,25,35,65,64,1
1774104471,64,35,0,0,0,0,low_activity,0,0,0,0,low_activity,0,0,0,0,low_activity,0,0,0,0,0,0,1477591,1045678,-0.1712,114560,226947,25,35,65,64,1
1774104472,64,35,0,0,0,0,low_activity,0,0,0,0,low_activity,0,0,0,0,low_activity,0,0,0,0,0,0,1477591,1045678,-0.1712,112267,226947,25,35,65,64,1
1774104473,64,35,0,0,0,0,no_volume,0,0,0,0,low_activity,0,0,0,0,low_activity,0,0,0,0,0,0,1477591,1045678,-0.1712,0,227060,25,35,65,64,1
1774104474,64,35,0,0,0,0,no_volume,0,0,0,0,low_activity,0,0,0,0,low_activity,0,0,0,0,0,0,1477591,1045678,-0.1712,0,227060,25,35,65,64,1
1774104475,64,35,0,0,0,0,no_volume,0,0,0,0,no_volume,0,0,0,0,low_activity,0,0,0,0,0,0,1477591,1045678,-0.1712,0,227060,25,35,65,64,1
1774104476,64,35,0,0,0,0,no_volume,0,0,0,0,no_volume,0,0,0,0,low_activity,0,0,0,0,0,0,1477591,1045678,-0.1712,0,227060,25,35,65,64,1
1774104477,64,35,0,0,0,0,no_volume,0,0,0,0,no_volume,0,0,0,0,low_activity,0,0,0,0,0,0,1477591,1045678,-0.1712,0,227060,25,35,65,64,1
1774104478,64,35,0,0,0,0,no_volume,0,0,0,0,no_volume,0,0,0,0,low_activity,0,0,0,0,0,0,1477591,1045678,-0.1712,0,114560,25,35,65,64,1
1774104479,64,35,0,0,0,0,low_activity,0,0,0,0,low_activity,0,0,0,0,low_activity,0,0,0,0,0,0,1477589,1045678,-0.1712,-2,112265,25,35,65,64,1
1774104480,64,35,0,0,0,0,low_activity,0,0,0,0,low_activity,0,0,0,0,low_activity,0,0,0,0,0,0,1477589,1045645,-0.1712,-2,-2,25,35,65,64,1
1774104481,64,35,0,0,0,0,low_activity,0,0,0,0,low_activity,0,0,0,0,low_activity,0,0,0,0,0,0,1477589,1045645,-0.1712,-2,-2,25,35,65,64,1
1774104482,64,35,0,0,0,0,no_volume,0,0,0,0,low_activity,0,0,0,0,low_activity,0,0,0,0,0,0,1477589,1045645,-0.1712,0,-2,25,35,65,64,1
1774104483,64,35,0,0,0,0,no_volume,0,0,0,0,low_activity,0,0,0,0,low_activity,0,0,0,0,0,0,1477589,1045645,-0.1712,0,-2,25,35,65,64,1
1774104484,64,35,0,0,0,0,no_volume,0,0,0,0,no_volume,0,0,0,0,low_activity,0,0,0,0,0,0,1477589,1045645,-0.1712,0,-2,25,35,65,64,1
1774104485,64,35,0,0,0,0,no_volume,0,0,0,0,no_volume,0,0,0,0,low_activity,0,0,0,0,0,0,1477589,1045645,-0.1712,0,-2,25,35,65,64,1
1774104486,64,35,0,0,0,0,low_activity,0,0,0,0,low_activity,0,0,0,0,low_activity,0,0,0,0,0,0,1477207,1045674,-0.171,-382,-384,25,35,65,64,1
1774104487,64,35,0,0,0,0,low_activity,0,0,0,0,low_activity,0,0,0,0,low_activity,0,0,0,0,0,0,1477207,1045674,-0.171,-382,-384,25,35,65,64,1
1774104488,64,35,0,0,0,0,low_activity,0,0,0,0,low_activity,0,0,0,0,low_activity,0,0,0,0,0,0,1364804,1024591,-0.1424,-112785,-112787,25,34,65,64,1
1774104489,64,35,0,0,0,0,no_volume,0,0,0,0,low_activity,0,0,0,0,low_activity,0,0,0,0,0,0,1364804,1024587,-0.1424,-112403,-112785,25,34,65,64,1
1774104490,64,35,0,0,0,0,no_volume,0,0,0,0,low_activity,0,0,0,0,low_activity,0,0,0,0,0,0,1252304,1016670,-0.1039,-224903,-225285,25,35,65,64,1
1774104491,64,35,0,0,0,0,no_volume,0,0,0,0,no_volume,0,0,0,0,low_activity,0,0,0,0,0,0,1364703,1045670,-0.1324,-101,-112886,25,35,65,64,1
1774104492,64,35,0,0,0,0,no_volume,0,0,0,0,no_volume,0,0,0,0,low_activity,0,0,0,0,0,0,1364703,1045670,-0.1324,-101,-112886,25,35,65,64,1
1774104493,64,35,0,0,0,0,no_volume,0,0,0,0,no_volume,0,0,0,0,low_activity,0,0,0,0,0,0,1364703,1045670,-0.1324,112399,-112886,25,35,65,64,1
1774104494,64,35,0,0,0,0,no_volume,0,0,0,0,no_volume,0,0,0,0,low_activity,0,0,0,0,0,0,1364703,1045670,-0.1324,0,-112886,25,35,65,64,1
1774104495,64,35,0,0,0,0,no_volume,0,0,0,0,no_volume,0,0,0,0,low_activity,0,0,0,0,0,0,1364703,1045670,-0.1324,0,-112886,25,35,65,64,1
1774104496,64,35,0,0,0,0,no_volume,0,0,0,0,no_volume,0,0,0,0,low_activity,0,0,0,0,0,0,1364703,1045670,-0.1324,0,-112504,25,35,65,64,1
1774104497,64,35,0,0,0,0,low_activity,0,0,0,0,low_activity,0,0,0,0,low_activity,0,0,0,0,0,0,1364448,1045670,-0.1323,-255,-112759,25,35,65,64,1
1774104498,64,35,0,0,0,0,low_activity,0,0,0,0,low_activity,0,0,0,0,low_activity,0,0,0,0,0,0,1364448,1045670,-0.1323,-255,-356,25,35,65,64,1
1774104499,64,35,0,0,0,0,low_activity,0,0,0,0,low_activity,0,0,0,0,low_activity,0,0,0,0,0,0,1364448,1045670,-0.1323,-255,-356,25,35,65,64,1
1774104500,64,35,0,0,0,0,no_volume,0,0,0,0,low_activity,0,0,0,0,low_activity,0,0,0,0,0,0,1364448,1045703,-0.1323,0,112144,25,35,65,64,1
1774104501,64,35,0,0,0,0,no_volume,0,0,0,0,low_activity,0,0,0,0,low_activity,0,0,0,0,0,0,1364448,1045703,-0.1323,0,-255,25,35,65,64,1
1774104502,64,35,0,0,0,0,no_volume,0,0,0,0,no_volume,0,0,0,0,low_activity,0,0,0,0,0,0,1364448,1045703,-0.1323,0,-255,25,35,65,64,1
1774104503,64,35,0,0,0,0,no_volume,0,0,0,0,no_volume,0,0,0,0,low_activity,0,0,0,0,0,0,1364448,1045703,-0.1323,0,-255,25,35,65,64,1
1774104504,64,35,0,0,0,0,no_volume,0,0,0,0,no_volume,0,0,0,0,low_activity,0,0,0,0,0,0,1311825,1045703,-0.1129,-52623,-52878,25,34,65,64,1
1774104505,64,35,0,0,0,0,no_volume,0,0,0,0,no_volume,0,0,0,0,low_activity,0,0,0,0,0,0,1311825,1045703,-0.1129,-52623,-52878,25,34,65,64,1
1774104506,64,35,0,0,0,0,no_volume,0,0,0,0,no_volume,0,0,0,0,low_activity,0,0,0,0,0,0,1200875,1045703,-0.0691,-163573,-163828,25,34,65,64,1
1774104507,64,35,0,0,0,0,no_volume,0,0,0,0,no_volume,0,0,0,0,low_activity,0,0,0,0,0,0,1200875,1045703,-0.0691,-110950,-163573,25,34,65,64,1
1774104508,64,35,0,0,0,0,low_activity,0,0,0,0,low_activity,0,0,0,0,low_activity,0,0,0,0,0,0,1252007,1045703,-0.0898,-59818,-112441,25,35,65,64,1
1774104509,64,35,0,0,0,0,low_activity,0,0,0,0,low_activity,0,0,0,0,low_activity,0,0,0,0,0,0,1252007,1045703,-0.0898,51132,-112441,25,35,65,64,1
1774104510,64,35,0,0,0,0,low_activity,0,0,0,0,low_activity,0,0,0,0,low_activity,0,0,0,0,0,0,1250589,1024620,-0.0993,49714,-113859,25,34,65,64,1
1774104511,64,35,0,0,0,0,no_volume,0,0,0,0,low_activity,0,0,0,0,low_activity,0,0,0,0,0,0,1250589,1024620,-0.0993,-1418,-113859,25,34,65,64,1
1774104512,64,35,0,0,0,0,low_activity,0,0,0,0,low_activity,0,0,0,0,low_activity,0,0,0,0,0,0,1245737,1045673,-0.0873,-6270,-118711,25,35,65,64,1
1774104513,64,35,0,0,0,0,low_activity,0,0,0,0,low_activity,0,0,0,0,low_activity,0,0,0,0,0,0,1245737,1045673,-0.0873,-4852,-118711,25,35,65,64,1
1774104514,64,35,0,0,0,0,low_activity,0,0,0,0,low_activity,0,0,0,0,low_activity,0,0,0,0,0,0,1245729,1045673,-0.0873,-4860,-66096,25,35,65,64,1
1774104515,64,35,0,0,0,0,low_activity,0,0,0,0,low_activity,0,0,0,0,low_activity,0,0,0,0,0,0,1245729,1024615,-0.0974,-8,-66096,25,34,65,64,1
1774104516,64,35,0,0,0,0,low_activity,0,0,0,0,low_activity,0,0,0,0,low_activity,0,0,0,0,0,0,1245729,1045660,-0.0873,-8,44854,25,35,65,64,1
1774104517,64,35,0,0,0,0,no_volume,0,0,0,0,low_activity,0,0,0,0,low_activity,0,0,0,0,0,0,1363039,1045660,-0.1318,117310,162164,25,35,65,64,1
1774104518,64,35,0,0,0,0,no_volume,0,0,0,0,low_activity,0,0,0,0,low_activity,0,0,0,0,0,0,1363039,1045660,-0.1318,117310,111032,25,35,65,64,1
1774104519,64,35,0,0,0,0,no_volume,0,0,0,0,no_volume,0,0,0,0,low_activity,0,0,0,0,0,0,1248529,1039577,-0.0913,2800,-3478,25,34,65,64,1
1774104520,64,35,0,0,0,0,no_volume,0,0,0,0,no_volume,0,0,0,0,low_activity,0,0,0,0,0,0,1248529,1045660,-0.0884,-114510,-2060,25,35,65,64,1
1774104521,64,35,0,0,0,0,no_volume,0,0,0,0,no_volume,0,0,0,0,low_activity,0,0,0,0,0,0,1248529,1045660,-0.0884,-114510,-2060,25,35,65,64,1
1774104522,64,35,0,0,0,0,no_volume,0,0,0,0,no_volume,0,0,0,0,low_activity,0,0,0,0,0,0,1250489,1024577,-0.0993,1960,4752,25,34,65,64,1
1774104523,64,35,0,0,0,0,no_volume,0,0,0,0,no_volume,0,0,0,0,low_activity,0,0,0,0,0,0,1250489,1024577,-0.0993,1960,4752,25,34,65,64,1
1774104524,64,35,0,0,0,0,no_volume,0,0,0,0,no_volume,0,0,0,0,low_activity,0,0,0,0,0,0,1415662,1045660,-0.1503,167133,169933,25,35,65,64,1
1774104525,64,35,0,0,0,0,no_volume,0,0,0,0,no_volume,0,0,0,0,low_activity,0,0,0,0,0,0,1415662,1045660,-0.1503,165173,169933,25,35,65,64,1
1774104526,64,35,0,0,0,0,no_volume,0,0,0,0,no_volume,0,0,0,0,low_activity,0,0,0,0,0,0,1415662,1045660,-0.1503,165173,169933,25,35,65,64,1
1774104527,64,35,0,0,0,0,no_volume,0,0,0,0,no_volume,0,0,0,0,low_activity,0,0,0,0,0,0,1415662,1045660,-0.1503,0,52623,25,35,65,64,1
1774104528,64,35,0,0,0,0,no_volume,0,0,0,0,no_volume,0,0,0,0,low_activity,0,0,0,0,0,0,1415662,1045660,-0.1503,0,52623,25,35,65,64,1
1774104529,64,35,0,0,0,0,no_volume,0,0,0,0,no_volume,0,0,0,0,low_activity,0,0,0,0,0,0,1415662,1045660,-0.1503,0,167133,25,35,65,64,1
1774104530,64,35,0,0,0,0,no_volume,0,0,0,0,no_volume,0,0,0,0,low_activity,0,0,0,0,0,0,1415662,1045660,-0.1503,0,167133,25,35,65,64,1
1774104531,64,35,0,0,0,0,low_activity,0,0,0,0,low_activity,0,0,0,0,low_activity,0,0,0,0,0,0,1414927,1045627,-0.1501,-735,166398,25,35,65,64,1
1774104532,64,35,0,0,0,0,low_activity,0,0,0,0,low_activity,0,0,0,0,low_activity,0,0,0,0,0,0,1414927,1045627,-0.1501,-735,164438,25,35,65,64,1
1774104533,64,35,0,0,0,0,no_volume,0,0,0,0,low_activity,0,0,0,0,low_activity,0,0,0,0,0,0,1314441,1045662,-0.1139,-101221,63952,25,35,65,64,1
1774104534,64,35,0,0,0,0,no_volume,0,0,0,0,low_activity,0,0,0,0,low_activity,0,0,0,0,0,0,1314441,1045662,-0.1139,-100486,-101221,25,35,65,64,1
1774104535,64,35,0,0,0,0,no_volume,0,0,0,0,no_volume,0,0,0,0,low_activity,0,0,0,0,0,0,1314441,1045662,-0.1139,-100486,-101221,25,35,65,64,1
1774104536,64,35,0,0,0,0,no_volume,0,0,0,0,no_volume,0,0,0,0,low_activity,0,0,0,0,0,0,1362304,1045662,-0.1315,47863,-53358,25,35,65,64,1
1774104537,64,35,0,0,0,0,no_volume,0,0,0,0,no_volume,0,0,0,0,low_activity,0,0,0,0,0,0,1222653,1045662,-0.078,-91788,-193009,25,35,65,64,1
1774104538,64,35,0,0,0,0,no_volume,0,0,0,0,no_volume,0,0,0,0,low_activity,0,0,0,0,0,0,1222653,1045662,-0.078,-91788,-193009,25,35,65,64,1
1774104539,64,35,0,0,0,0,no_volume,0,0,0,0,no_volume,0,0,0,0,low_activity,0,0,0,0,0,0,1222653,1045662,-0.078,-139651,-193009,25,35,65,64,1
1774104540,64,35,0,0,0,0,low_activity,0,0,0,0,low_activity,0,0,0,0,low_activity,0,0,0,0,0,0,1222607,1045662,-0.078,-46,-193055,25,35,65,64,1
1774104541,64,35,0,0,0,0,low_activity,0,0,0,0,low_activity,0,0,0,0,low_activity,0,0,0,0,0,0,1222607,1045662,-0.078,-46,-192320,25,35,65,64,1
1774104542,64,35,0,0,0,0,low_activity,0,0,0,0,low_activity,0,0,0,0,low_activity,0,0,0,0,0,0,1174744,1024579,-0.0683,-47909,-240183,25,34,65,64,1
1774104543,64,35,0,0,0,0,no_volume,0,0,0,0,low_activity,0,0,0,0,low_activity,0,0,0,0,0,0,1174744,1024579,-0.0683,-47863,-139697,25,34,65,64,1
1774104544,64,35,0,0,0,0,no_volume,0,0,0,0,low_activity,0,0,0,0,low_activity,0,0,0,0,0,0,1174744,1024579,-0.0683,-47863,-139697,25,34,65,64,1
1774104545,64,35,0,0,0,0,no_volume,0,0,0,0,no_volume,0,0,0,0,low_activity,0,0,0,0,0,0,1174744,1024579,-0.0683,0,-139697,25,34,65,64,1
1774104546,64,35,0,0,0,0,no_volume,0,0,0,0,no_volume,0,0,0,0,low_activity,0,0,0,0,0,0,1222607,1045662,-0.078,47863,-139697,25,35,65,64,1
1774104547,64,35,0,0,0,0,no_volume,0,0,0,0,no_volume,0,0,0,0,low_activity,0,0,0,0,0,0,1222607,1045662,-0.078,47863,-46,25,35,65,64,1
1774104548,64,35,0,0,0,0,no_volume,0,0,0,0,no_volume,0,0,0,0,low_activity,0,0,0,0,0,0,1222607,1045662,-0.078,47863,-46,25,35,65,64,1
1774104549,64,35,0,0,0,0,no_volume,0,0,0,0,no_volume,0,0,0,0,low_activity,0,0,0,0,0,0,1222607,1045662,-0.078,0,-46,25,35,65,64,1
1774104550,64,35,0,0,0,0,no_volume,0,0,0,0,no_volume,0,0,0,0,low_activity,0,0,0,0,0,0,1222607,1045662,-0.078,0,0,25,35,65,64,1
1774104551,64,35,0,0,0,0,no_volume,0,0,0,0,no_volume,0,0,0,0,low_activity,0,0,0,0,0,0,1222607,1045662,-0.078,0,0,25,35,65,64,1
1774104552,64,35,0,0,0,0,no_volume,0,0,0,0,no_volume,0,0,0,0,low_activity,0,0,0,0,0,0,1243848,1045662,-0.0866,21241,69104,25,35,65,64,1
1774104553,64,35,0,0,0,0,no_volume,0,0,0,0,no_volume,0,0,0,0,low_activity,0,0,0,0,0,0,1243848,1045662,-0.0866,21241,69104,25,35,65,64,1
1774104554,64,35,0,0,0,0,no_volume,0,0,0,0,no_volume,0,0,0,0,low_activity,0,0,0,0,0,0,1243848,1045662,-0.0866,21241,69104,25,35,65,64,1
1774104555,64,35,0,0,0,0,no_volume,0,0,0,0,no_volume,0,0,0,0,low_activity,0,0,0,0,0,0,1243848,1045662,-0.0866,0,69104,25,35,65,64,1
1774104556,64,35,0,0,0,0,no_volume,0,0,0,0,no_volume,0,0,0,0,low_activity,0,0,0,0,0,0,1383476,1045662,-0.1391,139628,160869,25,35,65,64,1
1774104557,64,35,0,0,0,0,no_volume,0,0,0,0,no_volume,0,0,0,0,low_activity,0,0,0,0,0,0,1383476,1045662,-0.1391,139628,160869,25,35,65,64,1
1774104558,64,35,0,0,0,0,no_volume,0,0,0,0,no_volume,0,0,0,0,low_activity,0,0,0,0,0,0,1383476,991391,-0.1651,139628,160869,25,34,65,64,1
1774104559,64,35,0,0,0,0,no_volume,0,0,0,0,no_volume,0,0,0,0,low_activity,0,0,0,0,0,0,1383476,991391,-0.1651,0,160869,25,34,65,64,1
1774104560,64,35,0,0,0,0,no_volume,0,0,0,0,no_volume,0,0,0,0,low_activity,0,0,0,0,0,0,1383476,991391,-0.1651,0,160869,25,34,65,64,1
1774104561,64,35,0,0,0,0,no_volume,0,0,0,0,no_volume,0,0,0,0,low_activity,0,0,0,0,0,0,1383476,981161,-0.1701,0,160869,25,35,65,64,1
1774104562,64,35,0,0,0,0,low_activity,0,0,0,0,low_activity,0,0,0,0,low_activity,0,0,0,0,0,0,1526804,1010161,-0.2036,143328,282956,25,35,65,64,1
1774104563,64,35,0,0,0,0,low_activity,0,0,0,0,low_activity,0,0,0,0,low_activity,0,0,0,0,0,0,1526804,1010161,-0.2036,143328,282956,25,35,65,64,1
1774104564,64,35,0,0,0,0,low_activity,0,0,0,0,low_activity,0,0,0,0,low_activity,0,0,0,0,0,0,1526794,989078,-0.2137,143318,282946,25,34,65,64,1
1774104565,64,35,0,0,0,0,low_activity,0,0,0,0,low_activity,0,0,0,0,low_activity,0,0,0,0,0,0,1298755,1010194,-0.125,-228049,54907,25,35,65,64,1
1774104566,64,35,0,0,0,0,low_activity,0,0,0,0,low_activity,0,0,0,0,low_activity,0,0,0,0,0,0,1298755,1010194,-0.125,-228049,-84721,25,35,65,64,1
1774104567,64,35,0,0,0,0,no_volume,0,0,0,0,low_activity,0,0,0,0,low_activity,0,0,0,0,0,0,1298755,1010194,-0.125,-228039,-84721,25,35,65,64,1
1774104568,64,35,0,0,0,0,no_volume,0,0,0,0,low_activity,0,0,0,0,low_activity,0,0,0,0,0,0,1268755,1010194,-0.1135,-30000,-114721,25,35,65,64,1
1774104569,64,35,0,0,0,0,no_volume,0,0,0,0,no_volume,0,0,0,0,low_activity,0,0,0,0,0,0,1268755,1010161,-0.1135,-30000,-114721,25,35,65,64,1
1774104570,64,35,0,0,0,0,no_volume,0,0,0,0,no_volume,0,0,0,0,low_activity,0,0,0,0,0,0,1268755,1010161,-0.1135,-30000,-114721,25,35,65,64,1
1774104571,64,35,0,0,0,0,low_activity,0,0,0,0,low_activity,0,0,0,0,low_activity,0,0,0,0,0,0,1268740,1010161,-0.1135,-15,-114736,25,35,65,64,1
1774104572,64,35,0,0,0,0,low_activity,0,0,0,0,low_activity,0,0,0,0,low_activity,0,0,0,0,0,0,1247499,1010161,-0.1051,-21256,-279305,25,35,65,64,1
1774104573,64,35,0,0,0,0,low_activity,0,0,0,0,low_activity,0,0,0,0,low_activity,0,0,0,0,0,0,1247499,1010161,-0.1051,-21256,-279305,25,35,65,64,1
1774104574,64,35,0,0,0,0,no_volume,0,0,0,0,low_activity,0,0,0,0,low_activity,0,0,0,0,0,0,1247499,1010161,-0.1051,-21241,-279295,25,35,65,64,1
1774104575,64,35,0,0,0,0,no_volume,0,0,0,0,low_activity,0,0,0,0,low_activity,0,0,0,0,0,0,1247499,1010161,-0.1051,0,-51256,25,35,65,64,1
1774104576,64,35,0,0,0,0,no_volume,0,0,0,0,no_volume,0,0,0,0,low_activity,0,0,0,0,0,0,1247499,1010161,-0.1051,0,-51256,25,35,65,64,1
1774104577,64,35,0,0,0,0,no_volume,0,0,0,0,no_volume,0,0,0,0,low_activity,0,0,0,0,0,0,1247499,1010161,-0.1051,0,-51256,25,35,65,64,1
1774104578,64,35,0,0,0,0,no_volume,0,0,0,0,no_volume,0,0,0,0,low_activity,0,0,0,0,0,0,1247499,1010161,-0.1051,0,-21256,25,35,65,64,1
1774104579,64,35,0,0,0,0,no_volume,0,0,0,0,no_volume,0,0,0,0,low_activity,0,0,0,0,0,0,1247086,1010161,-0.105,-413,-21669,25,34,65,64,1
1774104580,64,35,0,0,0,0,no_volume,0,0,0,0,no_volume,0,0,0,0,low_activity,0,0,0,0,0,0,1247086,1010161,-0.105,-413,-21669,25,34,65,64,1
1774104581,64,35,0,0,0,0,no_volume,0,0,0,0,no_volume,0,0,0,0,low_activity,0,0,0,0,0,0,1247086,1010161,-0.105,-413,-21654,25,34,65,64,1
1774104582,64,35,0,0,0,0,no_volume,0,0,0,0,no_volume,0,0,0,0,low_activity,0,0,0,0,0,0,1365497,996161,-0.1564,118411,117998,25,35,65,64,1
1774104583,64,35,0,0,0,0,no_volume,0,0,0,0,no_volume,0,0,0,0,low_activity,0,0,0,0,0,0,1365497,1010161,-0.1496,118411,117998,25,35,65,64,1
1774104584,64,35,0,0,0,0,no_volume,0,0,0,0,no_volume,0,0,0,0,low_activity,0,0,0,0,0,0,1365497,1010161,-0.1496,118411,117998,25,35,65,64,1
1774104585,64,35,0,0,0,0,no_volume,0,0,0,0,no_volume,0,0,0,0,low_activity,0,0,0,0,0,0,1247086,989078,-0.1154,-118411,-413,25,34,65,64,1
1774104586,64,35,0,0,0,0,no_volume,0,0,0,0,no_volume,0,0,0,0,low_activity,0,0,0,0,0,0,1247086,989078,-0.1154,-118411,-413,25,34,65,64,1
1774104587,64,35,0,0,0,0,no_volume,0,0,0,0,no_volume,0,0,0,0,low_activity,0,0,0,0,0,0,1247086,989078,-0.1154,-118411,-413,25,34,65,64,1
1774104588,64,35,0,0,0,0,no_volume,0,0,0,0,no_volume,0,0,0,0,low_activity,0,0,0,0,0,0,1365907,1010161,-0.1497,118821,118408,25,35,65,64,1
1774104589,64,35,0,0,0,0,no_volume,0,0,0,0,no_volume,0,0,0,0,low_activity,0,0,0,0,0,0,1365831,1010161,-0.1497,118745,118745,25,35,65,64,1
1774104590,64,35,0,0,0,0,no_volume,0,0,0,0,no_volume,0,0,0,0,low_activity,0,0,0,0,0,0,1365831,1010161,-0.1497,118745,118745,25,35,65,64,1
1774104591,64,35,0,0,0,0,no_volume,0,0,0,0,no_volume,0,0,0,0,low_activity,0,0,0,0,0,0,1365831,1010161,-0.1497,-76,118745,25,35,65,64,1
1774104592,64,35,0,0,0,0,no_volume,0,0,0,0,no_volume,0,0,0,0,low_activity,0,0,0,0,0,0,1365831,1010161,-0.1497,0,334,25,35,65,64,1
1774104593,64,35,0,0,0,0,low_activity,0,0,0,0,low_activity,0,0,0,0,low_activity,0,0,0,0,0,0,1365756,1010161,-0.1497,-75,259,25,35,65,64,1
1774104594,64,35,0,0,0,0,low_activity,0,0,0,0,low_activity,0,0,0,0,low_activity,0,0,0,0,0,0,1365730,1010161,-0.1497,-101,233,25,35,65,64,1
1774104595,64,35,0,0,0,0,low_activity,0,0,0,0,low_activity,0,0,0,0,low_activity,0,0,0,0,0,0,1365730,993685,-0.1577,-101,118644,25,34,65,64,1
1774104596,64,35,0,0,0,0,low_activity,0,0,0,0,low_activity,0,0,0,0,low_activity,0,0,0,0,0,0,1365730,1014735,-0.1474,-26,118644,25,35,65,64,1
1774104597,64,35,0,0,0,0,no_volume,0,0,0,0,low_activity,0,0,0,0,low_activity,0,0,0,0,0,0,1365730,1014735,-0.1474,0,118644,25,35,65,64,1
1774104598,64,35,0,0,0,0,no_volume,0,0,0,0,low_activity,0,0,0,0,low_activity,0,0,0,0,0,0,1365730,1014735,-0.1474,0,-177,25,35,65,64,1
1774104599,64,35,0,0,0,0,no_volume,0,0,0,0,no_volume,0,0,0,0,low_activity,0,0,0,0,0,0,1206168,993652,-0.0966,-159562,-159663,25,34,65,64,1
1774104600,64,35,0,0,0,0,no_volume,0,0,0,0,no_volume,0,0,0,0,low_activity,0,0,0,0,0,0,1206168,1014768,-0.0862,-159562,-159663,25,35,65,64,1
1774104601,64,35,0,0,0,0,no_volume,0,0,0,0,no_volume,0,0,0,0,low_activity,0,0,0,0,0,0,1206168,1014768,-0.0862,-159562,-159663,25,35,65,64,1
1774104602,64,35,0,0,0,0,no_volume,0,0,0,0,no_volume,0,0,0,0,low_activity,0,0,0,0,0,0,1206168,988408,-0.0992,0,-159663,25,34,65,64,1
1774104603,64,35,0,0,0,0,no_volume,0,0,0,0,no_volume,0,0,0,0,low_activity,0,0,0,0,0,0,1206168,988408,-0.0992,0,-159588,25,34,65,64,1
1774104604,64,35,0,0,0,0,no_volume,0,0,0,0,no_volume,0,0,0,0,low_activity,0,0,0,0,0,0,1206168,988408,-0.0992,0,-159562,25,34,65,64,1
1774104605,64,35,0,0,0,0,no_volume,0,0,0,0,no_volume,0,0,0,0,low_activity,0,0,0,0,0,0,1365786,1014768,-0.1475,159618,56,25,35,65,64,1
1774104606,64,35,0,0,0,0,no_volume,0,0,0,0,no_volume,0,0,0,0,low_activity,0,0,0,0,0,0,1365786,1014768,-0.1475,159618,56,25,35,65,64,1
1774104607,64,35,0,0,0,0,no_volume,0,0,0,0,no_volume,0,0,0,0,low_activity,0,0,0,0,0,0,1365792,988408,-0.1603,159624,62,25,34,65,64,1
1774104608,64,35,0,0,0,0,no_volume,0,0,0,0,no_volume,0,0,0,0,low_activity,0,0,0,0,0,0,1365792,999768,-0.1547,6,62,25,35,65,64,1
1774104609,64,35,0,0,0,0,no_volume,0,0,0,0,no_volume,0,0,0,0,low_activity,0,0,0,0,0,0,1365792,1014768,-0.1475,6,159624,25,35,65,64,1
1774104610,64,35,0,0,0,0,low_activity,0,0,0,0,low_activity,0,0,0,0,low_activity,0,0,0,0,0,0,1365767,993572,-0.1578,-25,159599,25,34,65,64,1
1774104611,64,35,0,0,0,0,low_activity,0,0,0,0,low_activity,0,0,0,0,low_activity,0,0,0,0,0,0,1206069,988328,-0.0992,-159723,-99,25,34,65,64,1
1774104612,64,35,0,0,0,0,low_activity,0,0,0,0,low_activity,0,0,0,0,low_activity,0,0,0,0,0,0,1206069,988328,-0.0992,-159723,-99,25,34,65,64,1
1774104613,64,35,0,0,0,0,low_activity,0,0,0,0,low_activity,0,0,0,0,low_activity,0,0,0,0,0,0,1205769,980411,-0.1031,-159998,-399,25,35,65,64,1
1774104614,64,35,0,0,0,0,low_activity,0,0,0,0,low_activity,0,0,0,0,low_activity,0,0,0,0,0,0,1205652,1009411,-0.0886,-417,-516,25,35,65,64,1
1774104615,64,35,0,0,0,0,low_activity,0,0,0,0,low_activity,0,0,0,0,low_activity,0,0,0,0,0,0,1205652,1009411,-0.0886,-417,-160134,25,35,65,64,1
1774104616,64,35,0,0,0,0,no_volume,0,0,0,0,low_activity,0,0,0,0,low_activity,0,0,0,0,0,0,1198530,988328,-0.0961,-7239,-167256,25,34,65,64,1
1774104617,64,35,0,0,0,0,no_volume,0,0,0,0,low_activity,0,0,0,0,low_activity,0,0,0,0,0,0,1198530,988328,-0.0961,-7122,-167262,25,34,65,64,1
1774104618,64,35,0,0,0,0,low_activity,0,0,0,0,low_activity,0,0,0,0,low_activity,0,0,0,0,0,0,1198500,1009444,-0.0856,-7152,-167292,25,35,65,64,1
1774104619,64,35,0,0,0,0,low_activity,0,0,0,0,low_activity,0,0,0,0,low_activity,0,0,0,0,0,0,1198500,1009444,-0.0856,-30,-167292,25,35,65,64,1
1774104620,64,35,0,0,0,0,low_activity,0,0,0,0,low_activity,0,0,0,0,low_activity,0,0,0,0,0,0,1198500,988328,-0.0961,-30,-167267,25,34,65,64,1
1774104621,64,35,0,0,0,0,no_volume,0,0,0,0,low_activity,0,0,0,0,low_activity,0,0,0,0,0,0,1198500,988328,-0.0961,0,-7569,25,34,65,64,1
1774104622,64,35,0,0,0,0,no_volume,0,0,0,0,low_activity,0,0,0,0,low_activity,0,0,0,0,0,0,1195018,1009411,-0.0842,-3482,-11051,25,35,65,64,1
1774104623,64,35,0,0,0,0,low_activity,0,0,0,0,low_activity,0,0,0,0,low_activity,0,0,0,0,0,0,1191677,1009411,-0.0828,-6823,-14092,25,35,65,64,1
1774104624,64,35,0,0,0,0,low_activity,0,0,0,0,low_activity,0,0,0,0,low_activity,0,0,0,0,0,0,1351295,988328,-0.1551,152795,145643,25,34,65,64,1
1774104625,64,35,0,0,0,0,low_activity,0,0,0,0,low_activity,0,0,0,0,low_activity,0,0,0,0,0,0,1381345,1011329,-0.1546,186327,175693,25,35,65,64,1
1774104626,64,35,0,0,0,0,no_volume,0,0,0,0,low_activity,0,0,0,0,low_activity,0,0,0,0,0,0,1308447,1011329,-0.1281,116770,109917,25,35,65,64,1
1774104627,64,35,0,0,0,0,no_volume,0,0,0,0,low_activity,0,0,0,0,low_activity,0,0,0,0,0,0,1308447,1011329,-0.1281,-42848,109917,25,35,65,64,1
1774104628,64,35,0,0,0,0,no_volume,0,0,0,0,no_volume,0,0,0,0,low_activity,0,0,0,0,0,0,1308447,1011329,-0.1281,-72898,109947,25,35,65,64,1
1774104629,64,35,0,0,0,0,no_volume,0,0,0,0,no_volume,0,0,0,0,low_activity,0,0,0,0,0,0,1278447,1009323,-0.1176,-30000,79947,25,35,65,64,1
1774104630,64,35,0,0,0,0,no_volume,0,0,0,0,no_volume,0,0,0,0,low_activity,0,0,0,0,0,0,1278447,1009323,-0.1176,-30000,79947,25,35,65,64,1
1774104631,64,35,0,0,0,0,no_volume,0,0,0,0,no_volume,0,0,0,0,low_activity,0,0,0,0,0,0,1316869,988240,-0.1426,8422,118369,25,34,65,64,1
1774104632,64,35,0,0,0,0,no_volume,0,0,0,0,no_volume,0,0,0,0,low_activity,0,0,0,0,0,0,1316869,988240,-0.1426,38422,121851,25,34,65,64,1
1774104633,64,35,0,0,0,0,no_volume,0,0,0,0,no_volume,0,0,0,0,low_activity,0,0,0,0,0,0,1316869,988240,-0.1426,38422,125192,25,34,65,64,1
1774104634,64,35,0,0,0,0,no_volume,0,0,0,0,no_volume,0,0,0,0,low_activity,0,0,0,0,0,0,1316956,988240,-0.1426,87,-34339,25,34,65,64,1
1774104635,64,35,0,0,0,0,no_volume,0,0,0,0,no_volume,0,0,0,0,low_activity,0,0,0,0,0,0,1316956,1009323,-0.1322,87,-64389,25,35,65,64,1
1774104636,64,35,0,0,0,0,no_volume,0,0,0,0,no_volume,0,0,0,0,low_activity,0,0,0,0,0,0,1316956,1009323,-0.1322,87,8509,25,35,65,64,1
1774104637,64,35,0,0,0,0,no_volume,0,0,0,0,no_volume,0,0,0,0,low_activity,0,0,0,0,0,0,1316956,1009323,-0.1322,0,8509,25,35,65,64,1
1774104638,64,35,0,0,0,0,no_volume,0,0,0,0,no_volume,0,0,0,0,low_activity,0,0,0,0,0,0,1316956,1009323,-0.1322,0,8509,25,35,65,64,1
1774104639,64,35,0,0,0,0,no_volume,0,0,0,0,no_volume,0,0,0,0,low_activity,0,0,0,0,0,0,1278447,1009323,-0.1176,-38509,0,25,35,65,64,1
1774104640,64,35,0,0,0,0,no_volume,0,0,0,0,no_volume,0,0,0,0,low_activity,0,0,0,0,0,0,1317284,1009323,-0.1324,328,38837,25,35,65,64,1
1774104641,64,35,0,0,0,0,low_activity,0,0,0,0,low_activity,0,0,0,0,low_activity,0,0,0,0,0,0,1317261,1009323,-0.1324,305,392,25,35,65,64,1
1774104642,64,35,0,0,0,0,low_activity,0,0,0,0,low_activity,0,0,0,0,low_activity,0,0,0,0,0,0,1317261,1009323,-0.1324,38814,392,25,35,65,64,1
1774104643,64,35,0,0,0,0,low_activity,0,0,0,0,low_activity,0,0,0,0,low_activity,0,0,0,0,0,0,1177459,592901,-0.3302,-139825,-139410,25,35,65,64,1
1774104644,64,35,0,0,0,0,no_volume,0,0,0,0,low_activity,0,0,0,0,low_activity,0,0,0,0,0,0,1177459,592901,-0.3302,-139802,-139497,25,35,65,64,1
1774104645,64,35,0,0,0,0,no_volume,0,0,0,0,low_activity,0,0,0,0,low_activity,0,0,0,0,0,0,1181032,571818,-0.3476,-136229,-135924,25,34,65,64,1
1774104646,64,35,0,0,0,0,no_volume,0,0,0,0,no_volume,0,0,0,0,low_activity,0,0,0,0,0,0,1229042,594876,-0.3477,51583,-87914,25,35,65,64,1
1774104647,64,35,0,0,0,0,no_volume,0,0,0,0,no_volume,0,0,0,0,low_activity,0,0,0,0,0,0,945803,723312,-0.1333,-231656,-371153,25,34,65,64,1
1774104648,64,35,0,0,0,0,no_volume,0,0,0,0,no_volume,0,0,0,0,low_activity,0,0,0,0,0,0,1228759,723274,-0.259,47727,-88197,25,34,65,64,1
1774104649,64,35,0,0,0,0,no_volume,0,0,0,0,no_volume,0,0,0,0,low_activity,0,0,0,0,0,0,1034682,742051,-0.1647,-194360,-243765,25,35,65,64,1
1774104650,64,35,0,0,0,0,no_volume,0,0,0,0,no_volume,0,0,0,0,low_activity,0,0,0,0,0,0,704230,720968,0.0117,-241573,-613054,25,34,65,64,1
1774104651,64,35,0,0,0,0,no_volume,0,0,0,0,no_volume,0,0,0,0,low_activity,0,0,0,0,0,0,1023207,704835,-0.1842,-205552,-294054,25,34,65,64,1
1774104652,64,35,0,0,0,0,no_volume,0,0,0,0,no_volume,0,0,0,0,low_activity,0,0,0,0,0,0,691755,776599,0.0578,-342927,-625506,26,35,65,64,1
1774104653,64,35,0,0,0,0,no_volume,0,0,0,0,no_volume,0,0,0,0,low_activity,0,0,0,0,0,0,1102021,575522,-0.3139,397791,-75438,25,34,65,64,1
1774104654,64,35,0,0,0,0,no_volume,0,0,0,0,no_volume,0,0,0,0,low_activity,0,0,0,0,0,0,1102156,575778,-0.3137,78949,-75303,25,34,65,64,1
1774104655,64,35,0,0,0,0,no_volume,0,0,0,0,no_volume,0,0,0,0,low_activity,0,0,0,0,0,0,690580,620110,-0.0538,-1175,-490452,25,35,65,64,1
1774104656,64,35,0,0,0,0,no_volume,0,0,0,0,no_volume,0,0,0,0,low_activity,0,0,0,0,0,0,1114581,765965,-0.1854,12560,-114461,25,35,65,64,1
1774104657,64,35,0,0,0,0,no_volume,0,0,0,0,no_volume,0,0,0,0,low_activity,0,0,0,0,0,0,811959,757811,-0.0345,-290197,-133844,25,34,65,64,1
1774104658,64,35,0,0,0,0,no_volume,0,0,0,0,no_volume,0,0,0,0,low_activity,0,0,0,0,0,0,811969,757811,-0.0345,121389,-416790,25,34,65,64,1
1774104659,64,35,0,0,0,0,no_volume,0,0,0,0,no_volume,0,0,0,0,low_activity,0,0,0,0,0,0,1103727,757811,-0.1858,-10854,69045,25,34,65,64,1
1774104660,64,35,0,0,0,0,no_volume,0,0,0,0,no_volume,0,0,0,0,low_activity,0,0,0,0,0,0,1393572,633881,-0.3747,581613,689342,25,34,65,64,1
1774104661,64,35,0,0,0,0,no_volume,0,0,0,0,no_volume,0,0,0,0,low_activity,0,0,0,0,0,0,1393298,618890,-0.3849,581329,370091,25,34,65,64,1
1774104662,64,35,0,0,0,0,no_volume,0,0,0,0,no_volume,0,0,0,0,low_activity,0,0,0,0,0,0,1393211,757298,-0.2957,289484,701456,25,34,65,64,1
1774104663,64,35,0,0,0,0,no_volume,0,0,0,0,no_volume,0,0,0,0,low_activity,0,0,0,0,0,0,1101456,757265,-0.1852,-292116,-565,25,34,65,64,1
1774104664,64,35,0,0,0,0,no_volume,0,0,0,0,no_volume,0,0,0,0,low_activity,0,0,0,0,0,0,1393021,761324,-0.2932,-277,290865,25,34,65,64,1
1774104665,64,35,0,0,0,0,no_volume,0,0,0,0,no_volume,0,0,0,0,low_activity,0,0,0,0,0,0,1393011,761324,-0.2932,-200,702431,25,34,65,64,1
1774104666,64,35,0,0,0,0,no_volume,0,0,0,0,no_volume,0,0,0,0,low_activity,0,0,0,0,0,0,1393011,761324,-0.2932,291555,278430,25,34,65,64,1
1774104667,64,35,0,0,0,0,no_volume,0,0,0,0,no_volume,0,0,0,0,low_activity,0,0,0,0,0,0,1393098,628330,-0.3783,77,581139,25,34,65,64,1
1774104668,64,35,0,0,0,0,no_volume,0,0,0,0,no_volume,0,0,0,0,low_activity,0,0,0,0,0,0,1393098,628033,-0.3785,87,581129,25,34,65,64,1
1774104669,64,35,0,0,0,0,no_volume,0,0,0,0,no_volume,0,0,0,0,low_activity,0,0,0,0,0,0,1143098,623650,-0.294,-249913,39371,25,34,65,64,1
1774104670,64,35,0,0,0,0,no_volume,0,0,0,0,no_volume,0,0,0,0,low_activity,0,0,0,0,0,0,1423868,758287,-0.305,30770,30296,25,34,65,64,1
1774104671,64,35,0,0,0,0,no_volume,0,0,0,0,no_volume,0,0,0,0,no_volume,0,0,0,0,0,0,1423955,638910,-0.3806,30857,30657,25,34,65,64,1
1774104672,64,35,0,0,0,0,no_volume,0,0,0,0,no_volume,0,0,0,0,no_volume,0,0,0,0,0,0,1423955,628340,-0.3877,280857,30744,25,34,65,64,1
1774104673,64,35,0,0,0,0,no_volume,0,0,0,0,no_volume,0,0,0,0,no_volume,0,0,0,0,0,0,1423955,628319,-0.3877,87,322499,25,34,65,64,1
1774104674,64,35,0,0,0,0,no_volume,0,0,0,0,no_volume,0,0,0,0,no_volume,0,0,0,0,0,0,1423955,624109,-0.3905,0,30934,25,34,65,64,1
1774104675,64,35,0,0,0,0,no_volume,0,0,0,0,no_volume,0,0,0,0,no_volume,0,0,0,0,0,0,1143011,758232,-0.2024,-280944,-250000,25,34,65,64,1
1774104676,64,35,0,0,0,0,no_volume,0,0,0,0,no_volume,0,0,0,0,no_volume,0,0,0,0,0,0,1557667,628292,-0.4252,133712,164656,25,34,65,64,1
1774104677,64,35,0,0,0,0,no_volume,0,0,0,0,no_volume,0,0,0,0,no_volume,0,0,0,0,0,0,1557667,628150,-0.4252,133712,164569,25,34,65,64,1
1774104678,64,35,0,0,0,0,no_volume,0,0,0,0,no_volume,0,0,0,0,no_volume,0,0,0,0,0,0,1557667,619772,-0.4307,414656,164569,25,34,65,64,1
1774104679,64,35,0,0,0,0,low_activity,0,0,0,0,low_activity,0,0,0,0,low_activity,0,0,0,0,0,0,1557282,758049,-0.3452,-385,414184,25,34,65,64,1
1774104680,64,35,0,0,0,0,low_activity,0,0,0,0,low_activity,0,0,0,0,low_activity,0,0,0,0,0,0,1557369,637678,-0.419,-298,133501,25,34,65,64,1
1774104681,64,35,0,0,0,0,low_activity,0,0,0,0,low_activity,0,0,0,0,low_activity,0,0,0,0,0,0,1971946,627106,-0.5174,414279,547991,25,34,65,64,1
1774104682,64,35,0,0,0,0,no_volume,0,0,0,0,low_activity,0,0,0,0,low_activity,0,0,0,0,0,0,1971946,621892,-0.5205,414664,547991,25,34,65,64,1
1774104683,64,35,0,0,0,0,no_volume,0,0,0,0,low_activity,0,0,0,0,low_activity,0,0,0,0,0,0,1680849,756443,-0.3793,123480,256894,25,34,65,64,1
1774104684,64,35,0,0,0,0,no_volume,0,0,0,0,no_volume,0,0,0,0,low_activity,0,0,0,0,0,0,1643640,756443,-0.3697,-328306,219685,25,34,65,64,1
1774104685,64,35,0,0,0,0,no_volume,0,0,0,0,no_volume,0,0,0,0,low_activity,0,0,0,0,0,0,1663240,756443,-0.3748,-308706,520229,25,34,65,64,1
1774104686,64,35,0,0,0,0,no_volume,0,0,0,0,no_volume,0,0,0,0,low_activity,0,0,0,0,0,0,1550534,622911,-0.4268,-130315,-7133,25,34,65,64,1
1774104687,64,35,0,0,0,0,no_volume,0,0,0,0,no_volume,0,0,0,0,low_activity,0,0,0,0,0,0,1548428,620496,-0.4278,-95212,-9239,25,34,65,64,1
1774104688,64,35,0,0,0,0,no_volume,0,0,0,0,no_volume,0,0,0,0,low_activity,0,0,0,0,0,0,1822011,612162,-0.497,158771,264344,25,34,65,64,1
1774104689,64,35,0,0,0,0,no_volume,0,0,0,0,no_volume,0,0,0,0,low_activity,0,0,0,0,0,0,1822011,609396,-0.4987,271477,264729,25,34,65,64,1
1774104690,64,35,0,0,0,0,no_volume,0,0,0,0,no_volume,0,0,0,0,low_activity,0,0,0,0,0,0,1791969,746445,-0.4119,243541,234600,25,34,65,64,1
1774104691,64,35,0,0,0,0,no_volume,0,0,0,0,no_volume,0,0,0,0,low_activity,0,0,0,0,0,0,2037949,746478,-0.4638,215938,66003,25,34,65,64,1
1774104692,64,35,0,0,0,0,low_activity,0,0,0,0,low_activity,0,0,0,0,low_activity,0,0,0,0,0,0,2223915,612312,-0.5682,401904,251969,25,34,65,64,1
1774104693,64,35,0,0,0,0,low_activity,0,0,0,0,low_activity,0,0,0,0,low_activity,0,0,0,0,0,0,2223915,607427,-0.5709,431946,543066,25,34,65,64,1
1774104694,64,35,0,0,0,0,low_activity,0,0,0,0,low_activity,0,0,0,0,low_activity,0,0,0,0,0,0,1973915,605087,-0.5308,-64034,330275,25,34,65,64,1
1774104695,64,35,0,0,0,0,no_volume,0,0,0,0,low_activity,0,0,0,0,low_activity,0,0,0,0,0,0,1973915,618812,-0.5227,-250000,310675,25,34,65,64,1
1774104696,64,35,0,0,0,0,no_volume,0,0,0,0,low_activity,0,0,0,0,low_activity,0,0,0,0,0,0,1935078,618812,-0.5154,-288837,384544,25,34,65,64,1
1774104697,64,35,0,0,0,0,no_volume,0,0,0,0,no_volume,0,0,0,0,low_activity,0,0,0,0,0,0,1935394,618812,-0.5155,-38521,386966,25,34,65,64,1
1774104698,64,35,0,0,0,0,no_volume,0,0,0,0,no_volume,0,0,0,0,low_activity,0,0,0,0,0,0,1935394,612430,-0.5193,-38521,113383,25,34,65,64,1
1774104699,64,35,0,0,0,0,no_volume,0,0,0,0,no_volume,0,0,0,0,low_activity,0,0,0,0,0,0,1935394,618812,-0.5155,316,113383,25,34,65,64,1
1774104700,64,35,0,0,0,0,no_volume,0,0,0,0,no_volume,0,0,0,0,low_activity,0,0,0,0,0,0,1935394,618812,-0.5155,0,143425,25,34,65,64,1
1774104701,64,35,0,0,0,0,no_volume,0,0,0,0,no_volume,0,0,0,0,low_activity,0,0,0,0,0,0,2442514,612430,-0.5991,507120,404565,25,34,65,64,1
1774104702,64,35,0,0,0,0,no_volume,0,0,0,0,no_volume,0,0,0,0,low_activity,0,0,0,0,0,0,2442514,612430,-0.5991,507120,218599,25,34,65,64,1
1774104703,64,35,0,0,0,0,no_volume,0,0,0,0,no_volume,0,0,0,0,low_activity,0,0,0,0,0,0,2442514,618812,-0.5957,507120,218599,25,34,65,64,1
1774104704,64,35,0,0,0,0,no_volume,0,0,0,0,no_volume,0,0,0,0,low_activity,0,0,0,0,0,0,2442514,618812,-0.5957,0,468599,25,34,65,64,1
1774104705,64,35,0,0,0,0,no_volume,0,0,0,0,no_volume,0,0,0,0,low_activity,0,0,0,0,0,0,2192514,618812,-0.5598,-250000,218599,25,34,65,64,1
1774104706,64,35,0,0,0,0,low_activity,0,0,0,0,low_activity,0,0,0,0,low_activity,0,0,0,0,0,0,2192512,607333,-0.5662,-250002,257434,25,34,65,64,1
1774104707,64,35,0,0,0,0,low_activity,0,0,0,0,low_activity,0,0,0,0,low_activity,0,0,0,0,0,0,2192512,607333,-0.5662,-250002,257118,25,34,65,64,1
1774104708,64,35,0,0,0,0,low_activity,0,0,0,0,low_activity,0,0,0,0,low_activity,0,0,0,0,0,0,2442512,607333,-0.6017,249998,507118,25,34,65,64,1
1774104709,64,35,0,0,0,0,no_volume,0,0,0,0,low_activity,0,0,0,0,low_activity,0,0,0,0,0,0,2246599,607233,-0.5744,54087,311205,25,34,65,64,1
1774104710,64,35,0,0,0,0,no_volume,0,0,0,0,low_activity,0,0,0,0,low_activity,0,0,0,0,0,0,2246599,607233,-0.5744,54087,311205,25,34,65,64,1
1774104711,64,35,0,0,0,0,no_volume,0,0,0,0,no_volume,0,0,0,0,low_activity,0,0,0,0,0,0,2063168,743841,-0.47,-379344,-379346,25,34,65,64,1
1774104712,64,35,0,0,0,0,no_volume,0,0,0,0,no_volume,0,0,0,0,low_activity,0,0,0,0,0,0,2063168,738923,-0.4726,-183431,-379346,25,34,65,64,1
1774104713,64,35,0,0,0,0,no_volume,0,0,0,0,no_volume,0,0,0,0,low_activity,0,0,0,0,0,0,2192479,738923,-0.4959,-54120,-250035,25,34,65,64,1
1774104714,64,35,0,0,0,0,low_activity,0,0,0,0,low_activity,0,0,0,0,low_activity,0,0,0,0,0,0,2186946,738956,-0.4949,123778,-255568,25,34,65,64,1
1774104715,64,35,0,0,0,0,low_activity,0,0,0,0,low_activity,0,0,0,0,low_activity,0,0,0,0,0,0,1772293,738956,-0.4115,-290875,-420221,25,34,65,64,1
1774104716,64,35,0,0,0,0,low_activity,0,0,0,0,low_activity,0,0,0,0,low_activity,0,0,0,0,0,0,1772144,738956,-0.4114,-420335,-420368,25,34,65,64,1
1774104717,64,35,0,0,0,0,low_activity,0,0,0,0,low_activity,0,0,0,0,low_activity,0,0,0,0,0,0,1772144,738956,-0.4114,-414802,-420368,25,34,65,64,1
1774104718,64,35,0,0,0,0,low_activity,0,0,0,0,low_activity,0,0,0,0,low_activity,0,0,0,0,0,0,1772058,738956,-0.4114,-235,-670454,25,34,65,64,1
1774104719,64,35,0,0,0,0,low_activity,0,0,0,0,low_activity,0,0,0,0,low_activity,0,0,0,0,0,0,2151360,738898,-0.4887,379216,-95239,25,34,65,64,1
1774104720,64,35,0,0,0,0,low_activity,0,0,0,0,low_activity,0,0,0,0,low_activity,0,0,0,0,0,0,2151360,738898,-0.4887,379216,-95239,25,34,65,64,1
1774104721,64,35,0,0,0,0,no_volume,0,0,0,0,low_activity,0,0,0,0,low_activity,0,0,0,0,0,0,2151360,738898,-0.4887,379302,88192,25,34,65,64,1
1774104722,64,35,0,0,0,0,no_volume,0,0,0,0,low_activity,0,0,0,0,low_activity,0,0,0,0,0,0,2151360,738898,-0.4887,0,88192,25,34,65,64,1
1774104723,64,35,0,0,0,0,no_volume,0,0,0,0,no_volume,0,0,0,0,low_activity,0,0,0,0,0,0,2151360,750488,-0.4828,0,-41119,25,34,65,64,1
1774104724,64,35,0,0,0,0,no_volume,0,0,0,0,no_volume,0,0,0,0,low_activity,0,0,0,0,0,0,2151360,750488,-0.4828,0,-35586,25,34,65,64,1
1774104725,64,35,0,0,0,0,no_volume,0,0,0,0,no_volume,0,0,0,0,low_activity,0,0,0,0,0,0,2151360,750488,-0.4828,0,379067,25,34,65,64,1
1774104726,64,35,0,0,0,0,no_volume,0,0,0,0,no_volume,0,0,0,0,low_activity,0,0,0,0,0,0,2022058,750488,-0.4586,-129302,249914,25,34,65,64,1
1774104727,64,35,0,0,0,0,low_activity,0,0,0,0,low_activity,0,0,0,0,low_activity,0,0,0,0,0,0,1830508,615096,-0.497,-320852,58364,25,34,65,64,1
1774104728,64,35,0,0,0,0,low_activity,0,0,0,0,low_activity,0,0,0,0,low_activity,0,0,0,0,0,0,1830508,748223,-0.4197,-320852,58450,25,34,65,64,1
1774104729,64,35,0,0,0,0,low_activity,0,0,0,0,low_activity,0,0,0,0,low_activity,0,0,0,0,0,0,1830466,748223,-0.4197,-191592,-320894,25,34,65,64,1
1774104730,64,35,0,0,0,0,no_volume,0,0,0,0,low_activity,0,0,0,0,low_activity,0,0,0,0,0,0,1830466,748223,-0.4197,-42,-320894,25,34,65,64,1
1774104731,64,35,0,0,0,0,no_volume,0,0,0,0,low_activity,0,0,0,0,low_activity,0,0,0,0,0,0,1830466,748223,-0.4197,-42,-320894,25,34,65,64,1
1774104732,64,35,0,0,0,0,no_volume,0,0,0,0,no_volume,0,0,0,0,low_activity,0,0,0,0,0,0,1830466,748223,-0.4197,0,-320894,25,34,65,64,1
1774104733,64,35,0,0,0,0,no_volume,0,0,0,0,no_volume,0,0,0,0,low_activity,0,0,0,0,0,0,1830466,748223,-0.4197,0,-320894,25,34,65,64,1
1774104734,64,35,0,0,0,0,no_volume,0,0,0,0,no_volume,0,0,0,0,low_activity,0,0,0,0,0,0,1830466,748223,-0.4197,0,-320894,25,34,65,64,1
1774104735,64,35,0,0,0,0,no_volume,0,0,0,0,no_volume,0,0,0,0,low_activity,0,0,0,0,0,0,1830466,748223,-0.4197,0,-320894,25,34,65,64,1
1774104736,64,35,0,0,0,0,no_volume,0,0,0,0,no_volume,0,0,0,0,low_activity,0,0,0,0,0,0,1830508,638194,-0.483,42,-191550,25,34,65,64,1
1774104737,64,35,0,0,0,0,no_volume,0,0,0,0,no_volume,0,0,0,0,low_activity,0,0,0,0,0,0,1830508,638194,-0.483,42,0,25,34,65,64,1
1774104738,64,35,0,0,0,0,no_volume,0,0,0,0,no_volume,0,0,0,0,low_activity,0,0,0,0,0,0,1830508,638194,-0.483,42,0,25,34,65,64,1
1774104739,64,35,0,0,0,0,no_volume,0,0,0,0,no_volume,0,0,0,0,low_activity,0,0,0,0,0,0,1830508,638194,-0.483,0,42,25,34,65,64,1
1774104740,64,35,0,0,0,0,no_volume,0,0,0,0,no_volume,0,0,0,0,low_activity,0,0,0,0,0,0,1580508,638194,-0.4247,-250000,-249958,25,34,65,64,1
1774104741,64,35,0,0,0,0,no_volume,0,0,0,0,no_volume,0,0,0,0,low_activity,0,0,0,0,0,0,1580508,638194,-0.4247,-250000,-249958,25,34,65,64,1
1774104742,64,35,0,0,0,0,no_volume,0,0,0,0,no_volume,0,0,0,0,low_activity,0,0,0,0,0,0,1580508,638194,-0.4247,-250000,-249958,25,34,65,64,1
1774104743,64,35,0,0,0,0,no_volume,0,0,0,0,no_volume,0,0,0,0,low_activity,0,0,0,0,0,0,1580508,638194,-0.4247,0,-249958,25,34,65,64,1
1774104744,64,35,0,0,0,0,no_volume,0,0,0,0,no_volume,0,0,0,0,low_activity,0,0,0,0,0,0,1580508,638194,-0.4247,0,-249958,25,34,65,64,1
1774104745,64,35,0,0,0,0,low_activity,0,0,0,0,low_activity,0,0,0,0,low_activity,0,0,0,0,0,0,1580487,638194,-0.4247,-21,-249979,25,34,65,64,1
1774104746,64,35,0,0,0,0,low_activity,0,0,0,0,low_activity,0,0,0,0,low_activity,0,0,0,0,0,0,1610487,638227,-0.4324,29979,-220021,25,34,65,64,1
1774104747,64,35,0,0,0,0,low_activity,0,0,0,0,low_activity,0,0,0,0,low_activity,0,0,0,0,0,0,1610487,638227,-0.4324,29979,-220021,25,34,65,64,1
1774104748,64,35,0,0,0,0,no_volume,0,0,0,0,low_activity,0,0,0,0,low_activity,0,0,0,0,0,0,1580487,638194,-0.4247,0,-250021,25,34,65,64,1
1774104749,64,35,0,0,0,0,no_volume,0,0,0,0,low_activity,0,0,0,0,low_activity,0,0,0,0,0,0,1580487,638194,-0.4247,-30000,-250021,25,34,65,64,1
1774104750,64,35,0,0,0,0,no_volume,0,0,0,0,no_volume,0,0,0,0,low_activity,0,0,0,0,0,0,1580487,638194,-0.4247,-30000,-21,25,34,65,64,1
1774104751,64,35,0,0,0,0,no_volume,0,0,0,0,no_volume,0,0,0,0,low_activity,0,0,0,0,0,0,1580487,638194,-0.4247,0,-21,25,34,65,64,1
1774104752,64,35,0,0,0,0,no_volume,0,0,0,0,no_volume,0,0,0,0,low_activity,0,0,0,0,0,0,1580487,638194,-0.4247,0,-21,25,34,65,64,1
1774104753,64,35,0,0,0,0,no_volume,0,0,0,0,no_volume,0,0,0,0,low_activity,0,0,0,0,0,0,1580487,638194,-0.4247,0,-21,25,34,65,64,1
1774104754,64,35,0,0,0,0,no_volume,0,0,0,0,no_volume,0,0,0,0,low_activity,0,0,0,0,0,0,1397091,638194,-0.3729,-183396,-183417,25,34,65,64,1
1774104755,64,35,0,0,0,0,no_volume,0,0,0,0,no_volume,0,0,0,0,low_activity,0,0,0,0,0,0,1409091,645270,-0.3718,-171396,-171396,25,34,65,64,1
1774104756,64,35,0,0,0,0,low_activity,0,0,0,0,low_activity,0,0,0,0,low_activity,0,0,0,0,0,0,1409091,645178,-0.3719,-171396,-201396,25,34,65,64,1
1774104757,64,35,0,0,0,0,low_activity,0,0,0,0,low_activity,0,0,0,0,low_activity,0,0,0,0,0,0,1409091,645178,-0.3719,12000,-201396,25,34,65,64,1
1774104758,64,35,0,0,0,0,low_activity,0,0,0,0,low_activity,0,0,0,0,low_activity,0,0,0,0,0,0,1409091,645178,-0.3719,0,-171396,25,34,65,64,1
1774104759,64,35,0,0,0,0,no_volume,0,0,0,0,low_activity,0,0,0,0,low_activity,0,0,0,0,0,0,1409091,645178,-0.3719,0,-171396,25,34,65,64,1
1774104760,64,35,0,0,0,0,no_volume,0,0,0,0,low_activity,0,0,0,0,low_activity,0,0,0,0,0,0,1592487,645053,-0.4234,183396,12000,25,34,65,64,1
1774104761,64,35,0,0,0,0,no_volume,0,0,0,0,no_volume,0,0,0,0,low_activity,0,0,0,0,0,0,1592487,645053,-0.4234,183396,12000,25,34,65,64,1
1774104762,64,35,0,0,0,0,no_volume,0,0,0,0,no_volume,0,0,0,0,low_activity,0,0,0,0,0,0,1592487,645020,-0.4234,183396,12000,25,34,65,64,1
1774104763,64,35,0,0,0,0,no_volume,0,0,0,0,no_volume,0,0,0,0,low_activity,0,0,0,0,0,0,1592487,645020,-0.4234,0,12000,25,34,65,64,1
1774104764,64,35,0,0,0,0,no_volume,0,0,0,0,no_volume,0,0,0,0,low_activity,0,0,0,0,0,0,1592487,645020,-0.4234,0,195396,25,34,65,64,1
1774104765,64,35,0,0,0,0,no_volume,0,0,0,0,no_volume,0,0,0,0,low_activity,0,0,0,0,0,0,1775883,645020,-0.4671,183396,366792,25,34,65,64,1
1774104766,64,35,0,0,0,0,no_volume,0,0,0,0,no_volume,0,0,0,0,low_activity,0,0,0,0,0,0,1775883,645020,-0.4671,183396,366792,25,34,65,64,1
1774104767,64,35,0,0,0,0,low_activity,0,0,0,0,low_activity,0,0,0,0,low_activity,0,0,0,0,0,0,1775585,645020,-0.4671,183098,366494,25,34,65,64,1
1774104768,64,35,0,0,0,0,low_activity,0,0,0,0,low_activity,0,0,0,0,low_activity,0,0,0,0,0,0,1775585,645020,-0.4671,-298,366494,25,34,65,64,1
1774104769,64,35,0,0,0,0,low_activity,0,0,0,0,low_activity,0,0,0,0,low_activity,0,0,0,0,0,0,1775585,645020,-0.4671,-298,366494,25,34,65,64,1
1774104770,64,35,0,0,0,0,no_volume,0,0,0,0,low_activity,0,0,0,0,low_activity,0,0,0,0,0,0,1775585,645020,-0.4671,0,183098,25,34,65,64,1
1774104771,64,35,0,0,0,0,no_volume,0,0,0,0,low_activity,0,0,0,0,low_activity,0,0,0,0,0,0,1592189,645020,-0.4234,-183396,-298,25,34,65,64,1
1774104772,64,35,0,0,0,0,no_volume,0,0,0,0,no_volume,0,0,0,0,low_activity,0,0,0,0,0,0,1592189,645020,-0.4234,-183396,-298,25,34,65,64,1
1774104773,64,35,0,0,0,0,no_volume,0,0,0,0,no_volume,0,0,0,0,low_activity,0,0,0,0,0,0,1592189,645020,-0.4234,-183396,-298,25,34,65,64,1
1774104774,64,35,0,0,0,0,no_volume,0,0,0,0,no_volume,0,0,0,0,low_activity,0,0,0,0,0,0,1592189,645020,-0.4234,0,-298,25,34,65,64,1
1774104775,64,35,0,0,0,0,no_volume,0,0,0,0,no_volume,0,0,0,0,low_activity,0,0,0,0,0,0,1592189,645020,-0.4234,0,-183694,25,34,65,64,1
1774104776,64,35,0,0,0,0,no_volume,0,0,0,0,no_volume,0,0,0,0,low_activity,0,0,0,0,0,0,1615039,623919,-0.4427,22850,-160844,25,34,65,64,1
1774104777,64,35,0,0,0,0,no_volume,0,0,0,0,no_volume,0,0,0,0,low_activity,0,0,0,0,0,0,1615039,623919,-0.4427,22850,-160546,25,34,65,64,1
1774104778,64,35,0,0,0,0,low_activity,0,0,0,0,low_activity,0,0,0,0,low_activity,0,0,0,0,0,0,1310225,738724,-0.2789,-281964,-465360,25,34,65,64,1
1774104779,64,35,0,0,0,0,low_activity,0,0,0,0,low_activity,0,0,0,0,low_activity,0,0,0,0,0,0,1310335,738748,-0.2789,-304704,-465250,25,34,65,64,1
1774104780,64,35,0,0,0,0,low_activity,0,0,0,0,low_activity,0,0,0,0,low_activity,0,0,0,0,0,0,1310335,738748,-0.2789,-304704,-465250,25,34,65,64,1
1774104781,64,35,0,0,0,0,no_volume,0,0,0,0,low_activity,0,0,0,0,low_activity,0,0,0,0,0,0,1310335,738727,-0.279,110,-281854,25,34,65,64,1
1774104782,64,35,0,0,0,0,no_volume,0,0,0,0,low_activity,0,0,0,0,low_activity,0,0,0,0,0,0,1126939,738727,-0.2081,-183396,-465250,25,34,65,64,1
1774104783,64,35,0,0,0,0,no_volume,0,0,0,0,no_volume,0,0,0,0,low_activity,0,0,0,0,0,0,1376939,738727,-0.3017,66604,-215250,25,34,65,64,1
1774104784,64,35,0,0,0,0,no_volume,0,0,0,0,no_volume,0,0,0,0,low_activity,0,0,0,0,0,0,1376939,738727,-0.3017,66604,-215250,25,34,65,64,1
1774104785,64,35,0,0,0,0,low_activity,0,0,0,0,low_activity,0,0,0,0,low_activity,0,0,0,0,0,0,1364995,738760,-0.2977,238056,-227194,25,34,65,64,1
1774104786,64,35,0,0,0,0,low_activity,0,0,0,0,low_activity,0,0,0,0,low_activity,0,0,0,0,0,0,1615012,736393,-0.3737,238073,-27,25,34,65,64,1
1774104787,64,35,0,0,0,0,low_activity,0,0,0,0,low_activity,0,0,0,0,low_activity,0,0,0,0,0,0,1615012,736393,-0.3737,238073,-27,25,34,65,64,1
1774104788,64,35,0,0,0,0,no_volume,0,0,0,0,low_activity,0,0,0,0,low_activity,0,0,0,0,0,0,1615012,736393,-0.3737,250017,304787,25,34,65,64,1
1774104789,64,35,0,0,0,0,low_activity,0,0,0,0,low_activity,0,0,0,0,low_activity,0,0,0,0,0,0,1615012,736367,-0.3737,0,304677,25,34,65,64,1
1774104790,64,35,0,0,0,0,low_activity,0,0,0,0,low_activity,0,0,0,0,low_activity,0,0,0,0,0,0,1788783,736400,-0.4168,173771,478448,25,34,65,64,1
1774104791,64,35,0,0,0,0,low_activity,0,0,0,0,low_activity,0,0,0,0,low_activity,0,0,0,0,0,0,1793537,736400,-0.4179,178525,483202,25,34,65,64,1
1774104792,64,35,0,0,0,0,low_activity,0,0,0,0,low_activity,0,0,0,0,low_activity,0,0,0,0,0,0,1543537,736341,-0.3541,-71475,416598,25,34,65,64,1
1774104793,64,35,0,0,0,0,low_activity,0,0,0,0,low_activity,0,0,0,0,low_activity,0,0,0,0,0,0,1543424,736374,-0.354,-245359,166485,25,34,65,64,1
1774104794,64,35,0,0,0,0,low_activity,0,0,0,0,low_activity,0,0,0,0,low_activity,0,0,0,0,0,0,1543424,736374,-0.354,-250113,166485,25,34,65,64,1
1774104795,64,35,0,0,0,0,low_activity,0,0,0,0,low_activity,0,0,0,0,low_activity,0,0,0,0,0,0,1543424,736374,-0.354,-113,178429,25,34,65,64,1
1774104796,64,35,0,0,0,0,no_volume,0,0,0,0,low_activity,0,0,0,0,low_activity,0,0,0,0,0,0,1543424,728969,-0.3584,0,-71588,25,34,65,64,1
1774104797,64,35,0,0,0,0,no_volume,0,0,0,0,low_activity,0,0,0,0,low_activity,0,0,0,0,0,0,1293424,728969,-0.2791,-250000,-321588,25,34,65,64,1
1774104798,64,35,0,0,0,0,no_volume,0,0,0,0,no_volume,0,0,0,0,low_activity,0,0,0,0,0,0,1293424,728969,-0.2791,-250000,-321588,25,34,65,64,1
1774104799,64,35,0,0,0,0,low_activity,0,0,0,0,low_activity,0,0,0,0,low_activity,0,0,0,0,0,0,1543349,729002,-0.3584,-75,-71663,25,34,65,64,1
1774104800,64,35,0,0,0,0,low_activity,0,0,0,0,low_activity,0,0,0,0,low_activity,0,0,0,0,0,0,1543349,729002,-0.3584,249925,-245434,25,34,65,64,1
1774104801,64,35,0,0,0,0,low_activity,0,0,0,0,low_activity,0,0,0,0,low_activity,0,0,0,0,0,0,1543349,729002,-0.3584,249925,-250188,25,34,65,64,1
1774104802,64,35,0,0,0,0,no_volume,0,0,0,0,low_activity,0,0,0,0,low_activity,0,0,0,0,0,0,1543349,729002,-0.3584,0,-188,25,34,65,64,1
1774104803,64,35,0,0,0,0,no_volume,0,0,0,0,low_activity,0,0,0,0,low_activity,0,0,0,0,0,0,1543349,729002,-0.3584,0,-75,25,34,65,64,1
1774104804,64,35,0,0,0,0,no_volume,0,0,0,0,no_volume,0,0,0,0,low_activity,0,0,0,0,0,0,1543349,729002,-0.3584,0,-75,25,34,65,64,1
1774104805,64,35,0,0,0,0,no_volume,0,0,0,0,no_volume,0,0,0,0,low_activity,0,0,0,0,0,0,1543349,729002,-0.3584,0,-75,25,34,65,64,1
1774104806,64,35,0,0,0,0,no_volume,0,0,0,0,no_volume,0,0,0,0,low_activity,0,0,0,0,0,0,1845130,729002,-0.4336,301781,301706,25,34,65,64,1
1774104807,64,35,0,0,0,0,no_volume,0,0,0,0,no_volume,0,0,0,0,low_activity,0,0,0,0,0,0,1573440,724510,-0.3694,30091,280016,25,34,65,64,1
1774104808,64,35,0,0,0,0,low_activity,0,0,0,0,low_activity,0,0,0,0,low_activity,0,0,0,0,0,0,1323385,724543,-0.2924,-219964,29961,25,34,65,64,1
1774104809,64,35,0,0,0,0,low_activity,0,0,0,0,low_activity,0,0,0,0,low_activity,0,0,0,0,0,0,1323385,724543,-0.2924,-521745,-219964,25,34,65,64,1
1774104810,64,35,0,0,0,0,low_activity,0,0,0,0,low_activity,0,0,0,0,low_activity,0,0,0,0,0,0,1323385,724543,-0.2924,-250055,-219964,25,34,65,64,1
1774104811,64,35,0,0,0,0,no_volume,0,0,0,0,low_activity,0,0,0,0,low_activity,0,0,0,0,0,0,1323385,724543,-0.2924,0,-219964,25,34,65,64,1
1774104812,64,35,0,0,0,0,no_volume,0,0,0,0,low_activity,0,0,0,0,low_activity,0,0,0,0,0,0,1323385,724543,-0.2924,0,-219964,25,34,65,64,1
1774104813,64,35,0,0,0,0,no_volume,0,0,0,0,no_volume,0,0,0,0,low_activity,0,0,0,0,0,0,1323385,724543,-0.2924,0,-219964,25,34,65,64,1
1774104814,64,35,0,0,0,0,no_volume,0,0,0,0,no_volume,0,0,0,0,low_activity,0,0,0,0,0,0,1104430,535285,-0.3471,-218955,-438919,25,34,65,64,1
1774104815,64,35,0,0,0,0,no_volume,0,0,0,0,no_volume,0,0,0,0,low_activity,0,0,0,0,0,0,892031,535285,-0.2499,-431354,-651318,25,34,65,64,1
1774104816,64,35,0,0,0,0,no_volume,0,0,0,0,no_volume,0,0,0,0,low_activity,0,0,0,0,0,0,892031,535285,-0.2499,-431354,-953099,25,34,65,64,1
1774104817,64,35,0,0,0,0,no_volume,0,0,0,0,no_volume,0,0,0,0,low_activity,0,0,0,0,0,0,1092031,535285,-0.3421,-12399,-481409,25,34,65,64,1
1774104818,64,35,0,0,0,0,no_volume,0,0,0,0,no_volume,0,0,0,0,low_activity,0,0,0,0,0,0,1092031,535285,-0.3421,200000,-231354,25,34,65,64,1
1774104819,64,35,0,0,0,0,no_volume,0,0,0,0,no_volume,0,0,0,0,low_activity,0,0,0,0,0,0,1092031,535285,-0.3421,200000,-231354,25,34,65,64,1
1774104820,64,35,0,0,0,0,no_volume,0,0,0,0,no_volume,0,0,0,0,low_activity,0,0,0,0,0,0,1092031,535285,-0.3421,0,-231354,25,34,65,64,1
1774104821,64,35,0,0,0,0,low_activity,0,0,0,0,low_activity,0,0,0,0,low_activity,0,0,0,0,0,0,1091979,535285,-0.3421,-52,-231406,25,34,65,64,1
1774104822,64,35,0,0,0,0,low_activity,0,0,0,0,low_activity,0,0,0,0,low_activity,0,0,0,0,0,0,1091979,535285,-0.3421,-52,-231406,25,34,65,64,1
1774104823,64,35,0,0,0,0,low_activity,0,0,0,0,low_activity,0,0,0,0,low_activity,0,0,0,0,0,0,1104378,535285,-0.3471,12347,-219007,25,34,65,64,1
1774104824,64,35,0,0,0,0,no_volume,0,0,0,0,low_activity,0,0,0,0,low_activity,0,0,0,0,0,0,1104378,535285,-0.3471,12399,-52,25,34,65,64,1
1774104825,64,35,0,0,0,0,no_volume,0,0,0,0,low_activity,0,0,0,0,low_activity,0,0,0,0,0,0,1104378,535285,-0.3471,12399,212347,25,34,65,64,1
1774104826,64,35,0,0,0,0,low_activity,0,0,0,0,low_activity,0,0,0,0,low_activity,0,0,0,0,0,0,1103477,535318,-0.3467,-901,211446,25,34,65,64,1
1774104827,64,35,0,0,0,0,low_activity,0,0,0,0,low_activity,0,0,0,0,low_activity,0,0,0,0,0,0,1103477,535368,-0.3467,-901,11446,25,34,65,64,1
1774104828,64,35,0,0,0,0,low_activity,0,0,0,0,low_activity,0,0,0,0,low_activity,0,0,0,0,0,0,1103477,535368,-0.3467,-901,11446,25,34,65,64,1
1774104829,64,35,0,0,0,0,no_volume,0,0,0,0,low_activity,0,0,0,0,low_activity,0,0,0,0,0,0,891078,535335,-0.2494,-212399,-200953,25,34,65,64,1
1774104830,64,35,0,0,0,0,no_volume,0,0,0,0,low_activity,0,0,0,0,low_activity,0,0,0,0,0,0,891078,535335,-0.2494,-212399,-200953,25,34,65,64,1
1774104831,64,35,0,0,0,0,no_volume,0,0,0,0,no_volume,0,0,0,0,low_activity,0,0,0,0,0,0,891078,535335,-0.2494,-212399,-200901,25,34,65,64,1
1774104832,64,35,0,0,0,0,no_volume,0,0,0,0,no_volume,0,0,0,0,low_activity,0,0,0,0,0,0,1141078,535335,-0.3613,250000,49099,25,34,65,64,1
1774104833,64,35,0,0,0,0,no_volume,0,0,0,0,no_volume,0,0,0,0,low_activity,0,0,0,0,0,0,1141078,535335,-0.3613,250000,36700,25,34,65,64,1
1774104834,64,35,0,0,0,0,no_volume,0,0,0,0,no_volume,0,0,0,0,low_activity,0,0,0,0,0,0,1141078,535335,-0.3613,250000,36700,25,34,65,64,1
1774104835,64,35,0,0,0,0,no_volume,0,0,0,0,no_volume,0,0,0,0,low_activity,0,0,0,0,0,0,1341078,535335,-0.4294,200000,236700,25,34,65,64,1
1774104836,64,35,0,0,0,0,no_volume,0,0,0,0,no_volume,0,0,0,0,low_activity,0,0,0,0,0,0,1341078,535335,-0.4294,200000,237601,25,34,65,64,1
1774104837,64,35,0,0,0,0,no_volume,0,0,0,0,no_volume,0,0,0,0,low_activity,0,0,0,0,0,0,1341078,535335,-0.4294,200000,237601,25,34,65,64,1
1774104838,64,35,0,0,0,0,no_volume,0,0,0,0,no_volume,0,0,0,0,low_activity,0,0,0,0,0,0,1341078,535335,-0.4294,0,237601,25,34,65,64,1
1774104839,64,35,0,0,0,0,no_volume,0,0,0,0,no_volume,0,0,0,0,low_activity,0,0,0,0,0,0,1340974,535335,-0.4294,-104,449896,25,34,65,64,1
1774104840,64,35,0,0,0,0,no_volume,0,0,0,0,no_volume,0,0,0,0,low_activity,0,0,0,0,0,0,1340974,535335,-0.4294,-104,449896,25,34,65,64,1
1774104841,64,35,0,0,0,0,no_volume,0,0,0,0,no_volume,0,0,0,0,low_activity,0,0,0,0,0,0,1340974,535335,-0.4294,-104,449896,25,34,65,64,1
1774104842,64,35,0,0,0,0,no_volume,0,0,0,0,no_volume,0,0,0,0,low_activity,0,0,0,0,0,0,1648215,414351,-0.5982,307241,507137,25,34,65,64,1
1774104843,64,35,0,0,0,0,no_volume,0,0,0,0,no_volume,0,0,0,0,low_activity,0,0,0,0,0,0,1648205,414351,-0.5982,307231,507127,25,34,65,64,1
1774104844,64,35,0,0,0,0,no_volume,0,0,0,0,no_volume,0,0,0,0,low_activity,0,0,0,0,0,0,1648205,414351,-0.5982,307231,507127,25,34,65,64,1
1774104845,64,35,0,0,0,0,no_volume,0,0,0,0,no_volume,0,0,0,0,low_activity,0,0,0,0,0,0,1648205,414351,-0.5982,-10,307127,25,34,65,64,1
1774104846,64,35,0,0,0,0,low_activity,0,0,0,0,low_activity,0,0,0,0,low_activity,0,0,0,0,0,0,1898190,414351,-0.6416,249985,557112,25,34,65,64,1
1774104847,64,35,0,0,0,0,low_activity,0,0,0,0,low_activity,0,0,0,0,low_activity,0,0,0,0,0,0,1898190,414351,-0.6416,249985,557112,25,34,65,64,1
1774104848,64,35,0,0,0,0,low_activity,0,0,0,0,low_activity,0,0,0,0,low_activity,0,0,0,0,0,0,1898190,414351,-0.6416,249985,557112,25,34,65,64,1
1774104849,64,35,0,0,0,0,no_volume,0,0,0,0,low_activity,0,0,0,0,low_activity,0,0,0,0,0,0,1898190,414351,-0.6416,0,557216,25,34,65,64,1
1774104850,64,35,0,0,0,0,no_volume,0,0,0,0,low_activity,0,0,0,0,low_activity,0,0,0,0,0,0,1898190,414351,-0.6416,0,557216,25,34,65,64,1
1774104851,64,35,0,0,0,0,no_volume,0,0,0,0,no_volume,0,0,0,0,low_activity,0,0,0,0,0,0,1898190,414351,-0.6416,0,557216,25,34,65,64,1
1774104852,63,36,0,0,0,0,low_activity,0,0,0,0,low_activity,0,0,0,0,low_activity,0,0,0,0,0,0,1948388,409044,-0.653,50198,300173,26,33,64,63,1
1774104853,63,36,0,0,0,0,low_activity,0,0,0,0,low_activity,0,0,0,0,low_activity,0,0,0,0,0,0,1438308,406394,-0.5594,-459882,-209897,26,33,64,63,1
1774104854,63,36,0,0,0,0,low_activity,0,0,0,0,low_activity,0,0,0,0,low_activity,0,0,0,0,0,0,1438308,408095,-0.558,-459882,-209897,26,33,64,63,1
1774104855,63,36,0,0,0,0,no_volume,0,0,0,0,low_activity,0,0,0,0,low_activity,0,0,0,0,0,0,1438308,414095,-0.5529,-510080,-209897,26,33,64,63,1
1774104856,63,36,0,0,0,0,no_volume,0,0,0,0,low_activity,0,0,0,0,low_activity,0,0,0,0,0,0,1438308,414095,-0.5529,0,-459882,26,33,64,63,1
1774104857,63,36,0,0,0,0,no_volume,0,0,0,0,no_volume,0,0,0,0,low_activity,0,0,0,0,0,0,1438363,414095,-0.5529,55,-459827,26,33,64,63,1
1774104858,63,36,0,0,0,0,low_activity,0,0,0,0,low_activity,0,0,0,0,low_activity,0,0,0,0,0,0,1438304,414095,-0.5529,-4,-459886,26,33,64,63,1
1774104859,63,36,0,0,0,0,low_activity,0,0,0,0,low_activity,0,0,0,0,low_activity,0,0,0,0,0,0,1440294,414095,-0.5534,1986,-457896,26,33,64,63,1
1774104860,63,36,0,0,0,0,low_activity,0,0,0,0,low_activity,0,0,0,0,low_activity,0,0,0,0,0,0,1442322,414095,-0.5539,3959,-455868,26,33,64,63,1
1774104861,63,36,0,0,0,0,no_volume,0,0,0,0,low_activity,0,0,0,0,low_activity,0,0,0,0,0,0,1442322,414095,-0.5539,4018,-455868,26,33,64,63,1
1774104862,63,36,0,0,0,0,no_volume,0,0,0,0,low_activity,0,0,0,0,low_activity,0,0,0,0,0,0,1440332,362820,-0.5976,38,-508056,26,33,64,63,1
1774104863,63,36,0,0,0,0,no_volume,0,0,0,0,no_volume,0,0,0,0,low_activity,0,0,0,0,0,0,1440412,362820,-0.5976,-1910,2104,26,33,64,63,1
1774104864,63,36,0,0,0,0,no_volume,0,0,0,0,no_volume,0,0,0,0,low_activity,0,0,0,0,0,0,1438384,362810,-0.5971,-3938,76,26,33,64,63,1
1774104865,63,36,0,0,0,0,no_volume,0,0,0,0,no_volume,0,0,0,0,low_activity,0,0,0,0,0,0,1438384,362810,-0.5971,-1948,76,26,33,64,63,1
1774104866,63,36,0,0,0,0,no_volume,0,0,0,0,no_volume,0,0,0,0,low_activity,0,0,0,0,0,0,1438384,362810,-0.5971,-2028,76,26,33,64,63,1
1774104867,63,36,0,0,0,0,no_volume,0,0,0,0,no_volume,0,0,0,0,low_activity,0,0,0,0,0,0,1718384,362798,-0.6514,280000,280021,26,33,64,63,1
1774104868,63,36,0,0,0,0,no_volume,0,0,0,0,no_volume,0,0,0,0,low_activity,0,0,0,0,0,0,1730783,362798,-0.6534,292399,292479,26,33,64,63,1
1774104869,63,36,0,0,0,0,no_volume,0,0,0,0,no_volume,0,0,0,0,low_activity,0,0,0,0,0,0,1730783,359448,-0.6561,292399,290489,26,33,64,63,1
1774104870,63,36,0,0,0,0,no_volume,0,0,0,0,no_volume,0,0,0,0,low_activity,0,0,0,0,0,0,1730783,359448,-0.6561,12399,288461,26,33,64,63,1
1774104871,63,36,0,0,0,0,no_volume,0,0,0,0,no_volume,0,0,0,0,low_activity,0,0,0,0,0,0,1730783,359448,-0.6561,0,288461,26,33,64,63,1
1774104872,63,36,0,0,0,0,no_volume,0,0,0,0,no_volume,0,0,0,0,low_activity,0,0,0,0,0,0,1730783,359448,-0.6561,0,290451,26,33,64,63,1
1774104873,63,36,0,0,0,0,no_volume,0,0,0,0,no_volume,0,0,0,0,low_activity,0,0,0,0,0,0,1730783,359448,-0.6561,0,290371,26,33,64,63,1
1774104874,63,36,0,0,0,0,no_volume,0,0,0,0,no_volume,0,0,0,0,low_activity,0,0,0,0,0,0,1766603,359448,-0.6619,35820,328219,26,33,64,63,1
1774104875,63,36,0,0,0,0,no_volume,0,0,0,0,no_volume,0,0,0,0,low_activity,0,0,0,0,0,0,1736603,359448,-0.657,5820,298219,26,33,64,63,1
1774104876,63,36,0,0,0,0,no_volume,0,0,0,0,no_volume,0,0,0,0,low_activity,0,0,0,0,0,0,1736603,359250,-0.6572,5820,298219,26,33,64,63,1
1774104877,63,36,0,0,0,0,no_volume,0,0,0,0,no_volume,0,0,0,0,low_activity,0,0,0,0,0,0,1736603,359250,-0.6572,-30000,18219,26,33,64,63,1
1774104878,63,36,0,0,0,0,no_volume,0,0,0,0,no_volume,0,0,0,0,low_activity,0,0,0,0,0,0,1736603,382028,-0.6394,0,5820,26,33,64,63,1
1774104879,63,36,0,0,0,0,no_volume,0,0,0,0,no_volume,0,0,0,0,low_activity,0,0,0,0,0,0,1736603,360210,-0.6564,0,5820,26,33,64,63,1
1774104880,63,36,0,0,0,0,no_volume,0,0,0,0,no_volume,0,0,0,0,low_activity,0,0,0,0,0,0,1736603,360210,-0.6564,0,5820,26,33,64,63,1
1774104881,63,36,0,0,0,0,no_volume,0,0,0,0,no_volume,0,0,0,0,low_activity,0,0,0,0,0,0,1562057,360210,-0.6252,-174546,-168726,26,33,64,63,1
1774104882,63,36,0,0,0,0,no_volume,0,0,0,0,no_volume,0,0,0,0,low_activity,0,0,0,0,0,0,1562057,487486,-0.5243,-174546,-168726,26,33,64,63,1
1774104883,63,36,0,0,0,0,no_volume,0,0,0,0,no_volume,0,0,0,0,low_activity,0,0,0,0,0,0,1562057,480436,-0.5296,-174546,-168726,26,33,64,63,1
1774104884,63,36,0,0,0,0,no_volume,0,0,0,0,no_volume,0,0,0,0,low_activity,0,0,0,0,0,0,1561922,480436,-0.5295,-135,-204681,26,33,64,63,1
1774104885,63,36,0,0,0,0,no_volume,0,0,0,0,no_volume,0,0,0,0,low_activity,0,0,0,0,0,0,1300522,480436,-0.4605,-261535,-436081,26,33,64,63,1
1774104886,63,36,0,0,0,0,no_volume,0,0,0,0,no_volume,0,0,0,0,low_activity,0,0,0,0,0,0,1310022,480436,-0.4633,-252035,-426581,26,33,64,63,1
1774104887,63,36,0,0,0,0,no_volume,0,0,0,0,no_volume,0,0,0,0,low_activity,0,0,0,0,0,0,1310022,510891,-0.4389,-251900,-426581,26,33,64,63,1
1774104888,63,36,0,0,0,0,no_volume,0,0,0,0,no_volume,0,0,0,0,no_volume,0,0,0,0,0,0,1272224,396363,-0.5249,-28298,-464379,26,33,64,63,1
1774104889,63,36,0,0,0,0,no_volume,0,0,0,0,no_volume,0,0,0,0,no_volume,0,0,0,0,0,0,1262724,396363,-0.5222,-47298,-473879,26,33,64,63,1
1774104890,63,36,0,0,0,0,no_volume,0,0,0,0,no_volume,0,0,0,0,no_volume,0,0,0,0,0,0,1262724,396363,-0.5222,-47298,-473879,26,33,64,63,1
1774104891,63,36,0,0,0,0,no_volume,0,0,0,0,no_volume,0,0,0,0,no_volume,0,0,0,0,0,0,1226904,381363,-0.5257,-45320,-335153,26,33,64,63,1
1774104892,63,36,0,0,0,0,no_volume,0,0,0,0,no_volume,0,0,0,0,no_volume,0,0,0,0,0,0,1226904,396118,-0.5119,-35820,-335153,26,33,64,63,1
1774104893,63,36,0,0,0,0,no_volume,0,0,0,0,no_volume,0,0,0,0,no_volume,0,0,0,0,0,0,1483250,396118,-0.5785,220526,-78807,26,33,64,63,1
1774104894,63,36,0,0,0,0,no_volume,0,0,0,0,no_volume,0,0,0,0,no_volume,0,0,0,0,0,0,1685240,396118,-0.6194,458336,123318,26,33,64,63,1
1774104895,63,36,0,0,0,0,no_volume,0,0,0,0,no_volume,0,0,0,0,no_volume,0,0,0,0,0,0,1124623,490850,-0.3923,-102281,-175899,26,33,64,63,1
1774104896,63,36,0,0,0,0,no_volume,0,0,0,0,no_volume,0,0,0,0,no_volume,0,0,0,0,0,0,1124633,490850,-0.3923,-358617,-185389,26,33,64,63,1
1774104897,63,36,0,0,0,0,no_volume,0,0,0,0,no_volume,0,0,0,0,no_volume,0,0,0,0,0,0,1428321,490850,-0.4885,-256919,118299,26,33,64,63,1
1774104898,63,36,0,0,0,0,no_volume,0,0,0,0,no_volume,0,0,0,0,no_volume,0,0,0,0,0,0,1429009,490850,-0.4887,304386,156785,26,33,64,63,1
1774104899,63,36,0,0,0,0,no_volume,0,0,0,0,no_volume,0,0,0,0,no_volume,0,0,0,0,0,0,1366531,429286,-0.5219,241898,103807,26,33,64,63,1
1774104900,63,36,0,0,0,0,no_volume,0,0,0,0,no_volume,0,0,0,0,no_volume,0,0,0,0,0,0,1077733,429286,-0.4303,-350588,-184991,26,33,64,63,1
1774104901,63,36,0,0,0,0,low_activity,0,0,0,0,low_activity,0,0,0,0,low_activity,0,0,0,0,0,0,1077706,429286,-0.4303,-351303,-149198,26,33,64,63,1
1774104902,63,36,0,0,0,0,low_activity,0,0,0,0,low_activity,0,0,0,0,low_activity,0,0,0,0,0,0,1077706,429286,-0.4303,-288825,-149198,26,33,64,63,1
1774104903,63,36,0,0,0,0,low_activity,0,0,0,0,low_activity,0,0,0,0,low_activity,0,0,0,0,0,0,1077706,429286,-0.4303,-27,-405544,26,33,64,63,1
1774104904,63,36,0,0,0,0,no_volume,0,0,0,0,low_activity,0,0,0,0,low_activity,0,0,0,0,0,0,1077706,429286,-0.4303,0,-607534,26,33,64,63,1
1774104905,63,36,0,0,0,0,no_volume,0,0,0,0,low_activity,0,0,0,0,low_activity,0,0,0,0,0,0,1079716,429286,-0.431,2010,-44907,26,33,64,63,1
1774104906,63,36,0,0,0,0,no_volume,0,0,0,0,no_volume,0,0,0,0,low_activity,0,0,0,0,0,0,1079716,429286,-0.431,2010,-44917,26,33,64,63,1
1774104907,63,36,0,0,0,0,no_volume,0,0,0,0,no_volume,0,0,0,0,low_activity,0,0,0,0,0,0,1074873,429286,-0.4292,-2833,-353448,26,33,64,63,1
1774104908,63,36,0,0,0,0,no_volume,0,0,0,0,no_volume,0,0,0,0,low_activity,0,0,0,0,0,0,1133641,490797,-0.3957,53925,-295368,26,33,64,63,1
1774104909,63,36,0,0,0,0,no_volume,0,0,0,0,no_volume,0,0,0,0,low_activity,0,0,0,0,0,0,1057530,414686,-0.4367,-22186,-309001,26,33,64,63,1
1774104910,63,36,0,0,0,0,low_activity,0,0,0,0,low_activity,0,0,0,0,low_activity,0,0,0,0,0,0,1057454,414686,-0.4366,-17419,-20279,26,33,64,63,1
1774104911,63,36,0,0,0,0,low_activity,0,0,0,0,low_activity,0,0,0,0,low_activity,0,0,0,0,0,0,1055426,414686,-0.4358,-78215,-22280,26,33,64,63,1
1774104912,63,36,0,0,0,0,low_activity,0,0,0,0,low_activity,0,0,0,0,low_activity,0,0,0,0,0,0,1055426,414686,-0.4358,-2104,-22280,26,33,64,63,1
1774104913,63,36,0,0,0,0,no_volume,0,0,0,0,low_activity,0,0,0,0,low_activity,0,0,0,0,0,0,1055426,414686,-0.4358,-2028,-22280,26,33,64,63,1
1774104914,63,36,0,0,0,0,no_volume,0,0,0,0,low_activity,0,0,0,0,low_activity,0,0,0,0,0,0,1076413,434686,-0.4247,20987,-1293,26,33,64,63,1
1774104915,63,36,0,0,0,0,low_activity,0,0,0,0,low_activity,0,0,0,0,low_activity,0,0,0,0,0,0,1076361,434719,-0.4246,20935,-3355,26,33,64,63,1
1774104916,63,36,0,0,0,0,low_activity,0,0,0,0,low_activity,0,0,0,0,low_activity,0,0,0,0,0,0,1076361,434752,-0.4246,20935,-3355,26,33,64,63,1
1774104917,63,36,0,0,0,0,low_activity,0,0,0,0,low_activity,0,0,0,0,low_activity,0,0,0,0,0,0,1075374,434719,-0.4242,-1039,501,26,33,64,63,1
1774104918,63,36,0,0,0,0,no_volume,0,0,0,0,low_activity,0,0,0,0,low_activity,0,0,0,0,0,0,1325374,434719,-0.506,249013,191733,26,33,64,63,1
1774104919,63,36,0,0,0,0,no_volume,0,0,0,0,low_activity,0,0,0,0,low_activity,0,0,0,0,0,0,1327402,434719,-0.5066,251041,269872,26,33,64,63,1
1774104920,63,36,0,0,0,0,low_activity,0,0,0,0,low_activity,0,0,0,0,low_activity,0,0,0,0,0,0,1325716,434719,-0.5061,250342,268262,26,33,64,63,1
1774104921,63,36,0,0,0,0,low_activity,0,0,0,0,low_activity,0,0,0,0,low_activity,0,0,0,0,0,0,1325701,434719,-0.5061,327,270275,26,33,64,63,1
1774104922,63,36,0,0,0,0,low_activity,0,0,0,0,low_activity,0,0,0,0,low_activity,0,0,0,0,0,0,1325701,434719,-0.5061,-1701,270275,26,33,64,63,1
1774104923,63,36,0,0,0,0,low_activity,0,0,0,0,low_activity,0,0,0,0,low_activity,0,0,0,0,0,0,1325686,434719,-0.5061,-30,270260,26,33,64,63,1
1774104924,63,36,0,0,0,0,low_activity,0,0,0,0,low_activity,0,0,0,0,low_activity,0,0,0,0,0,0,1325686,434719,-0.5061,-15,249273,26,33,64,63,1
1774104925,63,36,0,0,0,0,low_activity,0,0,0,0,low_activity,0,0,0,0,low_activity,0,0,0,0,0,0,1075686,434686,-0.4244,-250015,-675,26,33,64,63,1
1774104926,63,36,0,0,0,0,no_volume,0,0,0,0,low_activity,0,0,0,0,low_activity,0,0,0,0,0,0,1075686,434686,-0.4244,-250000,-675,26,33,64,63,1
1774104927,63,36,0,0,0,0,no_volume,0,0,0,0,low_activity,0,0,0,0,low_activity,0,0,0,0,0,0,1105686,434686,-0.4356,-220000,30312,26,33,64,63,1
1774104928,63,36,0,0,0,0,no_volume,0,0,0,0,no_volume,0,0,0,0,low_activity,0,0,0,0,0,0,1075686,434686,-0.4244,0,-249688,26,33,64,63,1
1774104929,63,36,0,0,0,0,no_volume,0,0,0,0,no_volume,0,0,0,0,low_activity,0,0,0,0,0,0,1075686,434686,-0.4244,0,-251716,26,33,64,63,1
1774104930,63,36,0,0,0,0,no_volume,0,0,0,0,no_volume,0,0,0,0,low_activity,0,0,0,0,0,0,1075686,434686,-0.4244,-30000,-250030,26,33,64,63,1
1774104931,63,36,0,0,0,0,no_volume,0,0,0,0,no_volume,0,0,0,0,low_activity,0,0,0,0,0,0,1080529,434686,-0.4262,4843,-245172,26,33,64,63,1
1774104932,63,36,0,0,0,0,no_volume,0,0,0,0,no_volume,0,0,0,0,low_activity,0,0,0,0,0,0,1080529,434686,-0.4262,4843,-245172,26,33,64,63,1
1774104933,63,36,0,0,0,0,low_activity,0,0,0,0,low_activity,0,0,0,0,low_activity,0,0,0,0,0,0,1080499,434719,-0.4262,4813,-245187,26,33,64,63,1
1774104934,63,36,0,0,0,0,low_activity,0,0,0,0,low_activity,0,0,0,0,low_activity,0,0,0,0,0,0,1080469,434752,-0.4262,-60,-245217,26,33,64,63,1
1774104935,63,36,0,0,0,0,low_activity,0,0,0,0,low_activity,0,0,0,0,low_activity,0,0,0,0,0,0,1328441,434752,-0.5069,247912,252755,26,33,64,63,1
1774104936,63,36,0,0,0,0,low_activity,0,0,0,0,low_activity,0,0,0,0,low_activity,0,0,0,0,0,0,1326971,433900,-0.5072,246472,251285,26,33,64,63,1
1774104937,63,36,0,0,0,0,no_volume,0,0,0,0,low_activity,0,0,0,0,low_activity,0,0,0,0,0,0,1326971,433900,-0.5072,246502,221285,26,33,64,63,1
1774104938,63,36,0,0,0,0,no_volume,0,0,0,0,low_activity,0,0,0,0,low_activity,0,0,0,0,0,0,1326971,433900,-0.5072,-1470,251285,26,33,64,63,1
1774104939,63,36,0,0,0,0,no_volume,0,0,0,0,no_volume,0,0,0,0,low_activity,0,0,0,0,0,0,1326971,433900,-0.5072,0,251285,26,33,64,63,1
1774104940,63,36,0,0,0,0,low_activity,0,0,0,0,low_activity,0,0,0,0,low_activity,0,0,0,0,0,0,1326956,433933,-0.5071,-15,251270,26,33,64,63,1
1774104941,63,36,0,0,0,0,low_activity,0,0,0,0,low_activity,0,0,0,0,low_activity,0,0,0,0,0,0,1326956,433933,-0.5071,-15,246427,26,33,64,63,1
1774104942,63,36,0,0,0,0,low_activity,0,0,0,0,low_activity,0,0,0,0,low_activity,0,0,0,0,0,0,1328494,433867,-0.5076,1523,247965,26,33,64,63,1
1774104943,63,36,0,0,0,0,no_volume,0,0,0,0,low_activity,0,0,0,0,low_activity,0,0,0,0,0,0,1078494,433867,-0.4262,-248462,-2005,26,33,64,63,1
1774104944,63,36,0,0,0,0,no_volume,0,0,0,0,low_activity,0,0,0,0,low_activity,0,0,0,0,0,0,1078494,433867,-0.4262,-248462,-1975,26,33,64,63,1
1774104945,63,36,0,0,0,0,no_volume,0,0,0,0,no_volume,0,0,0,0,low_activity,0,0,0,0,0,0,1078494,433867,-0.4262,-250000,-249947,26,33,64,63,1
1774104946,63,36,0,0,0,0,no_volume,0,0,0,0,no_volume,0,0,0,0,low_activity,0,0,0,0,0,0,1078494,452680,-0.4087,0,-248477,26,33,64,63,1
1774104947,63,36,0,0,0,0,no_volume,0,0,0,0,no_volume,0,0,0,0,low_activity,0,0,0,0,0,0,1078494,452680,-0.4087,0,-248477,26,33,64,63,1
1774104948,63,36,0,0,0,0,low_activity,0,0,0,0,low_activity,0,0,0,0,low_activity,0,0,0,0,0,0,1078479,452713,-0.4087,-15,-248492,26,33,64,63,1
1774104949,63,36,0,0,0,0,low_activity,0,0,0,0,low_activity,0,0,0,0,low_activity,0,0,0,0,0,0,1078479,452713,-0.4087,-15,-248492,26,33,64,63,1
1774104950,63,36,0,0,0,0,low_activity,0,0,0,0,low_activity,0,0,0,0,low_activity,0,0,0,0,0,0,1076941,452680,-0.4081,-1553,-250015,26,33,64,63,1
1774104951,63,36,0,0,0,0,no_volume,0,0,0,0,low_activity,0,0,0,0,low_activity,0,0,0,0,0,0,1325496,452680,-0.4908,247017,-1460,26,33,64,63,1
1774104952,63,36,0,0,0,0,no_volume,0,0,0,0,low_activity,0,0,0,0,low_activity,0,0,0,0,0,0,1325496,452680,-0.4908,247017,-2998,26,33,64,63,1
1774104953,63,36,0,0,0,0,no_volume,0,0,0,0,no_volume,0,0,0,0,low_activity,0,0,0,0,0,0,1326143,452680,-0.491,249202,247649,26,33,64,63,1
1774104954,63,36,0,0,0,0,no_volume,0,0,0,0,no_volume,0,0,0,0,low_activity,0,0,0,0,0,0,1326143,452680,-0.491,647,247649,26,33,64,63,1
1774104955,63,36,0,0,0,0,no_volume,0,0,0,0,no_volume,0,0,0,0,low_activity,0,0,0,0,0,0,1076143,452680,-0.4078,-249353,-2351,26,33,64,63,1
1774104956,63,36,0,0,0,0,no_volume,0,0,0,0,no_volume,0,0,0,0,low_activity,0,0,0,0,0,0,1076143,452680,-0.4078,-250000,-2351,26,33,64,63,1
1774104957,63,36,0,0,0,0,no_volume,0,0,0,0,no_volume,0,0,0,0,low_activity,0,0,0,0,0,0,1076143,452680,-0.4078,-250000,-2351,26,33,64,63,1
1774104958,63,36,0,0,0,0,no_volume,0,0,0,0,no_volume,0,0,0,0,low_activity,0,0,0,0,0,0,1076143,452680,-0.4078,0,-2336,26,33,64,63,1
1774104959,63,36,0,0,0,0,no_volume,0,0,0,0,no_volume,0,0,0,0,low_activity,0,0,0,0,0,0,1076143,452680,-0.4078,0,-2336,26,33,64,63,1
1774104960,63,36,0,0,0,0,no_volume,0,0,0,0,no_volume,0,0,0,0,low_activity,0,0,0,0,0,0,1076143,452680,-0.4078,0,-798,26,33,64,63,1
1774104961,63,36,0,0,0,0,no_volume,0,0,0,0,no_volume,0,0,0,0,low_activity,0,0,0,0,0,0,1076143,452680,-0.4078,0,-249353,26,33,64,63,1
1774104962,63,36,0,0,0,0,no_volume,0,0,0,0,no_volume,0,0,0,0,low_activity,0,0,0,0,0,0,1076143,452680,-0.4078,0,-249353,26,33,64,63,1
1774104963,63,36,0,0,0,0,no_volume,0,0,0,0,no_volume,0,0,0,0,low_activity,0,0,0,0,0,0,1077383,452680,-0.4083,1240,-248760,26,33,64,63,1
1774104964,63,36,0,0,0,0,low_activity,0,0,0,0,low_activity,0,0,0,0,low_activity,0,0,0,0,0,0,1076138,452713,-0.4078,-5,-250005,26,33,64,63,1
1774104965,63,36,0,0,0,0,low_activity,0,0,0,0,low_activity,0,0,0,0,low_activity,0,0,0,0,0,0,1076138,452713,-0.4078,-5,-5,26,33,64,63,1
1774104966,63,36,0,0,0,0,low_activity,0,0,0,0,low_activity,0,0,0,0,low_activity,0,0,0,0,0,0,1076138,452713,-0.4078,-1245,-5,26,33,64,63,1
1774104967,63,36,0,0,0,0,no_volume,0,0,0,0,low_activity,0,0,0,0,low_activity,0,0,0,0,0,0,1077417,452713,-0.4083,1279,1274,26,33,64,63,1
1774104968,63,36,0,0,0,0,no_volume,0,0,0,0,low_activity,0,0,0,0,low_activity,0,0,0,0,0,0,1328804,452713,-0.4918,252666,252661,26,33,64,63,1
1774104969,63,36,0,0,0,0,no_volume,0,0,0,0,no_volume,0,0,0,0,low_activity,0,0,0,0,0,0,1328884,452713,-0.4918,252746,252741,26,33,64,63,1
1774104970,63,36,0,0,0,0,no_volume,0,0,0,0,no_volume,0,0,0,0,low_activity,0,0,0,0,0,0,1078884,452713,-0.4088,1467,2741,26,33,64,63,1
1774104971,63,36,0,0,0,0,no_volume,0,0,0,0,no_volume,0,0,0,0,low_activity,0,0,0,0,0,0,1091873,472774,-0.3957,-236931,15730,26,34,64,63,1
1774104972,63,36,0,0,0,0,no_volume,0,0,0,0,no_volume,0,0,0,0,low_activity,0,0,0,0,0,0,1076200,427681,-0.4312,-252684,57,26,33,64,63,1
1774104973,63,36,0,0,0,0,no_volume,0,0,0,0,no_volume,0,0,0,0,low_activity,0,0,0,0,0,0,1327440,427681,-0.5126,248556,250057,26,33,64,63,1
1774104974,63,36,0,0,0,0,no_volume,0,0,0,0,no_volume,0,0,0,0,low_activity,0,0,0,0,0,0,1327440,427681,-0.5126,235567,251302,26,33,64,63,1
1774104975,63,36,0,0,0,0,low_activity,0,0,0,0,low_activity,0,0,0,0,low_activity,0,0,0,0,0,0,1590379,453715,-0.5561,514179,514241,26,34,64,63,1
1774104976,63,36,0,0,0,0,low_activity,0,0,0,0,low_activity,0,0,0,0,low_activity,0,0,0,0,0,0,1590379,482611,-0.5344,262939,514241,26,34,64,63,1
1774104977,63,36,0,0,0,0,low_activity,0,0,0,0,low_activity,0,0,0,0,low_activity,0,0,0,0,0,0,1577372,456643,-0.551,249932,499955,26,33,64,63,1
1774104978,63,36,0,0,0,0,low_activity,0,0,0,0,low_activity,0,0,0,0,low_activity,0,0,0,0,0,0,1577357,456676,-0.551,-13022,248553,26,33,64,63,1
1774104979,63,36,0,0,0,0,low_activity,0,0,0,0,low_activity,0,0,0,0,low_activity,0,0,0,0,0,0,1577357,456676,-0.551,-13022,248473,26,33,64,63,1
1774104980,63,36,0,0,0,0,low_activity,0,0,0,0,low_activity,0,0,0,0,low_activity,0,0,0,0,0,0,1840364,482644,-0.5845,262992,761480,26,34,64,63,1
1774104981,63,36,0,0,0,0,no_volume,0,0,0,0,low_activity,0,0,0,0,low_activity,0,0,0,0,0,0,1589124,482644,-0.5341,11767,497251,26,34,64,63,1
1774104982,63,36,0,0,0,0,no_volume,0,0,0,0,low_activity,0,0,0,0,low_activity,0,0,0,0,0,0,1326117,461561,-0.4836,-251240,249917,26,33,64,63,1
1774104983,63,36,0,0,0,0,low_activity,0,0,0,0,low_activity,0,0,0,0,low_activity,0,0,0,0,0,0,1589103,482677,-0.534,-251261,261663,26,34,64,63,1
1774104984,63,36,0,0,0,0,low_activity,0,0,0,0,low_activity,0,0,0,0,low_activity,0,0,0,0,0,0,1589103,482677,-0.534,-21,261663,26,34,64,63,1
1774104985,63,36,0,0,0,0,low_activity,0,0,0,0,low_activity,0,0,0,0,low_activity,0,0,0,0,0,0,1575690,461594,-0.5469,249573,-14689,26,33,64,63,1
1774104986,63,36,0,0,0,0,low_activity,0,0,0,0,low_activity,0,0,0,0,low_activity,0,0,0,0,0,0,1325690,461594,-0.4835,-263413,-264689,26,33,64,63,1
1774104987,63,36,0,0,0,0,low_activity,0,0,0,0,low_activity,0,0,0,0,low_activity,0,0,0,0,0,0,1088697,477726,-0.39,-500406,-488675,26,34,64,63,1
1774104988,63,36,0,0,0,0,low_activity,0,0,0,0,low_activity,0,0,0,0,low_activity,0,0,0,0,0,0,1118597,477726,-0.4015,-457093,-458760,26,34,64,63,1
1774104989,63,36,0,0,0,0,low_activity,0,0,0,0,low_activity,0,0,0,0,low_activity,0,0,0,0,0,0,1118597,477726,-0.4015,-207093,-458760,26,34,64,63,1
1774104990,63,36,0,0,0,0,low_activity,0,0,0,0,low_activity,0,0,0,0,low_activity,0,0,0,0,0,0,1368594,470939,-0.488,279897,-471770,27,34,64,63,1
1774104991,63,36,0,0,0,0,low_activity,0,0,0,0,low_activity,0,0,0,0,low_activity,0,0,0,0,0,0,1118594,470939,-0.4074,-3,-470530,27,34,64,63,1
1774104992,63,36,0,0,0,0,low_activity,0,0,0,0,low_activity,0,0,0,0,low_activity,0,0,0,0,0,0,1118594,470939,-0.4074,-3,-207523,27,34,64,63,1
1774104993,63,36,0,0,0,0,no_volume,0,0,0,0,low_activity,0,0,0,0,low_activity,0,0,0,0,0,0,1106846,444938,-0.4265,-261748,-482257,26,33,64,63,1
1774104994,63,36,0,0,0,0,no_volume,0,0,0,0,low_activity,0,0,0,0,low_activity,0,0,0,0,0,0,1106846,444938,-0.4265,-11748,-482257,26,33,64,63,1
1774104995,63,36,0,0,0,0,no_volume,0,0,0,0,no_volume,0,0,0,0,low_activity,0,0,0,0,0,0,1120626,470939,-0.4082,2032,-455064,26,34,64,63,1
1774104996,63,36,0,0,0,0,low_activity,0,0,0,0,low_activity,0,0,0,0,low_activity,0,0,0,0,0,0,1369323,470972,-0.4882,262477,43633,26,34,64,63,1
1774104997,63,36,0,0,0,0,low_activity,0,0,0,0,low_activity,0,0,0,0,low_activity,0,0,0,0,0,0,1356202,444971,-0.5059,249356,267505,26,33,64,63,1
1774104998,63,36,0,0,0,0,low_activity,0,0,0,0,low_activity,0,0,0,0,low_activity,0,0,0,0,0,0,1339209,452158,-0.4952,218583,220612,26,34,64,63,1
1774104999,63,36,0,0,0,0,low_activity,0,0,0,0,low_activity,0,0,0,0,low_activity,0,0,0,0,0,0,1625611,349610,-0.646,256288,507014,26,34,64,63,1
1774105000,63,36,0,0,0,0,no_volume,0,0,0,0,low_activity,0,0,0,0,low_activity,0,0,0,0,0,0,1859689,323609,-0.7036,503487,491095,26,33,64,63,1
1774105001,63,36,0,0,0,0,no_volume,0,0,0,0,low_activity,0,0,0,0,low_activity,0,0,0,0,0,0,1609689,323609,-0.6652,270480,491095,26,33,64,63,1
1774105002,63,36,0,0,0,0,no_volume,0,0,0,0,no_volume,0,0,0,0,low_activity,0,0,0,0,0,0,1609689,323609,-0.6652,-15922,491095,26,33,64,63,1
1774105003,63,36,0,0,0,0,no_volume,0,0,0,0,no_volume,0,0,0,0,low_activity,0,0,0,0,0,0,1622143,349610,-0.6454,-237546,515297,26,34,64,63,1
1774105004,63,36,0,0,0,0,no_volume,0,0,0,0,no_volume,0,0,0,0,low_activity,0,0,0,0,0,0,1622143,349610,-0.6454,12454,515297,26,34,64,63,1
1774105005,63,36,0,0,0,0,no_volume,0,0,0,0,no_volume,0,0,0,0,low_activity,0,0,0,0,0,0,1609136,425318,-0.5819,-553,488510,26,33,64,63,1
1774105006,63,36,0,0,0,0,no_volume,0,0,0,0,no_volume,0,0,0,0,low_activity,0,0,0,0,0,0,1609136,425318,-0.5819,-13007,239813,26,33,64,63,1
1774105007,63,36,0,0,0,0,low_activity,0,0,0,0,low_activity,0,0,0,0,low_activity,0,0,0,0,0,0,1354140,451852,-0.4996,-268003,-2062,26,34,64,63,1
1774105008,63,36,0,0,0,0,low_activity,0,0,0,0,low_activity,0,0,0,0,low_activity,0,0,0,0,0,0,1353377,451819,-0.4994,-255759,14168,26,34,64,63,1
1774105009,63,36,0,0,0,0,low_activity,0,0,0,0,low_activity,0,0,0,0,low_activity,0,0,0,0,0,0,1089838,425818,-0.4381,-519298,-535773,26,33,64,63,1
1774105010,63,36,0,0,0,0,no_volume,0,0,0,0,low_activity,0,0,0,0,low_activity,0,0,0,0,0,0,1102765,452319,-0.4183,-251375,-756924,26,34,64,63,1
1774105011,63,36,0,0,0,0,no_volume,0,0,0,0,low_activity,0,0,0,0,low_activity,0,0,0,0,0,0,1087797,452319,-0.4126,-265580,-521892,26,34,64,63,1
1774105012,63,36,0,0,0,0,low_activity,0,0,0,0,low_activity,0,0,0,0,low_activity,0,0,0,0,0,0,1324790,426313,-0.5131,234952,-284899,26,33,64,63,1
1774105013,63,36,0,0,0,0,low_activity,0,0,0,0,low_activity,0,0,0,0,low_activity,0,0,0,0,0,0,1324790,426313,-0.5131,222025,-297353,26,33,64,63,1
1774105014,63,36,0,0,0,0,low_activity,0,0,0,0,low_activity,0,0,0,0,low_activity,0,0,0,0,0,0,1324790,426313,-0.5131,236993,-297353,26,33,64,63,1
1774105015,63,36,0,0,0,0,no_volume,0,0,0,0,low_activity,0,0,0,0,low_activity,0,0,0,0,0,0,1324790,426313,-0.5131,0,-284346,26,33,64,63,1
1774105016,63,36,0,0,0,0,no_volume,0,0,0,0,low_activity,0,0,0,0,low_activity,0,0,0,0,0,0,1324790,426308,-0.5131,0,-284346,26,33,64,63,1
1774105017,63,36,0,0,0,0,no_volume,0,0,0,0,no_volume,0,0,0,0,low_activity,0,0,0,0,0,0,1324790,426308,-0.5131,0,-29350,26,33,64,63,1
1774105018,63,36,0,0,0,0,no_volume,0,0,0,0,no_volume,0,0,0,0,low_activity,0,0,0,0,0,0,1325539,426308,-0.5133,749,-27838,26,33,64,63,1
1774105019,63,36,0,0,0,0,no_volume,0,0,0,0,no_volume,0,0,0,0,low_activity,0,0,0,0,0,0,1075539,426308,-0.4323,-249251,-14299,26,33,64,63,1
1774105020,63,36,0,0,0,0,low_activity,0,0,0,0,low_activity,0,0,0,0,low_activity,0,0,0,0,0,0,1075439,426341,-0.4322,-249351,-27326,26,33,64,63,1
1774105021,63,36,0,0,0,0,low_activity,0,0,0,0,low_activity,0,0,0,0,low_activity,0,0,0,0,0,0,1355296,426341,-0.5214,29757,267499,26,33,64,63,1
1774105022,63,36,0,0,0,0,low_activity,0,0,0,0,low_activity,0,0,0,0,low_activity,0,0,0,0,0,0,1354537,324599,-0.6134,278998,29747,26,33,64,63,1
1774105023,63,36,0,0,0,0,no_volume,0,0,0,0,low_activity,0,0,0,0,low_activity,0,0,0,0,0,0,1604537,324599,-0.6635,529098,279747,26,33,64,63,1
1774105024,63,36,0,0,0,0,no_volume,0,0,0,0,low_activity,0,0,0,0,low_activity,0,0,0,0,0,0,1604537,324599,-0.6635,249241,279747,26,33,64,63,1
1774105025,63,36,0,0,0,0,no_volume,0,0,0,0,no_volume,0,0,0,0,low_activity,0,0,0,0,0,0,1354537,324599,-0.6134,0,29747,26,33,64,63,1
1774105026,63,36,0,0,0,0,no_volume,0,0,0,0,no_volume,0,0,0,0,low_activity,0,0,0,0,0,0,1354537,324599,-0.6134,-250000,29747,26,33,64,63,1
1774105027,63,36,0,0,0,0,no_volume,0,0,0,0,no_volume,0,0,0,0,low_activity,0,0,0,0,0,0,1354537,324599,-0.6134,-250000,29747,26,33,64,63,1
1774105028,63,36,0,0,0,0,low_activity,0,0,0,0,low_activity,0,0,0,0,low_activity,0,0,0,0,0,0,1354499,324374,-0.6136,-38,28960,26,33,64,63,1
1774105029,63,36,0,0,0,0,low_activity,0,0,0,0,low_activity,0,0,0,0,low_activity,0,0,0,0,0,0,1355210,324374,-0.6137,673,279671,26,33,64,63,1
1774105030,63,36,0,0,0,0,low_activity,0,0,0,0,low_activity,0,0,0,0,low_activity,0,0,0,0,0,0,1355210,324374,-0.6137,673,279771,26,33,64,63,1
1774105031,63,36,0,0,0,0,low_activity,0,0,0,0,low_activity,0,0,0,0,low_activity,0,0,0,0,0,0,1355172,324149,-0.614,673,-124,26,33,64,63,1
1774105032,63,36,0,0,0,0,low_activity,0,0,0,0,low_activity,0,0,0,0,low_activity,0,0,0,0,0,0,1354857,324149,-0.6139,-353,320,26,33,64,63,1
1774105033,63,36,0,0,0,0,low_activity,0,0,0,0,low_activity,0,0,0,0,low_activity,0,0,0,0,0,0,1354812,324149,-0.6139,-398,-249725,26,33,64,63,1
1774105034,63,36,0,0,0,0,low_activity,0,0,0,0,low_activity,0,0,0,0,low_activity,0,0,0,0,0,0,1604812,292859,-0.6913,249640,275,26,33,64,63,1
1774105035,63,36,0,0,0,0,low_activity,0,0,0,0,low_activity,0,0,0,0,low_activity,0,0,0,0,0,0,1599276,292826,-0.6905,244419,244739,26,33,64,63,1
1774105036,63,36,0,0,0,0,no_volume,0,0,0,0,low_activity,0,0,0,0,low_activity,0,0,0,0,0,0,1854633,292859,-0.7273,499821,500096,26,33,64,63,1
1774105037,63,36,0,0,0,0,no_volume,0,0,0,0,low_activity,0,0,0,0,low_activity,0,0,0,0,0,0,1854633,292826,-0.7273,249821,500096,26,33,64,63,1
1774105038,63,36,0,0,0,0,no_volume,0,0,0,0,no_volume,0,0,0,0,low_activity,0,0,0,0,0,0,1854633,292826,-0.7273,255357,500134,26,33,64,63,1
1774105039,63,36,0,0,0,0,no_volume,0,0,0,0,no_volume,0,0,0,0,low_activity,0,0,0,0,0,0,1854633,292826,-0.7273,0,499423,26,33,64,63,1
1774105040,63,36,0,0,0,0,no_volume,0,0,0,0,no_volume,0,0,0,0,low_activity,0,0,0,0,0,0,1855951,313435,-0.711,1318,500741,26,33,64,63,1
1774105041,63,36,0,0,0,0,no_volume,0,0,0,0,no_volume,0,0,0,0,low_activity,0,0,0,0,0,0,1855951,313435,-0.711,1318,500779,26,33,64,63,1
1774105042,63,36,0,0,0,0,no_volume,0,0,0,0,no_volume,0,0,0,0,low_activity,0,0,0,0,0,0,1855951,313435,-0.711,1318,501094,26,33,64,63,1
1774105043,63,36,0,0,0,0,no_volume,0,0,0,0,no_volume,0,0,0,0,low_activity,0,0,0,0,0,0,1855951,313435,-0.711,0,501139,26,33,64,63,1
1774105044,63,36,0,0,0,0,low_activity,0,0,0,0,low_activity,0,0,0,0,low_activity,0,0,0,0,0,0,1855949,313435,-0.711,-2,251137,26,33,64,63,1
1774105045,63,36,0,0,0,0,low_activity,0,0,0,0,low_activity,0,0,0,0,low_activity,0,0,0,0,0,0,1854631,313468,-0.7108,-1320,255355,26,33,64,63,1
1774105046,63,36,0,0,0,0,no_volume,0,0,0,0,low_activity,0,0,0,0,low_activity,0,0,0,0,0,0,1855870,313468,-0.711,-81,1237,26,33,64,63,1
1774105047,63,36,0,0,0,0,no_volume,0,0,0,0,low_activity,0,0,0,0,low_activity,0,0,0,0,0,0,1605338,313468,-0.6733,-250611,-249295,26,33,64,63,1
1774105048,63,36,0,0,0,0,no_volume,0,0,0,0,no_volume,0,0,0,0,low_activity,0,0,0,0,0,0,1384099,313468,-0.6307,-470532,-470534,26,33,64,63,1
1774105049,63,36,0,0,0,0,no_volume,0,0,0,0,no_volume,0,0,0,0,low_activity,0,0,0,0,0,0,1384099,292826,-0.6508,-471771,-470534,26,33,64,63,1
1774105050,63,36,0,0,0,0,no_volume,0,0,0,0,no_volume,0,0,0,0,low_activity,0,0,0,0,0,0,1384099,292826,-0.6508,-221239,-471852,26,33,64,63,1
1774105051,63,36,0,0,0,0,low_activity,0,0,0,0,low_activity,0,0,0,0,low_activity,0,0,0,0,0,0,1379226,292859,-0.6497,-4873,-476725,26,33,64,63,1
1774105052,63,36,0,0,0,0,low_activity,0,0,0,0,low_activity,0,0,0,0,low_activity,0,0,0,0,0,0,1166827,313468,-0.5765,-217272,-689124,26,33,64,63,1
1774105053,63,36,0,0,0,0,low_activity,0,0,0,0,low_activity,0,0,0,0,low_activity,0,0,0,0,0,0,1166827,313468,-0.5765,-217272,-689124,26,33,64,63,1
1774105054,63,36,0,0,0,0,no_volume,0,0,0,0,low_activity,0,0,0,0,low_activity,0,0,0,0,0,0,1166827,313435,-0.5765,-212399,-689122,26,33,64,63,1
1774105055,63,36,0,0,0,0,no_volume,0,0,0,0,low_activity,0,0,0,0,low_activity,0,0,0,0,0,0,1165097,313435,-0.576,-1730,-689534,26,33,64,63,1
1774105056,63,36,0,0,0,0,no_volume,0,0,0,0,no_volume,0,0,0,0,low_activity,0,0,0,0,0,0,1114486,313435,-0.561,-52341,-741384,26,33,64,63,1
1774105057,63,36,0,0,0,0,no_volume,0,0,0,0,no_volume,0,0,0,0,low_activity,0,0,0,0,0,0,1114486,313435,-0.561,-52341,-490852,26,33,64,63,1
1774105058,63,36,0,0,0,0,no_volume,0,0,0,0,no_volume,0,0,0,0,low_activity,0,0,0,0,0,0,1117152,299185,-0.5775,-47945,-266947,26,33,64,63,1
1774105059,63,36,0,0,0,0,no_volume,0,0,0,0,no_volume,0,0,0,0,low_activity,0,0,0,0,0,0,1117152,299185,-0.5775,2666,-266947,26,33,64,63,1
1774105060,63,36,0,0,0,0,no_volume,0,0,0,0,no_volume,0,0,0,0,low_activity,0,0,0,0,0,0,1117152,299185,-0.5775,2666,-266947,26,33,64,63,1
1774105061,63,36,0,0,0,0,low_activity,0,0,0,0,low_activity,0,0,0,0,low_activity,0,0,0,0,0,0,1117142,299218,-0.5775,-10,-262084,26,33,64,63,1
1774105062,63,36,0,0,0,0,low_activity,0,0,0,0,low_activity,0,0,0,0,low_activity,0,0,0,0,0,0,1117142,299218,-0.5775,-10,-49685,26,33,64,63,1
1774105063,63,36,0,0,0,0,low_activity,0,0,0,0,low_activity,0,0,0,0,low_activity,0,0,0,0,0,0,1117142,299218,-0.5775,-10,-49685,26,33,64,63,1
1774105064,63,36,0,0,0,0,no_volume,0,0,0,0,low_activity,0,0,0,0,low_activity,0,0,0,0,0,0,1106725,299251,-0.5743,-10417,-60102,26,33,64,63,1
1774105065,63,36,0,0,0,0,low_activity,0,0,0,0,low_activity,0,0,0,0,low_activity,0,0,0,0,0,0,1106573,299251,-0.5743,-10569,-58524,26,33,64,63,1
1774105066,63,36,0,0,0,0,low_activity,0,0,0,0,low_activity,0,0,0,0,low_activity,0,0,0,0,0,0,1106573,299251,-0.5743,-10569,-7913,26,33,64,63,1
1774105067,63,36,0,0,0,0,low_activity,0,0,0,0,low_activity,0,0,0,0,low_activity,0,0,0,0,0,0,1105610,299226,-0.574,-1115,-8876,26,33,64,63,1
1774105068,63,36,0,0,0,0,low_activity,0,0,0,0,low_activity,0,0,0,0,low_activity,0,0,0,0,0,0,1105595,299259,-0.574,-978,-11557,26,33,64,63,1
1774105069,63,36,0,0,0,0,low_activity,0,0,0,0,low_activity,0,0,0,0,low_activity,0,0,0,0,0,0,1105595,299259,-0.574,-978,-11557,26,33,64,63,1
1774105070,63,36,0,0,0,0,low_activity,0,0,0,0,low_activity,0,0,0,0,low_activity,0,0,0,0,0,0,1105519,299259,-0.5739,-91,-11633,26,33,64,63,1
1774105071,63,36,0,0,0,0,low_activity,0,0,0,0,low_activity,0,0,0,0,low_activity,0,0,0,0,0,0,1105519,299292,-0.5739,-76,-11623,26,33,64,63,1
1774105072,63,36,0,0,0,0,low_activity,0,0,0,0,low_activity,0,0,0,0,low_activity,0,0,0,0,0,0,1105519,299292,-0.5739,-76,-11623,26,33,64,63,1
1774105073,63,36,0,0,0,0,no_volume,0,0,0,0,low_activity,0,0,0,0,low_activity,0,0,0,0,0,0,1105519,299259,-0.5739,0,-11623,26,33,64,63,1
1774105074,63,36,0,0,0,0,no_volume,0,0,0,0,low_activity,0,0,0,0,low_activity,0,0,0,0,0,0,1105519,299226,-0.574,0,-1206,26,33,64,63,1
1774105075,63,36,0,0,0,0,no_volume,0,0,0,0,no_volume,0,0,0,0,low_activity,0,0,0,0,0,0,1105519,299226,-0.574,0,-1054,26,33,64,63,1
1774105076,63,36,0,0,0,0,no_volume,0,0,0,0,no_volume,0,0,0,0,low_activity,0,0,0,0,0,0,1105519,299226,-0.574,0,-1054,26,33,64,63,1
1774105077,63,36,0,0,0,0,no_volume,0,0,0,0,no_volume,0,0,0,0,low_activity,0,0,0,0,0,0,1105519,299226,-0.574,0,-91,26,33,64,63,1
1774105078,63,36,0,0,0,0,no_volume,0,0,0,0,no_volume,0,0,0,0,low_activity,0,0,0,0,0,0,1105519,299226,-0.574,0,-76,26,33,64,63,1
1774105079,63,36,0,0,0,0,no_volume,0,0,0,0,no_volume,0,0,0,0,low_activity,0,0,0,0,0,0,1105519,299226,-0.574,0,-76,26,33,64,63,1
1774105080,63,36,0,0,0,0,no_volume,0,0,0,0,no_volume,0,0,0,0,low_activity,0,0,0,0,0,0,1105519,299226,-0.574,0,0,26,33,64,63,1
1774105081,63,36,0,0,0,0,no_volume,0,0,0,0,no_volume,0,0,0,0,low_activity,0,0,0,0,0,0,1105519,299226,-0.574,0,0,26,33,64,63,1
1774105082,63,36,0,0,0,0,no_volume,0,0,0,0,no_volume,0,0,0,0,low_activity,0,0,0,0,0,0,1105519,406708,-0.4621,0,0,26,33,64,63,1
1774105083,63,36,0,0,0,0,no_volume,0,0,0,0,no_volume,0,0,0,0,low_activity,0,0,0,0,0,0,1105519,406708,-0.4621,0,0,26,33,64,63,1
1774105084,63,36,0,0,0,0,no_volume,0,0,0,0,no_volume,0,0,0,0,low_activity,0,0,0,0,0,0,1105519,406708,-0.4621,0,0,26,33,64,63,1
1774105085,63,36,0,0,0,0,no_volume,0,0,0,0,no_volume,0,0,0,0,low_activity,0,0,0,0,0,0,1105519,406708,-0.4621,0,0,26,33,64,63,1
1774105086,63,36,0,0,0,0,no_volume,0,0,0,0,no_volume,0,0,0,0,low_activity,0,0,0,0,0,0,1105519,406708,-0.4621,0,0,26,33,64,63,1
1774105087,63,36,0,0,0,0,no_volume,0,0,0,0,no_volume,0,0,0,0,low_activity,0,0,0,0,0,0,1105519,406708,-0.4621,0,0,26,33,64,63,1
1774105088,63,36,0,0,0,0,no_volume,0,0,0,0,no_volume,0,0,0,0,low_activity,0,0,0,0,0,0,1105519,406708,-0.4621,0,0,26,33,64,63,1
1774105089,63,36,0,0,0,0,no_volume,0,0,0,0,no_volume,0,0,0,0,low_activity,0,0,0,0,0,0,1105519,406708,-0.4621,0,0,26,33,64,63,1
1774105090,63,36,0,0,0,0,no_volume,0,0,0,0,no_volume,0,0,0,0,low_activity,0,0,0,0,0,0,1105519,406708,-0.4621,0,0,26,33,64,63,1
1774105091,63,36,0,0,0,0,no_volume,0,0,0,0,no_volume,0,0,0,0,low_activity,0,0,0,0,0,0,1105519,406708,-0.4621,0,0,26,33,64,63,1
1774105092,63,36,0,0,0,0,low_activity,0,0,0,0,low_activity,0,0,0,0,low_activity,0,0,0,0,0,0,1105310,406741,-0.462,-209,-209,26,33,64,63,1
1774105093,63,36,0,0,0,0,low_activity,0,0,0,0,low_activity,0,0,0,0,low_activity,0,0,0,0,0,0,1105310,406741,-0.462,-209,-209,26,33,64,63,1
1774105094,63,36,0,0,0,0,low_activity,0,0,0,0,low_activity,0,0,0,0,low_activity,0,0,0,0,0,0,1105310,406741,-0.462,-209,-209,26,33,64,63,1
1774105095,63,36,0,0,0,0,low_activity,0,0,0,0,low_activity,0,0,0,0,low_activity,0,0,0,0,0,0,1105279,406741,-0.462,-31,-240,26,33,64,63,1
1774105096,63,36,0,0,0,0,low_activity,0,0,0,0,low_activity,0,0,0,0,low_activity,0,0,0,0,0,0,1105279,406741,-0.462,-31,-240,26,33,64,63,1
1774105097,63,36,0,0,0,0,low_activity,0,0,0,0,low_activity,0,0,0,0,low_activity,0,0,0,0,0,0,1105279,406708,-0.462,-31,-240,26,33,64,63,1
1774105098,63,36,0,0,0,0,no_volume,0,0,0,0,low_activity,0,0,0,0,low_activity,0,0,0,0,0,0,1105279,406708,-0.462,0,-240,26,33,64,63,1
1774105099,63,36,0,0,0,0,no_volume,0,0,0,0,low_activity,0,0,0,0,low_activity,0,0,0,0,0,0,1109499,406708,-0.4635,4220,3980,26,33,64,63,1
1774105100,63,36,0,0,0,0,no_volume,0,0,0,0,no_volume,0,0,0,0,low_activity,0,0,0,0,0,0,1109499,406708,-0.4635,4220,3980,26,33,64,63,1
1774105101,63,36,0,0,0,0,low_activity,0,0,0,0,low_activity,0,0,0,0,low_activity,0,0,0,0,0,0,1101879,406708,-0.4608,-3400,-3640,26,33,64,63,1
1774105102,63,36,0,0,0,0,low_activity,0,0,0,0,low_activity,0,0,0,0,low_activity,0,0,0,0,0,0,1101879,406708,-0.4608,-7620,-3431,26,33,64,63,1
1774105103,63,36,0,0,0,0,low_activity,0,0,0,0,low_activity,0,0,0,0,low_activity,0,0,0,0,0,0,1101499,406708,-0.4607,-8000,-3811,26,33,64,63,1
1774105104,63,36,0,0,0,0,low_activity,0,0,0,0,low_activity,0,0,0,0,low_activity,0,0,0,0,0,0,1101499,417848,-0.45,-380,-3811,26,34,64,63,1
1774105105,63,36,0,0,0,0,low_activity,0,0,0,0,low_activity,0,0,0,0,low_activity,0,0,0,0,0,0,1100892,417848,-0.4497,-987,-4387,26,34,64,63,1
1774105106,63,36,0,0,0,0,no_volume,0,0,0,0,low_activity,0,0,0,0,low_activity,0,0,0,0,0,0,1101498,402835,-0.4644,-1,-3781,26,33,64,63,1
1774105107,63,36,0,0,0,0,no_volume,0,0,0,0,low_activity,0,0,0,0,low_activity,0,0,0,0,0,0,1101498,402835,-0.4644,-1,-3781,26,33,64,63,1
1774105108,63,36,0,0,0,0,no_volume,0,0,0,0,no_volume,0,0,0,0,low_activity,0,0,0,0,0,0,1101498,415842,-0.4519,606,-3781,26,33,64,63,1
1774105109,63,36,0,0,0,0,no_volume,0,0,0,0,no_volume,0,0,0,0,low_activity,0,0,0,0,0,0,1100892,415276,-0.4522,-606,-8607,26,33,64,63,1
1774105110,63,36,0,0,0,0,no_volume,0,0,0,0,no_volume,0,0,0,0,low_activity,0,0,0,0,0,0,1100892,415276,-0.4522,-606,-8607,26,33,64,63,1
1774105111,63,36,0,0,0,0,no_volume,0,0,0,0,no_volume,0,0,0,0,low_activity,0,0,0,0,0,0,1096102,430276,-0.4362,-5396,-5777,26,34,64,63,1
1774105112,63,36,0,0,0,0,no_volume,0,0,0,0,no_volume,0,0,0,0,low_activity,0,0,0,0,0,0,1101349,430276,-0.4381,457,-530,26,34,64,63,1
1774105113,63,36,0,0,0,0,no_volume,0,0,0,0,no_volume,0,0,0,0,low_activity,0,0,0,0,0,0,1101349,430276,-0.4381,457,-150,26,34,64,63,1
1774105114,63,36,0,0,0,0,no_volume,0,0,0,0,no_volume,0,0,0,0,low_activity,0,0,0,0,0,0,1101955,413916,-0.4539,5853,456,26,33,64,63,1
1774105115,63,36,0,0,0,0,no_volume,0,0,0,0,no_volume,0,0,0,0,low_activity,0,0,0,0,0,0,1101955,426923,-0.4415,606,1063,26,33,64,63,1
1774105116,63,36,0,0,0,0,no_volume,0,0,0,0,no_volume,0,0,0,0,low_activity,0,0,0,0,0,0,1101955,415822,-0.4521,606,457,26,33,64,63,1
1774105117,63,36,0,0,0,0,no_volume,0,0,0,0,no_volume,0,0,0,0,low_activity,0,0,0,0,0,0,1101955,415822,-0.4521,0,457,26,33,64,63,1
1774105118,63,36,0,0,0,0,no_volume,0,0,0,0,no_volume,0,0,0,0,low_activity,0,0,0,0,0,0,1101955,415822,-0.4521,0,457,26,33,64,63,1
1774105119,63,36,0,0,0,0,no_volume,0,0,0,0,no_volume,0,0,0,0,low_activity,0,0,0,0,0,0,1101955,415822,-0.4521,0,1063,26,33,64,63,1
1774105120,63,36,0,0,0,0,no_volume,0,0,0,0,no_volume,0,0,0,0,low_activity,0,0,0,0,0,0,1101955,415822,-0.4521,0,1063,26,33,64,63,1
1774105121,63,36,0,0,0,0,no_volume,0,0,0,0,no_volume,0,0,0,0,low_activity,0,0,0,0,0,0,1097278,430822,-0.4361,-4677,1176,26,34,64,63,1
1774105122,63,36,0,0,0,0,low_activity,0,0,0,0,low_activity,0,0,0,0,low_activity,0,0,0,0,0,0,1097051,402848,-0.4628,-4904,-4298,26,33,64,63,1
1774105123,63,36,0,0,0,0,low_activity,0,0,0,0,low_activity,0,0,0,0,low_activity,0,0,0,0,0,0,1096464,403551,-0.4619,-5491,-4885,26,33,64,63,1
1774105124,63,36,0,0,0,0,low_activity,0,0,0,0,low_activity,0,0,0,0,low_activity,0,0,0,0,0,0,1096464,403551,-0.4619,-814,-5491,26,33,64,63,1
1774105125,63,36,0,0,0,0,low_activity,0,0,0,0,low_activity,0,0,0,0,low_activity,0,0,0,0,0,0,1096460,416558,-0.4494,-591,-5495,26,33,64,63,1
1774105126,63,36,0,0,0,0,low_activity,0,0,0,0,low_activity,0,0,0,0,low_activity,0,0,0,0,0,0,1096460,416591,-0.4493,-4,-5495,26,33,64,63,1
1774105127,63,36,0,0,0,0,low_activity,0,0,0,0,low_activity,0,0,0,0,low_activity,0,0,0,0,0,0,1096422,403584,-0.4619,-42,-5533,26,33,64,63,1
1774105128,63,36,0,0,0,0,low_activity,0,0,0,0,low_activity,0,0,0,0,low_activity,0,0,0,0,0,0,1096422,403584,-0.4619,-38,-5533,26,33,64,63,1
1774105129,63,36,0,0,0,0,low_activity,0,0,0,0,low_activity,0,0,0,0,low_activity,0,0,0,0,0,0,1096422,403584,-0.4619,-38,-5533,26,33,64,63,1
1774105130,63,36,0,0,0,0,low_activity,0,0,0,0,low_activity,0,0,0,0,low_activity,0,0,0,0,0,0,1100433,416525,-0.4508,4011,-1522,26,33,64,63,1
1774105131,63,36,0,0,0,0,low_activity,0,0,0,0,low_activity,0,0,0,0,low_activity,0,0,0,0,0,0,1100396,416525,-0.4508,3974,3118,26,33,64,63,1
1774105132,63,36,0,0,0,0,low_activity,0,0,0,0,low_activity,0,0,0,0,low_activity,0,0,0,0,0,0,1100396,416525,-0.4508,3974,3345,26,33,64,63,1
1774105133,63,36,0,0,0,0,low_activity,0,0,0,0,low_activity,0,0,0,0,low_activity,0,0,0,0,0,0,1100396,416525,-0.4508,-37,3932,26,33,64,63,1
1774105134,63,36,0,0,0,0,low_activity,0,0,0,0,low_activity,0,0,0,0,low_activity,0,0,0,0,0,0,846744,431617,-0.3247,-253652,-249720,26,34,64,63,1
1774105135,63,36,0,0,0,0,low_activity,0,0,0,0,low_activity,0,0,0,0,low_activity,0,0,0,0,0,0,847360,431650,-0.325,-253036,-249100,26,34,64,63,1
1774105136,63,36,0,0,0,0,low_activity,0,0,0,0,low_activity,0,0,0,0,low_activity,0,0,0,0,0,0,846986,403643,-0.3545,-253410,-249474,26,33,64,63,1
1774105137,63,36,0,0,0,0,low_activity,0,0,0,0,low_activity,0,0,0,0,low_activity,0,0,0,0,0,0,846986,403643,-0.3545,242,-249436,26,33,64,63,1
1774105138,63,36,0,0,0,0,low_activity,0,0,0,0,low_activity,0,0,0,0,low_activity,0,0,0,0,0,0,846986,403610,-0.3545,-374,-249436,26,33,64,63,1
1774105139,63,36,0,0,0,0,no_volume,0,0,0,0,low_activity,0,0,0,0,low_activity,0,0,0,0,0,0,846986,416617,-0.3406,0,-249436,26,33,64,63,1
1774105140,63,36,0,0,0,0,no_volume,0,0,0,0,low_activity,0,0,0,0,low_activity,0,0,0,0,0,0,846986,416617,-0.3406,0,-253447,26,33,64,63,1
1774105141,63,36,0,0,0,0,low_activity,0,0,0,0,low_activity,0,0,0,0,low_activity,0,0,0,0,0,0,846835,403643,-0.3544,-151,-253561,26,33,64,63,1
1774105142,63,36,0,0,0,0,low_activity,0,0,0,0,low_activity,0,0,0,0,low_activity,0,0,0,0,0,0,456015,392398,-0.075,-390971,-644381,26,33,64,63,1
1774105143,63,36,0,0,0,0,low_activity,0,0,0,0,low_activity,0,0,0,0,low_activity,0,0,0,0,0,0,456015,391063,-0.0767,-390971,-644381,26,33,64,63,1
1774105144,63,36,0,0,0,0,no_volume,0,0,0,0,low_activity,0,0,0,0,low_activity,0,0,0,0,0,0,456015,379391,-0.0917,-390820,-390729,26,33,64,63,1
1774105145,63,36,0,0,0,0,no_volume,0,0,0,0,low_activity,0,0,0,0,low_activity,0,0,0,0,0,0,456015,379391,-0.0917,0,-391345,26,33,64,63,1
1774105146,63,36,0,0,0,0,no_volume,0,0,0,0,no_volume,0,0,0,0,low_activity,0,0,0,0,0,0,456015,392398,-0.075,0,-390971,26,33,64,63,1
1774105147,63,36,0,0,0,0,no_volume,0,0,0,0,no_volume,0,0,0,0,low_activity,0,0,0,0,0,0,456015,404070,-0.0604,0,-390971,26,33,64,63,1
1774105148,63,36,0,0,0,0,no_volume,0,0,0,0,no_volume,0,0,0,0,low_activity,0,0,0,0,0,0,456015,404070,-0.0604,0,-390971,26,33,64,63,1
1774105149,63,36,0,0,0,0,no_volume,0,0,0,0,no_volume,0,0,0,0,low_activity,0,0,0,0,0,0,456015,392398,-0.075,0,-390971,26,33,64,63,1
1774105150,63,36,0,0,0,0,no_volume,0,0,0,0,no_volume,0,0,0,0,low_activity,0,0,0,0,0,0,456015,386315,-0.0827,0,-390971,26,33,64,63,1
1774105151,63,36,0,0,0,0,no_volume,0,0,0,0,no_volume,0,0,0,0,low_activity,0,0,0,0,0,0,456015,386315,-0.0827,0,-390820,26,33,64,63,1
1774105152,63,36,0,0,0,0,no_volume,0,0,0,0,no_volume,0,0,0,0,low_activity,0,0,0,0,0,0,455409,376470,-0.0949,-606,-606,26,33,64,63,1
1774105153,63,36,0,0,0,0,no_volume,0,0,0,0,no_volume,0,0,0,0,low_activity,0,0,0,0,0,0,455409,376470,-0.0949,-606,-606,26,33,64,63,1
1774105154,63,36,0,0,0,0,no_volume,0,0,0,0,no_volume,0,0,0,0,low_activity,0,0,0,0,0,0,455409,376470,-0.0949,-606,-606,26,33,64,63,1
1774105155,63,36,0,0,0,0,no_volume,0,0,0,0,no_volume,0,0,0,0,low_activity,0,0,0,0,0,0,455409,376470,-0.0949,0,-606,26,33,64,63,1
1774105156,63,36,0,0,0,0,low_activity,0,0,0,0,low_activity,0,0,0,0,low_activity,0,0,0,0,0,0,455394,373510,-0.0988,-15,-621,26,33,64,63,1
1774105157,63,36,0,0,0,0,low_activity,0,0,0,0,low_activity,0,0,0,0,low_activity,0,0,0,0,0,0,455394,373510,-0.0988,-15,-621,26,33,64,63,1
1774105158,63,36,0,0,0,0,low_activity,0,0,0,0,low_activity,0,0,0,0,low_activity,0,0,0,0,0,0,448579,387835,-0.0726,-6830,-7436,26,33,64,63,1
1774105159,63,36,0,0,0,0,low_activity,0,0,0,0,low_activity,0,0,0,0,low_activity,0,0,0,0,0,0,449185,400809,-0.0569,-6209,-6830,25,33,64,63,1
1774105160,63,36,0,0,0,0,low_activity,0,0,0,0,low_activity,0,0,0,0,low_activity,0,0,0,0,0,0,449185,400809,-0.0569,-6209,-6830,25,33,64,63,1
1774105161,63,36,0,0,0,0,no_volume,0,0,0,0,low_activity,0,0,0,0,low_activity,0,0,0,0,0,0,449185,401216,-0.0564,606,-6830,25,33,64,63,1
1774105162,63,36,0,0,0,0,no_volume,0,0,0,0,low_activity,0,0,0,0,low_activity,0,0,0,0,0,0,434185,373208,-0.0755,-15000,-21224,25,33,64,63,1
1774105163,63,36,0,0,0,0,no_volume,0,0,0,0,no_volume,0,0,0,0,low_activity,0,0,0,0,0,0,434185,373208,-0.0755,-15000,-21224,25,33,64,63,1
1774105164,63,36,0,0,0,0,no_volume,0,0,0,0,no_volume,0,0,0,0,low_activity,0,0,0,0,0,0,447192,385609,-0.0739,-1993,-8217,26,33,64,63,1
1774105165,63,36,0,0,0,0,no_volume,0,0,0,0,no_volume,0,0,0,0,low_activity,0,0,0,0,0,0,447192,385609,-0.0739,13007,-8217,26,33,64,63,1
1774105166,63,36,0,0,0,0,no_volume,0,0,0,0,no_volume,0,0,0,0,low_activity,0,0,0,0,0,0,447192,385609,-0.0739,13007,-8202,26,33,64,63,1
1774105167,63,36,0,0,0,0,no_volume,0,0,0,0,no_volume,0,0,0,0,low_activity,0,0,0,0,0,0,432798,398476,-0.0413,-14394,-22596,24,34,64,63,1
1774105168,63,36,0,0,0,0,no_volume,0,0,0,0,no_volume,0,0,0,0,low_activity,0,0,0,0,0,0,477192,400609,-0.0872,30000,28613,25,34,64,63,1
1774105169,63,36,0,0,0,0,no_volume,0,0,0,0,no_volume,0,0,0,0,low_activity,0,0,0,0,0,0,477192,400609,-0.0872,30000,28007,25,34,64,63,1
1774105170,63,36,0,0,0,0,no_volume,0,0,0,0,no_volume,0,0,0,0,low_activity,0,0,0,0,0,0,462192,355082,-0.1311,29394,13007,25,32,64,63,1
1774105171,63,36,0,0,0,0,no_volume,0,0,0,0,no_volume,0,0,0,0,low_activity,0,0,0,0,0,0,462972,365810,-0.1172,-14220,13787,25,33,64,63,1
1774105172,63,36,0,0,0,0,no_volume,0,0,0,0,no_volume,0,0,0,0,low_activity,0,0,0,0,0,0,462972,342973,-0.1489,-14220,28787,25,33,64,63,1
1774105173,63,36,0,0,0,0,no_volume,0,0,0,0,no_volume,0,0,0,0,low_activity,0,0,0,0,0,0,451971,351894,-0.1245,-10221,17786,25,33,64,63,1
1774105174,63,36,0,0,0,0,low_activity,0,0,0,0,low_activity,0,0,0,0,low_activity,0,0,0,0,0,0,462957,379934,-0.0985,-15,15765,26,34,64,63,1
1774105175,63,36,0,0,0,0,low_activity,0,0,0,0,low_activity,0,0,0,0,low_activity,0,0,0,0,0,0,462957,379934,-0.0985,-15,15765,26,34,64,63,1
1774105176,63,36,0,0,0,0,low_activity,0,0,0,0,low_activity,0,0,0,0,low_activity,0,0,0,0,0,0,460494,358818,-0.1241,8523,13302,25,33,64,63,1
1774105177,63,36,0,0,0,0,low_activity,0,0,0,0,low_activity,0,0,0,0,low_activity,0,0,0,0,0,0,471420,365904,-0.126,8463,38622,26,34,64,63,1
1774105178,63,36,0,0,0,0,low_activity,0,0,0,0,low_activity,0,0,0,0,low_activity,0,0,0,0,0,0,441420,380871,-0.0736,-21537,-35772,26,34,64,63,1
1774105179,63,36,0,0,0,0,low_activity,0,0,0,0,low_activity,0,0,0,0,low_activity,0,0,0,0,0,0,441420,380871,-0.0736,-19074,-35772,26,34,64,63,1
1774105180,63,36,0,0,0,0,no_volume,0,0,0,0,low_activity,0,0,0,0,low_activity,0,0,0,0,0,0,441420,380871,-0.0736,-30000,-20772,26,34,64,63,1
1774105181,63,36,0,0,0,0,no_volume,0,0,0,0,low_activity,0,0,0,0,low_activity,0,0,0,0,0,0,441420,380871,-0.0736,0,-21552,26,34,64,63,1
1774105182,63,36,0,0,0,0,no_volume,0,0,0,0,no_volume,0,0,0,0,low_activity,0,0,0,0,0,0,441420,380871,-0.0736,0,-21552,26,34,64,63,1
1774105183,63,36,0,0,0,0,no_volume,0,0,0,0,no_volume,0,0,0,0,low_activity,0,0,0,0,0,0,441420,382877,-0.071,0,-10551,26,36,64,63,1
1774105184,63,36,0,0,0,0,no_volume,0,0,0,0,no_volume,0,0,0,0,low_activity,0,0,0,0,0,0,441420,400523,-0.0486,0,-21537,26,36,64,63,1
1774105185,63,36,0,0,0,0,no_volume,0,0,0,0,no_volume,0,0,0,0,low_activity,0,0,0,0,0,0,441420,400523,-0.0486,0,-21537,26,36,64,63,1
1774105186,63,36,0,0,0,0,no_volume,0,0,0,0,no_volume,0,0,0,0,low_activity,0,0,0,0,0,0,441420,400523,-0.0486,0,-19074,26,36,64,63,1
1774105187,63,36,0,0,0,0,low_activity,0,0,0,0,low_activity,0,0,0,0,low_activity,0,0,0,0,0,0,441390,383550,-0.0701,-30,-30030,26,33,64,63,1
1774105188,63,36,0,0,0,0,low_activity,0,0,0,0,low_activity,0,0,0,0,low_activity,0,0,0,0,0,0,446176,383517,-0.0755,4756,4756,26,33,64,63,1
1774105189,63,36,0,0,0,0,low_activity,0,0,0,0,low_activity,0,0,0,0,low_activity,0,0,0,0,0,0,446176,383517,-0.0755,4756,4756,26,33,64,63,1
1774105190,63,36,0,0,0,0,no_volume,0,0,0,0,low_activity,0,0,0,0,low_activity,0,0,0,0,0,0,446176,396197,-0.0593,4786,4756,26,34,64,63,1
1774105191,63,36,0,0,0,0,no_volume,0,0,0,0,low_activity,0,0,0,0,low_activity,0,0,0,0,0,0,446176,396803,-0.0586,0,4756,26,34,64,63,1
1774105192,63,36,0,0,0,0,low_activity,0,0,0,0,low_activity,0,0,0,0,low_activity,0,0,0,0,0,0,435140,339829,-0.123,-11036,-6280,25,32,64,63,1
1774105193,63,36,0,0,0,0,low_activity,0,0,0,0,low_activity,0,0,0,0,low_activity,0,0,0,0,0,0,435110,368829,-0.0824,-11066,-6310,25,33,64,63,1
1774105194,63,36,0,0,0,0,low_activity,0,0,0,0,low_activity,0,0,0,0,low_activity,0,0,0,0,0,0,435110,368829,-0.0824,-11066,-6310,25,33,64,63,1
1774105195,63,36,0,0,0,0,low_activity,0,0,0,0,low_activity,0,0,0,0,low_activity,0,0,0,0,0,0,435110,368829,-0.0824,-30,-6310,25,33,64,63,1
1774105196,63,36,0,0,0,0,no_volume,0,0,0,0,low_activity,0,0,0,0,low_activity,0,0,0,0,0,0,435110,368829,-0.0824,0,-6310,25,33,64,63,1
1774105197,63,36,0,0,0,0,no_volume,0,0,0,0,low_activity,0,0,0,0,low_activity,0,0,0,0,0,0,435110,368829,-0.0824,0,-6280,25,33,64,63,1
1774105198,63,36,0,0,0,0,no_volume,0,0,0,0,no_volume,0,0,0,0,low_activity,0,0,0,0,0,0,435110,368829,-0.0824,0,-11066,25,33,64,63,1
1774105199,63,36,0,0,0,0,no_volume,0,0,0,0,no_volume,0,0,0,0,low_activity,0,0,0,0,0,0,435110,368829,-0.0824,0,-11066,25,33,64,63,1
1774105200,63,36,0,0,0,0,no_volume,0,0,0,0,no_volume,0,0,0,0,low_activity,0,0,0,0,0,0,445100,380675,-0.078,9990,-1076,26,32,64,63,1
1774105201,63,36,0,0,0,0,low_activity,0,0,0,0,low_activity,0,0,0,0,low_activity,0,0,0,0,0,0,163677,95389,-0.2636,-271433,-282499,25,30,64,63,1
1774105202,63,36,0,0,0,0,low_activity,0,0,0,0,low_activity,0,0,0,0,low_activity,0,0,0,0,0,0,161596,95389,-0.2576,-273514,-273544,25,30,64,63,1
1774105203,63,36,0,0,0,0,low_activity,0,0,0,0,low_activity,0,0,0,0,low_activity,0,0,0,0,0,0,132334,82427,-0.2324,-312766,-302776,26,31,64,63,1
1774105204,63,36,0,0,0,0,low_activity,0,0,0,0,low_activity,0,0,0,0,low_activity,0,0,0,0,0,0,132334,77033,-0.2641,-31343,-302776,26,31,64,63,1
1774105205,63,36,0,0,0,0,no_volume,0,0,0,0,low_activity,0,0,0,0,low_activity,0,0,0,0,0,0,125610,58906,-0.3615,-35986,-309500,25,29,64,63,1
1774105206,63,36,0,0,0,0,no_volume,0,0,0,0,low_activity,0,0,0,0,low_activity,0,0,0,0,0,0,110381,70322,-0.2217,-21953,-324729,25,32,64,63,1
1774105207,63,36,0,0,0,0,no_volume,0,0,0,0,no_volume,0,0,0,0,low_activity,0,0,0,0,0,0,110381,70322,-0.2217,-21953,-324729,25,31,64,63,1
1774105208,63,36,0,0,0,0,low_activity,0,0,0,0,low_activity,0,0,0,0,low_activity,0,0,0,0,0,0,108318,67300,-0.2336,-17292,-326792,25,30,64,63,1
1774105209,63,36,0,0,0,0,low_activity,0,0,0,0,low_activity,0,0,0,0,low_activity,0,0,0,0,0,0,110374,70322,-0.2217,-7,-324736,26,31,64,63,1
1774105210,63,36,0,0,0,0,low_activity,0,0,0,0,low_activity,0,0,0,0,low_activity,0,0,0,0,0,0,77515,55322,-0.1671,-32866,-367585,27,31,64,63,1
1774105211,63,36,0,0,0,0,low_activity,0,0,0,0,low_activity,0,0,0,0,low_activity,0,0,0,0,0,0,75457,67300,-0.0571,-32861,-88220,26,30,64,63,1
1774105212,63,36,0,0,0,0,low_activity,0,0,0,0,low_activity,0,0,0,0,low_activity,0,0,0,0,0,0,77513,70013,-0.0508,-32861,-84083,27,29,64,63,1
1774105213,63,36,0,0,0,0,low_activity,0,0,0,0,low_activity,0,0,0,0,low_activity,0,0,0,0,0,0,107845,95013,-0.0633,30330,-24489,27,32,64,63,1
1774105214,63,36,0,0,0,0,no_volume,0,0,0,0,low_activity,0,0,0,0,low_activity,0,0,0,0,0,0,114104,91991,-0.1073,38647,-18230,26,30,64,63,1
1774105215,63,36,0,0,0,0,no_volume,0,0,0,0,low_activity,0,0,0,0,low_activity,0,0,0,0,0,0,114104,91694,-0.1089,36591,-11506,26,30,64,63,1
1774105216,63,36,0,0,0,0,no_volume,0,0,0,0,no_volume,0,0,0,0,low_activity,0,0,0,0,0,0,116160,94716,-0.1017,8315,5779,27,31,64,63,1
1774105217,63,36,0,0,0,0,no_volume,0,0,0,0,no_volume,0,0,0,0,low_activity,0,0,0,0,0,0,116160,94716,-0.1017,2056,5779,27,31,64,63,1
1774105218,63,36,0,0,0,0,low_activity,0,0,0,0,low_activity,0,0,0,0,low_activity,0,0,0,0,0,0,114089,91694,-0.1088,-15,5771,26,30,64,63,1
1774105219,63,36,0,0,0,0,low_activity,0,0,0,0,low_activity,0,0,0,0,low_activity,0,0,0,0,0,0,116145,95198,-0.0991,-15,5771,27,32,64,63,1
1774105220,63,36,0,0,0,0,low_activity,0,0,0,0,low_activity,0,0,0,0,low_activity,0,0,0,0,0,0,114089,88978,-0.1237,-2071,36574,26,30,64,63,1
1774105221,63,36,0,0,0,0,low_activity,0,0,0,0,low_activity,0,0,0,0,low_activity,0,0,0,0,0,0,115343,88945,-0.1292,1254,39886,27,30,64,63,1
1774105222,63,36,0,0,0,0,low_activity,0,0,0,0,low_activity,0,0,0,0,low_activity,0,0,0,0,0,0,117018,77000,-0.2063,873,39505,27,31,64,63,1
1774105223,63,36,0,0,0,0,low_activity,0,0,0,0,low_activity,0,0,0,0,low_activity,0,0,0,0,0,0,113699,88978,-0.122,-390,5854,27,29,64,63,1
1774105224,63,36,0,0,0,0,low_activity,0,0,0,0,low_activity,0,0,0,0,low_activity,0,0,0,0,0,0,113703,88978,-0.122,-1640,-401,27,30,64,63,1
1774105225,63,36,0,0,0,0,low_activity,0,0,0,0,low_activity,0,0,0,0,low_activity,0,0,0,0,0,0,116889,92000,-0.1191,-129,2785,29,32,64,63,1
1774105226,63,36,0,0,0,0,low_activity,0,0,0,0,low_activity,0,0,0,0,low_activity,0,0,0,0,0,0,112396,88945,-0.1165,-1303,-3764,28,30,64,63,1
1774105227,63,36,0,0,0,0,low_activity,0,0,0,0,low_activity,0,0,0,0,low_activity,0,0,0,0,0,0,112396,88773,-0.1174,-1307,-3764,27,30,64,63,1
1774105228,63,36,0,0,0,0,low_activity,0,0,0,0,low_activity,0,0,0,0,low_activity,0,0,0,0,0,0,112056,88773,-0.1159,-4833,-2033,27,30,64,63,1
1774105229,63,36,0,0,0,0,low_activity,0,0,0,0,low_activity,0,0,0,0,low_activity,0,0,0,0,0,0,112056,88773,-0.1159,-340,-4089,27,30,64,63,1
1774105230,63,36,0,0,0,0,low_activity,0,0,0,0,low_activity,0,0,0,0,low_activity,0,0,0,0,0,0,112056,88773,-0.1159,-340,-2033,27,29,64,63,1
1774105231,63,36,0,0,0,0,low_activity,0,0,0,0,low_activity,0,0,0,0,low_activity,0,0,0,0,0,0,111956,73740,-0.2058,-100,-3387,27,29,64,63,1
1774105232,63,36,0,0,0,0,low_activity,0,0,0,0,low_activity,0,0,0,0,low_activity,0,0,0,0,0,0,111956,88773,-0.1155,-100,-5062,27,31,64,63,1
1774105233,63,36,0,0,0,0,low_activity,0,0,0,0,low_activity,0,0,0,0,low_activity,0,0,0,0,0,0,111956,88773,-0.1155,-100,-1743,27,31,64,63,1
1774105234,63,36,0,0,0,0,no_volume,0,0,0,0,low_activity,0,0,0,0,low_activity,0,0,0,0,0,0,111956,88773,-0.1155,0,-1747,27,30,64,63,1
1774105235,63,36,0,0,0,0,no_volume,0,0,0,0,low_activity,0,0,0,0,low_activity,0,0,0,0,0,0,111956,73773,-0.2056,0,-4933,27,29,64,63,1
1774105236,63,36,0,0,0,0,no_volume,0,0,0,0,no_volume,0,0,0,0,low_activity,0,0,0,0,0,0,111956,73773,-0.2056,0,-440,27,30,64,63,1
1774105237,63,36,0,0,0,0,no_volume,0,0,0,0,no_volume,0,0,0,0,low_activity,0,0,0,0,0,0,111956,73773,-0.2056,0,-440,27,29,64,63,1
1774105238,63,36,0,0,0,0,no_volume,0,0,0,0,no_volume,0,0,0,0,low_activity,0,0,0,0,0,0,111956,88773,-0.1155,0,-100,27,31,64,63,1
1774105239,63,36,0,0,0,0,no_volume,0,0,0,0,no_volume,0,0,0,0,low_activity,0,0,0,0,0,0,111956,88476,-0.1171,0,-100,27,31,64,63,1
1774105240,63,36,0,0,0,0,no_volume,0,0,0,0,no_volume,0,0,0,0,low_activity,0,0,0,0,0,0,111914,87994,-0.1197,-42,-142,27,31,64,63,1
1774105241,63,36,0,0,0,0,no_volume,0,0,0,0,no_volume,0,0,0,0,low_activity,0,0,0,0,0,0,111793,88479,-0.1164,-163,-163,27,29,64,63,1
1774105242,63,36,0,0,0,0,low_activity,0,0,0,0,low_activity,0,0,0,0,low_activity,0,0,0,0,0,0,111157,88479,-0.1136,-799,-799,27,31,64,63,1
1774105243,63,36,0,0,0,0,low_activity,0,0,0,0,low_activity,0,0,0,0,low_activity,0,0,0,0,0,0,111157,88479,-0.1136,-757,-799,27,30,64,63,1
1774105244,63,36,0,0,0,0,low_activity,0,0,0,0,low_activity,0,0,0,0,low_activity,0,0,0,0,0,0,111157,88479,-0.1136,-636,-799,27,30,64,63,1
1774105245,63,36,0,0,0,0,low_activity,0,0,0,0,low_activity,0,0,0,0,low_activity,0,0,0,0,0,0,111166,88479,-0.1136,9,-790,28,30,64,63,1
1774105246,63,36,0,0,0,0,low_activity,0,0,0,0,low_activity,0,0,0,0,low_activity,0,0,0,0,0,0,114485,91798,-0.11,3328,2529,29,32,64,63,1
1774105247,63,36,0,0,0,0,low_activity,0,0,0,0,low_activity,0,0,0,0,low_activity,0,0,0,0,0,0,114485,91313,-0.1126,3328,2529,29,30,64,63,1
1774105248,63,36,0,0,0,0,no_volume,0,0,0,0,low_activity,0,0,0,0,low_activity,0,0,0,0,0,0,111167,88291,-0.1147,1,-789,28,31,64,63,1
1774105249,63,36,0,0,0,0,no_volume,0,0,0,0,low_activity,0,0,0,0,low_activity,0,0,0,0,0,0,130898,97144,-0.148,16413,18942,29,31,64,63,1
1774105250,63,36,0,0,0,0,low_activity,0,0,0,0,low_activity,0,0,0,0,low_activity,0,0,0,0,0,0,130801,97144,-0.1477,16316,18887,29,31,64,63,1
1774105251,63,36,0,0,0,0,low_activity,0,0,0,0,low_activity,0,0,0,0,low_activity,0,0,0,0,0,0,127781,94122,-0.1517,16614,15988,28,30,64,63,1
1774105252,63,36,0,0,0,0,low_activity,0,0,0,0,low_activity,0,0,0,0,low_activity,0,0,0,0,0,0,130803,97144,-0.1477,-95,19646,29,30,64,63,1
1774105253,63,36,0,0,0,0,no_volume,0,0,0,0,low_activity,0,0,0,0,low_activity,0,0,0,0,0,0,130553,96894,-0.148,-248,19396,29,30,64,63,1
1774105254,63,36,0,0,0,0,no_volume,0,0,0,0,low_activity,0,0,0,0,low_activity,0,0,0,0,0,0,127531,78872,-0.2357,-250,16374,28,28,64,63,1
1774105255,63,36,0,0,0,0,no_volume,0,0,0,0,no_volume,0,0,0,0,low_activity,0,0,0,0,0,0,130553,96894,-0.148,-250,19387,29,29,64,63,1
1774105256,63,36,0,0,0,0,no_volume,0,0,0,0,no_volume,0,0,0,0,low_activity,0,0,0,0,0,0,136111,81894,-0.2487,5558,21626,29,30,64,63,1
1774105257,63,36,0,0,0,0,low_activity,0,0,0,0,low_activity,0,0,0,0,low_activity,0,0,0,0,0,0,133015,93872,-0.1725,5484,18530,28,29,64,63,1
1774105258,63,36,0,0,0,0,low_activity,0,0,0,0,low_activity,0,0,0,0,low_activity,0,0,0,0,0,0,133015,78872,-0.2555,2462,21848,28,29,64,63,1
1774105259,63,36,0,0,0,0,low_activity,0,0,0,0,low_activity,0,0,0,0,low_activity,0,0,0,0,0,0,141583,103721,-0.1543,5472,10685,29,30,64,63,1
1774105260,63,36,0,0,0,0,low_activity,0,0,0,0,low_activity,0,0,0,0,low_activity,0,0,0,0,0,0,144610,106748,-0.1506,11595,13809,28,29,64,63,1
1774105261,63,36,0,0,0,0,low_activity,0,0,0,0,low_activity,0,0,0,0,low_activity,0,0,0,0,0,0,154578,114050,-0.1509,21563,26797,28,28,64,63,1
1774105262,63,36,0,0,0,0,low_activity,0,0,0,0,low_activity,0,0,0,0,low_activity,0,0,0,0,0,0,157585,117072,-0.1475,16002,26782,29,29,64,63,1
1774105263,63,36,0,0,0,0,low_activity,0,0,0,0,low_activity,0,0,0,0,low_activity,0,0,0,0,0,0,154563,114150,-0.1504,9953,24010,28,30,64,63,1
1774105264,63,36,0,0,0,0,low_activity,0,0,0,0,low_activity,0,0,0,0,low_activity,0,0,0,0,0,0,154563,99150,-0.2184,-15,27032,28,29,64,63,1
1774105265,63,36,0,0,0,0,no_volume,0,0,0,0,low_activity,0,0,0,0,low_activity,0,0,0,0,0,0,157585,117172,-0.1471,0,27032,30,31,64,63,1
1774105266,63,36,0,0,0,0,no_volume,0,0,0,0,low_activity,0,0,0,0,low_activity,0,0,0,0,0,0,146287,117655,-0.1085,-8276,10176,28,32,64,63,1
1774105267,63,36,0,0,0,0,no_volume,0,0,0,0,no_volume,0,0,0,0,low_activity,0,0,0,0,0,0,145804,117169,-0.1089,-8759,12789,28,31,64,63,1
1774105268,63,36,0,0,0,0,no_volume,0,0,0,0,no_volume,0,0,0,0,low_activity,0,0,0,0,0,0,149123,117169,-0.12,-8462,16108,30,31,64,63,1
1774105269,63,36,0,0,0,0,no_volume,0,0,0,0,no_volume,0,0,0,0,low_activity,0,0,0,0,0,0,154416,116686,-0.1392,8129,12833,28,30,64,63,1
1774105270,63,36,0,0,0,0,low_activity,0,0,0,0,low_activity,0,0,0,0,low_activity,0,0,0,0,0,0,154097,116686,-0.1382,8293,9487,28,30,64,63,1
1774105271,63,36,0,0,0,0,low_activity,0,0,0,0,low_activity,0,0,0,0,low_activity,0,0,0,0,0,0,154097,116686,-0.1382,4974,-481,28,31,64,63,1
1774105272,63,36,0,0,0,0,low_activity,0,0,0,0,low_activity,0,0,0,0,low_activity,0,0,0,0,0,0,154067,116686,-0.1381,-349,-3518,28,30,64,63,1
1774105273,63,36,0,0,0,0,low_activity,0,0,0,0,low_activity,0,0,0,0,low_activity,0,0,0,0,0,0,154067,116686,-0.1381,-30,-496,28,31,64,63,1
1774105274,63,36,0,0,0,0,low_activity,0,0,0,0,low_activity,0,0,0,0,low_activity,0,0,0,0,0,0,157572,120191,-0.1346,3475,3009,28,30,64,63,1
1774105275,63,36,0,0,0,0,low_activity,0,0,0,0,low_activity,0,0,0,0,low_activity,0,0,0,0,0,0,157485,120191,-0.1343,3418,-100,28,31,64,63,1
1774105276,63,36,0,0,0,0,low_activity,0,0,0,0,low_activity,0,0,0,0,low_activity,0,0,0,0,0,0,155419,117169,-0.1403,1352,9132,28,29,64,63,1
1774105277,63,36,0,0,0,0,low_activity,0,0,0,0,low_activity,0,0,0,0,low_activity,0,0,0,0,0,0,160141,120191,-0.1425,2569,14337,28,32,64,63,1
1774105278,63,36,0,0,0,0,low_activity,0,0,0,0,low_activity,0,0,0,0,low_activity,0,0,0,0,0,0,143085,105191,-0.1526,-14400,-6038,27,30,64,63,1
1774105279,63,36,0,0,0,0,low_activity,0,0,0,0,low_activity,0,0,0,0,low_activity,0,0,0,0,0,0,158083,102169,-0.2148,2664,3667,28,30,64,63,1
1774105280,63,36,0,0,0,0,low_activity,0,0,0,0,low_activity,0,0,0,0,low_activity,0,0,0,0,0,0,160139,105191,-0.2071,-2,6042,28,30,64,63,1
1774105281,63,36,0,0,0,0,low_activity,0,0,0,0,low_activity,0,0,0,0,low_activity,0,0,0,0,0,0,158083,120191,-0.1362,14998,3986,28,31,64,63,1
1774105282,63,36,0,0,0,0,low_activity,0,0,0,0,low_activity,0,0,0,0,low_activity,0,0,0,0,0,0,158035,117169,-0.1485,-48,3968,28,31,64,63,1
1774105283,63,36,0,0,0,0,low_activity,0,0,0,0,low_activity,0,0,0,0,low_activity,0,0,0,0,0,0,160091,105191,-0.2069,-48,6024,28,30,64,63,1
1774105284,63,36,0,0,0,0,low_activity,0,0,0,0,low_activity,0,0,0,0,low_activity,0,0,0,0,0,0,160091,120191,-0.1424,2008,2519,28,31,64,63,1
1774105285,63,36,0,0,0,0,no_volume,0,0,0,0,low_activity,0,0,0,0,low_activity,0,0,0,0,0,0,158035,117169,-0.1485,0,550,28,30,64,63,1
1774105286,63,36,0,0,0,0,no_volume,0,0,0,0,low_activity,0,0,0,0,low_activity,0,0,0,0,0,0,160091,118135,-0.1508,0,4672,28,31,64,63,1
1774105287,63,36,0,0,0,0,no_volume,0,0,0,0,no_volume,0,0,0,0,low_activity,0,0,0,0,0,0,160091,118135,-0.1508,0,-50,28,32,64,63,1
1774105288,63,36,0,0,0,0,no_volume,0,0,0,0,no_volume,0,0,0,0,low_activity,0,0,0,0,0,0,158035,115113,-0.1571,0,14950,28,31,64,63,1
1774105289,63,36,0,0,0,0,no_volume,0,0,0,0,no_volume,0,0,0,0,low_activity,0,0,0,0,0,0,160091,118135,-0.1508,0,2008,28,32,64,63,1
1774105290,63,36,0,0,0,0,no_volume,0,0,0,0,no_volume,0,0,0,0,low_activity,0,0,0,0,0,0,160091,118135,-0.1508,0,-48,28,32,64,63,1
1774105291,63,36,0,0,0,0,no_volume,0,0,0,0,no_volume,0,0,0,0,low_activity,0,0,0,0,0,0,158035,115113,-0.1571,0,-48,28,30,64,63,1
1774105292,63,36,0,0,0,0,no_volume,0,0,0,0,no_volume,0,0,0,0,low_activity,0,0,0,0,0,0,160091,103135,-0.2164,0,2056,28,31,64,63,1
1774105293,63,36,0,0,0,0,no_volume,0,0,0,0,no_volume,0,0,0,0,low_activity,0,0,0,0,0,0,160091,118135,-0.1508,0,0,28,31,64,63,1
1774105294,63,36,0,0,0,0,no_volume,0,0,0,0,no_volume,0,0,0,0,low_activity,0,0,0,0,0,0,162130,100113,-0.2365,4095,2039,28,30,64,63,1
1774105295,63,36,0,0,0,0,no_volume,0,0,0,0,no_volume,0,0,0,0,low_activity,0,0,0,0,0,0,164186,103135,-0.2284,4095,6151,28,31,64,63,1
1774105296,63,36,0,0,0,0,no_volume,0,0,0,0,no_volume,0,0,0,0,low_activity,0,0,0,0,0,0,164186,118135,-0.1631,4095,4095,28,32,64,63,1
1774105297,63,36,0,0,0,0,no_volume,0,0,0,0,no_volume,0,0,0,0,low_activity,0,0,0,0,0,0,162130,115113,-0.1696,0,2039,28,30,64,63,1
1774105298,63,36,0,0,0,0,no_volume,0,0,0,0,no_volume,0,0,0,0,low_activity,0,0,0,0,0,0,164145,118135,-0.163,-41,6110,28,31,64,63,1
1774105299,63,36,0,0,0,0,no_volume,0,0,0,0,no_volume,0,0,0,0,low_activity,0,0,0,0,0,0,162237,117656,-0.1593,-1949,2146,28,31,64,63,1
1774105300,63,36,0,0,0,0,no_volume,0,0,0,0,no_volume,0,0,0,0,low_activity,0,0,0,0,0,0,151949,109289,-0.1633,-10181,-8142,28,31,64,63,1
1774105301,63,36,0,0,0,0,no_volume,0,0,0,0,no_volume,0,0,0,0,low_activity,0,0,0,0,0,0,154005,112311,-0.1566,-10140,-4030,28,32,64,63,1
1774105302,63,36,0,0,0,0,low_activity,0,0,0,0,low_activity,0,0,0,0,low_activity,0,0,0,0,0,0,153955,112004,-0.1577,-8282,-6136,28,31,64,63,1
1774105303,63,36,0,0,0,0,low_activity,0,0,0,0,low_activity,0,0,0,0,low_activity,0,0,0,0,0,0,150943,108982,-0.1614,-1006,-9148,28,30,64,63,1
1774105304,63,36,0,0,0,0,low_activity,0,0,0,0,low_activity,0,0,0,0,low_activity,0,0,0,0,0,0,153965,96870,-0.2276,-40,-8165,28,30,64,63,1
1774105305,63,36,0,0,0,0,low_activity,0,0,0,0,low_activity,0,0,0,0,low_activity,0,0,0,0,0,0,153965,111870,-0.1584,10,-10221,28,31,64,63,1
1774105306,63,36,0,0,0,0,no_volume,0,0,0,0,low_activity,0,0,0,0,low_activity,0,0,0,0,0,0,152999,93848,-0.2396,2056,-11187,28,30,64,63,1
1774105307,63,36,0,0,0,0,no_volume,0,0,0,0,low_activity,0,0,0,0,low_activity,0,0,0,0,0,0,153965,111870,-0.1584,0,-8165,28,31,64,63,1
1774105308,63,36,0,0,0,0,no_volume,0,0,0,0,no_volume,0,0,0,0,low_activity,0,0,0,0,0,0,153965,96870,-0.2276,0,-10180,28,31,64,63,1
1774105309,63,36,0,0,0,0,no_volume,0,0,0,0,no_volume,0,0,0,0,low_activity,0,0,0,0,0,0,143371,108848,-0.1369,-9628,-18866,28,30,64,63,1
1774105310,63,36,0,0,0,0,no_volume,0,0,0,0,no_volume,0,0,0,0,low_activity,0,0,0,0,0,0,143371,111870,-0.1234,-10594,-8578,28,32,64,63,1
1774105311,63,36,0,0,0,0,no_volume,0,0,0,0,no_volume,0,0,0,0,low_activity,0,0,0,0,0,0,143371,111870,-0.1234,-10594,-10634,28,31,64,63,1
1774105312,63,36,0,0,0,0,low_activity,0,0,0,0,low_activity,0,0,0,0,low_activity,0,0,0,0,0,0,143369,108848,-0.1369,-2,-10586,28,30,64,63,1
1774105313,63,36,0,0,0,0,low_activity,0,0,0,0,low_activity,0,0,0,0,low_activity,0,0,0,0,0,0,143369,111870,-0.1234,-2,-7574,28,32,64,63,1
1774105314,63,36,0,0,0,0,low_activity,0,0,0,0,low_activity,0,0,0,0,low_activity,0,0,0,0,0,0,143354,126870,-0.061,-17,-10611,28,33,64,63,1
1774105315,63,36,0,0,0,0,low_activity,0,0,0,0,low_activity,0,0,0,0,low_activity,0,0,0,0,0,0,143354,123848,-0.073,-15,-10611,28,31,64,63,1
1774105316,63,36,0,0,0,0,low_activity,0,0,0,0,low_activity,0,0,0,0,low_activity,0,0,0,0,0,0,143344,125904,-0.0648,-25,-9655,28,31,64,63,1
1774105317,63,36,0,0,0,0,low_activity,0,0,0,0,low_activity,0,0,0,0,low_activity,0,0,0,0,0,0,143344,119384,-0.0912,-10,-10621,28,30,64,63,1
1774105318,63,36,0,0,0,0,low_activity,0,0,0,0,low_activity,0,0,0,0,low_activity,0,0,0,0,0,0,143336,116329,-0.104,-18,-10629,28,30,64,63,1
1774105319,63,36,0,0,0,0,low_activity,0,0,0,0,low_activity,0,0,0,0,low_activity,0,0,0,0,0,0,143336,104351,-0.1574,-8,-35,28,31,64,63,1
1774105320,63,36,0,0,0,0,low_activity,0,0,0,0,low_activity,0,0,0,0,low_activity,0,0,0,0,0,0,143336,104351,-0.1574,-8,-35,28,31,64,63,1
1774105321,63,36,0,0,0,0,no_volume,0,0,0,0,low_activity,0,0,0,0,low_activity,0,0,0,0,0,0,148646,101362,-0.1891,5310,5275,28,30,64,63,1
1774105322,63,36,0,0,0,0,no_volume,0,0,0,0,low_activity,0,0,0,0,low_activity,0,0,0,0,0,0,148646,119384,-0.1092,5310,5277,28,31,64,63,1
1774105323,63,36,0,0,0,0,low_activity,0,0,0,0,low_activity,0,0,0,0,low_activity,0,0,0,0,0,0,143222,104384,-0.1569,-114,-147,28,30,64,63,1
1774105324,63,36,0,0,0,0,low_activity,0,0,0,0,low_activity,0,0,0,0,low_activity,0,0,0,0,0,0,143222,86362,-0.2477,-5424,-132,28,28,64,63,1
1774105325,63,36,0,0,0,0,low_activity,0,0,0,0,low_activity,0,0,0,0,low_activity,0,0,0,0,0,0,143222,104384,-0.1569,-5424,-132,28,29,64,63,1
1774105326,63,36,0,0,0,0,no_volume,0,0,0,0,low_activity,0,0,0,0,low_activity,0,0,0,0,0,0,143222,96325,-0.1958,0,-122,28,29,64,63,1
1774105327,63,36,0,0,0,0,no_volume,0,0,0,0,low_activity,0,0,0,0,low_activity,0,0,0,0,0,0,139903,63196,-0.3777,-3319,-3441,28,34,64,63,1
1774105328,63,36,0,0,0,0,no_volume,0,0,0,0,no_volume,0,0,0,0,low_activity,0,0,0,0,0,0,139904,63437,-0.3761,-3318,-3432,28,32,64,63,1
1774105329,63,36,0,0,0,0,no_volume,0,0,0,0,no_volume,0,0,0,0,low_activity,0,0,0,0,0,0,139904,63437,-0.3761,-3318,-3432,28,32,64,63,1
1774105330,63,36,0,0,0,0,no_volume,0,0,0,0,no_volume,0,0,0,0,low_activity,0,0,0,0,0,0,139904,63437,-0.3761,1,-3432,28,32,64,63,1
1774105331,63,36,0,0,0,0,low_activity,0,0,0,0,low_activity,0,0,0,0,low_activity,0,0,0,0,0,0,139898,63437,-0.376,-6,-8748,28,32,64,63,1
1774105332,63,36,0,0,0,0,low_activity,0,0,0,0,low_activity,0,0,0,0,low_activity,0,0,0,0,0,0,139886,63437,-0.376,-18,-8760,28,32,64,63,1
1774105333,63,36,0,0,0,0,low_activity,0,0,0,0,low_activity,0,0,0,0,low_activity,0,0,0,0,0,0,139886,78437,-0.2815,-18,-3336,28,31,64,63,1
1774105334,63,36,0,0,0,0,low_activity,0,0,0,0,low_activity,0,0,0,0,low_activity,0,0,0,0,0,0,139811,78437,-0.2812,-87,-3411,28,32,64,63,1
1774105335,63,36,0,0,0,0,low_activity,0,0,0,0,low_activity,0,0,0,0,low_activity,0,0,0,0,0,0,139811,78437,-0.2812,-75,-3411,28,32,64,63,1
1774105336,63,36,0,0,0,0,low_activity,0,0,0,0,low_activity,0,0,0,0,low_activity,0,0,0,0,0,0,139811,78437,-0.2812,-75,-3411,28,32,64,63,1
1774105337,63,36,0,0,0,0,no_volume,0,0,0,0,low_activity,0,0,0,0,low_activity,0,0,0,0,0,0,139811,78436,-0.2812,0,-92,28,32,64,63,1
1774105338,63,36,0,0,0,0,low_activity,0,0,0,0,low_activity,0,0,0,0,low_activity,0,0,0,0,0,0,138791,78436,-0.2778,-1020,-1113,28,32,64,63,1
1774105339,63,36,0,0,0,0,low_activity,0,0,0,0,low_activity,0,0,0,0,low_activity,0,0,0,0,0,0,138791,78224,-0.2791,-1020,-1113,28,32,64,63,1
1774105340,63,36,0,0,0,0,low_activity,0,0,0,0,low_activity,0,0,0,0,low_activity,0,0,0,0,0,0,138791,78224,-0.2791,-1020,-1113,28,32,64,63,1
1774105341,63,36,0,0,0,0,low_activity,0,0,0,0,low_activity,0,0,0,0,low_activity,0,0,0,0,0,0,138791,78224,-0.2791,0,-1107,28,32,64,63,1
1774105342,63,36,0,0,0,0,no_volume,0,0,0,0,low_activity,0,0,0,0,low_activity,0,0,0,0,0,0,138791,78224,-0.2791,0,-1095,28,32,64,63,1
1774105343,63,36,0,0,0,0,no_volume,0,0,0,0,low_activity,0,0,0,0,low_activity,0,0,0,0,0,0,138791,63224,-0.3741,0,-1095,28,32,64,63,1
1774105344,63,36,0,0,0,0,no_volume,0,0,0,0,no_volume,0,0,0,0,low_activity,0,0,0,0,0,0,138791,63224,-0.3741,0,-1020,28,31,64,63,1
1774105345,63,36,0,0,0,0,no_volume,0,0,0,0,no_volume,0,0,0,0,low_activity,0,0,0,0,0,0,138791,63225,-0.3741,0,-1020,28,31,64,63,1
1774105346,63,36,0,0,0,0,no_volume,0,0,0,0,no_volume,0,0,0,0,low_activity,0,0,0,0,0,0,138791,48225,-0.4843,0,-1020,28,30,64,63,1
1774105347,63,36,0,0,0,0,no_volume,0,0,0,0,no_volume,0,0,0,0,low_activity,0,0,0,0,0,0,138791,63225,-0.3741,0,-1020,28,30,64,63,1
1774105348,61,37,0,0,0,0,low_activity,0,0,0,0,low_activity,0,0,0,0,low_activity,0,0,0,0,0,0,131802,63124,-0.3523,-6989,-6989,29,30,63,61,2
1774105349,61,38,0,0,0,0,low_activity,0,0,0,0,low_activity,0,0,0,0,low_activity,0,0,0,0,0,0,136645,63024,-0.3687,-2146,-2146,30,30,62,61,1
1774105350,61,37,0,0,0,0,low_activity,0,0,0,0,low_activity,0,0,0,0,low_activity,0,0,0,0,0,0,139306,63024,-0.377,515,515,28,30,63,61,2
1774105351,61,38,0,0,0,0,low_activity,0,0,0,0,low_activity,0,0,0,0,low_activity,0,0,0,0,0,0,145649,48024,-0.5041,13847,6858,29,30,62,61,1
1774105352,61,38,0,0,0,0,no_volume,0,0,0,0,low_activity,0,0,0,0,low_activity,0,0,0,0,0,0,145652,63024,-0.396,9007,6861,29,30,62,61,1
1774105353,61,38,0,0,0,0,no_volume,0,0,0,0,low_activity,0,0,0,0,low_activity,0,0,0,0,0,0,145652,78024,-0.3023,6346,6861,29,31,62,61,1
1774105354,61,38,0,0,0,0,no_volume,0,0,0,0,no_volume,0,0,0,0,low_activity,0,0,0,0,0,0,145706,78024,-0.3025,57,6915,29,31,62,61,1
1774105355,61,38,0,0,0,0,no_volume,0,0,0,0,no_volume,0,0,0,0,low_activity,0,0,0,0,0,0,145706,78024,-0.3025,54,6915,29,29,62,61,1
1774105356,61,38,0,0,0,0,no_volume,0,0,0,0,no_volume,0,0,0,0,low_activity,0,0,0,0,0,0,145716,78024,-0.3025,64,6925,29,31,62,61,1
1774105357,61,38,0,0,0,0,no_volume,0,0,0,0,no_volume,0,0,0,0,low_activity,0,0,0,0,0,0,145716,78024,-0.3025,10,6925,29,31,62,61,1
1774105358,61,38,0,0,0,0,no_volume,0,0,0,0,no_volume,0,0,0,0,low_activity,0,0,0,0,0,0,145716,78024,-0.3025,10,13914,29,31,62,61,1
1774105359,61,38,0,0,0,0,no_volume,0,0,0,0,no_volume,0,0,0,0,low_activity,0,0,0,0,0,0,145716,78024,-0.3025,0,9071,29,30,62,61,1
1774105360,61,38,0,0,0,0,no_volume,0,0,0,0,no_volume,0,0,0,0,low_activity,0,0,0,0,0,0,145716,78024,-0.3025,0,6410,29,30,62,61,1
1774105361,61,38,0,0,0,0,no_volume,0,0,0,0,no_volume,0,0,0,0,low_activity,0,0,0,0,0,0,145716,78019,-0.3026,0,67,29,30,62,61,1
1774105362,61,38,0,0,0,0,no_volume,0,0,0,0,no_volume,0,0,0,0,low_activity,0,0,0,0,0,0,145716,78024,-0.3025,0,64,29,30,62,61,1
1774105363,61,38,0,0,0,0,no_volume,0,0,0,0,no_volume,0,0,0,0,low_activity,0,0,0,0,0,0,145721,78019,-0.3026,5,69,29,30,62,61,1
1774105364,61,38,0,0,0,0,low_activity,0,0,0,0,low_activity,0,0,0,0,low_activity,0,0,0,0,0,0,145667,63019,-0.396,-49,-39,29,30,62,61,1
1774105365,61,38,0,0,0,0,low_activity,0,0,0,0,low_activity,0,0,0,0,low_activity,0,0,0,0,0,0,151100,63010,-0.4114,5384,5394,29,31,62,61,1
1774105366,61,38,0,0,0,0,low_activity,0,0,0,0,low_activity,0,0,0,0,low_activity,0,0,0,0,0,0,151100,63013,-0.4114,5379,5384,29,29,62,61,1
1774105367,61,38,0,0,0,0,low_activity,0,0,0,0,low_activity,0,0,0,0,low_activity,0,0,0,0,0,0,151085,48013,-0.5177,5418,5369,29,29,62,61,1
1774105368,61,38,0,0,0,0,low_activity,0,0,0,0,low_activity,0,0,0,0,low_activity,0,0,0,0,0,0,151085,63043,-0.4112,-15,5369,29,30,62,61,1
1774105369,61,38,0,0,0,0,low_activity,0,0,0,0,low_activity,0,0,0,0,low_activity,0,0,0,0,0,0,151085,63043,-0.4112,-15,5369,29,30,62,61,1
1774105370,61,38,0,0,0,0,no_volume,0,0,0,0,low_activity,0,0,0,0,low_activity,0,0,0,0,0,0,151085,63048,-0.4111,0,5369,29,30,62,61,1
1774105371,61,38,0,0,0,0,no_volume,0,0,0,0,low_activity,0,0,0,0,low_activity,0,0,0,0,0,0,151085,63048,-0.4111,0,5369,29,29,62,61,1
1774105372,61,38,0,0,0,0,no_volume,0,0,0,0,no_volume,0,0,0,0,low_activity,0,0,0,0,0,0,151085,63048,-0.4111,0,5369,29,30,62,61,1
1774105373,61,38,0,0,0,0,no_volume,0,0,0,0,no_volume,0,0,0,0,low_activity,0,0,0,0,0,0,153751,63048,-0.4184,2666,8030,29,29,62,61,1
1774105374,61,38,0,0,0,0,no_volume,0,0,0,0,no_volume,0,0,0,0,low_activity,0,0,0,0,0,0,153751,63048,-0.4184,2666,8084,29,30,62,61,1
1774105375,61,38,0,0,0,0,no_volume,0,0,0,0,no_volume,0,0,0,0,low_activity,0,0,0,0,0,0,153751,63048,-0.4184,2666,2651,29,30,62,61,1
1774105376,61,38,0,0,0,0,no_volume,0,0,0,0,no_volume,0,0,0,0,low_activity,0,0,0,0,0,0,153751,48048,-0.5238,0,2651,29,30,62,61,1
1774105377,61,38,0,0,0,0,low_activity,0,0,0,0,low_activity,0,0,0,0,low_activity,0,0,0,0,0,0,153747,63048,-0.4184,-4,2662,29,30,62,61,1
1774105378,61,38,0,0,0,0,low_activity,0,0,0,0,low_activity,0,0,0,0,low_activity,0,0,0,0,0,0,153605,63048,-0.418,-146,2520,29,30,62,61,1
1774105379,61,38,0,0,0,0,low_activity,0,0,0,0,low_activity,0,0,0,0,low_activity,0,0,0,0,0,0,153622,63048,-0.418,-129,2537,29,29,62,61,1
1774105380,61,38,0,0,0,0,no_volume,0,0,0,0,low_activity,0,0,0,0,low_activity,0,0,0,0,0,0,153622,63048,-0.418,-125,2537,29,30,62,61,1
1774105381,61,38,0,0,0,0,no_volume,0,0,0,0,low_activity,0,0,0,0,low_activity,0,0,0,0,0,0,153622,63048,-0.418,17,2537,29,30,62,61,1
1774105382,61,38,0,0,0,0,no_volume,0,0,0,0,no_volume,0,0,0,0,low_activity,0,0,0,0,0,0,153606,63048,-0.418,-16,2521,29,31,62,61,1
1774105383,61,38,0,0,0,0,no_volume,0,0,0,0,no_volume,0,0,0,0,low_activity,0,0,0,0,0,0,153606,63048,-0.418,-16,-145,29,32,62,61,1
1774105384,61,38,0,0,0,0,low_activity,0,0,0,0,low_activity,0,0,0,0,low_activity,0,0,0,0,0,0,153514,78048,-0.3259,-108,-237,29,31,62,61,1
1774105385,61,38,0,0,0,0,low_activity,0,0,0,0,low_activity,0,0,0,0,low_activity,0,0,0,0,0,0,153514,78048,-0.3259,-92,-237,29,31,62,61,1
1774105386,61,38,0,0,0,0,low_activity,0,0,0,0,low_activity,0,0,0,0,low_activity,0,0,0,0,0,0,153514,78048,-0.3259,-92,-237,29,31,62,61,1
1774105387,61,38,0,0,0,0,no_volume,0,0,0,0,low_activity,0,0,0,0,low_activity,0,0,0,0,0,0,153519,78043,-0.3259,5,-228,29,30,62,61,1
1774105388,61,38,0,0,0,0,no_volume,0,0,0,0,low_activity,0,0,0,0,low_activity,0,0,0,0,0,0,153514,78043,-0.3259,0,-91,29,30,62,61,1
1774105389,61,38,0,0,0,0,no_volume,0,0,0,0,no_volume,0,0,0,0,low_activity,0,0,0,0,0,0,153514,78043,-0.3259,0,-108,29,30,62,61,1
1774105390,61,38,0,0,0,0,no_volume,0,0,0,0,no_volume,0,0,0,0,low_activity,0,0,0,0,0,0,153509,78048,-0.3259,-10,-113,29,31,62,61,1
1774105391,61,38,0,0,0,0,no_volume,0,0,0,0,no_volume,0,0,0,0,low_activity,0,0,0,0,0,0,128509,116377,-0.0495,-25005,-25113,29,30,62,61,1
1774105392,61,38,0,0,0,0,low_activity,0,0,0,0,low_activity,0,0,0,0,low_activity,0,0,0,0,0,0,131511,126931,-0.0177,-22003,-22095,29,30,62,61,1
1774105393,61,38,0,0,0,0,low_activity,0,0,0,0,low_activity,0,0,0,0,low_activity,0,0,0,0,0,0,128900,126931,-0.0077,-24609,-24706,29,30,62,61,1
1774105394,61,38,0,0,0,0,low_activity,0,0,0,0,low_activity,0,0,0,0,low_activity,0,0,0,0,0,0,131566,111931,-0.0806,3057,-21948,29,30,62,61,1
1774105395,61,38,0,0,0,0,no_volume,0,0,0,0,low_activity,0,0,0,0,low_activity,0,0,0,0,0,0,132120,111898,-0.0829,609,-21394,29,30,62,61,1
1774105396,61,38,0,0,0,0,no_volume,0,0,0,0,low_activity,0,0,0,0,low_activity,0,0,0,0,0,0,132120,111898,-0.0829,3220,-21394,29,29,62,61,1
1774105397,61,38,0,0,0,0,low_activity,0,0,0,0,low_activity,0,0,0,0,low_activity,0,0,0,0,0,0,132042,111898,-0.0826,476,-21477,29,30,62,61,1
1774105398,61,38,0,0,0,0,low_activity,0,0,0,0,low_activity,0,0,0,0,low_activity,0,0,0,0,0,0,134656,112480,-0.0897,2536,-18858,28,29,62,61,1
1774105399,61,38,0,0,0,0,low_activity,0,0,0,0,low_activity,0,0,0,0,low_activity,0,0,0,0,0,0,134657,112480,-0.0897,2537,-18857,30,31,62,61,1
1774105400,61,38,0,0,0,0,no_volume,0,0,0,0,low_activity,0,0,0,0,low_activity,0,0,0,0,0,0,131336,112447,-0.0775,-706,-22173,29,30,62,61,1
1774105401,61,38,0,0,0,0,no_volume,0,0,0,0,low_activity,0,0,0,0,low_activity,0,0,0,0,0,0,131336,112447,-0.0775,-3320,2827,29,30,62,61,1
1774105402,61,38,0,0,0,0,no_volume,0,0,0,0,no_volume,0,0,0,0,low_activity,0,0,0,0,0,0,131336,112447,-0.0775,-3321,-175,29,30,62,61,1
1774105403,61,38,0,0,0,0,no_volume,0,0,0,0,no_volume,0,0,0,0,low_activity,0,0,0,0,0,0,134657,112447,-0.0899,3321,5757,29,31,62,61,1
1774105404,61,38,0,0,0,0,no_volume,0,0,0,0,no_volume,0,0,0,0,low_activity,0,0,0,0,0,0,134657,112447,-0.0899,3321,3091,30,30,62,61,1
1774105405,61,38,0,0,0,0,no_volume,0,0,0,0,no_volume,0,0,0,0,low_activity,0,0,0,0,0,0,131336,112447,-0.0775,0,-784,29,30,62,61,1
1774105406,61,38,0,0,0,0,no_volume,0,0,0,0,no_volume,0,0,0,0,low_activity,0,0,0,0,0,0,131336,112447,-0.0775,-3321,-784,29,30,62,61,1
1774105407,61,38,0,0,0,0,no_volume,0,0,0,0,no_volume,0,0,0,0,low_activity,0,0,0,0,0,0,131336,112447,-0.0775,-3321,-706,29,29,62,61,1
1774105408,61,38,0,0,0,0,no_volume,0,0,0,0,no_volume,0,0,0,0,low_activity,0,0,0,0,0,0,132041,112447,-0.0801,705,-2615,29,30,62,61,1
1774105409,61,38,0,0,0,0,no_volume,0,0,0,0,no_volume,0,0,0,0,low_activity,0,0,0,0,0,0,134657,112447,-0.0899,3321,0,28,30,62,61,1
1774105410,61,38,0,0,0,0,no_volume,0,0,0,0,no_volume,0,0,0,0,low_activity,0,0,0,0,0,0,134657,112447,-0.0899,3321,3321,30,30,62,61,1
1774105411,61,38,0,0,0,0,no_volume,0,0,0,0,no_volume,0,0,0,0,low_activity,0,0,0,0,0,0,131336,112447,-0.0775,-705,0,29,30,62,61,1
1774105412,61,38,0,0,0,0,low_activity,0,0,0,0,low_activity,0,0,0,0,low_activity,0,0,0,0,0,0,131172,112480,-0.0767,-3485,-164,29,30,62,61,1
1774105413,61,38,0,0,0,0,low_activity,0,0,0,0,low_activity,0,0,0,0,low_activity,0,0,0,0,0,0,131132,97480,-0.1472,-3525,-3525,29,30,62,61,1
1774105414,61,38,0,0,0,0,low_activity,0,0,0,0,low_activity,0,0,0,0,low_activity,0,0,0,0,0,0,166615,113743,-0.1886,35279,31958,29,32,62,61,1
1774105415,61,38,0,0,0,0,low_activity,0,0,0,0,low_activity,0,0,0,0,low_activity,0,0,0,0,0,0,169234,113710,-0.1962,38062,37898,28,31,62,61,1
1774105416,61,38,0,0,0,0,no_volume,0,0,0,0,low_activity,0,0,0,0,low_activity,0,0,0,0,0,0,165910,112744,-0.1908,34778,34574,29,30,62,61,1
1774105417,61,38,0,0,0,0,no_volume,0,0,0,0,low_activity,0,0,0,0,low_activity,0,0,0,0,0,0,165910,115766,-0.178,-705,34574,29,31,62,61,1
1774105418,61,38,0,0,0,0,no_volume,0,0,0,0,no_volume,0,0,0,0,low_activity,0,0,0,0,0,0,165910,115766,-0.178,-3324,33869,29,30,62,61,1
1774105419,61,38,0,0,0,0,no_volume,0,0,0,0,no_volume,0,0,0,0,low_activity,0,0,0,0,0,0,165910,112744,-0.1908,0,31253,29,30,62,61,1
1774105420,61,38,0,0,0,0,low_activity,0,0,0,0,low_activity,0,0,0,0,low_activity,0,0,0,0,0,0,162708,115799,-0.1684,-3202,28051,29,31,62,61,1
1774105421,61,38,0,0,0,0,low_activity,0,0,0,0,low_activity,0,0,0,0,low_activity,0,0,0,0,0,0,162708,115799,-0.1684,-3202,31372,30,31,62,61,1
1774105422,61,38,0,0,0,0,low_activity,0,0,0,0,low_activity,0,0,0,0,low_activity,0,0,0,0,0,0,159384,112744,-0.1714,-6526,28212,29,30,62,61,1
1774105423,61,38,0,0,0,0,no_volume,0,0,0,0,low_activity,0,0,0,0,low_activity,0,0,0,0,0,0,159384,115766,-0.1585,-3324,28252,29,31,62,61,1
1774105424,61,38,0,0,0,0,no_volume,0,0,0,0,low_activity,0,0,0,0,low_activity,0,0,0,0,0,0,159384,115766,-0.1585,-3324,-7231,29,30,62,61,1
1774105425,61,38,0,0,0,0,low_activity,0,0,0,0,low_activity,0,0,0,0,low_activity,0,0,0,0,0,0,160071,112744,-0.1735,687,-9163,29,30,62,61,1
1774105426,61,38,0,0,0,0,low_activity,0,0,0,0,low_activity,0,0,0,0,low_activity,0,0,0,0,0,0,162659,115799,-0.1683,3275,-3251,29,31,62,61,1
1774105427,61,38,0,0,0,0,low_activity,0,0,0,0,low_activity,0,0,0,0,low_activity,0,0,0,0,0,0,162660,115799,-0.1683,3276,-3250,30,31,62,61,1
1774105428,61,38,0,0,0,0,low_activity,0,0,0,0,low_activity,0,0,0,0,low_activity,0,0,0,0,0,0,159335,112744,-0.1712,-736,-6575,29,30,62,61,1
1774105429,61,38,0,0,0,0,no_volume,0,0,0,0,low_activity,0,0,0,0,low_activity,0,0,0,0,0,0,158072,84118,-0.3054,-4587,-7838,29,29,62,61,1
1774105430,61,38,0,0,0,0,no_volume,0,0,0,0,low_activity,0,0,0,0,low_activity,0,0,0,0,0,0,149557,63597,-0.4033,-13103,-13151,29,29,62,61,1
1774105431,61,38,0,0,0,0,low_activity,0,0,0,0,low_activity,0,0,0,0,low_activity,0,0,0,0,0,0,149007,63048,-0.4054,-10328,-13701,29,30,62,61,1
1774105432,61,38,0,0,0,0,low_activity,0,0,0,0,low_activity,0,0,0,0,low_activity,0,0,0,0,0,0,145154,63048,-0.3944,-12918,-14230,28,29,62,61,1
1774105433,61,38,0,0,0,0,low_activity,0,0,0,0,low_activity,0,0,0,0,low_activity,0,0,0,0,0,0,148473,79908,-0.3002,-1084,-10911,29,31,62,61,1
1774105434,61,38,0,0,0,0,low_activity,0,0,0,0,low_activity,0,0,0,0,low_activity,0,0,0,0,0,0,157024,115370,-0.1529,8017,-2360,29,32,62,61,1
1774105435,61,38,0,0,0,0,no_volume,0,0,0,0,low_activity,0,0,0,0,low_activity,0,0,0,0,0,0,157573,112600,-0.1665,12419,-2498,29,30,62,61,1
1774105436,61,38,0,0,0,0,no_volume,0,0,0,0,low_activity,0,0,0,0,low_activity,0,0,0,0,0,0,157493,112600,-0.1662,9020,-5166,28,30,62,61,1
1774105437,61,38,0,0,0,0,low_activity,0,0,0,0,low_activity,0,0,0,0,low_activity,0,0,0,0,0,0,157491,115919,-0.1521,467,-5169,28,31,62,61,1
1774105438,61,38,0,0,0,0,low_activity,0,0,0,0,low_activity,0,0,0,0,low_activity,0,0,0,0,0,0,160870,112897,-0.1752,3297,1535,29,31,62,61,1
1774105439,61,38,0,0,0,0,low_activity,0,0,0,0,low_activity,0,0,0,0,low_activity,0,0,0,0,0,0,160870,112897,-0.1752,3377,2798,29,30,62,61,1
1774105440,61,38,0,0,0,0,no_volume,0,0,0,0,low_activity,0,0,0,0,low_activity,0,0,0,0,0,0,157491,115919,-0.1521,0,7934,28,31,62,61,1
1774105441,61,38,0,0,0,0,no_volume,0,0,0,0,low_activity,0,0,0,0,low_activity,0,0,0,0,0,0,157491,115919,-0.1521,-3379,8484,28,31,62,61,1
1774105442,61,38,0,0,0,0,no_volume,0,0,0,0,no_volume,0,0,0,0,low_activity,0,0,0,0,0,0,160157,97897,-0.2413,-713,15003,28,30,62,61,1
1774105443,61,38,0,0,0,0,no_volume,0,0,0,0,no_volume,0,0,0,0,low_activity,0,0,0,0,0,0,145157,97897,-0.1944,-12334,-3316,27,30,62,61,1
1774105444,61,38,0,0,0,0,no_volume,0,0,0,0,no_volume,0,0,0,0,low_activity,0,0,0,0,0,0,157135,112897,-0.1638,-356,111,28,31,62,61,1
1774105445,61,38,0,0,0,0,no_volume,0,0,0,0,no_volume,0,0,0,0,low_activity,0,0,0,0,0,0,157205,112897,-0.164,-2952,-368,28,31,62,61,1
1774105446,61,38,0,0,0,0,no_volume,0,0,0,0,no_volume,0,0,0,0,low_activity,0,0,0,0,0,0,160227,115919,-0.1605,15070,2734,28,31,62,61,1
1774105447,61,38,0,0,0,0,no_volume,0,0,0,0,no_volume,0,0,0,0,low_activity,0,0,0,0,0,0,160227,112897,-0.1733,3092,2736,28,30,62,61,1
1774105448,61,38,0,0,0,0,low_activity,0,0,0,0,low_activity,0,0,0,0,low_activity,0,0,0,0,0,0,160902,112897,-0.1753,3697,32,28,30,62,61,1
1774105449,61,38,0,0,0,0,low_activity,0,0,0,0,low_activity,0,0,0,0,low_activity,0,0,0,0,0,0,163576,130919,-0.1109,3349,2706,27,30,62,61,1
1774105450,61,38,0,0,0,0,low_activity,0,0,0,0,low_activity,0,0,0,0,low_activity,0,0,0,0,0,0,163553,115919,-0.1704,3326,6062,28,31,62,61,1
1774105451,60,39,0,0,0,0,low_activity,0,0,0,0,low_activity,0,0,0,0,low_activity,0,0,0,0,0,0,167379,119204,-0.1681,6477,9888,29,31,61,60,1
1774105452,60,39,0,0,0,0,low_activity,0,0,0,0,low_activity,0,0,0,0,low_activity,0,0,0,0,0,0,170401,122226,-0.1646,6825,10244,29,30,61,60,1
1774105453,60,39,0,0,0,0,no_volume,0,0,0,0,low_activity,0,0,0,0,low_activity,0,0,0,0,0,0,167082,107226,-0.2182,3529,21925,29,31,61,60,1
1774105454,60,39,0,0,0,0,no_volume,0,0,0,0,low_activity,0,0,0,0,low_activity,0,0,0,0,0,0,170462,119174,-0.1771,3083,13327,29,29,61,60,1
1774105455,60,39,0,0,0,0,no_volume,0,0,0,0,no_volume,0,0,0,0,low_activity,0,0,0,0,0,0,167320,122196,-0.1559,-3081,10115,29,31,61,60,1
1774105456,60,39,0,0,0,0,no_volume,0,0,0,0,no_volume,0,0,0,0,low_activity,0,0,0,0,0,0,167320,122196,-0.1559,238,7093,29,31,61,60,1
1774105457,60,39,0,0,0,0,no_volume,0,0,0,0,no_volume,0,0,0,0,low_activity,0,0,0,0,0,0,167320,119174,-0.1681,-3142,7093,29,31,61,60,1
1774105458,60,39,0,0,0,0,no_volume,0,0,0,0,no_volume,0,0,0,0,low_activity,0,0,0,0,0,0,167320,122196,-0.1559,0,6418,29,32,61,60,1
1774105459,60,39,0,0,0,0,no_volume,0,0,0,0,no_volume,0,0,0,0,low_activity,0,0,0,0,0,0,164765,107196,-0.2117,-2555,1189,29,30,61,60,1
1774105460,60,39,0,0,0,0,no_volume,0,0,0,0,no_volume,0,0,0,0,low_activity,0,0,0,0,0,0,167440,119174,-0.1684,120,3887,28,30,61,60,1
1774105461,60,39,0,0,0,0,low_activity,0,0,0,0,low_activity,0,0,0,0,low_activity,0,0,0,0,0,0,170402,122196,-0.1648,3082,3023,29,32,61,60,1
1774105462,60,39,0,0,0,0,low_activity,0,0,0,0,low_activity,0,0,0,0,low_activity,0,0,0,0,0,0,167022,122196,-0.155,2257,-3379,29,32,61,60,1
1774105463,60,39,0,0,0,0,low_activity,0,0,0,0,low_activity,0,0,0,0,low_activity,0,0,0,0,0,0,167016,119174,-0.1672,-424,-66,29,30,61,60,1
1774105464,60,39,0,0,0,0,low_activity,0,0,0,0,low_activity,0,0,0,0,low_activity,0,0,0,0,0,0,167016,107196,-0.2182,-3386,-3446,29,30,61,60,1
1774105465,60,39,0,0,0,0,low_activity,0,0,0,0,low_activity,0,0,0,0,low_activity,0,0,0,0,0,0,170397,122196,-0.1647,3375,3077,29,31,61,60,1
1774105466,60,39,0,0,0,0,no_volume,0,0,0,0,low_activity,0,0,0,0,low_activity,0,0,0,0,0,0,170397,104174,-0.2412,3381,3077,28,30,61,60,1
1774105467,60,39,0,0,0,0,no_volume,0,0,0,0,low_activity,0,0,0,0,low_activity,0,0,0,0,0,0,170397,122196,-0.1647,3381,3077,29,31,61,60,1
1774105468,60,39,0,0,0,0,low_activity,0,0,0,0,low_activity,0,0,0,0,low_activity,0,0,0,0,0,0,167015,122226,-0.1549,-3382,-305,29,31,61,60,1
1774105469,60,39,0,0,0,0,low_activity,0,0,0,0,low_activity,0,0,0,0,low_activity,0,0,0,0,0,0,169681,119204,-0.1747,-716,4916,29,30,61,60,1
1774105470,60,39,0,0,0,0,low_activity,0,0,0,0,low_activity,0,0,0,0,low_activity,0,0,0,0,0,0,170369,122226,-0.1645,-28,2929,29,31,61,60,1
1774105471,60,39,0,0,0,0,low_activity,0,0,0,0,low_activity,0,0,0,0,low_activity,0,0,0,0,0,0,170248,122226,-0.1642,3233,-154,29,31,61,60,1
1774105472,60,39,0,0,0,0,low_activity,0,0,0,0,low_activity,0,0,0,0,low_activity,0,0,0,0,0,0,172925,120170,-0.18,3244,5903,29,31,61,60,1
1774105473,60,39,0,0,0,0,low_activity,0,0,0,0,low_activity,0,0,0,0,low_activity,0,0,0,0,0,0,172958,122226,-0.1719,2589,5942,30,31,61,60,1
1774105474,60,39,0,0,0,0,low_activity,0,0,0,0,low_activity,0,0,0,0,low_activity,0,0,0,0,0,0,172908,122226,-0.1717,2660,5892,30,30,61,60,1
1774105475,60,39,0,0,0,0,low_activity,0,0,0,0,low_activity,0,0,0,0,low_activity,0,0,0,0,0,0,172877,120170,-0.1799,-48,2480,30,29,61,60,1
1774105476,60,39,0,0,0,0,low_activity,0,0,0,0,low_activity,0,0,0,0,low_activity,0,0,0,0,0,0,172877,122226,-0.1716,-81,2480,30,30,61,60,1
1774105477,60,39,0,0,0,0,low_activity,0,0,0,0,low_activity,0,0,0,0,low_activity,0,0,0,0,0,0,172877,122226,-0.1716,-31,2480,30,31,61,60,1
1774105478,60,39,0,0,0,0,no_volume,0,0,0,0,low_activity,0,0,0,0,low_activity,0,0,0,0,0,0,172910,120170,-0.18,33,5895,30,30,61,60,1
1774105479,60,39,0,0,0,0,no_volume,0,0,0,0,low_activity,0,0,0,0,low_activity,0,0,0,0,0,0,172910,122226,-0.1717,33,3229,30,32,61,60,1
1774105480,60,39,0,0,0,0,no_volume,0,0,0,0,no_volume,0,0,0,0,low_activity,0,0,0,0,0,0,172910,122226,-0.1717,33,2541,30,31,61,60,1
1774105481,60,39,0,0,0,0,low_activity,0,0,0,0,low_activity,0,0,0,0,low_activity,0,0,0,0,0,0,174227,120170,-0.1836,1317,3979,30,30,61,60,1
1774105482,60,39,0,0,0,0,low_activity,0,0,0,0,low_activity,0,0,0,0,low_activity,0,0,0,0,0,0,174227,120170,-0.1836,1317,1302,30,30,61,60,1
1774105483,60,39,0,0,0,0,low_activity,0,0,0,0,low_activity,0,0,0,0,low_activity,0,0,0,0,0,0,174227,122226,-0.1754,1317,1269,30,31,61,60,1
1774105484,60,39,0,0,0,0,no_volume,0,0,0,0,low_activity,0,0,0,0,low_activity,0,0,0,0,0,0,174261,121170,-0.1797,34,1353,29,31,61,60,1
1774105485,60,39,0,0,0,0,no_volume,0,0,0,0,low_activity,0,0,0,0,low_activity,0,0,0,0,0,0,174261,121170,-0.1797,34,1384,30,30,61,60,1
1774105486,60,39,0,0,0,0,no_volume,0,0,0,0,no_volume,0,0,0,0,low_activity,0,0,0,0,0,0,171583,123226,-0.164,-2644,-1294,29,31,61,60,1
1774105487,60,39,0,0,0,0,no_volume,0,0,0,0,no_volume,0,0,0,0,low_activity,0,0,0,0,0,0,170232,121170,-0.1684,-4029,-2645,29,30,61,60,1
1774105488,60,39,0,0,0,0,no_volume,0,0,0,0,no_volume,0,0,0,0,low_activity,0,0,0,0,0,0,170232,121170,-0.1684,-4029,-2678,29,31,61,60,1
1774105489,60,39,0,0,0,0,no_volume,0,0,0,0,no_volume,0,0,0,0,low_activity,0,0,0,0,0,0,170232,123226,-0.1602,-1351,-2678,29,30,61,60,1
1774105490,60,39,0,0,0,0,no_volume,0,0,0,0,no_volume,0,0,0,0,low_activity,0,0,0,0,0,0,154527,121170,-0.121,-15705,-18383,28,30,61,60,1
1774105491,60,39,0,0,0,0,no_volume,0,0,0,0,no_volume,0,0,0,0,low_activity,0,0,0,0,0,0,169527,121170,-0.1663,-705,-4700,29,30,61,60,1
1774105492,60,39,0,0,0,0,low_activity,0,0,0,0,low_activity,0,0,0,0,low_activity,0,0,0,0,0,0,169507,123226,-0.1581,-725,-4720,29,30,61,60,1
1774105493,60,39,0,0,0,0,low_activity,0,0,0,0,low_activity,0,0,0,0,low_activity,0,0,0,0,0,0,169474,121170,-0.1662,14947,-4753,29,30,61,60,1
1774105494,60,39,0,0,0,0,low_activity,0,0,0,0,low_activity,0,0,0,0,low_activity,0,0,0,0,0,0,169474,121170,-0.1662,-53,-4787,29,29,61,60,1
1774105495,60,39,0,0,0,0,low_activity,0,0,0,0,low_activity,0,0,0,0,low_activity,0,0,0,0,0,0,170164,123226,-0.16,657,-4097,29,30,61,60,1
1774105496,60,39,0,0,0,0,low_activity,0,0,0,0,low_activity,0,0,0,0,low_activity,0,0,0,0,0,0,172842,121170,-0.1757,3368,1259,28,30,61,60,1
1774105497,60,39,0,0,0,0,low_activity,0,0,0,0,low_activity,0,0,0,0,low_activity,0,0,0,0,0,0,172819,121170,-0.1757,3345,2587,29,30,61,60,1
1774105498,60,39,0,0,0,0,low_activity,0,0,0,0,low_activity,0,0,0,0,low_activity,0,0,0,0,0,0,174186,123226,-0.1713,4022,3954,29,31,61,60,1
1774105499,60,39,0,0,0,0,low_activity,0,0,0,0,low_activity,0,0,0,0,low_activity,0,0,0,0,0,0,174186,123226,-0.1713,1344,3954,29,31,61,60,1
1774105500,60,39,0,0,0,0,no_volume,0,0,0,0,low_activity,0,0,0,0,low_activity,0,0,0,0,0,0,174140,121170,-0.1794,1321,19613,29,31,61,60,1
1774105501,60,39,0,0,0,0,no_volume,0,0,0,0,low_activity,0,0,0,0,low_activity,0,0,0,0,0,0,177523,123226,-0.1805,3337,7996,29,32,61,60,1
1774105502,60,39,0,0,0,0,no_volume,0,0,0,0,no_volume,0,0,0,0,low_activity,0,0,0,0,0,0,174140,123226,-0.1712,-46,4633,29,32,61,60,1
1774105503,60,39,0,0,0,0,no_volume,0,0,0,0,no_volume,0,0,0,0,low_activity,0,0,0,0,0,0,174378,121170,-0.18,238,4904,29,30,61,60,1
1774105504,60,39,0,0,0,0,no_volume,0,0,0,0,no_volume,0,0,0,0,low_activity,0,0,0,0,0,0,174378,123226,-0.1719,-3145,4904,29,32,61,60,1
1774105505,60,39,0,0,0,0,no_volume,0,0,0,0,no_volume,0,0,0,0,low_activity,0,0,0,0,0,0,174378,121170,-0.18,238,4214,29,31,61,60,1
1774105506,60,39,0,0,0,0,no_volume,0,0,0,0,no_volume,0,0,0,0,low_activity,0,0,0,0,0,0,174378,121170,-0.18,0,1536,29,30,61,60,1
1774105507,60,39,0,0,0,0,no_volume,0,0,0,0,no_volume,0,0,0,0,low_activity,0,0,0,0,0,0,174378,123226,-0.1719,0,1559,29,30,61,60,1
1774105508,60,39,0,0,0,0,no_volume,0,0,0,0,no_volume,0,0,0,0,low_activity,0,0,0,0,0,0,177523,121140,-0.1888,3145,3337,28,30,61,60,1
1774105509,60,39,0,0,0,0,no_volume,0,0,0,0,no_volume,0,0,0,0,low_activity,0,0,0,0,0,0,177523,121140,-0.1888,3145,3337,29,30,61,60,1
1774105510,60,39,0,0,0,0,no_volume,0,0,0,0,no_volume,0,0,0,0,low_activity,0,0,0,0,0,0,174140,94196,-0.2979,-238,0,29,30,61,60,1
1774105511,60,39,0,0,0,0,low_activity,0,0,0,0,low_activity,0,0,0,0,low_activity,0,0,0,0,0,0,173982,123196,-0.1709,-3541,-3541,29,30,61,60,1
1774105512,60,39,0,0,0,0,low_activity,0,0,0,0,low_activity,0,0,0,0,low_activity,0,0,0,0,0,0,173982,121140,-0.1791,-3541,-158,29,30,61,60,1
1774105513,60,39,0,0,0,0,low_activity,0,0,0,0,low_activity,0,0,0,0,low_activity,0,0,0,0,0,0,177368,123196,-0.1802,3228,2990,29,30,61,60,1
1774105514,60,39,0,0,0,0,low_activity,0,0,0,0,low_activity,0,0,0,0,low_activity,0,0,0,0,0,0,178675,123196,-0.1838,4693,4297,30,30,61,60,1
1774105515,60,39,0,0,0,0,low_activity,0,0,0,0,low_activity,0,0,0,0,low_activity,0,0,0,0,0,0,178675,121140,-0.1919,4693,4297,30,29,61,60,1
1774105516,60,39,0,0,0,0,low_activity,0,0,0,0,low_activity,0,0,0,0,low_activity,0,0,0,0,0,0,175289,123196,-0.1745,-2079,911,29,31,61,60,1
1774105517,60,39,0,0,0,0,no_volume,0,0,0,0,low_activity,0,0,0,0,low_activity,0,0,0,0,0,0,175289,123196,-0.1745,-3386,911,29,31,61,60,1
1774105518,60,39,0,0,0,0,low_activity,0,0,0,0,low_activity,0,0,0,0,low_activity,0,0,0,0,0,0,175915,121140,-0.1844,-2760,-1608,29,30,61,60,1
1774105519,60,39,0,0,0,0,low_activity,0,0,0,0,low_activity,0,0,0,0,low_activity,0,0,0,0,0,0,178596,123196,-0.1836,3307,1073,28,31,61,60,1
1774105520,60,39,0,0,0,0,low_activity,0,0,0,0,low_activity,0,0,0,0,low_activity,0,0,0,0,0,0,177281,108196,-0.242,1992,3141,29,30,61,60,1
1774105521,60,39,0,0,0,0,no_volume,0,0,0,0,low_activity,0,0,0,0,low_activity,0,0,0,0,0,0,155307,106140,-0.1881,-20608,-18675,29,30,61,60,1
1774105522,60,39,0,0,0,0,no_volume,0,0,0,0,low_activity,0,0,0,0,low_activity,0,0,0,0,0,0,165850,123196,-0.1476,-12746,-8132,29,31,61,60,1
1774105523,60,39,0,0,0,0,no_volume,0,0,0,0,no_volume,0,0,0,0,low_activity,0,0,0,0,0,0,165850,108196,-0.2104,-11431,-11518,29,30,61,60,1
1774105524,60,39,0,0,0,0,no_volume,0,0,0,0,no_volume,0,0,0,0,low_activity,0,0,0,0,0,0,169237,121140,-0.1656,13930,-9438,29,30,61,60,1
1774105525,60,39,0,0,0,0,no_volume,0,0,0,0,no_volume,0,0,0,0,low_activity,0,0,0,0,0,0,154237,123196,-0.1119,-11613,-24438,29,30,61,60,1
1774105526,60,39,0,0,0,0,no_volume,0,0,0,0,no_volume,0,0,0,0,low_activity,0,0,0,0,0,0,165850,123196,-0.1476,0,-9439,29,30,61,60,1
1774105527,60,39,0,0,0,0,no_volume,0,0,0,0,no_volume,0,0,0,0,low_activity,0,0,0,0,0,0,165850,121140,-0.1558,-3387,-9439,29,30,61,60,1
1774105528,60,39,0,0,0,0,low_activity,0,0,0,0,low_activity,0,0,0,0,low_activity,0,0,0,0,0,0,165835,123196,-0.1475,11598,-10080,29,31,61,60,1
1774105529,60,39,0,0,0,0,low_activity,0,0,0,0,low_activity,0,0,0,0,low_activity,0,0,0,0,0,0,166540,123196,-0.1496,690,-12056,29,31,61,60,1
1774105530,60,39,0,0,0,0,low_activity,0,0,0,0,low_activity,0,0,0,0,low_activity,0,0,0,0,0,0,169222,121140,-0.1656,3372,-8059,28,30,61,60,1
1774105531,60,39,0,0,0,0,no_volume,0,0,0,0,low_activity,0,0,0,0,low_activity,0,0,0,0,0,0,154222,123196,-0.1118,-11613,-1085,29,32,61,60,1
1774105532,60,39,0,0,0,0,no_volume,0,0,0,0,low_activity,0,0,0,0,low_activity,0,0,0,0,0,0,165835,123196,-0.1475,-705,-15,29,31,61,60,1
1774105533,60,39,0,0,0,0,no_volume,0,0,0,0,no_volume,0,0,0,0,low_activity,0,0,0,0,0,0,167151,121140,-0.1596,-2071,1301,29,30,61,60,1
1774105534,60,39,0,0,0,0,no_volume,0,0,0,0,no_volume,0,0,0,0,low_activity,0,0,0,0,0,0,167151,123196,-0.1514,12929,-2086,29,31,61,60,1
1774105535,60,39,0,0,0,0,low_activity,0,0,0,0,low_activity,0,0,0,0,low_activity,0,0,0,0,0,0,167846,123196,-0.1534,2011,13609,29,32,61,60,1
1774105536,60,39,0,0,0,0,low_activity,0,0,0,0,low_activity,0,0,0,0,low_activity,0,0,0,0,0,0,164936,106140,-0.2169,-2215,-914,28,29,61,60,1
1774105537,60,39,0,0,0,0,low_activity,0,0,0,0,low_activity,0,0,0,0,low_activity,0,0,0,0,0,0,161549,109226,-0.1932,-5602,-4301,29,30,61,60,1
1774105538,60,39,0,0,0,0,low_activity,0,0,0,0,low_activity,0,0,0,0,low_activity,0,0,0,0,0,0,161095,123226,-0.1332,-6751,-4740,29,30,61,60,1
1774105539,60,39,0,0,0,0,low_activity,0,0,0,0,low_activity,0,0,0,0,low_activity,0,0,0,0,0,0,161085,106170,-0.2055,-3851,-5455,29,30,61,60,1
1774105540,60,39,0,0,0,0,low_activity,0,0,0,0,low_activity,0,0,0,0,low_activity,0,0,0,0,0,0,161070,121170,-0.1414,-479,-8152,29,30,61,60,1
1774105541,60,39,0,0,0,0,low_activity,0,0,0,0,low_activity,0,0,0,0,low_activity,0,0,0,0,0,0,163148,121170,-0.1476,2053,8926,29,30,61,60,1
1774105542,60,39,0,0,0,0,low_activity,0,0,0,0,low_activity,0,0,0,0,low_activity,0,0,0,0,0,0,163148,121170,-0.1476,2063,-2687,30,31,61,60,1
1774105543,60,39,0,0,0,0,low_activity,0,0,0,0,low_activity,0,0,0,0,low_activity,0,0,0,0,0,0,148103,123226,-0.0917,-12967,-19048,29,30,61,60,1
1774105544,60,39,0,0,0,0,low_activity,0,0,0,0,low_activity,0,0,0,0,low_activity,0,0,0,0,0,0,159709,123226,-0.1289,-3439,-7442,29,31,61,60,1
1774105545,60,39,0,0,0,0,low_activity,0,0,0,0,low_activity,0,0,0,0,low_activity,0,0,0,0,0,0,159709,123226,-0.1289,-3439,-8137,29,31,61,60,1
1774105546,60,39,0,0,0,0,no_volume,0,0,0,0,low_activity,0,0,0,0,low_activity,0,0,0,0,0,0,160414,108193,-0.1944,12311,-4522,29,31,61,60,1
1774105547,60,39,0,0,0,0,no_volume,0,0,0,0,low_activity,0,0,0,0,low_activity,0,0,0,0,0,0,159709,123193,-0.1291,0,-1840,29,32,61,60,1
1774105548,60,39,0,0,0,0,low_activity,0,0,0,0,low_activity,0,0,0,0,low_activity,0,0,0,0,0,0,149748,123193,-0.0973,-9961,-11347,28,32,61,60,1
1774105549,60,39,0,0,0,0,low_activity,0,0,0,0,low_activity,0,0,0,0,low_activity,0,0,0,0,0,0,95891,120621,0.1142,-64523,-65194,29,30,61,60,1
1774105550,60,39,0,0,0,0,low_activity,0,0,0,0,low_activity,0,0,0,0,low_activity,0,0,0,0,0,0,74510,120588,0.2362,-85199,-86560,29,30,61,60,1
1774105551,60,39,0,0,0,0,no_volume,0,0,0,0,low_activity,0,0,0,0,low_activity,0,0,0,0,0,0,71488,119722,0.2523,-78260,-91660,29,30,61,60,1
1774105552,60,38,0,0,0,0,no_volume,0,0,0,0,low_activity,0,0,0,0,low_activity,0,0,0,0,0,0,72222,104458,0.1825,-23669,-90926,29,29,62,60,2
1774105553,60,38,0,0,0,0,low_activity,0,0,0,0,low_activity,0,0,0,0,low_activity,0,0,0,0,0,0,72265,119358,0.2458,-2245,-75838,30,30,62,60,2
1774105554,60,38,0,0,0,0,low_activity,0,0,0,0,low_activity,0,0,0,0,low_activity,0,0,0,0,0,0,66788,104358,0.2195,-4700,-92921,30,29,62,60,2
1774105555,60,38,0,0,0,0,low_activity,0,0,0,0,low_activity,0,0,0,0,low_activity,0,0,0,0,0,0,72265,104358,0.1817,43,-87444,30,30,62,60,2
1774105556,60,38,0,0,0,0,no_volume,0,0,0,0,low_activity,0,0,0,0,low_activity,0,0,0,0,0,0,72265,104358,0.1817,0,-88149,30,29,62,60,2
1774105557,60,38,0,0,0,0,low_activity,0,0,0,0,low_activity,0,0,0,0,low_activity,0,0,0,0,0,0,72543,119328,0.2438,5755,-87166,30,31,62,60,2
1774105558,60,38,0,0,0,0,low_activity,0,0,0,0,low_activity,0,0,0,0,low_activity,0,0,0,0,0,0,75512,104328,0.1602,3247,-74236,29,29,62,60,2
1774105559,60,39,0,0,0,0,low_activity,0,0,0,0,low_activity,0,0,0,0,low_activity,0,0,0,0,0,0,137949,119862,-0.0702,65684,42058,31,31,61,60,1
1774105560,60,39,0,0,0,0,no_volume,0,0,0,0,low_activity,0,0,0,0,low_activity,0,0,0,0,0,0,139175,104862,-0.1406,66632,64665,31,30,61,60,1
1774105561,60,39,0,0,0,0,no_volume,0,0,0,0,low_activity,0,0,0,0,low_activity,0,0,0,0,0,0,151408,104862,-0.1816,75896,79920,31,29,61,60,1
1774105562,60,39,0,0,0,0,no_volume,0,0,0,0,no_volume,0,0,0,0,low_activity,0,0,0,0,0,0,151403,119862,-0.1163,13454,79181,31,30,61,60,1
1774105563,60,39,0,0,0,0,no_volume,0,0,0,0,no_volume,0,0,0,0,low_activity,0,0,0,0,0,0,151860,119862,-0.1178,12685,79595,31,30,61,60,1
1774105564,60,39,0,0,0,0,no_volume,0,0,0,0,no_volume,0,0,0,0,low_activity,0,0,0,0,0,0,154551,119862,-0.1264,3143,87763,30,30,61,60,1
1774105565,60,39,0,0,0,0,no_volume,0,0,0,0,no_volume,0,0,0,0,low_activity,0,0,0,0,0,0,149426,119862,-0.1098,-1977,77161,31,29,61,60,1
1774105566,60,39,0,0,0,0,no_volume,0,0,0,0,no_volume,0,0,0,0,low_activity,0,0,0,0,0,0,146030,119862,-0.0984,-5830,73765,30,30,61,60,1
1774105567,60,39,0,0,0,0,no_volume,0,0,0,0,no_volume,0,0,0,0,low_activity,0,0,0,0,0,0,146030,119862,-0.0984,-8521,73487,30,29,61,60,1
1774105568,60,39,0,0,0,0,no_volume,0,0,0,0,no_volume,0,0,0,0,low_activity,0,0,0,0,0,0,146030,119862,-0.0984,-3396,70518,30,31,61,60,1
1774105569,60,39,0,0,0,0,low_activity,0,0,0,0,low_activity,0,0,0,0,low_activity,0,0,0,0,0,0,148826,119995,-0.1072,2796,10877,29,30,61,60,1
1774105570,60,39,0,0,0,0,low_activity,0,0,0,0,low_activity,0,0,0,0,low_activity,0,0,0,0,0,0,150334,121495,-0.1061,4304,11159,31,30,61,60,1
1774105571,60,39,0,0,0,0,low_activity,0,0,0,0,low_activity,0,0,0,0,low_activity,0,0,0,0,0,0,150334,121495,-0.1061,4304,-1074,31,30,61,60,1
1774105572,60,39,0,0,0,0,no_volume,0,0,0,0,low_activity,0,0,0,0,low_activity,0,0,0,0,0,0,146930,121495,-0.0948,-1896,-4473,30,29,61,60,1
1774105573,60,39,0,0,0,0,no_volume,0,0,0,0,low_activity,0,0,0,0,low_activity,0,0,0,0,0,0,146930,121495,-0.0948,-3404,-4930,30,30,61,60,1
1774105574,60,39,0,0,0,0,no_volume,0,0,0,0,no_volume,0,0,0,0,low_activity,0,0,0,0,0,0,147635,121495,-0.0971,-2699,-6916,30,30,61,60,1
1774105575,60,39,0,0,0,0,low_activity,0,0,0,0,low_activity,0,0,0,0,low_activity,0,0,0,0,0,0,150334,121395,-0.1065,3404,908,29,30,61,60,1
1774105576,60,39,0,0,0,0,low_activity,0,0,0,0,low_activity,0,0,0,0,low_activity,0,0,0,0,0,0,150336,121395,-0.1065,3406,4306,31,29,61,60,1
1774105577,60,39,0,0,0,0,low_activity,0,0,0,0,low_activity,0,0,0,0,low_activity,0,0,0,0,0,0,146930,121395,-0.0952,-705,900,30,29,61,60,1
1774105578,60,39,0,0,0,0,no_volume,0,0,0,0,low_activity,0,0,0,0,low_activity,0,0,0,0,0,0,152423,121395,-0.1133,2089,6393,30,30,61,60,1
1774105579,60,39,0,0,0,0,no_volume,0,0,0,0,low_activity,0,0,0,0,low_activity,0,0,0,0,0,0,152423,121395,-0.1133,2087,3597,30,31,61,60,1
1774105580,60,39,0,0,0,0,low_activity,0,0,0,0,low_activity,0,0,0,0,low_activity,0,0,0,0,0,0,75523,126121,0.2509,-71407,-74811,31,31,61,60,1
1774105581,60,39,0,0,0,0,low_activity,0,0,0,0,low_activity,0,0,0,0,low_activity,0,0,0,0,0,0,75521,126121,0.2509,-76902,-74813,33,31,61,60,1
1774105582,60,39,0,0,0,0,low_activity,0,0,0,0,low_activity,0,0,0,0,low_activity,0,0,0,0,0,0,75647,126121,0.2502,-76776,-71283,31,31,61,60,1
1774105583,60,39,0,0,0,0,no_volume,0,0,0,0,low_activity,0,0,0,0,low_activity,0,0,0,0,0,0,137349,126723,-0.0402,61826,-9581,30,31,61,60,1
1774105584,60,39,0,0,0,0,low_activity,0,0,0,0,low_activity,0,0,0,0,low_activity,0,0,0,0,0,0,142100,126719,-0.0572,66579,-5535,30,31,61,60,1
1774105585,60,39,0,0,0,0,low_activity,0,0,0,0,low_activity,0,0,0,0,low_activity,0,0,0,0,0,0,149326,126719,-0.0819,73679,-1008,30,32,61,60,1
1774105586,60,39,0,0,0,0,low_activity,0,0,0,0,low_activity,0,0,0,0,low_activity,0,0,0,0,0,0,151900,126719,-0.0904,14551,1564,30,31,61,60,1
1774105587,60,39,0,0,0,0,low_activity,0,0,0,0,low_activity,0,0,0,0,low_activity,0,0,0,0,0,0,154761,128219,-0.0938,12661,7831,31,31,61,60,1
1774105588,60,39,0,0,0,0,low_activity,0,0,0,0,low_activity,0,0,0,0,low_activity,0,0,0,0,0,0,151967,113219,-0.1461,2641,-456,30,31,61,60,1
1774105589,60,39,0,0,0,0,low_activity,0,0,0,0,low_activity,0,0,0,0,low_activity,0,0,0,0,0,0,151967,128219,-0.0848,67,-456,30,31,61,60,1
1774105590,60,39,0,0,0,0,no_volume,0,0,0,0,low_activity,0,0,0,0,low_activity,0,0,0,0,0,0,151967,113219,-0.1461,-2794,76444,30,31,61,60,1
1774105591,60,39,0,0,0,0,no_volume,0,0,0,0,low_activity,0,0,0,0,low_activity,0,0,0,0,0,0,151967,128846,-0.0823,0,76446,30,31,61,60,1
1774105592,60,39,0,0,0,0,no_volume,0,0,0,0,no_volume,0,0,0,0,low_activity,0,0,0,0,0,0,155375,128239,-0.0957,3408,79728,30,32,61,60,1
1774105593,60,39,0,0,0,0,no_volume,0,0,0,0,no_volume,0,0,0,0,low_activity,0,0,0,0,0,0,150651,111739,-0.1483,-1316,13302,30,31,61,60,1
1774105594,60,39,0,0,0,0,no_volume,0,0,0,0,no_volume,0,0,0,0,low_activity,0,0,0,0,0,0,150651,141739,-0.0305,-1316,8551,30,31,61,60,1
1774105595,60,39,0,0,0,0,no_volume,0,0,0,0,no_volume,0,0,0,0,low_activity,0,0,0,0,0,0,150651,138065,-0.0436,-4724,1325,30,32,61,60,1
1774105596,60,39,0,0,0,0,low_activity,0,0,0,0,low_activity,0,0,0,0,low_activity,0,0,0,0,0,0,150551,143681,-0.0233,-100,-1349,30,32,61,60,1
1774105597,60,39,0,0,0,0,low_activity,0,0,0,0,low_activity,0,0,0,0,low_activity,0,0,0,0,0,0,138960,143681,0.0167,-11691,-15801,30,32,61,60,1
1774105598,60,39,0,0,0,0,low_activity,0,0,0,0,low_activity,0,0,0,0,low_activity,0,0,0,0,0,0,153615,143681,-0.0334,2964,1648,30,32,61,60,1
1774105599,60,39,0,0,0,0,low_activity,0,0,0,0,low_activity,0,0,0,0,low_activity,0,0,0,0,0,0,150201,143681,-0.0222,-350,-1766,30,32,61,60,1
1774105600,60,39,0,0,0,0,low_activity,0,0,0,0,low_activity,0,0,0,0,low_activity,0,0,0,0,0,0,153615,143681,-0.0334,14655,1648,31,32,61,60,1
1774105601,60,39,0,0,0,0,no_volume,0,0,0,0,low_activity,0,0,0,0,low_activity,0,0,0,0,0,0,150201,143681,-0.0222,-3414,-1766,30,32,61,60,1
1774105602,60,39,0,0,0,0,no_volume,0,0,0,0,low_activity,0,0,0,0,low_activity,0,0,0,0,0,0,150201,143681,-0.0222,0,-5174,30,32,61,60,1
1774105603,60,39,0,0,0,0,no_volume,0,0,0,0,no_volume,0,0,0,0,low_activity,0,0,0,0,0,0,150906,143681,-0.0245,-2709,255,30,32,61,60,1
1774105604,60,39,0,0,0,0,no_volume,0,0,0,0,no_volume,0,0,0,0,low_activity,0,0,0,0,0,0,135201,128681,-0.0247,-15000,-15450,30,31,61,60,1
1774105605,60,39,0,0,0,0,no_volume,0,0,0,0,no_volume,0,0,0,0,low_activity,0,0,0,0,0,0,153615,128681,-0.0883,3414,2964,32,31,61,60,1
1774105606,60,39,0,0,0,0,no_volume,0,0,0,0,no_volume,0,0,0,0,low_activity,0,0,0,0,0,0,149582,123065,-0.0973,-1324,-969,30,31,61,60,1
1774105607,60,39,0,0,0,0,no_volume,0,0,0,0,no_volume,0,0,0,0,low_activity,0,0,0,0,0,0,149582,107438,-0.164,14381,10622,30,30,61,60,1
1774105608,60,39,0,0,0,0,no_volume,0,0,0,0,no_volume,0,0,0,0,low_activity,0,0,0,0,0,0,149582,122438,-0.0998,-4033,-4033,30,31,61,60,1
1774105609,60,39,0,0,0,0,no_volume,0,0,0,0,no_volume,0,0,0,0,low_activity,0,0,0,0,0,0,150287,122438,-0.1021,705,86,30,31,61,60,1
1774105610,60,39,0,0,0,0,no_volume,0,0,0,0,no_volume,0,0,0,0,low_activity,0,0,0,0,0,0,152996,122438,-0.1109,3414,-619,30,31,61,60,1
1774105611,60,39,0,0,0,0,no_volume,0,0,0,0,no_volume,0,0,0,0,low_activity,0,0,0,0,0,0,152996,107438,-0.1749,3414,2795,32,31,61,60,1
1774105612,60,39,0,0,0,0,low_activity,0,0,0,0,low_activity,0,0,0,0,low_activity,0,0,0,0,0,0,137628,48876,-0.4759,-12659,-12573,30,30,61,60,1
1774105613,60,39,0,0,0,0,low_activity,0,0,0,0,low_activity,0,0,0,0,low_activity,0,0,0,0,0,0,137634,48882,-0.4758,-15362,-13272,30,31,61,60,1
1774105614,60,39,0,0,0,0,low_activity,0,0,0,0,low_activity,0,0,0,0,low_activity,0,0,0,0,0,0,140142,63849,-0.374,-12854,4941,30,32,61,60,1
1774105615,60,39,0,0,0,0,low_activity,0,0,0,0,low_activity,0,0,0,0,low_activity,0,0,0,0,0,0,143556,63849,-0.3843,5928,-10059,31,31,61,60,1
1774105616,60,39,0,0,0,0,low_activity,0,0,0,0,low_activity,0,0,0,0,low_activity,0,0,0,0,0,0,143559,63839,-0.3844,5925,-6023,32,32,61,60,1
1774105617,60,39,0,0,0,0,low_activity,0,0,0,0,low_activity,0,0,0,0,low_activity,0,0,0,0,0,0,143559,63839,-0.3844,3417,-6023,31,31,61,60,1
1774105618,60,39,0,0,0,0,low_activity,0,0,0,0,low_activity,0,0,0,0,low_activity,0,0,0,0,0,0,140142,63872,-0.3738,-3414,-9440,30,31,61,60,1
1774105619,60,39,0,0,0,0,no_volume,0,0,0,0,low_activity,0,0,0,0,low_activity,0,0,0,0,0,0,140142,61739,-0.3884,-3417,-10145,30,30,61,60,1
1774105620,60,39,0,0,0,0,no_volume,0,0,0,0,low_activity,0,0,0,0,low_activity,0,0,0,0,0,0,140846,95642,-0.1911,-2713,-12150,30,30,61,60,1
1774105621,60,39,0,0,0,0,no_volume,0,0,0,0,no_volume,0,0,0,0,low_activity,0,0,0,0,0,0,154640,108325,-0.1761,14498,1644,30,31,61,60,1
1774105622,60,39,0,0,0,0,low_activity,0,0,0,0,low_activity,0,0,0,0,low_activity,0,0,0,0,0,0,154633,108325,-0.1761,14491,17005,32,31,61,60,1
1774105623,60,39,0,0,0,0,low_activity,0,0,0,0,low_activity,0,0,0,0,low_activity,0,0,0,0,0,0,151201,108325,-0.1652,10355,13567,30,31,61,60,1
1774105624,60,39,0,0,0,0,low_activity,0,0,0,0,low_activity,0,0,0,0,low_activity,0,0,0,0,0,0,151201,108325,-0.1652,-3439,11059,30,31,61,60,1
1774105625,60,39,0,0,0,0,low_activity,0,0,0,0,low_activity,0,0,0,0,low_activity,0,0,0,0,0,0,151201,93325,-0.2367,-3432,7645,30,30,61,60,1
1774105626,60,39,0,0,0,0,no_volume,0,0,0,0,low_activity,0,0,0,0,low_activity,0,0,0,0,0,0,151253,115748,-0.133,52,7694,30,30,61,60,1
1774105627,60,39,0,0,0,0,low_activity,0,0,0,0,low_activity,0,0,0,0,low_activity,0,0,0,0,0,0,143792,80958,-0.2796,-7409,233,30,30,61,60,1
1774105628,60,39,0,0,0,0,low_activity,0,0,0,0,low_activity,0,0,0,0,low_activity,0,0,0,0,0,0,134611,60861,-0.3773,-16590,-5531,30,30,61,60,1
1774105629,60,39,0,0,0,0,low_activity,0,0,0,0,low_activity,0,0,0,0,low_activity,0,0,0,0,0,0,134612,63561,-0.3585,-16641,-5530,30,30,61,60,1
1774105630,60,39,0,0,0,0,no_volume,0,0,0,0,low_activity,0,0,0,0,low_activity,0,0,0,0,0,0,134612,63555,-0.3586,-9180,-6234,30,31,61,60,1
1774105631,60,39,0,0,0,0,no_volume,0,0,0,0,low_activity,0,0,0,0,low_activity,0,0,0,0,0,0,134487,63561,-0.3581,-124,-20153,30,31,61,60,1
1774105632,60,39,0,0,0,0,low_activity,0,0,0,0,low_activity,0,0,0,0,low_activity,0,0,0,0,0,0,136035,63534,-0.3633,1423,-18598,31,31,61,60,1
1774105633,60,39,0,0,0,0,low_activity,0,0,0,0,low_activity,0,0,0,0,low_activity,0,0,0,0,0,0,136222,63561,-0.3637,1610,-14979,32,31,61,60,1
1774105634,60,39,0,0,0,0,low_activity,0,0,0,0,low_activity,0,0,0,0,low_activity,0,0,0,0,0,0,136106,63561,-0.3633,1619,-15095,31,32,61,60,1
1774105635,60,39,0,0,0,0,no_volume,0,0,0,0,low_activity,0,0,0,0,low_activity,0,0,0,0,0,0,132656,63561,-0.3521,-3379,-18545,30,31,61,60,1
1774105636,60,39,0,0,0,0,no_volume,0,0,0,0,low_activity,0,0,0,0,low_activity,0,0,0,0,0,0,132656,63561,-0.3521,-3566,-18597,30,30,61,60,1
1774105637,60,39,0,0,0,0,low_activity,0,0,0,0,low_activity,0,0,0,0,low_activity,0,0,0,0,0,0,133079,63561,-0.3535,-3027,-10713,30,31,61,60,1
1774105638,60,39,0,0,0,0,low_activity,0,0,0,0,low_activity,0,0,0,0,low_activity,0,0,0,0,0,0,144655,100950,-0.1779,11999,10044,30,32,61,60,1
1774105639,60,39,0,0,0,0,low_activity,0,0,0,0,low_activity,0,0,0,0,low_activity,0,0,0,0,0,0,145622,108594,-0.1457,12966,11010,32,31,61,60,1
1774105640,60,39,0,0,0,0,low_activity,0,0,0,0,low_activity,0,0,0,0,low_activity,0,0,0,0,0,0,144816,108594,-0.1429,11737,10204,30,31,61,60,1
1774105641,60,39,0,0,0,0,low_activity,0,0,0,0,low_activity,0,0,0,0,low_activity,0,0,0,0,0,0,144816,95067,-0.2074,161,10329,30,31,61,60,1
1774105642,60,39,0,0,0,0,low_activity,0,0,0,0,low_activity,0,0,0,0,low_activity,0,0,0,0,0,0,144816,95067,-0.2074,-806,8781,30,32,61,60,1
1774105643,60,39,0,0,0,0,low_activity,0,0,0,0,low_activity,0,0,0,0,low_activity,0,0,0,0,0,0,148295,95067,-0.2187,3479,12073,31,31,61,60,1
1774105644,60,39,0,0,0,0,low_activity,0,0,0,0,low_activity,0,0,0,0,low_activity,0,0,0,0,0,0,148295,109082,-0.1524,3479,12189,32,30,61,60,1
1774105645,60,39,0,0,0,0,low_activity,0,0,0,0,low_activity,0,0,0,0,low_activity,0,0,0,0,0,0,148296,109082,-0.1524,3480,15640,31,31,61,60,1
1774105646,60,39,0,0,0,0,low_activity,0,0,0,0,low_activity,0,0,0,0,low_activity,0,0,0,0,0,0,146281,110582,-0.139,-2014,13625,30,32,61,60,1
1774105647,60,39,0,0,0,0,low_activity,0,0,0,0,low_activity,0,0,0,0,low_activity,0,0,0,0,0,0,144781,109082,-0.1406,-3514,11702,30,31,61,60,1
1774105648,60,39,0,0,0,0,low_activity,0,0,0,0,low_activity,0,0,0,0,low_activity,0,0,0,0,0,0,145486,109082,-0.143,-2810,831,30,30,61,60,1
1774105649,60,39,0,0,0,0,no_volume,0,0,0,0,low_activity,0,0,0,0,low_activity,0,0,0,0,0,0,148239,109082,-0.1522,1958,2617,30,31,61,60,1
1774105650,60,39,0,0,0,0,low_activity,0,0,0,0,low_activity,0,0,0,0,low_activity,0,0,0,0,0,0,148080,94115,-0.2228,3299,3264,32,31,61,60,1
1774105651,60,39,0,0,0,0,low_activity,0,0,0,0,low_activity,0,0,0,0,low_activity,0,0,0,0,0,0,144622,109082,-0.1401,-864,-194,30,32,61,60,1
1774105652,60,39,0,0,0,0,low_activity,0,0,0,0,low_activity,0,0,0,0,low_activity,0,0,0,0,0,0,145904,109082,-0.1444,-2335,1088,30,31,61,60,1
1774105653,59,40,0,0,0,0,low_activity,0,0,0,0,low_activity,0,0,0,0,low_activity,0,0,0,0,0,0,145500,100166,-0.1845,-2580,-2795,31,30,60,59,1
1774105654,59,40,0,0,0,0,low_activity,0,0,0,0,low_activity,0,0,0,0,low_activity,0,0,0,0,0,0,152688,100166,-0.2077,8066,4393,31,29,60,59,1
1774105655,59,40,0,0,0,0,low_activity,0,0,0,0,low_activity,0,0,0,0,low_activity,0,0,0,0,0,0,155377,114906,-0.1497,9473,7081,31,30,60,59,1
1774105656,59,40,0,0,0,0,low_activity,0,0,0,0,low_activity,0,0,0,0,low_activity,0,0,0,0,0,0,155177,114906,-0.1491,9677,8896,33,30,60,59,1
1774105657,59,40,0,0,0,0,low_activity,0,0,0,0,low_activity,0,0,0,0,low_activity,0,0,0,0,0,0,150423,99906,-0.2018,-2265,5642,31,29,60,59,1
1774105658,59,40,0,0,0,0,low_activity,0,0,0,0,low_activity,0,0,0,0,low_activity,0,0,0,0,0,0,150423,114906,-0.1339,-4954,4937,31,31,60,59,1
1774105659,59,40,0,0,0,0,no_volume,0,0,0,0,low_activity,0,0,0,0,low_activity,0,0,0,0,0,0,150423,114906,-0.1339,-4754,2184,31,30,60,59,1
1774105660,59,40,0,0,0,0,no_volume,0,0,0,0,low_activity,0,0,0,0,low_activity,0,0,0,0,0,0,153897,114906,-0.1451,3474,5817,32,30,60,59,1
1774105661,59,40,0,0,0,0,no_volume,0,0,0,0,no_volume,0,0,0,0,low_activity,0,0,0,0,0,0,143269,94380,-0.2057,-7154,-1353,33,29,60,59,1
1774105662,59,40,0,0,0,0,no_volume,0,0,0,0,no_volume,0,0,0,0,low_activity,0,0,0,0,0,0,143269,109380,-0.1341,-7154,-2635,32,30,60,59,1
1774105663,59,40,0,0,0,0,no_volume,0,0,0,0,no_volume,0,0,0,0,low_activity,0,0,0,0,0,0,139795,94380,-0.1939,-14102,-5705,31,30,60,59,1
1774105664,59,40,0,0,0,0,no_volume,0,0,0,0,no_volume,0,0,0,0,low_activity,0,0,0,0,0,0,145211,114645,-0.1176,1942,-7477,31,30,60,59,1
1774105665,59,40,0,0,0,0,no_volume,0,0,0,0,no_volume,0,0,0,0,low_activity,0,0,0,0,0,0,145916,114645,-0.12,2647,-9461,31,30,60,59,1
1774105666,59,40,0,0,0,0,no_volume,0,0,0,0,no_volume,0,0,0,0,low_activity,0,0,0,0,0,0,133685,114645,-0.0767,-6110,-21492,31,30,60,59,1
1774105667,59,40,0,0,0,0,no_volume,0,0,0,0,no_volume,0,0,0,0,low_activity,0,0,0,0,0,0,143269,94380,-0.2057,-1942,-7154,33,30,60,59,1
1774105668,59,40,0,0,0,0,no_volume,0,0,0,0,no_volume,0,0,0,0,low_activity,0,0,0,0,0,0,143269,109380,-0.1341,-2647,-7154,32,30,60,59,1
1774105669,59,40,0,0,0,0,no_volume,0,0,0,0,no_volume,0,0,0,0,low_activity,0,0,0,0,0,0,139795,109380,-0.1221,6110,-10628,31,30,60,59,1
1774105670,59,40,0,0,0,0,low_activity,0,0,0,0,low_activity,0,0,0,0,low_activity,0,0,0,0,0,0,140875,109380,-0.1259,-2394,-13022,31,30,60,59,1
1774105671,59,40,0,0,0,0,low_activity,0,0,0,0,low_activity,0,0,0,0,low_activity,0,0,0,0,0,0,144351,109380,-0.1378,1082,1082,31,29,60,59,1
1774105672,59,40,0,0,0,0,low_activity,0,0,0,0,low_activity,0,0,0,0,low_activity,0,0,0,0,0,0,143541,94380,-0.2066,3746,272,31,30,60,59,1
1774105673,59,40,0,0,0,0,no_volume,0,0,0,0,low_activity,0,0,0,0,low_activity,0,0,0,0,0,0,152632,99770,-0.2094,11757,12837,32,30,60,59,1
1774105674,59,40,0,0,0,0,no_volume,0,0,0,0,low_activity,0,0,0,0,low_activity,0,0,0,0,0,0,149156,115770,-0.126,4805,3945,31,32,60,59,1
1774105675,59,40,0,0,0,0,no_volume,0,0,0,0,no_volume,0,0,0,0,low_activity,0,0,0,0,0,0,149156,129770,-0.0695,5615,3240,31,31,60,59,1
1774105676,59,40,0,0,0,0,no_volume,0,0,0,0,no_volume,0,0,0,0,low_activity,0,0,0,0,0,0,149156,129770,-0.0695,-3476,15471,31,31,60,59,1
1774105677,59,40,0,0,0,0,no_volume,0,0,0,0,no_volume,0,0,0,0,low_activity,0,0,0,0,0,0,149156,129770,-0.0695,0,5887,32,30,60,59,1
1774105678,59,40,0,0,0,0,no_volume,0,0,0,0,no_volume,0,0,0,0,low_activity,0,0,0,0,0,0,149156,129770,-0.0695,0,5887,32,32,60,59,1
1774105679,59,40,0,0,0,0,low_activity,0,0,0,0,low_activity,0,0,0,0,low_activity,0,0,0,0,0,0,149124,129770,-0.0694,-32,9329,32,31,60,59,1
1774105680,59,40,0,0,0,0,low_activity,0,0,0,0,low_activity,0,0,0,0,low_activity,0,0,0,0,0,0,149112,129770,-0.0694,-44,8237,31,31,60,59,1
1774105681,59,40,0,0,0,0,low_activity,0,0,0,0,low_activity,0,0,0,0,low_activity,0,0,0,0,0,0,136582,77747,-0.2745,-12574,-7769,31,30,60,59,1
1774105682,59,40,0,0,0,0,low_activity,0,0,0,0,low_activity,0,0,0,0,low_activity,0,0,0,0,0,0,136583,77780,-0.2743,-12541,-6958,31,31,60,59,1
1774105683,59,40,0,0,0,0,no_volume,0,0,0,0,low_activity,0,0,0,0,low_activity,0,0,0,0,0,0,136583,77773,-0.2744,-12529,-16049,31,31,60,59,1
1774105684,59,40,0,0,0,0,no_volume,0,0,0,0,low_activity,0,0,0,0,low_activity,0,0,0,0,0,0,120296,109754,-0.0458,-16286,-28860,31,29,60,59,1
1774105685,59,40,0,0,0,0,no_volume,0,0,0,0,no_volume,0,0,0,0,low_activity,0,0,0,0,0,0,121017,107086,-0.0611,-15566,-28139,31,30,60,59,1
1774105686,59,40,0,0,0,0,no_volume,0,0,0,0,no_volume,0,0,0,0,low_activity,0,0,0,0,0,0,121017,113152,-0.0336,-15566,-28139,31,29,60,59,1
1774105687,59,40,0,0,0,0,no_volume,0,0,0,0,no_volume,0,0,0,0,low_activity,0,0,0,0,0,0,121017,114489,-0.0277,721,-28139,31,29,60,59,1
1774105688,59,40,0,0,0,0,low_activity,0,0,0,0,low_activity,0,0,0,0,low_activity,0,0,0,0,0,0,122497,100956,-0.0964,1480,-26659,31,28,60,59,1
1774105689,59,40,0,0,0,0,low_activity,0,0,0,0,low_activity,0,0,0,0,low_activity,0,0,0,0,0,0,122497,106500,-0.0699,1480,-26627,31,29,60,59,1
1774105690,59,40,0,0,0,0,low_activity,0,0,0,0,low_activity,0,0,0,0,low_activity,0,0,0,0,0,0,122497,122228,-0.0011,1480,-26615,31,29,60,59,1
1774105691,59,40,0,0,0,0,low_activity,0,0,0,0,low_activity,0,0,0,0,low_activity,0,0,0,0,0,0,122469,122261,-0.0008,-28,-14113,31,29,60,59,1
1774105692,59,40,0,0,0,0,low_activity,0,0,0,0,low_activity,0,0,0,0,low_activity,0,0,0,0,0,0,122469,122228,-0.001,-28,-14114,31,29,60,59,1
1774105693,59,40,0,0,0,0,low_activity,0,0,0,0,low_activity,0,0,0,0,low_activity,0,0,0,0,0,0,122469,122257,-0.0009,-28,-14114,31,30,60,59,1
1774105694,59,40,0,0,0,0,low_activity,0,0,0,0,low_activity,0,0,0,0,low_activity,0,0,0,0,0,0,122469,121496,-0.004,0,2173,31,29,60,59,1
1774105695,59,40,0,0,0,0,low_activity,0,0,0,0,low_activity,0,0,0,0,low_activity,0,0,0,0,0,0,122469,136496,0.0542,0,1452,31,29,60,59,1
1774105696,59,40,0,0,0,0,low_activity,0,0,0,0,low_activity,0,0,0,0,low_activity,0,0,0,0,0,0,122319,130882,0.0338,-150,1302,31,29,60,59,1
1774105697,59,40,0,0,0,0,low_activity,0,0,0,0,low_activity,0,0,0,0,low_activity,0,0,0,0,0,0,122319,130882,0.0338,-150,1302,31,29,60,59,1
1774105698,59,40,0,0,0,0,low_activity,0,0,0,0,low_activity,0,0,0,0,low_activity,0,0,0,0,0,0,122271,131610,0.0368,-198,-226,31,29,60,59,1
1774105699,59,40,0,0,0,0,low_activity,0,0,0,0,low_activity,0,0,0,0,low_activity,0,0,0,0,0,0,122271,131610,0.0368,-48,-226,31,29,60,59,1
1774105700,59,40,0,0,0,0,low_activity,0,0,0,0,low_activity,0,0,0,0,low_activity,0,0,0,0,0,0,123553,130110,0.0258,1234,1056,31,29,60,59,1
1774105701,59,40,0,0,0,0,no_volume,0,0,0,0,low_activity,0,0,0,0,low_activity,0,0,0,0,0,0,124739,116296,-0.035,2468,2270,30,29,60,59,1
1774105702,59,40,0,0,0,0,no_volume,0,0,0,0,low_activity,0,0,0,0,low_activity,0,0,0,0,0,0,154539,133429,-0.0733,32268,32070,30,30,60,59,1
1774105703,59,40,0,0,0,0,no_volume,0,0,0,0,no_volume,0,0,0,0,low_activity,0,0,0,0,0,0,154539,133429,-0.0733,30986,32070,30,30,60,59,1
1774105704,59,40,0,0,0,0,no_volume,0,0,0,0,no_volume,0,0,0,0,low_activity,0,0,0,0,0,0,151755,132007,-0.0696,27016,29286,31,29,60,59,1
1774105705,59,40,0,0,0,0,low_activity,0,0,0,0,low_activity,0,0,0,0,low_activity,0,0,0,0,0,0,153249,120029,-0.1216,-1290,30780,30,29,60,59,1
1774105706,59,40,0,0,0,0,low_activity,0,0,0,0,low_activity,0,0,0,0,low_activity,0,0,0,0,0,0,151073,117245,-0.1261,-3466,28754,30,29,60,59,1
1774105707,59,40,0,0,0,0,low_activity,0,0,0,0,low_activity,0,0,0,0,low_activity,0,0,0,0,0,0,148447,117007,-0.1184,-3308,26128,31,29,60,59,1
1774105708,59,40,0,0,0,0,no_volume,0,0,0,0,low_activity,0,0,0,0,low_activity,0,0,0,0,0,0,150503,120029,-0.1126,-2746,28232,30,29,60,59,1
1774105709,59,40,0,0,0,0,low_activity,0,0,0,0,low_activity,0,0,0,0,low_activity,0,0,0,0,0,0,148431,117007,-0.1184,-2642,26160,30,28,60,59,1
1774105710,59,40,0,0,0,0,low_activity,0,0,0,0,low_activity,0,0,0,0,low_activity,0,0,0,0,0,0,148431,117007,-0.1184,-16,24878,31,30,60,59,1
1774105711,59,40,0,0,0,0,low_activity,0,0,0,0,low_activity,0,0,0,0,low_activity,0,0,0,0,0,0,147168,96944,-0.2057,-3335,22429,30,28,60,59,1
1774105712,59,40,0,0,0,0,no_volume,0,0,0,0,low_activity,0,0,0,0,low_activity,0,0,0,0,0,0,136354,62779,-0.3695,-12077,-18185,31,29,60,59,1
1774105713,59,40,0,0,0,0,no_volume,0,0,0,0,low_activity,0,0,0,0,low_activity,0,0,0,0,0,0,136545,62812,-0.3699,-11886,-17994,31,30,60,59,1
1774105714,59,40,0,0,0,0,no_volume,0,0,0,0,no_volume,0,0,0,0,low_activity,0,0,0,0,0,0,136713,62812,-0.3704,-10455,-15042,30,30,60,59,1
1774105715,59,40,0,0,0,0,no_volume,0,0,0,0,no_volume,0,0,0,0,low_activity,0,0,0,0,0,0,136710,62801,-0.3705,356,-16539,30,29,60,59,1
1774105716,58,41,0,0,0,0,low_activity,0,0,0,0,low_activity,0,0,0,0,low_activity,0,0,0,0,0,0,141411,49355,-0.4826,4866,-9662,31,29,59,58,1
1774105717,58,41,0,0,0,0,low_activity,0,0,0,0,low_activity,0,0,0,0,low_activity,0,0,0,0,0,0,146648,64322,-0.3902,9935,-1799,31,29,59,58,1
1774105718,58,41,0,0,0,0,low_activity,0,0,0,0,low_activity,0,0,0,0,low_activity,0,0,0,0,0,0,146627,64321,-0.3902,9917,-3876,31,29,59,58,1
1774105719,58,41,0,0,0,0,no_volume,0,0,0,0,low_activity,0,0,0,0,low_activity,0,0,0,0,0,0,146627,64354,-0.39,5216,-1804,31,30,59,58,1
1774105720,58,41,0,0,0,0,no_volume,0,0,0,0,low_activity,0,0,0,0,low_activity,0,0,0,0,0,0,146620,64354,-0.3899,-28,-1811,31,30,59,58,1
1774105721,58,41,0,0,0,0,no_volume,0,0,0,0,no_volume,0,0,0,0,low_activity,0,0,0,0,0,0,146613,49354,-0.4963,-14,-555,31,30,59,58,1
1774105722,58,41,0,0,0,0,no_volume,0,0,0,0,no_volume,0,0,0,0,low_activity,0,0,0,0,0,0,146613,64354,-0.3899,-14,10259,31,30,59,58,1
1774105723,58,41,0,0,0,0,no_volume,0,0,0,0,no_volume,0,0,0,0,low_activity,0,0,0,0,0,0,146613,64354,-0.3899,-7,10068,31,30,59,58,1
1774105724,58,41,0,0,0,0,low_activity,0,0,0,0,low_activity,0,0,0,0,low_activity,0,0,0,0,0,0,144317,92430,-0.2192,-2296,7604,31,30,59,58,1
1774105725,58,41,0,0,0,0,low_activity,0,0,0,0,low_activity,0,0,0,0,low_activity,0,0,0,0,0,0,160524,105046,-0.2089,13911,23814,31,30,59,58,1
1774105726,58,41,0,0,0,0,low_activity,0,0,0,0,low_activity,0,0,0,0,low_activity,0,0,0,0,0,0,160524,108682,-0.1926,13911,19113,31,29,59,58,1
1774105727,58,41,0,0,0,0,no_volume,0,0,0,0,low_activity,0,0,0,0,low_activity,0,0,0,0,0,0,163190,117417,-0.1631,18873,16542,31,29,59,58,1
1774105728,58,41,0,0,0,0,no_volume,0,0,0,0,low_activity,0,0,0,0,low_activity,0,0,0,0,0,0,163190,117417,-0.1631,2666,16563,31,30,59,58,1
1774105729,58,41,0,0,0,0,no_volume,0,0,0,0,no_volume,0,0,0,0,low_activity,0,0,0,0,0,0,157726,114395,-0.1592,-2798,11099,31,29,59,58,1
1774105730,58,41,0,0,0,0,no_volume,0,0,0,0,no_volume,0,0,0,0,low_activity,0,0,0,0,0,0,157726,115607,-0.1541,-5464,11106,31,29,59,58,1
1774105731,58,41,0,0,0,0,no_volume,0,0,0,0,no_volume,0,0,0,0,low_activity,0,0,0,0,0,0,157646,118926,-0.14,-5544,11033,31,30,59,58,1
1774105732,58,41,0,0,0,0,no_volume,0,0,0,0,no_volume,0,0,0,0,low_activity,0,0,0,0,0,0,157646,118926,-0.14,-80,11033,31,30,59,58,1
1774105733,58,41,0,0,0,0,no_volume,0,0,0,0,no_volume,0,0,0,0,low_activity,0,0,0,0,0,0,157646,118926,-0.14,-80,11033,31,30,59,58,1
1774105734,58,41,0,0,0,0,no_volume,0,0,0,0,no_volume,0,0,0,0,low_activity,0,0,0,0,0,0,157646,118926,-0.14,0,13329,31,30,59,58,1
1774105735,58,41,0,0,0,0,no_volume,0,0,0,0,no_volume,0,0,0,0,low_activity,0,0,0,0,0,0,157646,118926,-0.14,0,-2878,31,30,59,58,1
1774105736,58,41,0,0,0,0,no_volume,0,0,0,0,no_volume,0,0,0,0,low_activity,0,0,0,0,0,0,157646,120426,-0.1339,0,-2878,31,30,59,58,1
1774105737,58,41,0,0,0,0,no_volume,0,0,0,0,no_volume,0,0,0,0,low_activity,0,0,0,0,0,0,157646,120426,-0.1339,0,-5544,31,30,59,58,1
1774105738,58,41,0,0,0,0,no_volume,0,0,0,0,no_volume,0,0,0,0,low_activity,0,0,0,0,0,0,157674,115271,-0.1554,28,-5516,31,28,59,58,1
1774105739,58,41,0,0,0,0,low_activity,0,0,0,0,low_activity,0,0,0,0,low_activity,0,0,0,0,0,0,158844,120426,-0.1376,1198,1118,31,30,59,58,1
1774105740,58,41,0,0,0,0,low_activity,0,0,0,0,low_activity,0,0,0,0,low_activity,0,0,0,0,0,0,162290,117404,-0.1605,4644,4564,32,29,59,58,1
1774105741,58,41,0,0,0,0,low_activity,0,0,0,0,low_activity,0,0,0,0,low_activity,0,0,0,0,0,0,159048,102437,-0.2165,1374,1402,31,29,59,58,1
1774105742,58,41,0,0,0,0,low_activity,0,0,0,0,low_activity,0,0,0,0,low_activity,0,0,0,0,0,0,159048,120426,-0.1382,204,1402,31,30,59,58,1
1774105743,58,41,0,0,0,0,no_volume,0,0,0,0,low_activity,0,0,0,0,low_activity,0,0,0,0,0,0,157548,98771,-0.2293,-4742,-98,31,28,59,58,1
1774105744,58,41,0,0,0,0,no_volume,0,0,0,0,low_activity,0,0,0,0,low_activity,0,0,0,0,0,0,157548,100904,-0.2192,-1500,-98,31,29,59,58,1
1774105745,58,41,0,0,0,0,no_volume,0,0,0,0,no_volume,0,0,0,0,low_activity,0,0,0,0,0,0,157548,133926,-0.081,-1500,-98,31,30,59,58,1
1774105746,58,41,0,0,0,0,no_volume,0,0,0,0,no_volume,0,0,0,0,low_activity,0,0,0,0,0,0,160792,113771,-0.1713,3244,3146,31,28,59,58,1
1774105747,58,41,0,0,0,0,no_volume,0,0,0,0,no_volume,0,0,0,0,low_activity,0,0,0,0,0,0,141088,131075,-0.0368,-16460,-16558,31,29,59,58,1
1774105748,58,41,0,0,0,0,no_volume,0,0,0,0,no_volume,0,0,0,0,low_activity,0,0,0,0,0,0,156088,134197,-0.0754,-1460,-1586,31,30,59,58,1
1774105749,58,41,0,0,0,0,no_volume,0,0,0,0,no_volume,0,0,0,0,low_activity,0,0,0,0,0,0,156088,134197,-0.0754,-4704,-2756,31,30,59,58,1
1774105750,58,41,0,0,0,0,no_volume,0,0,0,0,no_volume,0,0,0,0,low_activity,0,0,0,0,0,0,156088,134197,-0.0754,15000,-6202,31,30,59,58,1
1774105751,58,41,0,0,0,0,no_volume,0,0,0,0,no_volume,0,0,0,0,low_activity,0,0,0,0,0,0,159542,134197,-0.0863,3454,494,31,30,59,58,1
1774105752,58,41,0,0,0,0,low_activity,0,0,0,0,low_activity,0,0,0,0,low_activity,0,0,0,0,0,0,156297,134230,-0.076,209,-2751,31,30,59,58,1
1774105753,58,41,0,0,0,0,low_activity,0,0,0,0,low_activity,0,0,0,0,low_activity,0,0,0,0,0,0,157797,135730,-0.0752,1709,249,31,30,59,58,1
1774105754,58,41,0,0,0,0,low_activity,0,0,0,0,low_activity,0,0,0,0,low_activity,0,0,0,0,0,0,157797,118564,-0.142,-1745,249,31,29,59,58,1
1774105755,58,41,0,0,0,0,no_volume,0,0,0,0,low_activity,0,0,0,0,low_activity,0,0,0,0,0,0,157797,120697,-0.1332,1500,249,31,30,59,58,1
1774105756,58,41,0,0,0,0,low_activity,0,0,0,0,low_activity,0,0,0,0,low_activity,0,0,0,0,0,0,149784,117708,-0.1199,-8013,-11008,31,29,59,58,1
1774105757,58,41,0,0,0,0,low_activity,0,0,0,0,low_activity,0,0,0,0,low_activity,0,0,0,0,0,0,153028,102708,-0.1968,-4769,11940,31,28,59,58,1
1774105758,58,41,0,0,0,0,low_activity,0,0,0,0,low_activity,0,0,0,0,low_activity,0,0,0,0,0,0,149455,102708,-0.1854,-8342,-6633,31,29,59,58,1
1774105759,58,41,0,0,0,0,low_activity,0,0,0,0,low_activity,0,0,0,0,low_activity,0,0,0,0,0,0,149455,117708,-0.1188,-329,-6633,31,29,59,58,1
1774105760,58,41,0,0,0,0,low_activity,0,0,0,0,low_activity,0,0,0,0,low_activity,0,0,0,0,0,0,149336,124760,-0.0897,-3692,-6752,31,29,59,58,1
1774105761,58,41,0,0,0,0,low_activity,0,0,0,0,low_activity,0,0,0,0,low_activity,0,0,0,0,0,0,150586,123589,-0.0985,1131,-8956,31,29,59,58,1
1774105762,58,41,0,0,0,0,low_activity,0,0,0,0,low_activity,0,0,0,0,low_activity,0,0,0,0,0,0,150466,100447,-0.1993,1011,-5831,31,29,59,58,1
1774105763,58,41,0,0,0,0,no_volume,0,0,0,0,low_activity,0,0,0,0,low_activity,0,0,0,0,0,0,135256,115150,-0.0803,-14080,-22541,31,29,59,58,1
1774105764,58,41,0,0,0,0,no_volume,0,0,0,0,low_activity,0,0,0,0,low_activity,0,0,0,0,0,0,150256,115447,-0.131,-330,-7541,32,29,59,58,1
1774105765,58,41,0,0,0,0,no_volume,0,0,0,0,no_volume,0,0,0,0,low_activity,0,0,0,0,0,0,153716,115447,-0.1422,3250,-4081,32,30,59,58,1
1774105766,58,41,0,0,0,0,no_volume,0,0,0,0,no_volume,0,0,0,0,low_activity,0,0,0,0,0,0,150256,115447,-0.131,15000,472,31,29,59,58,1
1774105767,58,41,0,0,0,0,no_volume,0,0,0,0,no_volume,0,0,0,0,low_activity,0,0,0,0,0,0,149006,115447,-0.1269,-1250,-4022,31,29,59,58,1
1774105768,58,41,0,0,0,0,no_volume,0,0,0,0,no_volume,0,0,0,0,low_activity,0,0,0,0,0,0,152466,116947,-0.1318,-1250,3011,32,29,59,58,1
1774105769,58,41,0,0,0,0,no_volume,0,0,0,0,no_volume,0,0,0,0,low_activity,0,0,0,0,0,0,152466,117674,-0.1288,2210,3011,32,30,59,58,1
1774105770,58,41,0,0,0,0,no_volume,0,0,0,0,no_volume,0,0,0,0,low_activity,0,0,0,0,0,0,152467,117674,-0.1288,3461,3131,32,29,59,58,1
1774105771,58,41,0,0,0,0,no_volume,0,0,0,0,no_volume,0,0,0,0,low_activity,0,0,0,0,0,0,149007,117674,-0.1175,-3459,-1579,31,29,59,58,1
1774105772,58,41,0,0,0,0,no_volume,0,0,0,0,no_volume,0,0,0,0,low_activity,0,0,0,0,0,0,149007,117674,-0.1175,-3459,-1459,31,29,59,58,1
1774105773,58,41,0,0,0,0,no_volume,0,0,0,0,no_volume,0,0,0,0,low_activity,0,0,0,0,0,0,149007,117674,-0.1175,-3460,13751,31,29,59,58,1
1774105774,58,41,0,0,0,0,no_volume,0,0,0,0,no_volume,0,0,0,0,low_activity,0,0,0,0,0,0,134007,117674,-0.0649,-15000,-16249,31,29,59,58,1
1774105775,58,41,0,0,0,0,no_volume,0,0,0,0,no_volume,0,0,0,0,low_activity,0,0,0,0,0,0,149007,116174,-0.1238,0,-4709,32,30,59,58,1
1774105776,58,41,0,0,0,0,no_volume,0,0,0,0,no_volume,0,0,0,0,low_activity,0,0,0,0,0,0,149007,102674,-0.1841,0,-1249,31,29,59,58,1
1774105777,58,41,0,0,0,0,no_volume,0,0,0,0,no_volume,0,0,0,0,low_activity,0,0,0,0,0,0,151673,117674,-0.1262,17666,2667,31,29,59,58,1
1774105778,58,41,0,0,0,0,no_volume,0,0,0,0,no_volume,0,0,0,0,low_activity,0,0,0,0,0,0,151676,117665,-0.1263,2669,-790,31,30,59,58,1
1774105779,58,41,0,0,0,0,low_activity,0,0,0,0,low_activity,0,0,0,0,low_activity,0,0,0,0,0,0,151508,102504,-0.1929,2501,-958,31,30,59,58,1
1774105780,58,41,0,0,0,0,low_activity,0,0,0,0,low_activity,0,0,0,0,low_activity,0,0,0,0,0,0,154971,110525,-0.1674,3298,2504,32,29,59,58,1
1774105781,58,41,0,0,0,0,low_activity,0,0,0,0,low_activity,0,0,0,0,low_activity,0,0,0,0,0,0,151718,113844,-0.1426,42,2711,31,30,59,58,1
1774105782,58,41,0,0,0,0,no_volume,0,0,0,0,low_activity,0,0,0,0,low_activity,0,0,0,0,0,0,151718,113844,-0.1426,210,2711,31,30,59,58,1
1774105783,58,41,0,0,0,0,no_volume,0,0,0,0,low_activity,0,0,0,0,low_activity,0,0,0,0,0,0,151718,113844,-0.1426,-3253,2711,31,30,59,58,1
1774105784,58,41,0,0,0,0,no_volume,0,0,0,0,no_volume,0,0,0,0,low_activity,0,0,0,0,0,0,151718,113844,-0.1426,0,17711,31,30,59,58,1
1774105785,58,41,0,0,0,0,low_activity,0,0,0,0,low_activity,0,0,0,0,low_activity,0,0,0,0,0,0,151715,113844,-0.1426,-3,2708,31,30,59,58,1
1774105786,58,41,0,0,0,0,low_activity,0,0,0,0,low_activity,0,0,0,0,low_activity,0,0,0,0,0,0,151715,114054,-0.1417,-3,2708,31,30,59,58,1
1774105787,58,41,0,0,0,0,low_activity,0,0,0,0,low_activity,0,0,0,0,low_activity,0,0,0,0,0,0,151715,114054,-0.1417,-3,42,31,30,59,58,1
1774105788,58,41,0,0,0,0,low_activity,0,0,0,0,low_activity,0,0,0,0,low_activity,0,0,0,0,0,0,151699,114054,-0.1417,-16,23,31,30,59,58,1
1774105789,57,41,0,0,0,0,low_activity,0,0,0,0,low_activity,0,0,0,0,low_activity,0,0,0,0,0,0,151699,112554,-0.1481,-16,191,31,29,59,57,2
1774105790,57,42,0,0,0,0,low_activity,0,0,0,0,low_activity,0,0,0,0,low_activity,0,0,0,0,0,0,161245,115787,-0.1641,9530,6274,33,28,58,57,1
1774105791,57,42,0,0,0,0,no_volume,0,0,0,0,low_activity,0,0,0,0,low_activity,0,0,0,0,0,0,161278,116973,-0.1592,9579,9560,33,29,58,57,1
1774105792,57,42,0,0,0,0,no_volume,0,0,0,0,low_activity,0,0,0,0,low_activity,0,0,0,0,0,0,161278,119073,-0.1505,9579,9560,33,29,58,57,1
1774105793,57,42,0,0,0,0,no_volume,0,0,0,0,no_volume,0,0,0,0,low_activity,0,0,0,0,0,0,161200,116051,-0.1628,-45,9482,33,28,58,57,1
1774105794,57,42,0,0,0,0,no_volume,0,0,0,0,no_volume,0,0,0,0,low_activity,0,0,0,0,0,0,157191,119073,-0.138,-4087,5473,33,29,58,57,1
1774105795,57,42,0,0,0,0,no_volume,0,0,0,0,no_volume,0,0,0,0,low_activity,0,0,0,0,0,0,158411,119073,-0.1418,-2867,6696,33,29,58,57,1
1774105796,57,42,0,0,0,0,low_activity,0,0,0,0,low_activity,0,0,0,0,low_activity,0,0,0,0,0,0,158373,116051,-0.1542,-2827,6658,33,28,58,57,1
1774105797,57,42,0,0,0,0,low_activity,0,0,0,0,low_activity,0,0,0,0,low_activity,0,0,0,0,0,0,161395,126378,-0.1217,4204,9680,33,29,58,57,1
1774105798,57,42,0,0,0,0,low_activity,0,0,0,0,low_activity,0,0,0,0,low_activity,0,0,0,0,0,0,161395,126378,-0.1217,2984,9696,33,29,58,57,1
1774105799,57,42,0,0,0,0,low_activity,0,0,0,0,low_activity,0,0,0,0,low_activity,0,0,0,0,0,0,158198,123356,-0.1237,-175,6499,33,28,58,57,1
1774105800,57,42,0,0,0,0,low_activity,0,0,0,0,low_activity,0,0,0,0,low_activity,0,0,0,0,0,0,156971,124245,-0.1164,-4424,-4274,33,28,58,57,1
1774105801,57,42,0,0,0,0,low_activity,0,0,0,0,low_activity,0,0,0,0,low_activity,0,0,0,0,0,0,156793,126378,-0.1074,-4602,-4485,31,29,58,57,1
1774105802,57,42,0,0,0,0,low_activity,0,0,0,0,low_activity,0,0,0,0,low_activity,0,0,0,0,0,0,156793,126378,-0.1074,-1405,-4485,31,29,58,57,1
1774105803,57,42,0,0,0,0,no_volume,0,0,0,0,low_activity,0,0,0,0,low_activity,0,0,0,0,0,0,156961,124856,-0.1139,-10,-4239,31,28,58,57,1
1774105804,57,42,0,0,0,0,no_volume,0,0,0,0,low_activity,0,0,0,0,low_activity,0,0,0,0,0,0,156994,124856,-0.114,201,-197,31,28,58,57,1
1774105805,57,42,0,0,0,0,no_volume,0,0,0,0,no_volume,0,0,0,0,low_activity,0,0,0,0,0,0,162572,123356,-0.1372,5779,4161,31,28,58,57,1
1774105806,57,42,0,0,0,0,no_volume,0,0,0,0,no_volume,0,0,0,0,low_activity,0,0,0,0,0,0,162572,123356,-0.1372,5611,4199,31,28,58,57,1
1774105807,57,42,0,0,0,0,low_activity,0,0,0,0,low_activity,0,0,0,0,low_activity,0,0,0,0,0,0,162515,108356,-0.1999,5521,1120,31,28,58,57,1
1774105808,57,42,0,0,0,0,low_activity,0,0,0,0,low_activity,0,0,0,0,low_activity,0,0,0,0,0,0,162515,123356,-0.137,-57,1120,31,28,58,57,1
1774105809,57,42,0,0,0,0,low_activity,0,0,0,0,low_activity,0,0,0,0,low_activity,0,0,0,0,0,0,162515,123356,-0.137,-57,4317,31,28,58,57,1
1774105810,57,42,0,0,0,0,no_volume,0,0,0,0,low_activity,0,0,0,0,low_activity,0,0,0,0,0,0,162515,123356,-0.137,0,5544,31,28,58,57,1
1774105811,57,42,0,0,0,0,low_activity,0,0,0,0,low_activity,0,0,0,0,low_activity,0,0,0,0,0,0,162515,107962,-0.2017,0,5722,31,28,58,57,1
1774105812,57,42,0,0,0,0,low_activity,0,0,0,0,low_activity,0,0,0,0,low_activity,0,0,0,0,0,0,162515,122962,-0.1386,0,5722,31,28,58,57,1
1774105813,57,42,0,0,0,0,low_activity,0,0,0,0,low_activity,0,0,0,0,low_activity,0,0,0,0,0,0,162265,122962,-0.1378,-250,5304,31,29,58,57,1
1774105814,57,42,0,0,0,0,low_activity,0,0,0,0,low_activity,0,0,0,0,low_activity,0,0,0,0,0,0,67208,121985,0.2895,-95307,-89786,28,28,58,57,1
1774105815,57,41,0,0,0,0,low_activity,0,0,0,0,low_activity,0,0,0,0,low_activity,0,0,0,0,0,0,17548,70186,0.6,-144967,-145024,28,27,59,57,2
1774105816,58,40,0,0,0,0,low_activity,0,0,0,0,low_activity,0,0,0,0,low_activity,0,0,0,0,0,0,67779,107018,0.2245,-94486,-94793,30,28,60,58,2
1774105817,58,41,0,0,0,0,low_activity,0,0,0,0,low_activity,0,0,0,0,low_activity,0,0,0,0,0,0,21053,70186,0.5385,-46155,-141462,30,28,59,58,1
1774105818,58,41,0,0,0,0,low_activity,0,0,0,0,low_activity,0,0,0,0,low_activity,0,0,0,0,0,0,72587,121985,0.2539,55039,-89928,31,29,59,58,1
1774105819,58,40,0,0,0,0,low_activity,0,0,0,0,low_activity,0,0,0,0,low_activity,0,0,0,0,0,0,70420,106985,0.2061,2641,-92095,29,29,60,58,2
1774105820,58,41,0,0,0,0,low_activity,0,0,0,0,low_activity,0,0,0,0,low_activity,0,0,0,0,0,0,112813,125304,0.0525,91760,-49702,31,30,59,58,1
1774105821,57,42,0,0,0,0,no_volume,0,0,0,0,low_activity,0,0,0,0,low_activity,0,0,0,0,0,0,139565,125890,-0.0515,66978,-22950,31,29,58,57,1
1774105822,57,42,0,0,0,0,no_volume,0,0,0,0,low_activity,0,0,0,0,low_activity,0,0,0,0,0,0,139565,125890,-0.0515,69145,-22950,31,29,58,57,1
1774105823,57,42,0,0,0,0,no_volume,0,0,0,0,no_volume,0,0,0,0,low_activity,0,0,0,0,0,0,140341,125890,-0.0543,27528,-21924,30,29,58,57,1
1774105824,57,42,0,0,0,0,no_volume,0,0,0,0,no_volume,0,0,0,0,low_activity,0,0,0,0,0,0,140341,125890,-0.0543,776,73133,30,29,58,57,1
1774105825,57,42,0,0,0,0,no_volume,0,0,0,0,no_volume,0,0,0,0,low_activity,0,0,0,0,0,0,139985,122868,-0.0651,420,122437,30,28,58,57,1
1774105826,57,42,0,0,0,0,no_volume,0,0,0,0,no_volume,0,0,0,0,low_activity,0,0,0,0,0,0,143007,131385,-0.0424,2666,75228,30,29,58,57,1
1774105827,57,42,0,0,0,0,no_volume,0,0,0,0,no_volume,0,0,0,0,low_activity,0,0,0,0,0,0,143007,124080,-0.0709,2666,121954,30,29,58,57,1
1774105828,57,42,0,0,0,0,no_volume,0,0,0,0,no_volume,0,0,0,0,low_activity,0,0,0,0,0,0,143007,124080,-0.0709,3022,70420,30,29,58,57,1
1774105829,57,42,0,0,0,0,low_activity,0,0,0,0,low_activity,0,0,0,0,low_activity,0,0,0,0,0,0,142969,124113,-0.0706,-38,72549,30,29,58,57,1
1774105830,57,42,0,0,0,0,low_activity,0,0,0,0,low_activity,0,0,0,0,low_activity,0,0,0,0,0,0,142969,124113,-0.0706,-38,30156,30,29,58,57,1
1774105831,57,42,0,0,0,0,low_activity,0,0,0,0,low_activity,0,0,0,0,low_activity,0,0,0,0,0,0,139980,123058,-0.0643,-3027,415,30,28,58,57,1
1774105832,57,42,0,0,0,0,no_volume,0,0,0,0,low_activity,0,0,0,0,low_activity,0,0,0,0,0,0,143002,126080,-0.0629,33,3437,30,29,58,57,1
1774105833,57,42,0,0,0,0,no_volume,0,0,0,0,low_activity,0,0,0,0,low_activity,0,0,0,0,0,0,143002,126080,-0.0629,33,2661,30,29,58,57,1
1774105834,57,42,0,0,0,0,no_volume,0,0,0,0,no_volume,0,0,0,0,low_activity,0,0,0,0,0,0,139980,102869,-0.1528,0,-361,30,28,58,57,1
1774105835,57,42,0,0,0,0,no_volume,0,0,0,0,no_volume,0,0,0,0,low_activity,0,0,0,0,0,0,141528,134469,-0.0256,-1474,1543,30,29,58,57,1
1774105836,57,42,0,0,0,0,no_volume,0,0,0,0,no_volume,0,0,0,0,low_activity,0,0,0,0,0,0,141528,134469,-0.0256,-1474,-1479,30,29,58,57,1
1774105837,57,42,0,0,0,0,no_volume,0,0,0,0,no_volume,0,0,0,0,low_activity,0,0,0,0,0,0,141528,134469,-0.0256,1548,-1479,30,29,58,57,1
1774105838,57,42,0,0,0,0,no_volume,0,0,0,0,no_volume,0,0,0,0,low_activity,0,0,0,0,0,0,145740,137491,-0.0291,4212,2733,30,30,58,57,1
1774105839,57,42,0,0,0,0,low_activity,0,0,0,0,low_activity,0,0,0,0,low_activity,0,0,0,0,0,0,145715,137491,-0.029,4187,2746,30,30,58,57,1
1774105840,57,42,0,0,0,0,low_activity,0,0,0,0,low_activity,0,0,0,0,low_activity,0,0,0,0,0,0,142693,133769,-0.0323,1165,-276,30,29,58,57,1
1774105841,57,42,0,0,0,0,low_activity,0,0,0,0,low_activity,0,0,0,0,low_activity,0,0,0,0,0,0,142693,134470,-0.0297,-3047,2713,30,29,58,57,1
1774105842,57,42,0,0,0,0,no_volume,0,0,0,0,low_activity,0,0,0,0,low_activity,0,0,0,0,0,0,142693,132970,-0.0353,-3022,-309,30,29,58,57,1
1774105843,57,42,0,0,0,0,no_volume,0,0,0,0,low_activity,0,0,0,0,low_activity,0,0,0,0,0,0,104461,132673,0.119,-38232,-38541,30,29,58,57,1
1774105844,57,42,0,0,0,0,no_volume,0,0,0,0,no_volume,0,0,0,0,low_activity,0,0,0,0,0,0,72515,137482,0.3094,-70178,-67465,30,29,58,57,1
1774105845,57,41,0,0,0,0,no_volume,0,0,0,0,no_volume,0,0,0,0,low_activity,0,0,0,0,0,0,72414,122449,0.2568,-70279,-69114,29,28,59,57,2
1774105846,57,41,0,0,0,0,low_activity,0,0,0,0,low_activity,0,0,0,0,low_activity,0,0,0,0,0,0,75521,129035,0.2616,-28940,-66007,30,27,59,57,2
1774105847,57,41,0,0,0,0,low_activity,0,0,0,0,low_activity,0,0,0,0,low_activity,0,0,0,0,0,0,75598,129038,0.2611,3083,-65930,31,28,59,57,2
1774105848,57,42,0,0,0,0,low_activity,0,0,0,0,low_activity,0,0,0,0,low_activity,0,0,0,0,0,0,75667,129038,0.2607,3253,-70073,30,28,58,57,1
1774105849,57,40,0,0,0,0,no_volume,0,0,0,0,low_activity,0,0,0,0,low_activity,0,0,0,0,0,0,67494,129038,0.3132,-8027,-78221,28,28,60,57,3
1774105850,57,42,0,0,0,0,no_volume,0,0,0,0,low_activity,0,0,0,0,low_activity,0,0,0,0,0,0,67039,114038,0.2596,-8559,-75654,30,28,58,57,1
1774105851,57,40,0,0,0,0,no_volume,0,0,0,0,no_volume,0,0,0,0,low_activity,0,0,0,0,0,0,72439,129038,0.2809,-3228,-70254,28,28,60,57,3
1774105852,57,42,0,0,0,0,no_volume,0,0,0,0,no_volume,0,0,0,0,low_activity,0,0,0,0,0,0,75508,129031,0.2617,8014,-67185,30,28,58,57,1
1774105853,58,41,0,0,0,0,no_volume,0,0,0,0,no_volume,0,0,0,0,low_activity,0,0,0,0,0,0,53214,129049,0.4161,-13825,-51247,30,30,59,58,1
1774105854,58,41,0,0,0,0,no_volume,0,0,0,0,no_volume,0,0,0,0,low_activity,0,0,0,0,0,0,75472,129049,0.262,3033,2957,29,29,59,58,1
1774105855,58,41,0,0,0,0,low_activity,0,0,0,0,low_activity,0,0,0,0,low_activity,0,0,0,0,0,0,64813,144049,0.3794,-10695,-7601,30,29,59,58,1
1774105856,58,41,0,0,0,0,low_activity,0,0,0,0,low_activity,0,0,0,0,low_activity,0,0,0,0,0,0,71507,145312,0.3404,18293,-4014,30,32,59,58,1
1774105857,57,42,0,0,0,0,low_activity,0,0,0,0,low_activity,0,0,0,0,low_activity,0,0,0,0,0,0,130574,141887,0.0415,55102,54976,33,29,58,57,1
1774105858,57,42,0,0,0,0,low_activity,0,0,0,0,low_activity,0,0,0,0,low_activity,0,0,0,0,0,0,127215,138865,0.0438,62402,51548,31,30,58,57,1
1774105859,57,42,0,0,0,0,low_activity,0,0,0,0,low_activity,0,0,0,0,low_activity,0,0,0,0,0,0,124053,139599,0.059,52546,56559,30,30,58,57,1
1774105860,57,42,0,0,0,0,low_activity,0,0,0,0,low_activity,0,0,0,0,low_activity,0,0,0,0,0,0,128106,142581,0.0535,-2468,61067,30,29,58,57,1
1774105861,57,42,0,0,0,0,low_activity,0,0,0,0,low_activity,0,0,0,0,low_activity,0,0,0,0,0,0,125078,145058,0.074,-2137,52639,30,30,58,57,1
1774105862,57,42,0,0,0,0,no_volume,0,0,0,0,low_activity,0,0,0,0,low_activity,0,0,0,0,0,0,125078,144761,0.0729,1025,49570,30,28,58,57,1
1774105863,57,42,0,0,0,0,no_volume,0,0,0,0,low_activity,0,0,0,0,low_activity,0,0,0,0,0,0,136351,146261,0.0351,8245,83137,30,29,58,57,1
1774105864,57,42,0,0,0,0,no_volume,0,0,0,0,no_volume,0,0,0,0,low_activity,0,0,0,0,0,0,138054,139672,0.0058,12976,62582,30,29,58,57,1
1774105865,57,42,0,0,0,0,no_volume,0,0,0,0,no_volume,0,0,0,0,low_activity,0,0,0,0,0,0,137631,124672,-0.0494,12553,72818,30,27,58,57,1
1774105866,57,42,0,0,0,0,no_volume,0,0,0,0,no_volume,0,0,0,0,low_activity,0,0,0,0,0,0,138496,124672,-0.0525,2145,66989,30,28,58,57,1
1774105867,57,42,0,0,0,0,no_volume,0,0,0,0,no_volume,0,0,0,0,low_activity,0,0,0,0,0,0,138496,124672,-0.0525,442,7922,30,29,58,57,1
1774105868,57,42,0,0,0,0,low_activity,0,0,0,0,low_activity,0,0,0,0,low_activity,0,0,0,0,0,0,137996,124672,-0.0507,365,10781,30,28,58,57,1
1774105869,57,42,0,0,0,0,low_activity,0,0,0,0,low_activity,0,0,0,0,low_activity,0,0,0,0,0,0,138862,124672,-0.0538,366,14809,32,28,58,57,1
1774105870,57,42,0,0,0,0,low_activity,0,0,0,0,low_activity,0,0,0,0,low_activity,0,0,0,0,0,0,142018,124672,-0.065,3522,13912,33,28,58,57,1
1774105871,57,42,0,0,0,0,no_volume,0,0,0,0,low_activity,0,0,0,0,low_activity,0,0,0,0,0,0,138925,124672,-0.0541,929,13847,32,28,58,57,1
1774105872,57,42,0,0,0,0,low_activity,0,0,0,0,low_activity,0,0,0,0,low_activity,0,0,0,0,0,0,138639,124705,-0.0529,-223,13561,30,28,58,57,1
1774105873,57,42,0,0,0,0,low_activity,0,0,0,0,low_activity,0,0,0,0,low_activity,0,0,0,0,0,0,138639,124672,-0.053,-3379,2288,30,28,58,57,1
1774105874,57,42,0,0,0,0,low_activity,0,0,0,0,low_activity,0,0,0,0,low_activity,0,0,0,0,0,0,136559,124672,-0.0455,-2366,-1495,30,28,58,57,1
1774105875,57,42,0,0,0,0,no_volume,0,0,0,0,low_activity,0,0,0,0,low_activity,0,0,0,0,0,0,136559,124672,-0.0455,-2080,-1072,30,28,58,57,1
1774105876,57,42,0,0,0,0,low_activity,0,0,0,0,low_activity,0,0,0,0,low_activity,0,0,0,0,0,0,138498,124705,-0.0524,-141,2,31,27,58,57,1
1774105877,57,42,0,0,0,0,low_activity,0,0,0,0,low_activity,0,0,0,0,low_activity,0,0,0,0,0,0,134309,124672,-0.0372,-2250,-4187,30,27,58,57,1
1774105878,57,42,0,0,0,0,low_activity,0,0,0,0,low_activity,0,0,0,0,low_activity,0,0,0,0,0,0,136434,109672,-0.1087,-125,-1562,31,28,58,57,1
1774105879,57,42,0,0,0,0,low_activity,0,0,0,0,low_activity,0,0,0,0,low_activity,0,0,0,0,0,0,138490,124672,-0.0525,-8,-372,31,28,58,57,1
1774105880,57,42,0,0,0,0,no_volume,0,0,0,0,low_activity,0,0,0,0,low_activity,0,0,0,0,0,0,139110,109672,-0.1183,4801,-2908,31,28,58,57,1
1774105881,57,42,0,0,0,0,low_activity,0,0,0,0,low_activity,0,0,0,0,low_activity,0,0,0,0,0,0,139210,109672,-0.1187,2776,285,30,28,58,57,1
1774105882,57,42,0,0,0,0,low_activity,0,0,0,0,low_activity,0,0,0,0,low_activity,0,0,0,0,0,0,141266,108172,-0.1327,2776,2627,30,28,58,57,1
1774105883,57,42,0,0,0,0,low_activity,0,0,0,0,low_activity,0,0,0,0,low_activity,0,0,0,0,0,0,139210,108172,-0.1255,100,571,30,27,58,57,1
1774105884,57,42,0,0,0,0,no_volume,0,0,0,0,low_activity,0,0,0,0,low_activity,0,0,0,0,0,0,139210,123172,-0.0611,0,2651,30,28,58,57,1
1774105885,57,42,0,0,0,0,no_volume,0,0,0,0,low_activity,0,0,0,0,low_activity,0,0,0,0,0,0,141266,123172,-0.0684,0,4707,30,28,58,57,1
1774105886,57,42,0,0,0,0,no_volume,0,0,0,0,no_volume,0,0,0,0,low_activity,0,0,0,0,0,0,139210,123272,-0.0607,0,712,30,28,58,57,1
1774105887,57,42,0,0,0,0,no_volume,0,0,0,0,no_volume,0,0,0,0,low_activity,0,0,0,0,0,0,139210,123272,-0.0607,0,4901,30,28,58,57,1
1774105888,57,42,0,0,0,0,low_activity,0,0,0,0,low_activity,0,0,0,0,low_activity,0,0,0,0,0,0,139205,123272,-0.0607,-2061,2771,30,28,58,57,1
1774105889,57,42,0,0,0,0,low_activity,0,0,0,0,low_activity,0,0,0,0,low_activity,0,0,0,0,0,0,139206,123272,-0.0607,-4,716,30,28,58,57,1
1774105890,57,42,0,0,0,0,low_activity,0,0,0,0,low_activity,0,0,0,0,low_activity,0,0,0,0,0,0,139206,123272,-0.0607,-4,96,30,28,58,57,1
1774105891,57,42,0,0,0,0,no_volume,0,0,0,0,low_activity,0,0,0,0,low_activity,0,0,0,0,0,0,139211,123272,-0.0607,6,1,30,29,58,57,1
1774105892,57,42,0,0,0,0,no_volume,0,0,0,0,low_activity,0,0,0,0,low_activity,0,0,0,0,0,0,139211,123272,-0.0607,5,-2055,30,29,58,57,1
1774105893,57,42,0,0,0,0,no_volume,0,0,0,0,no_volume,0,0,0,0,low_activity,0,0,0,0,0,0,140401,123272,-0.065,1195,1191,30,29,58,57,1
1774105894,57,42,0,0,0,0,no_volume,0,0,0,0,no_volume,0,0,0,0,low_activity,0,0,0,0,0,0,140400,124772,-0.0589,1189,1190,30,27,58,57,1
1774105895,57,42,0,0,0,0,no_volume,0,0,0,0,no_volume,0,0,0,0,low_activity,0,0,0,0,0,0,140400,123272,-0.065,1189,-866,30,28,58,57,1
1774105896,57,42,0,0,0,0,no_volume,0,0,0,0,no_volume,0,0,0,0,low_activity,0,0,0,0,0,0,140400,123272,-0.065,-1,1190,30,28,58,57,1
1774105897,57,42,0,0,0,0,no_volume,0,0,0,0,no_volume,0,0,0,0,low_activity,0,0,0,0,0,0,140400,123272,-0.065,0,1190,30,28,58,57,1
1774105898,57,42,0,0,0,0,low_activity,0,0,0,0,low_activity,0,0,0,0,low_activity,0,0,0,0,0,0,140351,123272,-0.0648,-49,1146,30,28,58,57,1
1774105899,57,42,0,0,0,0,low_activity,0,0,0,0,low_activity,0,0,0,0,low_activity,0,0,0,0,0,0,140351,123272,-0.0648,-49,1145,30,29,58,57,1
1774105900,57,42,0,0,0,0,low_activity,0,0,0,0,low_activity,0,0,0,0,low_activity,0,0,0,0,0,0,143017,123272,-0.0741,2617,3811,30,27,58,57,1
1774105901,57,42,0,0,0,0,low_activity,0,0,0,0,low_activity,0,0,0,0,low_activity,0,0,0,0,0,0,141812,123272,-0.0699,1461,2601,30,29,58,57,1
1774105902,57,42,0,0,0,0,low_activity,0,0,0,0,low_activity,0,0,0,0,low_activity,0,0,0,0,0,0,141812,108272,-0.1341,1461,2601,30,27,58,57,1
1774105903,57,42,0,0,0,0,low_activity,0,0,0,0,low_activity,0,0,0,0,low_activity,0,0,0,0,0,0,141812,123272,-0.0699,-1205,1411,30,28,58,57,1
1774105904,57,42,0,0,0,0,no_volume,0,0,0,0,low_activity,0,0,0,0,low_activity,0,0,0,0,0,0,141812,123272,-0.0699,0,1412,30,28,58,57,1
1774105905,57,42,0,0,0,0,low_activity,0,0,0,0,low_activity,0,0,0,0,low_activity,0,0,0,0,0,0,134146,123305,-0.0421,-7666,-6254,30,28,58,57,1
1774105906,57,42,0,0,0,0,low_activity,0,0,0,0,low_activity,0,0,0,0,low_activity,0,0,0,0,0,0,136706,123272,-0.0517,-5106,-3694,31,28,58,57,1
1774105907,57,42,0,0,0,0,low_activity,0,0,0,0,low_activity,0,0,0,0,low_activity,0,0,0,0,0,0,136700,108272,-0.116,-5112,-3700,31,27,58,57,1
1774105908,57,42,0,0,0,0,no_volume,0,0,0,0,low_activity,0,0,0,0,low_activity,0,0,0,0,0,0,136700,123272,-0.0517,2554,-3651,31,28,58,57,1
1774105909,57,42,0,0,0,0,low_activity,0,0,0,0,low_activity,0,0,0,0,low_activity,0,0,0,0,0,0,136675,117773,-0.0743,-31,-3676,31,28,58,57,1
1774105910,57,42,0,0,0,0,low_activity,0,0,0,0,low_activity,0,0,0,0,low_activity,0,0,0,0,0,0,136675,117773,-0.0743,-25,-6342,31,29,58,57,1
1774105911,57,42,0,0,0,0,low_activity,0,0,0,0,low_activity,0,0,0,0,low_activity,0,0,0,0,0,0,136675,117773,-0.0743,-25,-5137,31,28,58,57,1
1774105912,57,42,0,0,0,0,no_volume,0,0,0,0,low_activity,0,0,0,0,low_activity,0,0,0,0,0,0,136787,117773,-0.0747,112,-5025,30,28,58,57,1
1774105913,57,42,0,0,0,0,no_volume,0,0,0,0,low_activity,0,0,0,0,low_activity,0,0,0,0,0,0,136787,117773,-0.0747,112,-5025,30,28,58,57,1
1774105914,57,42,0,0,0,0,no_volume,0,0,0,0,no_volume,0,0,0,0,low_activity,0,0,0,0,0,0,139943,117773,-0.086,3268,-1869,30,29,58,57,1
1774105915,57,42,0,0,0,0,no_volume,0,0,0,0,no_volume,0,0,0,0,low_activity,0,0,0,0,0,0,139943,117773,-0.086,3156,5797,30,28,58,57,1
1774105916,57,42,0,0,0,0,no_volume,0,0,0,0,no_volume,0,0,0,0,low_activity,0,0,0,0,0,0,139943,121092,-0.0722,3156,3237,30,31,58,57,1
1774105917,57,42,0,0,0,0,no_volume,0,0,0,0,no_volume,0,0,0,0,low_activity,0,0,0,0,0,0,142959,121092,-0.0828,3016,6259,30,31,58,57,1
1774105918,57,42,0,0,0,0,low_activity,0,0,0,0,low_activity,0,0,0,0,low_activity,0,0,0,0,0,0,141912,117773,-0.093,1969,5212,30,28,58,57,1
1774105919,57,42,0,0,0,0,low_activity,0,0,0,0,low_activity,0,0,0,0,low_activity,0,0,0,0,0,0,144924,121092,-0.0896,4981,8249,29,29,58,57,1
1774105920,57,42,0,0,0,0,low_activity,0,0,0,0,low_activity,0,0,0,0,low_activity,0,0,0,0,0,0,133401,65988,-0.3381,-9558,-3274,29,28,58,57,1
1774105921,57,42,0,0,0,0,no_volume,0,0,0,0,low_activity,0,0,0,0,low_activity,0,0,0,0,0,0,133384,65971,-0.3382,-8528,-3291,29,29,58,57,1
1774105922,57,42,0,0,0,0,low_activity,0,0,0,0,low_activity,0,0,0,0,low_activity,0,0,0,0,0,0,133374,66004,-0.3379,-11550,-3413,29,29,58,57,1
1774105923,57,42,0,0,0,0,low_activity,0,0,0,0,low_activity,0,0,0,0,low_activity,0,0,0,0,0,0,133388,66014,-0.3379,-13,-3399,29,30,58,57,1
1774105924,57,42,0,0,0,0,low_activity,0,0,0,0,low_activity,0,0,0,0,low_activity,0,0,0,0,0,0,132198,51014,-0.4431,-1186,-7745,29,29,58,57,1
1774105925,57,42,0,0,0,0,low_activity,0,0,0,0,low_activity,0,0,0,0,low_activity,0,0,0,0,0,0,132197,66014,-0.3339,-1177,-7746,29,30,58,57,1
1774105926,57,42,0,0,0,0,low_activity,0,0,0,0,low_activity,0,0,0,0,low_activity,0,0,0,0,0,0,132197,66014,-0.3339,-1191,-7746,29,29,58,57,1
1774105927,57,42,0,0,0,0,low_activity,0,0,0,0,low_activity,0,0,0,0,low_activity,0,0,0,0,0,0,132197,66014,-0.3339,-1,-10762,29,30,58,57,1
1774105928,57,42,0,0,0,0,no_volume,0,0,0,0,low_activity,0,0,0,0,low_activity,0,0,0,0,0,0,133697,66325,-0.3368,1500,-8215,29,29,58,57,1
1774105929,57,42,0,0,0,0,no_volume,0,0,0,0,low_activity,0,0,0,0,low_activity,0,0,0,0,0,0,133722,66325,-0.3369,1525,-11202,29,29,58,57,1
1774105930,56,43,0,0,0,0,low_activity,0,0,0,0,low_activity,0,0,0,0,low_activity,0,0,0,0,0,0,141120,64735,-0.3711,8923,7719,30,27,57,56,1
1774105931,56,43,0,0,0,0,low_activity,0,0,0,0,low_activity,0,0,0,0,low_activity,0,0,0,0,0,0,146081,64702,-0.3861,12384,12697,30,27,57,56,1
1774105932,56,43,0,0,0,0,low_activity,0,0,0,0,low_activity,0,0,0,0,low_activity,0,0,0,0,0,0,146082,64728,-0.3859,12360,12708,30,25,57,56,1
1774105933,56,43,0,0,0,0,no_volume,0,0,0,0,low_activity,0,0,0,0,low_activity,0,0,0,0,0,0,146082,64728,-0.3859,4962,12694,30,27,57,56,1
1774105934,55,44,0,0,0,0,low_activity,0,0,0,0,low_activity,0,0,0,0,low_activity,0,0,0,0,0,0,146029,64644,-0.3863,-52,13831,30,27,56,55,1
1774105935,55,44,0,0,0,0,low_activity,0,0,0,0,low_activity,0,0,0,0,low_activity,0,0,0,0,0,0,145905,49614,-0.4925,-177,13708,30,25,56,55,1
1774105936,55,44,0,0,0,0,low_activity,0,0,0,0,low_activity,0,0,0,0,low_activity,0,0,0,0,0,0,145895,64621,-0.3861,-187,13698,30,27,56,55,1
1774105937,55,44,0,0,0,0,no_volume,0,0,0,0,low_activity,0,0,0,0,low_activity,0,0,0,0,0,0,145878,49594,-0.4926,-151,13681,30,26,56,55,1
1774105938,55,44,0,0,0,0,no_volume,0,0,0,0,low_activity,0,0,0,0,low_activity,0,0,0,0,0,0,145841,64621,-0.3859,-64,12144,30,28,56,55,1
1774105939,55,44,0,0,0,0,no_volume,0,0,0,0,no_volume,0,0,0,0,low_activity,0,0,0,0,0,0,145848,49621,-0.4923,-47,12126,30,27,56,55,1
1774105940,55,44,0,0,0,0,no_volume,0,0,0,0,no_volume,0,0,0,0,low_activity,0,0,0,0,0,0,145848,64621,-0.3859,-30,4728,30,28,56,55,1
1774105941,55,44,0,0,0,0,no_volume,0,0,0,0,no_volume,0,0,0,0,low_activity,0,0,0,0,0,0,145848,64621,-0.3859,7,-233,30,27,56,55,1
1774105942,55,44,0,0,0,0,no_volume,0,0,0,0,no_volume,0,0,0,0,low_activity,0,0,0,0,0,0,145894,64614,-0.3861,46,-188,30,27,56,55,1
1774105943,55,44,0,0,0,0,no_volume,0,0,0,0,no_volume,0,0,0,0,low_activity,0,0,0,0,0,0,145894,64614,-0.3861,46,-188,30,27,56,55,1
1774105944,55,44,0,0,0,0,no_volume,0,0,0,0,no_volume,0,0,0,0,low_activity,0,0,0,0,0,0,145894,64614,-0.3861,46,-135,30,27,56,55,1
1774105945,55,44,0,0,0,0,no_volume,0,0,0,0,no_volume,0,0,0,0,low_activity,0,0,0,0,0,0,145871,49621,-0.4923,-23,-34,30,26,56,55,1
1774105946,55,44,0,0,0,0,no_volume,0,0,0,0,no_volume,0,0,0,0,low_activity,0,0,0,0,0,0,145874,64621,-0.386,-20,-21,30,27,56,55,1
1774105947,55,44,0,0,0,0,low_activity,0,0,0,0,low_activity,0,0,0,0,low_activity,0,0,0,0,0,0,145868,64621,-0.386,-26,-10,30,26,56,55,1
1774105948,55,44,0,0,0,0,low_activity,0,0,0,0,low_activity,0,0,0,0,low_activity,0,0,0,0,0,0,145868,49621,-0.4923,-3,27,30,27,56,55,1
1774105949,55,44,0,0,0,0,low_activity,0,0,0,0,low_activity,0,0,0,0,low_activity,0,0,0,0,0,0,145868,64621,-0.386,-6,20,30,27,56,55,1
1774105950,55,44,0,0,0,0,no_volume,0,0,0,0,low_activity,0,0,0,0,low_activity,0,0,0,0,0,0,145868,64621,-0.386,0,20,30,28,56,55,1
1774105951,55,44,0,0,0,0,no_volume,0,0,0,0,low_activity,0,0,0,0,low_activity,0,0,0,0,0,0,138925,64621,-0.365,-6943,-6923,30,27,56,55,1
1774105952,55,44,0,0,0,0,no_volume,0,0,0,0,no_volume,0,0,0,0,low_activity,0,0,0,0,0,0,138925,64621,-0.365,-6943,-6969,30,28,56,55,1
1774105953,55,44,0,0,0,0,no_volume,0,0,0,0,no_volume,0,0,0,0,low_activity,0,0,0,0,0,0,138925,49628,-0.4736,-6943,-6969,30,28,56,55,1
1774105954,55,44,0,0,0,0,low_activity,0,0,0,0,low_activity,0,0,0,0,low_activity,0,0,0,0,0,0,138904,64621,-0.365,-21,-6990,30,27,56,55,1
1774105955,55,44,0,0,0,0,low_activity,0,0,0,0,low_activity,0,0,0,0,low_activity,0,0,0,0,0,0,140414,66121,-0.3597,1489,-5457,30,26,56,55,1
1774105956,55,44,0,0,0,0,low_activity,0,0,0,0,low_activity,0,0,0,0,low_activity,0,0,0,0,0,0,140430,66121,-0.3598,1505,-5444,30,28,56,55,1
1774105957,55,44,0,0,0,0,low_activity,0,0,0,0,low_activity,0,0,0,0,low_activity,0,0,0,0,0,0,140241,66121,-0.3592,1337,-5627,30,28,56,55,1
1774105958,55,44,0,0,0,0,low_activity,0,0,0,0,low_activity,0,0,0,0,low_activity,0,0,0,0,0,0,140146,64621,-0.3688,-268,-5722,30,27,56,55,1
1774105959,55,44,0,0,0,0,low_activity,0,0,0,0,low_activity,0,0,0,0,low_activity,0,0,0,0,0,0,142812,64621,-0.3769,2382,-3056,30,27,56,55,1
1774105960,55,44,0,0,0,0,low_activity,0,0,0,0,low_activity,0,0,0,0,low_activity,0,0,0,0,0,0,142812,64621,-0.3769,2571,-3056,30,27,56,55,1
1774105961,55,44,0,0,0,0,low_activity,0,0,0,0,low_activity,0,0,0,0,low_activity,0,0,0,0,0,0,140023,49412,-0.4783,-123,1098,30,27,56,55,1
1774105962,55,44,0,0,0,0,low_activity,0,0,0,0,low_activity,0,0,0,0,low_activity,0,0,0,0,0,0,140023,49412,-0.4783,-2789,1098,30,26,56,55,1
1774105963,55,44,0,0,0,0,low_activity,0,0,0,0,low_activity,0,0,0,0,low_activity,0,0,0,0,0,0,138523,64412,-0.3652,-4289,-402,30,26,56,55,1
1774105964,55,44,0,0,0,0,no_volume,0,0,0,0,low_activity,0,0,0,0,low_activity,0,0,0,0,0,0,138523,64412,-0.3652,-1500,-381,30,27,56,55,1
1774105965,55,44,0,0,0,0,no_volume,0,0,0,0,low_activity,0,0,0,0,low_activity,0,0,0,0,0,0,138523,64412,-0.3652,-1500,-1891,30,26,56,55,1
1774105966,55,44,0,0,0,0,no_volume,0,0,0,0,no_volume,0,0,0,0,low_activity,0,0,0,0,0,0,138523,64405,-0.3652,0,-1907,30,27,56,55,1
1774105967,55,44,0,0,0,0,no_volume,0,0,0,0,no_volume,0,0,0,0,low_activity,0,0,0,0,0,0,138523,64405,-0.3652,0,-1718,30,26,56,55,1
1774105968,55,44,0,0,0,0,no_volume,0,0,0,0,no_volume,0,0,0,0,low_activity,0,0,0,0,0,0,138453,64405,-0.365,-70,-1693,30,27,56,55,1
1774105969,55,44,0,0,0,0,no_volume,0,0,0,0,no_volume,0,0,0,0,low_activity,0,0,0,0,0,0,107101,70953,-0.203,-31422,-35711,29,27,56,55,1
1774105970,55,44,0,0,0,0,no_volume,0,0,0,0,no_volume,0,0,0,0,low_activity,0,0,0,0,0,0,109771,71967,-0.208,-28752,-33041,29,28,56,55,1
1774105971,55,44,0,0,0,0,no_volume,0,0,0,0,no_volume,0,0,0,0,low_activity,0,0,0,0,0,0,109771,72044,-0.2075,-28682,-30252,29,27,56,55,1
1774105972,55,44,0,0,0,0,no_volume,0,0,0,0,no_volume,0,0,0,0,low_activity,0,0,0,0,0,0,109781,57044,-0.3161,2680,-30242,29,26,56,55,1
1774105973,55,44,0,0,0,0,no_volume,0,0,0,0,no_volume,0,0,0,0,low_activity,0,0,0,0,0,0,109781,79127,-0.1623,10,-28742,29,28,56,55,1
1774105974,55,44,0,0,0,0,no_volume,0,0,0,0,no_volume,0,0,0,0,low_activity,0,0,0,0,0,0,109781,86156,-0.1206,10,-28742,29,29,56,55,1
1774105975,55,44,0,0,0,0,no_volume,0,0,0,0,no_volume,0,0,0,0,low_activity,0,0,0,0,0,0,109781,72126,-0.207,0,-28742,29,28,56,55,1
1774105976,55,44,0,0,0,0,no_volume,0,0,0,0,no_volume,0,0,0,0,low_activity,0,0,0,0,0,0,109791,108404,-0.0064,10,-28732,29,28,56,55,1
1774105977,55,44,0,0,0,0,no_volume,0,0,0,0,no_volume,0,0,0,0,low_activity,0,0,0,0,0,0,109791,108404,-0.0064,10,-28732,29,28,56,55,1
1774105978,55,44,0,0,0,0,no_volume,0,0,0,0,no_volume,0,0,0,0,low_activity,0,0,0,0,0,0,109791,108404,-0.0064,10,-28662,29,28,56,55,1
1774105979,55,44,0,0,0,0,no_volume,0,0,0,0,no_volume,0,0,0,0,low_activity,0,0,0,0,0,0,109791,108404,-0.0064,0,2690,29,29,56,55,1
1774105980,55,44,0,0,0,0,no_volume,0,0,0,0,no_volume,0,0,0,0,low_activity,0,0,0,0,0,0,108678,93404,-0.0756,-1113,-1093,30,28,56,55,1
1774105981,55,44,0,0,0,0,low_activity,0,0,0,0,low_activity,0,0,0,0,low_activity,0,0,0,0,0,0,109814,108504,-0.006,23,43,30,28,56,55,1
1774105982,55,44,0,0,0,0,low_activity,0,0,0,0,low_activity,0,0,0,0,low_activity,0,0,0,0,0,0,112480,108471,-0.0181,2689,2699,30,28,56,55,1
1774105983,55,44,0,0,0,0,low_activity,0,0,0,0,low_activity,0,0,0,0,low_activity,0,0,0,0,0,0,112480,108471,-0.0181,3802,2699,30,28,56,55,1
1774105984,55,44,0,0,0,0,no_volume,0,0,0,0,low_activity,0,0,0,0,low_activity,0,0,0,0,0,0,136049,136010,-0.0001,26235,26268,31,28,56,55,1
1774105985,55,44,0,0,0,0,no_volume,0,0,0,0,low_activity,0,0,0,0,low_activity,0,0,0,0,0,0,141285,138384,-0.0104,28805,31504,30,28,56,55,1
1774105986,55,44,0,0,0,0,no_volume,0,0,0,0,no_volume,0,0,0,0,low_activity,0,0,0,0,0,0,141285,123384,-0.0676,28805,31494,30,29,56,55,1
1774105987,55,44,0,0,0,0,no_volume,0,0,0,0,no_volume,0,0,0,0,low_activity,0,0,0,0,0,0,150126,131473,-0.0662,14077,40335,31,29,56,55,1
1774105988,55,44,0,0,0,0,low_activity,0,0,0,0,low_activity,0,0,0,0,low_activity,0,0,0,0,0,0,150123,131506,-0.0661,8838,40332,31,29,56,55,1
1774105989,55,44,0,0,0,0,low_activity,0,0,0,0,low_activity,0,0,0,0,low_activity,0,0,0,0,0,0,148060,128451,-0.0709,6775,38269,30,28,56,55,1
1774105990,55,44,0,0,0,0,low_activity,0,0,0,0,low_activity,0,0,0,0,low_activity,0,0,0,0,0,0,150116,131473,-0.0662,-10,41438,31,29,56,55,1
1774105991,55,44,0,0,0,0,no_volume,0,0,0,0,low_activity,0,0,0,0,low_activity,0,0,0,0,0,0,150116,131473,-0.0662,-7,40302,31,29,56,55,1
1774105992,55,44,0,0,0,0,no_volume,0,0,0,0,low_activity,0,0,0,0,low_activity,0,0,0,0,0,0,150116,131473,-0.0662,2056,37636,31,29,56,55,1
1774105993,55,44,0,0,0,0,low_activity,0,0,0,0,low_activity,0,0,0,0,low_activity,0,0,0,0,0,0,150099,131506,-0.066,-17,37619,32,29,56,55,1
1774105994,55,44,0,0,0,0,low_activity,0,0,0,0,low_activity,0,0,0,0,low_activity,0,0,0,0,0,0,150099,131506,-0.066,-17,14050,32,29,56,55,1
1774105995,55,44,0,0,0,0,low_activity,0,0,0,0,low_activity,0,0,0,0,low_activity,0,0,0,0,0,0,149122,128451,-0.0745,-994,7837,30,28,56,55,1
1774105996,55,44,0,0,0,0,low_activity,0,0,0,0,low_activity,0,0,0,0,low_activity,0,0,0,0,0,0,149694,146473,-0.0109,-405,8409,31,28,56,55,1
1774105997,55,44,0,0,0,0,low_activity,0,0,0,0,low_activity,0,0,0,0,low_activity,0,0,0,0,0,0,149904,146473,-0.0116,-195,-222,32,28,56,55,1
1774105998,55,44,0,0,0,0,low_activity,0,0,0,0,low_activity,0,0,0,0,low_activity,0,0,0,0,0,0,153137,138055,-0.0518,4015,3014,31,29,56,55,1
1774105999,55,44,0,0,0,0,no_volume,0,0,0,0,low_activity,0,0,0,0,low_activity,0,0,0,0,0,0,154067,141077,-0.044,4373,6007,31,28,56,55,1
1774106000,55,44,0,0,0,0,low_activity,0,0,0,0,low_activity,0,0,0,0,low_activity,0,0,0,0,0,0,155983,141077,-0.0502,6079,5867,31,28,56,55,1
1774106001,55,44,0,0,0,0,low_activity,0,0,0,0,low_activity,0,0,0,0,low_activity,0,0,0,0,0,0,149682,137361,-0.0429,-3455,-434,30,29,56,55,1
1774106002,55,44,0,0,0,0,low_activity,0,0,0,0,low_activity,0,0,0,0,low_activity,0,0,0,0,0,0,150252,133105,-0.0605,-3815,136,30,28,56,55,1
1774106003,55,44,0,0,0,0,low_activity,0,0,0,0,low_activity,0,0,0,0,low_activity,0,0,0,0,0,0,151752,139345,-0.0426,-4231,1653,30,28,56,55,1
1774106004,55,44,0,0,0,0,no_volume,0,0,0,0,low_activity,0,0,0,0,low_activity,0,0,0,0,0,0,151752,139345,-0.0426,2070,1653,30,28,56,55,1
1774106005,55,44,0,0,0,0,no_volume,0,0,0,0,low_activity,0,0,0,0,low_activity,0,0,0,0,0,0,151752,139345,-0.0426,1500,2630,30,28,56,55,1
1774106006,55,44,0,0,0,0,low_activity,0,0,0,0,low_activity,0,0,0,0,low_activity,0,0,0,0,0,0,152085,124312,-0.1005,333,2391,32,29,56,55,1
1774106007,55,44,0,0,0,0,low_activity,0,0,0,0,low_activity,0,0,0,0,low_activity,0,0,0,0,0,0,157332,124312,-0.1172,5580,7428,33,29,56,55,1
1774106008,55,44,0,0,0,0,low_activity,0,0,0,0,low_activity,0,0,0,0,low_activity,0,0,0,0,0,0,156412,106290,-0.1908,4660,3275,30,27,56,55,1
1774106009,55,44,0,0,0,0,low_activity,0,0,0,0,low_activity,0,0,0,0,low_activity,0,0,0,0,0,0,156975,124312,-0.1161,4890,2908,31,29,56,55,1
1774106010,55,44,0,0,0,0,low_activity,0,0,0,0,low_activity,0,0,0,0,low_activity,0,0,0,0,0,0,148800,111684,-0.1425,-8532,-7183,31,28,56,55,1
1774106011,55,44,0,0,0,0,low_activity,0,0,0,0,low_activity,0,0,0,0,low_activity,0,0,0,0,0,0,148800,126717,-0.0802,-7612,-882,30,27,56,55,1
1774106012,55,44,0,0,0,0,low_activity,0,0,0,0,low_activity,0,0,0,0,low_activity,0,0,0,0,0,0,150630,129739,-0.0745,-6345,378,30,29,56,55,1
1774106013,55,44,0,0,0,0,low_activity,0,0,0,0,low_activity,0,0,0,0,low_activity,0,0,0,0,0,0,142585,129739,-0.0472,-6215,-9167,30,29,56,55,1
1774106014,55,44,0,0,0,0,low_activity,0,0,0,0,low_activity,0,0,0,0,low_activity,0,0,0,0,0,0,140546,126684,-0.0519,-8254,-11206,31,29,56,55,1
1774106015,55,44,0,0,0,0,low_activity,0,0,0,0,low_activity,0,0,0,0,low_activity,0,0,0,0,0,0,139563,127887,-0.0437,-11067,-12189,30,28,56,55,1
1774106016,55,44,0,0,0,0,no_volume,0,0,0,0,low_activity,0,0,0,0,low_activity,0,0,0,0,0,0,139818,142887,0.0109,-2767,-12267,32,28,56,55,1
1774106017,55,44,0,0,0,0,low_activity,0,0,0,0,low_activity,0,0,0,0,low_activity,0,0,0,0,0,0,139808,142193,0.0085,-738,-17524,32,29,56,55,1
1774106018,55,44,0,0,0,0,low_activity,0,0,0,0,low_activity,0,0,0,0,low_activity,0,0,0,0,0,0,139808,127160,-0.0474,245,-16604,32,27,56,55,1
1774106019,55,44,0,0,0,0,low_activity,0,0,0,0,low_activity,0,0,0,0,low_activity,0,0,0,0,0,0,139836,142888,0.0108,18,-17139,32,28,56,55,1
1774106020,55,44,0,0,0,0,no_volume,0,0,0,0,low_activity,0,0,0,0,low_activity,0,0,0,0,0,0,141080,142888,0.0064,1272,-7720,31,28,56,55,1
1774106021,55,44,0,0,0,0,no_volume,0,0,0,0,low_activity,0,0,0,0,low_activity,0,0,0,0,0,0,139570,142888,0.0117,-238,-9230,31,28,56,55,1
1774106022,55,44,0,0,0,0,no_volume,0,0,0,0,no_volume,0,0,0,0,low_activity,0,0,0,0,0,0,139570,142888,0.0117,-266,-11060,31,28,56,55,1
1774106023,55,44,0,0,0,0,no_volume,0,0,0,0,no_volume,0,0,0,0,low_activity,0,0,0,0,0,0,139570,142888,0.0117,-1510,-3015,31,28,56,55,1
1774106024,55,44,0,0,0,0,no_volume,0,0,0,0,no_volume,0,0,0,0,low_activity,0,0,0,0,0,0,140706,142888,0.0077,1136,160,31,29,56,55,1
1774106025,55,44,0,0,0,0,no_volume,0,0,0,0,no_volume,0,0,0,0,low_activity,0,0,0,0,0,0,140706,142888,0.0077,1136,1143,31,29,56,55,1
1774106026,55,44,0,0,0,0,no_volume,0,0,0,0,no_volume,0,0,0,0,low_activity,0,0,0,0,0,0,141056,127888,-0.049,1486,1238,31,29,56,55,1
1774106027,55,44,0,0,0,0,no_volume,0,0,0,0,no_volume,0,0,0,0,low_activity,0,0,0,0,0,0,141056,127823,-0.0492,350,1248,30,28,56,55,1
1774106028,55,44,0,0,0,0,no_volume,0,0,0,0,no_volume,0,0,0,0,low_activity,0,0,0,0,0,0,141056,127823,-0.0492,350,1248,30,28,56,55,1
1774106029,55,44,0,0,0,0,no_volume,0,0,0,0,no_volume,0,0,0,0,low_activity,0,0,0,0,0,0,139920,112823,-0.1072,-1136,84,30,28,56,55,1
1774106030,55,44,0,0,0,0,low_activity,0,0,0,0,low_activity,0,0,0,0,low_activity,0,0,0,0,0,0,139881,127856,-0.0449,-1175,-1199,31,28,56,55,1
1774106031,55,44,0,0,0,0,low_activity,0,0,0,0,low_activity,0,0,0,0,low_activity,0,0,0,0,0,0,141007,127160,-0.0516,-49,1437,30,28,56,55,1
1774106032,55,44,0,0,0,0,low_activity,0,0,0,0,low_activity,0,0,0,0,low_activity,0,0,0,0,0,0,142435,133733,-0.0315,2515,2865,32,29,56,55,1
1774106033,55,44,0,0,0,0,no_volume,0,0,0,0,low_activity,0,0,0,0,low_activity,0,0,0,0,0,0,142435,133733,-0.0315,2554,2865,32,29,56,55,1
1774106034,55,44,0,0,0,0,no_volume,0,0,0,0,low_activity,0,0,0,0,low_activity,0,0,0,0,0,0,142445,133733,-0.0315,1438,1739,32,27,56,55,1
1774106035,55,44,0,0,0,0,no_volume,0,0,0,0,no_volume,0,0,0,0,low_activity,0,0,0,0,0,0,142428,134396,-0.029,-7,1722,31,27,56,55,1
1774106036,55,44,0,0,0,0,no_volume,0,0,0,0,no_volume,0,0,0,0,low_activity,0,0,0,0,0,0,142180,134396,-0.0281,-255,1124,30,28,56,55,1
1774106037,55,44,0,0,0,0,low_activity,0,0,0,0,low_activity,0,0,0,0,low_activity,0,0,0,0,0,0,142120,134396,-0.0279,-325,1064,31,29,56,55,1
1774106038,55,44,0,0,0,0,low_activity,0,0,0,0,low_activity,0,0,0,0,low_activity,0,0,0,0,0,0,142120,134396,-0.0279,-308,1064,31,28,56,55,1
1774106039,55,44,0,0,0,0,low_activity,0,0,0,0,low_activity,0,0,0,0,low_activity,0,0,0,0,0,0,131000,67225,-0.3217,-11180,-8920,31,27,56,55,1
1774106040,55,44,0,0,0,0,no_volume,0,0,0,0,low_activity,0,0,0,0,low_activity,0,0,0,0,0,0,131001,61706,-0.3596,-11119,-8880,31,26,56,55,1
1774106041,54,45,0,0,0,0,low_activity,0,0,0,0,low_activity,0,0,0,0,low_activity,0,0,0,0,0,0,131033,64276,-0.3418,-11087,-9974,31,27,55,54,1
1774106042,54,45,0,0,0,0,low_activity,0,0,0,0,low_activity,0,0,0,0,low_activity,0,0,0,0,0,0,130997,49625,-0.4505,-3,-11438,31,29,55,54,1
1774106043,54,45,0,0,0,0,low_activity,0,0,0,0,low_activity,0,0,0,0,low_activity,0,0,0,0,0,0,131033,49631,-0.4506,32,-11402,31,30,55,54,1
1774106044,54,45,0,0,0,0,low_activity,0,0,0,0,low_activity,0,0,0,0,low_activity,0,0,0,0,0,0,109428,71377,-0.2105,-21605,-33017,30,30,55,54,1
1774106045,54,45,0,0,0,0,no_volume,0,0,0,0,low_activity,0,0,0,0,low_activity,0,0,0,0,0,0,109384,78160,-0.1665,-21613,-33044,30,29,55,54,1
1774106046,54,45,0,0,0,0,low_activity,0,0,0,0,low_activity,0,0,0,0,low_activity,0,0,0,0,0,0,109384,99301,-0.0483,-21649,-32796,30,31,55,54,1
1774106047,54,45,0,0,0,0,low_activity,0,0,0,0,low_activity,0,0,0,0,low_activity,0,0,0,0,0,0,109384,99301,-0.0483,-44,-32736,30,32,55,54,1
1774106048,54,45,0,0,0,0,low_activity,0,0,0,0,low_activity,0,0,0,0,low_activity,0,0,0,0,0,0,109384,99301,-0.0483,0,-32736,30,30,55,54,1
1774106049,54,45,0,0,0,0,low_activity,0,0,0,0,low_activity,0,0,0,0,low_activity,0,0,0,0,0,0,112703,102590,-0.047,3319,-18297,31,30,55,54,1
1774106050,54,45,0,0,0,0,low_activity,0,0,0,0,low_activity,0,0,0,0,low_activity,0,0,0,0,0,0,112703,102590,-0.047,3319,-18298,31,30,55,54,1
1774106051,54,45,0,0,0,0,no_volume,0,0,0,0,low_activity,0,0,0,0,low_activity,0,0,0,0,0,0,109681,99541,-0.0485,297,-21352,30,29,55,54,1
1774106052,54,45,0,0,0,0,no_volume,0,0,0,0,low_activity,0,0,0,0,low_activity,0,0,0,0,0,0,113847,99568,-0.0669,1144,-17150,30,29,55,54,1
1774106053,54,45,0,0,0,0,no_volume,0,0,0,0,no_volume,0,0,0,0,low_activity,0,0,0,0,0,0,113847,101068,-0.0595,1144,-17186,30,29,55,54,1
1774106054,54,45,0,0,0,0,no_volume,0,0,0,0,no_volume,0,0,0,0,low_activity,0,0,0,0,0,0,113847,101068,-0.0595,4166,4419,30,29,55,54,1
1774106055,54,45,0,0,0,0,low_activity,0,0,0,0,low_activity,0,0,0,0,low_activity,0,0,0,0,0,0,113847,106581,-0.033,0,4463,30,30,55,54,1
1774106056,54,45,0,0,0,0,low_activity,0,0,0,0,low_activity,0,0,0,0,low_activity,0,0,0,0,0,0,113847,106581,-0.033,0,4463,30,29,55,54,1
1774106057,54,45,0,0,0,0,low_activity,0,0,0,0,low_activity,0,0,0,0,low_activity,0,0,0,0,0,0,113851,106544,-0.0332,4,4467,31,28,55,54,1
1774106058,54,45,0,0,0,0,low_activity,0,0,0,0,low_activity,0,0,0,0,low_activity,0,0,0,0,0,0,113851,105044,-0.0402,4,4467,31,28,55,54,1
1774106059,54,45,0,0,0,0,low_activity,0,0,0,0,low_activity,0,0,0,0,low_activity,0,0,0,0,0,0,116873,105044,-0.0533,3026,4170,31,28,55,54,1
1774106060,54,45,0,0,0,0,no_volume,0,0,0,0,low_activity,0,0,0,0,low_activity,0,0,0,0,0,0,134281,130646,-0.0137,20430,21578,32,28,55,54,1
1774106061,54,45,0,0,0,0,no_volume,0,0,0,0,low_activity,0,0,0,0,low_activity,0,0,0,0,0,0,138274,130646,-0.0284,24423,28593,32,28,55,54,1
1774106062,54,45,0,0,0,0,no_volume,0,0,0,0,no_volume,0,0,0,0,low_activity,0,0,0,0,0,0,138274,130646,-0.0284,21401,24427,32,28,55,54,1
1774106063,54,45,0,0,0,0,no_volume,0,0,0,0,no_volume,0,0,0,0,low_activity,0,0,0,0,0,0,141341,130646,-0.0393,7060,27494,33,28,55,54,1
1774106064,54,45,0,0,0,0,no_volume,0,0,0,0,no_volume,0,0,0,0,low_activity,0,0,0,0,0,0,141341,130646,-0.0393,3067,27494,33,28,55,54,1
1774106065,54,45,0,0,0,0,low_activity,0,0,0,0,low_activity,0,0,0,0,low_activity,0,0,0,0,0,0,137329,130746,-0.0246,-945,23482,31,28,55,54,1
1774106066,54,45,0,0,0,0,low_activity,0,0,0,0,low_activity,0,0,0,0,low_activity,0,0,0,0,0,0,141019,115779,-0.0983,-322,27172,32,28,55,54,1
1774106067,54,45,0,0,0,0,low_activity,0,0,0,0,low_activity,0,0,0,0,low_activity,0,0,0,0,0,0,137997,100746,-0.156,-3344,24146,32,27,55,54,1
1774106068,54,45,0,0,0,0,no_volume,0,0,0,0,low_activity,0,0,0,0,low_activity,0,0,0,0,0,0,137997,100746,-0.156,668,24146,31,27,55,54,1
1774106069,54,45,0,0,0,0,no_volume,0,0,0,0,low_activity,0,0,0,0,low_activity,0,0,0,0,0,0,142155,100746,-0.1705,1136,25282,32,27,55,54,1
1774106070,54,45,0,0,0,0,no_volume,0,0,0,0,no_volume,0,0,0,0,low_activity,0,0,0,0,0,0,142487,116896,-0.0987,4490,8206,33,28,55,54,1
1774106071,54,45,0,0,0,0,no_volume,0,0,0,0,no_volume,0,0,0,0,low_activity,0,0,0,0,0,0,139465,101896,-0.1557,1468,1191,32,28,55,54,1
1774106072,54,45,0,0,0,0,no_volume,0,0,0,0,no_volume,0,0,0,0,low_activity,0,0,0,0,0,0,140987,115396,-0.0998,-1168,2713,33,28,55,54,1
1774106073,54,45,0,0,0,0,no_volume,0,0,0,0,no_volume,0,0,0,0,low_activity,0,0,0,0,0,0,140987,100396,-0.1682,-1500,-354,33,27,55,54,1
1774106074,54,45,0,0,0,0,no_volume,0,0,0,0,no_volume,0,0,0,0,low_activity,0,0,0,0,0,0,140631,100396,-0.1669,1166,-710,32,28,55,54,1
1774106075,54,45,0,0,0,0,no_volume,0,0,0,0,no_volume,0,0,0,0,low_activity,0,0,0,0,0,0,143653,100396,-0.1772,2666,6324,33,28,55,54,1
1774106076,54,45,0,0,0,0,no_volume,0,0,0,0,no_volume,0,0,0,0,low_activity,0,0,0,0,0,0,142517,115396,-0.1052,1530,1498,33,28,55,54,1
1774106077,54,45,0,0,0,0,no_volume,0,0,0,0,no_volume,0,0,0,0,low_activity,0,0,0,0,0,0,140638,101896,-0.1597,7,2641,32,28,55,54,1
1774106078,55,44,0,0,0,0,no_volume,0,0,0,0,no_volume,0,0,0,0,low_activity,0,0,0,0,0,0,84353,121227,0.1794,-59300,-53644,31,29,56,55,1
1774106079,55,42,0,0,0,0,no_volume,0,0,0,0,no_volume,0,0,0,0,low_activity,0,0,0,0,0,0,73894,132002,0.2822,-68623,-68261,29,29,58,55,3
1774106080,55,43,0,0,0,0,no_volume,0,0,0,0,no_volume,0,0,0,0,low_activity,0,0,0,0,0,0,74011,126489,0.2617,-66627,-68476,31,27,57,55,2
1774106081,55,42,0,0,0,0,no_volume,0,0,0,0,no_volume,0,0,0,0,low_activity,0,0,0,0,0,0,68904,126489,0.2947,-15449,-70561,32,29,58,55,3
1774106082,55,43,0,0,0,0,no_volume,0,0,0,0,no_volume,0,0,0,0,low_activity,0,0,0,0,0,0,74358,126489,0.2596,464,-66629,31,28,57,55,2
1774106083,55,43,0,0,0,0,no_volume,0,0,0,0,no_volume,0,0,0,0,low_activity,0,0,0,0,0,0,74123,126489,0.261,112,-66864,32,28,57,55,2
1774106084,55,44,0,0,0,0,no_volume,0,0,0,0,no_volume,0,0,0,0,low_activity,0,0,0,0,0,0,139609,129708,-0.0368,70705,-1022,32,28,56,55,1
1774106085,55,44,0,0,0,0,no_volume,0,0,0,0,no_volume,0,0,0,0,low_activity,0,0,0,0,0,0,146062,129708,-0.0593,71704,2409,32,28,56,55,1
1774106086,55,44,0,0,0,0,no_volume,0,0,0,0,no_volume,0,0,0,0,low_activity,0,0,0,0,0,0,149908,127522,-0.0807,75785,7391,33,28,56,55,1
1774106087,55,44,0,0,0,0,low_activity,0,0,0,0,low_activity,0,0,0,0,low_activity,0,0,0,0,0,0,153136,130544,-0.0796,13527,12498,33,29,56,55,1
1774106088,55,44,0,0,0,0,low_activity,0,0,0,0,low_activity,0,0,0,0,low_activity,0,0,0,0,0,0,155755,131841,-0.0832,9693,71402,33,28,56,55,1
1774106089,55,44,0,0,0,0,low_activity,0,0,0,0,low_activity,0,0,0,0,low_activity,0,0,0,0,0,0,159181,128819,-0.1054,9273,85287,32,27,56,55,1
1774106090,55,44,0,0,0,0,no_volume,0,0,0,0,low_activity,0,0,0,0,low_activity,0,0,0,0,0,0,161422,131841,-0.1009,8286,87411,33,28,56,55,1
1774106091,55,44,0,0,0,0,low_activity,0,0,0,0,low_activity,0,0,0,0,low_activity,0,0,0,0,0,0,160951,131841,-0.0994,5196,92047,33,28,56,55,1
1774106092,55,44,0,0,0,0,low_activity,0,0,0,0,low_activity,0,0,0,0,low_activity,0,0,0,0,0,0,160951,131841,-0.0994,1770,86593,33,28,56,55,1
1774106093,55,44,0,0,0,0,low_activity,0,0,0,0,low_activity,0,0,0,0,low_activity,0,0,0,0,0,0,162092,132144,-0.1018,670,87969,33,29,56,55,1
1774106094,55,44,0,0,0,0,low_activity,0,0,0,0,low_activity,0,0,0,0,low_activity,0,0,0,0,0,0,160956,132144,-0.0983,5,21347,33,29,56,55,1
1774106095,55,44,0,0,0,0,low_activity,0,0,0,0,low_activity,0,0,0,0,low_activity,0,0,0,0,0,0,156859,128919,-0.0978,-4092,10797,31,27,56,55,1
1774106096,55,44,0,0,0,0,no_volume,0,0,0,0,low_activity,0,0,0,0,low_activity,0,0,0,0,0,0,160521,131941,-0.0977,-1571,10613,32,29,56,55,1
1774106097,55,44,0,0,0,0,no_volume,0,0,0,0,low_activity,0,0,0,0,low_activity,0,0,0,0,0,0,160521,131941,-0.0977,-435,7385,32,28,56,55,1
1774106098,55,44,0,0,0,0,no_volume,0,0,0,0,no_volume,0,0,0,0,low_activity,0,0,0,0,0,0,161131,128919,-0.1111,4272,5376,32,28,56,55,1
1774106099,55,44,0,0,0,0,no_volume,0,0,0,0,no_volume,0,0,0,0,low_activity,0,0,0,0,0,0,163369,132156,-0.1056,2848,4188,33,29,56,55,1
1774106100,55,44,0,0,0,0,no_volume,0,0,0,0,no_volume,0,0,0,0,low_activity,0,0,0,0,0,0,163719,132156,-0.1067,3198,2297,34,29,56,55,1
1774106101,55,44,0,0,0,0,low_activity,0,0,0,0,low_activity,0,0,0,0,low_activity,0,0,0,0,0,0,159658,122111,-0.1333,-1473,-1293,32,27,56,55,1
1774106102,55,44,0,0,0,0,low_activity,0,0,0,0,low_activity,0,0,0,0,low_activity,0,0,0,0,0,0,159704,110166,-0.1836,-3665,-1247,32,29,56,55,1
1774106103,55,44,0,0,0,0,low_activity,0,0,0,0,low_activity,0,0,0,0,low_activity,0,0,0,0,0,0,159704,125133,-0.1214,-4015,-2388,32,28,56,55,1
1774106104,55,44,0,0,0,0,low_activity,0,0,0,0,low_activity,0,0,0,0,low_activity,0,0,0,0,0,0,159704,125133,-0.1214,46,-1252,32,28,56,55,1
1774106105,55,44,0,0,0,0,no_volume,0,0,0,0,low_activity,0,0,0,0,low_activity,0,0,0,0,0,0,159704,125133,-0.1214,0,2845,32,28,56,55,1
1774106106,55,44,0,0,0,0,no_volume,0,0,0,0,low_activity,0,0,0,0,low_activity,0,0,0,0,0,0,160517,122292,-0.1352,813,-4,32,28,56,55,1
1774106107,55,44,0,0,0,0,no_volume,0,0,0,0,no_volume,0,0,0,0,low_activity,0,0,0,0,0,0,160517,122292,-0.1352,813,-4,32,28,56,55,1
1774106108,55,44,0,0,0,0,no_volume,0,0,0,0,no_volume,0,0,0,0,low_activity,0,0,0,0,0,0,161807,122111,-0.1398,2103,676,32,28,56,55,1
1774106109,55,44,0,0,0,0,no_volume,0,0,0,0,no_volume,0,0,0,0,low_activity,0,0,0,0,0,0,162370,125133,-0.1295,1853,-999,32,28,56,55,1
1774106110,55,44,0,0,0,0,no_volume,0,0,0,0,no_volume,0,0,0,0,low_activity,0,0,0,0,0,0,160263,122111,-0.1351,-254,-3456,32,28,56,55,1
1774106111,55,44,0,0,0,0,no_volume,0,0,0,0,no_volume,0,0,0,0,low_activity,0,0,0,0,0,0,160263,122111,-0.1351,-1544,605,32,28,56,55,1
1774106112,55,44,0,0,0,0,no_volume,0,0,0,0,no_volume,0,0,0,0,low_activity,0,0,0,0,0,0,74294,119679,0.234,-88076,-85410,31,28,56,55,1
1774106113,55,42,0,0,0,0,no_volume,0,0,0,0,no_volume,0,0,0,0,low_activity,0,0,0,0,0,0,67281,104865,0.2183,-92982,-92423,31,29,58,55,3
1774106114,56,43,0,0,0,0,no_volume,0,0,0,0,no_volume,0,0,0,0,low_activity,0,0,0,0,0,0,74445,125451,0.2552,-85818,-85259,32,31,57,56,1
1774106115,55,43,0,0,0,0,no_volume,0,0,0,0,no_volume,0,0,0,0,low_activity,0,0,0,0,0,0,74206,119712,0.2347,-88,-85498,32,28,57,55,2
1774106116,55,44,0,0,0,0,no_volume,0,0,0,0,no_volume,0,0,0,0,low_activity,0,0,0,0,0,0,131181,123535,-0.03,63900,-29336,32,29,56,55,1
1774106117,55,44,0,0,0,0,no_volume,0,0,0,0,no_volume,0,0,0,0,low_activity,0,0,0,0,0,0,149061,123535,-0.0936,74616,-11456,32,28,56,55,1
1774106118,55,44,0,0,0,0,no_volume,0,0,0,0,no_volume,0,0,0,0,low_activity,0,0,0,0,0,0,153302,120513,-0.1197,79096,-8505,32,28,56,55,1
1774106119,55,44,0,0,0,0,no_volume,0,0,0,0,no_volume,0,0,0,0,low_activity,0,0,0,0,0,0,156525,123747,-0.117,25344,-5845,32,30,56,55,1
1774106120,55,44,0,0,0,0,no_volume,0,0,0,0,no_volume,0,0,0,0,low_activity,0,0,0,0,0,0,156426,123747,-0.1166,7365,-3837,32,30,56,55,1
1774106121,55,44,0,0,0,0,low_activity,0,0,0,0,low_activity,0,0,0,0,low_activity,0,0,0,0,0,0,153195,119970,-0.1216,-107,-7068,32,28,56,55,1
1774106122,55,44,0,0,0,0,low_activity,0,0,0,0,low_activity,0,0,0,0,low_activity,0,0,0,0,0,0,156217,122992,-0.119,-308,81923,32,29,56,55,1
1774106123,55,44,0,0,0,0,low_activity,0,0,0,0,low_activity,0,0,0,0,low_activity,0,0,0,0,0,0,154522,124492,-0.1076,-1904,87241,32,28,56,55,1
1774106124,55,44,0,0,0,0,low_activity,0,0,0,0,low_activity,0,0,0,0,low_activity,0,0,0,0,0,0,154522,122112,-0.1172,1327,80077,32,28,56,55,1
1774106125,55,44,0,0,0,0,low_activity,0,0,0,0,low_activity,0,0,0,0,low_activity,0,0,0,0,0,0,157732,125333,-0.1145,1515,83526,32,28,56,55,1
1774106126,55,44,0,0,0,0,no_volume,0,0,0,0,low_activity,0,0,0,0,low_activity,0,0,0,0,0,0,157732,125333,-0.1145,3210,26551,32,28,56,55,1
1774106127,55,44,0,0,0,0,no_volume,0,0,0,0,low_activity,0,0,0,0,low_activity,0,0,0,0,0,0,154522,122112,-0.1172,0,5461,32,28,56,55,1
1774106128,55,44,0,0,0,0,no_volume,0,0,0,0,no_volume,0,0,0,0,low_activity,0,0,0,0,0,0,157544,125134,-0.1147,-188,4242,32,28,56,55,1
1774106129,55,44,0,0,0,0,no_volume,0,0,0,0,no_volume,0,0,0,0,low_activity,0,0,0,0,0,0,157544,125134,-0.1147,-188,1019,32,28,56,55,1
1774106130,55,44,0,0,0,0,no_volume,0,0,0,0,no_volume,0,0,0,0,low_activity,0,0,0,0,0,0,154711,120176,-0.1256,189,-1715,32,28,56,55,1
1774106131,55,44,0,0,0,0,no_volume,0,0,0,0,no_volume,0,0,0,0,low_activity,0,0,0,0,0,0,157779,125331,-0.1146,235,4584,32,29,56,55,1
1774106132,55,44,0,0,0,0,low_activity,0,0,0,0,low_activity,0,0,0,0,low_activity,0,0,0,0,0,0,157514,125134,-0.1146,-30,1297,32,28,56,55,1
1774106133,55,44,0,0,0,0,low_activity,0,0,0,0,low_activity,0,0,0,0,low_activity,0,0,0,0,0,0,164492,122112,-0.1479,9781,9970,32,28,56,55,1
1774106134,55,44,0,0,0,0,low_activity,0,0,0,0,low_activity,0,0,0,0,low_activity,0,0,0,0,0,0,167514,125134,-0.1448,9735,12992,32,28,56,55,1
1774106135,55,44,0,0,0,0,no_volume,0,0,0,0,low_activity,0,0,0,0,low_activity,0,0,0,0,0,0,168650,125134,-0.1481,11136,10918,32,28,56,55,1
1774106136,55,44,0,0,0,0,low_activity,0,0,0,0,low_activity,0,0,0,0,low_activity,0,0,0,0,0,0,165603,122112,-0.1512,1111,7871,32,27,56,55,1
1774106137,55,44,0,0,0,0,low_activity,0,0,0,0,low_activity,0,0,0,0,low_activity,0,0,0,0,0,0,168625,125134,-0.148,1111,14103,32,29,56,55,1
1774106138,55,44,0,0,0,0,low_activity,0,0,0,0,low_activity,0,0,0,0,low_activity,0,0,0,0,0,0,168826,125332,-0.1479,176,11282,32,29,56,55,1
1774106139,55,44,0,0,0,0,no_volume,0,0,0,0,low_activity,0,0,0,0,low_activity,0,0,0,0,0,0,168826,125332,-0.1479,3223,11282,32,30,56,55,1
1774106140,55,44,0,0,0,0,no_volume,0,0,0,0,low_activity,0,0,0,0,low_activity,0,0,0,0,0,0,165603,122112,-0.1512,-3022,10892,32,27,56,55,1
1774106141,55,44,0,0,0,0,low_activity,0,0,0,0,low_activity,0,0,0,0,low_activity,0,0,0,0,0,0,154704,122145,-0.1176,-14122,-3075,32,28,56,55,1
1774106142,55,44,0,0,0,0,low_activity,0,0,0,0,low_activity,0,0,0,0,low_activity,0,0,0,0,0,0,165546,122112,-0.151,-3280,8032,32,29,56,55,1
1774106143,55,44,0,0,0,0,low_activity,0,0,0,0,low_activity,0,0,0,0,low_activity,0,0,0,0,0,0,165029,122112,-0.1495,-574,537,32,28,56,55,1
1774106144,55,44,0,0,0,0,low_activity,0,0,0,0,low_activity,0,0,0,0,low_activity,0,0,0,0,0,0,165029,122112,-0.1495,10325,-2485,32,27,56,55,1
1774106145,55,44,0,0,0,0,low_activity,0,0,0,0,low_activity,0,0,0,0,low_activity,0,0,0,0,0,0,163878,122112,-0.146,-1668,-4772,32,28,56,55,1
1774106146,55,44,0,0,0,0,low_activity,0,0,0,0,low_activity,0,0,0,0,low_activity,0,0,0,0,0,0,163878,125330,-0.1333,-1151,-1725,32,30,56,55,1
1774106147,55,44,0,0,0,0,low_activity,0,0,0,0,low_activity,0,0,0,0,low_activity,0,0,0,0,0,0,163878,122112,-0.146,-1151,-4747,32,27,56,55,1
1774106148,55,44,0,0,0,0,low_activity,0,0,0,0,low_activity,0,0,0,0,low_activity,0,0,0,0,0,0,164083,107112,-0.2101,205,-4743,32,28,56,55,1
1774106149,55,44,0,0,0,0,low_activity,0,0,0,0,low_activity,0,0,0,0,low_activity,0,0,0,0,0,0,164083,122112,-0.1467,205,-4743,32,28,56,55,1
1774106150,55,44,0,0,0,0,low_activity,0,0,0,0,low_activity,0,0,0,0,low_activity,0,0,0,0,0,0,163768,107145,-0.209,-110,-1835,32,28,56,55,1
1774106151,55,44,0,0,0,0,low_activity,0,0,0,0,low_activity,0,0,0,0,low_activity,0,0,0,0,0,0,164674,125353,-0.1356,591,9970,32,28,56,55,1
1774106152,55,44,0,0,0,0,low_activity,0,0,0,0,low_activity,0,0,0,0,low_activity,0,0,0,0,0,0,164480,125320,-0.1351,397,-1066,32,28,56,55,1
1774106153,55,44,0,0,0,0,low_activity,0,0,0,0,low_activity,0,0,0,0,low_activity,0,0,0,0,0,0,164480,122145,-0.1477,712,-549,32,28,56,55,1
1774106154,55,44,0,0,0,0,low_activity,0,0,0,0,low_activity,0,0,0,0,low_activity,0,0,0,0,0,0,164134,122112,-0.1468,-540,-895,32,28,56,55,1
1774106155,55,44,0,0,0,0,low_activity,0,0,0,0,low_activity,0,0,0,0,low_activity,0,0,0,0,0,0,164134,122112,-0.1468,-346,256,32,28,56,55,1
1774106156,55,44,0,0,0,0,low_activity,0,0,0,0,low_activity,0,0,0,0,low_activity,0,0,0,0,0,0,163837,121815,-0.1471,-643,-41,32,28,56,55,1
1774106157,55,44,0,0,0,0,low_activity,0,0,0,0,low_activity,0,0,0,0,low_activity,0,0,0,0,0,0,162495,121848,-0.143,-1639,-1383,32,28,56,55,1
1774106158,55,44,0,0,0,0,low_activity,0,0,0,0,low_activity,0,0,0,0,low_activity,0,0,0,0,0,0,162495,106848,-0.2066,-1639,-1588,32,28,56,55,1
1774106159,55,44,0,0,0,0,low_activity,0,0,0,0,low_activity,0,0,0,0,low_activity,0,0,0,0,0,0,162495,122014,-0.1423,-1342,-1588,32,28,56,55,1
1774106160,55,44,0,0,0,0,no_volume,0,0,0,0,low_activity,0,0,0,0,low_activity,0,0,0,0,0,0,162495,107014,-0.2059,0,-1273,32,29,56,55,1
1774106161,55,44,0,0,0,0,no_volume,0,0,0,0,low_activity,0,0,0,0,low_activity,0,0,0,0,0,0,163658,121815,-0.1466,1163,-1016,32,28,56,55,1
1774106162,55,44,0,0,0,0,no_volume,0,0,0,0,no_volume,0,0,0,0,low_activity,0,0,0,0,0,0,163658,120315,-0.1526,1163,-822,32,28,56,55,1
1774106163,55,44,0,0,0,0,low_activity,0,0,0,0,low_activity,0,0,0,0,low_activity,0,0,0,0,0,0,163641,105315,-0.2169,1146,-839,32,27,56,55,1
1774106164,55,44,0,0,0,0,low_activity,0,0,0,0,low_activity,0,0,0,0,low_activity,0,0,0,0,0,0,163641,121694,-0.147,-17,-493,32,28,56,55,1
1774106165,55,44,0,0,0,0,low_activity,0,0,0,0,low_activity,0,0,0,0,low_activity,0,0,0,0,0,0,163210,121694,-0.1457,-448,-924,32,28,56,55,1
1774106166,55,44,0,0,0,0,low_activity,0,0,0,0,low_activity,0,0,0,0,low_activity,0,0,0,0,0,0,162047,136871,-0.0842,-1594,-1790,32,29,56,55,1
1774106167,55,44,0,0,0,0,low_activity,0,0,0,0,low_activity,0,0,0,0,low_activity,0,0,0,0,0,0,162018,121904,-0.1413,-1623,-477,32,29,56,55,1
1774106168,55,44,0,0,0,0,low_activity,0,0,0,0,low_activity,0,0,0,0,low_activity,0,0,0,0,0,0,162018,143670,-0.06,-1192,-477,32,29,56,55,1
1774106169,55,44,0,0,0,0,low_activity,0,0,0,0,low_activity,0,0,0,0,low_activity,0,0,0,0,0,0,162018,143637,-0.0601,-29,-477,32,28,56,55,1
1774106170,55,44,0,0,0,0,no_volume,0,0,0,0,low_activity,0,0,0,0,low_activity,0,0,0,0,0,0,162018,143637,-0.0601,0,-477,32,30,56,55,1
1774106171,55,44,0,0,0,0,no_volume,0,0,0,0,low_activity,0,0,0,0,low_activity,0,0,0,0,0,0,167605,143823,-0.0764,5587,3947,32,30,56,55,1
1774106172,55,44,0,0,0,0,no_volume,0,0,0,0,no_volume,0,0,0,0,low_activity,0,0,0,0,0,0,167605,144467,-0.0741,5587,3947,32,30,56,55,1
1774106173,55,44,0,0,0,0,no_volume,0,0,0,0,no_volume,0,0,0,0,low_activity,0,0,0,0,0,0,167605,143637,-0.077,5587,3964,32,29,56,55,1
1774106174,55,44,0,0,0,0,no_volume,0,0,0,0,no_volume,0,0,0,0,low_activity,0,0,0,0,0,0,167605,143637,-0.077,0,3964,32,28,56,55,1
1774106175,55,44,0,0,0,0,no_volume,0,0,0,0,no_volume,0,0,0,0,low_activity,0,0,0,0,0,0,162527,143637,-0.0617,-5078,-683,32,28,56,55,1
1774106176,55,44,0,0,0,0,no_volume,0,0,0,0,no_volume,0,0,0,0,low_activity,0,0,0,0,0,0,162527,98137,-0.247,-5078,480,32,27,56,55,1
1774106177,55,44,0,0,0,0,low_activity,0,0,0,0,low_activity,0,0,0,0,low_activity,0,0,0,0,0,0,162418,142137,-0.0666,-5187,400,32,28,56,55,1
1774106178,55,44,0,0,0,0,low_activity,0,0,0,0,low_activity,0,0,0,0,low_activity,0,0,0,0,0,0,162375,142137,-0.0665,-152,357,32,29,56,55,1
1774106179,55,44,0,0,0,0,low_activity,0,0,0,0,low_activity,0,0,0,0,low_activity,0,0,0,0,0,0,162375,127137,-0.1217,-152,357,32,28,56,55,1
1774106180,55,44,0,0,0,0,low_activity,0,0,0,0,low_activity,0,0,0,0,low_activity,0,0,0,0,0,0,126674,102137,-0.1072,-35744,-35344,32,28,56,55,1
1774106181,55,44,0,0,0,0,low_activity,0,0,0,0,low_activity,0,0,0,0,low_activity,0,0,0,0,0,0,126674,117137,-0.0391,-35701,-40931,32,29,56,55,1
1774106182,55,44,0,0,0,0,low_activity,0,0,0,0,low_activity,0,0,0,0,low_activity,0,0,0,0,0,0,126674,117137,-0.0391,-35701,-40931,32,28,56,55,1
1774106183,55,44,0,0,0,0,no_volume,0,0,0,0,low_activity,0,0,0,0,low_activity,0,0,0,0,0,0,126674,102137,-0.1072,0,-40931,32,27,56,55,1
1774106184,55,44,0,0,0,0,no_volume,0,0,0,0,low_activity,0,0,0,0,low_activity,0,0,0,0,0,0,126674,117137,-0.0391,0,-40931,32,28,56,55,1
1774106185,55,44,0,0,0,0,no_volume,0,0,0,0,no_volume,0,0,0,0,low_activity,0,0,0,0,0,0,126674,118637,-0.0328,0,-35853,32,28,56,55,1
1774106186,55,44,0,0,0,0,no_volume,0,0,0,0,no_volume,0,0,0,0,low_activity,0,0,0,0,0,0,126674,103637,-0.1,0,-35853,32,29,56,55,1
1774106187,55,44,0,0,0,0,low_activity,0,0,0,0,low_activity,0,0,0,0,low_activity,0,0,0,0,0,0,126502,88637,-0.176,-172,-35916,32,28,56,55,1
1774106188,55,44,0,0,0,0,low_activity,0,0,0,0,low_activity,0,0,0,0,low_activity,0,0,0,0,0,0,126502,103637,-0.0994,-172,-35873,32,28,56,55,1
1774106189,55,44,0,0,0,0,low_activity,0,0,0,0,low_activity,0,0,0,0,low_activity,0,0,0,0,0,0,126502,103637,-0.0994,-172,-35873,32,29,56,55,1
1774106190,55,44,0,0,0,0,no_volume,0,0,0,0,low_activity,0,0,0,0,low_activity,0,0,0,0,0,0,126502,88637,-0.176,0,-172,32,28,56,55,1
1774106191,55,44,0,0,0,0,no_volume,0,0,0,0,low_activity,0,0,0,0,low_activity,0,0,0,0,0,0,126502,103637,-0.0994,0,-172,32,27,56,55,1
1774106192,55,44,0,0,0,0,no_volume,0,0,0,0,no_volume,0,0,0,0,low_activity,0,0,0,0,0,0,126502,103637,-0.0994,0,-172,32,28,56,55,1
1774106193,55,44,0,0,0,0,low_activity,0,0,0,0,low_activity,0,0,0,0,low_activity,0,0,0,0,0,0,126416,103637,-0.099,-86,-258,32,28,56,55,1
1774106194,55,44,0,0,0,0,low_activity,0,0,0,0,low_activity,0,0,0,0,low_activity,0,0,0,0,0,0,126416,103637,-0.099,-86,-258,32,27,56,55,1
1774106195,55,44,0,0,0,0,low_activity,0,0,0,0,low_activity,0,0,0,0,low_activity,0,0,0,0,0,0,126330,103637,-0.0987,-172,-344,32,28,56,55,1
1774106196,55,44,0,0,0,0,low_activity,0,0,0,0,low_activity,0,0,0,0,low_activity,0,0,0,0,0,0,126273,103637,-0.0985,-143,-401,32,28,56,55,1
1774106197,55,44,0,0,0,0,low_activity,0,0,0,0,low_activity,0,0,0,0,low_activity,0,0,0,0,0,0,126230,103637,-0.0983,-186,-272,32,28,56,55,1
1774106198,55,44,0,0,0,0,low_activity,0,0,0,0,low_activity,0,0,0,0,low_activity,0,0,0,0,0,0,126230,88637,-0.175,-100,-272,32,28,56,55,1
1774106199,55,44,0,0,0,0,low_activity,0,0,0,0,low_activity,0,0,0,0,low_activity,0,0,0,0,0,0,126230,103637,-0.0983,-43,-272,32,29,56,55,1
1774106200,55,44,0,0,0,0,low_activity,0,0,0,0,low_activity,0,0,0,0,low_activity,0,0,0,0,0,0,126502,104900,-0.0934,272,0,32,29,56,55,1
1774106201,55,44,0,0,0,0,low_activity,0,0,0,0,low_activity,0,0,0,0,low_activity,0,0,0,0,0,0,126502,103934,-0.0979,272,0,32,28,56,55,1
1774106202,55,44,0,0,0,0,low_activity,0,0,0,0,low_activity,0,0,0,0,low_activity,0,0,0,0,0,0,126502,103934,-0.0979,272,0,32,27,56,55,1
1774106203,55,44,0,0,0,0,no_volume,0,0,0,0,low_activity,0,0,0,0,low_activity,0,0,0,0,0,0,127468,105083,-0.0963,966,1052,32,30,56,55,1
1774106204,55,44,0,0,0,0,no_volume,0,0,0,0,low_activity,0,0,0,0,low_activity,0,0,0,0,0,0,126502,104117,-0.0971,0,86,32,28,56,55,1
1774106205,55,44,0,0,0,0,no_volume,0,0,0,0,no_volume,0,0,0,0,low_activity,0,0,0,0,0,0,127638,103934,-0.1024,1136,1308,32,27,56,55,1
1774106206,55,44,0,0,0,0,no_volume,0,0,0,0,no_volume,0,0,0,0,low_activity,0,0,0,0,0,0,128604,119900,-0.035,1136,2331,32,29,56,55,1
1774106207,55,44,0,0,0,0,no_volume,0,0,0,0,no_volume,0,0,0,0,low_activity,0,0,0,0,0,0,127638,116504,-0.0456,1136,1408,32,27,56,55,1
1774106208,55,44,0,0,0,0,low_activity,0,0,0,0,low_activity,0,0,0,0,low_activity,0,0,0,0,0,0,127630,118934,-0.0353,-8,1400,32,29,56,55,1
1774106209,55,44,0,0,0,0,low_activity,0,0,0,0,low_activity,0,0,0,0,low_activity,0,0,0,0,0,0,128571,119900,-0.0349,-33,2341,32,30,56,55,1
1774106210,55,44,0,0,0,0,low_activity,0,0,0,0,low_activity,0,0,0,0,low_activity,0,0,0,0,0,0,126469,120108,-0.0258,-1169,-33,32,30,56,55,1
1774106211,55,44,0,0,0,0,low_activity,0,0,0,0,low_activity,0,0,0,0,low_activity,0,0,0,0,0,0,126454,119142,-0.0298,-1176,-48,32,30,56,55,1
1774106212,55,44,0,0,0,0,low_activity,0,0,0,0,low_activity,0,0,0,0,low_activity,0,0,0,0,0,0,127420,104900,-0.0969,-1151,918,31,29,56,55,1
1774106213,55,44,0,0,0,0,low_activity,0,0,0,0,low_activity,0,0,0,0,low_activity,0,0,0,0,0,0,127420,119900,-0.0304,951,-48,31,30,56,55,1
1774106214,55,44,0,0,0,0,no_volume,0,0,0,0,low_activity,0,0,0,0,low_activity,0,0,0,0,0,0,126454,118934,-0.0306,0,-48,31,28,56,55,1
1774106215,55,44,0,0,0,0,no_volume,0,0,0,0,low_activity,0,0,0,0,low_activity,0,0,0,0,0,0,127420,119900,-0.0304,0,-218,31,30,56,55,1
1774106216,55,44,0,0,0,0,no_volume,0,0,0,0,no_volume,0,0,0,0,low_activity,0,0,0,0,0,0,127611,90098,-0.1723,191,-993,31,29,56,55,1
1774106217,55,44,0,0,0,0,low_activity,0,0,0,0,low_activity,0,0,0,0,low_activity,0,0,0,0,0,0,126368,88934,-0.1739,-86,-1270,31,27,56,55,1
1774106218,55,44,0,0,0,0,low_activity,0,0,0,0,low_activity,0,0,0,0,low_activity,0,0,0,0,0,0,127334,104900,-0.0966,-86,-296,31,29,56,55,1
1774106219,55,44,0,0,0,0,low_activity,0,0,0,0,low_activity,0,0,0,0,low_activity,0,0,0,0,0,0,127334,89256,-0.1758,-277,-1237,31,29,56,55,1
1774106220,55,44,0,0,0,0,no_volume,0,0,0,0,low_activity,0,0,0,0,low_activity,0,0,0,0,0,0,126368,88931,-0.1739,0,-101,31,28,56,55,1
1774106221,55,44,0,0,0,0,no_volume,0,0,0,0,low_activity,0,0,0,0,low_activity,0,0,0,0,0,0,127334,104897,-0.0966,0,880,31,28,56,55,1
1774106222,55,44,0,0,0,0,no_volume,0,0,0,0,no_volume,0,0,0,0,low_activity,0,0,0,0,0,0,127533,105106,-0.0964,199,113,31,30,56,55,1
1774106223,55,44,0,0,0,0,low_activity,0,0,0,0,low_activity,0,0,0,0,low_activity,0,0,0,0,0,0,126559,104064,-0.0975,191,-861,32,28,56,55,1
1774106224,55,44,0,0,0,0,low_activity,0,0,0,0,low_activity,0,0,0,0,low_activity,0,0,0,0,0,0,127326,89821,-0.1727,-8,872,31,28,56,55,1
1774106225,55,44,0,0,0,0,low_activity,0,0,0,0,low_activity,0,0,0,0,low_activity,0,0,0,0,0,0,127326,89821,-0.1727,-207,-94,31,29,56,55,1
1774106226,55,44,0,0,0,0,no_volume,0,0,0,0,low_activity,0,0,0,0,low_activity,0,0,0,0,0,0,126360,88855,-0.1743,-199,-1251,31,28,56,55,1
1774106227,55,44,0,0,0,0,no_volume,0,0,0,0,low_activity,0,0,0,0,low_activity,0,0,0,0,0,0,127326,119821,-0.0304,0,958,31,31,56,55,1
1774106228,55,44,0,0,0,0,no_volume,0,0,0,0,no_volume,0,0,0,0,low_activity,0,0,0,0,0,0,127326,119821,-0.0304,0,-8,31,30,56,55,1
1774106229,55,44,0,0,0,0,low_activity,0,0,0,0,low_activity,0,0,0,0,low_activity,0,0,0,0,0,0,125311,118855,-0.0264,-1049,-2023,32,29,56,55,1
1774106230,55,44,0,0,0,0,low_activity,0,0,0,0,low_activity,0,0,0,0,low_activity,0,0,0,0,0,0,125966,120008,-0.0242,-1360,-402,32,31,56,55,1
1774106231,55,44,0,0,0,0,low_activity,0,0,0,0,low_activity,0,0,0,0,low_activity,0,0,0,0,0,0,128632,120008,-0.0347,1306,1298,32,31,56,55,1
1774106232,55,44,0,0,0,0,low_activity,0,0,0,0,low_activity,0,0,0,0,low_activity,0,0,0,0,0,0,127455,103855,-0.102,2144,-78,32,28,56,55,1
1774106233,55,44,0,0,0,0,low_activity,0,0,0,0,low_activity,0,0,0,0,low_activity,0,0,0,0,0,0,128421,104821,-0.1012,2455,1862,32,29,56,55,1
1774106234,55,44,0,0,0,0,low_activity,0,0,0,0,low_activity,0,0,0,0,low_activity,0,0,0,0,0,0,128421,119821,-0.0346,-211,1095,32,31,56,55,1
1774106235,55,44,0,0,0,0,no_volume,0,0,0,0,low_activity,0,0,0,0,low_activity,0,0,0,0,0,0,128794,104055,-0.1062,1339,1468,32,29,56,55,1
1774106236,55,44,0,0,0,0,no_volume,0,0,0,0,low_activity,0,0,0,0,low_activity,0,0,0,0,0,0,129760,105021,-0.1054,1339,3400,32,30,56,55,1
1774106237,55,44,0,0,0,0,no_volume,0,0,0,0,no_volume,0,0,0,0,low_activity,0,0,0,0,0,0,129557,119821,-0.039,1136,2231,32,29,56,55,1
1774106238,55,44,0,0,0,0,no_volume,0,0,0,0,no_volume,0,0,0,0,low_activity,0,0,0,0,0,0,129557,119821,-0.039,763,2231,32,29,56,55,1
1774106239,55,44,0,0,0,0,no_volume,0,0,0,0,no_volume,0,0,0,0,low_activity,0,0,0,0,0,0,129557,119821,-0.039,-203,4246,32,29,56,55,1
1774106240,55,44,0,0,0,0,low_activity,0,0,0,0,low_activity,0,0,0,0,low_activity,0,0,0,0,0,0,128726,119821,-0.0358,-831,2760,32,29,56,55,1
1774106241,55,44,0,0,0,0,low_activity,0,0,0,0,low_activity,0,0,0,0,low_activity,0,0,0,0,0,0,127794,120033,-0.0313,-1763,-838,32,30,56,55,1
1774106242,55,44,0,0,0,0,low_activity,0,0,0,0,low_activity,0,0,0,0,low_activity,0,0,0,0,0,0,127794,120033,-0.0313,-1763,339,32,30,56,55,1
1774106243,55,44,0,0,0,0,no_volume,0,0,0,0,low_activity,0,0,0,0,low_activity,0,0,0,0,0,0,126624,118855,-0.0316,-2102,-1797,32,28,56,55,1
1774106244,55,44,0,0,0,0,no_volume,0,0,0,0,low_activity,0,0,0,0,low_activity,0,0,0,0,0,0,126624,118855,-0.0316,-1170,-1797,32,28,56,55,1
1774106245,55,44,0,0,0,0,no_volume,0,0,0,0,no_volume,0,0,0,0,low_activity,0,0,0,0,0,0,126624,118855,-0.0316,-1170,-2170,32,28,56,55,1
1774106246,55,44,0,0,0,0,no_volume,0,0,0,0,no_volume,0,0,0,0,low_activity,0,0,0,0,0,0,126624,118855,-0.0316,0,-3136,32,28,56,55,1
1774106247,55,44,0,0,0,0,low_activity,0,0,0,0,low_activity,0,0,0,0,low_activity,0,0,0,0,0,0,127769,105029,-0.0977,1145,-1788,32,30,56,55,1
1774106248,55,44,0,0,0,0,low_activity,0,0,0,0,low_activity,0,0,0,0,low_activity,0,0,0,0,0,0,126786,104063,-0.0984,162,-2771,32,29,56,55,1
1774106249,55,44,0,0,0,0,low_activity,0,0,0,0,low_activity,0,0,0,0,low_activity,0,0,0,0,0,0,126590,103855,-0.0987,-34,-2967,32,28,56,55,1
1774106250,55,44,0,0,0,0,low_activity,0,0,0,0,low_activity,0,0,0,0,low_activity,0,0,0,0,0,0,127556,89821,-0.1736,-213,-1170,32,29,56,55,1
1774106251,55,44,0,0,0,0,low_activity,0,0,0,0,low_activity,0,0,0,0,low_activity,0,0,0,0,0,0,126554,103855,-0.0985,-232,-1240,32,28,56,55,1
1774106252,55,44,0,0,0,0,low_activity,0,0,0,0,low_activity,0,0,0,0,low_activity,0,0,0,0,0,0,126549,103855,-0.0985,-41,-1245,32,28,56,55,1
1774106253,55,44,0,0,0,0,low_activity,0,0,0,0,low_activity,0,0,0,0,low_activity,0,0,0,0,0,0,127515,89821,-0.1734,-41,891,32,29,56,55,1
1774106254,55,44,0,0,0,0,low_activity,0,0,0,0,low_activity,0,0,0,0,low_activity,0,0,0,0,0,0,126742,89069,-0.1746,188,118,32,29,56,55,1
1774106255,55,44,0,0,0,0,no_volume,0,0,0,0,low_activity,0,0,0,0,low_activity,0,0,0,0,0,0,125242,104069,-0.0923,-1307,-1382,32,30,56,55,1
1774106256,55,44,0,0,0,0,no_volume,0,0,0,0,low_activity,0,0,0,0,low_activity,0,0,0,0,0,0,126015,119821,-0.0252,-1500,-609,32,28,56,55,1
1774106257,55,44,0,0,0,0,no_volume,0,0,0,0,no_volume,0,0,0,0,low_activity,0,0,0,0,0,0,125049,118855,-0.0254,-1693,-2720,31,27,56,55,1
1774106258,55,44,0,0,0,0,no_volume,0,0,0,0,no_volume,0,0,0,0,low_activity,0,0,0,0,0,0,125049,118855,-0.0254,-193,-1737,31,27,56,55,1
1774106259,55,44,0,0,0,0,no_volume,0,0,0,0,no_volume,0,0,0,0,low_activity,0,0,0,0,0,0,125049,118855,-0.0254,-966,-1541,31,27,56,55,1
1774106260,55,44,0,0,0,0,no_volume,0,0,0,0,no_volume,0,0,0,0,low_activity,0,0,0,0,0,0,125049,118855,-0.0254,0,-2507,31,27,56,55,1
1774106261,55,44,0,0,0,0,no_volume,0,0,0,0,no_volume,0,0,0,0,low_activity,0,0,0,0,0,0,126222,120015,-0.0252,1173,-332,31,28,56,55,1
1774106262,55,44,0,0,0,0,no_volume,0,0,0,0,no_volume,0,0,0,0,low_activity,0,0,0,0,0,0,127722,120015,-0.0311,2673,1173,31,28,56,55,1
1774106263,55,44,0,0,0,0,no_volume,0,0,0,0,no_volume,0,0,0,0,low_activity,0,0,0,0,0,0,127515,119821,-0.0311,2466,0,31,28,56,55,1
1774106264,55,44,0,0,0,0,low_activity,0,0,0,0,low_activity,0,0,0,0,low_activity,0,0,0,0,0,0,112504,117688,0.0225,-13718,-14238,30,27,56,55,1
1774106265,55,44,0,0,0,0,low_activity,0,0,0,0,low_activity,0,0,0,0,low_activity,0,0,0,0,0,0,130887,119821,-0.0441,3165,5645,32,28,56,55,1
1774106266,55,44,0,0,0,0,low_activity,0,0,0,0,low_activity,0,0,0,0,low_activity,0,0,0,0,0,0,136538,118855,-0.0692,9023,10523,31,27,56,55,1
1774106267,55,44,0,0,0,0,low_activity,0,0,0,0,low_activity,0,0,0,0,low_activity,0,0,0,0,0,0,150202,104069,-0.1814,37698,25153,31,29,56,55,1
1774106268,55,44,0,0,0,0,low_activity,0,0,0,0,low_activity,0,0,0,0,low_activity,0,0,0,0,0,0,151168,90035,-0.2535,20281,26119,31,30,56,55,1
1774106269,55,44,0,0,0,0,low_activity,0,0,0,0,low_activity,0,0,0,0,low_activity,0,0,0,0,0,0,150970,103813,-0.1851,14432,25921,31,27,56,55,1
1774106270,55,44,0,0,0,0,low_activity,0,0,0,0,low_activity,0,0,0,0,low_activity,0,0,0,0,0,0,146867,103813,-0.1717,-3335,21818,31,28,56,55,1
1774106271,55,44,0,0,0,0,low_activity,0,0,0,0,low_activity,0,0,0,0,low_activity,0,0,0,0,0,0,146833,104779,-0.1671,-4335,20611,31,28,56,55,1
1774106272,55,44,0,0,0,0,low_activity,0,0,0,0,low_activity,0,0,0,0,low_activity,0,0,0,0,0,0,147044,104031,-0.1713,-3926,19322,31,29,56,55,1
1774106273,55,44,0,0,0,0,low_activity,0,0,0,0,low_activity,0,0,0,0,low_activity,0,0,0,0,0,0,150433,103390,-0.1853,3566,22918,33,29,56,55,1
1774106274,55,44,0,0,0,0,no_volume,0,0,0,0,low_activity,0,0,0,0,low_activity,0,0,0,0,0,0,150222,89138,-0.2552,3389,37718,32,28,56,55,1
1774106275,55,44,0,0,0,0,no_volume,0,0,0,0,low_activity,0,0,0,0,low_activity,0,0,0,0,0,0,149256,103172,-0.1826,2212,18369,30,28,56,55,1
1774106276,55,44,0,0,0,0,no_volume,0,0,0,0,no_volume,0,0,0,0,low_activity,0,0,0,0,0,0,130517,103172,-0.117,-19916,-6021,30,29,56,55,1
1774106277,55,44,0,0,0,0,no_volume,0,0,0,0,no_volume,0,0,0,0,low_activity,0,0,0,0,0,0,131473,104138,-0.116,-18749,-18729,29,29,56,55,1
1774106278,55,44,0,0,0,0,low_activity,0,0,0,0,low_activity,0,0,0,0,low_activity,0,0,0,0,0,0,130710,88172,-0.1943,-18546,-20458,30,27,56,55,1
1774106279,55,44,0,0,0,0,low_activity,0,0,0,0,low_activity,0,0,0,0,low_activity,0,0,0,0,0,0,129697,88358,-0.1896,-820,-21273,31,28,56,55,1
1774106280,55,44,0,0,0,0,low_activity,0,0,0,0,low_activity,0,0,0,0,low_activity,0,0,0,0,0,0,130775,104965,-0.1095,-698,-16092,30,30,56,55,1
1774106281,55,44,0,0,0,0,low_activity,0,0,0,0,low_activity,0,0,0,0,low_activity,0,0,0,0,0,0,129697,103813,-0.1108,-1013,-17136,31,28,56,55,1
1774106282,55,44,0,0,0,0,no_volume,0,0,0,0,low_activity,0,0,0,0,low_activity,0,0,0,0,0,0,129697,103813,-0.1108,0,-17347,31,28,56,55,1
1774106283,55,44,0,0,0,0,low_activity,0,0,0,0,low_activity,0,0,0,0,low_activity,0,0,0,0,0,0,130629,104779,-0.1098,-146,-19804,31,29,56,55,1
1774106284,55,44,0,0,0,0,low_activity,0,0,0,0,low_activity,0,0,0,0,low_activity,0,0,0,0,0,0,130629,91267,-0.1774,932,-19593,31,29,56,55,1
1774106285,55,44,0,0,0,0,low_activity,0,0,0,0,low_activity,0,0,0,0,low_activity,0,0,0,0,0,0,131485,90301,-0.1857,1788,-17771,31,27,56,55,1
1774106286,55,44,0,0,0,0,no_volume,0,0,0,0,low_activity,0,0,0,0,low_activity,0,0,0,0,0,0,132665,106485,-0.1095,2036,2148,31,29,56,55,1
1774106287,55,44,0,0,0,0,no_volume,0,0,0,0,low_activity,0,0,0,0,low_activity,0,0,0,0,0,0,132665,106485,-0.1095,2036,1192,30,30,56,55,1
1774106288,55,44,0,0,0,0,no_volume,0,0,0,0,no_volume,0,0,0,0,low_activity,0,0,0,0,0,0,131485,105301,-0.1106,0,775,30,27,56,55,1
1774106289,55,44,0,0,0,0,low_activity,0,0,0,0,low_activity,0,0,0,0,low_activity,0,0,0,0,0,0,132336,106267,-0.1093,-329,2639,30,29,56,55,1
1774106290,55,44,0,0,0,0,low_activity,0,0,0,0,low_activity,0,0,0,0,low_activity,0,0,0,0,0,0,132336,106267,-0.1093,-329,1561,30,28,56,55,1
1774106291,55,44,0,0,0,0,low_activity,0,0,0,0,low_activity,0,0,0,0,low_activity,0,0,0,0,0,0,131360,90301,-0.1852,-125,1663,30,28,56,55,1
1774106292,55,44,0,0,0,0,low_activity,0,0,0,0,low_activity,0,0,0,0,low_activity,0,0,0,0,0,0,132518,91464,-0.1833,182,2821,30,30,56,55,1
1774106293,55,44,0,0,0,0,low_activity,0,0,0,0,low_activity,0,0,0,0,low_activity,0,0,0,0,0,0,135184,89976,-0.2008,2848,4555,30,30,56,55,1
1774106294,55,44,0,0,0,0,no_volume,0,0,0,0,low_activity,0,0,0,0,low_activity,0,0,0,0,0,0,134026,105301,-0.12,2666,3397,30,30,56,55,1
1774106295,55,44,0,0,0,0,no_volume,0,0,0,0,low_activity,0,0,0,0,low_activity,0,0,0,0,0,0,134992,106267,-0.1191,2474,3507,30,29,56,55,1
1774106296,55,44,0,0,0,0,low_activity,0,0,0,0,low_activity,0,0,0,0,low_activity,0,0,0,0,0,0,134992,107131,-0.1151,-192,2327,30,31,56,55,1
1774106297,55,44,0,0,0,0,low_activity,0,0,0,0,low_activity,0,0,0,0,low_activity,0,0,0,0,0,0,134996,120349,-0.0574,970,2331,31,32,56,55,1
1774106298,55,44,0,0,0,0,low_activity,0,0,0,0,low_activity,0,0,0,0,low_activity,0,0,0,0,0,0,120954,119182,-0.0074,-14038,-10531,29,32,56,55,1
1774106299,55,44,0,0,0,0,low_activity,0,0,0,0,low_activity,0,0,0,0,low_activity,0,0,0,0,0,0,135507,121131,-0.056,515,3171,30,32,56,55,1
1774106300,55,44,0,0,0,0,low_activity,0,0,0,0,low_activity,0,0,0,0,low_activity,0,0,0,0,0,0,134455,118677,-0.0623,-541,2119,30,30,56,55,1
1774106301,55,44,0,0,0,0,low_activity,0,0,0,0,low_activity,0,0,0,0,low_activity,0,0,0,0,0,0,135606,121329,-0.0556,14652,4246,30,32,56,55,1
1774106302,55,44,0,0,0,0,low_activity,0,0,0,0,low_activity,0,0,0,0,low_activity,0,0,0,0,0,0,134450,121329,-0.0513,-1057,1932,30,32,56,55,1
1774106303,55,44,0,0,0,0,low_activity,0,0,0,0,low_activity,0,0,0,0,low_activity,0,0,0,0,0,0,134265,121131,-0.0514,-190,-919,30,31,56,55,1
1774106304,55,44,0,0,0,0,low_activity,0,0,0,0,low_activity,0,0,0,0,low_activity,0,0,0,0,0,0,119007,118998,-0.0,-16599,-15019,29,30,56,55,1
1774106305,55,44,0,0,0,0,low_activity,0,0,0,0,low_activity,0,0,0,0,low_activity,0,0,0,0,0,0,134007,121131,-0.0505,-443,-985,30,31,56,55,1
1774106306,55,44,0,0,0,0,low_activity,0,0,0,0,low_activity,0,0,0,0,low_activity,0,0,0,0,0,0,136377,120165,-0.0632,2112,1385,31,30,56,55,1
1774106307,55,44,0,0,0,0,low_activity,0,0,0,0,low_activity,0,0,0,0,low_activity,0,0,0,0,0,0,137335,106131,-0.1282,18328,2339,29,29,56,55,1
1774106308,55,44,0,0,0,0,low_activity,0,0,0,0,low_activity,0,0,0,0,low_activity,0,0,0,0,0,0,137510,91342,-0.2017,3503,16556,29,30,56,55,1
1774106309,55,44,0,0,0,0,low_activity,0,0,0,0,low_activity,0,0,0,0,low_activity,0,0,0,0,0,0,136544,88888,-0.2114,167,1037,29,29,56,55,1
1774106310,55,44,0,0,0,0,low_activity,0,0,0,0,low_activity,0,0,0,0,low_activity,0,0,0,0,0,0,133562,91131,-0.1888,-3773,-893,29,29,56,55,1
1774106311,55,44,0,0,0,0,no_volume,0,0,0,0,low_activity,0,0,0,0,low_activity,0,0,0,0,0,0,133772,91131,-0.1896,-3738,-1834,30,30,56,55,1
1774106312,55,44,0,0,0,0,no_volume,0,0,0,0,low_activity,0,0,0,0,low_activity,0,0,0,0,0,0,132806,105165,-0.1162,-3738,-1644,30,29,56,55,1
1774106313,55,44,0,0,0,0,low_activity,0,0,0,0,low_activity,0,0,0,0,low_activity,0,0,0,0,0,0,132812,103677,-0.1232,-750,-1453,30,28,56,55,1
1774106314,55,44,0,0,0,0,low_activity,0,0,0,0,low_activity,0,0,0,0,low_activity,0,0,0,0,0,0,133984,106337,-0.115,212,14977,30,30,56,55,1
1774106315,55,44,0,0,0,0,low_activity,0,0,0,0,low_activity,0,0,0,0,low_activity,0,0,0,0,0,0,134518,105371,-0.1215,1712,511,31,29,56,55,1
1774106316,55,44,0,0,0,0,low_activity,0,0,0,0,low_activity,0,0,0,0,low_activity,0,0,0,0,0,0,134310,105165,-0.1217,1498,-2067,30,29,56,55,1
1774106317,55,44,0,0,0,0,low_activity,0,0,0,0,low_activity,0,0,0,0,low_activity,0,0,0,0,0,0,135276,91131,-0.195,1292,-2059,30,29,56,55,1
1774106318,55,44,0,0,0,0,low_activity,0,0,0,0,low_activity,0,0,0,0,low_activity,0,0,0,0,0,0,134310,105165,-0.1217,-208,-3200,30,27,56,55,1
1774106319,55,44,0,0,0,0,no_volume,0,0,0,0,low_activity,0,0,0,0,low_activity,0,0,0,0,0,0,132810,105165,-0.1162,-1500,-3734,30,29,56,55,1
1774106320,55,44,0,0,0,0,no_volume,0,0,0,0,low_activity,0,0,0,0,low_activity,0,0,0,0,0,0,133994,106342,-0.1151,-1282,432,30,28,56,55,1
1774106321,55,44,0,0,0,0,no_volume,0,0,0,0,no_volume,0,0,0,0,low_activity,0,0,0,0,0,0,158994,131342,-0.0952,24684,25222,30,28,56,55,1
1774106322,55,44,0,0,0,0,no_volume,0,0,0,0,no_volume,0,0,0,0,low_activity,0,0,0,0,0,0,159310,115165,-0.1608,26500,26504,30,28,56,55,1
1774106323,55,44,0,0,0,0,no_volume,0,0,0,0,no_volume,0,0,0,0,low_activity,0,0,0,0,0,0,160276,131131,-0.1,26282,27464,30,28,56,55,1
1774106324,55,44,0,0,0,0,low_activity,0,0,0,0,low_activity,0,0,0,0,low_activity,0,0,0,0,0,0,159285,115165,-0.1608,291,25301,30,27,56,55,1
1774106325,55,44,0,0,0,0,low_activity,0,0,0,0,low_activity,0,0,0,0,low_activity,0,0,0,0,0,0,159481,130361,-0.1005,171,24963,30,30,56,55,1
1774106326,55,44,0,0,0,0,low_activity,0,0,0,0,low_activity,0,0,0,0,low_activity,0,0,0,0,0,0,160251,129643,-0.1056,-25,25941,30,28,56,55,1
1774106327,55,44,0,0,0,0,no_volume,0,0,0,0,low_activity,0,0,0,0,low_activity,0,0,0,0,0,0,159285,130165,-0.1006,0,24009,30,28,56,55,1
1774106328,55,44,0,0,0,0,no_volume,0,0,0,0,low_activity,0,0,0,0,low_activity,0,0,0,0,0,0,159285,144524,-0.0486,-196,24975,30,28,56,55,1
1774106329,55,44,0,0,0,0,no_volume,0,0,0,0,no_volume,0,0,0,0,low_activity,0,0,0,0,0,0,160463,129193,-0.108,212,27653,30,30,56,55,1
1774106330,55,44,0,0,0,0,no_volume,0,0,0,0,no_volume,0,0,0,0,low_activity,0,0,0,0,0,0,159497,144715,-0.0486,212,25503,30,29,56,55,1
1774106331,55,44,0,0,0,0,no_volume,0,0,0,0,no_volume,0,0,0,0,low_activity,0,0,0,0,0,0,158877,144524,-0.0473,-408,-117,30,29,56,55,1
1774106332,55,44,0,0,0,0,low_activity,0,0,0,0,low_activity,0,0,0,0,low_activity,0,0,0,0,0,0,159769,130490,-0.1009,-694,459,30,29,56,55,1
1774106333,55,44,0,0,0,0,low_activity,0,0,0,0,low_activity,0,0,0,0,low_activity,0,0,0,0,0,0,158803,144524,-0.0471,-694,-1473,30,28,56,55,1
1774106334,55,44,0,0,0,0,low_activity,0,0,0,0,low_activity,0,0,0,0,low_activity,0,0,0,0,0,0,158914,144706,-0.0468,37,-371,30,30,56,55,1
1774106335,55,44,0,0,0,0,low_activity,0,0,0,0,low_activity,0,0,0,0,low_activity,0,0,0,0,0,0,159880,145672,-0.0465,111,399,31,30,56,55,1
1774106336,55,44,0,0,0,0,low_activity,0,0,0,0,low_activity,0,0,0,0,low_activity,0,0,0,0,0,0,159682,145490,-0.0465,879,-569,30,30,56,55,1
1774106337,55,44,0,0,0,0,no_volume,0,0,0,0,low_activity,0,0,0,0,low_activity,0,0,0,0,0,0,158716,114524,-0.1617,-198,-569,30,28,56,55,1
1774106338,55,44,0,0,0,0,no_volume,0,0,0,0,low_activity,0,0,0,0,low_activity,0,0,0,0,0,0,159682,129002,-0.1063,-198,397,30,28,56,55,1
1774106339,55,44,0,0,0,0,no_volume,0,0,0,0,no_volume,0,0,0,0,low_activity,0,0,0,0,0,0,159868,130703,-0.1004,186,-595,30,30,56,55,1
1774106340,55,44,0,0,0,0,no_volume,0,0,0,0,no_volume,0,0,0,0,low_activity,0,0,0,0,0,0,158902,129737,-0.101,186,-595,31,30,56,55,1
1774106341,55,44,0,0,0,0,no_volume,0,0,0,0,no_volume,0,0,0,0,low_activity,0,0,0,0,0,0,159682,115490,-0.1606,0,805,30,28,56,55,1
1774106342,55,44,0,0,0,0,no_volume,0,0,0,0,no_volume,0,0,0,0,low_activity,0,0,0,0,0,0,159682,130490,-0.1006,-186,-87,30,29,56,55,1
1774106343,55,44,0,0,0,0,no_volume,0,0,0,0,no_volume,0,0,0,0,low_activity,0,0,0,0,0,0,158904,129705,-0.1012,2,101,30,30,56,55,1
1774106344,55,44,0,0,0,0,low_activity,0,0,0,0,low_activity,0,0,0,0,low_activity,0,0,0,0,0,0,159770,129808,-0.1035,88,856,31,30,56,55,1
1774106345,55,44,0,0,0,0,low_activity,0,0,0,0,low_activity,0,0,0,0,low_activity,0,0,0,0,0,0,159232,116115,-0.1566,-450,-648,29,28,56,55,1
1774106346,55,44,0,0,0,0,low_activity,0,0,0,0,low_activity,0,0,0,0,low_activity,0,0,0,0,0,0,157250,114524,-0.1572,-1654,-2432,29,27,56,55,1
1774106347,55,44,0,0,0,0,low_activity,0,0,0,0,low_activity,0,0,0,0,low_activity,0,0,0,0,0,0,158401,130671,-0.0959,-1369,-315,30,30,56,55,1
1774106348,55,44,0,0,0,0,low_activity,0,0,0,0,low_activity,0,0,0,0,low_activity,0,0,0,0,0,0,156901,115671,-0.1513,-2331,-2781,30,29,56,55,1
1774106349,55,44,0,0,0,0,low_activity,0,0,0,0,low_activity,0,0,0,0,low_activity,0,0,0,0,0,0,155722,129524,-0.0918,-1528,-4146,29,29,56,55,1
1774106350,55,44,0,0,0,0,low_activity,0,0,0,0,low_activity,0,0,0,0,low_activity,0,0,0,0,0,0,159104,130490,-0.0988,703,202,29,29,56,55,1
1774106351,55,44,0,0,0,0,low_activity,0,0,0,0,low_activity,0,0,0,0,low_activity,0,0,0,0,0,0,159294,115692,-0.1586,2393,-388,29,29,56,55,1
1774106352,55,44,0,0,0,0,low_activity,0,0,0,0,low_activity,0,0,0,0,low_activity,0,0,0,0,0,0,158294,113863,-0.1633,2572,-1388,30,29,56,55,1
1774106353,55,44,0,0,0,0,low_activity,0,0,0,0,low_activity,0,0,0,0,low_activity,0,0,0,0,0,0,159070,131115,-0.0963,-34,166,29,28,56,55,1
1774106354,55,44,0,0,0,0,low_activity,0,0,0,0,low_activity,0,0,0,0,low_activity,0,0,0,0,0,0,159220,131313,-0.0961,-74,-550,29,31,56,55,1
1774106355,55,44,0,0,0,0,low_activity,0,0,0,0,low_activity,0,0,0,0,low_activity,0,0,0,0,0,0,93366,122418,0.1346,-64928,-65866,31,29,56,55,1
1774106356,55,44,0,0,0,0,low_activity,0,0,0,0,low_activity,0,0,0,0,low_activity,0,0,0,0,0,0,92481,122253,0.1386,-66589,-64769,30,29,56,55,1
1774106357,55,44,0,0,0,0,low_activity,0,0,0,0,low_activity,0,0,0,0,low_activity,0,0,0,0,0,0,92412,122253,0.139,-66808,-65989,30,29,56,55,1
1774106358,55,44,0,0,0,0,low_activity,0,0,0,0,low_activity,0,0,0,0,low_activity,0,0,0,0,0,0,89790,120732,0.147,-3576,-67111,28,28,56,55,1
1774106359,55,44,0,0,0,0,low_activity,0,0,0,0,low_activity,0,0,0,0,low_activity,0,0,0,0,0,0,89807,122213,0.1528,-2674,-65915,29,28,56,55,1
1774106360,55,44,0,0,0,0,no_volume,0,0,0,0,low_activity,0,0,0,0,low_activity,0,0,0,0,0,0,90023,122422,0.1525,-2389,-69081,29,30,56,55,1
1774106361,55,44,0,0,0,0,no_volume,0,0,0,0,low_activity,0,0,0,0,low_activity,0,0,0,0,0,0,90023,122422,0.1525,233,-69271,29,29,56,55,1
1774106362,55,44,0,0,0,0,no_volume,0,0,0,0,no_volume,0,0,0,0,low_activity,0,0,0,0,0,0,89807,122213,0.1528,0,-68487,29,28,56,55,1
1774106363,55,44,0,0,0,0,no_volume,0,0,0,0,no_volume,0,0,0,0,low_activity,0,0,0,0,0,0,89807,122213,0.1528,-216,-69263,29,27,56,55,1
1774106364,55,44,0,0,0,0,no_volume,0,0,0,0,no_volume,0,0,0,0,low_activity,0,0,0,0,0,0,89807,120719,0.1468,-216,-69413,29,29,56,55,1
1774106365,55,44,0,0,0,0,no_volume,0,0,0,0,no_volume,0,0,0,0,low_activity,0,0,0,0,0,0,90017,122419,0.1525,210,-3349,29,29,56,55,1
1774106366,55,44,0,0,0,0,no_volume,0,0,0,0,no_volume,0,0,0,0,low_activity,0,0,0,0,0,0,90017,122419,0.1525,210,-2464,29,29,56,55,1
1774106367,55,44,0,0,0,0,low_activity,0,0,0,0,low_activity,0,0,0,0,low_activity,0,0,0,0,0,0,89830,122246,0.1529,23,-2582,29,29,56,55,1
1774106368,55,44,0,0,0,0,low_activity,0,0,0,0,low_activity,0,0,0,0,low_activity,0,0,0,0,0,0,89340,122246,0.1555,-677,-450,29,28,56,55,1
1774106369,55,44,0,0,0,0,low_activity,0,0,0,0,low_activity,0,0,0,0,low_activity,0,0,0,0,0,0,131743,123476,-0.0324,41726,41936,30,30,56,55,1
1774106370,55,44,0,0,0,0,low_activity,0,0,0,0,low_activity,0,0,0,0,low_activity,0,0,0,0,0,0,130697,121222,-0.0376,40867,40674,30,29,56,55,1
1774106371,55,44,0,0,0,0,no_volume,0,0,0,0,low_activity,0,0,0,0,low_activity,0,0,0,0,0,0,130751,122710,-0.0317,41411,40728,30,29,56,55,1
1774106372,55,44,0,0,0,0,no_volume,0,0,0,0,low_activity,0,0,0,0,low_activity,0,0,0,0,0,0,131777,123476,-0.0325,34,41970,30,29,56,55,1
1774106373,55,44,0,0,0,0,no_volume,0,0,0,0,no_volume,0,0,0,0,low_activity,0,0,0,0,0,0,130971,123129,-0.0309,274,41164,30,28,56,55,1
1774106374,55,44,0,0,0,0,no_volume,0,0,0,0,no_volume,0,0,0,0,low_activity,0,0,0,0,0,0,130971,122207,-0.0346,220,41164,30,29,56,55,1
1774106375,55,44,0,0,0,0,no_volume,0,0,0,0,no_volume,0,0,0,0,low_activity,0,0,0,0,0,0,135199,125167,-0.0385,3422,45182,30,31,56,55,1
1774106376,55,44,0,0,0,0,no_volume,0,0,0,0,no_volume,0,0,0,0,low_activity,0,0,0,0,0,0,134961,124004,-0.0423,3990,44944,32,28,56,55,1
1774106377,55,44,0,0,0,0,no_volume,0,0,0,0,no_volume,0,0,0,0,low_activity,0,0,0,0,0,0,136986,122516,-0.0558,6015,47156,30,27,56,55,1
1774106378,55,44,0,0,0,0,low_activity,0,0,0,0,low_activity,0,0,0,0,low_activity,0,0,0,0,0,0,138215,109970,-0.1138,3016,48875,30,29,56,55,1
1774106379,55,44,0,0,0,0,low_activity,0,0,0,0,low_activity,0,0,0,0,low_activity,0,0,0,0,0,0,138514,124224,-0.0544,3553,6771,31,29,56,55,1
1774106380,55,44,0,0,0,0,low_activity,0,0,0,0,low_activity,0,0,0,0,low_activity,0,0,0,0,0,0,138514,109224,-0.1182,1528,7817,31,29,56,55,1
1774106381,55,44,0,0,0,0,low_activity,0,0,0,0,low_activity,0,0,0,0,low_activity,0,0,0,0,0,0,139732,124105,-0.0592,1517,8981,30,28,56,55,1
1774106382,55,44,0,0,0,0,no_volume,0,0,0,0,low_activity,0,0,0,0,low_activity,0,0,0,0,0,0,138766,124627,-0.0537,252,6989,30,28,56,55,1
1774106383,55,44,0,0,0,0,low_activity,0,0,0,0,low_activity,0,0,0,0,low_activity,0,0,0,0,0,0,137815,124660,-0.0501,-699,6844,30,29,56,55,1
1774106384,55,44,0,0,0,0,low_activity,0,0,0,0,low_activity,0,0,0,0,low_activity,0,0,0,0,0,0,138998,125816,-0.0498,-734,8027,31,30,56,55,1
1774106385,55,44,0,0,0,0,low_activity,0,0,0,0,low_activity,0,0,0,0,low_activity,0,0,0,0,0,0,138032,122684,-0.0589,-734,2833,30,29,56,55,1
1774106386,55,44,0,0,0,0,low_activity,0,0,0,0,low_activity,0,0,0,0,low_activity,0,0,0,0,0,0,137481,108172,-0.1193,-334,2520,31,27,56,55,1
1774106387,55,44,0,0,0,0,low_activity,0,0,0,0,low_activity,0,0,0,0,low_activity,0,0,0,0,0,0,138447,125626,-0.0486,-551,1461,31,29,56,55,1
1774106388,55,44,0,0,0,0,low_activity,0,0,0,0,low_activity,0,0,0,0,low_activity,0,0,0,0,0,0,137072,124333,-0.0487,-960,-1143,31,31,56,55,1
1774106389,55,44,0,0,0,0,low_activity,0,0,0,0,low_activity,0,0,0,0,low_activity,0,0,0,0,0,0,134970,123367,-0.0449,-2511,-3544,31,29,56,55,1
1774106390,55,44,0,0,0,0,low_activity,0,0,0,0,low_activity,0,0,0,0,low_activity,0,0,0,0,0,0,135727,122605,-0.0508,-2720,-2787,30,29,56,55,1
1774106391,55,44,0,0,0,0,no_volume,0,0,0,0,low_activity,0,0,0,0,low_activity,0,0,0,0,0,0,137503,124093,-0.0513,431,-2229,31,30,56,55,1
1774106392,55,44,0,0,0,0,low_activity,0,0,0,0,low_activity,0,0,0,0,low_activity,0,0,0,0,0,0,136108,108142,-0.1145,1138,-2658,31,29,56,55,1
1774106393,55,44,0,0,0,0,low_activity,0,0,0,0,low_activity,0,0,0,0,low_activity,0,0,0,0,0,0,137121,124108,-0.0498,1394,-694,31,31,56,55,1
1774106394,55,44,0,0,0,0,low_activity,0,0,0,0,low_activity,0,0,0,0,low_activity,0,0,0,0,0,0,136927,123920,-0.0499,-576,-2071,31,29,56,55,1
1774106395,55,44,0,0,0,0,no_volume,0,0,0,0,low_activity,0,0,0,0,low_activity,0,0,0,0,0,0,135961,122954,-0.0502,-147,-2071,31,28,56,55,1
1774106396,55,44,0,0,0,0,no_volume,0,0,0,0,low_activity,0,0,0,0,low_activity,0,0,0,0,0,0,134794,121787,-0.0507,-2327,-2687,30,29,56,55,1
1774106397,55,44,0,0,0,0,low_activity,0,0,0,0,low_activity,0,0,0,0,low_activity,0,0,0,0,0,0,137133,137055,-0.0003,206,-1314,31,29,56,55,1
1774106398,55,44,0,0,0,0,low_activity,0,0,0,0,low_activity,0,0,0,0,low_activity,0,0,0,0,0,0,136167,138200,0.0074,206,-905,31,29,56,55,1
1774106399,55,44,0,0,0,0,low_activity,0,0,0,0,low_activity,0,0,0,0,low_activity,0,0,0,0,0,0,135949,137954,0.0073,1155,979,31,28,56,55,1
1774106400,55,44,0,0,0,0,no_volume,0,0,0,0,low_activity,0,0,0,0,low_activity,0,0,0,0,0,0,137538,138920,0.005,405,1811,30,29,56,55,1
1774106401,55,44,0,0,0,0,no_volume,0,0,0,0,low_activity,0,0,0,0,low_activity,0,0,0,0,0,0,136583,137001,0.0015,416,-920,31,29,56,55,1
1774106402,55,44,0,0,0,0,low_activity,0,0,0,0,low_activity,0,0,0,0,low_activity,0,0,0,0,0,0,135935,137646,0.0063,-14,-173,31,29,56,55,1
1774106403,55,44,0,0,0,0,low_activity,0,0,0,0,low_activity,0,0,0,0,low_activity,0,0,0,0,0,0,134788,137987,0.0117,-2750,-2333,31,28,56,55,1
1774106404,55,44,0,0,0,0,low_activity,0,0,0,0,low_activity,0,0,0,0,low_activity,0,0,0,0,0,0,135677,138953,0.0119,-906,-1250,31,29,56,55,1
1774106405,55,44,0,0,0,0,low_activity,0,0,0,0,low_activity,0,0,0,0,low_activity,0,0,0,0,0,0,135677,138953,0.0119,-258,-284,31,29,56,55,1
1774106406,55,44,0,0,0,0,low_activity,0,0,0,0,low_activity,0,0,0,0,low_activity,0,0,0,0,0,0,134920,136697,0.0065,132,126,31,28,56,55,1
1774106407,55,44,0,0,0,0,low_activity,0,0,0,0,low_activity,0,0,0,0,low_activity,0,0,0,0,0,0,134869,123185,-0.0453,-808,-2264,31,29,56,55,1
1774106408,55,44,0,0,0,0,low_activity,0,0,0,0,low_activity,0,0,0,0,low_activity,0,0,0,0,0,0,136250,123954,-0.0473,573,83,31,30,56,55,1
1774106409,55,44,0,0,0,0,low_activity,0,0,0,0,low_activity,0,0,0,0,low_activity,0,0,0,0,0,0,135129,107988,-0.1116,209,-820,31,28,56,55,1
1774106410,55,44,0,0,0,0,no_volume,0,0,0,0,low_activity,0,0,0,0,low_activity,0,0,0,0,0,0,135129,122988,-0.047,260,-2409,31,29,56,55,1
1774106411,55,44,0,0,0,0,no_volume,0,0,0,0,low_activity,0,0,0,0,low_activity,0,0,0,0,0,0,141059,107665,-0.1343,4809,4476,31,30,56,55,1
1774106412,55,44,0,0,0,0,low_activity,0,0,0,0,low_activity,0,0,0,0,low_activity,0,0,0,0,0,0,140076,123081,-0.0646,4947,4141,30,28,56,55,1
1774106413,55,44,0,0,0,0,low_activity,0,0,0,0,low_activity,0,0,0,0,low_activity,0,0,0,0,0,0,140093,122882,-0.0654,4964,5305,31,28,56,55,1
1774106414,55,44,0,0,0,0,low_activity,0,0,0,0,low_activity,0,0,0,0,low_activity,0,0,0,0,0,0,141059,108848,-0.1289,0,5382,31,28,56,55,1
1774106415,55,44,0,0,0,0,no_volume,0,0,0,0,low_activity,0,0,0,0,low_activity,0,0,0,0,0,0,127427,123090,-0.0173,-12649,-8250,31,30,56,55,1
1774106416,55,44,0,0,0,0,no_volume,0,0,0,0,low_activity,0,0,0,0,low_activity,0,0,0,0,0,0,127427,123090,-0.0173,-12666,-7493,31,29,56,55,1
1774106417,55,44,0,0,0,0,no_volume,0,0,0,0,no_volume,0,0,0,0,low_activity,0,0,0,0,0,0,128393,123848,-0.018,-12666,-6476,31,30,56,55,1
1774106418,55,44,0,0,0,0,low_activity,0,0,0,0,low_activity,0,0,0,0,low_activity,0,0,0,0,0,0,128212,136394,0.0309,785,-8038,31,28,56,55,1
1774106419,55,44,0,0,0,0,low_activity,0,0,0,0,low_activity,0,0,0,0,low_activity,0,0,0,0,0,0,95658,137180,0.1783,-31769,-39471,30,31,56,55,1
1774106420,55,43,0,0,0,0,low_activity,0,0,0,0,low_activity,0,0,0,0,low_activity,0,0,0,0,0,0,75990,137080,0.2867,-52403,-59139,32,30,57,55,2
1774106421,56,43,0,0,0,0,low_activity,0,0,0,0,low_activity,0,0,0,0,low_activity,0,0,0,0,0,0,76004,139481,0.2946,-52208,-65055,31,30,57,56,1
1774106422,56,41,0,0,0,0,low_activity,0,0,0,0,low_activity,0,0,0,0,low_activity,0,0,0,0,0,0,76102,137550,0.2876,-19556,-63974,30,31,59,56,3
1774106423,56,43,0,0,0,0,low_activity,0,0,0,0,low_activity,0,0,0,0,low_activity,0,0,0,0,0,0,136105,145069,0.0319,60115,-3988,30,32,57,56,1
1774106424,55,44,0,0,0,0,no_volume,0,0,0,0,low_activity,0,0,0,0,low_activity,0,0,0,0,0,0,130450,121642,-0.0349,54446,-10609,31,29,56,55,1
1774106425,55,44,0,0,0,0,no_volume,0,0,0,0,low_activity,0,0,0,0,low_activity,0,0,0,0,0,0,124835,137164,0.0471,48733,-2592,32,29,56,55,1
1774106426,55,44,0,0,0,0,low_activity,0,0,0,0,low_activity,0,0,0,0,low_activity,0,0,0,0,0,0,124072,139927,0.0601,-12033,-3355,32,30,56,55,1
1774106427,55,44,0,0,0,0,low_activity,0,0,0,0,low_activity,0,0,0,0,low_activity,0,0,0,0,0,0,123775,124630,0.0034,-6675,-4618,32,30,56,55,1
1774106428,55,44,0,0,0,0,low_activity,0,0,0,0,low_activity,0,0,0,0,low_activity,0,0,0,0,0,0,118625,108953,-0.0425,-6210,-9587,33,29,56,55,1
1774106429,55,44,0,0,0,0,low_activity,0,0,0,0,low_activity,0,0,0,0,low_activity,0,0,0,0,0,0,119888,123431,0.0146,-4184,24230,33,31,56,55,1
1774106430,55,44,0,0,0,0,low_activity,0,0,0,0,low_activity,0,0,0,0,low_activity,0,0,0,0,0,0,119688,125349,0.0231,-4087,43698,32,29,56,55,1
1774106431,55,44,0,0,0,0,low_activity,0,0,0,0,low_activity,0,0,0,0,low_activity,0,0,0,0,0,0,119877,124086,0.0173,1252,43873,32,28,56,55,1
1774106432,55,44,0,0,0,0,low_activity,0,0,0,0,low_activity,0,0,0,0,low_activity,0,0,0,0,0,0,123509,125349,0.0074,3621,47407,32,29,56,55,1
1774106433,55,44,0,0,0,0,no_volume,0,0,0,0,low_activity,0,0,0,0,low_activity,0,0,0,0,0,0,123104,125533,0.0098,3416,-13001,33,30,56,55,1
1774106434,55,44,0,0,0,0,no_volume,0,0,0,0,low_activity,0,0,0,0,low_activity,0,0,0,0,0,0,122138,124567,0.0098,2261,-8312,33,28,56,55,1
1774106435,55,44,0,0,0,0,no_volume,0,0,0,0,no_volume,0,0,0,0,low_activity,0,0,0,0,0,0,122953,123861,0.0037,-556,-1882,32,28,56,55,1
1774106436,55,44,0,0,0,0,no_volume,0,0,0,0,no_volume,0,0,0,0,low_activity,0,0,0,0,0,0,123554,110052,-0.0578,450,-518,32,28,56,55,1
1774106437,55,44,0,0,0,0,no_volume,0,0,0,0,no_volume,0,0,0,0,low_activity,0,0,0,0,0,0,118462,124086,0.0232,-3676,-5313,32,28,56,55,1
1774106438,55,44,0,0,0,0,no_volume,0,0,0,0,no_volume,0,0,0,0,low_activity,0,0,0,0,0,0,118062,125270,0.0296,-4891,-563,33,30,56,55,1
1774106439,55,44,0,0,0,0,no_volume,0,0,0,0,no_volume,0,0,0,0,low_activity,0,0,0,0,0,0,119325,125567,0.0255,-4229,-563,33,29,56,55,1
1774106440,55,44,0,0,0,0,no_volume,0,0,0,0,no_volume,0,0,0,0,low_activity,0,0,0,0,0,0,117861,109086,-0.0387,-601,-1827,32,28,56,55,1
1774106441,55,44,0,0,0,0,low_activity,0,0,0,0,low_activity,0,0,0,0,low_activity,0,0,0,0,0,0,117818,122598,0.0199,-244,-2059,32,27,56,55,1
1774106442,55,44,0,0,0,0,low_activity,0,0,0,0,low_activity,0,0,0,0,low_activity,0,0,0,0,0,0,119073,125349,0.0257,-252,-4436,32,28,56,55,1
1774106443,55,44,0,0,0,0,low_activity,0,0,0,0,low_activity,0,0,0,0,low_activity,0,0,0,0,0,0,118316,109576,-0.0384,455,-4788,33,28,56,55,1
1774106444,55,44,0,0,0,0,low_activity,0,0,0,0,low_activity,0,0,0,0,low_activity,0,0,0,0,0,0,118889,124576,0.0234,1071,-3249,33,28,56,55,1
1774106445,55,44,0,0,0,0,low_activity,0,0,0,0,low_activity,0,0,0,0,low_activity,0,0,0,0,0,0,119646,110349,-0.0404,573,-3307,32,29,56,55,1
1774106446,55,44,0,0,0,0,low_activity,0,0,0,0,low_activity,0,0,0,0,low_activity,0,0,0,0,0,0,118663,124383,0.0235,347,-4891,32,28,56,55,1
1774106447,55,44,0,0,0,0,low_activity,0,0,0,0,low_activity,0,0,0,0,low_activity,0,0,0,0,0,0,118663,137895,0.075,-226,201,32,29,56,55,1
1774106448,55,44,0,0,0,0,low_activity,0,0,0,0,low_activity,0,0,0,0,low_activity,0,0,0,0,0,0,119629,140052,0.0786,-17,1567,32,30,56,55,1
1774106449,55,44,0,0,0,0,no_volume,0,0,0,0,low_activity,0,0,0,0,low_activity,0,0,0,0,0,0,118663,139383,0.0803,0,-662,32,30,56,55,1
1774106450,55,44,0,0,0,0,low_activity,0,0,0,0,low_activity,0,0,0,0,low_activity,0,0,0,0,0,0,118761,139594,0.0806,98,900,33,30,56,55,1
1774106451,55,44,0,0,0,0,low_activity,0,0,0,0,low_activity,0,0,0,0,low_activity,0,0,0,0,0,0,119593,140560,0.0806,-36,1775,33,32,56,55,1
1774106452,55,44,0,0,0,0,low_activity,0,0,0,0,low_activity,0,0,0,0,low_activity,0,0,0,0,0,0,118443,139383,0.0812,-220,-630,32,29,56,55,1
1774106453,55,44,0,0,0,0,low_activity,0,0,0,0,low_activity,0,0,0,0,low_activity,0,0,0,0,0,0,118270,137895,0.0766,-491,-46,32,29,56,55,1
1774106454,55,44,0,0,0,0,low_activity,0,0,0,0,low_activity,0,0,0,0,low_activity,0,0,0,0,0,0,119236,140349,0.0813,-357,347,32,31,56,55,1
1774106455,55,44,0,0,0,0,low_activity,0,0,0,0,low_activity,0,0,0,0,low_activity,0,0,0,0,0,0,116770,137883,0.0829,-1673,-2876,32,29,56,55,1
1774106456,55,44,0,0,0,0,low_activity,0,0,0,0,low_activity,0,0,0,0,low_activity,0,0,0,0,0,0,116761,137883,0.0829,-1509,-1902,32,29,56,55,1
1774106457,55,44,0,0,0,0,low_activity,0,0,0,0,low_activity,0,0,0,0,low_activity,0,0,0,0,0,0,117727,139057,0.0831,-1509,-936,32,29,56,55,1
1774106458,55,44,0,0,0,0,low_activity,0,0,0,0,low_activity,0,0,0,0,low_activity,0,0,0,0,0,0,116447,111148,-0.0233,-323,-3182,32,28,56,55,1
1774106459,54,44,0,0,0,0,low_activity,0,0,0,0,low_activity,0,0,0,0,low_activity,0,0,0,0,0,0,116038,79555,-0.1865,-723,-2625,32,26,56,54,2
1774106460,54,44,0,0,0,0,low_activity,0,0,0,0,low_activity,0,0,0,0,low_activity,0,0,0,0,0,0,116038,81217,-0.1765,-1689,-2723,32,27,56,54,2
1774106461,54,45,0,0,0,0,low_activity,0,0,0,0,low_activity,0,0,0,0,low_activity,0,0,0,0,0,0,116036,80937,-0.1782,-411,-3557,33,27,55,54,1
1774106462,54,45,0,0,0,0,low_activity,0,0,0,0,low_activity,0,0,0,0,low_activity,0,0,0,0,0,0,116026,80913,-0.1783,-12,-2417,33,26,55,54,1
1774106463,54,45,0,0,0,0,low_activity,0,0,0,0,low_activity,0,0,0,0,low_activity,0,0,0,0,0,0,116049,81018,-0.1778,11,-2221,32,28,55,54,1
1774106464,55,44,0,0,0,0,low_activity,0,0,0,0,low_activity,0,0,0,0,low_activity,0,0,0,0,0,0,124322,129214,0.0193,8286,5086,32,29,56,55,1
1774106465,55,44,0,0,0,0,low_activity,0,0,0,0,low_activity,0,0,0,0,low_activity,0,0,0,0,0,0,128969,111547,-0.0724,12943,12199,32,26,56,55,1
1774106466,54,44,0,0,0,0,low_activity,0,0,0,0,low_activity,0,0,0,0,low_activity,0,0,0,0,0,0,128544,81063,-0.2265,12495,11783,32,26,56,54,2
1774106467,54,44,0,0,0,0,no_volume,0,0,0,0,low_activity,0,0,0,0,low_activity,0,0,0,0,0,0,128544,66063,-0.3211,4222,10817,32,25,56,54,2
1774106468,54,44,0,0,0,0,no_volume,0,0,0,0,low_activity,0,0,0,0,low_activity,0,0,0,0,0,0,128544,65813,-0.3228,-425,12097,32,26,56,54,2
1774106469,54,44,0,0,0,0,no_volume,0,0,0,0,no_volume,0,0,0,0,low_activity,0,0,0,0,0,0,128544,64325,-0.333,0,12506,32,25,56,54,2
1774106470,54,44,0,0,0,0,no_volume,0,0,0,0,no_volume,0,0,0,0,low_activity,0,0,0,0,0,0,128577,64575,-0.3314,33,12539,32,27,56,54,2
1774106471,54,44,0,0,0,0,no_volume,0,0,0,0,no_volume,0,0,0,0,low_activity,0,0,0,0,0,0,128577,51063,-0.4315,33,12541,32,28,56,54,2
1774106472,54,44,0,0,0,0,no_volume,0,0,0,0,no_volume,0,0,0,0,low_activity,0,0,0,0,0,0,128577,65846,-0.3227,33,12551,32,26,56,54,2
1774106473,54,44,0,0,0,0,no_volume,0,0,0,0,no_volume,0,0,0,0,low_activity,0,0,0,0,0,0,128577,65846,-0.3227,0,12528,32,26,56,54,2
1774106474,54,44,0,0,0,0,no_volume,0,0,0,0,no_volume,0,0,0,0,low_activity,0,0,0,0,0,0,128577,64358,-0.3329,0,4255,32,26,56,54,2
1774106475,54,44,0,0,0,0,no_volume,0,0,0,0,no_volume,0,0,0,0,low_activity,0,0,0,0,0,0,128577,65846,-0.3227,0,-392,32,27,56,54,2
1774106476,55,44,0,0,0,0,no_volume,0,0,0,0,no_volume,0,0,0,0,low_activity,0,0,0,0,0,0,128544,66366,-0.319,-33,0,32,25,56,55,1
1774106477,55,44,0,0,0,0,low_activity,0,0,0,0,low_activity,0,0,0,0,low_activity,0,0,0,0,0,0,128543,66399,-0.3188,-34,-1,32,27,56,55,1
1774106478,55,44,0,0,0,0,low_activity,0,0,0,0,low_activity,0,0,0,0,low_activity,0,0,0,0,0,0,128543,65098,-0.3276,-34,-1,32,26,56,55,1
1774106479,55,44,0,0,0,0,low_activity,0,0,0,0,low_activity,0,0,0,0,low_activity,0,0,0,0,0,0,128543,66586,-0.3175,-1,-1,32,27,56,55,1
1774106480,55,44,0,0,0,0,low_activity,0,0,0,0,low_activity,0,0,0,0,low_activity,0,0,0,0,0,0,128500,51399,-0.4286,-43,-77,32,27,56,55,1
1774106481,55,44,0,0,0,0,low_activity,0,0,0,0,low_activity,0,0,0,0,low_activity,0,0,0,0,0,0,128500,66080,-0.3208,-43,-77,32,26,56,55,1
1774106482,55,44,0,0,0,0,low_activity,0,0,0,0,low_activity,0,0,0,0,low_activity,0,0,0,0,0,0,128500,66080,-0.3208,-43,-77,32,26,56,55,1
1774106483,55,44,0,0,0,0,low_activity,0,0,0,0,low_activity,0,0,0,0,low_activity,0,0,0,0,0,0,128467,66091,-0.3206,-33,-110,32,25,56,55,1
1774106484,55,44,0,0,0,0,no_volume,0,0,0,0,low_activity,0,0,0,0,low_activity,0,0,0,0,0,0,128467,49603,-0.4429,-33,-110,32,25,56,55,1
1774106485,55,44,0,0,0,0,low_activity,0,0,0,0,low_activity,0,0,0,0,low_activity,0,0,0,0,0,0,128442,66056,-0.3208,-58,-135,32,29,56,55,1
1774106486,55,44,0,0,0,0,low_activity,0,0,0,0,low_activity,0,0,0,0,low_activity,0,0,0,0,0,0,118490,79461,-0.1972,-9977,-10054,31,26,56,55,1
1774106487,55,44,0,0,0,0,low_activity,0,0,0,0,low_activity,0,0,0,0,low_activity,0,0,0,0,0,0,118490,85787,-0.1601,-9977,-10053,31,28,56,55,1
1774106488,55,44,0,0,0,0,no_volume,0,0,0,0,low_activity,0,0,0,0,low_activity,0,0,0,0,0,0,118523,100820,-0.0807,-9919,-10020,31,28,56,55,1
1774106489,55,44,0,0,0,0,low_activity,0,0,0,0,low_activity,0,0,0,0,low_activity,0,0,0,0,0,0,118498,100820,-0.0806,8,-10045,31,27,56,55,1
1774106490,55,44,0,0,0,0,low_activity,0,0,0,0,low_activity,0,0,0,0,low_activity,0,0,0,0,0,0,118477,101028,-0.0795,-13,-10023,31,30,56,55,1
1774106491,55,44,0,0,0,0,low_activity,0,0,0,0,low_activity,0,0,0,0,low_activity,0,0,0,0,0,0,118477,84540,-0.1672,-46,-10023,31,28,56,55,1
1774106492,55,44,0,0,0,0,low_activity,0,0,0,0,low_activity,0,0,0,0,low_activity,0,0,0,0,0,0,118477,100864,-0.0803,-21,-10023,31,28,56,55,1
1774106493,55,44,0,0,0,0,no_volume,0,0,0,0,low_activity,0,0,0,0,low_activity,0,0,0,0,0,0,118477,100864,-0.0803,0,-9990,31,27,56,55,1
1774106494,55,44,0,0,0,0,no_volume,0,0,0,0,low_activity,0,0,0,0,low_activity,0,0,0,0,0,0,118477,85864,-0.1596,0,-9990,31,28,56,55,1
1774106495,55,44,0,0,0,0,no_volume,0,0,0,0,no_volume,0,0,0,0,low_activity,0,0,0,0,0,0,119977,102420,-0.0789,1500,-8465,31,29,56,55,1
1774106496,55,44,0,0,0,0,no_volume,0,0,0,0,no_volume,0,0,0,0,low_activity,0,0,0,0,0,0,119977,102627,-0.0779,1500,1487,31,29,56,55,1
1774106497,55,44,0,0,0,0,low_activity,0,0,0,0,low_activity,0,0,0,0,low_activity,0,0,0,0,0,0,119934,87594,-0.1558,1457,1444,31,28,56,55,1
1774106498,55,44,0,0,0,0,low_activity,0,0,0,0,low_activity,0,0,0,0,low_activity,0,0,0,0,0,0,119933,85899,-0.1653,-44,1410,31,27,56,55,1
1774106499,55,44,0,0,0,0,low_activity,0,0,0,0,low_activity,0,0,0,0,low_activity,0,0,0,0,0,0,119933,70899,-0.2569,-44,1435,31,27,56,55,1
1774106500,55,44,0,0,0,0,low_activity,0,0,0,0,low_activity,0,0,0,0,low_activity,0,0,0,0,0,0,119918,87387,-0.1569,-16,1441,31,28,56,55,1
1774106501,55,44,0,0,0,0,low_activity,0,0,0,0,low_activity,0,0,0,0,low_activity,0,0,0,0,0,0,119918,87626,-0.1556,-15,1441,31,28,56,55,1
1774106502,55,44,0,0,0,0,low_activity,0,0,0,0,low_activity,0,0,0,0,low_activity,0,0,0,0,0,0,119913,87593,-0.1558,-20,1436,31,27,56,55,1
1774106503,55,44,0,0,0,0,low_activity,0,0,0,0,low_activity,0,0,0,0,low_activity,0,0,0,0,0,0,119913,87420,-0.1567,-5,1436,31,27,56,55,1
1774106504,55,44,0,0,0,0,low_activity,0,0,0,0,low_activity,0,0,0,0,low_activity,0,0,0,0,0,0,117880,72420,-0.2389,-2038,-597,31,27,56,55,1
1774106505,55,44,0,0,0,0,low_activity,0,0,0,0,low_activity,0,0,0,0,low_activity,0,0,0,0,0,0,117880,87420,-0.1484,-2033,-2097,31,27,56,55,1
1774106506,55,44,0,0,0,0,low_activity,0,0,0,0,low_activity,0,0,0,0,low_activity,0,0,0,0,0,0,117855,71119,-0.2473,-2058,-2122,31,28,56,55,1
1774106507,55,44,0,0,0,0,low_activity,0,0,0,0,low_activity,0,0,0,0,low_activity,0,0,0,0,0,0,117855,102607,-0.0692,-25,-2079,31,28,56,55,1
1774106508,55,44,0,0,0,0,low_activity,0,0,0,0,low_activity,0,0,0,0,low_activity,0,0,0,0,0,0,119018,102420,-0.075,1138,-915,31,27,56,55,1
1774106509,55,44,0,0,0,0,no_volume,0,0,0,0,low_activity,0,0,0,0,low_activity,0,0,0,0,0,0,119018,102420,-0.075,1163,-915,31,27,56,55,1
1774106510,55,44,0,0,0,0,low_activity,0,0,0,0,low_activity,0,0,0,0,low_activity,0,0,0,0,0,0,118764,102420,-0.0739,909,-1154,31,27,56,55,1
1774106511,55,44,0,0,0,0,low_activity,0,0,0,0,low_activity,0,0,0,0,low_activity,0,0,0,0,0,0,118764,102420,-0.0739,-254,-1154,31,27,56,55,1
1774106512,55,44,0,0,0,0,low_activity,0,0,0,0,low_activity,0,0,0,0,low_activity,0,0,0,0,0,0,118764,101140,-0.0801,-254,-1149,31,28,56,55,1
1774106513,55,44,0,0,0,0,no_volume,0,0,0,0,low_activity,0,0,0,0,low_activity,0,0,0,0,0,0,118764,102628,-0.0729,0,-1149,31,28,56,55,1
1774106514,55,44,0,0,0,0,no_volume,0,0,0,0,low_activity,0,0,0,0,low_activity,0,0,0,0,0,0,117634,100932,-0.0764,-1130,-246,31,27,56,55,1
1774106515,55,44,0,0,0,0,no_volume,0,0,0,0,no_volume,0,0,0,0,low_activity,0,0,0,0,0,0,117634,100932,-0.0764,-1130,-246,31,27,56,55,1
1774106516,55,44,0,0,0,0,no_volume,0,0,0,0,no_volume,0,0,0,0,low_activity,0,0,0,0,0,0,117634,102420,-0.0691,-1130,-221,31,27,56,55,1
1774106517,55,44,0,0,0,0,no_volume,0,0,0,0,no_volume,0,0,0,0,low_activity,0,0,0,0,0,0,117634,87420,-0.1473,0,-221,31,27,56,55,1
1774106518,55,44,0,0,0,0,no_volume,0,0,0,0,no_volume,0,0,0,0,low_activity,0,0,0,0,0,0,117634,87420,-0.1473,0,-1384,31,28,56,55,1
1774106519,55,44,0,0,0,0,no_volume,0,0,0,0,no_volume,0,0,0,0,low_activity,0,0,0,0,0,0,117634,87420,-0.1473,0,-1384,31,28,56,55,1
1774106520,55,44,0,0,0,0,no_volume,0,0,0,0,no_volume,0,0,0,0,low_activity,0,0,0,0,0,0,120300,87420,-0.1583,2666,1536,31,27,56,55,1
1774106521,55,44,0,0,0,0,no_volume,0,0,0,0,no_volume,0,0,0,0,low_activity,0,0,0,0,0,0,120300,87420,-0.1583,2666,1536,31,27,56,55,1
1774106522,55,44,0,0,0,0,no_volume,0,0,0,0,no_volume,0,0,0,0,low_activity,0,0,0,0,0,0,120300,87420,-0.1583,2666,1536,31,27,56,55,1
1774106523,55,44,0,0,0,0,no_volume,0,0,0,0,no_volume,0,0,0,0,low_activity,0,0,0,0,0,0,120300,87420,-0.1583,0,1536,31,26,56,55,1
1774106524,55,44,0,0,0,0,no_volume,0,0,0,0,no_volume,0,0,0,0,low_activity,0,0,0,0,0,0,126511,88690,-0.1757,6211,8877,31,28,56,55,1
1774106525,55,44,0,0,0,0,no_volume,0,0,0,0,no_volume,0,0,0,0,low_activity,0,0,0,0,0,0,137390,104272,-0.137,17090,19756,31,28,56,55,1
1774106526,55,44,0,0,0,0,no_volume,0,0,0,0,no_volume,0,0,0,0,low_activity,0,0,0,0,0,0,139166,103339,-0.1477,18866,21532,31,27,56,55,1
1774106527,55,44,0,0,0,0,low_activity,0,0,0,0,low_activity,0,0,0,0,low_activity,0,0,0,0,0,0,139128,119928,-0.0741,12617,21494,31,28,56,55,1
1774106528,55,44,0,0,0,0,low_activity,0,0,0,0,low_activity,0,0,0,0,low_activity,0,0,0,0,0,0,140094,119299,-0.0802,2704,22460,31,28,56,55,1
1774106529,55,44,0,0,0,0,low_activity,0,0,0,0,low_activity,0,0,0,0,low_activity,0,0,0,0,0,0,139128,118514,-0.08,-38,21494,31,28,56,55,1
1774106530,55,44,0,0,0,0,no_volume,0,0,0,0,low_activity,0,0,0,0,low_activity,0,0,0,0,0,0,139128,118514,-0.08,0,18828,31,28,56,55,1
1774106531,55,44,0,0,0,0,no_volume,0,0,0,0,low_activity,0,0,0,0,low_activity,0,0,0,0,0,0,140094,117811,-0.0864,0,19794,31,29,56,55,1
1774106532,55,44,0,0,0,0,no_volume,0,0,0,0,no_volume,0,0,0,0,low_activity,0,0,0,0,0,0,139128,118333,-0.0808,0,18828,31,28,56,55,1
1774106533,55,44,0,0,0,0,no_volume,0,0,0,0,no_volume,0,0,0,0,low_activity,0,0,0,0,0,0,139128,118333,-0.0808,0,18828,31,29,56,55,1
1774106534,55,44,0,0,0,0,low_activity,0,0,0,0,low_activity,0,0,0,0,low_activity,0,0,0,0,0,0,132762,119517,-0.0525,-7332,6251,31,28,56,55,1
1774106535,55,44,0,0,0,0,low_activity,0,0,0,0,low_activity,0,0,0,0,low_activity,0,0,0,0,0,0,134462,118333,-0.0638,-4666,-2928,31,28,56,55,1
1774106536,55,44,0,0,0,0,low_activity,0,0,0,0,low_activity,0,0,0,0,low_activity,0,0,0,0,0,0,134767,118962,-0.0623,-4361,-4399,31,28,56,55,1
1774106537,55,44,0,0,0,0,no_volume,0,0,0,0,low_activity,0,0,0,0,low_activity,0,0,0,0,0,0,135733,103440,-0.135,2971,-3395,31,28,56,55,1
1774106538,55,44,0,0,0,0,low_activity,0,0,0,0,low_activity,0,0,0,0,low_activity,0,0,0,0,0,0,134756,103962,-0.129,294,-5338,31,27,56,55,1
1774106539,55,44,0,0,0,0,low_activity,0,0,0,0,low_activity,0,0,0,0,low_activity,0,0,0,0,0,0,134756,103962,-0.129,-11,-4372,31,27,56,55,1
1774106540,55,44,0,0,0,0,no_volume,0,0,0,0,low_activity,0,0,0,0,low_activity,0,0,0,0,0,0,124831,120115,-0.0193,-10902,-14297,31,29,56,55,1
1774106541,55,44,0,0,0,0,no_volume,0,0,0,0,low_activity,0,0,0,0,low_activity,0,0,0,0,0,0,123865,118520,-0.0221,-10891,-16229,31,29,56,55,1
1774106542,55,44,0,0,0,0,low_activity,0,0,0,0,low_activity,0,0,0,0,low_activity,0,0,0,0,0,0,125683,118334,-0.0301,-9073,-13445,31,29,56,55,1
1774106543,55,44,0,0,0,0,low_activity,0,0,0,0,low_activity,0,0,0,0,low_activity,0,0,0,0,0,0,126563,119300,-0.0295,1732,-12565,31,29,56,55,1
1774106544,55,44,0,0,0,0,low_activity,0,0,0,0,low_activity,0,0,0,0,low_activity,0,0,0,0,0,0,125597,118334,-0.0298,1732,-7165,31,27,56,55,1
1774106545,55,44,0,0,0,0,low_activity,0,0,0,0,low_activity,0,0,0,0,low_activity,0,0,0,0,0,0,126226,118963,-0.0296,543,-8236,31,28,56,55,1
1774106546,55,44,0,0,0,0,no_volume,0,0,0,0,low_activity,0,0,0,0,low_activity,0,0,0,0,0,0,127225,118441,-0.0358,662,-7542,31,29,56,55,1
1774106547,55,44,0,0,0,0,low_activity,0,0,0,0,low_activity,0,0,0,0,low_activity,0,0,0,0,0,0,128894,118963,-0.0401,3297,-6839,31,28,56,55,1
1774106548,55,44,0,0,0,0,low_activity,0,0,0,0,low_activity,0,0,0,0,low_activity,0,0,0,0,0,0,128894,104152,-0.1062,2668,-5862,31,29,56,55,1
1774106549,55,44,0,0,0,0,low_activity,0,0,0,0,low_activity,0,0,0,0,low_activity,0,0,0,0,0,0,132559,119929,-0.05,5334,-2197,31,29,56,55,1
1774106550,55,44,0,0,0,0,no_volume,0,0,0,0,low_activity,0,0,0,0,low_activity,0,0,0,0,0,0,131593,103963,-0.1173,2699,6762,31,28,56,55,1
1774106551,55,44,0,0,0,0,no_volume,0,0,0,0,low_activity,0,0,0,0,low_activity,0,0,0,0,0,0,142484,118930,-0.0901,13590,18619,31,28,56,55,1
1774106552,55,44,0,0,0,0,no_volume,0,0,0,0,no_volume,0,0,0,0,low_activity,0,0,0,0,0,0,143450,118408,-0.0956,10891,17767,31,29,56,55,1
1774106553,55,44,0,0,0,0,low_activity,0,0,0,0,low_activity,0,0,0,0,low_activity,0,0,0,0,0,0,141814,119120,-0.087,10221,15251,31,30,56,55,1
1774106554,55,44,0,0,0,0,low_activity,0,0,0,0,low_activity,0,0,0,0,low_activity,0,0,0,0,0,0,141814,119153,-0.0868,-670,16217,31,28,56,55,1
1774106555,55,44,0,0,0,0,low_activity,0,0,0,0,low_activity,0,0,0,0,low_activity,0,0,0,0,0,0,144343,104929,-0.1581,893,18117,31,29,56,55,1
1774106556,55,44,0,0,0,0,low_activity,0,0,0,0,low_activity,0,0,0,0,low_activity,0,0,0,0,0,0,143377,118963,-0.0931,1563,16152,31,27,56,55,1
1774106557,55,44,0,0,0,0,low_activity,0,0,0,0,low_activity,0,0,0,0,low_activity,0,0,0,0,0,0,143326,118963,-0.0929,1512,14432,31,28,56,55,1
1774106558,55,44,0,0,0,0,low_activity,0,0,0,0,low_activity,0,0,0,0,low_activity,0,0,0,0,0,0,144292,118441,-0.0984,-51,15398,31,30,56,55,1
1774106559,55,44,0,0,0,0,low_activity,0,0,0,0,low_activity,0,0,0,0,low_activity,0,0,0,0,0,0,87952,116713,0.1405,-55425,-44607,31,28,56,55,1
1774106560,55,44,0,0,0,0,low_activity,0,0,0,0,low_activity,0,0,0,0,low_activity,0,0,0,0,0,0,87985,116713,0.1403,-55341,-43608,31,29,56,55,1
1774106561,55,44,0,0,0,0,low_activity,0,0,0,0,low_activity,0,0,0,0,low_activity,0,0,0,0,0,0,87985,115022,0.1332,-56307,-54499,31,28,56,55,1
1774106562,55,44,0,0,0,0,no_volume,0,0,0,0,low_activity,0,0,0,0,low_activity,0,0,0,0,0,0,87985,101510,0.0714,33,-55465,31,28,56,55,1
1774106563,55,44,0,0,0,0,no_volume,0,0,0,0,low_activity,0,0,0,0,low_activity,0,0,0,0,0,0,87985,116510,0.1395,0,-53829,31,28,56,55,1
1774106564,55,44,0,0,0,0,no_volume,0,0,0,0,no_volume,0,0,0,0,low_activity,0,0,0,0,0,0,87985,116510,0.1395,0,-53829,31,28,56,55,1
1774106565,55,44,0,0,0,0,no_volume,0,0,0,0,no_volume,0,0,0,0,low_activity,0,0,0,0,0,0,87985,116510,0.1395,0,-56358,31,28,56,55,1
1774106566,55,44,0,0,0,0,no_volume,0,0,0,0,no_volume,0,0,0,0,low_activity,0,0,0,0,0,0,87985,116692,0.1403,0,-55392,31,30,56,55,1
1774106567,55,44,0,0,0,0,no_volume,0,0,0,0,no_volume,0,0,0,0,low_activity,0,0,0,0,0,0,92151,116697,0.1175,4166,-51175,31,29,56,55,1
1774106568,55,44,0,0,0,0,no_volume,0,0,0,0,no_volume,0,0,0,0,low_activity,0,0,0,0,0,0,92151,118010,0.123,4166,-52141,31,29,56,55,1
1774106569,55,44,0,0,0,0,no_volume,0,0,0,0,no_volume,0,0,0,0,low_activity,0,0,0,0,0,0,92151,118010,0.123,4166,4199,31,30,56,55,1
1774106570,55,44,0,0,0,0,no_volume,0,0,0,0,no_volume,0,0,0,0,low_activity,0,0,0,0,0,0,92151,118016,0.1231,0,4166,31,30,56,55,1
1774106571,55,44,0,0,0,0,no_volume,0,0,0,0,no_volume,0,0,0,0,low_activity,0,0,0,0,0,0,92151,103010,0.0556,0,4166,31,28,56,55,1
1774106572,55,44,0,0,0,0,no_volume,0,0,0,0,no_volume,0,0,0,0,low_activity,0,0,0,0,0,0,92141,118010,0.1231,-10,4156,31,30,56,55,1
1774106573,55,44,0,0,0,0,no_volume,0,0,0,0,no_volume,0,0,0,0,low_activity,0,0,0,0,0,0,92141,116719,0.1177,-10,4156,31,29,56,55,1
1774106574,55,44,0,0,0,0,no_volume,0,0,0,0,no_volume,0,0,0,0,low_activity,0,0,0,0,0,0,92141,103217,0.0567,-10,4156,31,28,56,55,1
1774106575,55,44,0,0,0,0,no_volume,0,0,0,0,no_volume,0,0,0,0,low_activity,0,0,0,0,0,0,92151,103003,0.0556,10,4166,32,28,56,55,1
1774106576,55,44,0,0,0,0,no_volume,0,0,0,0,no_volume,0,0,0,0,low_activity,0,0,0,0,0,0,92151,118003,0.123,10,4166,32,29,56,55,1
1774106577,55,44,0,0,0,0,no_volume,0,0,0,0,no_volume,0,0,0,0,low_activity,0,0,0,0,0,0,92151,133003,0.1814,10,0,32,28,56,55,1
1774106578,55,44,0,0,0,0,no_volume,0,0,0,0,no_volume,0,0,0,0,low_activity,0,0,0,0,0,0,92161,131515,0.1759,10,10,33,28,56,55,1
1774106579,55,44,0,0,0,0,no_volume,0,0,0,0,no_volume,0,0,0,0,low_activity,0,0,0,0,0,0,92161,131069,0.1743,10,10,33,28,56,55,1
1774106580,55,44,0,0,0,0,no_volume,0,0,0,0,no_volume,0,0,0,0,low_activity,0,0,0,0,0,0,92161,133206,0.1821,10,10,33,29,56,55,1
1774106581,55,44,0,0,0,0,no_volume,0,0,0,0,no_volume,0,0,0,0,low_activity,0,0,0,0,0,0,92161,133007,0.1814,0,10,33,28,56,55,1
1774106582,55,44,0,0,0,0,no_volume,0,0,0,0,no_volume,0,0,0,0,low_activity,0,0,0,0,0,0,92161,133007,0.1814,0,20,33,28,56,55,1
1774106583,55,44,0,0,0,0,low_activity,0,0,0,0,low_activity,0,0,0,0,low_activity,0,0,0,0,0,0,90620,131507,0.1841,-1541,-1521,33,28,56,55,1
1774106584,55,44,0,0,0,0,low_activity,0,0,0,0,low_activity,0,0,0,0,low_activity,0,0,0,0,0,0,90620,130019,0.1786,-1541,-1521,33,28,56,55,1
1774106585,55,44,0,0,0,0,low_activity,0,0,0,0,low_activity,0,0,0,0,low_activity,0,0,0,0,0,0,90620,131706,0.1848,-1541,-1531,33,29,56,55,1
1774106586,55,44,0,0,0,0,no_volume,0,0,0,0,low_activity,0,0,0,0,low_activity,0,0,0,0,0,0,90620,131706,0.1848,0,-1531,33,29,56,55,1
1774106587,55,44,0,0,0,0,no_volume,0,0,0,0,low_activity,0,0,0,0,low_activity,0,0,0,0,0,0,90620,116507,0.125,0,-1531,33,28,56,55,1
1774106588,55,44,0,0,0,0,no_volume,0,0,0,0,no_volume,0,0,0,0,low_activity,0,0,0,0,0,0,90620,116507,0.125,0,-1541,33,28,56,55,1
1774106589,55,44,0,0,0,0,no_volume,0,0,0,0,no_volume,0,0,0,0,low_activity,0,0,0,0,0,0,90620,116507,0.125,0,-1541,33,28,56,55,1
1774106590,55,44,0,0,0,0,no_volume,0,0,0,0,no_volume,0,0,0,0,low_activity,0,0,0,0,0,0,90620,113068,0.1102,0,-1541,33,28,56,55,1
1774106591,55,44,0,0,0,0,no_volume,0,0,0,0,no_volume,0,0,0,0,low_activity,0,0,0,0,0,0,90620,115201,0.1194,0,-1541,33,29,56,55,1
1774106592,55,44,0,0,0,0,no_volume,0,0,0,0,no_volume,0,0,0,0,low_activity,0,0,0,0,0,0,90620,101507,0.0567,0,-1541,33,28,56,55,1
1774106593,55,44,0,0,0,0,no_volume,0,0,0,0,no_volume,0,0,0,0,low_activity,0,0,0,0,0,0,90620,116507,0.125,0,0,33,29,56,55,1
1774106594,55,44,0,0,0,0,no_volume,0,0,0,0,no_volume,0,0,0,0,low_activity,0,0,0,0,0,0,90620,116507,0.125,0,0,33,28,56,55,1
1774106595,55,44,0,0,0,0,no_volume,0,0,0,0,no_volume,0,0,0,0,low_activity,0,0,0,0,0,0,90620,116507,0.125,0,0,33,29,56,55,1
1774106596,55,44,0,0,0,0,low_activity,0,0,0,0,low_activity,0,0,0,0,low_activity,0,0,0,0,0,0,90397,116507,0.1262,-223,-223,33,29,56,55,1
1774106597,55,44,0,0,0,0,low_activity,0,0,0,0,low_activity,0,0,0,0,low_activity,0,0,0,0,0,0,90397,115052,0.12,-223,-223,33,28,56,55,1
1774106598,55,44,0,0,0,0,low_activity,0,0,0,0,low_activity,0,0,0,0,low_activity,0,0,0,0,0,0,90311,131540,0.1858,-309,-309,33,29,56,55,1
1774106599,55,44,0,0,0,0,low_activity,0,0,0,0,low_activity,0,0,0,0,low_activity,0,0,0,0,0,0,90294,131720,0.1866,-103,-326,33,29,56,55,1
1774106600,55,44,0,0,0,0,low_activity,0,0,0,0,low_activity,0,0,0,0,low_activity,0,0,0,0,0,0,90277,131750,0.1868,-120,-343,33,29,56,55,1
1774106601,55,44,0,0,0,0,low_activity,0,0,0,0,low_activity,0,0,0,0,low_activity,0,0,0,0,0,0,90277,131750,0.1868,-34,-343,33,29,56,55,1
1774106602,55,44,0,0,0,0,low_activity,0,0,0,0,low_activity,0,0,0,0,low_activity,0,0,0,0,0,0,90277,131750,0.1868,-17,-343,33,29,56,55,1
1774106603,55,44,0,0,0,0,low_activity,0,0,0,0,low_activity,0,0,0,0,low_activity,0,0,0,0,0,0,90234,130253,0.1815,-43,-386,33,29,56,55,1
1774106604,55,44,0,0,0,0,low_activity,0,0,0,0,low_activity,0,0,0,0,low_activity,0,0,0,0,0,0,90234,131750,0.187,-43,-386,33,29,56,55,1
1774106605,55,44,0,0,0,0,low_activity,0,0,0,0,low_activity,0,0,0,0,low_activity,0,0,0,0,0,0,130961,133648,0.0102,40684,40341,34,30,56,55,1
1774106606,55,44,0,0,0,0,low_activity,0,0,0,0,low_activity,0,0,0,0,low_activity,0,0,0,0,0,0,130313,133777,0.0131,40079,39916,34,31,56,55,1
1774106607,55,44,0,0,0,0,low_activity,0,0,0,0,low_activity,0,0,0,0,low_activity,0,0,0,0,0,0,130213,87137,-0.1982,39979,39816,34,29,56,55,1
1774106608,55,44,0,0,0,0,low_activity,0,0,0,0,low_activity,0,0,0,0,low_activity,0,0,0,0,0,0,122052,117531,-0.0189,-8909,31741,34,29,56,55,1
1774106609,55,44,0,0,0,0,low_activity,0,0,0,0,low_activity,0,0,0,0,low_activity,0,0,0,0,0,0,122052,102234,-0.0884,-8261,31758,34,29,56,55,1
1774106610,55,44,0,0,0,0,low_activity,0,0,0,0,low_activity,0,0,0,0,low_activity,0,0,0,0,0,0,121086,116268,-0.0203,-9127,30809,34,28,56,55,1
1774106611,55,44,0,0,0,0,no_volume,0,0,0,0,low_activity,0,0,0,0,low_activity,0,0,0,0,0,0,122052,117531,-0.0189,0,31775,34,30,56,55,1
1774106612,55,44,0,0,0,0,low_activity,0,0,0,0,low_activity,0,0,0,0,low_activity,0,0,0,0,0,0,118196,102713,-0.0701,-3856,27919,34,30,56,55,1
1774106613,55,44,0,0,0,0,low_activity,0,0,0,0,low_activity,0,0,0,0,low_activity,0,0,0,0,0,0,120527,115890,-0.0196,-559,30293,34,29,56,55,1
1774106614,55,44,0,0,0,0,low_activity,0,0,0,0,low_activity,0,0,0,0,low_activity,0,0,0,0,0,0,121493,118162,-0.0139,-559,31259,34,29,56,55,1
1774106615,55,44,0,0,0,0,low_activity,0,0,0,0,low_activity,0,0,0,0,low_activity,0,0,0,0,0,0,122968,119959,-0.0124,4772,-7993,34,29,56,55,1
1774106616,55,44,0,0,0,0,low_activity,0,0,0,0,low_activity,0,0,0,0,low_activity,0,0,0,0,0,0,121395,102196,-0.0859,868,-8918,34,27,56,55,1
1774106617,55,44,0,0,0,0,low_activity,0,0,0,0,low_activity,0,0,0,0,low_activity,0,0,0,0,0,0,122361,133346,0.043,868,-7852,33,30,56,55,1
1774106618,55,44,0,0,0,0,low_activity,0,0,0,0,low_activity,0,0,0,0,low_activity,0,0,0,0,0,0,122648,133346,0.0418,-320,596,33,32,56,55,1
1774106619,55,44,0,0,0,0,low_activity,0,0,0,0,low_activity,0,0,0,0,low_activity,0,0,0,0,0,0,121596,115708,-0.0248,201,-456,33,29,56,55,1
1774106620,55,44,0,0,0,0,low_activity,0,0,0,0,low_activity,0,0,0,0,low_activity,0,0,0,0,0,0,122459,133162,0.0419,98,1373,33,30,56,55,1
1774106621,55,44,0,0,0,0,low_activity,0,0,0,0,low_activity,0,0,0,0,low_activity,0,0,0,0,0,0,121269,133355,0.0475,-1379,-783,33,31,56,55,1
1774106622,55,44,0,0,0,0,low_activity,0,0,0,0,low_activity,0,0,0,0,low_activity,0,0,0,0,0,0,120303,132389,0.0478,-1293,2107,33,31,56,55,1
1774106623,55,44,0,0,0,0,no_volume,0,0,0,0,low_activity,0,0,0,0,low_activity,0,0,0,0,0,0,121269,133162,0.0467,-1190,742,33,30,56,55,1
1774106624,55,44,0,0,0,0,no_volume,0,0,0,0,low_activity,0,0,0,0,low_activity,0,0,0,0,0,0,121269,133162,0.0467,0,-224,33,30,56,55,1
1774106625,55,44,0,0,0,0,no_volume,0,0,0,0,no_volume,0,0,0,0,low_activity,0,0,0,0,0,0,120303,132412,0.0479,0,-2665,33,30,56,55,1
1774106626,55,44,0,0,0,0,no_volume,0,0,0,0,no_volume,0,0,0,0,low_activity,0,0,0,0,0,0,121269,118378,-0.0121,0,-126,33,31,56,55,1
1774106627,55,44,0,0,0,0,no_volume,0,0,0,0,no_volume,0,0,0,0,low_activity,0,0,0,0,0,0,121269,133162,0.0467,0,-1092,33,30,56,55,1
1774106628,55,44,0,0,0,0,low_activity,0,0,0,0,low_activity,0,0,0,0,low_activity,0,0,0,0,0,0,120207,102196,-0.081,-96,-2441,33,28,56,55,1
1774106629,55,44,0,0,0,0,low_activity,0,0,0,0,low_activity,0,0,0,0,low_activity,0,0,0,0,0,0,121173,116674,-0.0189,-96,-423,33,30,56,55,1
1774106630,55,44,0,0,0,0,low_activity,0,0,0,0,low_activity,0,0,0,0,low_activity,0,0,0,0,0,0,121173,118162,-0.0126,-96,-1286,33,29,56,55,1
1774106631,55,44,0,0,0,0,no_volume,0,0,0,0,low_activity,0,0,0,0,low_activity,0,0,0,0,0,0,120207,117386,-0.0119,0,-1062,33,29,56,55,1
1774106632,55,44,0,0,0,0,no_volume,0,0,0,0,low_activity,0,0,0,0,low_activity,0,0,0,0,0,0,121173,118352,-0.0118,0,870,33,30,56,55,1
1774106633,55,44,0,0,0,0,low_activity,0,0,0,0,low_activity,0,0,0,0,low_activity,0,0,0,0,0,0,121156,103162,-0.0802,-17,-113,33,29,56,55,1
1774106634,55,44,0,0,0,0,low_activity,0,0,0,0,low_activity,0,0,0,0,low_activity,0,0,0,0,0,0,120190,117196,-0.0126,-17,-1079,33,29,56,55,1
1774106635,55,44,0,0,0,0,low_activity,0,0,0,0,low_activity,0,0,0,0,low_activity,0,0,0,0,0,0,124310,118162,-0.0254,3137,4007,33,29,56,55,1
1774106636,55,44,0,0,0,0,no_volume,0,0,0,0,low_activity,0,0,0,0,low_activity,0,0,0,0,0,0,124310,103162,-0.093,3154,3041,33,29,56,55,1
1774106637,55,44,0,0,0,0,no_volume,0,0,0,0,low_activity,0,0,0,0,low_activity,0,0,0,0,0,0,124844,132196,0.0286,4654,3575,33,28,56,55,1
1774106638,55,44,0,0,0,0,no_volume,0,0,0,0,no_volume,0,0,0,0,low_activity,0,0,0,0,0,0,124844,130919,0.0238,534,4637,33,30,56,55,1
1774106639,55,44,0,0,0,0,no_volume,0,0,0,0,no_volume,0,0,0,0,low_activity,0,0,0,0,0,0,125810,133373,0.0292,1500,4637,33,31,56,55,1
1774106640,55,44,0,0,0,0,no_volume,0,0,0,0,no_volume,0,0,0,0,low_activity,0,0,0,0,0,0,125810,133162,0.0284,966,4637,33,30,56,55,1
1774106641,55,44,0,0,0,0,no_volume,0,0,0,0,no_volume,0,0,0,0,low_activity,0,0,0,0,0,0,125810,133162,0.0284,966,5603,33,30,56,55,1
1774106642,55,44,0,0,0,0,no_volume,0,0,0,0,no_volume,0,0,0,0,low_activity,0,0,0,0,0,0,125810,133162,0.0284,0,4637,33,30,56,55,1
1774106643,55,44,0,0,0,0,no_volume,0,0,0,0,no_volume,0,0,0,0,low_activity,0,0,0,0,0,0,127000,133162,0.0237,1190,5844,32,30,56,55,1
1774106644,55,44,0,0,0,0,no_volume,0,0,0,0,no_volume,0,0,0,0,low_activity,0,0,0,0,0,0,127000,133356,0.0244,1190,6810,32,31,56,55,1
1774106645,55,44,0,0,0,0,low_activity,0,0,0,0,low_activity,0,0,0,0,low_activity,0,0,0,0,0,0,118065,81146,-0.1853,-7745,-6245,33,29,56,55,1
1774106646,55,44,0,0,0,0,low_activity,0,0,0,0,low_activity,0,0,0,0,low_activity,0,0,0,0,0,0,118032,80714,-0.1878,-8968,-6278,33,28,56,55,1
1774106647,55,44,0,0,0,0,low_activity,0,0,0,0,low_activity,0,0,0,0,low_activity,0,0,0,0,0,0,118006,80714,-0.1877,-8994,-6838,33,28,56,55,1
1774106648,55,44,0,0,0,0,low_activity,0,0,0,0,low_activity,0,0,0,0,low_activity,0,0,0,0,0,0,118001,65730,-0.2845,-64,-6843,33,27,56,55,1
1774106649,55,44,0,0,0,0,low_activity,0,0,0,0,low_activity,0,0,0,0,low_activity,0,0,0,0,0,0,118034,63389,-0.3012,2,-7776,33,29,56,55,1
1774106650,55,44,0,0,0,0,low_activity,0,0,0,0,low_activity,0,0,0,0,low_activity,0,0,0,0,0,0,118033,65868,-0.2837,27,-7777,32,30,56,55,1
1774106651,55,44,0,0,0,0,no_volume,0,0,0,0,low_activity,0,0,0,0,low_activity,0,0,0,0,0,0,118033,50710,-0.399,32,-7777,32,28,56,55,1
1774106652,55,44,0,0,0,0,no_volume,0,0,0,0,low_activity,0,0,0,0,low_activity,0,0,0,0,0,0,118033,49222,-0.4114,-1,-7777,32,27,56,55,1
1774106653,55,44,0,0,0,0,no_volume,0,0,0,0,no_volume,0,0,0,0,low_activity,0,0,0,0,0,0,118033,65710,-0.2848,0,-8967,32,30,56,55,1
1774106654,55,44,0,0,0,0,no_volume,0,0,0,0,no_volume,0,0,0,0,low_activity,0,0,0,0,0,0,118033,50893,-0.3975,0,-8967,32,29,56,55,1
1774106655,55,44,0,0,0,0,low_activity,0,0,0,0,low_activity,0,0,0,0,low_activity,0,0,0,0,0,0,117990,50883,-0.3974,-43,-75,32,30,56,55,1
1774106656,55,44,0,0,0,0,low_activity,0,0,0,0,low_activity,0,0,0,0,low_activity,0,0,0,0,0,0,118023,65730,-0.2846,-10,-9,32,29,56,55,1
1774106657,55,44,0,0,0,0,low_activity,0,0,0,0,low_activity,0,0,0,0,low_activity,0,0,0,0,0,0,118029,65730,-0.2846,-4,23,32,29,56,55,1
1774106658,55,44,0,0,0,0,low_activity,0,0,0,0,low_activity,0,0,0,0,low_activity,0,0,0,0,0,0,119453,49761,-0.4119,1463,1452,32,29,56,55,1
1774106659,55,44,0,0,0,0,low_activity,0,0,0,0,low_activity,0,0,0,0,low_activity,0,0,0,0,0,0,119453,67354,-0.2789,1430,1419,32,28,56,55,1
1774106660,55,44,0,0,0,0,low_activity,0,0,0,0,low_activity,0,0,0,0,low_activity,0,0,0,0,0,0,119453,65702,-0.2903,1424,1420,32,26,56,55,1
1774106661,55,44,0,0,0,0,no_volume,0,0,0,0,low_activity,0,0,0,0,low_activity,0,0,0,0,0,0,119453,52190,-0.3919,0,1420,32,27,56,55,1
1774106662,54,44,0,0,0,0,low_activity,0,0,0,0,low_activity,0,0,0,0,low_activity,0,0,0,0,0,0,117936,65846,-0.2834,-1517,-97,32,28,56,54,2
1774106663,54,44,0,0,0,0,low_activity,0,0,0,0,low_activity,0,0,0,0,low_activity,0,0,0,0,0,0,117936,65996,-0.2824,-1517,-97,32,27,56,54,2
1774106664,55,44,0,0,0,0,low_activity,0,0,0,0,low_activity,0,0,0,0,low_activity,0,0,0,0,0,0,119430,52156,-0.3921,-23,1397,32,27,56,55,1
1774106665,55,44,0,0,0,0,no_volume,0,0,0,0,low_activity,0,0,0,0,low_activity,0,0,0,0,0,0,119436,65668,-0.2905,1500,1446,32,27,56,55,1
1774106666,55,44,0,0,0,0,no_volume,0,0,0,0,low_activity,0,0,0,0,low_activity,0,0,0,0,0,0,119436,67358,-0.2788,1500,1413,32,29,56,55,1
1774106667,55,44,0,0,0,0,no_volume,0,0,0,0,no_volume,0,0,0,0,low_activity,0,0,0,0,0,0,119436,67358,-0.2788,6,1407,32,29,56,55,1
1774106668,54,45,0,0,0,0,low_activity,0,0,0,0,low_activity,0,0,0,0,low_activity,0,0,0,0,0,0,122311,48406,-0.4329,2875,2858,32,28,55,54,1
1774106669,54,45,0,0,0,0,low_activity,0,0,0,0,low_activity,0,0,0,0,low_activity,0,0,0,0,0,0,127987,65955,-0.3198,8551,8534,33,29,55,54,1
1774106670,54,45,0,0,0,0,low_activity,0,0,0,0,low_activity,0,0,0,0,low_activity,0,0,0,0,0,0,127987,51696,-0.4246,8551,8534,33,28,55,54,1
1774106671,54,45,0,0,0,0,no_volume,0,0,0,0,low_activity,0,0,0,0,low_activity,0,0,0,0,0,0,127987,65241,-0.3247,5676,8534,33,29,55,54,1
1774106672,54,45,0,0,0,0,no_volume,0,0,0,0,low_activity,0,0,0,0,low_activity,0,0,0,0,0,0,127981,66729,-0.3146,-6,10045,33,30,55,54,1
1774106673,54,45,0,0,0,0,no_volume,0,0,0,0,no_volume,0,0,0,0,low_activity,0,0,0,0,0,0,133455,66948,-0.3319,5468,15519,34,31,55,54,1
1774106674,54,45,0,0,0,0,no_volume,0,0,0,0,no_volume,0,0,0,0,low_activity,0,0,0,0,0,0,134602,66948,-0.3357,6615,15172,34,30,55,54,1
1774106675,54,45,0,0,0,0,no_volume,0,0,0,0,no_volume,0,0,0,0,low_activity,0,0,0,0,0,0,133306,67979,-0.3245,5325,13870,35,28,55,54,1
1774106676,54,45,0,0,0,0,no_volume,0,0,0,0,no_volume,0,0,0,0,low_activity,0,0,0,0,0,0,133305,67965,-0.3246,-150,13869,34,28,55,54,1
1774106677,54,45,0,0,0,0,no_volume,0,0,0,0,no_volume,0,0,0,0,low_activity,0,0,0,0,0,0,135503,67975,-0.3319,901,16067,34,28,55,54,1
1774106678,54,45,0,0,0,0,no_volume,0,0,0,0,no_volume,0,0,0,0,low_activity,0,0,0,0,0,0,135512,82965,-0.2405,2206,13201,34,30,55,54,1
1774106679,54,45,0,0,0,0,no_volume,0,0,0,0,no_volume,0,0,0,0,low_activity,0,0,0,0,0,0,135665,82969,-0.241,2360,7678,33,30,55,54,1
1774106680,54,45,0,0,0,0,no_volume,0,0,0,0,no_volume,0,0,0,0,low_activity,0,0,0,0,0,0,133114,82969,-0.2321,-2389,5127,33,30,55,54,1
1774106681,54,45,0,0,0,0,no_volume,0,0,0,0,no_volume,0,0,0,0,low_activity,0,0,0,0,0,0,133114,83159,-0.231,-2398,5127,33,31,55,54,1
1774106682,54,45,0,0,0,0,low_activity,0,0,0,0,low_activity,0,0,0,0,low_activity,0,0,0,0,0,0,133060,83159,-0.2308,-2605,5079,33,31,55,54,1
1774106683,54,45,0,0,0,0,low_activity,0,0,0,0,low_activity,0,0,0,0,low_activity,0,0,0,0,0,0,133034,82195,-0.2362,-80,-421,33,30,55,54,1
1774106684,54,45,0,0,0,0,low_activity,0,0,0,0,low_activity,0,0,0,0,low_activity,0,0,0,0,0,0,133231,83049,-0.232,117,-1371,34,30,55,54,1
1774106685,54,45,0,0,0,0,no_volume,0,0,0,0,low_activity,0,0,0,0,low_activity,0,0,0,0,0,0,134527,83049,-0.2366,1467,1221,33,30,55,54,1
1774106686,54,45,0,0,0,0,no_volume,0,0,0,0,low_activity,0,0,0,0,low_activity,0,0,0,0,0,0,133384,83055,-0.2325,350,79,33,30,55,54,1
1774106687,54,45,0,0,0,0,no_volume,0,0,0,0,no_volume,0,0,0,0,low_activity,0,0,0,0,0,0,133384,83055,-0.2325,153,-2119,33,30,55,54,1
1774106688,54,45,0,0,0,0,low_activity,0,0,0,0,low_activity,0,0,0,0,low_activity,0,0,0,0,0,0,133395,68211,-0.3233,-1132,-2117,33,30,55,54,1
1774106689,54,45,0,0,0,0,low_activity,0,0,0,0,low_activity,0,0,0,0,low_activity,0,0,0,0,0,0,132211,68211,-0.3193,-1173,-3454,33,30,55,54,1
1774106690,54,45,0,0,0,0,low_activity,0,0,0,0,low_activity,0,0,0,0,low_activity,0,0,0,0,0,0,132211,53007,-0.4276,-1173,-903,33,28,55,54,1
1774106691,54,45,0,0,0,0,low_activity,0,0,0,0,low_activity,0,0,0,0,low_activity,0,0,0,0,0,0,133354,68007,-0.3245,-41,240,33,28,55,54,1
1774106692,54,45,0,0,0,0,low_activity,0,0,0,0,low_activity,0,0,0,0,low_activity,0,0,0,0,0,0,132050,68007,-0.3201,-161,-1010,34,28,55,54,1
1774106693,54,45,0,0,0,0,low_activity,0,0,0,0,low_activity,0,0,0,0,low_activity,0,0,0,0,0,0,132050,68007,-0.3201,-161,-984,34,27,55,54,1
1774106694,54,45,0,0,0,0,low_activity,0,0,0,0,low_activity,0,0,0,0,low_activity,0,0,0,0,0,0,132050,68226,-0.3187,-1304,-1181,34,29,55,54,1
1774106695,54,45,0,0,0,0,low_activity,0,0,0,0,low_activity,0,0,0,0,low_activity,0,0,0,0,0,0,132032,68226,-0.3186,-18,-2495,34,28,55,54,1
1774106696,54,45,0,0,0,0,low_activity,0,0,0,0,low_activity,0,0,0,0,low_activity,0,0,0,0,0,0,130685,66507,-0.3255,-1365,-2699,33,28,55,54,1
1774106697,54,45,0,0,0,0,low_activity,0,0,0,0,low_activity,0,0,0,0,low_activity,0,0,0,0,0,0,130326,66507,-0.3242,-1724,-3058,33,29,55,54,1
1774106698,54,45,0,0,0,0,no_volume,0,0,0,0,low_activity,0,0,0,0,low_activity,0,0,0,0,0,0,130335,66507,-0.3243,-1697,-3060,33,28,55,54,1
1774106699,54,45,0,0,0,0,no_volume,0,0,0,0,low_activity,0,0,0,0,low_activity,0,0,0,0,0,0,130335,66507,-0.3243,-350,-1876,33,28,55,54,1
1774106700,54,45,0,0,0,0,no_volume,0,0,0,0,no_volume,0,0,0,0,low_activity,0,0,0,0,0,0,130335,66707,-0.3229,9,-1876,33,29,55,54,1
1774106701,54,45,0,0,0,0,no_volume,0,0,0,0,no_volume,0,0,0,0,low_activity,0,0,0,0,0,0,130335,66507,-0.3243,0,-3019,33,29,55,54,1
1774106702,54,45,0,0,0,0,low_activity,0,0,0,0,low_activity,0,0,0,0,low_activity,0,0,0,0,0,0,132762,66519,-0.3324,2427,712,33,29,55,54,1
1774106703,54,45,0,0,0,0,low_activity,0,0,0,0,low_activity,0,0,0,0,low_activity,0,0,0,0,0,0,131466,66519,-0.328,1131,-584,34,28,55,54,1
1774106704,54,45,0,0,0,0,low_activity,0,0,0,0,low_activity,0,0,0,0,low_activity,0,0,0,0,0,0,133586,64909,-0.346,3251,1536,34,26,55,54,1
1774106705,54,45,0,0,0,0,low_activity,0,0,0,0,low_activity,0,0,0,0,low_activity,0,0,0,0,0,0,133586,66525,-0.3351,824,1554,34,29,55,54,1
1774106706,54,45,0,0,0,0,low_activity,0,0,0,0,low_activity,0,0,0,0,low_activity,0,0,0,0,0,0,133586,51525,-0.4433,2120,2901,34,27,55,54,1
1774106707,54,45,0,0,0,0,no_volume,0,0,0,0,low_activity,0,0,0,0,low_activity,0,0,0,0,0,0,133739,66525,-0.3356,153,3413,33,28,55,54,1
1774106708,54,45,0,0,0,0,no_volume,0,0,0,0,low_activity,0,0,0,0,low_activity,0,0,0,0,0,0,133389,66525,-0.3345,-197,3054,33,28,55,54,1
1774106709,54,45,0,0,0,0,low_activity,0,0,0,0,low_activity,0,0,0,0,low_activity,0,0,0,0,0,0,134295,72791,-0.297,709,3960,33,29,55,54,1
1774106710,55,44,0,0,0,0,low_activity,0,0,0,0,low_activity,0,0,0,0,low_activity,0,0,0,0,0,0,140759,112658,-0.1109,7020,10424,32,30,56,55,1
1774106711,55,44,0,0,0,0,low_activity,0,0,0,0,low_activity,0,0,0,0,low_activity,0,0,0,0,0,0,140997,112658,-0.1117,7608,10662,32,30,56,55,1
1774106712,55,44,0,0,0,0,low_activity,0,0,0,0,low_activity,0,0,0,0,low_activity,0,0,0,0,0,0,140788,110541,-0.1203,6493,8026,32,30,56,55,1
1774106713,55,44,0,0,0,0,no_volume,0,0,0,0,low_activity,0,0,0,0,low_activity,0,0,0,0,0,0,141948,96804,-0.1891,1189,10482,32,29,56,55,1
1774106714,55,44,0,0,0,0,no_volume,0,0,0,0,low_activity,0,0,0,0,low_activity,0,0,0,0,0,0,140652,95838,-0.1895,-345,7066,33,28,56,55,1
1774106715,55,44,0,0,0,0,no_volume,0,0,0,0,no_volume,0,0,0,0,low_activity,0,0,0,0,0,0,140652,123677,-0.0642,-136,7066,33,30,56,55,1
1774106716,55,44,0,0,0,0,no_volume,0,0,0,0,no_volume,0,0,0,0,low_activity,0,0,0,0,0,0,140652,124643,-0.0603,-1296,7066,33,30,56,55,1
1774106717,55,44,0,0,0,0,no_volume,0,0,0,0,no_volume,0,0,0,0,low_activity,0,0,0,0,0,0,142004,117361,-0.095,1352,8265,33,30,56,55,1
1774106718,55,44,0,0,0,0,low_activity,0,0,0,0,low_activity,0,0,0,0,low_activity,0,0,0,0,0,0,141241,117126,-0.0933,589,7852,33,30,56,55,1
1774106719,55,44,0,0,0,0,low_activity,0,0,0,0,low_activity,0,0,0,0,low_activity,0,0,0,0,0,0,142492,117126,-0.0977,1840,8197,32,29,56,55,1
1774106720,55,44,0,0,0,0,low_activity,0,0,0,0,low_activity,0,0,0,0,low_activity,0,0,0,0,0,0,141237,117126,-0.0933,-767,478,32,30,56,55,1
1774106721,55,44,0,0,0,0,low_activity,0,0,0,0,low_activity,0,0,0,0,low_activity,0,0,0,0,0,0,142737,118626,-0.0923,1496,1740,32,30,56,55,1
1774106722,55,44,0,0,0,0,low_activity,0,0,0,0,low_activity,0,0,0,0,low_activity,0,0,0,0,0,0,137373,124192,-0.0504,-5119,-3415,32,29,56,55,1
1774106723,55,44,0,0,0,0,low_activity,0,0,0,0,low_activity,0,0,0,0,low_activity,0,0,0,0,0,0,142509,118626,-0.0915,1272,561,32,30,56,55,1
1774106724,55,44,0,0,0,0,low_activity,0,0,0,0,low_activity,0,0,0,0,low_activity,0,0,0,0,0,0,142621,118626,-0.0918,-116,1969,32,28,56,55,1
1774106725,55,44,0,0,0,0,no_volume,0,0,0,0,low_activity,0,0,0,0,low_activity,0,0,0,0,0,0,142271,125403,-0.063,4898,1619,32,30,56,55,1
1774106726,55,44,0,0,0,0,no_volume,0,0,0,0,low_activity,0,0,0,0,low_activity,0,0,0,0,0,0,86738,128360,0.1935,-55771,-53914,32,29,56,55,1
1774106727,55,43,0,0,0,0,no_volume,0,0,0,0,no_volume,0,0,0,0,low_activity,0,0,0,0,0,0,75783,128254,0.2572,-66838,-66221,31,28,57,55,2
1774106728,55,43,0,0,0,0,no_volume,0,0,0,0,no_volume,0,0,0,0,low_activity,0,0,0,0,0,0,77570,128454,0.247,-64701,-63671,31,28,57,55,2
1774106729,55,43,0,0,0,0,no_volume,0,0,0,0,no_volume,0,0,0,0,low_activity,0,0,0,0,0,0,75752,128454,0.2581,-10986,-66740,32,28,57,55,2
1774106730,55,43,0,0,0,0,low_activity,0,0,0,0,low_activity,0,0,0,0,low_activity,0,0,0,0,0,0,76228,128421,0.255,445,-65009,29,28,57,55,2
1774106731,55,42,0,0,0,0,low_activity,0,0,0,0,low_activity,0,0,0,0,low_activity,0,0,0,0,0,0,68567,113479,0.2467,-9003,-74170,31,27,58,55,3
1774106732,55,44,0,0,0,0,low_activity,0,0,0,0,low_activity,0,0,0,0,low_activity,0,0,0,0,0,0,77570,114921,0.194,1818,-59803,32,28,56,55,1
1774106733,55,44,0,0,0,0,no_volume,0,0,0,0,low_activity,0,0,0,0,low_activity,0,0,0,0,0,0,77717,130021,0.2518,1489,-64792,31,28,56,55,1
1774106734,55,44,0,0,0,0,low_activity,0,0,0,0,low_activity,0,0,0,0,low_activity,0,0,0,0,0,0,77559,130021,0.2527,8992,-65062,31,28,56,55,1
1774106735,55,44,0,0,0,0,low_activity,0,0,0,0,low_activity,0,0,0,0,low_activity,0,0,0,0,0,0,92875,115021,0.1065,15305,-49396,31,28,56,55,1
1774106736,55,44,0,0,0,0,low_activity,0,0,0,0,low_activity,0,0,0,0,low_activity,0,0,0,0,0,0,93922,130021,0.1612,16205,7184,31,29,56,55,1
1774106737,55,44,0,0,0,0,no_volume,0,0,0,0,low_activity,0,0,0,0,low_activity,0,0,0,0,0,0,94071,130021,0.1604,16512,18288,31,28,56,55,1
1774106738,55,44,0,0,0,0,no_volume,0,0,0,0,low_activity,0,0,0,0,low_activity,0,0,0,0,0,0,92478,130021,0.1687,-397,14908,31,29,56,55,1
1774106739,55,44,0,0,0,0,no_volume,0,0,0,0,no_volume,0,0,0,0,low_activity,0,0,0,0,0,0,92478,115021,0.1086,-1444,16726,31,27,56,55,1
1774106740,55,44,0,0,0,0,no_volume,0,0,0,0,no_volume,0,0,0,0,low_activity,0,0,0,0,0,0,92478,130021,0.1687,-1593,16250,31,29,56,55,1
1774106741,55,44,0,0,0,0,low_activity,0,0,0,0,low_activity,0,0,0,0,low_activity,0,0,0,0,0,0,92702,130027,0.1676,224,24135,32,28,56,55,1
1774106742,55,44,0,0,0,0,low_activity,0,0,0,0,low_activity,0,0,0,0,low_activity,0,0,0,0,0,0,92960,130021,0.1662,482,15390,31,28,56,55,1
1774106743,55,44,0,0,0,0,low_activity,0,0,0,0,low_activity,0,0,0,0,low_activity,0,0,0,0,0,0,92208,130021,0.1702,-270,14491,31,28,56,55,1
1774106744,55,44,0,0,0,0,no_volume,0,0,0,0,low_activity,0,0,0,0,low_activity,0,0,0,0,0,0,92208,130021,0.1702,-494,14649,31,28,56,55,1
1774106745,55,44,0,0,0,0,no_volume,0,0,0,0,low_activity,0,0,0,0,low_activity,0,0,0,0,0,0,92208,115021,0.1101,-752,-667,31,28,56,55,1
1774106746,55,44,0,0,0,0,no_volume,0,0,0,0,no_volume,0,0,0,0,low_activity,0,0,0,0,0,0,92208,115021,0.1101,0,-1714,31,28,56,55,1
1774106747,55,44,0,0,0,0,low_activity,0,0,0,0,low_activity,0,0,0,0,low_activity,0,0,0,0,0,0,86106,130021,0.2032,-6102,-7965,31,28,56,55,1
1774106748,55,44,0,0,0,0,low_activity,0,0,0,0,low_activity,0,0,0,0,low_activity,0,0,0,0,0,0,86461,145046,0.2531,-5747,-6017,32,29,56,55,1
1774106749,55,44,0,0,0,0,low_activity,0,0,0,0,low_activity,0,0,0,0,low_activity,0,0,0,0,0,0,86558,145046,0.2525,-5650,-5920,32,29,56,55,1
1774106750,55,44,0,0,0,0,no_volume,0,0,0,0,low_activity,0,0,0,0,low_activity,0,0,0,0,0,0,86558,145046,0.2525,452,-5920,32,29,56,55,1
1774106751,55,44,0,0,0,0,no_volume,0,0,0,0,low_activity,0,0,0,0,low_activity,0,0,0,0,0,0,86558,145046,0.2525,97,-6144,32,29,56,55,1
1774106752,55,44,0,0,0,0,no_volume,0,0,0,0,no_volume,0,0,0,0,low_activity,0,0,0,0,0,0,86111,145046,0.255,-447,-6849,32,29,56,55,1
1774106753,55,44,0,0,0,0,no_volume,0,0,0,0,no_volume,0,0,0,0,low_activity,0,0,0,0,0,0,86111,145046,0.255,-447,-6097,32,29,56,55,1
1774106754,55,44,0,0,0,0,no_volume,0,0,0,0,no_volume,0,0,0,0,low_activity,0,0,0,0,0,0,87604,143546,0.242,1046,-4604,32,29,56,55,1
1774106755,55,44,0,0,0,0,low_activity,0,0,0,0,low_activity,0,0,0,0,low_activity,0,0,0,0,0,0,85221,143546,0.255,-890,-6987,32,29,56,55,1
1774106756,55,44,0,0,0,0,low_activity,0,0,0,0,low_activity,0,0,0,0,low_activity,0,0,0,0,0,0,85221,139990,0.2432,-890,-6987,32,29,56,55,1
1774106757,55,44,0,0,0,0,low_activity,0,0,0,0,low_activity,0,0,0,0,low_activity,0,0,0,0,0,0,85200,139990,0.2433,-2404,-906,32,29,56,55,1
1774106758,55,44,0,0,0,0,low_activity,0,0,0,0,low_activity,0,0,0,0,low_activity,0,0,0,0,0,0,85200,109990,0.127,-21,-1261,32,28,56,55,1
1774106759,55,44,0,0,0,0,low_activity,0,0,0,0,low_activity,0,0,0,0,low_activity,0,0,0,0,0,0,85281,109990,0.1265,60,-1277,32,28,56,55,1
1774106760,55,44,0,0,0,0,no_volume,0,0,0,0,low_activity,0,0,0,0,low_activity,0,0,0,0,0,0,85200,124990,0.1893,0,-1358,32,27,56,55,1
1774106761,55,44,0,0,0,0,low_activity,0,0,0,0,low_activity,0,0,0,0,low_activity,0,0,0,0,0,0,83692,109990,0.1358,-1508,-2866,32,28,56,55,1
1774106762,55,44,0,0,0,0,low_activity,0,0,0,0,low_activity,0,0,0,0,low_activity,0,0,0,0,0,0,82517,125023,0.2048,-2764,-3594,33,28,56,55,1
1774106763,55,44,0,0,0,0,low_activity,0,0,0,0,low_activity,0,0,0,0,low_activity,0,0,0,0,0,0,81133,125023,0.2129,-4067,-4978,33,29,56,55,1
1774106764,55,44,0,0,0,0,low_activity,0,0,0,0,low_activity,0,0,0,0,low_activity,0,0,0,0,0,0,81133,109990,0.151,-2559,-6471,33,27,56,55,1
1774106765,55,44,0,0,0,0,low_activity,0,0,0,0,low_activity,0,0,0,0,low_activity,0,0,0,0,0,0,80493,109990,0.1549,-2024,-4728,32,28,56,55,1
1774106766,55,44,0,0,0,0,no_volume,0,0,0,0,low_activity,0,0,0,0,low_activity,0,0,0,0,0,0,81140,125170,0.2134,7,-4081,32,29,56,55,1
1774106767,55,44,0,0,0,0,no_volume,0,0,0,0,low_activity,0,0,0,0,low_activity,0,0,0,0,0,0,131652,125618,-0.0235,50519,46452,33,29,56,55,1
1774106768,55,44,0,0,0,0,low_activity,0,0,0,0,low_activity,0,0,0,0,low_activity,0,0,0,0,0,0,131468,140651,0.0337,50975,46268,33,29,56,55,1
1774106769,55,44,0,0,0,0,low_activity,0,0,0,0,low_activity,0,0,0,0,low_activity,0,0,0,0,0,0,130890,78301,-0.2514,49750,45609,33,31,56,55,1
1774106770,55,44,0,0,0,0,low_activity,0,0,0,0,low_activity,0,0,0,0,low_activity,0,0,0,0,0,0,130971,74647,-0.2739,-681,45771,33,29,56,55,1
1774106771,55,44,0,0,0,0,no_volume,0,0,0,0,low_activity,0,0,0,0,low_activity,0,0,0,0,0,0,130923,80894,-0.2362,-545,47231,33,29,56,55,1
1774106772,55,44,0,0,0,0,no_volume,0,0,0,0,low_activity,0,0,0,0,low_activity,0,0,0,0,0,0,136855,79038,-0.2678,5965,54338,33,29,56,55,1
1774106773,55,44,0,0,0,0,no_volume,0,0,0,0,no_volume,0,0,0,0,low_activity,0,0,0,0,0,0,138080,93668,-0.1916,7109,56947,32,29,56,55,1
1774106774,55,44,0,0,0,0,low_activity,0,0,0,0,low_activity,0,0,0,0,low_activity,0,0,0,0,0,0,138620,124647,-0.0531,7697,57487,32,28,56,55,1
1774106775,55,44,0,0,0,0,low_activity,0,0,0,0,low_activity,0,0,0,0,low_activity,0,0,0,0,0,0,138952,132257,-0.0247,2097,58459,32,29,56,55,1
1774106776,55,44,0,0,0,0,low_activity,0,0,0,0,low_activity,0,0,0,0,low_activity,0,0,0,0,0,0,140115,132257,-0.0289,2035,58975,32,29,56,55,1
1774106777,55,44,0,0,0,0,no_volume,0,0,0,0,low_activity,0,0,0,0,low_activity,0,0,0,0,0,0,147422,133520,-0.0495,8802,15770,33,30,56,55,1
1774106778,55,44,0,0,0,0,no_volume,0,0,0,0,low_activity,0,0,0,0,low_activity,0,0,0,0,0,0,146456,115994,-0.1161,7504,14988,34,30,56,55,1
1774106779,55,44,0,0,0,0,no_volume,0,0,0,0,no_volume,0,0,0,0,low_activity,0,0,0,0,0,0,145859,117482,-0.1078,5744,14969,34,30,56,55,1
1774106780,55,44,0,0,0,0,no_volume,0,0,0,0,no_volume,0,0,0,0,low_activity,0,0,0,0,0,0,146825,116123,-0.1168,-597,15854,34,30,56,55,1
1774106781,55,44,0,0,0,0,no_volume,0,0,0,0,no_volume,0,0,0,0,low_activity,0,0,0,0,0,0,145662,118256,-0.1038,-794,14739,34,31,56,55,1
1774106782,55,44,0,0,0,0,no_volume,0,0,0,0,no_volume,0,0,0,0,low_activity,0,0,0,0,0,0,144696,117290,-0.1046,-1163,7841,33,29,56,55,1
1774106783,55,44,0,0,0,0,no_volume,0,0,0,0,no_volume,0,0,0,0,low_activity,0,0,0,0,0,0,145758,118256,-0.1042,-1067,7678,32,30,56,55,1
1774106784,55,44,0,0,0,0,low_activity,0,0,0,0,low_activity,0,0,0,0,low_activity,0,0,0,0,0,0,145696,101768,-0.1775,34,7076,32,29,56,55,1
1774106785,55,44,0,0,0,0,low_activity,0,0,0,0,low_activity,0,0,0,0,low_activity,0,0,0,0,0,0,146230,104975,-0.1642,1534,7278,32,31,56,55,1
1774106786,55,44,0,0,0,0,low_activity,0,0,0,0,low_activity,0,0,0,0,low_activity,0,0,0,0,0,0,144730,117509,-0.1038,-1028,4615,32,31,56,55,1
1774106787,55,44,0,0,0,0,no_volume,0,0,0,0,low_activity,0,0,0,0,low_activity,0,0,0,0,0,0,145696,118256,-0.104,0,-1726,32,31,56,55,1
1774106788,55,44,0,0,0,0,no_volume,0,0,0,0,low_activity,0,0,0,0,low_activity,0,0,0,0,0,0,145777,118300,-0.104,-453,-679,33,31,56,55,1
1774106789,55,44,0,0,0,0,no_volume,0,0,0,0,no_volume,0,0,0,0,low_activity,0,0,0,0,0,0,145777,117334,-0.1081,1047,-82,33,30,56,55,1
1774106790,55,44,0,0,0,0,no_volume,0,0,0,0,no_volume,0,0,0,0,low_activity,0,0,0,0,0,0,146743,116812,-0.1136,1047,-82,33,28,56,55,1
1774106791,55,44,0,0,0,0,no_volume,0,0,0,0,no_volume,0,0,0,0,low_activity,0,0,0,0,0,0,145777,133300,-0.0447,0,115,33,29,56,55,1
1774106792,55,44,0,0,0,0,no_volume,0,0,0,0,no_volume,0,0,0,0,low_activity,0,0,0,0,0,0,144811,132551,-0.0442,-966,115,33,29,56,55,1
1774106793,55,44,0,0,0,0,no_volume,0,0,0,0,no_volume,0,0,0,0,low_activity,0,0,0,0,0,0,145775,133517,-0.0439,-968,17,33,28,56,55,1
1774106794,55,44,0,0,0,0,no_volume,0,0,0,0,no_volume,0,0,0,0,low_activity,0,0,0,0,0,0,145775,118300,-0.104,-2,79,33,27,56,55,1
1774106795,55,44,0,0,0,0,no_volume,0,0,0,0,no_volume,0,0,0,0,low_activity,0,0,0,0,0,0,91527,130404,0.1752,-53284,-54703,32,28,56,55,1
1774106796,55,44,0,0,0,0,no_volume,0,0,0,0,no_volume,0,0,0,0,low_activity,0,0,0,0,0,0,80877,130460,0.2346,-64898,-63853,32,29,56,55,1
1774106797,55,44,0,0,0,0,no_volume,0,0,0,0,no_volume,0,0,0,0,low_activity,0,0,0,0,0,0,80908,115460,0.176,-64867,-64788,33,29,56,55,1
1774106798,55,44,0,0,0,0,low_activity,0,0,0,0,low_activity,0,0,0,0,low_activity,0,0,0,0,0,0,80874,130493,0.2348,-10653,-64903,33,29,56,55,1
1774106799,55,44,0,0,0,0,low_activity,0,0,0,0,low_activity,0,0,0,0,low_activity,0,0,0,0,0,0,80874,130694,0.2355,-3,-64903,33,30,56,55,1
1774106800,55,44,0,0,0,0,low_activity,0,0,0,0,low_activity,0,0,0,0,low_activity,0,0,0,0,0,0,80874,129173,0.2299,-34,-65869,33,30,56,55,1
1774106801,55,44,0,0,0,0,no_volume,0,0,0,0,low_activity,0,0,0,0,low_activity,0,0,0,0,0,0,80874,130460,0.2346,0,-64903,33,30,56,55,1
1774106802,55,44,0,0,0,0,no_volume,0,0,0,0,low_activity,0,0,0,0,low_activity,0,0,0,0,0,0,80874,130466,0.2347,0,-63937,33,30,56,55,1
1774106803,55,44,0,0,0,0,no_volume,0,0,0,0,no_volume,0,0,0,0,low_activity,0,0,0,0,0,0,80874,130466,0.2347,0,-64901,33,30,56,55,1
1774106804,55,44,0,0,0,0,no_volume,0,0,0,0,no_volume,0,0,0,0,low_activity,0,0,0,0,0,0,81024,130466,0.2338,150,-64751,34,30,56,55,1
1774106805,55,44,0,0,0,0,low_activity,0,0,0,0,low_activity,0,0,0,0,low_activity,0,0,0,0,0,0,78116,130466,0.251,-2758,-13411,34,30,56,55,1
1774106806,55,44,0,0,0,0,low_activity,0,0,0,0,low_activity,0,0,0,0,low_activity,0,0,0,0,0,0,78197,130466,0.2505,-2677,-2680,34,30,56,55,1
1774106807,55,44,0,0,0,0,low_activity,0,0,0,0,low_activity,0,0,0,0,low_activity,0,0,0,0,0,0,136025,133223,-0.0104,55001,55117,32,31,56,55,1
1774106808,55,44,0,0,0,0,low_activity,0,0,0,0,low_activity,0,0,0,0,low_activity,0,0,0,0,0,0,135991,103223,-0.137,57875,55117,32,29,56,55,1
1774106809,55,44,0,0,0,0,low_activity,0,0,0,0,low_activity,0,0,0,0,low_activity,0,0,0,0,0,0,142495,118256,-0.093,64298,61621,32,30,56,55,1
1774106810,55,44,0,0,0,0,low_activity,0,0,0,0,low_activity,0,0,0,0,low_activity,0,0,0,0,0,0,143758,104856,-0.1565,7733,62884,34,31,56,55,1
1774106811,55,44,0,0,0,0,low_activity,0,0,0,0,low_activity,0,0,0,0,low_activity,0,0,0,0,0,0,143758,119856,-0.0907,7767,62884,34,31,56,55,1
1774106812,55,44,0,0,0,0,no_volume,0,0,0,0,low_activity,0,0,0,0,low_activity,0,0,0,0,0,0,141690,118593,-0.0887,-805,60816,34,30,56,55,1
1774106813,55,44,0,0,0,0,no_volume,0,0,0,0,low_activity,0,0,0,0,low_activity,0,0,0,0,0,0,142656,104856,-0.1527,-1102,61782,34,30,56,55,1
1774106814,55,44,0,0,0,0,low_activity,0,0,0,0,low_activity,0,0,0,0,low_activity,0,0,0,0,0,0,142492,118368,-0.0925,-1266,61468,34,29,56,55,1
1774106815,55,44,0,0,0,0,low_activity,0,0,0,0,low_activity,0,0,0,0,low_activity,0,0,0,0,0,0,141445,103890,-0.1531,-245,63329,32,29,56,55,1
1774106816,55,44,0,0,0,0,low_activity,0,0,0,0,low_activity,0,0,0,0,low_activity,0,0,0,0,0,0,148538,120153,-0.1056,5882,70341,32,31,56,55,1
1774106817,55,44,0,0,0,0,low_activity,0,0,0,0,low_activity,0,0,0,0,low_activity,0,0,0,0,0,0,147447,119856,-0.1032,4955,11422,32,31,56,55,1
1774106818,55,44,0,0,0,0,low_activity,0,0,0,0,low_activity,0,0,0,0,low_activity,0,0,0,0,0,0,147447,118890,-0.1072,6002,11456,32,31,56,55,1
1774106819,55,44,0,0,0,0,low_activity,0,0,0,0,low_activity,0,0,0,0,low_activity,0,0,0,0,0,0,148413,104856,-0.172,-125,5918,32,30,56,55,1
1774106820,55,44,0,0,0,0,no_volume,0,0,0,0,low_activity,0,0,0,0,low_activity,0,0,0,0,0,0,148413,118368,-0.1126,966,4655,32,30,56,55,1
1774106821,55,44,0,0,0,0,no_volume,0,0,0,0,low_activity,0,0,0,0,low_activity,0,0,0,0,0,0,147528,118895,-0.1075,81,3770,33,29,56,55,1
1774106822,55,44,0,0,0,0,no_volume,0,0,0,0,no_volume,0,0,0,0,low_activity,0,0,0,0,0,0,148494,119861,-0.1067,81,6804,33,29,56,55,1
1774106823,55,44,0,0,0,0,no_volume,0,0,0,0,no_volume,0,0,0,0,low_activity,0,0,0,0,0,0,148494,119861,-0.1067,81,5838,33,29,56,55,1
1774106824,55,44,0,0,0,0,no_volume,0,0,0,0,no_volume,0,0,0,0,low_activity,0,0,0,0,0,0,147528,103895,-0.1735,0,5036,32,28,56,55,1
1774106825,55,44,0,0,0,0,no_volume,0,0,0,0,no_volume,0,0,0,0,low_activity,0,0,0,0,0,0,147447,104861,-0.1688,-1047,6002,32,27,56,55,1
1774106826,55,44,0,0,0,0,no_volume,0,0,0,0,no_volume,0,0,0,0,low_activity,0,0,0,0,0,0,147447,119861,-0.1032,-1047,-1091,32,28,56,55,1
1774106827,55,44,0,0,0,0,no_volume,0,0,0,0,no_volume,0,0,0,0,low_activity,0,0,0,0,0,0,145874,117407,-0.1081,-1654,-1573,32,27,56,55,1
1774106828,55,44,0,0,0,0,no_volume,0,0,0,0,no_volume,0,0,0,0,low_activity,0,0,0,0,0,0,147374,118361,-0.1092,-73,-73,32,29,56,55,1
1774106829,55,44,0,0,0,0,low_activity,0,0,0,0,low_activity,0,0,0,0,low_activity,0,0,0,0,0,0,146236,103361,-0.1718,-1211,-2177,32,30,56,55,1
1774106830,55,44,0,0,0,0,low_activity,0,0,0,0,low_activity,0,0,0,0,low_activity,0,0,0,0,0,0,145729,103361,-0.1701,-145,-2684,32,29,56,55,1
1774106831,55,44,0,0,0,0,low_activity,0,0,0,0,low_activity,0,0,0,0,low_activity,0,0,0,0,0,0,145202,119327,-0.0978,-2172,-2326,32,31,56,55,1
1774106832,55,44,0,0,0,0,low_activity,0,0,0,0,low_activity,0,0,0,0,low_activity,0,0,0,0,0,0,145862,118361,-0.1041,-374,-2632,32,30,56,55,1
1774106833,55,44,0,0,0,0,low_activity,0,0,0,0,low_activity,0,0,0,0,low_activity,0,0,0,0,0,0,145862,117395,-0.1081,133,-2632,32,30,56,55,1
1774106834,55,44,0,0,0,0,low_activity,0,0,0,0,low_activity,0,0,0,0,low_activity,0,0,0,0,0,0,139735,118361,-0.0828,-5467,-7793,33,30,56,55,1
1774106835,55,44,0,0,0,0,no_volume,0,0,0,0,low_activity,0,0,0,0,low_activity,0,0,0,0,0,0,139733,116873,-0.0891,-6129,-7714,34,29,56,55,1
1774106836,55,44,0,0,0,0,no_volume,0,0,0,0,low_activity,0,0,0,0,low_activity,0,0,0,0,0,0,138767,102395,-0.1508,-7095,-8680,34,29,56,55,1
1774106837,55,44,0,0,0,0,low_activity,0,0,0,0,low_activity,0,0,0,0,low_activity,0,0,0,0,0,0,139050,118361,-0.0804,-685,-6824,34,31,56,55,1
1774106838,55,44,0,0,0,0,low_activity,0,0,0,0,low_activity,0,0,0,0,low_activity,0,0,0,0,0,0,139050,118361,-0.0804,-683,-8324,34,31,56,55,1
1774106839,55,44,0,0,0,0,low_activity,0,0,0,0,low_activity,0,0,0,0,low_activity,0,0,0,0,0,0,138084,102395,-0.1484,-683,-8152,32,29,56,55,1
1774106840,55,44,0,0,0,0,no_volume,0,0,0,0,low_activity,0,0,0,0,low_activity,0,0,0,0,0,0,136836,101228,-0.1496,-2214,-8893,32,29,56,55,1
1774106841,55,44,0,0,0,0,no_volume,0,0,0,0,low_activity,0,0,0,0,low_activity,0,0,0,0,0,0,138969,118361,-0.0801,-81,-6233,32,31,56,55,1
1774106842,55,44,0,0,0,0,no_volume,0,0,0,0,no_volume,0,0,0,0,low_activity,0,0,0,0,0,0,138969,116204,-0.0892,885,-6893,32,29,56,55,1
1774106843,55,44,0,0,0,0,low_activity,0,0,0,0,low_activity,0,0,0,0,low_activity,0,0,0,0,0,0,139719,118658,-0.0815,2883,-6143,34,28,56,55,1
1774106844,55,44,0,0,0,0,low_activity,0,0,0,0,low_activity,0,0,0,0,low_activity,0,0,0,0,0,0,140909,103658,-0.1523,1940,1174,34,28,56,55,1
1774106845,55,44,0,0,0,0,low_activity,0,0,0,0,low_activity,0,0,0,0,low_activity,0,0,0,0,0,0,140990,102692,-0.1572,2021,1257,35,27,56,55,1
1774106846,55,44,0,0,0,0,no_volume,0,0,0,0,low_activity,0,0,0,0,low_activity,0,0,0,0,0,0,140024,118658,-0.0826,305,1257,34,28,56,55,1
1774106847,55,44,0,0,0,0,no_volume,0,0,0,0,low_activity,0,0,0,0,low_activity,0,0,0,0,0,0,140024,118361,-0.0838,-885,974,34,28,56,55,1
1774106848,55,44,0,0,0,0,no_volume,0,0,0,0,no_volume,0,0,0,0,low_activity,0,0,0,0,0,0,144577,130907,-0.0496,3587,5527,32,28,56,55,1
1774106849,55,44,0,0,0,0,no_volume,0,0,0,0,no_volume,0,0,0,0,low_activity,0,0,0,0,0,0,146955,133361,-0.0485,6931,8871,32,29,56,55,1
1774106850,55,44,0,0,0,0,low_activity,0,0,0,0,low_activity,0,0,0,0,low_activity,0,0,0,0,0,0,145359,133361,-0.043,5335,8523,32,29,56,55,1
1774106851,55,44,0,0,0,0,low_activity,0,0,0,0,low_activity,0,0,0,0,low_activity,0,0,0,0,0,0,145359,133361,-0.043,782,6390,32,29,56,55,1
1774106852,55,44,0,0,0,0,low_activity,0,0,0,0,low_activity,0,0,0,0,low_activity,0,0,0,0,0,0,144169,133361,-0.0389,-2786,5200,32,29,56,55,1
1774106853,55,44,0,0,0,0,no_volume,0,0,0,0,low_activity,0,0,0,0,low_activity,0,0,0,0,0,0,144169,133361,-0.0389,-1190,4450,32,29,56,55,1
1774106854,55,44,0,0,0,0,no_volume,0,0,0,0,low_activity,0,0,0,0,low_activity,0,0,0,0,0,0,144252,131873,-0.0448,-1107,3343,34,30,56,55,1
1774106855,55,44,0,0,0,0,low_activity,0,0,0,0,low_activity,0,0,0,0,low_activity,0,0,0,0,0,0,143193,133895,-0.0336,-976,2203,34,29,56,55,1
1774106856,55,44,0,0,0,0,low_activity,0,0,0,0,low_activity,0,0,0,0,low_activity,0,0,0,0,0,0,143093,132395,-0.0388,-1076,3069,34,29,56,55,1
1774106857,55,44,0,0,0,0,low_activity,0,0,0,0,low_activity,0,0,0,0,low_activity,0,0,0,0,0,0,143093,133895,-0.0332,-1159,3069,34,29,56,55,1
1774106858,55,44,0,0,0,0,low_activity,0,0,0,0,low_activity,0,0,0,0,low_activity,0,0,0,0,0,0,144356,119861,-0.0927,1163,-221,34,30,56,55,1
1774106859,55,44,0,0,0,0,no_volume,0,0,0,0,low_activity,0,0,0,0,low_activity,0,0,0,0,0,0,143390,118895,-0.0934,297,-3565,32,29,56,55,1
1774106860,55,44,0,0,0,0,no_volume,0,0,0,0,low_activity,0,0,0,0,low_activity,0,0,0,0,0,0,143299,117407,-0.0993,206,-2060,31,30,56,55,1
1774106861,55,44,0,0,0,0,low_activity,0,0,0,0,low_activity,0,0,0,0,low_activity,0,0,0,0,0,0,132084,117118,-0.0601,-12272,-13275,31,30,56,55,1
1774106862,56,43,0,0,0,0,low_activity,0,0,0,0,low_activity,0,0,0,0,low_activity,0,0,0,0,0,0,135712,124683,-0.0424,-7678,-8457,30,32,57,56,1
1774106863,56,43,0,0,0,0,low_activity,0,0,0,0,low_activity,0,0,0,0,low_activity,0,0,0,0,0,0,135384,123717,-0.045,-7915,-8785,30,31,57,56,1
1774106864,56,43,0,0,0,0,no_volume,0,0,0,0,low_activity,0,0,0,0,low_activity,0,0,0,0,0,0,133884,128336,-0.0212,1800,-10368,30,31,57,56,1
1774106865,56,43,0,0,0,0,no_volume,0,0,0,0,low_activity,0,0,0,0,low_activity,0,0,0,0,0,0,133965,128336,-0.0215,-1747,-9228,31,31,57,56,1
1774106866,56,43,0,0,0,0,no_volume,0,0,0,0,no_volume,0,0,0,0,low_activity,0,0,0,0,0,0,132999,112370,-0.0841,-2385,-10094,31,30,57,56,1
1774106867,56,43,0,0,0,0,no_volume,0,0,0,0,no_volume,0,0,0,0,low_activity,0,0,0,0,0,0,133972,128336,-0.0215,88,-9121,31,30,57,56,1
1774106868,56,43,0,0,0,0,no_volume,0,0,0,0,no_volume,0,0,0,0,low_activity,0,0,0,0,0,0,133972,141848,0.0286,7,-10384,31,28,57,56,1
1774106869,56,43,0,0,0,0,low_activity,0,0,0,0,low_activity,0,0,0,0,low_activity,0,0,0,0,0,0,131117,142370,0.0411,-1882,-12273,31,29,57,56,1
1774106870,56,43,0,0,0,0,low_activity,0,0,0,0,low_activity,0,0,0,0,low_activity,0,0,0,0,0,0,134169,143336,0.033,197,-9130,32,29,57,56,1
1774106871,56,43,0,0,0,0,low_activity,0,0,0,0,low_activity,0,0,0,0,low_activity,0,0,0,0,0,0,134169,143336,0.033,197,2085,32,29,57,56,1
1774106872,56,43,0,0,0,0,low_activity,0,0,0,0,low_activity,0,0,0,0,low_activity,0,0,0,0,0,0,133233,142390,0.0332,2116,-2479,32,30,57,56,1
1774106873,56,43,0,0,0,0,low_activity,0,0,0,0,low_activity,0,0,0,0,low_activity,0,0,0,0,0,0,144573,144282,-0.001,10404,9189,32,31,57,56,1
1774106874,56,43,0,0,0,0,low_activity,0,0,0,0,low_activity,0,0,0,0,low_activity,0,0,0,0,0,0,144319,144282,-0.0001,10150,10435,32,30,57,56,1
1774106875,56,43,0,0,0,0,low_activity,0,0,0,0,low_activity,0,0,0,0,low_activity,0,0,0,0,0,0,144312,129279,-0.0549,11079,10347,31,31,57,56,1
1774106876,56,43,0,0,0,0,low_activity,0,0,0,0,low_activity,0,0,0,0,low_activity,0,0,0,0,0,0,145278,145248,-0.0001,705,12279,31,32,57,56,1
1774106877,56,43,0,0,0,0,low_activity,0,0,0,0,low_activity,0,0,0,0,low_activity,0,0,0,0,0,0,145811,127497,-0.067,1492,11839,30,31,57,56,1
1774106878,56,43,0,0,0,0,low_activity,0,0,0,0,low_activity,0,0,0,0,low_activity,0,0,0,0,0,0,144647,143019,-0.0057,335,10675,31,30,57,56,1
1774106879,56,43,0,0,0,0,low_activity,0,0,0,0,low_activity,0,0,0,0,low_activity,0,0,0,0,0,0,144647,143019,-0.0057,-631,13530,31,30,57,56,1
1774106880,56,43,0,0,0,0,low_activity,0,0,0,0,low_activity,0,0,0,0,low_activity,0,0,0,0,0,0,144647,143019,-0.0057,-1164,10478,31,30,57,56,1
1774106881,56,43,0,0,0,0,low_activity,0,0,0,0,low_activity,0,0,0,0,low_activity,0,0,0,0,0,0,144632,141531,-0.0108,-15,10463,31,30,57,56,1
1774106882,56,43,0,0,0,0,low_activity,0,0,0,0,low_activity,0,0,0,0,low_activity,0,0,0,0,0,0,144274,143019,-0.0044,-373,11041,31,30,57,56,1
1774106883,56,43,0,0,0,0,low_activity,0,0,0,0,low_activity,0,0,0,0,low_activity,0,0,0,0,0,0,144274,143019,-0.0044,-373,-299,31,30,57,56,1
1774106884,57,42,0,0,0,0,low_activity,0,0,0,0,low_activity,0,0,0,0,low_activity,0,0,0,0,0,0,70406,148119,0.3556,-74226,-73913,29,30,58,57,1
1774106885,57,41,0,0,0,0,no_volume,0,0,0,0,low_activity,0,0,0,0,low_activity,0,0,0,0,0,0,21231,81353,0.5861,-123043,-123081,27,29,59,57,2
1774106886,57,42,0,0,0,0,no_volume,0,0,0,0,low_activity,0,0,0,0,low_activity,0,0,0,0,0,0,75751,147741,0.3221,-68523,-69527,29,29,58,57,1
1774106887,57,42,0,0,0,0,no_volume,0,0,0,0,no_volume,0,0,0,0,low_activity,0,0,0,0,0,0,75923,146253,0.3166,5517,-69888,30,29,58,57,1
1774106888,57,42,0,0,0,0,no_volume,0,0,0,0,no_volume,0,0,0,0,low_activity,0,0,0,0,0,0,84196,133904,0.2279,62965,-60451,31,30,58,57,1
1774106889,57,42,0,0,0,0,low_activity,0,0,0,0,low_activity,0,0,0,0,low_activity,0,0,0,0,0,0,142333,133898,-0.0305,66582,-2314,31,31,58,57,1
1774106890,57,42,0,0,0,0,low_activity,0,0,0,0,low_activity,0,0,0,0,low_activity,0,0,0,0,0,0,150539,133910,-0.0585,74616,5892,31,30,58,57,1
1774106891,57,42,0,0,0,0,low_activity,0,0,0,0,low_activity,0,0,0,0,low_activity,0,0,0,0,0,0,150539,135398,-0.053,66343,5907,31,29,58,57,1
1774106892,57,42,0,0,0,0,no_volume,0,0,0,0,low_activity,0,0,0,0,low_activity,0,0,0,0,0,0,150567,121364,-0.1074,8234,6293,31,29,58,57,1
1774106893,57,42,0,0,0,0,no_volume,0,0,0,0,low_activity,0,0,0,0,low_activity,0,0,0,0,0,0,150739,137044,-0.0476,200,6465,32,30,58,57,1
1774106894,57,42,0,0,0,0,no_volume,0,0,0,0,no_volume,0,0,0,0,low_activity,0,0,0,0,0,0,149536,133568,-0.0564,-1003,79130,32,28,58,57,1
1774106895,57,42,0,0,0,0,no_volume,0,0,0,0,no_volume,0,0,0,0,low_activity,0,0,0,0,0,0,149123,134534,-0.0514,-1444,127892,31,30,58,57,1
1774106896,57,42,0,0,0,0,no_volume,0,0,0,0,no_volume,0,0,0,0,low_activity,0,0,0,0,0,0,149123,133910,-0.0537,-1616,73372,31,30,58,57,1
1774106897,57,42,0,0,0,0,no_volume,0,0,0,0,no_volume,0,0,0,0,low_activity,0,0,0,0,0,0,149541,135398,-0.0496,5,73618,31,31,58,57,1
1774106898,57,42,0,0,0,0,no_volume,0,0,0,0,no_volume,0,0,0,0,low_activity,0,0,0,0,0,0,150507,136408,-0.0491,1384,66311,32,32,58,57,1
1774106899,57,42,0,0,0,0,no_volume,0,0,0,0,no_volume,0,0,0,0,low_activity,0,0,0,0,0,0,150507,136408,-0.0491,1384,8174,32,32,58,57,1
1774106900,57,42,0,0,0,0,no_volume,0,0,0,0,no_volume,0,0,0,0,low_activity,0,0,0,0,0,0,150507,113417,-0.1405,966,-32,32,30,58,57,1
1774106901,57,42,0,0,0,0,low_activity,0,0,0,0,low_activity,0,0,0,0,low_activity,0,0,0,0,0,0,150291,129975,-0.0725,-216,-248,32,32,58,57,1
1774106902,57,42,0,0,0,0,low_activity,0,0,0,0,low_activity,0,0,0,0,low_activity,0,0,0,0,0,0,150617,114975,-0.1342,110,50,33,32,58,57,1
1774106903,57,42,0,0,0,0,low_activity,0,0,0,0,low_activity,0,0,0,0,low_activity,0,0,0,0,0,0,150445,129053,-0.0765,-62,-294,31,31,58,57,1
1774106904,57,42,0,0,0,0,low_activity,0,0,0,0,low_activity,0,0,0,0,low_activity,0,0,0,0,0,0,150146,114683,-0.1339,-145,610,32,31,58,57,1
1774106905,57,42,0,0,0,0,low_activity,0,0,0,0,low_activity,0,0,0,0,low_activity,0,0,0,0,0,0,150146,129683,-0.0731,-471,1023,32,32,58,57,1
1774106906,57,42,0,0,0,0,no_volume,0,0,0,0,low_activity,0,0,0,0,low_activity,0,0,0,0,0,0,150146,128717,-0.0768,-299,1023,32,31,58,57,1
1774106907,57,42,0,0,0,0,no_volume,0,0,0,0,low_activity,0,0,0,0,low_activity,0,0,0,0,0,0,151112,129683,-0.0763,966,1571,31,31,58,57,1
1774106908,57,42,0,0,0,0,no_volume,0,0,0,0,no_volume,0,0,0,0,low_activity,0,0,0,0,0,0,150289,129683,-0.0736,143,-218,31,33,58,57,1
1774106909,57,42,0,0,0,0,no_volume,0,0,0,0,no_volume,0,0,0,0,low_activity,0,0,0,0,0,0,148577,129353,-0.0692,-1569,-1930,30,31,58,57,1
1774106910,57,42,0,0,0,0,no_volume,0,0,0,0,no_volume,0,0,0,0,low_activity,0,0,0,0,0,0,149840,145616,-0.0143,-1272,-667,31,32,58,57,1
1774106911,57,42,0,0,0,0,no_volume,0,0,0,0,no_volume,0,0,0,0,low_activity,0,0,0,0,0,0,149840,145616,-0.0143,-449,-451,31,34,58,57,1
1774106912,57,42,0,0,0,0,no_volume,0,0,0,0,no_volume,0,0,0,0,low_activity,0,0,0,0,0,0,150017,144650,-0.0182,1440,-600,31,31,58,57,1
1774106913,57,42,0,0,0,0,no_volume,0,0,0,0,no_volume,0,0,0,0,low_activity,0,0,0,0,0,0,156548,137457,-0.0649,6708,6103,31,31,58,57,1
1774106914,57,42,0,0,0,0,no_volume,0,0,0,0,no_volume,0,0,0,0,low_activity,0,0,0,0,0,0,156986,152457,-0.0146,7146,6840,32,31,58,57,1
1774106915,57,42,0,0,0,0,low_activity,0,0,0,0,low_activity,0,0,0,0,low_activity,0,0,0,0,0,0,156961,151491,-0.0177,6944,6815,32,29,58,57,1
1774106916,57,42,0,0,0,0,low_activity,0,0,0,0,low_activity,0,0,0,0,low_activity,0,0,0,0,0,0,163962,152457,-0.0364,7414,13816,33,29,58,57,1
1774106917,57,42,0,0,0,0,low_activity,0,0,0,0,low_activity,0,0,0,0,low_activity,0,0,0,0,0,0,162645,152457,-0.0323,5659,11533,31,29,58,57,1
1774106918,57,42,0,0,0,0,low_activity,0,0,0,0,low_activity,0,0,0,0,low_activity,0,0,0,0,0,0,161679,121194,-0.1431,4718,11390,31,29,58,57,1
1774106919,57,42,0,0,0,0,low_activity,0,0,0,0,low_activity,0,0,0,0,low_activity,0,0,0,0,0,0,152354,120228,-0.1179,-11608,3777,32,29,58,57,1
1774106920,57,42,0,0,0,0,no_volume,0,0,0,0,low_activity,0,0,0,0,low_activity,0,0,0,0,0,0,161958,133740,-0.0954,-687,12118,32,29,58,57,1
1774106921,57,42,0,0,0,0,low_activity,0,0,0,0,low_activity,0,0,0,0,low_activity,0,0,0,0,0,0,161875,134592,-0.092,196,12035,32,28,58,57,1
1774106922,57,42,0,0,0,0,low_activity,0,0,0,0,low_activity,0,0,0,0,low_activity,0,0,0,0,0,0,162201,136195,-0.0872,9847,12184,33,30,58,57,1
1774106923,57,42,0,0,0,0,low_activity,0,0,0,0,low_activity,0,0,0,0,low_activity,0,0,0,0,0,0,161235,136195,-0.0842,-723,4687,32,29,58,57,1
1774106924,57,42,0,0,0,0,no_volume,0,0,0,0,low_activity,0,0,0,0,low_activity,0,0,0,0,0,0,161872,127229,-0.1198,-3,4886,32,30,58,57,1
1774106925,57,42,0,0,0,0,low_activity,0,0,0,0,low_activity,0,0,0,0,low_activity,0,0,0,0,0,0,161816,134425,-0.0925,-385,4855,32,32,58,57,1
1774106926,57,42,0,0,0,0,low_activity,0,0,0,0,low_activity,0,0,0,0,low_activity,0,0,0,0,0,0,161816,135913,-0.087,581,-2146,32,33,58,57,1
1774106927,57,42,0,0,0,0,low_activity,0,0,0,0,low_activity,0,0,0,0,low_activity,0,0,0,0,0,0,161816,134947,-0.0905,-56,-829,32,31,58,57,1
1774106928,57,42,0,0,0,0,no_volume,0,0,0,0,low_activity,0,0,0,0,low_activity,0,0,0,0,0,0,161816,121210,-0.1435,0,137,32,31,58,57,1
1774106929,57,42,0,0,0,0,no_volume,0,0,0,0,low_activity,0,0,0,0,low_activity,0,0,0,0,0,0,161816,134947,-0.0905,0,9462,32,31,58,57,1
1774106930,57,42,0,0,0,0,no_volume,0,0,0,0,no_volume,0,0,0,0,low_activity,0,0,0,0,0,0,161816,134618,-0.0918,0,-142,32,30,58,57,1
1774106931,57,42,0,0,0,0,low_activity,0,0,0,0,low_activity,0,0,0,0,low_activity,0,0,0,0,0,0,161166,134093,-0.0917,-650,-709,32,30,58,57,1
1774106932,57,42,0,0,0,0,low_activity,0,0,0,0,low_activity,0,0,0,0,low_activity,0,0,0,0,0,0,161166,135537,-0.0864,-650,-1035,32,31,58,57,1
1774106933,57,42,0,0,0,0,low_activity,0,0,0,0,low_activity,0,0,0,0,low_activity,0,0,0,0,0,0,161803,134944,-0.0905,-13,568,32,29,58,57,1
1774106934,57,42,0,0,0,0,low_activity,0,0,0,0,low_activity,0,0,0,0,low_activity,0,0,0,0,0,0,160484,134647,-0.0875,-682,-1388,32,29,58,57,1
1774106935,57,42,0,0,0,0,low_activity,0,0,0,0,low_activity,0,0,0,0,low_activity,0,0,0,0,0,0,68832,131940,0.3143,-92334,-92984,31,30,58,57,1
1774106936,57,41,0,0,0,0,low_activity,0,0,0,0,low_activity,0,0,0,0,low_activity,0,0,0,0,0,0,73480,131980,0.2847,-88323,-88336,31,30,59,57,2
1774106937,57,42,0,0,0,0,no_volume,0,0,0,0,low_activity,0,0,0,0,low_activity,0,0,0,0,0,0,65005,131980,0.34,-95479,-96811,30,29,58,57,1
1774106938,58,41,0,0,0,0,no_volume,0,0,0,0,low_activity,0,0,0,0,low_activity,0,0,0,0,0,0,79828,130498,0.2409,10996,-81988,31,30,59,58,1
1774106939,58,41,0,0,0,0,no_volume,0,0,0,0,no_volume,0,0,0,0,low_activity,0,0,0,0,0,0,80138,131969,0.2444,6658,-81678,31,31,59,58,1
1774106940,57,40,0,0,0,0,low_activity,0,0,0,0,low_activity,0,0,0,0,low_activity,0,0,0,0,0,0,79806,116919,0.1887,14801,-82010,30,30,60,57,3
1774106941,57,40,0,0,0,0,low_activity,0,0,0,0,low_activity,0,0,0,0,low_activity,0,0,0,0,0,0,70669,116846,0.2463,-9159,-90497,30,30,60,57,3
1774106942,57,41,0,0,0,0,low_activity,0,0,0,0,low_activity,0,0,0,0,low_activity,0,0,0,0,0,0,75928,131886,0.2693,-4210,-85238,30,31,59,57,2
1774106943,57,41,0,0,0,0,low_activity,0,0,0,0,low_activity,0,0,0,0,low_activity,0,0,0,0,0,0,76297,131886,0.267,-3509,-85506,31,31,59,57,2
1774106944,57,41,0,0,0,0,low_activity,0,0,0,0,low_activity,0,0,0,0,low_activity,0,0,0,0,0,0,68851,131886,0.314,-1818,-91633,31,30,59,57,2
1774106945,57,42,0,0,0,0,low_activity,0,0,0,0,low_activity,0,0,0,0,low_activity,0,0,0,0,0,0,76384,131846,0.2663,456,7552,32,30,58,57,1
1774106946,57,42,0,0,0,0,low_activity,0,0,0,0,low_activity,0,0,0,0,low_activity,0,0,0,0,0,0,65071,131919,0.3393,-11226,-8409,30,31,58,57,1
1774106947,57,42,0,0,0,0,no_volume,0,0,0,0,low_activity,0,0,0,0,low_activity,0,0,0,0,0,0,80031,115431,0.1811,11180,15026,32,28,58,57,1
1774106948,57,42,0,0,0,0,no_volume,0,0,0,0,low_activity,0,0,0,0,low_activity,0,0,0,0,0,0,77920,131886,0.2572,1536,-1908,30,30,58,57,1
1774106949,57,41,0,0,0,0,no_volume,0,0,0,0,no_volume,0,0,0,0,low_activity,0,0,0,0,0,0,65086,131919,0.3392,15,-15052,30,30,59,57,2
1774106950,58,41,0,0,0,0,low_activity,0,0,0,0,low_activity,0,0,0,0,low_activity,0,0,0,0,0,0,76037,116935,0.2119,-3994,-3769,30,31,59,58,1
1774106951,58,41,0,0,0,0,low_activity,0,0,0,0,low_activity,0,0,0,0,low_activity,0,0,0,0,0,0,76107,131935,0.2683,-1813,5438,30,31,59,58,1
1774106952,58,41,0,0,0,0,low_activity,0,0,0,0,low_activity,0,0,0,0,low_activity,0,0,0,0,0,0,68835,131902,0.3142,3749,-7093,28,30,59,58,1
1774106953,57,41,0,0,0,0,low_activity,0,0,0,0,low_activity,0,0,0,0,low_activity,0,0,0,0,0,0,76358,131871,0.2666,321,61,31,30,59,57,2
1774106954,57,41,0,0,0,0,low_activity,0,0,0,0,low_activity,0,0,0,0,low_activity,0,0,0,0,0,0,75890,115383,0.2065,-217,7039,30,28,59,57,2
1774106955,57,41,0,0,0,0,low_activity,0,0,0,0,low_activity,0,0,0,0,low_activity,0,0,0,0,0,0,75607,115456,0.2086,6772,-777,30,29,59,57,2
1774106956,57,41,0,0,0,0,no_volume,0,0,0,0,low_activity,0,0,0,0,low_activity,0,0,0,0,0,0,85890,131944,0.2114,9532,20819,30,30,59,57,2
1774106957,57,42,0,0,0,0,no_volume,0,0,0,0,low_activity,0,0,0,0,low_activity,0,0,0,0,0,0,98900,131871,0.1429,23010,18869,30,31,58,57,1
1774106958,57,42,0,0,0,0,no_volume,0,0,0,0,no_volume,0,0,0,0,low_activity,0,0,0,0,0,0,98870,131871,0.143,23263,20950,31,30,58,57,1
1774106959,57,42,0,0,0,0,no_volume,0,0,0,0,no_volume,0,0,0,0,low_activity,0,0,0,0,0,0,98870,116871,0.0834,12980,33784,31,29,58,57,1
1774106960,57,42,0,0,0,0,no_volume,0,0,0,0,no_volume,0,0,0,0,low_activity,0,0,0,0,0,0,98870,131871,0.143,-30,22833,31,30,58,57,1
1774106961,57,42,0,0,0,0,no_volume,0,0,0,0,no_volume,0,0,0,0,low_activity,0,0,0,0,0,0,98870,131871,0.143,0,22763,31,29,58,57,1
1774106962,57,42,0,0,0,0,low_activity,0,0,0,0,low_activity,0,0,0,0,low_activity,0,0,0,0,0,0,93480,115383,0.1049,-5390,24645,30,28,58,57,1
1774106963,57,42,0,0,0,0,low_activity,0,0,0,0,low_activity,0,0,0,0,low_activity,0,0,0,0,0,0,93480,131871,0.1704,-5390,17122,30,29,58,57,1
1774106964,57,42,0,0,0,0,low_activity,0,0,0,0,low_activity,0,0,0,0,low_activity,0,0,0,0,0,0,93480,131871,0.1704,-5390,17590,31,30,58,57,1
1774106965,57,42,0,0,0,0,no_volume,0,0,0,0,low_activity,0,0,0,0,low_activity,0,0,0,0,0,0,93480,131871,0.1704,0,17873,31,30,58,57,1
1774106966,57,42,0,0,0,0,no_volume,0,0,0,0,low_activity,0,0,0,0,low_activity,0,0,0,0,0,0,93480,131871,0.1704,0,7590,31,30,58,57,1
1774106967,57,42,0,0,0,0,no_volume,0,0,0,0,no_volume,0,0,0,0,low_activity,0,0,0,0,0,0,93480,116871,0.1112,0,-5420,31,29,58,57,1
1774106968,57,42,0,0,0,0,no_volume,0,0,0,0,no_volume,0,0,0,0,low_activity,0,0,0,0,0,0,93480,130383,0.1648,0,-5390,31,29,58,57,1
1774106969,57,42,0,0,0,0,no_volume,0,0,0,0,no_volume,0,0,0,0,low_activity,0,0,0,0,0,0,93480,131846,0.1703,0,-5390,31,30,58,57,1
1774106970,57,42,0,0,0,0,low_activity,0,0,0,0,low_activity,0,0,0,0,low_activity,0,0,0,0,0,0,93470,131871,0.1704,-10,-5400,31,28,58,57,1
1774106971,57,42,0,0,0,0,low_activity,0,0,0,0,low_activity,0,0,0,0,low_activity,0,0,0,0,0,0,115340,133745,0.0739,21860,16470,31,29,58,57,1
1774106972,57,42,0,0,0,0,low_activity,0,0,0,0,low_activity,0,0,0,0,low_activity,0,0,0,0,0,0,121960,133745,0.0461,28480,28480,31,29,58,57,1
1774106973,57,42,0,0,0,0,no_volume,0,0,0,0,low_activity,0,0,0,0,low_activity,0,0,0,0,0,0,128409,132257,0.0148,34939,34929,31,29,58,57,1
1774106974,57,42,0,0,0,0,no_volume,0,0,0,0,low_activity,0,0,0,0,low_activity,0,0,0,0,0,0,129672,118745,-0.044,14332,36192,31,29,58,57,1
1774106975,57,42,0,0,0,0,no_volume,0,0,0,0,no_volume,0,0,0,0,low_activity,0,0,0,0,0,0,131172,135245,0.0153,9212,37692,31,30,58,57,1
1774106976,57,42,0,0,0,0,no_volume,0,0,0,0,no_volume,0,0,0,0,low_activity,0,0,0,0,0,0,129909,134948,0.019,1500,36429,31,30,58,57,1
1774106977,57,42,0,0,0,0,no_volume,0,0,0,0,no_volume,0,0,0,0,low_activity,0,0,0,0,0,0,137759,120245,-0.0679,8087,44279,32,31,58,57,1
1774106978,57,42,0,0,0,0,no_volume,0,0,0,0,no_volume,0,0,0,0,low_activity,0,0,0,0,0,0,137121,135245,-0.0069,5949,43641,32,31,58,57,1
1774106979,57,42,0,0,0,0,low_activity,0,0,0,0,low_activity,0,0,0,0,low_activity,0,0,0,0,0,0,136720,148757,0.0422,6811,43240,32,31,58,57,1
1774106980,57,42,0,0,0,0,low_activity,0,0,0,0,low_activity,0,0,0,0,low_activity,0,0,0,0,0,0,137653,151211,0.0469,-106,44183,32,32,58,57,1
1774106981,57,42,0,0,0,0,low_activity,0,0,0,0,low_activity,0,0,0,0,low_activity,0,0,0,0,0,0,137343,151211,0.0481,222,22003,32,32,58,57,1
1774106982,56,43,0,0,0,0,low_activity,0,0,0,0,low_activity,0,0,0,0,low_activity,0,0,0,0,0,0,133370,144055,0.0385,-3350,11410,33,30,57,56,1
1774106983,56,43,0,0,0,0,no_volume,0,0,0,0,low_activity,0,0,0,0,low_activity,0,0,0,0,0,0,134376,144749,0.0372,-3277,5967,33,31,57,56,1
1774106984,56,43,0,0,0,0,no_volume,0,0,0,0,low_activity,0,0,0,0,low_activity,0,0,0,0,0,0,134376,144749,0.0372,-2967,4704,33,31,57,56,1
1774106985,56,43,0,0,0,0,no_volume,0,0,0,0,no_volume,0,0,0,0,low_activity,0,0,0,0,0,0,134376,144421,0.036,1006,3204,33,30,57,56,1
1774106986,56,43,0,0,0,0,low_activity,0,0,0,0,low_activity,0,0,0,0,low_activity,0,0,0,0,0,0,159274,145046,-0.0468,24898,29365,33,31,57,56,1
1774106987,56,43,0,0,0,0,low_activity,0,0,0,0,low_activity,0,0,0,0,low_activity,0,0,0,0,0,0,159913,145046,-0.0488,25537,22154,33,30,57,56,1
1774106988,56,43,0,0,0,0,low_activity,0,0,0,0,low_activity,0,0,0,0,low_activity,0,0,0,0,0,0,159913,129080,-0.1067,25537,22792,33,29,57,56,1
1774106989,56,43,0,0,0,0,low_activity,0,0,0,0,low_activity,0,0,0,0,low_activity,0,0,0,0,0,0,159685,145046,-0.048,411,22965,33,31,57,56,1
1774106990,56,43,0,0,0,0,low_activity,0,0,0,0,low_activity,0,0,0,0,low_activity,0,0,0,0,0,0,99648,141317,0.1729,-60265,-38005,32,29,57,56,1
1774106991,56,43,0,0,0,0,low_activity,0,0,0,0,low_activity,0,0,0,0,low_activity,0,0,0,0,0,0,99015,139197,0.1687,-60898,-38328,32,29,57,56,1
1774106992,56,43,0,0,0,0,low_activity,0,0,0,0,low_activity,0,0,0,0,low_activity,0,0,0,0,0,0,145032,141948,-0.0107,-14653,11662,32,30,57,56,1
1774106993,56,43,0,0,0,0,low_activity,0,0,0,0,low_activity,0,0,0,0,low_activity,0,0,0,0,0,0,151045,141948,-0.031,51397,16669,33,30,57,56,1
1774106994,56,43,0,0,0,0,low_activity,0,0,0,0,low_activity,0,0,0,0,low_activity,0,0,0,0,0,0,139283,144081,0.0169,40268,4907,33,30,57,56,1
1774106995,56,43,0,0,0,0,no_volume,0,0,0,0,low_activity,0,0,0,0,low_activity,0,0,0,0,0,0,141185,142914,0.0061,-3847,6809,33,30,57,56,1
1774106996,56,43,0,0,0,0,no_volume,0,0,0,0,low_activity,0,0,0,0,low_activity,0,0,0,0,0,0,146175,143559,-0.009,-4870,-13099,33,31,57,56,1
1774106997,56,43,0,0,0,0,low_activity,0,0,0,0,low_activity,0,0,0,0,low_activity,0,0,0,0,0,0,146047,145047,-0.0034,6764,-13866,33,31,57,56,1
1774106998,56,43,0,0,0,0,low_activity,0,0,0,0,low_activity,0,0,0,0,low_activity,0,0,0,0,0,0,152622,130047,-0.0799,11437,-7291,32,30,57,56,1
1774106999,56,43,0,0,0,0,low_activity,0,0,0,0,low_activity,0,0,0,0,low_activity,0,0,0,0,0,0,152622,130047,-0.0799,6447,-7063,33,30,57,56,1
1774107000,56,43,0,0,0,0,low_activity,0,0,0,0,low_activity,0,0,0,0,low_activity,0,0,0,0,0,0,148870,130047,-0.0675,2823,49222,33,31,57,56,1
1774107001,56,43,0,0,0,0,low_activity,0,0,0,0,low_activity,0,0,0,0,low_activity,0,0,0,0,0,0,149755,130047,-0.0704,-2867,50740,32,31,57,56,1
1774107002,56,43,0,0,0,0,low_activity,0,0,0,0,low_activity,0,0,0,0,low_activity,0,0,0,0,0,0,149755,128559,-0.0762,-2867,4723,32,30,57,56,1
1774107003,56,43,0,0,0,0,no_volume,0,0,0,0,low_activity,0,0,0,0,low_activity,0,0,0,0,0,0,149755,130047,-0.0704,885,-1290,32,30,57,56,1
1774107004,56,43,0,0,0,0,low_activity,0,0,0,0,low_activity,0,0,0,0,low_activity,0,0,0,0,0,0,148702,129081,-0.0706,-1053,9419,32,28,57,56,1
1774107005,56,43,0,0,0,0,low_activity,0,0,0,0,low_activity,0,0,0,0,low_activity,0,0,0,0,0,0,148999,115344,-0.1273,-756,7814,32,30,57,56,1
1774107006,56,43,0,0,0,0,low_activity,0,0,0,0,low_activity,0,0,0,0,low_activity,0,0,0,0,0,0,150499,130344,-0.0718,744,4324,32,30,57,56,1
1774107007,56,43,0,0,0,0,no_volume,0,0,0,0,low_activity,0,0,0,0,low_activity,0,0,0,0,0,0,149533,129378,-0.0723,831,3486,32,30,57,56,1
1774107008,56,43,0,0,0,0,no_volume,0,0,0,0,low_activity,0,0,0,0,low_activity,0,0,0,0,0,0,150499,128856,-0.0775,1500,-2123,32,29,57,56,1
1774107009,56,43,0,0,0,0,no_volume,0,0,0,0,no_volume,0,0,0,0,low_activity,0,0,0,0,0,0,149933,130344,-0.0699,-566,-2689,32,30,57,56,1
1774107010,56,43,0,0,0,0,low_activity,0,0,0,0,low_activity,0,0,0,0,low_activity,0,0,0,0,0,0,149925,129081,-0.0747,392,1055,32,30,57,56,1
1774107011,56,43,0,0,0,0,low_activity,0,0,0,0,low_activity,0,0,0,0,low_activity,0,0,0,0,0,0,141007,115047,-0.1014,-9492,-8748,32,29,57,56,1
1774107012,56,43,0,0,0,0,low_activity,0,0,0,0,low_activity,0,0,0,0,low_activity,0,0,0,0,0,0,142067,130047,-0.0442,-7866,-7688,32,29,57,56,1
1774107013,56,43,0,0,0,0,low_activity,0,0,0,0,low_activity,0,0,0,0,low_activity,0,0,0,0,0,0,141102,129721,-0.042,-8823,-8653,32,28,57,56,1
1774107014,56,43,0,0,0,0,low_activity,0,0,0,0,low_activity,0,0,0,0,low_activity,0,0,0,0,0,0,140822,128560,-0.0455,-185,-7880,33,28,57,56,1
1774107015,56,43,0,0,0,0,no_volume,0,0,0,0,low_activity,0,0,0,0,low_activity,0,0,0,0,0,0,140822,130048,-0.0398,-1245,-8177,33,29,57,56,1
1774107016,56,43,0,0,0,0,no_volume,0,0,0,0,low_activity,0,0,0,0,low_activity,0,0,0,0,0,0,139856,114082,-0.1015,-1246,-10643,32,29,57,56,1
1774107017,56,43,0,0,0,0,no_volume,0,0,0,0,no_volume,0,0,0,0,low_activity,0,0,0,0,0,0,140525,115048,-0.0997,-297,-9008,33,29,57,56,1
1774107018,56,43,0,0,0,0,no_volume,0,0,0,0,no_volume,0,0,0,0,low_activity,0,0,0,0,0,0,140525,115048,-0.0997,-297,-9974,33,30,57,56,1
1774107019,56,43,0,0,0,0,no_volume,0,0,0,0,no_volume,0,0,0,0,low_activity,0,0,0,0,0,0,140525,130048,-0.0387,669,-9408,33,29,57,56,1
1774107020,56,43,0,0,0,0,no_volume,0,0,0,0,no_volume,0,0,0,0,low_activity,0,0,0,0,0,0,141491,129526,-0.0441,966,-8434,33,31,57,56,1
1774107021,56,43,0,0,0,0,no_volume,0,0,0,0,no_volume,0,0,0,0,low_activity,0,0,0,0,0,0,140941,115048,-0.1011,416,-66,33,29,57,56,1
1774107022,56,43,0,0,0,0,no_volume,0,0,0,0,no_volume,0,0,0,0,low_activity,0,0,0,0,0,0,139975,129082,-0.0405,-550,-2092,33,30,57,56,1
1774107023,56,43,0,0,0,0,no_volume,0,0,0,0,no_volume,0,0,0,0,low_activity,0,0,0,0,0,0,139975,129082,-0.0405,-1516,-1127,33,29,57,56,1
1774107024,56,43,0,0,0,0,no_volume,0,0,0,0,no_volume,0,0,0,0,low_activity,0,0,0,0,0,0,139975,129082,-0.0405,-966,-847,33,29,57,56,1
1774107025,56,43,0,0,0,0,no_volume,0,0,0,0,no_volume,0,0,0,0,low_activity,0,0,0,0,0,0,139975,129101,-0.0404,0,-847,32,29,57,56,1
1774107026,56,43,0,0,0,0,no_volume,0,0,0,0,no_volume,0,0,0,0,low_activity,0,0,0,0,0,0,139975,127613,-0.0462,0,119,32,28,57,56,1
1774107027,56,43,0,0,0,0,low_activity,0,0,0,0,low_activity,0,0,0,0,low_activity,0,0,0,0,0,0,139958,129101,-0.0404,-17,-567,32,28,57,56,1
1774107028,56,43,0,0,0,0,low_activity,0,0,0,0,low_activity,0,0,0,0,low_activity,0,0,0,0,0,0,140924,129101,-0.0438,949,399,33,29,57,56,1
1774107029,56,43,0,0,0,0,low_activity,0,0,0,0,low_activity,0,0,0,0,low_activity,0,0,0,0,0,0,139424,142601,0.0113,-551,-1101,33,30,57,56,1
1774107030,56,43,0,0,0,0,no_volume,0,0,0,0,low_activity,0,0,0,0,low_activity,0,0,0,0,0,0,138682,142601,0.0139,-1276,-2809,34,29,57,56,1
1774107031,56,43,0,0,0,0,no_volume,0,0,0,0,low_activity,0,0,0,0,low_activity,0,0,0,0,0,0,139648,127601,-0.0451,-1276,-1293,33,28,57,56,1
1774107032,56,43,0,0,0,0,no_volume,0,0,0,0,no_volume,0,0,0,0,low_activity,0,0,0,0,0,0,139648,126113,-0.0509,224,-327,33,28,57,56,1
1774107033,56,43,0,0,0,0,no_volume,0,0,0,0,no_volume,0,0,0,0,low_activity,0,0,0,0,0,0,138682,143260,0.0162,0,-1293,33,29,57,56,1
1774107034,56,43,0,0,0,0,no_volume,0,0,0,0,no_volume,0,0,0,0,low_activity,0,0,0,0,0,0,139567,142601,0.0108,-81,-408,32,29,57,56,1
1774107035,56,43,0,0,0,0,no_volume,0,0,0,0,no_volume,0,0,0,0,low_activity,0,0,0,0,0,0,76041,140685,0.2983,-63607,-63934,32,29,57,56,1
1774107036,56,43,0,0,0,0,no_volume,0,0,0,0,no_volume,0,0,0,0,low_activity,0,0,0,0,0,0,75891,140685,0.2992,-62791,-64084,32,29,57,56,1
1774107037,56,43,0,0,0,0,no_volume,0,0,0,0,no_volume,0,0,0,0,low_activity,0,0,0,0,0,0,75991,140685,0.2986,-63576,-63967,31,30,57,56,1
1774107038,56,43,0,0,0,0,no_volume,0,0,0,0,no_volume,0,0,0,0,low_activity,0,0,0,0,0,0,75991,140935,0.2994,-50,-64933,31,29,57,56,1
1774107039,57,41,0,0,0,0,low_activity,0,0,0,0,low_activity,0,0,0,0,low_activity,0,0,0,0,0,0,75966,132837,0.2724,75,-63458,31,30,59,57,2
1774107040,57,42,0,0,0,0,low_activity,0,0,0,0,low_activity,0,0,0,0,low_activity,0,0,0,0,0,0,75625,132687,0.2739,-366,-63057,32,31,58,57,1
1774107041,57,41,0,0,0,0,low_activity,0,0,0,0,low_activity,0,0,0,0,low_activity,0,0,0,0,0,0,75719,131132,0.2679,-272,-63929,31,29,59,57,2
1774107042,57,41,0,0,0,0,no_volume,0,0,0,0,low_activity,0,0,0,0,low_activity,0,0,0,0,0,0,75654,132620,0.2735,-312,-63994,31,30,59,57,2
1774107043,57,41,0,0,0,0,no_volume,0,0,0,0,low_activity,0,0,0,0,low_activity,0,0,0,0,0,0,75654,117620,0.2171,29,-63028,32,29,59,57,2
1774107044,57,41,0,0,0,0,no_volume,0,0,0,0,no_volume,0,0,0,0,low_activity,0,0,0,0,0,0,75654,132620,0.2735,-65,-63913,31,29,59,57,2
1774107045,57,41,0,0,0,0,no_volume,0,0,0,0,no_volume,0,0,0,0,low_activity,0,0,0,0,0,0,75976,117614,0.2151,322,-65,31,28,59,57,2
1774107046,57,40,0,0,0,0,no_volume,0,0,0,0,no_volume,0,0,0,0,low_activity,0,0,0,0,0,0,68563,132614,0.3184,-7091,-7328,29,28,60,57,3
1774107047,57,40,0,0,0,0,no_volume,0,0,0,0,no_volume,0,0,0,0,low_activity,0,0,0,0,0,0,75653,131126,0.2683,-1,-338,31,29,60,57,3
1774107048,57,40,0,0,0,0,no_volume,0,0,0,0,no_volume,0,0,0,0,low_activity,0,0,0,0,0,0,75644,117614,0.2172,-332,-347,30,29,60,57,3
1774107049,57,40,0,0,0,0,low_activity,0,0,0,0,low_activity,0,0,0,0,low_activity,0,0,0,0,0,0,75772,117581,0.2162,7209,-194,29,29,60,57,3
1774107050,57,40,0,0,0,0,low_activity,0,0,0,0,low_activity,0,0,0,0,low_activity,0,0,0,0,0,0,78416,117614,0.2,2763,2791,29,30,60,57,3
1774107051,58,40,0,0,0,0,low_activity,0,0,0,0,low_activity,0,0,0,0,low_activity,0,0,0,0,0,0,78383,138857,0.2784,2739,2664,29,32,60,58,2
1774107052,58,40,0,0,0,0,low_activity,0,0,0,0,low_activity,0,0,0,0,low_activity,0,0,0,0,0,0,75678,138830,0.2944,-94,24,29,31,60,58,2
1774107053,58,39,0,0,0,0,low_activity,0,0,0,0,low_activity,0,0,0,0,low_activity,0,0,0,0,0,0,75718,138830,0.2942,-2698,64,28,31,61,58,3
1774107054,58,40,0,0,0,0,low_activity,0,0,0,0,low_activity,0,0,0,0,low_activity,0,0,0,0,0,0,75800,138833,0.2937,-2583,146,29,31,60,58,2
1774107055,58,40,0,0,0,0,low_activity,0,0,0,0,low_activity,0,0,0,0,low_activity,0,0,0,0,0,0,83783,138833,0.2473,8105,7807,29,31,60,58,2
1774107056,58,40,0,0,0,0,low_activity,0,0,0,0,low_activity,0,0,0,0,low_activity,0,0,0,0,0,0,75784,138833,0.2938,66,7221,29,31,60,58,2
1774107057,58,40,0,0,0,0,no_volume,0,0,0,0,low_activity,0,0,0,0,low_activity,0,0,0,0,0,0,75712,137378,0.2894,-88,59,29,30,60,58,2
1774107058,58,40,0,0,0,0,low_activity,0,0,0,0,low_activity,0,0,0,0,low_activity,0,0,0,0,0,0,74905,138866,0.2992,-8878,-739,29,31,60,58,2
1774107059,58,41,0,0,0,0,low_activity,0,0,0,0,low_activity,0,0,0,0,low_activity,0,0,0,0,0,0,140671,125123,-0.0585,64887,64899,31,30,59,58,1
1774107060,58,41,0,0,0,0,low_activity,0,0,0,0,low_activity,0,0,0,0,low_activity,0,0,0,0,0,0,147986,140750,-0.0251,72274,69570,31,30,59,58,1
1774107061,58,41,0,0,0,0,low_activity,0,0,0,0,low_activity,0,0,0,0,low_activity,0,0,0,0,0,0,147505,140750,-0.0234,72600,69122,31,31,59,58,1
1774107062,58,41,0,0,0,0,low_activity,0,0,0,0,low_activity,0,0,0,0,low_activity,0,0,0,0,0,0,148461,140750,-0.0267,7790,72783,31,32,59,58,1
1774107063,58,41,0,0,0,0,low_activity,0,0,0,0,low_activity,0,0,0,0,low_activity,0,0,0,0,0,0,148261,140750,-0.026,275,72543,31,31,59,58,1
1774107064,57,42,0,0,0,0,low_activity,0,0,0,0,low_activity,0,0,0,0,low_activity,0,0,0,0,0,0,138354,132994,-0.0198,-9151,62554,32,29,58,57,1
1774107065,57,42,0,0,0,0,low_activity,0,0,0,0,low_activity,0,0,0,0,low_activity,0,0,0,0,0,0,146089,136015,-0.0357,-2372,62306,31,30,58,57,1
1774107066,57,42,0,0,0,0,low_activity,0,0,0,0,low_activity,0,0,0,0,low_activity,0,0,0,0,0,0,146089,135982,-0.0358,-2172,70305,31,30,58,57,1
1774107067,57,42,0,0,0,0,low_activity,0,0,0,0,low_activity,0,0,0,0,low_activity,0,0,0,0,0,0,143623,134400,-0.0332,5269,67911,31,30,58,57,1
1774107068,57,42,0,0,0,0,low_activity,0,0,0,0,low_activity,0,0,0,0,low_activity,0,0,0,0,0,0,144589,119360,-0.0956,-1500,69684,31,29,58,57,1
1774107069,57,42,0,0,0,0,low_activity,0,0,0,0,low_activity,0,0,0,0,low_activity,0,0,0,0,0,0,144292,134360,-0.0356,-1797,3621,31,30,58,57,1
1774107070,57,42,0,0,0,0,no_volume,0,0,0,0,low_activity,0,0,0,0,low_activity,0,0,0,0,0,0,143326,132872,-0.0378,-297,-4660,31,29,58,57,1
1774107071,57,42,0,0,0,0,no_volume,0,0,0,0,low_activity,0,0,0,0,low_activity,0,0,0,0,0,0,149855,134360,-0.0545,5266,2350,31,29,58,57,1
1774107072,57,42,0,0,0,0,no_volume,0,0,0,0,no_volume,0,0,0,0,low_activity,0,0,0,0,0,0,143326,134360,-0.0323,-966,-5135,31,30,58,57,1
1774107073,57,42,0,0,0,0,no_volume,0,0,0,0,no_volume,0,0,0,0,low_activity,0,0,0,0,0,0,143326,134360,-0.0323,0,-4935,31,29,58,57,1
1774107074,57,42,0,0,0,0,no_volume,0,0,0,0,no_volume,0,0,0,0,low_activity,0,0,0,0,0,0,150871,134310,-0.0581,1016,12517,31,29,58,57,1
1774107075,57,42,0,0,0,0,low_activity,0,0,0,0,low_activity,0,0,0,0,low_activity,0,0,0,0,0,0,156211,134310,-0.0754,12885,10122,32,31,58,57,1
1774107076,57,42,0,0,0,0,low_activity,0,0,0,0,low_activity,0,0,0,0,low_activity,0,0,0,0,0,0,161630,132822,-0.0978,18304,15541,32,30,58,57,1
1774107077,57,42,0,0,0,0,low_activity,0,0,0,0,low_activity,0,0,0,0,low_activity,0,0,0,0,0,0,162861,134310,-0.0961,11990,19238,32,31,58,57,1
1774107078,57,42,0,0,0,0,low_activity,0,0,0,0,low_activity,0,0,0,0,low_activity,0,0,0,0,0,0,162859,119310,-0.1543,6648,18270,32,30,58,57,1
1774107079,57,42,0,0,0,0,low_activity,0,0,0,0,low_activity,0,0,0,0,low_activity,0,0,0,0,0,0,156474,127661,-0.1014,-5156,12182,32,28,58,57,1
1774107080,57,42,0,0,0,0,low_activity,0,0,0,0,low_activity,0,0,0,0,low_activity,0,0,0,0,0,0,157040,129182,-0.0973,-5821,13714,31,29,58,57,1
1774107081,57,42,0,0,0,0,low_activity,0,0,0,0,low_activity,0,0,0,0,low_activity,0,0,0,0,0,0,157040,129149,-0.0975,-5819,7185,31,29,58,57,1
1774107082,57,42,0,0,0,0,low_activity,0,0,0,0,low_activity,0,0,0,0,low_activity,0,0,0,0,0,0,156074,129149,-0.0944,-400,12748,31,28,58,57,1
1774107083,57,42,0,0,0,0,no_volume,0,0,0,0,low_activity,0,0,0,0,low_activity,0,0,0,0,0,0,157040,129149,-0.0975,0,13714,31,30,58,57,1
1774107084,57,42,0,0,0,0,low_activity,0,0,0,0,low_activity,0,0,0,0,low_activity,0,0,0,0,0,0,157024,129149,-0.0974,-16,6153,31,29,58,57,1
1774107085,57,42,0,0,0,0,low_activity,0,0,0,0,low_activity,0,0,0,0,low_activity,0,0,0,0,0,0,154868,112661,-0.1578,-1206,-1343,31,29,58,57,1
1774107086,57,42,0,0,0,0,low_activity,0,0,0,0,low_activity,0,0,0,0,low_activity,0,0,0,0,0,0,155834,127661,-0.0994,-1206,-5796,31,29,58,57,1
1774107087,57,42,0,0,0,0,low_activity,0,0,0,0,low_activity,0,0,0,0,low_activity,0,0,0,0,0,0,155784,129149,-0.0935,-1240,-7077,31,30,58,57,1
1774107088,57,42,0,0,0,0,low_activity,0,0,0,0,low_activity,0,0,0,0,low_activity,0,0,0,0,0,0,155784,114149,-0.1542,916,-7075,31,29,58,57,1
1774107089,57,42,0,0,0,0,low_activity,0,0,0,0,low_activity,0,0,0,0,low_activity,0,0,0,0,0,0,155784,114149,-0.1542,-50,-690,31,30,58,57,1
1774107090,57,42,0,0,0,0,no_volume,0,0,0,0,low_activity,0,0,0,0,low_activity,0,0,0,0,0,0,155784,127661,-0.0992,0,-1256,32,29,58,57,1
1774107091,57,42,0,0,0,0,no_volume,0,0,0,0,low_activity,0,0,0,0,low_activity,0,0,0,0,0,0,155784,129149,-0.0935,0,-1256,32,30,58,57,1
1774107092,57,42,0,0,0,0,no_volume,0,0,0,0,no_volume,0,0,0,0,low_activity,0,0,0,0,0,0,155784,114149,-0.1542,0,-290,32,29,58,57,1
1774107093,57,42,0,0,0,0,no_volume,0,0,0,0,no_volume,0,0,0,0,low_activity,0,0,0,0,0,0,156750,114149,-0.1573,966,-290,32,29,58,57,1
1774107094,57,42,0,0,0,0,no_volume,0,0,0,0,no_volume,0,0,0,0,low_activity,0,0,0,0,0,0,156750,127661,-0.1023,966,-274,32,29,58,57,1
1774107095,57,42,0,0,0,0,no_volume,0,0,0,0,no_volume,0,0,0,0,low_activity,0,0,0,0,0,0,155115,128183,-0.0951,-669,247,32,31,58,57,1
1774107096,57,42,0,0,0,0,no_volume,0,0,0,0,no_volume,0,0,0,0,low_activity,0,0,0,0,0,0,156081,129149,-0.0944,-669,247,31,31,58,57,1
1774107097,57,42,0,0,0,0,no_volume,0,0,0,0,no_volume,0,0,0,0,low_activity,0,0,0,0,0,0,155784,114149,-0.1542,-966,0,31,31,58,57,1
1774107098,57,42,0,0,0,0,no_volume,0,0,0,0,no_volume,0,0,0,0,low_activity,0,0,0,0,0,0,154818,114149,-0.1512,-297,-966,31,31,58,57,1
1774107099,57,42,0,0,0,0,low_activity,0,0,0,0,low_activity,0,0,0,0,low_activity,0,0,0,0,0,0,156891,115148,-0.1534,810,1107,31,31,58,57,1
1774107100,57,42,0,0,0,0,low_activity,0,0,0,0,low_activity,0,0,0,0,low_activity,0,0,0,0,0,0,155671,130115,-0.0894,-113,-113,31,32,58,57,1
1774107101,57,42,0,0,0,0,low_activity,0,0,0,0,low_activity,0,0,0,0,low_activity,0,0,0,0,0,0,142711,128495,-0.0524,-12107,-13073,32,31,58,57,1
1774107102,57,42,0,0,0,0,no_volume,0,0,0,0,low_activity,0,0,0,0,low_activity,0,0,0,0,0,0,143677,127973,-0.0578,-13214,-12107,32,30,58,57,1
1774107103,57,42,0,0,0,0,no_volume,0,0,0,0,low_activity,0,0,0,0,low_activity,0,0,0,0,0,0,143677,129461,-0.052,-11994,-13073,32,31,58,57,1
1774107104,57,42,0,0,0,0,low_activity,0,0,0,0,low_activity,0,0,0,0,low_activity,0,0,0,0,0,0,143661,128495,-0.0557,950,-13089,32,30,58,57,1
1774107105,57,42,0,0,0,0,low_activity,0,0,0,0,low_activity,0,0,0,0,low_activity,0,0,0,0,0,0,144627,113495,-0.1206,950,-10488,31,30,58,57,1
1774107106,57,42,0,0,0,0,low_activity,0,0,0,0,low_activity,0,0,0,0,low_activity,0,0,0,0,0,0,146127,128507,-0.0642,2450,-9954,31,28,58,57,1
1774107107,57,42,0,0,0,0,no_volume,0,0,0,0,low_activity,0,0,0,0,low_activity,0,0,0,0,0,0,143661,129995,-0.0499,0,-12123,31,30,58,57,1
1774107108,57,42,0,0,0,0,no_volume,0,0,0,0,low_activity,0,0,0,0,low_activity,0,0,0,0,0,0,159257,120184,-0.1398,14630,4439,31,29,58,57,1
1774107109,57,42,0,0,0,0,low_activity,0,0,0,0,low_activity,0,0,0,0,low_activity,0,0,0,0,0,0,154122,150184,-0.0129,7995,-2769,31,30,58,57,1
1774107110,57,42,0,0,0,0,low_activity,0,0,0,0,low_activity,0,0,0,0,low_activity,0,0,0,0,0,0,154778,150840,-0.0129,11117,-893,32,30,58,57,1
1774107111,57,42,0,0,0,0,low_activity,0,0,0,0,low_activity,0,0,0,0,low_activity,0,0,0,0,0,0,154756,150840,-0.0128,-4501,12045,32,30,58,57,1
1774107112,57,42,0,0,0,0,low_activity,0,0,0,0,low_activity,0,0,0,0,low_activity,0,0,0,0,0,0,154756,150840,-0.0128,634,11079,32,29,58,57,1
1774107113,57,42,0,0,0,0,low_activity,0,0,0,0,low_activity,0,0,0,0,low_activity,0,0,0,0,0,0,155722,135840,-0.0682,944,12045,32,30,58,57,1
1774107114,57,42,0,0,0,0,no_volume,0,0,0,0,low_activity,0,0,0,0,low_activity,0,0,0,0,0,0,161303,150840,-0.0335,6547,17642,32,31,58,57,1
1774107115,57,42,0,0,0,0,low_activity,0,0,0,0,low_activity,0,0,0,0,low_activity,0,0,0,0,0,0,159204,136137,-0.0781,4448,14577,32,30,58,57,1
1774107116,57,42,0,0,0,0,low_activity,0,0,0,0,low_activity,0,0,0,0,low_activity,0,0,0,0,0,0,160170,151137,-0.029,4448,14043,31,30,58,57,1
1774107117,57,42,0,0,0,0,low_activity,0,0,0,0,low_activity,0,0,0,0,low_activity,0,0,0,0,0,0,160170,151137,-0.029,-1133,16509,31,31,58,57,1
1774107118,57,42,0,0,0,0,no_volume,0,0,0,0,low_activity,0,0,0,0,low_activity,0,0,0,0,0,0,159204,151137,-0.026,0,-53,31,30,58,57,1
1774107119,57,42,0,0,0,0,low_activity,0,0,0,0,low_activity,0,0,0,0,low_activity,0,0,0,0,0,0,159188,151137,-0.0259,-982,5066,31,30,58,57,1
1774107120,57,42,0,0,0,0,low_activity,0,0,0,0,low_activity,0,0,0,0,low_activity,0,0,0,0,0,0,132311,149577,0.0613,-27859,-22467,31,30,58,57,1
1774107121,57,42,0,0,0,0,low_activity,0,0,0,0,low_activity,0,0,0,0,low_activity,0,0,0,0,0,0,75687,147461,0.3216,-83517,-79069,32,30,58,57,1
1774107122,58,40,0,0,0,0,low_activity,0,0,0,0,low_activity,0,0,0,0,low_activity,0,0,0,0,0,0,75594,147761,0.3231,-83594,-79162,29,31,60,58,2
1774107123,58,40,0,0,0,0,no_volume,0,0,0,0,low_activity,0,0,0,0,low_activity,0,0,0,0,0,0,75584,147824,0.3234,-56727,-80138,28,31,60,58,2
1774107124,58,40,0,0,0,0,no_volume,0,0,0,0,low_activity,0,0,0,0,low_activity,0,0,0,0,0,0,21129,80715,0.5851,-54558,-140174,28,29,60,58,2
1774107125,58,40,0,0,0,0,no_volume,0,0,0,0,no_volume,0,0,0,0,low_activity,0,0,0,0,0,0,75804,147514,0.3211,210,-83400,28,31,60,58,2
1774107126,58,40,0,0,0,0,no_volume,0,0,0,0,no_volume,0,0,0,0,low_activity,0,0,0,0,0,0,75894,147781,0.3214,310,-84276,28,31,60,58,2
1774107127,57,42,0,0,0,0,low_activity,0,0,0,0,low_activity,0,0,0,0,low_activity,0,0,0,0,0,0,140672,148681,0.0277,119543,-19498,30,30,58,57,1
1774107128,57,42,0,0,0,0,low_activity,0,0,0,0,low_activity,0,0,0,0,low_activity,0,0,0,0,0,0,148117,148684,0.0019,72313,-11087,30,30,58,57,1
1774107129,57,42,0,0,0,0,low_activity,0,0,0,0,low_activity,0,0,0,0,low_activity,0,0,0,0,0,0,148766,134341,-0.051,72872,-10422,30,30,58,57,1
1774107130,57,42,0,0,0,0,low_activity,0,0,0,0,low_activity,0,0,0,0,low_activity,0,0,0,0,0,0,150025,132853,-0.0607,9353,17714,31,30,58,57,1
1774107131,57,42,0,0,0,0,low_activity,0,0,0,0,low_activity,0,0,0,0,low_activity,0,0,0,0,0,0,149295,134341,-0.0527,1178,73608,31,30,58,57,1
1774107132,57,42,0,0,0,0,low_activity,0,0,0,0,low_activity,0,0,0,0,low_activity,0,0,0,0,0,0,148132,119341,-0.1076,-634,72538,32,29,58,57,1
1774107133,57,42,0,0,0,0,low_activity,0,0,0,0,low_activity,0,0,0,0,low_activity,0,0,0,0,0,0,149428,133678,-0.0556,-597,73844,32,30,58,57,1
1774107134,57,42,0,0,0,0,no_volume,0,0,0,0,low_activity,0,0,0,0,low_activity,0,0,0,0,0,0,150928,120178,-0.1134,1633,129799,32,29,58,57,1
1774107135,57,42,0,0,0,0,low_activity,0,0,0,0,low_activity,0,0,0,0,low_activity,0,0,0,0,0,0,150880,120178,-0.1133,2748,75076,32,29,58,57,1
1774107136,57,42,0,0,0,0,low_activity,0,0,0,0,low_activity,0,0,0,0,low_activity,0,0,0,0,0,0,151846,135178,-0.0581,2418,75952,31,30,58,57,1
1774107137,57,42,0,0,0,0,low_activity,0,0,0,0,low_activity,0,0,0,0,low_activity,0,0,0,0,0,0,156633,120178,-0.1317,5705,15961,30,29,58,57,1
1774107138,57,42,0,0,0,0,no_volume,0,0,0,0,low_activity,0,0,0,0,low_activity,0,0,0,0,0,0,150433,133690,-0.0589,-447,2316,30,29,58,57,1
1774107139,57,42,0,0,0,0,low_activity,0,0,0,0,low_activity,0,0,0,0,low_activity,0,0,0,0,0,0,151102,150111,-0.0033,-744,2336,30,31,58,57,1
1774107140,57,42,0,0,0,0,low_activity,0,0,0,0,low_activity,0,0,0,0,low_activity,0,0,0,0,0,0,150769,135774,-0.0523,-5864,744,30,29,58,57,1
1774107141,57,42,0,0,0,0,low_activity,0,0,0,0,low_activity,0,0,0,0,low_activity,0,0,0,0,0,0,149803,150774,0.0032,-630,508,30,31,58,57,1
1774107142,57,42,0,0,0,0,low_activity,0,0,0,0,low_activity,0,0,0,0,low_activity,0,0,0,0,0,0,150756,150774,0.0001,-346,2624,31,29,58,57,1
1774107143,57,42,0,0,0,0,low_activity,0,0,0,0,low_activity,0,0,0,0,low_activity,0,0,0,0,0,0,150756,149286,-0.0049,-13,1328,31,29,58,57,1
1774107144,57,42,0,0,0,0,low_activity,0,0,0,0,low_activity,0,0,0,0,low_activity,0,0,0,0,0,0,150756,135774,-0.0523,953,-172,31,30,58,57,1
1774107145,57,42,0,0,0,0,no_volume,0,0,0,0,low_activity,0,0,0,0,low_activity,0,0,0,0,0,0,150756,150774,0.0001,0,-124,31,30,58,57,1
1774107146,57,42,0,0,0,0,no_volume,0,0,0,0,low_activity,0,0,0,0,low_activity,0,0,0,0,0,0,150756,135774,-0.0523,0,-1090,32,29,58,57,1
1774107147,57,42,0,0,0,0,low_activity,0,0,0,0,low_activity,0,0,0,0,low_activity,0,0,0,0,0,0,150389,150774,0.0013,-367,-6244,32,29,58,57,1
1774107148,57,42,0,0,0,0,low_activity,0,0,0,0,low_activity,0,0,0,0,low_activity,0,0,0,0,0,0,151609,150774,-0.0028,853,1176,32,30,58,57,1
1774107149,57,42,0,0,0,0,low_activity,0,0,0,0,low_activity,0,0,0,0,low_activity,0,0,0,0,0,0,152575,135774,-0.0583,1819,1473,31,29,58,57,1
1774107150,57,42,0,0,0,0,low_activity,0,0,0,0,low_activity,0,0,0,0,low_activity,0,0,0,0,0,0,152550,134286,-0.0637,2161,1781,31,30,58,57,1
1774107151,57,42,0,0,0,0,low_activity,0,0,0,0,low_activity,0,0,0,0,low_activity,0,0,0,0,0,0,150618,135774,-0.0518,-991,815,30,30,58,57,1
1774107152,57,42,0,0,0,0,low_activity,0,0,0,0,low_activity,0,0,0,0,low_activity,0,0,0,0,0,0,151584,120774,-0.1131,-991,828,30,29,58,57,1
1774107153,57,42,0,0,0,0,no_volume,0,0,0,0,low_activity,0,0,0,0,low_activity,0,0,0,0,0,0,150364,135774,-0.051,-2186,-392,30,29,58,57,1
1774107154,57,42,0,0,0,0,no_volume,0,0,0,0,low_activity,0,0,0,0,low_activity,0,0,0,0,0,0,149398,135774,-0.0478,-1220,-1358,30,29,58,57,1
1774107155,57,42,0,0,0,0,no_volume,0,0,0,0,no_volume,0,0,0,0,low_activity,0,0,0,0,0,0,148864,134286,-0.0515,-2720,-1892,31,29,58,57,1
1774107156,57,42,0,0,0,0,low_activity,0,0,0,0,low_activity,0,0,0,0,low_activity,0,0,0,0,0,0,148853,120774,-0.1041,-1511,-1903,31,30,58,57,1
1774107157,57,42,0,0,0,0,low_activity,0,0,0,0,low_activity,0,0,0,0,low_activity,0,0,0,0,0,0,150353,136071,-0.0499,955,-36,31,30,58,57,1
1774107158,57,42,0,0,0,0,low_activity,0,0,0,0,low_activity,0,0,0,0,low_activity,0,0,0,0,0,0,148853,136071,-0.0449,-11,-2756,31,30,58,57,1
1774107159,57,42,0,0,0,0,low_activity,0,0,0,0,low_activity,0,0,0,0,low_activity,0,0,0,0,0,0,146704,134583,-0.0431,-2149,-5871,31,29,58,57,1
1774107160,57,42,0,0,0,0,low_activity,0,0,0,0,low_activity,0,0,0,0,low_activity,0,0,0,0,0,0,148837,136049,-0.0449,-1516,-3713,32,29,58,57,1
1774107161,57,42,0,0,0,0,low_activity,0,0,0,0,low_activity,0,0,0,0,low_activity,0,0,0,0,0,0,148837,136049,-0.0449,-16,-1781,32,30,58,57,1
1774107162,57,42,0,0,0,0,low_activity,0,0,0,0,low_activity,0,0,0,0,low_activity,0,0,0,0,0,0,149803,120752,-0.1074,3099,-1781,32,29,58,57,1
1774107163,57,42,0,0,0,0,no_volume,0,0,0,0,low_activity,0,0,0,0,low_activity,0,0,0,0,0,0,127375,133001,0.0216,-21462,-22989,31,30,58,57,1
1774107164,58,40,0,0,0,0,no_volume,0,0,0,0,low_activity,0,0,0,0,low_activity,0,0,0,0,0,0,75964,132703,0.2719,-72873,-73434,29,31,60,58,2
1774107165,58,40,0,0,0,0,no_volume,0,0,0,0,no_volume,0,0,0,0,low_activity,0,0,0,0,0,0,75944,132430,0.2711,-73859,-72920,28,31,60,58,2
1774107166,57,40,0,0,0,0,no_volume,0,0,0,0,no_volume,0,0,0,0,low_activity,0,0,0,0,0,0,75694,132397,0.2725,-51681,-73159,29,29,60,57,3
1774107167,57,40,0,0,0,0,no_volume,0,0,0,0,no_volume,0,0,0,0,low_activity,0,0,0,0,0,0,75694,132397,0.2725,-270,-74659,29,29,60,57,3
1774107168,57,40,0,0,0,0,no_volume,0,0,0,0,no_volume,0,0,0,0,low_activity,0,0,0,0,0,0,21204,80598,0.5834,-54740,-127649,28,28,60,57,3
1774107169,58,40,0,0,0,0,no_volume,0,0,0,0,no_volume,0,0,0,0,low_activity,0,0,0,0,0,0,76070,131184,0.2659,376,-70634,28,30,60,58,2
1774107170,58,40,0,0,0,0,no_volume,0,0,0,0,no_volume,0,0,0,0,low_activity,0,0,0,0,0,0,76222,131217,0.2651,528,-72615,29,31,60,58,2
1774107171,57,42,0,0,0,0,no_volume,0,0,0,0,no_volume,0,0,0,0,low_activity,0,0,0,0,0,0,142609,133629,-0.0325,121405,-6228,31,29,58,57,1
1774107172,57,42,0,0,0,0,low_activity,0,0,0,0,low_activity,0,0,0,0,low_activity,0,0,0,0,0,0,149072,133589,-0.0548,73002,-731,31,30,58,57,1
1774107173,57,42,0,0,0,0,low_activity,0,0,0,0,low_activity,0,0,0,0,low_activity,0,0,0,0,0,0,149066,118589,-0.1139,72844,21691,31,29,58,57,1
1774107174,57,42,0,0,0,0,low_activity,0,0,0,0,low_activity,0,0,0,0,low_activity,0,0,0,0,0,0,150032,132101,-0.0636,7423,74068,32,29,58,57,1
1774107175,57,42,0,0,0,0,low_activity,0,0,0,0,low_activity,0,0,0,0,low_activity,0,0,0,0,0,0,150029,133589,-0.058,957,74085,32,29,58,57,1
1774107176,57,42,0,0,0,0,low_activity,0,0,0,0,low_activity,0,0,0,0,low_activity,0,0,0,0,0,0,150029,133589,-0.058,963,74335,32,29,58,57,1
1774107177,57,42,0,0,0,0,low_activity,0,0,0,0,low_activity,0,0,0,0,low_activity,0,0,0,0,0,0,150995,126851,-0.0869,963,75301,32,28,58,57,1
1774107178,57,42,0,0,0,0,no_volume,0,0,0,0,low_activity,0,0,0,0,low_activity,0,0,0,0,0,0,151659,125363,-0.0949,1630,130455,32,29,58,57,1
1774107179,57,42,0,0,0,0,low_activity,0,0,0,0,low_activity,0,0,0,0,low_activity,0,0,0,0,0,0,150668,127548,-0.0831,639,74598,32,30,58,57,1
1774107180,57,42,0,0,0,0,low_activity,0,0,0,0,low_activity,0,0,0,0,low_activity,0,0,0,0,0,0,151734,127515,-0.0867,739,75512,33,29,58,57,1
1774107181,57,42,0,0,0,0,low_activity,0,0,0,0,low_activity,0,0,0,0,low_activity,0,0,0,0,0,0,152767,126884,-0.0926,1108,10158,33,30,58,57,1
1774107182,57,42,0,0,0,0,low_activity,0,0,0,0,low_activity,0,0,0,0,low_activity,0,0,0,0,0,0,151801,126856,-0.0895,1133,2729,33,30,58,57,1
1774107183,57,42,0,0,0,0,low_activity,0,0,0,0,low_activity,0,0,0,0,low_activity,0,0,0,0,0,0,152767,126856,-0.0927,1033,3701,34,31,58,57,1
1774107184,57,42,0,0,0,0,no_volume,0,0,0,0,low_activity,0,0,0,0,low_activity,0,0,0,0,0,0,151801,111856,-0.1515,-966,1769,33,30,58,57,1
1774107185,57,42,0,0,0,0,no_volume,0,0,0,0,low_activity,0,0,0,0,low_activity,0,0,0,0,0,0,151434,131736,-0.0696,-367,1405,33,30,58,57,1
1774107186,57,42,0,0,0,0,no_volume,0,0,0,0,no_volume,0,0,0,0,low_activity,0,0,0,0,0,0,150878,119190,-0.1173,-1889,849,33,31,58,57,1
1774107187,57,42,0,0,0,0,no_volume,0,0,0,0,no_volume,0,0,0,0,low_activity,0,0,0,0,0,0,150878,133888,-0.0597,-923,-117,33,31,58,57,1
1774107188,57,42,0,0,0,0,no_volume,0,0,0,0,no_volume,0,0,0,0,low_activity,0,0,0,0,0,0,150209,133888,-0.0574,-1225,-1450,32,30,58,57,1
1774107189,57,42,0,0,0,0,no_volume,0,0,0,0,no_volume,0,0,0,0,low_activity,0,0,0,0,0,0,150209,147400,-0.0094,-669,-459,32,31,58,57,1
1774107190,57,42,0,0,0,0,no_volume,0,0,0,0,no_volume,0,0,0,0,low_activity,0,0,0,0,0,0,150581,148888,-0.0057,-297,-1153,33,31,58,57,1
1774107191,57,42,0,0,0,0,no_volume,0,0,0,0,no_volume,0,0,0,0,low_activity,0,0,0,0,0,0,150878,148888,-0.0066,669,-1889,32,31,58,57,1
1774107192,57,42,0,0,0,0,low_activity,0,0,0,0,low_activity,0,0,0,0,low_activity,0,0,0,0,0,0,150794,148224,-0.0086,585,-1007,32,31,58,57,1
1774107193,57,42,0,0,0,0,low_activity,0,0,0,0,low_activity,0,0,0,0,low_activity,0,0,0,0,0,0,151760,133224,-0.065,1179,-1007,33,31,58,57,1
1774107194,57,42,0,0,0,0,low_activity,0,0,0,0,low_activity,0,0,0,0,low_activity,0,0,0,0,0,0,152057,146736,-0.0178,1179,256,33,31,58,57,1
1774107195,57,42,0,0,0,0,no_volume,0,0,0,0,low_activity,0,0,0,0,low_activity,0,0,0,0,0,0,150125,148224,-0.0064,-669,-1309,32,31,58,57,1
1774107196,57,42,0,0,0,0,no_volume,0,0,0,0,low_activity,0,0,0,0,low_activity,0,0,0,0,0,0,150130,148224,-0.0064,-1630,-748,33,31,58,57,1
1774107197,57,42,0,0,0,0,no_volume,0,0,0,0,no_volume,0,0,0,0,low_activity,0,0,0,0,0,0,150130,148224,-0.0064,-1927,-748,33,31,58,57,1
1774107198,57,42,0,0,0,0,no_volume,0,0,0,0,no_volume,0,0,0,0,low_activity,0,0,0,0,0,0,150130,148224,-0.0064,5,-79,33,31,58,57,1
1774107199,57,42,0,0,0,0,no_volume,0,0,0,0,no_volume,0,0,0,0,low_activity,0,0,0,0,0,0,151096,148224,-0.0096,966,887,34,30,58,57,1
1774107200,57,42,0,0,0,0,no_volume,0,0,0,0,no_volume,0,0,0,0,low_activity,0,0,0,0,0,0,151096,148224,-0.0096,966,515,34,30,58,57,1
1774107201,57,42,0,0,0,0,low_activity,0,0,0,0,low_activity,0,0,0,0,low_activity,0,0,0,0,0,0,150047,146736,-0.0112,-83,-831,33,30,58,57,1
1774107202,57,42,0,0,0,0,low_activity,0,0,0,0,low_activity,0,0,0,0,low_activity,0,0,0,0,0,0,151679,141856,-0.0335,583,885,33,31,58,57,1
1774107203,57,42,0,0,0,0,low_activity,0,0,0,0,low_activity,0,0,0,0,low_activity,0,0,0,0,0,0,151679,142547,-0.031,583,-81,33,31,58,57,1
1774107204,57,42,0,0,0,0,no_volume,0,0,0,0,low_activity,0,0,0,0,low_activity,0,0,0,0,0,0,151679,142547,-0.031,1632,-378,33,31,58,57,1
1774107205,57,42,0,0,0,0,no_volume,0,0,0,0,low_activity,0,0,0,0,low_activity,0,0,0,0,0,0,151916,144047,-0.0266,237,1791,33,31,58,57,1
1774107206,57,42,0,0,0,0,no_volume,0,0,0,0,no_volume,0,0,0,0,low_activity,0,0,0,0,0,0,151916,144047,-0.0266,237,1786,33,31,58,57,1
1774107207,57,42,0,0,0,0,low_activity,0,0,0,0,low_activity,0,0,0,0,low_activity,0,0,0,0,0,0,153138,144047,-0.0306,1459,3008,33,31,58,57,1
1774107208,57,42,0,0,0,0,low_activity,0,0,0,0,low_activity,0,0,0,0,low_activity,0,0,0,0,0,0,153138,144047,-0.0306,1222,3008,33,31,58,57,1
1774107209,57,42,0,0,0,0,low_activity,0,0,0,0,low_activity,0,0,0,0,low_activity,0,0,0,0,0,0,152841,129047,-0.0844,925,1745,33,31,58,57,1
1774107210,57,42,0,0,0,0,low_activity,0,0,0,0,low_activity,0,0,0,0,low_activity,0,0,0,0,0,0,152841,113929,-0.1459,-297,1745,31,30,58,57,1
1774107211,57,42,0,0,0,0,low_activity,0,0,0,0,low_activity,0,0,0,0,low_activity,0,0,0,0,0,0,153138,127930,-0.0897,0,3091,31,31,58,57,1
1774107212,57,42,0,0,0,0,low_activity,0,0,0,0,low_activity,0,0,0,0,low_activity,0,0,0,0,0,0,152089,112930,-0.1478,-752,410,31,30,58,57,1
1774107213,57,42,0,0,0,0,low_activity,0,0,0,0,low_activity,0,0,0,0,low_activity,0,0,0,0,0,0,152089,112408,-0.15,-752,410,31,30,58,57,1
1774107214,57,42,0,0,0,0,low_activity,0,0,0,0,low_activity,0,0,0,0,low_activity,0,0,0,0,0,0,152089,127930,-0.0863,-1049,410,31,30,58,57,1
1774107215,57,42,0,0,0,0,no_volume,0,0,0,0,low_activity,0,0,0,0,low_activity,0,0,0,0,0,0,149623,112930,-0.1398,-2466,-2293,32,31,58,57,1
1774107216,57,42,0,0,0,0,no_volume,0,0,0,0,low_activity,0,0,0,0,low_activity,0,0,0,0,0,0,150589,128896,-0.0776,-1500,-1327,32,31,58,57,1
1774107217,57,42,0,0,0,0,no_volume,0,0,0,0,no_volume,0,0,0,0,low_activity,0,0,0,0,0,0,150292,113896,-0.1378,-1797,-2846,32,30,58,57,1
1774107218,57,42,0,0,0,0,low_activity,0,0,0,0,low_activity,0,0,0,0,low_activity,0,0,0,0,0,0,150272,112441,-0.144,649,-2866,32,29,58,57,1
1774107219,57,42,0,0,0,0,low_activity,0,0,0,0,low_activity,0,0,0,0,low_activity,0,0,0,0,0,0,151238,128929,-0.0796,649,-1603,31,31,58,57,1
1774107220,57,42,0,0,0,0,low_activity,0,0,0,0,low_activity,0,0,0,0,low_activity,0,0,0,0,0,0,151238,143896,-0.0249,946,-1603,31,30,58,57,1
1774107221,57,42,0,0,0,0,no_volume,0,0,0,0,low_activity,0,0,0,0,low_activity,0,0,0,0,0,0,150272,127408,-0.0823,0,-2866,31,30,58,57,1
1774107222,57,42,0,0,0,0,no_volume,0,0,0,0,low_activity,0,0,0,0,low_activity,0,0,0,0,0,0,150272,143896,-0.0217,-966,-1817,31,32,58,57,1
1774107223,57,42,0,0,0,0,no_volume,0,0,0,0,no_volume,0,0,0,0,low_activity,0,0,0,0,0,0,151772,143896,-0.0266,534,-317,31,30,58,57,1
1774107224,57,42,0,0,0,0,no_volume,0,0,0,0,no_volume,0,0,0,0,low_activity,0,0,0,0,0,0,151772,128896,-0.0815,1500,-317,33,31,58,57,1
1774107225,57,42,0,0,0,0,no_volume,0,0,0,0,no_volume,0,0,0,0,low_activity,0,0,0,0,0,0,151772,129193,-0.0804,1500,2149,33,31,58,57,1
1774107226,57,42,0,0,0,0,no_volume,0,0,0,0,no_volume,0,0,0,0,low_activity,0,0,0,0,0,0,151772,144193,-0.0256,0,1183,33,31,58,57,1
1774107227,57,42,0,0,0,0,low_activity,0,0,0,0,low_activity,0,0,0,0,low_activity,0,0,0,0,0,0,151064,144226,-0.0232,-708,772,33,32,58,57,1
1774107228,57,42,0,0,0,0,low_activity,0,0,0,0,low_activity,0,0,0,0,low_activity,0,0,0,0,0,0,151064,144193,-0.0233,-708,792,33,32,58,57,1
1774107229,57,42,0,0,0,0,low_activity,0,0,0,0,low_activity,0,0,0,0,low_activity,0,0,0,0,0,0,149132,128896,-0.0728,-2640,-2106,32,31,58,57,1
1774107230,57,42,0,0,0,0,no_volume,0,0,0,0,low_activity,0,0,0,0,low_activity,0,0,0,0,0,0,150098,128896,-0.076,-966,-1140,31,30,58,57,1
1774107231,57,42,0,0,0,0,no_volume,0,0,0,0,low_activity,0,0,0,0,low_activity,0,0,0,0,0,0,150098,128896,-0.076,-966,-174,31,30,58,57,1
1774107232,57,42,0,0,0,0,no_volume,0,0,0,0,no_volume,0,0,0,0,low_activity,0,0,0,0,0,0,149132,113896,-0.134,0,-1140,31,30,58,57,1
1774107233,57,42,0,0,0,0,low_activity,0,0,0,0,low_activity,0,0,0,0,low_activity,0,0,0,0,0,0,150015,127408,-0.0815,-83,-1757,31,31,58,57,1
1774107234,57,42,0,0,0,0,low_activity,0,0,0,0,low_activity,0,0,0,0,low_activity,0,0,0,0,0,0,150015,128929,-0.0756,-83,-1757,31,31,58,57,1
1774107235,57,42,0,0,0,0,low_activity,0,0,0,0,low_activity,0,0,0,0,low_activity,0,0,0,0,0,0,147549,113896,-0.1287,-1583,-4223,32,30,58,57,1
1774107236,57,42,0,0,0,0,no_volume,0,0,0,0,low_activity,0,0,0,0,low_activity,0,0,0,0,0,0,148467,128896,-0.0706,-1548,-3305,32,32,58,57,1
1774107237,56,43,0,0,0,0,low_activity,0,0,0,0,low_activity,0,0,0,0,low_activity,0,0,0,0,0,0,143100,122215,-0.0787,-6915,-7964,33,29,57,56,1
1774107238,56,43,0,0,0,0,low_activity,0,0,0,0,low_activity,0,0,0,0,low_activity,0,0,0,0,0,0,143204,123768,-0.0728,-4345,-7860,33,30,57,56,1
1774107239,56,43,0,0,0,0,low_activity,0,0,0,0,low_activity,0,0,0,0,low_activity,0,0,0,0,0,0,144180,108778,-0.14,-4287,-4952,33,30,57,56,1
1774107240,56,43,0,0,0,0,no_volume,0,0,0,0,low_activity,0,0,0,0,low_activity,0,0,0,0,0,0,144185,123778,-0.0762,1085,-5913,33,29,57,56,1
1774107241,56,43,0,0,0,0,no_volume,0,0,0,0,low_activity,0,0,0,0,low_activity,0,0,0,0,0,0,143219,123778,-0.0728,15,-6879,33,30,57,56,1
1774107242,56,43,0,0,0,0,no_volume,0,0,0,0,no_volume,0,0,0,0,low_activity,0,0,0,0,0,0,143219,122290,-0.0788,-961,-5913,33,29,57,56,1
1774107243,56,43,0,0,0,0,no_volume,0,0,0,0,no_volume,0,0,0,0,low_activity,0,0,0,0,0,0,143219,108778,-0.1367,-966,-6796,33,30,57,56,1
1774107244,56,43,0,0,0,0,no_volume,0,0,0,0,no_volume,0,0,0,0,low_activity,0,0,0,0,0,0,143219,123778,-0.0728,0,-6796,33,30,57,56,1
1774107245,56,43,0,0,0,0,no_volume,0,0,0,0,no_volume,0,0,0,0,low_activity,0,0,0,0,0,0,143219,123778,-0.0728,0,-4330,33,31,57,56,1
1774107246,56,43,0,0,0,0,no_volume,0,0,0,0,no_volume,0,0,0,0,low_activity,0,0,0,0,0,0,150304,122812,-0.1007,7085,1837,33,30,57,56,1
1774107247,56,43,0,0,0,0,no_volume,0,0,0,0,no_volume,0,0,0,0,low_activity,0,0,0,0,0,0,150304,122812,-0.1007,7085,7204,33,30,57,56,1
1774107248,56,43,0,0,0,0,no_volume,0,0,0,0,no_volume,0,0,0,0,low_activity,0,0,0,0,0,0,151270,123778,-0.1,8051,8066,34,30,57,56,1
1774107249,56,43,0,0,0,0,low_activity,0,0,0,0,low_activity,0,0,0,0,low_activity,0,0,0,0,0,0,151270,122240,-0.1061,966,7090,34,29,57,56,1
1774107250,56,43,0,0,0,0,low_activity,0,0,0,0,low_activity,0,0,0,0,low_activity,0,0,0,0,0,0,149340,123728,-0.0938,-964,5155,33,30,57,56,1
1774107251,56,43,0,0,0,0,low_activity,0,0,0,0,low_activity,0,0,0,0,low_activity,0,0,0,0,0,0,150007,124694,-0.0921,-1263,6788,33,31,57,56,1
1774107252,56,43,0,0,0,0,no_volume,0,0,0,0,low_activity,0,0,0,0,low_activity,0,0,0,0,0,0,150304,124694,-0.0931,-966,7085,33,31,57,56,1
1774107253,56,43,0,0,0,0,low_activity,0,0,0,0,low_activity,0,0,0,0,low_activity,0,0,0,0,0,0,149313,123728,-0.0937,-27,6094,33,31,57,56,1
1774107254,56,43,0,0,0,0,low_activity,0,0,0,0,low_activity,0,0,0,0,low_activity,0,0,0,0,0,0,144488,124694,-0.0735,-5519,1269,33,31,57,56,1
1774107255,56,43,0,0,0,0,low_activity,0,0,0,0,low_activity,0,0,0,0,low_activity,0,0,0,0,0,0,147137,108206,-0.1525,-3167,3918,33,30,57,56,1
1774107256,56,43,0,0,0,0,low_activity,0,0,0,0,low_activity,0,0,0,0,low_activity,0,0,0,0,0,0,146171,123728,-0.0832,-3142,-4133,33,30,57,56,1
1774107257,56,43,0,0,0,0,no_volume,0,0,0,0,low_activity,0,0,0,0,low_activity,0,0,0,0,0,0,146840,124694,-0.0816,2352,-3464,34,30,57,56,1
1774107258,56,43,0,0,0,0,no_volume,0,0,0,0,low_activity,0,0,0,0,low_activity,0,0,0,0,0,0,146840,124694,-0.0816,-297,-4430,34,30,57,56,1
1774107259,56,43,0,0,0,0,low_activity,0,0,0,0,low_activity,0,0,0,0,low_activity,0,0,0,0,0,0,147990,123728,-0.0893,1819,-3280,34,29,57,56,1
1774107260,56,43,0,0,0,0,low_activity,0,0,0,0,low_activity,0,0,0,0,low_activity,0,0,0,0,0,0,148956,123206,-0.0946,2116,-384,33,30,57,56,1
1774107261,56,43,0,0,0,0,low_activity,0,0,0,0,low_activity,0,0,0,0,low_activity,0,0,0,0,0,0,148956,124694,-0.0887,2116,-1051,33,31,57,56,1
1774107262,56,43,0,0,0,0,no_volume,0,0,0,0,low_activity,0,0,0,0,low_activity,0,0,0,0,0,0,150656,123728,-0.0981,2666,352,33,32,57,56,1
1774107263,56,43,0,0,0,0,no_volume,0,0,0,0,low_activity,0,0,0,0,low_activity,0,0,0,0,0,0,150656,124694,-0.0943,1700,1343,33,32,57,56,1
1774107264,56,43,0,0,0,0,no_volume,0,0,0,0,no_volume,0,0,0,0,low_activity,0,0,0,0,0,0,150953,123206,-0.1012,1997,6465,33,31,57,56,1
1774107265,56,43,0,0,0,0,no_volume,0,0,0,0,no_volume,0,0,0,0,low_activity,0,0,0,0,0,0,148767,108728,-0.1555,-1889,1630,33,31,57,56,1
1774107266,56,43,0,0,0,0,low_activity,0,0,0,0,low_activity,0,0,0,0,low_activity,0,0,0,0,0,0,149606,109694,-0.1539,-1050,3435,34,31,57,56,1
1774107267,56,43,0,0,0,0,low_activity,0,0,0,0,low_activity,0,0,0,0,low_activity,0,0,0,0,0,0,147080,71169,-0.3478,-3873,240,32,29,57,56,1
1774107268,56,43,0,0,0,0,low_activity,0,0,0,0,low_activity,0,0,0,0,low_activity,0,0,0,0,0,0,146090,64845,-0.3852,-2677,-750,32,28,57,56,1
1774107269,56,43,0,0,0,0,low_activity,0,0,0,0,low_activity,0,0,0,0,low_activity,0,0,0,0,0,0,146090,66060,-0.3772,-3516,-1900,31,31,57,56,1
1774107270,56,43,0,0,0,0,low_activity,0,0,0,0,low_activity,0,0,0,0,low_activity,0,0,0,0,0,0,146359,65616,-0.3809,-721,-2597,32,29,57,56,1
1774107271,56,43,0,0,0,0,no_volume,0,0,0,0,low_activity,0,0,0,0,low_activity,0,0,0,0,0,0,146359,65816,-0.3796,269,-2597,32,30,57,56,1
1774107272,56,43,0,0,0,0,no_volume,0,0,0,0,low_activity,0,0,0,0,low_activity,0,0,0,0,0,0,146359,50816,-0.4846,269,-4297,32,29,57,56,1
1774107273,56,43,0,0,0,0,no_volume,0,0,0,0,no_volume,0,0,0,0,low_activity,0,0,0,0,0,0,146359,65666,-0.3806,0,-4297,32,31,57,56,1
1774107274,56,43,0,0,0,0,no_volume,0,0,0,0,no_volume,0,0,0,0,low_activity,0,0,0,0,0,0,146009,65816,-0.3786,-350,-4944,32,31,57,56,1
1774107275,56,43,0,0,0,0,low_activity,0,0,0,0,low_activity,0,0,0,0,low_activity,0,0,0,0,0,0,146009,64124,-0.3897,-350,-2758,31,31,57,56,1
1774107276,56,43,0,0,0,0,low_activity,0,0,0,0,low_activity,0,0,0,0,low_activity,0,0,0,0,0,0,146009,65609,-0.3799,-350,-3597,31,31,57,56,1
1774107277,56,43,0,0,0,0,low_activity,0,0,0,0,low_activity,0,0,0,0,low_activity,0,0,0,0,0,0,146009,65609,-0.3799,0,-1071,31,32,57,56,1
1774107278,56,43,0,0,0,0,low_activity,0,0,0,0,low_activity,0,0,0,0,low_activity,0,0,0,0,0,0,148580,65609,-0.3874,2571,2490,31,32,57,56,1
1774107279,56,43,0,0,0,0,low_activity,0,0,0,0,low_activity,0,0,0,0,low_activity,0,0,0,0,0,0,148576,50880,-0.4898,2567,2486,31,29,57,56,1
1774107280,55,43,0,0,0,0,low_activity,0,0,0,0,low_activity,0,0,0,0,low_activity,0,0,0,0,0,0,148609,61074,-0.4175,2600,2250,31,30,57,55,2
1774107281,55,44,0,0,0,0,low_activity,0,0,0,0,low_activity,0,0,0,0,low_activity,0,0,0,0,0,0,148886,64700,-0.3942,306,2527,31,30,56,55,1
1774107282,56,43,0,0,0,0,low_activity,0,0,0,0,low_activity,0,0,0,0,low_activity,0,0,0,0,0,0,150381,105775,-0.1741,1805,4022,31,34,57,56,1
1774107283,56,43,0,0,0,0,low_activity,0,0,0,0,low_activity,0,0,0,0,low_activity,0,0,0,0,0,0,150414,112052,-0.1462,1805,4055,31,34,57,56,1
1774107284,56,43,0,0,0,0,low_activity,0,0,0,0,low_activity,0,0,0,0,low_activity,0,0,0,0,0,0,150381,116819,-0.1256,1495,4372,31,35,57,56,1
1774107285,56,43,0,0,0,0,no_volume,0,0,0,0,low_activity,0,0,0,0,low_activity,0,0,0,0,0,0,151347,101786,-0.1958,966,5338,30,34,57,56,1
1774107286,56,43,0,0,0,0,low_activity,0,0,0,0,low_activity,0,0,0,0,low_activity,0,0,0,0,0,0,151339,118274,-0.1226,925,5330,30,35,57,56,1
1774107287,56,43,0,0,0,0,low_activity,0,0,0,0,low_activity,0,0,0,0,low_activity,0,0,0,0,0,0,150288,102011,-0.1913,-93,4279,30,32,57,56,1
1774107288,56,43,0,0,0,0,low_activity,0,0,0,0,low_activity,0,0,0,0,low_activity,0,0,0,0,0,0,150606,103274,-0.1864,-741,2026,31,32,57,56,1
1774107289,56,43,0,0,0,0,low_activity,0,0,0,0,low_activity,0,0,0,0,low_activity,0,0,0,0,0,0,150606,131786,-0.0666,-733,2030,31,34,57,56,1
1774107290,56,43,0,0,0,0,low_activity,0,0,0,0,low_activity,0,0,0,0,low_activity,0,0,0,0,0,0,147461,132308,-0.0542,-2827,-1148,31,34,57,56,1
1774107291,56,43,0,0,0,0,low_activity,0,0,0,0,low_activity,0,0,0,0,low_activity,0,0,0,0,0,0,151212,133945,-0.0606,606,2326,32,36,57,56,1
1774107292,56,43,0,0,0,0,low_activity,0,0,0,0,low_activity,0,0,0,0,low_activity,0,0,0,0,0,0,150514,133945,-0.0582,-92,133,32,36,57,56,1
1774107293,56,43,0,0,0,0,low_activity,0,0,0,0,low_activity,0,0,0,0,low_activity,0,0,0,0,0,0,150514,133945,-0.0582,3053,100,32,36,57,56,1
1774107294,56,43,0,0,0,0,low_activity,0,0,0,0,low_activity,0,0,0,0,low_activity,0,0,0,0,0,0,150514,133945,-0.0582,-698,133,32,36,57,56,1
1774107295,56,43,0,0,0,0,low_activity,0,0,0,0,low_activity,0,0,0,0,low_activity,0,0,0,0,0,0,153049,135248,-0.0617,2535,1702,31,34,57,56,1
1774107296,56,43,0,0,0,0,low_activity,0,0,0,0,low_activity,0,0,0,0,low_activity,0,0,0,0,0,0,150583,133611,-0.0597,69,-756,31,33,57,56,1
1774107297,56,43,0,0,0,0,low_activity,0,0,0,0,low_activity,0,0,0,0,low_activity,0,0,0,0,0,0,150583,133611,-0.0597,69,295,31,33,57,56,1
1774107298,56,43,0,0,0,0,no_volume,0,0,0,0,low_activity,0,0,0,0,low_activity,0,0,0,0,0,0,150583,133611,-0.0597,-2466,-23,31,33,57,56,1
1774107299,56,43,0,0,0,0,no_volume,0,0,0,0,low_activity,0,0,0,0,low_activity,0,0,0,0,0,0,151233,120249,-0.1141,650,627,31,33,57,56,1
1774107300,56,43,0,0,0,0,low_activity,0,0,0,0,low_activity,0,0,0,0,low_activity,0,0,0,0,0,0,150617,119229,-0.1163,34,3156,32,32,57,56,1
1774107301,56,43,0,0,0,0,low_activity,0,0,0,0,low_activity,0,0,0,0,low_activity,0,0,0,0,0,0,150617,117741,-0.1225,34,-595,32,31,57,56,1
1774107302,56,43,0,0,0,0,low_activity,0,0,0,0,low_activity,0,0,0,0,low_activity,0,0,0,0,0,0,151583,118707,-0.1216,350,1069,33,32,57,56,1
1774107303,56,43,0,0,0,0,no_volume,0,0,0,0,low_activity,0,0,0,0,low_activity,0,0,0,0,0,0,151583,120195,-0.1155,966,1069,33,31,57,56,1
1774107304,56,43,0,0,0,0,no_volume,0,0,0,0,low_activity,0,0,0,0,low_activity,0,0,0,0,0,0,151583,117729,-0.1257,966,1069,33,31,57,56,1
1774107305,56,43,0,0,0,0,no_volume,0,0,0,0,no_volume,0,0,0,0,low_activity,0,0,0,0,0,0,151583,118695,-0.1217,0,-1466,31,32,57,56,1
1774107306,56,43,0,0,0,0,no_volume,0,0,0,0,no_volume,0,0,0,0,low_activity,0,0,0,0,0,0,151583,117207,-0.1279,0,1000,31,32,57,56,1
1774107307,56,43,0,0,0,0,no_volume,0,0,0,0,no_volume,0,0,0,0,low_activity,0,0,0,0,0,0,150617,118695,-0.1185,-966,34,31,33,57,56,1
1774107308,56,43,0,0,0,0,low_activity,0,0,0,0,low_activity,0,0,0,0,low_activity,0,0,0,0,0,0,151558,119661,-0.1176,-25,975,32,34,57,56,1
1774107309,56,43,0,0,0,0,low_activity,0,0,0,0,low_activity,0,0,0,0,low_activity,0,0,0,0,0,0,151558,118695,-0.1216,-25,325,32,34,57,56,1
1774107310,56,43,0,0,0,0,low_activity,0,0,0,0,low_activity,0,0,0,0,low_activity,0,0,0,0,0,0,150592,102729,-0.1889,-25,-25,32,33,57,56,1
1774107311,56,43,0,0,0,0,no_volume,0,0,0,0,low_activity,0,0,0,0,low_activity,0,0,0,0,0,0,151558,118695,-0.1216,0,941,33,34,57,56,1
1774107312,56,43,0,0,0,0,low_activity,0,0,0,0,low_activity,0,0,0,0,low_activity,0,0,0,0,0,0,151547,117207,-0.1278,-11,-36,33,33,57,56,1
1774107313,56,43,0,0,0,0,low_activity,0,0,0,0,low_activity,0,0,0,0,low_activity,0,0,0,0,0,0,151547,117729,-0.1256,955,-36,33,32,57,56,1
1774107314,56,43,0,0,0,0,low_activity,0,0,0,0,low_activity,0,0,0,0,low_activity,0,0,0,0,0,0,152513,118695,-0.1247,955,930,33,32,57,56,1
1774107315,56,43,0,0,0,0,no_volume,0,0,0,0,low_activity,0,0,0,0,low_activity,0,0,0,0,0,0,152810,117207,-0.1319,1263,1227,32,32,57,56,1
1774107316,56,43,0,0,0,0,no_volume,0,0,0,0,low_activity,0,0,0,0,low_activity,0,0,0,0,0,0,151844,117729,-0.1266,297,261,32,31,57,56,1
1774107317,56,43,0,0,0,0,no_volume,0,0,0,0,no_volume,0,0,0,0,low_activity,0,0,0,0,0,0,151844,102729,-0.1929,-669,1227,32,30,57,56,1
1774107318,56,43,0,0,0,0,no_volume,0,0,0,0,no_volume,0,0,0,0,low_activity,0,0,0,0,0,0,151844,103695,-0.1884,-966,286,32,30,57,56,1
1774107319,56,43,0,0,0,0,no_volume,0,0,0,0,no_volume,0,0,0,0,low_activity,0,0,0,0,0,0,151844,103695,-0.1884,0,286,32,31,57,56,1
1774107320,56,43,0,0,0,0,no_volume,0,0,0,0,no_volume,0,0,0,0,low_activity,0,0,0,0,0,0,150878,101241,-0.1969,-966,286,32,30,57,56,1
1774107321,56,43,0,0,0,0,no_volume,0,0,0,0,no_volume,0,0,0,0,low_activity,0,0,0,0,0,0,161982,118695,-0.1542,10138,10424,33,32,57,56,1
1774107322,56,43,0,0,0,0,no_volume,0,0,0,0,no_volume,0,0,0,0,low_activity,0,0,0,0,0,0,161982,118695,-0.1542,10138,10435,33,32,57,56,1
1774107323,56,43,0,0,0,0,no_volume,0,0,0,0,no_volume,0,0,0,0,low_activity,0,0,0,0,0,0,163172,102729,-0.2273,12294,11625,33,30,57,56,1
1774107324,56,43,0,0,0,0,low_activity,0,0,0,0,low_activity,0,0,0,0,low_activity,0,0,0,0,0,0,165630,118695,-0.1651,3648,13117,32,31,57,56,1
1774107325,56,43,0,0,0,0,low_activity,0,0,0,0,low_activity,0,0,0,0,low_activity,0,0,0,0,0,0,165630,103695,-0.23,3648,12820,32,30,57,56,1
1774107326,56,43,0,0,0,0,low_activity,0,0,0,0,low_activity,0,0,0,0,low_activity,0,0,0,0,0,0,164614,117729,-0.1661,1442,12770,32,31,57,56,1
1774107327,56,43,0,0,0,0,low_activity,0,0,0,0,low_activity,0,0,0,0,low_activity,0,0,0,0,0,0,164612,117207,-0.1682,-1018,12768,32,31,57,56,1
1774107328,56,43,0,0,0,0,low_activity,0,0,0,0,low_activity,0,0,0,0,low_activity,0,0,0,0,0,0,163422,118695,-0.1585,-2208,11578,32,32,57,56,1
1774107329,56,43,0,0,0,0,low_activity,0,0,0,0,low_activity,0,0,0,0,low_activity,0,0,0,0,0,0,162664,118695,-0.1563,-1950,10820,32,33,57,56,1
1774107330,56,43,0,0,0,0,no_volume,0,0,0,0,low_activity,0,0,0,0,low_activity,0,0,0,0,0,0,162775,119661,-0.1527,-1837,11897,31,33,57,56,1
1774107331,56,43,0,0,0,0,no_volume,0,0,0,0,low_activity,0,0,0,0,low_activity,0,0,0,0,0,0,161275,118695,-0.1521,-2147,-707,31,34,57,56,1
1774107332,56,43,0,0,0,0,no_volume,0,0,0,0,no_volume,0,0,0,0,low_activity,0,0,0,0,0,0,161275,117729,-0.1561,-1389,-707,31,33,57,56,1
1774107333,56,43,0,0,0,0,low_activity,0,0,0,0,low_activity,0,0,0,0,low_activity,0,0,0,0,0,0,161075,118495,-0.1523,-1700,-2097,31,33,57,56,1
1774107334,56,43,0,0,0,0,low_activity,0,0,0,0,low_activity,0,0,0,0,low_activity,0,0,0,0,0,0,161425,117007,-0.1595,150,-4205,32,31,57,56,1
1774107335,56,43,0,0,0,0,low_activity,0,0,0,0,low_activity,0,0,0,0,low_activity,0,0,0,0,0,0,160459,117529,-0.1544,-816,-5171,32,31,57,56,1
1774107336,56,43,0,0,0,0,low_activity,0,0,0,0,low_activity,0,0,0,0,low_activity,0,0,0,0,0,0,160746,103495,-0.2167,-329,-3868,33,32,57,56,1
1774107337,56,43,0,0,0,0,low_activity,0,0,0,0,low_activity,0,0,0,0,low_activity,0,0,0,0,0,0,161043,103495,-0.2175,-382,-3569,33,33,57,56,1
1774107338,56,43,0,0,0,0,low_activity,0,0,0,0,low_activity,0,0,0,0,low_activity,0,0,0,0,0,0,161043,117529,-0.1562,584,-2379,33,32,57,56,1
1774107339,56,43,0,0,0,0,no_volume,0,0,0,0,low_activity,0,0,0,0,low_activity,0,0,0,0,0,0,145959,113057,-0.127,-14787,-16705,32,32,57,56,1
1774107340,56,43,0,0,0,0,no_volume,0,0,0,0,low_activity,0,0,0,0,low_activity,0,0,0,0,0,0,145662,113057,-0.126,-15381,-17113,32,33,57,56,1
1774107341,56,43,0,0,0,0,no_volume,0,0,0,0,no_volume,0,0,0,0,low_activity,0,0,0,0,0,0,144696,112091,-0.127,-16347,-16579,32,32,57,56,1
1774107342,56,43,0,0,0,0,no_volume,0,0,0,0,no_volume,0,0,0,0,low_activity,0,0,0,0,0,0,144696,113057,-0.1227,-1263,-16579,32,32,57,56,1
1774107343,56,43,0,0,0,0,low_activity,0,0,0,0,low_activity,0,0,0,0,low_activity,0,0,0,0,0,0,144695,113057,-0.1227,-967,-16380,32,33,57,56,1
1774107344,56,43,0,0,0,0,low_activity,0,0,0,0,low_activity,0,0,0,0,low_activity,0,0,0,0,0,0,143729,110603,-0.1302,-967,-17696,32,30,57,56,1
1774107345,56,43,0,0,0,0,low_activity,0,0,0,0,low_activity,0,0,0,0,low_activity,0,0,0,0,0,0,139903,113057,-0.1061,-4793,-20556,33,31,57,56,1
1774107346,56,43,0,0,0,0,no_volume,0,0,0,0,low_activity,0,0,0,0,low_activity,0,0,0,0,0,0,139903,113057,-0.1061,-4792,-20843,33,30,57,56,1
1774107347,56,43,0,0,0,0,no_volume,0,0,0,0,low_activity,0,0,0,0,low_activity,0,0,0,0,0,0,146866,117683,-0.1103,3137,-14177,33,30,57,56,1
1774107348,56,43,0,0,0,0,no_volume,0,0,0,0,no_volume,0,0,0,0,low_activity,0,0,0,0,0,0,147832,103352,-0.1771,7929,-13211,32,31,57,56,1
1774107349,56,43,0,0,0,0,no_volume,0,0,0,0,no_volume,0,0,0,0,low_activity,0,0,0,0,0,0,147832,118352,-0.1108,7929,1873,32,31,57,56,1
1774107350,56,43,0,0,0,0,no_volume,0,0,0,0,no_volume,0,0,0,0,low_activity,0,0,0,0,0,0,152027,118352,-0.1245,5161,6365,32,31,57,56,1
1774107351,56,43,0,0,0,0,low_activity,0,0,0,0,low_activity,0,0,0,0,low_activity,0,0,0,0,0,0,152027,119615,-0.1193,4195,7331,32,33,57,56,1
1774107352,56,43,0,0,0,0,low_activity,0,0,0,0,low_activity,0,0,0,0,low_activity,0,0,0,0,0,0,152027,102161,-0.1962,4195,7331,32,32,57,56,1
1774107353,56,43,0,0,0,0,low_activity,0,0,0,0,low_activity,0,0,0,0,low_activity,0,0,0,0,0,0,152561,117683,-0.1291,534,7866,32,32,57,56,1
1774107354,56,43,0,0,0,0,no_volume,0,0,0,0,low_activity,0,0,0,0,low_activity,0,0,0,0,0,0,143273,98057,-0.1874,-8754,-456,33,32,57,56,1
1774107355,56,43,0,0,0,0,no_volume,0,0,0,0,low_activity,0,0,0,0,low_activity,0,0,0,0,0,0,143273,113057,-0.1179,-8754,3370,33,33,57,56,1
1774107356,56,43,0,0,0,0,low_activity,0,0,0,0,low_activity,0,0,0,0,low_activity,0,0,0,0,0,0,141468,116190,-0.0981,-11093,1565,33,30,57,56,1
1774107357,56,43,0,0,0,0,low_activity,0,0,0,0,low_activity,0,0,0,0,low_activity,0,0,0,0,0,0,140614,117156,-0.091,-2659,-6252,32,32,57,56,1
1774107358,56,43,0,0,0,0,low_activity,0,0,0,0,low_activity,0,0,0,0,low_activity,0,0,0,0,0,0,140614,118644,-0.0847,-2659,-7218,32,32,57,56,1
1774107359,56,43,0,0,0,0,low_activity,0,0,0,0,low_activity,0,0,0,0,low_activity,0,0,0,0,0,0,139640,117678,-0.0853,-1828,-8192,32,32,57,56,1
1774107360,56,43,0,0,0,0,low_activity,0,0,0,0,low_activity,0,0,0,0,low_activity,0,0,0,0,0,0,140513,103644,-0.151,-101,-11514,32,32,57,56,1
1774107361,56,43,0,0,0,0,low_activity,0,0,0,0,low_activity,0,0,0,0,low_activity,0,0,0,0,0,0,140513,118644,-0.0844,-101,-11514,32,31,57,56,1
1774107362,56,43,0,0,0,0,no_volume,0,0,0,0,low_activity,0,0,0,0,low_activity,0,0,0,0,0,0,140513,118644,-0.0844,873,-11514,32,32,57,56,1
1774107363,56,43,0,0,0,0,no_volume,0,0,0,0,low_activity,0,0,0,0,low_activity,0,0,0,0,0,0,140513,117156,-0.0906,0,-12048,33,30,57,56,1
1774107364,56,43,0,0,0,0,low_activity,0,0,0,0,low_activity,0,0,0,0,low_activity,0,0,0,0,0,0,145997,118644,-0.1034,5484,2724,33,32,57,56,1
1774107365,56,43,0,0,0,0,low_activity,0,0,0,0,low_activity,0,0,0,0,low_activity,0,0,0,0,0,0,145997,117678,-0.1074,5484,2724,33,31,57,56,1
1774107366,56,43,0,0,0,0,low_activity,0,0,0,0,low_activity,0,0,0,0,low_activity,0,0,0,0,0,0,146955,118644,-0.1066,6442,5487,32,31,57,56,1
1774107367,56,43,0,0,0,0,low_activity,0,0,0,0,low_activity,0,0,0,0,low_activity,0,0,0,0,0,0,146955,117156,-0.1128,958,6341,32,30,57,56,1
1774107368,56,43,0,0,0,0,low_activity,0,0,0,0,low_activity,0,0,0,0,low_activity,0,0,0,0,0,0,145989,117678,-0.1074,-8,5375,32,31,57,56,1
1774107369,56,43,0,0,0,0,no_volume,0,0,0,0,low_activity,0,0,0,0,low_activity,0,0,0,0,0,0,145989,117678,-0.1074,-966,6349,32,31,57,56,1
1774107370,56,43,0,0,0,0,no_volume,0,0,0,0,low_activity,0,0,0,0,low_activity,0,0,0,0,0,0,145989,118644,-0.1033,-966,5476,32,33,57,56,1
1774107371,56,43,0,0,0,0,no_volume,0,0,0,0,no_volume,0,0,0,0,low_activity,0,0,0,0,0,0,145023,118644,-0.1,-966,4510,32,32,57,56,1
1774107372,56,43,0,0,0,0,no_volume,0,0,0,0,no_volume,0,0,0,0,low_activity,0,0,0,0,0,0,145023,118644,-0.1,-966,4510,32,32,57,56,1
1774107373,56,43,0,0,0,0,no_volume,0,0,0,0,no_volume,0,0,0,0,low_activity,0,0,0,0,0,0,145989,117156,-0.1096,0,5476,33,31,57,56,1
1774107374,56,43,0,0,0,0,no_volume,0,0,0,0,no_volume,0,0,0,0,low_activity,0,0,0,0,0,0,145989,118644,-0.1033,966,-8,33,33,57,56,1
1774107375,56,43,0,0,0,0,no_volume,0,0,0,0,no_volume,0,0,0,0,low_activity,0,0,0,0,0,0,145989,117678,-0.1074,966,-8,33,32,57,56,1
1774107376,56,43,0,0,0,0,no_volume,0,0,0,0,no_volume,0,0,0,0,low_activity,0,0,0,0,0,0,145989,118644,-0.1033,0,-966,33,33,57,56,1
1774107377,56,43,0,0,0,0,low_activity,0,0,0,0,low_activity,0,0,0,0,low_activity,0,0,0,0,0,0,143547,118644,-0.095,-2442,-3408,32,34,57,56,1
1774107378,56,43,0,0,0,0,low_activity,0,0,0,0,low_activity,0,0,0,0,low_activity,0,0,0,0,0,0,143547,102678,-0.166,-2442,-2442,32,31,57,56,1
1774107379,56,43,0,0,0,0,low_activity,0,0,0,0,low_activity,0,0,0,0,low_activity,0,0,0,0,0,0,144513,118644,-0.0983,-1476,-1476,33,33,57,56,1
1774107380,56,43,0,0,0,0,low_activity,0,0,0,0,low_activity,0,0,0,0,low_activity,0,0,0,0,0,0,144348,102156,-0.1712,801,-1641,33,32,57,56,1
1774107381,56,43,0,0,0,0,low_activity,0,0,0,0,low_activity,0,0,0,0,low_activity,0,0,0,0,0,0,144348,117678,-0.1018,801,-675,33,32,57,56,1
1774107382,56,43,0,0,0,0,low_activity,0,0,0,0,low_activity,0,0,0,0,low_activity,0,0,0,0,0,0,144348,118644,-0.0977,-165,-675,32,32,57,56,1
1774107383,56,43,0,0,0,0,no_volume,0,0,0,0,low_activity,0,0,0,0,low_activity,0,0,0,0,0,0,144348,118644,-0.0977,0,-1641,32,32,57,56,1
1774107384,56,43,0,0,0,0,no_volume,0,0,0,0,low_activity,0,0,0,0,low_activity,0,0,0,0,0,0,143382,117678,-0.0985,-966,-2607,32,32,57,56,1
1774107385,56,43,0,0,0,0,no_volume,0,0,0,0,no_volume,0,0,0,0,low_activity,0,0,0,0,0,0,144348,117156,-0.104,0,-1641,33,31,57,56,1
1774107386,56,43,0,0,0,0,no_volume,0,0,0,0,no_volume,0,0,0,0,low_activity,0,0,0,0,0,0,144348,118644,-0.0977,0,-1641,33,33,57,56,1
1774107387,56,43,0,0,0,0,no_volume,0,0,0,0,no_volume,0,0,0,0,low_activity,0,0,0,0,0,0,143382,117678,-0.0985,0,-165,32,31,57,56,1
1774107388,56,43,0,0,0,0,no_volume,0,0,0,0,no_volume,0,0,0,0,low_activity,0,0,0,0,0,0,144645,118644,-0.0988,297,1098,33,32,57,56,1
1774107389,56,43,0,0,0,0,no_volume,0,0,0,0,no_volume,0,0,0,0,low_activity,0,0,0,0,0,0,144645,117156,-0.105,297,132,33,31,57,56,1
1774107390,56,43,0,0,0,0,no_volume,0,0,0,0,no_volume,0,0,0,0,low_activity,0,0,0,0,0,0,144645,117678,-0.1028,1263,297,33,30,57,56,1
1774107391,56,43,0,0,0,0,no_volume,0,0,0,0,no_volume,0,0,0,0,low_activity,0,0,0,0,0,0,145611,118644,-0.102,966,1263,33,31,57,56,1
1774107392,56,43,0,0,0,0,no_volume,0,0,0,0,no_volume,0,0,0,0,low_activity,0,0,0,0,0,0,145611,118644,-0.102,966,1263,33,32,57,56,1
1774107393,56,43,0,0,0,0,no_volume,0,0,0,0,no_volume,0,0,0,0,low_activity,0,0,0,0,0,0,144348,103644,-0.1641,-297,0,33,30,57,56,1
1774107394,56,43,0,0,0,0,no_volume,0,0,0,0,no_volume,0,0,0,0,low_activity,0,0,0,0,0,0,144645,119610,-0.0947,-966,1263,33,32,57,56,1
1774107395,56,43,0,0,0,0,no_volume,0,0,0,0,no_volume,0,0,0,0,low_activity,0,0,0,0,0,0,144645,102156,-0.1722,-966,297,33,32,57,56,1
1774107396,57,42,0,0,0,0,no_volume,0,0,0,0,no_volume,0,0,0,0,low_activity,0,0,0,0,0,0,76279,115810,0.2058,-68069,-68069,31,32,58,57,1
1774107397,57,42,0,0,0,0,no_volume,0,0,0,0,no_volume,0,0,0,0,low_activity,0,0,0,0,0,0,76280,115810,0.2058,-68365,-67102,30,31,58,57,1
1774107398,57,41,0,0,0,0,no_volume,0,0,0,0,no_volume,0,0,0,0,low_activity,0,0,0,0,0,0,76212,115765,0.206,-68433,-68433,31,30,59,57,2
1774107399,57,41,0,0,0,0,no_volume,0,0,0,0,no_volume,0,0,0,0,low_activity,0,0,0,0,0,0,76108,100805,0.1396,-171,-68537,29,29,59,57,2
1774107400,57,41,0,0,0,0,no_volume,0,0,0,0,no_volume,0,0,0,0,low_activity,0,0,0,0,0,0,76063,130538,0.2637,-217,-68582,30,31,59,57,2
1774107401,57,41,0,0,0,0,no_volume,0,0,0,0,no_volume,0,0,0,0,low_activity,0,0,0,0,0,0,75920,129050,0.2592,-292,-69691,30,29,59,57,2
1774107402,58,41,0,0,0,0,low_activity,0,0,0,0,low_activity,0,0,0,0,low_activity,0,0,0,0,0,0,73672,137941,0.3037,-2436,-71939,30,31,59,58,1
1774107403,57,41,0,0,0,0,low_activity,0,0,0,0,low_activity,0,0,0,0,low_activity,0,0,0,0,0,0,68638,137647,0.3345,-7425,-75710,30,29,59,57,2
1774107404,57,41,0,0,0,0,low_activity,0,0,0,0,low_activity,0,0,0,0,low_activity,0,0,0,0,0,0,76188,137774,0.2878,268,-68457,30,30,59,57,2
1774107405,56,43,0,0,0,0,low_activity,0,0,0,0,low_activity,0,0,0,0,low_activity,0,0,0,0,0,0,77405,139038,0.2848,3733,-67240,31,29,57,56,1
1774107406,56,43,0,0,0,0,low_activity,0,0,0,0,low_activity,0,0,0,0,low_activity,0,0,0,0,0,0,74712,139038,0.3009,6074,-1567,31,30,57,56,1
1774107407,56,43,0,0,0,0,low_activity,0,0,0,0,low_activity,0,0,0,0,low_activity,0,0,0,0,0,0,74895,139038,0.2998,-1293,-1385,32,29,57,56,1
1774107408,56,43,0,0,0,0,no_volume,0,0,0,0,low_activity,0,0,0,0,low_activity,0,0,0,0,0,0,74995,139038,0.2992,-2410,-1217,32,28,57,56,1
1774107409,56,43,0,0,0,0,no_volume,0,0,0,0,low_activity,0,0,0,0,low_activity,0,0,0,0,0,0,74995,139038,0.2992,283,-1113,32,30,57,56,1
1774107410,56,43,0,0,0,0,no_volume,0,0,0,0,no_volume,0,0,0,0,low_activity,0,0,0,0,0,0,74995,107550,0.1783,100,-1068,32,28,57,56,1
1774107411,56,43,0,0,0,0,no_volume,0,0,0,0,no_volume,0,0,0,0,low_activity,0,0,0,0,0,0,74995,124038,0.2464,0,-925,32,29,57,56,1
1774107412,56,43,0,0,0,0,no_volume,0,0,0,0,no_volume,0,0,0,0,low_activity,0,0,0,0,0,0,74995,124038,0.2464,0,1323,32,29,57,56,1
1774107413,57,41,0,0,0,0,no_volume,0,0,0,0,no_volume,0,0,0,0,low_activity,0,0,0,0,0,0,75964,130810,0.2652,969,7326,30,30,59,57,2
1774107414,57,42,0,0,0,0,no_volume,0,0,0,0,no_volume,0,0,0,0,low_activity,0,0,0,0,0,0,75901,130960,0.2662,906,-287,31,30,58,57,1
1774107415,57,40,0,0,0,0,low_activity,0,0,0,0,low_activity,0,0,0,0,low_activity,0,0,0,0,0,0,68376,129142,0.3076,-6619,-9029,29,29,60,57,3
1774107416,58,40,0,0,0,0,low_activity,0,0,0,0,low_activity,0,0,0,0,low_activity,0,0,0,0,0,0,76326,114497,0.2,362,1614,29,30,60,58,2
1774107417,57,41,0,0,0,0,low_activity,0,0,0,0,low_activity,0,0,0,0,low_activity,0,0,0,0,0,0,75921,129197,0.2597,20,1026,30,30,59,57,2
1774107418,57,40,0,0,0,0,low_activity,0,0,0,0,low_activity,0,0,0,0,low_activity,0,0,0,0,0,0,75904,112859,0.1958,7528,909,29,29,60,57,3
1774107419,57,41,0,0,0,0,low_activity,0,0,0,0,low_activity,0,0,0,0,low_activity,0,0,0,0,0,0,75929,114200,0.2013,-397,934,29,29,59,57,2
1774107420,57,42,0,0,0,0,low_activity,0,0,0,0,low_activity,0,0,0,0,low_activity,0,0,0,0,0,0,78575,129167,0.2435,2654,3580,31,29,58,57,1
1774107421,57,42,0,0,0,0,no_volume,0,0,0,0,low_activity,0,0,0,0,low_activity,0,0,0,0,0,0,78575,114347,0.1854,2671,3580,31,29,58,57,1
1774107422,57,42,0,0,0,0,no_volume,0,0,0,0,low_activity,0,0,0,0,low_activity,0,0,0,0,0,0,81247,112818,0.1627,5318,6252,32,29,58,57,1
1774107423,57,42,0,0,0,0,no_volume,0,0,0,0,no_volume,0,0,0,0,low_activity,0,0,0,0,0,0,85413,129127,0.2038,6838,9449,31,30,58,57,1
1774107424,57,42,0,0,0,0,no_volume,0,0,0,0,no_volume,0,0,0,0,low_activity,0,0,0,0,0,0,85397,129447,0.205,6822,9496,31,29,58,57,1
1774107425,57,42,0,0,0,0,no_volume,0,0,0,0,no_volume,0,0,0,0,low_activity,0,0,0,0,0,0,85397,114447,0.1454,4150,17021,31,29,58,57,1
1774107426,57,42,0,0,0,0,no_volume,0,0,0,0,no_volume,0,0,0,0,low_activity,0,0,0,0,0,0,85407,114447,0.1453,-6,9081,32,30,58,57,1
1774107427,57,42,0,0,0,0,no_volume,0,0,0,0,no_volume,0,0,0,0,low_activity,0,0,0,0,0,0,85414,129447,0.2049,17,9493,31,29,58,57,1
1774107428,57,42,0,0,0,0,low_activity,0,0,0,0,low_activity,0,0,0,0,low_activity,0,0,0,0,0,0,85331,129447,0.2054,-66,9427,31,29,58,57,1
1774107429,57,42,0,0,0,0,low_activity,0,0,0,0,low_activity,0,0,0,0,low_activity,0,0,0,0,0,0,85394,129447,0.205,-13,9465,31,29,58,57,1
1774107430,57,42,0,0,0,0,low_activity,0,0,0,0,low_activity,0,0,0,0,low_activity,0,0,0,0,0,0,76232,127602,0.252,-9182,-2343,31,29,58,57,1
1774107431,58,40,0,0,0,0,no_volume,0,0,0,0,low_activity,0,0,0,0,low_activity,0,0,0,0,0,0,73582,112915,0.2109,-11749,-4993,30,30,60,58,2
1774107432,57,42,0,0,0,0,low_activity,0,0,0,0,low_activity,0,0,0,0,low_activity,0,0,0,0,0,0,106194,127605,0.0916,20800,24947,30,31,58,57,1
1774107433,57,42,0,0,0,0,low_activity,0,0,0,0,low_activity,0,0,0,0,low_activity,0,0,0,0,0,0,106142,127455,0.0912,29910,20729,30,31,58,57,1
1774107434,57,42,0,0,0,0,low_activity,0,0,0,0,low_activity,0,0,0,0,low_activity,0,0,0,0,0,0,106088,125967,0.0857,32506,20691,30,29,58,57,1
1774107435,57,42,0,0,0,0,low_activity,0,0,0,0,low_activity,0,0,0,0,low_activity,0,0,0,0,0,0,75854,65442,-0.0737,-30340,-9543,30,29,58,57,1
1774107436,57,42,0,0,0,0,low_activity,0,0,0,0,low_activity,0,0,0,0,low_activity,0,0,0,0,0,0,76338,65815,-0.074,-29804,-9069,33,31,58,57,1
1774107437,57,42,0,0,0,0,low_activity,0,0,0,0,low_activity,0,0,0,0,low_activity,0,0,0,0,0,0,70704,65442,-0.0386,-35384,-14710,31,31,58,57,1
1774107438,57,42,0,0,0,0,no_volume,0,0,0,0,low_activity,0,0,0,0,low_activity,0,0,0,0,0,0,21586,14170,-0.2074,-54268,-63745,30,30,58,57,1
1774107439,55,40,0,0,0,0,no_volume,0,0,0,0,low_activity,0,0,0,0,low_activity,0,0,0,0,0,0,21721,14330,-0.205,-54617,-63673,28,32,60,55,5
1774107440,56,42,0,0,0,0,no_volume,0,0,0,0,no_volume,0,0,0,0,low_activity,0,0,0,0,0,0,21402,12666,-0.2564,-49302,-54830,28,31,58,56,2
1774107441,56,43,0,0,0,0,no_volume,0,0,0,0,no_volume,0,0,0,0,low_activity,0,0,0,0,0,0,21626,14170,-0.2083,40,-51956,29,33,57,56,1
1774107442,56,43,0,0,0,0,no_volume,0,0,0,0,no_volume,0,0,0,0,low_activity,0,0,0,0,0,0,21509,14302,-0.2013,-212,-84685,28,32,57,56,1
1774107443,56,43,0,0,0,0,no_volume,0,0,0,0,no_volume,0,0,0,0,low_activity,0,0,0,0,0,0,21669,14167,-0.2093,267,-84473,30,31,57,56,1
1774107444,56,43,0,0,0,0,no_volume,0,0,0,0,no_volume,0,0,0,0,low_activity,0,0,0,0,0,0,21669,12679,-0.2617,43,-84419,30,31,57,56,1
1774107445,56,43,0,0,0,0,no_volume,0,0,0,0,no_volume,0,0,0,0,low_activity,0,0,0,0,0,0,21950,14317,-0.2105,441,-53904,30,32,57,56,1
1774107446,56,43,0,0,0,0,no_volume,0,0,0,0,no_volume,0,0,0,0,low_activity,0,0,0,0,0,0,21950,14317,-0.2105,281,-54388,30,32,57,56,1
1774107447,56,43,0,0,0,0,no_volume,0,0,0,0,no_volume,0,0,0,0,low_activity,0,0,0,0,0,0,21950,14167,-0.2155,281,-48754,30,31,57,56,1
1774107448,56,43,0,0,0,0,no_volume,0,0,0,0,no_volume,0,0,0,0,low_activity,0,0,0,0,0,0,21956,14323,-0.2104,6,370,31,33,57,56,1
1774107449,56,43,0,0,0,0,no_volume,0,0,0,0,no_volume,0,0,0,0,low_activity,0,0,0,0,0,0,21950,14323,-0.2103,0,229,31,32,57,56,1
1774107450,56,43,0,0,0,0,no_volume,0,0,0,0,no_volume,0,0,0,0,low_activity,0,0,0,0,0,0,21950,12835,-0.262,0,548,31,31,57,56,1
1774107451,56,43,0,0,0,0,no_volume,0,0,0,0,no_volume,0,0,0,0,low_activity,0,0,0,0,0,0,21950,14323,-0.2103,-6,324,31,32,57,56,1
1774107452,56,43,0,0,0,0,no_volume,0,0,0,0,no_volume,0,0,0,0,low_activity,0,0,0,0,0,0,21950,14323,-0.2103,0,441,31,32,57,56,1
1774107453,56,43,0,0,0,0,no_volume,0,0,0,0,no_volume,0,0,0,0,low_activity,0,0,0,0,0,0,21950,14323,-0.2103,0,281,31,32,57,56,1
1774107454,56,43,0,0,0,0,no_volume,0,0,0,0,no_volume,0,0,0,0,low_activity,0,0,0,0,0,0,46917,38922,-0.0931,24967,25248,30,28,57,56,1
1774107455,56,43,0,0,0,0,no_volume,0,0,0,0,no_volume,0,0,0,0,low_activity,0,0,0,0,0,0,46917,38922,-0.0931,24967,24967,30,28,57,56,1
1774107456,56,43,0,0,0,0,no_volume,0,0,0,0,no_volume,0,0,0,0,low_activity,0,0,0,0,0,0,46923,37434,-0.1125,24973,24973,30,28,57,56,1
1774107457,56,43,0,0,0,0,no_volume,0,0,0,0,no_volume,0,0,0,0,low_activity,0,0,0,0,0,0,46923,38916,-0.0933,6,24973,30,28,57,56,1
1774107458,56,42,0,0,0,0,low_activity,0,0,0,0,low_activity,0,0,0,0,low_activity,0,0,0,0,0,0,46602,38916,-0.0899,-315,24646,29,28,58,56,2
1774107459,56,42,0,0,0,0,low_activity,0,0,0,0,low_activity,0,0,0,0,low_activity,0,0,0,0,0,0,46521,39066,-0.0871,-402,24571,28,28,58,56,2
1774107460,56,40,0,0,0,0,low_activity,0,0,0,0,low_activity,0,0,0,0,low_activity,0,0,0,0,0,0,21634,39167,0.2884,-25289,-316,28,28,60,56,4
1774107461,56,40,0,0,0,0,no_volume,0,0,0,0,low_activity,0,0,0,0,low_activity,0,0,0,0,0,0,21809,39267,0.2858,-24793,-141,29,28,60,56,4
1774107462,56,40,0,0,0,0,no_volume,0,0,0,0,low_activity,0,0,0,0,low_activity,0,0,0,0,0,0,21097,39227,0.3005,-25424,-853,28,28,60,56,4
1774107463,57,40,0,0,0,0,no_volume,0,0,0,0,no_volume,0,0,0,0,low_activity,0,0,0,0,0,0,76207,89838,0.0821,54573,54257,30,30,60,57,3
1774107464,58,41,0,0,0,0,no_volume,0,0,0,0,no_volume,0,0,0,0,low_activity,0,0,0,0,0,0,76332,76124,-0.0014,54523,29415,30,31,59,58,1
1774107465,57,40,0,0,0,0,low_activity,0,0,0,0,low_activity,0,0,0,0,low_activity,0,0,0,0,0,0,76568,76264,-0.002,55471,29651,31,29,60,57,3
1774107466,57,41,0,0,0,0,low_activity,0,0,0,0,low_activity,0,0,0,0,low_activity,0,0,0,0,0,0,76378,91234,0.0886,171,29455,31,30,59,57,2
1774107467,57,40,0,0,0,0,low_activity,0,0,0,0,low_activity,0,0,0,0,low_activity,0,0,0,0,0,0,76761,91091,0.0854,429,29838,31,29,60,57,3
1774107468,58,39,0,0,0,0,no_volume,0,0,0,0,low_activity,0,0,0,0,low_activity,0,0,0,0,0,0,77733,90773,0.0774,1165,31131,30,28,61,58,3
1774107469,56,43,0,0,0,0,low_activity,0,0,0,0,low_activity,0,0,0,0,low_activity,0,0,0,0,0,0,105363,92009,-0.0677,28985,58842,35,30,57,56,1
1774107470,56,43,0,0,0,0,low_activity,0,0,0,0,low_activity,0,0,0,0,low_activity,0,0,0,0,0,0,123473,92014,-0.146,46712,101839,33,29,57,56,1
1774107471,56,43,0,0,0,0,low_activity,0,0,0,0,low_activity,0,0,0,0,low_activity,0,0,0,0,0,0,124306,90496,-0.1574,46573,102497,33,29,57,56,1
1774107472,56,43,0,0,0,0,no_volume,0,0,0,0,low_activity,0,0,0,0,low_activity,0,0,0,0,0,0,124429,93595,-0.1414,19066,103332,33,30,57,56,1
1774107473,56,43,0,0,0,0,no_volume,0,0,0,0,low_activity,0,0,0,0,low_activity,0,0,0,0,0,0,130167,93595,-0.1634,6694,53960,32,31,57,56,1
1774107474,56,43,0,0,0,0,low_activity,0,0,0,0,low_activity,0,0,0,0,low_activity,0,0,0,0,0,0,131535,76920,-0.262,7229,55203,32,30,57,56,1
1774107475,56,43,0,0,0,0,low_activity,0,0,0,0,low_activity,0,0,0,0,low_activity,0,0,0,0,0,0,133988,92919,-0.181,9559,57420,32,32,57,56,1
1774107476,56,43,0,0,0,0,low_activity,0,0,0,0,low_activity,0,0,0,0,low_activity,0,0,0,0,0,0,133980,92622,-0.1825,3813,57602,32,31,57,56,1
1774107477,56,43,0,0,0,0,low_activity,0,0,0,0,low_activity,0,0,0,0,low_activity,0,0,0,0,0,0,133972,91806,-0.1868,2437,57211,32,33,57,56,1
1774107478,56,43,0,0,0,0,low_activity,0,0,0,0,low_activity,0,0,0,0,low_activity,0,0,0,0,0,0,133972,94674,-0.1719,-16,56239,32,32,57,56,1
1774107479,56,43,0,0,0,0,low_activity,0,0,0,0,low_activity,0,0,0,0,low_activity,0,0,0,0,0,0,138959,108138,-0.1247,4979,33596,32,32,57,56,1
1774107480,56,43,0,0,0,0,no_volume,0,0,0,0,low_activity,0,0,0,0,low_activity,0,0,0,0,0,0,141464,106269,-0.1421,7492,17991,33,31,57,56,1
1774107481,56,43,0,0,0,0,no_volume,0,0,0,0,low_activity,0,0,0,0,low_activity,0,0,0,0,0,0,141464,107757,-0.1352,7492,17158,33,31,57,56,1
1774107482,56,43,0,0,0,0,no_volume,0,0,0,0,no_volume,0,0,0,0,low_activity,0,0,0,0,0,0,143620,109020,-0.137,4661,19191,33,33,57,56,1
1774107483,56,43,0,0,0,0,low_activity,0,0,0,0,low_activity,0,0,0,0,low_activity,0,0,0,0,0,0,143597,109020,-0.1369,2133,13430,33,33,57,56,1
1774107484,56,43,0,0,0,0,low_activity,0,0,0,0,low_activity,0,0,0,0,low_activity,0,0,0,0,0,0,142631,107323,-0.1413,1167,11096,33,31,57,56,1
1774107485,56,43,0,0,0,0,low_activity,0,0,0,0,low_activity,0,0,0,0,low_activity,0,0,0,0,0,0,142631,93289,-0.2091,-989,8643,33,32,57,56,1
1774107486,56,43,0,0,0,0,low_activity,0,0,0,0,low_activity,0,0,0,0,low_activity,0,0,0,0,0,0,142631,106801,-0.1436,-966,8651,33,33,57,56,1
1774107487,56,43,0,0,0,0,no_volume,0,0,0,0,low_activity,0,0,0,0,low_activity,0,0,0,0,0,0,140475,107323,-0.1338,-2156,6503,32,31,57,56,1
1774107488,56,43,0,0,0,0,no_volume,0,0,0,0,low_activity,0,0,0,0,low_activity,0,0,0,0,0,0,141441,108289,-0.1328,-1190,7469,33,31,57,56,1
1774107489,56,43,0,0,0,0,no_volume,0,0,0,0,no_volume,0,0,0,0,low_activity,0,0,0,0,0,0,141441,108289,-0.1328,-1190,2482,33,31,57,56,1
1774107490,56,43,0,0,0,0,no_volume,0,0,0,0,no_volume,0,0,0,0,low_activity,0,0,0,0,0,0,141441,122620,-0.0713,966,-23,33,30,57,56,1
1774107491,56,43,0,0,0,0,no_volume,0,0,0,0,no_volume,0,0,0,0,low_activity,0,0,0,0,0,0,142326,123289,-0.0717,885,862,32,31,57,56,1
1774107492,56,43,0,0,0,0,low_activity,0,0,0,0,low_activity,0,0,0,0,low_activity,0,0,0,0,0,0,142241,123289,-0.0714,800,-1379,32,31,57,56,1
1774107493,56,43,0,0,0,0,low_activity,0,0,0,0,low_activity,0,0,0,0,low_activity,0,0,0,0,0,0,141275,120835,-0.078,-166,-2322,32,31,57,56,1
1774107494,56,43,0,0,0,0,low_activity,0,0,0,0,low_activity,0,0,0,0,low_activity,0,0,0,0,0,0,141275,123289,-0.068,-1051,-1356,32,31,57,56,1
1774107495,56,43,0,0,0,0,no_volume,0,0,0,0,low_activity,0,0,0,0,low_activity,0,0,0,0,0,0,141275,123586,-0.0668,-966,-1356,32,31,57,56,1
1774107496,56,43,0,0,0,0,no_volume,0,0,0,0,low_activity,0,0,0,0,low_activity,0,0,0,0,0,0,140390,123586,-0.0637,-885,-2241,32,31,57,56,1
1774107497,56,43,0,0,0,0,no_volume,0,0,0,0,no_volume,0,0,0,0,low_activity,0,0,0,0,0,0,140390,123586,-0.0637,-885,-85,32,31,57,56,1
1774107498,56,43,0,0,0,0,low_activity,0,0,0,0,low_activity,0,0,0,0,low_activity,0,0,0,0,0,0,138521,121132,-0.067,-2754,-2920,33,30,57,56,1
1774107499,56,43,0,0,0,0,low_activity,0,0,0,0,low_activity,0,0,0,0,low_activity,0,0,0,0,0,0,138440,122620,-0.0606,-1950,-3001,32,30,57,56,1
1774107500,56,43,0,0,0,0,low_activity,0,0,0,0,low_activity,0,0,0,0,low_activity,0,0,0,0,0,0,141106,107323,-0.136,716,-335,32,29,57,56,1
1774107501,56,43,0,0,0,0,no_volume,0,0,0,0,low_activity,0,0,0,0,low_activity,0,0,0,0,0,0,142072,108289,-0.1349,3551,-254,32,31,57,56,1
1774107502,56,43,0,0,0,0,low_activity,0,0,0,0,low_activity,0,0,0,0,low_activity,0,0,0,0,0,0,139229,93289,-0.1976,789,-3012,32,31,57,56,1
1774107503,56,43,0,0,0,0,low_activity,0,0,0,0,low_activity,0,0,0,0,low_activity,0,0,0,0,0,0,138134,107323,-0.1255,-2972,-3141,32,32,57,56,1
1774107504,56,43,0,0,0,0,low_activity,0,0,0,0,low_activity,0,0,0,0,low_activity,0,0,0,0,0,0,143840,108289,-0.141,1768,2565,33,32,57,56,1
1774107505,56,43,0,0,0,0,low_activity,0,0,0,0,low_activity,0,0,0,0,low_activity,0,0,0,0,0,0,143823,106834,-0.1476,4594,2548,33,32,57,56,1
1774107506,56,43,0,0,0,0,low_activity,0,0,0,0,low_activity,0,0,0,0,low_activity,0,0,0,0,0,0,142857,107356,-0.1419,4723,2467,32,31,57,56,1
1774107507,56,43,0,0,0,0,low_activity,0,0,0,0,low_activity,0,0,0,0,low_activity,0,0,0,0,0,0,143823,108322,-0.1408,-17,3433,33,33,57,56,1
1774107508,56,43,0,0,0,0,no_volume,0,0,0,0,low_activity,0,0,0,0,low_activity,0,0,0,0,0,0,143823,93322,-0.213,0,5302,33,31,57,56,1
1774107509,56,43,0,0,0,0,no_volume,0,0,0,0,low_activity,0,0,0,0,low_activity,0,0,0,0,0,0,143823,92356,-0.2179,966,5383,33,31,57,56,1
1774107510,56,43,0,0,0,0,no_volume,0,0,0,0,no_volume,0,0,0,0,low_activity,0,0,0,0,0,0,141910,91834,-0.2142,-1913,804,33,32,57,56,1
1774107511,56,43,0,0,0,0,no_volume,0,0,0,0,no_volume,0,0,0,0,low_activity,0,0,0,0,0,0,141910,108322,-0.1342,-1913,-162,33,32,57,56,1
1774107512,56,43,0,0,0,0,no_volume,0,0,0,0,no_volume,0,0,0,0,low_activity,0,0,0,0,0,0,140944,92356,-0.2083,-2879,1715,33,31,57,56,1
1774107513,56,43,0,0,0,0,no_volume,0,0,0,0,no_volume,0,0,0,0,low_activity,0,0,0,0,0,0,140944,98842,-0.1756,-966,2810,33,32,57,56,1
1774107514,56,43,0,0,0,0,no_volume,0,0,0,0,no_volume,0,0,0,0,low_activity,0,0,0,0,0,0,140934,113842,-0.1063,-976,-2906,34,32,57,56,1
1774107515,56,43,0,0,0,0,no_volume,0,0,0,0,no_volume,0,0,0,0,low_activity,0,0,0,0,0,0,142634,97876,-0.1861,1690,-1189,33,30,57,56,1
1774107516,56,43,0,0,0,0,no_volume,0,0,0,0,no_volume,0,0,0,0,low_activity,0,0,0,0,0,0,137777,76038,-0.2887,-3167,-5080,32,30,57,56,1
1774107517,55,44,0,0,0,0,no_volume,0,0,0,0,no_volume,0,0,0,0,low_activity,0,0,0,0,0,0,146440,64170,-0.3906,5506,2617,32,30,56,55,1
1774107518,55,44,0,0,0,0,low_activity,0,0,0,0,low_activity,0,0,0,0,low_activity,0,0,0,0,0,0,145070,65758,-0.3762,2436,1247,32,31,56,55,1
1774107519,55,44,0,0,0,0,low_activity,0,0,0,0,low_activity,0,0,0,0,low_activity,0,0,0,0,0,0,145170,65744,-0.3766,7393,1347,32,32,56,55,1
1774107520,55,44,0,0,0,0,low_activity,0,0,0,0,low_activity,0,0,0,0,low_activity,0,0,0,0,0,0,146425,73555,-0.3313,-15,4515,32,33,56,55,1
1774107521,55,44,0,0,0,0,low_activity,0,0,0,0,low_activity,0,0,0,0,low_activity,0,0,0,0,0,0,146425,110957,-0.1378,1355,4515,32,30,56,55,1
1774107522,55,44,0,0,0,0,low_activity,0,0,0,0,low_activity,0,0,0,0,low_activity,0,0,0,0,0,0,146504,118208,-0.1069,1334,5560,33,30,56,55,1
1774107523,55,44,0,0,0,0,no_volume,0,0,0,0,low_activity,0,0,0,0,low_activity,0,0,0,0,0,0,146504,118325,-0.1064,79,5560,33,32,56,55,1
1774107524,55,44,0,0,0,0,no_volume,0,0,0,0,low_activity,0,0,0,0,low_activity,0,0,0,0,0,0,147767,119371,-0.1063,1342,6833,33,32,56,55,1
1774107525,55,44,0,0,0,0,no_volume,0,0,0,0,no_volume,0,0,0,0,low_activity,0,0,0,0,0,0,146594,120101,-0.0993,90,3960,32,32,56,55,1
1774107526,55,44,0,0,0,0,no_volume,0,0,0,0,no_volume,0,0,0,0,low_activity,0,0,0,0,0,0,147186,118838,-0.1066,682,9409,32,31,56,55,1
1774107527,55,44,0,0,0,0,no_volume,0,0,0,0,no_volume,0,0,0,0,low_activity,0,0,0,0,0,0,147186,119804,-0.1026,-581,746,32,32,56,55,1
1774107528,55,44,0,0,0,0,no_volume,0,0,0,0,no_volume,0,0,0,0,low_activity,0,0,0,0,0,0,147186,119998,-0.1018,592,2116,32,33,56,55,1
1774107529,55,44,0,0,0,0,no_volume,0,0,0,0,no_volume,0,0,0,0,low_activity,0,0,0,0,0,0,146449,118295,-0.1063,-737,1279,32,32,56,55,1
1774107530,55,44,0,0,0,0,no_volume,0,0,0,0,no_volume,0,0,0,0,low_activity,0,0,0,0,0,0,147766,119067,-0.1076,580,1341,32,32,56,55,1
1774107531,55,44,0,0,0,0,low_activity,0,0,0,0,low_activity,0,0,0,0,low_activity,0,0,0,0,0,0,146064,119067,-0.1018,-1122,-361,32,31,56,55,1
1774107532,55,44,0,0,0,0,low_activity,0,0,0,0,low_activity,0,0,0,0,low_activity,0,0,0,0,0,0,146358,103101,-0.1734,-91,-146,32,28,56,55,1
1774107533,55,44,0,0,0,0,low_activity,0,0,0,0,low_activity,0,0,0,0,low_activity,0,0,0,0,0,0,147095,119804,-0.1023,-671,591,32,30,56,55,1
1774107534,55,44,0,0,0,0,low_activity,0,0,0,0,low_activity,0,0,0,0,low_activity,0,0,0,0,0,0,146798,119804,-0.1013,734,-969,32,30,56,55,1
1774107535,55,44,0,0,0,0,low_activity,0,0,0,0,low_activity,0,0,0,0,low_activity,0,0,0,0,0,0,149378,118101,-0.1169,3020,2784,32,28,56,55,1
1774107536,55,44,0,0,0,0,low_activity,0,0,0,0,low_activity,0,0,0,0,low_activity,0,0,0,0,0,0,146631,119275,-0.1029,-464,-555,32,31,56,55,1
1774107537,55,44,0,0,0,0,low_activity,0,0,0,0,low_activity,0,0,0,0,low_activity,0,0,0,0,0,0,146631,119275,-0.1029,-167,-555,32,31,56,55,1
1774107538,55,44,0,0,0,0,no_volume,0,0,0,0,low_activity,0,0,0,0,low_activity,0,0,0,0,0,0,149594,117135,-0.1217,216,2408,32,30,56,55,1
1774107539,55,44,0,0,0,0,no_volume,0,0,0,0,low_activity,0,0,0,0,low_activity,0,0,0,0,0,0,146928,118101,-0.1088,297,479,32,29,56,55,1
1774107540,55,44,0,0,0,0,no_volume,0,0,0,0,no_volume,0,0,0,0,low_activity,0,0,0,0,0,0,146928,118101,-0.1088,297,-838,32,29,56,55,1
1774107541,55,44,0,0,0,0,no_volume,0,0,0,0,no_volume,0,0,0,0,low_activity,0,0,0,0,0,0,147009,118839,-0.106,-2585,945,32,31,56,55,1
1774107542,55,44,0,0,0,0,low_activity,0,0,0,0,low_activity,0,0,0,0,low_activity,0,0,0,0,0,0,149586,119992,-0.1098,2658,3228,32,33,56,55,1
1774107543,55,44,0,0,0,0,low_activity,0,0,0,0,low_activity,0,0,0,0,low_activity,0,0,0,0,0,0,149289,104992,-0.1742,2361,2194,32,31,56,55,1
1774107544,55,44,0,0,0,0,low_activity,0,0,0,0,low_activity,0,0,0,0,low_activity,0,0,0,0,0,0,150479,118839,-0.1175,3470,3681,32,29,56,55,1
1774107545,55,44,0,0,0,0,low_activity,0,0,0,0,low_activity,0,0,0,0,low_activity,0,0,0,0,0,0,160477,119805,-0.1451,10891,11099,32,30,56,55,1
1774107546,55,44,0,0,0,0,low_activity,0,0,0,0,low_activity,0,0,0,0,low_activity,0,0,0,0,0,0,160477,119805,-0.1451,11188,13846,32,30,56,55,1
1774107547,55,44,0,0,0,0,low_activity,0,0,0,0,low_activity,0,0,0,0,low_activity,0,0,0,0,0,0,161766,119046,-0.1521,11287,15135,32,30,56,55,1
1774107548,55,44,0,0,0,0,low_activity,0,0,0,0,low_activity,0,0,0,0,low_activity,0,0,0,0,0,0,160391,120012,-0.144,-86,10797,32,31,56,55,1
1774107549,55,44,0,0,0,0,low_activity,0,0,0,0,low_activity,0,0,0,0,low_activity,0,0,0,0,0,0,159167,119805,-0.1411,-1310,12239,32,29,56,55,1
1774107550,55,44,0,0,0,0,low_activity,0,0,0,0,low_activity,0,0,0,0,low_activity,0,0,0,0,0,0,159167,133839,-0.0864,-2599,12239,32,31,56,55,1
1774107551,55,44,0,0,0,0,low_activity,0,0,0,0,low_activity,0,0,0,0,low_activity,0,0,0,0,0,0,159167,132672,-0.0908,-1224,12158,32,31,56,55,1
1774107552,55,44,0,0,0,0,low_activity,0,0,0,0,low_activity,0,0,0,0,low_activity,0,0,0,0,0,0,159148,134805,-0.0828,-19,9562,32,32,56,55,1
1774107553,55,44,0,0,0,0,low_activity,0,0,0,0,low_activity,0,0,0,0,low_activity,0,0,0,0,0,0,159067,134044,-0.0854,-100,9778,32,31,56,55,1
1774107554,55,44,0,0,0,0,low_activity,0,0,0,0,low_activity,0,0,0,0,low_activity,0,0,0,0,0,0,159067,134044,-0.0854,-100,8588,32,31,56,55,1
1774107555,55,44,0,0,0,0,no_volume,0,0,0,0,low_activity,0,0,0,0,low_activity,0,0,0,0,0,0,159067,134508,-0.0837,-81,-1410,32,31,56,55,1
1774107556,55,44,0,0,0,0,no_volume,0,0,0,0,low_activity,0,0,0,0,low_activity,0,0,0,0,0,0,160257,134805,-0.0863,1190,-220,32,31,56,55,1
1774107557,55,44,0,0,0,0,no_volume,0,0,0,0,no_volume,0,0,0,0,low_activity,0,0,0,0,0,0,160257,133839,-0.0898,1190,-1509,32,31,56,55,1
1774107558,55,44,0,0,0,0,no_volume,0,0,0,0,no_volume,0,0,0,0,low_activity,0,0,0,0,0,0,161683,134805,-0.0907,2616,1292,32,32,56,55,1
1774107559,55,44,0,0,0,0,no_volume,0,0,0,0,no_volume,0,0,0,0,low_activity,0,0,0,0,0,0,160554,135102,-0.0861,297,1387,32,32,56,55,1
1774107560,55,44,0,0,0,0,no_volume,0,0,0,0,no_volume,0,0,0,0,low_activity,0,0,0,0,0,0,160554,120320,-0.1432,297,1387,32,31,56,55,1
1774107561,55,44,0,0,0,0,no_volume,0,0,0,0,no_volume,0,0,0,0,low_activity,0,0,0,0,0,0,159364,120989,-0.1369,-2319,197,32,31,56,55,1
1774107562,55,44,0,0,0,0,no_volume,0,0,0,0,no_volume,0,0,0,0,low_activity,0,0,0,0,0,0,159067,120771,-0.1369,-1487,-81,32,32,56,55,1
1774107563,55,44,0,0,0,0,no_volume,0,0,0,0,no_volume,0,0,0,0,low_activity,0,0,0,0,0,0,159445,104805,-0.2068,-1109,378,32,29,56,55,1
1774107564,55,44,0,0,0,0,no_volume,0,0,0,0,no_volume,0,0,0,0,low_activity,0,0,0,0,0,0,159364,120771,-0.1378,0,297,32,31,56,55,1
1774107565,55,44,0,0,0,0,no_volume,0,0,0,0,no_volume,0,0,0,0,low_activity,0,0,0,0,0,0,159364,119805,-0.1417,297,297,32,31,56,55,1
1774107566,55,44,0,0,0,0,no_volume,0,0,0,0,no_volume,0,0,0,0,low_activity,0,0,0,0,0,0,159364,104043,-0.21,-81,-893,32,31,56,55,1
1774107567,55,44,0,0,0,0,no_volume,0,0,0,0,no_volume,0,0,0,0,low_activity,0,0,0,0,0,0,159364,120009,-0.1409,0,-893,32,30,56,55,1
1774107568,55,44,0,0,0,0,no_volume,0,0,0,0,no_volume,0,0,0,0,low_activity,0,0,0,0,0,0,159067,119805,-0.1408,-297,-2616,32,29,56,55,1
1774107569,55,44,0,0,0,0,no_volume,0,0,0,0,no_volume,0,0,0,0,low_activity,0,0,0,0,0,0,159148,118839,-0.145,-216,-1406,32,29,56,55,1
1774107570,55,44,0,0,0,0,low_activity,0,0,0,0,low_activity,0,0,0,0,low_activity,0,0,0,0,0,0,159007,134805,-0.0824,-357,-1547,32,32,56,55,1
1774107571,55,44,0,0,0,0,low_activity,0,0,0,0,low_activity,0,0,0,0,low_activity,0,0,0,0,0,0,158921,134988,-0.0814,-146,-443,32,32,56,55,1
1774107572,55,44,0,0,0,0,low_activity,0,0,0,0,low_activity,0,0,0,0,low_activity,0,0,0,0,0,0,158921,134319,-0.0839,-227,-146,32,30,56,55,1
1774107573,55,44,0,0,0,0,low_activity,0,0,0,0,low_activity,0,0,0,0,low_activity,0,0,0,0,0,0,158906,134805,-0.0821,-101,-539,32,31,56,55,1
1774107574,55,44,0,0,0,0,low_activity,0,0,0,0,low_activity,0,0,0,0,low_activity,0,0,0,0,0,0,158906,134805,-0.0821,-15,-458,32,31,56,55,1
1774107575,55,44,0,0,0,0,low_activity,0,0,0,0,low_activity,0,0,0,0,low_activity,0,0,0,0,0,0,82058,131812,0.2326,-76863,-77306,30,31,56,55,1
1774107576,56,43,0,0,0,0,low_activity,0,0,0,0,low_activity,0,0,0,0,low_activity,0,0,0,0,0,0,81481,132040,0.2368,-77425,-77883,32,33,57,56,1
1774107577,56,43,0,0,0,0,low_activity,0,0,0,0,low_activity,0,0,0,0,low_activity,0,0,0,0,0,0,81264,132073,0.2382,-77642,-78100,31,33,57,56,1
1774107578,56,43,0,0,0,0,low_activity,0,0,0,0,low_activity,0,0,0,0,low_activity,0,0,0,0,0,0,81097,131884,0.2385,-961,-77970,31,32,57,56,1
1774107579,56,43,0,0,0,0,no_volume,0,0,0,0,low_activity,0,0,0,0,low_activity,0,0,0,0,0,0,81097,131884,0.2385,-384,-78051,31,32,57,56,1
1774107580,56,43,0,0,0,0,no_volume,0,0,0,0,low_activity,0,0,0,0,low_activity,0,0,0,0,0,0,81211,116884,0.1801,-53,-77796,31,31,57,56,1
1774107581,56,43,0,0,0,0,no_volume,0,0,0,0,no_volume,0,0,0,0,low_activity,0,0,0,0,0,0,80780,117071,0.1834,-317,-78141,31,30,57,56,1
1774107582,55,43,0,0,0,0,no_volume,0,0,0,0,no_volume,0,0,0,0,low_activity,0,0,0,0,0,0,81030,117072,0.1819,-67,-77891,30,29,57,55,2
1774107583,56,43,0,0,0,0,low_activity,0,0,0,0,low_activity,0,0,0,0,low_activity,0,0,0,0,0,0,81146,116885,0.1805,-65,-77760,32,29,57,56,1
1774107584,56,43,0,0,0,0,low_activity,0,0,0,0,low_activity,0,0,0,0,low_activity,0,0,0,0,0,0,81130,101885,0.1134,350,-77776,32,29,57,56,1
1774107585,56,43,0,0,0,0,low_activity,0,0,0,0,low_activity,0,0,0,0,low_activity,0,0,0,0,0,0,80730,116885,0.183,-300,-1328,31,29,57,56,1
1774107586,56,43,0,0,0,0,low_activity,0,0,0,0,low_activity,0,0,0,0,low_activity,0,0,0,0,0,0,80418,102088,0.1187,-728,-1063,32,31,57,56,1
1774107587,56,43,0,0,0,0,no_volume,0,0,0,0,low_activity,0,0,0,0,low_activity,0,0,0,0,0,0,132438,118881,-0.0539,51308,51174,30,30,57,56,1
1774107588,56,43,0,0,0,0,no_volume,0,0,0,0,low_activity,0,0,0,0,low_activity,0,0,0,0,0,0,132438,118881,-0.0539,51708,51341,30,30,57,56,1
1774107589,56,43,0,0,0,0,no_volume,0,0,0,0,no_volume,0,0,0,0,low_activity,0,0,0,0,0,0,132438,112165,-0.0829,52020,51341,30,31,57,56,1
1774107590,56,43,0,0,0,0,no_volume,0,0,0,0,no_volume,0,0,0,0,low_activity,0,0,0,0,0,0,145661,132262,-0.0482,13223,64450,31,31,57,56,1
1774107591,56,43,0,0,0,0,no_volume,0,0,0,0,no_volume,0,0,0,0,low_activity,0,0,0,0,0,0,152291,132457,-0.0697,19853,71511,32,32,57,56,1
1774107592,56,43,0,0,0,0,no_volume,0,0,0,0,no_volume,0,0,0,0,low_activity,0,0,0,0,0,0,152058,127360,-0.0884,19620,71028,31,31,57,56,1
1774107593,56,43,0,0,0,0,no_volume,0,0,0,0,no_volume,0,0,0,0,low_activity,0,0,0,0,0,0,152674,128131,-0.0874,7013,71528,31,31,57,56,1
1774107594,55,44,0,0,0,0,low_activity,0,0,0,0,low_activity,0,0,0,0,low_activity,0,0,0,0,0,0,161775,128091,-0.1162,9484,80645,32,30,56,55,1
1774107595,55,44,0,0,0,0,low_activity,0,0,0,0,low_activity,0,0,0,0,low_activity,0,0,0,0,0,0,161774,127125,-0.1199,9716,81044,32,29,56,55,1
1774107596,55,44,0,0,0,0,low_activity,0,0,0,0,low_activity,0,0,0,0,low_activity,0,0,0,0,0,0,162740,128306,-0.1183,10066,82322,33,30,56,55,1
1774107597,55,44,0,0,0,0,no_volume,0,0,0,0,low_activity,0,0,0,0,low_activity,0,0,0,0,0,0,160918,128306,-0.1128,-857,28480,33,30,56,55,1
1774107598,55,44,0,0,0,0,no_volume,0,0,0,0,low_activity,0,0,0,0,low_activity,0,0,0,0,0,0,160918,128091,-0.1136,-856,28480,33,30,56,55,1
1774107599,55,44,0,0,0,0,no_volume,0,0,0,0,no_volume,0,0,0,0,low_activity,0,0,0,0,0,0,162071,127125,-0.1208,-669,29633,32,29,56,55,1
1774107600,55,44,0,0,0,0,no_volume,0,0,0,0,no_volume,0,0,0,0,low_activity,0,0,0,0,0,0,159405,113091,-0.17,-1513,13744,32,32,56,55,1
1774107601,55,44,0,0,0,0,no_volume,0,0,0,0,no_volume,0,0,0,0,low_activity,0,0,0,0,0,0,158439,112125,-0.1712,-2479,6148,32,29,56,55,1
1774107602,55,44,0,0,0,0,no_volume,0,0,0,0,no_volume,0,0,0,0,low_activity,0,0,0,0,0,0,158439,112125,-0.1712,-3632,6381,32,31,56,55,1
1774107603,55,44,0,0,0,0,low_activity,0,0,0,0,low_activity,0,0,0,0,low_activity,0,0,0,0,0,0,159375,113091,-0.1699,-30,6701,32,28,56,55,1
1774107604,55,44,0,0,0,0,low_activity,0,0,0,0,low_activity,0,0,0,0,low_activity,0,0,0,0,0,0,159078,113279,-0.1682,639,-2697,32,31,56,55,1
1774107605,55,44,0,0,0,0,low_activity,0,0,0,0,low_activity,0,0,0,0,low_activity,0,0,0,0,0,0,159078,112313,-0.1723,639,-2696,32,29,56,55,1
1774107606,55,43,0,0,0,0,no_volume,0,0,0,0,low_activity,0,0,0,0,low_activity,0,0,0,0,0,0,80697,110096,0.1541,-78678,-82043,30,28,57,55,2
1774107607,55,43,0,0,0,0,no_volume,0,0,0,0,low_activity,0,0,0,0,low_activity,0,0,0,0,0,0,80730,110096,0.1539,-78348,-80188,31,30,57,55,2
1774107608,55,43,0,0,0,0,no_volume,0,0,0,0,no_volume,0,0,0,0,low_activity,0,0,0,0,0,0,80730,95154,0.082,-78348,-80188,31,29,57,55,2
1774107609,55,43,0,0,0,0,low_activity,0,0,0,0,low_activity,0,0,0,0,low_activity,0,0,0,0,0,0,80725,95129,0.0819,28,-81346,31,28,57,55,2
1774107610,55,43,0,0,0,0,low_activity,0,0,0,0,low_activity,0,0,0,0,low_activity,0,0,0,0,0,0,80725,110129,0.1541,-5,-78680,31,28,57,55,2
1774107611,55,43,0,0,0,0,low_activity,0,0,0,0,low_activity,0,0,0,0,low_activity,0,0,0,0,0,0,80634,110342,0.1556,-96,-77805,31,29,57,55,2
1774107612,55,43,0,0,0,0,low_activity,0,0,0,0,low_activity,0,0,0,0,low_activity,0,0,0,0,0,0,80634,110317,0.1554,-91,-77805,31,29,57,55,2
1774107613,55,43,0,0,0,0,low_activity,0,0,0,0,low_activity,0,0,0,0,low_activity,0,0,0,0,0,0,80634,110129,0.1546,-91,-78741,31,30,57,55,2
1774107614,55,43,0,0,0,0,no_volume,0,0,0,0,low_activity,0,0,0,0,low_activity,0,0,0,0,0,0,80634,110129,0.1546,0,-78444,31,29,57,55,2
1774107615,55,43,0,0,0,0,no_volume,0,0,0,0,low_activity,0,0,0,0,low_activity,0,0,0,0,0,0,80634,95129,0.0825,0,-78444,31,28,57,55,2
1774107616,55,43,0,0,0,0,no_volume,0,0,0,0,no_volume,0,0,0,0,low_activity,0,0,0,0,0,0,80634,110129,0.1546,0,-63,31,29,57,55,2
1774107617,55,44,0,0,0,0,no_volume,0,0,0,0,no_volume,0,0,0,0,low_activity,0,0,0,0,0,0,140317,112289,-0.111,59683,59587,31,32,56,55,1
1774107618,55,44,0,0,0,0,no_volume,0,0,0,0,no_volume,0,0,0,0,low_activity,0,0,0,0,0,0,140294,112289,-0.1109,59660,59564,32,30,56,55,1
1774107619,55,44,0,0,0,0,no_volume,0,0,0,0,no_volume,0,0,0,0,low_activity,0,0,0,0,0,0,152553,112093,-0.1529,71919,71828,31,31,56,55,1
1774107620,55,43,0,0,0,0,low_activity,0,0,0,0,low_activity,0,0,0,0,low_activity,0,0,0,0,0,0,88499,125122,0.1714,-51818,7774,29,30,57,55,2
1774107621,55,43,0,0,0,0,low_activity,0,0,0,0,low_activity,0,0,0,0,low_activity,0,0,0,0,0,0,88836,128703,0.1833,-51458,8202,31,29,57,55,2
1774107622,55,43,0,0,0,0,low_activity,0,0,0,0,low_activity,0,0,0,0,low_activity,0,0,0,0,0,0,89138,128927,0.1825,-63415,8504,32,31,57,55,2
1774107623,55,43,0,0,0,0,no_volume,0,0,0,0,low_activity,0,0,0,0,low_activity,0,0,0,0,0,0,89138,128927,0.1825,639,8504,32,31,57,55,2
1774107624,55,43,0,0,0,0,no_volume,0,0,0,0,low_activity,0,0,0,0,low_activity,0,0,0,0,0,0,89138,128703,0.1816,302,8504,32,29,57,55,2
1774107625,55,43,0,0,0,0,no_volume,0,0,0,0,no_volume,0,0,0,0,low_activity,0,0,0,0,0,0,89115,128710,0.1818,-23,8481,32,29,57,55,2
1774107626,55,43,0,0,0,0,low_activity,0,0,0,0,low_activity,0,0,0,0,low_activity,0,0,0,0,0,0,89092,128914,0.1827,-46,8458,32,31,57,55,2
1774107627,55,43,0,0,0,0,low_activity,0,0,0,0,low_activity,0,0,0,0,low_activity,0,0,0,0,0,0,83989,128914,0.211,-5149,-56328,32,31,57,55,2
1774107628,55,43,0,0,0,0,low_activity,0,0,0,0,low_activity,0,0,0,0,low_activity,0,0,0,0,0,0,83989,128710,0.2103,-5126,-56305,32,29,57,55,2
1774107629,55,43,0,0,0,0,low_activity,0,0,0,0,low_activity,0,0,0,0,low_activity,0,0,0,0,0,0,83984,128710,0.2103,-5108,-68569,32,29,57,55,2
1774107630,55,42,0,0,0,0,low_activity,0,0,0,0,low_activity,0,0,0,0,low_activity,0,0,0,0,0,0,70956,98928,0.1647,-13033,-17543,31,28,58,55,3
1774107631,55,44,0,0,0,0,low_activity,0,0,0,0,low_activity,0,0,0,0,low_activity,0,0,0,0,0,0,90934,115198,0.1177,6945,2098,32,30,56,55,1
1774107632,55,44,0,0,0,0,no_volume,0,0,0,0,low_activity,0,0,0,0,low_activity,0,0,0,0,0,0,145502,114980,-0.1172,61518,56364,33,29,56,55,1
1774107633,55,44,0,0,0,0,no_volume,0,0,0,0,low_activity,0,0,0,0,low_activity,0,0,0,0,0,0,146244,115715,-0.1165,75288,57106,33,28,56,55,1
1774107634,55,44,0,0,0,0,no_volume,0,0,0,0,no_volume,0,0,0,0,low_activity,0,0,0,0,0,0,136503,117011,-0.0769,45569,47365,32,31,56,55,1
1774107635,55,44,0,0,0,0,no_volume,0,0,0,0,no_volume,0,0,0,0,low_activity,0,0,0,0,0,0,136463,116971,-0.0769,-9039,47348,33,29,56,55,1
1774107636,55,44,0,0,0,0,no_volume,0,0,0,0,no_volume,0,0,0,0,low_activity,0,0,0,0,0,0,139129,116971,-0.0865,-7115,50037,33,31,56,55,1
1774107637,55,44,0,0,0,0,no_volume,0,0,0,0,no_volume,0,0,0,0,low_activity,0,0,0,0,0,0,138266,116188,-0.0868,1763,54277,33,31,56,55,1
1774107638,55,44,0,0,0,0,no_volume,0,0,0,0,no_volume,0,0,0,0,low_activity,0,0,0,0,0,0,139232,116857,-0.0874,2769,55243,33,30,56,55,1
1774107639,55,44,0,0,0,0,no_volume,0,0,0,0,no_volume,0,0,0,0,low_activity,0,0,0,0,0,0,139048,116674,-0.0875,-81,55064,32,30,56,55,1
1774107640,55,44,0,0,0,0,low_activity,0,0,0,0,low_activity,0,0,0,0,low_activity,0,0,0,0,0,0,138955,115708,-0.0913,689,67999,32,29,56,55,1
1774107641,55,44,0,0,0,0,low_activity,0,0,0,0,low_activity,0,0,0,0,low_activity,0,0,0,0,0,0,138955,116674,-0.0872,-277,48021,32,31,56,55,1
1774107642,55,44,0,0,0,0,low_activity,0,0,0,0,low_activity,0,0,0,0,low_activity,0,0,0,0,0,0,84312,111584,0.1392,-54736,-61190,32,26,56,55,1
1774107643,55,43,0,0,0,0,low_activity,0,0,0,0,low_activity,0,0,0,0,low_activity,0,0,0,0,0,0,77381,113904,0.1909,-61574,-68863,33,28,57,55,2
1774107644,55,43,0,0,0,0,low_activity,0,0,0,0,low_activity,0,0,0,0,low_activity,0,0,0,0,0,0,76238,113904,0.1981,-62717,-60265,33,29,57,55,2
1774107645,55,43,0,0,0,0,no_volume,0,0,0,0,low_activity,0,0,0,0,low_activity,0,0,0,0,0,0,76038,113735,0.1986,-8274,-60425,32,27,57,55,2
1774107646,55,43,0,0,0,0,no_volume,0,0,0,0,low_activity,0,0,0,0,low_activity,0,0,0,0,0,0,76038,98735,0.1299,-1343,-63091,32,28,57,55,2
1774107647,55,43,0,0,0,0,no_volume,0,0,0,0,no_volume,0,0,0,0,low_activity,0,0,0,0,0,0,76038,113735,0.1986,-200,-62228,32,27,57,55,2
1774107648,56,43,0,0,0,0,no_volume,0,0,0,0,no_volume,0,0,0,0,low_activity,0,0,0,0,0,0,76312,114035,0.1982,274,-62920,33,29,57,56,1
1774107649,56,43,0,0,0,0,no_volume,0,0,0,0,no_volume,0,0,0,0,low_activity,0,0,0,0,0,0,76177,114028,0.199,139,-62871,32,31,57,56,1
1774107650,56,43,0,0,0,0,no_volume,0,0,0,0,no_volume,0,0,0,0,low_activity,0,0,0,0,0,0,75991,113832,0.1993,-47,-62964,31,29,57,56,1
1774107651,56,43,0,0,0,0,no_volume,0,0,0,0,no_volume,0,0,0,0,low_activity,0,0,0,0,0,0,75991,98832,0.1307,-321,-62964,31,28,57,56,1
1774107652,56,43,0,0,0,0,no_volume,0,0,0,0,no_volume,0,0,0,0,low_activity,0,0,0,0,0,0,75991,113839,0.1994,-186,-8321,31,28,57,56,1
1774107653,56,43,0,0,0,0,no_volume,0,0,0,0,no_volume,0,0,0,0,low_activity,0,0,0,0,0,0,75984,113839,0.1994,-7,-1397,31,30,57,56,1
1774107654,56,43,0,0,0,0,no_volume,0,0,0,0,no_volume,0,0,0,0,low_activity,0,0,0,0,0,0,77262,114033,0.1922,1271,1024,32,31,57,56,1
1774107655,56,43,0,0,0,0,no_volume,0,0,0,0,no_volume,0,0,0,0,low_activity,0,0,0,0,0,0,75769,114033,0.2016,-222,-269,32,29,57,56,1
1774107656,56,43,0,0,0,0,no_volume,0,0,0,0,no_volume,0,0,0,0,low_activity,0,0,0,0,0,0,75553,113832,0.2021,-431,-485,31,29,57,56,1
1774107657,56,43,0,0,0,0,low_activity,0,0,0,0,low_activity,0,0,0,0,low_activity,0,0,0,0,0,0,75536,98832,0.1336,-1726,-502,31,28,57,56,1
1774107658,56,43,0,0,0,0,low_activity,0,0,0,0,low_activity,0,0,0,0,low_activity,0,0,0,0,0,0,73706,113832,0.214,-2063,-2606,31,28,57,56,1
1774107659,56,43,0,0,0,0,low_activity,0,0,0,0,low_activity,0,0,0,0,low_activity,0,0,0,0,0,0,87763,115314,0.1357,12210,11586,32,30,57,56,1
1774107660,56,43,0,0,0,0,low_activity,0,0,0,0,low_activity,0,0,0,0,low_activity,0,0,0,0,0,0,142318,116057,-0.1016,66782,66327,33,30,57,56,1
1774107661,56,43,0,0,0,0,no_volume,0,0,0,0,low_activity,0,0,0,0,low_activity,0,0,0,0,0,0,149239,115838,-0.126,75533,73248,32,30,57,56,1
1774107662,56,43,0,0,0,0,low_activity,0,0,0,0,low_activity,0,0,0,0,low_activity,0,0,0,0,0,0,148070,114671,-0.1271,60307,72079,31,30,57,56,1
1774107663,56,43,0,0,0,0,low_activity,0,0,0,0,low_activity,0,0,0,0,low_activity,0,0,0,0,0,0,150203,116804,-0.1251,7885,74219,32,30,57,56,1
1774107664,56,43,0,0,0,0,low_activity,0,0,0,0,low_activity,0,0,0,0,low_activity,0,0,0,0,0,0,150203,117008,-0.1242,964,72941,32,31,57,56,1
1774107665,56,43,0,0,0,0,no_volume,0,0,0,0,low_activity,0,0,0,0,low_activity,0,0,0,0,0,0,149237,117008,-0.1211,1167,73468,32,31,57,56,1
1774107666,56,43,0,0,0,0,no_volume,0,0,0,0,low_activity,0,0,0,0,low_activity,0,0,0,0,0,0,150203,117770,-0.121,0,74650,32,32,57,56,1
1774107667,56,43,0,0,0,0,no_volume,0,0,0,0,no_volume,0,0,0,0,low_activity,0,0,0,0,0,0,137232,50420,-0.4626,-12971,61696,31,30,57,56,1
1774107668,54,45,0,0,0,0,low_activity,0,0,0,0,low_activity,0,0,0,0,low_activity,0,0,0,0,0,0,151745,66367,-0.3914,2508,78039,32,29,55,54,1
1774107669,54,45,0,0,0,0,low_activity,0,0,0,0,low_activity,0,0,0,0,low_activity,0,0,0,0,0,0,150252,61144,-0.4215,49,62489,32,28,55,54,1
1774107670,54,45,0,0,0,0,low_activity,0,0,0,0,low_activity,0,0,0,0,low_activity,0,0,0,0,0,0,150285,75186,-0.3331,13053,7967,32,28,55,54,1
1774107671,54,45,0,0,0,0,low_activity,0,0,0,0,low_activity,0,0,0,0,low_activity,0,0,0,0,0,0,151017,113409,-0.1422,-728,1778,32,27,55,54,1
1774107672,54,45,0,0,0,0,low_activity,0,0,0,0,low_activity,0,0,0,0,low_activity,0,0,0,0,0,0,149721,106955,-0.1666,-531,1651,32,26,55,54,1
1774107673,54,45,0,0,0,0,low_activity,0,0,0,0,low_activity,0,0,0,0,low_activity,0,0,0,0,0,0,149658,113763,-0.1363,-627,-545,32,26,55,54,1
1774107674,55,44,0,0,0,0,low_activity,0,0,0,0,low_activity,0,0,0,0,low_activity,0,0,0,0,0,0,144977,126812,-0.0668,-6040,-5226,31,30,56,55,1
1774107675,55,44,0,0,0,0,low_activity,0,0,0,0,low_activity,0,0,0,0,low_activity,0,0,0,0,0,0,156523,133757,-0.0784,6802,7286,31,30,56,55,1
1774107676,55,44,0,0,0,0,no_volume,0,0,0,0,low_activity,0,0,0,0,low_activity,0,0,0,0,0,0,155077,139196,-0.054,5419,4874,31,29,56,55,1
1774107677,55,44,0,0,0,0,low_activity,0,0,0,0,low_activity,0,0,0,0,low_activity,0,0,0,0,0,0,156254,141346,-0.0501,11277,19022,32,30,56,55,1
1774107678,55,44,0,0,0,0,low_activity,0,0,0,0,low_activity,0,0,0,0,low_activity,0,0,0,0,0,0,155595,141354,-0.048,-928,3850,32,30,56,55,1
1774107679,55,44,0,0,0,0,low_activity,0,0,0,0,low_activity,0,0,0,0,low_activity,0,0,0,0,0,0,157612,140575,-0.0571,2535,7360,33,30,56,55,1
1774107680,55,44,0,0,0,0,no_volume,0,0,0,0,low_activity,0,0,0,0,low_activity,0,0,0,0,0,0,158578,126838,-0.1112,2324,8293,33,30,56,55,1
1774107681,55,44,0,0,0,0,low_activity,0,0,0,0,low_activity,0,0,0,0,low_activity,0,0,0,0,0,0,158366,125718,-0.1149,2771,7349,32,29,56,55,1
1774107682,55,44,0,0,0,0,low_activity,0,0,0,0,low_activity,0,0,0,0,low_activity,0,0,0,0,0,0,157400,123489,-0.1207,-212,7679,32,27,56,55,1
1774107683,56,43,0,0,0,0,low_activity,0,0,0,0,low_activity,0,0,0,0,low_activity,0,0,0,0,0,0,77315,122762,0.2271,-81263,-72343,30,30,57,56,1
1774107684,56,43,0,0,0,0,low_activity,0,0,0,0,low_activity,0,0,0,0,low_activity,0,0,0,0,0,0,68700,121274,0.2767,-89666,-76277,29,29,57,56,1
1774107685,56,43,0,0,0,0,low_activity,0,0,0,0,low_activity,0,0,0,0,low_activity,0,0,0,0,0,0,76166,107762,0.1718,-81234,-80357,30,29,57,56,1
1774107686,56,40,0,0,0,0,low_activity,0,0,0,0,low_activity,0,0,0,0,low_activity,0,0,0,0,0,0,76274,107754,0.1711,-1041,-78803,29,29,60,56,4
1774107687,56,43,0,0,0,0,low_activity,0,0,0,0,low_activity,0,0,0,0,low_activity,0,0,0,0,0,0,76231,122754,0.2338,7531,-80023,29,29,57,56,1
1774107688,56,41,0,0,0,0,low_activity,0,0,0,0,low_activity,0,0,0,0,low_activity,0,0,0,0,0,0,21745,70968,0.5309,-54421,-133850,28,28,59,56,3
1774107689,56,43,0,0,0,0,low_activity,0,0,0,0,low_activity,0,0,0,0,low_activity,0,0,0,0,0,0,76833,107987,0.1686,559,-80779,32,30,57,56,1
1774107690,56,43,0,0,0,0,no_volume,0,0,0,0,low_activity,0,0,0,0,low_activity,0,0,0,0,0,0,74818,137767,0.2961,-1413,-83760,32,29,57,56,1
1774107691,56,42,0,0,0,0,low_activity,0,0,0,0,low_activity,0,0,0,0,low_activity,0,0,0,0,0,0,76630,137760,0.2851,54885,-81736,31,31,58,56,2
1774107692,56,43,0,0,0,0,low_activity,0,0,0,0,low_activity,0,0,0,0,low_activity,0,0,0,0,0,0,142833,139139,-0.0131,66000,-14567,31,30,57,56,1
1774107693,56,43,0,0,0,0,low_activity,0,0,0,0,low_activity,0,0,0,0,low_activity,0,0,0,0,0,0,149094,124172,-0.0912,74276,71779,31,29,57,56,1
1774107694,56,43,0,0,0,0,low_activity,0,0,0,0,low_activity,0,0,0,0,low_activity,0,0,0,0,0,0,149195,138206,-0.0382,72565,80495,31,30,57,56,1
1774107695,56,43,0,0,0,0,low_activity,0,0,0,0,low_activity,0,0,0,0,low_activity,0,0,0,0,0,0,152399,141417,-0.0374,9566,76233,32,32,57,56,1
1774107696,56,43,0,0,0,0,low_activity,0,0,0,0,low_activity,0,0,0,0,low_activity,0,0,0,0,0,0,152435,141911,-0.0358,3341,76161,33,33,57,56,1
1774107697,56,43,0,0,0,0,low_activity,0,0,0,0,low_activity,0,0,0,0,low_activity,0,0,0,0,0,0,152435,141614,-0.0368,3240,76204,33,31,57,56,1
1774107698,56,43,0,0,0,0,low_activity,0,0,0,0,low_activity,0,0,0,0,low_activity,0,0,0,0,0,0,150916,142383,-0.0291,-1483,129171,32,33,57,56,1
1774107699,56,43,0,0,0,0,low_activity,0,0,0,0,low_activity,0,0,0,0,low_activity,0,0,0,0,0,0,150074,142350,-0.0264,-2361,73241,32,33,57,56,1
1774107700,56,43,0,0,0,0,low_activity,0,0,0,0,low_activity,0,0,0,0,low_activity,0,0,0,0,0,0,148958,126417,-0.0819,-3477,74140,31,31,57,56,1
1774107701,56,43,0,0,0,0,low_activity,0,0,0,0,low_activity,0,0,0,0,low_activity,0,0,0,0,0,0,148958,127383,-0.0781,-1958,72328,31,32,57,56,1
1774107702,56,43,0,0,0,0,low_activity,0,0,0,0,low_activity,0,0,0,0,low_activity,0,0,0,0,0,0,147451,127383,-0.073,-2623,4618,31,32,57,56,1
1774107703,56,43,0,0,0,0,low_activity,0,0,0,0,low_activity,0,0,0,0,low_activity,0,0,0,0,0,0,150476,126631,-0.086,1518,1382,32,31,57,56,1
1774107704,56,43,0,0,0,0,low_activity,0,0,0,0,low_activity,0,0,0,0,low_activity,0,0,0,0,0,0,150476,127597,-0.0823,1518,1281,32,32,57,56,1
1774107705,56,43,0,0,0,0,no_volume,0,0,0,0,low_activity,0,0,0,0,low_activity,0,0,0,0,0,0,150114,125895,-0.0877,2663,-2285,31,31,57,56,1
1774107706,56,43,0,0,0,0,no_volume,0,0,0,0,low_activity,0,0,0,0,low_activity,0,0,0,0,0,0,150264,111384,-0.1486,-212,-2171,31,29,57,56,1
1774107707,56,43,0,0,0,0,low_activity,0,0,0,0,low_activity,0,0,0,0,low_activity,0,0,0,0,0,0,150104,127350,-0.082,-372,-2331,31,32,57,56,1
1774107708,56,43,0,0,0,0,low_activity,0,0,0,0,low_activity,0,0,0,0,low_activity,0,0,0,0,0,0,150447,127593,-0.0822,333,-469,32,32,57,56,1
1774107709,56,43,0,0,0,0,low_activity,0,0,0,0,low_activity,0,0,0,0,low_activity,0,0,0,0,0,0,149134,126627,-0.0816,-1130,-940,32,31,57,56,1
1774107710,56,43,0,0,0,0,no_volume,0,0,0,0,low_activity,0,0,0,0,low_activity,0,0,0,0,0,0,149091,112383,-0.1404,-1013,133,31,29,57,56,1
1774107711,56,43,0,0,0,0,no_volume,0,0,0,0,low_activity,0,0,0,0,low_activity,0,0,0,0,0,0,148941,110907,-0.1464,-1506,-17,31,29,57,56,1
1774107712,56,43,0,0,0,0,no_volume,0,0,0,0,no_volume,0,0,0,0,low_activity,0,0,0,0,0,0,149091,126429,-0.0823,-43,1640,31,28,57,56,1
1774107713,56,43,0,0,0,0,no_volume,0,0,0,0,no_volume,0,0,0,0,low_activity,0,0,0,0,0,0,149126,127609,-0.0778,35,-1350,32,28,57,56,1
1774107714,55,44,0,0,0,0,low_activity,0,0,0,0,low_activity,0,0,0,0,low_activity,0,0,0,0,0,0,161468,127316,-0.1183,12527,10992,33,28,56,55,1
1774107715,55,44,0,0,0,0,low_activity,0,0,0,0,low_activity,0,0,0,0,low_activity,0,0,0,0,0,0,161243,126096,-0.1223,12152,11129,32,28,56,55,1
1774107716,55,44,0,0,0,0,low_activity,0,0,0,0,low_activity,0,0,0,0,low_activity,0,0,0,0,0,0,161243,127062,-0.1186,12117,10979,32,28,56,55,1
1774107717,55,44,0,0,0,0,no_volume,0,0,0,0,low_activity,0,0,0,0,low_activity,0,0,0,0,0,0,161243,127017,-0.1187,-225,11139,32,29,56,55,1
1774107718,55,44,0,0,0,0,low_activity,0,0,0,0,low_activity,0,0,0,0,low_activity,0,0,0,0,0,0,153067,125386,-0.0994,-8176,2620,32,28,56,55,1
1774107719,55,44,0,0,0,0,low_activity,0,0,0,0,low_activity,0,0,0,0,low_activity,0,0,0,0,0,0,161790,125875,-0.1249,547,12656,32,28,56,55,1
1774107720,55,44,0,0,0,0,low_activity,0,0,0,0,low_activity,0,0,0,0,low_activity,0,0,0,0,0,0,163612,125875,-0.1304,2369,14521,32,29,56,55,1
1774107721,55,44,0,0,0,0,no_volume,0,0,0,0,low_activity,0,0,0,0,low_activity,0,0,0,0,0,0,163825,126069,-0.1302,10758,14884,32,29,56,55,1
1774107722,55,44,0,0,0,0,low_activity,0,0,0,0,low_activity,0,0,0,0,low_activity,0,0,0,0,0,0,163395,126069,-0.1289,1605,14304,32,29,56,55,1
1774107723,55,44,0,0,0,0,low_activity,0,0,0,0,low_activity,0,0,0,0,low_activity,0,0,0,0,0,0,163010,125875,-0.1285,-602,13884,32,28,56,55,1
1774107724,55,44,0,0,0,0,low_activity,0,0,0,0,low_activity,0,0,0,0,low_activity,0,0,0,0,0,0,162910,125875,-0.1282,-915,1442,32,28,56,55,1
1774107725,55,44,0,0,0,0,low_activity,0,0,0,0,low_activity,0,0,0,0,low_activity,0,0,0,0,0,0,163010,124387,-0.1344,-385,1767,32,28,56,55,1
1774107726,55,44,0,0,0,0,no_volume,0,0,0,0,low_activity,0,0,0,0,low_activity,0,0,0,0,0,0,163010,125875,-0.1285,0,1767,32,28,56,55,1
1774107727,55,44,0,0,0,0,no_volume,0,0,0,0,low_activity,0,0,0,0,low_activity,0,0,0,0,0,0,163216,126086,-0.1283,306,1973,32,29,56,55,1
1774107728,55,44,0,0,0,0,no_volume,0,0,0,0,no_volume,0,0,0,0,low_activity,0,0,0,0,0,0,163216,126086,-0.1283,206,10149,32,30,56,55,1
1774107729,55,44,0,0,0,0,no_volume,0,0,0,0,no_volume,0,0,0,0,low_activity,0,0,0,0,0,0,163010,110875,-0.1904,0,1220,32,28,56,55,1
1774107730,55,44,0,0,0,0,low_activity,0,0,0,0,low_activity,0,0,0,0,low_activity,0,0,0,0,0,0,162998,125875,-0.1285,-218,-614,32,28,56,55,1
1774107731,55,44,0,0,0,0,low_activity,0,0,0,0,low_activity,0,0,0,0,low_activity,0,0,0,0,0,0,162998,110920,-0.1901,-218,-827,32,28,56,55,1
1774107732,55,44,0,0,0,0,low_activity,0,0,0,0,low_activity,0,0,0,0,low_activity,0,0,0,0,0,0,162998,125920,-0.1283,-12,-397,32,29,56,55,1
1774107733,55,44,0,0,0,0,no_volume,0,0,0,0,low_activity,0,0,0,0,low_activity,0,0,0,0,0,0,163180,124635,-0.1339,182,170,32,30,56,55,1
1774107734,55,44,0,0,0,0,no_volume,0,0,0,0,low_activity,0,0,0,0,low_activity,0,0,0,0,0,0,163180,111123,-0.1898,182,270,32,29,56,55,1
1774107735,55,44,0,0,0,0,no_volume,0,0,0,0,no_volume,0,0,0,0,low_activity,0,0,0,0,0,0,162998,125920,-0.1283,0,-12,32,30,56,55,1
1774107736,55,44,0,0,0,0,no_volume,0,0,0,0,no_volume,0,0,0,0,low_activity,0,0,0,0,0,0,162998,125953,-0.1282,-182,-12,32,29,56,55,1
1774107737,55,44,0,0,0,0,no_volume,0,0,0,0,no_volume,0,0,0,0,low_activity,0,0,0,0,0,0,162998,125908,-0.1284,-182,-218,32,28,56,55,1
1774107738,55,44,0,0,0,0,low_activity,0,0,0,0,low_activity,0,0,0,0,low_activity,0,0,0,0,0,0,163171,127385,-0.1232,173,-45,32,31,56,55,1
1774107739,55,44,0,0,0,0,low_activity,0,0,0,0,low_activity,0,0,0,0,low_activity,0,0,0,0,0,0,160298,127138,-0.1154,-2700,-2712,32,31,56,55,1
1774107740,55,44,0,0,0,0,low_activity,0,0,0,0,low_activity,0,0,0,0,low_activity,0,0,0,0,0,0,160298,110684,-0.1831,-2700,-2700,32,29,56,55,1
1774107741,55,44,0,0,0,0,no_volume,0,0,0,0,low_activity,0,0,0,0,low_activity,0,0,0,0,0,0,160298,125650,-0.1212,-2873,-2700,32,29,56,55,1
1774107742,55,44,0,0,0,0,no_volume,0,0,0,0,low_activity,0,0,0,0,low_activity,0,0,0,0,0,0,160298,127138,-0.1154,0,-2700,32,30,56,55,1
1774107743,55,44,0,0,0,0,no_volume,0,0,0,0,no_volume,0,0,0,0,low_activity,0,0,0,0,0,0,160298,141172,-0.0634,0,-2882,32,29,56,55,1
1774107744,55,44,0,0,0,0,low_activity,0,0,0,0,low_activity,0,0,0,0,low_activity,0,0,0,0,0,0,160288,141841,-0.0611,-10,-2892,32,30,56,55,1
1774107745,55,44,0,0,0,0,low_activity,0,0,0,0,low_activity,0,0,0,0,low_activity,0,0,0,0,0,0,160468,142039,-0.0609,170,-2530,32,31,56,55,1
1774107746,55,44,0,0,0,0,low_activity,0,0,0,0,low_activity,0,0,0,0,low_activity,0,0,0,0,0,0,160468,126073,-0.12,170,-2530,32,29,56,55,1
1774107747,55,44,0,0,0,0,no_volume,0,0,0,0,low_activity,0,0,0,0,low_activity,0,0,0,0,0,0,160288,141841,-0.0611,0,-2710,32,31,56,55,1
1774107748,55,44,0,0,0,0,no_volume,0,0,0,0,low_activity,0,0,0,0,low_activity,0,0,0,0,0,0,160207,141841,-0.0608,-261,-2964,31,31,56,55,1
1774107749,55,44,0,0,0,0,no_volume,0,0,0,0,no_volume,0,0,0,0,low_activity,0,0,0,0,0,0,162873,140875,-0.0724,2405,2575,31,30,56,55,1
1774107750,55,44,0,0,0,0,no_volume,0,0,0,0,no_volume,0,0,0,0,low_activity,0,0,0,0,0,0,158507,142017,-0.0549,-1781,-1791,31,29,56,55,1
1774107751,55,44,0,0,0,0,no_volume,0,0,0,0,no_volume,0,0,0,0,low_activity,0,0,0,0,0,0,158507,110529,-0.1783,-1700,-1791,31,29,56,55,1
1774107752,55,44,0,0,0,0,low_activity,0,0,0,0,low_activity,0,0,0,0,low_activity,0,0,0,0,0,0,158705,126270,-0.1138,-4168,-1593,31,30,56,55,1
1774107753,55,44,0,0,0,0,low_activity,0,0,0,0,low_activity,0,0,0,0,low_activity,0,0,0,0,0,0,157987,127236,-0.1078,-520,-2311,33,31,56,55,1
1774107754,55,44,0,0,0,0,low_activity,0,0,0,0,low_activity,0,0,0,0,low_activity,0,0,0,0,0,0,157772,127017,-0.108,-735,-2516,33,29,56,55,1
1774107755,55,44,0,0,0,0,low_activity,0,0,0,0,low_activity,0,0,0,0,low_activity,0,0,0,0,0,0,155543,126051,-0.1047,-3162,-4925,32,31,56,55,1
1774107756,55,44,0,0,0,0,no_volume,0,0,0,0,low_activity,0,0,0,0,low_activity,0,0,0,0,0,0,156806,127017,-0.105,-1181,-3662,32,30,56,55,1
1774107757,55,44,0,0,0,0,low_activity,0,0,0,0,low_activity,0,0,0,0,low_activity,0,0,0,0,0,0,156801,125562,-0.1106,-971,-3487,32,29,56,55,1
1774107758,55,44,0,0,0,0,low_activity,0,0,0,0,low_activity,0,0,0,0,low_activity,0,0,0,0,0,0,156990,126248,-0.1085,1447,-3217,32,29,56,55,1
1774107759,55,44,0,0,0,0,low_activity,0,0,0,0,low_activity,0,0,0,0,low_activity,0,0,0,0,0,0,156990,126248,-0.1085,184,-5883,32,30,56,55,1
1774107760,55,44,0,0,0,0,no_volume,0,0,0,0,low_activity,0,0,0,0,low_activity,0,0,0,0,0,0,156801,126051,-0.1087,0,-1706,32,29,56,55,1
1774107761,55,44,0,0,0,0,no_volume,0,0,0,0,low_activity,0,0,0,0,low_activity,0,0,0,0,0,0,155835,124563,-0.1115,-1155,-2672,32,29,56,55,1
1774107762,55,44,0,0,0,0,no_volume,0,0,0,0,no_volume,0,0,0,0,low_activity,0,0,0,0,0,0,156801,111051,-0.1708,-189,-1904,33,27,56,55,1
1774107763,55,44,0,0,0,0,no_volume,0,0,0,0,no_volume,0,0,0,0,low_activity,0,0,0,0,0,0,157017,126246,-0.1086,216,-970,34,29,56,55,1
1774107764,55,44,0,0,0,0,no_volume,0,0,0,0,no_volume,0,0,0,0,low_activity,0,0,0,0,0,0,157017,126246,-0.1086,1182,-755,34,30,56,55,1
1774107765,55,44,0,0,0,0,no_volume,0,0,0,0,no_volume,0,0,0,0,low_activity,0,0,0,0,0,0,157767,126051,-0.1117,966,2224,33,28,56,55,1
1774107766,55,44,0,0,0,0,no_volume,0,0,0,0,no_volume,0,0,0,0,low_activity,0,0,0,0,0,0,157767,126051,-0.1117,750,961,33,29,56,55,1
1774107767,55,44,0,0,0,0,no_volume,0,0,0,0,no_volume,0,0,0,0,low_activity,0,0,0,0,0,0,157767,109563,-0.1803,750,966,33,28,56,55,1
1774107768,55,44,0,0,0,0,no_volume,0,0,0,0,no_volume,0,0,0,0,low_activity,0,0,0,0,0,0,157963,126266,-0.1115,196,973,33,30,56,55,1
1774107769,55,43,0,0,0,0,low_activity,0,0,0,0,low_activity,0,0,0,0,low_activity,0,0,0,0,0,0,68720,128332,0.3025,-89047,-88270,30,29,57,55,2
1774107770,55,43,0,0,0,0,low_activity,0,0,0,0,low_activity,0,0,0,0,low_activity,0,0,0,0,0,0,71010,119415,0.2542,-86757,-85791,32,28,57,55,2
1774107771,55,43,0,0,0,0,low_activity,0,0,0,0,low_activity,0,0,0,0,low_activity,0,0,0,0,0,0,69027,134448,0.3215,-88936,-86808,32,28,57,55,2
1774107772,55,43,0,0,0,0,no_volume,0,0,0,0,low_activity,0,0,0,0,low_activity,0,0,0,0,0,0,76342,134448,0.2757,7622,-80459,32,28,57,55,2
1774107773,55,43,0,0,0,0,no_volume,0,0,0,0,low_activity,0,0,0,0,low_activity,0,0,0,0,0,0,76643,134666,0.2746,5633,-80374,33,29,57,55,2
1774107774,55,43,0,0,0,0,no_volume,0,0,0,0,no_volume,0,0,0,0,low_activity,0,0,0,0,0,0,76526,134666,0.2753,7499,-80491,33,29,57,55,2
1774107775,55,43,0,0,0,0,no_volume,0,0,0,0,no_volume,0,0,0,0,low_activity,0,0,0,0,0,0,76309,119448,0.2204,-33,-81458,32,28,57,55,2
1774107776,55,43,0,0,0,0,no_volume,0,0,0,0,no_volume,0,0,0,0,low_activity,0,0,0,0,0,0,76309,134448,0.2759,-334,-81458,32,28,57,55,2
1774107777,55,42,0,0,0,0,low_activity,0,0,0,0,low_activity,0,0,0,0,low_activity,0,0,0,0,0,0,76419,134448,0.2752,-107,-81348,31,28,58,55,3
1774107778,55,43,0,0,0,0,low_activity,0,0,0,0,low_activity,0,0,0,0,low_activity,0,0,0,0,0,0,73676,134448,0.292,-2633,-84287,32,28,57,55,2
1774107779,55,44,0,0,0,0,low_activity,0,0,0,0,low_activity,0,0,0,0,low_activity,0,0,0,0,0,0,123783,134928,0.0431,47474,55063,32,28,56,55,1
1774107780,55,44,0,0,0,0,low_activity,0,0,0,0,low_activity,0,0,0,0,low_activity,0,0,0,0,0,0,140748,130856,-0.0364,64329,69738,33,29,56,55,1
1774107781,55,44,0,0,0,0,low_activity,0,0,0,0,low_activity,0,0,0,0,low_activity,0,0,0,0,0,0,140310,130889,-0.0347,66634,71283,33,30,56,55,1
1774107782,55,44,0,0,0,0,low_activity,0,0,0,0,low_activity,0,0,0,0,low_activity,0,0,0,0,0,0,141762,131062,-0.0392,17979,65420,34,30,56,55,1
1774107783,55,44,0,0,0,0,low_activity,0,0,0,0,low_activity,0,0,0,0,low_activity,0,0,0,0,0,0,141762,116055,-0.0997,1014,65119,34,29,56,55,1
1774107784,55,44,0,0,0,0,no_volume,0,0,0,0,low_activity,0,0,0,0,low_activity,0,0,0,0,0,0,141573,115849,-0.0999,1263,65047,33,28,56,55,1
1774107785,55,44,0,0,0,0,no_volume,0,0,0,0,low_activity,0,0,0,0,low_activity,0,0,0,0,0,0,141276,129361,-0.044,-486,64967,33,29,56,55,1
1774107786,55,44,0,0,0,0,low_activity,0,0,0,0,low_activity,0,0,0,0,low_activity,0,0,0,0,0,0,141992,130882,-0.0407,230,65683,33,28,56,55,1
1774107787,55,44,0,0,0,0,low_activity,0,0,0,0,low_activity,0,0,0,0,low_activity,0,0,0,0,0,0,141026,130849,-0.0374,-547,64607,33,29,56,55,1
1774107788,55,44,0,0,0,0,low_activity,0,0,0,0,low_activity,0,0,0,0,low_activity,0,0,0,0,0,0,142000,131075,-0.04,724,68324,35,30,56,55,1
1774107789,55,44,0,0,0,0,low_activity,0,0,0,0,low_activity,0,0,0,0,low_activity,0,0,0,0,0,0,142000,114554,-0.107,8,18217,35,29,56,55,1
1774107790,55,44,0,0,0,0,low_activity,0,0,0,0,low_activity,0,0,0,0,low_activity,0,0,0,0,0,0,141792,115849,-0.1007,766,1044,34,28,56,55,1
1774107791,55,44,0,0,0,0,no_volume,0,0,0,0,low_activity,0,0,0,0,low_activity,0,0,0,0,0,0,142758,130849,-0.0435,758,2448,34,30,56,55,1
1774107792,55,44,0,0,0,0,no_volume,0,0,0,0,low_activity,0,0,0,0,low_activity,0,0,0,0,0,0,140826,115849,-0.0973,-1174,-936,33,29,56,55,1
1774107793,55,44,0,0,0,0,no_volume,0,0,0,0,no_volume,0,0,0,0,low_activity,0,0,0,0,0,0,140826,129361,-0.0424,-966,-936,33,28,56,55,1
1774107794,55,44,0,0,0,0,no_volume,0,0,0,0,no_volume,0,0,0,0,low_activity,0,0,0,0,0,0,141792,115849,-0.1007,-966,219,33,28,56,55,1
1774107795,55,44,0,0,0,0,no_volume,0,0,0,0,no_volume,0,0,0,0,low_activity,0,0,0,0,0,0,141792,130849,-0.0401,966,516,33,28,56,55,1
1774107796,55,44,0,0,0,0,low_activity,0,0,0,0,low_activity,0,0,0,0,low_activity,0,0,0,0,0,0,141655,130849,-0.0397,829,-337,33,29,56,55,1
1774107797,55,44,0,0,0,0,low_activity,0,0,0,0,low_activity,0,0,0,0,low_activity,0,0,0,0,0,0,142621,130849,-0.043,829,1595,33,28,56,55,1
1774107798,55,44,0,0,0,0,low_activity,0,0,0,0,low_activity,0,0,0,0,low_activity,0,0,0,0,0,0,142621,130849,-0.043,829,621,33,27,56,55,1
1774107799,55,44,0,0,0,0,no_volume,0,0,0,0,low_activity,0,0,0,0,low_activity,0,0,0,0,0,0,141655,130849,-0.0397,0,-345,33,29,56,55,1
1774107800,55,44,0,0,0,0,no_volume,0,0,0,0,low_activity,0,0,0,0,low_activity,0,0,0,0,0,0,141655,130849,-0.0397,-966,-137,33,28,56,55,1
1774107801,55,44,0,0,0,0,no_volume,0,0,0,0,no_volume,0,0,0,0,low_activity,0,0,0,0,0,0,141655,145849,0.0146,-966,-1103,33,29,56,55,1
1774107802,55,44,0,0,0,0,no_volume,0,0,0,0,no_volume,0,0,0,0,low_activity,0,0,0,0,0,0,141655,145849,0.0146,0,829,33,29,56,55,1
1774107803,55,44,0,0,0,0,low_activity,0,0,0,0,low_activity,0,0,0,0,low_activity,0,0,0,0,0,0,141632,145882,0.0148,-23,806,32,29,56,55,1
1774107804,55,44,0,0,0,0,low_activity,0,0,0,0,low_activity,0,0,0,0,low_activity,0,0,0,0,0,0,141632,145882,0.0148,-23,-160,32,29,56,55,1
1774107805,55,44,0,0,0,0,low_activity,0,0,0,0,low_activity,0,0,0,0,low_activity,0,0,0,0,0,0,141632,145882,0.0148,-23,-160,32,29,56,55,1
1774107806,55,44,0,0,0,0,low_activity,0,0,0,0,low_activity,0,0,0,0,low_activity,0,0,0,0,0,0,141203,145803,0.016,-429,-452,32,29,56,55,1
1774107807,55,44,0,0,0,0,low_activity,0,0,0,0,low_activity,0,0,0,0,low_activity,0,0,0,0,0,0,142370,145849,0.0121,738,-251,33,29,56,55,1
1774107808,55,44,0,0,0,0,low_activity,0,0,0,0,low_activity,0,0,0,0,low_activity,0,0,0,0,0,0,142370,145849,0.0121,738,-251,33,29,56,55,1
1774107809,55,44,0,0,0,0,no_volume,0,0,0,0,low_activity,0,0,0,0,low_activity,0,0,0,0,0,0,89396,143841,0.2334,-51807,-52259,30,29,56,55,1
1774107810,55,43,0,0,0,0,no_volume,0,0,0,0,low_activity,0,0,0,0,low_activity,0,0,0,0,0,0,75582,149076,0.3271,-66788,-66073,31,29,57,55,2
1774107811,55,43,0,0,0,0,no_volume,0,0,0,0,no_volume,0,0,0,0,low_activity,0,0,0,0,0,0,75902,132588,0.2719,-66468,-65753,31,28,57,55,2
1774107812,55,42,0,0,0,0,no_volume,0,0,0,0,no_volume,0,0,0,0,low_activity,0,0,0,0,0,0,68665,134076,0.3226,-20731,-72990,30,28,58,55,3
1774107813,55,43,0,0,0,0,no_volume,0,0,0,0,no_volume,0,0,0,0,low_activity,0,0,0,0,0,0,76558,134076,0.2731,976,-65074,33,29,57,55,2
1774107814,55,43,0,0,0,0,no_volume,0,0,0,0,no_volume,0,0,0,0,low_activity,0,0,0,0,0,0,68776,134076,0.3219,-7126,-72856,34,28,57,55,2
1774107815,55,42,0,0,0,0,no_volume,0,0,0,0,no_volume,0,0,0,0,low_activity,0,0,0,0,0,0,70960,134069,0.3078,2295,-70672,32,28,58,55,3
1774107816,55,42,0,0,0,0,no_volume,0,0,0,0,no_volume,0,0,0,0,low_activity,0,0,0,0,0,0,76275,134069,0.2748,-283,-64928,32,28,58,55,3
1774107817,55,42,0,0,0,0,low_activity,0,0,0,0,low_activity,0,0,0,0,low_activity,0,0,0,0,0,0,76460,134069,0.2736,7684,-65910,32,28,58,55,3
1774107818,55,42,0,0,0,0,low_activity,0,0,0,0,low_activity,0,0,0,0,low_activity,0,0,0,0,0,0,68738,134069,0.3221,-2222,-73632,32,29,58,55,3
1774107819,55,42,0,0,0,0,low_activity,0,0,0,0,low_activity,0,0,0,0,low_activity,0,0,0,0,0,0,76574,132581,0.2678,299,-12822,32,28,58,55,3
1774107820,55,42,0,0,0,0,no_volume,0,0,0,0,low_activity,0,0,0,0,low_activity,0,0,0,0,0,0,74744,134069,0.2841,-1716,-838,31,28,58,55,3
1774107821,55,42,0,0,0,0,no_volume,0,0,0,0,low_activity,0,0,0,0,low_activity,0,0,0,0,0,0,76328,149069,0.3227,7590,426,31,29,58,55,3
1774107822,55,42,0,0,0,0,no_volume,0,0,0,0,no_volume,0,0,0,0,low_activity,0,0,0,0,0,0,68640,149076,0.3695,-7934,-25,31,29,58,55,3
1774107823,55,42,0,0,0,0,low_activity,0,0,0,0,low_activity,0,0,0,0,low_activity,0,0,0,0,0,0,76465,149076,0.3219,1721,-93,32,29,58,55,3
1774107824,55,43,0,0,0,0,low_activity,0,0,0,0,low_activity,0,0,0,0,low_activity,0,0,0,0,0,0,76505,149076,0.3217,177,7729,33,29,57,55,2
1774107825,55,42,0,0,0,0,low_activity,0,0,0,0,low_activity,0,0,0,0,low_activity,0,0,0,0,0,0,76264,149076,0.3231,7624,5304,31,29,58,55,3
1774107826,55,43,0,0,0,0,no_volume,0,0,0,0,low_activity,0,0,0,0,low_activity,0,0,0,0,0,0,83606,147588,0.2767,7141,7331,32,29,57,55,2
1774107827,55,44,0,0,0,0,no_volume,0,0,0,0,low_activity,0,0,0,0,low_activity,0,0,0,0,0,0,131159,150299,0.068,54654,54699,33,29,56,55,1
1774107828,55,44,0,0,0,0,low_activity,0,0,0,0,low_activity,0,0,0,0,low_activity,0,0,0,0,0,0,141785,145130,0.0117,65521,73047,32,29,56,55,1
1774107829,55,44,0,0,0,0,low_activity,0,0,0,0,low_activity,0,0,0,0,low_activity,0,0,0,0,0,0,141591,145097,0.0122,57985,65017,32,29,56,55,1
1774107830,55,44,0,0,0,0,low_activity,0,0,0,0,low_activity,0,0,0,0,low_activity,0,0,0,0,0,0,142854,145876,0.0105,11695,68110,32,29,56,55,1
1774107831,55,44,0,0,0,0,no_volume,0,0,0,0,low_activity,0,0,0,0,low_activity,0,0,0,0,0,0,142854,130876,-0.0438,1069,66526,32,28,56,55,1
1774107832,55,44,0,0,0,0,no_volume,0,0,0,0,low_activity,0,0,0,0,low_activity,0,0,0,0,0,0,140815,113422,-0.1077,-776,72175,32,28,56,55,1
1774107833,54,44,0,0,0,0,low_activity,0,0,0,0,low_activity,0,0,0,0,low_activity,0,0,0,0,0,0,140305,109610,-0.1228,-2549,63840,33,28,56,54,2
1774107834,54,44,0,0,0,0,low_activity,0,0,0,0,low_activity,0,0,0,0,low_activity,0,0,0,0,0,0,140519,109900,-0.1223,-2335,64014,33,29,56,54,2
1774107835,54,44,0,0,0,0,low_activity,0,0,0,0,low_activity,0,0,0,0,low_activity,0,0,0,0,0,0,142254,124911,-0.0649,1439,65990,33,28,56,54,2
1774107836,54,44,0,0,0,0,no_volume,0,0,0,0,low_activity,0,0,0,0,low_activity,0,0,0,0,0,0,143006,124172,-0.0705,2701,59400,33,29,56,54,2
1774107837,54,44,0,0,0,0,no_volume,0,0,0,0,low_activity,0,0,0,0,low_activity,0,0,0,0,0,0,142709,125660,-0.0635,2190,11550,33,29,56,54,2
1774107838,54,44,0,0,0,0,no_volume,0,0,0,0,no_volume,0,0,0,0,low_activity,0,0,0,0,0,0,141261,124694,-0.0623,-993,-524,33,28,56,54,2
1774107839,54,44,0,0,0,0,no_volume,0,0,0,0,no_volume,0,0,0,0,low_activity,0,0,0,0,0,0,142227,125660,-0.0618,-779,636,33,29,56,54,2
1774107840,54,44,0,0,0,0,low_activity,0,0,0,0,low_activity,0,0,0,0,low_activity,0,0,0,0,0,0,142227,125842,-0.0611,-482,-627,33,30,56,54,2
1774107841,54,44,0,0,0,0,low_activity,0,0,0,0,low_activity,0,0,0,0,low_activity,0,0,0,0,0,0,141180,109097,-0.1282,-81,-1674,32,28,56,54,2
1774107842,54,45,0,0,0,0,low_activity,0,0,0,0,low_activity,0,0,0,0,low_activity,0,0,0,0,0,0,148665,124881,-0.0869,6438,7850,33,29,55,54,1
1774107843,54,45,0,0,0,0,no_volume,0,0,0,0,low_activity,0,0,0,0,low_activity,0,0,0,0,0,0,149147,108393,-0.1582,6920,8842,33,29,55,54,1
1774107844,54,45,0,0,0,0,no_volume,0,0,0,0,low_activity,0,0,0,0,low_activity,0,0,0,0,0,0,148181,123915,-0.0892,7001,7662,32,29,55,54,1
1774107845,54,45,0,0,0,0,no_volume,0,0,0,0,no_volume,0,0,0,0,low_activity,0,0,0,0,0,0,149798,109881,-0.1537,1133,7544,32,29,55,54,1
1774107846,54,45,0,0,0,0,low_activity,0,0,0,0,low_activity,0,0,0,0,low_activity,0,0,0,0,0,0,149200,125073,-0.088,53,6194,32,30,55,54,1
1774107847,54,45,0,0,0,0,low_activity,0,0,0,0,low_activity,0,0,0,0,low_activity,0,0,0,0,0,0,147968,122427,-0.0945,-213,5259,32,28,55,54,1
1774107848,54,45,0,0,0,0,low_activity,0,0,0,0,low_activity,0,0,0,0,low_activity,0,0,0,0,0,0,148934,124172,-0.0907,-864,7673,34,29,55,54,1
1774107849,54,45,0,0,0,0,low_activity,0,0,0,0,low_activity,0,0,0,0,low_activity,0,0,0,0,0,0,148934,125660,-0.0848,-266,6707,34,30,55,54,1
1774107850,54,45,0,0,0,0,no_volume,0,0,0,0,low_activity,0,0,0,0,low_activity,0,0,0,0,0,0,147501,109892,-0.1461,-467,5274,33,29,55,54,1
1774107851,54,45,0,0,0,0,no_volume,0,0,0,0,low_activity,0,0,0,0,low_activity,0,0,0,0,0,0,149243,125858,-0.085,309,8063,34,31,55,54,1
1774107852,54,45,0,0,0,0,no_volume,0,0,0,0,no_volume,0,0,0,0,low_activity,0,0,0,0,0,0,149059,124172,-0.0911,125,394,34,31,55,54,1
1774107853,54,45,0,0,0,0,no_volume,0,0,0,0,no_volume,0,0,0,0,low_activity,0,0,0,0,0,0,147314,124694,-0.0832,-187,-1833,33,28,55,54,1
1774107854,54,45,0,0,0,0,no_volume,0,0,0,0,no_volume,0,0,0,0,low_activity,0,0,0,0,0,0,148280,125660,-0.0826,-963,99,33,28,55,54,1
1774107855,54,45,0,0,0,0,no_volume,0,0,0,0,no_volume,0,0,0,0,low_activity,0,0,0,0,0,0,148461,110840,-0.1451,-598,-1337,33,27,55,54,1
1774107856,54,45,0,0,0,0,no_volume,0,0,0,0,no_volume,0,0,0,0,low_activity,0,0,0,0,0,0,148461,124874,-0.0863,1147,-739,33,27,55,54,1
1774107857,54,45,0,0,0,0,low_activity,0,0,0,0,low_activity,0,0,0,0,low_activity,0,0,0,0,0,0,149226,110635,-0.1485,946,1258,35,26,55,54,1
1774107858,54,45,0,0,0,0,low_activity,0,0,0,0,low_activity,0,0,0,0,low_activity,0,0,0,0,0,0,149226,109856,-0.152,765,292,35,26,55,54,1
1774107859,54,45,0,0,0,0,low_activity,0,0,0,0,low_activity,0,0,0,0,low_activity,0,0,0,0,0,0,149042,123857,-0.0923,581,108,34,29,55,54,1
1774107860,54,45,0,0,0,0,no_volume,0,0,0,0,low_activity,0,0,0,0,low_activity,0,0,0,0,0,0,149244,125042,-0.0882,18,1743,34,29,55,54,1
1774107861,54,45,0,0,0,0,no_volume,0,0,0,0,low_activity,0,0,0,0,low_activity,0,0,0,0,0,0,149030,125042,-0.0875,-196,-213,34,29,55,54,1
1774107862,53,45,0,0,0,0,no_volume,0,0,0,0,no_volume,0,0,0,0,low_activity,0,0,0,0,0,0,147527,50678,-0.4886,-1515,-1532,32,28,55,53,2
1774107863,53,45,0,0,0,0,no_volume,0,0,0,0,no_volume,0,0,0,0,low_activity,0,0,0,0,0,0,146034,64450,-0.3876,-3210,-1280,32,26,55,53,2
1774107864,53,45,0,0,0,0,no_volume,0,0,0,0,no_volume,0,0,0,0,low_activity,0,0,0,0,0,0,146250,66151,-0.3771,-2780,-2030,32,29,55,53,2
1774107865,53,45,0,0,0,0,no_volume,0,0,0,0,no_volume,0,0,0,0,low_activity,0,0,0,0,0,0,146250,46393,-0.5184,-1277,-2211,32,29,55,53,2
1774107866,54,45,0,0,0,0,no_volume,0,0,0,0,no_volume,0,0,0,0,low_activity,0,0,0,0,0,0,146017,78668,-0.2997,-17,-2444,31,28,55,54,1
1774107867,54,45,0,0,0,0,no_volume,0,0,0,0,no_volume,0,0,0,0,low_activity,0,0,0,0,0,0,146034,85083,-0.2637,-216,-3192,31,28,55,54,1
1774107868,54,45,0,0,0,0,low_activity,0,0,0,0,low_activity,0,0,0,0,low_activity,0,0,0,0,0,0,143888,85049,-0.257,-2362,-5338,30,28,55,54,1
1774107869,54,45,0,0,0,0,low_activity,0,0,0,0,low_activity,0,0,0,0,low_activity,0,0,0,0,0,0,146021,68783,-0.3596,4,-3021,31,28,55,54,1
1774107870,54,45,0,0,0,0,low_activity,0,0,0,0,low_activity,0,0,0,0,low_activity,0,0,0,0,0,0,146021,85271,-0.2627,-13,-3223,31,28,55,54,1
1774107871,54,45,0,0,0,0,low_activity,0,0,0,0,low_activity,0,0,0,0,low_activity,0,0,0,0,0,0,146024,85082,-0.2637,2136,-3006,31,27,55,54,1
1774107872,54,45,0,0,0,0,low_activity,0,0,0,0,low_activity,0,0,0,0,low_activity,0,0,0,0,0,0,146024,92130,-0.2263,3,-1503,31,28,55,54,1
1774107873,54,45,0,0,0,0,no_volume,0,0,0,0,low_activity,0,0,0,0,low_activity,0,0,0,0,0,0,146024,92130,-0.2263,3,-10,31,28,55,54,1
1774107874,54,45,0,0,0,0,no_volume,0,0,0,0,low_activity,0,0,0,0,low_activity,0,0,0,0,0,0,146024,85595,-0.2609,0,-226,31,29,55,54,1
1774107875,54,45,0,0,0,0,no_volume,0,0,0,0,no_volume,0,0,0,0,low_activity,0,0,0,0,0,0,146024,85628,-0.2607,0,-226,31,29,55,54,1
1774107876,54,45,0,0,0,0,no_volume,0,0,0,0,no_volume,0,0,0,0,low_activity,0,0,0,0,0,0,146024,85420,-0.2619,0,7,31,28,55,54,1
1774107877,54,45,0,0,0,0,no_volume,0,0,0,0,no_volume,0,0,0,0,low_activity,0,0,0,0,0,0,146024,85433,-0.2618,0,-10,31,28,55,54,1
1774107878,54,45,0,0,0,0,low_activity,0,0,0,0,low_activity,0,0,0,0,low_activity,0,0,0,0,0,0,145998,85400,-0.2619,-26,2110,31,28,55,54,1
1774107879,54,45,0,0,0,0,low_activity,0,0,0,0,low_activity,0,0,0,0,low_activity,0,0,0,0,0,0,147491,70617,-0.3525,1467,1470,31,29,55,54,1
1774107880,54,45,0,0,0,0,low_activity,0,0,0,0,low_activity,0,0,0,0,low_activity,0,0,0,0,0,0,145998,85433,-0.2617,-26,-23,31,29,55,54,1
1774107881,54,45,0,0,0,0,no_volume,0,0,0,0,low_activity,0,0,0,0,low_activity,0,0,0,0,0,0,145998,100433,-0.1849,0,-26,31,28,55,54,1
1774107882,54,45,0,0,0,0,no_volume,0,0,0,0,low_activity,0,0,0,0,low_activity,0,0,0,0,0,0,145998,100433,-0.1849,-1493,-26,31,28,55,54,1
1774107883,54,45,0,0,0,0,no_volume,0,0,0,0,no_volume,0,0,0,0,low_activity,0,0,0,0,0,0,145990,100433,-0.1849,-8,-34,31,28,55,54,1
1774107884,54,45,0,0,0,0,no_volume,0,0,0,0,no_volume,0,0,0,0,low_activity,0,0,0,0,0,0,145998,100640,-0.1839,0,-26,31,29,55,54,1
1774107885,54,45,0,0,0,0,no_volume,0,0,0,0,no_volume,0,0,0,0,low_activity,0,0,0,0,0,0,145990,100640,-0.1839,-8,-34,31,29,55,54,1
1774107886,54,45,0,0,0,0,low_activity,0,0,0,0,low_activity,0,0,0,0,low_activity,0,0,0,0,0,0,145920,100400,-0.1848,-70,-104,31,28,55,54,1
1774107887,54,45,0,0,0,0,low_activity,0,0,0,0,low_activity,0,0,0,0,low_activity,0,0,0,0,0,0,145820,100392,-0.1845,-178,-204,31,28,55,54,1
1774107888,54,45,0,0,0,0,low_activity,0,0,0,0,low_activity,0,0,0,0,low_activity,0,0,0,0,0,0,145820,100392,-0.1845,-170,-178,31,28,55,54,1
1774107889,54,45,0,0,0,0,low_activity,0,0,0,0,low_activity,0,0,0,0,low_activity,0,0,0,0,0,0,145820,100631,-0.1834,-100,-1671,31,29,55,54,1
1774107890,54,45,0,0,0,0,no_volume,0,0,0,0,low_activity,0,0,0,0,low_activity,0,0,0,0,0,0,147313,100631,-0.1883,1493,1315,31,29,55,54,1
1774107891,54,45,0,0,0,0,no_volume,0,0,0,0,low_activity,0,0,0,0,low_activity,0,0,0,0,0,0,145820,85425,-0.2612,0,-178,31,28,55,54,1
1774107892,54,45,0,0,0,0,no_volume,0,0,0,0,no_volume,0,0,0,0,low_activity,0,0,0,0,0,0,148494,85425,-0.2696,2674,2496,31,28,55,54,1
1774107893,54,45,0,0,0,0,no_volume,0,0,0,0,no_volume,0,0,0,0,low_activity,0,0,0,0,0,0,153756,85433,-0.2856,6443,7766,31,28,55,54,1
1774107894,53,46,0,0,0,0,no_volume,0,0,0,0,no_volume,0,0,0,0,low_activity,0,0,0,0,0,0,159778,60841,-0.4485,13958,13780,32,26,54,53,1
1774107895,53,46,0,0,0,0,no_volume,0,0,0,0,no_volume,0,0,0,0,low_activity,0,0,0,0,0,0,159778,66096,-0.4148,11284,13788,32,28,54,53,1
1774107896,53,46,0,0,0,0,no_volume,0,0,0,0,no_volume,0,0,0,0,low_activity,0,0,0,0,0,0,159778,66130,-0.4145,6022,13858,32,29,54,53,1
1774107897,53,46,0,0,0,0,no_volume,0,0,0,0,no_volume,0,0,0,0,low_activity,0,0,0,0,0,0,159778,50930,-0.5166,0,13958,32,26,54,53,1
1774107898,53,46,0,0,0,0,no_volume,0,0,0,0,no_volume,0,0,0,0,low_activity,0,0,0,0,0,0,159778,65930,-0.4158,0,13958,32,28,54,53,1
1774107899,53,46,0,0,0,0,no_volume,0,0,0,0,no_volume,0,0,0,0,low_activity,0,0,0,0,0,0,159778,61284,-0.4455,0,13958,32,29,54,53,1
1774107900,53,46,0,0,0,0,no_volume,0,0,0,0,no_volume,0,0,0,0,low_activity,0,0,0,0,0,0,94958,14284,-0.7385,-64820,-52355,30,29,54,53,1
1774107901,53,46,0,0,0,0,no_volume,0,0,0,0,no_volume,0,0,0,0,low_activity,0,0,0,0,0,0,160046,65897,-0.4167,268,14226,32,31,54,53,1
1774107902,53,46,0,0,0,0,no_volume,0,0,0,0,no_volume,0,0,0,0,low_activity,0,0,0,0,0,0,160079,65897,-0.4168,301,11585,32,31,54,53,1
1774107903,53,46,0,0,0,0,no_volume,0,0,0,0,no_volume,0,0,0,0,low_activity,0,0,0,0,0,0,161209,115871,-0.1636,66251,7453,32,30,54,53,1
1774107904,53,46,0,0,0,0,low_activity,0,0,0,0,low_activity,0,0,0,0,low_activity,0,0,0,0,0,0,161120,121512,-0.1401,1074,1342,32,29,54,53,1
1774107905,53,46,0,0,0,0,low_activity,0,0,0,0,low_activity,0,0,0,0,low_activity,0,0,0,0,0,0,161120,122818,-0.1349,1041,1342,32,28,54,53,1
1774107906,53,46,0,0,0,0,low_activity,0,0,0,0,low_activity,0,0,0,0,low_activity,0,0,0,0,0,0,161120,122818,-0.1349,-89,1342,32,28,54,53,1
1774107907,53,46,0,0,0,0,no_volume,0,0,0,0,low_activity,0,0,0,0,low_activity,0,0,0,0,0,0,161417,124081,-0.1308,297,1639,32,28,54,53,1
1774107908,53,46,0,0,0,0,no_volume,0,0,0,0,low_activity,0,0,0,0,low_activity,0,0,0,0,0,0,161922,121530,-0.1425,802,2144,32,28,54,53,1
1774107909,53,46,0,0,0,0,low_activity,0,0,0,0,low_activity,0,0,0,0,low_activity,0,0,0,0,0,0,161743,123018,-0.136,623,1965,32,29,54,53,1
1774107910,53,46,0,0,0,0,low_activity,0,0,0,0,low_activity,0,0,0,0,low_activity,0,0,0,0,0,0,161726,122818,-0.1367,309,66768,32,28,54,53,1
1774107911,53,46,0,0,0,0,low_activity,0,0,0,0,low_activity,0,0,0,0,low_activity,0,0,0,0,0,0,161726,122810,-0.1368,-196,1680,32,28,54,53,1
1774107912,53,46,0,0,0,0,low_activity,0,0,0,0,low_activity,0,0,0,0,low_activity,0,0,0,0,0,0,161726,130172,-0.1081,-17,1647,32,29,54,53,1
1774107913,53,46,0,0,0,0,no_volume,0,0,0,0,low_activity,0,0,0,0,low_activity,0,0,0,0,0,0,159761,65839,-0.4163,-1965,-1448,32,28,54,53,1
1774107914,53,46,0,0,0,0,no_volume,0,0,0,0,low_activity,0,0,0,0,low_activity,0,0,0,0,0,0,159761,65912,-0.4159,-1965,-1359,32,30,54,53,1
1774107915,53,46,0,0,0,0,no_volume,0,0,0,0,no_volume,0,0,0,0,low_activity,0,0,0,0,0,0,159761,65879,-0.4161,-1965,-1359,32,25,54,53,1
1774107916,53,46,0,0,0,0,no_volume,0,0,0,0,no_volume,0,0,0,0,low_activity,0,0,0,0,0,0,159761,65879,-0.4161,0,-1359,32,27,54,53,1
1774107917,53,46,0,0,0,0,low_activity,0,0,0,0,low_activity,0,0,0,0,low_activity,0,0,0,0,0,0,159587,66065,-0.4145,-174,-1830,32,26,54,53,1
1774107918,53,46,0,0,0,0,low_activity,0,0,0,0,low_activity,0,0,0,0,low_activity,0,0,0,0,0,0,161652,119824,-0.1486,1891,-270,32,27,54,53,1
1774107919,53,46,0,0,0,0,low_activity,0,0,0,0,low_activity,0,0,0,0,low_activity,0,0,0,0,0,0,161652,107196,-0.2026,1891,-91,32,27,54,53,1
1774107920,53,46,0,0,0,0,low_activity,0,0,0,0,low_activity,0,0,0,0,low_activity,0,0,0,0,0,0,161640,122406,-0.1381,2053,-86,32,28,54,53,1
1774107921,53,46,0,0,0,0,low_activity,0,0,0,0,low_activity,0,0,0,0,low_activity,0,0,0,0,0,0,161640,123669,-0.1331,-12,-86,32,29,54,53,1
1774107922,53,46,0,0,0,0,low_activity,0,0,0,0,low_activity,0,0,0,0,low_activity,0,0,0,0,0,0,161640,123431,-0.134,-12,-86,32,27,54,53,1
1774107923,53,46,0,0,0,0,no_volume,0,0,0,0,low_activity,0,0,0,0,low_activity,0,0,0,0,0,0,161640,123150,-0.1352,0,1879,32,28,54,53,1
1774107924,53,46,0,0,0,0,no_volume,0,0,0,0,low_activity,0,0,0,0,low_activity,0,0,0,0,0,0,161640,129595,-0.11,0,1879,32,28,54,53,1
1774107925,53,46,0,0,0,0,no_volume,0,0,0,0,no_volume,0,0,0,0,low_activity,0,0,0,0,0,0,161640,131265,-0.1037,0,1879,32,32,54,53,1
1774107926,53,46,0,0,0,0,no_volume,0,0,0,0,no_volume,0,0,0,0,low_activity,0,0,0,0,0,0,161681,130299,-0.1075,41,1920,32,30,54,53,1
1774107927,53,46,0,0,0,0,no_volume,0,0,0,0,no_volume,0,0,0,0,low_activity,0,0,0,0,0,0,161681,131083,-0.1045,41,2094,32,30,54,53,1
1774107928,53,46,0,0,0,0,no_volume,0,0,0,0,no_volume,0,0,0,0,low_activity,0,0,0,0,0,0,161681,116083,-0.1642,41,29,32,29,54,53,1
1774107929,53,46,0,0,0,0,low_activity,0,0,0,0,low_activity,0,0,0,0,low_activity,0,0,0,0,0,0,161968,108348,-0.1984,287,316,32,29,54,53,1
1774107930,53,46,0,0,0,0,low_activity,0,0,0,0,low_activity,0,0,0,0,low_activity,0,0,0,0,0,0,161968,109116,-0.195,287,328,32,30,54,53,1
1774107931,53,46,0,0,0,0,low_activity,0,0,0,0,low_activity,0,0,0,0,low_activity,0,0,0,0,0,0,161968,124116,-0.1323,287,328,32,30,54,53,1
1774107932,53,46,0,0,0,0,no_volume,0,0,0,0,low_activity,0,0,0,0,low_activity,0,0,0,0,0,0,161968,108150,-0.1992,0,328,32,29,54,53,1
1774107933,53,46,0,0,0,0,low_activity,0,0,0,0,low_activity,0,0,0,0,low_activity,0,0,0,0,0,0,162884,124333,-0.1342,916,1244,32,28,54,53,1
1774107934,53,46,0,0,0,0,low_activity,0,0,0,0,low_activity,0,0,0,0,low_activity,0,0,0,0,0,0,162884,124333,-0.1342,916,1244,32,28,54,53,1
1774107935,53,46,0,0,0,0,low_activity,0,0,0,0,low_activity,0,0,0,0,low_activity,0,0,0,0,0,0,175077,124650,-0.1682,13109,13437,32,28,54,53,1
1774107936,53,46,0,0,0,0,no_volume,0,0,0,0,low_activity,0,0,0,0,low_activity,0,0,0,0,0,0,173577,124116,-0.1661,10693,11896,32,27,54,53,1
1774107937,53,46,0,0,0,0,no_volume,0,0,0,0,low_activity,0,0,0,0,low_activity,0,0,0,0,0,0,172611,123456,-0.166,9727,10930,32,28,54,53,1
1774107938,53,46,0,0,0,0,no_volume,0,0,0,0,no_volume,0,0,0,0,low_activity,0,0,0,0,0,0,172611,122490,-0.1698,-2466,10930,32,29,54,53,1
1774107939,53,46,0,0,0,0,no_volume,0,0,0,0,no_volume,0,0,0,0,low_activity,0,0,0,0,0,0,172522,123265,-0.1665,-1055,10554,32,30,54,53,1
1774107940,53,46,0,0,0,0,no_volume,0,0,0,0,no_volume,0,0,0,0,low_activity,0,0,0,0,0,0,172522,123265,-0.1665,-89,10554,32,31,54,53,1
1774107941,53,46,0,0,0,0,no_volume,0,0,0,0,no_volume,0,0,0,0,low_activity,0,0,0,0,0,0,172522,138456,-0.1095,-89,10554,32,30,54,53,1
1774107942,53,46,0,0,0,0,no_volume,0,0,0,0,no_volume,0,0,0,0,low_activity,0,0,0,0,0,0,159426,80837,-0.3271,-13096,-2542,32,28,54,53,1
1774107943,53,46,0,0,0,0,no_volume,0,0,0,0,no_volume,0,0,0,0,low_activity,0,0,0,0,0,0,159426,80646,-0.3282,-13096,-3458,32,28,54,53,1
1774107944,53,46,0,0,0,0,no_volume,0,0,0,0,no_volume,0,0,0,0,low_activity,0,0,0,0,0,0,162092,80687,-0.3353,-10430,-792,32,30,54,53,1
1774107945,53,46,0,0,0,0,low_activity,0,0,0,0,low_activity,0,0,0,0,low_activity,0,0,0,0,0,0,162097,93615,-0.2678,2671,-12980,33,28,54,53,1
1774107946,53,46,0,0,0,0,low_activity,0,0,0,0,low_activity,0,0,0,0,low_activity,0,0,0,0,0,0,162122,100165,-0.2362,2696,-11455,33,27,54,53,1
1774107947,53,46,0,0,0,0,low_activity,0,0,0,0,low_activity,0,0,0,0,low_activity,0,0,0,0,0,0,162122,100377,-0.2352,30,-10489,33,28,54,53,1
1774107948,53,46,0,0,0,0,no_volume,0,0,0,0,low_activity,0,0,0,0,low_activity,0,0,0,0,0,0,162122,100377,-0.2352,25,-10489,33,28,54,53,1
1774107949,53,46,0,0,0,0,no_volume,0,0,0,0,low_activity,0,0,0,0,low_activity,0,0,0,0,0,0,162122,100165,-0.2362,0,-10400,33,27,54,53,1
1774107950,53,46,0,0,0,0,no_volume,0,0,0,0,no_volume,0,0,0,0,low_activity,0,0,0,0,0,0,162122,100165,-0.2362,0,-10400,33,27,54,53,1
1774107951,53,46,0,0,0,0,no_volume,0,0,0,0,no_volume,0,0,0,0,low_activity,0,0,0,0,0,0,162122,70182,-0.3958,0,-10400,33,27,54,53,1
1774107952,53,46,0,0,0,0,no_volume,0,0,0,0,no_volume,0,0,0,0,low_activity,0,0,0,0,0,0,162122,85392,-0.31,0,2696,33,27,54,53,1
1774107953,53,46,0,0,0,0,no_volume,0,0,0,0,no_volume,0,0,0,0,low_activity,0,0,0,0,0,0,162122,85392,-0.31,0,2696,33,28,54,53,1
1774107954,53,46,0,0,0,0,no_volume,0,0,0,0,no_volume,0,0,0,0,low_activity,0,0,0,0,0,0,162122,85182,-0.3111,0,30,33,27,54,53,1
1774107955,53,46,0,0,0,0,no_volume,0,0,0,0,no_volume,0,0,0,0,low_activity,0,0,0,0,0,0,162122,70182,-0.3958,0,25,33,26,54,53,1
1774107956,53,46,0,0,0,0,low_activity,0,0,0,0,low_activity,0,0,0,0,low_activity,0,0,0,0,0,0,162106,85182,-0.3111,-16,-16,33,27,54,53,1
1774107957,53,46,0,0,0,0,low_activity,0,0,0,0,low_activity,0,0,0,0,low_activity,0,0,0,0,0,0,162106,85370,-0.3101,-16,-16,33,26,54,53,1
1774107958,53,46,0,0,0,0,low_activity,0,0,0,0,low_activity,0,0,0,0,low_activity,0,0,0,0,0,0,162094,85370,-0.31,-28,-28,33,27,54,53,1
1774107959,53,46,0,0,0,0,low_activity,0,0,0,0,low_activity,0,0,0,0,low_activity,0,0,0,0,0,0,162094,85182,-0.311,-12,-28,33,28,54,53,1
1774107960,53,46,0,0,0,0,low_activity,0,0,0,0,low_activity,0,0,0,0,low_activity,0,0,0,0,0,0,162094,70182,-0.3957,-12,-28,33,26,54,53,1
1774107961,53,46,0,0,0,0,no_volume,0,0,0,0,low_activity,0,0,0,0,low_activity,0,0,0,0,0,0,162094,100398,-0.235,0,-28,33,28,54,53,1
1774107962,53,46,0,0,0,0,no_volume,0,0,0,0,low_activity,0,0,0,0,low_activity,0,0,0,0,0,0,162094,100398,-0.235,0,-28,33,27,54,53,1
1774107963,53,46,0,0,0,0,low_activity,0,0,0,0,low_activity,0,0,0,0,low_activity,0,0,0,0,0,0,161824,100182,-0.2353,-270,-298,33,28,54,53,1
1774107964,53,46,0,0,0,0,low_activity,0,0,0,0,low_activity,0,0,0,0,low_activity,0,0,0,0,0,0,161824,100182,-0.2353,-270,-298,33,28,54,53,1
1774107965,53,46,0,0,0,0,low_activity,0,0,0,0,low_activity,0,0,0,0,low_activity,0,0,0,0,0,0,161824,100182,-0.2353,-270,-298,33,28,54,53,1
1774107966,53,46,0,0,0,0,no_volume,0,0,0,0,low_activity,0,0,0,0,low_activity,0,0,0,0,0,0,161824,100182,-0.2353,0,-282,33,29,54,53,1
1774107967,53,46,0,0,0,0,no_volume,0,0,0,0,low_activity,0,0,0,0,low_activity,0,0,0,0,0,0,161824,100395,-0.2343,0,-282,33,28,54,53,1
1774107968,53,46,0,0,0,0,no_volume,0,0,0,0,no_volume,0,0,0,0,low_activity,0,0,0,0,0,0,161824,85395,-0.3092,0,-270,33,28,54,53,1
1774107969,53,46,0,0,0,0,no_volume,0,0,0,0,no_volume,0,0,0,0,low_activity,0,0,0,0,0,0,161824,100182,-0.2353,0,-270,33,27,54,53,1
1774107970,53,46,0,0,0,0,no_volume,0,0,0,0,no_volume,0,0,0,0,low_activity,0,0,0,0,0,0,161824,100182,-0.2353,0,-270,33,28,54,53,1
1774107971,53,46,0,0,0,0,no_volume,0,0,0,0,no_volume,0,0,0,0,low_activity,0,0,0,0,0,0,161824,65896,-0.4213,0,-270,33,28,54,53,1
1774107972,53,46,0,0,0,0,no_volume,0,0,0,0,no_volume,0,0,0,0,low_activity,0,0,0,0,0,0,161834,65929,-0.4211,10,-260,33,28,54,53,1
1774107973,53,46,0,0,0,0,low_activity,0,0,0,0,low_activity,0,0,0,0,low_activity,0,0,0,0,0,0,162059,66112,-0.4205,235,235,33,29,54,53,1
1774107974,53,46,0,0,0,0,low_activity,0,0,0,0,low_activity,0,0,0,0,low_activity,0,0,0,0,0,0,162059,66124,-0.4204,235,235,33,29,54,53,1
1774107975,53,46,0,0,0,0,low_activity,0,0,0,0,low_activity,0,0,0,0,low_activity,0,0,0,0,0,0,174110,109585,-0.2274,12276,12286,33,28,54,53,1
1774107976,52,47,0,0,0,0,low_activity,0,0,0,0,low_activity,0,0,0,0,low_activity,0,0,0,0,0,0,164471,116618,-0.1702,2412,2647,34,28,53,52,1
1774107977,52,47,0,0,0,0,low_activity,0,0,0,0,low_activity,0,0,0,0,low_activity,0,0,0,0,0,0,175251,116610,-0.2009,13192,13427,34,27,53,52,1
1774107978,52,47,0,0,0,0,low_activity,0,0,0,0,low_activity,0,0,0,0,low_activity,0,0,0,0,0,0,175473,117873,-0.1964,1363,13649,34,28,53,52,1
1774107979,52,47,0,0,0,0,low_activity,0,0,0,0,low_activity,0,0,0,0,low_activity,0,0,0,0,0,0,175473,118071,-0.1955,11002,13649,34,29,53,52,1
1774107980,52,47,0,0,0,0,low_activity,0,0,0,0,low_activity,0,0,0,0,low_activity,0,0,0,0,0,0,175357,117774,-0.1964,106,13533,34,29,53,52,1
1774107981,52,47,0,0,0,0,low_activity,0,0,0,0,low_activity,0,0,0,0,low_activity,0,0,0,0,0,0,175060,124835,-0.1675,-413,13236,34,29,53,52,1
1774107982,52,47,0,0,0,0,low_activity,0,0,0,0,low_activity,0,0,0,0,low_activity,0,0,0,0,0,0,175060,125691,-0.1642,-413,13226,34,29,53,52,1
1774107983,52,47,0,0,0,0,low_activity,0,0,0,0,low_activity,0,0,0,0,low_activity,0,0,0,0,0,0,175060,124625,-0.1683,-297,13001,34,28,53,52,1
1774107984,52,47,0,0,0,0,low_activity,0,0,0,0,low_activity,0,0,0,0,low_activity,0,0,0,0,0,0,175916,124809,-0.1699,856,13857,34,29,53,52,1
1774107985,52,47,0,0,0,0,low_activity,0,0,0,0,low_activity,0,0,0,0,low_activity,0,0,0,0,0,0,175916,125591,-0.1669,856,1806,34,29,53,52,1
1774107986,52,47,0,0,0,0,no_volume,0,0,0,0,low_activity,0,0,0,0,low_activity,0,0,0,0,0,0,177027,123659,-0.1775,1967,12556,34,27,53,52,1
1774107987,52,47,0,0,0,0,no_volume,0,0,0,0,low_activity,0,0,0,0,low_activity,0,0,0,0,0,0,176171,123659,-0.1751,255,920,34,27,53,52,1
1774107988,52,47,0,0,0,0,no_volume,0,0,0,0,no_volume,0,0,0,0,low_activity,0,0,0,0,0,0,174349,123957,-0.1689,-1567,-1124,34,28,53,52,1
1774107989,52,47,0,0,0,0,no_volume,0,0,0,0,no_volume,0,0,0,0,low_activity,0,0,0,0,0,0,176171,123957,-0.174,-856,698,34,28,53,52,1
1774107990,52,47,0,0,0,0,no_volume,0,0,0,0,no_volume,0,0,0,0,low_activity,0,0,0,0,0,0,176171,123659,-0.1751,0,814,34,26,53,52,1
1774107991,52,47,0,0,0,0,no_volume,0,0,0,0,no_volume,0,0,0,0,low_activity,0,0,0,0,0,0,176171,123659,-0.1751,1822,1111,34,26,53,52,1
1774107992,52,47,0,0,0,0,low_activity,0,0,0,0,low_activity,0,0,0,0,low_activity,0,0,0,0,0,0,165302,124625,-0.1403,-10869,-9758,34,27,53,52,1
1774107993,52,47,0,0,0,0,low_activity,0,0,0,0,low_activity,0,0,0,0,low_activity,0,0,0,0,0,0,175749,123659,-0.174,-422,689,34,27,53,52,1
1774107994,52,47,0,0,0,0,low_activity,0,0,0,0,low_activity,0,0,0,0,low_activity,0,0,0,0,0,0,175567,123659,-0.1735,-604,-349,34,27,53,52,1
1774107995,52,47,0,0,0,0,low_activity,0,0,0,0,low_activity,0,0,0,0,low_activity,0,0,0,0,0,0,178567,124837,-0.1771,13265,2651,34,29,53,52,1
1774107996,52,47,0,0,0,0,low_activity,0,0,0,0,low_activity,0,0,0,0,low_activity,0,0,0,0,0,0,178567,124837,-0.1771,2818,1540,34,29,53,52,1
1774107997,52,47,0,0,0,0,no_volume,0,0,0,0,low_activity,0,0,0,0,low_activity,0,0,0,0,0,0,178567,124625,-0.1779,3000,2396,34,28,53,52,1
1774107998,52,47,0,0,0,0,low_activity,0,0,0,0,low_activity,0,0,0,0,low_activity,0,0,0,0,0,0,178567,124610,-0.178,0,4218,34,28,53,52,1
1774107999,52,47,0,0,0,0,low_activity,0,0,0,0,low_activity,0,0,0,0,low_activity,0,0,0,0,0,0,178567,124610,-0.178,0,2396,34,28,53,52,1
1774108000,52,47,0,0,0,0,low_activity,0,0,0,0,low_activity,0,0,0,0,low_activity,0,0,0,0,0,0,179414,125576,-0.1765,847,3243,34,29,53,52,1
1774108001,52,47,0,0,0,0,low_activity,0,0,0,0,low_activity,0,0,0,0,low_activity,0,0,0,0,0,0,179414,124797,-0.1795,847,3243,34,29,53,52,1
1774108002,52,47,0,0,0,0,low_activity,0,0,0,0,low_activity,0,0,0,0,low_activity,0,0,0,0,0,0,179414,124797,-0.1795,847,14112,34,29,53,52,1
1774108003,52,47,0,0,0,0,no_volume,0,0,0,0,low_activity,0,0,0,0,low_activity,0,0,0,0,0,0,179414,124610,-0.1803,0,3665,34,28,53,52,1
1774108004,52,47,0,0,0,0,no_volume,0,0,0,0,low_activity,0,0,0,0,low_activity,0,0,0,0,0,0,179414,125576,-0.1765,0,3847,34,29,53,52,1
1774108005,52,47,0,0,0,0,no_volume,0,0,0,0,no_volume,0,0,0,0,low_activity,0,0,0,0,0,0,179314,119225,-0.2013,-100,747,34,28,53,52,1
1774108006,52,47,0,0,0,0,no_volume,0,0,0,0,no_volume,0,0,0,0,low_activity,0,0,0,0,0,0,173869,119418,-0.1857,-5545,-4698,34,29,53,52,1
1774108007,52,47,0,0,0,0,low_activity,0,0,0,0,low_activity,0,0,0,0,low_activity,0,0,0,0,0,0,173313,118251,-0.1889,-6101,-5254,34,29,53,52,1
1774108008,52,47,0,0,0,0,low_activity,0,0,0,0,low_activity,0,0,0,0,low_activity,0,0,0,0,0,0,173313,120191,-0.181,-6001,-5254,34,29,53,52,1
1774108009,52,47,0,0,0,0,low_activity,0,0,0,0,low_activity,0,0,0,0,low_activity,0,0,0,0,0,0,173313,120191,-0.181,-556,-5254,34,29,53,52,1
1774108010,52,47,0,0,0,0,no_volume,0,0,0,0,low_activity,0,0,0,0,low_activity,0,0,0,0,0,0,173313,120191,-0.181,0,-6101,34,29,53,52,1
1774108011,52,47,0,0,0,0,low_activity,0,0,0,0,low_activity,0,0,0,0,low_activity,0,0,0,0,0,0,173293,120404,-0.1801,-20,-6121,34,28,53,52,1
1774108012,52,47,0,0,0,0,low_activity,0,0,0,0,low_activity,0,0,0,0,low_activity,0,0,0,0,0,0,173293,120404,-0.1801,-20,-6121,34,28,53,52,1
1774108013,52,47,0,0,0,0,low_activity,0,0,0,0,low_activity,0,0,0,0,low_activity,0,0,0,0,0,0,174993,119258,-0.1894,1680,-4421,34,27,53,52,1
1774108014,52,47,0,0,0,0,low_activity,0,0,0,0,low_activity,0,0,0,0,low_activity,0,0,0,0,0,0,175822,119225,-0.1918,2529,-3592,34,27,53,52,1
1774108015,52,47,0,0,0,0,low_activity,0,0,0,0,low_activity,0,0,0,0,low_activity,0,0,0,0,0,0,175822,119407,-0.1911,2529,-3492,34,26,53,52,1
1774108016,52,47,0,0,0,0,low_activity,0,0,0,0,low_activity,0,0,0,0,low_activity,0,0,0,0,0,0,176683,118479,-0.1972,1690,2814,34,26,53,52,1
1774108017,52,47,0,0,0,0,no_volume,0,0,0,0,low_activity,0,0,0,0,low_activity,0,0,0,0,0,0,175827,118297,-0.1956,5,2514,34,27,53,52,1
1774108018,52,47,0,0,0,0,no_volume,0,0,0,0,low_activity,0,0,0,0,low_activity,0,0,0,0,0,0,175810,119243,-0.1917,-12,2497,34,28,53,52,1
1774108019,52,47,0,0,0,0,no_volume,0,0,0,0,no_volume,0,0,0,0,low_activity,0,0,0,0,0,0,175810,119243,-0.1917,-873,2497,34,28,53,52,1
1774108020,52,47,0,0,0,0,low_activity,0,0,0,0,low_activity,0,0,0,0,low_activity,0,0,0,0,0,0,175737,119428,-0.1908,-90,2424,34,29,53,52,1
1774108021,52,47,0,0,0,0,low_activity,0,0,0,0,low_activity,0,0,0,0,low_activity,0,0,0,0,0,0,176703,120394,-0.1895,893,3410,34,30,53,52,1
1774108022,52,47,0,0,0,0,low_activity,0,0,0,0,low_activity,0,0,0,0,low_activity,0,0,0,0,0,0,176703,120212,-0.1903,893,3410,34,29,53,52,1
1774108023,52,47,0,0,0,0,no_volume,0,0,0,0,low_activity,0,0,0,0,low_activity,0,0,0,0,0,0,176703,120212,-0.1903,966,1710,34,29,53,52,1
1774108024,51,47,0,0,0,0,no_volume,0,0,0,0,low_activity,0,0,0,0,low_activity,0,0,0,0,0,0,159088,46500,-0.5476,-17615,-16734,34,28,53,51,2
1774108025,50,47,0,0,0,0,no_volume,0,0,0,0,no_volume,0,0,0,0,low_activity,0,0,0,0,0,0,159105,51191,-0.5132,-17598,-16717,34,29,53,50,3
1774108026,50,48,0,0,0,0,no_volume,0,0,0,0,no_volume,0,0,0,0,low_activity,0,0,0,0,0,0,166117,61095,-0.4622,-10586,-10566,35,26,52,50,2
1774108027,50,48,0,0,0,0,no_volume,0,0,0,0,no_volume,0,0,0,0,low_activity,0,0,0,0,0,0,166117,65869,-0.4321,7029,-9710,35,26,52,50,2
1774108028,50,48,0,0,0,0,no_volume,0,0,0,0,no_volume,0,0,0,0,low_activity,0,0,0,0,0,0,166107,65902,-0.4319,7002,-9703,35,27,52,50,2
1774108029,50,48,0,0,0,0,no_volume,0,0,0,0,no_volume,0,0,0,0,low_activity,0,0,0,0,0,0,166107,66101,-0.4307,-10,-9703,35,28,52,50,2
1774108030,50,48,0,0,0,0,no_volume,0,0,0,0,no_volume,0,0,0,0,low_activity,0,0,0,0,0,0,166107,65851,-0.4322,-10,-9630,35,25,52,50,2
1774108031,51,48,0,0,0,0,no_volume,0,0,0,0,no_volume,0,0,0,0,low_activity,0,0,0,0,0,0,111019,72243,-0.2116,-55088,-65684,32,27,52,51,1
1774108032,51,48,0,0,0,0,no_volume,0,0,0,0,no_volume,0,0,0,0,low_activity,0,0,0,0,0,0,111012,77139,-0.18,-55095,-65691,32,26,52,51,1
1774108033,51,47,0,0,0,0,no_volume,0,0,0,0,no_volume,0,0,0,0,low_activity,0,0,0,0,0,0,111037,84938,-0.1332,-55070,-65666,32,25,53,51,2
1774108034,51,47,0,0,0,0,no_volume,0,0,0,0,no_volume,0,0,0,0,low_activity,0,0,0,0,0,0,111037,84793,-0.134,18,-48051,33,25,53,51,2
1774108035,51,47,0,0,0,0,low_activity,0,0,0,0,low_activity,0,0,0,0,low_activity,0,0,0,0,0,0,112013,69785,-0.2323,1001,-47092,31,25,53,51,2
1774108036,51,47,0,0,0,0,low_activity,0,0,0,0,low_activity,0,0,0,0,low_activity,0,0,0,0,0,0,112013,84785,-0.1384,976,-54104,32,25,53,51,2
1774108037,52,47,0,0,0,0,low_activity,0,0,0,0,low_activity,0,0,0,0,low_activity,0,0,0,0,0,0,111913,91241,-0.1018,876,-54204,31,27,53,52,1
1774108038,52,47,0,0,0,0,no_volume,0,0,0,0,low_activity,0,0,0,0,low_activity,0,0,0,0,0,0,111913,91241,-0.1018,-100,-54194,31,27,53,52,1
1774108039,52,47,0,0,0,0,no_volume,0,0,0,0,low_activity,0,0,0,0,low_activity,0,0,0,0,0,0,111913,76051,-0.1908,-100,-54194,31,26,53,52,1
1774108040,52,47,0,0,0,0,no_volume,0,0,0,0,no_volume,0,0,0,0,low_activity,0,0,0,0,0,0,110849,89566,-0.1062,-1064,-55258,31,27,53,52,1
1774108041,52,47,0,0,0,0,low_activity,0,0,0,0,low_activity,0,0,0,0,low_activity,0,0,0,0,0,0,110840,91054,-0.098,-1073,-179,31,28,53,52,1
1774108042,52,47,0,0,0,0,low_activity,0,0,0,0,low_activity,0,0,0,0,low_activity,0,0,0,0,0,0,110840,91272,-0.0968,-1073,-172,31,27,53,52,1
1774108043,52,47,0,0,0,0,low_activity,0,0,0,0,low_activity,0,0,0,0,low_activity,0,0,0,0,0,0,130401,117535,-0.0519,19552,19364,32,28,53,52,1
1774108044,52,47,0,0,0,0,no_volume,0,0,0,0,low_activity,0,0,0,0,low_activity,0,0,0,0,0,0,136118,123397,-0.049,25278,25081,32,28,53,52,1
1774108045,52,47,0,0,0,0,low_activity,0,0,0,0,low_activity,0,0,0,0,low_activity,0,0,0,0,0,0,147909,128913,-0.0686,37069,35896,34,28,53,52,1
1774108046,52,47,0,0,0,0,low_activity,0,0,0,0,low_activity,0,0,0,0,low_activity,0,0,0,0,0,0,148875,129879,-0.0681,18474,36862,34,29,53,52,1
1774108047,52,47,0,0,0,0,low_activity,0,0,0,0,low_activity,0,0,0,0,low_activity,0,0,0,0,0,0,148875,113175,-0.1362,12757,36962,34,28,53,52,1
1774108048,52,47,0,0,0,0,no_volume,0,0,0,0,low_activity,0,0,0,0,low_activity,0,0,0,0,0,0,147909,129663,-0.0657,0,35996,33,28,53,52,1
1774108049,52,47,0,0,0,0,no_volume,0,0,0,0,low_activity,0,0,0,0,low_activity,0,0,0,0,0,0,148199,114663,-0.1276,-676,36286,34,27,53,52,1
1774108050,52,47,0,0,0,0,no_volume,0,0,0,0,no_volume,0,0,0,0,low_activity,0,0,0,0,0,0,148199,114867,-0.1267,-676,37350,34,27,53,52,1
1774108051,52,47,0,0,0,0,no_volume,0,0,0,0,no_volume,0,0,0,0,low_activity,0,0,0,0,0,0,147233,144867,-0.0081,-676,36393,33,27,53,52,1
1774108052,52,47,0,0,0,0,no_volume,0,0,0,0,no_volume,0,0,0,0,low_activity,0,0,0,0,0,0,147233,144663,-0.0088,-966,36393,33,28,53,52,1
1774108053,52,47,0,0,0,0,low_activity,0,0,0,0,low_activity,0,0,0,0,low_activity,0,0,0,0,0,0,136641,144051,0.0264,-11558,6240,33,28,53,52,1
1774108054,52,47,0,0,0,0,low_activity,0,0,0,0,low_activity,0,0,0,0,low_activity,0,0,0,0,0,0,148249,145539,-0.0092,1016,12131,33,28,53,52,1
1774108055,52,47,0,0,0,0,low_activity,0,0,0,0,low_activity,0,0,0,0,low_activity,0,0,0,0,0,0,72901,141493,0.3199,-74332,-75008,32,27,53,52,1
1774108056,52,47,0,0,0,0,low_activity,0,0,0,0,low_activity,0,0,0,0,low_activity,0,0,0,0,0,0,81970,141698,0.267,-54671,-66905,37,27,53,52,1
1774108057,52,47,0,0,0,0,low_activity,0,0,0,0,low_activity,0,0,0,0,low_activity,0,0,0,0,0,0,75898,141698,0.3024,-72351,-72977,35,27,53,52,1
1774108058,52,47,0,0,0,0,no_volume,0,0,0,0,low_activity,0,0,0,0,low_activity,0,0,0,0,0,0,75730,141493,0.3027,2829,-72179,34,27,53,52,1
1774108059,52,47,0,0,0,0,no_volume,0,0,0,0,low_activity,0,0,0,0,low_activity,0,0,0,0,0,0,126948,143610,0.0616,44978,-21251,35,27,53,52,1
1774108060,52,47,0,0,0,0,no_volume,0,0,0,0,no_volume,0,0,0,0,low_activity,0,0,0,0,0,0,132126,138381,0.0231,56228,-16073,33,27,53,52,1
1774108061,52,47,0,0,0,0,low_activity,0,0,0,0,low_activity,0,0,0,0,low_activity,0,0,0,0,0,0,150392,124893,-0.0926,74662,3159,33,26,53,52,1
1774108062,52,47,0,0,0,0,low_activity,0,0,0,0,low_activity,0,0,0,0,low_activity,0,0,0,0,0,0,150578,126568,-0.0866,23630,3345,34,26,53,52,1
1774108063,52,47,0,0,0,0,low_activity,0,0,0,0,low_activity,0,0,0,0,low_activity,0,0,0,0,0,0,150578,126568,-0.0866,18452,13937,34,26,53,52,1
1774108064,52,47,0,0,0,0,no_volume,0,0,0,0,low_activity,0,0,0,0,low_activity,0,0,0,0,0,0,150689,125859,-0.0898,297,2440,33,26,53,52,1
1774108065,52,47,0,0,0,0,no_volume,0,0,0,0,low_activity,0,0,0,0,low_activity,0,0,0,0,0,0,150392,111381,-0.149,-186,77491,33,26,53,52,1
1774108066,52,47,0,0,0,0,no_volume,0,0,0,0,no_volume,0,0,0,0,low_activity,0,0,0,0,0,0,150574,126575,-0.0866,-4,68604,34,28,53,52,1
1774108067,52,47,0,0,0,0,low_activity,0,0,0,0,low_activity,0,0,0,0,low_activity,0,0,0,0,0,0,150574,128345,-0.0797,-115,74676,34,29,53,52,1
1774108068,52,47,0,0,0,0,low_activity,0,0,0,0,low_activity,0,0,0,0,low_activity,0,0,0,0,0,0,147652,127297,-0.074,-2740,71922,33,29,53,52,1
1774108069,52,47,0,0,0,0,low_activity,0,0,0,0,low_activity,0,0,0,0,low_activity,0,0,0,0,0,0,146050,112297,-0.1306,-4524,19102,33,27,53,52,1
1774108070,52,47,0,0,0,0,low_activity,0,0,0,0,low_activity,0,0,0,0,low_activity,0,0,0,0,0,0,148509,125809,-0.0828,-2065,16383,33,27,53,52,1
1774108071,52,47,0,0,0,0,no_volume,0,0,0,0,low_activity,0,0,0,0,low_activity,0,0,0,0,0,0,147206,127496,-0.0718,-446,-3186,34,29,53,52,1
1774108072,52,47,0,0,0,0,low_activity,0,0,0,0,low_activity,0,0,0,0,low_activity,0,0,0,0,0,0,147025,126530,-0.0749,975,-3553,34,28,53,52,1
1774108073,52,47,0,0,0,0,low_activity,0,0,0,0,low_activity,0,0,0,0,low_activity,0,0,0,0,0,0,146835,126298,-0.0752,-1674,-3743,33,27,53,52,1
1774108074,52,47,0,0,0,0,low_activity,0,0,0,0,low_activity,0,0,0,0,low_activity,0,0,0,0,0,0,145604,127297,-0.0671,-1602,-5085,33,28,53,52,1
1774108075,52,47,0,0,0,0,no_volume,0,0,0,0,low_activity,0,0,0,0,low_activity,0,0,0,0,0,0,145694,126545,-0.0703,-1331,-4698,35,28,53,52,1
1774108076,52,47,0,0,0,0,no_volume,0,0,0,0,low_activity,0,0,0,0,low_activity,0,0,0,0,0,0,145794,111545,-0.1331,-1041,-4780,35,28,53,52,1
1774108077,52,47,0,0,0,0,no_volume,0,0,0,0,no_volume,0,0,0,0,low_activity,0,0,0,0,0,0,146567,127296,-0.0704,963,-4007,34,28,53,52,1
1774108078,52,47,0,0,0,0,low_activity,0,0,0,0,low_activity,0,0,0,0,low_activity,0,0,0,0,0,0,145592,125773,-0.073,-102,-2060,34,28,53,52,1
1774108079,52,47,0,0,0,0,low_activity,0,0,0,0,low_activity,0,0,0,0,low_activity,0,0,0,0,0,0,143939,112261,-0.1236,-1855,-2111,33,28,53,52,1
1774108080,52,47,0,0,0,0,low_activity,0,0,0,0,low_activity,0,0,0,0,low_activity,0,0,0,0,0,0,134361,128260,-0.0232,-12206,-14148,33,29,53,52,1
1774108081,52,47,0,0,0,0,no_volume,0,0,0,0,low_activity,0,0,0,0,low_activity,0,0,0,0,0,0,134344,128260,-0.0232,-11248,-12862,32,28,53,52,1
1774108082,52,47,0,0,0,0,no_volume,0,0,0,0,low_activity,0,0,0,0,low_activity,0,0,0,0,0,0,134361,127483,-0.0263,-9578,-12664,33,28,53,52,1
1774108083,52,47,0,0,0,0,no_volume,0,0,0,0,no_volume,0,0,0,0,low_activity,0,0,0,0,0,0,135327,128449,-0.0261,966,-11508,33,28,53,52,1
1774108084,52,47,0,0,0,0,no_volume,0,0,0,0,no_volume,0,0,0,0,low_activity,0,0,0,0,0,0,145920,126772,-0.0702,11576,316,33,28,53,52,1
1774108085,52,47,0,0,0,0,low_activity,0,0,0,0,low_activity,0,0,0,0,low_activity,0,0,0,0,0,0,144949,128227,-0.0612,10588,-745,33,29,53,52,1
1774108086,52,47,0,0,0,0,low_activity,0,0,0,0,low_activity,0,0,0,0,low_activity,0,0,0,0,0,0,144949,128227,-0.0612,9622,-845,33,29,53,52,1
1774108087,52,47,0,0,0,0,low_activity,0,0,0,0,low_activity,0,0,0,0,low_activity,0,0,0,0,0,0,144949,129193,-0.0575,-971,-1618,33,29,53,52,1
1774108088,52,47,0,0,0,0,no_volume,0,0,0,0,low_activity,0,0,0,0,low_activity,0,0,0,0,0,0,144949,129375,-0.0568,0,-643,33,29,53,52,1
1774108089,52,47,0,0,0,0,no_volume,0,0,0,0,low_activity,0,0,0,0,low_activity,0,0,0,0,0,0,144949,129375,-0.0568,0,1010,33,29,53,52,1
1774108090,52,47,0,0,0,0,no_volume,0,0,0,0,no_volume,0,0,0,0,low_activity,0,0,0,0,0,0,144948,127738,-0.0631,-1,10587,32,28,53,52,1
1774108091,52,47,0,0,0,0,low_activity,0,0,0,0,low_activity,0,0,0,0,low_activity,0,0,0,0,0,0,134319,129193,-0.0195,-10630,-25,32,29,53,52,1
1774108092,52,47,0,0,0,0,low_activity,0,0,0,0,low_activity,0,0,0,0,low_activity,0,0,0,0,0,0,144863,128260,-0.0608,-86,10502,32,28,53,52,1
1774108093,52,47,0,0,0,0,low_activity,0,0,0,0,low_activity,0,0,0,0,low_activity,0,0,0,0,0,0,144863,127498,-0.0638,-85,9536,32,28,53,52,1
1774108094,52,47,0,0,0,0,no_volume,0,0,0,0,low_activity,0,0,0,0,low_activity,0,0,0,0,0,0,144863,127498,-0.0638,10544,-1057,32,28,53,52,1
1774108095,52,47,0,0,0,0,no_volume,0,0,0,0,low_activity,0,0,0,0,low_activity,0,0,0,0,0,0,147529,127294,-0.0736,2666,2580,32,27,53,52,1
1774108096,52,47,0,0,0,0,no_volume,0,0,0,0,no_volume,0,0,0,0,low_activity,0,0,0,0,0,0,147529,126772,-0.0757,2666,2580,32,26,53,52,1
1774108097,52,47,0,0,0,0,no_volume,0,0,0,0,no_volume,0,0,0,0,low_activity,0,0,0,0,0,0,147529,128456,-0.0691,2666,2580,32,27,53,52,1
1774108098,52,47,0,0,0,0,low_activity,0,0,0,0,low_activity,0,0,0,0,low_activity,0,0,0,0,0,0,147520,126491,-0.0767,-9,2571,32,29,53,52,1
1774108099,52,47,0,0,0,0,low_activity,0,0,0,0,low_activity,0,0,0,0,low_activity,0,0,0,0,0,0,148572,127294,-0.0771,1043,3623,32,29,53,52,1
1774108100,52,47,0,0,0,0,low_activity,0,0,0,0,low_activity,0,0,0,0,low_activity,0,0,0,0,0,0,148572,127294,-0.0771,1043,3624,32,30,53,52,1
1774108101,52,47,0,0,0,0,low_activity,0,0,0,0,low_activity,0,0,0,0,low_activity,0,0,0,0,0,0,148572,141328,-0.025,1052,14253,32,28,53,52,1
1774108102,52,47,0,0,0,0,low_activity,0,0,0,0,low_activity,0,0,0,0,low_activity,0,0,0,0,0,0,148572,142442,-0.0211,0,3709,32,30,53,52,1
1774108103,52,47,0,0,0,0,low_activity,0,0,0,0,low_activity,0,0,0,0,low_activity,0,0,0,0,0,0,148572,142442,-0.0211,0,3709,32,30,53,52,1
1774108104,52,47,0,0,0,0,low_activity,0,0,0,0,low_activity,0,0,0,0,low_activity,0,0,0,0,0,0,148572,142256,-0.0217,0,3709,32,29,53,52,1
1774108105,52,47,0,0,0,0,no_volume,0,0,0,0,low_activity,0,0,0,0,low_activity,0,0,0,0,0,0,148572,142256,-0.0217,0,1043,32,29,53,52,1
1774108106,52,47,0,0,0,0,no_volume,0,0,0,0,low_activity,0,0,0,0,low_activity,0,0,0,0,0,0,148572,142289,-0.0216,0,1043,32,29,53,52,1
1774108107,52,47,0,0,0,0,no_volume,0,0,0,0,no_volume,0,0,0,0,low_activity,0,0,0,0,0,0,148572,147634,-0.0032,0,1043,32,30,53,52,1
1774108108,52,47,0,0,0,0,no_volume,0,0,0,0,no_volume,0,0,0,0,low_activity,0,0,0,0,0,0,148572,147634,-0.0032,0,1052,32,30,53,52,1
1774108109,52,47,0,0,0,0,low_activity,0,0,0,0,low_activity,0,0,0,0,low_activity,0,0,0,0,0,0,75588,141330,0.3031,-72984,-72984,31,29,53,52,1
1774108110,52,47,0,0,0,0,low_activity,0,0,0,0,low_activity,0,0,0,0,low_activity,0,0,0,0,0,0,75736,141330,0.3022,-72836,-72836,31,29,53,52,1
1774108111,52,47,0,0,0,0,low_activity,0,0,0,0,low_activity,0,0,0,0,low_activity,0,0,0,0,0,0,75586,141546,0.3038,-72986,-72986,31,30,53,52,1
1774108112,52,47,0,0,0,0,no_volume,0,0,0,0,low_activity,0,0,0,0,low_activity,0,0,0,0,0,0,75620,126546,0.2519,32,-72952,32,29,53,52,1
1774108113,52,47,0,0,0,0,no_volume,0,0,0,0,low_activity,0,0,0,0,low_activity,0,0,0,0,0,0,75620,126363,0.2512,-116,-72952,32,29,53,52,1
1774108114,52,47,0,0,0,0,no_volume,0,0,0,0,no_volume,0,0,0,0,low_activity,0,0,0,0,0,0,75620,124875,0.2457,34,-72952,32,28,53,52,1
1774108115,52,47,0,0,0,0,no_volume,0,0,0,0,no_volume,0,0,0,0,low_activity,0,0,0,0,0,0,81989,126258,0.2126,6369,-66583,32,28,53,52,1
1774108116,52,46,0,0,0,0,no_volume,0,0,0,0,no_volume,0,0,0,0,low_activity,0,0,0,0,0,0,90086,126217,0.167,14466,-58486,31,28,54,52,2
1774108117,52,46,0,0,0,0,low_activity,0,0,0,0,low_activity,0,0,0,0,low_activity,0,0,0,0,0,0,96195,124522,0.1283,20575,-52377,31,26,54,52,2
1774108118,52,47,0,0,0,0,low_activity,0,0,0,0,low_activity,0,0,0,0,low_activity,0,0,0,0,0,0,115237,124507,0.0387,33248,-33335,34,26,53,52,1
1774108119,52,47,0,0,0,0,low_activity,0,0,0,0,low_activity,0,0,0,0,low_activity,0,0,0,0,0,0,115052,126244,0.0464,24966,39464,33,27,53,52,1
1774108120,52,47,0,0,0,0,no_volume,0,0,0,0,low_activity,0,0,0,0,low_activity,0,0,0,0,0,0,115052,126244,0.0464,18857,39316,33,26,53,52,1
1774108121,52,47,0,0,0,0,no_volume,0,0,0,0,low_activity,0,0,0,0,low_activity,0,0,0,0,0,0,115052,112028,-0.0133,-185,39466,33,26,53,52,1
1774108122,52,47,0,0,0,0,no_volume,0,0,0,0,no_volume,0,0,0,0,low_activity,0,0,0,0,0,0,115042,141211,0.1021,-10,39422,33,28,53,52,1
1774108123,52,47,0,0,0,0,no_volume,0,0,0,0,no_volume,0,0,0,0,low_activity,0,0,0,0,0,0,115042,141219,0.1021,-10,39422,34,29,53,52,1
1774108124,52,47,0,0,0,0,no_volume,0,0,0,0,no_volume,0,0,0,0,low_activity,0,0,0,0,0,0,115042,139548,0.0963,-10,39422,34,26,53,52,1
1774108125,52,47,0,0,0,0,low_activity,0,0,0,0,low_activity,0,0,0,0,low_activity,0,0,0,0,0,0,115033,141003,0.1014,-9,33044,34,27,53,52,1
1774108126,52,47,0,0,0,0,low_activity,0,0,0,0,low_activity,0,0,0,0,low_activity,0,0,0,0,0,0,115041,141215,0.1021,-1,24955,34,29,53,52,1
1774108127,52,47,0,0,0,0,low_activity,0,0,0,0,low_activity,0,0,0,0,low_activity,0,0,0,0,0,0,115041,126248,0.0464,-1,18846,34,28,53,52,1
1774108128,52,47,0,0,0,0,low_activity,0,0,0,0,low_activity,0,0,0,0,low_activity,0,0,0,0,0,0,115041,140942,0.1012,8,-196,34,28,53,52,1
1774108129,52,47,0,0,0,0,low_activity,0,0,0,0,low_activity,0,0,0,0,low_activity,0,0,0,0,0,0,115041,140893,0.101,0,-11,34,29,53,52,1
1774108130,52,47,0,0,0,0,low_activity,0,0,0,0,low_activity,0,0,0,0,low_activity,0,0,0,0,0,0,117707,141117,0.0904,2666,2655,34,28,53,52,1
1774108131,52,47,0,0,0,0,low_activity,0,0,0,0,low_activity,0,0,0,0,low_activity,0,0,0,0,0,0,117695,141084,0.0904,2654,2643,34,28,53,52,1
1774108132,52,47,0,0,0,0,low_activity,0,0,0,0,low_activity,0,0,0,0,low_activity,0,0,0,0,0,0,117695,125926,0.0338,2654,2653,34,26,53,52,1
1774108133,52,47,0,0,0,0,low_activity,0,0,0,0,low_activity,0,0,0,0,low_activity,0,0,0,0,0,0,117695,125926,0.0338,-12,2653,34,26,53,52,1
1774108134,52,47,0,0,0,0,no_volume,0,0,0,0,low_activity,0,0,0,0,low_activity,0,0,0,0,0,0,117695,124648,0.0287,0,2653,34,27,53,52,1
1774108135,52,46,0,0,0,0,no_volume,0,0,0,0,low_activity,0,0,0,0,low_activity,0,0,0,0,0,0,79058,126103,0.2293,-38637,-35975,33,29,54,52,2
1774108136,52,46,0,0,0,0,no_volume,0,0,0,0,no_volume,0,0,0,0,low_activity,0,0,0,0,0,0,68276,125893,0.2967,-49419,-46765,32,27,54,52,2
1774108137,52,46,0,0,0,0,no_volume,0,0,0,0,no_volume,0,0,0,0,low_activity,0,0,0,0,0,0,70641,123971,0.274,-47054,-44400,33,28,54,52,2
1774108138,53,46,0,0,0,0,no_volume,0,0,0,0,no_volume,0,0,0,0,low_activity,0,0,0,0,0,0,75948,124633,0.2427,-3110,-39093,33,29,54,53,1
1774108139,53,46,0,0,0,0,no_volume,0,0,0,0,no_volume,0,0,0,0,low_activity,0,0,0,0,0,0,73777,125892,0.261,5501,-41264,33,27,54,53,1
1774108140,53,46,0,0,0,0,low_activity,0,0,0,0,low_activity,0,0,0,0,low_activity,0,0,0,0,0,0,75601,125892,0.2496,4960,-42106,31,27,54,53,1
1774108141,53,46,0,0,0,0,low_activity,0,0,0,0,low_activity,0,0,0,0,low_activity,0,0,0,0,0,0,77654,126104,0.2378,1706,-40041,32,29,54,53,1
1774108142,52,46,0,0,0,0,low_activity,0,0,0,0,low_activity,0,0,0,0,low_activity,0,0,0,0,0,0,73788,126103,0.2617,11,-43907,33,27,54,52,2
1774108143,52,46,0,0,0,0,no_volume,0,0,0,0,low_activity,0,0,0,0,low_activity,0,0,0,0,0,0,75549,125926,0.25,-52,-42146,33,26,54,52,2
1774108144,52,46,0,0,0,0,no_volume,0,0,0,0,low_activity,0,0,0,0,low_activity,0,0,0,0,0,0,83908,111105,0.1395,6254,-33787,35,27,54,52,2
1774108145,52,47,0,0,0,0,no_volume,0,0,0,0,no_volume,0,0,0,0,low_activity,0,0,0,0,0,0,100873,99205,-0.0083,27085,21815,35,26,53,52,1
1774108146,52,47,0,0,0,0,no_volume,0,0,0,0,no_volume,0,0,0,0,low_activity,0,0,0,0,0,0,119964,115481,-0.019,44415,51688,34,27,53,52,1
1774108147,52,47,0,0,0,0,no_volume,0,0,0,0,no_volume,0,0,0,0,low_activity,0,0,0,0,0,0,140984,105550,-0.1437,57076,70343,35,26,53,52,1
1774108148,52,47,0,0,0,0,no_volume,0,0,0,0,no_volume,0,0,0,0,low_activity,0,0,0,0,0,0,154577,87426,-0.2775,53704,78629,36,27,53,52,1
1774108149,52,47,0,0,0,0,no_volume,0,0,0,0,no_volume,0,0,0,0,low_activity,0,0,0,0,0,0,154577,102459,-0.2028,34613,80800,36,26,53,52,1
1774108150,52,47,0,0,0,0,no_volume,0,0,0,0,no_volume,0,0,0,0,low_activity,0,0,0,0,0,0,154398,87247,-0.2779,13414,78797,35,26,53,52,1
1774108151,52,47,0,0,0,0,low_activity,0,0,0,0,low_activity,0,0,0,0,low_activity,0,0,0,0,0,0,153588,102214,-0.2008,-989,75934,34,27,53,52,1
1774108152,52,47,0,0,0,0,low_activity,0,0,0,0,low_activity,0,0,0,0,low_activity,0,0,0,0,0,0,155479,116021,-0.1453,902,81691,35,27,53,52,1
1774108153,52,47,0,0,0,0,low_activity,0,0,0,0,low_activity,0,0,0,0,low_activity,0,0,0,0,0,0,155619,122623,-0.1186,1221,80070,35,27,53,52,1
1774108154,52,47,0,0,0,0,no_volume,0,0,0,0,low_activity,0,0,0,0,low_activity,0,0,0,0,0,0,154480,122425,-0.1158,892,70572,34,27,53,52,1
1774108155,52,47,0,0,0,0,no_volume,0,0,0,0,low_activity,0,0,0,0,low_activity,0,0,0,0,0,0,147566,106555,-0.1614,-7913,46693,34,25,53,52,1
1774108156,52,47,0,0,0,0,no_volume,0,0,0,0,no_volume,0,0,0,0,low_activity,0,0,0,0,0,0,154689,122627,-0.1156,-930,34725,35,27,53,52,1
1774108157,52,47,0,0,0,0,no_volume,0,0,0,0,no_volume,0,0,0,0,low_activity,0,0,0,0,0,0,154839,107627,-0.1799,359,13855,35,27,53,52,1
1774108158,52,47,0,0,0,0,no_volume,0,0,0,0,no_volume,0,0,0,0,low_activity,0,0,0,0,0,0,154480,122425,-0.1158,6914,-97,34,25,53,52,1
1774108159,52,47,0,0,0,0,no_volume,0,0,0,0,no_volume,0,0,0,0,low_activity,0,0,0,0,0,0,154480,122425,-0.1158,-209,-97,34,26,53,52,1
1774108160,52,47,0,0,0,0,low_activity,0,0,0,0,low_activity,0,0,0,0,low_activity,0,0,0,0,0,0,149464,120937,-0.1055,-5375,-4934,34,25,53,52,1
1774108161,52,47,0,0,0,0,low_activity,0,0,0,0,low_activity,0,0,0,0,low_activity,0,0,0,0,0,0,149679,122616,-0.0994,-4801,-3909,35,27,53,52,1
1774108162,52,47,0,0,0,0,low_activity,0,0,0,0,low_activity,0,0,0,0,low_activity,0,0,0,0,0,0,149679,122616,-0.0994,-4801,-5800,35,28,53,52,1
1774108163,52,47,0,0,0,0,no_volume,0,0,0,0,low_activity,0,0,0,0,low_activity,0,0,0,0,0,0,149314,120937,-0.105,-150,-6305,34,26,53,52,1
1774108164,52,47,0,0,0,0,no_volume,0,0,0,0,low_activity,0,0,0,0,low_activity,0,0,0,0,0,0,151105,122425,-0.1049,1426,-3375,35,26,53,52,1
1774108165,52,47,0,0,0,0,no_volume,0,0,0,0,no_volume,0,0,0,0,low_activity,0,0,0,0,0,0,151105,122425,-0.1049,1426,3539,35,26,53,52,1
1774108166,52,47,0,0,0,0,no_volume,0,0,0,0,no_volume,0,0,0,0,low_activity,0,0,0,0,0,0,150916,107425,-0.1683,1602,-3773,34,25,53,52,1
1774108167,52,47,0,0,0,0,no_volume,0,0,0,0,no_volume,0,0,0,0,low_activity,0,0,0,0,0,0,150916,122425,-0.1042,-189,-3923,34,26,53,52,1
1774108168,52,47,0,0,0,0,no_volume,0,0,0,0,no_volume,0,0,0,0,low_activity,0,0,0,0,0,0,150916,107425,-0.1683,-189,-3564,34,25,53,52,1
1774108169,52,47,0,0,0,0,no_volume,0,0,0,0,no_volume,0,0,0,0,low_activity,0,0,0,0,0,0,150856,122425,-0.104,-60,-3624,34,26,53,52,1
1774108170,52,47,0,0,0,0,no_volume,0,0,0,0,no_volume,0,0,0,0,low_activity,0,0,0,0,0,0,150856,122425,-0.104,-60,1392,34,26,53,52,1
1774108171,52,47,0,0,0,0,no_volume,0,0,0,0,no_volume,0,0,0,0,low_activity,0,0,0,0,0,0,150856,122425,-0.104,-60,1177,34,26,53,52,1
1774108172,52,47,0,0,0,0,low_activity,0,0,0,0,low_activity,0,0,0,0,low_activity,0,0,0,0,0,0,156856,137381,-0.0662,6000,7177,34,27,53,52,1
1774108173,52,47,0,0,0,0,low_activity,0,0,0,0,low_activity,0,0,0,0,low_activity,0,0,0,0,0,0,156856,137414,-0.0661,6000,7542,34,27,53,52,1
1774108174,52,47,0,0,0,0,low_activity,0,0,0,0,low_activity,0,0,0,0,low_activity,0,0,0,0,0,0,156793,137381,-0.066,5937,5688,34,26,53,52,1
1774108175,52,47,0,0,0,0,low_activity,0,0,0,0,low_activity,0,0,0,0,low_activity,0,0,0,0,0,0,156793,137414,-0.0659,-63,5688,34,26,53,52,1
1774108176,52,47,0,0,0,0,low_activity,0,0,0,0,low_activity,0,0,0,0,low_activity,0,0,0,0,0,0,156793,137414,-0.0659,-63,5877,34,27,53,52,1
1774108177,52,47,0,0,0,0,no_volume,0,0,0,0,low_activity,0,0,0,0,low_activity,0,0,0,0,0,0,156793,137414,-0.0659,0,5877,34,27,53,52,1
1774108178,52,47,0,0,0,0,no_volume,0,0,0,0,low_activity,0,0,0,0,low_activity,0,0,0,0,0,0,156793,137414,-0.0659,0,5877,34,27,53,52,1
1774108179,52,47,0,0,0,0,no_volume,0,0,0,0,no_volume,0,0,0,0,low_activity,0,0,0,0,0,0,156793,122364,-0.1233,0,5937,34,26,53,52,1
1774108180,52,47,0,0,0,0,no_volume,0,0,0,0,no_volume,0,0,0,0,low_activity,0,0,0,0,0,0,156793,137364,-0.066,0,5937,34,28,53,52,1
1774108181,52,47,0,0,0,0,no_volume,0,0,0,0,no_volume,0,0,0,0,low_activity,0,0,0,0,0,0,156793,137364,-0.066,0,5937,34,28,53,52,1
1774108182,52,47,0,0,0,0,no_volume,0,0,0,0,no_volume,0,0,0,0,low_activity,0,0,0,0,0,0,156793,122364,-0.1233,0,-63,34,27,53,52,1
1774108183,52,47,0,0,0,0,low_activity,0,0,0,0,low_activity,0,0,0,0,low_activity,0,0,0,0,0,0,156775,122331,-0.1234,-18,-81,34,26,53,52,1
1774108184,52,47,0,0,0,0,low_activity,0,0,0,0,low_activity,0,0,0,0,low_activity,0,0,0,0,0,0,156775,122364,-0.1233,-18,-18,34,26,53,52,1
1774108185,52,47,0,0,0,0,low_activity,0,0,0,0,low_activity,0,0,0,0,low_activity,0,0,0,0,0,0,156739,107364,-0.187,-54,-54,34,26,53,52,1
1774108186,52,47,0,0,0,0,low_activity,0,0,0,0,low_activity,0,0,0,0,low_activity,0,0,0,0,0,0,156739,120876,-0.1292,-36,-54,34,24,53,52,1
1774108187,52,47,0,0,0,0,low_activity,0,0,0,0,low_activity,0,0,0,0,low_activity,0,0,0,0,0,0,156739,107364,-0.187,-36,-54,34,25,53,52,1
1774108188,52,47,0,0,0,0,no_volume,0,0,0,0,low_activity,0,0,0,0,low_activity,0,0,0,0,0,0,156739,122364,-0.1232,0,-54,34,25,53,52,1
1774108189,52,47,0,0,0,0,no_volume,0,0,0,0,low_activity,0,0,0,0,low_activity,0,0,0,0,0,0,156739,107364,-0.187,0,-54,34,25,53,52,1
1774108190,52,47,0,0,0,0,no_volume,0,0,0,0,no_volume,0,0,0,0,low_activity,0,0,0,0,0,0,156739,105876,-0.1937,0,-54,34,24,53,52,1
1774108191,52,47,0,0,0,0,low_activity,0,0,0,0,low_activity,0,0,0,0,low_activity,0,0,0,0,0,0,148622,122364,-0.0969,-8117,-8171,34,26,53,52,1
1774108192,52,47,0,0,0,0,low_activity,0,0,0,0,low_activity,0,0,0,0,low_activity,0,0,0,0,0,0,148622,137364,-0.0394,-8117,-8171,34,27,53,52,1
1774108193,52,47,0,0,0,0,low_activity,0,0,0,0,low_activity,0,0,0,0,low_activity,0,0,0,0,0,0,148622,137364,-0.0394,-8117,-8153,34,26,53,52,1
1774108194,52,47,0,0,0,0,no_volume,0,0,0,0,low_activity,0,0,0,0,low_activity,0,0,0,0,0,0,148622,137364,-0.0394,0,-8153,34,28,53,52,1
1774108195,52,47,0,0,0,0,no_volume,0,0,0,0,low_activity,0,0,0,0,low_activity,0,0,0,0,0,0,148622,137364,-0.0394,0,-8117,34,28,53,52,1
1774108196,52,47,0,0,0,0,no_volume,0,0,0,0,no_volume,0,0,0,0,low_activity,0,0,0,0,0,0,148622,120876,-0.103,0,-8117,34,25,53,52,1
1774108197,52,47,0,0,0,0,no_volume,0,0,0,0,no_volume,0,0,0,0,low_activity,0,0,0,0,0,0,148622,137364,-0.0394,0,-8117,34,26,53,52,1
1774108198,52,47,0,0,0,0,no_volume,0,0,0,0,no_volume,0,0,0,0,low_activity,0,0,0,0,0,0,148622,137364,-0.0394,0,-8117,34,26,53,52,1
1774108199,52,47,0,0,0,0,low_activity,0,0,0,0,low_activity,0,0,0,0,low_activity,0,0,0,0,0,0,148622,137213,-0.0399,0,-8117,34,26,53,52,1
1774108200,52,47,0,0,0,0,low_activity,0,0,0,0,low_activity,0,0,0,0,low_activity,0,0,0,0,0,0,148529,137213,-0.0396,-93,-8210,34,25,53,52,1
1774108201,52,47,0,0,0,0,low_activity,0,0,0,0,low_activity,0,0,0,0,low_activity,0,0,0,0,0,0,148509,122213,-0.0971,-113,-113,34,25,53,52,1
1774108202,52,47,0,0,0,0,low_activity,0,0,0,0,low_activity,0,0,0,0,low_activity,0,0,0,0,0,0,148509,120725,-0.1032,-113,-113,34,25,53,52,1
1774108203,52,47,0,0,0,0,low_activity,0,0,0,0,low_activity,0,0,0,0,low_activity,0,0,0,0,0,0,148509,122213,-0.0971,-20,-113,34,26,53,52,1
1774108204,52,47,0,0,0,0,no_volume,0,0,0,0,low_activity,0,0,0,0,low_activity,0,0,0,0,0,0,148509,107213,-0.1615,0,-113,34,26,53,52,1
1774108205,52,47,0,0,0,0,no_volume,0,0,0,0,low_activity,0,0,0,0,low_activity,0,0,0,0,0,0,148509,107213,-0.1615,0,-113,34,25,53,52,1
1774108206,52,47,0,0,0,0,low_activity,0,0,0,0,low_activity,0,0,0,0,low_activity,0,0,0,0,0,0,147409,122213,-0.0934,-1100,-1213,34,25,53,52,1
1774108207,52,47,0,0,0,0,low_activity,0,0,0,0,low_activity,0,0,0,0,low_activity,0,0,0,0,0,0,147409,107213,-0.1579,-1100,-1213,34,26,53,52,1
1774108208,52,47,0,0,0,0,low_activity,0,0,0,0,low_activity,0,0,0,0,low_activity,0,0,0,0,0,0,147409,122213,-0.0934,-1100,-1213,34,26,53,52,1
1774108209,52,47,0,0,0,0,no_volume,0,0,0,0,low_activity,0,0,0,0,low_activity,0,0,0,0,0,0,147409,122213,-0.0934,0,-1213,34,26,53,52,1
1774108210,52,47,0,0,0,0,no_volume,0,0,0,0,low_activity,0,0,0,0,low_activity,0,0,0,0,0,0,147408,122203,-0.0935,-1,-1121,33,26,53,52,1
1774108211,52,47,0,0,0,0,no_volume,0,0,0,0,no_volume,0,0,0,0,low_activity,0,0,0,0,0,0,147388,122196,-0.0934,-21,-1121,33,26,53,52,1
1774108212,52,47,0,0,0,0,no_volume,0,0,0,0,no_volume,0,0,0,0,low_activity,0,0,0,0,0,0,147409,137213,-0.0358,0,-1100,34,27,53,52,1
1774108213,52,47,0,0,0,0,no_volume,0,0,0,0,no_volume,0,0,0,0,low_activity,0,0,0,0,0,0,147409,120725,-0.0995,1,-1100,34,26,53,52,1
1774108214,52,47,0,0,0,0,no_volume,0,0,0,0,no_volume,0,0,0,0,low_activity,0,0,0,0,0,0,147408,137213,-0.0358,20,-1101,33,26,53,52,1
1774108215,52,47,0,0,0,0,low_activity,0,0,0,0,low_activity,0,0,0,0,low_activity,0,0,0,0,0,0,147279,122213,-0.093,-130,-1230,33,26,53,52,1
1774108216,52,47,0,0,0,0,low_activity,0,0,0,0,low_activity,0,0,0,0,low_activity,0,0,0,0,0,0,147279,137213,-0.0354,-130,-130,33,26,53,52,1
1774108217,52,47,0,0,0,0,low_activity,0,0,0,0,low_activity,0,0,0,0,low_activity,0,0,0,0,0,0,147279,137213,-0.0354,-129,-130,33,26,53,52,1
1774108218,52,47,0,0,0,0,no_volume,0,0,0,0,low_activity,0,0,0,0,low_activity,0,0,0,0,0,0,147279,137213,-0.0354,0,-130,33,26,53,52,1
1774108219,52,47,0,0,0,0,low_activity,0,0,0,0,low_activity,0,0,0,0,low_activity,0,0,0,0,0,0,147269,122213,-0.093,-10,-140,33,25,53,52,1
1774108220,52,47,0,0,0,0,low_activity,0,0,0,0,low_activity,0,0,0,0,low_activity,0,0,0,0,0,0,149935,122213,-0.1019,2656,2527,33,26,53,52,1
1774108221,52,47,0,0,0,0,low_activity,0,0,0,0,low_activity,0,0,0,0,low_activity,0,0,0,0,0,0,149935,122213,-0.1019,2656,2547,33,25,53,52,1
1774108222,52,47,0,0,0,0,no_volume,0,0,0,0,low_activity,0,0,0,0,low_activity,0,0,0,0,0,0,149935,105725,-0.1729,2666,2526,33,25,53,52,1
1774108223,52,47,0,0,0,0,no_volume,0,0,0,0,low_activity,0,0,0,0,low_activity,0,0,0,0,0,0,149935,107213,-0.1661,0,2526,33,26,53,52,1
1774108224,52,47,0,0,0,0,no_volume,0,0,0,0,no_volume,0,0,0,0,low_activity,0,0,0,0,0,0,149935,122213,-0.1019,0,2527,33,27,53,52,1
1774108225,52,47,0,0,0,0,low_activity,0,0,0,0,low_activity,0,0,0,0,low_activity,0,0,0,0,0,0,149844,122213,-0.1016,-91,2565,33,26,53,52,1
1774108226,52,47,0,0,0,0,low_activity,0,0,0,0,low_activity,0,0,0,0,low_activity,0,0,0,0,0,0,149844,122213,-0.1016,-91,2565,33,25,53,52,1
1774108227,52,47,0,0,0,0,low_activity,0,0,0,0,low_activity,0,0,0,0,low_activity,0,0,0,0,0,0,149844,107213,-0.1658,-91,2565,33,26,53,52,1
1774108228,52,47,0,0,0,0,no_volume,0,0,0,0,low_activity,0,0,0,0,low_activity,0,0,0,0,0,0,149844,122213,-0.1016,0,2565,33,26,53,52,1
1774108229,52,47,0,0,0,0,no_volume,0,0,0,0,low_activity,0,0,0,0,low_activity,0,0,0,0,0,0,149844,122213,-0.1016,0,2575,33,26,53,52,1
1774108230,52,47,0,0,0,0,no_volume,0,0,0,0,no_volume,0,0,0,0,low_activity,0,0,0,0,0,0,149844,121145,-0.1059,0,-91,33,26,53,52,1
1774108231,52,47,0,0,0,0,no_volume,0,0,0,0,no_volume,0,0,0,0,low_activity,0,0,0,0,0,0,149844,122633,-0.0999,0,-91,33,26,53,52,1
1774108232,52,47,0,0,0,0,low_activity,0,0,0,0,low_activity,0,0,0,0,low_activity,0,0,0,0,0,0,149824,122633,-0.0998,-20,-111,33,26,53,52,1
1774108233,52,47,0,0,0,0,low_activity,0,0,0,0,low_activity,0,0,0,0,low_activity,0,0,0,0,0,0,149824,107633,-0.1639,-20,-111,33,26,53,52,1
1774108234,52,47,0,0,0,0,low_activity,0,0,0,0,low_activity,0,0,0,0,low_activity,0,0,0,0,0,0,149824,106763,-0.1678,-20,-111,33,25,53,52,1
1774108235,51,48,0,0,0,0,low_activity,0,0,0,0,low_activity,0,0,0,0,low_activity,0,0,0,0,0,0,155862,121723,-0.123,6038,6018,33,25,52,51,1
1774108236,51,48,0,0,0,0,low_activity,0,0,0,0,low_activity,0,0,0,0,low_activity,0,0,0,0,0,0,155862,127724,-0.0992,6038,6018,33,25,52,51,1
1774108237,51,48,0,0,0,0,low_activity,0,0,0,0,low_activity,0,0,0,0,low_activity,0,0,0,0,0,0,155862,127073,-0.1018,6038,6018,33,25,52,51,1
1774108238,51,48,0,0,0,0,low_activity,0,0,0,0,low_activity,0,0,0,0,low_activity,0,0,0,0,0,0,155862,113561,-0.157,0,6018,33,25,52,51,1
1774108239,51,48,0,0,0,0,no_volume,0,0,0,0,low_activity,0,0,0,0,low_activity,0,0,0,0,0,0,161146,113561,-0.1732,5284,11302,33,25,52,51,1
1774108240,51,48,0,0,0,0,no_volume,0,0,0,0,low_activity,0,0,0,0,low_activity,0,0,0,0,0,0,161146,128561,-0.1125,5284,11302,33,26,52,51,1
1774108241,51,48,0,0,0,0,no_volume,0,0,0,0,no_volume,0,0,0,0,low_activity,0,0,0,0,0,0,161146,113561,-0.1732,5284,11302,33,26,52,51,1
1774108242,51,48,0,0,0,0,no_volume,0,0,0,0,no_volume,0,0,0,0,low_activity,0,0,0,0,0,0,161146,128561,-0.1125,0,11322,33,26,52,51,1
1774108243,51,48,0,0,0,0,no_volume,0,0,0,0,no_volume,0,0,0,0,low_activity,0,0,0,0,0,0,161146,127073,-0.1182,0,11322,33,26,52,51,1
1774108244,51,48,0,0,0,0,no_volume,0,0,0,0,no_volume,0,0,0,0,low_activity,0,0,0,0,0,0,161146,122010,-0.1382,0,11322,33,25,52,51,1
1774108245,51,48,0,0,0,0,no_volume,0,0,0,0,no_volume,0,0,0,0,low_activity,0,0,0,0,0,0,161146,122010,-0.1382,0,5284,33,25,52,51,1
1774108246,51,48,0,0,0,0,no_volume,0,0,0,0,no_volume,0,0,0,0,low_activity,0,0,0,0,0,0,161146,122010,-0.1382,0,5284,33,26,52,51,1
1774108247,51,48,0,0,0,0,no_volume,0,0,0,0,no_volume,0,0,0,0,low_activity,0,0,0,0,0,0,161146,122010,-0.1382,0,5284,33,26,52,51,1
1774108248,51,48,0,0,0,0,no_volume,0,0,0,0,no_volume,0,0,0,0,low_activity,0,0,0,0,0,0,161146,113993,-0.1714,0,5284,33,26,52,51,1
1774108249,51,48,0,0,0,0,no_volume,0,0,0,0,no_volume,0,0,0,0,low_activity,0,0,0,0,0,0,161146,127505,-0.1165,0,0,33,25,52,51,1
1774108250,51,48,0,0,0,0,no_volume,0,0,0,0,no_volume,0,0,0,0,low_activity,0,0,0,0,0,0,161146,128993,-0.1108,0,0,33,27,52,51,1
1774108251,51,48,0,0,0,0,no_volume,0,0,0,0,no_volume,0,0,0,0,low_activity,0,0,0,0,0,0,161146,113993,-0.1714,0,0,33,26,52,51,1
1774108252,51,48,0,0,0,0,no_volume,0,0,0,0,no_volume,0,0,0,0,low_activity,0,0,0,0,0,0,161147,113994,-0.1714,1,1,33,26,52,51,1
1774108253,51,48,0,0,0,0,low_activity,0,0,0,0,low_activity,0,0,0,0,low_activity,0,0,0,0,0,0,161054,129027,-0.1104,-92,-92,33,27,52,51,1
1774108254,51,48,0,0,0,0,low_activity,0,0,0,0,low_activity,0,0,0,0,low_activity,0,0,0,0,0,0,163720,129027,-0.1185,2574,2574,33,26,52,51,1
1774108255,51,48,0,0,0,0,low_activity,0,0,0,0,low_activity,0,0,0,0,low_activity,0,0,0,0,0,0,163720,114027,-0.1789,2573,2574,33,25,52,51,1
1774108256,51,48,0,0,0,0,low_activity,0,0,0,0,low_activity,0,0,0,0,low_activity,0,0,0,0,0,0,163255,129027,-0.1171,2201,2109,33,26,52,51,1
1774108257,51,48,0,0,0,0,low_activity,0,0,0,0,low_activity,0,0,0,0,low_activity,0,0,0,0,0,0,163235,129027,-0.117,-485,2089,33,25,52,51,1
1774108258,51,48,0,0,0,0,low_activity,0,0,0,0,low_activity,0,0,0,0,low_activity,0,0,0,0,0,0,163235,114027,-0.1775,-485,2089,33,26,52,51,1
1774108259,51,48,0,0,0,0,low_activity,0,0,0,0,low_activity,0,0,0,0,low_activity,0,0,0,0,0,0,163235,112539,-0.1838,-20,2089,33,25,52,51,1
1774108260,51,48,0,0,0,0,no_volume,0,0,0,0,low_activity,0,0,0,0,low_activity,0,0,0,0,0,0,164322,123027,-0.1437,1087,3176,33,27,52,51,1
1774108261,51,48,0,0,0,0,no_volume,0,0,0,0,low_activity,0,0,0,0,low_activity,0,0,0,0,0,0,164322,123027,-0.1437,1087,3176,33,26,52,51,1
1774108262,51,48,0,0,0,0,no_volume,0,0,0,0,no_volume,0,0,0,0,low_activity,0,0,0,0,0,0,164322,138027,-0.087,1087,3175,33,26,52,51,1
1774108263,51,48,0,0,0,0,no_volume,0,0,0,0,no_volume,0,0,0,0,low_activity,0,0,0,0,0,0,164322,138027,-0.087,0,3268,33,26,52,51,1
1774108264,51,48,0,0,0,0,no_volume,0,0,0,0,no_volume,0,0,0,0,low_activity,0,0,0,0,0,0,164322,138027,-0.087,0,602,33,26,52,51,1
1774108265,51,48,0,0,0,0,no_volume,0,0,0,0,no_volume,0,0,0,0,low_activity,0,0,0,0,0,0,164322,138027,-0.087,0,602,33,26,52,51,1
1774108266,51,48,0,0,0,0,no_volume,0,0,0,0,no_volume,0,0,0,0,low_activity,0,0,0,0,0,0,163235,138027,-0.0837,-1087,-20,33,26,52,51,1
1774108267,51,48,0,0,0,0,no_volume,0,0,0,0,no_volume,0,0,0,0,low_activity,0,0,0,0,0,0,163235,136539,-0.0891,-1087,0,33,25,52,51,1
1774108268,51,48,0,0,0,0,no_volume,0,0,0,0,no_volume,0,0,0,0,low_activity,0,0,0,0,0,0,163235,138027,-0.0837,-1087,0,33,25,52,51,1
1774108269,51,48,0,0,0,0,no_volume,0,0,0,0,no_volume,0,0,0,0,low_activity,0,0,0,0,0,0,163235,138027,-0.0837,0,0,33,25,52,51,1
1774108270,51,48,0,0,0,0,no_volume,0,0,0,0,no_volume,0,0,0,0,low_activity,0,0,0,0,0,0,163235,138027,-0.0837,0,-1087,33,25,52,51,1
1774108271,51,48,0,0,0,0,no_volume,0,0,0,0,no_volume,0,0,0,0,low_activity,0,0,0,0,0,0,163235,138027,-0.0837,0,-1087,33,25,52,51,1
1774108272,51,48,0,0,0,0,no_volume,0,0,0,0,no_volume,0,0,0,0,low_activity,0,0,0,0,0,0,163235,108027,-0.2035,0,-1087,33,26,52,51,1
1774108273,51,48,0,0,0,0,no_volume,0,0,0,0,no_volume,0,0,0,0,low_activity,0,0,0,0,0,0,163235,123027,-0.1405,0,-1087,33,26,52,51,1
1774108274,51,48,0,0,0,0,no_volume,0,0,0,0,no_volume,0,0,0,0,low_activity,0,0,0,0,0,0,163235,113115,-0.1814,0,-1087,33,25,52,51,1
1774108275,51,48,0,0,0,0,no_volume,0,0,0,0,no_volume,0,0,0,0,low_activity,0,0,0,0,0,0,163235,134115,-0.0979,0,-1087,33,26,52,51,1
1774108276,51,48,0,0,0,0,no_volume,0,0,0,0,no_volume,0,0,0,0,low_activity,0,0,0,0,0,0,157235,132627,-0.0849,-6000,-6000,33,26,52,51,1
1774108277,51,48,0,0,0,0,no_volume,0,0,0,0,no_volume,0,0,0,0,low_activity,0,0,0,0,0,0,157235,119115,-0.1379,-6000,-6000,33,25,52,51,1
1774108278,51,48,0,0,0,0,low_activity,0,0,0,0,low_activity,0,0,0,0,low_activity,0,0,0,0,0,0,157235,134015,-0.0797,-6000,-6000,33,25,52,51,1
1774108279,51,48,0,0,0,0,low_activity,0,0,0,0,low_activity,0,0,0,0,low_activity,0,0,0,0,0,0,157235,134015,-0.0797,0,-6000,33,26,52,51,1
1774108280,51,48,0,0,0,0,low_activity,0,0,0,0,low_activity,0,0,0,0,low_activity,0,0,0,0,0,0,157235,119050,-0.1382,0,-6000,33,26,52,51,1
1774108281,51,48,0,0,0,0,no_volume,0,0,0,0,low_activity,0,0,0,0,low_activity,0,0,0,0,0,0,157235,134050,-0.0796,0,-6000,33,28,52,51,1
1774108282,51,48,0,0,0,0,no_volume,0,0,0,0,low_activity,0,0,0,0,low_activity,0,0,0,0,0,0,157235,147562,-0.0317,0,-6000,33,26,52,51,1
1774108283,51,48,0,0,0,0,no_volume,0,0,0,0,no_volume,0,0,0,0,low_activity,0,0,0,0,0,0,157235,149050,-0.0267,0,-6000,33,27,52,51,1
1774108284,51,48,0,0,0,0,no_volume,0,0,0,0,no_volume,0,0,0,0,low_activity,0,0,0,0,0,0,151951,149050,-0.0096,-5284,-11284,33,27,52,51,1
1774108285,51,48,0,0,0,0,no_volume,0,0,0,0,no_volume,0,0,0,0,low_activity,0,0,0,0,0,0,157951,149050,-0.029,716,-5284,33,27,52,51,1
1774108286,51,48,0,0,0,0,low_activity,0,0,0,0,low_activity,0,0,0,0,low_activity,0,0,0,0,0,0,157915,149036,-0.0289,680,680,33,27,52,51,1
1774108287,51,48,0,0,0,0,low_activity,0,0,0,0,low_activity,0,0,0,0,low_activity,0,0,0,0,0,0,157915,149036,-0.0289,5964,680,33,27,52,51,1
1774108288,51,48,0,0,0,0,low_activity,0,0,0,0,low_activity,0,0,0,0,low_activity,0,0,0,0,0,0,157915,149036,-0.0289,-36,680,33,27,52,51,1
1774108289,51,48,0,0,0,0,no_volume,0,0,0,0,low_activity,0,0,0,0,low_activity,0,0,0,0,0,0,157915,149036,-0.0289,0,680,33,27,52,51,1
1774108290,51,48,0,0,0,0,low_activity,0,0,0,0,low_activity,0,0,0,0,low_activity,0,0,0,0,0,0,157869,149036,-0.0288,-46,634,33,27,52,51,1
1774108291,51,48,0,0,0,0,low_activity,0,0,0,0,low_activity,0,0,0,0,low_activity,0,0,0,0,0,0,157869,149036,-0.0288,-46,634,33,27,52,51,1
1774108292,51,48,0,0,0,0,low_activity,0,0,0,0,low_activity,0,0,0,0,low_activity,0,0,0,0,0,0,157869,132548,-0.0872,-46,634,33,26,52,51,1
1774108293,51,48,0,0,0,0,no_volume,0,0,0,0,low_activity,0,0,0,0,low_activity,0,0,0,0,0,0,157869,134036,-0.0816,0,634,33,26,52,51,1
1774108294,51,48,0,0,0,0,no_volume,0,0,0,0,low_activity,0,0,0,0,low_activity,0,0,0,0,0,0,157869,134036,-0.0816,0,5918,33,28,52,51,1
1774108295,51,48,0,0,0,0,no_volume,0,0,0,0,no_volume,0,0,0,0,low_activity,0,0,0,0,0,0,151869,134036,-0.0624,-6000,-6082,33,27,52,51,1
1774108296,51,48,0,0,0,0,no_volume,0,0,0,0,no_volume,0,0,0,0,low_activity,0,0,0,0,0,0,151869,119036,-0.1212,-6000,-6046,33,27,52,51,1
1774108297,51,48,0,0,0,0,low_activity,0,0,0,0,low_activity,0,0,0,0,low_activity,0,0,0,0,0,0,151711,134036,-0.0619,-6158,-6204,33,26,52,51,1
1774108298,51,48,0,0,0,0,low_activity,0,0,0,0,low_activity,0,0,0,0,low_activity,0,0,0,0,0,0,151711,132548,-0.0674,-158,-6204,33,25,52,51,1
1774108299,51,48,0,0,0,0,low_activity,0,0,0,0,low_activity,0,0,0,0,low_activity,0,0,0,0,0,0,151711,134036,-0.0619,-158,-6204,33,27,52,51,1
1774108300,51,48,0,0,0,0,no_volume,0,0,0,0,low_activity,0,0,0,0,low_activity,0,0,0,0,0,0,151711,134036,-0.0619,0,-6158,33,27,52,51,1
1774108301,51,48,0,0,0,0,no_volume,0,0,0,0,low_activity,0,0,0,0,low_activity,0,0,0,0,0,0,151711,119036,-0.1207,0,-6158,33,26,52,51,1
1774108302,51,48,0,0,0,0,no_volume,0,0,0,0,no_volume,0,0,0,0,low_activity,0,0,0,0,0,0,151711,132548,-0.0674,0,-6158,33,25,52,51,1
1774108303,51,48,0,0,0,0,no_volume,0,0,0,0,no_volume,0,0,0,0,low_activity,0,0,0,0,0,0,151711,119036,-0.1207,0,-6158,33,27,52,51,1
1774108304,51,48,0,0,0,0,no_volume,0,0,0,0,no_volume,0,0,0,0,low_activity,0,0,0,0,0,0,151711,134036,-0.0619,0,-6158,33,27,52,51,1
1774108305,51,48,0,0,0,0,no_volume,0,0,0,0,no_volume,0,0,0,0,low_activity,0,0,0,0,0,0,151711,134036,-0.0619,0,-158,33,27,52,51,1
1774108306,51,48,0,0,0,0,no_volume,0,0,0,0,no_volume,0,0,0,0,low_activity,0,0,0,0,0,0,151711,132548,-0.0674,0,-158,33,27,52,51,1
1774108307,51,48,0,0,0,0,no_volume,0,0,0,0,no_volume,0,0,0,0,low_activity,0,0,0,0,0,0,151711,119036,-0.1207,0,0,33,26,52,51,1
1774108308,51,48,0,0,0,0,no_volume,0,0,0,0,no_volume,0,0,0,0,low_activity,0,0,0,0,0,0,151711,134036,-0.0619,0,0,33,28,52,51,1
1774108309,51,48,0,0,0,0,no_volume,0,0,0,0,no_volume,0,0,0,0,low_activity,0,0,0,0,0,0,151711,134036,-0.0619,0,0,33,27,52,51,1
1774108310,51,48,0,0,0,0,no_volume,0,0,0,0,no_volume,0,0,0,0,low_activity,0,0,0,0,0,0,151711,134036,-0.0619,0,0,33,27,52,51,1
1774108311,51,48,0,0,0,0,no_volume,0,0,0,0,no_volume,0,0,0,0,low_activity,0,0,0,0,0,0,151711,119036,-0.1207,0,0,33,27,52,51,1
1774108312,51,48,0,0,0,0,no_volume,0,0,0,0,no_volume,0,0,0,0,low_activity,0,0,0,0,0,0,154377,147548,-0.0226,2666,2666,33,27,52,51,1
1774108313,51,48,0,0,0,0,low_activity,0,0,0,0,low_activity,0,0,0,0,low_activity,0,0,0,0,0,0,154284,134036,-0.0702,2573,2573,33,26,52,51,1
1774108314,51,48,0,0,0,0,low_activity,0,0,0,0,low_activity,0,0,0,0,low_activity,0,0,0,0,0,0,154284,149036,-0.0173,2573,2573,33,27,52,51,1
1774108315,51,48,0,0,0,0,low_activity,0,0,0,0,low_activity,0,0,0,0,low_activity,0,0,0,0,0,0,154284,149036,-0.0173,-93,2573,33,27,52,51,1
1774108316,51,48,0,0,0,0,no_volume,0,0,0,0,low_activity,0,0,0,0,low_activity,0,0,0,0,0,0,154284,147548,-0.0223,0,2573,33,27,52,51,1
1774108317,51,48,0,0,0,0,no_volume,0,0,0,0,low_activity,0,0,0,0,low_activity,0,0,0,0,0,0,154284,149036,-0.0173,0,2573,33,28,52,51,1
1774108318,51,48,0,0,0,0,no_volume,0,0,0,0,no_volume,0,0,0,0,low_activity,0,0,0,0,0,0,154284,149036,-0.0173,0,2573,33,28,52,51,1
1774108319,51,48,0,0,0,0,no_volume,0,0,0,0,no_volume,0,0,0,0,low_activity,0,0,0,0,0,0,154284,134036,-0.0702,0,2573,33,27,52,51,1
1774108320,51,48,0,0,0,0,no_volume,0,0,0,0,no_volume,0,0,0,0,low_activity,0,0,0,0,0,0,154284,149036,-0.0173,0,2573,33,28,52,51,1
1774108321,51,48,0,0,0,0,no_volume,0,0,0,0,no_volume,0,0,0,0,low_activity,0,0,0,0,0,0,154284,149036,-0.0173,0,2573,33,27,52,51,1
1774108322,51,48,0,0,0,0,low_activity,0,0,0,0,low_activity,0,0,0,0,low_activity,0,0,0,0,0,0,154247,134036,-0.0701,-37,-130,33,27,52,51,1
1774108323,51,48,0,0,0,0,low_activity,0,0,0,0,low_activity,0,0,0,0,low_activity,0,0,0,0,0,0,154229,119036,-0.1288,-55,-55,33,27,52,51,1
1774108324,51,48,0,0,0,0,low_activity,0,0,0,0,low_activity,0,0,0,0,low_activity,0,0,0,0,0,0,154228,119036,-0.1288,-56,-56,33,26,52,51,1
1774108325,51,48,0,0,0,0,low_activity,0,0,0,0,low_activity,0,0,0,0,low_activity,0,0,0,0,0,0,154228,132548,-0.0756,-19,-56,33,25,52,51,1
1774108326,51,48,0,0,0,0,low_activity,0,0,0,0,low_activity,0,0,0,0,low_activity,0,0,0,0,0,0,154228,134021,-0.0701,-1,-56,33,27,52,51,1
1774108327,51,48,0,0,0,0,low_activity,0,0,0,0,low_activity,0,0,0,0,low_activity,0,0,0,0,0,0,154228,134021,-0.0701,0,-56,33,27,52,51,1
1774108328,51,48,0,0,0,0,low_activity,0,0,0,0,low_activity,0,0,0,0,low_activity,0,0,0,0,0,0,154228,134021,-0.0701,0,-56,33,27,52,51,1
1774108329,51,48,0,0,0,0,no_volume,0,0,0,0,low_activity,0,0,0,0,low_activity,0,0,0,0,0,0,154228,119021,-0.1288,0,-56,33,27,52,51,1
1774108330,51,48,0,0,0,0,low_activity,0,0,0,0,low_activity,0,0,0,0,low_activity,0,0,0,0,0,0,154207,119021,-0.1288,-21,-77,33,27,52,51,1
1774108331,51,48,0,0,0,0,low_activity,0,0,0,0,low_activity,0,0,0,0,low_activity,0,0,0,0,0,0,154207,132533,-0.0756,-21,-77,33,26,52,51,1
1774108332,51,48,0,0,0,0,low_activity,0,0,0,0,low_activity,0,0,0,0,low_activity,0,0,0,0,0,0,154207,149021,-0.0171,-21,-40,33,27,52,51,1
1774108333,51,48,0,0,0,0,no_volume,0,0,0,0,low_activity,0,0,0,0,low_activity,0,0,0,0,0,0,154207,149021,-0.0171,0,-22,33,28,52,51,1
1774108334,51,48,0,0,0,0,low_activity,0,0,0,0,low_activity,0,0,0,0,low_activity,0,0,0,0,0,0,153929,149021,-0.0162,-278,-299,33,28,52,51,1
1774108335,51,48,0,0,0,0,low_activity,0,0,0,0,low_activity,0,0,0,0,low_activity,0,0,0,0,0,0,153929,134021,-0.0691,-278,-299,33,28,52,51,1
1774108336,51,48,0,0,0,0,low_activity,0,0,0,0,low_activity,0,0,0,0,low_activity,0,0,0,0,0,0,153929,149021,-0.0162,-278,-299,33,27,52,51,1
1774108337,51,48,0,0,0,0,no_volume,0,0,0,0,low_activity,0,0,0,0,low_activity,0,0,0,0,0,0,153929,134021,-0.0691,0,-299,33,28,52,51,1
1774108338,51,48,0,0,0,0,no_volume,0,0,0,0,low_activity,0,0,0,0,low_activity,0,0,0,0,0,0,153929,132533,-0.0747,0,-299,33,27,52,51,1
1774108339,51,48,0,0,0,0,no_volume,0,0,0,0,no_volume,0,0,0,0,low_activity,0,0,0,0,0,0,153929,149021,-0.0162,0,-299,33,27,52,51,1
1774108340,51,48,0,0,0,0,no_volume,0,0,0,0,no_volume,0,0,0,0,low_activity,0,0,0,0,0,0,153929,149021,-0.0162,0,-278,33,28,52,51,1
1774108341,51,48,0,0,0,0,no_volume,0,0,0,0,no_volume,0,0,0,0,low_activity,0,0,0,0,0,0,153929,134021,-0.0691,0,-278,33,27,52,51,1
1774108342,51,48,0,0,0,0,no_volume,0,0,0,0,no_volume,0,0,0,0,low_activity,0,0,0,0,0,0,153929,119021,-0.1279,0,-278,33,26,52,51,1
1774108343,51,48,0,0,0,0,no_volume,0,0,0,0,no_volume,0,0,0,0,low_activity,0,0,0,0,0,0,153929,134021,-0.0691,0,-278,33,26,52,51,1
1774108344,51,48,0,0,0,0,no_volume,0,0,0,0,no_volume,0,0,0,0,low_activity,0,0,0,0,0,0,153929,117533,-0.1341,0,0,33,26,52,51,1
1774108345,51,48,0,0,0,0,no_volume,0,0,0,0,no_volume,0,0,0,0,low_activity,0,0,0,0,0,0,153929,119021,-0.1279,0,0,33,27,52,51,1
1774108346,51,48,0,0,0,0,no_volume,0,0,0,0,no_volume,0,0,0,0,low_activity,0,0,0,0,0,0,153929,119021,-0.1279,0,0,33,26,52,51,1
1774108347,51,48,0,0,0,0,no_volume,0,0,0,0,no_volume,0,0,0,0,low_activity,0,0,0,0,0,0,153929,132533,-0.0747,0,0,33,27,52,51,1
1774108348,51,48,0,0,0,0,no_volume,0,0,0,0,no_volume,0,0,0,0,low_activity,0,0,0,0,0,0,153929,134021,-0.0691,0,0,33,27,52,51,1
1774108349,51,48,0,0,0,0,low_activity,0,0,0,0,low_activity,0,0,0,0,low_activity,0,0,0,0,0,0,153892,119021,-0.1278,-37,-37,33,26,52,51,1
1774108350,51,48,0,0,0,0,low_activity,0,0,0,0,low_activity,0,0,0,0,low_activity,0,0,0,0,0,0,153892,134021,-0.069,-37,-37,33,26,52,51,1
1774108351,51,48,0,0,0,0,low_activity,0,0,0,0,low_activity,0,0,0,0,low_activity,0,0,0,0,0,0,153892,132533,-0.0746,-37,-37,33,25,52,51,1
1774108352,51,48,0,0,0,0,low_activity,0,0,0,0,low_activity,0,0,0,0,low_activity,0,0,0,0,0,0,153865,149021,-0.016,-27,-64,33,27,52,51,1
1774108353,51,48,0,0,0,0,low_activity,0,0,0,0,low_activity,0,0,0,0,low_activity,0,0,0,0,0,0,153865,149031,-0.016,-27,-64,33,27,52,51,1
1774108354,51,48,0,0,0,0,low_activity,0,0,0,0,low_activity,0,0,0,0,low_activity,0,0,0,0,0,0,153865,149031,-0.016,-27,-64,33,27,52,51,1
1774108355,51,48,0,0,0,0,no_volume,0,0,0,0,low_activity,0,0,0,0,low_activity,0,0,0,0,0,0,159865,149031,-0.0351,6000,5936,33,27,52,51,1
1774108356,51,48,0,0,0,0,low_activity,0,0,0,0,low_activity,0,0,0,0,low_activity,0,0,0,0,0,0,151867,147982,-0.013,-1998,-2062,33,27,52,51,1
1774108357,51,48,0,0,0,0,low_activity,0,0,0,0,low_activity,0,0,0,0,low_activity,0,0,0,0,0,0,151645,147982,-0.0122,-2220,-2284,33,27,52,51,1
1774108358,51,48,0,0,0,0,low_activity,0,0,0,0,low_activity,0,0,0,0,low_activity,0,0,0,0,0,0,151645,147982,-0.0122,-8220,-2284,33,27,52,51,1
1774108359,51,48,0,0,0,0,low_activity,0,0,0,0,low_activity,0,0,0,0,low_activity,0,0,0,0,0,0,151645,147982,-0.0122,-222,-2247,33,27,52,51,1
1774108360,51,48,0,0,0,0,no_volume,0,0,0,0,low_activity,0,0,0,0,low_activity,0,0,0,0,0,0,151645,147982,-0.0122,0,-2247,33,27,52,51,1
1774108361,51,48,0,0,0,0,no_volume,0,0,0,0,low_activity,0,0,0,0,low_activity,0,0,0,0,0,0,151645,147982,-0.0122,0,-2247,33,27,52,51,1
1774108362,51,48,0,0,0,0,no_volume,0,0,0,0,no_volume,0,0,0,0,low_activity,0,0,0,0,0,0,151645,132982,-0.0656,0,-2220,33,27,52,51,1
1774108363,51,48,0,0,0,0,no_volume,0,0,0,0,no_volume,0,0,0,0,low_activity,0,0,0,0,0,0,151645,116494,-0.1311,0,-2220,33,26,52,51,1
1774108364,51,48,0,0,0,0,no_volume,0,0,0,0,no_volume,0,0,0,0,low_activity,0,0,0,0,0,0,151645,132982,-0.0656,0,-2220,33,27,52,51,1
1774108365,51,48,0,0,0,0,no_volume,0,0,0,0,no_volume,0,0,0,0,low_activity,0,0,0,0,0,0,151645,132982,-0.0656,0,-8220,33,27,52,51,1
1774108366,51,48,0,0,0,0,no_volume,0,0,0,0,no_volume,0,0,0,0,low_activity,0,0,0,0,0,0,151645,132982,-0.0656,0,-222,33,27,52,51,1
1774108367,51,48,0,0,0,0,no_volume,0,0,0,0,no_volume,0,0,0,0,low_activity,0,0,0,0,0,0,151645,132982,-0.0656,0,0,33,27,52,51,1
1774108368,51,48,0,0,0,0,no_volume,0,0,0,0,no_volume,0,0,0,0,low_activity,0,0,0,0,0,0,151645,132982,-0.0656,0,0,33,27,52,51,1
1774108369,51,48,0,0,0,0,no_volume,0,0,0,0,no_volume,0,0,0,0,low_activity,0,0,0,0,0,0,151645,132982,-0.0656,0,0,33,27,52,51,1
1774108370,51,48,0,0,0,0,no_volume,0,0,0,0,no_volume,0,0,0,0,low_activity,0,0,0,0,0,0,151645,116494,-0.1311,0,0,33,26,52,51,1
1774108371,51,48,0,0,0,0,no_volume,0,0,0,0,no_volume,0,0,0,0,low_activity,0,0,0,0,0,0,151645,132982,-0.0656,0,0,33,27,52,51,1
1774108372,51,48,0,0,0,0,no_volume,0,0,0,0,no_volume,0,0,0,0,low_activity,0,0,0,0,0,0,151645,147982,-0.0122,0,0,33,28,52,51,1
1774108373,51,48,0,0,0,0,no_volume,0,0,0,0,no_volume,0,0,0,0,low_activity,0,0,0,0,0,0,151645,147982,-0.0122,0,0,33,27,52,51,1
1774108374,51,48,0,0,0,0,low_activity,0,0,0,0,low_activity,0,0,0,0,low_activity,0,0,0,0,0,0,151624,148015,-0.012,-21,-21,33,27,52,51,1
1774108375,51,48,0,0,0,0,low_activity,0,0,0,0,low_activity,0,0,0,0,low_activity,0,0,0,0,0,0,151624,147917,-0.0124,-21,-21,33,27,52,51,1
1774108376,51,48,0,0,0,0,low_activity,0,0,0,0,low_activity,0,0,0,0,low_activity,0,0,0,0,0,0,151624,147917,-0.0124,-21,-21,33,27,52,51,1
1774108377,51,48,0,0,0,0,low_activity,0,0,0,0,low_activity,0,0,0,0,low_activity,0,0,0,0,0,0,151619,147884,-0.0125,-5,-26,33,27,52,51,1
1774108378,51,48,0,0,0,0,low_activity,0,0,0,0,low_activity,0,0,0,0,low_activity,0,0,0,0,0,0,151610,147884,-0.0124,-14,-35,33,27,52,51,1
1774108379,51,48,0,0,0,0,low_activity,0,0,0,0,low_activity,0,0,0,0,low_activity,0,0,0,0,0,0,151610,147805,-0.0127,-14,-35,33,27,52,51,1
1774108380,51,48,0,0,0,0,low_activity,0,0,0,0,low_activity,0,0,0,0,low_activity,0,0,0,0,0,0,151610,147805,-0.0127,-9,-35,33,27,52,51,1
1774108381,51,48,0,0,0,0,low_activity,0,0,0,0,low_activity,0,0,0,0,low_activity,0,0,0,0,0,0,151610,147805,-0.0127,0,-35,33,27,52,51,1
1774108382,51,48,0,0,0,0,no_volume,0,0,0,0,low_activity,0,0,0,0,low_activity,0,0,0,0,0,0,151610,132805,-0.0661,0,-35,33,27,52,51,1
1774108383,51,48,0,0,0,0,no_volume,0,0,0,0,low_activity,0,0,0,0,low_activity,0,0,0,0,0,0,145457,132838,-0.0453,-6153,-6188,33,27,52,51,1
1774108384,51,48,0,0,0,0,no_volume,0,0,0,0,no_volume,0,0,0,0,low_activity,0,0,0,0,0,0,145457,132838,-0.0453,-6153,-6167,33,26,52,51,1
1774108385,51,48,0,0,0,0,no_volume,0,0,0,0,no_volume,0,0,0,0,low_activity,0,0,0,0,0,0,145457,116350,-0.1112,-6153,-6167,33,25,52,51,1
1774108386,51,48,0,0,0,0,low_activity,0,0,0,0,low_activity,0,0,0,0,low_activity,0,0,0,0,0,0,145357,117838,-0.1046,-100,-6267,33,27,52,51,1
1774108387,51,48,0,0,0,0,low_activity,0,0,0,0,low_activity,0,0,0,0,low_activity,0,0,0,0,0,0,145357,132838,-0.045,-100,-6262,33,27,52,51,1
1774108388,51,48,0,0,0,0,low_activity,0,0,0,0,low_activity,0,0,0,0,low_activity,0,0,0,0,0,0,145357,132838,-0.045,-100,-6253,33,27,52,51,1
1774108389,51,48,0,0,0,0,low_activity,0,0,0,0,low_activity,0,0,0,0,low_activity,0,0,0,0,0,0,145311,117838,-0.1044,-46,-6299,33,27,52,51,1
1774108390,51,48,0,0,0,0,low_activity,0,0,0,0,low_activity,0,0,0,0,low_activity,0,0,0,0,0,0,145311,132838,-0.0448,-46,-6299,33,26,52,51,1
1774108391,51,48,0,0,0,0,low_activity,0,0,0,0,low_activity,0,0,0,0,low_activity,0,0,0,0,0,0,145311,117838,-0.1044,-46,-6299,33,26,52,51,1
1774108392,51,48,0,0,0,0,no_volume,0,0,0,0,low_activity,0,0,0,0,low_activity,0,0,0,0,0,0,145311,147838,0.0086,0,-6299,33,28,52,51,1
1774108393,51,48,0,0,0,0,no_volume,0,0,0,0,low_activity,0,0,0,0,low_activity,0,0,0,0,0,0,145311,146350,0.0036,0,-146,33,27,52,51,1
1774108394,51,48,0,0,0,0,no_volume,0,0,0,0,no_volume,0,0,0,0,low_activity,0,0,0,0,0,0,145311,147838,0.0086,0,-146,33,27,52,51,1
1774108395,51,48,0,0,0,0,no_volume,0,0,0,0,no_volume,0,0,0,0,low_activity,0,0,0,0,0,0,145311,147838,0.0086,0,-146,33,27,52,51,1
1774108396,51,48,0,0,0,0,low_activity,0,0,0,0,low_activity,0,0,0,0,low_activity,0,0,0,0,0,0,145246,147838,0.0088,-65,-111,33,27,52,51,1
1774108397,51,48,0,0,0,0,low_activity,0,0,0,0,low_activity,0,0,0,0,low_activity,0,0,0,0,0,0,145246,146350,0.0038,-65,-111,33,27,52,51,1
1774108398,51,48,0,0,0,0,low_activity,0,0,0,0,low_activity,0,0,0,0,low_activity,0,0,0,0,0,0,145246,147838,0.0088,-65,-111,33,27,52,51,1
1774108399,51,48,0,0,0,0,no_volume,0,0,0,0,low_activity,0,0,0,0,low_activity,0,0,0,0,0,0,145246,147838,0.0088,0,-65,33,27,52,51,1
1774108400,51,48,0,0,0,0,no_volume,0,0,0,0,low_activity,0,0,0,0,low_activity,0,0,0,0,0,0,145246,147838,0.0088,0,-65,33,27,52,51,1
1774108401,51,48,0,0,0,0,no_volume,0,0,0,0,no_volume,0,0,0,0,low_activity,0,0,0,0,0,0,145246,147838,0.0088,0,-65,33,27,52,51,1
1774108402,51,48,0,0,0,0,no_volume,0,0,0,0,no_volume,0,0,0,0,low_activity,0,0,0,0,0,0,145246,132838,-0.0446,0,-65,33,26,52,51,1
1774108403,51,48,0,0,0,0,no_volume,0,0,0,0,no_volume,0,0,0,0,low_activity,0,0,0,0,0,0,145246,132838,-0.0446,0,-65,33,27,52,51,1
1774108404,51,48,0,0,0,0,no_volume,0,0,0,0,no_volume,0,0,0,0,low_activity,0,0,0,0,0,0,145246,132838,-0.0446,0,-65,33,27,52,51,1
1774108405,51,48,0,0,0,0,no_volume,0,0,0,0,no_volume,0,0,0,0,low_activity,0,0,0,0,0,0,145246,132838,-0.0446,0,-65,33,25,52,51,1
1774108406,51,48,0,0,0,0,no_volume,0,0,0,0,no_volume,0,0,0,0,low_activity,0,0,0,0,0,0,145246,116350,-0.1105,0,0,33,26,52,51,1
1774108407,51,48,0,0,0,0,no_volume,0,0,0,0,no_volume,0,0,0,0,low_activity,0,0,0,0,0,0,145246,117838,-0.1042,0,0,33,26,52,51,1
1774108408,51,48,0,0,0,0,no_volume,0,0,0,0,no_volume,0,0,0,0,low_activity,0,0,0,0,0,0,145246,117838,-0.1042,0,0,33,26,52,51,1
1774108409,51,48,0,0,0,0,no_volume,0,0,0,0,no_volume,0,0,0,0,low_activity,0,0,0,0,0,0,145246,132838,-0.0446,0,0,33,26,52,51,1
1774108410,51,48,0,0,0,0,no_volume,0,0,0,0,no_volume,0,0,0,0,low_activity,0,0,0,0,0,0,145246,132838,-0.0446,0,0,33,26,52,51,1
1774108411,51,48,0,0,0,0,no_volume,0,0,0,0,no_volume,0,0,0,0,low_activity,0,0,0,0,0,0,145246,132838,-0.0446,0,0,33,27,52,51,1
1774108412,51,48,0,0,0,0,no_volume,0,0,0,0,no_volume,0,0,0,0,low_activity,0,0,0,0,0,0,145246,147838,0.0088,0,0,33,28,52,51,1
1774108413,51,48,0,0,0,0,no_volume,0,0,0,0,no_volume,0,0,0,0,low_activity,0,0,0,0,0,0,145246,147838,0.0088,0,0,33,27,52,51,1
1774108414,51,48,0,0,0,0,no_volume,0,0,0,0,no_volume,0,0,0,0,low_activity,0,0,0,0,0,0,140910,146350,0.0189,-4336,-4336,33,27,52,51,1
1774108415,51,48,0,0,0,0,no_volume,0,0,0,0,no_volume,0,0,0,0,low_activity,0,0,0,0,0,0,134910,147857,0.0458,-10336,-10336,33,28,52,51,1
1774108416,51,48,0,0,0,0,no_volume,0,0,0,0,no_volume,0,0,0,0,low_activity,0,0,0,0,0,0,134910,147857,0.0458,-10336,-10336,33,28,52,51,1
1774108417,51,48,0,0,0,0,no_volume,0,0,0,0,no_volume,0,0,0,0,low_activity,0,0,0,0,0,0,134910,147857,0.0458,-6000,-10336,33,28,52,51,1
1774108418,51,48,0,0,0,0,low_activity,0,0,0,0,low_activity,0,0,0,0,low_activity,0,0,0,0,0,0,134845,146369,0.041,-65,-10401,33,27,52,51,1
1774108419,51,48,0,0,0,0,low_activity,0,0,0,0,low_activity,0,0,0,0,low_activity,0,0,0,0,0,0,134845,147857,0.046,-65,-10401,33,27,52,51,1
1774108420,51,48,0,0,0,0,low_activity,0,0,0,0,low_activity,0,0,0,0,low_activity,0,0,0,0,0,0,134845,147857,0.046,-65,-10401,33,27,52,51,1
1774108421,51,48,0,0,0,0,no_volume,0,0,0,0,low_activity,0,0,0,0,low_activity,0,0,0,0,0,0,134845,147857,0.046,0,-10401,33,27,52,51,1
1774108422,51,48,0,0,0,0,no_volume,0,0,0,0,low_activity,0,0,0,0,low_activity,0,0,0,0,0,0,134845,132857,-0.0074,0,-10401,33,28,52,51,1
1774108423,51,48,0,0,0,0,no_volume,0,0,0,0,no_volume,0,0,0,0,low_activity,0,0,0,0,0,0,134845,117857,-0.0672,0,-10401,33,26,52,51,1
1774108424,51,48,0,0,0,0,no_volume,0,0,0,0,no_volume,0,0,0,0,low_activity,0,0,0,0,0,0,134845,132857,-0.0074,0,-6065,33,27,52,51,1
1774108425,51,48,0,0,0,0,no_volume,0,0,0,0,no_volume,0,0,0,0,low_activity,0,0,0,0,0,0,134845,132857,-0.0074,0,-65,33,28,52,51,1
1774108426,51,48,0,0,0,0,no_volume,0,0,0,0,no_volume,0,0,0,0,low_activity,0,0,0,0,0,0,134845,132857,-0.0074,0,-65,33,26,52,51,1
1774108427,51,48,0,0,0,0,no_volume,0,0,0,0,no_volume,0,0,0,0,low_activity,0,0,0,0,0,0,134845,132857,-0.0074,0,-65,33,27,52,51,1
1774108428,51,48,0,0,0,0,no_volume,0,0,0,0,no_volume,0,0,0,0,low_activity,0,0,0,0,0,0,134845,117857,-0.0672,0,0,33,27,52,51,1
1774108429,51,48,0,0,0,0,no_volume,0,0,0,0,no_volume,0,0,0,0,low_activity,0,0,0,0,0,0,134845,117857,-0.0672,0,0,33,27,52,51,1
1774108430,51,48,0,0,0,0,low_activity,0,0,0,0,low_activity,0,0,0,0,low_activity,0,0,0,0,0,0,134659,132857,-0.0067,-186,-186,33,27,52,51,1
1774108431,51,48,0,0,0,0,low_activity,0,0,0,0,low_activity,0,0,0,0,low_activity,0,0,0,0,0,0,134659,132857,-0.0067,-186,-186,33,26,52,51,1
1774108432,51,48,0,0,0,0,low_activity,0,0,0,0,low_activity,0,0,0,0,low_activity,0,0,0,0,0,0,133734,132857,-0.0033,-1111,-1111,33,27,52,51,1
1774108433,51,48,0,0,0,0,low_activity,0,0,0,0,low_activity,0,0,0,0,low_activity,0,0,0,0,0,0,133734,132857,-0.0033,-925,-1111,33,28,52,51,1
1774108434,51,48,0,0,0,0,no_volume,0,0,0,0,low_activity,0,0,0,0,low_activity,0,0,0,0,0,0,133734,132857,-0.0033,-925,-1111,33,26,52,51,1
1774108435,51,48,0,0,0,0,no_volume,0,0,0,0,low_activity,0,0,0,0,low_activity,0,0,0,0,0,0,133734,131369,-0.0089,0,-1111,33,26,52,51,1
1774108436,51,48,0,0,0,0,low_activity,0,0,0,0,low_activity,0,0,0,0,low_activity,0,0,0,0,0,0,133729,132857,-0.0033,-5,-1116,33,26,52,51,1
1774108437,51,48,0,0,0,0,low_activity,0,0,0,0,low_activity,0,0,0,0,low_activity,0,0,0,0,0,0,133729,117857,-0.0631,-5,-1116,33,26,52,51,1
1774108438,51,48,0,0,0,0,low_activity,0,0,0,0,low_activity,0,0,0,0,low_activity,0,0,0,0,0,0,133729,131369,-0.0089,-5,-1116,33,27,52,51,1
1774108439,51,48,0,0,0,0,no_volume,0,0,0,0,low_activity,0,0,0,0,low_activity,0,0,0,0,0,0,133729,117857,-0.0631,0,-1116,33,27,52,51,1
1774108440,51,48,0,0,0,0,low_activity,0,0,0,0,low_activity,0,0,0,0,low_activity,0,0,0,0,0,0,133711,117857,-0.063,-18,-948,33,26,52,51,1
1774108441,51,48,0,0,0,0,low_activity,0,0,0,0,low_activity,0,0,0,0,low_activity,0,0,0,0,0,0,133711,132857,-0.0032,-18,-948,33,27,52,51,1
1774108442,51,48,0,0,0,0,low_activity,0,0,0,0,low_activity,0,0,0,0,low_activity,0,0,0,0,0,0,133711,132857,-0.0032,-18,-23,33,28,52,51,1
1774108443,51,48,0,0,0,0,no_volume,0,0,0,0,low_activity,0,0,0,0,low_activity,0,0,0,0,0,0,133711,132857,-0.0032,0,-23,33,27,52,51,1
1774108444,51,48,0,0,0,0,no_volume,0,0,0,0,low_activity,0,0,0,0,low_activity,0,0,0,0,0,0,133711,117857,-0.063,0,-23,33,27,52,51,1
1774108445,51,48,0,0,0,0,no_volume,0,0,0,0,no_volume,0,0,0,0,low_activity,0,0,0,0,0,0,133711,132857,-0.0032,0,-23,33,27,52,51,1
1774108446,51,48,0,0,0,0,no_volume,0,0,0,0,no_volume,0,0,0,0,low_activity,0,0,0,0,0,0,133711,132857,-0.0032,0,-18,33,26,52,51,1
1774108447,51,48,0,0,0,0,no_volume,0,0,0,0,no_volume,0,0,0,0,low_activity,0,0,0,0,0,0,133711,132857,-0.0032,0,-18,33,28,52,51,1
1774108448,51,48,0,0,0,0,no_volume,0,0,0,0,no_volume,0,0,0,0,low_activity,0,0,0,0,0,0,133711,117857,-0.063,0,-18,33,27,52,51,1
1774108449,51,48,0,0,0,0,no_volume,0,0,0,0,no_volume,0,0,0,0,low_activity,0,0,0,0,0,0,133711,117857,-0.063,0,-18,33,26,52,51,1
1774108450,51,48,0,0,0,0,no_volume,0,0,0,0,no_volume,0,0,0,0,low_activity,0,0,0,0,0,0,133711,117857,-0.063,0,0,33,26,52,51,1
1774108451,51,48,0,0,0,0,no_volume,0,0,0,0,no_volume,0,0,0,0,low_activity,0,0,0,0,0,0,133711,132857,-0.0032,0,0,33,26,52,51,1
1774108452,51,48,0,0,0,0,no_volume,0,0,0,0,no_volume,0,0,0,0,low_activity,0,0,0,0,0,0,133711,132857,-0.0032,0,0,33,27,52,51,1
1774108453,51,48,0,0,0,0,no_volume,0,0,0,0,no_volume,0,0,0,0,low_activity,0,0,0,0,0,0,133711,132857,-0.0032,0,0,33,28,52,51,1
1774108454,51,48,0,0,0,0,no_volume,0,0,0,0,no_volume,0,0,0,0,low_activity,0,0,0,0,0,0,133711,132857,-0.0032,0,0,33,27,52,51,1
1774108455,51,48,0,0,0,0,no_volume,0,0,0,0,no_volume,0,0,0,0,low_activity,0,0,0,0,0,0,133711,132857,-0.0032,0,0,33,28,52,51,1
1774108456,51,48,0,0,0,0,no_volume,0,0,0,0,no_volume,0,0,0,0,low_activity,0,0,0,0,0,0,133711,117857,-0.063,0,0,33,26,52,51,1
1774108457,51,48,0,0,0,0,no_volume,0,0,0,0,no_volume,0,0,0,0,low_activity,0,0,0,0,0,0,133711,132857,-0.0032,0,0,33,27,52,51,1
1774108458,51,48,0,0,0,0,no_volume,0,0,0,0,no_volume,0,0,0,0,low_activity,0,0,0,0,0,0,133711,131369,-0.0088,0,0,33,27,52,51,1
1774108459,51,48,0,0,0,0,no_volume,0,0,0,0,no_volume,0,0,0,0,low_activity,0,0,0,0,0,0,133711,132857,-0.0032,0,0,33,27,52,51,1
1774108460,51,48,0,0,0,0,low_activity,0,0,0,0,low_activity,0,0,0,0,low_activity,0,0,0,0,0,0,133709,132857,-0.0032,-2,-2,33,27,52,51,1
1774108461,51,48,0,0,0,0,low_activity,0,0,0,0,low_activity,0,0,0,0,low_activity,0,0,0,0,0,0,133709,132857,-0.0032,-2,-2,33,27,52,51,1
1774108462,51,48,0,0,0,0,low_activity,0,0,0,0,low_activity,0,0,0,0,low_activity,0,0,0,0,0,0,133709,132857,-0.0032,-2,-2,33,27,52,51,1
1774108463,51,48,0,0,0,0,no_volume,0,0,0,0,low_activity,0,0,0,0,low_activity,0,0,0,0,0,0,133709,132857,-0.0032,0,-2,33,27,52,51,1
1774108464,51,48,0,0,0,0,low_activity,0,0,0,0,low_activity,0,0,0,0,low_activity,0,0,0,0,0,0,133654,131369,-0.0086,-55,-57,33,27,52,51,1
1774108465,51,48,0,0,0,0,low_activity,0,0,0,0,low_activity,0,0,0,0,low_activity,0,0,0,0,0,0,133654,132857,-0.003,-55,-57,33,27,52,51,1
1774108466,51,48,0,0,0,0,low_activity,0,0,0,0,low_activity,0,0,0,0,low_activity,0,0,0,0,0,0,133654,117857,-0.0628,-55,-57,33,26,52,51,1
1774108467,51,48,0,0,0,0,no_volume,0,0,0,0,low_activity,0,0,0,0,low_activity,0,0,0,0,0,0,133654,132857,-0.003,0,-57,33,28,52,51,1
1774108468,51,48,0,0,0,0,no_volume,0,0,0,0,low_activity,0,0,0,0,low_activity,0,0,0,0,0,0,133654,132857,-0.003,0,-57,33,27,52,51,1
1774108469,51,48,0,0,0,0,no_volume,0,0,0,0,no_volume,0,0,0,0,low_activity,0,0,0,0,0,0,133654,132857,-0.003,0,-57,33,27,52,51,1
1774108470,51,48,0,0,0,0,no_volume,0,0,0,0,no_volume,0,0,0,0,low_activity,0,0,0,0,0,0,133654,116369,-0.0691,0,-55,33,26,52,51,1
1774108471,51,48,0,0,0,0,no_volume,0,0,0,0,no_volume,0,0,0,0,low_activity,0,0,0,0,0,0,133654,132857,-0.003,0,-55,33,27,52,51,1
1774108472,51,48,0,0,0,0,no_volume,0,0,0,0,no_volume,0,0,0,0,low_activity,0,0,0,0,0,0,133654,117857,-0.0628,0,-55,33,26,52,51,1
1774108473,51,48,0,0,0,0,no_volume,0,0,0,0,no_volume,0,0,0,0,low_activity,0,0,0,0,0,0,133654,132857,-0.003,0,-55,33,26,52,51,1
1774108474,51,48,0,0,0,0,low_activity,0,0,0,0,low_activity,0,0,0,0,low_activity,0,0,0,0,0,0,136228,132857,-0.0125,2574,2574,33,27,52,51,1
1774108475,51,48,0,0,0,0,low_activity,0,0,0,0,low_activity,0,0,0,0,low_activity,0,0,0,0,0,0,142228,132857,-0.0341,8574,8574,33,27,52,51,1
1774108476,51,48,0,0,0,0,low_activity,0,0,0,0,low_activity,0,0,0,0,low_activity,0,0,0,0,0,0,139303,132857,-0.0237,5649,5649,33,27,52,51,1
1774108477,51,48,0,0,0,0,no_volume,0,0,0,0,low_activity,0,0,0,0,low_activity,0,0,0,0,0,0,139303,131369,-0.0293,3075,5649,33,26,52,51,1
1774108478,51,48,0,0,0,0,no_volume,0,0,0,0,low_activity,0,0,0,0,low_activity,0,0,0,0,0,0,139303,132857,-0.0237,-2925,5649,33,28,52,51,1
1774108479,51,48,0,0,0,0,no_volume,0,0,0,0,no_volume,0,0,0,0,low_activity,0,0,0,0,0,0,139303,132857,-0.0237,0,5649,33,27,52,51,1
1774108480,51,48,0,0,0,0,low_activity,0,0,0,0,low_activity,0,0,0,0,low_activity,0,0,0,0,0,0,138378,132857,-0.0204,-925,4724,33,26,52,51,1
1774108481,51,48,0,0,0,0,low_activity,0,0,0,0,low_activity,0,0,0,0,low_activity,0,0,0,0,0,0,135712,132857,-0.0106,-3591,2058,33,26,52,51,1
1774108482,51,48,0,0,0,0,low_activity,0,0,0,0,low_activity,0,0,0,0,low_activity,0,0,0,0,0,0,135712,133857,-0.0069,-3591,2058,33,27,52,51,1
1774108483,51,48,0,0,0,0,low_activity,0,0,0,0,low_activity,0,0,0,0,low_activity,0,0,0,0,0,0,135612,132857,-0.0103,-2766,1958,33,27,52,51,1
1774108484,51,48,0,0,0,0,low_activity,0,0,0,0,low_activity,0,0,0,0,low_activity,0,0,0,0,0,0,135612,147857,0.0432,-100,-616,33,27,52,51,1
1774108485,51,48,0,0,0,0,low_activity,0,0,0,0,low_activity,0,0,0,0,low_activity,0,0,0,0,0,0,135612,147857,0.0432,-100,-6616,33,28,52,51,1
1774108486,51,48,0,0,0,0,no_volume,0,0,0,0,low_activity,0,0,0,0,low_activity,0,0,0,0,0,0,135612,147857,0.0432,0,-3691,33,27,52,51,1
1774108487,51,48,0,0,0,0,no_volume,0,0,0,0,low_activity,0,0,0,0,low_activity,0,0,0,0,0,0,135612,147857,0.0432,0,-3691,33,28,52,51,1
1774108488,51,48,0,0,0,0,no_volume,0,0,0,0,no_volume,0,0,0,0,low_activity,0,0,0,0,0,0,135612,147857,0.0432,0,-3691,33,28,52,51,1
1774108489,51,48,0,0,0,0,no_volume,0,0,0,0,no_volume,0,0,0,0,low_activity,0,0,0,0,0,0,129612,147857,0.0658,-6000,-9691,33,27,52,51,1
1774108490,51,48,0,0,0,0,no_volume,0,0,0,0,no_volume,0,0,0,0,low_activity,0,0,0,0,0,0,140301,147857,0.0262,4689,1923,33,28,52,51,1
1774108491,51,48,0,0,0,0,no_volume,0,0,0,0,no_volume,0,0,0,0,low_activity,0,0,0,0,0,0,140301,147857,0.0262,4689,4589,33,27,52,51,1
1774108492,51,48,0,0,0,0,no_volume,0,0,0,0,no_volume,0,0,0,0,low_activity,0,0,0,0,0,0,140301,147857,0.0262,10689,4589,33,27,52,51,1
1774108493,51,48,0,0,0,0,no_volume,0,0,0,0,no_volume,0,0,0,0,low_activity,0,0,0,0,0,0,140301,117857,-0.0869,0,4689,33,27,52,51,1
1774108494,51,48,0,0,0,0,no_volume,0,0,0,0,no_volume,0,0,0,0,low_activity,0,0,0,0,0,0,140301,132857,-0.0273,0,4689,33,28,52,51,1
1774108495,51,48,0,0,0,0,no_volume,0,0,0,0,no_volume,0,0,0,0,low_activity,0,0,0,0,0,0,140301,131369,-0.0329,0,4689,33,26,52,51,1
1774108496,51,48,0,0,0,0,no_volume,0,0,0,0,no_volume,0,0,0,0,low_activity,0,0,0,0,0,0,140301,132857,-0.0273,0,4689,33,28,52,51,1
1774108497,51,48,0,0,0,0,no_volume,0,0,0,0,no_volume,0,0,0,0,low_activity,0,0,0,0,0,0,140301,132857,-0.0273,0,4689,33,27,52,51,1
1774108498,51,48,0,0,0,0,no_volume,0,0,0,0,no_volume,0,0,0,0,low_activity,0,0,0,0,0,0,140301,117857,-0.0869,0,4689,33,26,52,51,1
1774108499,51,48,0,0,0,0,no_volume,0,0,0,0,no_volume,0,0,0,0,low_activity,0,0,0,0,0,0,140301,132857,-0.0273,0,10689,33,27,52,51,1
1774108500,51,48,0,0,0,0,low_activity,0,0,0,0,low_activity,0,0,0,0,low_activity,0,0,0,0,0,0,140300,132857,-0.0272,-1,-1,33,27,52,51,1
1774108501,51,48,0,0,0,0,low_activity,0,0,0,0,low_activity,0,0,0,0,low_activity,0,0,0,0,0,0,140300,117857,-0.0869,-1,-1,33,27,52,51,1
1774108502,51,48,0,0,0,0,low_activity,0,0,0,0,low_activity,0,0,0,0,low_activity,0,0,0,0,0,0,140300,131369,-0.0329,-1,-1,33,26,52,51,1
1774108503,51,48,0,0,0,0,no_volume,0,0,0,0,low_activity,0,0,0,0,low_activity,0,0,0,0,0,0,140300,132857,-0.0272,0,-1,33,27,52,51,1
1774108504,51,48,0,0,0,0,no_volume,0,0,0,0,low_activity,0,0,0,0,low_activity,0,0,0,0,0,0,140300,132857,-0.0272,0,-1,33,27,52,51,1
1774108505,51,48,0,0,0,0,no_volume,0,0,0,0,no_volume,0,0,0,0,low_activity,0,0,0,0,0,0,140300,132857,-0.0272,0,-1,33,27,52,51,1
1774108506,51,48,0,0,0,0,no_volume,0,0,0,0,no_volume,0,0,0,0,low_activity,0,0,0,0,0,0,140300,117857,-0.0869,0,-1,33,27,52,51,1
1774108507,51,48,0,0,0,0,no_volume,0,0,0,0,no_volume,0,0,0,0,low_activity,0,0,0,0,0,0,140300,132857,-0.0272,0,-1,33,26,52,51,1
1774108508,51,48,0,0,0,0,no_volume,0,0,0,0,no_volume,0,0,0,0,low_activity,0,0,0,0,0,0,140300,132857,-0.0272,0,-1,33,27,52,51,1
1774108509,51,48,0,0,0,0,no_volume,0,0,0,0,no_volume,0,0,0,0,low_activity,0,0,0,0,0,0,140300,118745,-0.0832,0,-1,33,26,52,51,1
1774108510,51,48,0,0,0,0,no_volume,0,0,0,0,no_volume,0,0,0,0,low_activity,0,0,0,0,0,0,140300,133745,-0.0239,0,0,33,27,52,51,1
1774108511,51,48,0,0,0,0,no_volume,0,0,0,0,no_volume,0,0,0,0,low_activity,0,0,0,0,0,0,140300,132257,-0.0295,0,0,33,27,52,51,1
1774108512,51,48,0,0,0,0,low_activity,0,0,0,0,low_activity,0,0,0,0,low_activity,0,0,0,0,0,0,140291,133745,-0.0239,-9,-9,33,27,52,51,1
1774108513,51,48,0,0,0,0,low_activity,0,0,0,0,low_activity,0,0,0,0,low_activity,0,0,0,0,0,0,140291,133745,-0.0239,-9,-9,33,26,52,51,1
1774108514,51,48,0,0,0,0,low_activity,0,0,0,0,low_activity,0,0,0,0,low_activity,0,0,0,0,0,0,140291,118745,-0.0832,-9,-9,33,26,52,51,1
1774108515,51,48,0,0,0,0,no_volume,0,0,0,0,low_activity,0,0,0,0,low_activity,0,0,0,0,0,0,140291,133745,-0.0239,0,-9,33,28,52,51,1
1774108516,51,48,0,0,0,0,no_volume,0,0,0,0,low_activity,0,0,0,0,low_activity,0,0,0,0,0,0,140291,118745,-0.0832,0,-9,33,27,52,51,1
1774108517,51,48,0,0,0,0,low_activity,0,0,0,0,low_activity,0,0,0,0,low_activity,0,0,0,0,0,0,140110,132257,-0.0288,-181,-190,33,26,52,51,1
1774108518,51,48,0,0,0,0,low_activity,0,0,0,0,low_activity,0,0,0,0,low_activity,0,0,0,0,0,0,140110,133745,-0.0232,-181,-190,33,27,52,51,1
1774108519,51,48,0,0,0,0,low_activity,0,0,0,0,low_activity,0,0,0,0,low_activity,0,0,0,0,0,0,140110,133745,-0.0232,-181,-190,33,27,52,51,1
1774108520,51,48,0,0,0,0,no_volume,0,0,0,0,low_activity,0,0,0,0,low_activity,0,0,0,0,0,0,140110,133745,-0.0232,0,-190,33,27,52,51,1
1774108521,51,48,0,0,0,0,no_volume,0,0,0,0,low_activity,0,0,0,0,low_activity,0,0,0,0,0,0,140110,133745,-0.0232,0,-190,33,28,52,51,1
1774108522,51,48,0,0,0,0,no_volume,0,0,0,0,no_volume,0,0,0,0,low_activity,0,0,0,0,0,0,140110,133790,-0.0231,0,-181,33,27,52,51,1
1774108523,51,48,0,0,0,0,no_volume,0,0,0,0,no_volume,0,0,0,0,low_activity,0,0,0,0,0,0,140110,132302,-0.0287,0,-181,33,26,52,51,1
1774108524,51,48,0,0,0,0,no_volume,0,0,0,0,no_volume,0,0,0,0,low_activity,0,0,0,0,0,0,140110,118790,-0.0823,0,-181,33,26,52,51,1
1774108525,51,48,0,0,0,0,no_volume,0,0,0,0,no_volume,0,0,0,0,low_activity,0,0,0,0,0,0,140110,133790,-0.0231,0,-181,33,27,52,51,1
1774108526,51,48,0,0,0,0,no_volume,0,0,0,0,no_volume,0,0,0,0,low_activity,0,0,0,0,0,0,140110,133790,-0.0231,0,-181,33,27,52,51,1
1774108527,51,48,0,0,0,0,no_volume,0,0,0,0,no_volume,0,0,0,0,low_activity,0,0,0,0,0,0,140110,133790,-0.0231,0,0,33,26,52,51,1
1774108528,51,48,0,0,0,0,low_activity,0,0,0,0,low_activity,0,0,0,0,low_activity,0,0,0,0,0,0,140110,133690,-0.0234,0,0,33,26,52,51,1
1774108529,51,48,0,0,0,0,low_activity,0,0,0,0,low_activity,0,0,0,0,low_activity,0,0,0,0,0,0,140110,132202,-0.029,0,0,33,26,52,51,1
1774108530,51,48,0,0,0,0,low_activity,0,0,0,0,low_activity,0,0,0,0,low_activity,0,0,0,0,0,0,140079,133690,-0.0233,-31,-31,33,28,52,51,1
1774108531,51,48,0,0,0,0,low_activity,0,0,0,0,low_activity,0,0,0,0,low_activity,0,0,0,0,0,0,140079,133690,-0.0233,-31,-31,33,27,52,51,1
1774108532,51,48,0,0,0,0,low_activity,0,0,0,0,low_activity,0,0,0,0,low_activity,0,0,0,0,0,0,140033,133690,-0.0232,-77,-77,33,28,52,51,1
1774108533,51,48,0,0,0,0,low_activity,0,0,0,0,low_activity,0,0,0,0,low_activity,0,0,0,0,0,0,140033,133690,-0.0232,-46,-77,33,26,52,51,1
1774108534,51,48,0,0,0,0,low_activity,0,0,0,0,low_activity,0,0,0,0,low_activity,0,0,0,0,0,0,140033,118690,-0.0825,-46,-77,33,27,52,51,1
1774108535,51,48,0,0,0,0,no_volume,0,0,0,0,low_activity,0,0,0,0,low_activity,0,0,0,0,0,0,146033,133690,-0.0441,6000,5923,33,26,52,51,1
1774108536,51,48,0,0,0,0,no_volume,0,0,0,0,low_activity,0,0,0,0,low_activity,0,0,0,0,0,0,135344,132202,-0.0117,-4689,-4766,33,26,52,51,1
1774108537,51,48,0,0,0,0,no_volume,0,0,0,0,no_volume,0,0,0,0,low_activity,0,0,0,0,0,0,135344,133690,-0.0061,-4689,-4766,33,28,52,51,1
1774108538,51,48,0,0,0,0,no_volume,0,0,0,0,no_volume,0,0,0,0,low_activity,0,0,0,0,0,0,135344,133690,-0.0061,-10689,-4766,33,27,52,51,1
1774108539,51,48,0,0,0,0,no_volume,0,0,0,0,no_volume,0,0,0,0,low_activity,0,0,0,0,0,0,135344,118690,-0.0656,0,-4766,33,27,52,51,1
1774108540,51,48,0,0,0,0,no_volume,0,0,0,0,no_volume,0,0,0,0,low_activity,0,0,0,0,0,0,135344,133690,-0.0061,0,-4735,33,27,52,51,1
1774108541,51,48,0,0,0,0,no_volume,0,0,0,0,no_volume,0,0,0,0,low_activity,0,0,0,0,0,0,135344,133690,-0.0061,0,-4735,33,27,52,51,1
1774108542,51,48,0,0,0,0,low_activity,0,0,0,0,low_activity,0,0,0,0,low_activity,0,0,0,0,0,0,128789,117202,-0.0471,-6555,-11244,33,26,52,51,1
1774108543,51,48,0,0,0,0,low_activity,0,0,0,0,low_activity,0,0,0,0,low_activity,0,0,0,0,0,0,128789,118659,-0.0409,-6555,-11244,33,27,52,51,1
1774108544,51,48,0,0,0,0,low_activity,0,0,0,0,low_activity,0,0,0,0,low_activity,0,0,0,0,0,0,139478,133659,-0.0213,4134,-555,33,27,52,51,1
1774108545,51,48,0,0,0,0,low_activity,0,0,0,0,low_activity,0,0,0,0,low_activity,0,0,0,0,0,0,139478,133659,-0.0213,10689,-6555,33,26,52,51,1
1774108546,51,48,0,0,0,0,no_volume,0,0,0,0,low_activity,0,0,0,0,low_activity,0,0,0,0,0,0,139478,133659,-0.0213,10689,4134,33,27,52,51,1
1774108547,51,48,0,0,0,0,no_volume,0,0,0,0,low_activity,0,0,0,0,low_activity,0,0,0,0,0,0,139478,133659,-0.0213,0,4134,33,26,52,51,1
1774108548,51,48,0,0,0,0,no_volume,0,0,0,0,no_volume,0,0,0,0,low_activity,0,0,0,0,0,0,139478,133659,-0.0213,0,4134,33,28,52,51,1
1774108549,51,48,0,0,0,0,no_volume,0,0,0,0,no_volume,0,0,0,0,low_activity,0,0,0,0,0,0,139478,133659,-0.0213,0,4134,33,28,52,51,1
1774108550,51,48,0,0,0,0,no_volume,0,0,0,0,no_volume,0,0,0,0,low_activity,0,0,0,0,0,0,139478,132171,-0.0269,0,4134,33,26,52,51,1
1774108551,51,48,0,0,0,0,no_volume,0,0,0,0,no_volume,0,0,0,0,low_activity,0,0,0,0,0,0,139478,118659,-0.0807,0,4134,33,27,52,51,1
1774108552,51,48,0,0,0,0,no_volume,0,0,0,0,no_volume,0,0,0,0,low_activity,0,0,0,0,0,0,139478,133659,-0.0213,0,10689,33,27,52,51,1
1774108553,51,48,0,0,0,0,no_volume,0,0,0,0,no_volume,0,0,0,0,low_activity,0,0,0,0,0,0,139478,148659,0.0319,0,10689,33,27,52,51,1
1774108554,51,48,0,0,0,0,low_activity,0,0,0,0,low_activity,0,0,0,0,low_activity,0,0,0,0,0,0,139441,148659,0.032,-37,-37,33,27,52,51,1
1774108555,51,48,0,0,0,0,low_activity,0,0,0,0,low_activity,0,0,0,0,low_activity,0,0,0,0,0,0,139441,148659,0.032,-37,-37,33,27,52,51,1
1774108556,51,48,0,0,0,0,low_activity,0,0,0,0,low_activity,0,0,0,0,low_activity,0,0,0,0,0,0,139441,147171,0.027,-37,-37,33,27,52,51,1
1774108557,51,48,0,0,0,0,low_activity,0,0,0,0,low_activity,0,0,0,0,low_activity,0,0,0,0,0,0,139071,147771,0.0303,-370,-407,33,27,52,51,1
1774108558,51,48,0,0,0,0,low_activity,0,0,0,0,low_activity,0,0,0,0,low_activity,0,0,0,0,0,0,138671,147771,0.0318,-770,-807,33,27,52,51,1
1774108559,51,48,0,0,0,0,low_activity,0,0,0,0,low_activity,0,0,0,0,low_activity,0,0,0,0,0,0,138671,147771,0.0318,-770,-807,33,27,52,51,1
1774108560,51,48,0,0,0,0,low_activity,0,0,0,0,low_activity,0,0,0,0,low_activity,0,0,0,0,0,0,138671,147771,0.0318,-400,-807,33,27,52,51,1
1774108561,51,48,0,0,0,0,no_volume,0,0,0,0,low_activity,0,0,0,0,low_activity,0,0,0,0,0,0,138671,147771,0.0318,0,-807,33,27,52,51,1
1774108562,51,48,0,0,0,0,no_volume,0,0,0,0,low_activity,0,0,0,0,low_activity,0,0,0,0,0,0,138671,147771,0.0318,0,-807,33,27,52,51,1
1774108563,51,48,0,0,0,0,no_volume,0,0,0,0,no_volume,0,0,0,0,low_activity,0,0,0,0,0,0,138671,116283,-0.0878,0,-807,33,26,52,51,1
1774108564,51,48,0,0,0,0,no_volume,0,0,0,0,no_volume,0,0,0,0,low_activity,0,0,0,0,0,0,138671,132771,-0.0217,0,-770,33,26,52,51,1
1774108565,51,48,0,0,0,0,no_volume,0,0,0,0,no_volume,0,0,0,0,low_activity,0,0,0,0,0,0,138671,117771,-0.0815,0,-770,33,25,52,51,1
1774108566,51,48,0,0,0,0,no_volume,0,0,0,0,no_volume,0,0,0,0,low_activity,0,0,0,0,0,0,138671,132771,-0.0217,0,-770,33,26,52,51,1
1774108567,52,47,0,0,0,0,low_activity,0,0,0,0,low_activity,0,0,0,0,low_activity,0,0,0,0,0,0,152015,125049,-0.0973,13344,12944,32,27,53,52,1
1774108568,52,47,0,0,0,0,low_activity,0,0,0,0,low_activity,0,0,0,0,low_activity,0,0,0,0,0,0,152025,140049,-0.041,13354,13354,32,28,53,52,1
1774108569,52,47,0,0,0,0,low_activity,0,0,0,0,low_activity,0,0,0,0,low_activity,0,0,0,0,0,0,152025,123561,-0.1033,13354,13354,32,27,53,52,1
1774108570,52,47,0,0,0,0,no_volume,0,0,0,0,low_activity,0,0,0,0,low_activity,0,0,0,0,0,0,152025,140049,-0.041,10,13354,32,28,53,52,1
1774108571,52,47,0,0,0,0,no_volume,0,0,0,0,low_activity,0,0,0,0,low_activity,0,0,0,0,0,0,152025,140049,-0.041,0,13354,32,27,53,52,1
1774108572,52,47,0,0,0,0,no_volume,0,0,0,0,no_volume,0,0,0,0,low_activity,0,0,0,0,0,0,152025,140049,-0.041,0,13354,32,29,53,52,1
1774108573,52,47,0,0,0,0,no_volume,0,0,0,0,no_volume,0,0,0,0,low_activity,0,0,0,0,0,0,152025,140049,-0.041,0,13354,32,28,53,52,1
1774108574,52,47,0,0,0,0,no_volume,0,0,0,0,no_volume,0,0,0,0,low_activity,0,0,0,0,0,0,152025,140049,-0.041,0,13354,32,27,53,52,1
1774108575,52,47,0,0,0,0,no_volume,0,0,0,0,no_volume,0,0,0,0,low_activity,0,0,0,0,0,0,152025,140049,-0.041,0,13354,32,29,53,52,1
1774108576,52,47,0,0,0,0,no_volume,0,0,0,0,no_volume,0,0,0,0,low_activity,0,0,0,0,0,0,152025,125049,-0.0974,0,13354,32,28,53,52,1
1774108577,52,47,0,0,0,0,no_volume,0,0,0,0,no_volume,0,0,0,0,low_activity,0,0,0,0,0,0,152025,140049,-0.041,0,10,32,29,53,52,1
1774108578,52,47,0,0,0,0,no_volume,0,0,0,0,no_volume,0,0,0,0,low_activity,0,0,0,0,0,0,152025,123561,-0.1033,0,0,32,27,53,52,1
1774108579,52,47,0,0,0,0,no_volume,0,0,0,0,no_volume,0,0,0,0,low_activity,0,0,0,0,0,0,152025,125049,-0.0974,0,0,32,27,53,52,1
1774108580,52,47,0,0,0,0,no_volume,0,0,0,0,no_volume,0,0,0,0,low_activity,0,0,0,0,0,0,152025,140049,-0.041,0,0,32,27,53,52,1
1774108581,52,47,0,0,0,0,no_volume,0,0,0,0,no_volume,0,0,0,0,low_activity,0,0,0,0,0,0,152025,125049,-0.0974,0,0,32,27,53,52,1
1774108582,52,47,0,0,0,0,no_volume,0,0,0,0,no_volume,0,0,0,0,low_activity,0,0,0,0,0,0,152025,138561,-0.0463,0,0,32,28,53,52,1
1774108583,52,47,0,0,0,0,no_volume,0,0,0,0,no_volume,0,0,0,0,low_activity,0,0,0,0,0,0,152025,140049,-0.041,0,0,32,28,53,52,1
1774108584,52,47,0,0,0,0,low_activity,0,0,0,0,low_activity,0,0,0,0,low_activity,0,0,0,0,0,0,151925,140049,-0.0407,-100,-100,32,28,53,52,1
1774108585,52,47,0,0,0,0,low_activity,0,0,0,0,low_activity,0,0,0,0,low_activity,0,0,0,0,0,0,151925,125049,-0.097,-100,-100,32,27,53,52,1
1774108586,52,47,0,0,0,0,low_activity,0,0,0,0,low_activity,0,0,0,0,low_activity,0,0,0,0,0,0,151925,125049,-0.097,-100,-100,32,28,53,52,1
1774108587,52,47,0,0,0,0,no_volume,0,0,0,0,low_activity,0,0,0,0,low_activity,0,0,0,0,0,0,153418,140049,-0.0456,1493,1393,31,28,53,52,1
1774108588,52,47,0,0,0,0,no_volume,0,0,0,0,low_activity,0,0,0,0,low_activity,0,0,0,0,0,0,152275,140049,-0.0418,350,250,32,27,53,52,1
1774108589,52,47,0,0,0,0,no_volume,0,0,0,0,no_volume,0,0,0,0,low_activity,0,0,0,0,0,0,152275,140049,-0.0418,350,250,32,27,53,52,1
1774108590,52,47,0,0,0,0,no_volume,0,0,0,0,no_volume,0,0,0,0,low_activity,0,0,0,0,0,0,152275,125049,-0.0982,-1143,250,32,28,53,52,1
1774108591,52,47,0,0,0,0,no_volume,0,0,0,0,no_volume,0,0,0,0,low_activity,0,0,0,0,0,0,152275,125049,-0.0982,0,250,32,28,53,52,1
1774108592,52,47,0,0,0,0,no_volume,0,0,0,0,no_volume,0,0,0,0,low_activity,0,0,0,0,0,0,152275,125049,-0.0982,0,250,32,27,53,52,1
1774108593,52,47,0,0,0,0,no_volume,0,0,0,0,no_volume,0,0,0,0,low_activity,0,0,0,0,0,0,151960,155049,0.0101,-315,-65,31,29,53,52,1
1774108594,52,47,0,0,0,0,no_volume,0,0,0,0,no_volume,0,0,0,0,low_activity,0,0,0,0,0,0,151953,138561,-0.0461,-322,28,32,27,53,52,1
1774108595,52,47,0,0,0,0,no_volume,0,0,0,0,no_volume,0,0,0,0,low_activity,0,0,0,0,0,0,157953,155049,-0.0093,5678,6028,32,28,53,52,1
1774108596,52,47,0,0,0,0,low_activity,0,0,0,0,low_activity,0,0,0,0,low_activity,0,0,0,0,0,0,157498,155049,-0.0078,5538,5573,32,28,53,52,1
1774108597,52,47,0,0,0,0,low_activity,0,0,0,0,low_activity,0,0,0,0,low_activity,0,0,0,0,0,0,157498,155049,-0.0078,5545,4080,32,28,53,52,1
1774108598,52,47,0,0,0,0,low_activity,0,0,0,0,low_activity,0,0,0,0,low_activity,0,0,0,0,0,0,158963,155025,-0.0125,1010,6688,32,29,53,52,1
1774108599,52,47,0,0,0,0,low_activity,0,0,0,0,low_activity,0,0,0,0,low_activity,0,0,0,0,0,0,157846,139162,-0.0629,348,5571,32,28,53,52,1
1774108600,52,47,0,0,0,0,low_activity,0,0,0,0,low_activity,0,0,0,0,low_activity,0,0,0,0,0,0,157846,139112,-0.0631,348,5571,33,28,53,52,1
1774108601,52,47,0,0,0,0,low_activity,0,0,0,0,low_activity,0,0,0,0,low_activity,0,0,0,0,0,0,157470,154112,-0.0108,-1493,5195,32,29,53,52,1
1774108602,52,47,0,0,0,0,low_activity,0,0,0,0,low_activity,0,0,0,0,low_activity,0,0,0,0,0,0,157470,154112,-0.0108,-376,5195,32,28,53,52,1
1774108603,52,47,0,0,0,0,no_volume,0,0,0,0,low_activity,0,0,0,0,low_activity,0,0,0,0,0,0,157436,152624,-0.0155,-410,5476,33,27,53,52,1
1774108604,52,47,0,0,0,0,no_volume,0,0,0,0,low_activity,0,0,0,0,low_activity,0,0,0,0,0,0,142659,154112,0.0386,-14811,-9294,33,27,53,52,1
1774108605,52,47,0,0,0,0,no_volume,0,0,0,0,no_volume,0,0,0,0,low_activity,0,0,0,0,0,0,157642,154112,-0.0113,172,-311,33,27,53,52,1
1774108606,52,47,0,0,0,0,no_volume,0,0,0,0,no_volume,0,0,0,0,low_activity,0,0,0,0,0,0,157446,154975,-0.0079,10,-52,33,27,53,52,1
1774108607,52,47,0,0,0,0,no_volume,0,0,0,0,no_volume,0,0,0,0,low_activity,0,0,0,0,0,0,157446,154112,-0.0107,14787,-52,33,27,53,52,1
1774108608,52,47,0,0,0,0,no_volume,0,0,0,0,no_volume,0,0,0,0,low_activity,0,0,0,0,0,0,157446,154112,-0.0107,-196,-1517,33,27,53,52,1
1774108609,52,47,0,0,0,0,no_volume,0,0,0,0,no_volume,0,0,0,0,low_activity,0,0,0,0,0,0,157653,152624,-0.0162,207,-193,34,27,53,52,1
1774108610,52,47,0,0,0,0,no_volume,0,0,0,0,no_volume,0,0,0,0,low_activity,0,0,0,0,0,0,155520,154112,-0.0045,-1926,-2326,33,27,53,52,1
1774108611,52,47,0,0,0,0,no_volume,0,0,0,0,no_volume,0,0,0,0,low_activity,0,0,0,0,0,0,157429,154112,-0.0106,-17,-41,32,27,53,52,1
1774108612,52,47,0,0,0,0,no_volume,0,0,0,0,no_volume,0,0,0,0,low_activity,0,0,0,0,0,0,157429,154112,-0.0106,-224,-41,32,27,53,52,1
1774108613,52,47,0,0,0,0,no_volume,0,0,0,0,no_volume,0,0,0,0,low_activity,0,0,0,0,0,0,157665,139112,-0.0625,2145,229,34,26,53,52,1
1774108614,52,47,0,0,0,0,no_volume,0,0,0,0,no_volume,0,0,0,0,low_activity,0,0,0,0,0,0,157665,139975,-0.0594,236,15006,34,28,53,52,1
1774108615,52,47,0,0,0,0,no_volume,0,0,0,0,no_volume,0,0,0,0,low_activity,0,0,0,0,0,0,158939,138487,-0.0688,1510,1297,32,28,53,52,1
1774108616,52,47,0,0,0,0,no_volume,0,0,0,0,no_volume,0,0,0,0,low_activity,0,0,0,0,0,0,155508,139975,-0.0526,-2157,-1938,33,28,53,52,1
1774108617,52,47,0,0,0,0,no_volume,0,0,0,0,no_volume,0,0,0,0,low_activity,0,0,0,0,0,0,157641,139975,-0.0594,-24,195,34,28,53,52,1
1774108618,52,47,0,0,0,0,no_volume,0,0,0,0,no_volume,0,0,0,0,low_activity,0,0,0,0,0,0,157446,139975,-0.0587,-1493,0,33,27,53,52,1
1774108619,52,47,0,0,0,0,no_volume,0,0,0,0,no_volume,0,0,0,0,low_activity,0,0,0,0,0,0,157446,124975,-0.115,1938,-207,33,27,53,52,1
1774108620,52,47,0,0,0,0,no_volume,0,0,0,0,no_volume,0,0,0,0,low_activity,0,0,0,0,0,0,157454,139955,-0.0588,-187,1934,32,28,53,52,1
1774108621,52,47,0,0,0,0,no_volume,0,0,0,0,no_volume,0,0,0,0,low_activity,0,0,0,0,0,0,157454,138470,-0.0642,8,25,32,27,53,52,1
1774108622,52,47,0,0,0,0,no_volume,0,0,0,0,no_volume,0,0,0,0,low_activity,0,0,0,0,0,0,159326,138487,-0.07,1880,1897,32,27,53,52,1
1774108623,52,47,0,0,0,0,no_volume,0,0,0,0,no_volume,0,0,0,0,low_activity,0,0,0,0,0,0,157673,154975,-0.0086,219,8,33,28,53,52,1
1774108624,52,47,0,0,0,0,low_activity,0,0,0,0,low_activity,0,0,0,0,low_activity,0,0,0,0,0,0,157673,154970,-0.0086,219,8,33,28,53,52,1
1774108625,52,47,0,0,0,0,low_activity,0,0,0,0,low_activity,0,0,0,0,low_activity,0,0,0,0,0,0,157470,153482,-0.0128,-1856,-1469,32,28,53,52,1
1774108626,52,47,0,0,0,0,low_activity,0,0,0,0,low_activity,0,0,0,0,low_activity,0,0,0,0,0,0,157498,154970,-0.0081,-175,1990,32,29,53,52,1
1774108627,52,47,0,0,0,0,no_volume,0,0,0,0,low_activity,0,0,0,0,low_activity,0,0,0,0,0,0,157820,154970,-0.0091,147,179,33,29,53,52,1
1774108628,52,47,0,0,0,0,no_volume,0,0,0,0,low_activity,0,0,0,0,low_activity,0,0,0,0,0,0,157820,154970,-0.0091,350,374,33,29,53,52,1
1774108629,52,47,0,0,0,0,no_volume,0,0,0,0,no_volume,0,0,0,0,low_activity,0,0,0,0,0,0,157820,154970,-0.0091,322,374,33,29,53,52,1
1774108630,52,47,0,0,0,0,no_volume,0,0,0,0,no_volume,0,0,0,0,low_activity,0,0,0,0,0,0,157820,154970,-0.0091,0,366,33,29,53,52,1
1774108631,52,47,0,0,0,0,no_volume,0,0,0,0,no_volume,0,0,0,0,low_activity,0,0,0,0,0,0,157820,154970,-0.0091,0,366,33,29,53,52,1
1774108632,52,47,0,0,0,0,no_volume,0,0,0,0,no_volume,0,0,0,0,low_activity,0,0,0,0,0,0,157820,154970,-0.0091,0,-1506,33,29,53,52,1
1774108633,52,47,0,0,0,0,no_volume,0,0,0,0,no_volume,0,0,0,0,low_activity,0,0,0,0,0,0,157820,139970,-0.0599,0,147,32,27,53,52,1
1774108634,52,47,0,0,0,0,no_volume,0,0,0,0,no_volume,0,0,0,0,low_activity,0,0,0,0,0,0,159326,139970,-0.0647,1506,1653,32,28,53,52,1
1774108635,52,47,0,0,0,0,no_volume,0,0,0,0,no_volume,0,0,0,0,low_activity,0,0,0,0,0,0,157498,123482,-0.1211,-322,28,32,27,53,52,1
1774108636,52,47,0,0,0,0,no_volume,0,0,0,0,no_volume,0,0,0,0,low_activity,0,0,0,0,0,0,157498,139970,-0.0589,-322,0,32,26,53,52,1
1774108637,52,47,0,0,0,0,no_volume,0,0,0,0,no_volume,0,0,0,0,low_activity,0,0,0,0,0,0,157498,139970,-0.0589,-1828,-322,32,27,53,52,1
1774108638,52,47,0,0,0,0,no_volume,0,0,0,0,no_volume,0,0,0,0,low_activity,0,0,0,0,0,0,157498,139970,-0.0589,0,-322,32,27,53,52,1
1774108639,52,47,0,0,0,0,no_volume,0,0,0,0,no_volume,0,0,0,0,low_activity,0,0,0,0,0,0,158963,139970,-0.0635,1465,1143,31,26,53,52,1
1774108640,52,47,0,0,0,0,no_volume,0,0,0,0,no_volume,0,0,0,0,low_activity,0,0,0,0,0,0,157470,139970,-0.0588,-28,-350,32,27,53,52,1
1774108641,52,47,0,0,0,0,no_volume,0,0,0,0,no_volume,0,0,0,0,low_activity,0,0,0,0,0,0,157470,138482,-0.0642,-28,-350,32,27,53,52,1
1774108642,52,47,0,0,0,0,low_activity,0,0,0,0,low_activity,0,0,0,0,low_activity,0,0,0,0,0,0,157470,124889,-0.1154,-1493,-350,32,28,53,52,1
1774108643,52,47,0,0,0,0,low_activity,0,0,0,0,low_activity,0,0,0,0,low_activity,0,0,0,0,0,0,157470,139889,-0.0591,0,-350,32,28,53,52,1
1774108644,52,47,0,0,0,0,low_activity,0,0,0,0,low_activity,0,0,0,0,low_activity,0,0,0,0,0,0,157820,139889,-0.0602,350,-1506,32,29,53,52,1
1774108645,52,47,0,0,0,0,no_volume,0,0,0,0,low_activity,0,0,0,0,low_activity,0,0,0,0,0,0,157193,139889,-0.0582,-277,-305,31,28,53,52,1
1774108646,52,47,0,0,0,0,no_volume,0,0,0,0,low_activity,0,0,0,0,low_activity,0,0,0,0,0,0,157470,139889,-0.0591,0,-28,32,28,53,52,1
1774108647,52,47,0,0,0,0,no_volume,0,0,0,0,no_volume,0,0,0,0,low_activity,0,0,0,0,0,0,157470,123401,-0.1213,-350,-28,32,27,53,52,1
1774108648,52,47,0,0,0,0,no_volume,0,0,0,0,no_volume,0,0,0,0,low_activity,0,0,0,0,0,0,157470,139889,-0.0591,277,-28,32,29,53,52,1
1774108649,52,47,0,0,0,0,no_volume,0,0,0,0,no_volume,0,0,0,0,low_activity,0,0,0,0,0,0,157470,124889,-0.1154,0,-1493,32,27,53,52,1
1774108650,52,47,0,0,0,0,no_volume,0,0,0,0,no_volume,0,0,0,0,low_activity,0,0,0,0,0,0,157820,124889,-0.1165,350,350,32,28,53,52,1
1774108651,52,47,0,0,0,0,no_volume,0,0,0,0,no_volume,0,0,0,0,low_activity,0,0,0,0,0,0,157470,138401,-0.0645,0,0,32,28,53,52,1
1774108652,52,47,0,0,0,0,no_volume,0,0,0,0,no_volume,0,0,0,0,low_activity,0,0,0,0,0,0,157470,123401,-0.1213,0,0,32,26,53,52,1
1774108653,52,47,0,0,0,0,no_volume,0,0,0,0,no_volume,0,0,0,0,low_activity,0,0,0,0,0,0,157470,154889,-0.0083,-350,0,32,27,53,52,1
1774108654,52,47,0,0,0,0,no_volume,0,0,0,0,no_volume,0,0,0,0,low_activity,0,0,0,0,0,0,157470,154889,-0.0083,0,-350,32,27,53,52,1
1774108655,52,47,0,0,0,0,low_activity,0,0,0,0,low_activity,0,0,0,0,low_activity,0,0,0,0,0,0,151489,154889,0.0111,-5981,-5704,32,27,53,52,1
1774108656,52,47,0,0,0,0,low_activity,0,0,0,0,low_activity,0,0,0,0,low_activity,0,0,0,0,0,0,152954,154889,0.0063,-4516,-4516,31,27,53,52,1
1774108657,52,47,0,0,0,0,low_activity,0,0,0,0,low_activity,0,0,0,0,low_activity,0,0,0,0,0,0,151461,154889,0.0112,-6009,-6009,32,27,53,52,1
1774108658,52,47,0,0,0,0,no_volume,0,0,0,0,low_activity,0,0,0,0,low_activity,0,0,0,0,0,0,151461,153401,0.0064,-28,-6009,32,27,53,52,1
1774108659,52,47,0,0,0,0,no_volume,0,0,0,0,low_activity,0,0,0,0,low_activity,0,0,0,0,0,0,151461,154889,0.0112,-1493,-6009,32,27,53,52,1
1774108660,52,47,0,0,0,0,no_volume,0,0,0,0,no_volume,0,0,0,0,low_activity,0,0,0,0,0,0,151461,154889,0.0112,0,-6359,32,27,53,52,1
1774108661,52,47,0,0,0,0,no_volume,0,0,0,0,no_volume,0,0,0,0,low_activity,0,0,0,0,0,0,151811,154889,0.01,350,-5659,32,27,53,52,1
1774108662,52,47,0,0,0,0,no_volume,0,0,0,0,no_volume,0,0,0,0,low_activity,0,0,0,0,0,0,153319,154889,0.0051,1858,-4151,32,27,53,52,1
1774108663,52,47,0,0,0,0,no_volume,0,0,0,0,no_volume,0,0,0,0,low_activity,0,0,0,0,0,0,157461,124889,-0.1154,6000,-9,32,27,53,52,1
1774108664,52,47,0,0,0,0,no_volume,0,0,0,0,no_volume,0,0,0,0,low_activity,0,0,0,0,0,0,157461,138401,-0.0644,5650,-9,32,27,53,52,1
1774108665,52,47,0,0,0,0,no_volume,0,0,0,0,no_volume,0,0,0,0,low_activity,0,0,0,0,0,0,157461,139889,-0.0591,4142,5972,32,28,53,52,1
1774108666,52,47,0,0,0,0,no_volume,0,0,0,0,no_volume,0,0,0,0,low_activity,0,0,0,0,0,0,157461,124889,-0.1154,0,4507,32,27,53,52,1
1774108667,52,47,0,0,0,0,no_volume,0,0,0,0,no_volume,0,0,0,0,low_activity,0,0,0,0,0,0,158954,139889,-0.0638,1493,7493,31,28,53,52,1
1774108668,52,47,0,0,0,0,low_activity,0,0,0,0,low_activity,0,0,0,0,low_activity,0,0,0,0,0,0,157299,139856,-0.0587,-162,5838,32,28,53,52,1
1774108669,52,47,0,0,0,0,low_activity,0,0,0,0,low_activity,0,0,0,0,low_activity,0,0,0,0,0,0,157299,138368,-0.064,-162,5838,32,28,53,52,1
1774108670,52,47,0,0,0,0,low_activity,0,0,0,0,low_activity,0,0,0,0,low_activity,0,0,0,0,0,0,157299,124856,-0.115,-1655,5838,32,28,53,52,1
1774108671,52,47,0,0,0,0,no_volume,0,0,0,0,low_activity,0,0,0,0,low_activity,0,0,0,0,0,0,157299,124856,-0.115,0,5488,32,28,53,52,1
1774108672,52,47,0,0,0,0,no_volume,0,0,0,0,low_activity,0,0,0,0,low_activity,0,0,0,0,0,0,157621,139856,-0.0597,322,4302,32,29,53,52,1
1774108673,52,47,0,0,0,0,low_activity,0,0,0,0,low_activity,0,0,0,0,low_activity,0,0,0,0,0,0,159128,148495,-0.0346,1829,1667,32,29,53,52,1
1774108674,52,47,0,0,0,0,low_activity,0,0,0,0,low_activity,0,0,0,0,low_activity,0,0,0,0,0,0,157244,148495,-0.0286,-55,-217,32,28,53,52,1
1774108675,52,47,0,0,0,0,low_activity,0,0,0,0,low_activity,0,0,0,0,low_activity,0,0,0,0,0,0,157244,148495,-0.0286,-377,-217,32,28,53,52,1
1774108676,52,47,0,0,0,0,no_volume,0,0,0,0,low_activity,0,0,0,0,low_activity,0,0,0,0,0,0,157244,147007,-0.0336,-1884,-217,32,28,53,52,1
1774108677,52,47,0,0,0,0,low_activity,0,0,0,0,low_activity,0,0,0,0,low_activity,0,0,0,0,0,0,156744,149948,-0.0222,-500,-2210,32,29,53,52,1
1774108678,52,47,0,0,0,0,low_activity,0,0,0,0,low_activity,0,0,0,0,low_activity,0,0,0,0,0,0,157094,149948,-0.0233,-150,-205,32,29,53,52,1
1774108679,52,47,0,0,0,0,low_activity,0,0,0,0,low_activity,0,0,0,0,low_activity,0,0,0,0,0,0,158702,149948,-0.0284,1458,1403,32,29,53,52,1
1774108680,52,47,0,0,0,0,low_activity,0,0,0,0,low_activity,0,0,0,0,low_activity,0,0,0,0,0,0,156744,149732,-0.0229,0,-555,32,29,53,52,1
1774108681,52,47,0,0,0,0,low_activity,0,0,0,0,low_activity,0,0,0,0,low_activity,0,0,0,0,0,0,156235,149537,-0.0219,-859,-1064,32,29,53,52,1
1774108682,52,47,0,0,0,0,low_activity,0,0,0,0,low_activity,0,0,0,0,low_activity,0,0,0,0,0,0,156235,148016,-0.027,-2467,-1386,32,28,53,52,1
1774108683,52,47,0,0,0,0,low_activity,0,0,0,0,low_activity,0,0,0,0,low_activity,0,0,0,0,0,0,156263,134504,-0.0748,-481,-2865,32,26,53,52,1
1774108684,52,47,0,0,0,0,low_activity,0,0,0,0,low_activity,0,0,0,0,low_activity,0,0,0,0,0,0,151710,134504,-0.0601,-4525,-5534,31,26,53,52,1
1774108685,52,47,0,0,0,0,low_activity,0,0,0,0,low_activity,0,0,0,0,low_activity,0,0,0,0,0,0,150217,134504,-0.0552,-6018,-7027,32,27,53,52,1
1774108686,52,47,0,0,0,0,low_activity,0,0,0,0,low_activity,0,0,0,0,low_activity,0,0,0,0,0,0,150217,134504,-0.0552,-6046,-7027,32,27,53,52,1
1774108687,52,47,0,0,0,0,no_volume,0,0,0,0,low_activity,0,0,0,0,low_activity,0,0,0,0,0,0,150217,119504,-0.1139,-1493,-6527,32,27,53,52,1
1774108688,52,47,0,0,0,0,no_volume,0,0,0,0,low_activity,0,0,0,0,low_activity,0,0,0,0,0,0,150217,133016,-0.0607,0,-6877,32,27,53,52,1
1774108689,52,47,0,0,0,0,no_volume,0,0,0,0,no_volume,0,0,0,0,low_activity,0,0,0,0,0,0,150567,134504,-0.0563,350,-8135,32,29,53,52,1
1774108690,52,47,0,0,0,0,no_volume,0,0,0,0,no_volume,0,0,0,0,low_activity,0,0,0,0,0,0,150217,134504,-0.0552,0,-6527,32,28,53,52,1
1774108691,52,47,0,0,0,0,no_volume,0,0,0,0,no_volume,0,0,0,0,low_activity,0,0,0,0,0,0,150217,134504,-0.0552,0,-6018,32,28,53,52,1
1774108692,52,47,0,0,0,0,no_volume,0,0,0,0,no_volume,0,0,0,0,low_activity,0,0,0,0,0,0,150217,134504,-0.0552,-350,-6018,32,29,53,52,1
1774108693,52,47,0,0,0,0,no_volume,0,0,0,0,no_volume,0,0,0,0,low_activity,0,0,0,0,0,0,150217,134504,-0.0552,0,-6046,32,28,53,52,1
1774108694,51,48,0,0,0,0,no_volume,0,0,0,0,no_volume,0,0,0,0,low_activity,0,0,0,0,0,0,142222,119183,-0.0881,-7995,-9488,33,27,52,51,1
1774108695,51,48,0,0,0,0,low_activity,0,0,0,0,low_activity,0,0,0,0,low_activity,0,0,0,0,0,0,143671,119183,-0.0932,-6546,-6546,32,26,52,51,1
1774108696,51,48,0,0,0,0,low_activity,0,0,0,0,low_activity,0,0,0,0,low_activity,0,0,0,0,0,0,142178,117695,-0.0942,-8039,-8039,33,25,52,51,1
1774108697,51,48,0,0,0,0,low_activity,0,0,0,0,low_activity,0,0,0,0,low_activity,0,0,0,0,0,0,142178,134183,-0.0289,-44,-8039,33,27,52,51,1
1774108698,51,48,0,0,0,0,no_volume,0,0,0,0,low_activity,0,0,0,0,low_activity,0,0,0,0,0,0,142178,134183,-0.0289,-1493,-8039,33,26,52,51,1
1774108699,51,48,0,0,0,0,no_volume,0,0,0,0,low_activity,0,0,0,0,low_activity,0,0,0,0,0,0,142178,134183,-0.0289,0,-8389,33,27,52,51,1
1774108700,51,48,0,0,0,0,no_volume,0,0,0,0,no_volume,0,0,0,0,low_activity,0,0,0,0,0,0,131831,134188,0.0089,-10347,-18386,33,28,52,51,1
1774108701,51,48,0,0,0,0,no_volume,0,0,0,0,no_volume,0,0,0,0,low_activity,0,0,0,0,0,0,133372,134188,0.003,-8806,-16845,32,27,52,51,1
1774108702,51,48,0,0,0,0,no_volume,0,0,0,0,no_volume,0,0,0,0,low_activity,0,0,0,0,0,0,131485,132700,0.0046,-10693,-18732,33,28,52,51,1
1774108703,51,48,0,0,0,0,no_volume,0,0,0,0,no_volume,0,0,0,0,low_activity,0,0,0,0,0,0,131485,149188,0.0631,-346,-18732,33,29,52,51,1
1774108704,51,48,0,0,0,0,no_volume,0,0,0,0,no_volume,0,0,0,0,low_activity,0,0,0,0,0,0,131485,149188,0.0631,-1887,-10737,33,28,52,51,1
1774108705,51,48,0,0,0,0,no_volume,0,0,0,0,no_volume,0,0,0,0,low_activity,0,0,0,0,0,0,131513,149188,0.063,28,-12158,33,28,52,51,1
1774108706,51,48,0,0,0,0,no_volume,0,0,0,0,no_volume,0,0,0,0,low_activity,0,0,0,0,0,0,131485,134188,0.0102,0,-10693,33,28,52,51,1
1774108707,51,48,0,0,0,0,no_volume,0,0,0,0,no_volume,0,0,0,0,low_activity,0,0,0,0,0,0,133372,134188,0.003,1887,-8806,33,28,52,51,1
1774108708,51,48,0,0,0,0,no_volume,0,0,0,0,no_volume,0,0,0,0,low_activity,0,0,0,0,0,0,131835,149188,0.0617,322,-10343,33,28,52,51,1
1774108709,51,48,0,0,0,0,no_volume,0,0,0,0,no_volume,0,0,0,0,low_activity,0,0,0,0,0,0,131835,149188,0.0617,350,-10343,33,28,52,51,1
1774108710,51,48,0,0,0,0,no_volume,0,0,0,0,no_volume,0,0,0,0,low_activity,0,0,0,0,0,0,131835,149188,0.0617,-1537,4,33,28,52,51,1
1774108711,51,48,0,0,0,0,no_volume,0,0,0,0,no_volume,0,0,0,0,low_activity,0,0,0,0,0,0,131835,149188,0.0617,0,-1537,33,28,52,51,1
1774108712,51,48,0,0,0,0,no_volume,0,0,0,0,no_volume,0,0,0,0,low_activity,0,0,0,0,0,0,132978,149188,0.0574,1143,1493,32,28,52,51,1
1774108713,51,48,0,0,0,0,no_volume,0,0,0,0,no_volume,0,0,0,0,low_activity,0,0,0,0,0,0,131513,149188,0.063,-322,28,33,27,52,51,1
1774108714,51,48,0,0,0,0,no_volume,0,0,0,0,no_volume,0,0,0,0,low_activity,0,0,0,0,0,0,131513,149188,0.063,-322,28,33,27,52,51,1
1774108715,51,48,0,0,0,0,low_activity,0,0,0,0,low_activity,0,0,0,0,low_activity,0,0,0,0,0,0,134216,149188,0.0528,1238,2703,33,27,52,51,1
1774108716,51,48,0,0,0,0,low_activity,0,0,0,0,low_activity,0,0,0,0,low_activity,0,0,0,0,0,0,136882,147700,0.038,5369,5397,33,27,52,51,1
1774108717,51,48,0,0,0,0,low_activity,0,0,0,0,low_activity,0,0,0,0,low_activity,0,0,0,0,0,0,137204,149188,0.0418,5691,3832,33,28,52,51,1
1774108718,51,48,0,0,0,0,no_volume,0,0,0,0,low_activity,0,0,0,0,low_activity,0,0,0,0,0,0,136696,149188,0.0437,2480,4861,32,28,52,51,1
1774108719,51,48,0,0,0,0,no_volume,0,0,0,0,low_activity,0,0,0,0,low_activity,0,0,0,0,0,0,136854,149188,0.0431,-28,5019,33,28,52,51,1
1774108720,51,48,0,0,0,0,no_volume,0,0,0,0,no_volume,0,0,0,0,low_activity,0,0,0,0,0,0,136854,147700,0.0381,-350,5019,33,27,52,51,1
1774108721,51,48,0,0,0,0,no_volume,0,0,0,0,no_volume,0,0,0,0,low_activity,0,0,0,0,0,0,136854,149188,0.0431,158,5019,33,27,52,51,1
1774108722,51,48,0,0,0,0,no_volume,0,0,0,0,no_volume,0,0,0,0,low_activity,0,0,0,0,0,0,136882,149188,0.043,28,3904,33,27,52,51,1
1774108723,51,48,0,0,0,0,no_volume,0,0,0,0,no_volume,0,0,0,0,low_activity,0,0,0,0,0,0,136854,134188,-0.0098,0,5341,33,29,52,51,1
1774108724,51,48,0,0,0,0,no_volume,0,0,0,0,no_volume,0,0,0,0,low_activity,0,0,0,0,0,0,136854,119188,-0.069,0,5341,33,28,52,51,1
1774108725,51,48,0,0,0,0,no_volume,0,0,0,0,no_volume,0,0,0,0,low_activity,0,0,0,0,0,0,136854,117700,-0.0752,-28,2638,33,27,52,51,1
1774108726,51,48,0,0,0,0,no_volume,0,0,0,0,no_volume,0,0,0,0,low_activity,0,0,0,0,0,0,136854,134188,-0.0098,0,-28,33,28,52,51,1
1774108727,51,48,0,0,0,0,no_volume,0,0,0,0,no_volume,0,0,0,0,low_activity,0,0,0,0,0,0,136854,119188,-0.069,0,-350,33,27,52,51,1
1774108728,51,48,0,0,0,0,no_volume,0,0,0,0,no_volume,0,0,0,0,low_activity,0,0,0,0,0,0,137204,134188,-0.0111,350,508,33,27,52,51,1
1774108729,51,48,0,0,0,0,no_volume,0,0,0,0,no_volume,0,0,0,0,low_activity,0,0,0,0,0,0,138829,132700,-0.0226,1975,1975,33,27,52,51,1
1774108730,51,48,0,0,0,0,no_volume,0,0,0,0,no_volume,0,0,0,0,low_activity,0,0,0,0,0,0,136854,119188,-0.069,0,0,33,28,52,51,1
1774108731,51,48,0,0,0,0,low_activity,0,0,0,0,low_activity,0,0,0,0,low_activity,0,0,0,0,0,0,136836,134188,-0.0098,-368,-18,33,29,52,51,1
1774108732,51,48,0,0,0,0,low_activity,0,0,0,0,low_activity,0,0,0,0,low_activity,0,0,0,0,0,0,136836,134188,-0.0098,-1993,-46,33,27,52,51,1
1774108733,51,48,0,0,0,0,low_activity,0,0,0,0,low_activity,0,0,0,0,low_activity,0,0,0,0,0,0,136836,149188,0.0432,-18,-18,33,29,52,51,1
1774108734,51,48,0,0,0,0,no_volume,0,0,0,0,low_activity,0,0,0,0,low_activity,0,0,0,0,0,0,136836,134188,-0.0098,0,-18,33,28,52,51,1
1774108735,51,48,0,0,0,0,no_volume,0,0,0,0,low_activity,0,0,0,0,low_activity,0,0,0,0,0,0,136836,149188,0.0432,0,-18,33,29,52,51,1
1774108736,51,48,0,0,0,0,no_volume,0,0,0,0,no_volume,0,0,0,0,low_activity,0,0,0,0,0,0,136836,149188,0.0432,0,-18,33,28,52,51,1
1774108737,51,48,0,0,0,0,no_volume,0,0,0,0,no_volume,0,0,0,0,low_activity,0,0,0,0,0,0,136836,134188,-0.0098,0,-18,33,28,52,51,1
1774108738,51,48,0,0,0,0,no_volume,0,0,0,0,no_volume,0,0,0,0,low_activity,0,0,0,0,0,0,136836,134188,-0.0098,0,-368,33,28,52,51,1
1774108739,51,48,0,0,0,0,no_volume,0,0,0,0,no_volume,0,0,0,0,low_activity,0,0,0,0,0,0,136864,149188,0.0431,28,-1965,33,29,52,51,1
1774108740,51,48,0,0,0,0,no_volume,0,0,0,0,no_volume,0,0,0,0,low_activity,0,0,0,0,0,0,138329,149188,0.0378,1493,1475,33,28,52,51,1
1774108741,51,48,0,0,0,0,no_volume,0,0,0,0,no_volume,0,0,0,0,low_activity,0,0,0,0,0,0,136836,134188,-0.0098,0,0,33,28,52,51,1
1774108742,51,48,0,0,0,0,no_volume,0,0,0,0,no_volume,0,0,0,0,low_activity,0,0,0,0,0,0,136836,149188,0.0432,-28,0,33,29,52,51,1
1774108743,51,48,0,0,0,0,no_volume,0,0,0,0,no_volume,0,0,0,0,low_activity,0,0,0,0,0,0,136836,149188,0.0432,-1493,0,33,27,52,51,1
1774108744,51,48,0,0,0,0,no_volume,0,0,0,0,no_volume,0,0,0,0,low_activity,0,0,0,0,0,0,136836,149188,0.0432,0,0,33,28,52,51,1
1774108745,51,48,0,0,0,0,no_volume,0,0,0,0,no_volume,0,0,0,0,low_activity,0,0,0,0,0,0,136836,149188,0.0432,0,0,33,28,52,51,1
1774108746,51,48,0,0,0,0,low_activity,0,0,0,0,low_activity,0,0,0,0,low_activity,0,0,0,0,0,0,119692,149188,0.1097,-17144,-17144,31,28,52,51,1
1774108747,51,48,0,0,0,0,low_activity,0,0,0,0,low_activity,0,0,0,0,low_activity,0,0,0,0,0,0,136825,149188,0.0432,-11,-11,33,28,52,51,1
1774108748,51,48,0,0,0,0,low_activity,0,0,0,0,low_activity,0,0,0,0,low_activity,0,0,0,0,0,0,136825,149188,0.0432,-11,-11,33,28,52,51,1
1774108749,51,48,0,0,0,0,no_volume,0,0,0,0,low_activity,0,0,0,0,low_activity,0,0,0,0,0,0,136825,149188,0.0432,17133,-39,33,28,52,51,1
1774108750,51,48,0,0,0,0,low_activity,0,0,0,0,low_activity,0,0,0,0,low_activity,0,0,0,0,0,0,136809,149188,0.0433,-16,-1520,33,28,52,51,1
1774108751,51,48,0,0,0,0,low_activity,0,0,0,0,low_activity,0,0,0,0,low_activity,0,0,0,0,0,0,136809,149188,0.0433,-16,-27,33,28,52,51,1
1774108752,51,48,0,0,0,0,low_activity,0,0,0,0,low_activity,0,0,0,0,low_activity,0,0,0,0,0,0,136809,134188,-0.0097,-16,-27,33,28,52,51,1
1774108753,51,48,0,0,0,0,no_volume,0,0,0,0,low_activity,0,0,0,0,low_activity,0,0,0,0,0,0,136809,149188,0.0433,0,-27,33,27,52,51,1
1774108754,51,48,0,0,0,0,no_volume,0,0,0,0,low_activity,0,0,0,0,low_activity,0,0,0,0,0,0,136809,149188,0.0433,0,-27,33,27,52,51,1
1774108755,51,48,0,0,0,0,no_volume,0,0,0,0,no_volume,0,0,0,0,low_activity,0,0,0,0,0,0,136809,149188,0.0433,0,-27,33,27,52,51,1
1774108756,51,48,0,0,0,0,no_volume,0,0,0,0,no_volume,0,0,0,0,low_activity,0,0,0,0,0,0,136837,147700,0.0382,28,17145,33,27,52,51,1
1774108757,51,48,0,0,0,0,no_volume,0,0,0,0,no_volume,0,0,0,0,low_activity,0,0,0,0,0,0,138302,149188,0.0379,1493,1477,32,28,52,51,1
1774108758,51,48,0,0,0,0,no_volume,0,0,0,0,no_volume,0,0,0,0,low_activity,0,0,0,0,0,0,136809,149188,0.0433,0,-16,33,28,52,51,1
1774108759,51,48,0,0,0,0,no_volume,0,0,0,0,no_volume,0,0,0,0,low_activity,0,0,0,0,0,0,136809,149188,0.0433,-28,-16,33,28,52,51,1
1774108760,51,48,0,0,0,0,no_volume,0,0,0,0,no_volume,0,0,0,0,low_activity,0,0,0,0,0,0,136809,149188,0.0433,-1493,0,33,28,52,51,1
1774108761,51,48,0,0,0,0,no_volume,0,0,0,0,no_volume,0,0,0,0,low_activity,0,0,0,0,0,0,136809,149188,0.0433,0,0,33,28,52,51,1
1774108762,51,48,0,0,0,0,low_activity,0,0,0,0,low_activity,0,0,0,0,low_activity,0,0,0,0,0,0,137122,147700,0.0371,313,313,33,27,52,51,1
1774108763,51,48,0,0,0,0,low_activity,0,0,0,0,low_activity,0,0,0,0,low_activity,0,0,0,0,0,0,138685,119188,-0.0756,1876,1876,33,27,52,51,1
1774108764,51,48,0,0,0,0,low_activity,0,0,0,0,low_activity,0,0,0,0,low_activity,0,0,0,0,0,0,138685,134188,-0.0165,1876,1876,33,28,52,51,1
1774108765,51,48,0,0,0,0,no_volume,0,0,0,0,low_activity,0,0,0,0,low_activity,0,0,0,0,0,0,138685,134188,-0.0165,1563,1876,33,28,52,51,1
1774108766,51,48,0,0,0,0,no_volume,0,0,0,0,low_activity,0,0,0,0,low_activity,0,0,0,0,0,0,138895,119188,-0.0764,210,2058,33,27,52,51,1
1774108767,51,48,0,0,0,0,no_volume,0,0,0,0,no_volume,0,0,0,0,low_activity,0,0,0,0,0,0,139053,134188,-0.0178,368,751,34,28,52,51,1
1774108768,51,48,0,0,0,0,low_activity,0,0,0,0,low_activity,0,0,0,0,low_activity,0,0,0,0,0,0,138685,118953,-0.0766,0,1876,33,27,52,51,1
1774108769,51,48,0,0,0,0,low_activity,0,0,0,0,low_activity,0,0,0,0,low_activity,0,0,0,0,0,0,137192,118953,-0.0712,-1703,383,33,27,52,51,1
1774108770,51,48,0,0,0,0,low_activity,0,0,0,0,low_activity,0,0,0,0,low_activity,0,0,0,0,0,0,138893,133953,-0.0181,-160,2084,33,28,52,51,1
1774108771,51,48,0,0,0,0,no_volume,0,0,0,0,low_activity,0,0,0,0,low_activity,0,0,0,0,0,0,138893,132465,-0.0237,208,2084,33,27,52,51,1
1774108772,51,48,0,0,0,0,no_volume,0,0,0,0,low_activity,0,0,0,0,low_activity,0,0,0,0,0,0,138685,118953,-0.0766,1493,1563,33,28,52,51,1
1774108773,51,48,0,0,0,0,no_volume,0,0,0,0,no_volume,0,0,0,0,low_activity,0,0,0,0,0,0,138685,148953,0.0357,-208,0,33,29,52,51,1
1774108774,51,48,0,0,0,0,no_volume,0,0,0,0,no_volume,0,0,0,0,low_activity,0,0,0,0,0,0,136772,148953,0.0426,-2121,-1913,33,28,52,51,1
1774108775,51,48,0,0,0,0,no_volume,0,0,0,0,no_volume,0,0,0,0,low_activity,0,0,0,0,0,0,136800,133953,-0.0105,-1885,-1885,33,28,52,51,1
1774108776,51,48,0,0,0,0,no_volume,0,0,0,0,no_volume,0,0,0,0,low_activity,0,0,0,0,0,0,137010,148953,0.0418,-1675,-1885,34,28,52,51,1
1774108777,51,48,0,0,0,0,no_volume,0,0,0,0,no_volume,0,0,0,0,low_activity,0,0,0,0,0,0,137010,147465,0.0368,238,-2043,34,27,52,51,1
1774108778,51,48,0,0,0,0,no_volume,0,0,0,0,no_volume,0,0,0,0,low_activity,0,0,0,0,0,0,136800,148953,0.0425,0,-1885,33,28,52,51,1
1774108779,51,48,0,0,0,0,no_volume,0,0,0,0,no_volume,0,0,0,0,low_activity,0,0,0,0,0,0,136800,148953,0.0425,-210,-392,33,28,52,51,1
1774108780,51,48,0,0,0,0,low_activity,0,0,0,0,low_activity,0,0,0,0,low_activity,0,0,0,0,0,0,136707,148953,0.0429,-303,-2186,32,28,52,51,1
1774108781,51,48,0,0,0,0,low_activity,0,0,0,0,low_activity,0,0,0,0,low_activity,0,0,0,0,0,0,138183,133953,-0.0155,1383,-710,33,28,52,51,1
1774108782,51,48,0,0,0,0,low_activity,0,0,0,0,low_activity,0,0,0,0,low_activity,0,0,0,0,0,0,136880,148953,0.0422,80,-1805,34,29,52,51,1
1774108783,51,48,0,0,0,0,low_activity,0,0,0,0,low_activity,0,0,0,0,low_activity,0,0,0,0,0,0,136880,118953,-0.0701,173,-1805,34,28,52,51,1
1774108784,51,48,0,0,0,0,low_activity,0,0,0,0,low_activity,0,0,0,0,low_activity,0,0,0,0,0,0,136670,118953,-0.0693,-1513,-102,33,27,52,51,1
1774108785,51,48,0,0,0,0,no_volume,0,0,0,0,low_activity,0,0,0,0,low_activity,0,0,0,0,0,0,136751,133953,-0.0103,-129,-49,33,28,52,51,1
1774108786,51,48,0,0,0,0,no_volume,0,0,0,0,low_activity,0,0,0,0,low_activity,0,0,0,0,0,0,138597,132465,-0.0226,1717,1587,33,27,52,51,1
1774108787,51,48,0,0,0,0,no_volume,0,0,0,0,no_volume,0,0,0,0,low_activity,0,0,0,0,0,0,137238,133953,-0.0121,568,228,33,27,52,51,1
1774108788,51,48,0,0,0,0,low_activity,0,0,0,0,low_activity,0,0,0,0,low_activity,0,0,0,0,0,0,137233,133953,-0.0121,482,433,33,28,52,51,1
1774108789,51,48,0,0,0,0,low_activity,0,0,0,0,low_activity,0,0,0,0,low_activity,0,0,0,0,0,0,137015,133953,-0.0113,-1582,215,33,28,52,51,1
1774108790,51,48,0,0,0,0,low_activity,0,0,0,0,low_activity,0,0,0,0,low_activity,0,0,0,0,0,0,137015,133953,-0.0113,-223,308,33,28,52,51,1
1774108791,51,48,0,0,0,0,no_volume,0,0,0,0,low_activity,0,0,0,0,low_activity,0,0,0,0,0,0,138158,133953,-0.0155,925,-25,32,28,52,51,1
1774108792,51,48,0,0,0,0,no_volume,0,0,0,0,low_activity,0,0,0,0,low_activity,0,0,0,0,0,0,138327,131602,-0.0249,1312,1447,33,27,52,51,1
1774108793,51,48,0,0,0,0,no_volume,0,0,0,0,no_volume,0,0,0,0,low_activity,0,0,0,0,0,0,136985,118954,-0.0705,-30,105,34,28,52,51,1
1774108794,51,48,0,0,0,0,no_volume,0,0,0,0,no_volume,0,0,0,0,low_activity,0,0,0,0,0,0,136686,133954,-0.0101,-1472,16,33,29,52,51,1
1774108795,51,48,0,0,0,0,no_volume,0,0,0,0,no_volume,0,0,0,0,low_activity,0,0,0,0,0,0,136686,133954,-0.0101,-1641,-65,33,27,52,51,1
1774108796,51,48,0,0,0,0,low_activity,0,0,0,0,low_activity,0,0,0,0,low_activity,0,0,0,0,0,0,136881,133954,-0.0108,-104,-1716,34,28,52,51,1
1774108797,51,48,0,0,0,0,low_activity,0,0,0,0,low_activity,0,0,0,0,low_activity,0,0,0,0,0,0,136804,118954,-0.0698,118,-434,33,28,52,51,1
1774108798,51,48,0,0,0,0,low_activity,0,0,0,0,low_activity,0,0,0,0,low_activity,0,0,0,0,0,0,136380,132466,-0.0146,-306,-853,32,27,52,51,1
1774108799,51,48,0,0,0,0,low_activity,0,0,0,0,low_activity,0,0,0,0,low_activity,0,0,0,0,0,0,136730,133954,-0.0103,-151,-285,33,28,52,51,1
1774108800,51,48,0,0,0,0,low_activity,0,0,0,0,low_activity,0,0,0,0,low_activity,0,0,0,0,0,0,136712,133954,-0.0102,-92,-303,33,28,52,51,1
1774108801,51,48,0,0,0,0,low_activity,0,0,0,0,low_activity,0,0,0,0,low_activity,0,0,0,0,0,0,136887,133954,-0.0108,507,-1271,34,28,52,51,1
1774108802,51,48,0,0,0,0,low_activity,0,0,0,0,low_activity,0,0,0,0,low_activity,0,0,0,0,0,0,136887,133954,-0.0108,157,-1440,34,28,52,51,1
1774108803,51,48,0,0,0,0,low_activity,0,0,0,0,low_activity,0,0,0,0,low_activity,0,0,0,0,0,0,136363,133090,-0.0121,-349,-622,33,28,52,51,1
1774108804,51,48,0,0,0,0,no_volume,0,0,0,0,low_activity,0,0,0,0,low_activity,0,0,0,0,0,0,136363,132466,-0.0145,-524,-323,33,27,52,51,1
1774108805,51,48,0,0,0,0,no_volume,0,0,0,0,low_activity,0,0,0,0,low_activity,0,0,0,0,0,0,136553,133954,-0.0096,-334,-133,34,29,52,51,1
1774108806,51,48,0,0,0,0,no_volume,0,0,0,0,no_volume,0,0,0,0,low_activity,0,0,0,0,0,0,136553,133954,-0.0096,190,-328,34,29,52,51,1
1774108807,51,48,0,0,0,0,no_volume,0,0,0,0,no_volume,0,0,0,0,low_activity,0,0,0,0,0,0,136363,133954,-0.0089,0,-441,33,28,52,51,1
1774108808,51,48,0,0,0,0,low_activity,0,0,0,0,low_activity,0,0,0,0,low_activity,0,0,0,0,0,0,137824,118954,-0.0735,1271,1444,32,27,52,51,1
1774108809,51,48,0,0,0,0,low_activity,0,0,0,0,low_activity,0,0,0,0,low_activity,0,0,0,0,0,0,138427,133954,-0.0164,1874,1697,34,28,52,51,1
1774108810,51,48,0,0,0,0,low_activity,0,0,0,0,low_activity,0,0,0,0,low_activity,0,0,0,0,0,0,133267,132466,-0.003,-3096,-3445,34,26,52,51,1
1774108811,51,48,0,0,0,0,low_activity,0,0,0,0,low_activity,0,0,0,0,low_activity,0,0,0,0,0,0,133065,133090,0.0001,-4759,-3822,33,28,52,51,1
1774108812,51,48,0,0,0,0,low_activity,0,0,0,0,low_activity,0,0,0,0,low_activity,0,0,0,0,0,0,133065,133954,0.0033,-5362,-3822,33,27,52,51,1
1774108813,51,48,0,0,0,0,no_volume,0,0,0,0,low_activity,0,0,0,0,low_activity,0,0,0,0,0,0,133603,133466,-0.0005,336,-2760,34,28,52,51,1
1774108814,51,48,0,0,0,0,no_volume,0,0,0,0,low_activity,0,0,0,0,low_activity,0,0,0,0,0,0,133253,148954,0.0556,188,-3110,34,28,52,51,1
1774108815,51,48,0,0,0,0,no_volume,0,0,0,0,no_volume,0,0,0,0,low_activity,0,0,0,0,0,0,133065,148954,0.0563,0,-3488,33,28,52,51,1
1774108816,51,48,0,0,0,0,no_volume,0,0,0,0,no_volume,0,0,0,0,low_activity,0,0,0,0,0,0,133065,148954,0.0563,-538,-3488,33,28,52,51,1
1774108817,51,48,0,0,0,0,no_volume,0,0,0,0,no_volume,0,0,0,0,low_activity,0,0,0,0,0,0,133065,148954,0.0563,-188,-3298,33,28,52,51,1
1774108818,51,48,0,0,0,0,no_volume,0,0,0,0,no_volume,0,0,0,0,low_activity,0,0,0,0,0,0,135759,148954,0.0463,2694,-2065,33,28,52,51,1
1774108819,51,48,0,0,0,0,no_volume,0,0,0,0,no_volume,0,0,0,0,low_activity,0,0,0,0,0,0,137224,147466,0.036,4159,-1203,32,28,52,51,1
1774108820,51,48,0,0,0,0,low_activity,0,0,0,0,low_activity,0,0,0,0,low_activity,0,0,0,0,0,0,135729,148954,0.0465,2664,2462,33,28,52,51,1
1774108821,51,48,0,0,0,0,low_activity,0,0,0,0,low_activity,0,0,0,0,low_activity,0,0,0,0,0,0,132546,148954,0.0583,-3213,-519,33,28,52,51,1
1774108822,51,48,0,0,0,0,low_activity,0,0,0,0,low_activity,0,0,0,0,low_activity,0,0,0,0,0,0,132546,148954,0.0583,-4678,-519,33,28,52,51,1
1774108823,51,48,0,0,0,0,low_activity,0,0,0,0,low_activity,0,0,0,0,low_activity,0,0,0,0,0,0,132535,119954,-0.0498,-3194,-1068,33,28,52,51,1
1774108824,51,48,0,0,0,0,low_activity,0,0,0,0,low_activity,0,0,0,0,low_activity,0,0,0,0,0,0,132616,133954,0.005,70,-637,33,26,52,51,1
1774108825,51,48,0,0,0,0,low_activity,0,0,0,0,low_activity,0,0,0,0,low_activity,0,0,0,0,0,0,134588,117466,-0.0679,2042,1523,33,26,52,51,1
1774108826,51,48,0,0,0,0,no_volume,0,0,0,0,low_activity,0,0,0,0,low_activity,0,0,0,0,0,0,132885,133954,0.004,350,-180,33,27,52,51,1
1774108827,51,48,0,0,0,0,no_volume,0,0,0,0,low_activity,0,0,0,0,low_activity,0,0,0,0,0,0,132885,133954,0.004,269,-180,33,28,52,51,1
1774108828,51,48,0,0,0,0,no_volume,0,0,0,0,no_volume,0,0,0,0,low_activity,0,0,0,0,0,0,132885,133954,0.004,-1703,-2874,33,27,52,51,1
1774108829,51,48,0,0,0,0,no_volume,0,0,0,0,no_volume,0,0,0,0,low_activity,0,0,0,0,0,0,132885,133954,0.004,0,-4339,33,28,52,51,1
1774108830,51,48,0,0,0,0,no_volume,0,0,0,0,no_volume,0,0,0,0,low_activity,0,0,0,0,0,0,132535,133954,0.0053,-350,-3194,33,28,52,51,1
1774108831,51,48,0,0,0,0,no_volume,0,0,0,0,no_volume,0,0,0,0,low_activity,0,0,0,0,0,0,132535,132466,-0.0003,-350,-11,33,27,52,51,1
1774108832,51,48,0,0,0,0,no_volume,0,0,0,0,no_volume,0,0,0,0,low_activity,0,0,0,0,0,0,132563,133954,0.0052,-322,17,33,27,52,51,1
1774108833,51,48,0,0,0,0,no_volume,0,0,0,0,no_volume,0,0,0,0,low_activity,0,0,0,0,0,0,132563,118954,-0.0541,28,28,33,28,52,51,1
1774108834,51,48,0,0,0,0,low_activity,0,0,0,0,low_activity,0,0,0,0,low_activity,0,0,0,0,0,0,132526,148954,0.0584,-9,-90,33,29,52,51,1
1774108835,51,48,0,0,0,0,low_activity,0,0,0,0,low_activity,0,0,0,0,low_activity,0,0,0,0,0,0,132526,148954,0.0584,-37,-2062,33,28,52,51,1
1774108836,51,48,0,0,0,0,low_activity,0,0,0,0,low_activity,0,0,0,0,low_activity,0,0,0,0,0,0,133127,148954,0.0561,564,242,32,29,52,51,1
1774108837,51,48,0,0,0,0,no_volume,0,0,0,0,low_activity,0,0,0,0,low_activity,0,0,0,0,0,0,131634,148954,0.0617,-892,-1251,33,28,52,51,1
1774108838,51,48,0,0,0,0,no_volume,0,0,0,0,low_activity,0,0,0,0,low_activity,0,0,0,0,0,0,131634,148954,0.0617,-892,-1251,33,28,52,51,1
1774108839,51,48,0,0,0,0,no_volume,0,0,0,0,no_volume,0,0,0,0,low_activity,0,0,0,0,0,0,131634,133954,0.0087,-1493,-1251,33,28,52,51,1
1774108840,51,48,0,0,0,0,no_volume,0,0,0,0,no_volume,0,0,0,0,low_activity,0,0,0,0,0,0,131634,133954,0.0087,0,-901,33,28,52,51,1
1774108841,51,48,0,0,0,0,no_volume,0,0,0,0,no_volume,0,0,0,0,low_activity,0,0,0,0,0,0,131984,149818,0.0633,350,-551,33,29,52,51,1
1774108842,51,48,0,0,0,0,no_volume,0,0,0,0,no_volume,0,0,0,0,low_activity,0,0,0,0,0,0,133692,148954,0.054,2058,1129,33,30,52,51,1
1774108843,51,48,0,0,0,0,no_volume,0,0,0,0,no_volume,0,0,0,0,low_activity,0,0,0,0,0,0,131634,133954,0.0087,0,-929,33,27,52,51,1
1774108844,51,48,0,0,0,0,no_volume,0,0,0,0,no_volume,0,0,0,0,low_activity,0,0,0,0,0,0,131634,148954,0.0617,-350,-892,33,28,52,51,1
1774108845,51,48,0,0,0,0,no_volume,0,0,0,0,no_volume,0,0,0,0,low_activity,0,0,0,0,0,0,132498,148954,0.0585,-1194,-28,33,28,52,51,1
1774108846,51,48,0,0,0,0,low_activity,0,0,0,0,low_activity,0,0,0,0,low_activity,0,0,0,0,0,0,132511,148954,0.0584,877,-616,33,28,52,51,1
1774108847,51,48,0,0,0,0,low_activity,0,0,0,0,low_activity,0,0,0,0,low_activity,0,0,0,0,0,0,133976,148954,0.0529,2342,2342,32,28,52,51,1
1774108848,51,48,0,0,0,0,low_activity,0,0,0,0,low_activity,0,0,0,0,low_activity,0,0,0,0,0,0,134285,148954,0.0518,1787,2651,33,28,52,51,1
1774108849,51,48,0,0,0,0,no_volume,0,0,0,0,low_activity,0,0,0,0,low_activity,0,0,0,0,0,0,134285,148954,0.0518,1774,2651,33,28,52,51,1
1774108850,51,48,0,0,0,0,low_activity,0,0,0,0,low_activity,0,0,0,0,low_activity,0,0,0,0,0,0,134279,148954,0.0518,303,2645,33,28,52,51,1
1774108851,51,48,0,0,0,0,low_activity,0,0,0,0,low_activity,0,0,0,0,low_activity,0,0,0,0,0,0,134279,148954,0.0518,-6,2295,33,28,52,51,1
1774108852,51,48,0,0,0,0,low_activity,0,0,0,0,low_activity,0,0,0,0,low_activity,0,0,0,0,0,0,134629,148954,0.0505,344,937,33,28,52,51,1
1774108853,51,48,0,0,0,0,no_volume,0,0,0,0,low_activity,0,0,0,0,low_activity,0,0,0,0,0,0,137204,148954,0.0411,2925,5570,33,28,52,51,1
1774108854,51,48,0,0,0,0,no_volume,0,0,0,0,low_activity,0,0,0,0,low_activity,0,0,0,0,0,0,135143,133954,-0.0044,864,3509,33,28,52,51,1
1774108855,51,48,0,0,0,0,low_activity,0,0,0,0,low_activity,0,0,0,0,low_activity,0,0,0,0,0,0,135069,117466,-0.0697,440,2571,33,27,52,51,1
1774108856,51,48,0,0,0,0,low_activity,0,0,0,0,low_activity,0,0,0,0,low_activity,0,0,0,0,0,0,132403,133954,0.0058,-4801,-108,33,28,52,51,1
1774108857,51,48,0,0,0,0,low_activity,0,0,0,0,low_activity,0,0,0,0,low_activity,0,0,0,0,0,0,132403,118954,-0.0535,-2740,-1573,33,27,52,51,1
1774108858,51,48,0,0,0,0,no_volume,0,0,0,0,low_activity,0,0,0,0,low_activity,0,0,0,0,0,0,135419,132466,-0.011,350,1134,33,26,52,51,1
1774108859,51,48,0,0,0,0,no_volume,0,0,0,0,low_activity,0,0,0,0,low_activity,0,0,0,0,0,0,137140,133954,-0.0118,4737,2855,33,28,52,51,1
1774108860,51,48,0,0,0,0,low_activity,0,0,0,0,low_activity,0,0,0,0,low_activity,0,0,0,0,0,0,131428,133954,0.0095,-975,-2851,33,29,52,51,1
1774108861,51,48,0,0,0,0,low_activity,0,0,0,0,low_activity,0,0,0,0,low_activity,0,0,0,0,0,0,132202,133954,0.0066,-3217,-2077,33,28,52,51,1
1774108862,51,48,0,0,0,0,low_activity,0,0,0,0,low_activity,0,0,0,0,low_activity,0,0,0,0,0,0,132202,133954,0.0066,-4938,-2427,33,28,52,51,1
1774108863,51,48,0,0,0,0,low_activity,0,0,0,0,low_activity,0,0,0,0,low_activity,0,0,0,0,0,0,132230,133090,0.0032,802,-4974,33,29,52,51,1
1774108864,51,48,0,0,0,0,no_volume,0,0,0,0,low_activity,0,0,0,0,low_activity,0,0,0,0,0,0,133695,148090,0.0511,1493,-1448,32,28,52,51,1
1774108865,51,48,0,0,0,0,no_volume,0,0,0,0,low_activity,0,0,0,0,low_activity,0,0,0,0,0,0,132202,148090,0.0567,0,-2867,33,28,52,51,1
1774108866,51,48,0,0,0,0,no_volume,0,0,0,0,no_volume,0,0,0,0,low_activity,0,0,0,0,0,0,131338,148090,0.06,-892,-1065,33,28,52,51,1
1774108867,51,48,0,0,0,0,no_volume,0,0,0,0,no_volume,0,0,0,0,low_activity,0,0,0,0,0,0,131338,148090,0.06,-2357,-1065,33,28,52,51,1
1774108868,51,48,0,0,0,0,no_volume,0,0,0,0,no_volume,0,0,0,0,low_activity,0,0,0,0,0,0,131338,148954,0.0628,-864,-4081,33,28,52,51,1
1774108869,51,48,0,0,0,0,no_volume,0,0,0,0,no_volume,0,0,0,0,low_activity,0,0,0,0,0,0,132552,148954,0.0583,1214,-4588,33,28,52,51,1
1774108870,51,48,0,0,0,0,low_activity,0,0,0,0,low_activity,0,0,0,0,low_activity,0,0,0,0,0,0,134088,148954,0.0525,2750,2660,32,28,52,51,1
1774108871,51,48,0,0,0,0,low_activity,0,0,0,0,low_activity,0,0,0,0,low_activity,0,0,0,0,0,0,132184,146716,0.0521,846,-18,33,28,52,51,1
1774108872,51,48,0,0,0,0,low_activity,0,0,0,0,low_activity,0,0,0,0,low_activity,0,0,0,0,0,0,132184,146716,0.0521,-368,-18,33,28,52,51,1
1774108873,51,48,0,0,0,0,low_activity,0,0,0,0,low_activity,0,0,0,0,low_activity,0,0,0,0,0,0,132184,146716,0.0521,-1904,-46,33,28,52,51,1
1774108874,51,48,0,0,0,0,low_activity,0,0,0,0,low_activity,0,0,0,0,low_activity,0,0,0,0,0,0,131825,131716,-0.0004,-359,-1870,33,28,52,51,1
1774108875,51,48,0,0,0,0,low_activity,0,0,0,0,low_activity,0,0,0,0,low_activity,0,0,0,0,0,0,135923,130228,-0.0214,3739,3721,32,26,52,51,1
1774108876,51,48,0,0,0,0,low_activity,0,0,0,0,low_activity,0,0,0,0,low_activity,0,0,0,0,0,0,134430,116716,-0.0705,2246,3092,33,28,52,51,1
1774108877,51,48,0,0,0,0,no_volume,0,0,0,0,low_activity,0,0,0,0,low_activity,0,0,0,0,0,0,134430,116716,-0.0705,2605,3092,33,28,52,51,1
1774108878,51,48,0,0,0,0,no_volume,0,0,0,0,low_activity,0,0,0,0,low_activity,0,0,0,0,0,0,134430,131716,-0.0102,-1493,3092,33,28,52,51,1
1774108879,51,48,0,0,0,0,no_volume,0,0,0,0,no_volume,0,0,0,0,low_activity,0,0,0,0,0,0,134430,130852,-0.0135,0,1878,33,27,52,51,1
1774108880,51,48,0,0,0,0,no_volume,0,0,0,0,no_volume,0,0,0,0,low_activity,0,0,0,0,0,0,134780,130852,-0.0148,350,692,33,28,52,51,1
1774108881,51,48,0,0,0,0,no_volume,0,0,0,0,no_volume,0,0,0,0,low_activity,0,0,0,0,0,0,136099,129364,-0.0254,1669,3915,33,28,52,51,1
1774108882,51,48,0,0,0,0,no_volume,0,0,0,0,no_volume,0,0,0,0,low_activity,0,0,0,0,0,0,134430,130852,-0.0135,0,2246,33,28,52,51,1
1774108883,51,48,0,0,0,0,no_volume,0,0,0,0,no_volume,0,0,0,0,low_activity,0,0,0,0,0,0,134430,115852,-0.0742,-350,2246,33,27,52,51,1
1774108884,51,48,0,0,0,0,low_activity,0,0,0,0,low_activity,0,0,0,0,low_activity,0,0,0,0,0,0,134426,130852,-0.0135,-1673,2601,33,27,52,51,1
1774108885,51,48,0,0,0,0,low_activity,0,0,0,0,low_activity,0,0,0,0,low_activity,0,0,0,0,0,0,134426,130852,-0.0135,-4,-1497,33,27,52,51,1
1774108886,51,48,0,0,0,0,low_activity,0,0,0,0,low_activity,0,0,0,0,low_activity,0,0,0,0,0,0,134426,130852,-0.0135,-4,-4,33,28,52,51,1
1774108887,51,48,0,0,0,0,no_volume,0,0,0,0,low_activity,0,0,0,0,low_activity,0,0,0,0,0,0,134426,129364,-0.0192,0,-4,33,28,52,51,1
1774108888,51,48,0,0,0,0,low_activity,0,0,0,0,low_activity,0,0,0,0,low_activity,0,0,0,0,0,0,134426,131679,-0.0103,0,-4,33,28,52,51,1
1774108889,51,48,0,0,0,0,low_activity,0,0,0,0,low_activity,0,0,0,0,low_activity,0,0,0,0,0,0,134426,131679,-0.0103,0,-4,33,28,52,51,1
1774108890,51,48,0,0,0,0,low_activity,0,0,0,0,low_activity,0,0,0,0,low_activity,0,0,0,0,0,0,134426,131679,-0.0103,0,-354,33,28,52,51,1
1774108891,51,48,0,0,0,0,no_volume,0,0,0,0,low_activity,0,0,0,0,low_activity,0,0,0,0,0,0,134426,115815,-0.0744,0,-1673,33,27,52,51,1
1774108892,51,48,0,0,0,0,no_volume,0,0,0,0,low_activity,0,0,0,0,low_activity,0,0,0,0,0,0,134426,130815,-0.0136,0,-4,33,28,52,51,1
1774108893,51,48,0,0,0,0,no_volume,0,0,0,0,no_volume,0,0,0,0,low_activity,0,0,0,0,0,0,134426,129327,-0.0193,0,-4,33,27,52,51,1
1774108894,51,48,0,0,0,0,no_volume,0,0,0,0,no_volume,0,0,0,0,low_activity,0,0,0,0,0,0,134426,129327,-0.0193,0,0,33,28,52,51,1
1774108895,51,48,0,0,0,0,no_volume,0,0,0,0,no_volume,0,0,0,0,low_activity,0,0,0,0,0,0,134828,130815,-0.0151,402,402,33,28,52,51,1
1774108896,51,48,0,0,0,0,low_activity,0,0,0,0,low_activity,0,0,0,0,low_activity,0,0,0,0,0,0,134821,116679,-0.0721,395,395,33,27,52,51,1
1774108897,51,48,0,0,0,0,low_activity,0,0,0,0,low_activity,0,0,0,0,low_activity,0,0,0,0,0,0,134821,131679,-0.0118,395,395,33,27,52,51,1
1774108898,51,48,0,0,0,0,low_activity,0,0,0,0,low_activity,0,0,0,0,low_activity,0,0,0,0,0,0,135939,131679,-0.0159,1111,1513,33,28,52,51,1
1774108899,51,48,0,0,0,0,no_volume,0,0,0,0,low_activity,0,0,0,0,low_activity,0,0,0,0,0,0,135939,115191,-0.0826,1118,1513,33,26,52,51,1
1774108900,51,48,0,0,0,0,no_volume,0,0,0,0,low_activity,0,0,0,0,low_activity,0,0,0,0,0,0,135939,116679,-0.0762,1118,1513,33,28,52,51,1
1774108901,51,48,0,0,0,0,no_volume,0,0,0,0,no_volume,0,0,0,0,low_activity,0,0,0,0,0,0,135939,116679,-0.0762,0,1513,33,27,52,51,1
1774108902,51,48,0,0,0,0,no_volume,0,0,0,0,no_volume,0,0,0,0,low_activity,0,0,0,0,0,0,135939,116679,-0.0762,0,1513,33,28,52,51,1
1774108903,51,48,0,0,0,0,no_volume,0,0,0,0,no_volume,0,0,0,0,low_activity,0,0,0,0,0,0,135939,131679,-0.0159,0,1513,33,27,52,51,1
1774108904,51,48,0,0,0,0,low_activity,0,0,0,0,low_activity,0,0,0,0,low_activity,0,0,0,0,0,0,135912,131679,-0.0158,-27,1486,33,28,52,51,1
1774108905,51,48,0,0,0,0,low_activity,0,0,0,0,low_activity,0,0,0,0,low_activity,0,0,0,0,0,0,135912,131679,-0.0158,-27,1084,33,29,52,51,1
1774108906,51,48,0,0,0,0,low_activity,0,0,0,0,low_activity,0,0,0,0,low_activity,0,0,0,0,0,0,135912,130191,-0.0215,-27,1091,33,27,52,51,1
1774108907,51,48,0,0,0,0,no_volume,0,0,0,0,low_activity,0,0,0,0,low_activity,0,0,0,0,0,0,135912,116679,-0.0761,0,1091,33,27,52,51,1
1774108908,51,48,0,0,0,0,no_volume,0,0,0,0,low_activity,0,0,0,0,low_activity,0,0,0,0,0,0,135912,131679,-0.0158,0,-27,33,28,52,51,1
1774108909,51,48,0,0,0,0,no_volume,0,0,0,0,no_volume,0,0,0,0,low_activity,0,0,0,0,0,0,135912,116679,-0.0761,0,-27,33,28,52,51,1
1774108910,51,48,0,0,0,0,no_volume,0,0,0,0,no_volume,0,0,0,0,low_activity,0,0,0,0,0,0,135912,130191,-0.0215,0,-27,33,27,52,51,1
1774108911,51,48,0,0,0,0,no_volume,0,0,0,0,no_volume,0,0,0,0,low_activity,0,0,0,0,0,0,136262,131679,-0.0171,350,323,33,28,52,51,1
1774108912,51,48,0,0,0,0,no_volume,0,0,0,0,no_volume,0,0,0,0,low_activity,0,0,0,0,0,0,138084,131679,-0.0237,2172,2145,33,28,52,51,1
1774108913,51,48,0,0,0,0,no_volume,0,0,0,0,no_volume,0,0,0,0,low_activity,0,0,0,0,0,0,138084,116679,-0.084,2172,2145,33,27,52,51,1
1774108914,51,48,0,0,0,0,no_volume,0,0,0,0,no_volume,0,0,0,0,low_activity,0,0,0,0,0,0,138084,145191,0.0251,1822,2172,33,28,52,51,1
1774108915,51,48,0,0,0,0,no_volume,0,0,0,0,no_volume,0,0,0,0,low_activity,0,0,0,0,0,0,139227,146679,0.0261,1143,3315,32,28,52,51,1
1774108916,51,48,0,0,0,0,no_volume,0,0,0,0,no_volume,0,0,0,0,low_activity,0,0,0,0,0,0,137762,146679,0.0313,-322,1850,33,27,52,51,1
1774108917,51,48,0,0,0,0,no_volume,0,0,0,0,no_volume,0,0,0,0,low_activity,0,0,0,0,0,0,137762,146679,0.0313,-322,1850,33,28,52,51,1
1774108918,51,48,0,0,0,0,no_volume,0,0,0,0,no_volume,0,0,0,0,low_activity,0,0,0,0,0,0,137762,146679,0.0313,-1465,1850,33,28,52,51,1
1774108919,51,48,0,0,0,0,no_volume,0,0,0,0,no_volume,0,0,0,0,low_activity,0,0,0,0,0,0,137762,131679,-0.0226,0,1850,33,27,52,51,1
1774108920,51,48,0,0,0,0,no_volume,0,0,0,0,no_volume,0,0,0,0,low_activity,0,0,0,0,0,0,138084,146679,0.0302,322,2172,33,29,52,51,1
1774108921,51,48,0,0,0,0,low_activity,0,0,0,0,low_activity,0,0,0,0,low_activity,0,0,0,0,0,0,138905,146679,0.0272,1143,2643,32,28,52,51,1
1774108922,51,48,0,0,0,0,low_activity,0,0,0,0,low_activity,0,0,0,0,low_activity,0,0,0,0,0,0,137688,146679,0.0316,-74,-396,33,28,52,51,1
1774108923,51,48,0,0,0,0,low_activity,0,0,0,0,low_activity,0,0,0,0,low_activity,0,0,0,0,0,0,136577,146679,0.0357,-1507,-1507,33,28,52,51,1
1774108924,51,48,0,0,0,0,no_volume,0,0,0,0,low_activity,0,0,0,0,low_activity,0,0,0,0,0,0,136577,131679,-0.0183,-2328,-1507,33,29,52,51,1
1774108925,51,48,0,0,0,0,low_activity,0,0,0,0,low_activity,0,0,0,0,low_activity,0,0,0,0,0,0,136587,131679,-0.0183,-1101,-2640,33,27,52,51,1
1774108926,51,48,0,0,0,0,low_activity,0,0,0,0,low_activity,0,0,0,0,low_activity,0,0,0,0,0,0,137806,116679,-0.083,1229,44,32,28,52,51,1
1774108927,51,48,0,0,0,0,low_activity,0,0,0,0,low_activity,0,0,0,0,low_activity,0,0,0,0,0,0,139225,131679,-0.0279,2648,1463,33,28,52,51,1
1774108928,51,48,0,0,0,0,no_volume,0,0,0,0,low_activity,0,0,0,0,low_activity,0,0,0,0,0,0,139225,116679,-0.0881,2638,1463,33,28,52,51,1
1774108929,51,48,0,0,0,0,no_volume,0,0,0,0,low_activity,0,0,0,0,low_activity,0,0,0,0,0,0,136559,131679,-0.0182,-1247,-1203,33,29,52,51,1
1774108930,51,48,0,0,0,0,no_volume,0,0,0,0,no_volume,0,0,0,0,low_activity,0,0,0,0,0,0,136559,116679,-0.0785,-2666,-1525,33,27,52,51,1
1774108931,51,48,0,0,0,0,no_volume,0,0,0,0,no_volume,0,0,0,0,low_activity,0,0,0,0,0,0,136909,116679,-0.0798,-2316,-1996,33,27,52,51,1
1774108932,51,48,0,0,0,0,low_activity,0,0,0,0,low_activity,0,0,0,0,low_activity,0,0,0,0,0,0,137389,116679,-0.0815,830,-299,33,27,52,51,1
1774108933,51,48,0,0,0,0,low_activity,0,0,0,0,low_activity,0,0,0,0,low_activity,0,0,0,0,0,0,136141,131679,-0.0167,-418,-436,33,27,52,51,1
1774108934,51,48,0,0,0,0,low_activity,0,0,0,0,low_activity,0,0,0,0,low_activity,0,0,0,0,0,0,136141,130191,-0.0223,-768,-436,33,27,52,51,1
1774108935,51,48,0,0,0,0,low_activity,0,0,0,0,low_activity,0,0,0,0,low_activity,0,0,0,0,0,0,136170,146679,0.0372,-1219,-417,33,28,52,51,1
1774108936,51,48,0,0,0,0,low_activity,0,0,0,0,low_activity,0,0,0,0,low_activity,0,0,0,0,0,0,136137,146679,0.0373,-4,-1669,33,29,52,51,1
1774108937,51,48,0,0,0,0,low_activity,0,0,0,0,low_activity,0,0,0,0,low_activity,0,0,0,0,0,0,136137,146679,0.0373,-4,-3088,33,28,52,51,1
1774108938,51,48,0,0,0,0,no_volume,0,0,0,0,low_activity,0,0,0,0,low_activity,0,0,0,0,0,0,136137,146679,0.0373,-33,-3088,32,29,52,51,1
1774108939,51,48,0,0,0,0,no_volume,0,0,0,0,low_activity,0,0,0,0,low_activity,0,0,0,0,0,0,136137,145191,0.0322,0,-422,33,27,52,51,1
1774108940,51,48,0,0,0,0,no_volume,0,0,0,0,no_volume,0,0,0,0,low_activity,0,0,0,0,0,0,136137,146679,0.0373,0,-422,33,29,52,51,1
1774108941,51,48,0,0,0,0,low_activity,0,0,0,0,low_activity,0,0,0,0,low_activity,0,0,0,0,0,0,136130,146679,0.0373,-7,-779,33,29,52,51,1
1774108942,51,48,0,0,0,0,low_activity,0,0,0,0,low_activity,0,0,0,0,low_activity,0,0,0,0,0,0,136158,146679,0.0372,21,-1231,33,29,52,51,1
1774108943,51,48,0,0,0,0,low_activity,0,0,0,0,low_activity,0,0,0,0,low_activity,0,0,0,0,0,0,136211,146679,0.037,74,70,33,28,52,51,1
1774108944,51,48,0,0,0,0,no_volume,0,0,0,0,low_activity,0,0,0,0,low_activity,0,0,0,0,0,0,120247,146679,0.099,-15883,-15894,31,28,52,51,1
1774108945,51,48,0,0,0,0,no_volume,0,0,0,0,low_activity,0,0,0,0,low_activity,0,0,0,0,0,0,141727,145191,0.0121,5569,5557,33,28,52,51,1
1774108946,51,48,0,0,0,0,no_volume,0,0,0,0,no_volume,0,0,0,0,low_activity,0,0,0,0,0,0,141727,146679,0.0172,5516,5590,33,29,52,51,1
1774108947,51,48,0,0,0,0,no_volume,0,0,0,0,no_volume,0,0,0,0,low_activity,0,0,0,0,0,0,141727,146679,0.0172,21480,5590,33,29,52,51,1
1774108948,51,48,0,0,0,0,low_activity,0,0,0,0,low_activity,0,0,0,0,low_activity,0,0,0,0,0,0,140802,146679,0.0204,-925,4665,33,29,52,51,1
1774108949,51,48,0,0,0,0,low_activity,0,0,0,0,low_activity,0,0,0,0,low_activity,0,0,0,0,0,0,140883,146679,0.0202,-844,4746,33,29,52,51,1
1774108950,51,48,0,0,0,0,low_activity,0,0,0,0,low_activity,0,0,0,0,low_activity,0,0,0,0,0,0,141831,146679,0.0168,104,5694,33,29,52,51,1
1774108951,51,48,0,0,0,0,no_volume,0,0,0,0,low_activity,0,0,0,0,low_activity,0,0,0,0,0,0,138658,145191,0.023,-2144,2528,33,28,52,51,1
1774108952,51,48,0,0,0,0,no_volume,0,0,0,0,low_activity,0,0,0,0,low_activity,0,0,0,0,0,0,138658,146679,0.0281,-2225,2500,33,28,52,51,1
1774108953,51,48,0,0,0,0,no_volume,0,0,0,0,no_volume,0,0,0,0,low_activity,0,0,0,0,0,0,138658,146679,0.0281,-3173,2447,33,28,52,51,1
1774108954,51,48,0,0,0,0,no_volume,0,0,0,0,no_volume,0,0,0,0,low_activity,0,0,0,0,0,0,138658,131679,-0.0258,0,18411,33,27,52,51,1
1774108955,51,48,0,0,0,0,low_activity,0,0,0,0,low_activity,0,0,0,0,low_activity,0,0,0,0,0,0,140075,111313,-0.1144,1417,-1652,33,28,52,51,1
1774108956,51,48,0,0,0,0,low_activity,0,0,0,0,low_activity,0,0,0,0,low_activity,0,0,0,0,0,0,140075,126313,-0.0517,1417,-1652,33,29,52,51,1
1774108957,51,48,0,0,0,0,low_activity,0,0,0,0,low_activity,0,0,0,0,low_activity,0,0,0,0,0,0,140425,124825,-0.0588,1767,-1302,33,26,52,51,1
1774108958,51,48,0,0,0,0,no_volume,0,0,0,0,low_activity,0,0,0,0,low_activity,0,0,0,0,0,0,140425,126313,-0.0529,350,-377,33,28,52,51,1
1774108959,51,48,0,0,0,0,no_volume,0,0,0,0,low_activity,0,0,0,0,low_activity,0,0,0,0,0,0,140425,126313,-0.0529,350,-458,33,28,52,51,1
1774108960,51,48,0,0,0,0,no_volume,0,0,0,0,no_volume,0,0,0,0,low_activity,0,0,0,0,0,0,140425,126313,-0.0529,0,-1406,33,28,52,51,1
1774108961,51,48,0,0,0,0,no_volume,0,0,0,0,no_volume,0,0,0,0,low_activity,0,0,0,0,0,0,140075,126313,-0.0517,-350,1417,33,27,52,51,1
1774108962,51,48,0,0,0,0,low_activity,0,0,0,0,low_activity,0,0,0,0,low_activity,0,0,0,0,0,0,139806,111313,-0.1135,-619,1148,32,27,52,51,1
1774108963,51,48,0,0,0,0,low_activity,0,0,0,0,low_activity,0,0,0,0,low_activity,0,0,0,0,0,0,139834,124825,-0.0567,-591,1176,33,27,52,51,1
1774108964,51,48,0,0,0,0,low_activity,0,0,0,0,low_activity,0,0,0,0,low_activity,0,0,0,0,0,0,139834,126313,-0.0508,-241,1176,33,28,52,51,1
1774108965,51,48,0,0,0,0,no_volume,0,0,0,0,low_activity,0,0,0,0,low_activity,0,0,0,0,0,0,139834,126313,-0.0508,28,-241,33,28,52,51,1
1774108966,51,48,0,0,0,0,no_volume,0,0,0,0,low_activity,0,0,0,0,low_activity,0,0,0,0,0,0,137977,111313,-0.107,-1857,-2098,33,28,52,51,1
1774108967,51,48,0,0,0,0,no_volume,0,0,0,0,no_volume,0,0,0,0,low_activity,0,0,0,0,0,0,137949,111313,-0.1069,-1885,-2476,33,28,52,51,1
1774108968,51,48,0,0,0,0,no_volume,0,0,0,0,no_volume,0,0,0,0,low_activity,0,0,0,0,0,0,139367,126313,-0.0491,-467,-1058,32,28,52,51,1
1774108969,51,48,0,0,0,0,no_volume,0,0,0,0,no_volume,0,0,0,0,low_activity,0,0,0,0,0,0,137949,126313,-0.044,-28,-2476,33,28,52,51,1
1774108970,51,48,0,0,0,0,no_volume,0,0,0,0,no_volume,0,0,0,0,low_activity,0,0,0,0,0,0,137949,126313,-0.044,0,-2476,33,28,52,51,1
1774108971,51,48,0,0,0,0,low_activity,0,0,0,0,low_activity,0,0,0,0,low_activity,0,0,0,0,0,0,137902,126313,-0.0439,-1465,-2173,33,27,52,51,1
1774108972,51,48,0,0,0,0,low_activity,0,0,0,0,low_activity,0,0,0,0,low_activity,0,0,0,0,0,0,137902,126313,-0.0439,-47,-1904,33,29,52,51,1
1774108973,51,48,0,0,0,0,low_activity,0,0,0,0,low_activity,0,0,0,0,low_activity,0,0,0,0,0,0,138252,126313,-0.0451,303,-1582,33,29,52,51,1
1774108974,51,48,0,0,0,0,low_activity,0,0,0,0,low_activity,0,0,0,0,low_activity,0,0,0,0,0,0,120677,111313,-0.0404,-17225,-19157,31,28,52,51,1
1774108975,51,48,0,0,0,0,low_activity,0,0,0,0,low_activity,0,0,0,0,low_activity,0,0,0,0,0,0,137810,126313,-0.0435,-92,-2024,33,28,52,51,1
1774108976,51,48,0,0,0,0,low_activity,0,0,0,0,low_activity,0,0,0,0,low_activity,0,0,0,0,0,0,137792,126313,-0.0435,-460,-185,33,27,52,51,1
1774108977,51,48,0,0,0,0,low_activity,0,0,0,0,low_activity,0,0,0,0,low_activity,0,0,0,0,0,0,137792,126313,-0.0435,17115,-157,33,27,52,51,1
1774108978,51,48,0,0,0,0,low_activity,0,0,0,0,low_activity,0,0,0,0,low_activity,0,0,0,0,0,0,137820,124825,-0.0495,10,-1547,33,26,52,51,1
1774108979,51,48,0,0,0,0,no_volume,0,0,0,0,low_activity,0,0,0,0,low_activity,0,0,0,0,0,0,137792,126313,-0.0435,0,-157,33,28,52,51,1
1774108980,51,48,0,0,0,0,no_volume,0,0,0,0,low_activity,0,0,0,0,low_activity,0,0,0,0,0,0,137792,126313,-0.0435,0,-157,33,28,52,51,1
1774108981,51,48,0,0,0,0,no_volume,0,0,0,0,no_volume,0,0,0,0,low_activity,0,0,0,0,0,0,137792,126313,-0.0435,-28,-110,33,28,52,51,1
1774108982,51,48,0,0,0,0,no_volume,0,0,0,0,no_volume,0,0,0,0,low_activity,0,0,0,0,0,0,137792,126313,-0.0435,0,-110,33,28,52,51,1
1774108983,51,48,0,0,0,0,no_volume,0,0,0,0,no_volume,0,0,0,0,low_activity,0,0,0,0,0,0,137792,111313,-0.1063,0,-460,33,27,52,51,1
1774108984,51,48,0,0,0,0,no_volume,0,0,0,0,no_volume,0,0,0,0,low_activity,0,0,0,0,0,0,137820,126313,-0.0436,28,17143,33,28,52,51,1
1774108985,51,48,0,0,0,0,no_volume,0,0,0,0,no_volume,0,0,0,0,low_activity,0,0,0,0,0,0,139220,126313,-0.0486,1428,1410,32,27,52,51,1
1774108986,51,48,0,0,0,0,no_volume,0,0,0,0,no_volume,0,0,0,0,low_activity,0,0,0,0,0,0,137792,109825,-0.1129,0,0,33,27,52,51,1
1774108987,51,48,0,0,0,0,low_activity,0,0,0,0,low_activity,0,0,0,0,low_activity,0,0,0,0,0,0,137681,126313,-0.0431,-139,-111,33,27,52,51,1
1774108988,51,48,0,0,0,0,low_activity,0,0,0,0,low_activity,0,0,0,0,low_activity,0,0,0,0,0,0,137680,111313,-0.1059,-1540,-140,33,27,52,51,1
1774108989,51,48,0,0,0,0,low_activity,0,0,0,0,low_activity,0,0,0,0,low_activity,0,0,0,0,0,0,137607,126313,-0.0428,-185,-185,33,28,52,51,1
1774108990,51,48,0,0,0,0,low_activity,0,0,0,0,low_activity,0,0,0,0,low_activity,0,0,0,0,0,0,137957,124825,-0.05,276,165,33,27,52,51,1
1774108991,51,48,0,0,0,0,low_activity,0,0,0,0,low_activity,0,0,0,0,low_activity,0,0,0,0,0,0,139060,126313,-0.048,1380,1268,32,29,52,51,1
1774108992,51,48,0,0,0,0,no_volume,0,0,0,0,low_activity,0,0,0,0,low_activity,0,0,0,0,0,0,137607,126313,-0.0428,0,-185,33,28,52,51,1
1774108993,51,48,0,0,0,0,no_volume,0,0,0,0,low_activity,0,0,0,0,low_activity,0,0,0,0,0,0,137607,116113,-0.0847,-350,-185,33,28,52,51,1
1774108994,51,48,0,0,0,0,no_volume,0,0,0,0,no_volume,0,0,0,0,low_activity,0,0,0,0,0,0,137607,131113,-0.0242,-1453,-213,33,28,52,51,1
1774108995,51,48,0,0,0,0,no_volume,0,0,0,0,no_volume,0,0,0,0,low_activity,0,0,0,0,0,0,137635,131113,-0.0243,28,-1585,33,28,52,51,1
1774108996,51,48,0,0,0,0,no_volume,0,0,0,0,no_volume,0,0,0,0,low_activity,0,0,0,0,0,0,137957,129625,-0.0311,350,165,33,27,52,51,1
1774108997,51,48,0,0,0,0,low_activity,0,0,0,0,low_activity,0,0,0,0,low_activity,0,0,0,0,0,0,138593,131113,-0.0277,986,912,32,29,52,51,1
1774108998,51,48,0,0,0,0,low_activity,0,0,0,0,low_activity,0,0,0,0,low_activity,0,0,0,0,0,0,137063,131113,-0.0222,-572,-617,33,28,52,51,1
1774108999,51,48,0,0,0,0,low_activity,0,0,0,0,low_activity,0,0,0,0,low_activity,0,0,0,0,0,0,147905,131113,-0.0602,9948,10298,33,28,52,51,1
1774109000,51,48,0,0,0,0,low_activity,0,0,0,0,low_activity,0,0,0,0,low_activity,0,0,0,0,0,0,147883,131113,-0.0601,9290,9926,33,28,52,51,1
1774109001,51,48,0,0,0,0,low_activity,0,0,0,0,low_activity,0,0,0,0,low_activity,0,0,0,0,0,0,147911,131113,-0.0602,10848,8851,33,29,52,51,1
1774109002,51,48,0,0,0,0,low_activity,0,0,0,0,low_activity,0,0,0,0,low_activity,0,0,0,0,0,0,148233,131113,-0.0613,328,10626,33,27,52,51,1
1774109003,51,48,0,0,0,0,low_activity,0,0,0,0,low_activity,0,0,0,0,low_activity,0,0,0,0,0,0,149402,131113,-0.0652,1519,11795,33,28,52,51,1
1774109004,51,48,0,0,0,0,low_activity,0,0,0,0,low_activity,0,0,0,0,low_activity,0,0,0,0,0,0,147774,146113,-0.0057,-137,10167,33,28,52,51,1
1774109005,51,48,0,0,0,0,low_activity,0,0,0,0,low_activity,0,0,0,0,low_activity,0,0,0,0,0,0,147791,146113,-0.0057,-442,10156,34,28,52,51,1
1774109006,51,48,0,0,0,0,low_activity,0,0,0,0,low_activity,0,0,0,0,low_activity,0,0,0,0,0,0,147774,146113,-0.0057,-1628,9817,33,29,52,51,1
1774109007,51,48,0,0,0,0,no_volume,0,0,0,0,low_activity,0,0,0,0,low_activity,0,0,0,0,0,0,147802,146113,-0.0057,28,9209,33,29,52,51,1
1774109008,51,48,0,0,0,0,low_activity,0,0,0,0,low_activity,0,0,0,0,low_activity,0,0,0,0,0,0,149249,146113,-0.0106,1458,12186,32,28,52,51,1
1774109009,51,48,0,0,0,0,low_activity,0,0,0,0,low_activity,0,0,0,0,low_activity,0,0,0,0,0,0,147751,146113,-0.0056,-23,-154,33,29,52,51,1
1774109010,51,48,0,0,0,0,low_activity,0,0,0,0,low_activity,0,0,0,0,low_activity,0,0,0,0,0,0,147751,131113,-0.0597,-51,-132,33,28,52,51,1
1774109011,51,48,0,0,0,0,low_activity,0,0,0,0,low_activity,0,0,0,0,low_activity,0,0,0,0,0,0,147747,146113,-0.0056,-1502,-164,33,29,52,51,1
1774109012,51,48,0,0,0,0,low_activity,0,0,0,0,low_activity,0,0,0,0,low_activity,0,0,0,0,0,0,147747,146113,-0.0056,-4,-486,33,29,52,51,1
1774109013,51,48,0,0,0,0,low_activity,0,0,0,0,low_activity,0,0,0,0,low_activity,0,0,0,0,0,0,148097,146113,-0.0067,346,-1305,33,29,52,51,1
1774109014,51,48,0,0,0,0,no_volume,0,0,0,0,low_activity,0,0,0,0,low_activity,0,0,0,0,0,0,149299,116113,-0.125,1552,1525,33,27,52,51,1
1774109015,51,48,0,0,0,0,no_volume,0,0,0,0,low_activity,0,0,0,0,low_activity,0,0,0,0,0,0,147730,126313,-0.0782,-17,-61,32,28,52,51,1
1774109016,51,48,0,0,0,0,no_volume,0,0,0,0,no_volume,0,0,0,0,low_activity,0,0,0,0,0,0,147747,126313,-0.0782,-350,-27,33,28,52,51,1
1774109017,51,48,0,0,0,0,no_volume,0,0,0,0,no_volume,0,0,0,0,low_activity,0,0,0,0,0,0,147747,126313,-0.0782,-1552,-55,33,28,52,51,1
1774109018,51,48,0,0,0,0,no_volume,0,0,0,0,no_volume,0,0,0,0,low_activity,0,0,0,0,0,0,147775,126313,-0.0783,45,-1474,33,29,52,51,1
1774109019,51,48,0,0,0,0,no_volume,0,0,0,0,no_volume,0,0,0,0,low_activity,0,0,0,0,0,0,149240,111313,-0.1456,1493,1489,32,28,52,51,1
1774109020,51,48,0,0,0,0,no_volume,0,0,0,0,no_volume,0,0,0,0,low_activity,0,0,0,0,0,0,147747,126313,-0.0782,0,-4,33,29,52,51,1
1774109021,51,48,0,0,0,0,no_volume,0,0,0,0,no_volume,0,0,0,0,low_activity,0,0,0,0,0,0,147747,126313,-0.0782,-28,0,33,28,52,51,1
1774109022,51,48,0,0,0,0,no_volume,0,0,0,0,no_volume,0,0,0,0,low_activity,0,0,0,0,0,0,147747,111313,-0.1406,-1493,0,33,27,52,51,1
1774109023,51,48,0,0,0,0,no_volume,0,0,0,0,no_volume,0,0,0,0,low_activity,0,0,0,0,0,0,147747,111313,-0.1406,0,-350,33,28,52,51,1
1774109024,51,48,0,0,0,0,no_volume,0,0,0,0,no_volume,0,0,0,0,low_activity,0,0,0,0,0,0,148097,109825,-0.1484,350,-1202,33,27,52,51,1
1774109025,51,48,0,0,0,0,low_activity,0,0,0,0,low_activity,0,0,0,0,low_activity,0,0,0,0,0,0,149290,111313,-0.1457,1543,1560,33,28,52,51,1
1774109026,51,48,0,0,0,0,low_activity,0,0,0,0,low_activity,0,0,0,0,low_activity,0,0,0,0,0,0,147738,126313,-0.0782,-9,-9,33,27,52,51,1
1774109027,51,48,0,0,0,0,low_activity,0,0,0,0,low_activity,0,0,0,0,low_activity,0,0,0,0,0,0,147738,111313,-0.1406,-359,-9,33,27,52,51,1
1774109028,51,48,0,0,0,0,no_volume,0,0,0,0,low_activity,0,0,0,0,low_activity,0,0,0,0,0,0,147738,111313,-0.1406,-1552,-37,33,27,52,51,1
1774109029,51,48,0,0,0,0,no_volume,0,0,0,0,low_activity,0,0,0,0,low_activity,0,0,0,0,0,0,147738,124825,-0.0841,0,-1502,33,26,52,51,1
1774109030,51,48,0,0,0,0,no_volume,0,0,0,0,no_volume,0,0,0,0,low_activity,0,0,0,0,0,0,148088,126313,-0.0794,350,341,33,28,52,51,1
1774109031,51,48,0,0,0,0,no_volume,0,0,0,0,no_volume,0,0,0,0,low_activity,0,0,0,0,0,0,149291,126313,-0.0834,1553,1544,33,28,52,51,1
1774109032,51,48,0,0,0,0,no_volume,0,0,0,0,no_volume,0,0,0,0,low_activity,0,0,0,0,0,0,147738,111313,-0.1406,0,-9,33,27,52,51,1
1774109033,51,48,0,0,0,0,no_volume,0,0,0,0,no_volume,0,0,0,0,low_activity,0,0,0,0,0,0,147711,111296,-0.1406,-377,-36,32,27,52,51,1
1774109034,51,48,0,0,0,0,no_volume,0,0,0,0,no_volume,0,0,0,0,low_activity,0,0,0,0,0,0,147738,141313,-0.0222,-1553,-359,33,27,52,51,1
1774109035,51,48,0,0,0,0,no_volume,0,0,0,0,no_volume,0,0,0,0,low_activity,0,0,0,0,0,0,147766,141313,-0.0223,28,-1524,33,27,52,51,1
1774109036,51,48,0,0,0,0,no_volume,0,0,0,0,no_volume,0,0,0,0,low_activity,0,0,0,0,0,0,149231,141313,-0.0273,1520,1493,32,27,52,51,1
1774109037,51,48,0,0,0,0,no_volume,0,0,0,0,no_volume,0,0,0,0,low_activity,0,0,0,0,0,0,147738,141313,-0.0222,0,0,33,27,52,51,1
1774109038,51,48,0,0,0,0,no_volume,0,0,0,0,no_volume,0,0,0,0,low_activity,0,0,0,0,0,0,147738,139825,-0.0275,-28,0,33,27,52,51,1
1774109039,51,48,0,0,0,0,no_volume,0,0,0,0,no_volume,0,0,0,0,low_activity,0,0,0,0,0,0,147736,141313,-0.0222,-1495,-2,32,28,52,51,1
1774109040,51,48,0,0,0,0,no_volume,0,0,0,0,no_volume,0,0,0,0,low_activity,0,0,0,0,0,0,147738,141313,-0.0222,0,-350,33,28,52,51,1
1774109041,51,48,0,0,0,0,low_activity,0,0,0,0,low_activity,0,0,0,0,low_activity,0,0,0,0,0,0,148069,141313,-0.0233,331,-1222,33,28,52,51,1
1774109042,51,48,0,0,0,0,low_activity,0,0,0,0,low_activity,0,0,0,0,low_activity,0,0,0,0,0,0,149217,141313,-0.0272,1481,1479,33,28,52,51,1
1774109043,51,48,0,0,0,0,low_activity,0,0,0,0,low_activity,0,0,0,0,low_activity,0,0,0,0,0,0,147673,141313,-0.022,-65,-38,33,28,52,51,1
1774109044,51,48,0,0,0,0,low_activity,0,0,0,0,low_activity,0,0,0,0,low_activity,0,0,0,0,0,0,147673,124825,-0.0838,-396,-65,33,28,52,51,1
1774109045,51,48,0,0,0,0,no_volume,0,0,0,0,low_activity,0,0,0,0,low_activity,0,0,0,0,0,0,141673,110713,-0.1227,-7544,-6093,33,27,52,51,1
1774109046,51,48,0,0,0,0,no_volume,0,0,0,0,low_activity,0,0,0,0,low_activity,0,0,0,0,0,0,141701,110713,-0.1228,-5972,-7530,33,28,52,51,1
1774109047,51,48,0,0,0,0,no_volume,0,0,0,0,no_volume,0,0,0,0,low_activity,0,0,0,0,0,0,143166,110713,-0.1278,-4507,-4572,32,27,52,51,1
1774109048,51,48,0,0,0,0,no_volume,0,0,0,0,no_volume,0,0,0,0,low_activity,0,0,0,0,0,0,141673,125713,-0.0597,0,-6065,33,28,52,51,1
1774109049,51,48,0,0,0,0,no_volume,0,0,0,0,no_volume,0,0,0,0,low_activity,0,0,0,0,0,0,141673,125713,-0.0597,-28,-6063,33,28,52,51,1
1774109050,51,48,0,0,0,0,no_volume,0,0,0,0,no_volume,0,0,0,0,low_activity,0,0,0,0,0,0,141673,125713,-0.0597,-1493,-6065,33,28,52,51,1
1774109051,51,48,0,0,0,0,no_volume,0,0,0,0,no_volume,0,0,0,0,low_activity,0,0,0,0,0,0,141673,125713,-0.0597,0,-6396,33,28,52,51,1
1774109052,51,48,0,0,0,0,no_volume,0,0,0,0,no_volume,0,0,0,0,low_activity,0,0,0,0,0,0,142023,125713,-0.0609,350,-7194,33,29,52,51,1
1774109053,51,48,0,0,0,0,no_volume,0,0,0,0,no_volume,0,0,0,0,low_activity,0,0,0,0,0,0,143217,124225,-0.071,1544,-4456,33,27,52,51,1
1774109054,51,48,0,0,0,0,no_volume,0,0,0,0,no_volume,0,0,0,0,low_activity,0,0,0,0,0,0,141673,125713,-0.0597,0,-6000,33,28,52,51,1
1774109055,51,48,0,0,0,0,no_volume,0,0,0,0,no_volume,0,0,0,0,low_activity,0,0,0,0,0,0,141673,125713,-0.0597,-350,0,33,28,52,51,1
1774109056,51,48,0,0,0,0,low_activity,0,0,0,0,low_activity,0,0,0,0,low_activity,0,0,0,0,0,0,141301,110713,-0.1214,-1916,-400,33,27,52,51,1
1774109057,52,47,0,0,0,0,low_activity,0,0,0,0,low_activity,0,0,0,0,low_activity,0,0,0,0,0,0,151086,132539,-0.0654,9413,7920,32,29,53,52,1
1774109058,52,47,0,0,0,0,low_activity,0,0,0,0,low_activity,0,0,0,0,low_activity,0,0,0,0,0,0,151408,132549,-0.0664,9735,9735,32,30,53,52,1
1774109059,52,47,0,0,0,0,no_volume,0,0,0,0,low_activity,0,0,0,0,low_activity,0,0,0,0,0,0,152551,116061,-0.1358,11250,10878,31,27,53,52,1
1774109060,52,47,0,0,0,0,no_volume,0,0,0,0,low_activity,0,0,0,0,low_activity,0,0,0,0,0,0,151058,132549,-0.0653,-28,9385,32,29,53,52,1
1774109061,52,47,0,0,0,0,no_volume,0,0,0,0,no_volume,0,0,0,0,low_activity,0,0,0,0,0,0,151058,132549,-0.0653,-350,9385,32,29,53,52,1
1774109062,52,47,0,0,0,0,no_volume,0,0,0,0,no_volume,0,0,0,0,low_activity,0,0,0,0,0,0,151058,132549,-0.0653,-1493,9035,32,29,53,52,1
1774109063,52,47,0,0,0,0,no_volume,0,0,0,0,no_volume,0,0,0,0,low_activity,0,0,0,0,0,0,151086,132549,-0.0654,28,7869,32,29,53,52,1
1774109064,52,47,0,0,0,0,no_volume,0,0,0,0,no_volume,0,0,0,0,low_activity,0,0,0,0,0,0,151408,132530,-0.0665,350,9735,32,30,53,52,1
1774109065,52,47,0,0,0,0,no_volume,0,0,0,0,no_volume,0,0,0,0,low_activity,0,0,0,0,0,0,152637,116042,-0.1362,1579,10964,31,28,53,52,1
1774109066,52,47,0,0,0,0,no_volume,0,0,0,0,no_volume,0,0,0,0,low_activity,0,0,0,0,0,0,151041,132530,-0.0653,-45,9740,31,29,53,52,1
1774109067,52,47,0,0,0,0,no_volume,0,0,0,0,no_volume,0,0,0,0,low_activity,0,0,0,0,0,0,151058,132530,-0.0653,-350,-28,32,28,53,52,1
1774109068,52,47,0,0,0,0,no_volume,0,0,0,0,no_volume,0,0,0,0,low_activity,0,0,0,0,0,0,151058,117530,-0.1248,-1579,-350,32,29,53,52,1
1774109069,52,47,0,0,0,0,no_volume,0,0,0,0,no_volume,0,0,0,0,low_activity,0,0,0,0,0,0,151086,117530,-0.1249,45,-1465,32,29,53,52,1
1774109070,52,47,0,0,0,0,no_volume,0,0,0,0,no_volume,0,0,0,0,low_activity,0,0,0,0,0,0,152551,132530,-0.0702,1493,1493,31,29,53,52,1
1774109071,52,47,0,0,0,0,no_volume,0,0,0,0,no_volume,0,0,0,0,low_activity,0,0,0,0,0,0,151058,116042,-0.1311,0,0,32,27,53,52,1
1774109072,52,47,0,0,0,0,no_volume,0,0,0,0,no_volume,0,0,0,0,low_activity,0,0,0,0,0,0,151058,132530,-0.0653,-28,0,32,29,53,52,1
1774109073,52,47,0,0,0,0,no_volume,0,0,0,0,no_volume,0,0,0,0,low_activity,0,0,0,0,0,0,151058,117530,-0.1248,-1493,-28,32,29,53,52,1
1774109074,52,47,0,0,0,0,no_volume,0,0,0,0,no_volume,0,0,0,0,low_activity,0,0,0,0,0,0,151058,147530,-0.0118,0,-350,32,30,53,52,1
1774109075,52,47,0,0,0,0,no_volume,0,0,0,0,no_volume,0,0,0,0,low_activity,0,0,0,0,0,0,157408,153530,-0.0125,6350,4771,32,30,53,52,1
1774109076,52,47,0,0,0,0,no_volume,0,0,0,0,no_volume,0,0,0,0,low_activity,0,0,0,0,0,0,158654,153530,-0.0164,7596,7613,32,30,53,52,1
1774109077,52,47,0,0,0,0,no_volume,0,0,0,0,no_volume,0,0,0,0,low_activity,0,0,0,0,0,0,157058,138530,-0.0627,6000,6000,32,29,53,52,1
1774109078,52,47,0,0,0,0,no_volume,0,0,0,0,no_volume,0,0,0,0,low_activity,0,0,0,0,0,0,157058,153530,-0.0114,-350,6000,32,29,53,52,1
1774109079,52,47,0,0,0,0,no_volume,0,0,0,0,no_volume,0,0,0,0,low_activity,0,0,0,0,0,0,151811,128144,-0.0845,-6843,725,32,29,53,52,1
1774109080,52,47,0,0,0,0,no_volume,0,0,0,0,no_volume,0,0,0,0,low_activity,0,0,0,0,0,0,151839,143144,-0.0295,-5219,-712,32,29,53,52,1
1774109081,52,47,0,0,0,0,no_volume,0,0,0,0,no_volume,0,0,0,0,low_activity,0,0,0,0,0,0,142462,128144,-0.0529,-14596,-8596,33,29,53,52,1
1774109082,52,47,0,0,0,0,no_volume,0,0,0,0,no_volume,0,0,0,0,low_activity,0,0,0,0,0,0,152212,143144,-0.0307,401,1154,31,31,53,52,1
1774109083,52,47,0,0,0,0,no_volume,0,0,0,0,no_volume,0,0,0,0,low_activity,0,0,0,0,0,0,150599,143144,-0.0254,-1240,-459,31,31,53,52,1
1774109084,52,47,0,0,0,0,no_volume,0,0,0,0,no_volume,0,0,0,0,low_activity,0,0,0,0,0,0,150616,128144,-0.0806,8154,-442,32,29,53,52,1
1774109085,52,47,0,0,0,0,no_volume,0,0,0,0,no_volume,0,0,0,0,low_activity,0,0,0,0,0,0,150616,113144,-0.1421,-1596,-6792,32,28,53,52,1
1774109086,52,47,0,0,0,0,no_volume,0,0,0,0,no_volume,0,0,0,0,no_volume,0,0,0,0,0,0,150966,128144,-0.0818,367,-7688,32,28,53,52,1
1774109087,52,47,0,0,0,0,no_volume,0,0,0,0,no_volume,0,0,0,0,no_volume,0,0,0,0,0,0,152109,111646,-0.1534,1493,-4949,31,27,53,52,1
1774109088,52,47,0,0,0,0,no_volume,0,0,0,0,no_volume,0,0,0,0,no_volume,0,0,0,0,0,0,152212,126646,-0.0917,1596,-4846,32,29,53,52,1
1774109089,52,47,0,0,0,0,no_volume,0,0,0,0,no_volume,0,0,0,0,no_volume,0,0,0,0,0,0,150616,128134,-0.0807,-350,-1195,32,29,53,52,1
1774109090,52,47,0,0,0,0,no_volume,0,0,0,0,no_volume,0,0,0,0,no_volume,0,0,0,0,0,0,150616,128134,-0.0807,-1493,-1223,32,29,53,52,1
1774109091,52,47,0,0,0,0,no_volume,0,0,0,0,no_volume,0,0,0,0,no_volume,0,0,0,0,0,0,150616,126646,-0.0865,-1596,8154,32,28,53,52,1
1774109092,52,47,0,0,0,0,no_volume,0,0,0,0,no_volume,0,0,0,0,no_volume,0,0,0,0,0,0,150644,128134,-0.0807,28,-1568,32,28,53,52,1
1774109093,52,47,0,0,0,0,no_volume,0,0,0,0,no_volume,0,0,0,0,no_volume,0,0,0,0,0,0,152109,113134,-0.1469,1493,1510,31,28,53,52,1
1774109094,52,47,0,0,0,0,no_volume,0,0,0,0,no_volume,0,0,0,0,no_volume,0,0,0,0,0,0,150616,143134,-0.0255,0,0,32,29,53,52,1
1774109095,52,47,0,0,0,0,no_volume,0,0,0,0,no_volume,0,0,0,0,no_volume,0,0,0,0,0,0,150616,141646,-0.0307,-28,0,32,29,53,52,1
1774109096,52,47,0,0,0,0,low_activity,0,0,0,0,low_activity,0,0,0,0,low_activity,0,0,0,0,0,0,150606,143134,-0.0254,-1503,-360,32,30,53,52,1
1774109097,52,47,0,0,0,0,low_activity,0,0,0,0,low_activity,0,0,0,0,low_activity,0,0,0,0,0,0,150606,143134,-0.0254,-10,-1503,32,30,53,52,1
1774109098,52,47,0,0,0,0,low_activity,0,0,0,0,low_activity,0,0,0,0,low_activity,0,0,0,0,0,0,144956,137134,-0.0277,-5660,-7256,32,30,53,52,1
1774109099,52,47,0,0,0,0,no_volume,0,0,0,0,low_activity,0,0,0,0,low_activity,0,0,0,0,0,0,147466,138397,-0.0317,-3140,-3150,33,31,53,52,1
1774109100,52,47,0,0,0,0,no_volume,0,0,0,0,low_activity,0,0,0,0,low_activity,0,0,0,0,0,0,152912,138397,-0.0498,2306,2296,32,31,53,52,1
1774109101,52,47,0,0,0,0,no_volume,0,0,0,0,no_volume,0,0,0,0,low_activity,0,0,0,0,0,0,152912,138397,-0.0498,7956,2296,32,31,53,52,1
1774109102,52,47,0,0,0,0,no_volume,0,0,0,0,no_volume,0,0,0,0,low_activity,0,0,0,0,0,0,154175,137875,-0.0558,6709,3531,34,30,53,52,1
1774109103,52,47,0,0,0,0,no_volume,0,0,0,0,no_volume,0,0,0,0,low_activity,0,0,0,0,0,0,154175,139363,-0.0505,1263,2066,34,30,53,52,1
1774109104,52,47,0,0,0,0,no_volume,0,0,0,0,no_volume,0,0,0,0,low_activity,0,0,0,0,0,0,153209,123397,-0.1078,297,2593,33,29,53,52,1
1774109105,52,47,0,0,0,0,no_volume,0,0,0,0,no_volume,0,0,0,0,low_activity,0,0,0,0,0,0,155052,125863,-0.1039,877,4436,35,27,53,52,1
1774109106,52,47,0,0,0,0,no_volume,0,0,0,0,no_volume,0,0,0,0,low_activity,0,0,0,0,0,0,155052,124375,-0.1098,877,4446,35,28,53,52,1
1774109107,52,47,0,0,0,0,low_activity,0,0,0,0,low_activity,0,0,0,0,low_activity,0,0,0,0,0,0,153867,124897,-0.1039,658,3261,34,28,53,52,1
1774109108,52,47,0,0,0,0,low_activity,0,0,0,0,low_activity,0,0,0,0,low_activity,0,0,0,0,0,0,154833,109897,-0.1697,-219,9877,34,29,53,52,1
1774109109,52,47,0,0,0,0,low_activity,0,0,0,0,low_activity,0,0,0,0,low_activity,0,0,0,0,0,0,154806,124897,-0.1069,-246,7340,34,29,53,52,1
1774109110,52,47,0,0,0,0,low_activity,0,0,0,0,low_activity,0,0,0,0,low_activity,0,0,0,0,0,0,159248,130014,-0.1011,5381,6336,33,29,53,52,1
1774109111,52,47,0,0,0,0,low_activity,0,0,0,0,low_activity,0,0,0,0,low_activity,0,0,0,0,0,0,153660,128526,-0.0891,-1173,748,34,29,53,52,1
1774109112,52,47,0,0,0,0,no_volume,0,0,0,0,low_activity,0,0,0,0,low_activity,0,0,0,0,0,0,153660,130014,-0.0834,-1146,-515,34,28,53,52,1
1774109113,52,47,0,0,0,0,no_volume,0,0,0,0,low_activity,0,0,0,0,low_activity,0,0,0,0,0,0,146588,130014,-0.0599,-12660,-7587,33,28,53,52,1
1774109114,52,47,0,0,0,0,no_volume,0,0,0,0,no_volume,0,0,0,0,low_activity,0,0,0,0,0,0,148637,145014,-0.0123,-5023,-4572,33,30,53,52,1
1774109115,52,47,0,0,0,0,no_volume,0,0,0,0,no_volume,0,0,0,0,low_activity,0,0,0,0,0,0,147882,145014,-0.0098,-5778,-7170,33,29,53,52,1
1774109116,52,47,0,0,0,0,no_volume,0,0,0,0,no_volume,0,0,0,0,low_activity,0,0,0,0,0,0,147882,145014,-0.0098,1294,-7170,33,29,53,52,1
1774109117,52,47,0,0,0,0,no_volume,0,0,0,0,no_volume,0,0,0,0,low_activity,0,0,0,0,0,0,148198,143823,-0.015,-439,-5669,34,29,53,52,1
1774109118,52,47,0,0,0,0,no_volume,0,0,0,0,no_volume,0,0,0,0,low_activity,0,0,0,0,0,0,148198,145311,-0.0098,316,-6635,34,29,53,52,1
1774109119,52,47,0,0,0,0,no_volume,0,0,0,0,no_volume,0,0,0,0,low_activity,0,0,0,0,0,0,146507,145311,-0.0041,-1375,-8299,33,29,53,52,1
1774109120,52,47,0,0,0,0,no_volume,0,0,0,0,no_volume,0,0,0,0,low_activity,0,0,0,0,0,0,146507,145311,-0.0041,-1691,-12741,33,29,53,52,1
1774109121,52,47,0,0,0,0,no_volume,0,0,0,0,no_volume,0,0,0,0,low_activity,0,0,0,0,0,0,146507,145311,-0.0041,-1691,-7153,33,29,53,52,1
1774109122,52,47,0,0,0,0,low_activity,0,0,0,0,low_activity,0,0,0,0,low_activity,0,0,0,0,0,0,146507,143516,-0.0103,0,-7153,33,29,53,52,1
1774109123,52,47,0,0,0,0,low_activity,0,0,0,0,low_activity,0,0,0,0,low_activity,0,0,0,0,0,0,146507,143516,-0.0103,0,-81,33,29,53,52,1
1774109124,52,46,0,0,0,0,low_activity,0,0,0,0,low_activity,0,0,0,0,low_activity,0,0,0,0,0,0,76065,126351,0.2484,-70442,-72572,34,29,54,52,2
1774109125,52,46,0,0,0,0,low_activity,0,0,0,0,low_activity,0,0,0,0,low_activity,0,0,0,0,0,0,68239,111351,0.2401,-78268,-79643,32,27,54,52,2
1774109126,52,46,0,0,0,0,low_activity,0,0,0,0,low_activity,0,0,0,0,low_activity,0,0,0,0,0,0,70353,126384,0.2848,-76154,-77529,32,28,54,52,2
1774109127,52,46,0,0,0,0,no_volume,0,0,0,0,low_activity,0,0,0,0,low_activity,0,0,0,0,0,0,68510,111384,0.2383,-7555,-79688,34,27,54,52,2
1774109128,52,46,0,0,0,0,no_volume,0,0,0,0,low_activity,0,0,0,0,low_activity,0,0,0,0,0,0,70410,124896,0.279,2171,-77788,35,27,54,52,2
1774109129,53,46,0,0,0,0,no_volume,0,0,0,0,no_volume,0,0,0,0,low_activity,0,0,0,0,0,0,58512,132072,0.386,-11841,-87995,34,30,54,53,1
1774109130,53,46,0,0,0,0,no_volume,0,0,0,0,no_volume,0,0,0,0,low_activity,0,0,0,0,0,0,77373,133560,0.2664,8863,-69134,33,30,54,53,1
1774109131,53,46,0,0,0,0,low_activity,0,0,0,0,low_activity,0,0,0,0,low_activity,0,0,0,0,0,0,76085,133560,0.2742,5675,-70422,35,30,54,53,1
1774109132,53,45,0,0,0,0,low_activity,0,0,0,0,low_activity,0,0,0,0,low_activity,0,0,0,0,0,0,75965,118593,0.2191,17453,-70542,35,29,55,53,2
1774109133,53,45,0,0,0,0,low_activity,0,0,0,0,low_activity,0,0,0,0,low_activity,0,0,0,0,0,0,76148,133593,0.2739,-1225,-70359,37,31,55,53,2
1774109134,53,45,0,0,0,0,no_volume,0,0,0,0,low_activity,0,0,0,0,low_activity,0,0,0,0,0,0,81330,133593,0.2432,5245,5265,35,30,55,53,2
1774109135,53,45,0,0,0,0,no_volume,0,0,0,0,low_activity,0,0,0,0,low_activity,0,0,0,0,0,0,76406,133560,0.2722,441,8167,34,31,55,53,2
1774109136,53,45,0,0,0,0,no_volume,0,0,0,0,no_volume,0,0,0,0,low_activity,0,0,0,0,0,0,76281,132105,0.2679,133,5928,33,29,55,53,2
1774109137,53,45,0,0,0,0,no_volume,0,0,0,0,no_volume,0,0,0,0,low_activity,0,0,0,0,0,0,74492,118593,0.2284,-6838,5982,31,29,55,53,2
1774109138,53,46,0,0,0,0,no_volume,0,0,0,0,no_volume,0,0,0,0,low_activity,0,0,0,0,0,0,120795,135679,0.058,44389,50385,32,29,54,53,1
1774109139,53,46,0,0,0,0,no_volume,0,0,0,0,no_volume,0,0,0,0,low_activity,0,0,0,0,0,0,148847,134815,-0.0495,72566,90335,32,29,54,53,1
1774109140,53,46,0,0,0,0,no_volume,0,0,0,0,no_volume,0,0,0,0,low_activity,0,0,0,0,0,0,155577,134815,-0.0715,81085,78204,32,28,54,53,1
1774109141,53,46,0,0,0,0,no_volume,0,0,0,0,no_volume,0,0,0,0,low_activity,0,0,0,0,0,0,155874,119815,-0.1308,35079,79789,32,28,54,53,1
1774109142,53,46,0,0,0,0,no_volume,0,0,0,0,no_volume,0,0,0,0,low_activity,0,0,0,0,0,0,155874,119815,-0.1308,7027,79909,32,29,54,53,1
1774109143,53,46,0,0,0,0,no_volume,0,0,0,0,no_volume,0,0,0,0,low_activity,0,0,0,0,0,0,155577,133327,-0.077,0,79429,32,29,54,53,1
1774109144,53,46,0,0,0,0,no_volume,0,0,0,0,no_volume,0,0,0,0,low_activity,0,0,0,0,0,0,157077,121315,-0.1285,1203,75747,33,29,54,53,1
1774109145,53,46,0,0,0,0,no_volume,0,0,0,0,no_volume,0,0,0,0,low_activity,0,0,0,0,0,0,157077,136315,-0.0708,1203,80671,33,30,54,53,1
1774109146,53,46,0,0,0,0,no_volume,0,0,0,0,no_volume,0,0,0,0,low_activity,0,0,0,0,0,0,157941,137179,-0.0704,2364,81660,33,31,54,53,1
1774109147,53,46,0,0,0,0,no_volume,0,0,0,0,no_volume,0,0,0,0,low_activity,0,0,0,0,0,0,157686,137179,-0.0695,609,83194,34,29,54,53,1
1774109148,53,46,0,0,0,0,no_volume,0,0,0,0,no_volume,0,0,0,0,low_activity,0,0,0,0,0,0,157714,122179,-0.127,637,36919,34,30,54,53,1
1774109149,53,46,0,0,0,0,no_volume,0,0,0,0,no_volume,0,0,0,0,low_activity,0,0,0,0,0,0,157714,137179,-0.0696,-227,8867,34,31,54,53,1
1774109150,53,46,0,0,0,0,no_volume,0,0,0,0,no_volume,0,0,0,0,low_activity,0,0,0,0,0,0,87097,133560,0.2106,-70589,-68480,32,30,54,53,1
1774109151,53,45,0,0,0,0,no_volume,0,0,0,0,no_volume,0,0,0,0,low_activity,0,0,0,0,0,0,76105,132072,0.2688,-81609,-79769,31,28,55,53,2
1774109152,53,44,0,0,0,0,low_activity,0,0,0,0,low_activity,0,0,0,0,low_activity,0,0,0,0,0,0,75879,133560,0.2754,-81835,-79995,31,29,56,53,3
1774109153,53,45,0,0,0,0,low_activity,0,0,0,0,low_activity,0,0,0,0,low_activity,0,0,0,0,0,0,76328,133560,0.2727,-10769,-79249,34,29,55,53,2
1774109154,53,45,0,0,0,0,low_activity,0,0,0,0,low_activity,0,0,0,0,low_activity,0,0,0,0,0,0,76579,133568,0.2712,474,-80498,35,29,55,53,2
1774109155,53,45,0,0,0,0,low_activity,0,0,0,0,low_activity,0,0,0,0,low_activity,0,0,0,0,0,0,76354,133590,0.2726,475,-80723,34,30,55,53,2
1774109156,53,44,0,0,0,0,low_activity,0,0,0,0,low_activity,0,0,0,0,low_activity,0,0,0,0,0,0,76467,133557,0.2718,139,-81474,33,28,56,53,3
1774109157,53,45,0,0,0,0,low_activity,0,0,0,0,low_activity,0,0,0,0,low_activity,0,0,0,0,0,0,71029,132069,0.3005,-5550,-86657,32,29,55,53,2
1774109158,53,45,0,0,0,0,low_activity,0,0,0,0,low_activity,0,0,0,0,low_activity,0,0,0,0,0,0,71095,133557,0.3052,-5259,-86619,33,29,55,53,2
1774109159,53,46,0,0,0,0,no_volume,0,0,0,0,low_activity,0,0,0,0,low_activity,0,0,0,0,0,0,91936,134820,0.1891,15469,-65778,33,29,54,53,1
1774109160,53,46,0,0,0,0,low_activity,0,0,0,0,low_activity,0,0,0,0,low_activity,0,0,0,0,0,0,146484,134810,-0.0415,75455,59387,34,29,54,53,1
1774109161,53,46,0,0,0,0,low_activity,0,0,0,0,low_activity,0,0,0,0,low_activity,0,0,0,0,0,0,153518,121310,-0.1172,82423,77413,34,29,54,53,1
1774109162,53,46,0,0,0,0,low_activity,0,0,0,0,low_activity,0,0,0,0,low_activity,0,0,0,0,0,0,154605,134822,-0.0684,62669,78726,34,30,54,53,1
1774109163,53,46,0,0,0,0,low_activity,0,0,0,0,low_activity,0,0,0,0,low_activity,0,0,0,0,0,0,156433,137174,-0.0656,9949,80105,34,30,54,53,1
1774109164,53,46,0,0,0,0,no_volume,0,0,0,0,low_activity,0,0,0,0,low_activity,0,0,0,0,0,0,156433,137174,-0.0656,2915,79854,34,30,54,53,1
1774109165,53,46,0,0,0,0,no_volume,0,0,0,0,low_activity,0,0,0,0,low_activity,0,0,0,0,0,0,160872,136208,-0.083,6267,84518,33,30,54,53,1
1774109166,53,46,0,0,0,0,no_volume,0,0,0,0,no_volume,0,0,0,0,low_activity,0,0,0,0,0,0,159251,137174,-0.0745,2818,82784,33,30,54,53,1
1774109167,53,46,0,0,0,0,no_volume,0,0,0,0,no_volume,0,0,0,0,low_activity,0,0,0,0,0,0,159251,122174,-0.1317,2818,88222,33,30,54,53,1
1774109168,53,46,0,0,0,0,no_volume,0,0,0,0,no_volume,0,0,0,0,low_activity,0,0,0,0,0,0,158287,135686,-0.0769,-2585,87192,33,30,54,53,1
1774109169,53,46,0,0,0,0,no_volume,0,0,0,0,no_volume,0,0,0,0,low_activity,0,0,0,0,0,0,159253,138140,-0.071,2,67317,34,30,54,53,1
1774109170,53,46,0,0,0,0,no_volume,0,0,0,0,no_volume,0,0,0,0,low_activity,0,0,0,0,0,0,158956,138140,-0.0701,-295,12472,34,31,54,53,1
1774109171,53,46,0,0,0,0,no_volume,0,0,0,0,no_volume,0,0,0,0,low_activity,0,0,0,0,0,0,158956,122174,-0.1308,669,5438,34,30,54,53,1
1774109172,53,46,0,0,0,0,no_volume,0,0,0,0,no_volume,0,0,0,0,low_activity,0,0,0,0,0,0,159922,122174,-0.1338,669,5317,35,29,54,53,1
1774109173,53,46,0,0,0,0,no_volume,0,0,0,0,no_volume,0,0,0,0,low_activity,0,0,0,0,0,0,158961,137169,-0.0736,5,2528,36,29,54,53,1
1774109174,53,46,0,0,0,0,no_volume,0,0,0,0,no_volume,0,0,0,0,low_activity,0,0,0,0,0,0,157995,122169,-0.1279,-961,1562,36,28,54,53,1
1774109175,53,46,0,0,0,0,no_volume,0,0,0,0,no_volume,0,0,0,0,low_activity,0,0,0,0,0,0,158959,122169,-0.1309,-963,-1913,35,29,54,53,1
1774109176,53,46,0,0,0,0,no_volume,0,0,0,0,no_volume,0,0,0,0,low_activity,0,0,0,0,0,0,86641,133557,0.2131,-72320,-72610,34,29,54,53,1
1774109177,53,46,0,0,0,0,no_volume,0,0,0,0,no_volume,0,0,0,0,low_activity,0,0,0,0,0,0,68486,118575,0.2678,-89509,-90765,31,28,54,53,1
1774109178,53,46,0,0,0,0,no_volume,0,0,0,0,no_volume,0,0,0,0,low_activity,0,0,0,0,0,0,75962,133575,0.275,-82997,-82325,30,29,54,53,1
1774109179,53,46,0,0,0,0,no_volume,0,0,0,0,no_volume,0,0,0,0,low_activity,0,0,0,0,0,0,76985,118583,0.2127,-9656,-82268,30,28,54,53,1
1774109180,53,46,0,0,0,0,no_volume,0,0,0,0,no_volume,0,0,0,0,low_activity,0,0,0,0,0,0,75880,133550,0.2754,7394,-83076,33,29,54,53,1
1774109181,53,46,0,0,0,0,no_volume,0,0,0,0,no_volume,0,0,0,0,low_activity,0,0,0,0,0,0,70551,118575,0.2539,-5411,-88405,31,28,54,53,1
1774109182,53,44,0,0,0,0,no_volume,0,0,0,0,no_volume,0,0,0,0,low_activity,0,0,0,0,0,0,75962,132112,0.2699,-1023,-83960,32,28,56,53,3
1774109183,53,43,0,0,0,0,no_volume,0,0,0,0,no_volume,0,0,0,0,low_activity,0,0,0,0,0,0,72747,133567,0.2948,-3133,-86214,31,29,57,53,4
1774109184,53,46,0,0,0,0,no_volume,0,0,0,0,no_volume,0,0,0,0,low_activity,0,0,0,0,0,0,79200,148567,0.3046,8649,-78795,34,30,54,53,1
1774109185,53,45,0,0,0,0,no_volume,0,0,0,0,no_volume,0,0,0,0,low_activity,0,0,0,0,0,0,83011,148567,0.2831,7049,-75948,33,30,55,53,2
1774109186,53,45,0,0,0,0,no_volume,0,0,0,0,no_volume,0,0,0,0,low_activity,0,0,0,0,0,0,80525,147087,0.2924,7778,-6116,33,29,55,53,2
1774109187,53,45,0,0,0,0,no_volume,0,0,0,0,no_volume,0,0,0,0,low_activity,0,0,0,0,0,0,83147,148550,0.2823,3947,14661,33,29,55,53,2
1774109188,53,46,0,0,0,0,low_activity,0,0,0,0,low_activity,0,0,0,0,low_activity,0,0,0,0,0,0,145536,148839,0.0112,62525,69574,35,29,54,53,1
1774109189,53,46,0,0,0,0,low_activity,0,0,0,0,low_activity,0,0,0,0,low_activity,0,0,0,0,0,0,148703,148839,0.0005,68178,71718,35,29,54,53,1
1774109190,53,46,0,0,0,0,low_activity,0,0,0,0,low_activity,0,0,0,0,low_activity,0,0,0,0,0,0,140858,148839,0.0275,57711,64978,35,29,54,53,1
1774109191,53,46,0,0,0,0,no_volume,0,0,0,0,low_activity,0,0,0,0,low_activity,0,0,0,0,0,0,143324,151305,0.0271,-2212,72773,35,29,54,53,1
1774109192,53,46,0,0,0,0,low_activity,0,0,0,0,low_activity,0,0,0,0,low_activity,0,0,0,0,0,0,144406,151305,0.0233,-4297,68444,35,29,54,53,1
1774109193,53,46,0,0,0,0,low_activity,0,0,0,0,low_activity,0,0,0,0,low_activity,0,0,0,0,0,0,144700,149817,0.0174,3842,71953,35,29,54,53,1
1774109194,53,46,0,0,0,0,low_activity,0,0,0,0,low_activity,0,0,0,0,low_activity,0,0,0,0,0,0,141601,108169,-0.1339,-1723,62401,33,28,54,53,1
1774109195,53,46,0,0,0,0,low_activity,0,0,0,0,low_activity,0,0,0,0,low_activity,0,0,0,0,0,0,143092,122169,-0.0789,-1314,60081,34,29,54,53,1
1774109196,53,46,0,0,0,0,no_volume,0,0,0,0,low_activity,0,0,0,0,low_activity,0,0,0,0,0,0,143092,122169,-0.0789,-1608,62567,34,29,54,53,1
1774109197,53,46,0,0,0,0,no_volume,0,0,0,0,low_activity,0,0,0,0,low_activity,0,0,0,0,0,0,80379,118550,0.1919,-61222,-2768,34,28,54,53,1
1774109198,53,45,0,0,0,0,no_volume,0,0,0,0,no_volume,0,0,0,0,low_activity,0,0,0,0,0,0,80474,118550,0.1913,-62618,-65062,33,28,55,53,2
1774109199,53,45,0,0,0,0,no_volume,0,0,0,0,no_volume,0,0,0,0,low_activity,0,0,0,0,0,0,80474,133583,0.2481,-62618,-68229,33,29,55,53,2
1774109200,53,45,0,0,0,0,no_volume,0,0,0,0,no_volume,0,0,0,0,low_activity,0,0,0,0,0,0,80474,133583,0.2481,95,-60384,33,29,55,53,2
1774109201,53,45,0,0,0,0,no_volume,0,0,0,0,no_volume,0,0,0,0,low_activity,0,0,0,0,0,0,80474,118583,0.1914,0,-62850,33,28,55,53,2
1774109202,53,45,0,0,0,0,no_volume,0,0,0,0,no_volume,0,0,0,0,low_activity,0,0,0,0,0,0,80474,132103,0.2429,0,-63932,33,28,55,53,2
1774109203,53,45,0,0,0,0,low_activity,0,0,0,0,low_activity,0,0,0,0,low_activity,0,0,0,0,0,0,81510,119550,0.1892,1036,-63190,32,29,55,53,2
1774109204,53,45,0,0,0,0,low_activity,0,0,0,0,low_activity,0,0,0,0,low_activity,0,0,0,0,0,0,80347,148550,0.298,-127,-61254,34,27,55,53,2
1774109205,53,45,0,0,0,0,low_activity,0,0,0,0,low_activity,0,0,0,0,low_activity,0,0,0,0,0,0,80347,148583,0.2981,-127,-62745,34,29,55,53,2
1774109206,53,45,0,0,0,0,no_volume,0,0,0,0,low_activity,0,0,0,0,low_activity,0,0,0,0,0,0,80347,148583,0.2981,-1163,-62745,34,29,55,53,2
1774109207,53,45,0,0,0,0,no_volume,0,0,0,0,low_activity,0,0,0,0,low_activity,0,0,0,0,0,0,80124,147095,0.2947,-223,-255,33,29,55,53,2
1774109208,53,45,0,0,0,0,no_volume,0,0,0,0,no_volume,0,0,0,0,low_activity,0,0,0,0,0,0,80124,148583,0.2993,-223,-350,33,30,55,53,2
1774109209,53,46,0,0,0,0,no_volume,0,0,0,0,no_volume,0,0,0,0,low_activity,0,0,0,0,0,0,81554,150050,0.2957,1207,1080,35,30,54,53,1
1774109210,53,46,0,0,0,0,low_activity,0,0,0,0,low_activity,0,0,0,0,low_activity,0,0,0,0,0,0,78750,150050,0.3116,-1374,-1724,32,30,54,53,1
1774109211,53,46,0,0,0,0,low_activity,0,0,0,0,low_activity,0,0,0,0,low_activity,0,0,0,0,0,0,81424,150050,0.2965,1300,950,34,30,54,53,1
1774109212,53,46,0,0,0,0,low_activity,0,0,0,0,low_activity,0,0,0,0,low_activity,0,0,0,0,0,0,25788,83251,0.527,-55766,-54686,33,28,54,53,1
1774109213,54,45,0,0,0,0,low_activity,0,0,0,0,low_activity,0,0,0,0,low_activity,0,0,0,0,0,0,81455,155785,0.3133,2705,-55,33,31,55,54,1
1774109214,54,45,0,0,0,0,low_activity,0,0,0,0,low_activity,0,0,0,0,low_activity,0,0,0,0,0,0,80315,155812,0.3197,-1109,-32,32,31,55,54,1
1774109215,54,45,0,0,0,0,low_activity,0,0,0,0,low_activity,0,0,0,0,low_activity,0,0,0,0,0,0,81797,126365,0.2141,56009,1450,33,29,55,54,1
1774109216,54,45,0,0,0,0,low_activity,0,0,0,0,low_activity,0,0,0,0,low_activity,0,0,0,0,0,0,81797,139877,0.262,342,1450,33,29,55,54,1
1774109217,54,45,0,0,0,0,no_volume,0,0,0,0,low_activity,0,0,0,0,low_activity,0,0,0,0,0,0,81797,141365,0.2669,1482,1673,33,29,55,54,1
1774109218,54,45,0,0,0,0,no_volume,0,0,0,0,low_activity,0,0,0,0,low_activity,0,0,0,0,0,0,81881,141365,0.2665,84,1757,33,29,55,54,1
1774109219,54,45,0,0,0,0,no_volume,0,0,0,0,no_volume,0,0,0,0,low_activity,0,0,0,0,0,0,81881,126365,0.2136,84,327,33,29,55,54,1
1774109220,54,44,0,0,0,0,no_volume,0,0,0,0,no_volume,0,0,0,0,low_activity,0,0,0,0,0,0,80329,127275,0.2261,-1468,1579,33,29,56,54,2
1774109221,54,45,0,0,0,0,low_activity,0,0,0,0,low_activity,0,0,0,0,low_activity,0,0,0,0,0,0,80177,142275,0.2792,-1704,-1247,33,29,55,54,1
1774109222,54,45,0,0,0,0,low_activity,0,0,0,0,low_activity,0,0,0,0,low_activity,0,0,0,0,0,0,80080,139287,0.2699,-1801,54292,33,29,55,54,1
1774109223,54,44,0,0,0,0,no_volume,0,0,0,0,low_activity,0,0,0,0,low_activity,0,0,0,0,0,0,80017,146201,0.2926,-312,-1438,32,30,56,54,2
1774109224,54,44,0,0,0,0,no_volume,0,0,0,0,low_activity,0,0,0,0,low_activity,0,0,0,0,0,0,80007,161234,0.3367,-170,-308,32,29,56,54,2
1774109225,54,44,0,0,0,0,low_activity,0,0,0,0,low_activity,0,0,0,0,low_activity,0,0,0,0,0,0,80030,161201,0.3365,-50,-1767,32,31,56,54,2
1774109226,54,44,0,0,0,0,low_activity,0,0,0,0,low_activity,0,0,0,0,low_activity,0,0,0,0,0,0,80030,161201,0.3365,13,-1767,32,31,56,54,2
1774109227,54,44,0,0,0,0,low_activity,0,0,0,0,low_activity,0,0,0,0,low_activity,0,0,0,0,0,0,80030,161201,0.3365,23,-1767,32,31,56,54,2
1774109228,54,44,0,0,0,0,no_volume,0,0,0,0,low_activity,0,0,0,0,low_activity,0,0,0,0,0,0,80645,161234,0.3332,615,-1236,31,31,56,54,2
1774109229,54,44,0,0,0,0,low_activity,0,0,0,0,low_activity,0,0,0,0,low_activity,0,0,0,0,0,0,80629,161234,0.3333,599,-1252,31,31,56,54,2
1774109230,54,44,0,0,0,0,low_activity,0,0,0,0,low_activity,0,0,0,0,low_activity,0,0,0,0,0,0,80629,161234,0.3333,599,300,31,31,56,54,2
1774109231,54,44,0,0,0,0,low_activity,0,0,0,0,low_activity,0,0,0,0,low_activity,0,0,0,0,0,0,80014,161234,0.3367,-631,-163,32,31,56,54,2
1774109232,54,44,0,0,0,0,no_volume,0,0,0,0,low_activity,0,0,0,0,low_activity,0,0,0,0,0,0,80014,155164,0.3195,-615,-66,32,30,56,54,2
1774109233,54,45,0,0,0,0,no_volume,0,0,0,0,low_activity,0,0,0,0,low_activity,0,0,0,0,0,0,139938,157251,0.0583,59309,59921,33,30,55,54,1
1774109234,53,46,0,0,0,0,low_activity,0,0,0,0,low_activity,0,0,0,0,low_activity,0,0,0,0,0,0,150793,144632,-0.0209,70779,70786,34,29,54,53,1
1774109235,53,46,0,0,0,0,low_activity,0,0,0,0,low_activity,0,0,0,0,low_activity,0,0,0,0,0,0,167420,130166,-0.1252,87406,87390,34,28,54,53,1
1774109236,53,46,0,0,0,0,low_activity,0,0,0,0,low_activity,0,0,0,0,low_activity,0,0,0,0,0,0,168710,129615,-0.131,28772,88680,36,27,54,53,1
1774109237,53,46,0,0,0,0,no_volume,0,0,0,0,low_activity,0,0,0,0,low_activity,0,0,0,0,0,0,168760,129615,-0.1312,17967,88730,36,27,54,53,1
1774109238,53,46,0,0,0,0,no_volume,0,0,0,0,low_activity,0,0,0,0,low_activity,0,0,0,0,0,0,168747,116103,-0.1848,1327,88102,35,27,54,53,1
1774109239,53,46,0,0,0,0,no_volume,0,0,0,0,no_volume,0,0,0,0,low_activity,0,0,0,0,0,0,175456,130238,-0.1479,6746,94827,36,27,54,53,1
1774109240,53,46,0,0,0,0,low_activity,0,0,0,0,low_activity,0,0,0,0,low_activity,0,0,0,0,0,0,174134,130238,-0.1442,5374,93505,36,28,54,53,1
1774109241,53,46,0,0,0,0,low_activity,0,0,0,0,low_activity,0,0,0,0,low_activity,0,0,0,0,0,0,174326,131137,-0.1414,5579,94312,36,27,54,53,1
1774109242,53,46,0,0,0,0,low_activity,0,0,0,0,low_activity,0,0,0,0,low_activity,0,0,0,0,0,0,175291,116104,-0.2031,-165,95277,35,27,54,53,1
1774109243,53,46,0,0,0,0,low_activity,0,0,0,0,low_activity,0,0,0,0,low_activity,0,0,0,0,0,0,170090,129616,-0.135,-4044,30152,34,26,54,53,1
1774109244,53,46,0,0,0,0,low_activity,0,0,0,0,low_activity,0,0,0,0,low_activity,0,0,0,0,0,0,170654,131104,-0.1311,-3672,19861,33,29,54,53,1
1774109245,52,47,0,0,0,0,no_volume,0,0,0,0,low_activity,0,0,0,0,low_activity,0,0,0,0,0,0,168058,123897,-0.1513,-7233,638,34,28,53,52,1
1774109246,52,47,0,0,0,0,no_volume,0,0,0,0,low_activity,0,0,0,0,low_activity,0,0,0,0,0,0,168058,123031,-0.1547,-2032,-652,34,26,53,52,1
1774109247,52,47,0,0,0,0,no_volume,0,0,0,0,no_volume,0,0,0,0,low_activity,0,0,0,0,0,0,167093,123031,-0.1519,-3561,-1667,34,27,53,52,1
1774109248,52,47,0,0,0,0,low_activity,0,0,0,0,low_activity,0,0,0,0,low_activity,0,0,0,0,0,0,167737,108064,-0.2164,-321,-1010,34,27,53,52,1
1774109249,52,47,0,0,0,0,low_activity,0,0,0,0,low_activity,0,0,0,0,low_activity,0,0,0,0,0,0,167516,123930,-0.1496,-542,-7940,34,27,53,52,1
1774109250,52,47,0,0,0,0,low_activity,0,0,0,0,low_activity,0,0,0,0,low_activity,0,0,0,0,0,0,167516,107065,-0.2202,423,-6618,34,27,53,52,1
1774109251,52,47,0,0,0,0,no_volume,0,0,0,0,low_activity,0,0,0,0,low_activity,0,0,0,0,0,0,168482,123031,-0.1559,745,-5844,35,29,53,52,1
1774109252,52,47,0,0,0,0,no_volume,0,0,0,0,low_activity,0,0,0,0,low_activity,0,0,0,0,0,0,167516,123031,-0.1531,0,-7775,35,28,53,52,1
1774109253,52,47,0,0,0,0,no_volume,0,0,0,0,no_volume,0,0,0,0,low_activity,0,0,0,0,0,0,166872,121543,-0.1572,-644,-3218,36,27,53,52,1
1774109254,52,47,0,0,0,0,no_volume,0,0,0,0,no_volume,0,0,0,0,low_activity,0,0,0,0,0,0,150569,108997,-0.1602,-17913,-20085,35,27,53,52,1
1774109255,52,47,0,0,0,0,no_volume,0,0,0,0,no_volume,0,0,0,0,low_activity,0,0,0,0,0,0,150569,123997,-0.0968,-16947,-17489,35,26,53,52,1
1774109256,52,47,0,0,0,0,low_activity,0,0,0,0,low_activity,0,0,0,0,low_activity,0,0,0,0,0,0,149503,123031,-0.0971,-17369,-18555,34,26,53,52,1
1774109257,52,47,0,0,0,0,low_activity,0,0,0,0,low_activity,0,0,0,0,low_activity,0,0,0,0,0,0,151335,108897,-0.1631,766,-15758,34,26,53,52,1
1774109258,52,47,0,0,0,0,low_activity,0,0,0,0,low_activity,0,0,0,0,low_activity,0,0,0,0,0,0,150469,123897,-0.0968,-100,-17268,34,26,53,52,1
1774109259,52,47,0,0,0,0,no_volume,0,0,0,0,low_activity,0,0,0,0,low_activity,0,0,0,0,0,0,149504,122409,-0.0996,1,-18012,34,27,53,52,1
1774109260,52,47,0,0,0,0,no_volume,0,0,0,0,low_activity,0,0,0,0,low_activity,0,0,0,0,0,0,151613,123897,-0.1006,278,-15903,34,26,53,52,1
1774109261,52,47,0,0,0,0,low_activity,0,0,0,0,low_activity,0,0,0,0,low_activity,0,0,0,0,0,0,150140,108930,-0.1591,-329,-18342,34,26,53,52,1
1774109262,52,47,0,0,0,0,low_activity,0,0,0,0,low_activity,0,0,0,0,low_activity,0,0,0,0,0,0,150140,123897,-0.0958,636,-17376,34,27,53,52,1
1774109263,52,47,0,0,0,0,low_activity,0,0,0,0,low_activity,0,0,0,0,low_activity,0,0,0,0,0,0,151106,123897,-0.0989,-507,-15766,35,27,53,52,1
1774109264,52,47,0,0,0,0,no_volume,0,0,0,0,low_activity,0,0,0,0,low_activity,0,0,0,0,0,0,150140,138897,-0.0389,0,-429,35,28,53,52,1
1774109265,52,47,0,0,0,0,no_volume,0,0,0,0,low_activity,0,0,0,0,low_activity,0,0,0,0,0,0,149496,138897,-0.0368,-644,-1073,36,28,53,52,1
1774109266,52,47,0,0,0,0,no_volume,0,0,0,0,no_volume,0,0,0,0,low_activity,0,0,0,0,0,0,150445,137409,-0.0453,-661,942,35,28,53,52,1
1774109267,52,47,0,0,0,0,no_volume,0,0,0,0,no_volume,0,0,0,0,low_activity,0,0,0,0,0,0,150461,138897,-0.04,321,-874,35,27,53,52,1
1774109268,52,47,0,0,0,0,no_volume,0,0,0,0,no_volume,0,0,0,0,low_activity,0,0,0,0,0,0,149495,138897,-0.0367,-1,-974,34,27,53,52,1
1774109269,52,47,0,0,0,0,no_volume,0,0,0,0,no_volume,0,0,0,0,low_activity,0,0,0,0,0,0,150461,144134,-0.0215,16,957,34,27,53,52,1
1774109270,52,47,0,0,0,0,no_volume,0,0,0,0,no_volume,0,0,0,0,low_activity,0,0,0,0,0,0,150758,143168,-0.0258,297,-855,34,28,53,52,1
1774109271,52,47,0,0,0,0,no_volume,0,0,0,0,no_volume,0,0,0,0,low_activity,0,0,0,0,0,0,150758,143168,-0.0258,1263,618,34,27,53,52,1
1774109272,52,47,0,0,0,0,no_volume,0,0,0,0,no_volume,0,0,0,0,low_activity,0,0,0,0,0,0,150955,144134,-0.0231,494,815,34,27,53,52,1
1774109273,52,47,0,0,0,0,no_volume,0,0,0,0,no_volume,0,0,0,0,low_activity,0,0,0,0,0,0,150437,144134,-0.0214,-321,-669,34,28,53,52,1
1774109274,52,47,0,0,0,0,low_activity,0,0,0,0,low_activity,0,0,0,0,low_activity,0,0,0,0,0,0,150419,144134,-0.0213,-339,279,34,28,53,52,1
1774109275,52,47,0,0,0,0,low_activity,0,0,0,0,low_activity,0,0,0,0,low_activity,0,0,0,0,0,0,152175,143645,-0.0288,1220,2679,35,28,53,52,1
1774109276,52,47,0,0,0,0,low_activity,0,0,0,0,low_activity,0,0,0,0,low_activity,0,0,0,0,0,0,156820,145133,-0.0387,6383,6375,35,28,53,52,1
1774109277,52,47,0,0,0,0,low_activity,0,0,0,0,low_activity,0,0,0,0,low_activity,0,0,0,0,0,0,155210,144167,-0.0369,4791,4749,36,27,53,52,1
1774109278,52,47,0,0,0,0,low_activity,0,0,0,0,low_activity,0,0,0,0,low_activity,0,0,0,0,0,0,156176,145100,-0.0368,4001,6681,35,30,53,52,1
1774109279,52,47,0,0,0,0,low_activity,0,0,0,0,low_activity,0,0,0,0,low_activity,0,0,0,0,0,0,155811,145133,-0.0355,-1009,5350,35,30,53,52,1
1774109280,52,47,0,0,0,0,low_activity,0,0,0,0,low_activity,0,0,0,0,low_activity,0,0,0,0,0,0,154845,144273,-0.0353,-365,4087,34,30,53,52,1
1774109281,52,47,0,0,0,0,low_activity,0,0,0,0,low_activity,0,0,0,0,low_activity,0,0,0,0,0,0,154634,145272,-0.0312,-1542,3876,34,30,53,52,1
1774109282,52,47,0,0,0,0,low_activity,0,0,0,0,low_activity,0,0,0,0,low_activity,0,0,0,0,0,0,154337,145239,-0.0304,-1474,3382,34,29,53,52,1
1774109283,52,47,0,0,0,0,low_activity,0,0,0,0,low_activity,0,0,0,0,low_activity,0,0,0,0,0,0,153668,144273,-0.0315,-1177,3231,34,29,53,52,1
1774109284,52,47,0,0,0,0,no_volume,0,0,0,0,low_activity,0,0,0,0,low_activity,0,0,0,0,0,0,154284,145239,-0.0302,-350,3865,33,29,53,52,1
1774109285,52,47,0,0,0,0,low_activity,0,0,0,0,low_activity,0,0,0,0,low_activity,0,0,0,0,0,0,154276,129975,-0.0855,-61,2101,34,29,53,52,1
1774109286,52,47,0,0,0,0,low_activity,0,0,0,0,low_activity,0,0,0,0,low_activity,0,0,0,0,0,0,154276,108859,-0.1726,608,-2544,33,27,53,52,1
1774109287,52,47,0,0,0,0,low_activity,0,0,0,0,low_activity,0,0,0,0,low_activity,0,0,0,0,0,0,154829,124825,-0.1073,545,-381,34,29,53,52,1
1774109288,52,47,0,0,0,0,no_volume,0,0,0,0,low_activity,0,0,0,0,low_activity,0,0,0,0,0,0,153863,124825,-0.1042,-413,-2313,34,29,53,52,1
1774109289,52,47,0,0,0,0,no_volume,0,0,0,0,low_activity,0,0,0,0,low_activity,0,0,0,0,0,0,153135,121726,-0.1143,-1141,-2676,34,27,53,52,1
1774109290,52,47,0,0,0,0,low_activity,0,0,0,0,low_activity,0,0,0,0,low_activity,0,0,0,0,0,0,154449,124825,-0.1061,-380,-396,34,30,53,52,1
1774109291,52,47,0,0,0,0,low_activity,0,0,0,0,low_activity,0,0,0,0,low_activity,0,0,0,0,0,0,154449,123337,-0.112,586,-185,34,28,53,52,1
1774109292,52,47,0,0,0,0,low_activity,0,0,0,0,low_activity,0,0,0,0,low_activity,0,0,0,0,0,0,153483,124825,-0.103,348,-854,33,30,53,52,1
1774109293,52,47,0,0,0,0,no_volume,0,0,0,0,low_activity,0,0,0,0,low_activity,0,0,0,0,0,0,154449,123658,-0.1107,0,781,33,28,53,52,1
1774109294,52,47,0,0,0,0,no_volume,0,0,0,0,low_activity,0,0,0,0,low_activity,0,0,0,0,0,0,154449,110791,-0.1646,0,165,33,29,53,52,1
1774109295,52,47,0,0,0,0,no_volume,0,0,0,0,no_volume,0,0,0,0,low_activity,0,0,0,0,0,0,154449,124825,-0.1061,966,173,34,27,53,52,1
1774109296,52,47,0,0,0,0,no_volume,0,0,0,0,no_volume,0,0,0,0,low_activity,0,0,0,0,0,0,135879,124825,-0.0424,-18570,-18397,32,29,53,52,1
1774109297,52,47,0,0,0,0,no_volume,0,0,0,0,no_volume,0,0,0,0,low_activity,0,0,0,0,0,0,153040,108337,-0.171,-1409,-1789,34,28,53,52,1
1774109298,52,47,0,0,0,0,no_volume,0,0,0,0,no_volume,0,0,0,0,low_activity,0,0,0,0,0,0,153040,95825,-0.2299,-1409,-823,34,27,53,52,1
1774109299,52,47,0,0,0,0,no_volume,0,0,0,0,no_volume,0,0,0,0,low_activity,0,0,0,0,0,0,155506,124825,-0.1094,19627,2371,34,29,53,52,1
1774109300,52,47,0,0,0,0,no_volume,0,0,0,0,no_volume,0,0,0,0,low_activity,0,0,0,0,0,0,155506,124825,-0.1094,2466,1057,34,29,53,52,1
1774109301,52,47,0,0,0,0,low_activity,0,0,0,0,low_activity,0,0,0,0,low_activity,0,0,0,0,0,0,154841,124825,-0.1073,1801,392,35,28,53,52,1
1774109302,52,47,0,0,0,0,low_activity,0,0,0,0,low_activity,0,0,0,0,low_activity,0,0,0,0,0,0,153525,124825,-0.1031,-1981,42,32,28,53,52,1
1774109303,52,47,0,0,0,0,low_activity,0,0,0,0,low_activity,0,0,0,0,low_activity,0,0,0,0,0,0,153525,123337,-0.109,-1981,-924,34,28,53,52,1
1774109304,52,47,0,0,0,0,no_volume,0,0,0,0,low_activity,0,0,0,0,low_activity,0,0,0,0,0,0,153525,109825,-0.1659,-1316,-924,34,28,53,52,1
1774109305,52,47,0,0,0,0,no_volume,0,0,0,0,low_activity,0,0,0,0,low_activity,0,0,0,0,0,0,153525,123859,-0.1069,0,-924,34,29,53,52,1
1774109306,52,47,0,0,0,0,no_volume,0,0,0,0,no_volume,0,0,0,0,low_activity,0,0,0,0,0,0,153553,124825,-0.1032,28,17674,34,28,53,52,1
1774109307,52,47,0,0,0,0,low_activity,0,0,0,0,low_activity,0,0,0,0,low_activity,0,0,0,0,0,0,153362,124825,-0.1026,-163,322,34,29,53,52,1
1774109308,52,47,0,0,0,0,low_activity,0,0,0,0,low_activity,0,0,0,0,low_activity,0,0,0,0,0,0,153362,123859,-0.1064,-163,322,34,28,53,52,1
1774109309,52,47,0,0,0,0,low_activity,0,0,0,0,low_activity,0,0,0,0,low_activity,0,0,0,0,0,0,153851,109828,-0.167,298,-1655,34,29,53,52,1
1774109310,52,47,0,0,0,0,low_activity,0,0,0,0,low_activity,0,0,0,0,low_activity,0,0,0,0,0,0,152891,124828,-0.101,-471,-2615,34,29,53,52,1
1774109311,52,47,0,0,0,0,low_activity,0,0,0,0,low_activity,0,0,0,0,low_activity,0,0,0,0,0,0,152891,124828,-0.101,-471,-1950,34,29,53,52,1
1774109312,52,47,0,0,0,0,low_activity,0,0,0,0,low_activity,0,0,0,0,low_activity,0,0,0,0,0,0,146826,125794,-0.0771,-7025,-6699,34,29,53,52,1
1774109313,52,47,0,0,0,0,low_activity,0,0,0,0,low_activity,0,0,0,0,low_activity,0,0,0,0,0,0,146770,124861,-0.0807,-6121,-6755,33,29,53,52,1
1774109314,52,45,0,0,0,0,low_activity,0,0,0,0,low_activity,0,0,0,0,low_activity,0,0,0,0,0,0,76117,125798,0.246,-76774,-77408,32,27,55,52,3
1774109315,52,46,0,0,0,0,low_activity,0,0,0,0,low_activity,0,0,0,0,low_activity,0,0,0,0,0,0,76227,125831,0.2455,-70599,-77298,33,28,54,52,2
1774109316,52,46,0,0,0,0,low_activity,0,0,0,0,low_activity,0,0,0,0,low_activity,0,0,0,0,0,0,76227,110831,0.185,-70543,-77326,33,26,54,52,2
1774109317,52,46,0,0,0,0,low_activity,0,0,0,0,low_activity,0,0,0,0,low_activity,0,0,0,0,0,0,76235,125831,0.2454,118,-77127,33,27,54,52,2
1774109318,52,46,0,0,0,0,low_activity,0,0,0,0,low_activity,0,0,0,0,low_activity,0,0,0,0,0,0,76342,125831,0.2448,115,-77020,33,27,54,52,2
1774109319,52,46,0,0,0,0,low_activity,0,0,0,0,low_activity,0,0,0,0,low_activity,0,0,0,0,0,0,76092,125841,0.2464,-135,-77759,33,27,54,52,2
1774109320,52,46,0,0,0,0,low_activity,0,0,0,0,low_activity,0,0,0,0,low_activity,0,0,0,0,0,0,76092,125841,0.2464,-143,-76799,33,27,54,52,2
1774109321,52,47,0,0,0,0,low_activity,0,0,0,0,low_activity,0,0,0,0,low_activity,0,0,0,0,0,0,138685,107689,-0.1258,62343,-14206,33,27,53,52,1
1774109322,52,47,0,0,0,0,no_volume,0,0,0,0,low_activity,0,0,0,0,low_activity,0,0,0,0,0,0,145607,121201,-0.0915,69515,-1219,33,26,53,52,1
1774109323,52,47,0,0,0,0,no_volume,0,0,0,0,low_activity,0,0,0,0,low_activity,0,0,0,0,0,0,145607,122689,-0.0854,69515,-1163,33,28,53,52,1
1774109324,52,47,0,0,0,0,no_volume,0,0,0,0,no_volume,0,0,0,0,low_activity,0,0,0,0,0,0,145903,123942,-0.0814,7218,69786,33,28,53,52,1
1774109325,52,47,0,0,0,0,no_volume,0,0,0,0,no_volume,0,0,0,0,low_activity,0,0,0,0,0,0,146865,124804,-0.0812,1258,70638,33,28,53,52,1
1774109326,52,47,0,0,0,0,no_volume,0,0,0,0,no_volume,0,0,0,0,low_activity,0,0,0,0,0,0,152868,108551,-0.1695,7261,76641,33,26,53,52,1
1774109327,52,47,0,0,0,0,no_volume,0,0,0,0,no_volume,0,0,0,0,low_activity,0,0,0,0,0,0,154131,108326,-0.1745,8228,77896,34,28,53,52,1
1774109328,52,47,0,0,0,0,no_volume,0,0,0,0,no_volume,0,0,0,0,low_activity,0,0,0,0,0,0,154131,109814,-0.1679,7266,77789,34,29,53,52,1
1774109329,52,47,0,0,0,0,low_activity,0,0,0,0,low_activity,0,0,0,0,low_activity,0,0,0,0,0,0,146133,108881,-0.1461,-6735,70041,34,28,53,52,1
1774109330,52,47,0,0,0,0,low_activity,0,0,0,0,low_activity,0,0,0,0,low_activity,0,0,0,0,0,0,154128,123359,-0.1109,-3,78036,33,28,53,52,1
1774109331,52,47,0,0,0,0,low_activity,0,0,0,0,low_activity,0,0,0,0,low_activity,0,0,0,0,0,0,156497,124814,-0.1126,2366,17812,33,28,53,52,1
1774109332,52,47,0,0,0,0,low_activity,0,0,0,0,low_activity,0,0,0,0,low_activity,0,0,0,0,0,0,152209,123848,-0.1027,6076,6602,32,29,53,52,1
1774109333,52,47,0,0,0,0,no_volume,0,0,0,0,low_activity,0,0,0,0,low_activity,0,0,0,0,0,0,154997,109814,-0.1706,869,9390,34,28,53,52,1
1774109334,52,47,0,0,0,0,low_activity,0,0,0,0,low_activity,0,0,0,0,low_activity,0,0,0,0,0,0,154977,109814,-0.1706,-1520,9074,34,28,53,52,1
1774109335,52,47,0,0,0,0,low_activity,0,0,0,0,low_activity,0,0,0,0,low_activity,0,0,0,0,0,0,154011,123848,-0.1086,1802,7146,35,28,53,52,1
1774109336,52,47,0,0,0,0,low_activity,0,0,0,0,low_activity,0,0,0,0,low_activity,0,0,0,0,0,0,154977,124814,-0.1078,-20,2109,36,28,53,52,1
1774109337,52,47,0,0,0,0,no_volume,0,0,0,0,low_activity,0,0,0,0,low_activity,0,0,0,0,0,0,146979,124814,-0.0816,-7998,-7152,36,29,53,52,1
1774109338,52,46,0,0,0,0,low_activity,0,0,0,0,low_activity,0,0,0,0,low_activity,0,0,0,0,0,0,73615,125868,0.2619,-80396,-80516,34,27,54,52,2
1774109339,52,46,0,0,0,0,low_activity,0,0,0,0,low_activity,0,0,0,0,low_activity,0,0,0,0,0,0,76348,124380,0.2393,-78629,-69785,34,26,54,52,2
1774109340,52,46,0,0,0,0,low_activity,0,0,0,0,low_activity,0,0,0,0,low_activity,0,0,0,0,0,0,76198,110868,0.1853,-70781,-77930,35,26,54,52,2
1774109341,52,46,0,0,0,0,low_activity,0,0,0,0,low_activity,0,0,0,0,low_activity,0,0,0,0,0,0,70826,125868,0.2798,-2789,-85671,35,26,54,52,2
1774109342,52,46,0,0,0,0,low_activity,0,0,0,0,low_activity,0,0,0,0,low_activity,0,0,0,0,0,0,76191,125866,0.2458,-157,-76018,35,27,54,52,2
1774109343,52,46,0,0,0,0,low_activity,0,0,0,0,low_activity,0,0,0,0,low_activity,0,0,0,0,0,0,73742,125866,0.2611,-2456,-81255,35,27,54,52,2
1774109344,52,46,0,0,0,0,low_activity,0,0,0,0,low_activity,0,0,0,0,low_activity,0,0,0,0,0,0,76258,125866,0.2454,5432,-78719,35,27,54,52,2
1774109345,52,47,0,0,0,0,no_volume,0,0,0,0,low_activity,0,0,0,0,low_activity,0,0,0,0,0,0,104034,127937,0.103,27843,-49977,36,28,53,52,1
1774109346,52,47,0,0,0,0,no_volume,0,0,0,0,low_activity,0,0,0,0,low_activity,0,0,0,0,0,0,144036,122028,-0.0827,70294,-10941,35,28,53,52,1
1774109347,52,47,0,0,0,0,no_volume,0,0,0,0,no_volume,0,0,0,0,low_activity,0,0,0,0,0,0,150634,107028,-0.1692,74376,3655,35,28,53,52,1
1774109348,52,47,0,0,0,0,no_volume,0,0,0,0,no_volume,0,0,0,0,low_activity,0,0,0,0,0,0,154484,109791,-0.1691,50450,80869,35,27,53,52,1
1774109349,52,47,0,0,0,0,low_activity,0,0,0,0,low_activity,0,0,0,0,low_activity,0,0,0,0,0,0,148910,123303,-0.0941,4874,72562,35,27,53,52,1
1774109350,52,47,0,0,0,0,low_activity,0,0,0,0,low_activity,0,0,0,0,low_activity,0,0,0,0,0,0,147647,123825,-0.0878,-2987,71449,35,27,53,52,1
1774109351,52,47,0,0,0,0,low_activity,0,0,0,0,low_activity,0,0,0,0,low_activity,0,0,0,0,0,0,146451,124783,-0.0799,-8033,75625,35,30,53,52,1
1774109352,52,47,0,0,0,0,no_volume,0,0,0,0,low_activity,0,0,0,0,low_activity,0,0,0,0,0,0,146720,123942,-0.0842,-2190,70529,35,30,53,52,1
1774109353,52,47,0,0,0,0,no_volume,0,0,0,0,low_activity,0,0,0,0,low_activity,0,0,0,0,0,0,146720,122337,-0.0906,-927,72978,35,28,53,52,1
1774109354,52,47,0,0,0,0,no_volume,0,0,0,0,no_volume,0,0,0,0,low_activity,0,0,0,0,0,0,149486,123600,-0.0948,3035,73228,35,28,53,52,1
1774109355,52,47,0,0,0,0,low_activity,0,0,0,0,low_activity,0,0,0,0,low_activity,0,0,0,0,0,0,148470,110121,-0.1483,1750,44436,35,29,53,52,1
1774109356,52,47,0,0,0,0,low_activity,0,0,0,0,low_activity,0,0,0,0,low_activity,0,0,0,0,0,0,148470,123825,-0.0905,1750,4434,35,28,53,52,1
1774109357,52,47,0,0,0,0,low_activity,0,0,0,0,low_activity,0,0,0,0,low_activity,0,0,0,0,0,0,150579,124791,-0.0936,1093,-55,34,30,53,52,1
1774109358,52,47,0,0,0,0,no_volume,0,0,0,0,low_activity,0,0,0,0,low_activity,0,0,0,0,0,0,149114,109791,-0.1519,644,-5370,34,29,53,52,1
1774109359,52,47,0,0,0,0,no_volume,0,0,0,0,low_activity,0,0,0,0,low_activity,0,0,0,0,0,0,150614,124791,-0.0938,2144,1704,34,29,53,52,1
1774109360,52,47,0,0,0,0,no_volume,0,0,0,0,no_volume,0,0,0,0,low_activity,0,0,0,0,0,0,149527,124239,-0.0924,-1052,1880,36,29,53,52,1
1774109361,52,47,0,0,0,0,no_volume,0,0,0,0,no_volume,0,0,0,0,low_activity,0,0,0,0,0,0,143789,124805,-0.0707,-5325,-2662,36,29,53,52,1
1774109362,52,47,0,0,0,0,no_volume,0,0,0,0,no_volume,0,0,0,0,low_activity,0,0,0,0,0,0,141645,108839,-0.131,-8969,-5075,37,27,53,52,1
1774109363,52,47,0,0,0,0,no_volume,0,0,0,0,no_volume,0,0,0,0,low_activity,0,0,0,0,0,0,143675,124805,-0.0703,-5852,-3045,37,29,53,52,1
1774109364,52,47,0,0,0,0,low_activity,0,0,0,0,low_activity,0,0,0,0,low_activity,0,0,0,0,0,0,143583,122971,-0.0773,-206,-5903,37,28,53,52,1
1774109365,52,47,0,0,0,0,low_activity,0,0,0,0,low_activity,0,0,0,0,low_activity,0,0,0,0,0,0,143583,139459,-0.0146,1938,-4887,37,29,53,52,1
1774109366,52,47,0,0,0,0,low_activity,0,0,0,0,low_activity,0,0,0,0,low_activity,0,0,0,0,0,0,142617,139459,-0.0112,-1058,-5853,36,29,53,52,1
1774109367,52,47,0,0,0,0,low_activity,0,0,0,0,low_activity,0,0,0,0,low_activity,0,0,0,0,0,0,142731,140450,-0.0081,-852,-7848,37,29,53,52,1
1774109368,52,47,0,0,0,0,low_activity,0,0,0,0,low_activity,0,0,0,0,low_activity,0,0,0,0,0,0,145094,137963,-0.0252,1511,-4020,37,28,53,52,1
1774109369,52,47,0,0,0,0,low_activity,0,0,0,0,low_activity,0,0,0,0,low_activity,0,0,0,0,0,0,144128,138485,-0.02,1511,-6486,36,27,53,52,1
1774109370,52,47,0,0,0,0,low_activity,0,0,0,0,low_activity,0,0,0,0,low_activity,0,0,0,0,0,0,145094,137148,-0.0282,2363,-4433,36,28,53,52,1
1774109371,52,47,0,0,0,0,low_activity,0,0,0,0,low_activity,0,0,0,0,low_activity,0,0,0,0,0,0,145094,140144,-0.0174,0,1305,36,29,53,52,1
1774109372,52,47,0,0,0,0,low_activity,0,0,0,0,low_activity,0,0,0,0,low_activity,0,0,0,0,0,0,145094,139281,-0.0204,966,3449,36,29,53,52,1
1774109373,52,47,0,0,0,0,no_volume,0,0,0,0,low_activity,0,0,0,0,low_activity,0,0,0,0,0,0,145094,139281,-0.0204,0,1419,36,29,53,52,1
1774109374,52,47,0,0,0,0,no_volume,0,0,0,0,low_activity,0,0,0,0,low_activity,0,0,0,0,0,0,129104,136930,0.0294,-15990,-14479,34,29,53,52,1
1774109375,51,48,0,0,0,0,no_volume,0,0,0,0,no_volume,0,0,0,0,low_activity,0,0,0,0,0,0,143806,117341,-0.1013,-1288,223,36,27,52,51,1
1774109376,51,48,0,0,0,0,no_volume,0,0,0,0,no_volume,0,0,0,0,low_activity,0,0,0,0,0,0,142743,116400,-0.1017,-2351,126,36,27,52,51,1
1774109377,51,48,0,0,0,0,no_volume,0,0,0,0,no_volume,0,0,0,0,low_activity,0,0,0,0,0,0,141951,117366,-0.0948,12847,-780,36,27,52,51,1
1774109378,51,48,0,0,0,0,low_activity,0,0,0,0,low_activity,0,0,0,0,low_activity,0,0,0,0,0,0,143445,115838,-0.1065,-361,-1649,36,27,52,51,1
1774109379,51,48,0,0,0,0,low_activity,0,0,0,0,low_activity,0,0,0,0,low_activity,0,0,0,0,0,0,144031,115736,-0.1089,1288,-97,37,25,52,51,1
1774109380,51,48,0,0,0,0,low_activity,0,0,0,0,low_activity,0,0,0,0,low_activity,0,0,0,0,0,0,144997,103190,-0.1684,3046,-97,38,28,52,51,1
1774109381,51,48,0,0,0,0,no_volume,0,0,0,0,low_activity,0,0,0,0,low_activity,0,0,0,0,0,0,144357,118190,-0.0997,912,-737,37,27,52,51,1
1774109382,51,48,0,0,0,0,low_activity,0,0,0,0,low_activity,0,0,0,0,low_activity,0,0,0,0,0,0,144058,117257,-0.1026,27,-1036,36,27,52,51,1
1774109383,51,48,0,0,0,0,low_activity,0,0,0,0,low_activity,0,0,0,0,low_activity,0,0,0,0,0,0,145024,118223,-0.1018,27,-70,37,28,52,51,1
1774109384,51,48,0,0,0,0,low_activity,0,0,0,0,low_activity,0,0,0,0,low_activity,0,0,0,0,0,0,145024,118190,-0.1019,667,15920,37,28,52,51,1
1774109385,51,48,0,0,0,0,low_activity,0,0,0,0,low_activity,0,0,0,0,low_activity,0,0,0,0,0,0,144053,118223,-0.0985,-5,247,37,28,52,51,1
1774109386,51,48,0,0,0,0,low_activity,0,0,0,0,low_activity,0,0,0,0,low_activity,0,0,0,0,0,0,145371,119189,-0.099,347,2628,38,28,52,51,1
1774109387,51,48,0,0,0,0,low_activity,0,0,0,0,low_activity,0,0,0,0,low_activity,0,0,0,0,0,0,145074,116735,-0.1082,50,3123,38,27,52,51,1
1774109388,51,47,0,0,0,0,low_activity,0,0,0,0,low_activity,0,0,0,0,low_activity,0,0,0,0,0,0,153118,117257,-0.1326,9065,9673,36,25,53,51,2
1774109389,51,47,0,0,0,0,low_activity,0,0,0,0,low_activity,0,0,0,0,low_activity,0,0,0,0,0,0,139952,66175,-0.3579,-5419,-4079,35,26,53,51,2
1774109390,51,48,0,0,0,0,low_activity,0,0,0,0,low_activity,0,0,0,0,low_activity,0,0,0,0,0,0,147061,66582,-0.3767,1987,2064,36,26,52,51,1
1774109391,51,48,0,0,0,0,no_volume,0,0,0,0,low_activity,0,0,0,0,low_activity,0,0,0,0,0,0,147381,104024,-0.1725,-5737,3024,35,27,52,51,1
1774109392,51,48,0,0,0,0,no_volume,0,0,0,0,low_activity,0,0,0,0,low_activity,0,0,0,0,0,0,147491,96308,-0.2099,7539,3433,35,27,52,51,1
1774109393,51,48,0,0,0,0,low_activity,0,0,0,0,low_activity,0,0,0,0,low_activity,0,0,0,0,0,0,148334,116630,-0.1197,1273,3310,35,27,52,51,1
1774109394,51,48,0,0,0,0,low_activity,0,0,0,0,low_activity,0,0,0,0,low_activity,0,0,0,0,0,0,150103,119618,-0.113,2722,5079,35,28,52,51,1
1774109395,51,48,0,0,0,0,low_activity,0,0,0,0,low_activity,0,0,0,0,low_activity,0,0,0,0,0,0,151069,120584,-0.1122,3578,7016,36,27,52,51,1
1774109396,51,48,0,0,0,0,no_volume,0,0,0,0,low_activity,0,0,0,0,low_activity,0,0,0,0,0,0,151745,120287,-0.1156,3411,6374,36,28,52,51,1
1774109397,51,48,0,0,0,0,no_volume,0,0,0,0,low_activity,0,0,0,0,low_activity,0,0,0,0,0,0,143670,104618,-0.1573,-6433,-1404,35,26,52,51,1
1774109398,51,48,0,0,0,0,low_activity,0,0,0,0,low_activity,0,0,0,0,low_activity,0,0,0,0,0,0,146540,120584,-0.0972,-4529,-6578,36,28,52,51,1
1774109399,51,48,0,0,0,0,low_activity,0,0,0,0,low_activity,0,0,0,0,low_activity,0,0,0,0,0,0,146243,120584,-0.0962,-5502,6291,36,28,52,51,1
1774109400,51,48,0,0,0,0,low_activity,0,0,0,0,low_activity,0,0,0,0,low_activity,0,0,0,0,0,0,152257,119618,-0.1201,8587,5196,36,27,52,51,1
1774109401,51,48,0,0,0,0,no_volume,0,0,0,0,low_activity,0,0,0,0,low_activity,0,0,0,0,0,0,153545,120584,-0.1202,7005,6164,37,28,52,51,1
1774109402,51,48,0,0,0,0,no_volume,0,0,0,0,low_activity,0,0,0,0,low_activity,0,0,0,0,0,0,153545,120584,-0.1202,7302,6054,37,28,52,51,1
1774109403,51,48,0,0,0,0,low_activity,0,0,0,0,low_activity,0,0,0,0,low_activity,0,0,0,0,0,0,145924,118753,-0.1027,-6333,-2410,36,27,52,51,1
1774109404,51,48,0,0,0,0,low_activity,0,0,0,0,low_activity,0,0,0,0,low_activity,0,0,0,0,0,0,146890,119719,-0.1019,-6655,-3213,36,28,52,51,1
1774109405,51,48,0,0,0,0,low_activity,0,0,0,0,low_activity,0,0,0,0,low_activity,0,0,0,0,0,0,147657,118219,-0.1107,-5888,-3412,36,29,52,51,1
1774109406,51,48,0,0,0,0,low_activity,0,0,0,0,low_activity,0,0,0,0,low_activity,0,0,0,0,0,0,146691,117253,-0.1115,767,-5054,35,27,52,51,1
1774109407,51,48,0,0,0,0,no_volume,0,0,0,0,low_activity,0,0,0,0,low_activity,0,0,0,0,0,0,148800,103219,-0.1809,1910,5130,34,28,52,51,1
1774109408,51,48,0,0,0,0,no_volume,0,0,0,0,low_activity,0,0,0,0,low_activity,0,0,0,0,0,0,147335,118219,-0.1096,-322,795,35,28,52,51,1
1774109409,51,48,0,0,0,0,low_activity,0,0,0,0,low_activity,0,0,0,0,low_activity,0,0,0,0,0,0,146365,115120,-0.1195,-326,122,35,26,52,51,1
1774109410,51,48,0,0,0,0,low_activity,0,0,0,0,low_activity,0,0,0,0,low_activity,0,0,0,0,0,0,146271,118219,-0.1061,-2529,-5986,35,29,52,51,1
1774109411,51,48,0,0,0,0,low_activity,0,0,0,0,low_activity,0,0,0,0,low_activity,0,0,0,0,0,0,146293,118219,-0.1061,-1042,-7252,35,28,52,51,1
1774109412,51,48,0,0,0,0,no_volume,0,0,0,0,low_activity,0,0,0,0,low_activity,0,0,0,0,0,0,145406,119106,-0.0994,-959,-8139,35,29,52,51,1
1774109413,51,48,0,0,0,0,no_volume,0,0,0,0,low_activity,0,0,0,0,low_activity,0,0,0,0,0,0,145817,118219,-0.1045,-454,-107,36,28,52,51,1
1774109414,51,48,0,0,0,0,no_volume,0,0,0,0,no_volume,0,0,0,0,low_activity,0,0,0,0,0,0,147109,119152,-0.105,816,219,36,29,52,51,1
1774109415,51,48,0,0,0,0,no_volume,0,0,0,0,no_volume,0,0,0,0,low_activity,0,0,0,0,0,0,147109,119152,-0.105,1703,-548,36,29,52,51,1
1774109416,51,48,0,0,0,0,low_activity,0,0,0,0,low_activity,0,0,0,0,low_activity,0,0,0,0,0,0,144501,117220,-0.1042,-1316,-2190,35,27,52,51,1
1774109417,51,48,0,0,0,0,low_activity,0,0,0,0,low_activity,0,0,0,0,low_activity,0,0,0,0,0,0,144501,117220,-0.1042,-2608,-4299,35,27,52,51,1
1774109418,51,48,0,0,0,0,low_activity,0,0,0,0,low_activity,0,0,0,0,low_activity,0,0,0,0,0,0,150856,123443,-0.0999,3747,3521,36,29,52,51,1
1774109419,51,48,0,0,0,0,low_activity,0,0,0,0,low_activity,0,0,0,0,low_activity,0,0,0,0,0,0,151099,122477,-0.1046,6598,4734,37,28,52,51,1
1774109420,51,48,0,0,0,0,low_activity,0,0,0,0,low_activity,0,0,0,0,low_activity,0,0,0,0,0,0,151099,123331,-0.1012,6598,4828,37,28,52,51,1
1774109421,51,48,0,0,0,0,low_activity,0,0,0,0,low_activity,0,0,0,0,low_activity,0,0,0,0,0,0,159206,124208,-0.1235,8350,12913,37,29,52,51,1
1774109422,51,48,0,0,0,0,low_activity,0,0,0,0,low_activity,0,0,0,0,low_activity,0,0,0,0,0,0,159206,124208,-0.1235,8107,13800,37,29,52,51,1
1774109423,51,48,0,0,0,0,low_activity,0,0,0,0,low_activity,0,0,0,0,low_activity,0,0,0,0,0,0,158240,124742,-0.1184,7141,12423,36,28,52,51,1
1774109424,51,48,0,0,0,0,low_activity,0,0,0,0,low_activity,0,0,0,0,low_activity,0,0,0,0,0,0,159205,125708,-0.1176,-1,12096,36,29,52,51,1
1774109425,51,48,0,0,0,0,low_activity,0,0,0,0,low_activity,0,0,0,0,low_activity,0,0,0,0,0,0,159205,125708,-0.1176,-1,12096,36,29,52,51,1
1774109426,51,48,0,0,0,0,low_activity,0,0,0,0,low_activity,0,0,0,0,low_activity,0,0,0,0,0,0,159205,125708,-0.1176,965,14704,36,29,52,51,1
1774109427,51,48,0,0,0,0,no_volume,0,0,0,0,low_activity,0,0,0,0,low_activity,0,0,0,0,0,0,160348,120381,-0.1424,1143,15847,34,30,52,51,1
1774109428,51,48,0,0,0,0,no_volume,0,0,0,0,low_activity,0,0,0,0,low_activity,0,0,0,0,0,0,158883,120381,-0.1379,-322,8027,35,30,52,51,1
1774109429,51,48,0,0,0,0,no_volume,0,0,0,0,no_volume,0,0,0,0,low_activity,0,0,0,0,0,0,157917,123084,-0.124,-1288,6818,35,29,52,51,1
1774109430,51,48,0,0,0,0,no_volume,0,0,0,0,no_volume,0,0,0,0,low_activity,0,0,0,0,0,0,157917,123084,-0.124,-2431,6818,35,29,52,51,1
1774109431,51,48,0,0,0,0,no_volume,0,0,0,0,no_volume,0,0,0,0,low_activity,0,0,0,0,0,0,157917,123084,-0.124,-966,-1289,35,29,52,51,1
1774109432,51,48,0,0,0,0,no_volume,0,0,0,0,no_volume,0,0,0,0,low_activity,0,0,0,0,0,0,159205,118881,-0.145,1288,-1,36,30,52,51,1
1774109433,51,48,0,0,0,0,no_volume,0,0,0,0,no_volume,0,0,0,0,low_activity,0,0,0,0,0,0,160349,118881,-0.1485,2432,2109,36,30,52,51,1
1774109434,51,48,0,0,0,0,no_volume,0,0,0,0,no_volume,0,0,0,0,low_activity,0,0,0,0,0,0,159531,118881,-0.146,1614,326,35,30,52,51,1
1774109435,51,48,0,0,0,0,no_volume,0,0,0,0,no_volume,0,0,0,0,low_activity,0,0,0,0,0,0,159531,120381,-0.1399,326,326,37,29,52,51,1
1774109436,51,48,0,0,0,0,no_volume,0,0,0,0,no_volume,0,0,0,0,low_activity,0,0,0,0,0,0,160573,120381,-0.1431,224,1368,37,29,52,51,1
1774109437,51,48,0,0,0,0,no_volume,0,0,0,0,no_volume,0,0,0,0,low_activity,0,0,0,0,0,0,158959,119415,-0.1421,-572,-1389,36,28,52,51,1
1774109438,51,48,0,0,0,0,no_volume,0,0,0,0,no_volume,0,0,0,0,low_activity,0,0,0,0,0,0,160247,120381,-0.1421,716,1364,37,28,52,51,1
1774109439,51,48,0,0,0,0,no_volume,0,0,0,0,no_volume,0,0,0,0,low_activity,0,0,0,0,0,0,160247,120381,-0.1421,-326,2330,37,28,52,51,1
1774109440,51,48,0,0,0,0,low_activity,0,0,0,0,low_activity,0,0,0,0,low_activity,0,0,0,0,0,0,160238,120381,-0.142,1279,2321,37,28,52,51,1
1774109441,51,46,0,0,0,0,low_activity,0,0,0,0,low_activity,0,0,0,0,low_activity,0,0,0,0,0,0,76188,121280,0.2284,-84059,-81729,34,28,54,51,3
1774109442,51,46,0,0,0,0,low_activity,0,0,0,0,low_activity,0,0,0,0,low_activity,0,0,0,0,0,0,75932,121280,0.2299,-84315,-83273,32,28,54,51,3
1774109443,52,46,0,0,0,0,no_volume,0,0,0,0,low_activity,0,0,0,0,low_activity,0,0,0,0,0,0,76476,121280,0.2266,-83762,-83873,35,29,54,52,2
1774109444,52,47,0,0,0,0,no_volume,0,0,0,0,low_activity,0,0,0,0,low_activity,0,0,0,0,0,0,76451,121286,0.2267,263,-83080,37,29,53,52,1
1774109445,52,47,0,0,0,0,low_activity,0,0,0,0,low_activity,0,0,0,0,low_activity,0,0,0,0,0,0,76331,121286,0.2275,399,-83200,36,29,53,52,1
1774109446,52,47,0,0,0,0,low_activity,0,0,0,0,low_activity,0,0,0,0,low_activity,0,0,0,0,0,0,76331,121286,0.2275,-145,-84242,36,29,53,52,1
1774109447,52,47,0,0,0,0,low_activity,0,0,0,0,low_activity,0,0,0,0,low_activity,0,0,0,0,0,0,76331,121286,0.2275,-120,-82628,36,29,53,52,1
1774109448,52,47,0,0,0,0,no_volume,0,0,0,0,low_activity,0,0,0,0,low_activity,0,0,0,0,0,0,76331,121286,0.2275,0,-83916,36,29,53,52,1
1774109449,52,47,0,0,0,0,no_volume,0,0,0,0,low_activity,0,0,0,0,low_activity,0,0,0,0,0,0,76331,127423,0.2508,0,-83916,36,29,53,52,1
1774109450,52,46,0,0,0,0,no_volume,0,0,0,0,no_volume,0,0,0,0,low_activity,0,0,0,0,0,0,76361,127423,0.2506,30,-83877,35,29,54,52,2
1774109451,52,46,0,0,0,0,no_volume,0,0,0,0,no_volume,0,0,0,0,low_activity,0,0,0,0,0,0,76391,127423,0.2504,60,203,35,29,54,52,2
1774109452,52,46,0,0,0,0,no_volume,0,0,0,0,no_volume,0,0,0,0,low_activity,0,0,0,0,0,0,74594,127423,0.2615,-1737,-1338,34,29,54,52,2
1774109453,52,46,0,0,0,0,no_volume,0,0,0,0,no_volume,0,0,0,0,low_activity,0,0,0,0,0,0,69316,127423,0.2954,-7045,-7160,34,29,54,52,2
1774109454,52,47,0,0,0,0,low_activity,0,0,0,0,low_activity,0,0,0,0,low_activity,0,0,0,0,0,0,76156,127423,0.2518,-235,-295,35,29,53,52,1
1774109455,52,47,0,0,0,0,low_activity,0,0,0,0,low_activity,0,0,0,0,low_activity,0,0,0,0,0,0,76102,127423,0.2522,1508,-229,35,28,53,52,1
1774109456,52,47,0,0,0,0,low_activity,0,0,0,0,low_activity,0,0,0,0,low_activity,0,0,0,0,0,0,75666,127423,0.2548,6350,-665,35,28,53,52,1
1774109457,52,47,0,0,0,0,low_activity,0,0,0,0,low_activity,0,0,0,0,low_activity,0,0,0,0,0,0,76419,127423,0.2502,263,88,34,28,53,52,1
1774109458,52,47,0,0,0,0,low_activity,0,0,0,0,low_activity,0,0,0,0,low_activity,0,0,0,0,0,0,76418,127423,0.2502,316,87,34,28,53,52,1
1774109459,53,46,0,0,0,0,no_volume,0,0,0,0,low_activity,0,0,0,0,low_activity,0,0,0,0,0,0,75859,133708,0.276,193,-472,34,28,54,53,1
1774109460,53,45,0,0,0,0,no_volume,0,0,0,0,low_activity,0,0,0,0,low_activity,0,0,0,0,0,0,68234,133758,0.3244,-8185,-8127,33,28,55,53,2
1774109461,52,45,0,0,0,0,low_activity,0,0,0,0,low_activity,0,0,0,0,low_activity,0,0,0,0,0,0,76156,127444,0.2519,-262,-235,34,27,55,52,3
1774109462,52,47,0,0,0,0,low_activity,0,0,0,0,low_activity,0,0,0,0,low_activity,0,0,0,0,0,0,76308,121242,0.2275,449,1714,36,27,53,52,1
1774109463,52,46,0,0,0,0,low_activity,0,0,0,0,low_activity,0,0,0,0,low_activity,0,0,0,0,0,0,76272,121244,0.2277,8038,6956,34,27,54,52,2
1774109464,52,46,0,0,0,0,no_volume,0,0,0,0,low_activity,0,0,0,0,low_activity,0,0,0,0,0,0,76130,121244,0.2286,-26,-26,34,27,54,52,2
1774109465,52,46,0,0,0,0,no_volume,0,0,0,0,low_activity,0,0,0,0,low_activity,0,0,0,0,0,0,76084,121244,0.2289,-224,-18,33,27,54,52,2
1774109466,51,47,0,0,0,0,low_activity,0,0,0,0,low_activity,0,0,0,0,low_activity,0,0,0,0,0,0,106923,101209,-0.0275,30651,31257,35,26,53,51,2
1774109467,51,48,0,0,0,0,low_activity,0,0,0,0,low_activity,0,0,0,0,low_activity,0,0,0,0,0,0,138585,114302,-0.096,62455,62166,35,26,52,51,1
1774109468,51,48,0,0,0,0,low_activity,0,0,0,0,low_activity,0,0,0,0,low_activity,0,0,0,0,0,0,163584,122054,-0.1454,87500,87166,35,26,52,51,1
1774109469,51,48,0,0,0,0,no_volume,0,0,0,0,low_activity,0,0,0,0,low_activity,0,0,0,0,0,0,165084,123554,-0.1439,58161,89225,35,26,52,51,1
1774109470,51,48,0,0,0,0,no_volume,0,0,0,0,low_activity,0,0,0,0,low_activity,0,0,0,0,0,0,165084,123554,-0.1439,26499,96850,35,26,52,51,1
1774109471,51,48,0,0,0,0,no_volume,0,0,0,0,no_volume,0,0,0,0,low_activity,0,0,0,0,0,0,166227,123554,-0.1473,2643,90071,34,26,52,51,1
1774109472,51,48,0,0,0,0,no_volume,0,0,0,0,no_volume,0,0,0,0,low_activity,0,0,0,0,0,0,164734,123554,-0.1428,-350,88426,35,26,52,51,1
1774109473,51,48,0,0,0,0,no_volume,0,0,0,0,no_volume,0,0,0,0,low_activity,0,0,0,0,0,0,170377,123554,-0.1593,5293,94105,35,26,52,51,1
1774109474,51,48,0,0,0,0,no_volume,0,0,0,0,no_volume,0,0,0,0,low_activity,0,0,0,0,0,0,170377,122054,-0.1652,4150,94247,35,26,52,51,1
1774109475,51,48,0,0,0,0,no_volume,0,0,0,0,no_volume,0,0,0,0,low_activity,0,0,0,0,0,0,171227,128116,-0.144,6493,95143,35,27,52,51,1
1774109476,51,48,0,0,0,0,no_volume,0,0,0,0,no_volume,0,0,0,0,low_activity,0,0,0,0,0,0,171549,128966,-0.1417,1172,64626,35,27,52,51,1
1774109477,51,48,0,0,0,0,no_volume,0,0,0,0,no_volume,0,0,0,0,low_activity,0,0,0,0,0,0,173756,128966,-0.148,3379,35171,35,27,52,51,1
1774109478,51,48,0,0,0,0,no_volume,0,0,0,0,no_volume,0,0,0,0,low_activity,0,0,0,0,0,0,171199,128966,-0.1407,-28,7615,35,27,52,51,1
1774109479,51,48,0,0,0,0,no_volume,0,0,0,0,no_volume,0,0,0,0,low_activity,0,0,0,0,0,0,171199,128966,-0.1407,-350,6115,35,27,52,51,1
1774109480,51,48,0,0,0,0,no_volume,0,0,0,0,no_volume,0,0,0,0,low_activity,0,0,0,0,0,0,171199,128966,-0.1407,-2557,6115,35,27,52,51,1
1774109481,51,48,0,0,0,0,no_volume,0,0,0,0,no_volume,0,0,0,0,low_activity,0,0,0,0,0,0,171199,128966,-0.1407,0,4972,35,27,52,51,1
1774109482,51,48,0,0,0,0,no_volume,0,0,0,0,no_volume,0,0,0,0,low_activity,0,0,0,0,0,0,171199,128966,-0.1407,0,6465,35,27,52,51,1
1774109483,51,48,0,0,0,0,low_activity,0,0,0,0,low_activity,0,0,0,0,low_activity,0,0,0,0,0,0,98318,128157,0.1318,-72881,-72059,34,27,52,51,1
1774109484,51,46,0,0,0,0,low_activity,0,0,0,0,low_activity,0,0,0,0,low_activity,0,0,0,0,0,0,75833,128157,0.2565,-95366,-94544,32,27,54,51,3
1774109485,51,46,0,0,0,0,low_activity,0,0,0,0,low_activity,0,0,0,0,low_activity,0,0,0,0,0,0,76015,127924,0.2545,-95184,-95212,32,27,54,51,3
1774109486,51,48,0,0,0,0,low_activity,0,0,0,0,low_activity,0,0,0,0,low_activity,0,0,0,0,0,0,128447,129129,0.0026,30129,-43102,33,28,52,51,1
1774109487,51,48,0,0,0,0,low_activity,0,0,0,0,low_activity,0,0,0,0,low_activity,0,0,0,0,0,0,145455,129129,-0.0595,69622,-28301,33,28,52,51,1
1774109488,51,48,0,0,0,0,no_volume,0,0,0,0,low_activity,0,0,0,0,low_activity,0,0,0,0,0,0,145593,129129,-0.0599,69578,-25606,33,28,52,51,1
1774109489,51,48,0,0,0,0,low_activity,0,0,0,0,low_activity,0,0,0,0,low_activity,0,0,0,0,0,0,147345,131595,-0.0565,18898,-23854,35,28,52,51,1
1774109490,51,48,0,0,0,0,low_activity,0,0,0,0,low_activity,0,0,0,0,low_activity,0,0,0,0,0,0,147345,131595,-0.0565,1890,-23854,35,28,52,51,1
1774109491,51,48,0,0,0,0,low_activity,0,0,0,0,low_activity,0,0,0,0,low_activity,0,0,0,0,0,0,147038,129129,-0.0648,1445,-24161,35,27,52,51,1
1774109492,51,48,0,0,0,0,low_activity,0,0,0,0,low_activity,0,0,0,0,low_activity,0,0,0,0,0,0,146357,122974,-0.0868,-988,-24842,34,28,52,51,1
1774109493,51,48,0,0,0,0,low_activity,0,0,0,0,low_activity,0,0,0,0,low_activity,0,0,0,0,0,0,146349,121486,-0.0928,-996,48031,34,28,52,51,1
1774109494,51,48,0,0,0,0,no_volume,0,0,0,0,low_activity,0,0,0,0,low_activity,0,0,0,0,0,0,124853,122245,-0.0106,-22185,49020,32,27,52,51,1
1774109495,51,47,0,0,0,0,no_volume,0,0,0,0,low_activity,0,0,0,0,low_activity,0,0,0,0,0,0,73654,125322,0.2597,-72703,-2361,33,27,53,51,2
1774109496,51,47,0,0,0,0,no_volume,0,0,0,0,no_volume,0,0,0,0,low_activity,0,0,0,0,0,0,73804,125298,0.2586,-72545,-54643,33,27,53,51,2
1774109497,51,47,0,0,0,0,no_volume,0,0,0,0,no_volume,0,0,0,0,low_activity,0,0,0,0,0,0,73654,125298,0.2596,-51199,-71801,33,27,53,51,2
1774109498,51,46,0,0,0,0,no_volume,0,0,0,0,no_volume,0,0,0,0,low_activity,0,0,0,0,0,0,73680,123827,0.2539,26,-71913,32,26,54,51,3
1774109499,52,46,0,0,0,0,no_volume,0,0,0,0,no_volume,0,0,0,0,low_activity,0,0,0,0,0,0,73680,125348,0.2596,-124,-73665,31,27,54,52,2
1774109500,52,46,0,0,0,0,low_activity,0,0,0,0,low_activity,0,0,0,0,low_activity,0,0,0,0,0,0,73868,131520,0.2807,214,-73477,32,26,54,52,2
1774109501,52,46,0,0,0,0,low_activity,0,0,0,0,low_activity,0,0,0,0,low_activity,0,0,0,0,0,0,73843,131520,0.2809,163,-73195,32,26,54,52,2
1774109502,52,47,0,0,0,0,low_activity,0,0,0,0,low_activity,0,0,0,0,low_activity,0,0,0,0,0,0,74862,133020,0.2798,1182,-71495,33,26,53,52,1
1774109503,52,47,0,0,0,0,no_volume,0,0,0,0,low_activity,0,0,0,0,low_activity,0,0,0,0,0,0,74878,133042,0.2797,1010,-71471,33,26,53,52,1
1774109504,52,47,0,0,0,0,low_activity,0,0,0,0,low_activity,0,0,0,0,low_activity,0,0,0,0,0,0,73768,131563,0.2815,-75,-51085,31,28,53,52,1
1774109505,53,46,0,0,0,0,low_activity,0,0,0,0,low_activity,0,0,0,0,low_activity,0,0,0,0,0,0,73475,131556,0.2833,-1387,-179,31,29,54,53,1
1774109506,52,45,0,0,0,0,low_activity,0,0,0,0,low_activity,0,0,0,0,low_activity,0,0,0,0,0,0,73643,131552,0.2822,-1235,-161,31,28,55,52,3
1774109507,52,47,0,0,0,0,no_volume,0,0,0,0,low_activity,0,0,0,0,low_activity,0,0,0,0,0,0,73726,130064,0.2765,-42,72,33,28,53,52,1
1774109508,52,47,0,0,0,0,no_volume,0,0,0,0,low_activity,0,0,0,0,low_activity,0,0,0,0,0,0,73484,131552,0.2832,9,-196,32,29,53,52,1
1774109509,52,47,0,0,0,0,no_volume,0,0,0,0,no_volume,0,0,0,0,low_activity,0,0,0,0,0,0,131819,135135,0.0124,58176,58139,31,29,53,52,1
1774109510,52,47,0,0,0,0,no_volume,0,0,0,0,no_volume,0,0,0,0,low_activity,0,0,0,0,0,0,139362,133635,-0.021,65636,65494,31,29,53,52,1
1774109511,52,47,0,0,0,0,low_activity,0,0,0,0,low_activity,0,0,0,0,low_activity,0,0,0,0,0,0,140172,135135,-0.0183,66688,66329,31,29,53,52,1
1774109512,52,47,0,0,0,0,low_activity,0,0,0,0,low_activity,0,0,0,0,low_activity,0,0,0,0,0,0,141075,128912,-0.0451,9256,66213,34,28,53,52,1
1774109513,52,47,0,0,0,0,low_activity,0,0,0,0,low_activity,0,0,0,0,low_activity,0,0,0,0,0,0,148166,119945,-0.1053,8804,73288,34,27,53,52,1
1774109514,51,48,0,0,0,0,low_activity,0,0,0,0,low_activity,0,0,0,0,low_activity,0,0,0,0,0,0,146903,119893,-0.1012,6731,73135,35,25,52,51,1
1774109515,51,48,0,0,0,0,low_activity,0,0,0,0,low_activity,0,0,0,0,low_activity,0,0,0,0,0,0,159257,121189,-0.1357,18182,85782,36,26,52,51,1
1774109516,51,48,0,0,0,0,low_activity,0,0,0,0,low_activity,0,0,0,0,low_activity,0,0,0,0,0,0,160110,121189,-0.1384,11944,86467,36,26,52,51,1
1774109517,51,48,0,0,0,0,low_activity,0,0,0,0,low_activity,0,0,0,0,low_activity,0,0,0,0,0,0,160110,122008,-0.1351,13207,86384,36,26,52,51,1
1774109518,51,48,0,0,0,0,low_activity,0,0,0,0,low_activity,0,0,0,0,low_activity,0,0,0,0,0,0,159738,122974,-0.13,481,86254,36,26,52,51,1
1774109519,51,48,0,0,0,0,low_activity,0,0,0,0,low_activity,0,0,0,0,low_activity,0,0,0,0,0,0,159645,122986,-0.1297,-465,27826,36,27,52,51,1
1774109520,51,48,0,0,0,0,low_activity,0,0,0,0,low_activity,0,0,0,0,low_activity,0,0,0,0,0,0,158581,122974,-0.1265,-1529,19219,36,27,52,51,1
1774109521,51,48,0,0,0,0,low_activity,0,0,0,0,low_activity,0,0,0,0,low_activity,0,0,0,0,0,0,157715,122008,-0.1277,-2023,17543,35,26,52,51,1
1774109522,51,48,0,0,0,0,no_volume,0,0,0,0,low_activity,0,0,0,0,low_activity,0,0,0,0,0,0,157715,122008,-0.1277,-1930,16640,35,26,52,51,1
1774109523,51,48,0,0,0,0,no_volume,0,0,0,0,low_activity,0,0,0,0,low_activity,0,0,0,0,0,0,158681,122974,-0.1268,100,10515,35,28,52,51,1
1774109524,51,48,0,0,0,0,low_activity,0,0,0,0,low_activity,0,0,0,0,low_activity,0,0,0,0,0,0,157577,120578,-0.133,-138,10674,33,27,52,51,1
1774109525,51,48,0,0,0,0,low_activity,0,0,0,0,low_activity,0,0,0,0,low_activity,0,0,0,0,0,0,156112,122033,-0.1225,-1603,-3145,34,28,52,51,1
1774109526,51,48,0,0,0,0,low_activity,0,0,0,0,low_activity,0,0,0,0,low_activity,0,0,0,0,0,0,156845,122999,-0.1209,-1836,-3265,34,29,52,51,1
1774109527,51,48,0,0,0,0,low_activity,0,0,0,0,low_activity,0,0,0,0,low_activity,0,0,0,0,0,0,156845,123056,-0.1207,-732,-3265,34,29,52,51,1
1774109528,51,48,0,0,0,0,low_activity,0,0,0,0,low_activity,0,0,0,0,low_activity,0,0,0,0,0,0,156842,123056,-0.1207,730,-2896,34,29,52,51,1
1774109529,51,48,0,0,0,0,low_activity,0,0,0,0,low_activity,0,0,0,0,low_activity,0,0,0,0,0,0,156814,122090,-0.1245,-31,-2831,34,28,52,51,1
1774109530,51,48,0,0,0,0,low_activity,0,0,0,0,low_activity,0,0,0,0,low_activity,0,0,0,0,0,0,156792,121568,-0.1265,-53,-1789,34,28,52,51,1
1774109531,51,48,0,0,0,0,low_activity,0,0,0,0,low_activity,0,0,0,0,low_activity,0,0,0,0,0,0,156725,122090,-0.1242,-117,-990,34,27,52,51,1
1774109532,51,48,0,0,0,0,low_activity,0,0,0,0,low_activity,0,0,0,0,low_activity,0,0,0,0,0,0,156725,122090,-0.1242,-89,-990,34,27,52,51,1
1774109533,51,48,0,0,0,0,low_activity,0,0,0,0,low_activity,0,0,0,0,low_activity,0,0,0,0,0,0,156402,123056,-0.1193,-390,-2279,34,28,52,51,1
1774109534,51,48,0,0,0,0,low_activity,0,0,0,0,low_activity,0,0,0,0,low_activity,0,0,0,0,0,0,156402,123056,-0.1193,-323,-1175,34,28,52,51,1
1774109535,51,48,0,0,0,0,low_activity,0,0,0,0,low_activity,0,0,0,0,low_activity,0,0,0,0,0,0,156402,124556,-0.1133,-323,290,34,28,52,51,1
1774109536,51,48,0,0,0,0,no_volume,0,0,0,0,low_activity,0,0,0,0,low_activity,0,0,0,0,0,0,156402,124556,-0.1133,0,-443,34,28,52,51,1
1774109537,51,48,0,0,0,0,no_volume,0,0,0,0,low_activity,0,0,0,0,low_activity,0,0,0,0,0,0,156402,124556,-0.1133,0,-443,34,28,52,51,1
1774109538,51,48,0,0,0,0,no_volume,0,0,0,0,no_volume,0,0,0,0,low_activity,0,0,0,0,0,0,156402,123365,-0.1181,0,-440,34,27,52,51,1
1774109539,51,48,0,0,0,0,low_activity,0,0,0,0,low_activity,0,0,0,0,low_activity,0,0,0,0,0,0,148379,123386,-0.092,-8023,-8435,34,28,52,51,1
1774109540,51,48,0,0,0,0,low_activity,0,0,0,0,low_activity,0,0,0,0,low_activity,0,0,0,0,0,0,148379,123386,-0.092,-8023,-8413,34,28,52,51,1
1774109541,51,48,0,0,0,0,low_activity,0,0,0,0,low_activity,0,0,0,0,low_activity,0,0,0,0,0,0,148368,124319,-0.0882,-8034,-8357,34,29,52,51,1
1774109542,51,48,0,0,0,0,low_activity,0,0,0,0,low_activity,0,0,0,0,low_activity,0,0,0,0,0,0,148350,124319,-0.0881,-29,-8375,34,29,52,51,1
1774109543,51,48,0,0,0,0,low_activity,0,0,0,0,low_activity,0,0,0,0,low_activity,0,0,0,0,0,0,148350,124319,-0.0881,-29,-8052,34,29,52,51,1
1774109544,51,48,0,0,0,0,low_activity,0,0,0,0,low_activity,0,0,0,0,low_activity,0,0,0,0,0,0,148350,124556,-0.0872,-18,-8052,34,28,52,51,1
1774109545,51,48,0,0,0,0,low_activity,0,0,0,0,low_activity,0,0,0,0,low_activity,0,0,0,0,0,0,149383,121568,-0.1027,1033,-7019,34,27,52,51,1
1774109546,51,48,0,0,0,0,low_activity,0,0,0,0,low_activity,0,0,0,0,low_activity,0,0,0,0,0,0,149383,122090,-0.1005,1033,-7019,34,26,52,51,1
1774109547,51,48,0,0,0,0,low_activity,0,0,0,0,low_activity,0,0,0,0,low_activity,0,0,0,0,0,0,149383,122090,-0.1005,1033,-7019,34,26,52,51,1
1774109548,51,48,0,0,0,0,no_volume,0,0,0,0,low_activity,0,0,0,0,low_activity,0,0,0,0,0,0,149383,122090,-0.1005,0,-7019,34,26,52,51,1
1774109549,51,48,0,0,0,0,no_volume,0,0,0,0,low_activity,0,0,0,0,low_activity,0,0,0,0,0,0,149383,122090,-0.1005,0,1004,34,26,52,51,1
1774109550,51,48,0,0,0,0,low_activity,0,0,0,0,low_activity,0,0,0,0,low_activity,0,0,0,0,0,0,149335,122090,-0.1004,-48,956,34,27,52,51,1
1774109551,51,48,0,0,0,0,low_activity,0,0,0,0,low_activity,0,0,0,0,low_activity,0,0,0,0,0,0,149335,122090,-0.1004,-48,967,34,27,52,51,1
1774109552,51,48,0,0,0,0,low_activity,0,0,0,0,low_activity,0,0,0,0,low_activity,0,0,0,0,0,0,148369,122090,-0.0972,-1014,19,34,27,52,51,1
1774109553,51,48,0,0,0,0,low_activity,0,0,0,0,low_activity,0,0,0,0,low_activity,0,0,0,0,0,0,149283,123056,-0.0963,-52,933,34,28,52,51,1
1774109554,51,48,0,0,0,0,low_activity,0,0,0,0,low_activity,0,0,0,0,low_activity,0,0,0,0,0,0,149283,121568,-0.1023,-52,933,34,28,52,51,1
1774109555,51,48,0,0,0,0,low_activity,0,0,0,0,low_activity,0,0,0,0,low_activity,0,0,0,0,0,0,149283,124556,-0.0903,914,-100,34,29,52,51,1
1774109556,51,48,0,0,0,0,no_volume,0,0,0,0,low_activity,0,0,0,0,low_activity,0,0,0,0,0,0,149283,124556,-0.0903,0,-100,34,29,52,51,1
1774109557,51,48,0,0,0,0,no_volume,0,0,0,0,low_activity,0,0,0,0,low_activity,0,0,0,0,0,0,150249,124556,-0.0935,966,866,35,29,52,51,1
1774109558,51,48,0,0,0,0,low_activity,0,0,0,0,low_activity,0,0,0,0,low_activity,0,0,0,0,0,0,149274,123590,-0.0941,-9,-109,34,28,52,51,1
1774109559,51,48,0,0,0,0,low_activity,0,0,0,0,low_activity,0,0,0,0,low_activity,0,0,0,0,0,0,149274,123590,-0.0941,-9,-109,34,28,52,51,1
1774109560,51,48,0,0,0,0,low_activity,0,0,0,0,low_activity,0,0,0,0,low_activity,0,0,0,0,0,0,150240,123068,-0.0994,-9,905,34,28,52,51,1
1774109561,51,48,0,0,0,0,no_volume,0,0,0,0,low_activity,0,0,0,0,low_activity,0,0,0,0,0,0,150240,124556,-0.0935,966,905,34,28,52,51,1
1774109562,51,48,0,0,0,0,low_activity,0,0,0,0,low_activity,0,0,0,0,low_activity,0,0,0,0,0,0,149273,123590,-0.0941,-1,904,34,27,52,51,1
1774109563,51,48,0,0,0,0,low_activity,0,0,0,0,low_activity,0,0,0,0,low_activity,0,0,0,0,0,0,149270,123590,-0.0941,-970,-13,34,27,52,51,1
1774109564,51,48,0,0,0,0,low_activity,0,0,0,0,low_activity,0,0,0,0,low_activity,0,0,0,0,0,0,149047,123056,-0.0955,-1193,-236,34,28,52,51,1
1774109565,51,48,0,0,0,0,low_activity,0,0,0,0,low_activity,0,0,0,0,low_activity,0,0,0,0,0,0,146676,123056,-0.0876,-2597,-2607,34,28,52,51,1
1774109566,51,48,0,0,0,0,low_activity,0,0,0,0,low_activity,0,0,0,0,low_activity,0,0,0,0,0,0,146676,121568,-0.0936,-2594,-2607,34,28,52,51,1
1774109567,51,48,0,0,0,0,low_activity,0,0,0,0,low_activity,0,0,0,0,low_activity,0,0,0,0,0,0,145710,123056,-0.0843,-3337,-4539,34,28,52,51,1
1774109568,51,48,0,0,0,0,low_activity,0,0,0,0,low_activity,0,0,0,0,low_activity,0,0,0,0,0,0,145710,123053,-0.0843,-966,-3564,34,28,52,51,1
1774109569,51,48,0,0,0,0,low_activity,0,0,0,0,low_activity,0,0,0,0,low_activity,0,0,0,0,0,0,145710,123053,-0.0843,-966,-3564,34,28,52,51,1
1774109570,51,48,0,0,0,0,low_activity,0,0,0,0,low_activity,0,0,0,0,low_activity,0,0,0,0,0,0,144609,122087,-0.0844,-1101,-5631,34,27,52,51,1
1774109571,51,48,0,0,0,0,low_activity,0,0,0,0,low_activity,0,0,0,0,low_activity,0,0,0,0,0,0,145190,123053,-0.0825,-520,-5050,34,29,52,51,1
1774109572,51,48,0,0,0,0,low_activity,0,0,0,0,low_activity,0,0,0,0,low_activity,0,0,0,0,0,0,145190,121565,-0.0886,-520,-4083,34,28,52,51,1
1774109573,51,48,0,0,0,0,low_activity,0,0,0,0,low_activity,0,0,0,0,low_activity,0,0,0,0,0,0,145075,122087,-0.086,466,-4195,34,27,52,51,1
1774109574,51,48,0,0,0,0,low_activity,0,0,0,0,low_activity,0,0,0,0,low_activity,0,0,0,0,0,0,145075,122087,-0.086,-115,-3972,34,27,52,51,1
1774109575,51,48,0,0,0,0,low_activity,0,0,0,0,low_activity,0,0,0,0,low_activity,0,0,0,0,0,0,145075,122087,-0.086,-115,-1601,34,27,52,51,1
1774109576,51,48,0,0,0,0,low_activity,0,0,0,0,low_activity,0,0,0,0,low_activity,0,0,0,0,0,0,145029,122087,-0.0859,-46,-1647,34,27,52,51,1
1774109577,51,48,0,0,0,0,low_activity,0,0,0,0,low_activity,0,0,0,0,low_activity,0,0,0,0,0,0,145029,122087,-0.0859,-46,-681,34,27,52,51,1
1774109578,51,48,0,0,0,0,low_activity,0,0,0,0,low_activity,0,0,0,0,low_activity,0,0,0,0,0,0,146038,120632,-0.0953,963,328,34,27,52,51,1
1774109579,51,48,0,0,0,0,low_activity,0,0,0,0,low_activity,0,0,0,0,low_activity,0,0,0,0,0,0,144216,122087,-0.0831,-813,-1494,34,28,52,51,1
1774109580,51,48,0,0,0,0,low_activity,0,0,0,0,low_activity,0,0,0,0,low_activity,0,0,0,0,0,0,147004,124553,-0.0827,1975,2395,36,28,52,51,1
1774109581,51,48,0,0,0,0,no_volume,0,0,0,0,low_activity,0,0,0,0,low_activity,0,0,0,0,0,0,147004,124553,-0.0827,966,1814,36,28,52,51,1
1774109582,51,48,0,0,0,0,low_activity,0,0,0,0,low_activity,0,0,0,0,low_activity,0,0,0,0,0,0,146029,123620,-0.0831,1813,839,36,27,52,51,1
1774109583,51,48,0,0,0,0,low_activity,0,0,0,0,low_activity,0,0,0,0,low_activity,0,0,0,0,0,0,146029,123620,-0.0831,-975,954,36,27,52,51,1
1774109584,51,48,0,0,0,0,low_activity,0,0,0,0,low_activity,0,0,0,0,low_activity,0,0,0,0,0,0,146995,123053,-0.0887,-9,1920,36,28,52,51,1
1774109585,51,48,0,0,0,0,no_volume,0,0,0,0,low_activity,0,0,0,0,low_activity,0,0,0,0,0,0,146995,123053,-0.0887,966,1920,36,28,52,51,1
1774109586,51,48,0,0,0,0,no_volume,0,0,0,0,low_activity,0,0,0,0,low_activity,0,0,0,0,0,0,146995,123053,-0.0887,966,1966,36,28,52,51,1
1774109587,51,48,0,0,0,0,no_volume,0,0,0,0,no_volume,0,0,0,0,low_activity,0,0,0,0,0,0,146029,120599,-0.0954,-966,1000,35,27,52,51,1
1774109588,51,48,0,0,0,0,low_activity,0,0,0,0,low_activity,0,0,0,0,low_activity,0,0,0,0,0,0,146975,123053,-0.0886,-20,937,34,28,52,51,1
1774109589,51,48,0,0,0,0,low_activity,0,0,0,0,low_activity,0,0,0,0,low_activity,0,0,0,0,0,0,146975,123053,-0.0886,-20,2759,34,28,52,51,1
1774109590,51,48,0,0,0,0,low_activity,0,0,0,0,low_activity,0,0,0,0,low_activity,0,0,0,0,0,0,146975,123053,-0.0886,946,-29,34,28,52,51,1
1774109591,51,48,0,0,0,0,low_activity,0,0,0,0,low_activity,0,0,0,0,low_activity,0,0,0,0,0,0,146974,124019,-0.0847,-1,-30,34,28,52,51,1
1774109592,51,48,0,0,0,0,low_activity,0,0,0,0,low_activity,0,0,0,0,low_activity,0,0,0,0,0,0,146974,124019,-0.0847,-1,945,34,28,52,51,1
1774109593,51,48,0,0,0,0,low_activity,0,0,0,0,low_activity,0,0,0,0,low_activity,0,0,0,0,0,0,146008,120599,-0.0953,-967,-21,35,26,52,51,1
1774109594,51,48,0,0,0,0,low_activity,0,0,0,0,low_activity,0,0,0,0,low_activity,0,0,0,0,0,0,145730,122087,-0.0883,-1244,-1265,35,27,52,51,1
1774109595,51,48,0,0,0,0,low_activity,0,0,0,0,low_activity,0,0,0,0,low_activity,0,0,0,0,0,0,145730,122087,-0.0883,-1244,-1265,35,27,52,51,1
1774109596,51,48,0,0,0,0,low_activity,0,0,0,0,low_activity,0,0,0,0,low_activity,0,0,0,0,0,0,145730,122087,-0.0883,-278,-1265,35,27,52,51,1
1774109597,51,48,0,0,0,0,no_volume,0,0,0,0,low_activity,0,0,0,0,low_activity,0,0,0,0,0,0,145730,122087,-0.0883,0,-299,35,27,52,51,1
1774109598,51,48,0,0,0,0,low_activity,0,0,0,0,low_activity,0,0,0,0,low_activity,0,0,0,0,0,0,155001,121676,-0.1204,9271,8026,35,28,52,51,1
1774109599,51,48,0,0,0,0,low_activity,0,0,0,0,low_activity,0,0,0,0,low_activity,0,0,0,0,0,0,155001,120188,-0.1265,9271,8026,35,27,52,51,1
1774109600,51,48,0,0,0,0,low_activity,0,0,0,0,low_activity,0,0,0,0,low_activity,0,0,0,0,0,0,155001,121676,-0.1204,9271,8026,35,27,52,51,1
1774109601,51,48,0,0,0,0,no_volume,0,0,0,0,low_activity,0,0,0,0,low_activity,0,0,0,0,0,0,155001,121676,-0.1204,0,8027,35,27,52,51,1
1774109602,51,48,0,0,0,0,low_activity,0,0,0,0,low_activity,0,0,0,0,low_activity,0,0,0,0,0,0,155001,122591,-0.1168,0,8027,35,28,52,51,1
1774109603,51,48,0,0,0,0,low_activity,0,0,0,0,low_activity,0,0,0,0,low_activity,0,0,0,0,0,0,155001,122591,-0.1168,0,8993,35,28,52,51,1
1774109604,51,48,0,0,0,0,low_activity,0,0,0,0,low_activity,0,0,0,0,low_activity,0,0,0,0,0,0,154763,123125,-0.1139,-238,9033,35,27,52,51,1
1774109605,51,48,0,0,0,0,low_activity,0,0,0,0,low_activity,0,0,0,0,low_activity,0,0,0,0,0,0,154760,121637,-0.1198,-241,9030,35,27,52,51,1
1774109606,51,48,0,0,0,0,low_activity,0,0,0,0,low_activity,0,0,0,0,low_activity,0,0,0,0,0,0,154760,124091,-0.11,-241,9030,35,28,52,51,1
1774109607,51,48,0,0,0,0,low_activity,0,0,0,0,low_activity,0,0,0,0,low_activity,0,0,0,0,0,0,154760,124091,-0.11,-3,9030,35,28,52,51,1
1774109608,51,48,0,0,0,0,no_volume,0,0,0,0,low_activity,0,0,0,0,low_activity,0,0,0,0,0,0,154760,124091,-0.11,0,-241,35,28,52,51,1
1774109609,51,48,0,0,0,0,no_volume,0,0,0,0,low_activity,0,0,0,0,low_activity,0,0,0,0,0,0,154760,124091,-0.11,0,-241,35,28,52,51,1
1774109610,51,48,0,0,0,0,no_volume,0,0,0,0,no_volume,0,0,0,0,low_activity,0,0,0,0,0,0,154760,124091,-0.11,0,-241,35,28,52,51,1
1774109611,51,48,0,0,0,0,no_volume,0,0,0,0,no_volume,0,0,0,0,low_activity,0,0,0,0,0,0,154760,124091,-0.11,0,-241,35,28,52,51,1
1774109612,51,48,0,0,0,0,low_activity,0,0,0,0,low_activity,0,0,0,0,low_activity,0,0,0,0,0,0,154751,123125,-0.1138,-9,-250,35,28,52,51,1
1774109613,51,48,0,0,0,0,low_activity,0,0,0,0,low_activity,0,0,0,0,low_activity,0,0,0,0,0,0,154751,123125,-0.1138,-9,-250,35,28,52,51,1
1774109614,51,48,0,0,0,0,low_activity,0,0,0,0,low_activity,0,0,0,0,low_activity,0,0,0,0,0,0,154751,120137,-0.1259,-9,-12,35,27,52,51,1
1774109615,51,48,0,0,0,0,no_volume,0,0,0,0,low_activity,0,0,0,0,low_activity,0,0,0,0,0,0,154751,124091,-0.11,0,-9,35,28,52,51,1
1774109616,51,48,0,0,0,0,low_activity,0,0,0,0,low_activity,0,0,0,0,low_activity,0,0,0,0,0,0,154289,124091,-0.1085,-462,-471,35,28,52,51,1
1774109617,51,48,0,0,0,0,low_activity,0,0,0,0,low_activity,0,0,0,0,low_activity,0,0,0,0,0,0,154289,124091,-0.1085,-462,-471,35,28,52,51,1
1774109618,51,48,0,0,0,0,low_activity,0,0,0,0,low_activity,0,0,0,0,low_activity,0,0,0,0,0,0,154289,124091,-0.1085,-462,-471,35,28,52,51,1
1774109619,51,48,0,0,0,0,no_volume,0,0,0,0,low_activity,0,0,0,0,low_activity,0,0,0,0,0,0,154289,124091,-0.1085,0,-471,35,28,52,51,1
1774109620,51,48,0,0,0,0,no_volume,0,0,0,0,low_activity,0,0,0,0,low_activity,0,0,0,0,0,0,154289,124091,-0.1085,0,-471,35,28,52,51,1
1774109621,51,48,0,0,0,0,no_volume,0,0,0,0,no_volume,0,0,0,0,low_activity,0,0,0,0,0,0,154289,124091,-0.1085,0,-471,35,28,52,51,1
1774109622,51,48,0,0,0,0,no_volume,0,0,0,0,no_volume,0,0,0,0,low_activity,0,0,0,0,0,0,154289,124091,-0.1085,0,-462,35,28,52,51,1
1774109623,51,48,0,0,0,0,no_volume,0,0,0,0,no_volume,0,0,0,0,low_activity,0,0,0,0,0,0,154289,124091,-0.1085,0,-462,35,28,52,51,1
1774109624,51,48,0,0,0,0,no_volume,0,0,0,0,no_volume,0,0,0,0,low_activity,0,0,0,0,0,0,154289,124091,-0.1085,0,-462,35,28,52,51,1
1774109625,51,48,0,0,0,0,no_volume,0,0,0,0,no_volume,0,0,0,0,low_activity,0,0,0,0,0,0,154289,124091,-0.1085,0,-462,35,28,52,51,1
1774109626,51,48,0,0,0,0,no_volume,0,0,0,0,no_volume,0,0,0,0,low_activity,0,0,0,0,0,0,154289,124091,-0.1085,0,0,35,28,52,51,1
1774109627,51,48,0,0,0,0,low_activity,0,0,0,0,low_activity,0,0,0,0,low_activity,0,0,0,0,0,0,154264,123125,-0.1123,-25,-25,35,26,52,51,1
1774109628,51,48,0,0,0,0,low_activity,0,0,0,0,low_activity,0,0,0,0,low_activity,0,0,0,0,0,0,154264,123125,-0.1123,-25,-25,35,26,52,51,1
1774109629,51,48,0,0,0,0,low_activity,0,0,0,0,low_activity,0,0,0,0,low_activity,0,0,0,0,0,0,154264,121837,-0.1174,-25,-25,35,26,52,51,1
1774109630,50,49,0,0,0,0,low_activity,0,0,0,0,low_activity,0,0,0,0,low_activity,0,0,0,0,0,0,150656,58489,-0.4407,-3608,-3633,36,26,51,50,1
1774109631,49,49,0,0,0,0,low_activity,0,0,0,0,low_activity,0,0,0,0,low_activity,0,0,0,0,0,0,150660,60921,-0.4241,-3604,-3629,36,27,51,49,2
1774109632,50,49,0,0,0,0,low_activity,0,0,0,0,low_activity,0,0,0,0,low_activity,0,0,0,0,0,0,150660,63429,-0.4075,-3604,-3629,36,27,51,50,1
1774109633,50,49,0,0,0,0,low_activity,0,0,0,0,low_activity,0,0,0,0,low_activity,0,0,0,0,0,0,150660,63489,-0.4071,4,-3629,36,26,51,50,1
1774109634,50,49,0,0,0,0,no_volume,0,0,0,0,low_activity,0,0,0,0,low_activity,0,0,0,0,0,0,150660,63489,-0.4071,0,-3629,36,26,51,50,1
1774109635,50,49,0,0,0,0,no_volume,0,0,0,0,low_activity,0,0,0,0,low_activity,0,0,0,0,0,0,150660,62009,-0.4168,0,-3629,36,24,51,50,1
1774109636,50,49,0,0,0,0,no_volume,0,0,0,0,no_volume,0,0,0,0,low_activity,0,0,0,0,0,0,150660,63477,-0.4071,0,-3629,36,26,51,50,1
1774109637,50,49,0,0,0,0,no_volume,0,0,0,0,no_volume,0,0,0,0,low_activity,0,0,0,0,0,0,150660,63477,-0.4071,0,-3604,36,26,51,50,1
1774109638,50,49,0,0,0,0,low_activity,0,0,0,0,low_activity,0,0,0,0,low_activity,0,0,0,0,0,0,150560,63477,-0.4069,-100,-3704,36,26,51,50,1
1774109639,50,49,0,0,0,0,low_activity,0,0,0,0,low_activity,0,0,0,0,low_activity,0,0,0,0,0,0,150660,63497,-0.407,0,-3604,36,26,51,50,1
1774109640,49,50,0,0,0,0,low_activity,0,0,0,0,low_activity,0,0,0,0,low_activity,0,0,0,0,0,0,150660,63614,-0.4062,0,4,36,27,50,49,1
1774109641,49,50,0,0,0,0,low_activity,0,0,0,0,low_activity,0,0,0,0,low_activity,0,0,0,0,0,0,150660,61951,-0.4172,100,0,36,24,50,49,1
1774109642,49,50,0,0,0,0,low_activity,0,0,0,0,low_activity,0,0,0,0,low_activity,0,0,0,0,0,0,150276,63444,-0.4063,-384,-384,35,26,50,49,1
1774109643,49,50,0,0,0,0,low_activity,0,0,0,0,low_activity,0,0,0,0,low_activity,0,0,0,0,0,0,150555,63444,-0.4071,-105,-105,35,26,50,49,1
1774109644,49,50,0,0,0,0,low_activity,0,0,0,0,low_activity,0,0,0,0,low_activity,0,0,0,0,0,0,150555,63454,-0.407,-105,-105,35,26,50,49,1
1774109645,48,51,0,0,0,0,low_activity,0,0,0,0,low_activity,0,0,0,0,low_activity,0,0,0,0,0,0,174023,63516,-0.4652,23747,23363,37,26,49,48,1
1774109646,48,51,0,0,0,0,low_activity,0,0,0,0,low_activity,0,0,0,0,low_activity,0,0,0,0,0,0,174023,63421,-0.4658,23468,23363,37,28,49,48,1
1774109647,48,51,0,0,0,0,low_activity,0,0,0,0,low_activity,0,0,0,0,low_activity,0,0,0,0,0,0,174020,63421,-0.4658,23465,23360,37,28,49,48,1
1774109648,49,50,0,0,0,0,low_activity,0,0,0,0,low_activity,0,0,0,0,low_activity,0,0,0,0,0,0,151847,62017,-0.42,-22176,1287,36,28,50,49,1
1774109649,49,50,0,0,0,0,low_activity,0,0,0,0,low_activity,0,0,0,0,low_activity,0,0,0,0,0,0,151886,63447,-0.4107,-22137,1226,36,28,50,49,1
1774109650,49,50,0,0,0,0,no_volume,0,0,0,0,low_activity,0,0,0,0,low_activity,0,0,0,0,0,0,159884,63447,-0.4318,-14136,9224,36,28,50,49,1
1774109651,49,50,0,0,0,0,no_volume,0,0,0,0,low_activity,0,0,0,0,low_activity,0,0,0,0,0,0,159884,63447,-0.4318,8037,9224,36,28,50,49,1
1774109652,49,50,0,0,0,0,low_activity,0,0,0,0,low_activity,0,0,0,0,low_activity,0,0,0,0,0,0,159884,63559,-0.4311,7998,9608,36,27,50,49,1
1774109653,49,50,0,0,0,0,low_activity,0,0,0,0,low_activity,0,0,0,0,low_activity,0,0,0,0,0,0,159884,61395,-0.4451,0,9329,36,29,50,49,1
1774109654,48,50,0,0,0,0,low_activity,0,0,0,0,low_activity,0,0,0,0,low_activity,0,0,0,0,0,0,159845,63425,-0.4319,-39,9290,36,26,50,48,2
1774109655,48,51,0,0,0,0,low_activity,0,0,0,0,low_activity,0,0,0,0,low_activity,0,0,0,0,0,0,184845,62162,-0.4967,24961,10822,37,27,49,48,1
1774109656,48,51,0,0,0,0,low_activity,0,0,0,0,low_activity,0,0,0,0,low_activity,0,0,0,0,0,0,184845,63750,-0.4871,24961,10822,37,27,49,48,1
1774109657,48,51,0,0,0,0,no_volume,0,0,0,0,low_activity,0,0,0,0,low_activity,0,0,0,0,0,0,121148,63425,-0.3127,-38697,-52872,33,28,49,48,1
1774109658,48,51,0,0,0,0,low_activity,0,0,0,0,low_activity,0,0,0,0,low_activity,0,0,0,0,0,0,92625,63417,-0.1872,-92220,-59222,32,27,49,48,1
1774109659,49,47,0,0,0,0,low_activity,0,0,0,0,low_activity,0,0,0,0,low_activity,0,0,0,0,0,0,73449,63314,-0.0741,-111396,-78437,31,27,53,49,4
1774109660,49,48,0,0,0,0,low_activity,0,0,0,0,low_activity,0,0,0,0,low_activity,0,0,0,0,0,0,76308,63177,-0.0941,-44840,-83576,34,26,52,49,3
1774109661,43,48,0,0,0,0,low_activity,0,0,0,0,low_activity,0,0,0,0,low_activity,0,0,0,0,0,0,18861,11645,-0.2365,-73764,-141023,31,28,52,43,9
1774109662,45,48,0,0,0,0,no_volume,0,0,0,0,low_activity,0,0,0,0,low_activity,0,0,0,0,0,0,19097,11908,-0.2319,-54352,-140787,33,30,52,45,7
1774109663,48,51,0,0,0,0,low_activity,0,0,0,0,low_activity,0,0,0,0,low_activity,0,0,0,0,0,0,23011,11478,-0.3344,-53297,-136873,34,29,49,48,1
1774109664,48,51,0,0,0,0,low_activity,0,0,0,0,low_activity,0,0,0,0,low_activity,0,0,0,0,0,0,22951,11614,-0.328,4090,-136894,33,27,49,48,1
1774109665,48,51,0,0,0,0,low_activity,0,0,0,0,low_activity,0,0,0,0,low_activity,0,0,0,0,0,0,22984,11670,-0.3265,3887,-161861,34,27,49,48,1
1774109666,48,51,0,0,0,0,no_volume,0,0,0,0,low_activity,0,0,0,0,low_activity,0,0,0,0,0,0,22984,11517,-0.3324,-27,-161861,34,27,49,48,1
1774109667,48,51,0,0,0,0,no_volume,0,0,0,0,low_activity,0,0,0,0,low_activity,0,0,0,0,0,0,22984,11670,-0.3265,33,-98164,34,27,49,48,1
1774109668,48,51,0,0,0,0,no_volume,0,0,0,0,no_volume,0,0,0,0,low_activity,0,0,0,0,0,0,22995,11670,-0.3267,11,-69630,34,27,49,48,1
1774109669,48,51,0,0,0,0,no_volume,0,0,0,0,no_volume,0,0,0,0,low_activity,0,0,0,0,0,0,22984,11670,-0.3265,0,-50465,34,27,49,48,1
1774109670,49,48,0,0,0,0,low_activity,0,0,0,0,low_activity,0,0,0,0,low_activity,0,0,0,0,0,0,23012,11679,-0.3267,28,-53296,31,29,52,49,3
1774109671,48,50,0,0,0,0,low_activity,0,0,0,0,low_activity,0,0,0,0,low_activity,0,0,0,0,0,0,48037,11765,-0.6065,25042,29176,32,28,50,48,2
1774109672,44,50,0,0,0,0,low_activity,0,0,0,0,low_activity,0,0,0,0,low_activity,0,0,0,0,0,0,47762,11353,-0.6159,24778,28665,32,27,50,44,6
1774109673,46,50,0,0,0,0,low_activity,0,0,0,0,low_activity,0,0,0,0,low_activity,0,0,0,0,0,0,43632,11615,-0.5795,20620,20621,31,29,50,46,4
1774109674,46,50,0,0,0,0,low_activity,0,0,0,0,low_activity,0,0,0,0,low_activity,0,0,0,0,0,0,43579,11615,-0.5791,-4458,20628,31,29,50,46,4
1774109675,46,50,0,0,0,0,low_activity,0,0,0,0,low_activity,0,0,0,0,low_activity,0,0,0,0,0,0,43604,11589,-0.5801,-4158,20620,31,29,50,46,4
1774109676,46,50,0,0,0,0,low_activity,0,0,0,0,low_activity,0,0,0,0,low_activity,0,0,0,0,0,0,43604,11579,-0.5803,-28,20620,31,29,50,46,4
1774109677,47,50,0,0,0,0,low_activity,0,0,0,0,low_activity,0,0,0,0,low_activity,0,0,0,0,0,0,43481,11265,-0.5885,-98,20497,32,28,50,47,3
1774109678,47,50,0,0,0,0,low_activity,0,0,0,0,low_activity,0,0,0,0,low_activity,0,0,0,0,0,0,43380,11548,-0.5795,-224,20385,30,27,50,47,3
1774109679,47,50,0,0,0,0,low_activity,0,0,0,0,low_activity,0,0,0,0,low_activity,0,0,0,0,0,0,43664,10060,-0.6255,60,20680,31,26,50,47,3
1774109680,47,51,0,0,0,0,low_activity,0,0,0,0,low_activity,0,0,0,0,low_activity,0,0,0,0,0,0,98240,58595,-0.2528,54759,75228,33,27,49,47,2
1774109681,47,51,0,0,0,0,low_activity,0,0,0,0,low_activity,0,0,0,0,low_activity,0,0,0,0,0,0,98257,63215,-0.217,54877,50220,34,28,49,47,2
1774109682,47,51,0,0,0,0,low_activity,0,0,0,0,low_activity,0,0,0,0,low_activity,0,0,0,0,0,0,98240,63366,-0.2158,54576,50478,33,27,49,47,2
1774109683,47,50,0,0,0,0,low_activity,0,0,0,0,low_activity,0,0,0,0,low_activity,0,0,0,0,0,0,98062,63353,-0.215,-178,54430,31,27,50,47,3
1774109684,47,50,0,0,0,0,low_activity,0,0,0,0,low_activity,0,0,0,0,low_activity,0,0,0,0,0,0,98052,58671,-0.2513,-205,54473,31,28,50,47,3
1774109685,47,50,0,0,0,0,low_activity,0,0,0,0,low_activity,0,0,0,0,low_activity,0,0,0,0,0,0,98077,63657,-0.2128,-163,54473,32,29,50,47,3
1774109686,47,50,0,0,0,0,no_volume,0,0,0,0,low_activity,0,0,0,0,low_activity,0,0,0,0,0,0,98075,63502,-0.214,13,54471,31,29,50,47,3
1774109687,47,50,0,0,0,0,no_volume,0,0,0,0,low_activity,0,0,0,0,low_activity,0,0,0,0,0,0,98075,63502,-0.214,23,54594,31,29,50,47,3
1774109688,44,53,0,0,0,0,low_activity,0,0,0,0,low_activity,0,0,0,0,low_activity,0,0,0,0,0,0,98153,63426,-0.2149,76,54773,32,26,47,44,3
1774109689,46,53,0,0,0,0,low_activity,0,0,0,0,low_activity,0,0,0,0,low_activity,0,0,0,0,0,0,98168,63625,-0.2135,93,54504,33,26,47,46,1
1774109690,46,51,0,0,0,0,low_activity,0,0,0,0,low_activity,0,0,0,0,low_activity,0,0,0,0,0,0,98081,63609,-0.2132,6,-159,32,26,49,46,3
1774109691,46,51,0,0,0,0,low_activity,0,0,0,0,low_activity,0,0,0,0,low_activity,0,0,0,0,0,0,98092,56897,-0.2658,-61,-165,32,23,49,46,3
1774109692,47,51,0,0,0,0,low_activity,0,0,0,0,low_activity,0,0,0,0,low_activity,0,0,0,0,0,0,98052,63632,-0.2129,-116,-188,32,27,49,47,2
1774109693,47,50,0,0,0,0,no_volume,0,0,0,0,low_activity,0,0,0,0,low_activity,0,0,0,0,0,0,98027,63390,-0.2146,-54,-35,31,26,50,47,3
1774109694,47,50,0,0,0,0,low_activity,0,0,0,0,low_activity,0,0,0,0,low_activity,0,0,0,0,0,0,43561,11501,-0.5823,-54531,-54491,30,24,50,47,3
1774109695,47,50,0,0,0,0,low_activity,0,0,0,0,low_activity,0,0,0,0,low_activity,0,0,0,0,0,0,43561,11901,-0.5708,-54491,-54516,30,26,50,47,3
1774109696,47,50,0,0,0,0,low_activity,0,0,0,0,low_activity,0,0,0,0,low_activity,0,0,0,0,0,0,43561,11655,-0.5778,-54466,-54514,30,25,50,47,3
1774109697,47,50,0,0,0,0,low_activity,0,0,0,0,low_activity,0,0,0,0,low_activity,0,0,0,0,0,0,42006,11691,-0.5646,-1555,-56069,30,26,50,47,3
1774109698,47,50,0,0,0,0,low_activity,0,0,0,0,low_activity,0,0,0,0,low_activity,0,0,0,0,0,0,43361,11724,-0.5743,-200,-54792,29,28,50,47,3
1774109699,48,50,0,0,0,0,low_activity,0,0,0,0,low_activity,0,0,0,0,low_activity,0,0,0,0,0,0,43378,11839,-0.5712,-183,-54790,29,27,50,48,2
1774109700,48,50,0,0,0,0,low_activity,0,0,0,0,low_activity,0,0,0,0,low_activity,0,0,0,0,0,0,43376,11114,-0.5921,1370,-54705,29,26,50,48,2
1774109701,48,50,0,0,0,0,no_volume,0,0,0,0,low_activity,0,0,0,0,low_activity,0,0,0,0,0,0,43275,11529,-0.5793,-86,-54817,28,29,50,48,2
1774109702,48,50,0,0,0,0,no_volume,0,0,0,0,low_activity,0,0,0,0,low_activity,0,0,0,0,0,0,19025,11535,-0.2451,-24353,-79027,29,29,50,48,2
1774109703,48,50,0,0,0,0,no_volume,0,0,0,0,no_volume,0,0,0,0,low_activity,0,0,0,0,0,0,18967,11545,-0.2432,-24409,-79060,31,30,50,48,2
1774109704,48,50,0,0,0,0,no_volume,0,0,0,0,no_volume,0,0,0,0,low_activity,0,0,0,0,0,0,17112,11545,-0.1943,-26163,-26449,29,30,50,48,2
1774109705,48,50,0,0,0,0,low_activity,0,0,0,0,low_activity,0,0,0,0,low_activity,0,0,0,0,0,0,19165,11545,-0.2481,140,-24396,33,30,50,48,2
1774109706,48,50,0,0,0,0,low_activity,0,0,0,0,low_activity,0,0,0,0,low_activity,0,0,0,0,0,0,19116,11525,-0.2477,149,-24445,31,28,50,48,2
1774109707,48,50,0,0,0,0,low_activity,0,0,0,0,low_activity,0,0,0,0,low_activity,0,0,0,0,0,0,19196,11529,-0.2495,2084,-22810,31,29,50,48,2
1774109708,48,50,0,0,0,0,no_volume,0,0,0,0,low_activity,0,0,0,0,low_activity,0,0,0,0,0,0,19162,11629,-0.2446,-3,-24199,31,29,50,48,2
1774109709,48,50,0,0,0,0,no_volume,0,0,0,0,low_activity,0,0,0,0,low_activity,0,0,0,0,0,0,19077,11529,-0.2466,-39,-24301,31,29,50,48,2
1774109710,48,50,0,0,0,0,no_volume,0,0,0,0,no_volume,0,0,0,0,low_activity,0,0,0,0,0,0,19308,11525,-0.2524,112,-24068,32,28,50,48,2
1774109711,48,51,0,0,0,0,no_volume,0,0,0,0,no_volume,0,0,0,0,low_activity,0,0,0,0,0,0,19201,11756,-0.2405,39,-24074,33,29,49,48,1
1774109712,48,51,0,0,0,0,no_volume,0,0,0,0,no_volume,0,0,0,0,low_activity,0,0,0,0,0,0,19323,11510,-0.2534,246,298,35,29,49,48,1
1774109713,48,51,0,0,0,0,no_volume,0,0,0,0,no_volume,0,0,0,0,low_activity,0,0,0,0,0,0,19310,11516,-0.2528,2,343,33,29,49,48,1
1774109714,48,51,0,0,0,0,no_volume,0,0,0,0,no_volume,0,0,0,0,low_activity,0,0,0,0,0,0,19332,11545,-0.2522,131,2220,33,29,49,48,1
1774109715,48,51,0,0,0,0,low_activity,0,0,0,0,low_activity,0,0,0,0,low_activity,0,0,0,0,0,0,21456,11545,-0.3003,2133,2291,33,29,49,48,1
1774109716,48,51,0,0,0,0,low_activity,0,0,0,0,low_activity,0,0,0,0,low_activity,0,0,0,0,0,0,21456,11535,-0.3007,2146,2340,33,28,49,48,1
1774109717,48,51,0,0,0,0,low_activity,0,0,0,0,low_activity,0,0,0,0,low_activity,0,0,0,0,0,0,21416,11535,-0.2999,2084,2220,32,28,49,48,1
1774109718,48,50,0,0,0,0,low_activity,0,0,0,0,low_activity,0,0,0,0,low_activity,0,0,0,0,0,0,21335,11385,-0.3041,-121,2173,30,27,50,48,2
1774109719,48,51,0,0,0,0,low_activity,0,0,0,0,low_activity,0,0,0,0,low_activity,0,0,0,0,0,0,21366,11360,-0.3058,-90,2289,31,28,49,48,1
1774109720,48,51,0,0,0,0,low_activity,0,0,0,0,low_activity,0,0,0,0,low_activity,0,0,0,0,0,0,21369,11518,-0.2995,-47,2061,31,29,49,48,1
1774109721,49,50,0,0,0,0,low_activity,0,0,0,0,low_activity,0,0,0,0,low_activity,0,0,0,0,0,0,21389,11709,-0.2925,54,2188,30,29,50,49,1
1774109722,49,50,0,0,0,0,low_activity,0,0,0,0,low_activity,0,0,0,0,low_activity,0,0,0,0,0,0,21369,11708,-0.2921,3,2046,30,29,50,49,1
1774109723,49,50,0,0,0,0,low_activity,0,0,0,0,low_activity,0,0,0,0,low_activity,0,0,0,0,0,0,21436,11742,-0.2922,67,2126,30,30,50,49,1
1774109724,49,50,0,0,0,0,no_volume,0,0,0,0,low_activity,0,0,0,0,low_activity,0,0,0,0,0,0,21536,11832,-0.2908,147,2204,30,30,50,49,1
1774109725,49,50,0,0,0,0,no_volume,0,0,0,0,low_activity,0,0,0,0,low_activity,0,0,0,0,0,0,21536,11832,-0.2908,167,80,30,30,50,49,1
1774109726,49,50,0,0,0,0,no_volume,0,0,0,0,no_volume,0,0,0,0,low_activity,0,0,0,0,0,0,21536,11832,-0.2908,100,80,30,30,50,49,1
1774109727,49,50,0,0,0,0,no_volume,0,0,0,0,no_volume,0,0,0,0,low_activity,0,0,0,0,0,0,21596,11703,-0.2971,60,180,31,28,50,49,1
1774109728,49,50,0,0,0,0,no_volume,0,0,0,0,no_volume,0,0,0,0,low_activity,0,0,0,0,0,0,21596,11623,-0.3002,60,261,31,28,50,49,1
1774109729,49,50,0,0,0,0,no_volume,0,0,0,0,no_volume,0,0,0,0,low_activity,0,0,0,0,0,0,21829,11996,-0.2907,293,463,32,28,50,49,1
1774109730,49,50,0,0,0,0,no_volume,0,0,0,0,no_volume,0,0,0,0,low_activity,0,0,0,0,0,0,73628,63502,-0.0738,52032,52259,33,28,50,49,1
1774109731,49,50,0,0,0,0,no_volume,0,0,0,0,no_volume,0,0,0,0,low_activity,0,0,0,0,0,0,70858,63502,-0.0547,49262,49469,32,28,50,49,1
1774109732,49,50,0,0,0,0,no_volume,0,0,0,0,no_volume,0,0,0,0,low_activity,0,0,0,0,0,0,70848,63502,-0.0547,49019,49479,32,28,50,49,1
1774109733,49,50,0,0,0,0,no_volume,0,0,0,0,no_volume,0,0,0,0,low_activity,0,0,0,0,0,0,70848,63502,-0.0547,-2780,49412,32,28,50,49,1
1774109734,49,50,0,0,0,0,no_volume,0,0,0,0,no_volume,0,0,0,0,low_activity,0,0,0,0,0,0,70840,63494,-0.0547,-18,49304,32,28,50,49,1
1774109735,49,50,0,0,0,0,no_volume,0,0,0,0,no_volume,0,0,0,0,low_activity,0,0,0,0,0,0,70823,63502,-0.0545,-25,49287,32,28,50,49,1
1774109736,49,50,0,0,0,0,no_volume,0,0,0,0,no_volume,0,0,0,0,low_activity,0,0,0,0,0,0,70823,63502,-0.0545,-25,49287,32,28,50,49,1
1774109737,49,50,0,0,0,0,low_activity,0,0,0,0,low_activity,0,0,0,0,low_activity,0,0,0,0,0,0,70814,63502,-0.0544,-26,49218,32,28,50,49,1
1774109738,49,50,0,0,0,0,low_activity,0,0,0,0,low_activity,0,0,0,0,low_activity,0,0,0,0,0,0,70814,63502,-0.0544,-9,49218,32,28,50,49,1
1774109739,50,49,0,0,0,0,low_activity,0,0,0,0,low_activity,0,0,0,0,low_activity,0,0,0,0,0,0,70616,63383,-0.054,-207,48787,32,28,51,50,1
1774109740,50,49,0,0,0,0,low_activity,0,0,0,0,low_activity,0,0,0,0,low_activity,0,0,0,0,0,0,70616,63383,-0.054,-198,-3012,32,28,51,50,1
1774109741,50,49,0,0,0,0,low_activity,0,0,0,0,low_activity,0,0,0,0,low_activity,0,0,0,0,0,0,70591,63396,-0.0537,-223,-267,32,29,51,50,1
1774109742,50,49,0,0,0,0,no_volume,0,0,0,0,low_activity,0,0,0,0,low_activity,0,0,0,0,0,0,73486,63355,-0.074,2870,2638,32,27,51,50,1
1774109743,50,49,0,0,0,0,no_volume,0,0,0,0,low_activity,0,0,0,0,low_activity,0,0,0,0,0,0,78581,63355,-0.1073,7965,7733,34,27,51,50,1
1774109744,50,49,0,0,0,0,no_volume,0,0,0,0,no_volume,0,0,0,0,low_activity,0,0,0,0,0,0,86299,63355,-0.1533,15708,15459,34,27,51,50,1
1774109745,50,49,0,0,0,0,no_volume,0,0,0,0,no_volume,0,0,0,0,low_activity,0,0,0,0,0,0,86285,63355,-0.1532,12799,15462,34,27,51,50,1
1774109746,49,50,0,0,0,0,low_activity,0,0,0,0,low_activity,0,0,0,0,low_activity,0,0,0,0,0,0,91688,63371,-0.1826,13107,20865,35,27,50,49,1
1774109747,49,50,0,0,0,0,low_activity,0,0,0,0,low_activity,0,0,0,0,low_activity,0,0,0,0,0,0,91590,63331,-0.1824,5291,20776,34,26,50,49,1
1774109748,49,50,0,0,0,0,low_activity,0,0,0,0,low_activity,0,0,0,0,low_activity,0,0,0,0,0,0,91590,63331,-0.1824,5305,20776,34,26,50,49,1
1774109749,49,50,0,0,0,0,low_activity,0,0,0,0,low_activity,0,0,0,0,low_activity,0,0,0,0,0,0,91301,63318,-0.181,-387,20685,34,26,50,49,1
1774109750,49,50,0,0,0,0,low_activity,0,0,0,0,low_activity,0,0,0,0,low_activity,0,0,0,0,0,0,91301,63318,-0.181,-289,20685,34,26,50,49,1
1774109751,49,50,0,0,0,0,low_activity,0,0,0,0,low_activity,0,0,0,0,low_activity,0,0,0,0,0,0,91282,63309,-0.1809,-308,20691,34,26,50,49,1
1774109752,49,50,0,0,0,0,low_activity,0,0,0,0,low_activity,0,0,0,0,low_activity,0,0,0,0,0,0,91190,63320,-0.1804,-111,17704,33,26,50,49,1
1774109753,49,50,0,0,0,0,low_activity,0,0,0,0,low_activity,0,0,0,0,low_activity,0,0,0,0,0,0,92453,68547,-0.1485,1152,13872,34,27,50,49,1
1774109754,49,50,0,0,0,0,low_activity,0,0,0,0,low_activity,0,0,0,0,low_activity,0,0,0,0,0,0,100530,71577,-0.1682,9248,14231,34,27,50,49,1
1774109755,49,50,0,0,0,0,no_volume,0,0,0,0,low_activity,0,0,0,0,low_activity,0,0,0,0,0,0,125530,99711,-0.1146,34340,39245,34,28,50,49,1
1774109756,49,50,0,0,0,0,low_activity,0,0,0,0,low_activity,0,0,0,0,low_activity,0,0,0,0,0,0,126090,104679,-0.0928,33637,34402,35,29,50,49,1
1774109757,49,50,0,0,0,0,low_activity,0,0,0,0,low_activity,0,0,0,0,low_activity,0,0,0,0,0,0,126698,110149,-0.0699,26168,35108,35,29,50,49,1
1774109758,49,50,0,0,0,0,low_activity,0,0,0,0,low_activity,0,0,0,0,low_activity,0,0,0,0,0,0,105915,110149,0.0196,-19615,14325,35,29,50,49,1
1774109759,49,50,0,0,0,0,low_activity,0,0,0,0,low_activity,0,0,0,0,low_activity,0,0,0,0,0,0,105788,108866,0.0143,-20302,14487,33,28,50,49,1
1774109760,49,50,0,0,0,0,low_activity,0,0,0,0,low_activity,0,0,0,0,low_activity,0,0,0,0,0,0,107150,109170,0.0093,-19548,15849,35,28,50,49,1
1774109761,49,50,0,0,0,0,low_activity,0,0,0,0,low_activity,0,0,0,0,low_activity,0,0,0,0,0,0,117686,109060,-0.038,11771,26404,35,27,50,49,1
1774109762,49,50,0,0,0,0,low_activity,0,0,0,0,low_activity,0,0,0,0,low_activity,0,0,0,0,0,0,115189,109702,-0.0244,9401,23999,35,27,50,49,1
1774109763,49,50,0,0,0,0,low_activity,0,0,0,0,low_activity,0,0,0,0,low_activity,0,0,0,0,0,0,128572,110539,-0.0754,21422,36119,36,27,50,49,1
1774109764,49,50,0,0,0,0,low_activity,0,0,0,0,low_activity,0,0,0,0,low_activity,0,0,0,0,0,0,135589,110539,-0.1018,17903,35059,36,27,50,49,1
1774109765,49,50,0,0,0,0,low_activity,0,0,0,0,low_activity,0,0,0,0,low_activity,0,0,0,0,0,0,133767,108750,-0.1032,18578,8237,35,27,50,49,1
1774109766,49,50,0,0,0,0,no_volume,0,0,0,0,low_activity,0,0,0,0,low_activity,0,0,0,0,0,0,134354,109716,-0.1009,5782,8264,35,29,50,49,1
1774109767,49,50,0,0,0,0,no_volume,0,0,0,0,low_activity,0,0,0,0,low_activity,0,0,0,0,0,0,106206,108249,0.0095,-29383,-20492,34,27,50,49,1
1774109768,50,48,0,0,0,0,no_volume,0,0,0,0,no_volume,0,0,0,0,low_activity,0,0,0,0,0,0,73395,112233,0.2092,-60372,-32520,34,28,52,50,2
1774109769,50,48,0,0,0,0,no_volume,0,0,0,0,no_volume,0,0,0,0,low_activity,0,0,0,0,0,0,73439,112241,0.209,-60915,-32349,34,28,52,50,2
1774109770,50,48,0,0,0,0,no_volume,0,0,0,0,no_volume,0,0,0,0,low_activity,0,0,0,0,0,0,73424,112233,0.209,-32782,-33726,33,28,52,50,2
1774109771,50,48,0,0,0,0,no_volume,0,0,0,0,no_volume,0,0,0,0,low_activity,0,0,0,0,0,0,73424,112233,0.209,29,-44262,33,28,52,50,2
1774109772,50,49,0,0,0,0,no_volume,0,0,0,0,no_volume,0,0,0,0,low_activity,0,0,0,0,0,0,132934,108112,-0.103,59495,17745,34,29,51,50,1
1774109773,50,49,0,0,0,0,no_volume,0,0,0,0,no_volume,0,0,0,0,low_activity,0,0,0,0,0,0,139993,107814,-0.1299,66569,11421,34,29,51,50,1
1774109774,50,49,0,0,0,0,no_volume,0,0,0,0,no_volume,0,0,0,0,low_activity,0,0,0,0,0,0,142473,109314,-0.1317,69049,6884,34,29,51,50,1
1774109775,50,49,0,0,0,0,no_volume,0,0,0,0,no_volume,0,0,0,0,low_activity,0,0,0,0,0,0,144040,115819,-0.1086,11106,10273,34,30,51,50,1
1774109776,50,49,0,0,0,0,no_volume,0,0,0,0,no_volume,0,0,0,0,low_activity,0,0,0,0,0,0,143838,115819,-0.1079,3845,9484,34,30,51,50,1
1774109777,50,49,0,0,0,0,no_volume,0,0,0,0,no_volume,0,0,0,0,low_activity,0,0,0,0,0,0,143541,115414,-0.1086,1068,37335,34,29,51,50,1
1774109778,50,49,0,0,0,0,no_volume,0,0,0,0,no_volume,0,0,0,0,low_activity,0,0,0,0,0,0,144507,115743,-0.1105,467,71112,34,29,51,50,1
1774109779,50,49,0,0,0,0,no_volume,0,0,0,0,no_volume,0,0,0,0,low_activity,0,0,0,0,0,0,144507,115743,-0.1105,669,71068,34,29,51,50,1
1774109780,50,49,0,0,0,0,no_volume,0,0,0,0,no_volume,0,0,0,0,low_activity,0,0,0,0,0,0,143541,114777,-0.1114,0,70117,33,28,51,50,1
1774109781,50,49,0,0,0,0,no_volume,0,0,0,0,no_volume,0,0,0,0,low_activity,0,0,0,0,0,0,144507,114533,-0.1157,0,71083,34,28,51,50,1
1774109782,50,49,0,0,0,0,no_volume,0,0,0,0,no_volume,0,0,0,0,low_activity,0,0,0,0,0,0,146000,114236,-0.1221,1493,13066,35,28,51,50,1
1774109783,50,49,0,0,0,0,no_volume,0,0,0,0,no_volume,0,0,0,0,low_activity,0,0,0,0,0,0,142521,114236,-0.1102,-1020,2528,33,28,51,50,1
1774109784,50,49,0,0,0,0,no_volume,0,0,0,0,no_volume,0,0,0,0,low_activity,0,0,0,0,0,0,142521,114236,-0.1102,-1986,48,33,28,51,50,1
1774109785,50,49,0,0,0,0,no_volume,0,0,0,0,no_volume,0,0,0,0,low_activity,0,0,0,0,0,0,142521,114236,-0.1102,-3479,-1519,33,28,51,50,1
1774109786,50,49,0,0,0,0,no_volume,0,0,0,0,no_volume,0,0,0,0,low_activity,0,0,0,0,0,0,142521,114533,-0.1089,0,-1317,34,29,51,50,1
1774109787,50,49,0,0,0,0,low_activity,0,0,0,0,low_activity,0,0,0,0,low_activity,0,0,0,0,0,0,145159,114533,-0.1179,2638,1618,34,29,51,50,1
1774109788,50,49,0,0,0,0,low_activity,0,0,0,0,low_activity,0,0,0,0,low_activity,0,0,0,0,0,0,145226,114533,-0.1182,2705,719,34,29,51,50,1
1774109789,50,49,0,0,0,0,low_activity,0,0,0,0,low_activity,0,0,0,0,low_activity,0,0,0,0,0,0,145226,114533,-0.1182,2705,719,34,29,51,50,1
1774109790,50,49,0,0,0,0,low_activity,0,0,0,0,low_activity,0,0,0,0,low_activity,0,0,0,0,0,0,146188,115499,-0.1173,1029,2647,35,30,51,50,1
1774109791,50,49,0,0,0,0,low_activity,0,0,0,0,low_activity,0,0,0,0,low_activity,0,0,0,0,0,0,146157,115499,-0.1172,931,1650,35,30,51,50,1
1774109792,50,49,0,0,0,0,low_activity,0,0,0,0,low_activity,0,0,0,0,low_activity,0,0,0,0,0,0,145114,114236,-0.1191,-112,-886,33,29,51,50,1
1774109793,50,49,0,0,0,0,low_activity,0,0,0,0,low_activity,0,0,0,0,low_activity,0,0,0,0,0,0,145096,114236,-0.119,-1092,2575,33,29,51,50,1
1774109794,50,49,0,0,0,0,low_activity,0,0,0,0,low_activity,0,0,0,0,low_activity,0,0,0,0,0,0,146060,114344,-0.1218,-97,3539,34,30,51,50,1
1774109795,50,49,0,0,0,0,low_activity,0,0,0,0,low_activity,0,0,0,0,low_activity,0,0,0,0,0,0,145154,115844,-0.1123,40,2633,34,30,51,50,1
1774109796,50,49,0,0,0,0,low_activity,0,0,0,0,low_activity,0,0,0,0,low_activity,0,0,0,0,0,0,144151,114878,-0.113,-945,1630,34,29,51,50,1
1774109797,50,49,0,0,0,0,low_activity,0,0,0,0,low_activity,0,0,0,0,low_activity,0,0,0,0,0,0,144151,114878,-0.113,-1909,-1008,34,29,51,50,1
1774109798,50,49,0,0,0,0,low_activity,0,0,0,0,low_activity,0,0,0,0,low_activity,0,0,0,0,0,0,145115,115844,-0.1122,-39,-111,34,29,51,50,1
1774109799,50,49,0,0,0,0,low_activity,0,0,0,0,low_activity,0,0,0,0,low_activity,0,0,0,0,0,0,145115,115844,-0.1122,964,-111,34,29,51,50,1
1774109800,50,49,0,0,0,0,low_activity,0,0,0,0,low_activity,0,0,0,0,low_activity,0,0,0,0,0,0,130933,63421,-0.3474,-13218,-15255,33,26,51,50,1
1774109801,50,49,0,0,0,0,no_volume,0,0,0,0,low_activity,0,0,0,0,low_activity,0,0,0,0,0,0,130533,63421,-0.346,-14582,-15624,33,26,51,50,1
1774109802,50,49,0,0,0,0,no_volume,0,0,0,0,low_activity,0,0,0,0,low_activity,0,0,0,0,0,0,130541,63353,-0.3465,-14574,-14573,33,26,51,50,1
1774109803,50,49,0,0,0,0,no_volume,0,0,0,0,no_volume,0,0,0,0,low_activity,0,0,0,0,0,0,130541,63353,-0.3465,-392,-14555,33,26,51,50,1
1774109804,50,49,0,0,0,0,no_volume,0,0,0,0,no_volume,0,0,0,0,low_activity,0,0,0,0,0,0,127862,63308,-0.3377,-2671,-18198,33,26,51,50,1
1774109805,50,49,0,0,0,0,low_activity,0,0,0,0,low_activity,0,0,0,0,low_activity,0,0,0,0,0,0,127825,69852,-0.2933,-2716,-17329,33,26,51,50,1
1774109806,50,49,0,0,0,0,low_activity,0,0,0,0,low_activity,0,0,0,0,low_activity,0,0,0,0,0,0,130491,76595,-0.2603,-50,-13660,33,26,51,50,1
1774109807,50,49,0,0,0,0,low_activity,0,0,0,0,low_activity,0,0,0,0,low_activity,0,0,0,0,0,0,130491,82615,-0.2247,2629,-13660,33,27,51,50,1
1774109808,50,49,0,0,0,0,low_activity,0,0,0,0,low_activity,0,0,0,0,low_activity,0,0,0,0,0,0,128605,76078,-0.2566,780,-16510,33,26,51,50,1
1774109809,50,49,0,0,0,0,low_activity,0,0,0,0,low_activity,0,0,0,0,low_activity,0,0,0,0,0,0,128605,76078,-0.2566,-1886,-16510,33,26,51,50,1
1774109810,50,49,0,0,0,0,low_activity,0,0,0,0,low_activity,0,0,0,0,low_activity,0,0,0,0,0,0,128605,76078,-0.2566,-1886,-2328,33,26,51,50,1
1774109811,49,50,0,0,0,0,no_volume,0,0,0,0,low_activity,0,0,0,0,low_activity,0,0,0,0,0,0,135659,63468,-0.3625,7054,5126,34,27,50,49,1
1774109812,49,50,0,0,0,0,no_volume,0,0,0,0,low_activity,0,0,0,0,low_activity,0,0,0,0,0,0,141175,63395,-0.3802,12570,10634,34,26,50,49,1
1774109813,49,50,0,0,0,0,no_volume,0,0,0,0,no_volume,0,0,0,0,low_activity,0,0,0,0,0,0,154474,98178,-0.2228,25869,23933,34,28,50,49,1
1774109814,49,50,0,0,0,0,low_activity,0,0,0,0,low_activity,0,0,0,0,low_activity,0,0,0,0,0,0,155394,109218,-0.1745,19735,27532,34,28,50,49,1
1774109815,49,50,0,0,0,0,low_activity,0,0,0,0,low_activity,0,0,0,0,low_activity,0,0,0,0,0,0,154131,100721,-0.2096,12956,26306,33,27,50,49,1
1774109816,49,50,0,0,0,0,no_volume,0,0,0,0,low_activity,0,0,0,0,low_activity,0,0,0,0,0,0,141067,63303,-0.3805,-13407,10576,34,26,50,49,1
1774109817,49,50,0,0,0,0,no_volume,0,0,0,0,low_activity,0,0,0,0,low_activity,0,0,0,0,0,0,143719,63303,-0.3884,-11675,13228,34,26,50,49,1
1774109818,49,50,0,0,0,0,no_volume,0,0,0,0,no_volume,0,0,0,0,low_activity,0,0,0,0,0,0,143729,63303,-0.3885,-10402,15124,34,26,50,49,1
1774109819,49,50,0,0,0,0,no_volume,0,0,0,0,no_volume,0,0,0,0,low_activity,0,0,0,0,0,0,155536,102036,-0.2077,14469,26931,34,27,50,49,1
1774109820,49,50,0,0,0,0,no_volume,0,0,0,0,no_volume,0,0,0,0,low_activity,0,0,0,0,0,0,148867,119086,-0.1111,5148,20262,34,27,50,49,1
1774109821,49,50,0,0,0,0,no_volume,0,0,0,0,no_volume,0,0,0,0,low_activity,0,0,0,0,0,0,149728,120574,-0.1079,5999,14069,34,28,50,49,1
1774109822,49,50,0,0,0,0,no_volume,0,0,0,0,no_volume,0,0,0,0,low_activity,0,0,0,0,0,0,150130,120976,-0.1075,-5406,8955,35,29,50,49,1
1774109823,49,50,0,0,0,0,no_volume,0,0,0,0,no_volume,0,0,0,0,low_activity,0,0,0,0,0,0,150130,120968,-0.1076,1263,-4344,35,29,50,49,1
1774109824,49,50,0,0,0,0,no_volume,0,0,0,0,no_volume,0,0,0,0,low_activity,0,0,0,0,0,0,150130,120968,-0.1076,402,-5264,35,29,50,49,1
1774109825,49,50,0,0,0,0,no_volume,0,0,0,0,no_volume,0,0,0,0,low_activity,0,0,0,0,0,0,150130,126866,-0.084,0,-4001,35,29,50,49,1
1774109826,49,50,0,0,0,0,no_volume,0,0,0,0,no_volume,0,0,0,0,low_activity,0,0,0,0,0,0,150806,125378,-0.0921,676,9739,35,29,50,49,1
1774109827,49,50,0,0,0,0,no_volume,0,0,0,0,no_volume,0,0,0,0,low_activity,0,0,0,0,0,0,149840,126759,-0.0834,-290,6121,35,28,50,49,1
1774109828,49,50,0,0,0,0,no_volume,0,0,0,0,no_volume,0,0,0,0,low_activity,0,0,0,0,0,0,150989,128022,-0.0823,859,7260,35,29,50,49,1
1774109829,49,50,0,0,0,0,no_volume,0,0,0,0,no_volume,0,0,0,0,low_activity,0,0,0,0,0,0,150989,128022,-0.0823,183,-4547,35,29,50,49,1
1774109830,49,50,0,0,0,0,low_activity,0,0,0,0,low_activity,0,0,0,0,low_activity,0,0,0,0,0,0,149496,127023,-0.0813,-344,629,34,28,50,49,1
1774109831,49,50,0,0,0,0,low_activity,0,0,0,0,low_activity,0,0,0,0,low_activity,0,0,0,0,0,0,150443,111201,-0.15,-546,715,35,28,50,49,1
1774109832,49,50,0,0,0,0,low_activity,0,0,0,0,low_activity,0,0,0,0,low_activity,0,0,0,0,0,0,150443,127689,-0.0818,-546,313,35,29,50,49,1
1774109833,49,50,0,0,0,0,low_activity,0,0,0,0,low_activity,0,0,0,0,low_activity,0,0,0,0,0,0,150434,127689,-0.0818,938,304,35,29,50,49,1
1774109834,49,50,0,0,0,0,low_activity,0,0,0,0,low_activity,0,0,0,0,low_activity,0,0,0,0,0,0,149468,126723,-0.0824,-975,-662,34,28,50,49,1
1774109835,49,50,0,0,0,0,low_activity,0,0,0,0,low_activity,0,0,0,0,low_activity,0,0,0,0,0,0,150434,127789,-0.0814,-9,304,35,29,50,49,1
1774109836,49,50,0,0,0,0,no_volume,0,0,0,0,low_activity,0,0,0,0,low_activity,0,0,0,0,0,0,151934,127789,-0.0863,1500,1128,35,29,50,49,1
1774109837,49,50,0,0,0,0,no_volume,0,0,0,0,low_activity,0,0,0,0,low_activity,0,0,0,0,0,0,151988,127801,-0.0864,2520,2148,35,29,50,49,1
1774109838,49,50,0,0,0,0,no_volume,0,0,0,0,no_volume,0,0,0,0,low_activity,0,0,0,0,0,0,152954,130255,-0.0801,2520,1965,35,29,50,49,1
1774109839,49,50,0,0,0,0,no_volume,0,0,0,0,no_volume,0,0,0,0,low_activity,0,0,0,0,0,0,152954,129289,-0.0838,1020,1965,35,28,50,49,1
1774109840,49,50,0,0,0,0,no_volume,0,0,0,0,no_volume,0,0,0,0,low_activity,0,0,0,0,0,0,152954,129289,-0.0838,966,3458,35,28,50,49,1
1774109841,49,50,0,0,0,0,no_volume,0,0,0,0,no_volume,0,0,0,0,low_activity,0,0,0,0,0,0,151787,127156,-0.0883,-1167,1344,35,28,50,49,1
1774109842,49,50,0,0,0,0,low_activity,0,0,0,0,low_activity,0,0,0,0,low_activity,0,0,0,0,0,0,152704,129289,-0.083,-250,2261,35,29,50,49,1
1774109843,49,50,0,0,0,0,low_activity,0,0,0,0,low_activity,0,0,0,0,low_activity,0,0,0,0,0,0,152704,126301,-0.0946,-250,2270,35,29,50,49,1
1774109844,49,50,0,0,0,0,low_activity,0,0,0,0,low_activity,0,0,0,0,low_activity,0,0,0,0,0,0,151735,126823,-0.0894,-52,2267,34,28,50,49,1
1774109845,49,50,0,0,0,0,low_activity,0,0,0,0,low_activity,0,0,0,0,low_activity,0,0,0,0,0,0,151735,126823,-0.0894,-969,1301,34,28,50,49,1
1774109846,49,50,0,0,0,0,low_activity,0,0,0,0,low_activity,0,0,0,0,low_activity,0,0,0,0,0,0,151735,126823,-0.0894,-969,-199,34,28,50,49,1
1774109847,49,50,0,0,0,0,no_volume,0,0,0,0,low_activity,0,0,0,0,low_activity,0,0,0,0,0,0,145292,127120,-0.0667,-6443,-6696,35,28,50,49,1
1774109848,49,50,0,0,0,0,no_volume,0,0,0,0,low_activity,0,0,0,0,low_activity,0,0,0,0,0,0,145292,127120,-0.0667,-6443,-7662,35,28,50,49,1
1774109849,49,50,0,0,0,0,no_volume,0,0,0,0,no_volume,0,0,0,0,low_activity,0,0,0,0,0,0,135908,125632,-0.0393,-15827,-17046,35,28,50,49,1
1774109850,49,50,0,0,0,0,no_volume,0,0,0,0,no_volume,0,0,0,0,low_activity,0,0,0,0,0,0,135854,128086,-0.0294,-9438,-17100,35,29,50,49,1
1774109851,49,50,0,0,0,0,no_volume,0,0,0,0,no_volume,0,0,0,0,low_activity,0,0,0,0,0,0,135849,128091,-0.0294,-9443,-15938,34,30,50,49,1
1774109852,49,50,0,0,0,0,no_volume,0,0,0,0,no_volume,0,0,0,0,low_activity,0,0,0,0,0,0,135849,128091,-0.0294,-59,-16855,34,30,50,49,1
1774109853,49,50,0,0,0,0,no_volume,0,0,0,0,no_volume,0,0,0,0,low_activity,0,0,0,0,0,0,135849,128091,-0.0294,-5,-16855,34,30,50,49,1
1774109854,49,50,0,0,0,0,no_volume,0,0,0,0,no_volume,0,0,0,0,low_activity,0,0,0,0,0,0,135849,128328,-0.0285,0,-15886,33,29,50,49,1
1774109855,49,50,0,0,0,0,no_volume,0,0,0,0,no_volume,0,0,0,0,low_activity,0,0,0,0,0,0,135849,125340,-0.0402,0,-15886,33,29,50,49,1
1774109856,49,50,0,0,0,0,no_volume,0,0,0,0,no_volume,0,0,0,0,low_activity,0,0,0,0,0,0,134883,126828,-0.0308,-966,-16852,33,29,50,49,1
1774109857,49,50,0,0,0,0,no_volume,0,0,0,0,no_volume,0,0,0,0,low_activity,0,0,0,0,0,0,134883,126828,-0.0308,-966,-10409,33,29,50,49,1
1774109858,49,50,0,0,0,0,low_activity,0,0,0,0,low_activity,0,0,0,0,low_activity,0,0,0,0,0,0,135849,127794,-0.0306,0,-9443,34,30,50,49,1
1774109859,49,50,0,0,0,0,low_activity,0,0,0,0,low_activity,0,0,0,0,low_activity,0,0,0,0,0,0,135849,127794,-0.0306,966,-59,34,30,50,49,1
1774109860,49,50,0,0,0,0,low_activity,0,0,0,0,low_activity,0,0,0,0,low_activity,0,0,0,0,0,0,135849,127794,-0.0306,966,-5,34,30,50,49,1
1774109861,49,50,0,0,0,0,no_volume,0,0,0,0,low_activity,0,0,0,0,low_activity,0,0,0,0,0,0,134883,126306,-0.0328,-966,-966,34,29,50,49,1
1774109862,49,50,0,0,0,0,no_volume,0,0,0,0,low_activity,0,0,0,0,low_activity,0,0,0,0,0,0,137549,127794,-0.0368,1700,1700,34,29,50,49,1
1774109863,49,50,0,0,0,0,no_volume,0,0,0,0,no_volume,0,0,0,0,low_activity,0,0,0,0,0,0,137549,127794,-0.0368,1700,1700,34,29,50,49,1
1774109864,49,50,0,0,0,0,no_volume,0,0,0,0,no_volume,0,0,0,0,low_activity,0,0,0,0,0,0,137549,127794,-0.0368,2666,1700,34,29,50,49,1
1774109865,50,49,0,0,0,0,no_volume,0,0,0,0,no_volume,0,0,0,0,low_activity,0,0,0,0,0,0,73158,131078,0.2836,-64391,-62691,30,29,51,50,1
1774109866,50,49,0,0,0,0,no_volume,0,0,0,0,no_volume,0,0,0,0,low_activity,0,0,0,0,0,0,73653,131286,0.2812,-63896,-61230,33,29,51,50,1
1774109867,50,49,0,0,0,0,no_volume,0,0,0,0,no_volume,0,0,0,0,low_activity,0,0,0,0,0,0,73446,129806,0.2773,-64103,-61437,33,29,51,50,1
1774109868,50,49,0,0,0,0,no_volume,0,0,0,0,no_volume,0,0,0,0,low_activity,0,0,0,0,0,0,71123,131086,0.2965,-2035,-64726,32,29,51,50,1
1774109869,50,49,0,0,0,0,no_volume,0,0,0,0,no_volume,0,0,0,0,low_activity,0,0,0,0,0,0,73469,131086,0.2817,-184,-62380,33,29,51,50,1
1774109870,50,49,0,0,0,0,no_volume,0,0,0,0,no_volume,0,0,0,0,low_activity,0,0,0,0,0,0,73506,131078,0.2814,60,-62343,34,29,51,50,1
1774109871,51,48,0,0,0,0,no_volume,0,0,0,0,no_volume,0,0,0,0,low_activity,0,0,0,0,0,0,73601,131078,0.2808,2478,-61282,33,30,52,51,1
1774109872,50,48,0,0,0,0,low_activity,0,0,0,0,low_activity,0,0,0,0,low_activity,0,0,0,0,0,0,73601,131070,0.2808,132,-63948,32,29,52,50,2
1774109873,50,49,0,0,0,0,low_activity,0,0,0,0,low_activity,0,0,0,0,low_activity,0,0,0,0,0,0,73273,129515,0.2773,-233,-64276,32,29,51,50,1
1774109874,50,49,0,0,0,0,low_activity,0,0,0,0,low_activity,0,0,0,0,low_activity,0,0,0,0,0,0,73615,131176,0.2811,14,-63934,33,29,51,50,1
1774109875,50,49,0,0,0,0,no_volume,0,0,0,0,low_activity,0,0,0,0,low_activity,0,0,0,0,0,0,117493,132439,0.0598,43892,44335,33,29,51,50,1
1774109876,50,49,0,0,0,0,no_volume,0,0,0,0,low_activity,0,0,0,0,low_activity,0,0,0,0,0,0,131432,132233,0.003,58159,57779,31,29,51,50,1
1774109877,50,49,0,0,0,0,no_volume,0,0,0,0,no_volume,0,0,0,0,low_activity,0,0,0,0,0,0,138699,133098,-0.0206,65084,65253,32,29,51,50,1
1774109878,50,49,0,0,0,0,no_volume,0,0,0,0,no_volume,0,0,0,0,low_activity,0,0,0,0,0,0,139817,133390,-0.0235,22324,68694,34,28,51,50,1
1774109879,50,49,0,0,0,0,low_activity,0,0,0,0,low_activity,0,0,0,0,low_activity,0,0,0,0,0,0,140795,133390,-0.027,9363,67326,34,28,51,50,1
1774109880,50,49,0,0,0,0,low_activity,0,0,0,0,low_activity,0,0,0,0,low_activity,0,0,0,0,0,0,140645,133093,-0.0276,1946,67139,34,28,51,50,1
1774109881,50,49,0,0,0,0,no_volume,0,0,0,0,low_activity,0,0,0,0,low_activity,0,0,0,0,0,0,149164,127296,-0.0791,9347,75563,34,28,51,50,1
1774109882,50,49,0,0,0,0,no_volume,0,0,0,0,low_activity,0,0,0,0,low_activity,0,0,0,0,0,0,150699,128385,-0.08,9904,77098,35,29,51,50,1
1774109883,50,49,0,0,0,0,no_volume,0,0,0,0,no_volume,0,0,0,0,low_activity,0,0,0,0,0,0,150699,128385,-0.08,10054,77426,35,29,51,50,1
1774109884,50,49,0,0,0,0,no_volume,0,0,0,0,no_volume,0,0,0,0,low_activity,0,0,0,0,0,0,150495,128172,-0.0801,1331,76880,34,29,51,50,1
1774109885,50,49,0,0,0,0,no_volume,0,0,0,0,no_volume,0,0,0,0,low_activity,0,0,0,0,0,0,150495,128172,-0.0801,-204,33002,34,29,51,50,1
1774109886,50,49,0,0,0,0,no_volume,0,0,0,0,no_volume,0,0,0,0,low_activity,0,0,0,0,0,0,162180,129435,-0.1123,11481,30748,35,29,51,50,1
1774109887,50,49,0,0,0,0,no_volume,0,0,0,0,no_volume,0,0,0,0,low_activity,0,0,0,0,0,0,159721,128469,-0.1084,9226,21022,33,28,51,50,1
1774109888,50,49,0,0,0,0,low_activity,0,0,0,0,low_activity,0,0,0,0,low_activity,0,0,0,0,0,0,158700,128469,-0.1053,8205,18883,33,28,51,50,1
1774109889,50,49,0,0,0,0,low_activity,0,0,0,0,low_activity,0,0,0,0,low_activity,0,0,0,0,0,0,159666,129535,-0.1042,-2514,18871,34,30,51,50,1
1774109890,50,49,0,0,0,0,low_activity,0,0,0,0,low_activity,0,0,0,0,low_activity,0,0,0,0,0,0,159666,129535,-0.1042,-55,19021,34,30,51,50,1
1774109891,50,49,0,0,0,0,no_volume,0,0,0,0,low_activity,0,0,0,0,low_activity,0,0,0,0,0,0,158886,128755,-0.1048,186,9722,35,29,51,50,1
1774109892,50,49,0,0,0,0,no_volume,0,0,0,0,low_activity,0,0,0,0,low_activity,0,0,0,0,0,0,158886,128755,-0.1048,-780,8187,35,29,51,50,1
1774109893,50,49,0,0,0,0,no_volume,0,0,0,0,no_volume,0,0,0,0,low_activity,0,0,0,0,0,0,159666,129528,-0.1042,0,8967,34,30,51,50,1
1774109894,50,49,0,0,0,0,no_volume,0,0,0,0,no_volume,0,0,0,0,low_activity,0,0,0,0,0,0,153126,118159,-0.1289,-5760,2631,33,29,51,50,1
1774109895,49,50,0,0,0,0,low_activity,0,0,0,0,low_activity,0,0,0,0,low_activity,0,0,0,0,0,0,165717,116609,-0.1739,6831,15222,34,28,50,49,1
1774109896,49,50,0,0,0,0,low_activity,0,0,0,0,low_activity,0,0,0,0,low_activity,0,0,0,0,0,0,166683,117575,-0.1728,7017,4503,34,29,50,49,1
1774109897,49,50,0,0,0,0,no_volume,0,0,0,0,low_activity,0,0,0,0,low_activity,0,0,0,0,0,0,166683,117535,-0.1729,13557,6962,34,29,50,49,1
1774109898,49,50,0,0,0,0,low_activity,0,0,0,0,low_activity,0,0,0,0,low_activity,0,0,0,0,0,0,165702,116569,-0.1741,-15,7002,34,28,50,49,1
1774109899,49,50,0,0,0,0,low_activity,0,0,0,0,low_activity,0,0,0,0,low_activity,0,0,0,0,0,0,164202,116419,-0.1703,-2481,4536,34,28,50,49,1
1774109900,49,50,0,0,0,0,low_activity,0,0,0,0,low_activity,0,0,0,0,low_activity,0,0,0,0,0,0,165369,117581,-0.1689,-1314,5703,35,29,50,49,1
1774109901,49,50,0,0,0,0,no_volume,0,0,0,0,low_activity,0,0,0,0,low_activity,0,0,0,0,0,0,165369,117581,-0.1689,-333,6483,35,29,50,49,1
1774109902,49,50,0,0,0,0,no_volume,0,0,0,0,low_activity,0,0,0,0,low_activity,0,0,0,0,0,0,165168,117385,-0.1691,966,6282,34,29,50,49,1
1774109903,49,50,0,0,0,0,no_volume,0,0,0,0,no_volume,0,0,0,0,low_activity,0,0,0,0,0,0,164202,115897,-0.1725,-1167,4536,34,29,50,49,1
1774109904,49,50,0,0,0,0,no_volume,0,0,0,0,no_volume,0,0,0,0,low_activity,0,0,0,0,0,0,165168,117385,-0.1691,-201,12042,35,28,50,49,1
1774109905,49,50,0,0,0,0,no_volume,0,0,0,0,no_volume,0,0,0,0,low_activity,0,0,0,0,0,0,165168,117385,-0.1691,0,-549,35,28,50,49,1
1774109906,49,50,0,0,0,0,no_volume,0,0,0,0,no_volume,0,0,0,0,low_activity,0,0,0,0,0,0,156204,116419,-0.1459,-7998,-10479,34,27,50,49,1
1774109907,49,50,0,0,0,0,no_volume,0,0,0,0,no_volume,0,0,0,0,low_activity,0,0,0,0,0,0,163277,123139,-0.1401,-1891,-3406,36,30,50,49,1
1774109908,49,50,0,0,0,0,no_volume,0,0,0,0,no_volume,0,0,0,0,low_activity,0,0,0,0,0,0,163277,106651,-0.2098,-1891,-2425,36,29,50,49,1
1774109909,49,50,0,0,0,0,low_activity,0,0,0,0,low_activity,0,0,0,0,low_activity,0,0,0,0,0,0,156506,116419,-0.1469,302,-7696,35,28,50,49,1
1774109910,49,50,0,0,0,0,low_activity,0,0,0,0,low_activity,0,0,0,0,low_activity,0,0,0,0,0,0,161972,121927,-0.1411,-1305,-3397,35,28,50,49,1
1774109911,49,50,0,0,0,0,low_activity,0,0,0,0,low_activity,0,0,0,0,low_activity,0,0,0,0,0,0,161972,121927,-0.1411,-1305,-3397,35,28,50,49,1
1774109912,49,50,0,0,0,0,low_activity,0,0,0,0,low_activity,0,0,0,0,low_activity,0,0,0,0,0,0,156972,121927,-0.1257,466,-8196,35,28,50,49,1
1774109913,49,50,0,0,0,0,low_activity,0,0,0,0,low_activity,0,0,0,0,low_activity,0,0,0,0,0,0,156299,121922,-0.1236,-5673,-7903,34,28,50,49,1
1774109914,49,50,0,0,0,0,low_activity,0,0,0,0,low_activity,0,0,0,0,low_activity,0,0,0,0,0,0,138388,122132,-0.0624,-23584,-26780,34,28,50,49,1
1774109915,49,50,0,0,0,0,no_volume,0,0,0,0,low_activity,0,0,0,0,low_activity,0,0,0,0,0,0,140908,121994,-0.0719,-16064,-24260,34,28,50,49,1
1774109916,49,50,0,0,0,0,no_volume,0,0,0,0,low_activity,0,0,0,0,low_activity,0,0,0,0,0,0,141874,124238,-0.0663,-14425,-14330,36,29,50,49,1
1774109917,49,50,0,0,0,0,no_volume,0,0,0,0,no_volume,0,0,0,0,low_activity,0,0,0,0,0,0,141874,124238,-0.0663,3486,-21403,36,29,50,49,1
1774109918,49,50,0,0,0,0,low_activity,0,0,0,0,low_activity,0,0,0,0,low_activity,0,0,0,0,0,0,141764,124238,-0.0659,856,-21513,36,29,50,49,1
1774109919,49,50,0,0,0,0,low_activity,0,0,0,0,low_activity,0,0,0,0,low_activity,0,0,0,0,0,0,141874,122888,-0.0717,0,-14632,35,29,50,49,1
1774109920,49,50,0,0,0,0,low_activity,0,0,0,0,low_activity,0,0,0,0,low_activity,0,0,0,0,0,0,140854,122888,-0.0681,-1020,-21118,35,29,50,49,1
1774109921,49,50,0,0,0,0,no_volume,0,0,0,0,low_activity,0,0,0,0,low_activity,0,0,0,0,0,0,139888,123185,-0.0635,-1876,-22084,34,29,50,49,1
1774109922,49,50,0,0,0,0,no_volume,0,0,0,0,low_activity,0,0,0,0,low_activity,0,0,0,0,0,0,140854,123854,-0.0642,-1020,-16118,34,30,50,49,1
1774109923,49,50,0,0,0,0,no_volume,0,0,0,0,no_volume,0,0,0,0,low_activity,0,0,0,0,0,0,147253,124046,-0.0855,6399,-9046,34,30,50,49,1
1774109924,49,50,0,0,0,0,no_volume,0,0,0,0,no_volume,0,0,0,0,low_activity,0,0,0,0,0,0,147253,124046,-0.0855,7365,8865,34,30,50,49,1
1774109925,49,50,0,0,0,0,low_activity,0,0,0,0,low_activity,0,0,0,0,low_activity,0,0,0,0,0,0,148221,122888,-0.0934,7367,7313,35,28,50,49,1
1774109926,49,50,0,0,0,0,low_activity,0,0,0,0,low_activity,0,0,0,0,low_activity,0,0,0,0,0,0,147213,123178,-0.0889,-40,5339,34,29,50,49,1
1774109927,49,50,0,0,0,0,low_activity,0,0,0,0,low_activity,0,0,0,0,low_activity,0,0,0,0,0,0,146247,120734,-0.0956,-1006,4373,33,28,50,49,1
1774109928,49,50,0,0,0,0,low_activity,0,0,0,0,low_activity,0,0,0,0,low_activity,0,0,0,0,0,0,147880,123188,-0.0911,-341,6116,34,30,50,49,1
1774109929,49,50,0,0,0,0,low_activity,0,0,0,0,low_activity,0,0,0,0,low_activity,0,0,0,0,0,0,147880,123188,-0.0911,667,6006,34,30,50,49,1
1774109930,49,50,0,0,0,0,low_activity,0,0,0,0,low_activity,0,0,0,0,low_activity,0,0,0,0,0,0,147880,124882,-0.0843,1633,7026,34,30,50,49,1
1774109931,49,50,0,0,0,0,no_volume,0,0,0,0,low_activity,0,0,0,0,low_activity,0,0,0,0,0,0,147880,124882,-0.0843,0,7992,34,30,50,49,1
1774109932,49,50,0,0,0,0,no_volume,0,0,0,0,low_activity,0,0,0,0,low_activity,0,0,0,0,0,0,147880,107903,-0.1563,0,7026,35,28,50,49,1
1774109933,49,50,0,0,0,0,low_activity,0,0,0,0,low_activity,0,0,0,0,low_activity,0,0,0,0,0,0,151633,120965,-0.1125,3753,4380,33,28,50,49,1
1774109934,49,50,0,0,0,0,low_activity,0,0,0,0,low_activity,0,0,0,0,low_activity,0,0,0,0,0,0,151633,122453,-0.1065,3753,4380,33,28,50,49,1
1774109935,49,50,0,0,0,0,low_activity,0,0,0,0,low_activity,0,0,0,0,low_activity,0,0,0,0,0,0,152599,123432,-0.1057,4719,4378,34,29,50,49,1
1774109936,49,50,0,0,0,0,no_volume,0,0,0,0,low_activity,0,0,0,0,low_activity,0,0,0,0,0,0,152599,123629,-0.1049,966,5386,34,30,50,49,1
1774109937,49,50,0,0,0,0,no_volume,0,0,0,0,low_activity,0,0,0,0,low_activity,0,0,0,0,0,0,154299,129012,-0.0893,2666,8052,33,30,50,49,1
1774109938,49,50,0,0,0,0,no_volume,0,0,0,0,no_volume,0,0,0,0,low_activity,0,0,0,0,0,0,149799,117406,-0.1212,-2800,1919,34,28,50,49,1
1774109939,49,50,0,0,0,0,no_volume,0,0,0,0,no_volume,0,0,0,0,low_activity,0,0,0,0,0,0,143397,118877,-0.0935,-9202,-4483,34,29,50,49,1
1774109940,49,50,0,0,0,0,no_volume,0,0,0,0,no_volume,0,0,0,0,low_activity,0,0,0,0,0,0,143397,118883,-0.0935,-10902,-4483,34,29,50,49,1
1774109941,49,50,0,0,0,0,no_volume,0,0,0,0,no_volume,0,0,0,0,low_activity,0,0,0,0,0,0,150483,118890,-0.1173,684,2603,34,30,50,49,1
1774109942,49,50,0,0,0,0,no_volume,0,0,0,0,no_volume,0,0,0,0,low_activity,0,0,0,0,0,0,150479,119071,-0.1165,7082,2599,34,30,50,49,1
1774109943,49,50,0,0,0,0,no_volume,0,0,0,0,no_volume,0,0,0,0,low_activity,0,0,0,0,0,0,150776,112876,-0.1438,7379,-857,34,30,50,49,1
1774109944,49,50,0,0,0,0,no_volume,0,0,0,0,no_volume,0,0,0,0,low_activity,0,0,0,0,0,0,150776,111729,-0.1487,293,-857,34,29,50,49,1
1774109945,49,50,0,0,0,0,no_volume,0,0,0,0,no_volume,0,0,0,0,low_activity,0,0,0,0,0,0,151742,111207,-0.1542,1263,-857,34,30,50,49,1
1774109946,49,50,0,0,0,0,low_activity,0,0,0,0,low_activity,0,0,0,0,low_activity,0,0,0,0,0,0,150776,112695,-0.1445,0,-1823,33,30,50,49,1
1774109947,49,50,0,0,0,0,low_activity,0,0,0,0,low_activity,0,0,0,0,low_activity,0,0,0,0,0,0,150776,112695,-0.1445,0,-3523,33,30,50,49,1
1774109948,49,50,0,0,0,0,low_activity,0,0,0,0,low_activity,0,0,0,0,low_activity,0,0,0,0,0,0,149810,112875,-0.1406,-1932,11,33,30,50,49,1
1774109949,49,50,0,0,0,0,no_volume,0,0,0,0,low_activity,0,0,0,0,low_activity,0,0,0,0,0,0,149810,112875,-0.1406,-966,6413,33,30,50,49,1
1774109950,49,50,0,0,0,0,low_activity,0,0,0,0,low_activity,0,0,0,0,low_activity,0,0,0,0,0,0,149498,111729,-0.1446,-1278,6101,33,29,50,49,1
1774109951,49,50,0,0,0,0,low_activity,0,0,0,0,low_activity,0,0,0,0,low_activity,0,0,0,0,0,0,141515,112695,-0.1134,-8295,-8968,33,30,50,49,1
1774109952,49,50,0,0,0,0,low_activity,0,0,0,0,low_activity,0,0,0,0,low_activity,0,0,0,0,0,0,141515,112695,-0.1134,-8295,-8964,33,30,50,49,1
1774109953,49,50,0,0,0,0,no_volume,0,0,0,0,low_activity,0,0,0,0,low_activity,0,0,0,0,0,0,141515,112695,-0.1134,-7983,-9261,33,30,50,49,1
1774109954,49,50,0,0,0,0,no_volume,0,0,0,0,low_activity,0,0,0,0,low_activity,0,0,0,0,0,0,141515,112695,-0.1134,0,-9261,33,30,50,49,1
1774109955,49,50,0,0,0,0,no_volume,0,0,0,0,no_volume,0,0,0,0,low_activity,0,0,0,0,0,0,141515,112695,-0.1134,0,-10227,33,30,50,49,1
1774109956,49,50,0,0,0,0,no_volume,0,0,0,0,no_volume,0,0,0,0,low_activity,0,0,0,0,0,0,141515,112695,-0.1134,0,-9261,33,30,50,49,1
1774109957,49,50,0,0,0,0,low_activity,0,0,0,0,low_activity,0,0,0,0,low_activity,0,0,0,0,0,0,141467,111918,-0.1166,-48,-9309,33,29,50,49,1
1774109958,49,50,0,0,0,0,low_activity,0,0,0,0,low_activity,0,0,0,0,low_activity,0,0,0,0,0,0,141467,111901,-0.1167,-48,-8343,33,29,50,49,1
1774109959,49,50,0,0,0,0,low_activity,0,0,0,0,low_activity,0,0,0,0,low_activity,0,0,0,0,0,0,141467,111712,-0.1175,-48,-8343,33,28,50,49,1
1774109960,49,50,0,0,0,0,low_activity,0,0,0,0,low_activity,0,0,0,0,low_activity,0,0,0,0,0,0,141467,111712,-0.1175,0,-8031,33,28,50,49,1
1774109961,49,50,0,0,0,0,no_volume,0,0,0,0,low_activity,0,0,0,0,low_activity,0,0,0,0,0,0,140587,112678,-0.1102,-880,-928,33,29,50,49,1
1774109962,49,50,0,0,0,0,no_volume,0,0,0,0,low_activity,0,0,0,0,low_activity,0,0,0,0,0,0,141471,111732,-0.1175,4,-44,33,29,50,49,1
1774109963,49,50,0,0,0,0,no_volume,0,0,0,0,no_volume,0,0,0,0,low_activity,0,0,0,0,0,0,141471,111732,-0.1175,4,-44,33,29,50,49,1
1774109964,49,50,0,0,0,0,no_volume,0,0,0,0,no_volume,0,0,0,0,low_activity,0,0,0,0,0,0,141471,111062,-0.1204,884,-44,33,29,50,49,1
1774109965,49,50,0,0,0,0,no_volume,0,0,0,0,no_volume,0,0,0,0,low_activity,0,0,0,0,0,0,141471,111062,-0.1204,0,-44,33,29,50,49,1
1774109966,49,50,0,0,0,0,low_activity,0,0,0,0,low_activity,0,0,0,0,low_activity,0,0,0,0,0,0,140510,111813,-0.1137,-961,-1005,33,30,50,49,1
1774109967,49,50,0,0,0,0,low_activity,0,0,0,0,low_activity,0,0,0,0,low_activity,0,0,0,0,0,0,155995,115965,-0.1472,14524,14528,33,29,50,49,1
1774109968,49,50,0,0,0,0,low_activity,0,0,0,0,low_activity,0,0,0,0,low_activity,0,0,0,0,0,0,157111,121213,-0.129,15640,15644,33,29,50,49,1
1774109969,49,50,0,0,0,0,low_activity,0,0,0,0,low_activity,0,0,0,0,low_activity,0,0,0,0,0,0,157111,121213,-0.129,16601,15644,33,29,50,49,1
1774109970,49,50,0,0,0,0,no_volume,0,0,0,0,low_activity,0,0,0,0,low_activity,0,0,0,0,0,0,163184,123280,-0.1393,7189,21717,33,30,50,49,1
1774109971,49,50,0,0,0,0,no_volume,0,0,0,0,low_activity,0,0,0,0,low_activity,0,0,0,0,0,0,163184,117196,-0.164,6073,22597,33,29,50,49,1
1774109972,49,50,0,0,0,0,no_volume,0,0,0,0,no_volume,0,0,0,0,low_activity,0,0,0,0,0,0,163184,116980,-0.1649,6073,21713,33,29,50,49,1
1774109973,49,50,0,0,0,0,no_volume,0,0,0,0,no_volume,0,0,0,0,low_activity,0,0,0,0,0,0,162164,118243,-0.1566,-1020,20693,33,30,50,49,1
1774109974,49,50,0,0,0,0,no_volume,0,0,0,0,no_volume,0,0,0,0,low_activity,0,0,0,0,0,0,158524,68628,-0.3958,-4660,17053,33,27,50,49,1
1774109975,49,50,0,0,0,0,low_activity,0,0,0,0,low_activity,0,0,0,0,low_activity,0,0,0,0,0,0,148384,63380,-0.4014,-14800,6913,33,27,50,49,1
1774109976,49,50,0,0,0,0,low_activity,0,0,0,0,low_activity,0,0,0,0,low_activity,0,0,0,0,0,0,148279,63499,-0.4003,-13885,7769,33,27,50,49,1
1774109977,49,50,0,0,0,0,low_activity,0,0,0,0,low_activity,0,0,0,0,low_activity,0,0,0,0,0,0,150945,63499,-0.4078,-7579,-5050,33,27,50,49,1
1774109978,49,50,0,0,0,0,low_activity,0,0,0,0,low_activity,0,0,0,0,low_activity,0,0,0,0,0,0,150945,63280,-0.4092,2561,-6166,33,27,50,49,1
1774109979,21,68,0,0,0,0,low_activity,0,0,0,0,low_activity,0,0,0,0,low_activity,0,0,0,0,0,0,112803,12915,-0.7945,-35476,-44308,39,17,32,21,11
1774109980,21,78,0,0,0,0,low_activity,0,0,0,0,low_activity,0,0,0,0,low_activity,0,0,0,0,0,0,100224,13475,-0.763,-50721,-62960,41,17,22,21,1
1774109981,21,78,0,0,0,0,low_activity,0,0,0,0,low_activity,0,0,0,0,low_activity,0,0,0,0,0,0,80227,12014,-0.7395,-70718,-82957,40,17,22,21,1
1774109982,22,74,0,0,0,0,low_activity,0,0,0,0,low_activity,0,0,0,0,low_activity,0,0,0,0,0,0,52836,12068,-0.6281,-59967,-110348,37,18,26,22,4
1774109983,21,74,0,0,0,0,low_activity,0,0,0,0,low_activity,0,0,0,0,low_activity,0,0,0,0,0,0,52861,11958,-0.631,-47363,-109303,37,17,26,21,5
1774109984,22,74,0,0,0,0,low_activity,0,0,0,0,low_activity,0,0,0,0,low_activity,0,0,0,0,0,0,52813,11628,-0.6391,-27414,-105711,36,16,26,22,4
1774109985,22,74,0,0,0,0,low_activity,0,0,0,0,low_activity,0,0,0,0,low_activity,0,0,0,0,0,0,52763,11628,-0.6388,-73,-95621,36,17,26,22,4
1774109986,21,75,0,0,0,0,low_activity,0,0,0,0,low_activity,0,0,0,0,low_activity,0,0,0,0,0,0,50946,11636,-0.6281,-1915,-97333,35,17,25,21,4
1774109987,21,75,0,0,0,0,low_activity,0,0,0,0,low_activity,0,0,0,0,low_activity,0,0,0,0,0,0,50190,11790,-0.6196,-2623,-100755,34,18,25,21,4
1774109988,21,75,0,0,0,0,no_volume,0,0,0,0,low_activity,0,0,0,0,low_activity,0,0,0,0,0,0,50469,11986,-0.6162,-2294,-100476,35,19,25,21,4
1774109989,21,75,0,0,0,0,no_volume,0,0,0,0,low_activity,0,0,0,0,low_activity,0,0,0,0,0,0,50339,11986,-0.6154,-607,-62464,34,19,25,21,4
1774109990,21,75,0,0,0,0,no_volume,0,0,0,0,no_volume,0,0,0,0,low_activity,0,0,0,0,0,0,50037,11790,-0.6186,-153,-50187,36,18,25,21,4
1774109991,21,75,0,0,0,0,no_volume,0,0,0,0,no_volume,0,0,0,0,low_activity,0,0,0,0,0,0,50015,11765,-0.6191,-454,-30212,33,18,25,21,4
1774109992,21,75,0,0,0,0,no_volume,0,0,0,0,no_volume,0,0,0,0,low_activity,0,0,0,0,0,0,50187,11790,-0.6195,-152,-2649,35,18,25,21,4
1774109993,21,75,0,0,0,0,low_activity,0,0,0,0,low_activity,0,0,0,0,low_activity,0,0,0,0,0,0,50014,12047,-0.6118,-23,-2847,35,17,25,21,4
1774109994,21,75,0,0,0,0,low_activity,0,0,0,0,low_activity,0,0,0,0,low_activity,0,0,0,0,0,0,50353,11876,-0.6183,338,-2460,35,17,25,21,4
1774109995,21,75,0,0,0,0,low_activity,0,0,0,0,low_activity,0,0,0,0,low_activity,0,0,0,0,0,0,50196,12101,-0.6115,9,-2567,35,18,25,21,4
1774109996,22,75,0,0,0,0,no_volume,0,0,0,0,low_activity,0,0,0,0,low_activity,0,0,0,0,0,0,49967,12067,-0.611,-47,-979,35,18,25,22,3
1774109997,22,73,0,0,0,0,no_volume,0,0,0,0,low_activity,0,0,0,0,low_activity,0,0,0,0,0,0,20944,11917,-0.2747,-29409,-29246,34,17,27,22,5
1774109998,20,74,0,0,0,0,low_activity,0,0,0,0,low_activity,0,0,0,0,low_activity,0,0,0,0,0,0,20819,11842,-0.2749,-29377,-29650,33,16,26,20,6
1774109999,21,75,0,0,0,0,low_activity,0,0,0,0,low_activity,0,0,0,0,low_activity,0,0,0,0,0,0,20819,11724,-0.2795,-29148,-29520,34,18,25,21,4
1774110000,22,75,0,0,0,0,low_activity,0,0,0,0,low_activity,0,0,0,0,low_activity,0,0,0,0,0,0,20969,12135,-0.2669,25,-29068,35,19,25,22,3
1774110001,22,75,0,0,0,0,low_activity,0,0,0,0,low_activity,0,0,0,0,low_activity,0,0,0,0,0,0,20797,12170,-0.2617,-22,-29218,33,19,25,22,3
1774110002,22,75,0,0,0,0,low_activity,0,0,0,0,low_activity,0,0,0,0,low_activity,0,0,0,0,0,0,20831,11882,-0.2736,12,-29356,32,19,25,22,3
1774110003,21,75,0,0,0,0,low_activity,0,0,0,0,low_activity,0,0,0,0,low_activity,0,0,0,0,0,0,20801,12039,-0.2668,-168,-29213,32,18,25,21,4
1774110004,21,75,0,0,0,0,low_activity,0,0,0,0,low_activity,0,0,0,0,low_activity,0,0,0,0,0,0,20993,12001,-0.2725,196,-29360,32,19,25,21,4
1774110005,21,75,0,0,0,0,low_activity,0,0,0,0,low_activity,0,0,0,0,low_activity,0,0,0,0,0,0,27504,12229,-0.3844,6673,-22692,33,19,25,21,4
1774110006,21,75,0,0,0,0,low_activity,0,0,0,0,low_activity,0,0,0,0,low_activity,0,0,0,0,0,0,39611,11650,-0.5455,18810,-10356,34,18,25,21,4
1774110007,21,74,0,0,0,0,low_activity,0,0,0,0,low_activity,0,0,0,0,low_activity,0,0,0,0,0,0,46418,11825,-0.5939,25425,25474,34,18,26,21,5
1774110008,21,76,0,0,0,0,low_activity,0,0,0,0,low_activity,0,0,0,0,low_activity,0,0,0,0,0,0,53777,11800,-0.6401,26273,32958,36,18,24,21,3
1774110009,19,76,0,0,0,0,low_activity,0,0,0,0,low_activity,0,0,0,0,low_activity,0,0,0,0,0,0,46628,11587,-0.6019,7017,25809,33,16,24,19,5
1774110010,20,76,0,0,0,0,low_activity,0,0,0,0,low_activity,0,0,0,0,low_activity,0,0,0,0,0,0,52885,11612,-0.6399,6467,31916,33,17,24,20,4
1774110011,20,77,0,0,0,0,low_activity,0,0,0,0,low_activity,0,0,0,0,low_activity,0,0,0,0,0,0,65734,11841,-0.6947,11957,44937,34,18,23,20,3
1774110012,20,77,0,0,0,0,no_volume,0,0,0,0,low_activity,0,0,0,0,low_activity,0,0,0,0,0,0,65861,11841,-0.6952,19233,45030,34,18,23,20,3
1774110013,21,78,0,0,0,0,no_volume,0,0,0,0,low_activity,0,0,0,0,low_activity,0,0,0,0,0,0,71708,11953,-0.7143,18823,50907,35,16,22,21,1
1774110014,20,78,0,0,0,0,low_activity,0,0,0,0,low_activity,0,0,0,0,low_activity,0,0,0,0,0,0,71750,12042,-0.7126,6016,50757,35,14,22,20,2
1774110015,19,78,0,0,0,0,low_activity,0,0,0,0,low_activity,0,0,0,0,low_activity,0,0,0,0,0,0,71750,12211,-0.7091,5889,44246,35,17,22,19,3
1774110016,19,79,0,0,0,0,low_activity,0,0,0,0,low_activity,0,0,0,0,low_activity,0,0,0,0,0,0,78458,11799,-0.7385,6750,38847,36,15,21,19,2
1774110017,19,79,0,0,0,0,low_activity,0,0,0,0,low_activity,0,0,0,0,low_activity,0,0,0,0,0,0,78459,11884,-0.7369,6709,32041,36,15,21,19,2
1774110018,19,79,0,0,0,0,low_activity,0,0,0,0,low_activity,0,0,0,0,low_activity,0,0,0,0,0,0,78460,11824,-0.7381,6710,24683,36,17,21,19,2
1774110019,19,80,0,0,0,0,no_volume,0,0,0,0,low_activity,0,0,0,0,low_activity,0,0,0,0,0,0,78528,11943,-0.736,70,31900,37,16,20,19,1
1774110020,19,80,0,0,0,0,low_activity,0,0,0,0,low_activity,0,0,0,0,low_activity,0,0,0,0,0,0,78378,11880,-0.7368,-81,25493,37,17,20,19,1
1774110021,18,80,0,0,0,0,low_activity,0,0,0,0,low_activity,0,0,0,0,low_activity,0,0,0,0,0,0,78047,11862,-0.7361,-413,12313,37,15,20,18,2
1774110022,19,80,0,0,0,0,low_activity,0,0,0,0,low_activity,0,0,0,0,low_activity,0,0,0,0,0,0,77972,11807,-0.737,-556,12111,37,16,20,19,1
1774110023,19,80,0,0,0,0,low_activity,0,0,0,0,low_activity,0,0,0,0,low_activity,0,0,0,0,0,0,77773,11639,-0.7397,-605,6065,37,15,20,19,1
1774110024,19,80,0,0,0,0,low_activity,0,0,0,0,low_activity,0,0,0,0,low_activity,0,0,0,0,0,0,77727,11759,-0.7372,-320,5977,37,16,20,19,1
1774110025,17,80,0,0,0,0,low_activity,0,0,0,0,low_activity,0,0,0,0,low_activity,0,0,0,0,0,0,77716,11878,-0.7348,-256,5966,37,15,20,17,3
1774110026,18,80,0,0,0,0,low_activity,0,0,0,0,low_activity,0,0,0,0,low_activity,0,0,0,0,0,0,77706,12073,-0.7311,-67,-752,37,16,20,18,2
1774110027,18,80,0,0,0,0,low_activity,0,0,0,0,low_activity,0,0,0,0,low_activity,0,0,0,0,0,0,77686,11973,-0.7329,-41,-773,37,16,20,18,2
1774110028,18,79,0,0,0,0,no_volume,0,0,0,0,low_activity,0,0,0,0,low_activity,0,0,0,0,0,0,77693,12123,-0.73,-23,-767,36,16,21,18,3
1774110029,18,79,0,0,0,0,low_activity,0,0,0,0,low_activity,0,0,0,0,low_activity,0,0,0,0,0,0,77910,12851,-0.7168,204,-618,36,16,21,18,3
1774110030,17,82,0,0,0,0,low_activity,0,0,0,0,low_activity,0,0,0,0,low_activity,0,0,0,0,0,0,78411,12487,-0.7253,725,33,38,15,18,17,1
1774110031,16,82,0,0,0,0,low_activity,0,0,0,0,low_activity,0,0,0,0,low_activity,0,0,0,0,0,0,77940,12438,-0.7248,247,-107,36,14,18,16,2
1774110032,17,82,0,0,0,0,low_activity,0,0,0,0,low_activity,0,0,0,0,low_activity,0,0,0,0,0,0,78122,12208,-0.7297,212,150,37,15,18,17,1
1774110033,17,82,0,0,0,0,low_activity,0,0,0,0,low_activity,0,0,0,0,low_activity,0,0,0,0,0,0,78007,12198,-0.7295,-404,234,37,15,18,17,1
1774110034,17,81,0,0,0,0,low_activity,0,0,0,0,low_activity,0,0,0,0,low_activity,0,0,0,0,0,0,78017,12404,-0.7256,77,290,36,15,19,17,2
1774110035,17,81,0,0,0,0,low_activity,0,0,0,0,low_activity,0,0,0,0,low_activity,0,0,0,0,0,0,78017,12404,-0.7256,-105,301,36,15,19,17,2
1774110036,17,81,0,0,0,0,low_activity,0,0,0,0,low_activity,0,0,0,0,low_activity,0,0,0,0,0,0,78047,12357,-0.7266,40,341,36,15,19,17,2
1774110037,17,81,0,0,0,0,no_volume,0,0,0,0,low_activity,0,0,0,0,low_activity,0,0,0,0,0,0,78260,12257,-0.7292,243,574,37,15,19,17,2
1774110038,17,81,0,0,0,0,low_activity,0,0,0,0,low_activity,0,0,0,0,low_activity,0,0,0,0,0,0,78257,12257,-0.7292,240,564,37,15,19,17,2
1774110039,17,81,0,0,0,0,low_activity,0,0,0,0,low_activity,0,0,0,0,low_activity,0,0,0,0,0,0,77944,12257,-0.7282,-103,34,36,15,19,17,2
1774110040,17,81,0,0,0,0,low_activity,0,0,0,0,low_activity,0,0,0,0,low_activity,0,0,0,0,0,0,77827,12366,-0.7258,-433,-584,36,15,19,17,2
1774110041,17,81,0,0,0,0,low_activity,0,0,0,0,low_activity,0,0,0,0,low_activity,0,0,0,0,0,0,77827,12500,-0.7232,-430,-113,36,15,19,17,2
1774110042,17,81,0,0,0,0,low_activity,0,0,0,0,low_activity,0,0,0,0,low_activity,0,0,0,0,0,0,77817,12238,-0.7282,-127,-305,36,15,19,17,2
1774110043,17,81,0,0,0,0,low_activity,0,0,0,0,low_activity,0,0,0,0,low_activity,0,0,0,0,0,0,77818,12388,-0.7253,-9,-189,36,15,19,17,2
1774110044,17,81,0,0,0,0,low_activity,0,0,0,0,low_activity,0,0,0,0,low_activity,0,0,0,0,0,0,77818,12388,-0.7253,-9,-199,36,15,19,17,2
1774110045,17,81,0,0,0,0,low_activity,0,0,0,0,low_activity,0,0,0,0,low_activity,0,0,0,0,0,0,77818,12271,-0.7276,1,-199,36,13,19,17,2
1774110046,16,81,0,0,0,0,low_activity,0,0,0,0,low_activity,0,0,0,0,low_activity,0,0,0,0,0,0,78005,12126,-0.7309,187,-42,37,13,19,16,3
1774110047,17,81,0,0,0,0,low_activity,0,0,0,0,low_activity,0,0,0,0,low_activity,0,0,0,0,0,0,77827,12045,-0.732,9,-433,36,13,19,17,2
1774110048,16,81,0,0,0,0,low_activity,0,0,0,0,low_activity,0,0,0,0,low_activity,0,0,0,0,0,0,77826,16964,-0.6421,8,-431,36,13,19,16,3
1774110049,17,81,0,0,0,0,low_activity,0,0,0,0,low_activity,0,0,0,0,low_activity,0,0,0,0,0,0,77804,16889,-0.6433,-201,-140,36,13,19,17,2
1774110050,17,81,0,0,0,0,low_activity,0,0,0,0,low_activity,0,0,0,0,low_activity,0,0,0,0,0,0,77730,16919,-0.6425,-97,-97,36,13,19,17,2
1774110051,17,81,0,0,0,0,low_activity,0,0,0,0,low_activity,0,0,0,0,low_activity,0,0,0,0,0,0,77730,16919,-0.6425,-96,-97,36,13,19,17,2
1774110052,17,81,0,0,0,0,low_activity,0,0,0,0,low_activity,0,0,0,0,low_activity,0,0,0,0,0,0,77823,16901,-0.6432,19,6,36,14,19,17,2
1774110053,16,81,0,0,0,0,low_activity,0,0,0,0,low_activity,0,0,0,0,low_activity,0,0,0,0,0,0,77823,16754,-0.6457,93,5,36,14,19,16,3
1774110054,17,80,0,0,0,0,low_activity,0,0,0,0,low_activity,0,0,0,0,low_activity,0,0,0,0,0,0,77703,16789,-0.6446,-27,-115,36,15,20,17,3
1774110055,16,80,0,0,0,0,low_activity,0,0,0,0,low_activity,0,0,0,0,low_activity,0,0,0,0,0,0,77720,16724,-0.6458,-103,-98,36,13,20,16,4
1774110056,16,81,0,0,0,0,low_activity,0,0,0,0,low_activity,0,0,0,0,low_activity,0,0,0,0,0,0,77526,16898,-0.6421,-297,-479,36,14,19,16,3
1774110057,16,81,0,0,0,0,low_activity,0,0,0,0,low_activity,0,0,0,0,low_activity,0,0,0,0,0,0,77676,16973,-0.6413,-27,-151,36,14,19,16,3
1774110058,17,81,0,0,0,0,low_activity,0,0,0,0,low_activity,0,0,0,0,low_activity,0,0,0,0,0,0,77534,17078,-0.639,-186,-292,36,15,19,17,2
1774110059,15,80,0,0,0,0,low_activity,0,0,0,0,low_activity,0,0,0,0,low_activity,0,0,0,0,0,0,75600,14984,-0.6692,-1926,-2204,35,14,20,15,5
1774110060,19,80,0,0,0,0,low_activity,0,0,0,0,low_activity,0,0,0,0,low_activity,0,0,0,0,0,0,89019,21339,-0.6133,11343,11289,35,14,20,19,1
1774110061,19,80,0,0,0,0,low_activity,0,0,0,0,low_activity,0,0,0,0,low_activity,0,0,0,0,0,0,117912,50883,-0.3971,40378,40182,35,16,20,19,1
1774110062,19,80,0,0,0,0,low_activity,0,0,0,0,low_activity,0,0,0,0,low_activity,0,0,0,0,0,0,113563,60670,-0.3036,37963,35740,34,17,20,19,1
1774110063,19,80,0,0,0,0,low_activity,0,0,0,0,low_activity,0,0,0,0,low_activity,0,0,0,0,0,0,164706,127469,-0.1274,75687,86883,37,17,20,19,1
1774110064,19,80,0,0,0,0,no_volume,0,0,0,0,low_activity,0,0,0,0,low_activity,0,0,0,0,0,0,164731,127100,-0.1289,46819,87028,37,17,20,19,1
1774110065,20,79,0,0,0,0,low_activity,0,0,0,0,low_activity,0,0,0,0,low_activity,0,0,0,0,0,0,165323,126109,-0.1346,51760,87603,35,18,21,20,1
1774110066,20,79,0,0,0,0,low_activity,0,0,0,0,low_activity,0,0,0,0,low_activity,0,0,0,0,0,0,171619,125712,-0.1544,6913,94093,37,18,21,20,1
1774110067,20,79,0,0,0,0,low_activity,0,0,0,0,low_activity,0,0,0,0,low_activity,0,0,0,0,0,0,122758,59974,-0.3436,-41973,45082,35,17,21,20,1
1774110068,20,79,0,0,0,0,low_activity,0,0,0,0,low_activity,0,0,0,0,low_activity,0,0,0,0,0,0,171891,126725,-0.1513,6568,94357,37,17,21,20,1
1774110069,20,79,0,0,0,0,low_activity,0,0,0,0,low_activity,0,0,0,0,low_activity,0,0,0,0,0,0,174432,124675,-0.1664,2813,98832,37,17,21,20,1
1774110070,20,79,0,0,0,0,low_activity,0,0,0,0,low_activity,0,0,0,0,low_activity,0,0,0,0,0,0,173289,125573,-0.1597,50531,84270,37,17,21,20,1
1774110071,20,79,0,0,0,0,low_activity,0,0,0,0,low_activity,0,0,0,0,low_activity,0,0,0,0,0,0,171681,125573,-0.1551,-210,53769,37,17,21,20,1
1774110072,20,79,0,0,0,0,low_activity,0,0,0,0,low_activity,0,0,0,0,low_activity,0,0,0,0,0,0,174144,127085,-0.1562,-288,60581,38,19,21,20,1
1774110073,20,79,0,0,0,0,low_activity,0,0,0,0,low_activity,0,0,0,0,low_activity,0,0,0,0,0,0,173668,127050,-0.155,379,8962,37,19,21,20,1
1774110074,20,79,0,0,0,0,low_activity,0,0,0,0,low_activity,0,0,0,0,low_activity,0,0,0,0,0,0,173668,127050,-0.155,1987,8937,37,19,21,20,1
1774110075,20,79,0,0,0,0,low_activity,0,0,0,0,low_activity,0,0,0,0,low_activity,0,0,0,0,0,0,123652,62037,-0.3318,-50492,-41671,35,18,21,20,1
1774110076,20,79,0,0,0,0,no_volume,0,0,0,0,low_activity,0,0,0,0,low_activity,0,0,0,0,0,0,123652,62037,-0.3318,-50016,-47967,35,18,21,20,1
1774110077,20,79,0,0,0,0,no_volume,0,0,0,0,low_activity,0,0,0,0,low_activity,0,0,0,0,0,0,121755,62037,-0.3249,-51913,-1003,34,18,21,20,1
1774110078,19,80,0,0,0,0,low_activity,0,0,0,0,low_activity,0,0,0,0,low_activity,0,0,0,0,0,0,130761,67578,-0.3186,7109,-41130,36,17,20,19,1
1774110079,19,80,0,0,0,0,low_activity,0,0,0,0,low_activity,0,0,0,0,low_activity,0,0,0,0,0,0,126397,67578,-0.3032,2745,-48035,35,17,20,19,1
1774110080,19,80,0,0,0,0,low_activity,0,0,0,0,low_activity,0,0,0,0,low_activity,0,0,0,0,0,0,126298,62760,-0.3361,4543,-46991,36,17,20,19,1
1774110081,19,80,0,0,0,0,low_activity,0,0,0,0,low_activity,0,0,0,0,low_activity,0,0,0,0,0,0,132595,62660,-0.3582,1834,-39086,36,17,20,19,1
1774110082,19,80,0,0,0,0,low_activity,0,0,0,0,low_activity,0,0,0,0,low_activity,0,0,0,0,0,0,132380,62478,-0.3587,5983,-41764,35,17,20,19,1
1774110083,19,80,0,0,0,0,low_activity,0,0,0,0,low_activity,0,0,0,0,low_activity,0,0,0,0,0,0,132370,62461,-0.3588,6072,-41298,35,17,20,19,1
1774110084,19,80,0,0,0,0,low_activity,0,0,0,0,low_activity,0,0,0,0,low_activity,0,0,0,0,0,0,132370,62449,-0.3589,-225,-41298,35,18,20,19,1
1774110085,19,80,0,0,0,0,low_activity,0,0,0,0,low_activity,0,0,0,0,low_activity,0,0,0,0,0,0,131769,61839,-0.3612,-611,8117,35,17,20,19,1
1774110086,19,80,0,0,0,0,low_activity,0,0,0,0,low_activity,0,0,0,0,low_activity,0,0,0,0,0,0,130789,61819,-0.3581,-1581,7137,35,18,20,19,1
1774110087,19,80,0,0,0,0,low_activity,0,0,0,0,low_activity,0,0,0,0,low_activity,0,0,0,0,0,0,131755,61819,-0.3613,-615,10000,35,18,20,19,1
1774110088,19,80,0,0,0,0,low_activity,0,0,0,0,low_activity,0,0,0,0,low_activity,0,0,0,0,0,0,131815,61819,-0.3615,46,1054,35,18,20,19,1
1774110089,19,80,0,0,0,0,low_activity,0,0,0,0,low_activity,0,0,0,0,low_activity,0,0,0,0,0,0,132038,61903,-0.3616,1249,5641,35,18,20,19,1
1774110090,19,80,0,0,0,0,low_activity,0,0,0,0,low_activity,0,0,0,0,low_activity,0,0,0,0,0,0,132038,61903,-0.3616,283,5740,35,18,20,19,1
1774110091,19,80,0,0,0,0,low_activity,0,0,0,0,low_activity,0,0,0,0,low_activity,0,0,0,0,0,0,131736,62323,-0.3577,-79,-859,34,18,20,19,1
1774110092,19,80,0,0,0,0,low_activity,0,0,0,0,low_activity,0,0,0,0,low_activity,0,0,0,0,0,0,130747,62297,-0.3546,-1291,-1633,34,18,20,19,1
1774110093,19,80,0,0,0,0,low_activity,0,0,0,0,low_activity,0,0,0,0,low_activity,0,0,0,0,0,0,130526,62397,-0.3531,-1512,-1844,37,18,20,19,1
1774110094,19,80,0,0,0,0,low_activity,0,0,0,0,low_activity,0,0,0,0,low_activity,0,0,0,0,0,0,130526,62397,-0.3531,-1210,-1844,37,18,20,19,1
1774110095,19,80,0,0,0,0,low_activity,0,0,0,0,low_activity,0,0,0,0,low_activity,0,0,0,0,0,0,129487,62333,-0.3501,-1260,-2282,37,18,20,19,1
1774110096,19,80,0,0,0,0,low_activity,0,0,0,0,low_activity,0,0,0,0,low_activity,0,0,0,0,0,0,129487,61676,-0.3547,-1039,-1302,37,18,20,19,1
1774110097,19,80,0,0,0,0,low_activity,0,0,0,0,low_activity,0,0,0,0,low_activity,0,0,0,0,0,0,122413,62551,-0.3236,-8113,-9342,37,18,20,19,1
1774110098,19,80,0,0,0,0,low_activity,0,0,0,0,low_activity,0,0,0,0,low_activity,0,0,0,0,0,0,122206,61976,-0.327,-7281,-9609,38,18,20,19,1
1774110099,19,80,0,0,0,0,low_activity,0,0,0,0,low_activity,0,0,0,0,low_activity,0,0,0,0,0,0,122240,62588,-0.3227,-7247,-9798,38,18,20,19,1
1774110100,19,80,0,0,0,0,low_activity,0,0,0,0,low_activity,0,0,0,0,low_activity,0,0,0,0,0,0,123016,62395,-0.327,603,-9022,37,18,20,19,1
1774110101,19,80,0,0,0,0,low_activity,0,0,0,0,low_activity,0,0,0,0,low_activity,0,0,0,0,0,0,123016,62323,-0.3275,810,-8720,37,18,20,19,1
1774110102,19,80,0,0,0,0,low_activity,0,0,0,0,low_activity,0,0,0,0,low_activity,0,0,0,0,0,0,125149,62323,-0.3351,2909,-5598,37,18,20,19,1
1774110103,19,80,0,0,0,0,low_activity,0,0,0,0,low_activity,0,0,0,0,low_activity,0,0,0,0,0,0,124781,61357,-0.3407,1765,-5745,37,17,20,19,1
1774110104,19,80,0,0,0,0,low_activity,0,0,0,0,low_activity,0,0,0,0,low_activity,0,0,0,0,0,0,130350,61357,-0.3599,7334,-176,37,17,20,19,1
1774110105,19,80,0,0,0,0,low_activity,0,0,0,0,low_activity,0,0,0,0,low_activity,0,0,0,0,0,0,130450,61357,-0.3602,5301,963,37,17,20,19,1
1774110106,19,80,0,0,0,0,low_activity,0,0,0,0,low_activity,0,0,0,0,low_activity,0,0,0,0,0,0,130455,60560,-0.3659,5674,968,38,16,20,19,1
1774110107,19,80,0,0,0,0,low_activity,0,0,0,0,low_activity,0,0,0,0,low_activity,0,0,0,0,0,0,129345,61160,-0.3579,-1005,6932,38,16,20,19,1
1774110108,19,80,0,0,0,0,low_activity,0,0,0,0,low_activity,0,0,0,0,low_activity,0,0,0,0,0,0,130817,58557,-0.3816,367,8611,38,17,20,19,1
1774110109,19,80,0,0,0,0,low_activity,0,0,0,0,low_activity,0,0,0,0,low_activity,0,0,0,0,0,0,129921,57078,-0.3895,-534,7681,38,18,20,19,1
1774110110,19,80,0,0,0,0,low_activity,0,0,0,0,low_activity,0,0,0,0,low_activity,0,0,0,0,0,0,129707,56866,-0.3904,362,6691,37,18,20,19,1
1774110111,19,80,0,0,0,0,low_activity,0,0,0,0,low_activity,0,0,0,0,low_activity,0,0,0,0,0,0,129685,56866,-0.3903,-1132,6669,37,18,20,19,1
1774110112,19,80,0,0,0,0,low_activity,0,0,0,0,low_activity,0,0,0,0,low_activity,0,0,0,0,0,0,129685,56866,-0.3903,-236,4536,37,18,20,19,1
1774110113,19,80,0,0,0,0,low_activity,0,0,0,0,low_activity,0,0,0,0,low_activity,0,0,0,0,0,0,128003,55366,-0.3961,-1704,3222,37,18,20,19,1
1774110114,19,80,0,0,0,0,low_activity,0,0,0,0,low_activity,0,0,0,0,low_activity,0,0,0,0,0,0,128003,63859,-0.3343,-1682,-2347,37,18,20,19,1
1774110115,19,80,0,0,0,0,low_activity,0,0,0,0,low_activity,0,0,0,0,low_activity,0,0,0,0,0,0,128183,64039,-0.3337,-1502,-2267,38,18,20,19,1
1774110116,19,80,0,0,0,0,low_activity,0,0,0,0,low_activity,0,0,0,0,low_activity,0,0,0,0,0,0,131505,64039,-0.345,3502,1050,38,18,20,19,1
1774110117,18,81,0,0,0,0,low_activity,0,0,0,0,low_activity,0,0,0,0,low_activity,0,0,0,0,0,0,153670,61195,-0.4304,25667,24325,37,17,19,18,1
1774110118,18,81,0,0,0,0,low_activity,0,0,0,0,low_activity,0,0,0,0,low_activity,0,0,0,0,0,0,152969,61210,-0.4284,24786,22152,37,17,19,18,1
1774110119,18,81,0,0,0,0,low_activity,0,0,0,0,low_activity,0,0,0,0,low_activity,0,0,0,0,0,0,152894,60277,-0.4345,21389,22973,37,17,19,18,1
1774110120,18,81,0,0,0,0,low_activity,0,0,0,0,low_activity,0,0,0,0,low_activity,0,0,0,0,0,0,152885,60465,-0.4332,-785,23178,37,17,19,18,1
1774110121,18,81,0,0,0,0,low_activity,0,0,0,0,low_activity,0,0,0,0,low_activity,0,0,0,0,0,0,147228,60465,-0.4177,-5741,17543,37,17,19,18,1
1774110122,18,81,0,0,0,0,low_activity,0,0,0,0,low_activity,0,0,0,0,low_activity,0,0,0,0,0,0,146988,60465,-0.4171,-5906,17303,37,17,19,18,1
1774110123,18,81,0,0,0,0,low_activity,0,0,0,0,low_activity,0,0,0,0,low_activity,0,0,0,0,0,0,147216,60661,-0.4164,-5669,19213,37,17,19,18,1
1774110124,18,81,0,0,0,0,low_activity,0,0,0,0,low_activity,0,0,0,0,low_activity,0,0,0,0,0,0,145953,60636,-0.413,-1275,17950,37,17,19,18,1
1774110125,18,81,0,0,0,0,low_activity,0,0,0,0,low_activity,0,0,0,0,low_activity,0,0,0,0,0,0,145750,60431,-0.4138,-1238,17567,37,17,19,18,1
1774110126,18,81,0,0,0,0,low_activity,0,0,0,0,low_activity,0,0,0,0,low_activity,0,0,0,0,0,0,146359,60421,-0.4156,-857,14854,37,16,19,18,1
1774110127,18,81,0,0,0,0,no_volume,0,0,0,0,low_activity,0,0,0,0,low_activity,0,0,0,0,0,0,146459,60421,-0.4159,506,-7211,37,16,19,18,1
1774110128,18,81,0,0,0,0,no_volume,0,0,0,0,low_activity,0,0,0,0,low_activity,0,0,0,0,0,0,144476,60416,-0.4103,-1274,-8493,37,17,19,18,1
1774110129,18,81,0,0,0,0,low_activity,0,0,0,0,low_activity,0,0,0,0,low_activity,0,0,0,0,0,0,144520,60707,-0.4084,-1839,-8374,37,17,19,18,1
1774110130,18,81,0,0,0,0,low_activity,0,0,0,0,low_activity,0,0,0,0,low_activity,0,0,0,0,0,0,144520,60687,-0.4085,-1939,-8365,37,17,19,18,1
1774110131,18,81,0,0,0,0,low_activity,0,0,0,0,low_activity,0,0,0,0,low_activity,0,0,0,0,0,0,145779,60496,-0.4134,1303,-1449,38,17,19,18,1
1774110132,18,81,0,0,0,0,low_activity,0,0,0,0,low_activity,0,0,0,0,low_activity,0,0,0,0,0,0,146745,60496,-0.4162,2225,-243,38,17,19,18,1
1774110133,18,81,0,0,0,0,low_activity,0,0,0,0,low_activity,0,0,0,0,low_activity,0,0,0,0,0,0,146745,60496,-0.4162,2225,-471,38,17,19,18,1
1774110134,18,81,0,0,0,0,low_activity,0,0,0,0,low_activity,0,0,0,0,low_activity,0,0,0,0,0,0,145888,60496,-0.4138,109,-65,38,17,19,18,1
1774110135,18,81,0,0,0,0,low_activity,0,0,0,0,low_activity,0,0,0,0,low_activity,0,0,0,0,0,0,83575,58983,-0.1725,-63170,-62175,31,16,19,18,1
1774110136,18,81,0,0,0,0,low_activity,0,0,0,0,low_activity,0,0,0,0,low_activity,0,0,0,0,0,0,18211,56883,0.515,-128534,-128148,32,16,19,18,1
1774110137,18,81,0,0,0,0,low_activity,0,0,0,0,low_activity,0,0,0,0,low_activity,0,0,0,0,0,0,18761,57048,0.505,-127127,-127698,33,16,19,18,1
1774110138,18,81,0,0,0,0,low_activity,0,0,0,0,low_activity,0,0,0,0,low_activity,0,0,0,0,0,0,18518,56575,0.5068,-65057,-125958,34,16,19,18,1
1774110139,18,72,0,0,0,0,low_activity,0,0,0,0,low_activity,0,0,0,0,low_activity,0,0,0,0,0,0,18710,56592,0.5031,499,-125810,36,16,28,18,10
1774110140,18,77,0,0,0,0,low_activity,0,0,0,0,low_activity,0,0,0,0,low_activity,0,0,0,0,0,0,18710,56575,0.503,-51,-125810,34,16,23,18,5
1774110141,18,80,0,0,0,0,low_activity,0,0,0,0,low_activity,0,0,0,0,low_activity,0,0,0,0,0,0,19028,56551,0.4965,510,-126751,34,16,20,18,2
1774110142,18,81,0,0,0,0,low_activity,0,0,0,0,low_activity,0,0,0,0,low_activity,0,0,0,0,0,0,18681,63131,0.5433,-29,-128064,35,16,19,18,1
1774110143,18,81,0,0,0,0,low_activity,0,0,0,0,low_activity,0,0,0,0,low_activity,0,0,0,0,0,0,26498,64394,0.4169,7788,-120247,34,17,19,18,1
1774110144,18,81,0,0,0,0,low_activity,0,0,0,0,low_activity,0,0,0,0,low_activity,0,0,0,0,0,0,69837,64611,-0.0389,50809,-76051,35,17,19,18,1
1774110145,18,81,0,0,0,0,low_activity,0,0,0,0,low_activity,0,0,0,0,low_activity,0,0,0,0,0,0,75296,65220,-0.0717,56615,-8279,34,17,19,18,1
1774110146,18,81,0,0,0,0,no_volume,0,0,0,0,low_activity,0,0,0,0,low_activity,0,0,0,0,0,0,76911,65003,-0.0839,50413,58700,34,17,19,18,1
1774110147,18,81,0,0,0,0,low_activity,0,0,0,0,low_activity,0,0,0,0,low_activity,0,0,0,0,0,0,82566,65003,-0.119,12729,63805,37,16,19,18,1
1774110148,18,81,0,0,0,0,low_activity,0,0,0,0,low_activity,0,0,0,0,low_activity,0,0,0,0,0,0,82566,68321,-0.0944,7270,64048,37,16,19,18,1
1774110149,18,81,0,0,0,0,low_activity,0,0,0,0,low_activity,0,0,0,0,low_activity,0,0,0,0,0,0,82595,67821,-0.0982,5684,63885,34,15,19,18,1
1774110150,18,81,0,0,0,0,low_activity,0,0,0,0,low_activity,0,0,0,0,low_activity,0,0,0,0,0,0,82036,62416,-0.1358,-530,63326,35,15,19,18,1
1774110151,18,81,0,0,0,0,no_volume,0,0,0,0,low_activity,0,0,0,0,low_activity,0,0,0,0,0,0,84064,62598,-0.1464,1498,65036,36,15,19,18,1
1774110152,18,81,0,0,0,0,no_volume,0,0,0,0,low_activity,0,0,0,0,low_activity,0,0,0,0,0,0,83858,62416,-0.1466,1263,65177,36,15,19,18,1
1774110153,18,81,0,0,0,0,no_volume,0,0,0,0,no_volume,0,0,0,0,low_activity,0,0,0,0,0,0,83858,62416,-0.1466,1822,57360,36,15,19,18,1
1774110154,18,81,0,0,0,0,low_activity,0,0,0,0,low_activity,0,0,0,0,low_activity,0,0,0,0,0,0,84527,61410,-0.1584,463,14690,36,14,19,18,1
1774110155,18,81,0,0,0,0,low_activity,0,0,0,0,low_activity,0,0,0,0,low_activity,0,0,0,0,0,0,82705,61417,-0.1477,-1153,7409,35,15,19,18,1
1774110156,18,81,0,0,0,0,low_activity,0,0,0,0,low_activity,0,0,0,0,low_activity,0,0,0,0,0,0,83561,57402,-0.1856,-297,6650,35,15,19,18,1
1774110157,18,81,0,0,0,0,no_volume,0,0,0,0,low_activity,0,0,0,0,low_activity,0,0,0,0,0,0,83586,57402,-0.1857,-941,1020,35,15,19,18,1
1774110158,18,81,0,0,0,0,low_activity,0,0,0,0,low_activity,0,0,0,0,low_activity,0,0,0,0,0,0,82681,57402,-0.1805,-24,115,34,15,19,18,1
1774110159,18,81,0,0,0,0,low_activity,0,0,0,0,low_activity,0,0,0,0,low_activity,0,0,0,0,0,0,84686,57402,-0.192,1125,2091,34,15,19,18,1
1774110160,18,81,0,0,0,0,low_activity,0,0,0,0,low_activity,0,0,0,0,low_activity,0,0,0,0,0,0,83720,56477,-0.1943,134,1684,33,15,19,18,1
1774110161,18,81,0,0,0,0,low_activity,0,0,0,0,low_activity,0,0,0,0,low_activity,0,0,0,0,0,0,83537,56580,-0.1924,856,-527,32,15,19,18,1
1774110162,18,81,0,0,0,0,low_activity,0,0,0,0,low_activity,0,0,0,0,low_activity,0,0,0,0,0,0,83537,56580,-0.1924,-1149,-321,32,15,19,18,1
1774110163,18,81,0,0,0,0,no_volume,0,0,0,0,low_activity,0,0,0,0,low_activity,0,0,0,0,0,0,82571,56266,-0.1895,-1149,-1287,32,14,19,18,1
1774110164,18,81,0,0,0,0,low_activity,0,0,0,0,low_activity,0,0,0,0,low_activity,0,0,0,0,0,0,83371,56283,-0.194,-166,-1156,32,15,19,18,1
1774110165,18,81,0,0,0,0,low_activity,0,0,0,0,low_activity,0,0,0,0,low_activity,0,0,0,0,0,0,81454,56580,-0.1802,-2083,-1251,32,15,19,18,1
1774110166,18,81,0,0,0,0,low_activity,0,0,0,0,low_activity,0,0,0,0,low_activity,0,0,0,0,0,0,82525,56580,-0.1865,-46,-1036,33,15,19,18,1
1774110167,18,81,0,0,0,0,low_activity,0,0,0,0,low_activity,0,0,0,0,low_activity,0,0,0,0,0,0,82525,56283,-0.1891,-846,-1061,33,15,19,18,1
1774110168,17,82,0,0,0,0,low_activity,0,0,0,0,low_activity,0,0,0,0,low_activity,0,0,0,0,0,0,89045,55800,-0.2295,7591,6364,35,14,18,17,1
1774110169,17,82,0,0,0,0,low_activity,0,0,0,0,low_activity,0,0,0,0,low_activity,0,0,0,0,0,0,81843,55816,-0.1891,-682,-2843,35,14,18,17,1
1774110170,17,82,0,0,0,0,low_activity,0,0,0,0,low_activity,0,0,0,0,low_activity,0,0,0,0,0,0,81626,55816,-0.1878,-899,-2094,35,14,18,17,1
1774110171,17,82,0,0,0,0,low_activity,0,0,0,0,low_activity,0,0,0,0,low_activity,0,0,0,0,0,0,69503,55207,-0.1146,-19542,-14034,36,14,18,17,1
1774110172,17,82,0,0,0,0,low_activity,0,0,0,0,low_activity,0,0,0,0,low_activity,0,0,0,0,0,0,72560,55207,-0.1358,-9283,-10977,36,14,18,17,1
1774110173,17,82,0,0,0,0,no_volume,0,0,0,0,low_activity,0,0,0,0,low_activity,0,0,0,0,0,0,79005,55391,-0.1757,-2621,-3566,36,14,18,17,1
1774110174,17,82,0,0,0,0,no_volume,0,0,0,0,low_activity,0,0,0,0,low_activity,0,0,0,0,0,0,73627,56891,-0.1282,4124,-9744,36,14,18,17,1
1774110175,17,82,0,0,0,0,no_volume,0,0,0,0,no_volume,0,0,0,0,low_activity,0,0,0,0,0,0,71598,56707,-0.1161,-962,-9856,35,14,18,17,1
1774110176,17,82,0,0,0,0,no_volume,0,0,0,0,no_volume,0,0,0,0,low_activity,0,0,0,0,0,0,73717,56707,-0.1304,-5288,-8808,35,14,18,17,1
1774110177,17,82,0,0,0,0,low_activity,0,0,0,0,low_activity,0,0,0,0,low_activity,0,0,0,0,0,0,75712,56707,-0.1435,2085,-6813,35,14,18,17,1
1774110178,17,82,0,0,0,0,low_activity,0,0,0,0,low_activity,0,0,0,0,low_activity,0,0,0,0,0,0,75661,56707,-0.1432,4063,-13384,35,14,18,17,1
1774110179,16,82,0,0,0,0,low_activity,0,0,0,0,low_activity,0,0,0,0,low_activity,0,0,0,0,0,0,76679,44752,-0.2629,2962,-5164,36,13,18,16,2
1774110180,17,82,0,0,0,0,low_activity,0,0,0,0,low_activity,0,0,0,0,low_activity,0,0,0,0,0,0,76679,63559,-0.0936,967,-4947,36,14,18,17,1
1774110181,17,82,0,0,0,0,low_activity,0,0,0,0,low_activity,0,0,0,0,low_activity,0,0,0,0,0,0,76679,63559,-0.0936,1018,7176,36,14,18,17,1
1774110182,17,82,0,0,0,0,low_activity,0,0,0,0,low_activity,0,0,0,0,low_activity,0,0,0,0,0,0,74248,64525,-0.0701,-2431,1688,34,14,18,17,1
1774110183,17,82,0,0,0,0,low_activity,0,0,0,0,low_activity,0,0,0,0,low_activity,0,0,0,0,0,0,72426,65155,-0.0528,-4253,-6579,34,14,18,17,1
1774110184,17,82,0,0,0,0,low_activity,0,0,0,0,low_activity,0,0,0,0,low_activity,0,0,0,0,0,0,73690,65155,-0.0615,-2989,63,34,14,18,17,1
1774110185,17,82,0,0,0,0,low_activity,0,0,0,0,low_activity,0,0,0,0,low_activity,0,0,0,0,0,0,74714,64589,-0.0727,466,3116,34,14,18,17,1
1774110186,17,82,0,0,0,0,low_activity,0,0,0,0,low_activity,0,0,0,0,low_activity,0,0,0,0,0,0,75417,64833,-0.0755,2991,1700,34,14,18,17,1
1774110187,17,82,0,0,0,0,low_activity,0,0,0,0,low_activity,0,0,0,0,low_activity,0,0,0,0,0,0,75417,64833,-0.0755,1727,-295,34,14,18,17,1
1774110188,17,82,0,0,0,0,low_activity,0,0,0,0,low_activity,0,0,0,0,low_activity,0,0,0,0,0,0,75612,64969,-0.0757,898,-49,34,14,18,17,1
1774110189,17,82,0,0,0,0,low_activity,0,0,0,0,low_activity,0,0,0,0,low_activity,0,0,0,0,0,0,75417,64754,-0.0761,0,-1262,34,14,18,17,1
1774110190,17,82,0,0,0,0,low_activity,0,0,0,0,low_activity,0,0,0,0,low_activity,0,0,0,0,0,0,75417,64754,-0.0761,0,-1262,34,14,18,17,1
1774110191,17,82,0,0,0,0,low_activity,0,0,0,0,low_activity,0,0,0,0,low_activity,0,0,0,0,0,0,82005,64754,-0.1175,6393,5326,34,14,18,17,1
1774110192,17,82,0,0,0,0,low_activity,0,0,0,0,low_activity,0,0,0,0,low_activity,0,0,0,0,0,0,81990,64754,-0.1175,6573,7742,34,14,18,17,1
1774110193,17,82,0,0,0,0,low_activity,0,0,0,0,low_activity,0,0,0,0,low_activity,0,0,0,0,0,0,81960,64754,-0.1173,6543,9534,34,14,18,17,1
1774110194,17,82,0,0,0,0,low_activity,0,0,0,0,low_activity,0,0,0,0,low_activity,0,0,0,0,0,0,81960,57592,-0.1746,-45,8270,34,14,18,17,1
1774110195,17,82,0,0,0,0,low_activity,0,0,0,0,low_activity,0,0,0,0,low_activity,0,0,0,0,0,0,81960,57592,-0.1746,-30,7246,34,14,18,17,1
1774110196,17,82,0,0,0,0,no_volume,0,0,0,0,low_activity,0,0,0,0,low_activity,0,0,0,0,0,0,81960,57592,-0.1746,0,6543,34,14,18,17,1
1774110197,17,82,0,0,0,0,no_volume,0,0,0,0,low_activity,0,0,0,0,low_activity,0,0,0,0,0,0,81960,57592,-0.1746,0,6543,34,14,18,17,1
1774110198,17,82,0,0,0,0,low_activity,0,0,0,0,low_activity,0,0,0,0,low_activity,0,0,0,0,0,0,81453,57194,-0.175,-507,5841,34,14,18,17,1
1774110199,17,82,0,0,0,0,low_activity,0,0,0,0,low_activity,0,0,0,0,low_activity,0,0,0,0,0,0,81453,57935,-0.1687,-507,6036,34,14,18,17,1
1774110200,17,82,0,0,0,0,low_activity,0,0,0,0,low_activity,0,0,0,0,low_activity,0,0,0,0,0,0,81476,57918,-0.169,-484,6059,34,14,18,17,1
1774110201,17,82,0,0,0,0,low_activity,0,0,0,0,low_activity,0,0,0,0,low_activity,0,0,0,0,0,0,81451,57951,-0.1686,-2,-554,34,14,18,17,1
1774110202,17,82,0,0,0,0,low_activity,0,0,0,0,low_activity,0,0,0,0,low_activity,0,0,0,0,0,0,81451,57951,-0.1686,-2,-539,34,14,18,17,1
1774110203,17,82,0,0,0,0,low_activity,0,0,0,0,low_activity,0,0,0,0,low_activity,0,0,0,0,0,0,81441,57951,-0.1685,-35,-519,34,14,18,17,1
1774110204,17,82,0,0,0,0,low_activity,0,0,0,0,low_activity,0,0,0,0,low_activity,0,0,0,0,0,0,81441,57951,-0.1685,-10,-519,34,14,18,17,1
1774110205,17,82,0,0,0,0,low_activity,0,0,0,0,low_activity,0,0,0,0,low_activity,0,0,0,0,0,0,80330,55736,-0.1808,-1121,-1630,34,14,18,17,1
1774110206,17,82,0,0,0,0,no_volume,0,0,0,0,low_activity,0,0,0,0,low_activity,0,0,0,0,0,0,80330,55736,-0.1808,-1111,-1630,34,14,18,17,1
1774110207,17,82,0,0,0,0,no_volume,0,0,0,0,low_activity,0,0,0,0,low_activity,0,0,0,0,0,0,80903,55944,-0.1824,-538,-1057,34,14,18,17,1
1774110208,17,82,0,0,0,0,no_volume,0,0,0,0,no_volume,0,0,0,0,low_activity,0,0,0,0,0,0,80514,55944,-0.1801,184,-939,34,14,18,17,1
1774110209,17,82,0,0,0,0,low_activity,0,0,0,0,low_activity,0,0,0,0,low_activity,0,0,0,0,0,0,80215,55736,-0.1801,-115,-1238,34,14,18,17,1
1774110210,17,82,0,0,0,0,low_activity,0,0,0,0,low_activity,0,0,0,0,low_activity,0,0,0,0,0,0,80330,55706,-0.181,-573,-1146,34,14,18,17,1
1774110211,17,82,0,0,0,0,low_activity,0,0,0,0,low_activity,0,0,0,0,low_activity,0,0,0,0,0,0,80433,55706,-0.1816,-81,-1018,34,14,18,17,1
1774110212,17,82,0,0,0,0,low_activity,0,0,0,0,low_activity,0,0,0,0,low_activity,0,0,0,0,0,0,73992,55706,-0.141,-6223,-7459,34,14,18,17,1
1774110213,17,82,0,0,0,0,low_activity,0,0,0,0,low_activity,0,0,0,0,low_activity,0,0,0,0,0,0,81092,55806,-0.1847,762,-349,34,14,18,17,1
1774110214,17,82,0,0,0,0,low_activity,0,0,0,0,low_activity,0,0,0,0,low_activity,0,0,0,0,0,0,81092,56103,-0.1821,659,-349,34,14,18,17,1
1774110215,17,82,0,0,0,0,low_activity,0,0,0,0,low_activity,0,0,0,0,low_activity,0,0,0,0,0,0,82592,57603,-0.1782,8600,2262,34,14,18,17,1
1774110216,17,82,0,0,0,0,low_activity,0,0,0,0,low_activity,0,0,0,0,low_activity,0,0,0,0,0,0,82592,57442,-0.1796,1500,2262,34,14,18,17,1
1774110217,17,82,0,0,0,0,low_activity,0,0,0,0,low_activity,0,0,0,0,low_activity,0,0,0,0,0,0,83558,57442,-0.1852,2466,2655,34,14,18,17,1
1774110218,17,82,0,0,0,0,low_activity,0,0,0,0,low_activity,0,0,0,0,low_activity,0,0,0,0,0,0,83754,57590,-0.1851,1162,3240,34,14,18,17,1
1774110219,17,82,0,0,0,0,low_activity,0,0,0,0,low_activity,0,0,0,0,low_activity,0,0,0,0,0,0,83754,57590,-0.1851,1162,3539,34,14,18,17,1
1774110220,17,82,0,0,0,0,low_activity,0,0,0,0,low_activity,0,0,0,0,low_activity,0,0,0,0,0,0,81092,55899,-0.1839,-2466,762,34,14,18,17,1
1774110221,17,82,0,0,0,0,low_activity,0,0,0,0,low_activity,0,0,0,0,low_activity,0,0,0,0,0,0,81040,55899,-0.1836,-2714,607,34,14,18,17,1
1774110222,17,82,0,0,0,0,low_activity,0,0,0,0,low_activity,0,0,0,0,low_activity,0,0,0,0,0,0,82058,55899,-0.1896,-1696,8066,34,14,18,17,1
1774110223,17,82,0,0,0,0,low_activity,0,0,0,0,low_activity,0,0,0,0,low_activity,0,0,0,0,0,0,82058,55899,-0.1896,966,966,34,14,18,17,1
1774110224,17,82,0,0,0,0,no_volume,0,0,0,0,low_activity,0,0,0,0,low_activity,0,0,0,0,0,0,82259,56112,-0.189,1219,1167,34,14,18,17,1
1774110225,17,82,0,0,0,0,no_volume,0,0,0,0,low_activity,0,0,0,0,low_activity,0,0,0,0,0,0,82384,61352,-0.1463,326,-208,34,14,18,17,1
1774110226,17,82,0,0,0,0,low_activity,0,0,0,0,low_activity,0,0,0,0,low_activity,0,0,0,0,0,0,82512,61148,-0.1487,454,-80,34,14,18,17,1
1774110227,16,83,0,0,0,0,low_activity,0,0,0,0,low_activity,0,0,0,0,low_activity,0,0,0,0,0,0,95894,57304,-0.2519,13635,12336,35,13,17,16,1
1774110228,17,82,0,0,0,0,low_activity,0,0,0,0,low_activity,0,0,0,0,low_activity,0,0,0,0,0,0,20177,60533,0.5,-62207,-63577,33,14,18,17,1
1774110229,17,75,0,0,0,0,no_volume,0,0,0,0,low_activity,0,0,0,0,low_activity,0,0,0,0,0,0,20542,60533,0.4933,-61970,-63212,34,14,25,17,8
1774110230,17,81,0,0,0,0,low_activity,0,0,0,0,low_activity,0,0,0,0,low_activity,0,0,0,0,0,0,20914,59932,0.4826,-74980,-60178,39,14,19,17,2
1774110231,17,81,0,0,0,0,low_activity,0,0,0,0,low_activity,0,0,0,0,low_activity,0,0,0,0,0,0,20702,59932,0.4865,525,-60338,35,14,19,17,2
1774110232,17,81,0,0,0,0,low_activity,0,0,0,0,low_activity,0,0,0,0,low_activity,0,0,0,0,0,0,20669,60117,0.4883,127,-61389,34,14,19,17,2
1774110233,17,80,0,0,0,0,low_activity,0,0,0,0,low_activity,0,0,0,0,low_activity,0,0,0,0,0,0,20570,60117,0.4901,-344,-61488,33,14,20,17,3
1774110234,17,80,0,0,0,0,low_activity,0,0,0,0,low_activity,0,0,0,0,low_activity,0,0,0,0,0,0,20257,59932,0.4948,-445,-62002,33,14,20,17,3
1774110235,17,80,0,0,0,0,low_activity,0,0,0,0,low_activity,0,0,0,0,low_activity,0,0,0,0,0,0,20307,59554,0.4914,-362,-62077,34,14,20,17,3
1774110236,17,59,0,0,0,0,no_volume,0,0,0,0,low_activity,0,0,0,0,low_activity,0,0,0,0,0,0,20130,59329,0.4933,-440,-62382,30,14,41,17,24
1774110237,17,62,0,0,0,0,no_volume,0,0,0,0,low_activity,0,0,0,0,low_activity,0,0,0,0,0,0,20413,54976,0.4585,156,-75481,33,14,38,17,21
1774110238,17,69,0,0,0,0,no_volume,0,0,0,0,no_volume,0,0,0,0,low_activity,0,0,0,0,0,0,48284,54976,0.0648,27977,28107,36,14,31,17,14
1774110239,16,82,0,0,0,0,low_activity,0,0,0,0,low_activity,0,0,0,0,low_activity,0,0,0,0,0,0,87839,54693,-0.2326,67709,67297,40,13,18,16,2
1774110240,16,82,0,0,0,0,low_activity,0,0,0,0,low_activity,0,0,0,0,low_activity,0,0,0,0,0,0,87072,54693,-0.2284,66659,66158,40,13,18,16,2
1774110241,16,82,0,0,0,0,low_activity,0,0,0,0,low_activity,0,0,0,0,low_activity,0,0,0,0,0,0,87089,54705,-0.2284,38805,66387,40,13,18,16,2
1774110242,16,82,0,0,0,0,low_activity,0,0,0,0,low_activity,0,0,0,0,low_activity,0,0,0,0,0,0,86939,54900,-0.2259,-900,66270,39,13,18,16,2
1774110243,16,82,0,0,0,0,no_volume,0,0,0,0,low_activity,0,0,0,0,low_activity,0,0,0,0,0,0,20381,54900,0.4585,-66691,-189,33,13,18,16,2
1774110244,16,83,0,0,0,0,no_volume,0,0,0,0,low_activity,0,0,0,0,low_activity,0,0,0,0,0,0,52854,56582,0.0341,-34235,32597,34,13,17,16,1
1774110245,16,83,0,0,0,0,low_activity,0,0,0,0,low_activity,0,0,0,0,low_activity,0,0,0,0,0,0,71573,56615,-0.1167,-15366,51266,34,13,17,16,1
1774110246,16,83,0,0,0,0,low_activity,0,0,0,0,low_activity,0,0,0,0,low_activity,0,0,0,0,0,0,71548,56615,-0.1165,51167,51418,34,13,17,16,1
1774110247,16,83,0,0,0,0,low_activity,0,0,0,0,low_activity,0,0,0,0,low_activity,0,0,0,0,0,0,71850,56615,-0.1186,18996,51437,34,13,17,16,1
1774110248,16,83,0,0,0,0,low_activity,0,0,0,0,low_activity,0,0,0,0,low_activity,0,0,0,0,0,0,71850,56615,-0.1186,277,23566,34,13,17,16,1
1774110249,16,83,0,0,0,0,low_activity,0,0,0,0,low_activity,0,0,0,0,low_activity,0,0,0,0,0,0,71845,56615,-0.1186,297,-15994,34,13,17,16,1
1774110250,16,83,0,0,0,0,low_activity,0,0,0,0,low_activity,0,0,0,0,low_activity,0,0,0,0,0,0,71438,56615,-0.1158,-412,-15634,33,13,17,16,1
1774110251,16,83,0,0,0,0,low_activity,0,0,0,0,low_activity,0,0,0,0,low_activity,0,0,0,0,0,0,71619,56818,-0.1152,-231,-15470,33,13,17,16,1
1774110252,16,83,0,0,0,0,low_activity,0,0,0,0,low_activity,0,0,0,0,low_activity,0,0,0,0,0,0,71619,56818,-0.1152,-226,-15320,33,13,17,16,1
1774110253,16,83,0,0,0,0,no_volume,0,0,0,0,low_activity,0,0,0,0,low_activity,0,0,0,0,0,0,51005,55304,0.0404,-20433,30624,32,13,17,16,1
1774110254,16,83,0,0,0,0,no_volume,0,0,0,0,low_activity,0,0,0,0,low_activity,0,0,0,0,0,0,20280,54693,0.459,-51339,-32574,33,13,17,16,1
1774110255,16,75,0,0,0,0,no_volume,0,0,0,0,no_volume,0,0,0,0,low_activity,0,0,0,0,0,0,20459,54711,0.4557,-51160,-51114,31,13,25,16,9
1774110256,17,77,0,0,0,0,no_volume,0,0,0,0,no_volume,0,0,0,0,low_activity,0,0,0,0,0,0,20520,54867,0.4556,-30485,-51028,34,14,23,17,6
1774110257,17,77,0,0,0,0,low_activity,0,0,0,0,low_activity,0,0,0,0,low_activity,0,0,0,0,0,0,20194,54922,0.4623,-86,-51656,33,14,23,17,6
1774110258,17,79,0,0,0,0,low_activity,0,0,0,0,low_activity,0,0,0,0,low_activity,0,0,0,0,0,0,20180,54899,0.4624,-279,-51670,32,14,21,17,4
1774110259,17,81,0,0,0,0,low_activity,0,0,0,0,low_activity,0,0,0,0,low_activity,0,0,0,0,0,0,20174,54892,0.4625,-346,-51671,30,14,19,17,2
1774110260,17,59,0,0,0,0,low_activity,0,0,0,0,low_activity,0,0,0,0,low_activity,0,0,0,0,0,0,20270,54892,0.4606,76,-51168,34,14,41,17,24
1774110261,17,64,0,0,0,0,no_volume,0,0,0,0,low_activity,0,0,0,0,low_activity,0,0,0,0,0,0,20662,55089,0.4545,482,-50957,34,14,36,17,19
1774110262,17,74,0,0,0,0,no_volume,0,0,0,0,low_activity,0,0,0,0,low_activity,0,0,0,0,0,0,20585,55072,0.4558,411,-51034,34,14,26,17,9
1774110263,18,72,0,0,0,0,no_volume,0,0,0,0,no_volume,0,0,0,0,low_activity,0,0,0,0,0,0,20143,56232,0.4725,-127,-30862,30,15,28,18,10
1774110264,18,81,0,0,0,0,no_volume,0,0,0,0,no_volume,0,0,0,0,low_activity,0,0,0,0,0,0,20229,56302,0.4714,-433,-51,32,15,19,18,1
1774110265,18,81,0,0,0,0,low_activity,0,0,0,0,low_activity,0,0,0,0,low_activity,0,0,0,0,0,0,20257,56302,0.4708,-328,-202,33,15,19,18,1
1774110266,18,81,0,0,0,0,low_activity,0,0,0,0,low_activity,0,0,0,0,low_activity,0,0,0,0,0,0,20287,56309,0.4703,144,-233,34,15,19,18,1
1774110267,18,81,0,0,0,0,low_activity,0,0,0,0,low_activity,0,0,0,0,low_activity,0,0,0,0,0,0,20197,54809,0.4615,-32,3,33,14,19,18,1
1774110268,18,81,0,0,0,0,no_volume,0,0,0,0,low_activity,0,0,0,0,low_activity,0,0,0,0,0,0,20266,55090,0.4621,9,86,33,15,19,18,1
1774110269,18,81,0,0,0,0,low_activity,0,0,0,0,low_activity,0,0,0,0,low_activity,0,0,0,0,0,0,20516,55087,0.4573,229,342,34,15,19,18,1
1774110270,18,81,0,0,0,0,low_activity,0,0,0,0,low_activity,0,0,0,0,low_activity,0,0,0,0,0,0,20314,54932,0.4601,117,44,34,15,19,18,1
1774110271,18,81,0,0,0,0,low_activity,0,0,0,0,low_activity,0,0,0,0,low_activity,0,0,0,0,0,0,20256,54899,0.461,-10,-406,34,15,19,18,1
1774110272,18,81,0,0,0,0,no_volume,0,0,0,0,low_activity,0,0,0,0,low_activity,0,0,0,0,0,0,20056,54846,0.4645,-460,-529,32,15,19,18,1
1774110273,18,81,0,0,0,0,low_activity,0,0,0,0,low_activity,0,0,0,0,low_activity,0,0,0,0,0,0,20164,54826,0.4622,-150,21,32,15,19,18,1
1774110274,17,82,0,0,0,0,low_activity,0,0,0,0,low_activity,0,0,0,0,low_activity,0,0,0,0,0,0,36472,56607,0.2163,16216,16243,33,14,18,17,1
1774110275,16,83,0,0,0,0,low_activity,0,0,0,0,low_activity,0,0,0,0,low_activity,0,0,0,0,0,0,78884,56000,-0.1697,58828,58627,34,13,17,16,1
1774110276,16,83,0,0,0,0,low_activity,0,0,0,0,low_activity,0,0,0,0,low_activity,0,0,0,0,0,0,72753,57680,-0.1156,52589,52466,33,13,17,16,1
1774110277,16,83,0,0,0,0,low_activity,0,0,0,0,low_activity,0,0,0,0,low_activity,0,0,0,0,0,0,72753,57680,-0.1156,36281,52556,33,13,17,16,1
1774110278,16,83,0,0,0,0,low_activity,0,0,0,0,low_activity,0,0,0,0,low_activity,0,0,0,0,0,0,74016,57797,-0.123,-4868,53750,34,13,17,16,1
1774110279,16,83,0,0,0,0,low_activity,0,0,0,0,low_activity,0,0,0,0,low_activity,0,0,0,0,0,0,78912,57297,-0.1587,6159,58396,33,13,17,16,1
1774110280,16,83,0,0,0,0,low_activity,0,0,0,0,low_activity,0,0,0,0,low_activity,0,0,0,0,0,0,78912,57246,-0.1591,6159,58598,33,13,17,16,1
1774110281,16,83,0,0,0,0,low_activity,0,0,0,0,low_activity,0,0,0,0,low_activity,0,0,0,0,0,0,79861,57246,-0.1649,5845,59605,33,13,17,16,1
1774110282,16,83,0,0,0,0,low_activity,0,0,0,0,low_activity,0,0,0,0,low_activity,0,0,0,0,0,0,80430,57246,-0.1684,1518,60374,33,13,17,16,1
1774110283,16,83,0,0,0,0,low_activity,0,0,0,0,low_activity,0,0,0,0,low_activity,0,0,0,0,0,0,80322,57246,-0.1677,1410,60158,33,13,17,16,1
1774110284,16,83,0,0,0,0,low_activity,0,0,0,0,low_activity,0,0,0,0,low_activity,0,0,0,0,0,0,81123,64820,-0.1117,1262,44651,33,13,17,16,1
1774110285,16,83,0,0,0,0,low_activity,0,0,0,0,low_activity,0,0,0,0,low_activity,0,0,0,0,0,0,76155,64775,-0.0807,-4275,-2729,33,13,17,16,1
1774110286,16,83,0,0,0,0,low_activity,0,0,0,0,low_activity,0,0,0,0,low_activity,0,0,0,0,0,0,75976,64588,-0.081,-4346,3223,33,13,17,16,1
1774110287,16,83,0,0,0,0,low_activity,0,0,0,0,low_activity,0,0,0,0,low_activity,0,0,0,0,0,0,75010,64621,-0.0744,-6113,2257,33,13,17,16,1
1774110288,16,83,0,0,0,0,no_volume,0,0,0,0,low_activity,0,0,0,0,low_activity,0,0,0,0,0,0,75010,64621,-0.0744,-1145,994,33,13,17,16,1
1774110289,16,83,0,0,0,0,low_activity,0,0,0,0,low_activity,0,0,0,0,low_activity,0,0,0,0,0,0,75956,64621,-0.0806,-20,-2956,33,13,17,16,1
1774110290,16,83,0,0,0,0,low_activity,0,0,0,0,low_activity,0,0,0,0,low_activity,0,0,0,0,0,0,20720,60992,0.4929,-54290,-58192,31,13,17,16,1
1774110291,16,82,0,0,0,0,low_activity,0,0,0,0,low_activity,0,0,0,0,low_activity,0,0,0,0,0,0,20322,60499,0.4971,-54688,-59539,31,13,18,16,2
1774110292,17,81,0,0,0,0,low_activity,0,0,0,0,low_activity,0,0,0,0,low_activity,0,0,0,0,0,0,20047,60535,0.5024,-55909,-60383,31,14,19,17,2
1774110293,17,72,0,0,0,0,low_activity,0,0,0,0,low_activity,0,0,0,0,low_activity,0,0,0,0,0,0,20553,60912,0.4954,-167,-59769,33,14,28,17,11
1774110294,17,78,0,0,0,0,low_activity,0,0,0,0,low_activity,0,0,0,0,low_activity,0,0,0,0,0,0,20043,60705,0.5036,-279,-61080,31,14,22,17,5
1774110295,17,79,0,0,0,0,no_volume,0,0,0,0,low_activity,0,0,0,0,low_activity,0,0,0,0,0,0,20195,60715,0.5008,148,-55960,31,14,21,17,4
1774110296,17,81,0,0,0,0,low_activity,0,0,0,0,low_activity,0,0,0,0,low_activity,0,0,0,0,0,0,20011,60522,0.503,-542,-55965,30,14,19,17,2
1774110297,17,81,0,0,0,0,low_activity,0,0,0,0,low_activity,0,0,0,0,low_activity,0,0,0,0,0,0,20036,60492,0.5024,-7,-54974,30,14,19,17,2
1774110298,17,81,0,0,0,0,low_activity,0,0,0,0,low_activity,0,0,0,0,low_activity,0,0,0,0,0,0,20194,60492,0.4994,-1,-54816,31,14,19,17,2
1774110299,17,81,0,0,0,0,low_activity,0,0,0,0,low_activity,0,0,0,0,low_activity,0,0,0,0,0,0,20112,60492,0.501,101,-55844,31,14,19,17,2
1774110300,17,81,0,0,0,0,low_activity,0,0,0,0,low_activity,0,0,0,0,low_activity,0,0,0,0,0,0,20112,60492,0.501,76,-608,32,14,19,17,2
1774110301,16,57,0,0,0,0,low_activity,0,0,0,0,low_activity,0,0,0,0,low_activity,0,0,0,0,0,0,20168,60580,0.5005,-26,-154,29,13,43,16,27
1774110302,18,60,0,0,0,0,low_activity,0,0,0,0,low_activity,0,0,0,0,low_activity,0,0,0,0,0,0,20557,60660,0.4938,445,510,31,15,40,18,22
1774110303,19,67,0,0,0,0,low_activity,0,0,0,0,low_activity,0,0,0,0,low_activity,0,0,0,0,0,0,20253,60606,0.4991,141,-300,33,16,33,19,14
1774110304,17,76,0,0,0,0,low_activity,0,0,0,0,low_activity,0,0,0,0,low_activity,0,0,0,0,0,0,18278,60604,0.5366,-1890,-1765,32,14,24,17,7
1774110305,16,83,0,0,0,0,low_activity,0,0,0,0,low_activity,0,0,0,0,low_activity,0,0,0,0,0,0,96123,62310,-0.2134,75566,75928,36,13,17,16,1
1774110306,16,83,0,0,0,0,low_activity,0,0,0,0,low_activity,0,0,0,0,low_activity,0,0,0,0,0,0,108961,62617,-0.2701,88708,88950,38,13,17,16,1
1774110307,16,83,0,0,0,0,low_activity,0,0,0,0,low_activity,0,0,0,0,low_activity,0,0,0,0,0,0,98116,62617,-0.2209,79838,78080,37,13,17,16,1
1774110308,16,83,0,0,0,0,no_volume,0,0,0,0,low_activity,0,0,0,0,low_activity,0,0,0,0,0,0,99591,62800,-0.2266,3468,79397,38,13,17,16,1
1774110309,16,83,0,0,0,0,low_activity,0,0,0,0,low_activity,0,0,0,0,low_activity,0,0,0,0,0,0,99591,62503,-0.2288,-9370,79479,38,13,17,16,1
1774110310,16,83,0,0,0,0,low_activity,0,0,0,0,low_activity,0,0,0,0,low_activity,0,0,0,0,0,0,97557,62320,-0.2204,-559,77445,37,13,17,16,1
1774110311,16,83,0,0,0,0,low_activity,0,0,0,0,low_activity,0,0,0,0,low_activity,0,0,0,0,0,0,97961,67758,-0.1823,-1630,77793,35,13,17,16,1
1774110312,16,83,0,0,0,0,low_activity,0,0,0,0,low_activity,0,0,0,0,low_activity,0,0,0,0,0,0,97966,67638,-0.1831,-1625,77409,35,13,17,16,1
1774110313,16,83,0,0,0,0,low_activity,0,0,0,0,low_activity,0,0,0,0,low_activity,0,0,0,0,0,0,97965,67638,-0.1831,408,77712,34,13,17,16,1
1774110314,16,83,0,0,0,0,low_activity,0,0,0,0,low_activity,0,0,0,0,low_activity,0,0,0,0,0,0,97965,67638,-0.1831,4,79687,34,13,17,16,1
1774110315,16,83,0,0,0,0,low_activity,0,0,0,0,low_activity,0,0,0,0,low_activity,0,0,0,0,0,0,97067,67935,-0.1766,-899,944,34,13,17,16,1
1774110316,16,83,0,0,0,0,low_activity,0,0,0,0,low_activity,0,0,0,0,low_activity,0,0,0,0,0,0,103711,69333,-0.1987,5746,-5250,34,13,17,16,1
1774110317,16,83,0,0,0,0,low_activity,0,0,0,0,low_activity,0,0,0,0,low_activity,0,0,0,0,0,0,64335,68139,0.0287,-33630,-33781,31,13,17,16,1
1774110318,16,83,0,0,0,0,low_activity,0,0,0,0,low_activity,0,0,0,0,low_activity,0,0,0,0,0,0,20325,66021,0.5292,-76742,-79266,36,13,17,16,1
1774110319,16,82,0,0,0,0,low_activity,0,0,0,0,low_activity,0,0,0,0,low_activity,0,0,0,0,0,0,20193,66020,0.5316,-83518,-79398,35,13,18,16,2
1774110320,16,82,0,0,0,0,low_activity,0,0,0,0,low_activity,0,0,0,0,low_activity,0,0,0,0,0,0,20218,66020,0.5311,-44117,-77339,34,13,18,16,2
1774110321,16,83,0,0,0,0,low_activity,0,0,0,0,low_activity,0,0,0,0,low_activity,0,0,0,0,0,0,77284,67900,-0.0646,56959,-20677,35,13,17,16,1
1774110322,16,83,0,0,0,0,low_activity,0,0,0,0,low_activity,0,0,0,0,low_activity,0,0,0,0,0,0,81729,67900,-0.0924,61536,-16237,34,13,17,16,1
1774110323,16,83,0,0,0,0,low_activity,0,0,0,0,low_activity,0,0,0,0,low_activity,0,0,0,0,0,0,83674,68080,-0.1028,63456,-14291,33,13,17,16,1
1774110324,16,83,0,0,0,0,low_activity,0,0,0,0,low_activity,0,0,0,0,low_activity,0,0,0,0,0,0,87397,69613,-0.1133,10113,-10568,34,13,17,16,1
1774110325,16,83,0,0,0,0,low_activity,0,0,0,0,low_activity,0,0,0,0,low_activity,0,0,0,0,0,0,80405,69433,-0.0732,-1324,-16662,34,13,17,16,1
1774110326,16,83,0,0,0,0,low_activity,0,0,0,0,low_activity,0,0,0,0,low_activity,0,0,0,0,0,0,84735,69433,-0.0993,1061,-18976,33,13,17,16,1
1774110327,16,83,0,0,0,0,low_activity,0,0,0,0,low_activity,0,0,0,0,low_activity,0,0,0,0,0,0,84835,69433,-0.0998,-2562,20500,33,13,17,16,1
1774110328,16,83,0,0,0,0,low_activity,0,0,0,0,low_activity,0,0,0,0,low_activity,0,0,0,0,0,0,84835,69433,-0.0998,4430,64510,33,13,17,16,1
1774110329,16,83,0,0,0,0,low_activity,0,0,0,0,low_activity,0,0,0,0,low_activity,0,0,0,0,0,0,83894,66730,-0.114,-841,63701,34,13,17,16,1
1774110330,16,83,0,0,0,0,low_activity,0,0,0,0,low_activity,0,0,0,0,low_activity,0,0,0,0,0,0,85648,66715,-0.1243,813,65430,34,13,17,16,1
1774110331,16,83,0,0,0,0,low_activity,0,0,0,0,low_activity,0,0,0,0,low_activity,0,0,0,0,0,0,85567,66904,-0.1224,732,8283,34,13,17,16,1
1774110332,16,83,0,0,0,0,low_activity,0,0,0,0,low_activity,0,0,0,0,low_activity,0,0,0,0,0,0,86692,67870,-0.1218,2798,4963,35,13,17,16,1
1774110333,16,83,0,0,0,0,low_activity,0,0,0,0,low_activity,0,0,0,0,low_activity,0,0,0,0,0,0,30710,57732,0.3055,-54938,-52964,33,13,17,16,1
1774110334,16,83,0,0,0,0,low_activity,0,0,0,0,low_activity,0,0,0,0,low_activity,0,0,0,0,0,0,20880,63013,0.5022,-64687,-66517,34,13,17,16,1
1774110335,16,83,0,0,0,0,low_activity,0,0,0,0,low_activity,0,0,0,0,low_activity,0,0,0,0,0,0,21030,63013,0.4995,-65662,-59375,34,13,17,16,1
1774110336,16,83,0,0,0,0,no_volume,0,0,0,0,low_activity,0,0,0,0,low_activity,0,0,0,0,0,0,19208,63113,0.5333,-11502,-65527,33,13,17,16,1
1774110337,16,83,0,0,0,0,low_activity,0,0,0,0,low_activity,0,0,0,0,low_activity,0,0,0,0,0,0,20853,63093,0.5032,-27,-63982,33,13,17,16,1
1774110338,16,83,0,0,0,0,low_activity,0,0,0,0,low_activity,0,0,0,0,low_activity,0,0,0,0,0,0,29486,64356,0.3716,8456,-55349,34,13,17,16,1
1774110339,16,83,0,0,0,0,low_activity,0,0,0,0,low_activity,0,0,0,0,low_activity,0,0,0,0,0,0,79604,58727,-0.1509,60396,-4290,34,13,17,16,1
1774110340,16,83,0,0,0,0,low_activity,0,0,0,0,low_activity,0,0,0,0,low_activity,0,0,0,0,0,0,79151,58834,-0.1472,58298,-6497,33,13,17,16,1
1774110341,16,83,0,0,0,0,low_activity,0,0,0,0,low_activity,0,0,0,0,low_activity,0,0,0,0,0,0,85983,58834,-0.1875,56497,416,34,13,17,16,1
1774110342,16,83,0,0,0,0,low_activity,0,0,0,0,low_activity,0,0,0,0,low_activity,0,0,0,0,0,0,86937,59593,-0.1866,7333,245,34,13,17,16,1
1774110343,16,83,0,0,0,0,no_volume,0,0,0,0,low_activity,0,0,0,0,low_activity,0,0,0,0,0,0,88437,60127,-0.1906,9286,57727,34,13,17,16,1
1774110344,16,83,0,0,0,0,low_activity,0,0,0,0,low_activity,0,0,0,0,low_activity,0,0,0,0,0,0,84216,60127,-0.1669,-1767,63336,34,13,17,16,1
1774110345,16,83,0,0,0,0,low_activity,0,0,0,0,low_activity,0,0,0,0,low_activity,0,0,0,0,0,0,87004,61093,-0.175,67,65974,36,13,17,16,1
1774110346,16,83,0,0,0,0,low_activity,0,0,0,0,low_activity,0,0,0,0,low_activity,0,0,0,0,0,0,87301,60206,-0.1837,-1136,68093,36,13,17,16,1
1774110347,16,83,0,0,0,0,low_activity,0,0,0,0,low_activity,0,0,0,0,low_activity,0,0,0,0,0,0,85453,60206,-0.1733,1237,64600,35,13,17,16,1
1774110348,16,83,0,0,0,0,low_activity,0,0,0,0,low_activity,0,0,0,0,low_activity,0,0,0,0,0,0,88092,60195,-0.1881,1088,58606,36,13,17,16,1
1774110349,16,83,0,0,0,0,low_activity,0,0,0,0,low_activity,0,0,0,0,low_activity,0,0,0,0,0,0,88056,60195,-0.1879,755,8452,36,13,17,16,1
1774110350,15,84,0,0,0,0,low_activity,0,0,0,0,low_activity,0,0,0,0,low_activity,0,0,0,0,0,0,87529,60052,-0.1862,2076,8378,36,12,16,15,1
1774110351,15,84,0,0,0,0,low_activity,0,0,0,0,low_activity,0,0,0,0,low_activity,0,0,0,0,0,0,86698,58552,-0.1938,-1394,715,36,12,16,15,1
1774110352,15,84,0,0,0,0,low_activity,0,0,0,0,low_activity,0,0,0,0,low_activity,0,0,0,0,0,0,85732,58551,-0.1884,-2324,-1205,35,12,16,15,1
1774110353,15,84,0,0,0,0,low_activity,0,0,0,0,low_activity,0,0,0,0,low_activity,0,0,0,0,0,0,85732,58551,-0.1884,-1797,-2705,35,12,16,15,1
1774110354,15,84,0,0,0,0,no_volume,0,0,0,0,low_activity,0,0,0,0,low_activity,0,0,0,0,0,0,85732,58551,-0.1884,-966,1516,35,12,16,15,1
1774110355,15,84,0,0,0,0,low_activity,0,0,0,0,low_activity,0,0,0,0,low_activity,0,0,0,0,0,0,83300,58551,-0.1745,-2432,-3704,34,12,16,15,1
1774110356,15,84,0,0,0,0,low_activity,0,0,0,0,low_activity,0,0,0,0,low_activity,0,0,0,0,0,0,85304,58767,-0.1842,-428,-1997,34,12,16,15,1
1774110357,15,84,0,0,0,0,low_activity,0,0,0,0,low_activity,0,0,0,0,low_activity,0,0,0,0,0,0,85304,58767,-0.1842,-428,-149,34,12,16,15,1
1774110358,15,84,0,0,0,0,low_activity,0,0,0,0,low_activity,0,0,0,0,low_activity,0,0,0,0,0,0,91505,58551,-0.2196,8205,3413,35,12,16,15,1
1774110359,15,84,0,0,0,0,low_activity,0,0,0,0,low_activity,0,0,0,0,low_activity,0,0,0,0,0,0,91505,58537,-0.2197,6201,3449,35,12,16,15,1
1774110360,15,84,0,0,0,0,low_activity,0,0,0,0,low_activity,0,0,0,0,low_activity,0,0,0,0,0,0,91505,58537,-0.2197,6201,3976,35,12,16,15,1
1774110361,15,84,0,0,0,0,low_activity,0,0,0,0,low_activity,0,0,0,0,low_activity,0,0,0,0,0,0,91505,58484,-0.2202,0,4807,35,12,16,15,1
1774110362,15,84,0,0,0,0,low_activity,0,0,0,0,low_activity,0,0,0,0,low_activity,0,0,0,0,0,0,91702,58688,-0.2195,197,5970,35,12,16,15,1
1774110363,15,84,0,0,0,0,low_activity,0,0,0,0,low_activity,0,0,0,0,low_activity,0,0,0,0,0,0,91702,58788,-0.2187,197,5970,35,12,16,15,1
1774110364,15,84,0,0,0,0,no_volume,0,0,0,0,low_activity,0,0,0,0,low_activity,0,0,0,0,0,0,89683,58584,-0.2097,-1822,3951,35,12,16,15,1
1774110365,15,84,0,0,0,0,low_activity,0,0,0,0,low_activity,0,0,0,0,low_activity,0,0,0,0,0,0,92460,58584,-0.2243,758,9160,36,12,16,15,1
1774110366,15,84,0,0,0,0,low_activity,0,0,0,0,low_activity,0,0,0,0,low_activity,0,0,0,0,0,0,92460,58584,-0.2243,758,7156,36,12,16,15,1
1774110367,15,84,0,0,0,0,low_activity,0,0,0,0,low_activity,0,0,0,0,low_activity,0,0,0,0,0,0,90086,58584,-0.2119,403,4782,35,13,16,15,1
1774110368,15,84,0,0,0,0,low_activity,0,0,0,0,low_activity,0,0,0,0,low_activity,0,0,0,0,0,0,91184,59550,-0.2099,-1276,-321,36,13,16,15,1
1774110369,15,84,0,0,0,0,low_activity,0,0,0,0,low_activity,0,0,0,0,low_activity,0,0,0,0,0,0,91184,59550,-0.2099,-1276,-321,36,13,16,15,1
1774110370,15,84,0,0,0,0,low_activity,0,0,0,0,low_activity,0,0,0,0,low_activity,0,0,0,0,0,0,88558,59740,-0.1943,-1528,-2947,35,13,16,15,1
1774110371,15,84,0,0,0,0,low_activity,0,0,0,0,low_activity,0,0,0,0,low_activity,0,0,0,0,0,0,91346,58774,-0.217,162,-159,37,13,16,15,1
1774110372,15,84,0,0,0,0,low_activity,0,0,0,0,low_activity,0,0,0,0,low_activity,0,0,0,0,0,0,91128,58584,-0.2174,-56,-574,37,13,16,15,1
1774110373,15,84,0,0,0,0,low_activity,0,0,0,0,low_activity,0,0,0,0,low_activity,0,0,0,0,0,0,91128,58584,-0.2174,2570,-574,37,13,16,15,1
1774110374,15,84,0,0,0,0,low_activity,0,0,0,0,low_activity,0,0,0,0,low_activity,0,0,0,0,0,0,91128,58584,-0.2174,-218,1445,37,13,16,15,1
1774110375,15,84,0,0,0,0,low_activity,0,0,0,0,low_activity,0,0,0,0,low_activity,0,0,0,0,0,0,92383,58584,-0.2239,1255,-77,37,13,16,15,1
1774110376,15,84,0,0,0,0,low_activity,0,0,0,0,low_activity,0,0,0,0,low_activity,0,0,0,0,0,0,89802,58767,-0.2089,-1326,-2658,35,13,16,15,1
1774110377,15,84,0,0,0,0,low_activity,0,0,0,0,low_activity,0,0,0,0,low_activity,0,0,0,0,0,0,90758,58767,-0.214,-370,672,34,13,16,15,1
1774110378,15,84,0,0,0,0,no_volume,0,0,0,0,low_activity,0,0,0,0,low_activity,0,0,0,0,0,0,90551,58584,-0.2143,-1832,-633,34,13,16,15,1
1774110379,15,84,0,0,0,0,no_volume,0,0,0,0,low_activity,0,0,0,0,low_activity,0,0,0,0,0,0,90551,58584,-0.2143,749,-633,34,13,16,15,1
1774110380,15,84,0,0,0,0,low_activity,0,0,0,0,low_activity,0,0,0,0,low_activity,0,0,0,0,0,0,92098,60084,-0.2104,1340,3540,34,13,16,15,1
1774110381,15,84,0,0,0,0,low_activity,0,0,0,0,low_activity,0,0,0,0,low_activity,0,0,0,0,0,0,90812,60084,-0.2036,261,-534,34,13,16,15,1
1774110382,15,84,0,0,0,0,low_activity,0,0,0,0,low_activity,0,0,0,0,low_activity,0,0,0,0,0,0,90099,60283,-0.1983,-452,-1029,34,13,16,15,1
1774110383,15,84,0,0,0,0,low_activity,0,0,0,0,low_activity,0,0,0,0,low_activity,0,0,0,0,0,0,93770,60270,-0.2175,1672,2642,35,13,16,15,1
1774110384,15,84,0,0,0,0,low_activity,0,0,0,0,low_activity,0,0,0,0,low_activity,0,0,0,0,0,0,93547,60071,-0.2179,2735,2419,35,13,16,15,1
1774110385,15,84,0,0,0,0,low_activity,0,0,0,0,low_activity,0,0,0,0,low_activity,0,0,0,0,0,0,93547,60071,-0.2179,3448,1164,35,13,16,15,1
1774110386,15,84,0,0,0,0,low_activity,0,0,0,0,low_activity,0,0,0,0,low_activity,0,0,0,0,0,0,92937,60071,-0.2148,-833,3135,35,13,16,15,1
1774110387,15,84,0,0,0,0,no_volume,0,0,0,0,low_activity,0,0,0,0,low_activity,0,0,0,0,0,0,86794,60071,-0.182,-6753,-3964,35,13,16,15,1
1774110388,15,84,0,0,0,0,no_volume,0,0,0,0,low_activity,0,0,0,0,low_activity,0,0,0,0,0,0,84675,60071,-0.17,-8872,-5876,35,13,16,15,1
1774110389,15,84,0,0,0,0,no_volume,0,0,0,0,no_volume,0,0,0,0,low_activity,0,0,0,0,0,0,86497,60071,-0.1803,-6440,-4054,36,13,16,15,1
1774110390,15,84,0,0,0,0,low_activity,0,0,0,0,low_activity,0,0,0,0,low_activity,0,0,0,0,0,0,87404,60071,-0.1853,610,-4694,37,13,16,15,1
1774110391,15,84,0,0,0,0,low_activity,0,0,0,0,low_activity,0,0,0,0,low_activity,0,0,0,0,0,0,91699,60285,-0.2067,7024,887,36,13,16,15,1
1774110392,15,84,0,0,0,0,low_activity,0,0,0,0,low_activity,0,0,0,0,low_activity,0,0,0,0,0,0,91996,60285,-0.2082,5499,1897,36,13,16,15,1
1774110393,15,84,0,0,0,0,low_activity,0,0,0,0,low_activity,0,0,0,0,low_activity,0,0,0,0,0,0,92378,60071,-0.2119,4974,-1392,36,13,16,15,1
1774110394,15,84,0,0,0,0,low_activity,0,0,0,0,low_activity,0,0,0,0,low_activity,0,0,0,0,0,0,92378,60071,-0.2119,679,-1169,36,13,16,15,1
1774110395,15,84,0,0,0,0,low_activity,0,0,0,0,low_activity,0,0,0,0,low_activity,0,0,0,0,0,0,91522,60071,-0.2075,-474,-2025,36,13,16,15,1
1774110396,15,84,0,0,0,0,no_volume,0,0,0,0,low_activity,0,0,0,0,low_activity,0,0,0,0,0,0,93344,60071,-0.2169,966,407,37,13,16,15,1
1774110397,15,84,0,0,0,0,no_volume,0,0,0,0,low_activity,0,0,0,0,low_activity,0,0,0,0,0,0,93344,60071,-0.2169,966,6550,37,13,16,15,1
1774110398,15,84,0,0,0,0,no_volume,0,0,0,0,no_volume,0,0,0,0,low_activity,0,0,0,0,0,0,92625,60273,-0.2116,1103,7950,37,13,16,15,1
1774110399,15,84,0,0,0,0,no_volume,0,0,0,0,no_volume,0,0,0,0,low_activity,0,0,0,0,0,0,92625,60273,-0.2116,-719,6128,37,13,16,15,1
1774110400,15,84,0,0,0,0,low_activity,0,0,0,0,low_activity,0,0,0,0,low_activity,0,0,0,0,0,0,91294,60071,-0.2063,-2050,3890,36,13,16,15,1
1774110401,15,84,0,0,0,0,low_activity,0,0,0,0,low_activity,0,0,0,0,low_activity,0,0,0,0,0,0,92150,60071,-0.2107,-475,451,35,13,16,15,1
1774110402,15,83,0,0,0,0,low_activity,0,0,0,0,low_activity,0,0,0,0,low_activity,0,0,0,0,0,0,20724,56690,0.4646,-71901,-71272,35,13,17,15,2
1774110403,15,83,0,0,0,0,no_volume,0,0,0,0,low_activity,0,0,0,0,low_activity,0,0,0,0,0,0,20751,56690,0.4641,-70543,-71627,35,13,17,15,2
1774110404,15,83,0,0,0,0,no_volume,0,0,0,0,low_activity,0,0,0,0,low_activity,0,0,0,0,0,0,20769,56690,0.4637,-71381,-71609,35,13,17,15,2
1774110405,15,79,0,0,0,0,low_activity,0,0,0,0,low_activity,0,0,0,0,low_activity,0,0,0,0,0,0,20518,56690,0.4685,-206,-71004,33,13,21,15,6
1774110406,34,62,0,0,0,0,low_activity,0,0,0,0,low_activity,0,0,0,0,low_activity,0,0,0,0,0,0,20657,48887,0.4059,-94,-72687,34,17,38,34,4
1774110407,34,62,0,0,0,0,low_activity,0,0,0,0,low_activity,0,0,0,0,low_activity,0,0,0,0,0,0,22270,42627,0.3137,1501,-71074,35,17,38,34,4
1774110408,34,64,0,0,0,0,low_activity,0,0,0,0,low_activity,0,0,0,0,low_activity,0,0,0,0,0,0,22373,20256,-0.0497,1855,-70252,36,18,36,34,2
1774110409,34,65,0,0,0,0,no_volume,0,0,0,0,low_activity,0,0,0,0,low_activity,0,0,0,0,0,0,22368,22205,-0.0037,1711,-70257,34,19,35,34,1
1774110410,34,65,0,0,0,0,no_volume,0,0,0,0,low_activity,0,0,0,0,low_activity,0,0,0,0,0,0,22324,22212,-0.0025,54,-68970,35,19,35,34,1
1774110411,34,65,0,0,0,0,low_activity,0,0,0,0,low_activity,0,0,0,0,low_activity,0,0,0,0,0,0,22612,22394,-0.0048,239,-69538,35,19,35,34,1
1774110412,34,60,0,0,0,0,low_activity,0,0,0,0,low_activity,0,0,0,0,low_activity,0,0,0,0,0,0,22561,22402,-0.0035,193,1837,33,20,40,34,6
1774110413,33,62,0,0,0,0,low_activity,0,0,0,0,low_activity,0,0,0,0,low_activity,0,0,0,0,0,0,22486,15598,-0.1809,162,1735,34,17,38,33,5
1774110414,33,65,0,0,0,0,low_activity,0,0,0,0,low_activity,0,0,0,0,low_activity,0,0,0,0,0,0,22812,15626,-0.187,200,2043,35,17,35,33,2
1774110415,33,65,0,0,0,0,low_activity,0,0,0,0,low_activity,0,0,0,0,low_activity,0,0,0,0,0,0,22812,15626,-0.187,251,2294,35,17,35,33,2
1774110416,33,65,0,0,0,0,low_activity,0,0,0,0,low_activity,0,0,0,0,low_activity,0,0,0,0,0,0,47455,15834,-0.4996,24969,26798,36,18,35,33,2
1774110417,33,65,0,0,0,0,low_activity,0,0,0,0,low_activity,0,0,0,0,low_activity,0,0,0,0,0,0,47205,15824,-0.4979,24393,24935,35,17,35,33,2
1774110418,33,65,0,0,0,0,low_activity,0,0,0,0,low_activity,0,0,0,0,low_activity,0,0,0,0,0,0,47248,15616,-0.5032,24436,24875,36,16,35,33,2
1774110419,33,65,0,0,0,0,no_volume,0,0,0,0,low_activity,0,0,0,0,low_activity,0,0,0,0,0,0,47222,15616,-0.503,-233,24854,35,16,35,33,2
1774110420,33,65,0,0,0,0,no_volume,0,0,0,0,low_activity,0,0,0,0,low_activity,0,0,0,0,0,0,47122,15616,-0.5022,-83,24798,35,16,35,33,2
1774110421,33,65,0,0,0,0,no_volume,0,0,0,0,no_volume,0,0,0,0,low_activity,0,0,0,0,0,0,47431,15830,-0.4995,183,24819,35,17,35,33,2
1774110422,33,62,0,0,0,0,no_volume,0,0,0,0,no_volume,0,0,0,0,low_activity,0,0,0,0,0,0,47308,15835,-0.4984,86,24747,34,18,38,33,5
1774110423,34,61,0,0,0,0,low_activity,0,0,0,0,low_activity,0,0,0,0,low_activity,0,0,0,0,0,0,46949,15504,-0.5035,-173,24463,34,17,39,34,5
1774110424,35,61,0,0,0,0,low_activity,0,0,0,0,low_activity,0,0,0,0,low_activity,0,0,0,0,0,0,45090,14005,-0.526,-2341,22278,35,17,39,35,4
1774110425,35,61,0,0,0,0,low_activity,0,0,0,0,low_activity,0,0,0,0,low_activity,0,0,0,0,0,0,45050,14119,-0.5228,-2258,22238,34,17,39,35,4
1774110426,30,62,0,0,0,0,low_activity,0,0,0,0,low_activity,0,0,0,0,low_activity,0,0,0,0,0,0,43010,14150,-0.5049,-3939,-4445,32,17,38,30,8
1774110427,30,62,0,0,0,0,low_activity,0,0,0,0,low_activity,0,0,0,0,low_activity,0,0,0,0,0,0,43301,14342,-0.5024,-1789,-3904,33,19,38,30,8
1774110428,31,58,0,0,0,0,low_activity,0,0,0,0,low_activity,0,0,0,0,low_activity,0,0,0,0,0,0,44668,12371,-0.5662,-382,-2580,31,20,42,31,11
1774110429,32,59,0,0,0,0,low_activity,0,0,0,0,low_activity,0,0,0,0,low_activity,0,0,0,0,0,0,44327,12273,-0.5663,1317,-2895,32,20,41,32,9
1774110430,32,59,0,0,0,0,low_activity,0,0,0,0,low_activity,0,0,0,0,low_activity,0,0,0,0,0,0,44411,12205,-0.5688,1110,-2711,32,19,41,32,9
1774110431,35,57,0,0,0,0,low_activity,0,0,0,0,low_activity,0,0,0,0,low_activity,0,0,0,0,0,0,44254,25637,-0.2664,-414,-3177,30,20,43,35,8
1774110432,38,57,0,0,0,0,low_activity,0,0,0,0,low_activity,0,0,0,0,low_activity,0,0,0,0,0,0,44279,38846,-0.0654,-48,-3029,30,19,43,38,5
1774110433,41,57,0,0,0,0,low_activity,0,0,0,0,low_activity,0,0,0,0,low_activity,0,0,0,0,0,0,44254,32240,-0.1571,-157,-2695,30,21,43,41,2
1774110434,40,57,0,0,0,0,low_activity,0,0,0,0,low_activity,0,0,0,0,low_activity,0,0,0,0,0,0,44154,51401,0.0758,-100,-936,30,21,43,40,3
1774110435,40,57,0,0,0,0,low_activity,0,0,0,0,low_activity,0,0,0,0,low_activity,0,0,0,0,0,0,44342,51422,0.0739,63,-708,30,20,43,40,3
1774110436,40,57,0,0,0,0,low_activity,0,0,0,0,low_activity,0,0,0,0,low_activity,0,0,0,0,0,0,44342,51372,0.0734,88,1332,30,20,43,40,3
1774110437,40,57,0,0,0,0,no_volume,0,0,0,0,low_activity,0,0,0,0,low_activity,0,0,0,0,0,0,44154,45090,0.0105,0,853,30,20,43,40,3
1774110438,41,57,0,0,0,0,low_activity,0,0,0,0,low_activity,0,0,0,0,low_activity,0,0,0,0,0,0,43777,51268,0.0788,-565,-891,30,21,43,41,2
1774110439,41,57,0,0,0,0,low_activity,0,0,0,0,low_activity,0,0,0,0,low_activity,0,0,0,0,0,0,68777,51230,-0.1462,24435,24450,30,21,43,41,2
1774110440,41,56,0,0,0,0,low_activity,0,0,0,0,low_activity,0,0,0,0,low_activity,0,0,0,0,0,0,69354,51315,-0.1495,25200,24943,30,21,44,41,3
1774110441,41,56,0,0,0,0,low_activity,0,0,0,0,low_activity,0,0,0,0,low_activity,0,0,0,0,0,0,69575,51510,-0.1492,25798,25321,30,22,44,41,3
1774110442,40,57,0,0,0,0,low_activity,0,0,0,0,low_activity,0,0,0,0,low_activity,0,0,0,0,0,0,69726,58153,-0.0905,949,25447,32,21,43,40,3
1774110443,42,56,0,0,0,0,no_volume,0,0,0,0,low_activity,0,0,0,0,low_activity,0,0,0,0,0,0,69381,65137,-0.0315,27,25127,31,22,44,42,2
1774110444,42,57,0,0,0,0,no_volume,0,0,0,0,low_activity,0,0,0,0,low_activity,0,0,0,0,0,0,69406,65112,-0.0319,-169,25252,32,22,43,42,1
1774110445,42,56,0,0,0,0,low_activity,0,0,0,0,low_activity,0,0,0,0,low_activity,0,0,0,0,0,0,69399,65112,-0.0319,-327,25057,31,22,44,42,2
1774110446,42,56,0,0,0,0,low_activity,0,0,0,0,low_activity,0,0,0,0,low_activity,0,0,0,0,0,0,69500,65298,-0.0312,119,25158,31,22,44,42,2
1774110447,42,56,0,0,0,0,low_activity,0,0,0,0,low_activity,0,0,0,0,low_activity,0,0,0,0,0,0,69500,71607,0.0149,94,25346,31,22,44,42,2
1774110448,42,56,0,0,0,0,no_volume,0,0,0,0,low_activity,0,0,0,0,low_activity,0,0,0,0,0,0,69274,71446,0.0154,-125,25497,31,22,44,42,2
1774110449,42,56,0,0,0,0,no_volume,0,0,0,0,low_activity,0,0,0,0,low_activity,0,0,0,0,0,0,69274,65137,-0.0308,-226,497,31,22,44,42,2
1774110450,42,56,0,0,0,0,low_activity,0,0,0,0,low_activity,0,0,0,0,low_activity,0,0,0,0,0,0,69199,65137,-0.0302,-301,-155,31,22,44,42,2
1774110451,42,56,0,0,0,0,low_activity,0,0,0,0,low_activity,0,0,0,0,low_activity,0,0,0,0,0,0,69199,65137,-0.0302,-75,-376,31,22,44,42,2
1774110452,42,56,0,0,0,0,low_activity,0,0,0,0,low_activity,0,0,0,0,low_activity,0,0,0,0,0,0,69199,65137,-0.0302,-75,-527,31,22,44,42,2
1774110453,42,56,0,0,0,0,low_activity,0,0,0,0,low_activity,0,0,0,0,low_activity,0,0,0,0,0,0,68981,65137,-0.0287,-218,-400,31,22,44,42,2
1774110454,42,57,0,0,0,0,low_activity,0,0,0,0,low_activity,0,0,0,0,low_activity,0,0,0,0,0,0,69132,65102,-0.03,-67,-274,32,22,43,42,1
1774110455,42,56,0,0,0,0,low_activity,0,0,0,0,low_activity,0,0,0,0,low_activity,0,0,0,0,0,0,69209,69462,0.0018,10,-190,32,22,44,42,2
1774110456,42,56,0,0,0,0,low_activity,0,0,0,0,low_activity,0,0,0,0,low_activity,0,0,0,0,0,0,69209,69462,0.0018,228,-291,32,22,44,42,2
1774110457,42,56,0,0,0,0,low_activity,0,0,0,0,low_activity,0,0,0,0,low_activity,0,0,0,0,0,0,68907,69243,0.0024,-225,-593,32,22,44,42,2
1774110458,42,56,0,0,0,0,low_activity,0,0,0,0,low_activity,0,0,0,0,low_activity,0,0,0,0,0,0,68889,62203,-0.051,-320,-385,32,21,44,42,2
1774110459,42,56,0,0,0,0,low_activity,0,0,0,0,low_activity,0,0,0,0,low_activity,0,0,0,0,0,0,81129,68662,-0.0832,11920,11855,32,21,44,42,2
1774110460,43,56,0,0,0,0,low_activity,0,0,0,0,low_activity,0,0,0,0,low_activity,0,0,0,0,0,0,89588,69717,-0.1247,20681,20389,33,22,44,43,1
1774110461,43,56,0,0,0,0,low_activity,0,0,0,0,low_activity,0,0,0,0,low_activity,0,0,0,0,0,0,127219,94670,-0.1467,58330,58020,33,22,44,43,1
1774110462,43,56,0,0,0,0,low_activity,0,0,0,0,low_activity,0,0,0,0,low_activity,0,0,0,0,0,0,130170,94592,-0.1583,49041,60971,33,22,44,43,1
1774110463,43,56,0,0,0,0,low_activity,0,0,0,0,low_activity,0,0,0,0,low_activity,0,0,0,0,0,0,130170,94592,-0.1583,40582,61189,33,22,44,43,1
1774110464,43,56,0,0,0,0,low_activity,0,0,0,0,low_activity,0,0,0,0,low_activity,0,0,0,0,0,0,130070,94699,-0.1574,2851,60938,33,22,44,43,1
1774110465,43,56,0,0,0,0,low_activity,0,0,0,0,low_activity,0,0,0,0,low_activity,0,0,0,0,0,0,129961,89670,-0.1834,-209,60752,33,21,44,43,1
1774110466,43,56,0,0,0,0,low_activity,0,0,0,0,low_activity,0,0,0,0,low_activity,0,0,0,0,0,0,129961,89670,-0.1834,-209,60752,33,21,44,43,1
1774110467,43,56,0,0,0,0,low_activity,0,0,0,0,low_activity,0,0,0,0,low_activity,0,0,0,0,0,0,129629,89670,-0.1822,-441,60722,33,21,44,43,1
1774110468,43,56,0,0,0,0,low_activity,0,0,0,0,low_activity,0,0,0,0,low_activity,0,0,0,0,0,0,129412,89855,-0.1804,-549,60523,33,21,44,43,1
1774110469,42,57,0,0,0,0,low_activity,0,0,0,0,low_activity,0,0,0,0,low_activity,0,0,0,0,0,0,129386,89943,-0.1798,-575,48257,34,20,43,42,1
1774110470,42,57,0,0,0,0,low_activity,0,0,0,0,low_activity,0,0,0,0,low_activity,0,0,0,0,0,0,129387,89791,-0.1807,-242,39799,34,20,43,42,1
1774110471,39,60,0,0,0,0,low_activity,0,0,0,0,low_activity,0,0,0,0,low_activity,0,0,0,0,0,0,128120,13265,-0.8124,-1292,901,32,17,40,39,1
1774110472,39,60,0,0,0,0,low_activity,0,0,0,0,low_activity,0,0,0,0,low_activity,0,0,0,0,0,0,108829,13759,-0.7755,-20557,-21341,34,19,40,39,1
1774110473,39,60,0,0,0,0,low_activity,0,0,0,0,low_activity,0,0,0,0,low_activity,0,0,0,0,0,0,83829,13792,-0.7174,-45558,-46341,34,19,40,39,1
1774110474,39,60,0,0,0,0,low_activity,0,0,0,0,low_activity,0,0,0,0,low_activity,0,0,0,0,0,0,83829,14017,-0.7135,-44291,-46241,34,21,40,39,1
1774110475,39,60,0,0,0,0,low_activity,0,0,0,0,low_activity,0,0,0,0,low_activity,0,0,0,0,0,0,78154,14000,-0.6962,-30675,-51807,34,20,40,39,1
1774110476,39,60,0,0,0,0,low_activity,0,0,0,0,low_activity,0,0,0,0,low_activity,0,0,0,0,0,0,78154,13792,-0.7,-5675,-51807,34,20,40,39,1
1774110477,39,60,0,0,0,0,no_volume,0,0,0,0,low_activity,0,0,0,0,low_activity,0,0,0,0,0,0,78161,13909,-0.6979,-5668,-51468,34,19,40,39,1
1774110478,39,60,0,0,0,0,low_activity,0,0,0,0,low_activity,0,0,0,0,low_activity,0,0,0,0,0,0,78161,13609,-0.7034,7,-51251,34,17,40,39,1
1774110479,39,60,0,0,0,0,low_activity,0,0,0,0,low_activity,0,0,0,0,low_activity,0,0,0,0,0,0,79908,50091,-0.2294,1754,-49478,34,17,40,39,1
1774110480,39,60,0,0,0,0,low_activity,0,0,0,0,low_activity,0,0,0,0,low_activity,0,0,0,0,0,0,78086,53807,-0.1841,-75,-51301,33,17,40,39,1
1774110481,39,60,0,0,0,0,low_activity,0,0,0,0,low_activity,0,0,0,0,low_activity,0,0,0,0,0,0,79898,57538,-0.1627,1737,-48222,33,17,40,39,1
1774110482,39,60,0,0,0,0,low_activity,0,0,0,0,low_activity,0,0,0,0,low_activity,0,0,0,0,0,0,80864,58605,-0.1596,956,-27965,33,17,40,39,1
1774110483,39,60,0,0,0,0,low_activity,0,0,0,0,low_activity,0,0,0,0,low_activity,0,0,0,0,0,0,80864,58605,-0.1596,2778,-2965,33,17,40,39,1
1774110484,41,57,0,0,0,0,low_activity,0,0,0,0,low_activity,0,0,0,0,low_activity,0,0,0,0,0,0,20382,73001,0.5635,-59516,-63447,35,18,43,41,2
1774110485,41,56,0,0,0,0,low_activity,0,0,0,0,low_activity,0,0,0,0,low_activity,0,0,0,0,0,0,18710,79941,0.6207,-62154,-59444,32,18,44,41,3
1774110486,41,56,0,0,0,0,low_activity,0,0,0,0,low_activity,0,0,0,0,low_activity,0,0,0,0,0,0,20466,80183,0.5933,-60398,-57688,32,18,44,41,3
1774110487,41,56,0,0,0,0,low_activity,0,0,0,0,low_activity,0,0,0,0,low_activity,0,0,0,0,0,0,20529,80183,0.5923,147,-57632,32,18,44,41,3
1774110488,41,49,0,0,0,0,low_activity,0,0,0,0,low_activity,0,0,0,0,low_activity,0,0,0,0,0,0,20321,80006,0.5949,1611,-57840,30,19,51,41,10
1774110489,41,57,0,0,0,0,low_activity,0,0,0,0,low_activity,0,0,0,0,low_activity,0,0,0,0,0,0,20705,80006,0.5888,239,-59203,35,19,43,41,2
1774110490,41,56,0,0,0,0,low_activity,0,0,0,0,low_activity,0,0,0,0,low_activity,0,0,0,0,0,0,20529,80006,0.5916,0,-57557,34,19,44,41,3
1774110491,42,56,0,0,0,0,low_activity,0,0,0,0,low_activity,0,0,0,0,low_activity,0,0,0,0,0,0,32740,80006,0.4192,12419,-47158,33,20,44,42,2
1774110492,42,56,0,0,0,0,low_activity,0,0,0,0,low_activity,0,0,0,0,low_activity,0,0,0,0,0,0,40485,77540,0.314,19780,-40379,34,20,44,42,2
1774110493,42,56,0,0,0,0,low_activity,0,0,0,0,low_activity,0,0,0,0,low_activity,0,0,0,0,0,0,31988,77570,0.4161,11459,-48876,32,20,44,42,2
1774110494,42,56,0,0,0,0,no_volume,0,0,0,0,low_activity,0,0,0,0,low_activity,0,0,0,0,0,0,40125,77386,0.3171,7385,19743,32,20,44,42,2
1774110495,43,56,0,0,0,0,low_activity,0,0,0,0,low_activity,0,0,0,0,low_activity,0,0,0,0,0,0,45139,78765,0.2714,4654,26429,33,21,44,43,1
1774110496,43,56,0,0,0,0,low_activity,0,0,0,0,low_activity,0,0,0,0,low_activity,0,0,0,0,0,0,52743,78662,0.1972,20755,32277,33,21,44,43,1
1774110497,43,56,0,0,0,0,low_activity,0,0,0,0,low_activity,0,0,0,0,low_activity,0,0,0,0,0,0,55421,78801,0.1742,15296,34892,33,21,44,43,1
1774110498,43,56,0,0,0,0,low_activity,0,0,0,0,low_activity,0,0,0,0,low_activity,0,0,0,0,0,0,56912,78877,0.1618,11773,36591,33,21,44,43,1
1774110499,43,56,0,0,0,0,low_activity,0,0,0,0,low_activity,0,0,0,0,low_activity,0,0,0,0,0,0,59273,78980,0.1425,6530,38568,33,21,44,43,1
1774110500,43,56,0,0,0,0,low_activity,0,0,0,0,low_activity,0,0,0,0,low_activity,0,0,0,0,0,0,59618,78768,0.1384,4197,39089,33,21,44,43,1
1774110501,43,56,0,0,0,0,low_activity,0,0,0,0,low_activity,0,0,0,0,low_activity,0,0,0,0,0,0,63284,78768,0.109,6372,30544,33,21,44,43,1
1774110502,43,56,0,0,0,0,low_activity,0,0,0,0,low_activity,0,0,0,0,low_activity,0,0,0,0,0,0,64547,79514,0.1039,5274,24062,34,21,44,43,1
1774110503,43,56,0,0,0,0,low_activity,0,0,0,0,low_activity,0,0,0,0,low_activity,0,0,0,0,0,0,64547,80027,0.1071,4929,32559,34,21,44,43,1
1774110504,43,56,0,0,0,0,low_activity,0,0,0,0,low_activity,0,0,0,0,low_activity,0,0,0,0,0,0,64645,85855,0.1409,1361,24520,34,21,44,43,1
1774110505,43,56,0,0,0,0,low_activity,0,0,0,0,low_activity,0,0,0,0,low_activity,0,0,0,0,0,0,64626,85855,0.1411,79,19487,34,21,44,43,1
1774110506,43,56,0,0,0,0,low_activity,0,0,0,0,low_activity,0,0,0,0,low_activity,0,0,0,0,0,0,64845,85855,0.1394,298,12102,34,21,44,43,1
1774110507,43,56,0,0,0,0,low_activity,0,0,0,0,low_activity,0,0,0,0,low_activity,0,0,0,0,0,0,63966,85855,0.1461,-679,8545,33,21,44,43,1
1774110508,43,56,0,0,0,0,low_activity,0,0,0,0,low_activity,0,0,0,0,low_activity,0,0,0,0,0,0,65624,85855,0.1336,998,8712,33,21,44,43,1
1774110509,42,57,0,0,0,0,low_activity,0,0,0,0,low_activity,0,0,0,0,low_activity,0,0,0,0,0,0,38021,83516,0.3743,-26824,-21252,31,19,43,42,1
1774110510,42,53,0,0,0,0,low_activity,0,0,0,0,low_activity,0,0,0,0,low_activity,0,0,0,0,0,0,38245,83508,0.3718,-25721,-21373,30,19,47,42,5
1774110511,43,55,0,0,0,0,low_activity,0,0,0,0,low_activity,0,0,0,0,low_activity,0,0,0,0,0,0,38256,83479,0.3715,-27368,-25028,32,20,45,43,2
1774110512,43,56,0,0,0,0,low_activity,0,0,0,0,low_activity,0,0,0,0,low_activity,0,0,0,0,0,0,39432,84943,0.3659,1411,-25115,33,20,44,43,1
1774110513,43,56,0,0,0,0,no_volume,0,0,0,0,low_activity,0,0,0,0,low_activity,0,0,0,0,0,0,37916,85493,0.3855,-329,-26631,33,20,44,43,1
1774110514,42,56,0,0,0,0,low_activity,0,0,0,0,low_activity,0,0,0,0,low_activity,0,0,0,0,0,0,38255,85580,0.3822,-1,-26390,32,19,44,42,2
1774110515,43,56,0,0,0,0,low_activity,0,0,0,0,low_activity,0,0,0,0,low_activity,0,0,0,0,0,0,34422,85520,0.426,-5010,-30204,32,20,44,43,1
1774110516,43,55,0,0,0,0,low_activity,0,0,0,0,low_activity,0,0,0,0,low_activity,0,0,0,0,0,0,34483,85520,0.4253,-3433,-30362,34,20,45,43,2
1774110517,43,55,0,0,0,0,low_activity,0,0,0,0,low_activity,0,0,0,0,low_activity,0,0,0,0,0,0,34383,85520,0.4265,-3872,-29583,34,20,45,43,2
1774110518,43,56,0,0,0,0,low_activity,0,0,0,0,low_activity,0,0,0,0,low_activity,0,0,0,0,0,0,34201,85536,0.4287,-221,-31423,32,20,44,43,1
1774110519,42,56,0,0,0,0,low_activity,0,0,0,0,low_activity,0,0,0,0,low_activity,0,0,0,0,0,0,34200,85575,0.4289,-283,-3821,31,19,44,42,2
1774110520,43,56,0,0,0,0,low_activity,0,0,0,0,low_activity,0,0,0,0,low_activity,0,0,0,0,0,0,34381,88082,0.4385,-2,-3864,32,21,44,43,1
1774110521,43,56,0,0,0,0,low_activity,0,0,0,0,low_activity,0,0,0,0,low_activity,0,0,0,0,0,0,34204,88073,0.4405,3,-4052,31,21,44,43,1
1774110522,43,54,0,0,0,0,low_activity,0,0,0,0,low_activity,0,0,0,0,low_activity,0,0,0,0,0,0,34151,88048,0.4411,-49,-5281,32,21,46,43,3
1774110523,43,55,0,0,0,0,no_volume,0,0,0,0,low_activity,0,0,0,0,low_activity,0,0,0,0,0,0,34111,88073,0.4416,-270,-3805,32,21,45,43,2
1774110524,43,55,0,0,0,0,no_volume,0,0,0,0,low_activity,0,0,0,0,low_activity,0,0,0,0,0,0,34206,88073,0.4405,2,-4049,33,21,45,43,2
1774110525,43,54,0,0,0,0,low_activity,0,0,0,0,low_activity,0,0,0,0,low_activity,0,0,0,0,0,0,34135,88020,0.4411,-16,-287,30,21,46,43,3
1774110526,43,54,0,0,0,0,low_activity,0,0,0,0,low_activity,0,0,0,0,low_activity,0,0,0,0,0,0,34042,87944,0.4419,-69,-441,32,21,46,43,3
1774110527,43,54,0,0,0,0,low_activity,0,0,0,0,low_activity,0,0,0,0,low_activity,0,0,0,0,0,0,34213,89391,0.4464,7,-170,30,21,46,43,3
1774110528,43,55,0,0,0,0,low_activity,0,0,0,0,low_activity,0,0,0,0,low_activity,0,0,0,0,0,0,34192,87927,0.44,57,-9,31,21,45,43,2
1774110529,43,54,0,0,0,0,low_activity,0,0,0,0,low_activity,0,0,0,0,low_activity,0,0,0,0,0,0,34001,87927,0.4423,-41,-199,32,21,46,43,3
1774110530,43,55,0,0,0,0,low_activity,0,0,0,0,low_activity,0,0,0,0,low_activity,0,0,0,0,0,0,34451,87995,0.4373,238,70,33,21,45,43,2
1774110531,43,55,0,0,0,0,low_activity,0,0,0,0,low_activity,0,0,0,0,low_activity,0,0,0,0,0,0,34546,87962,0.436,354,342,32,21,45,43,2
1774110532,43,55,0,0,0,0,no_volume,0,0,0,0,low_activity,0,0,0,0,low_activity,0,0,0,0,0,0,34016,87995,0.4424,15,-135,31,21,45,43,2
1774110533,43,54,0,0,0,0,low_activity,0,0,0,0,low_activity,0,0,0,0,low_activity,0,0,0,0,0,0,33726,87962,0.4457,-725,-385,31,21,46,43,3
1774110534,43,55,0,0,0,0,low_activity,0,0,0,0,low_activity,0,0,0,0,low_activity,0,0,0,0,0,0,34267,87995,0.4394,-279,61,31,21,45,43,2
1774110535,43,55,0,0,0,0,low_activity,0,0,0,0,low_activity,0,0,0,0,low_activity,0,0,0,0,0,0,34500,87995,0.4367,484,365,31,21,45,43,2
1774110536,43,53,0,0,0,0,low_activity,0,0,0,0,low_activity,0,0,0,0,low_activity,0,0,0,0,0,0,33949,87915,0.4428,223,-93,33,21,47,43,4
1774110537,43,55,0,0,0,0,low_activity,0,0,0,0,low_activity,0,0,0,0,low_activity,0,0,0,0,0,0,33985,88133,0.4434,-282,-228,33,21,45,43,2
1774110538,43,55,0,0,0,0,low_activity,0,0,0,0,low_activity,0,0,0,0,low_activity,0,0,0,0,0,0,35043,89445,0.437,543,851,32,21,45,43,2
1774110539,44,53,0,0,0,0,low_activity,0,0,0,0,low_activity,0,0,0,0,low_activity,0,0,0,0,0,0,33819,83930,0.4256,-130,-182,32,22,47,44,3
1774110540,44,53,0,0,0,0,low_activity,0,0,0,0,low_activity,0,0,0,0,low_activity,0,0,0,0,0,0,33942,84034,0.4246,-43,-509,32,22,47,44,3
1774110541,44,54,0,0,0,0,low_activity,0,0,0,0,low_activity,0,0,0,0,low_activity,0,0,0,0,0,0,33995,84014,0.4239,-1048,-551,35,22,46,44,2
1774110542,44,53,0,0,0,0,low_activity,0,0,0,0,low_activity,0,0,0,0,low_activity,0,0,0,0,0,0,34095,83764,0.4214,276,79,32,22,47,44,3
1774110543,44,53,0,0,0,0,low_activity,0,0,0,0,low_activity,0,0,0,0,low_activity,0,0,0,0,0,0,34089,85749,0.4311,147,363,32,22,47,44,3
1774110544,44,53,0,0,0,0,low_activity,0,0,0,0,low_activity,0,0,0,0,low_activity,0,0,0,0,0,0,34089,85699,0.4308,94,-178,32,22,47,44,3
1774110545,44,55,0,0,0,0,low_activity,0,0,0,0,low_activity,0,0,0,0,low_activity,0,0,0,0,0,0,37331,59822,0.2315,3236,2831,34,21,45,44,1
1774110546,43,55,0,0,0,0,low_activity,0,0,0,0,low_activity,0,0,0,0,low_activity,0,0,0,0,0,0,41143,54261,0.1375,7054,7194,33,20,45,43,2
1774110547,43,55,0,0,0,0,low_activity,0,0,0,0,low_activity,0,0,0,0,low_activity,0,0,0,0,0,0,40986,54047,0.1374,6897,7001,32,19,45,43,2
1774110548,42,57,0,0,0,0,low_activity,0,0,0,0,low_activity,0,0,0,0,low_activity,0,0,0,0,0,0,65586,54032,-0.0966,28255,30543,32,18,43,42,1
1774110549,42,57,0,0,0,0,low_activity,0,0,0,0,low_activity,0,0,0,0,low_activity,0,0,0,0,0,0,67556,54224,-0.1095,26413,33737,32,18,43,42,1
1774110550,42,57,0,0,0,0,low_activity,0,0,0,0,low_activity,0,0,0,0,low_activity,0,0,0,0,0,0,67406,54224,-0.1084,26420,33464,32,18,43,42,1
1774110551,42,57,0,0,0,0,low_activity,0,0,0,0,low_activity,0,0,0,0,low_activity,0,0,0,0,0,0,68829,54042,-0.1203,3243,34834,32,18,43,42,1
1774110552,42,57,0,0,0,0,low_activity,0,0,0,0,low_activity,0,0,0,0,low_activity,0,0,0,0,0,0,68163,54009,-0.1159,607,34068,32,18,43,42,1
1774110553,42,57,0,0,0,0,low_activity,0,0,0,0,low_activity,0,0,0,0,low_activity,0,0,0,0,0,0,68182,53993,-0.1161,776,34093,32,19,43,42,1
1774110554,42,57,0,0,0,0,low_activity,0,0,0,0,low_activity,0,0,0,0,low_activity,0,0,0,0,0,0,68182,54228,-0.114,-647,34093,32,19,43,42,1
1774110555,42,57,0,0,0,0,low_activity,0,0,0,0,low_activity,0,0,0,0,low_activity,0,0,0,0,0,0,68172,54221,-0.114,9,30841,32,19,43,42,1
1774110556,42,57,0,0,0,0,no_volume,0,0,0,0,low_activity,0,0,0,0,low_activity,0,0,0,0,0,0,68189,54042,-0.1157,7,27046,32,19,43,42,1
1774110557,42,57,0,0,0,0,no_volume,0,0,0,0,low_activity,0,0,0,0,low_activity,0,0,0,0,0,0,44702,55509,0.1078,-23480,3716,32,18,43,42,1
1774110558,42,57,0,0,0,0,low_activity,0,0,0,0,low_activity,0,0,0,0,low_activity,0,0,0,0,0,0,47394,55522,0.079,-20778,-18192,33,18,43,42,1
1774110559,42,57,0,0,0,0,low_activity,0,0,0,0,low_activity,0,0,0,0,low_activity,0,0,0,0,0,0,47694,55547,0.0761,-20495,-19862,34,18,43,42,1
1774110560,42,57,0,0,0,0,low_activity,0,0,0,0,low_activity,0,0,0,0,low_activity,0,0,0,0,0,0,47394,55359,0.0775,2692,-20012,33,18,43,42,1
1774110561,42,57,0,0,0,0,no_volume,0,0,0,0,low_activity,0,0,0,0,low_activity,0,0,0,0,0,0,74544,55392,-0.1474,27150,5715,33,18,43,42,1
1774110562,42,57,0,0,0,0,no_volume,0,0,0,0,low_activity,0,0,0,0,low_activity,0,0,0,0,0,0,74394,55595,-0.1446,26700,6231,33,18,43,42,1
1774110563,42,57,0,0,0,0,no_volume,0,0,0,0,no_volume,0,0,0,0,low_activity,0,0,0,0,0,0,73517,55595,-0.1388,26123,5335,33,18,43,42,1
1774110564,42,57,0,0,0,0,low_activity,0,0,0,0,low_activity,0,0,0,0,low_activity,0,0,0,0,0,0,73467,55359,-0.1406,-1077,5285,33,18,43,42,1
1774110565,42,57,0,0,0,0,low_activity,0,0,0,0,low_activity,0,0,0,0,low_activity,0,0,0,0,0,0,73317,55575,-0.1377,-1077,5145,33,18,43,42,1
1774110566,42,57,0,0,0,0,low_activity,0,0,0,0,low_activity,0,0,0,0,low_activity,0,0,0,0,0,0,73317,55575,-0.1377,-200,5128,33,18,43,42,1
1774110567,42,57,0,0,0,0,low_activity,0,0,0,0,low_activity,0,0,0,0,low_activity,0,0,0,0,0,0,72923,55359,-0.1369,-544,28221,33,18,43,42,1
1774110568,42,57,0,0,0,0,low_activity,0,0,0,0,low_activity,0,0,0,0,low_activity,0,0,0,0,0,0,72858,55359,-0.1365,-459,25464,33,18,43,42,1
1774110569,42,57,0,0,0,0,low_activity,0,0,0,0,low_activity,0,0,0,0,low_activity,0,0,0,0,0,0,73248,55384,-0.1389,-69,25554,33,18,43,42,1
1774110570,42,57,0,0,0,0,low_activity,0,0,0,0,low_activity,0,0,0,0,low_activity,0,0,0,0,0,0,73680,28917,-0.4363,757,26286,33,17,43,42,1
1774110571,42,57,0,0,0,0,low_activity,0,0,0,0,low_activity,0,0,0,0,low_activity,0,0,0,0,0,0,48803,22511,-0.3687,-24055,-25741,33,17,43,42,1
1774110572,42,57,0,0,0,0,low_activity,0,0,0,0,low_activity,0,0,0,0,low_activity,0,0,0,0,0,0,48803,22511,-0.3687,-24445,-25591,33,17,43,42,1
1774110573,42,57,0,0,0,0,low_activity,0,0,0,0,low_activity,0,0,0,0,low_activity,0,0,0,0,0,0,48653,22544,-0.3667,-25027,-24864,33,17,43,42,1
1774110574,42,57,0,0,0,0,no_volume,0,0,0,0,low_activity,0,0,0,0,low_activity,0,0,0,0,0,0,48653,22544,-0.3667,-150,-24814,33,18,43,42,1
1774110575,42,57,0,0,0,0,no_volume,0,0,0,0,low_activity,0,0,0,0,low_activity,0,0,0,0,0,0,51172,22512,-0.389,2369,-22145,33,18,43,42,1
1774110576,42,57,0,0,0,0,no_volume,0,0,0,0,no_volume,0,0,0,0,low_activity,0,0,0,0,0,0,50803,24012,-0.3581,2150,-22514,34,18,43,42,1
1774110577,42,57,0,0,0,0,low_activity,0,0,0,0,low_activity,0,0,0,0,low_activity,0,0,0,0,0,0,50541,24013,-0.3558,1888,-22382,33,19,43,42,1
1774110578,42,57,0,0,0,0,low_activity,0,0,0,0,low_activity,0,0,0,0,low_activity,0,0,0,0,0,0,50541,24013,-0.3558,-631,-22317,33,19,43,42,1
1774110579,42,57,0,0,0,0,low_activity,0,0,0,0,low_activity,0,0,0,0,low_activity,0,0,0,0,0,0,50464,22480,-0.3836,-339,-22784,33,18,43,42,1
1774110580,42,57,0,0,0,0,low_activity,0,0,0,0,low_activity,0,0,0,0,low_activity,0,0,0,0,0,0,49615,23697,-0.3535,-926,-24065,33,18,43,42,1
1774110581,42,57,0,0,0,0,low_activity,0,0,0,0,low_activity,0,0,0,0,low_activity,0,0,0,0,0,0,49754,23508,-0.3582,-787,951,33,18,43,42,1
1774110582,42,57,0,0,0,0,low_activity,0,0,0,0,low_activity,0,0,0,0,low_activity,0,0,0,0,0,0,50109,23503,-0.3614,-355,1306,34,17,43,42,1
1774110583,42,57,0,0,0,0,low_activity,0,0,0,0,low_activity,0,0,0,0,low_activity,0,0,0,0,0,0,50134,23543,-0.3609,519,1481,34,18,43,42,1
1774110584,41,58,0,0,0,0,low_activity,0,0,0,0,low_activity,0,0,0,0,low_activity,0,0,0,0,0,0,74121,25725,-0.4847,24367,25468,35,17,42,41,1
1774110585,41,58,0,0,0,0,low_activity,0,0,0,0,low_activity,0,0,0,0,low_activity,0,0,0,0,0,0,73758,18486,-0.5992,23649,22586,35,16,42,41,1
1774110586,41,58,0,0,0,0,low_activity,0,0,0,0,low_activity,0,0,0,0,low_activity,0,0,0,0,0,0,73733,18523,-0.5984,23599,22930,35,17,42,41,1
1774110587,41,58,0,0,0,0,no_volume,0,0,0,0,low_activity,0,0,0,0,low_activity,0,0,0,0,0,0,73733,18529,-0.5983,-388,23192,35,17,42,41,1
1774110588,41,58,0,0,0,0,no_volume,0,0,0,0,low_activity,0,0,0,0,low_activity,0,0,0,0,0,0,73733,18529,-0.5983,-25,23192,35,17,42,41,1
1774110589,41,58,0,0,0,0,no_volume,0,0,0,0,no_volume,0,0,0,0,low_activity,0,0,0,0,0,0,73733,18529,-0.5983,0,23269,35,17,42,41,1
1774110590,41,58,0,0,0,0,no_volume,0,0,0,0,no_volume,0,0,0,0,low_activity,0,0,0,0,0,0,73733,18529,-0.5983,0,24118,35,17,42,41,1
1774110591,41,58,0,0,0,0,low_activity,0,0,0,0,low_activity,0,0,0,0,low_activity,0,0,0,0,0,0,75162,19873,-0.5818,1429,25408,35,17,42,41,1
1774110592,40,59,0,0,0,0,low_activity,0,0,0,0,low_activity,0,0,0,0,low_activity,0,0,0,0,0,0,78225,19832,-0.5955,4492,28116,36,16,41,40,1
1774110593,40,59,0,0,0,0,low_activity,0,0,0,0,low_activity,0,0,0,0,low_activity,0,0,0,0,0,0,76525,19842,-0.5882,2792,26391,35,16,41,40,1
1774110594,40,59,0,0,0,0,low_activity,0,0,0,0,low_activity,0,0,0,0,low_activity,0,0,0,0,0,0,76775,19842,-0.5893,1613,2654,35,16,41,40,1
1774110595,40,59,0,0,0,0,low_activity,0,0,0,0,low_activity,0,0,0,0,low_activity,0,0,0,0,0,0,76775,19842,-0.5893,-1450,3017,35,16,41,40,1
1774110596,40,59,0,0,0,0,low_activity,0,0,0,0,low_activity,0,0,0,0,low_activity,0,0,0,0,0,0,76526,19842,-0.5882,1,2793,35,16,41,40,1
1774110597,40,59,0,0,0,0,low_activity,0,0,0,0,low_activity,0,0,0,0,low_activity,0,0,0,0,0,0,75764,19842,-0.5849,-1011,2031,35,16,41,40,1
1774110598,40,59,0,0,0,0,low_activity,0,0,0,0,low_activity,0,0,0,0,low_activity,0,0,0,0,0,0,76354,19842,-0.5875,-421,2621,35,16,41,40,1
1774110599,40,59,0,0,0,0,low_activity,0,0,0,0,low_activity,0,0,0,0,low_activity,0,0,0,0,0,0,76354,19842,-0.5875,-172,2621,35,16,41,40,1
1774110600,40,59,0,0,0,0,low_activity,0,0,0,0,low_activity,0,0,0,0,low_activity,0,0,0,0,0,0,76329,19842,-0.5874,565,2596,35,16,41,40,1
1774110601,40,59,0,0,0,0,low_activity,0,0,0,0,low_activity,0,0,0,0,low_activity,0,0,0,0,0,0,76329,19842,-0.5874,-25,1167,35,16,41,40,1
1774110602,40,59,0,0,0,0,low_activity,0,0,0,0,low_activity,0,0,0,0,low_activity,0,0,0,0,0,0,76329,19842,-0.5874,-25,-1896,35,16,41,40,1
1774110603,40,59,0,0,0,0,no_volume,0,0,0,0,low_activity,0,0,0,0,low_activity,0,0,0,0,0,0,76329,19842,-0.5874,0,-196,35,16,41,40,1
1774110604,40,59,0,0,0,0,no_volume,0,0,0,0,low_activity,0,0,0,0,low_activity,0,0,0,0,0,0,76329,19842,-0.5874,0,-446,35,16,41,40,1
1774110605,40,59,0,0,0,0,no_volume,0,0,0,0,no_volume,0,0,0,0,low_activity,0,0,0,0,0,0,76329,19842,-0.5874,0,-446,35,16,41,40,1
1774110606,40,59,0,0,0,0,no_volume,0,0,0,0,no_volume,0,0,0,0,low_activity,0,0,0,0,0,0,76329,19842,-0.5874,0,-197,35,16,41,40,1
1774110607,40,59,0,0,0,0,no_volume,0,0,0,0,no_volume,0,0,0,0,low_activity,0,0,0,0,0,0,76329,19842,-0.5874,0,565,35,16,41,40,1
1774110608,40,59,0,0,0,0,no_volume,0,0,0,0,no_volume,0,0,0,0,low_activity,0,0,0,0,0,0,76329,19842,-0.5874,0,-25,35,16,41,40,1
1774110609,40,59,0,0,0,0,no_volume,0,0,0,0,no_volume,0,0,0,0,low_activity,0,0,0,0,0,0,76329,19842,-0.5874,0,-25,35,16,41,40,1
